date,strategy_nav,bench_nav,ew_nav,strategy_dd,bench_dd
2017-01-03,1.000000,1.057484,1.129416,0.000000,0.000000
2017-01-04,1.005511,1.065735,1.135576,0.000000,0.000000
2017-01-05,1.006450,1.065571,1.137541,0.000000,-0.000154
2017-01-06,1.006137,1.059205,1.137365,-0.000311,-0.006128
2017-01-09,1.010207,1.064340,1.135842,0.000000,-0.001309
2017-01-10,1.007076,1.062559,1.134082,-0.003099,-0.002981
2017-01-11,1.000502,1.055038,1.130380,-0.009606,-0.010038
2017-01-12,0.997685,1.049697,1.123051,-0.012395,-0.015049
2017-01-13,1.001128,1.050422,1.124029,-0.008987,-0.014369
2017-01-16,1.011146,1.050276,1.118586,0.000000,-0.014506
2017-01-17,1.010207,1.052462,1.122462,-0.000929,-0.012454
2017-01-18,1.015215,1.056579,1.135944,0.000000,-0.008592
2017-01-19,1.012085,1.053389,1.129846,-0.003084,-0.011584
2017-01-20,1.019285,1.061489,1.142579,0.000000,-0.003984
2017-01-23,1.018659,1.064397,1.143674,-0.000614,-0.001256
2017-01-24,1.024294,1.064514,1.142986,0.000000,-0.001146
2017-01-25,1.026485,1.068137,1.145662,0.000000,0.000000
2017-01-26,1.028050,1.071953,1.149925,0.000000,0.000000
2017-02-03,1.021163,1.064527,1.142691,-0.006699,-0.006927
2017-02-06,1.022731,1.067286,1.144533,-0.005174,-0.004354
2017-02-07,1.022105,1.064903,1.146597,-0.005783,-0.006576
2017-02-08,1.024922,1.070475,1.152995,-0.003043,-0.001378
2017-02-09,1.028679,1.074588,1.156549,0.000000,0.000000
2017-02-10,1.034940,1.080030,1.164876,0.000000,0.000000
2017-02-13,1.038696,1.087241,1.179474,0.000000,0.000000
2017-02-14,1.037131,1.087089,1.174778,-0.001507,-0.000140
2017-02-15,1.039009,1.082631,1.177750,0.000000,-0.004240
2017-02-16,1.043705,1.088712,1.184226,0.000000,0.000000
2017-02-17,1.036818,1.082546,1.182224,-0.006599,-0.005664
2017-02-20,1.050592,1.098350,1.206194,0.000000,0.000000
2017-02-21,1.053097,1.101966,1.201512,0.000000,0.000000
2017-02-22,1.058419,1.104162,1.210233,0.000000,0.000000
2017-02-23,1.053410,1.098961,1.201696,-0.004732,-0.004711
2017-02-24,1.052158,1.099128,1.195770,-0.005915,-0.004559
2017-02-27,1.045583,1.090386,1.186802,-0.012127,-0.012477
2017-02-28,1.048714,1.092471,1.190007,-0.009169,-0.010588
2017-03-01,1.049027,1.094253,1.193520,-0.008873,-0.008975
2017-03-02,1.043083,1.086868,1.189661,-0.014489,-0.015663
2017-03-03,1.041831,1.084577,1.184681,-0.015672,-0.017738
2017-03-06,1.045274,1.090468,1.195671,-0.012419,-0.012402
2017-03-07,1.044022,1.092835,1.192592,-0.013602,-0.010259
2017-03-08,1.042144,1.091180,1.195779,-0.015376,-0.011757
2017-03-09,1.034944,1.084286,1.183638,-0.022179,-0.018001
2017-03-10,1.034944,1.084587,1.191201,-0.022179,-0.017729
2017-03-13,1.044961,1.094145,1.199785,-0.012714,-0.009072
2017-03-14,1.046527,1.093699,1.201625,-0.011236,-0.009476
2017-03-15,1.048405,1.095898,1.206941,-0.009461,-0.007485
2017-03-16,1.051848,1.101552,1.208923,-0.006207,-0.002364
2017-03-17,1.040579,1.090256,1.193980,-0.016855,-0.012594
2017-03-20,1.048092,1.091459,1.203473,-0.009757,-0.011505
2017-03-21,1.051222,1.096755,1.209979,-0.006799,-0.006708
2017-03-22,1.043083,1.091598,1.209052,-0.014489,-0.011379
2017-03-23,1.043709,1.095373,1.209415,-0.013898,-0.007960
2017-03-24,1.054979,1.104112,1.220611,-0.003250,-0.000046
2017-03-27,1.056857,1.100454,1.215622,-0.001475,-0.003358
2017-03-28,1.051848,1.097850,1.211802,-0.006207,-0.005717
2017-03-29,1.051222,1.096388,1.210033,-0.006799,-0.007041
2017-03-30,1.048718,1.087393,1.202015,-0.009165,-0.015187
2017-03-31,1.056857,1.093496,1.212813,-0.001475,-0.009660
2017-04-05,1.069066,1.108633,1.223116,0.000000,0.000000
2017-04-06,1.075188,1.111848,1.229210,0.000000,0.000000
2017-04-07,1.079308,1.112927,1.232643,0.000000,0.000000
2017-04-10,1.066949,1.109028,1.225226,-0.011450,-0.003503
2017-04-11,1.062830,1.112885,1.223219,-0.015267,-0.000037
2017-04-12,1.071069,1.110389,1.225461,-0.007634,-0.002280
2017-04-13,1.076836,1.112012,1.230376,-0.002290,-0.000822
2017-04-14,1.066949,1.103131,1.219513,-0.011450,-0.008802
2017-04-17,1.064477,1.101055,1.215943,-0.013740,-0.010667
2017-04-18,1.079308,1.095613,1.221176,0.000000,-0.015557
2017-04-19,1.078484,1.090279,1.216714,-0.000763,-0.020350
2017-04-20,1.091666,1.095237,1.225972,0.000000,-0.015895
2017-04-21,1.080955,1.096895,1.224166,-0.009811,-0.014405
2017-04-24,1.062830,1.085653,1.208821,-0.026415,-0.024506
2017-04-25,1.078484,1.088725,1.219350,-0.012075,-0.021746
2017-04-26,1.079308,1.090057,1.220543,-0.011321,-0.020549
2017-04-27,1.095786,1.090544,1.229315,0.000000,-0.020111
2017-04-28,1.063654,1.088339,1.208176,-0.029323,-0.022093
2017-05-02,1.058710,1.084172,1.201930,-0.033835,-0.025837
2017-05-03,1.059563,1.079916,1.197811,-0.033057,-0.029661
2017-05-04,1.059563,1.077151,1.195245,-0.033057,-0.032145
2017-05-05,1.059563,1.070241,1.190241,-0.033057,-0.038354
2017-05-08,1.059563,1.062730,1.180883,-0.033057,-0.045104
2017-05-09,1.059563,1.060743,1.180187,-0.033057,-0.046889
2017-05-10,1.059563,1.056050,1.180023,-0.033057,-0.051105
2017-05-11,1.059563,1.062046,1.190420,-0.033057,-0.045718
2017-05-12,1.059563,1.071136,1.198735,-0.033057,-0.037550
2017-05-15,1.059563,1.075506,1.207037,-0.033057,-0.033624
2017-05-16,1.059563,1.084827,1.217459,-0.033057,-0.025248
2017-05-17,1.059563,1.078917,1.209480,-0.033057,-0.030559
2017-05-18,1.059563,1.075164,1.204457,-0.033057,-0.033931
2017-05-19,1.059563,1.076980,1.208815,-0.033057,-0.032299
2017-05-22,1.059563,1.079318,1.208452,-0.033057,-0.030198
2017-05-23,1.059563,1.083416,1.220532,-0.033057,-0.026516
2017-05-24,1.059563,1.083410,1.215149,-0.033057,-0.026522
2017-05-25,1.059563,1.102865,1.237602,-0.033057,-0.009041
2017-05-26,1.059563,1.101210,1.233916,-0.033057,-0.010527
2017-05-31,1.059563,1.105149,1.244315,-0.033057,-0.006988
2017-06-01,1.059563,1.106687,1.245476,-0.033057,-0.005606
2017-06-02,1.059563,1.103134,1.240034,-0.033057,-0.008799
2017-06-05,1.059563,1.097515,1.232753,-0.033057,-0.013848
2017-06-06,1.059563,1.105149,1.245355,-0.033057,-0.006988
2017-06-07,1.059563,1.118119,1.257980,-0.033057,0.000000
2017-06-08,1.059563,1.126696,1.273740,-0.033057,0.000000
2017-06-09,1.059563,1.131502,1.279765,-0.033057,0.000000
2017-06-12,1.059563,1.130939,1.283642,-0.033057,-0.000498
2017-06-13,1.059563,1.133432,1.291025,-0.033057,0.000000
2017-06-14,1.059563,1.118571,1.277872,-0.033057,-0.013112
2017-06-15,1.059563,1.116511,1.267470,-0.033057,-0.014929
2017-06-16,1.059563,1.113338,1.262960,-0.033057,-0.017729
2017-06-19,1.059563,1.124383,1.276969,-0.033057,-0.007984
2017-06-20,1.059563,1.122112,1.273469,-0.033057,-0.009988
2017-06-21,1.059563,1.135233,1.292324,-0.033057,0.000000
2017-06-22,1.059563,1.135986,1.297563,-0.033057,0.000000
2017-06-23,1.059563,1.146282,1.321388,-0.033057,0.000000
2017-06-26,1.059563,1.160586,1.336954,-0.033057,0.000000
2017-06-27,1.059563,1.162684,1.338043,-0.033057,0.000000
2017-06-28,1.059563,1.153650,1.326707,-0.033057,-0.007769
2017-06-29,1.059563,1.160820,1.332152,-0.033057,-0.001603
2017-06-30,1.059563,1.160178,1.336741,-0.033057,-0.002155
2017-07-03,1.059563,1.155131,1.323717,-0.033057,-0.006496
2017-07-04,1.048496,1.145364,1.312789,-0.043156,-0.014896
2017-07-05,1.066839,1.157925,1.327962,-0.026416,-0.004093
2017-07-06,1.063170,1.158058,1.328462,-0.029764,-0.003979
2017-07-07,1.057301,1.156739,1.327383,-0.035121,-0.005113
2017-07-10,1.057301,1.156030,1.327015,-0.035121,-0.005723
2017-07-11,1.078579,1.161447,1.344233,-0.015703,-0.001064
2017-07-12,1.070508,1.157653,1.335311,-0.023068,-0.004327
2017-07-13,1.076377,1.166544,1.344713,-0.017712,0.000000
2017-07-14,1.083715,1.171660,1.355953,-0.011016,0.000000
2017-07-17,1.066839,1.159153,1.341519,-0.026416,-0.010675
2017-07-18,1.064638,1.160298,1.340135,-0.028425,-0.009697
2017-07-19,1.084448,1.180095,1.359027,-0.010346,0.000000
2017-07-20,1.097656,1.185832,1.370805,0.000000,0.000000
2017-07-21,1.093253,1.179731,1.368241,-0.004011,-0.005144
2017-07-24,1.102792,1.184436,1.377348,0.000000,-0.001177
2017-07-25,1.091786,1.176871,1.367330,-0.009980,-0.007556
2017-07-26,1.076377,1.172388,1.354361,-0.023952,-0.011337
2017-07-27,1.071241,1.174539,1.351130,-0.028609,-0.009523
2017-07-28,1.081514,1.177608,1.357058,-0.019295,-0.006935
2017-07-31,1.083715,1.182664,1.359360,-0.017299,-0.002671
2017-08-01,1.089585,1.192951,1.367278,-0.011976,0.000000
2017-08-02,1.083557,1.189935,1.363227,-0.017442,-0.002528
2017-08-03,1.075371,1.179488,1.350703,-0.024865,-0.011285
2017-08-04,1.070985,1.173081,1.342410,-0.028842,-0.016656
2017-08-07,1.074201,1.179159,1.349976,-0.025926,-0.011561
2017-08-08,1.069231,1.180874,1.345008,-0.030433,-0.010124
2017-08-09,1.067476,1.180503,1.351279,-0.032024,-0.010434
2017-08-10,1.064552,1.175719,1.346222,-0.034675,-0.014444
2017-08-11,1.047595,1.154024,1.315783,-0.050052,-0.032631
2017-08-14,1.052273,1.168999,1.325646,-0.045810,-0.020078
2017-08-15,1.058413,1.172600,1.330895,-0.040242,-0.017059
2017-08-16,1.056073,1.171132,1.325274,-0.042363,-0.018290
2017-08-17,1.061044,1.177415,1.330241,-0.037856,-0.013023
2017-08-18,1.062506,1.178488,1.335320,-0.036531,-0.012123
2017-08-21,1.065722,1.183652,1.343339,-0.033614,-0.007795
2017-08-22,1.066599,1.187230,1.343892,-0.032819,-0.004795
2017-08-23,1.070692,1.188429,1.349232,-0.029107,-0.003790
2017-08-24,1.068646,1.181646,1.346562,-0.030963,-0.009476
2017-08-25,1.086481,1.200978,1.364242,-0.014790,0.000000
2017-08-28,1.089697,1.215836,1.376883,-0.011874,0.000000
2017-08-29,1.090282,1.213251,1.374499,-0.011344,-0.002126
2017-08-30,1.087943,1.213175,1.375784,-0.013465,-0.002189
2017-08-31,1.081803,1.209312,1.365940,-0.019032,-0.005366
2017-09-01,1.081510,1.211985,1.362541,-0.019297,-0.003167
2017-09-04,1.086017,1.216757,1.367144,-0.015211,0.000000
2017-09-05,1.091126,1.220373,1.372021,-0.010578,0.000000
2017-09-06,1.088207,1.217968,1.369631,-0.013225,-0.001970
2017-09-07,1.092586,1.211773,1.369987,-0.009254,-0.007047
2017-09-08,1.085288,1.210546,1.365967,-0.015872,-0.008053
2017-09-11,1.086017,1.210438,1.367350,-0.015211,-0.008141
2017-09-12,1.083098,1.214323,1.366803,-0.017858,-0.004957
2017-09-13,1.096965,1.215804,1.375369,-0.005283,-0.003744
2017-09-14,1.101344,1.211802,1.374038,-0.001312,-0.007024
2017-09-15,1.115211,1.212226,1.380639,0.000000,-0.006676
2017-09-18,1.119591,1.215972,1.386353,0.000000,-0.003606
2017-09-19,1.110832,1.212485,1.379429,-0.007823,-0.006463
2017-09-20,1.124699,1.215750,1.391782,0.000000,-0.003788
2017-09-21,1.127619,1.214289,1.395654,0.000000,-0.004986
2017-09-22,1.131268,1.214260,1.398851,0.000000,-0.005009
2017-09-25,1.117401,1.207951,1.389525,-0.012258,-0.010179
2017-09-26,1.112292,1.208897,1.385414,-0.016774,-0.009404
2017-09-27,1.121050,1.209030,1.391802,-0.009032,-0.009295
2017-09-28,1.125429,1.209454,1.393584,-0.005161,-0.008947
2017-09-29,1.121780,1.213871,1.393764,-0.008387,-0.005328
2017-10-09,1.145865,1.228334,1.413777,0.000000,0.000000
2017-10-10,1.153154,1.230754,1.416396,0.000000,0.000000
2017-10-11,1.163372,1.234814,1.425509,0.000000,0.000000
2017-10-12,1.162642,1.238060,1.426389,-0.000627,0.000000
2017-10-13,1.164831,1.240607,1.427922,0.000000,0.000000
2017-10-16,1.158263,1.238218,1.422948,-0.005639,-0.001926
2017-10-17,1.159722,1.238098,1.422899,-0.004386,-0.002022
2017-10-18,1.196945,1.247935,1.449332,0.000000,0.000000
2017-10-19,1.171400,1.243850,1.435402,-0.021341,-0.003273
2017-10-20,1.167021,1.242458,1.435186,-0.025000,-0.004389
2017-10-23,1.164831,1.243708,1.432894,-0.026829,-0.003387
2017-10-24,1.179428,1.252757,1.445841,-0.014634,0.000000
2017-10-25,1.191106,1.258309,1.454136,-0.004878,0.000000
2017-10-26,1.200594,1.263571,1.458214,0.000000,0.000000
2017-10-27,1.211541,1.272554,1.468499,0.000000,0.000000
2017-10-30,1.210082,1.268678,1.465888,-0.001205,-0.003046
2017-10-31,1.207162,1.267729,1.461241,-0.003614,-0.003792
2017-11-01,1.200594,1.264533,1.451504,-0.009036,-0.006303
2017-11-02,1.211541,1.264694,1.457352,0.000000,-0.006176
2017-11-03,1.202783,1.263293,1.449959,-0.007229,-0.007278
2017-11-06,1.223219,1.272212,1.465169,0.000000,-0.000269
2017-11-07,1.237086,1.282767,1.477745,0.000000,0.000000
2017-11-08,1.231977,1.280793,1.476445,-0.004130,-0.001539
2017-11-09,1.243655,1.289617,1.487323,0.000000,0.000000
2017-11-10,1.265550,1.301011,1.504887,0.000000,0.000000
2017-11-13,1.277227,1.306124,1.517501,0.000000,0.000000
2017-11-14,1.253872,1.297037,1.499712,-0.018286,-0.006957
2017-11-15,1.261901,1.288912,1.500042,-0.012000,-0.013178
2017-11-16,1.277227,1.298828,1.508760,0.000000,-0.005586
2017-11-17,1.269199,1.303840,1.512484,-0.006286,-0.001749
2017-11-20,1.278687,1.311110,1.523797,0.000000,0.000000
2017-11-21,1.328317,1.334483,1.559613,0.000000,0.000000
2017-11-22,1.316639,1.337606,1.556126,-0.008791,0.000000
2017-11-23,1.262631,1.298002,1.508266,-0.049451,-0.029608
2017-11-24,1.280147,1.298571,1.517560,-0.036264,-0.029182
2017-11-27,1.240735,1.281407,1.487134,-0.065934,-0.042015
2017-11-28,1.242195,1.283264,1.486067,-0.064835,-0.040626
2017-11-29,1.234896,1.282609,1.481507,-0.070330,-0.041116
2017-11-30,1.215191,1.267533,1.465225,-0.085165,-0.052387
2017-12-01,1.212271,1.265014,1.462693,-0.087363,-0.054270
2017-12-04,1.209903,1.271570,1.466463,-0.089145,-0.049369
2017-12-05,1.209903,1.278312,1.476097,-0.089145,-0.044328
2017-12-06,1.209903,1.270608,1.463625,-0.089145,-0.050088
2017-12-07,1.209903,1.256446,1.445061,-0.089145,-0.060676
2017-12-08,1.209903,1.266672,1.451633,-0.089145,-0.053030
2017-12-11,1.209903,1.287592,1.482110,-0.089145,-0.037390
2017-12-12,1.209903,1.270671,1.467180,-0.089145,-0.050041
2017-12-13,1.209903,1.281451,1.482899,-0.089145,-0.041982
2017-12-14,1.209903,1.273876,1.477789,-0.089145,-0.047644
2017-12-15,1.209903,1.259547,1.457417,-0.089145,-0.058357
2017-12-18,1.209903,1.260948,1.463602,-0.089145,-0.057310
2017-12-19,1.209903,1.276781,1.482469,-0.089145,-0.045473
2017-12-20,1.209903,1.275250,1.481142,-0.089145,-0.046618
2017-12-21,1.209903,1.287070,1.495650,-0.089145,-0.037781
2017-12-22,1.209903,1.282878,1.493114,-0.089145,-0.040915
2017-12-25,1.209903,1.278746,1.496707,-0.089145,-0.044004
2017-12-26,1.209903,1.282568,1.497626,-0.089145,-0.041147
2017-12-27,1.209903,1.262821,1.479983,-0.089145,-0.055909
2017-12-28,1.209903,1.271582,1.493859,-0.089145,-0.049359
2017-12-29,1.209903,1.275363,1.498665,-0.089145,-0.046533
2018-01-02,1.209903,1.293256,1.526325,-0.089145,-0.033156
2018-01-03,1.208996,1.300846,1.529882,-0.089828,-0.027482
2018-01-04,1.224662,1.306358,1.540188,-0.078035,-0.023361
2018-01-05,1.239647,1.309503,1.557347,-0.066754,-0.021010
2018-01-08,1.246458,1.316277,1.566988,-0.061626,-0.015945
2018-01-09,1.263486,1.325497,1.577493,-0.048807,-0.009052
2018-01-10,1.282557,1.331354,1.591796,-0.034449,-0.004674
2018-01-11,1.267573,1.330651,1.580487,-0.045730,-0.005199
2018-01-12,1.291412,1.336793,1.597350,-0.027783,-0.000608
2018-01-15,1.300948,1.336869,1.602037,-0.020604,-0.000551
2018-01-16,1.330917,1.347383,1.626164,0.000000,0.000000
2018-01-17,1.300948,1.344108,1.610306,-0.022518,-0.002430
2018-01-18,1.307759,1.351480,1.621579,-0.017400,0.000000
2018-01-19,1.296861,1.355903,1.618647,-0.025589,0.000000
2018-01-22,1.340453,1.372103,1.651050,0.000000,0.000000
2018-01-23,1.351351,1.386661,1.670328,0.000000,0.000000
2018-01-24,1.336366,1.388964,1.663693,-0.011089,0.000000
2018-01-25,1.326149,1.381114,1.653724,-0.018649,-0.005652
2018-01-26,1.336366,1.386246,1.669303,-0.011089,-0.001957
2018-01-29,1.296180,1.361162,1.636010,-0.040827,-0.020016
2018-01-30,1.270978,1.346633,1.612390,-0.059476,-0.030477
2018-01-31,1.288688,1.352897,1.622836,-0.046371,-0.025966
2018-02-01,1.271660,1.343405,1.611321,-0.058972,-0.032800
2018-02-02,1.270706,1.351420,1.621793,-0.059678,-0.027030
2018-02-05,1.270706,1.352344,1.622047,-0.059678,-0.026365
2018-02-06,1.270706,1.312711,1.581911,-0.059678,-0.054899
2018-02-07,1.270706,1.281581,1.525600,-0.059678,-0.077312
2018-02-08,1.270706,1.269415,1.517920,-0.059678,-0.086070
2018-02-09,1.270706,1.215184,1.455605,-0.059678,-0.125115
2018-02-12,1.270706,1.230830,1.483467,-0.059678,-0.113850
2018-02-13,1.270706,1.245236,1.503257,-0.059678,-0.103479
2018-02-14,1.270706,1.255149,1.514970,-0.059678,-0.096342
2018-02-22,1.270706,1.282286,1.552024,-0.059678,-0.076804
2018-02-23,1.270706,1.288095,1.550656,-0.059678,-0.072621
2018-02-26,1.270706,1.303071,1.557741,-0.059678,-0.061840
2018-02-27,1.270706,1.284264,1.526688,-0.059678,-0.075380
2018-02-28,1.270706,1.273082,1.516805,-0.059678,-0.083430
2018-03-01,1.270706,1.281135,1.514369,-0.059678,-0.077633
2018-03-02,1.269753,1.270810,1.513783,-0.060383,-0.085066
2018-03-05,1.259536,1.271329,1.508280,-0.067943,-0.084692
2018-03-06,1.280699,1.286662,1.527187,-0.052283,-0.073653
2018-03-07,1.268293,1.277199,1.518811,-0.061463,-0.080467
2018-03-08,1.302591,1.290155,1.542466,-0.036082,-0.071138
2018-03-09,1.309159,1.300049,1.546945,-0.031222,-0.064015
2018-03-12,1.307699,1.305997,1.547466,-0.032302,-0.059733
2018-03-13,1.296023,1.294474,1.537599,-0.040942,-0.068029
2018-03-14,1.294564,1.288807,1.534766,-0.042022,-0.072109
2018-03-15,1.303321,1.296028,1.538382,-0.035542,-0.066911
2018-03-16,1.289456,1.283454,1.526047,-0.045803,-0.075963
2018-03-19,1.287996,1.289095,1.521436,-0.046883,-0.071902
2018-03-20,1.279969,1.290187,1.518078,-0.052823,-0.071116
2018-03-21,1.269753,1.284919,1.509658,-0.060383,-0.074908
2018-03-22,1.246401,1.272041,1.490672,-0.077663,-0.084180
2018-03-23,1.213563,1.235525,1.454446,-0.101964,-0.110470
2018-03-26,1.201157,1.227600,1.439611,-0.111144,-0.116176
2018-03-27,1.202616,1.238161,1.440486,-0.110064,-0.108572
2018-03-28,1.177805,1.215839,1.416662,-0.128424,-0.124643
2018-03-29,1.222319,1.232080,1.456047,-0.095483,-0.112950
2018-03-30,1.211373,1.233488,1.447764,-0.103584,-0.111937
2018-04-02,1.196778,1.229824,1.435136,-0.114384,-0.114575
2018-04-03,1.174031,1.222091,1.424332,-0.131217,-0.120142
2018-04-04,1.174354,1.219680,1.428876,-0.130978,-0.121878
2018-04-09,1.173708,1.219069,1.421547,-0.131456,-0.122317
2018-04-10,1.195025,1.242559,1.451877,-0.115681,-0.105406
2018-04-11,1.204068,1.246093,1.460844,-0.108989,-0.102861
2018-04-12,1.191795,1.233532,1.446877,-0.118071,-0.111905
2018-04-13,1.186304,1.224831,1.435288,-0.122135,-0.118169
2018-04-16,1.164665,1.205126,1.406502,-0.138148,-0.132356
2018-04-17,1.154975,1.186072,1.395846,-0.145318,-0.146074
2018-04-18,1.155621,1.191653,1.395800,-0.144840,-0.142056
2018-04-19,1.163050,1.206069,1.414262,-0.139343,-0.131678
2018-04-20,1.148839,1.189935,1.399548,-0.149859,-0.143293
2018-04-23,1.148839,1.191669,1.403878,-0.149859,-0.142045
2018-04-24,1.171124,1.216083,1.433036,-0.133368,-0.124468
2018-04-25,1.164342,1.211403,1.423282,-0.138387,-0.127837
2018-04-26,1.147870,1.188239,1.391205,-0.150576,-0.144514
2018-04-27,1.149808,1.188679,1.391508,-0.149142,-0.144197
2018-05-02,1.154975,1.190821,1.393763,-0.145318,-0.142655
2018-05-03,1.154109,1.200108,1.403102,-0.145959,-0.135969
2018-05-04,1.154109,1.194286,1.402470,-0.145959,-0.140161
2018-05-07,1.154109,1.213140,1.421872,-0.145959,-0.126586
2018-05-08,1.154109,1.227217,1.440764,-0.145959,-0.116452
2018-05-09,1.154109,1.224983,1.438758,-0.145959,-0.118060
2018-05-10,1.154109,1.231767,1.447100,-0.145959,-0.113176
2018-05-11,1.154109,1.225369,1.441189,-0.145959,-0.117782
2018-05-14,1.154109,1.236902,1.450150,-0.145959,-0.109479
2018-05-15,1.154109,1.241588,1.454873,-0.145959,-0.106105
2018-05-16,1.154109,1.231697,1.444321,-0.145959,-0.113226
2018-05-17,1.154109,1.222588,1.437101,-0.145959,-0.119784
2018-05-18,1.154109,1.234931,1.449323,-0.145959,-0.110898
2018-05-21,1.154109,1.240683,1.453848,-0.145959,-0.106757
2018-05-22,1.154109,1.235927,1.444221,-0.145959,-0.110180
2018-05-23,1.154109,1.219592,1.430260,-0.145959,-0.121942
2018-05-24,1.154109,1.210935,1.417853,-0.145959,-0.128174
2018-05-25,1.154109,1.207543,1.416386,-0.145959,-0.130616
2018-05-28,1.154109,1.212846,1.422948,-0.145959,-0.126798
2018-05-29,1.154109,1.203591,1.416050,-0.145959,-0.133461
2018-05-30,1.154109,1.178077,1.399513,-0.145959,-0.151831
2018-05-31,1.154109,1.203075,1.422769,-0.145959,-0.133833
2018-06-01,1.154109,1.193017,1.415669,-0.145959,-0.141074
2018-06-04,1.154109,1.204721,1.431766,-0.145959,-0.132648
2018-06-05,1.154109,1.216662,1.441622,-0.145959,-0.124051
2018-06-06,1.154109,1.214140,1.437251,-0.145959,-0.125866
2018-06-07,1.154109,1.212134,1.436635,-0.145959,-0.127311
2018-06-08,1.154109,1.195874,1.419946,-0.145959,-0.139017
2018-06-11,1.154109,1.195988,1.425263,-0.145959,-0.138935
2018-06-12,1.154109,1.210533,1.444624,-0.145959,-0.128463
2018-06-13,1.154109,1.198633,1.436977,-0.145959,-0.137031
2018-06-14,1.154109,1.193897,1.428841,-0.145959,-0.140441
2018-06-15,1.154109,1.187588,1.426953,-0.145959,-0.144983
2018-06-19,1.154109,1.145725,1.379499,-0.145959,-0.175123
2018-06-20,1.154109,1.150255,1.385317,-0.145959,-0.171861
2018-06-21,1.154109,1.136818,1.370226,-0.145959,-0.181535
2018-06-22,1.154109,1.141858,1.368617,-0.145959,-0.177907
2018-06-25,1.154109,1.126538,1.362418,-0.145959,-0.188936
2018-06-26,1.154109,1.117245,1.342447,-0.145959,-0.195627
2018-06-27,1.154109,1.094512,1.318308,-0.145959,-0.211994
2018-06-28,1.154109,1.083207,1.298108,-0.145959,-0.220133
2018-06-29,1.154109,1.110876,1.328276,-0.145959,-0.200212
2018-07-02,1.154109,1.078281,1.285695,-0.145959,-0.223680
2018-07-03,1.154109,1.078698,1.283778,-0.145959,-0.223379
2018-07-04,1.154109,1.064293,1.267030,-0.145959,-0.233751
2018-07-05,1.154109,1.057550,1.258428,-0.145959,-0.238605
2018-07-06,1.154109,1.064726,1.268691,-0.145959,-0.233439
2018-07-09,1.154109,1.094487,1.305266,-0.145959,-0.212012
2018-07-10,1.154109,1.097126,1.308213,-0.145959,-0.210112
2018-07-11,1.154109,1.078145,1.288340,-0.145959,-0.223778
2018-07-12,1.154109,1.101410,1.314826,-0.145959,-0.207028
2018-07-13,1.154109,1.105089,1.316267,-0.145959,-0.204379
2018-07-16,1.154109,1.098571,1.313315,-0.145959,-0.209071
2018-07-17,1.154109,1.091386,1.304049,-0.145959,-0.214245
2018-07-18,1.154109,1.085672,1.300704,-0.145959,-0.218359
2018-07-19,1.154109,1.084729,1.300248,-0.145959,-0.219037
2018-07-20,1.154109,1.105153,1.323688,-0.145959,-0.204333
2018-07-23,1.154109,1.115550,1.333109,-0.145959,-0.196848
2018-07-24,1.154109,1.133255,1.353254,-0.145959,-0.184100
2018-07-25,1.154109,1.132002,1.350385,-0.145959,-0.185002
2018-07-26,1.154109,1.118872,1.340823,-0.145959,-0.194456
2018-07-27,1.154109,1.114119,1.333995,-0.145959,-0.197877
2018-07-30,1.154109,1.112174,1.327700,-0.145959,-0.199278
2018-07-31,1.154109,1.112990,1.334376,-0.145959,-0.198691
2018-08-01,1.154109,1.090756,1.307383,-0.145959,-0.214698
2018-08-02,1.154109,1.066574,1.273254,-0.145959,-0.232108
2018-08-03,1.154109,1.048957,1.251586,-0.145959,-0.244792
2018-08-06,1.154109,1.035665,1.238017,-0.145959,-0.254362
2018-08-07,1.154109,1.065913,1.270550,-0.145959,-0.232584
2018-08-08,1.154109,1.048713,1.251343,-0.145959,-0.244967
2018-08-09,1.154109,1.074981,1.280166,-0.145959,-0.226056
2018-08-10,1.154109,1.077350,1.279587,-0.145959,-0.224350
2018-08-13,1.154109,1.072706,1.270621,-0.145959,-0.227694
2018-08-14,1.154109,1.067191,1.265012,-0.145959,-0.231664
2018-08-15,1.154109,1.041585,1.243674,-0.145959,-0.250100
2018-08-16,1.154109,1.036759,1.241712,-0.145959,-0.253574
2018-08-17,1.154109,1.021854,1.220654,-0.145959,-0.264305
2018-08-20,1.154109,1.033760,1.235518,-0.145959,-0.255733
2018-08-21,1.154109,1.052554,1.252215,-0.145959,-0.242202
2018-08-22,1.154109,1.046637,1.244569,-0.145959,-0.246462
2018-08-23,1.154109,1.050460,1.248636,-0.145959,-0.243710
2018-08-24,1.154109,1.052136,1.253162,-0.145959,-0.242503
2018-08-27,1.154109,1.077841,1.281036,-0.145959,-0.223997
2018-08-28,1.154109,1.075816,1.281579,-0.145959,-0.225454
2018-08-29,1.154109,1.071513,1.277174,-0.145959,-0.228552
2018-08-30,1.154109,1.060287,1.268768,-0.145959,-0.236635
2018-08-31,1.154109,1.055038,1.264056,-0.145959,-0.240414
2018-09-03,1.154109,1.051026,1.256708,-0.145959,-0.243302
2018-09-04,1.154109,1.064340,1.270280,-0.145959,-0.233717
2018-09-05,1.154109,1.043534,1.253467,-0.145959,-0.248696
2018-09-06,1.154109,1.032377,1.235578,-0.145959,-0.256729
2018-09-07,1.154109,1.037047,1.237612,-0.145959,-0.253366
2018-09-10,1.154109,1.021996,1.229106,-0.145959,-0.264203
2018-09-11,1.154109,1.020142,1.227925,-0.145959,-0.265537
2018-09-12,1.154109,1.013121,1.218675,-0.145959,-0.270592
2018-09-13,1.154109,1.024053,1.229647,-0.145959,-0.262722
2018-09-14,1.154109,1.025799,1.234110,-0.145959,-0.261464
2018-09-17,1.154109,1.014039,1.227552,-0.145959,-0.269932
2018-09-18,1.154109,1.034450,1.246127,-0.145959,-0.255236
2018-09-19,1.154109,1.048071,1.265544,-0.145959,-0.245430
2018-09-20,1.154109,1.047327,1.263337,-0.145959,-0.245965
2018-09-21,1.154109,1.079081,1.298809,-0.145959,-0.223104
2018-09-25,1.154109,1.069371,1.287445,-0.145959,-0.230095
2018-09-26,1.154109,1.081217,1.299463,-0.145959,-0.221566
2018-09-27,1.154109,1.076898,1.297611,-0.145959,-0.224675
2018-09-28,1.154109,1.088057,1.306473,-0.145959,-0.216641
2018-10-08,1.154109,1.041243,1.257208,-0.145959,-0.250346
2018-10-09,1.154109,1.040544,1.256311,-0.145959,-0.250849
2018-10-10,1.154109,1.038300,1.249206,-0.145959,-0.252464
2018-10-11,1.154109,0.988470,1.201510,-0.145959,-0.288340
2018-10-12,1.154109,1.003221,1.214702,-0.145959,-0.277720
2018-10-15,1.154109,0.989211,1.198555,-0.145959,-0.287807
2018-10-16,1.154109,0.981149,1.185876,-0.145959,-0.293611
2018-10-17,1.154109,0.986616,1.197448,-0.145959,-0.289675
2018-10-18,1.154109,0.963247,1.175543,-0.145959,-0.306500
2018-10-19,1.154109,0.991900,1.202243,-0.145959,-0.285870
2018-10-22,1.154109,1.034715,1.250250,-0.145959,-0.255045
2018-10-23,1.154109,1.007239,1.219296,-0.145959,-0.274827
2018-10-24,1.154109,1.008748,1.220200,-0.145959,-0.273740
2018-10-25,1.154109,1.010682,1.219185,-0.145959,-0.272349
2018-10-26,1.154109,1.004142,1.221498,-0.145959,-0.277057
2018-10-29,1.154109,0.973530,1.182115,-0.145959,-0.299096
2018-10-30,1.154109,0.984088,1.187259,-0.145959,-0.291495
2018-10-31,1.154109,0.997871,1.200670,-0.145959,-0.281572
2018-11-01,1.154109,1.005214,1.210802,-0.145959,-0.276285
2018-11-02,1.163182,1.041037,1.250473,-0.139245,-0.250494
2018-11-05,1.156671,1.032365,1.241875,-0.144063,-0.256738
2018-11-06,1.154957,1.026135,1.236778,-0.145331,-0.261223
2018-11-07,1.148446,1.019414,1.231431,-0.150150,-0.266061
2018-11-08,1.149474,1.016522,1.231053,-0.149389,-0.268143
2018-11-09,1.133366,1.002180,1.216379,-0.161309,-0.278469
2018-11-12,1.146389,1.014108,1.232188,-0.151672,-0.269881
2018-11-13,1.152215,1.024309,1.245055,-0.147360,-0.262537
2018-11-14,1.141591,1.014045,1.233320,-0.155222,-0.269927
2018-11-15,1.149816,1.025888,1.241914,-0.149136,-0.261401
2018-11-16,1.152215,1.030729,1.250591,-0.147360,-0.257915
2018-11-19,1.162840,1.042414,1.266457,-0.139498,-0.249503
2018-11-20,1.143305,1.018307,1.235687,-0.153954,-0.266859
2018-11-21,1.143305,1.020863,1.237532,-0.153954,-0.265018
2018-11-22,1.139192,1.017048,1.235766,-0.156998,-0.267765
2018-11-23,1.119657,0.994599,1.213227,-0.171453,-0.283927
2018-11-26,1.121028,0.993890,1.213969,-0.170439,-0.284438
2018-11-27,1.118286,0.992625,1.209264,-0.172468,-0.285349
2018-11-28,1.125484,1.005815,1.225137,-0.167142,-0.275852
2018-11-29,1.117944,0.992754,1.211877,-0.172721,-0.285255
2018-11-30,1.124798,1.003841,1.222028,-0.167649,-0.277273
2018-12-03,1.149474,1.031767,1.256075,-0.149389,-0.257168
2018-12-04,1.138956,1.033905,1.254649,-0.157172,-0.255628
2018-12-05,1.135633,1.028935,1.251139,-0.159631,-0.259207
2018-12-06,1.110711,1.006682,1.230132,-0.178074,-0.275228
2018-12-07,1.112372,1.006648,1.233466,-0.176844,-0.275253
2018-12-10,1.096588,0.995004,1.221377,-0.188525,-0.283636
2018-12-11,1.098250,0.999769,1.222671,-0.187295,-0.280205
2018-12-12,1.107388,1.003183,1.231636,-0.180533,-0.277747
2018-12-13,1.131480,1.018712,1.251320,-0.162705,-0.266567
2018-12-14,1.114865,1.001696,1.238414,-0.175000,-0.278818
2018-12-17,1.110711,1.000206,1.239253,-0.178074,-0.279891
2018-12-18,1.099080,0.989837,1.229079,-0.186680,-0.287356
2018-12-19,1.088281,0.978035,1.219547,-0.194672,-0.295853
2018-12-20,1.085788,0.970534,1.214664,-0.196516,-0.301254
2018-12-21,1.065850,0.958504,1.200203,-0.211271,-0.309914
2018-12-24,1.072496,0.961288,1.207415,-0.206353,-0.307910
2018-12-25,1.068343,0.954669,1.199414,-0.209426,-0.312675
2018-12-26,1.063358,0.949844,1.196982,-0.213115,-0.316149
2018-12-27,1.057543,0.946199,1.192978,-0.217418,-0.318773
2018-12-28,1.065020,0.952572,1.198107,-0.211885,-0.314186
2019-01-02,1.051728,0.939564,1.180576,-0.221721,-0.323550
2019-01-03,1.048448,0.938077,1.178927,-0.224148,-0.324621
2019-01-04,1.048448,0.960551,1.202182,-0.224148,-0.308441
2019-01-07,1.048448,0.966382,1.213179,-0.224148,-0.304242
2019-01-08,1.048448,0.964294,1.213360,-0.224148,-0.305746
2019-01-09,1.048448,0.974033,1.226791,-0.224148,-0.298734
2019-01-10,1.048448,0.972201,1.226780,-0.224148,-0.300053
2019-01-11,1.048448,0.979190,1.234437,-0.224148,-0.295021
2019-01-14,1.048448,0.970648,1.229766,-0.224148,-0.301172
2019-01-15,1.048448,0.989698,1.247850,-0.224148,-0.287456
2019-01-16,1.048448,0.989907,1.250696,-0.224148,-0.287306
2019-01-17,1.048448,0.984455,1.242164,-0.224148,-0.291231
2019-01-18,1.048448,1.002411,1.260535,-0.224148,-0.278303
2019-01-21,1.048448,1.007938,1.264108,-0.224148,-0.274324
2019-01-22,1.048448,0.994548,1.252350,-0.224148,-0.283964
2019-01-23,1.048448,0.993830,1.255325,-0.224148,-0.284481
2019-01-24,1.048448,0.999440,1.261133,-0.224148,-0.280442
2019-01-25,1.048448,1.007568,1.268257,-0.224148,-0.274590
2019-01-28,1.048448,1.007350,1.271540,-0.224148,-0.274747
2019-01-29,1.048448,1.010574,1.279945,-0.224148,-0.272426
2019-01-30,1.048448,1.002509,1.273794,-0.224148,-0.278232
2019-01-31,1.048448,1.012998,1.284543,-0.224148,-0.270681
2019-02-01,1.048448,1.027479,1.299194,-0.224148,-0.260255
2019-02-11,1.075137,1.046169,1.318443,-0.204398,-0.246799
2019-02-12,1.080921,1.053722,1.325257,-0.200118,-0.241361
2019-02-13,1.101889,1.074822,1.343570,-0.184602,-0.226170
2019-02-14,1.104058,1.076439,1.344917,-0.182997,-0.225006
2019-02-15,1.081644,1.056367,1.321230,-0.199583,-0.239457
2019-02-18,1.119965,1.090234,1.355801,-0.171226,-0.215074
2019-02-19,1.123580,1.088295,1.355639,-0.168551,-0.216470
2019-02-20,1.128641,1.092193,1.359474,-0.164806,-0.213664
2019-02-21,1.123580,1.089276,1.351069,-0.168551,-0.215764
2019-02-22,1.141655,1.113768,1.366909,-0.155175,-0.198130
2019-02-25,1.213235,1.180010,1.434273,-0.102206,-0.150439
2019-02-26,1.182868,1.165838,1.415131,-0.124678,-0.160642
2019-02-27,1.181422,1.163845,1.415038,-0.125748,-0.162077
2019-02-28,1.173468,1.160991,1.410261,-0.131633,-0.164132
2019-03-01,1.203835,1.186411,1.432750,-0.109162,-0.145831
2019-03-04,1.236334,1.200456,1.457923,-0.085113,-0.135719
2019-03-05,1.258024,1.207388,1.474249,-0.069062,-0.130728
2019-03-06,1.263085,1.217538,1.485662,-0.065317,-0.123420
2019-03-07,1.240672,1.205123,1.473148,-0.081902,-0.132359
2019-03-08,1.200907,1.157261,1.419439,-0.111329,-0.166817
2019-03-11,1.231273,1.180159,1.440745,-0.088858,-0.150332
2019-03-12,1.243564,1.188195,1.458198,-0.079762,-0.144546
2019-03-13,1.221874,1.178336,1.444797,-0.095813,-0.151644
2019-03-14,1.208860,1.170205,1.428617,-0.105443,-0.157498
2019-03-15,1.235611,1.184924,1.452345,-0.085648,-0.146901
2019-03-18,1.282606,1.218696,1.498770,-0.050871,-0.122586
2019-03-19,1.274653,1.213067,1.494283,-0.056756,-0.126639
2019-03-20,1.268869,1.213536,1.493062,-0.061037,-0.126302
2019-03-21,1.268146,1.213994,1.494387,-0.061572,-0.125971
2019-03-22,1.265254,1.213017,1.496237,-0.063712,-0.126675
2019-03-25,1.236334,1.184234,1.473998,-0.085113,-0.147398
2019-03-26,1.226212,1.170822,1.455356,-0.092603,-0.157054
2019-03-27,1.247902,1.184411,1.477176,-0.076552,-0.147270
2019-03-28,1.247179,1.179668,1.472104,-0.077087,-0.150685
2019-03-29,1.305742,1.225211,1.517815,-0.033750,-0.117896
2019-04-01,1.350569,1.257354,1.558112,-0.000579,-0.094754
2019-04-02,1.336958,1.256519,1.552435,-0.010651,-0.095355
2019-04-03,1.349251,1.272614,1.568344,-0.001554,-0.083767
2019-04-04,1.369497,1.285292,1.590028,0.000000,-0.074640
2019-04-08,1.366604,1.283710,1.591536,-0.002112,-0.075779
2019-04-09,1.393358,1.289469,1.602046,0.000000,-0.071633
2019-04-10,1.404927,1.292765,1.607773,0.000000,-0.069259
2019-04-11,1.369497,1.264837,1.582214,-0.025219,-0.089367
2019-04-12,1.358651,1.262002,1.571647,-0.032939,-0.091408
2019-04-15,1.355758,1.257857,1.569043,-0.034997,-0.094392
2019-04-16,1.387573,1.292747,1.592642,-0.012352,-0.069273
2019-04-17,1.389020,1.293205,1.596470,-0.011323,-0.068943
2019-04-18,1.383958,1.288409,1.585212,-0.014925,-0.072396
2019-04-19,1.416496,1.303764,1.602313,0.000000,-0.061341
2019-04-22,1.381789,1.273706,1.565982,-0.024502,-0.082982
2019-04-23,1.378897,1.271617,1.554837,-0.026544,-0.084485
2019-04-24,1.384681,1.275123,1.563385,-0.022460,-0.081961
2019-04-25,1.347805,1.247194,1.523714,-0.048494,-0.102069
2019-04-26,1.328282,1.230567,1.504214,-0.062277,-0.114039
2019-04-29,1.336958,1.234067,1.504302,-0.056151,-0.111520
2019-04-30,1.342020,1.238142,1.516730,-0.052578,-0.108586
2019-05-06,1.245128,1.165816,1.437883,-0.120980,-0.160658
2019-05-07,1.252142,1.177222,1.452654,-0.116028,-0.152446
2019-05-08,1.252142,1.160387,1.434946,-0.116028,-0.164567
2019-05-09,1.252142,1.138947,1.414349,-0.116028,-0.180002
2019-05-10,1.252142,1.180317,1.459091,-0.116028,-0.150218
2019-05-13,1.252142,1.160788,1.442025,-0.116028,-0.164277
2019-05-14,1.252142,1.153328,1.434252,-0.116028,-0.169649
2019-05-15,1.252142,1.179254,1.462786,-0.116028,-0.150983
2019-05-16,1.252142,1.184591,1.468410,-0.116028,-0.147140
2019-05-17,1.252142,1.154470,1.436598,-0.116028,-0.168827
2019-05-20,1.252142,1.144671,1.422002,-0.116028,-0.175881
2019-05-21,1.252142,1.160171,1.439081,-0.116028,-0.164722
2019-05-22,1.252142,1.154666,1.432813,-0.116028,-0.168685
2019-05-23,1.252142,1.133967,1.410584,-0.116028,-0.183588
2019-05-24,1.252142,1.137115,1.414377,-0.116028,-0.181321
2019-05-27,1.252142,1.150812,1.433569,-0.116028,-0.171460
2019-05-28,1.252142,1.161905,1.436416,-0.116028,-0.163473
2019-05-29,1.252142,1.159263,1.438321,-0.116028,-0.165375
2019-05-30,1.252142,1.152072,1.438261,-0.116028,-0.170553
2019-05-31,1.252142,1.148468,1.436361,-0.116028,-0.173148
2019-06-03,1.252142,1.149170,1.433280,-0.116028,-0.172642
2019-06-04,1.252142,1.138558,1.421713,-0.116028,-0.180282
2019-06-05,1.252142,1.138128,1.428506,-0.116028,-0.180592
2019-06-06,1.252142,1.127867,1.414483,-0.116028,-0.187980
2019-06-10,1.252142,1.142440,1.429128,-0.116028,-0.177487
2019-06-11,1.252142,1.176783,1.468502,-0.116028,-0.152762
2019-06-12,1.252142,1.167866,1.458033,-0.116028,-0.159182
2019-06-13,1.252142,1.166060,1.450834,-0.116028,-0.160482
2019-06-14,1.252142,1.156406,1.437704,-0.116028,-0.167432
2019-06-17,1.252142,1.156387,1.436311,-0.116028,-0.167446
2019-06-18,1.252142,1.160437,1.439913,-0.116028,-0.164530
2019-06-19,1.252142,1.175726,1.453640,-0.116028,-0.153523
2019-06-20,1.252142,1.211346,1.485370,-0.116028,-0.127878
2019-06-21,1.252142,1.213061,1.489385,-0.116028,-0.126643
2019-06-24,1.252142,1.215380,1.487323,-0.116028,-0.124974
2019-06-25,1.252142,1.202737,1.473792,-0.116028,-0.134076
2019-06-26,1.252142,1.200528,1.473561,-0.116028,-0.135666
2019-06-27,1.252142,1.213339,1.485785,-0.116028,-0.126443
2019-06-28,1.252142,1.210419,1.481608,-0.116028,-0.128545
2019-07-01,1.252142,1.245293,1.519344,-0.116028,-0.103438
2019-07-02,1.257775,1.245723,1.527717,-0.112052,-0.103128
2019-07-03,1.240032,1.231915,1.519924,-0.124578,-0.113069
2019-07-04,1.232803,1.225451,1.515990,-0.129681,-0.117723
2019-07-05,1.254489,1.231811,1.528018,-0.114372,-0.113144
2019-07-08,1.228203,1.203205,1.496210,-0.132929,-0.133739
2019-07-09,1.225575,1.200149,1.494295,-0.134784,-0.135940
2019-07-10,1.222946,1.198127,1.486718,-0.136640,-0.137395
2019-07-11,1.224260,1.197646,1.487522,-0.135712,-0.137741
2019-07-12,1.240689,1.205085,1.500457,-0.124114,-0.132386
2019-07-15,1.243318,1.209976,1.502535,-0.122259,-0.128864
2019-07-16,1.233460,1.204487,1.498534,-0.129217,-0.132817
2019-07-17,1.232146,1.203790,1.499217,-0.130145,-0.133318
2019-07-18,1.217032,1.192324,1.484495,-0.140815,-0.141573
2019-07-19,1.231489,1.204841,1.498193,-0.130609,-0.132561
2019-07-22,1.228203,1.196526,1.490839,-0.132929,-0.138548
2019-07-23,1.223603,1.199130,1.491912,-0.136176,-0.136673
2019-07-24,1.227546,1.208597,1.499530,-0.133393,-0.129857
2019-07-25,1.238718,1.218481,1.508421,-0.125506,-0.122741
2019-07-26,1.237403,1.220854,1.512566,-0.126434,-0.121033
2019-07-29,1.239375,1.219493,1.513313,-0.125042,-0.122012
2019-07-30,1.244632,1.224572,1.520943,-0.121331,-0.118356
2019-07-31,1.232146,1.213510,1.508782,-0.130145,-0.126320
2019-08-01,1.217032,1.203420,1.494427,-0.140815,-0.133584
2019-08-02,1.202302,1.185692,1.475738,-0.151214,-0.146348
2019-08-05,1.181924,1.162991,1.451383,-0.165600,-0.162692
2019-08-06,1.178638,1.150537,1.434899,-0.167920,-0.171658
2019-08-07,1.173379,1.145823,1.430386,-0.171633,-0.175052
2019-08-08,1.190470,1.160966,1.446410,-0.159567,-0.164150
2019-08-09,1.171407,1.149651,1.435457,-0.173025,-0.172296
2019-08-12,1.193099,1.170398,1.453993,-0.157711,-0.157359
2019-08-13,1.181267,1.159846,1.444132,-0.166064,-0.164956
2019-08-14,1.185869,1.165114,1.447836,-0.162816,-0.161163
2019-08-15,1.190470,1.168784,1.453170,-0.159567,-0.158521
2019-08-16,1.195072,1.174017,1.455617,-0.156319,-0.154753
2019-08-19,1.221366,1.199503,1.481221,-0.137756,-0.136404
2019-08-20,1.220708,1.198440,1.482485,-0.138220,-0.137170
2019-08-21,1.219394,1.196551,1.481376,-0.139148,-0.138530
2019-08-22,1.226625,1.200269,1.482809,-0.134043,-0.135853
2019-08-23,1.231226,1.208922,1.487354,-0.130795,-0.129623
2019-08-26,1.207561,1.191536,1.471388,-0.147501,-0.142140
2019-08-27,1.234513,1.207685,1.495462,-0.128474,-0.130514
2019-08-28,1.238457,1.203139,1.493857,-0.125690,-0.133787
2019-08-29,1.234513,1.199218,1.485966,-0.128474,-0.136609
2019-08-30,1.245688,1.202193,1.486389,-0.120585,-0.134468
2019-09-02,1.264751,1.217611,1.503605,-0.107127,-0.123368
2019-09-03,1.267381,1.219285,1.505401,-0.105271,-0.122163
2019-09-04,1.276584,1.229533,1.518620,-0.098774,-0.114784
2019-09-05,1.279870,1.241974,1.529406,-0.096453,-0.105827
2019-09-06,1.283814,1.249311,1.534054,-0.093669,-0.100545
2019-09-09,1.285129,1.257044,1.539853,-0.092741,-0.094977
2019-09-10,1.281842,1.252716,1.535566,-0.095061,-0.098094
2019-09-11,1.262122,1.243486,1.526603,-0.108983,-0.104738
2019-09-12,1.274612,1.256864,1.537734,-0.100166,-0.095107
2019-09-16,1.266723,1.252225,1.537526,-0.105735,-0.098447
2019-09-17,1.248975,1.231184,1.517461,-0.118265,-0.113595
2019-09-18,1.256863,1.237152,1.522529,-0.112696,-0.109299
2019-09-19,1.264094,1.241676,1.526879,-0.107591,-0.106041
2019-09-20,1.264751,1.245242,1.527724,-0.107127,-0.103474
2019-09-23,1.251604,1.231007,1.512517,-0.116409,-0.113723
2019-09-24,1.250289,1.234304,1.514753,-0.117337,-0.111349
2019-09-25,1.246345,1.224780,1.503089,-0.120121,-0.118206
2019-09-26,1.233198,1.215339,1.497804,-0.129403,-0.125003
2019-09-27,1.234513,1.218981,1.494875,-0.128474,-0.122381
2019-09-30,1.232541,1.206920,1.488601,-0.129867,-0.131065
2019-10-08,1.245688,1.214244,1.498903,-0.120585,-0.125791
2019-10-09,1.243440,1.216004,1.506594,-0.122172,-0.124525
2019-10-10,1.243440,1.225939,1.512529,-0.122172,-0.117372
2019-10-11,1.243440,1.237674,1.525982,-0.122172,-0.108923
2019-10-14,1.243440,1.250808,1.541756,-0.122172,-0.099467
2019-10-15,1.243440,1.245432,1.534225,-0.122172,-0.103337
2019-10-16,1.243440,1.241142,1.530698,-0.122172,-0.106426
2019-10-17,1.243440,1.241942,1.524614,-0.122172,-0.105850
2019-10-18,1.243440,1.224274,1.508385,-0.122172,-0.118570
2019-10-21,1.243440,1.227900,1.516282,-0.122172,-0.115960
2019-10-22,1.243440,1.232659,1.520142,-0.122172,-0.112534
2019-10-23,1.243440,1.224812,1.512709,-0.122172,-0.118183
2019-10-24,1.243440,1.224682,1.514412,-0.122172,-0.118276
2019-10-25,1.243440,1.232947,1.523264,-0.122172,-0.112326
2019-10-28,1.243440,1.242376,1.528270,-0.122172,-0.105538
2019-10-29,1.243440,1.237199,1.527992,-0.122172,-0.109265
2019-10-30,1.243440,1.231188,1.517960,-0.122172,-0.113593
2019-10-31,1.243440,1.229770,1.511757,-0.122172,-0.114613
2019-11-01,1.243440,1.250539,1.535877,-0.122172,-0.099661
2019-11-04,1.244369,1.258680,1.541750,-0.121516,-0.093800
2019-11-05,1.251196,1.266492,1.551692,-0.116696,-0.088175
2019-11-06,1.242507,1.260819,1.541319,-0.122831,-0.092260
2019-11-07,1.244369,1.263030,1.546162,-0.121516,-0.090667
2019-11-08,1.243128,1.257063,1.540130,-0.122392,-0.094964
2019-11-11,1.217061,1.234905,1.512418,-0.140795,-0.110916
2019-11-12,1.212096,1.235130,1.511339,-0.144300,-0.110754
2019-11-13,1.210855,1.233956,1.506230,-0.145176,-0.111600
2019-11-14,1.209614,1.235817,1.504852,-0.146052,-0.110260
2019-11-15,1.200925,1.226714,1.497124,-0.152186,-0.116814
2019-11-18,1.207752,1.236472,1.507943,-0.147367,-0.109789
2019-11-19,1.220785,1.248846,1.523341,-0.138166,-0.100880
2019-11-20,1.208993,1.236449,1.513542,-0.146490,-0.109805
2019-11-21,1.199684,1.230672,1.508054,-0.153063,-0.113964
2019-11-22,1.181685,1.218139,1.500350,-0.165769,-0.122987
2019-11-25,1.195339,1.227068,1.518837,-0.156130,-0.116559
2019-11-26,1.196580,1.231320,1.518253,-0.155253,-0.113497
2019-11-27,1.191615,1.226249,1.513427,-0.158759,-0.117149
2019-11-28,1.186650,1.222034,1.508184,-0.162264,-0.120183
2019-11-29,1.174858,1.211394,1.501640,-0.170589,-0.127844
2019-12-02,1.180444,1.213732,1.506416,-0.166645,-0.126160
2019-12-03,1.179559,1.218487,1.511277,-0.167270,-0.122737
2019-12-04,1.179559,1.218085,1.508905,-0.167270,-0.123026
2019-12-05,1.179559,1.227432,1.515522,-0.167270,-0.116297
2019-12-06,1.179559,1.234719,1.518567,-0.167270,-0.111051
2019-12-09,1.179559,1.232523,1.524752,-0.167270,-0.112632
2019-12-10,1.179559,1.234083,1.523999,-0.167270,-0.111508
2019-12-11,1.179559,1.234833,1.525730,-0.167270,-0.110969
2019-12-12,1.179559,1.231121,1.525590,-0.167270,-0.113641
2019-12-13,1.179559,1.255547,1.544535,-0.167270,-0.096055
2019-12-16,1.179559,1.261663,1.554796,-0.167270,-0.091651
2019-12-17,1.179559,1.278828,1.571583,-0.167270,-0.079294
2019-12-18,1.179559,1.275974,1.568643,-0.167270,-0.081348
2019-12-19,1.179559,1.274193,1.574225,-0.167270,-0.082631
2019-12-20,1.179559,1.271060,1.571704,-0.167270,-0.084886
2019-12-23,1.179559,1.255193,1.553833,-0.167270,-0.096310
2019-12-24,1.179559,1.263375,1.560178,-0.167270,-0.090419
2019-12-25,1.179559,1.262714,1.557426,-0.167270,-0.090895
2019-12-26,1.179559,1.273826,1.569753,-0.167270,-0.082895
2019-12-27,1.179559,1.272573,1.570865,-0.167270,-0.083797
2019-12-30,1.179559,1.291430,1.590470,-0.167270,-0.070220
2019-12-31,1.179559,1.296160,1.599566,-0.167270,-0.066815
2020-01-02,1.179559,1.313771,1.622454,-0.167270,-0.054136
2020-01-03,1.172470,1.311468,1.618677,-0.172274,-0.055794
2020-01-06,1.161755,1.306513,1.612935,-0.179839,-0.059361
2020-01-07,1.178674,1.316299,1.625488,-0.167895,-0.052316
2020-01-08,1.170779,1.301141,1.610429,-0.173469,-0.063229
2020-01-09,1.189389,1.317609,1.627739,-0.160330,-0.051373
2020-01-10,1.187697,1.317233,1.623948,-0.161525,-0.051644
2020-01-13,1.201796,1.330145,1.634432,-0.151571,-0.042347
2020-01-14,1.195593,1.325684,1.635240,-0.155951,-0.045559
2020-01-15,1.186569,1.318356,1.627347,-0.162321,-0.050835
2020-01-16,1.182058,1.312759,1.619193,-0.165506,-0.054865
2020-01-17,1.179802,1.314597,1.615864,-0.167098,-0.053541
2020-01-20,1.182622,1.324399,1.616795,-0.165108,-0.046484
2020-01-21,1.152168,1.301770,1.588457,-0.186607,-0.062776
2020-01-22,1.155552,1.307345,1.588684,-0.184218,-0.058762
2020-01-23,1.110435,1.266836,1.548536,-0.216069,-0.087927
2020-02-03,1.001591,1.166999,1.401770,-0.292910,-0.159806
2020-02-04,1.003094,1.197779,1.443820,-0.291849,-0.137646
2020-02-05,1.003094,1.211349,1.457407,-0.291849,-0.127876
2020-02-06,1.003094,1.233893,1.475428,-0.291849,-0.111645
2020-02-07,1.003094,1.233921,1.471449,-0.291849,-0.111625
2020-02-10,1.003094,1.239028,1.495324,-0.291849,-0.107948
2020-02-11,1.003094,1.250561,1.503632,-0.291849,-0.099645
2020-02-12,1.003094,1.260676,1.510487,-0.291849,-0.092362
2020-02-13,1.003094,1.252921,1.506306,-0.291849,-0.097946
2020-02-14,1.003094,1.261720,1.519715,-0.291849,-0.091610
2020-02-17,1.003094,1.290098,1.544372,-0.291849,-0.071179
2020-02-18,1.003094,1.283799,1.539247,-0.291849,-0.075715
2020-02-19,1.003094,1.281837,1.540101,-0.291849,-0.077127
2020-02-20,1.003094,1.311373,1.557452,-0.291849,-0.055862
2020-02-21,1.003094,1.312901,1.563724,-0.291849,-0.054762
2020-02-24,1.003094,1.307633,1.553610,-0.291849,-0.058555
2020-02-25,1.003094,1.304789,1.537750,-0.291849,-0.060603
2020-02-26,1.003094,1.288706,1.539919,-0.291849,-0.072182
2020-02-27,1.003094,1.292459,1.544236,-0.291849,-0.069480
2020-02-28,1.003094,1.246634,1.502105,-0.291849,-0.102472
2020-03-02,1.003094,1.287646,1.560613,-0.291849,-0.072945
2020-03-03,1.003094,1.294509,1.558082,-0.291849,-0.068004
2020-03-04,1.003094,1.302004,1.572334,-0.291849,-0.062607
2020-03-05,1.003094,1.331012,1.597104,-0.291849,-0.041723
2020-03-06,1.003094,1.309427,1.575479,-0.291849,-0.057263
2020-03-09,1.003094,1.264694,1.533639,-0.291849,-0.089469
2020-03-10,1.003094,1.291778,1.556788,-0.291849,-0.069970
2020-03-11,1.003094,1.274598,1.544443,-0.291849,-0.082339
2020-03-12,1.003094,1.250070,1.517991,-0.291849,-0.099998
2020-03-13,1.003094,1.232479,1.494208,-0.291849,-0.112663
2020-03-16,1.003094,1.179491,1.454060,-0.291849,-0.150812
2020-03-17,1.003094,1.173745,1.443028,-0.291849,-0.154949
2020-03-18,1.003094,1.150515,1.424908,-0.291849,-0.171674
2020-03-19,1.003094,1.135590,1.402479,-0.291849,-0.182419
2020-03-20,1.003094,1.155881,1.423025,-0.291849,-0.167811
2020-03-23,1.003094,1.116992,1.377920,-0.291849,-0.195809
2020-03-24,1.003094,1.146987,1.409646,-0.291849,-0.174214
2020-03-25,1.003094,1.177808,1.441614,-0.291849,-0.152024
2020-03-26,1.003094,1.170065,1.428835,-0.291849,-0.157598
2020-03-27,1.003094,1.173865,1.438786,-0.291849,-0.154863
2020-03-30,1.003094,1.162491,1.425521,-0.291849,-0.163052
2020-03-31,1.003094,1.166303,1.423340,-0.291849,-0.160307
2020-04-01,1.003094,1.162798,1.416482,-0.291849,-0.162831
2020-04-02,1.003094,1.181608,1.432615,-0.291849,-0.149288
2020-04-03,1.003094,1.174865,1.426207,-0.291849,-0.154143
2020-04-07,1.003094,1.201696,1.450986,-0.291849,-0.134826
2020-04-08,1.003094,1.196102,1.447512,-0.291849,-0.138853
2020-04-09,1.003094,1.200047,1.451110,-0.291849,-0.136013
2020-04-10,1.003094,1.192571,1.442358,-0.291849,-0.141395
2020-04-13,1.003094,1.187534,1.439556,-0.291849,-0.145022
2020-04-14,1.003094,1.210454,1.455677,-0.291849,-0.128520
2020-04-15,1.003094,1.201487,1.447271,-0.291849,-0.134976
2020-04-16,1.003094,1.203075,1.443656,-0.291849,-0.133833
2020-04-17,1.003094,1.214817,1.449973,-0.291849,-0.125379
2020-04-20,1.003094,1.219237,1.454667,-0.291849,-0.122197
2020-04-21,1.003094,1.204869,1.442930,-0.291849,-0.132541
2020-04-22,1.003094,1.214782,1.447905,-0.291849,-0.125404
2020-04-23,1.003094,1.211735,1.444904,-0.291849,-0.127598
2020-04-24,1.003094,1.201364,1.435536,-0.291849,-0.135065
2020-04-27,1.003094,1.209527,1.443417,-0.291849,-0.129188
2020-04-28,1.003094,1.217873,1.439293,-0.291849,-0.123178
2020-04-29,1.003094,1.223531,1.452579,-0.291849,-0.119105
2020-04-30,1.003094,1.237943,1.471570,-0.291849,-0.108729
2020-05-06,1.003094,1.245432,1.473153,-0.291849,-0.103337
2020-05-07,1.006853,1.241838,1.471687,-0.289195,-0.105925
2020-05-08,1.012266,1.254092,1.484124,-0.285374,-0.097103
2020-05-11,1.018581,1.253003,1.487568,-0.280915,-0.097886
2020-05-12,1.011364,1.253022,1.482442,-0.286010,-0.097873
2020-05-13,1.014070,1.255557,1.483721,-0.284100,-0.096048
2020-05-14,1.002342,1.241942,1.468535,-0.292380,-0.105850
2020-05-15,0.999635,1.238019,1.462471,-0.294290,-0.108675
2020-05-18,1.004146,1.241211,1.467259,-0.291106,-0.106376
2020-05-19,1.006853,1.251760,1.474466,-0.289195,-0.098782
2020-05-20,1.002342,1.245106,1.465740,-0.292380,-0.103572
2020-05-21,1.002342,1.238326,1.458938,-0.292380,-0.108454
2020-05-22,0.984298,1.209935,1.434695,-0.305118,-0.128894
2020-05-25,0.987906,1.211599,1.436997,-0.302570,-0.127696
2020-05-26,0.991515,1.225347,1.446013,-0.300023,-0.117798
2020-05-27,0.993320,1.216753,1.447723,-0.298749,-0.123985
2020-05-28,0.997831,1.220240,1.449699,-0.295564,-0.121475
2020-05-29,0.996026,1.223528,1.446262,-0.296838,-0.119108
2020-06-01,1.011364,1.256534,1.473627,-0.286010,-0.095344
2020-06-02,1.021071,1.260404,1.478747,-0.279157,-0.092558
2020-06-03,1.020024,1.260429,1.480015,-0.279897,-0.092540
2020-06-04,1.027354,1.259967,1.481819,-0.274721,-0.092872
2020-06-05,1.031543,1.265998,1.479781,-0.271764,-0.088531
2020-06-08,1.044634,1.272547,1.488141,-0.262523,-0.083815
2020-06-09,1.046729,1.280483,1.493875,-0.261044,-0.078102
2020-06-10,1.043063,1.278167,1.489539,-0.263632,-0.079770
2020-06-11,1.026831,1.264299,1.475272,-0.275091,-0.089754
2020-06-12,1.023689,1.266577,1.473819,-0.277309,-0.088114
2020-06-15,1.011122,1.251361,1.461041,-0.286181,-0.099069
2020-06-16,1.020547,1.270212,1.479864,-0.279527,-0.085496
2020-06-17,1.018976,1.271168,1.482750,-0.280636,-0.084809
2020-06-18,1.027354,1.279644,1.495670,-0.274721,-0.078706
2020-06-19,1.045158,1.296834,1.500755,-0.262153,-0.066330
2020-06-22,1.040445,1.297891,1.494093,-0.265480,-0.065569
2020-06-23,1.044110,1.304137,1.491887,-0.262892,-0.061072
2020-06-24,1.053012,1.309579,1.497786,-0.256608,-0.057154
2020-06-29,1.045681,1.300318,1.487723,-0.261783,-0.063822
2020-06-30,1.057201,1.317480,1.499539,-0.253651,-0.051466
2020-07-01,1.096997,1.344000,1.531454,-0.225556,-0.032372
2020-07-02,1.127339,1.371862,1.569315,-0.204136,-0.012312
2020-07-03,1.137288,1.398364,1.591842,-0.197112,0.000000
2020-07-06,1.222637,1.477619,1.695890,-0.136859,0.000000
2020-07-07,1.207975,1.486491,1.678410,-0.147209,0.000000
2020-07-08,1.207975,1.510497,1.695527,-0.147209,0.000000
2020-07-09,1.224207,1.531623,1.712828,-0.135750,0.000000
2020-07-10,1.205357,1.503893,1.679119,-0.149057,-0.018105
2020-07-13,1.231538,1.535480,1.719426,-0.130574,0.000000
2020-07-14,1.226302,1.520840,1.709962,-0.134271,-0.009534
2020-07-15,1.220542,1.501153,1.689227,-0.138337,-0.022355
2020-07-16,1.161897,1.428944,1.644100,-0.179738,-0.069382
2020-07-17,1.176035,1.437946,1.651865,-0.169758,-0.063520
2020-07-20,1.211117,1.480850,1.717842,-0.144991,-0.035578
2020-07-21,1.210070,1.484248,1.714051,-0.145730,-0.033365
2020-07-22,1.216353,1.491655,1.717328,-0.141294,-0.028541
2020-07-23,1.214259,1.491019,1.704705,-0.142773,-0.028956
2020-07-24,1.164516,1.425571,1.649774,-0.177890,-0.071579
2020-07-27,1.167134,1.432804,1.645791,-0.176042,-0.066868
2020-07-28,1.184413,1.445400,1.657755,-0.163843,-0.058665
2020-07-29,1.212688,1.480442,1.683059,-0.143882,-0.035844
2020-07-30,1.203787,1.473209,1.682817,-0.150166,-0.040555
2020-07-31,1.204834,1.485517,1.692457,-0.149427,-0.032539
2020-08-03,1.221589,1.509645,1.723399,-0.137598,-0.016825
2020-08-04,1.215941,1.511066,1.729403,-0.141586,-0.015900
2020-08-05,1.214945,1.511481,1.722444,-0.142289,-0.015630
2020-08-06,1.216937,1.506940,1.721545,-0.140882,-0.018587
2020-08-07,1.211958,1.489592,1.713753,-0.144398,-0.029885
2020-08-10,1.228887,1.494952,1.733423,-0.132446,-0.026394
2020-08-11,1.217933,1.481318,1.724443,-0.140179,-0.035273
2020-08-12,1.214945,1.470516,1.718782,-0.142289,-0.042308
2020-08-13,1.216937,1.466742,1.726343,-0.140882,-0.044766
2020-08-14,1.226895,1.488548,1.740537,-0.133852,-0.030565
2020-08-17,1.251792,1.523542,1.777744,-0.116276,-0.007775
2020-08-18,1.254779,1.522760,1.779091,-0.114167,-0.008284
2020-08-19,1.253784,1.499954,1.773695,-0.114870,-0.023136
2020-08-20,1.233866,1.480486,1.753889,-0.128931,-0.035815
2020-08-21,1.233866,1.493044,1.755432,-0.128931,-0.027637
2020-08-24,1.243825,1.504754,1.765840,-0.121900,-0.020010
2020-08-25,1.240837,1.506684,1.764397,-0.124009,-0.018754
2020-08-26,1.224904,1.489022,1.742109,-0.135258,-0.030256
2020-08-27,1.228887,1.497002,1.745000,-0.132446,-0.025059
2020-08-28,1.252788,1.532730,1.776319,-0.115573,-0.001791
2020-08-31,1.247808,1.523855,1.768530,-0.119088,-0.007571
2020-09-01,1.249800,1.532050,1.770191,-0.117682,-0.002234
2020-09-02,1.252786,1.532610,1.767347,-0.115574,-0.001869
2020-09-03,1.250794,1.524133,1.764781,-0.116980,-0.007389
2020-09-04,1.247807,1.509301,1.755424,-0.119089,-0.017049
2020-09-07,1.233865,1.477392,1.736046,-0.128932,-0.037831
2020-09-08,1.241832,1.485308,1.746282,-0.123308,-0.032675
2020-09-09,1.222910,1.450567,1.722874,-0.136665,-0.055300
2020-09-10,1.210960,1.449741,1.712107,-0.145102,-0.055838
2020-09-11,1.216935,1.464074,1.717075,-0.140884,-0.046504
2020-09-14,1.222910,1.471595,1.721996,-0.136665,-0.041606
2020-09-15,1.227890,1.483438,1.730287,-0.133150,-0.033893
2020-09-16,1.228886,1.473592,1.730280,-0.132447,-0.040305
2020-09-17,1.235857,1.465792,1.732960,-0.127526,-0.045385
2020-09-18,1.256769,1.498818,1.764353,-0.112762,-0.023876
2020-09-21,1.248803,1.484371,1.751809,-0.118386,-0.033285
2020-09-22,1.232869,1.466757,1.727785,-0.129635,-0.044756
2020-09-23,1.233865,1.472000,1.727474,-0.128932,-0.041342
2020-09-24,1.213948,1.443758,1.699018,-0.142993,-0.059735
2020-09-25,1.206977,1.445957,1.692660,-0.147914,-0.058303
2020-09-28,1.205981,1.449719,1.694626,-0.148617,-0.055853
2020-09-29,1.209964,1.452848,1.700457,-0.145805,-0.053815
2020-09-30,1.203989,1.451456,1.691844,-0.150023,-0.054721
2020-10-09,1.231873,1.481116,1.719638,-0.130338,-0.035405
2020-10-12,1.261725,1.526051,1.756644,-0.109263,-0.006141
2020-10-13,1.264713,1.531126,1.761846,-0.107154,-0.002835
2020-10-14,1.264713,1.520969,1.757840,-0.107154,-0.009450
2020-10-15,1.261725,1.518324,1.756871,-0.109263,-0.011173
2020-10-16,1.265709,1.516091,1.761415,-0.106451,-0.012627
2020-10-19,1.258738,1.504640,1.752654,-0.111372,-0.020085
2020-10-20,1.258738,1.516657,1.754739,-0.111372,-0.012258
2020-10-21,1.255750,1.516454,1.756084,-0.113481,-0.012390
2020-10-22,1.245792,1.511756,1.748933,-0.120512,-0.015450
2020-10-23,1.238821,1.492933,1.743525,-0.125433,-0.027709
2020-10-26,1.238821,1.484311,1.736275,-0.125433,-0.033324
2020-10-27,1.235834,1.486855,1.732381,-0.127542,-0.031667
2020-10-28,1.236830,1.498875,1.735375,-0.126839,-0.023839
2020-10-29,1.245792,1.510155,1.751233,-0.120512,-0.016493
2020-10-30,1.230854,1.485605,1.727737,-0.131057,-0.032481
2020-11-02,1.239817,1.493674,1.743643,-0.124730,-0.027227
2020-11-03,1.247843,1.511623,1.759511,-0.119064,-0.015537
2020-11-04,1.247843,1.523045,1.774529,-0.119064,-0.008098
2020-11-05,1.247843,1.545652,1.800518,-0.119064,0.000000
2020-11-06,1.247843,1.545845,1.810881,-0.119064,0.000000
2020-11-09,1.247843,1.576102,1.839409,-0.119064,0.000000
2020-11-10,1.247843,1.567411,1.835454,-0.119064,-0.005515
2020-11-11,1.247843,1.551913,1.841038,-0.119064,-0.015347
2020-11-12,1.247843,1.553040,1.844981,-0.119064,-0.014633
2020-11-13,1.247843,1.536710,1.827818,-0.119064,-0.024993
2020-11-16,1.247843,1.551682,1.864317,-0.119064,-0.015494
2020-11-17,1.247843,1.548715,1.872283,-0.119064,-0.017377
2020-11-18,1.247843,1.547727,1.877856,-0.119064,-0.018003
2020-11-19,1.247843,1.559219,1.876523,-0.119064,-0.010712
2020-11-20,1.247843,1.564060,1.885087,-0.119064,-0.007640
2020-11-23,1.247843,1.583595,1.911953,-0.119064,0.000000
2020-11-24,1.247843,1.573868,1.905094,-0.119064,-0.006142
2020-11-25,1.247843,1.553749,1.883133,-0.119064,-0.018847
2020-11-26,1.247843,1.556561,1.880711,-0.119064,-0.017071
2020-11-27,1.247843,1.575919,1.895774,-0.119064,-0.004847
2020-11-30,1.247843,1.569426,1.887248,-0.119064,-0.008947
2020-12-01,1.247843,1.603234,1.899264,-0.119064,0.000000
2020-12-02,1.250163,1.603246,1.905976,-0.117426,0.000000
2020-12-03,1.231714,1.600057,1.888807,-0.130450,-0.001989
2020-12-04,1.236055,1.602860,1.886689,-0.127386,-0.000241
2020-12-07,1.225203,1.589040,1.865521,-0.135047,-0.008861
2020-12-08,1.219777,1.585129,1.858133,-0.138878,-0.011300
2020-12-09,1.213266,1.563873,1.837836,-0.143474,-0.024558
2020-12-10,1.206754,1.563184,1.837645,-0.148071,-0.024988
2020-12-11,1.191561,1.547082,1.824325,-0.158797,-0.035032
2020-12-14,1.193732,1.561386,1.819235,-0.157264,-0.026109
2020-12-15,1.192647,1.564633,1.812598,-0.158031,-0.024085
2020-12-16,1.189391,1.567408,1.810895,-0.160329,-0.022354
2020-12-17,1.207840,1.587534,1.828627,-0.147305,-0.009800
2020-12-18,1.215436,1.581994,1.835267,-0.141942,-0.013256
2020-12-21,1.227373,1.596823,1.840629,-0.133515,-0.004006
2020-12-22,1.195902,1.570856,1.803486,-0.155732,-0.020203
2020-12-23,1.205669,1.584256,1.807083,-0.148837,-0.011845
2020-12-24,1.202413,1.582009,1.799788,-0.151135,-0.013246
2020-12-25,1.219777,1.595295,1.812444,-0.138878,-0.004959
2020-12-28,1.221947,1.602382,1.812239,-0.137345,-0.000539
2020-12-29,1.216521,1.595589,1.800702,-0.141176,-0.004776
2020-12-30,1.221947,1.617981,1.806047,-0.137345,0.000000
2020-12-31,1.234970,1.648855,1.821239,-0.128152,0.000000
2021-01-04,1.258844,1.666710,1.832961,-0.111297,0.000000
2021-01-05,1.304510,1.698597,1.841482,-0.079059,0.000000
2021-01-06,1.318369,1.714154,1.852807,-0.069275,0.000000
2021-01-07,1.338486,1.744525,1.859060,-0.055073,0.000000
2021-01-08,1.322392,1.738757,1.862957,-0.066434,-0.003306
2021-01-11,1.298698,1.721586,1.841936,-0.083162,-0.013149
2021-01-12,1.332674,1.770689,1.860945,-0.059175,0.000000
2021-01-13,1.329545,1.764873,1.867433,-0.061385,-0.003284
2021-01-14,1.291992,1.730857,1.852712,-0.087896,-0.022495
2021-01-15,1.290651,1.726940,1.858908,-0.088843,-0.024707
2021-01-18,1.304063,1.746063,1.872626,-0.079374,-0.013907
2021-01-19,1.279028,1.720435,1.870379,-0.097048,-0.028381
2021-01-20,1.280369,1.732746,1.867039,-0.096101,-0.021428
2021-01-21,1.304510,1.760760,1.879150,-0.079059,-0.005607
2021-01-22,1.302275,1.762282,1.862040,-0.080637,-0.004748
2021-01-25,1.328651,1.780045,1.852685,-0.062016,0.000000
2021-01-26,1.312110,1.744307,1.838755,-0.073693,-0.020077
2021-01-27,1.308533,1.749063,1.840381,-0.076218,-0.017405
2021-01-28,1.269640,1.701330,1.809747,-0.103676,-0.044220
2021-01-29,1.271875,1.693363,1.798052,-0.102098,-0.048696
2021-02-01,1.299592,1.714148,1.817460,-0.082530,-0.037020
2021-02-02,1.297277,1.740548,1.826485,-0.084165,-0.022188
2021-02-03,1.297277,1.735521,1.818173,-0.084165,-0.025013
2021-02-04,1.297277,1.731961,1.804868,-0.084165,-0.027012
2021-02-05,1.297277,1.734954,1.813234,-0.084165,-0.025331
2021-02-08,1.297277,1.760630,1.828674,-0.084165,-0.010907
2021-02-09,1.297277,1.799133,1.852759,-0.084165,0.000000
2021-02-10,1.297277,1.837566,1.870552,-0.084165,0.000000
2021-02-18,1.297277,1.825119,1.902072,-0.084165,-0.006774
2021-02-19,1.297277,1.828429,1.934803,-0.084165,-0.004973
2021-02-22,1.297277,1.770999,1.941680,-0.084165,-0.036226
2021-02-23,1.297277,1.765411,1.924561,-0.084165,-0.039267
2021-02-24,1.297277,1.720451,1.900266,-0.084165,-0.063734
2021-02-25,1.297277,1.730572,1.930390,-0.084165,-0.058226
2021-02-26,1.297277,1.688554,1.891673,-0.084165,-0.081092
2021-03-01,1.297277,1.714505,1.921208,-0.084165,-0.066969
2021-03-02,1.297277,1.692626,1.902598,-0.084165,-0.078876
2021-03-03,1.297277,1.725083,1.942078,-0.084165,-0.061213
2021-03-04,1.297277,1.670820,1.916381,-0.084165,-0.090743
2021-03-05,1.297277,1.665153,1.904773,-0.084165,-0.093827
2021-03-08,1.297277,1.607322,1.871188,-0.084165,-0.125299
2021-03-09,1.297277,1.572828,1.848858,-0.084165,-0.144070
2021-03-10,1.297277,1.583145,1.847785,-0.084165,-0.138455
2021-03-11,1.297277,1.622572,1.888923,-0.084165,-0.116999
2021-03-12,1.297277,1.628318,1.910314,-0.084165,-0.113873
2021-03-15,1.297277,1.593248,1.898994,-0.084165,-0.132958
2021-03-16,1.297277,1.607113,1.910845,-0.084165,-0.125412
2021-03-17,1.297277,1.613915,1.910417,-0.084165,-0.121710
2021-03-18,1.297277,1.626859,1.921759,-0.084165,-0.114666
2021-03-19,1.297277,1.584246,1.892847,-0.084165,-0.137856
2021-03-22,1.297277,1.600085,1.914747,-0.084165,-0.129237
2021-03-23,1.297277,1.584930,1.892602,-0.084165,-0.137484
2021-03-24,1.297277,1.559441,1.867799,-0.084165,-0.151355
2021-03-25,1.297277,1.558700,1.864455,-0.084165,-0.151758
2021-03-26,1.297277,1.594023,1.891241,-0.084165,-0.132536
2021-03-29,1.297277,1.596836,1.911796,-0.084165,-0.131005
2021-03-30,1.297277,1.611976,1.916119,-0.084165,-0.122766
2021-03-31,1.297277,1.597304,1.909824,-0.084165,-0.130750
2021-04-01,1.297277,1.617054,1.928274,-0.084165,-0.120002
2021-04-02,1.287713,1.633121,1.926473,-0.090917,-0.111259
2021-04-06,1.287713,1.626407,1.926866,-0.090917,-0.114913
2021-04-07,1.290935,1.614827,1.929040,-0.088642,-0.121215
2021-04-08,1.289861,1.617506,1.931477,-0.089401,-0.119756
2021-04-09,1.293083,1.593185,1.923761,-0.087126,-0.132992
2021-04-12,1.296305,1.565471,1.912647,-0.084851,-0.148074
2021-04-13,1.276973,1.562905,1.898187,-0.098499,-0.149470
2021-04-14,1.275899,1.575874,1.909930,-0.099257,-0.142412
2021-04-15,1.269455,1.565857,1.906063,-0.103806,-0.147864
2021-04-16,1.282343,1.571302,1.926481,-0.094708,-0.144900
2021-04-19,1.285565,1.609536,1.942755,-0.092433,-0.124093
2021-04-20,1.282343,1.608381,1.940558,-0.094708,-0.124722
2021-04-21,1.279121,1.613245,1.942566,-0.096983,-0.122075
2021-04-22,1.275899,1.610239,1.944829,-0.099257,-0.123711
2021-04-23,1.268381,1.624860,1.947372,-0.104565,-0.115755
2021-04-26,1.259789,1.606442,1.933301,-0.110630,-0.125777
2021-04-27,1.255493,1.610644,1.932281,-0.113663,-0.123491
2021-04-28,1.260863,1.619731,1.943651,-0.109872,-0.118546
2021-04-29,1.271603,1.633947,1.958891,-0.102290,-0.110809
2021-04-30,1.261937,1.621075,1.943565,-0.109114,-0.117814
2021-05-06,1.269455,1.601342,1.948920,-0.103806,-0.128553
2021-05-07,1.281381,1.580753,1.950638,-0.095387,-0.139757
2021-05-10,1.281381,1.579605,1.959441,-0.095387,-0.140382
2021-05-11,1.281381,1.589299,1.958414,-0.095387,-0.135106
2021-05-12,1.281381,1.596099,1.972644,-0.095387,-0.131406
2021-05-13,1.281381,1.579779,1.952825,-0.095387,-0.140287
2021-05-14,1.281381,1.616994,1.968154,-0.095387,-0.120035
2021-05-17,1.281381,1.640534,1.977515,-0.095387,-0.107225
2021-05-18,1.281381,1.641360,1.984158,-0.095387,-0.106775
2021-05-19,1.281381,1.636509,1.976926,-0.095387,-0.109415
2021-05-20,1.281381,1.640983,1.963445,-0.095387,-0.106980
2021-05-21,1.281381,1.624448,1.962766,-0.095387,-0.115978
2021-05-24,1.281381,1.631232,1.968220,-0.095387,-0.112287
2021-05-25,1.281381,1.682770,2.001929,-0.095387,-0.084240
2021-05-26,1.281381,1.683438,2.007052,-0.095387,-0.083876
2021-05-27,1.281381,1.689019,2.017800,-0.095387,-0.080839
2021-05-28,1.281381,1.683596,2.013158,-0.095387,-0.083790
2021-05-31,1.281381,1.686912,2.018648,-0.095387,-0.081986
2021-06-01,1.281381,1.690111,2.028048,-0.095387,-0.080245
2021-06-02,1.272838,1.673750,2.019513,-0.101418,-0.089149
2021-06-03,1.275366,1.662777,2.022970,-0.099634,-0.095120
2021-06-04,1.272838,1.671317,2.021959,-0.101418,-0.090473
2021-06-07,1.268627,1.669845,2.017487,-0.104391,-0.091273
2021-06-08,1.261045,1.655446,2.004527,-0.109743,-0.099109
2021-06-09,1.266942,1.656816,2.011937,-0.105581,-0.098364
2021-06-10,1.269469,1.667896,2.021711,-0.103797,-0.092334
2021-06-11,1.265257,1.653098,2.012124,-0.106770,-0.100387
2021-06-15,1.258518,1.634703,1.995851,-0.111528,-0.110398
2021-06-16,1.237458,1.607470,1.977826,-0.126395,-0.125218
2021-06-17,1.239143,1.614241,1.978282,-0.125206,-0.121533
2021-06-18,1.239986,1.614425,1.974002,-0.124611,-0.121433
2021-06-21,1.242513,1.610603,1.969714,-0.122827,-0.123513
2021-06-22,1.261887,1.620655,1.988748,-0.109149,-0.118043
2021-06-23,1.277050,1.628637,2.004521,-0.098444,-0.113699
2021-06-24,1.276208,1.631352,2.007968,-0.099039,-0.112221
2021-06-25,1.280420,1.657930,2.023435,-0.096066,-0.097758
2021-06-28,1.271154,1.661660,2.014389,-0.102607,-0.095728
2021-06-29,1.271996,1.642290,2.000680,-0.102012,-0.106269
2021-06-30,1.277050,1.652890,2.008292,-0.098444,-0.100501
2021-07-01,1.271154,1.654668,2.009553,-0.102607,-0.099533
2021-07-02,1.260671,1.607670,1.982780,-0.110008,-0.125109
2021-07-05,1.261624,1.609147,1.981464,-0.109335,-0.124305
2021-07-06,1.260671,1.608296,1.987546,-0.110008,-0.124768
2021-07-07,1.264483,1.626454,1.992438,-0.107317,-0.114887
2021-07-08,1.242566,1.609929,1.963761,-0.122789,-0.123880
2021-07-09,1.256859,1.603974,1.968786,-0.112698,-0.127120
2021-07-12,1.265435,1.623993,1.977539,-0.106644,-0.116226
2021-07-13,1.275917,1.626964,1.992568,-0.099244,-0.114610
2021-07-14,1.269247,1.608290,1.988876,-0.103953,-0.124772
2021-07-15,1.277823,1.629925,2.001618,-0.097899,-0.112998
2021-07-16,1.278776,1.611988,2.001994,-0.097226,-0.122759
2021-07-19,1.277823,1.617911,2.002693,-0.097899,-0.119536
2021-07-20,1.272106,1.616488,1.994628,-0.101935,-0.120311
2021-07-21,1.274964,1.627577,1.992828,-0.099917,-0.114275
2021-07-22,1.287352,1.630017,2.003328,-0.091172,-0.112948
2021-07-23,1.274964,1.610236,1.984432,-0.099917,-0.123713
2021-07-26,1.246378,1.558368,1.935357,-0.120098,-0.151939
2021-07-27,1.213979,1.503317,1.879198,-0.142970,-0.181898
2021-07-28,1.200639,1.506219,1.871410,-0.152388,-0.180319
2021-07-29,1.214932,1.534628,1.883788,-0.142298,-0.164858
2021-07-30,1.225414,1.522257,1.880745,-0.134898,-0.171591
2021-08-02,1.233037,1.561038,1.903224,-0.129516,-0.150486
2021-08-03,1.219804,1.561266,1.897155,-0.138858,-0.150362
2021-08-04,1.233466,1.575311,1.906169,-0.129213,-0.142719
2021-08-05,1.221756,1.565762,1.900350,-0.137480,-0.147915
2021-08-06,1.228587,1.557185,1.901195,-0.132658,-0.152583
2021-08-09,1.244201,1.577434,1.933692,-0.121635,-0.141563
2021-08-10,1.247128,1.595656,1.947802,-0.119568,-0.131647
2021-08-11,1.265669,1.586857,1.968338,-0.106479,-0.136436
2021-08-12,1.273476,1.573571,1.975310,-0.100968,-0.143666
2021-08-13,1.271524,1.564911,1.972622,-0.102346,-0.148378
2021-08-16,1.264693,1.563358,1.979666,-0.107168,-0.149224
2021-08-17,1.243225,1.530556,1.943939,-0.122324,-0.167074
2021-08-18,1.246152,1.548541,1.958630,-0.120257,-0.157287
2021-08-19,1.238345,1.538384,1.942775,-0.125769,-0.162814
2021-08-20,1.230539,1.509000,1.924537,-0.131280,-0.178805
2021-08-23,1.252983,1.530075,1.943533,-0.115435,-0.167336
2021-08-24,1.261766,1.546690,1.958265,-0.109235,-0.158294
2021-08-25,1.276403,1.549781,1.974611,-0.098901,-0.156612
2021-08-26,1.273476,1.519232,1.969708,-0.100968,-0.173237
2021-08-27,1.289089,1.527278,1.978275,-0.089945,-0.168858
2021-08-30,1.303727,1.522922,1.977312,-0.079611,-0.171229
2021-08-31,1.309582,1.520498,2.002328,-0.075478,-0.172548
2021-09-01,1.313485,1.540700,2.020354,-0.072722,-0.161554
2021-09-02,1.354017,1.540684,2.045625,-0.044109,-0.161563
2021-09-03,1.344440,1.532347,2.040942,-0.050869,-0.166100
2021-09-06,1.356338,1.561035,2.068072,-0.042470,-0.150488
2021-09-07,1.390580,1.579735,2.100765,-0.018296,-0.140312
2021-09-08,1.405960,1.573185,2.115294,-0.007438,-0.143876
2021-09-09,1.448618,1.572514,2.150670,0.000000,-0.144241
2021-09-10,1.421921,1.586281,2.138539,-0.018429,-0.136749
2021-09-13,1.452390,1.579364,2.166094,0.000000,-0.140513
2021-09-14,1.422791,1.555793,2.125155,-0.020380,-0.153341
2021-09-15,1.412925,1.540023,2.112712,-0.027173,-0.161922
2021-09-16,1.407411,1.521159,2.095717,-0.030969,-0.172188
2021-09-17,1.369687,1.536422,2.081495,-0.056943,-0.163882
2021-09-22,1.394353,1.525611,2.105229,-0.039960,-0.169765
2021-09-23,1.390580,1.535556,2.111507,-0.042557,-0.164354
2021-09-24,1.342119,1.534363,2.073059,-0.075924,-0.165003
2021-09-27,1.306136,1.543203,2.045856,-0.100699,-0.160192
2021-09-28,1.339217,1.545247,2.074675,-0.077922,-0.159080
2021-09-29,1.303524,1.529458,2.033775,-0.102498,-0.167672
2021-09-30,1.309908,1.539726,2.049656,-0.098102,-0.162084
2021-10-08,1.305845,1.559836,2.059220,-0.100899,-0.151140
2021-10-11,1.291866,1.561814,2.067672,-0.110524,-0.150064
2021-10-12,1.273014,1.545250,2.043844,-0.123504,-0.159078
2021-10-13,1.255154,1.563054,2.036400,-0.135801,-0.149389
2021-10-14,1.248208,1.554669,2.027803,-0.140583,-0.153952
2021-10-15,1.254162,1.560523,2.029026,-0.136484,-0.150767
2021-10-18,1.256146,1.542383,2.034854,-0.135118,-0.160638
2021-10-19,1.256146,1.557552,2.051115,-0.135118,-0.152383
2021-10-20,1.258130,1.553584,2.031414,-0.133752,-0.154543
2021-10-21,1.271029,1.559229,2.048096,-0.124871,-0.151471
2021-10-22,1.256146,1.569262,2.036205,-0.135118,-0.146011
2021-10-25,1.261107,1.575523,2.035011,-0.131702,-0.142603
2021-10-26,1.250193,1.570328,2.024789,-0.139217,-0.145431
2021-10-27,1.243247,1.549781,1.991685,-0.143999,-0.156612
2021-10-28,1.229356,1.539017,1.959357,-0.153564,-0.162470
2021-10-29,1.219434,1.553138,1.963693,-0.160395,-0.154785
2021-11-01,1.224395,1.547417,1.970815,-0.156979,-0.157898
2021-11-02,1.198513,1.531332,1.936298,-0.174800,-0.166652
2021-11-03,1.205458,1.525402,1.951670,-0.170018,-0.169879
2021-11-04,1.206450,1.540472,1.962806,-0.169335,-0.161678
2021-11-05,1.184623,1.532123,1.938528,-0.184363,-0.166222
2021-11-08,1.180654,1.533967,1.937679,-0.187096,-0.165218
2021-11-09,1.179662,1.533512,1.935039,-0.187779,-0.165466
2021-11-10,1.178670,1.525428,1.929396,-0.188462,-0.169865
2021-11-11,1.203473,1.549936,1.961492,-0.171384,-0.156528
2021-11-12,1.198513,1.546683,1.952205,-0.174800,-0.158298
2021-11-15,1.207442,1.544788,1.954507,-0.168652,-0.159329
2021-11-16,1.197521,1.545086,1.951620,-0.175483,-0.159167
2021-11-17,1.195536,1.545854,1.955815,-0.176849,-0.158749
2021-11-18,1.190576,1.530626,1.947698,-0.180265,-0.167036
2021-11-19,1.204466,1.547218,1.971919,-0.170701,-0.158007
2021-11-22,1.197521,1.554286,1.972933,-0.175483,-0.154160
2021-11-23,1.205458,1.554587,1.980412,-0.170018,-0.153997
2021-11-24,1.211411,1.555634,1.993820,-0.165919,-0.153427
2021-11-25,1.210418,1.549237,1.988536,-0.166603,-0.156908
2021-11-26,1.200497,1.537748,1.970575,-0.173434,-0.163160
2021-11-29,1.201489,1.534992,1.958806,-0.172751,-0.164660
2021-11-30,1.201489,1.528857,1.958313,-0.172751,-0.167999
2021-12-01,1.212403,1.532597,1.973831,-0.165236,-0.165964
2021-12-02,1.204688,1.536492,1.982790,-0.170548,-0.163844
2021-12-03,1.225107,1.550686,2.007703,-0.156490,-0.156120
2021-12-06,1.220731,1.548028,2.002382,-0.159502,-0.157566
2021-12-07,1.229482,1.557356,2.020855,-0.153477,-0.152490
2021-12-08,1.254276,1.580715,2.029689,-0.136406,-0.139778
2021-12-09,1.286362,1.606901,2.047888,-0.114314,-0.125528
2021-12-10,1.283445,1.599443,2.036802,-0.116322,-0.129586
2021-12-13,1.284903,1.608518,2.036119,-0.115318,-0.124648
2021-12-14,1.289279,1.597728,2.017408,-0.112306,-0.130519
2021-12-15,1.273236,1.583870,2.017901,-0.123352,-0.138061
2021-12-16,1.271777,1.592992,2.038606,-0.124356,-0.133097
2021-12-17,1.252817,1.567689,2.026223,-0.137410,-0.146867
2021-12-20,1.242608,1.544168,2.007964,-0.144439,-0.159667
2021-12-21,1.249900,1.554631,2.036146,-0.139418,-0.153973
2021-12-22,1.257193,1.554935,2.033348,-0.134398,-0.153807
2021-12-23,1.261568,1.565784,2.043858,-0.131385,-0.147903
2021-12-24,1.273236,1.557115,2.039568,-0.123352,-0.152621
2021-12-27,1.270319,1.556476,2.044766,-0.125360,-0.152969
2021-12-28,1.276153,1.568069,2.041944,-0.121343,-0.146660
2021-12-29,1.235316,1.545136,2.019565,-0.149460,-0.159140
2021-12-30,1.251359,1.557169,2.028016,-0.138414,-0.152592
2021-12-31,1.252817,1.563136,2.042756,-0.137410,-0.149344
2022-01-04,1.242608,1.555986,2.055266,-0.144439,-0.153236
2022-01-05,1.240219,1.540276,2.051767,-0.146084,-0.161785
2022-01-06,1.240219,1.524491,2.047297,-0.146084,-0.170375
2022-01-07,1.240219,1.525801,2.056452,-0.146084,-0.169662
2022-01-10,1.240219,1.532660,2.068440,-0.146084,-0.165929
2022-01-11,1.240219,1.518017,2.065244,-0.146084,-0.173898
2022-01-12,1.240219,1.533145,2.061487,-0.146084,-0.165666
2022-01-13,1.240219,1.507940,2.043342,-0.146084,-0.179382
2022-01-14,1.240219,1.495540,2.012985,-0.146084,-0.186130
2022-01-17,1.240219,1.508370,2.019794,-0.146084,-0.179148
2022-01-18,1.240219,1.522947,2.047262,-0.146084,-0.171215
2022-01-19,1.240219,1.512515,2.055022,-0.146084,-0.176892
2022-01-20,1.240219,1.526162,2.055715,-0.146084,-0.169466
2022-01-21,1.240219,1.512177,2.041467,-0.146084,-0.177076
2022-01-24,1.240219,1.514528,2.034501,-0.146084,-0.175797
2022-01-25,1.240219,1.480265,1.981087,-0.146084,-0.194443
2022-01-26,1.240219,1.490978,1.990257,-0.146084,-0.188613
2022-01-27,1.240219,1.461733,1.966856,-0.146084,-0.204528
2022-01-28,1.240219,1.443980,1.952452,-0.146084,-0.214189
2022-02-07,1.240219,1.466229,1.989599,-0.146084,-0.202081
2022-02-08,1.240219,1.458218,2.014672,-0.146084,-0.206441
2022-02-09,1.240219,1.471915,2.030019,-0.146084,-0.198987
2022-02-10,1.240219,1.468055,2.047408,-0.146084,-0.201088
2022-02-11,1.240219,1.455886,2.045014,-0.146084,-0.207710
2022-02-14,1.240219,1.440158,2.015811,-0.146084,-0.216269
2022-02-15,1.240219,1.455475,2.015656,-0.146084,-0.207934
2022-02-16,1.240219,1.461135,2.029122,-0.146084,-0.204853
2022-02-17,1.240219,1.464669,2.022350,-0.146084,-0.202930
2022-02-18,1.240219,1.471655,2.050701,-0.146084,-0.199128
2022-02-21,1.240219,1.466299,2.055569,-0.146084,-0.202043
2022-02-22,1.240219,1.447264,2.033935,-0.146084,-0.212402
2022-02-23,1.240219,1.462736,2.036643,-0.146084,-0.203982
2022-02-24,1.240219,1.433080,1.998112,-0.146084,-0.220121
2022-02-25,1.240219,1.447033,1.998445,-0.146084,-0.212527
2022-02-28,1.240219,1.449637,2.000326,-0.146084,-0.211110
2022-03-01,1.240219,1.461673,2.019642,-0.146084,-0.204560
2022-03-02,1.245857,1.448672,2.023125,-0.142202,-0.211636
2022-03-03,1.258995,1.440139,2.032954,-0.133157,-0.216279
2022-03-04,1.248777,1.422673,2.015094,-0.140192,-0.225784
2022-03-07,1.242208,1.377222,1.980850,-0.144715,-0.250518
2022-03-08,1.203526,1.349572,1.928984,-0.171348,-0.265565
2022-03-09,1.188929,1.337220,1.899729,-0.181399,-0.272288
2022-03-10,1.200606,1.358257,1.926567,-0.173358,-0.260839
2022-03-11,1.203526,1.362586,1.937219,-0.171348,-0.258484
2022-03-14,1.183090,1.320897,1.893231,-0.185419,-0.281171
2022-03-15,1.115944,1.260480,1.788435,-0.231650,-0.314049
2022-03-16,1.139299,1.314986,1.833809,-0.215570,-0.284387
2022-03-17,1.154626,1.340811,1.865536,-0.205017,-0.270333
2022-03-18,1.188929,1.349733,1.900596,-0.181399,-0.265478
2022-03-21,1.183090,1.347471,1.897302,-0.185419,-0.266709
2022-03-22,1.200606,1.346380,1.918380,-0.173358,-0.267303
2022-03-23,1.202066,1.353094,1.926657,-0.172353,-0.263649
2022-03-24,1.199147,1.345117,1.917373,-0.174363,-0.267990
2022-03-25,1.199147,1.320837,1.905955,-0.174363,-0.281203
2022-03-28,1.229071,1.312579,1.917751,-0.153760,-0.285697
2022-03-29,1.223232,1.308044,1.911964,-0.157780,-0.288165
2022-03-30,1.234909,1.346000,1.943466,-0.149740,-0.267509
2022-03-31,1.257535,1.336033,1.956691,-0.134162,-0.272933
2022-04-01,1.276511,1.352980,1.982368,-0.121096,-0.263711
2022-04-06,1.294351,1.349082,1.999666,-0.108813,-0.265832
2022-04-07,1.275153,1.331762,1.971535,-0.122032,-0.275258
2022-04-08,1.289621,1.338618,1.990194,-0.112070,-0.271527
2022-04-11,1.264858,1.297265,1.948678,-0.129120,-0.294031
2022-04-12,1.260684,1.322545,1.959834,-0.131993,-0.280273
2022-04-13,1.270423,1.309816,1.956691,-0.125288,-0.287200
2022-04-14,1.293794,1.326215,1.991969,-0.109196,-0.278276
2022-04-15,1.280161,1.325323,1.983354,-0.118583,-0.278762
2022-04-18,1.253172,1.318245,1.958582,-0.137166,-0.282613
2022-04-19,1.271536,1.308285,1.969483,-0.124522,-0.288034
2022-04-20,1.235365,1.288001,1.932062,-0.149426,-0.299073
2022-04-21,1.212550,1.264283,1.891886,-0.165135,-0.311980
2022-04-22,1.225070,1.269795,1.912032,-0.156514,-0.308980
2022-04-25,1.173319,1.207040,1.830493,-0.192147,-0.343131
2022-04-26,1.156903,1.197298,1.806450,-0.203449,-0.348433
2022-04-27,1.171927,1.232551,1.834524,-0.193104,-0.329248
2022-04-28,1.191126,1.240642,1.854980,-0.179886,-0.324845
2022-04-29,1.205594,1.270741,1.893270,-0.169924,-0.308465
2022-05-05,1.200864,1.268833,1.899140,-0.173181,-0.309504
2022-05-06,1.165426,1.236753,1.850129,-0.197581,-0.326961
2022-05-09,1.171749,1.226824,1.844928,-0.193228,-0.332365
2022-05-10,1.182988,1.240249,1.853890,-0.185489,-0.325059
2022-05-11,1.184393,1.258142,1.859925,-0.184521,-0.315322
2022-05-12,1.181583,1.252548,1.854500,-0.186456,-0.318366
2022-05-13,1.203360,1.261996,1.880017,-0.171462,-0.313224
2022-05-16,1.213195,1.251852,1.889261,-0.164691,-0.318745
2022-05-17,1.201955,1.267466,1.885430,-0.172429,-0.310247
2022-05-18,1.195633,1.263043,1.874480,-0.176783,-0.312655
2022-05-19,1.203360,1.265476,1.875306,-0.171462,-0.311330
2022-05-20,1.207575,1.290155,1.902952,-0.168560,-0.297900
2022-05-23,1.199146,1.282682,1.894917,-0.174364,-0.301967
2022-05-24,1.177368,1.252678,1.858636,-0.189358,-0.318295
2022-05-25,1.195633,1.260281,1.875165,-0.176783,-0.314158
2022-05-26,1.208980,1.263400,1.890908,-0.167593,-0.312460
2022-05-27,1.214600,1.266014,1.893538,-0.163723,-0.311038
2022-05-30,1.216005,1.274784,1.900179,-0.162756,-0.306265
2022-05-31,1.213195,1.294559,1.912252,-0.164691,-0.295503
2022-06-01,1.214600,1.291921,1.913557,-0.163723,-0.296939
2022-06-02,1.206182,1.293943,1.905513,-0.169520,-0.295839
2022-06-06,1.204777,1.318153,1.915384,-0.170487,-0.282663
2022-06-07,1.206182,1.322279,1.924500,-0.169520,-0.280418
2022-06-08,1.213207,1.335151,1.940325,-0.164683,-0.273414
2022-06-09,1.217422,1.321185,1.933336,-0.161781,-0.281014
2022-06-10,1.220232,1.341219,1.948064,-0.159846,-0.270111
2022-06-13,1.200562,1.325513,1.925151,-0.173389,-0.278658
2022-06-14,1.216017,1.335942,1.944844,-0.162748,-0.272983
2022-06-15,1.224447,1.353631,1.964743,-0.156944,-0.263356
2022-06-16,1.206182,1.344722,1.943161,-0.169520,-0.268205
2022-06-17,1.201967,1.363383,1.952932,-0.172422,-0.258050
2022-06-20,1.197049,1.370151,1.955248,-0.175807,-0.254367
2022-06-21,1.201967,1.368613,1.953779,-0.172422,-0.255203
2022-06-22,1.185809,1.351227,1.928750,-0.183546,-0.264665
2022-06-23,1.190024,1.374406,1.947322,-0.180644,-0.252051
2022-06-24,1.185809,1.390508,1.956261,-0.183546,-0.243288
2022-06-27,1.200562,1.406167,1.977929,-0.173389,-0.234767
2022-06-28,1.206182,1.420803,1.997545,-0.169520,-0.226802
2022-06-29,1.214612,1.398921,1.990739,-0.163715,-0.238710
2022-06-30,1.218827,1.419060,2.013320,-0.160813,-0.227750
2022-07-01,1.218827,1.413273,2.011591,-0.160813,-0.230900
2022-07-04,1.223174,1.422547,2.018583,-0.157820,-0.225853
2022-07-05,1.215210,1.420493,2.018949,-0.163303,-0.226970
2022-07-06,1.186542,1.399747,1.981397,-0.183042,-0.238260
2022-07-07,1.183357,1.405917,1.986562,-0.185235,-0.234903
2022-07-08,1.184950,1.401269,1.988460,-0.184138,-0.237432
2022-07-11,1.175394,1.377804,1.971487,-0.190718,-0.250201
2022-07-12,1.145133,1.364832,1.970770,-0.211553,-0.257261
2022-07-13,1.154689,1.367313,1.972138,-0.204974,-0.255911
2022-07-14,1.154689,1.367506,1.953713,-0.204974,-0.255806
2022-07-15,1.140355,1.344238,1.923737,-0.214843,-0.268469
2022-07-18,1.143540,1.358178,1.951239,-0.212650,-0.260882
2022-07-19,1.140355,1.350822,1.956055,-0.214843,-0.264885
2022-07-20,1.146725,1.355397,1.962495,-0.210456,-0.262396
2022-07-21,1.138762,1.340292,1.941015,-0.215939,-0.270616
2022-07-22,1.138762,1.340979,1.934400,-0.215939,-0.270242
2022-07-25,1.135577,1.332882,1.932832,-0.218133,-0.274648
2022-07-26,1.137169,1.343431,1.952831,-0.217036,-0.268908
2022-07-27,1.127613,1.336805,1.945307,-0.223616,-0.272513
2022-07-28,1.124428,1.337005,1.948424,-0.225809,-0.272405
2022-07-29,1.097353,1.319422,1.926795,-0.244451,-0.281973
2022-08-01,1.100538,1.325301,1.929750,-0.242258,-0.278774
2022-08-02,1.085279,1.299464,1.887084,-0.252764,-0.292834
2022-08-03,1.079875,1.286795,1.871498,-0.256485,-0.299729
2022-08-04,1.083477,1.297730,1.882556,-0.254004,-0.293778
2022-08-05,1.101490,1.315249,1.900166,-0.241602,-0.284244
2022-08-08,1.105093,1.312452,1.911602,-0.239121,-0.285766
2022-08-09,1.109596,1.315053,1.915611,-0.236021,-0.284351
2022-08-10,1.103291,1.300324,1.903700,-0.240362,-0.292366
2022-08-11,1.117702,1.326839,1.928531,-0.230440,-0.277937
2022-08-12,1.121304,1.326082,1.941469,-0.227959,-0.278348
2022-08-15,1.120404,1.324352,1.938584,-0.228579,-0.279290
2022-08-16,1.118602,1.321871,1.938590,-0.229820,-0.280640
2022-08-17,1.122205,1.334249,1.947010,-0.227339,-0.273904
2022-08-18,1.116801,1.322586,1.929923,-0.231060,-0.280251
2022-08-19,1.106894,1.313401,1.935768,-0.237881,-0.285250
2022-08-22,1.121304,1.322998,1.947843,-0.227959,-0.280027
2022-08-23,1.122205,1.316568,1.947504,-0.227339,-0.283526
2022-08-24,1.096987,1.291680,1.920524,-0.244702,-0.297070
2022-08-25,1.107795,1.302381,1.948890,-0.237261,-0.291247
2022-08-26,1.101490,1.299631,1.945854,-0.241602,-0.292743
2022-08-29,1.102391,1.293927,1.950376,-0.240982,-0.295848
2022-08-30,1.096086,1.289583,1.944492,-0.245323,-0.298212
2022-08-31,1.079875,1.290548,1.940135,-0.256485,-0.297687
2022-09-01,1.072670,1.279442,1.944690,-0.261445,-0.303730
2022-09-02,1.072765,1.273073,1.937449,-0.261380,-0.307196
2022-09-05,1.072765,1.270485,1.951716,-0.261380,-0.308605
2022-09-06,1.072765,1.282144,1.975670,-0.261380,-0.302260
2022-09-07,1.072765,1.282998,1.970801,-0.261380,-0.301795
2022-09-08,1.072765,1.277524,1.970147,-0.261380,-0.304774
2022-09-09,1.072765,1.295278,1.996210,-0.261380,-0.295112
2022-09-13,1.072765,1.300758,1.994666,-0.261380,-0.292130
2022-09-14,1.072765,1.286282,1.978392,-0.261380,-0.300008
2022-09-15,1.072765,1.274183,1.976445,-0.261380,-0.306592
2022-09-16,1.072765,1.244302,1.925284,-0.261380,-0.322853
2022-09-19,1.072765,1.242822,1.922618,-0.261380,-0.323659
2022-09-20,1.072765,1.244353,1.920546,-0.261380,-0.322825
2022-09-21,1.072765,1.235143,1.926905,-0.261380,-0.327838
2022-09-22,1.072765,1.224262,1.916368,-0.261380,-0.333759
2022-09-23,1.072765,1.220047,1.903667,-0.261380,-0.336053
2022-09-26,1.072765,1.213928,1.881164,-0.261380,-0.339383
2022-09-27,1.072765,1.231526,1.907557,-0.261380,-0.329806
2022-09-28,1.072765,1.211406,1.888569,-0.261380,-0.340755
2022-09-29,1.072765,1.210909,1.880509,-0.261380,-0.341025
2022-09-30,1.072765,1.203870,1.887283,-0.261380,-0.344857
2022-10-10,1.072765,1.177308,1.869000,-0.261380,-0.359311
2022-10-11,1.072765,1.179443,1.865250,-0.261380,-0.358149
2022-10-12,1.072765,1.197358,1.884580,-0.261380,-0.348400
2022-10-13,1.072765,1.187347,1.873810,-0.261380,-0.353848
2022-10-14,1.072765,1.215760,1.903899,-0.261380,-0.338386
2022-10-17,1.072765,1.217007,1.902196,-0.261380,-0.337707
2022-10-18,1.072765,1.214431,1.901147,-0.261380,-0.339109
2022-10-19,1.072765,1.194896,1.878033,-0.261380,-0.349740
2022-10-20,1.072765,1.188062,1.867556,-0.261380,-0.353459
2022-10-21,1.072765,1.184253,1.868368,-0.261380,-0.355532
2022-10-24,1.072765,1.149601,1.824961,-0.261380,-0.374390
2022-10-25,1.072765,1.147727,1.814120,-0.261380,-0.375409
2022-10-26,1.072765,1.157045,1.815345,-0.261380,-0.370338
2022-10-27,1.072765,1.148895,1.813236,-0.261380,-0.374774
2022-10-28,1.072765,1.120479,1.776374,-0.261380,-0.390237
2022-10-31,1.072765,1.110155,1.745639,-0.261380,-0.395856
2022-11-01,1.072765,1.149854,1.784088,-0.261380,-0.374252
2022-11-02,1.072765,1.163661,1.805128,-0.261380,-0.366738
2022-11-03,1.072765,1.154198,1.792365,-0.261380,-0.371888
2022-11-04,1.072765,1.191935,1.831539,-0.261380,-0.351351
2022-11-07,1.072765,1.194507,1.841252,-0.261380,-0.349951
2022-11-08,1.072765,1.186290,1.834286,-0.261380,-0.354423
2022-11-09,1.072765,1.175197,1.830648,-0.261380,-0.360460
2022-11-10,1.072765,1.166155,1.828752,-0.261380,-0.365381
2022-11-11,1.072765,1.198665,1.871897,-0.261380,-0.347689
2022-11-14,1.072765,1.200430,1.876206,-0.261380,-0.346728
2022-11-15,1.072765,1.223195,1.898218,-0.261380,-0.334339
2022-11-16,1.072765,1.213203,1.893266,-0.261380,-0.339777
2022-11-17,1.072765,1.208226,1.886110,-0.261380,-0.342486
2022-11-18,1.072765,1.202819,1.881209,-0.261380,-0.345428
2022-11-21,1.072765,1.192555,1.867768,-0.261380,-0.351014
2022-11-22,1.072765,1.192694,1.875785,-0.261380,-0.350938
2022-11-23,1.072765,1.193947,1.880745,-0.261380,-0.350256
2022-11-24,1.072765,1.188657,1.881653,-0.261380,-0.353135
2022-11-25,1.072765,1.194659,1.905599,-0.261380,-0.349869
2022-11-28,1.072765,1.181199,1.891262,-0.261380,-0.357194
2022-11-29,1.072765,1.217642,1.947264,-0.261380,-0.337361
2022-11-30,1.072765,1.219104,1.942947,-0.261380,-0.336566
2022-12-01,1.072765,1.232308,1.949540,-0.261380,-0.329381
2022-12-02,1.069430,1.224771,1.939013,-0.263676,-0.333482
2022-12-05,1.101479,1.248795,1.974918,-0.241609,-0.320408
2022-12-06,1.098106,1.255541,1.976442,-0.243932,-0.316737
2022-12-07,1.094732,1.252453,1.968470,-0.246255,-0.318418
2022-12-08,1.094732,1.252687,1.972439,-0.246255,-0.318290
2022-12-09,1.097262,1.265046,1.986906,-0.244513,-0.311565
2022-12-12,1.087985,1.250871,1.957437,-0.250900,-0.319278
2022-12-13,1.087142,1.248416,1.959758,-0.251481,-0.320615
2022-12-14,1.078708,1.251330,1.957925,-0.257288,-0.319029
2022-12-15,1.071117,1.250412,1.943648,-0.262514,-0.319528
2022-12-16,1.087142,1.251121,1.955087,-0.251481,-0.319142
2022-12-19,1.065213,1.231817,1.922734,-0.266579,-0.329647
2022-12-20,1.052562,1.211504,1.896375,-0.275290,-0.340702
2022-12-21,1.055092,1.211985,1.897981,-0.273548,-0.340440
2022-12-22,1.052562,1.213722,1.893868,-0.275290,-0.339495
2022-12-23,1.050875,1.211251,1.890633,-0.276451,-0.340839
2022-12-26,1.046658,1.216083,1.889391,-0.279355,-0.338210
2022-12-27,1.056779,1.230118,1.909996,-0.272386,-0.330572
2022-12-28,1.055936,1.224869,1.907236,-0.272967,-0.333429
2022-12-29,1.047502,1.220262,1.894186,-0.278774,-0.335936
2022-12-30,1.056779,1.224986,1.905092,-0.272386,-0.333365
2023-01-03,1.066057,1.230134,1.912735,-0.265999,-0.330563
2023-01-04,1.072026,1.231732,1.924033,-0.261888,-0.329694
2023-01-05,1.072870,1.255661,1.941402,-0.261308,-0.316672
2023-01-06,1.072026,1.259556,1.941045,-0.261888,-0.314552
2023-01-09,1.069496,1.269754,1.946001,-0.263631,-0.309003
2023-01-10,1.064435,1.271130,1.941765,-0.267115,-0.308253
2023-01-11,1.067809,1.268776,1.946314,-0.264792,-0.309535
2023-01-12,1.066122,1.271257,1.943201,-0.265954,-0.308185
2023-01-13,1.078774,1.289136,1.963890,-0.257243,-0.298454
2023-01-16,1.083834,1.309253,1.981799,-0.253758,-0.287507
2023-01-17,1.082991,1.309025,1.977696,-0.254339,-0.287631
2023-01-18,1.087208,1.306833,1.981104,-0.251435,-0.288824
2023-01-19,1.088895,1.314964,1.989368,-0.250274,-0.284399
2023-01-20,1.098173,1.323039,2.005110,-0.243886,-0.280005
2023-01-30,1.096486,1.329310,2.002210,-0.245047,-0.276592
2023-01-31,1.092269,1.315233,1.995705,-0.247951,-0.284253
2023-02-01,1.101547,1.327595,2.008262,-0.241563,-0.277525
2023-02-02,1.091794,1.322918,2.007709,-0.248278,-0.280070
2023-02-03,1.083932,1.310414,1.994266,-0.253691,-0.286875
2023-02-06,1.061918,1.293091,1.975182,-0.268848,-0.296302
2023-02-07,1.066111,1.295417,1.982039,-0.265961,-0.295037
2023-02-08,1.059297,1.289693,1.973822,-0.270653,-0.298151
2023-02-09,1.079215,1.307007,1.993490,-0.256939,-0.288729
2023-02-10,1.076594,1.299239,1.994861,-0.258743,-0.292957
2023-02-13,1.094939,1.311028,2.009759,-0.246113,-0.286541
2023-02-14,1.089173,1.311572,2.013546,-0.250082,-0.286245
2023-02-15,1.082359,1.304738,2.005315,-0.254774,-0.289964
2023-02-16,1.079215,1.295183,1.995074,-0.256939,-0.295164
2023-02-17,1.072401,1.276521,1.984412,-0.261631,-0.305319
2023-02-20,1.106470,1.307839,2.028367,-0.238173,-0.288277
2023-02-21,1.106470,1.311275,2.043203,-0.238173,-0.286407
2023-02-22,1.097035,1.299442,2.038684,-0.244669,-0.292846
2023-02-23,1.095463,1.298397,2.036848,-0.245752,-0.293415
2023-02-24,1.081835,1.284919,2.026863,-0.255135,-0.300750
2023-02-27,1.080263,1.279474,2.024957,-0.256217,-0.303713
2023-02-28,1.087601,1.287580,2.034324,-0.251165,-0.299302
2023-03-01,1.105422,1.305766,2.054058,-0.238895,-0.289404
2023-03-02,1.107218,1.302856,2.061168,-0.237658,-0.290989
2023-03-03,1.111537,1.306909,2.070632,-0.234685,-0.288783
2023-03-06,1.114128,1.300093,2.062849,-0.232901,-0.292492
2023-03-07,1.099445,1.281059,2.044009,-0.243010,-0.302850
2023-03-08,1.097718,1.276395,2.040023,-0.244199,-0.305388
2023-03-09,1.101173,1.271883,2.037287,-0.241820,-0.307844
2023-03-10,1.085627,1.255206,2.006110,-0.252524,-0.316920
2023-03-13,1.102900,1.268352,2.032473,-0.240631,-0.309765
2023-03-14,1.093400,1.260762,2.020150,-0.247172,-0.313896
2023-03-15,1.101173,1.261458,2.033774,-0.241820,-0.313517
2023-03-16,1.083036,1.246350,2.015081,-0.254308,-0.321739
2023-03-17,1.092536,1.252573,2.032386,-0.247767,-0.318352
2023-03-20,1.089081,1.246327,2.019911,-0.250146,-0.321751
2023-03-21,1.094263,1.260028,2.027346,-0.246578,-0.314295
2023-03-22,1.101173,1.265425,2.040118,-0.241820,-0.311358
2023-03-23,1.119310,1.277971,2.048926,-0.229333,-0.304531
2023-03-24,1.112400,1.274161,2.038388,-0.234090,-0.306604
2023-03-27,1.107218,1.269551,2.023396,-0.237658,-0.309113
2023-03-28,1.105491,1.265447,2.023965,-0.238847,-0.311346
2023-03-29,1.104627,1.267545,2.021279,-0.239442,-0.310204
2023-03-30,1.114991,1.277793,2.037265,-0.232306,-0.304627
2023-03-31,1.125355,1.281717,2.044536,-0.225170,-0.302492
2023-04-03,1.129674,1.294259,2.056976,-0.222197,-0.295667
2023-04-04,1.153579,1.298227,2.068615,-0.205737,-0.293508
2023-04-06,1.155194,1.296179,2.060332,-0.204626,-0.294622
2023-04-07,1.151158,1.304608,2.062119,-0.207405,-0.290035
2023-04-10,1.151965,1.298764,2.057032,-0.206849,-0.293215
2023-04-11,1.157616,1.297290,2.065523,-0.202958,-0.294017
2023-04-12,1.171339,1.296385,2.079789,-0.193509,-0.294510
2023-04-13,1.165688,1.287428,2.075249,-0.197400,-0.299384
2023-04-14,1.171339,1.294711,2.074172,-0.193509,-0.295421
2023-04-17,1.189906,1.312866,2.100830,-0.180726,-0.285541
2023-04-18,1.197979,1.316869,2.109409,-0.175167,-0.283362
2023-04-19,1.188292,1.305013,2.100855,-0.181837,-0.289814
2023-04-20,1.202822,1.301362,2.105266,-0.171833,-0.291801
2023-04-21,1.183448,1.275908,2.076362,-0.185172,-0.305654
2023-04-24,1.190714,1.260110,2.067427,-0.180170,-0.314251
2023-04-25,1.197172,1.253791,2.070847,-0.175723,-0.317689
2023-04-26,1.181834,1.252703,2.066280,-0.186284,-0.318282
2023-04-27,1.189906,1.261939,2.071712,-0.180726,-0.313255
2023-04-28,1.201208,1.274807,2.099749,-0.172944,-0.306253
2023-05-04,1.220582,1.275174,2.122192,-0.159605,-0.306053
2023-05-05,1.219667,1.270943,2.121140,-0.160235,-0.308355
2023-05-08,1.219667,1.285428,2.158436,-0.160235,-0.300472
2023-05-09,1.219667,1.274424,2.138793,-0.160235,-0.306461
2023-05-10,1.219667,1.264612,2.105234,-0.160235,-0.311801
2023-05-11,1.219667,1.262647,2.101947,-0.160235,-0.312870
2023-05-12,1.219667,1.245910,2.080926,-0.160235,-0.321978
2023-05-15,1.219667,1.265251,2.089345,-0.160235,-0.311453
2023-05-16,1.219667,1.258708,2.074065,-0.160235,-0.315013
2023-05-17,1.219667,1.253000,2.066256,-0.160235,-0.318120
2023-05-18,1.219667,1.251703,2.077954,-0.160235,-0.318826
2023-05-19,1.219667,1.248055,2.063440,-0.160235,-0.320811
2023-05-22,1.219667,1.255898,2.068514,-0.160235,-0.316542
2023-05-23,1.219667,1.238136,2.043410,-0.160235,-0.326209
2023-05-24,1.219667,1.221018,2.014057,-0.160235,-0.335524
2023-05-25,1.219667,1.218301,2.006034,-0.160235,-0.337003
2023-05-26,1.219667,1.218443,2.019193,-0.160235,-0.336926
2023-05-29,1.219667,1.213061,2.026713,-0.160235,-0.339855
2023-05-30,1.219667,1.214267,2.029625,-0.160235,-0.339199
2023-05-31,1.219667,1.201860,2.011866,-0.160235,-0.345950
2023-06-01,1.219667,1.204496,2.011486,-0.160235,-0.344516
2023-06-02,1.219667,1.221885,2.028867,-0.160235,-0.335052
2023-06-05,1.219667,1.216323,2.032565,-0.160235,-0.338079
2023-06-06,1.219667,1.204904,2.018142,-0.160235,-0.344293
2023-06-07,1.219667,1.198950,2.025396,-0.160235,-0.347534
2023-06-08,1.219667,1.208711,2.045773,-0.160235,-0.342222
2023-06-09,1.219667,1.213934,2.045946,-0.160235,-0.339379
2023-06-12,1.219667,1.216380,2.042598,-0.160235,-0.338048
2023-06-13,1.219667,1.222860,2.044310,-0.160235,-0.334522
2023-06-14,1.219667,1.222578,2.043142,-0.160235,-0.334675
2023-06-15,1.219667,1.242031,2.057534,-0.160235,-0.324089
2023-06-16,1.219667,1.254006,2.064421,-0.160235,-0.317572
2023-06-19,1.219667,1.243742,2.043566,-0.160235,-0.323158
2023-06-20,1.219667,1.241632,2.031212,-0.160235,-0.324306
2023-06-21,1.219667,1.222582,2.014293,-0.160235,-0.334674
2023-06-26,1.219667,1.205391,1.982477,-0.160235,-0.344028
2023-06-27,1.219667,1.216696,2.014551,-0.160235,-0.337876
2023-06-28,1.219667,1.215232,2.022011,-0.160235,-0.338673
2023-06-29,1.219667,1.209233,2.017884,-0.160235,-0.341938
2023-06-30,1.219667,1.215754,2.027146,-0.160235,-0.338389
2023-07-03,1.219667,1.231710,2.047835,-0.160235,-0.329706
2023-07-04,1.210659,1.233649,2.042699,-0.166437,-0.328650
2023-07-05,1.208232,1.224094,2.035066,-0.168108,-0.333850
2023-07-06,1.204995,1.215849,2.026896,-0.170337,-0.338338
2023-07-07,1.209041,1.210454,2.028460,-0.167551,-0.341273
2023-07-10,1.210659,1.216348,2.035783,-0.166437,-0.338066
2023-07-11,1.213897,1.224309,2.040574,-0.164208,-0.333733
2023-07-12,1.204185,1.216067,2.032061,-0.170894,-0.338219
2023-07-13,1.231700,1.233463,2.062609,-0.151950,-0.328752
2023-07-14,1.242221,1.233678,2.067371,-0.144706,-0.328635
2023-07-17,1.238984,1.223575,2.054839,-0.146935,-0.334133
2023-07-18,1.236556,1.219705,2.050645,-0.148606,-0.336239
2023-07-19,1.238984,1.218418,2.057720,-0.146935,-0.336939
2023-07-20,1.228463,1.209818,2.045984,-0.154178,-0.341619
2023-07-21,1.226845,1.209255,2.047198,-0.155293,-0.341926
2023-07-24,1.229273,1.203974,2.042712,-0.153621,-0.344800
2023-07-25,1.246267,1.238746,2.088654,-0.141920,-0.325877
2023-07-26,1.238174,1.236180,2.084398,-0.147492,-0.327273
2023-07-27,1.233319,1.234706,2.084959,-0.150835,-0.328075
2023-07-28,1.258406,1.263305,2.121356,-0.133562,-0.312512
2023-07-31,1.264071,1.270231,2.134477,-0.129662,-0.308743
2023-08-01,1.259215,1.264970,2.128727,-0.133005,-0.311606
2023-08-02,1.256236,1.256079,2.110542,-0.135056,-0.316444
2023-08-03,1.263013,1.267178,2.121788,-0.130390,-0.310404
2023-08-04,1.270407,1.272114,2.122496,-0.125299,-0.307718
2023-08-07,1.252540,1.262486,2.102852,-0.137601,-0.312958
2023-08-08,1.247611,1.259189,2.099406,-0.140995,-0.314752
2023-08-09,1.244530,1.255342,2.092276,-0.143116,-0.316846
2023-08-10,1.241450,1.257920,2.096911,-0.145237,-0.315442
2023-08-11,1.215573,1.228979,2.063784,-0.163053,-0.331192
2023-08-14,1.210028,1.220012,2.057289,-0.166871,-0.336072
2023-08-15,1.205100,1.217048,2.062990,-0.170265,-0.337685
2023-08-16,1.200787,1.208122,2.056701,-0.173234,-0.342542
2023-08-17,1.208180,1.212162,2.061546,-0.168144,-0.340344
2023-08-18,1.189697,1.197260,2.045999,-0.180870,-0.348453
2023-08-21,1.176759,1.180035,2.030171,-0.189778,-0.357827
2023-08-22,1.182920,1.189106,2.044470,-0.185536,-0.352891
2023-08-23,1.166285,1.169616,2.028288,-0.196989,-0.363497
2023-08-24,1.176759,1.178096,2.028969,-0.189778,-0.358883
2023-08-25,1.174294,1.173577,2.025459,-0.191475,-0.361341
2023-08-28,1.187233,1.187331,2.049585,-0.182566,-0.353857
2023-08-29,1.198939,1.199193,2.059216,-0.174507,-0.347401
2023-08-30,1.203251,1.198687,2.051958,-0.171537,-0.347677
2023-08-31,1.193394,1.191334,2.037214,-0.178324,-0.351678
2023-09-01,1.213109,1.199630,2.055551,-0.164750,-0.347164
2023-09-04,1.242244,1.217810,2.090163,-0.144690,-0.337270
2023-09-05,1.233406,1.208752,2.073130,-0.150775,-0.342200
2023-09-06,1.230192,1.206129,2.068622,-0.152988,-0.343627
2023-09-07,1.222156,1.189182,2.052699,-0.158521,-0.352849
2023-09-08,1.218139,1.183335,2.043146,-0.161287,-0.356031
2023-09-11,1.230192,1.192052,2.059186,-0.152988,-0.351288
2023-09-12,1.228585,1.189856,2.054790,-0.154095,-0.352483
2023-09-13,1.230192,1.182278,2.053315,-0.152988,-0.356606
2023-09-14,1.239834,1.181285,2.064300,-0.146349,-0.357147
2023-09-15,1.233406,1.173460,2.058495,-0.150775,-0.361405
2023-09-18,1.232602,1.179450,2.060860,-0.151329,-0.358146
2023-09-19,1.241441,1.177169,2.067636,-0.145243,-0.359387
2023-09-20,1.245458,1.172483,2.069861,-0.142477,-0.361937
2023-09-21,1.239834,1.161962,2.053541,-0.146349,-0.367662
2023-09-22,1.245458,1.183000,2.071283,-0.142477,-0.356214
2023-09-25,1.245458,1.175302,2.066432,-0.142477,-0.360403
2023-09-26,1.240637,1.168433,2.058457,-0.145796,-0.364141
2023-09-27,1.234209,1.170841,2.054669,-0.150222,-0.362831
2023-09-28,1.229388,1.167366,2.052329,-0.153542,-0.364721
2023-10-09,1.224567,1.165851,2.048742,-0.156861,-0.365546
2023-10-10,1.226057,1.157118,2.027097,-0.155835,-0.370298
2023-10-11,1.226057,1.160415,2.023340,-0.155835,-0.368504
2023-10-12,1.226057,1.171435,2.039907,-0.155835,-0.362507
2023-10-13,1.226057,1.159105,2.029093,-0.155835,-0.369217
2023-10-16,1.226057,1.147459,2.024590,-0.155835,-0.375555
2023-10-17,1.226057,1.151508,2.030315,-0.155835,-0.373351
2023-10-18,1.226057,1.142390,2.014301,-0.155835,-0.378314
2023-10-19,1.226057,1.118014,1.976191,-0.155835,-0.391579
2023-10-20,1.226057,1.110753,1.967036,-0.155835,-0.395530
2023-10-23,1.226057,1.099252,1.943730,-0.155835,-0.401789
2023-10-24,1.226057,1.103330,1.956851,-0.155835,-0.399570
2023-10-25,1.226057,1.108813,1.974353,-0.155835,-0.396586
2023-10-26,1.226057,1.111876,1.980801,-0.155835,-0.394919
2023-10-27,1.226057,1.127142,1.997404,-0.155835,-0.386611
2023-10-30,1.226057,1.133907,1.987409,-0.155835,-0.382930
2023-10-31,1.226057,1.130344,1.985726,-0.155835,-0.384869
2023-11-01,1.226057,1.129876,1.986162,-0.155835,-0.385124
2023-11-02,1.228781,1.124548,1.982975,-0.153960,-0.388023
2023-11-03,1.223056,1.134024,1.980705,-0.157901,-0.382866
2023-11-06,1.215249,1.149360,1.980897,-0.163276,-0.374520
2023-11-07,1.216030,1.145294,1.981613,-0.162739,-0.376733
2023-11-08,1.215770,1.142545,1.978436,-0.162918,-0.378229
2023-11-09,1.225918,1.143102,1.986687,-0.155931,-0.377926
2023-11-10,1.222796,1.134768,1.977536,-0.158081,-0.382462
2023-11-13,1.224877,1.132528,1.975867,-0.156647,-0.383681
2023-11-14,1.220714,1.133366,1.977341,-0.159514,-0.383224
2023-11-15,1.224357,1.141336,1.988833,-0.157006,-0.378887
2023-11-16,1.225138,1.130297,1.980412,-0.156468,-0.384895
2023-11-17,1.220974,1.128940,1.976653,-0.159335,-0.385633
2023-11-20,1.222796,1.131550,1.981941,-0.158081,-0.384213
2023-11-21,1.229301,1.133053,1.989872,-0.153601,-0.383395
2023-11-22,1.225918,1.121457,1.978469,-0.155931,-0.389705
2023-11-23,1.234246,1.126867,1.989648,-0.150197,-0.386761
2023-11-24,1.237628,1.119429,1.987350,-0.147868,-0.390809
2023-11-27,1.233725,1.111180,1.978749,-0.150555,-0.395298
2023-11-28,1.231383,1.113262,1.979595,-0.152168,-0.394165
2023-11-29,1.225918,1.103703,1.967565,-0.155931,-0.399367
2023-11-30,1.229822,1.106200,1.970365,-0.153243,-0.398008
2023-12-01,1.234766,1.101985,1.973850,-0.149839,-0.400302
2023-12-04,1.233840,1.094790,1.967461,-0.150476,-0.404217
2023-12-05,1.233840,1.073946,1.937948,-0.150476,-0.415561
2023-12-06,1.233840,1.075636,1.936801,-0.150476,-0.414641
2023-12-07,1.233840,1.073003,1.935586,-0.150476,-0.416074
2023-12-08,1.233840,1.075591,1.938157,-0.150476,-0.414665
2023-12-11,1.233840,1.081916,1.951269,-0.150476,-0.411223
2023-12-12,1.233840,1.084242,1.957079,-0.150476,-0.409958
2023-12-13,1.233840,1.066147,1.935543,-0.150476,-0.419805
2023-12-14,1.233840,1.060562,1.929877,-0.150476,-0.422844
2023-12-15,1.233840,1.057269,1.923002,-0.150476,-0.424637
2023-12-18,1.233840,1.053415,1.916609,-0.150476,-0.426734
2023-12-19,1.233840,1.054892,1.912930,-0.150476,-0.425930
2023-12-20,1.233840,1.043331,1.902568,-0.150476,-0.432221
2023-12-21,1.233840,1.053889,1.907983,-0.150476,-0.426475
2023-12-22,1.233840,1.055902,1.908425,-0.150476,-0.425380
2023-12-25,1.233840,1.059135,1.911037,-0.150476,-0.423621
2023-12-26,1.233840,1.051966,1.904430,-0.150476,-0.427522
2023-12-27,1.233840,1.055626,1.914916,-0.150476,-0.425530
2023-12-28,1.233840,1.080363,1.930560,-0.150476,-0.412069
2023-12-29,1.233840,1.085605,1.937775,-0.150476,-0.409216
2024-01-02,1.233840,1.071443,1.941799,-0.150476,-0.416923
2024-01-03,1.249902,1.068896,1.952876,-0.139417,-0.418309
2024-01-04,1.264930,1.059009,1.953805,-0.129070,-0.423690
2024-01-05,1.266237,1.053332,1.952292,-0.128171,-0.426778
2024-01-08,1.251209,1.039711,1.930734,-0.138517,-0.434191
2024-01-09,1.261010,1.041749,1.939665,-0.131770,-0.433082
2024-01-10,1.253822,1.036886,1.933292,-0.136718,-0.435729
2024-01-11,1.243369,1.042752,1.927715,-0.143916,-0.432536
2024-01-12,1.248596,1.039113,1.929995,-0.140317,-0.434516
2024-01-15,1.257743,1.038085,1.935964,-0.134019,-0.435076
2024-01-16,1.266237,1.044400,1.942198,-0.128171,-0.431639
2024-01-17,1.248596,1.021683,1.912414,-0.140317,-0.444002
2024-01-18,1.240755,1.036127,1.912616,-0.145715,-0.436142
2024-01-19,1.232915,1.034560,1.903811,-0.151114,-0.436994
2024-01-22,1.200246,1.018462,1.855357,-0.173607,-0.445755
2024-01-23,1.208740,1.022585,1.869562,-0.167758,-0.443511
2024-01-24,1.236835,1.036880,1.904180,-0.148414,-0.435732
2024-01-25,1.274077,1.057702,1.952405,-0.122772,-0.424401
2024-01-26,1.295638,1.054823,1.969047,-0.107927,-0.425968
2024-01-29,1.295638,1.045375,1.967731,-0.107927,-0.431109
2024-01-30,1.285838,1.026733,1.940553,-0.114675,-0.441254
2024-01-31,1.277997,1.017339,1.929932,-0.120073,-0.446366
2024-02-01,1.264930,1.018085,1.919980,-0.129070,-0.445960
2024-02-02,1.263981,1.006037,1.911900,-0.129724,-0.452517
2024-02-05,1.263981,1.012615,1.917960,-0.129724,-0.448937
2024-02-06,1.263981,1.047821,1.968379,-0.129724,-0.429778
2024-02-07,1.263981,1.057927,1.997257,-0.129724,-0.424278
2024-02-08,1.263981,1.064666,2.001724,-0.129724,-0.420611
2024-02-19,1.263981,1.076968,2.036233,-0.129724,-0.413916
2024-02-20,1.263981,1.079195,2.052343,-0.129724,-0.412704
2024-02-21,1.263981,1.093756,2.064897,-0.129724,-0.404780
2024-02-22,1.263981,1.103185,2.087678,-0.129724,-0.399649
2024-02-23,1.263981,1.104156,2.082885,-0.129724,-0.399120
2024-02-26,1.263981,1.092645,2.053863,-0.129724,-0.405385
2024-02-27,1.263981,1.105754,2.070358,-0.129724,-0.398251
2024-02-28,1.263981,1.091664,2.055717,-0.129724,-0.405918
2024-02-29,1.263981,1.112490,2.081915,-0.129724,-0.394585
2024-03-01,1.263981,1.119362,2.086463,-0.129724,-0.390845
2024-03-04,1.269340,1.120333,2.092364,-0.126034,-0.390317
2024-03-05,1.281955,1.128130,2.108334,-0.117348,-0.386074
2024-03-06,1.279590,1.123554,2.102604,-0.118977,-0.388564
2024-03-07,1.288262,1.116806,2.105850,-0.113005,-0.392237
2024-03-08,1.291416,1.121612,2.115556,-0.110834,-0.389621
2024-03-11,1.282743,1.135644,2.110848,-0.116805,-0.381985
2024-03-12,1.257514,1.138248,2.089618,-0.134176,-0.380568
2024-03-13,1.253572,1.130297,2.080824,-0.136890,-0.384895
2024-03-14,1.257514,1.127089,2.085064,-0.134176,-0.386641
2024-03-15,1.261456,1.129547,2.084850,-0.131462,-0.385303
2024-03-18,1.261456,1.140159,2.085952,-0.131462,-0.379528
2024-03-19,1.256726,1.131964,2.081423,-0.134719,-0.383987
2024-03-20,1.255937,1.134416,2.082942,-0.135262,-0.382653
2024-03-21,1.255937,1.133059,2.084165,-0.135262,-0.383391
2024-03-22,1.249630,1.121640,2.070360,-0.139604,-0.389606
2024-03-25,1.255937,1.115553,2.070008,-0.135262,-0.392918
2024-03-26,1.260668,1.121245,2.073026,-0.132005,-0.389821
2024-03-27,1.260668,1.108285,2.059836,-0.132005,-0.396873
2024-03-28,1.252784,1.114034,2.062866,-0.137433,-0.393745
2024-03-29,1.267764,1.119261,2.081447,-0.127119,-0.390900
2024-04-01,1.274071,1.137666,2.100189,-0.122777,-0.380884
2024-04-02,1.282743,1.132929,2.103893,-0.116805,-0.383462
2024-04-03,1.284320,1.128854,2.115567,-0.115720,-0.385680
2024-04-08,1.284320,1.118922,2.103499,-0.115720,-0.391085
2024-04-09,1.275648,1.117998,2.096255,-0.121691,-0.391587
2024-04-10,1.278013,1.108892,2.091904,-0.120062,-0.396543
2024-04-11,1.289051,1.108744,2.109044,-0.112463,-0.396624
2024-04-12,1.286685,1.099758,2.098613,-0.114091,-0.401514
2024-04-15,1.312703,1.122931,2.144598,-0.096178,-0.388903
2024-04-16,1.317433,1.110917,2.135072,-0.092921,-0.395441
2024-04-17,1.332413,1.128095,2.167861,-0.082607,-0.386093
2024-04-18,1.332413,1.129487,2.169518,-0.082607,-0.385335
2024-04-19,1.341874,1.120583,2.171150,-0.076093,-0.390181
2024-04-22,1.320587,1.117179,2.140980,-0.090749,-0.392033
2024-04-23,1.300877,1.109370,2.112742,-0.104320,-0.396283
2024-04-24,1.307973,1.114243,2.116363,-0.099435,-0.393631
2024-04-25,1.311915,1.116983,2.122486,-0.096720,-0.392140
2024-04-26,1.307973,1.134065,2.125358,-0.099435,-0.382844
2024-04-29,1.300877,1.146607,2.128552,-0.104320,-0.376018
2024-04-30,1.308761,1.140431,2.129611,-0.098892,-0.379380
2024-05-06,1.316645,1.157356,2.155373,-0.093463,-0.370169
2024-05-07,1.310397,1.157713,2.152900,-0.097765,-0.369975
2024-05-08,1.296220,1.148604,2.148685,-0.107527,-0.374932
2024-05-09,1.314448,1.159469,2.166087,-0.094976,-0.369019
2024-05-10,1.316473,1.160013,2.173217,-0.093582,-0.368723
2024-05-13,1.319511,1.159510,2.174527,-0.091490,-0.368997
2024-05-14,1.314448,1.157093,2.167323,-0.094976,-0.370312
2024-05-15,1.306346,1.147288,2.161583,-0.100554,-0.375648
2024-05-16,1.303308,1.151812,2.165504,-0.102646,-0.373186
2024-05-17,1.310397,1.163712,2.181292,-0.097765,-0.366710
2024-05-20,1.323562,1.167822,2.196222,-0.088701,-0.364473
2024-05-21,1.309384,1.163139,2.194588,-0.098463,-0.367022
2024-05-22,1.310397,1.165762,2.195675,-0.097765,-0.365594
2024-05-23,1.292169,1.152265,2.168563,-0.110316,-0.372940
2024-05-24,1.284068,1.139511,2.159856,-0.115894,-0.379881
2024-05-27,1.304321,1.150341,2.188518,-0.101949,-0.373987
2024-05-28,1.294194,1.141944,2.175264,-0.108921,-0.378556
2024-05-29,1.299258,1.143320,2.176260,-0.105435,-0.377807
2024-05-30,1.288118,1.137242,2.162046,-0.113105,-0.381115
2024-05-31,1.284068,1.132689,2.161476,-0.115894,-0.383593
2024-06-03,1.289131,1.135483,2.148313,-0.112407,-0.382072
2024-06-04,1.284116,1.144000,2.165545,-0.115860,-0.377437
2024-06-05,1.284116,1.137394,2.142108,-0.115860,-0.381032
2024-06-06,1.284116,1.136590,2.145238,-0.115860,-0.381470
2024-06-07,1.284116,1.130851,2.150556,-0.115860,-0.384593
2024-06-11,1.284116,1.120969,2.122640,-0.115860,-0.389971
2024-06-12,1.284116,1.121362,2.136517,-0.115860,-0.389757
2024-06-13,1.284116,1.115670,2.118025,-0.115860,-0.392855
2024-06-14,1.284116,1.120542,2.124816,-0.115860,-0.390203
2024-06-17,1.284116,1.118856,2.102314,-0.115860,-0.391121
2024-06-18,1.284116,1.121827,2.107233,-0.115860,-0.389504
2024-06-19,1.284116,1.116499,2.101781,-0.115860,-0.392404
2024-06-20,1.284116,1.108440,2.093602,-0.115860,-0.396789
2024-06-21,1.284116,1.106016,2.094302,-0.115860,-0.398108
2024-06-24,1.284116,1.100065,2.072876,-0.115860,-0.401347
2024-06-25,1.284116,1.094082,2.076013,-0.115860,-0.404603
2024-06-26,1.284116,1.101156,2.084960,-0.115860,-0.400753
2024-06-27,1.284116,1.092886,2.074969,-0.115860,-0.405254
2024-06-28,1.284116,1.095271,2.085931,-0.115860,-0.403955
2024-07-01,1.284116,1.100498,2.116199,-0.115860,-0.401111
2024-07-02,1.284116,1.098477,2.110609,-0.115860,-0.402211
2024-07-03,1.284116,1.095825,2.095321,-0.115860,-0.403654
2024-07-04,1.284116,1.090256,2.083422,-0.115860,-0.406685
2024-07-05,1.284116,1.085590,2.076652,-0.115860,-0.409224
2024-07-08,1.284116,1.076319,2.059313,-0.115860,-0.414269
2024-07-09,1.284116,1.088358,2.080645,-0.115860,-0.407718
2024-07-10,1.284116,1.084928,2.055968,-0.115860,-0.409584
2024-07-11,1.284116,1.097331,2.074975,-0.115860,-0.402835
2024-07-12,1.284116,1.098670,2.074380,-0.115860,-0.402106
2024-07-15,1.284116,1.099888,2.085213,-0.115860,-0.401443
2024-07-16,1.284116,1.106858,2.082335,-0.115860,-0.397650
2024-07-17,1.284116,1.107902,2.079114,-0.115860,-0.397082
2024-07-18,1.284116,1.114024,2.086011,-0.115860,-0.393750
2024-07-19,1.284116,1.119748,2.082490,-0.115860,-0.390635
2024-07-22,1.284116,1.112123,2.063620,-0.115860,-0.394785
2024-07-23,1.284116,1.088380,2.032036,-0.115860,-0.407706
2024-07-24,1.284116,1.081511,2.024722,-0.115860,-0.411444
2024-07-25,1.284116,1.075531,2.016892,-0.115860,-0.414698
2024-07-26,1.284116,1.078701,2.019955,-0.115860,-0.412973
2024-07-29,1.284116,1.072832,2.018680,-0.115860,-0.416167
2024-07-30,1.284116,1.066074,2.003380,-0.115860,-0.419845
2024-07-31,1.284116,1.089076,2.038857,-0.115860,-0.407327
2024-08-01,1.284116,1.081859,2.031676,-0.115860,-0.411254
2024-08-02,1.284116,1.070823,2.023787,-0.115860,-0.417260
2024-08-05,1.284116,1.057829,2.004031,-0.115860,-0.424332
2024-08-06,1.284116,1.057721,2.001256,-0.115860,-0.424390
2024-08-07,1.284116,1.057250,2.006925,-0.115860,-0.424647
2024-08-08,1.284116,1.057708,2.015048,-0.115860,-0.424397
2024-08-09,1.284116,1.054130,2.006994,-0.115860,-0.426345
2024-08-12,1.284116,1.052304,2.010989,-0.115860,-0.427338
2024-08-13,1.284116,1.055003,2.011009,-0.115860,-0.425869
2024-08-14,1.284116,1.047046,2.000205,-0.115860,-0.430200
2024-08-15,1.284116,1.057395,2.019290,-0.115860,-0.424568
2024-08-16,1.284116,1.058559,2.018229,-0.115860,-0.423934
2024-08-19,1.284116,1.062147,2.032558,-0.115860,-0.421981
2024-08-20,1.284116,1.054468,2.014182,-0.115860,-0.426160
2024-08-21,1.284116,1.050969,1.999415,-0.115860,-0.428065
2024-08-22,1.284116,1.048280,1.995606,-0.115860,-0.429528
2024-08-23,1.284116,1.052725,2.001678,-0.115860,-0.427109
2024-08-26,1.284116,1.051785,1.996207,-0.115860,-0.427620
2024-08-27,1.284116,1.045808,1.994421,-0.115860,-0.430873
2024-08-28,1.284116,1.039851,1.980860,-0.115860,-0.434115
2024-08-29,1.284116,1.037060,1.966058,-0.115860,-0.435634
2024-08-30,1.284116,1.050903,1.980262,-0.115860,-0.428101
2024-09-02,1.284116,1.033051,1.968018,-0.115860,-0.437816
2024-09-03,1.284116,1.035715,1.962739,-0.115860,-0.436366
2024-09-04,1.284116,1.028985,1.956347,-0.115860,-0.440028
2024-09-05,1.284116,1.030757,1.957468,-0.115860,-0.439064
2024-09-06,1.284116,1.022401,1.938843,-0.115860,-0.443611
2024-09-09,1.284116,1.010251,1.908029,-0.115860,-0.450223
2024-09-10,1.284116,1.011140,1.911155,-0.115860,-0.449739
2024-09-11,1.284116,1.008094,1.887761,-0.115860,-0.451397
2024-09-12,1.284116,1.003771,1.884767,-0.115860,-0.453749
2024-09-13,1.284116,0.999589,1.876075,-0.115860,-0.456026
2024-09-18,1.284116,1.003310,1.893151,-0.115860,-0.454001
2024-09-19,1.284116,1.011229,1.905930,-0.115860,-0.449691
2024-09-20,1.284116,1.012814,1.904396,-0.115860,-0.448828
2024-09-23,1.284116,1.016519,1.920334,-0.115860,-0.446812
2024-09-24,1.284116,1.060546,1.999879,-0.115860,-0.422853
2024-09-25,1.284116,1.076246,2.027879,-0.115860,-0.414309
2024-09-26,1.284116,1.121741,2.116822,-0.115860,-0.389550
2024-09-27,1.284116,1.171847,2.152215,-0.115860,-0.362283
2024-09-30,1.284116,1.271250,2.313598,-0.115860,-0.308188
2024-10-08,1.284116,1.346633,2.380886,-0.115860,-0.267165
2024-10-09,1.178035,1.251675,2.192636,-0.188899,-0.318841
2024-10-10,1.200938,1.264903,2.252941,-0.173130,-0.311642
2024-10-11,1.165702,1.229903,2.203381,-0.197391,-0.330689
2024-10-14,1.194478,1.253370,2.253226,-0.177578,-0.317918
2024-10-15,1.161004,1.220038,2.199998,-0.200625,-0.336058
2024-10-16,1.156306,1.212317,2.213772,-0.203860,-0.340259
2024-10-17,1.132816,1.198595,2.181683,-0.220033,-0.347727
2024-10-18,1.161004,1.241945,2.215487,-0.200625,-0.324136
2024-10-21,1.159830,1.245100,2.210446,-0.201434,-0.322419
2024-10-22,1.177447,1.252244,2.223889,-0.189304,-0.318531
2024-10-23,1.187431,1.257126,2.234826,-0.182430,-0.315874
2024-10-24,1.171575,1.243084,2.216167,-0.193347,-0.323516
2024-10-25,1.176273,1.251814,2.223643,-0.190113,-0.318765
2024-10-28,1.185082,1.254263,2.239644,-0.184047,-0.317433
2024-10-29,1.169813,1.241762,2.207593,-0.194560,-0.324236
2024-10-30,1.164528,1.230624,2.189846,-0.198199,-0.330297
2024-10-31,1.164528,1.231127,2.184760,-0.198199,-0.330023
2024-11-01,1.165702,1.230805,2.199371,-0.197391,-0.330198
2024-11-04,1.165415,1.248125,2.215516,-0.197588,-0.320773
2024-11-05,1.165415,1.279704,2.252571,-0.197588,-0.303587
2024-11-06,1.165415,1.273285,2.243197,-0.197588,-0.307081
2024-11-07,1.165415,1.311702,2.301836,-0.197588,-0.286174
2024-11-08,1.165415,1.298524,2.276418,-0.197588,-0.293346
2024-11-11,1.165415,1.307092,2.264442,-0.197588,-0.288683
2024-11-12,1.165415,1.292731,2.248186,-0.197588,-0.296498
2024-11-13,1.165415,1.300688,2.259689,-0.197588,-0.292168
2024-11-14,1.165415,1.278138,2.231380,-0.197588,-0.304440
2024-11-15,1.165415,1.255740,2.215922,-0.197588,-0.316629
2024-11-18,1.165415,1.249903,2.230973,-0.197588,-0.319805
2024-11-19,1.165415,1.258290,2.231920,-0.197588,-0.315241
2024-11-20,1.165415,1.261100,2.236999,-0.197588,-0.313712
2024-11-21,1.165415,1.262217,2.235245,-0.197588,-0.313104
2024-11-22,1.165415,1.223110,2.174603,-0.197588,-0.334386
2024-11-25,1.165415,1.217538,2.170566,-0.197588,-0.337418
2024-11-26,1.165415,1.215035,2.174249,-0.197588,-0.338780
2024-11-27,1.165415,1.236190,2.201827,-0.197588,-0.327268
2024-11-28,1.165415,1.225277,2.190534,-0.197588,-0.333206
2024-11-29,1.165415,1.239208,2.209687,-0.197588,-0.325625
2024-12-02,1.165415,1.249033,2.220633,-0.197588,-0.320279
2024-12-03,1.177352,1.250380,2.236075,-0.189370,-0.319545
2024-12-04,1.177352,1.243632,2.233938,-0.189370,-0.323218
2024-12-05,1.177352,1.240794,2.230704,-0.189370,-0.324763
2024-12-06,1.195288,1.257104,2.259302,-0.177020,-0.315886
2024-12-09,1.199772,1.255025,2.262904,-0.173933,-0.317018
2024-12-10,1.200412,1.264223,2.269574,-0.173492,-0.312012
2024-12-11,1.200412,1.262068,2.278914,-0.173492,-0.313185
2024-12-12,1.221551,1.274620,2.294203,-0.158938,-0.306354
2024-12-13,1.202974,1.244461,2.254656,-0.171728,-0.322767
2024-12-16,1.214504,1.237709,2.258734,-0.163789,-0.326441
2024-12-17,1.219629,1.240933,2.256803,-0.160261,-0.324687
2024-12-18,1.233721,1.247216,2.268337,-0.150558,-0.321267
2024-12-19,1.214504,1.248346,2.250571,-0.163789,-0.320653
2024-12-20,1.202974,1.242739,2.236261,-0.171728,-0.323704
2024-12-23,1.207458,1.244584,2.242523,-0.168641,-0.322700
2024-12-24,1.215786,1.260442,2.264525,-0.162907,-0.314070
2024-12-25,1.222832,1.261056,2.271129,-0.158056,-0.313736
2024-12-26,1.217067,1.261641,2.265949,-0.162025,-0.313417
2024-12-27,1.219629,1.259600,2.267304,-0.160261,-0.314528
2024-12-30,1.225394,1.265302,2.280344,-0.156292,-0.311425
2024-12-31,1.218348,1.245008,2.264753,-0.161143,-0.322469
2025-01-02,1.194007,1.208777,2.217137,-0.177902,-0.342186
2025-01-03,1.195031,1.194463,2.194959,-0.177197,-0.349976
2025-01-06,1.195031,1.192504,2.195873,-0.177197,-0.351041
2025-01-07,1.195031,1.201092,2.196831,-0.177197,-0.346368
2025-01-08,1.195031,1.198912,2.198383,-0.177197,-0.347555
2025-01-09,1.195031,1.195956,2.180632,-0.177197,-0.349163
2025-01-10,1.195031,1.180959,2.151361,-0.177197,-0.357324
2025-01-13,1.195031,1.177804,2.135348,-0.177197,-0.359041
2025-01-14,1.195031,1.208821,2.176914,-0.177197,-0.342162
2025-01-15,1.195031,1.201066,2.173869,-0.177197,-0.346382
2025-01-16,1.195031,1.202443,2.188034,-0.177197,-0.345633
2025-01-17,1.195031,1.206227,2.188880,-0.177197,-0.343574
2025-01-20,1.195031,1.211713,2.188097,-0.177197,-0.340588
2025-01-21,1.195031,1.212640,2.177861,-0.177197,-0.340084
2025-01-22,1.195031,1.201380,2.157573,-0.177197,-0.346212
2025-01-23,1.195031,1.203506,2.177556,-0.177197,-0.345055
2025-01-24,1.195031,1.212719,2.189098,-0.177197,-0.340040
2025-01-27,1.195031,1.207727,2.204522,-0.177197,-0.342758
2025-02-05,1.195031,1.200766,2.167921,-0.177197,-0.346546
2025-02-06,1.195031,1.215874,2.173898,-0.177197,-0.338324
2025-02-07,1.195031,1.231653,2.190021,-0.177197,-0.329737
2025-02-10,1.195031,1.234298,2.188476,-0.177197,-0.328298
2025-02-11,1.195031,1.228628,2.191222,-0.177197,-0.331383
2025-02-12,1.195031,1.240246,2.196137,-0.177197,-0.325060
2025-02-13,1.195031,1.235589,2.198310,-0.177197,-0.327595
2025-02-14,1.195031,1.246305,2.204276,-0.177197,-0.321763
2025-02-17,1.195031,1.248960,2.199891,-0.177197,-0.320318
2025-02-18,1.195031,1.238006,2.192395,-0.177197,-0.326280
2025-02-19,1.195031,1.246669,2.189344,-0.177197,-0.321565
2025-02-20,1.195031,1.243106,2.182178,-0.177197,-0.323504
2025-02-21,1.195031,1.258781,2.179944,-0.177197,-0.314974
2025-02-24,1.195031,1.256022,2.179327,-0.177197,-0.316475
2025-02-25,1.195031,1.242078,2.158924,-0.177197,-0.324063
2025-02-26,1.195031,1.252927,2.178590,-0.177197,-0.318159
2025-02-27,1.195031,1.255516,2.195671,-0.177197,-0.316751
2025-02-28,1.195031,1.230814,2.176742,-0.177197,-0.330193
2025-03-03,1.195031,1.230314,2.175160,-0.177197,-0.330465
2025-03-04,1.195031,1.229286,2.175315,-0.177197,-0.331025
2025-03-05,1.195031,1.234776,2.182961,-0.177197,-0.328038
2025-03-06,1.195031,1.251757,2.189695,-0.177197,-0.318796
2025-03-07,1.195031,1.247887,2.190145,-0.177197,-0.320902
2025-03-10,1.195031,1.243075,2.188965,-0.177197,-0.323521
2025-03-11,1.195031,1.247068,2.199613,-0.177197,-0.321348
2025-03-12,1.195031,1.242578,2.197409,-0.177197,-0.323791
2025-03-13,1.195031,1.237626,2.204642,-0.177197,-0.326486
2025-03-14,1.195031,1.267678,2.234673,-0.177197,-0.310132
2025-03-17,1.195031,1.264587,2.237994,-0.177197,-0.311814
2025-03-18,1.195031,1.268045,2.239036,-0.177197,-0.309932
2025-03-19,1.195031,1.268820,2.240585,-0.177197,-0.309510
2025-03-20,1.195031,1.257689,2.227498,-0.177197,-0.315568
2025-03-21,1.195031,1.238614,2.218575,-0.177197,-0.325949
2025-03-24,1.195031,1.244989,2.231150,-0.177197,-0.322479
2025-03-25,1.195031,1.244182,2.241754,-0.177197,-0.322918
2025-03-26,1.195031,1.240088,2.236701,-0.177197,-0.325147
2025-03-27,1.195031,1.244217,2.239144,-0.177197,-0.322900
2025-03-28,1.195031,1.238762,2.230081,-0.177197,-0.325868
2025-03-31,1.195031,1.229947,2.223103,-0.177197,-0.330665
2025-04-01,1.195031,1.230064,2.233489,-0.177197,-0.330601
2025-04-02,1.195031,1.229023,2.237880,-0.177197,-0.331168
2025-04-03,1.195031,1.221781,2.234206,-0.177197,-0.335109
2025-04-07,1.195031,1.135701,2.096146,-0.177197,-0.381954
2025-04-08,1.195031,1.155103,2.139003,-0.177197,-0.371395
2025-04-09,1.195031,1.166503,2.149305,-0.177197,-0.365192
2025-04-10,1.195031,1.181794,2.171646,-0.177197,-0.356870
2025-04-11,1.195031,1.186667,2.163971,-0.177197,-0.354218
2025-04-14,1.195031,1.189394,2.174942,-0.177197,-0.352734
2025-04-15,1.195031,1.190056,2.184155,-0.177197,-0.352374
2025-04-16,1.195031,1.193723,2.191264,-0.177197,-0.350378
2025-04-17,1.195031,1.193533,2.191306,-0.177197,-0.350482
2025-04-18,1.195031,1.193628,2.194641,-0.177197,-0.350430
2025-04-21,1.195031,1.197538,2.191777,-0.177197,-0.348302
2025-04-22,1.195031,1.197244,2.197876,-0.177197,-0.348462
2025-04-23,1.195031,1.198171,2.191973,-0.177197,-0.347958
2025-04-24,1.195031,1.197374,2.198496,-0.177197,-0.348391
2025-04-25,1.195031,1.198206,2.196780,-0.177197,-0.347939
2025-04-28,1.195031,1.196507,2.199047,-0.177197,-0.348863
2025-04-29,1.195031,1.194438,2.190075,-0.177197,-0.349989
2025-04-30,1.195031,1.193011,2.176547,-0.177197,-0.350766
2025-05-06,1.195031,1.205024,2.184693,-0.177197,-0.344228
2025-05-07,1.199904,1.212330,2.197761,-0.173842,-0.340252
2025-05-08,1.206197,1.219060,2.205916,-0.169509,-0.336590
2025-05-09,1.214588,1.216927,2.211487,-0.163732,-0.337750
2025-05-12,1.215637,1.230991,2.222114,-0.163010,-0.330097
2025-05-13,1.227699,1.232779,2.233712,-0.154705,-0.329124
2025-05-14,1.236090,1.247634,2.250081,-0.148927,-0.321040
2025-05-15,1.231894,1.236241,2.239216,-0.151816,-0.327240
2025-05-16,1.223503,1.230511,2.227606,-0.157593,-0.330359
2025-05-19,1.225601,1.226733,2.229783,-0.156149,-0.332414
2025-05-20,1.230845,1.233383,2.237627,-0.152538,-0.328795
2025-05-21,1.239236,1.239145,2.251632,-0.146761,-0.325660
2025-05-22,1.243956,1.238351,2.250192,-0.143511,-0.326092
2025-05-23,1.233992,1.228353,2.234852,-0.150372,-0.331533
2025-05-26,1.230845,1.221341,2.222654,-0.152538,-0.335348
2025-05-27,1.232943,1.214789,2.218483,-0.151094,-0.338914
2025-05-28,1.238187,1.213789,2.224231,-0.147483,-0.339459
2025-05-29,1.236090,1.220895,2.231932,-0.148927,-0.335591
2025-05-30,1.243956,1.215051,2.234880,-0.143511,-0.338771
2025-06-03,1.254445,1.218778,2.236015,-0.136289,-0.336743
2025-06-04,1.252456,1.224072,2.243649,-0.137659,-0.333863
2025-06-05,1.252456,1.226862,2.237320,-0.137659,-0.332344
2025-06-06,1.252456,1.225730,2.240189,-0.137659,-0.332960
2025-06-09,1.252456,1.229296,2.245383,-0.137659,-0.331020
2025-06-10,1.252456,1.223037,2.241960,-0.137659,-0.334426
2025-06-11,1.252456,1.232263,2.252548,-0.137659,-0.329405
2025-06-12,1.252456,1.231495,2.252232,-0.137659,-0.329823
2025-06-13,1.252456,1.222629,2.240811,-0.137659,-0.334648
2025-06-16,1.252456,1.225673,2.242110,-0.137659,-0.332991
2025-06-17,1.252456,1.224591,2.241621,-0.137659,-0.333580
2025-06-18,1.252456,1.226043,2.247072,-0.137659,-0.332790
2025-06-19,1.252456,1.215956,2.233005,-0.137659,-0.338279
2025-06-20,1.252456,1.217079,2.242426,-0.137659,-0.337668
2025-06-23,1.252456,1.220642,2.247754,-0.137659,-0.335729
2025-06-24,1.252456,1.235238,2.255508,-0.137659,-0.327786
2025-06-25,1.252456,1.252969,2.271240,-0.137659,-0.318137
2025-06-26,1.252456,1.248523,2.272351,-0.137659,-0.320556
2025-06-27,1.252456,1.240847,2.260569,-0.137659,-0.324733
2025-06-30,1.252456,1.245378,2.262304,-0.137659,-0.322268
2025-07-01,1.252456,1.247492,2.273803,-0.137659,-0.321117
2025-07-02,1.255608,1.247783,2.284114,-0.135489,-0.320959
2025-07-03,1.256631,1.255500,2.287936,-0.134784,-0.316759
2025-07-04,1.267371,1.259971,2.298865,-0.127389,-0.314326
2025-07-07,1.274532,1.254582,2.301448,-0.122459,-0.317259
2025-07-08,1.271463,1.265112,2.307670,-0.124572,-0.311528
2025-07-09,1.279646,1.262881,2.314326,-0.118938,-0.312742
2025-07-10,1.287318,1.268773,2.325869,-0.113656,-0.309536
2025-07-11,1.275555,1.270288,2.322429,-0.121755,-0.308712
2025-07-14,1.284249,1.271193,2.332730,-0.115768,-0.308219
2025-07-15,1.272486,1.271633,2.317895,-0.123868,-0.307980
2025-07-16,1.266349,1.267881,2.311473,-0.128094,-0.310022
2025-07-17,1.264303,1.276515,2.314290,-0.129502,-0.305323
2025-07-18,1.269417,1.284128,2.328147,-0.125981,-0.301180
2025-07-21,1.269417,1.292690,2.358829,-0.125981,-0.296521
2025-07-22,1.270440,1.303242,2.384201,-0.125276,-0.290778
2025-07-23,1.273509,1.303498,2.377562,-0.123164,-0.290639
2025-07-24,1.264303,1.312759,2.382038,-0.129502,-0.285599
2025-07-25,1.254585,1.305836,2.364478,-0.136193,-0.289367
2025-07-28,1.252539,1.308576,2.352183,-0.137601,-0.287875
2025-07-29,1.244356,1.313702,2.350278,-0.143236,-0.285086
2025-07-30,1.249471,1.313455,2.360330,-0.139714,-0.285220
2025-07-31,1.235150,1.289519,2.319304,-0.149574,-0.298246
2025-08-01,1.236173,1.282982,2.318813,-0.148870,-0.301803
2025-08-04,1.229624,1.287972,2.327056,-0.153379,-0.299088
2025-08-05,1.229624,1.298334,2.347291,-0.153379,-0.293449
2025-08-06,1.229624,1.301511,2.355883,-0.153379,-0.291720
2025-08-07,1.229624,1.301884,2.360107,-0.153379,-0.291517
2025-08-08,1.229624,1.298815,2.365479,-0.153379,-0.293187
2025-08-11,1.229624,1.304365,2.363081,-0.153379,-0.290167
2025-08-12,1.229624,1.311110,2.372183,-0.153379,-0.286496
2025-08-13,1.229624,1.321473,2.372026,-0.153379,-0.280857
2025-08-14,1.229624,1.320438,2.358672,-0.153379,-0.281420
2025-08-15,1.229624,1.329626,2.363926,-0.153379,-0.276420
2025-08-18,1.229624,1.341352,2.367899,-0.153379,-0.270039
2025-08-19,1.229624,1.336277,2.366025,-0.153379,-0.272801
2025-08-20,1.229624,1.351474,2.384653,-0.153379,-0.264531
2025-08-21,1.229624,1.356748,2.397014,-0.153379,-0.261660
2025-08-22,1.229624,1.385202,2.405250,-0.153379,-0.246176
2025-08-25,1.229624,1.414064,2.437255,-0.153379,-0.230469
2025-08-26,1.229624,1.408802,2.433101,-0.153379,-0.233333
2025-08-27,1.229624,1.387774,2.394108,-0.153379,-0.244776
2025-08-28,1.229624,1.412343,2.404329,-0.153379,-0.231406
2025-08-29,1.229624,1.422778,2.409565,-0.153379,-0.225727
2025-09-01,1.229624,1.431305,2.413497,-0.153379,-0.221087
2025-09-02,1.197984,1.420781,2.409696,-0.175164,-0.226814
2025-09-03,1.207584,1.411093,2.391042,-0.168554,-0.232086
2025-09-04,1.161507,1.381155,2.376234,-0.200279,-0.248378
2025-09-05,1.209504,1.411248,2.397257,-0.167232,-0.232002
2025-09-08,1.205664,1.413542,2.409733,-0.169876,-0.230753
2025-09-09,1.194145,1.403635,2.410742,-0.177807,-0.236144
2025-09-10,1.207584,1.406515,2.406404,-0.168554,-0.234577
2025-09-11,1.251740,1.439000,2.428395,-0.138152,-0.216899
2025-09-12,1.234462,1.430764,2.413312,-0.150048,-0.221381
2025-09-15,1.230622,1.434263,2.404429,-0.152692,-0.219477
2025-09-16,1.228702,1.431188,2.396949,-0.154014,-0.221150
2025-09-17,1.234462,1.439946,2.407543,-0.150048,-0.216384
2025-09-18,1.219103,1.423205,2.371208,-0.160623,-0.225495
2025-09-19,1.232542,1.424410,2.387425,-0.151370,-0.224839
2025-09-22,1.234462,1.430957,2.371938,-0.150048,-0.221276
2025-09-23,1.236381,1.430061,2.374907,-0.148727,-0.221763
2025-09-24,1.257500,1.444707,2.391211,-0.134186,-0.213793
2025-09-25,1.267099,1.453383,2.387265,-0.127577,-0.209072
2025-09-26,1.242141,1.439639,2.382260,-0.144761,-0.216551
2025-09-29,1.265179,1.461787,2.396550,-0.128899,-0.204498
2025-09-30,1.255580,1.468317,2.390574,-0.135508,-0.200945
2025-10-09,1.253660,1.490082,2.410314,-0.136830,-0.189100
2025-10-10,1.224862,1.460768,2.419449,-0.156658,-0.205053
2025-10-13,1.205664,1.453538,2.410744,-0.169876,-0.208987
2025-10-14,1.176866,1.436161,2.422503,-0.189704,-0.218444
2025-10-15,1.201824,1.457433,2.441000,-0.172520,-0.206868
2025-10-16,1.215263,1.461271,2.451274,-0.163267,-0.204779
2025-10-17,1.182626,1.428305,2.424357,-0.185738,-0.222719
2025-10-20,1.201824,1.435896,2.436657,-0.172520,-0.218588
2025-10-21,1.230622,1.457933,2.449077,-0.152692,-0.206596
2025-10-22,1.221023,1.453092,2.452700,-0.159301,-0.209230
2025-10-23,1.226782,1.457449,2.467897,-0.155336,-0.206859
2025-10-24,1.253660,1.474642,2.466457,-0.136830,-0.197503
2025-10-27,1.272858,1.492152,2.482141,-0.123611,-0.187974
2025-10-28,1.274778,1.484542,2.469763,-0.122289,-0.192115
2025-10-29,1.288217,1.502220,2.476201,-0.113036,-0.182495
2025-10-30,1.257500,1.490218,2.467218,-0.134186,-0.189026
2025-10-31,1.242141,1.468311,2.460421,-0.144761,-0.200948
2025-11-03,1.245981,1.472339,2.479157,-0.142117,-0.198756
2025-11-04,1.234505,1.461360,2.478166,-0.150019,-0.204731
2025-11-05,1.240909,1.464068,2.483517,-0.145609,-0.203257
2025-11-06,1.260924,1.484995,2.502930,-0.131828,-0.191869
2025-11-07,1.267329,1.480372,2.503989,-0.127419,-0.194384
2025-11-10,1.273733,1.485517,2.525748,-0.123009,-0.191585
2025-11-11,1.267329,1.471950,2.516682,-0.127419,-0.198968
2025-11-12,1.270531,1.469969,2.527199,-0.125214,-0.200046
2025-11-13,1.277736,1.487738,2.530222,-0.120253,-0.190376
2025-11-14,1.263326,1.464346,2.510194,-0.130175,-0.203106
2025-11-17,1.248915,1.454826,2.492535,-0.140097,-0.208287
2025-11-18,1.231302,1.445378,2.469219,-0.152224,-0.213428
2025-11-19,1.237707,1.451738,2.476639,-0.147814,-0.209967
2025-11-20,1.231302,1.444353,2.475048,-0.152224,-0.213986
2025-11-21,1.200079,1.409125,2.432227,-0.173721,-0.233157
2025-11-24,1.199279,1.407366,2.422053,-0.174272,-0.234114
2025-11-25,1.208886,1.420765,2.436827,-0.167658,-0.226822
2025-11-26,1.208085,1.429381,2.436140,-0.168209,-0.222134
2025-11-27,1.208085,1.428675,2.439182,-0.168209,-0.222518
2025-11-28,1.212088,1.432238,2.442886,-0.165453,-0.220579
2025-12-01,1.223296,1.448004,2.460570,-0.157736,-0.211999
2025-12-02,1.223490,1.440993,2.456912,-0.157602,-0.215814
2025-12-03,1.226566,1.433627,2.454768,-0.155485,-0.219823
2025-12-04,1.220415,1.438538,2.449692,-0.159720,-0.217151
2025-12-05,1.218569,1.450551,2.457344,-0.160991,-0.210613
2025-12-08,1.213033,1.462325,2.451471,-0.164802,-0.204206
2025-12-09,1.203806,1.454880,2.430531,-0.171155,-0.208257
2025-12-10,1.200115,1.452858,2.429950,-0.173696,-0.209358
2025-12-11,1.195194,1.440313,2.415170,-0.177085,-0.216185
2025-12-12,1.193349,1.449415,2.421498,-0.178355,-0.211231
2025-12-15,1.195194,1.440275,2.428619,-0.177085,-0.216205
2025-12-16,1.190888,1.423028,2.406318,-0.180049,-0.225591
2025-12-17,1.197040,1.449077,2.424389,-0.175814,-0.211415
2025-12-18,1.203806,1.440506,2.434236,-0.171155,-0.216080
2025-12-19,1.204421,1.445375,2.441581,-0.170732,-0.213430
2025-12-22,1.200731,1.459119,2.439757,-0.173273,-0.205950
2025-12-23,1.201346,1.462002,2.440009,-0.172849,-0.204381
2025-12-24,1.201346,1.466219,2.444780,-0.172849,-0.202086
2025-12-25,1.201961,1.468903,2.450422,-0.172426,-0.200626
2025-12-26,1.200731,1.473554,2.457507,-0.173273,-0.198095
2025-12-29,1.197655,1.467900,2.450135,-0.175390,-0.201172
2025-12-30,1.195194,1.471668,2.449766,-0.177085,-0.199121
2025-12-31,1.200731,1.464916,2.450954,-0.173273,-0.202796
2026-01-05,1.197655,1.492699,2.465460,-0.175390,-0.187676
2026-01-06,1.209523,1.515777,2.492469,-0.167219,-0.175117
2026-01-07,1.207739,1.511341,2.493558,-0.168447,-0.177531
2026-01-08,1.193468,1.498995,2.483529,-0.178274,-0.184250
2026-01-09,1.197035,1.505725,2.497429,-0.175817,-0.180587
2026-01-12,1.195251,1.515534,2.509613,-0.177045,-0.175249
2026-01-13,1.195251,1.506393,2.507029,-0.177045,-0.180224
2026-01-14,1.193468,1.500350,2.488421,-0.178274,-0.183513
2026-01-15,1.200603,1.503355,2.483760,-0.173360,-0.181877
2026-01-16,1.213091,1.497167,2.472373,-0.164762,-0.185245
2026-01-19,1.200603,1.497986,2.484689,-0.173360,-0.184799
2026-01-20,1.184548,1.493057,2.508097,-0.184415,-0.187481
2026-01-21,1.188116,1.494382,2.497249,-0.181958,-0.186760
2026-01-22,1.188116,1.494585,2.505268,-0.181958,-0.186650
2026-01-23,1.177412,1.487874,2.502565,-0.189328,-0.190302
2026-01-26,1.188116,1.489285,2.523067,-0.181958,-0.189534
2026-01-27,1.186332,1.488883,2.500306,-0.183187,-0.189753
2026-01-28,1.200603,1.492775,2.529813,-0.173360,-0.187635
2026-01-29,1.211307,1.504127,2.564892,-0.165991,-0.181457
2026-01-30,1.197035,1.489089,2.533426,-0.175817,-0.189641
2026-02-02,1.172060,1.457335,2.473896,-0.193013,-0.206921
2026-02-03,1.174746,1.474462,2.494088,-0.191164,-0.197601
2026-02-04,1.174746,1.486665,2.540166,-0.191164,-0.190960
2026-02-05,1.174746,1.477724,2.534034,-0.191164,-0.195826
2026-02-06,1.174746,1.469238,2.523012,-0.191164,-0.200444
2026-02-09,1.174746,1.493114,2.544237,-0.191164,-0.187450
2026-02-10,1.174746,1.494771,2.551016,-0.191164,-0.186548
2026-02-11,1.174746,1.491456,2.561034,-0.191164,-0.188353
2026-02-12,1.174746,1.493278,2.556555,-0.191164,-0.187361
2026-02-13,1.174746,1.474557,2.523378,-0.191164,-0.197549
2026-02-24,1.174746,1.489469,2.558684,-0.191164,-0.189434
2026-02-25,1.174746,1.498439,2.567200,-0.191164,-0.184553
2026-02-26,1.174746,1.495585,2.566495,-0.191164,-0.186106
2026-02-27,1.174746,1.490453,2.580467,-0.191164,-0.188899
2026-03-02,1.174746,1.496154,2.614216,-0.191164,-0.185796
2026-03-03,1.163384,1.473130,2.616670,-0.198987,-0.198326
2026-03-04,1.157219,1.456272,2.585919,-0.203231,-0.207500
2026-03-05,1.168316,1.470532,2.590706,-0.195591,-0.199739
2026-03-06,1.167083,1.474566,2.597549,-0.196440,-0.197544
2026-03-09,1.163384,1.460334,2.590634,-0.198987,-0.205289
2026-03-10,1.161535,1.479097,2.590630,-0.200260,-0.195078
2026-03-11,1.170783,1.488507,2.616082,-0.193893,-0.189958
2026-03-12,1.178181,1.483147,2.632957,-0.188799,-0.192874
2026-03-13,1.165234,1.477319,2.623183,-0.197713,-0.196046
2026-03-16,1.146121,1.478085,2.609459,-0.210872,-0.195629
2026-03-17,1.120844,1.467289,2.594195,-0.228276,-0.201504
2026-03-18,1.126393,1.473899,2.589011,-0.224456,-0.197907
2026-03-19,1.103581,1.450143,2.564935,-0.240162,-0.210835
2026-03-20,1.088785,1.445008,2.551247,-0.250350,-0.213629
2026-03-23,1.062891,1.397858,2.484151,-0.268178,-0.239288
2026-03-24,1.088168,1.415804,2.523215,-0.250774,-0.229522
2026-03-25,1.101115,1.435658,2.540675,-0.241860,-0.218718
2026-03-26,1.084469,1.416693,2.527966,-0.253321,-0.229038
2026-03-27,1.087552,1.424616,2.533542,-0.251199,-0.224727
2026-03-30,1.086318,1.421256,2.548962,-0.252048,-0.226555
2026-03-31,1.070289,1.407999,2.531896,-0.263085,-0.233770
2026-04-01,1.078920,1.432051,2.543493,-0.257142,-0.220680
2026-04-02,1.077812,1.417130,2.539920,-0.257905,-0.228801
2026-04-03,1.063949,1.405069,2.512010,-0.267450,-0.235364
2026-04-07,1.067779,1.405015,2.510514,-0.264812,-0.235394
2026-04-08,1.067597,1.454038,2.550479,-0.264938,-0.208715
2026-04-09,1.062490,1.444755,2.533119,-0.268454,-0.213767
2026-04-10,1.064496,1.467014,2.540177,-0.267073,-0.201654
2026-04-13,1.066138,1.470045,2.535731,-0.265943,-0.200004
2026-04-14,1.066138,1.487488,2.546973,-0.265943,-0.190512
2026-04-15,1.071792,1.482416,2.554485,-0.262049,-0.193272
2026-04-16,1.073069,1.498666,2.566129,-0.261170,-0.184429
2026-04-17,1.064496,1.496154,2.552677,-0.267073,-0.185796
2026-04-20,1.066867,1.505257,2.559983,-0.265440,-0.180842
2026-04-21,1.080000,1.508598,2.574285,-0.256398,-0.179024
2026-04-22,1.081460,1.518606,2.577774,-0.255393,-0.173578
2026-04-23,1.089303,1.514398,2.587507,-0.249993,-0.175868
2026-04-24,1.085108,1.509032,2.577003,-0.252882,-0.178788
2026-04-27,1.083466,1.509532,2.566459,-0.254012,-0.178516
2026-04-28,1.099882,1.505501,2.580609,-0.242709,-0.180709
2026-04-29,1.107178,1.521998,2.602774,-0.237685,-0.171732
2026-04-30,1.105172,1.521036,2.592945,-0.239067,-0.172255
2026-05-06,1.105172,1.543114,2.599009,-0.239067,-0.160240
2026-05-07,1.082296,1.550524,2.582177,-0.254817,-0.156208
2026-05-08,1.078648,1.541475,2.576905,-0.257329,-0.161132
2026-05-11,1.079378,1.566765,2.589776,-0.256827,-0.147369
2026-05-12,1.077372,1.565566,2.584828,-0.258208,-0.148022
2026-05-13,1.072994,1.581478,2.588860,-0.261222,-0.139363
2026-05-14,1.066063,1.554983,2.566357,-0.265994,-0.153782
2026-05-15,1.066063,1.537577,2.546090,-0.265994,-0.163253
2026-05-18,1.064057,1.529329,2.530832,-0.267375,-0.167742
2026-05-19,1.065699,1.535454,2.541408,-0.266245,-0.164409
2026-05-20,1.063510,1.534765,2.531103,-0.267752,-0.164784
2026-05-21,1.049284,1.513376,2.502307,-0.277547,-0.176424
2026-05-22,1.043994,1.532993,2.504149,-0.281189,-0.165748
2026-05-25,1.053479,1.557197,2.518792,-0.274659,-0.152576
2026-05-26,1.053843,1.565503,2.529050,-0.274408,-0.148056
2026-05-27,1.048554,1.552948,2.509695,-0.278049,-0.154889
2026-05-28,1.048554,1.554859,2.505231,-0.278049,-0.153849
2026-05-29,1.060409,1.547870,2.536459,-0.269887,-0.157652
2026-06-01,1.093969,1.532727,2.561672,-0.246780,-0.165893
2026-06-02,1.093148,1.554970,2.566535,-0.247345,-0.153788
2026-06-03,1.093148,1.562643,2.562576,-0.247345,-0.149613
2026-06-04,1.093148,1.551866,2.542004,-0.247345,-0.155478
2026-06-05,1.093148,1.524077,2.526711,-0.247345,-0.170601
2026-06-08,1.093148,1.491399,2.499220,-0.247345,-0.188384
2026-06-09,1.093148,1.519296,2.507974,-0.247345,-0.173202
2026-06-10,1.093148,1.502457,2.495833,-0.247345,-0.182366
2026-06-11,1.093148,1.494173,2.491247,-0.247345,-0.186874
2026-06-12,1.093148,1.511547,2.521129,-0.247345,-0.177419
2026-06-15,1.093148,1.547740,2.517661,-0.247345,-0.157723
2026-06-16,1.093148,1.545373,2.487363,-0.247345,-0.159011
2026-06-17,1.093148,1.560295,2.480132,-0.247345,-0.150891
2026-06-18,1.093148,1.563525,2.443348,-0.247345,-0.149133
2026-06-22,1.093148,1.600880,2.472398,-0.247345,-0.128804
2026-06-23,1.093148,1.556498,2.438669,-0.247345,-0.152957
2026-06-24,1.093148,1.563975,2.419152,-0.247345,-0.148888
2026-06-25,1.093148,1.588363,2.403770,-0.247345,-0.135616
2026-06-26,1.093148,1.540308,2.360596,-0.247345,-0.161767
2026-06-29,1.093148,1.558881,2.375375,-0.247345,-0.151660
2026-06-30,1.093148,1.575495,2.352721,-0.247345,-0.142619
2026-07-01,1.093148,1.569024,2.373647,-0.247345,-0.146140
2026-07-02,1.070036,1.522615,2.372424,-0.263259,-0.171396
2026-07-03,1.092329,1.532066,2.396914,-0.247910,-0.166253
2026-07-06,1.081182,1.532012,2.423380,-0.255584,-0.166282
2026-07-07,1.066852,1.516274,2.389248,-0.265451,-0.174847
2026-07-08,1.062075,1.504653,2.395322,-0.268740,-0.181171
2026-07-09,1.084367,1.542868,2.383742,-0.253391,-0.160374
2026-07-10,1.073221,1.512645,2.383114,-0.261066,-0.176822
2026-07-13,1.052521,1.485621,2.380030,-0.275318,-0.191528
2026-07-14,1.095513,1.517616,2.429802,-0.245717,-0.174117
2026-07-15,1.100290,1.514540,2.461731,-0.242428,-0.175790
2026-07-16,1.085959,1.486586,2.430251,-0.252295,-0.191003
2026-07-17,1.042967,1.433010,2.406924,-0.281896,-0.220159
2026-07-20,1.049336,1.454911,2.463387,-0.277511,-0.208240
2026-07-21,1.081182,1.499495,2.465575,-0.255584,-0.183978
2026-07-22,1.092329,1.492538,2.486466,-0.247910,-0.187764
2026-07-23,1.097106,1.495942,2.508163,-0.244621,-0.185911
2026-07-24,1.066852,1.471007,2.466251,-0.265451,-0.199481
2026-07-27,1.084367,1.487852,2.483578,-0.253391,-0.190314
2026-07-28,1.050928,1.445799,2.473457,-0.276415,-0.213199
2026-07-29,1.060482,1.455525,2.504156,-0.269837,-0.207906
2026-07-30,1.044559,1.439534,2.525552,-0.280800,-0.216608
2026-07-31,1.060482,1.451709,2.529311,-0.269837,-0.209983
2026-08-03,1.052521,1.437465,2.516962,-0.275318,-0.217734
2026-08-04,1.053322,1.455737,2.498362,-0.274766,-0.207791
2026-08-05,1.053322,1.473842,2.498572,-0.274766,-0.197938
2026-08-06,1.053322,1.471677,2.510833,-0.274766,-0.199116
2026-08-07,1.053322,1.485324,2.513743,-0.274766,-0.191690
2026-08-10,1.053322,1.487722,2.537698,-0.274766,-0.190385
2026-08-11,1.053322,1.475626,2.522266,-0.274766,-0.196967
2026-08-12,1.053322,1.484210,2.522788,-0.274766,-0.192296
2026-08-13,1.053322,1.475677,2.501490,-0.274766,-0.196940
2026-08-14,1.053322,1.476287,2.504080,-0.274766,-0.196607
2026-08-17,1.053322,1.500087,2.517156,-0.274766,-0.183656
2026-08-18,1.053322,1.495249,2.525828,-0.274766,-0.186288
2026-08-19,1.053322,1.451868,2.518165,-0.274766,-0.209896
2026-08-20,1.053322,1.453149,2.532603,-0.274766,-0.209199
2026-08-21,1.053322,1.461423,2.532273,-0.274766,-0.204697
2026-08-24,1.053322,1.443777,2.543714,-0.274766,-0.214299
2026-08-25,1.053322,1.440265,2.536165,-0.274766,-0.216210
2026-08-26,1.053322,1.452529,2.552341,-0.274766,-0.209537
2026-08-27,1.053322,1.465023,2.552685,-0.274766,-0.202737
2026-08-28,1.053322,1.458347,2.557590,-0.274766,-0.206370
2026-08-31,1.053322,1.463381,2.563042,-0.274766,-0.203631
2026-09-01,1.053322,1.459063,2.568604,-0.274766,-0.205981
2026-09-02,1.030650,1.438977,2.535936,-0.290377,-0.216911
2026-09-03,1.033136,1.440439,2.540965,-0.288665,-0.216116
2026-09-04,1.033634,1.439006,2.548648,-0.288322,-0.216896
2026-09-07,1.019211,1.447539,2.532650,-0.298253,-0.212252
2026-09-08,1.036120,1.442388,2.548784,-0.286610,-0.215055
2026-09-09,1.051704,1.446774,2.569123,-0.275881,-0.212669
2026-09-10,1.044243,1.439113,2.557815,-0.281017,-0.216837
2026-09-11,1.027997,1.427017,2.525080,-0.292203,-0.223420
2026-09-14,1.023521,1.417500,2.525175,-0.295285,-0.228599
2026-09-15,1.016890,1.407995,2.506791,-0.299851,-0.233772
2026-09-16,1.012248,1.417560,2.498260,-0.303047,-0.228566
2026-09-17,1.006280,1.411197,2.487452,-0.307156,-0.232029
2026-09-18,1.003959,1.426141,2.491298,-0.308754,-0.223897
2026-09-21,1.017719,1.436323,2.505789,-0.299280,-0.218356
2026-09-22,1.016227,1.437911,2.505715,-0.300307,-0.217492
2026-09-23,1.007275,1.429270,2.488311,-0.306471,-0.222194
2026-09-24,1.009264,1.404547,2.473983,-0.305101,-0.235648
2026-09-28,1.004788,1.373419,2.449746,-0.308183,-0.252588
2026-09-29,0.999649,1.374827,2.450757,-0.311722,-0.251822
2026-09-30,1.012580,1.378754,2.478036,-0.302819,-0.249685
