date,strategy_nav,bench_nav,ew_nav,strategy_dd,bench_dd
2017-01-03,1.000000,1.057484,1.138770,0.000000,0.000000
2017-01-04,0.995204,1.065735,1.140012,-0.004796,0.000000
2017-01-05,0.992170,1.065571,1.140854,-0.007830,-0.000154
2017-01-06,0.991159,1.059205,1.140283,-0.008841,-0.006128
2017-01-09,0.992170,1.064340,1.144475,-0.007830,-0.001309
2017-01-10,0.991159,1.062559,1.145840,-0.008841,-0.002981
2017-01-11,0.993182,1.055038,1.150550,-0.006818,-0.010038
2017-01-12,0.997227,1.049697,1.150662,-0.002773,-0.015049
2017-01-13,0.990148,1.050422,1.148349,-0.009852,-0.014369
2017-01-16,0.997227,1.050276,1.149361,-0.002773,-0.014506
2017-01-17,0.985091,1.052462,1.143247,-0.014909,-0.012454
2017-01-18,0.992170,1.056579,1.147959,-0.007830,-0.008592
2017-01-19,0.988125,1.053389,1.149151,-0.011875,-0.011584
2017-01-20,0.995204,1.061489,1.149197,-0.004796,-0.003984
2017-01-23,0.996216,1.064397,1.146995,-0.003784,-0.001256
2017-01-24,0.994193,1.064514,1.147930,-0.005807,-0.001146
2017-01-25,1.004307,1.068137,1.158434,0.000000,0.000000
2017-01-26,1.035660,1.071953,1.176193,0.000000,0.000000
2017-02-03,1.021501,1.064527,1.167052,-0.013672,-0.006927
2017-02-06,1.018466,1.067286,1.170964,-0.016602,-0.004354
2017-02-07,1.002284,1.064903,1.169772,-0.032227,-0.006576
2017-02-08,1.005318,1.070475,1.175221,-0.029297,-0.001378
2017-02-09,1.005318,1.074588,1.177598,-0.029297,0.000000
2017-02-10,1.009364,1.080030,1.186452,-0.025391,0.000000
2017-02-13,1.008352,1.087241,1.190558,-0.026367,0.000000
2017-02-14,1.013409,1.087089,1.192151,-0.021484,-0.000140
2017-02-15,1.010375,1.082631,1.199092,-0.024414,-0.004240
2017-02-16,1.005318,1.088712,1.200930,-0.029297,0.000000
2017-02-17,1.006330,1.082546,1.199311,-0.028320,-0.005664
2017-02-20,1.009364,1.098350,1.210236,-0.025391,0.000000
2017-02-21,1.008352,1.101966,1.205840,-0.026367,0.000000
2017-02-22,1.023523,1.104162,1.218491,-0.011719,0.000000
2017-02-23,1.023523,1.098961,1.217828,-0.011719,-0.004711
2017-02-24,1.014421,1.099128,1.211590,-0.020508,-0.004559
2017-02-27,1.009364,1.090386,1.204864,-0.025391,-0.012477
2017-02-28,1.008352,1.092471,1.205941,-0.026367,-0.010588
2017-03-01,1.007341,1.094253,1.209444,-0.027344,-0.008975
2017-03-02,1.023044,1.086868,1.235174,-0.012182,-0.015663
2017-03-03,1.017386,1.084577,1.227969,-0.017645,-0.017738
2017-03-06,1.038989,1.090468,1.243494,0.000000,-0.012402
2017-03-07,1.025101,1.092835,1.232376,-0.013366,-0.010259
2017-03-08,1.017386,1.091180,1.225402,-0.020792,-0.011757
2017-03-09,1.017900,1.084286,1.218989,-0.020297,-0.018001
2017-03-10,1.026130,1.084587,1.229650,-0.012376,-0.017729
2017-03-13,1.033845,1.094145,1.236884,-0.004950,-0.009072
2017-03-14,1.041560,1.093699,1.244524,0.000000,-0.009476
2017-03-15,1.038474,1.095898,1.238123,-0.002963,-0.007485
2017-03-16,1.049276,1.101552,1.250948,0.000000,-0.002364
2017-03-17,1.046190,1.090256,1.253698,-0.002941,-0.012594
2017-03-20,1.043104,1.091459,1.261121,-0.005882,-0.011505
2017-03-21,1.049276,1.096755,1.266518,0.000000,-0.006708
2017-03-22,1.016872,1.091598,1.233938,-0.030882,-0.011379
2017-03-23,1.019443,1.095373,1.236190,-0.028431,-0.007960
2017-03-24,1.005556,1.104112,1.233425,-0.041667,-0.000046
2017-03-27,0.995783,1.100454,1.223085,-0.050980,-0.003358
2017-03-28,1.007613,1.097850,1.234000,-0.039706,-0.005717
2017-03-29,1.023558,1.096388,1.244939,-0.024510,-0.007041
2017-03-30,1.024587,1.087393,1.242854,-0.023529,-0.015187
2017-03-31,1.032302,1.093496,1.251160,-0.016176,-0.009660
2017-04-05,1.023558,1.108633,1.249345,-0.024510,0.000000
2017-04-06,1.012743,1.111848,1.241577,-0.034817,0.000000
2017-04-07,1.009657,1.112927,1.238729,-0.037758,0.000000
2017-04-10,1.014286,1.109028,1.242766,-0.033347,-0.003503
2017-04-11,1.012743,1.112885,1.239085,-0.034817,-0.000037
2017-04-12,1.012228,1.110389,1.233678,-0.035308,-0.002280
2017-04-13,1.005028,1.112012,1.234541,-0.042170,-0.000822
2017-04-14,0.995255,1.103131,1.222632,-0.051484,-0.008802
2017-04-17,0.995769,1.101055,1.220689,-0.050994,-0.010667
2017-04-18,1.010171,1.095613,1.229765,-0.037268,-0.015557
2017-04-19,1.003999,1.090279,1.223605,-0.043151,-0.020350
2017-04-20,1.002456,1.095237,1.224214,-0.044621,-0.015895
2017-04-21,1.012228,1.096895,1.234187,-0.035308,-0.014405
2017-04-24,1.020458,1.085653,1.248531,-0.027465,-0.024506
2017-04-25,1.028687,1.088725,1.268040,-0.019621,-0.021746
2017-04-26,1.038974,1.090057,1.279778,-0.009818,-0.020549
2017-04-27,1.031773,1.090544,1.271895,-0.016680,-0.020111
2017-04-28,1.038460,1.088339,1.276492,-0.010308,-0.022093
2017-05-02,1.050290,1.084172,1.281946,0.000000,-0.025837
2017-05-03,1.048748,1.079916,1.283558,-0.001468,-0.029661
2017-05-04,1.045662,1.077151,1.279356,-0.004406,-0.032145
2017-05-05,1.042576,1.070241,1.276775,-0.007345,-0.038354
2017-05-08,1.061092,1.062730,1.296914,0.000000,-0.045104
2017-05-09,1.065721,1.060743,1.306211,0.000000,-0.046889
2017-05-10,1.065207,1.056050,1.312987,-0.000483,-0.051105
2017-05-11,1.064692,1.062046,1.318904,-0.000965,-0.045718
2017-05-12,1.054920,1.071136,1.308437,-0.010135,-0.037550
2017-05-15,1.059549,1.075506,1.321194,-0.005792,-0.033624
2017-05-16,1.066236,1.084827,1.318471,0.000000,-0.025248
2017-05-17,1.061606,1.078917,1.315058,-0.004342,-0.030559
2017-05-18,1.038975,1.075164,1.297468,-0.025567,-0.033931
2017-05-19,1.045662,1.076980,1.300715,-0.019296,-0.032299
2017-05-22,1.054406,1.079318,1.322796,-0.011095,-0.030198
2017-05-23,1.064692,1.083416,1.332961,-0.001447,-0.026516
2017-05-24,1.064178,1.083410,1.321384,-0.001930,-0.026522
2017-05-25,1.070865,1.102865,1.324408,0.000000,-0.009041
2017-05-26,1.084238,1.101210,1.325805,0.000000,-0.010527
2017-05-31,1.083723,1.105149,1.316156,-0.000474,-0.006988
2017-06-01,1.073436,1.106687,1.313115,-0.009962,-0.005606
2017-06-02,1.089468,1.103134,1.327046,0.000000,-0.008799
2017-06-05,1.080229,1.097515,1.331983,-0.008481,-0.013848
2017-06-06,1.084848,1.105149,1.328051,-0.004240,-0.006988
2017-06-07,1.084848,1.118119,1.320196,-0.004240,0.000000
2017-06-08,1.086388,1.126696,1.325673,-0.002827,0.000000
2017-06-09,1.083308,1.131502,1.335284,-0.005654,0.000000
2017-06-12,1.074839,1.130939,1.321294,-0.013428,-0.000498
2017-06-13,1.074069,1.133432,1.316840,-0.014134,0.000000
2017-06-14,1.074839,1.118571,1.314926,-0.013428,-0.013112
2017-06-15,1.066370,1.116511,1.304279,-0.021201,-0.014929
2017-06-16,1.069449,1.113338,1.304333,-0.018375,-0.017729
2017-06-19,1.082538,1.124383,1.311824,-0.006360,-0.007984
2017-06-20,1.084848,1.122112,1.326220,-0.004240,-0.009988
2017-06-21,1.078689,1.135233,1.313961,-0.009894,0.000000
2017-06-22,1.080229,1.135986,1.321019,-0.008481,0.000000
2017-06-23,1.081769,1.146282,1.322882,-0.007067,0.000000
2017-06-26,1.088698,1.160586,1.329732,-0.000707,0.000000
2017-06-27,1.086388,1.162684,1.329161,-0.002827,0.000000
2017-06-28,1.076379,1.153650,1.315157,-0.012014,-0.007769
2017-06-29,1.087158,1.160820,1.323945,-0.002120,-0.001603
2017-06-30,1.077149,1.160178,1.307847,-0.011307,-0.002155
2017-07-03,1.079459,1.155131,1.305429,-0.009187,-0.006496
2017-07-04,1.062546,1.145364,1.292925,-0.024711,-0.014896
2017-07-05,1.069476,1.157925,1.299969,-0.018350,-0.004093
2017-07-06,1.072556,1.158058,1.304234,-0.015523,-0.003979
2017-07-07,1.067936,1.156739,1.296401,-0.019764,-0.005113
2017-07-10,1.076406,1.156030,1.303346,-0.011990,-0.005723
2017-07-11,1.091805,1.161447,1.314215,0.000000,-0.001064
2017-07-12,1.095655,1.157653,1.317958,0.000000,-0.004327
2017-07-13,1.107204,1.166544,1.337045,0.000000,0.000000
2017-07-14,1.107204,1.171660,1.335673,0.000000,0.000000
2017-07-17,1.108744,1.159153,1.339927,0.000000,-0.010675
2017-07-18,1.111054,1.160298,1.337293,0.000000,-0.009697
2017-07-19,1.118753,1.180095,1.349724,0.000000,0.000000
2017-07-20,1.121833,1.185832,1.349932,0.000000,0.000000
2017-07-21,1.119523,1.179731,1.351790,-0.002059,-0.005144
2017-07-24,1.120293,1.184436,1.347781,-0.001373,-0.001177
2017-07-25,1.118753,1.176871,1.349640,-0.002745,-0.007556
2017-07-26,1.122603,1.172388,1.351634,0.000000,-0.011337
2017-07-27,1.132613,1.174539,1.363351,0.000000,-0.009523
2017-07-28,1.127223,1.177608,1.354414,-0.004759,-0.006935
2017-07-31,1.136463,1.182664,1.367670,0.000000,-0.002671
2017-08-01,1.148012,1.192951,1.371205,0.000000,0.000000
2017-08-02,1.150951,1.189935,1.376355,0.000000,-0.002528
2017-08-03,1.118362,1.179488,1.362693,-0.028315,-0.011285
2017-08-04,1.122336,1.173081,1.360739,-0.024862,-0.016656
2017-08-07,1.137438,1.179159,1.372217,-0.011740,-0.011561
2017-08-08,1.159694,1.180874,1.377015,0.000000,-0.010124
2017-08-09,1.151746,1.180503,1.370108,-0.006854,-0.010434
2017-08-10,1.145387,1.175719,1.360241,-0.012337,-0.014444
2017-08-11,1.104849,1.154024,1.332094,-0.047293,-0.032631
2017-08-14,1.137438,1.168999,1.347787,-0.019191,-0.020078
2017-08-15,1.112798,1.172600,1.351439,-0.040439,-0.017059
2017-08-16,1.114387,1.171132,1.350293,-0.039068,-0.018290
2017-08-17,1.124720,1.177415,1.352492,-0.030158,-0.013023
2017-08-18,1.107234,1.178488,1.339735,-0.045236,-0.012123
2017-08-21,1.112003,1.183652,1.339394,-0.041124,-0.007795
2017-08-22,1.131874,1.187230,1.348699,-0.023989,-0.004795
2017-08-23,1.137438,1.188429,1.354440,-0.019191,-0.003790
2017-08-24,1.136643,1.181646,1.349655,-0.019877,-0.009476
2017-08-25,1.137438,1.200978,1.353689,-0.019191,0.000000
2017-08-28,1.116772,1.215836,1.348009,-0.037012,0.000000
2017-08-29,1.100875,1.213251,1.339048,-0.050720,-0.002126
2017-08-30,1.111208,1.213175,1.343449,-0.041809,-0.002189
2017-08-31,1.119951,1.209312,1.348969,-0.034270,-0.005366
2017-09-01,1.118362,1.211985,1.350697,-0.035641,-0.003167
2017-09-04,1.103974,1.216757,1.339836,-0.048047,0.000000
2017-09-05,1.100960,1.220373,1.338632,-0.050646,0.000000
2017-09-06,1.099453,1.217968,1.335162,-0.051946,-0.001970
2017-09-07,1.095685,1.211773,1.333913,-0.055195,-0.007047
2017-09-08,1.091164,1.210546,1.336092,-0.059094,-0.008053
2017-09-11,1.113771,1.210438,1.346531,-0.039600,-0.008141
2017-09-12,1.115278,1.214323,1.355725,-0.038300,-0.004957
2017-09-13,1.111510,1.215804,1.354598,-0.041549,-0.003744
2017-09-14,1.110756,1.211802,1.361735,-0.042199,-0.007024
2017-09-15,1.110003,1.212226,1.361043,-0.042849,-0.006676
2017-09-18,1.125828,1.215972,1.370831,-0.029203,-0.003606
2017-09-19,1.131103,1.212485,1.379539,-0.024654,-0.006463
2017-09-20,1.127335,1.215750,1.378759,-0.027903,-0.003788
2017-09-21,1.131103,1.214289,1.376398,-0.024654,-0.004986
2017-09-22,1.120553,1.214260,1.373937,-0.033751,-0.005009
2017-09-25,1.110756,1.207951,1.369529,-0.042199,-0.010179
2017-09-26,1.110003,1.208897,1.358727,-0.042849,-0.009404
2017-09-27,1.118292,1.209030,1.363915,-0.035701,-0.009295
2017-09-28,1.119799,1.209454,1.370547,-0.034401,-0.008947
2017-09-29,1.117538,1.213871,1.376370,-0.036351,-0.005328
2017-10-09,1.144667,1.228334,1.396355,-0.012958,0.000000
2017-10-10,1.144505,1.230754,1.398916,-0.013098,0.000000
2017-10-11,1.168333,1.234814,1.407440,0.000000,0.000000
2017-10-12,1.179094,1.238060,1.412765,0.000000,0.000000
2017-10-13,1.156803,1.240607,1.404185,-0.018905,0.000000
2017-10-16,1.165258,1.238218,1.410590,-0.011734,-0.001926
2017-10-17,1.179094,1.238098,1.418146,0.000000,-0.002022
2017-10-18,1.172944,1.247935,1.414246,-0.005215,0.000000
2017-10-19,1.176019,1.243850,1.415650,-0.002608,-0.003273
2017-10-20,1.167564,1.242458,1.415192,-0.009778,-0.004389
2017-10-23,1.152191,1.243708,1.412045,-0.022816,-0.003387
2017-10-24,1.141430,1.252757,1.404234,-0.031943,0.000000
2017-10-25,1.149117,1.258309,1.409707,-0.025424,0.000000
2017-10-26,1.127595,1.263571,1.401538,-0.043677,0.000000
2017-10-27,1.111453,1.272554,1.405927,-0.057366,0.000000
2017-10-30,1.120677,1.268678,1.416211,-0.049544,-0.003046
2017-10-31,1.119140,1.267729,1.414877,-0.050847,-0.003792
2017-11-01,1.136818,1.264533,1.422724,-0.035854,-0.006303
2017-11-02,1.128824,1.264694,1.426473,-0.042635,-0.006176
2017-11-03,1.132650,1.263293,1.429806,-0.039389,-0.007278
2017-11-06,1.137433,1.272212,1.432818,-0.035333,-0.000269
2017-11-07,1.133607,1.282767,1.440424,-0.038578,0.000000
2017-11-08,1.125954,1.280793,1.437902,-0.045068,-0.001539
2017-11-09,1.129780,1.289617,1.441259,-0.041823,0.000000
2017-11-10,1.123084,1.301011,1.436751,-0.047502,0.000000
2017-11-13,1.130737,1.306124,1.439551,-0.041012,0.000000
2017-11-14,1.115431,1.297037,1.437577,-0.053993,-0.006957
2017-11-15,1.101081,1.288912,1.421844,-0.066163,-0.013178
2017-11-16,1.103951,1.298828,1.423247,-0.063729,-0.005586
2017-11-17,1.116387,1.303840,1.439796,-0.053182,-0.001749
2017-11-20,1.106821,1.311110,1.439384,-0.061295,0.000000
2017-11-21,1.112561,1.334483,1.451759,-0.056427,0.000000
2017-11-22,1.123084,1.337606,1.461876,-0.047502,0.000000
2017-11-23,1.107778,1.298002,1.453125,-0.060484,-0.029608
2017-11-24,1.118301,1.298571,1.457907,-0.051559,-0.029182
2017-11-27,1.123084,1.281407,1.461729,-0.047502,-0.042015
2017-11-28,1.122127,1.283264,1.454043,-0.048314,-0.040626
2017-11-29,1.125954,1.282609,1.461012,-0.045068,-0.041116
2017-11-30,1.118301,1.267533,1.444248,-0.051559,-0.052387
2017-12-01,1.123084,1.265014,1.446226,-0.047502,-0.054270
2017-12-04,1.117580,1.271570,1.457281,-0.052171,-0.049369
2017-12-05,1.086947,1.278312,1.432678,-0.078150,-0.044328
2017-12-06,1.074596,1.270608,1.413134,-0.088626,-0.050088
2017-12-07,1.082007,1.256446,1.417201,-0.082340,-0.060676
2017-12-08,1.091888,1.266672,1.433640,-0.073960,-0.053030
2017-12-11,1.096829,1.287592,1.443338,-0.069770,-0.037390
2017-12-12,1.104240,1.270671,1.444129,-0.063484,-0.050041
2017-12-13,1.105228,1.281451,1.451580,-0.062646,-0.041982
2017-12-14,1.108192,1.273876,1.452948,-0.060132,-0.047644
2017-12-15,1.102758,1.259547,1.438264,-0.064741,-0.058357
2017-12-18,1.119556,1.260948,1.450664,-0.050494,-0.057310
2017-12-19,1.126473,1.276781,1.466846,-0.044628,-0.045473
2017-12-20,1.124497,1.275250,1.458820,-0.046304,-0.046618
2017-12-21,1.117580,1.287070,1.456061,-0.052171,-0.037781
2017-12-22,1.121038,1.282878,1.462234,-0.049237,-0.040915
2017-12-25,1.117580,1.278746,1.458798,-0.052171,-0.044004
2017-12-26,1.117086,1.282568,1.458775,-0.052590,-0.041147
2017-12-27,1.103746,1.262821,1.449594,-0.063903,-0.055909
2017-12-28,1.100287,1.271582,1.450573,-0.066836,-0.049359
2017-12-29,1.101275,1.275363,1.447089,-0.065998,-0.046533
2018-01-02,1.095841,1.293256,1.451203,-0.070608,-0.033156
2018-01-03,1.104491,1.300846,1.465198,-0.063271,-0.027482
2018-01-04,1.110677,1.306358,1.474682,-0.058025,-0.023361
2018-01-05,1.107928,1.309503,1.473091,-0.060356,-0.021010
2018-01-08,1.111364,1.316277,1.486972,-0.057442,-0.015945
2018-01-09,1.120986,1.325497,1.493890,-0.049281,-0.009052
2018-01-10,1.129234,1.331354,1.500176,-0.042286,-0.004674
2018-01-11,1.125110,1.330651,1.492151,-0.045784,-0.005199
2018-01-12,1.129234,1.336793,1.503973,-0.042286,-0.000608
2018-01-15,1.127859,1.336869,1.503233,-0.043452,-0.000551
2018-01-16,1.140231,1.347383,1.508792,-0.032960,0.000000
2018-01-17,1.142293,1.344108,1.502824,-0.031211,-0.002430
2018-01-18,1.150540,1.351480,1.511604,-0.024216,0.000000
2018-01-19,1.148478,1.355903,1.507085,-0.025965,0.000000
2018-01-22,1.158101,1.372103,1.513311,-0.017804,0.000000
2018-01-23,1.173908,1.386661,1.529355,-0.004398,0.000000
2018-01-24,1.176658,1.388964,1.535924,-0.002066,0.000000
2018-01-25,1.158101,1.381114,1.524915,-0.017804,-0.005652
2018-01-26,1.173908,1.386246,1.529850,-0.004398,-0.001957
2018-01-29,1.164286,1.361162,1.534925,-0.012558,-0.020016
2018-01-30,1.151915,1.346633,1.518898,-0.023051,-0.030477
2018-01-31,1.149166,1.352897,1.506211,-0.025382,-0.025966
2018-02-01,1.151915,1.343405,1.508792,-0.023051,-0.032800
2018-02-02,1.159299,1.351420,1.497042,-0.016788,-0.027030
2018-02-05,1.116710,1.352344,1.458723,-0.052908,-0.026365
2018-02-06,1.043080,1.312711,1.378306,-0.115354,-0.054899
2018-02-07,1.052465,1.281581,1.394284,-0.107395,-0.077312
2018-02-08,1.041637,1.269415,1.398271,-0.116578,-0.086070
2018-02-09,0.994716,1.215184,1.351127,-0.156372,-0.125115
2018-02-12,1.029365,1.230830,1.372602,-0.126986,-0.113850
2018-02-13,1.039471,1.245236,1.388641,-0.118415,-0.103479
2018-02-14,1.071233,1.255149,1.408224,-0.091478,-0.096342
2018-02-22,1.116710,1.282286,1.435396,-0.052908,-0.076804
2018-02-23,1.123928,1.288095,1.445448,-0.046786,-0.072621
2018-02-26,1.141975,1.303071,1.465234,-0.031481,-0.061840
2018-02-27,1.134034,1.284264,1.466682,-0.038215,-0.075380
2018-02-28,1.105882,1.273082,1.446076,-0.062092,-0.083430
2018-03-01,1.118875,1.281135,1.445512,-0.051072,-0.077633
2018-03-02,1.093520,1.270810,1.427880,-0.072576,-0.085066
2018-03-05,1.100800,1.271329,1.421016,-0.066401,-0.084692
2018-03-06,1.115361,1.286662,1.439678,-0.054052,-0.073653
2018-03-07,1.108566,1.277199,1.425462,-0.059815,-0.080467
2018-03-08,1.117303,1.290155,1.444961,-0.052405,-0.071138
2018-03-09,1.125554,1.300049,1.455758,-0.045407,-0.064015
2018-03-12,1.149337,1.305997,1.479653,-0.025237,-0.059733
2018-03-13,1.149337,1.294474,1.477050,-0.025237,-0.068029
2018-03-14,1.134776,1.288807,1.457914,-0.037586,-0.072109
2018-03-15,1.134290,1.296028,1.464698,-0.037998,-0.066911
2018-03-16,1.134776,1.283454,1.467682,-0.037586,-0.075963
2018-03-19,1.132349,1.289095,1.471129,-0.039645,-0.071902
2018-03-20,1.112935,1.290187,1.458113,-0.056110,-0.071116
2018-03-21,1.113420,1.284919,1.457608,-0.055698,-0.074908
2018-03-22,1.110508,1.272041,1.448562,-0.058168,-0.084180
2018-03-23,1.069737,1.235525,1.400075,-0.092746,-0.110470
2018-03-26,1.061486,1.227600,1.395139,-0.099744,-0.116176
2018-03-27,1.101771,1.238161,1.418627,-0.065578,-0.108572
2018-03-28,1.060515,1.215839,1.385436,-0.100567,-0.124643
2018-03-29,1.061001,1.232080,1.384103,-0.100156,-0.112950
2018-03-30,1.064884,1.233488,1.384844,-0.096862,-0.111937
2018-04-02,1.056633,1.229824,1.382516,-0.103860,-0.114575
2018-04-03,1.031809,1.222091,1.365019,-0.124913,-0.120142
2018-04-04,1.033750,1.219680,1.362986,-0.123267,-0.121878
2018-04-09,1.040060,1.219069,1.374943,-0.117916,-0.122317
2018-04-10,1.060929,1.242559,1.395675,-0.100217,-0.105406
2018-04-11,1.060443,1.246093,1.392677,-0.100628,-0.102861
2018-04-12,1.058502,1.233532,1.385908,-0.102275,-0.111905
2018-04-13,1.069179,1.224831,1.395983,-0.093219,-0.118169
2018-04-16,1.062385,1.205126,1.383217,-0.098982,-0.132356
2018-04-17,1.071606,1.186072,1.385277,-0.091161,-0.146074
2018-04-18,1.090534,1.191653,1.402595,-0.075108,-0.142056
2018-04-19,1.091504,1.206069,1.407321,-0.074285,-0.131678
2018-04-20,1.085195,1.189935,1.399170,-0.079636,-0.143293
2018-04-23,1.068694,1.191669,1.390788,-0.093631,-0.142045
2018-04-24,1.075003,1.216083,1.397981,-0.088280,-0.124468
2018-04-25,1.053649,1.211403,1.378086,-0.106391,-0.127837
2018-04-26,1.053649,1.188239,1.368242,-0.106391,-0.144514
2018-04-27,1.083739,1.188679,1.393862,-0.080871,-0.144197
2018-05-02,1.082769,1.190821,1.403415,-0.081694,-0.142655
2018-05-03,1.077921,1.200108,1.399824,-0.085806,-0.135969
2018-05-04,1.081318,1.194286,1.395674,-0.082925,-0.140161
2018-05-07,1.101702,1.213140,1.407933,-0.065637,-0.126586
2018-05-08,1.103643,1.227217,1.419267,-0.063990,-0.116452
2018-05-09,1.102672,1.224983,1.421480,-0.064813,-0.118060
2018-05-10,1.118203,1.231767,1.434395,-0.051642,-0.113176
2018-05-11,1.124512,1.225369,1.441924,-0.046291,-0.117782
2018-05-14,1.123542,1.236902,1.446885,-0.047114,-0.109479
2018-05-15,1.121600,1.241588,1.442048,-0.048761,-0.106105
2018-05-16,1.110923,1.231697,1.432735,-0.057816,-0.113226
2018-05-17,1.120630,1.222588,1.441008,-0.049584,-0.119784
2018-05-18,1.120144,1.234931,1.444114,-0.049995,-0.110898
2018-05-21,1.127910,1.240683,1.455370,-0.043410,-0.106757
2018-05-22,1.124027,1.235927,1.446619,-0.046702,-0.110180
2018-05-23,1.115291,1.219592,1.437454,-0.054112,-0.121942
2018-05-24,1.127424,1.210935,1.438547,-0.043821,-0.128174
2018-05-25,1.129366,1.207543,1.433260,-0.042175,-0.130616
2018-05-28,1.134219,1.212846,1.443618,-0.038059,-0.126798
2018-05-29,1.133248,1.203591,1.435851,-0.038882,-0.133461
2018-05-30,1.125483,1.178077,1.417635,-0.045468,-0.151831
2018-05-31,1.140528,1.203075,1.431682,-0.032708,-0.133833
2018-06-01,1.136160,1.193017,1.429340,-0.036412,-0.141074
2018-06-04,1.156967,1.204721,1.452647,-0.018766,-0.132648
2018-06-05,1.171526,1.216662,1.467481,-0.006418,-0.124051
2018-06-06,1.174438,1.214140,1.469769,-0.003948,-0.125866
2018-06-07,1.183659,1.212134,1.479813,0.000000,-0.127311
2018-06-08,1.167158,1.195874,1.463947,-0.013940,-0.139017
2018-06-11,1.179776,1.195988,1.474456,-0.003280,-0.138935
2018-06-12,1.183173,1.210533,1.481803,-0.000410,-0.128463
2018-06-13,1.189482,1.198633,1.480897,0.000000,-0.137031
2018-06-14,1.182203,1.193897,1.468904,-0.006120,-0.140441
2018-06-15,1.199674,1.187588,1.487588,0.000000,-0.144983
2018-06-19,1.185115,1.145725,1.452217,-0.012136,-0.175123
2018-06-20,1.192880,1.150255,1.466667,-0.005663,-0.171861
2018-06-21,1.215689,1.136818,1.472268,0.000000,-0.181535
2018-06-22,1.207439,1.141858,1.467953,-0.006786,-0.177907
2018-06-25,1.199188,1.126538,1.461162,-0.013573,-0.188936
2018-06-26,1.179776,1.117245,1.441622,-0.029541,-0.195627
2018-06-27,1.171041,1.094512,1.430787,-0.036727,-0.211994
2018-06-28,1.162791,1.083207,1.420910,-0.043513,-0.220133
2018-06-29,1.188512,1.110876,1.449531,-0.022355,-0.200212
2018-07-02,1.182688,1.078281,1.436002,-0.027146,-0.223680
2018-07-03,1.202932,1.078698,1.458351,-0.010493,-0.223379
2018-07-04,1.190113,1.064293,1.440201,-0.021039,-0.233751
2018-07-05,1.201508,1.057550,1.445087,-0.011665,-0.238605
2018-07-06,1.212191,1.064726,1.463468,-0.002877,-0.233439
2018-07-09,1.223587,1.094487,1.490271,0.000000,-0.212012
2018-07-10,1.229284,1.097126,1.496426,0.000000,-0.210112
2018-07-11,1.231421,1.078145,1.479921,0.000000,-0.223778
2018-07-12,1.239968,1.101410,1.493396,0.000000,-0.207028
2018-07-13,1.239255,1.105089,1.496817,-0.000574,-0.204379
2018-07-16,1.239255,1.098571,1.498799,-0.000574,-0.209071
2018-07-17,1.232133,1.091386,1.490910,-0.006318,-0.214245
2018-07-18,1.244953,1.085672,1.505108,0.000000,-0.218359
2018-07-19,1.253500,1.084729,1.511941,0.000000,-0.219037
2018-07-20,1.254924,1.105153,1.510926,0.000000,-0.204333
2018-07-23,1.249939,1.115550,1.505460,-0.003973,-0.196848
2018-07-24,1.265607,1.133255,1.523341,0.000000,-0.184100
2018-07-25,1.265607,1.132002,1.527599,0.000000,-0.185002
2018-07-26,1.274154,1.118872,1.533071,0.000000,-0.194456
2018-07-27,1.289823,1.114119,1.546669,0.000000,-0.197877
2018-07-30,1.274866,1.112174,1.530463,-0.011596,-0.199278
2018-07-31,1.254212,1.112990,1.511601,-0.027609,-0.198691
2018-08-01,1.267032,1.090756,1.519772,-0.017670,-0.214698
2018-08-02,1.262757,1.066574,1.498723,-0.020984,-0.232108
2018-08-03,1.284835,1.048957,1.516753,-0.003867,-0.244792
2018-08-06,1.299080,1.035665,1.523697,0.000000,-0.254362
2018-08-07,1.321870,1.065913,1.533272,0.000000,-0.232584
2018-08-08,1.303353,1.048713,1.519903,-0.014009,-0.244967
2018-08-09,1.290533,1.074981,1.517808,-0.023707,-0.226056
2018-08-10,1.291245,1.077350,1.509572,-0.023168,-0.224350
2018-08-13,1.281986,1.072706,1.495412,-0.030172,-0.227694
2018-08-14,1.284835,1.067191,1.491306,-0.028017,-0.231664
2018-08-15,1.299792,1.041585,1.483412,-0.016703,-0.250100
2018-08-16,1.281986,1.036759,1.462664,-0.030172,-0.253574
2018-08-17,1.297655,1.021854,1.463062,-0.018319,-0.264305
2018-08-20,1.296943,1.033760,1.470114,-0.018858,-0.255733
2018-08-21,1.293382,1.052554,1.474410,-0.021552,-0.242202
2018-08-22,1.291957,1.046637,1.481100,-0.022629,-0.246462
2018-08-23,1.294094,1.050460,1.485284,-0.021013,-0.243710
2018-08-24,1.291957,1.052136,1.483904,-0.022629,-0.242503
2018-08-27,1.296943,1.077841,1.493648,-0.018858,-0.223997
2018-08-28,1.308338,1.075816,1.506859,-0.010237,-0.225454
2018-08-29,1.311899,1.071513,1.504864,-0.007543,-0.228552
2018-08-30,1.317597,1.060287,1.512236,-0.003233,-0.236635
2018-08-31,1.313324,1.055038,1.497332,-0.006466,-0.240414
2018-09-03,1.307626,1.051026,1.488304,-0.010776,-0.243302
2018-09-04,1.311186,1.064340,1.498805,-0.008083,-0.233717
2018-09-05,1.305488,1.043534,1.478054,-0.012393,-0.248696
2018-09-06,1.300502,1.032377,1.457064,-0.016165,-0.256729
2018-09-07,1.296941,1.037047,1.450829,-0.018859,-0.253366
2018-09-10,1.302639,1.021996,1.443693,-0.014549,-0.264203
2018-09-11,1.306912,1.020142,1.443165,-0.011316,-0.265537
2018-09-12,1.313322,1.013121,1.446605,-0.006467,-0.270592
2018-09-13,1.309761,1.024053,1.456869,-0.009161,-0.262722
2018-09-14,1.317596,1.025799,1.473901,-0.003234,-0.261464
2018-09-17,1.317596,1.014039,1.463415,-0.003234,-0.269932
2018-09-18,1.307625,1.034450,1.460481,-0.010777,-0.255236
2018-09-19,1.314034,1.048071,1.466426,-0.005928,-0.245430
2018-09-20,1.318308,1.047327,1.471157,-0.002695,-0.245965
2018-09-21,1.328279,1.079081,1.496650,0.000000,-0.223104
2018-09-25,1.324005,1.069371,1.487736,-0.003217,-0.230095
2018-09-26,1.331128,1.081217,1.496302,0.000000,-0.221566
2018-09-27,1.320444,1.076898,1.488522,-0.008026,-0.224675
2018-09-28,1.323293,1.088057,1.495995,-0.005886,-0.216641
2018-10-08,1.311186,1.041243,1.441185,-0.014981,-0.250346
2018-10-09,1.310202,1.040544,1.438828,-0.015720,-0.250849
2018-10-10,1.310202,1.038300,1.438358,-0.015720,-0.252464
2018-10-11,1.310202,0.988470,1.366760,-0.015720,-0.288340
2018-10-12,1.310202,1.003221,1.390050,-0.015720,-0.277720
2018-10-15,1.310202,0.989211,1.378071,-0.015720,-0.287807
2018-10-16,1.310202,0.981149,1.377794,-0.015720,-0.293611
2018-10-17,1.310202,0.986616,1.409965,-0.015720,-0.289675
2018-10-18,1.310202,0.963247,1.389244,-0.015720,-0.306500
2018-10-19,1.310202,0.991900,1.392096,-0.015720,-0.285870
2018-10-22,1.310202,1.034715,1.404082,-0.015720,-0.255045
2018-10-23,1.310202,1.007239,1.370591,-0.015720,-0.274827
2018-10-24,1.310202,1.008748,1.366464,-0.015720,-0.273740
2018-10-25,1.310202,1.010682,1.336571,-0.015720,-0.272349
2018-10-26,1.310202,1.004142,1.337223,-0.015720,-0.277057
2018-10-29,1.310202,0.973530,1.333220,-0.015720,-0.299096
2018-10-30,1.310202,0.984088,1.328405,-0.015720,-0.291495
2018-10-31,1.310202,0.997871,1.343962,-0.015720,-0.281572
2018-11-01,1.310202,1.005214,1.361398,-0.015720,-0.276285
2018-11-02,1.318192,1.041037,1.400287,-0.009718,-0.250494
2018-11-05,1.303986,1.032365,1.377081,-0.020390,-0.256738
2018-11-06,1.318192,1.026135,1.380176,-0.009718,-0.261223
2018-11-07,1.324921,1.019414,1.386391,-0.004662,-0.266061
2018-11-08,1.351091,1.016522,1.405763,0.000000,-0.268143
2018-11-09,1.345109,1.002180,1.385044,-0.004427,-0.278469
2018-11-12,1.343614,1.014108,1.384345,-0.005534,-0.269881
2018-11-13,1.315201,1.024309,1.364719,-0.026563,-0.262537
2018-11-14,1.315949,1.014045,1.363193,-0.026010,-0.269927
2018-11-15,1.304733,1.025888,1.369268,-0.034311,-0.261401
2018-11-16,1.307724,1.030729,1.373038,-0.032097,-0.257915
2018-11-19,1.311463,1.042414,1.375285,-0.029330,-0.249503
2018-11-20,1.292770,1.018307,1.346688,-0.043165,-0.266859
2018-11-21,1.274078,1.020863,1.341897,-0.057001,-0.265018
2018-11-22,1.273330,1.017048,1.344065,-0.057554,-0.267765
2018-11-23,1.270339,0.994599,1.331671,-0.059768,-0.283927
2018-11-26,1.273330,0.993890,1.344033,-0.057554,-0.284438
2018-11-27,1.282302,0.992625,1.354021,-0.050913,-0.285349
2018-11-28,1.292770,1.005815,1.369653,-0.043165,-0.275852
2018-11-29,1.310715,0.992754,1.374067,-0.029884,-0.285255
2018-11-30,1.317444,1.003841,1.384027,-0.024903,-0.277273
2018-12-03,1.345857,1.031767,1.410314,-0.003874,-0.257168
2018-12-04,1.331184,1.033905,1.393743,-0.014734,-0.255628
2018-12-05,1.321538,1.028935,1.372166,-0.021874,-0.259207
2018-12-06,1.287337,1.006682,1.345133,-0.047187,-0.275228
2018-12-07,1.290845,1.006648,1.351684,-0.044590,-0.275253
2018-12-10,1.272429,0.995004,1.323892,-0.058221,-0.283636
2018-12-11,1.276814,0.999769,1.329664,-0.054975,-0.280205
2018-12-12,1.293476,1.003183,1.341628,-0.042643,-0.277747
2018-12-13,1.306630,1.018712,1.348291,-0.032907,-0.266567
2018-12-14,1.289968,1.001696,1.332190,-0.045240,-0.278818
2018-12-17,1.291722,1.000206,1.326414,-0.043941,-0.279891
2018-12-18,1.275937,0.989837,1.301864,-0.055624,-0.287356
2018-12-19,1.275060,0.978035,1.297960,-0.056273,-0.295853
2018-12-20,1.262783,0.970534,1.279381,-0.065360,-0.301254
2018-12-21,1.266291,0.958504,1.277395,-0.062764,-0.309914
2018-12-24,1.263660,0.961288,1.261141,-0.064711,-0.307910
2018-12-25,1.233844,0.954669,1.231369,-0.086779,-0.312675
2018-12-26,1.238229,0.949844,1.231467,-0.083534,-0.316149
2018-12-27,1.258398,0.946199,1.266236,-0.068606,-0.318773
2018-12-28,1.248752,0.952572,1.262724,-0.075745,-0.314186
2019-01-02,1.228583,0.939564,1.251837,-0.090673,-0.323550
2019-01-03,1.228538,0.938077,1.252466,-0.090707,-0.324621
2019-01-04,1.228538,0.960551,1.257924,-0.090707,-0.308441
2019-01-07,1.228538,0.966382,1.284119,-0.090707,-0.304242
2019-01-08,1.228538,0.964294,1.294392,-0.090707,-0.305746
2019-01-09,1.228538,0.974033,1.310532,-0.090707,-0.298734
2019-01-10,1.228538,0.972201,1.305968,-0.090707,-0.300053
2019-01-11,1.228538,0.979190,1.311511,-0.090707,-0.295021
2019-01-14,1.228538,0.970648,1.294578,-0.090707,-0.301172
2019-01-15,1.228538,0.989698,1.307895,-0.090707,-0.287456
2019-01-16,1.228538,0.989907,1.311553,-0.090707,-0.287306
2019-01-17,1.228538,0.984455,1.308730,-0.090707,-0.291231
2019-01-18,1.228538,1.002411,1.328306,-0.090707,-0.278303
2019-01-21,1.228538,1.007938,1.340898,-0.090707,-0.274324
2019-01-22,1.228538,0.994548,1.331045,-0.090707,-0.283964
2019-01-23,1.228538,0.993830,1.322756,-0.090707,-0.284481
2019-01-24,1.228538,0.999440,1.324814,-0.090707,-0.280442
2019-01-25,1.228538,1.007568,1.338474,-0.090707,-0.274590
2019-01-28,1.228538,1.007350,1.337897,-0.090707,-0.274747
2019-01-29,1.228538,1.010574,1.333213,-0.090707,-0.272426
2019-01-30,1.228538,1.002509,1.330863,-0.090707,-0.278232
2019-01-31,1.228538,1.012998,1.352162,-0.090707,-0.270681
2019-02-01,1.228538,1.027479,1.366492,-0.090707,-0.260255
2019-02-11,1.240412,1.046169,1.370265,-0.081918,-0.246799
2019-02-12,1.242012,1.053722,1.375261,-0.080734,-0.241361
2019-02-13,1.255607,1.074822,1.389529,-0.070671,-0.226170
2019-02-14,1.254008,1.076439,1.386294,-0.071855,-0.225006
2019-02-15,1.232415,1.056367,1.370747,-0.087837,-0.239457
2019-02-18,1.250809,1.090234,1.392623,-0.074223,-0.215074
2019-02-19,1.248410,1.088295,1.387874,-0.075999,-0.216470
2019-02-20,1.246810,1.092193,1.385634,-0.077183,-0.213664
2019-02-21,1.255607,1.089276,1.391409,-0.070671,-0.215764
2019-02-22,1.262005,1.113768,1.392419,-0.065936,-0.198130
2019-02-25,1.266004,1.180010,1.404468,-0.062976,-0.150439
2019-02-26,1.255607,1.165838,1.395353,-0.070671,-0.160642
2019-02-27,1.255607,1.163845,1.396219,-0.070671,-0.162077
2019-02-28,1.251609,1.160991,1.396169,-0.073631,-0.164132
2019-03-01,1.258007,1.186411,1.405241,-0.068896,-0.145831
2019-03-04,1.267618,1.200456,1.413255,-0.061782,-0.135719
2019-03-05,1.279777,1.207388,1.409061,-0.052782,-0.130728
2019-03-06,1.306122,1.217538,1.416423,-0.033283,-0.123420
2019-03-07,1.287883,1.205123,1.405187,-0.046783,-0.132359
2019-03-08,1.254445,1.157261,1.385692,-0.071532,-0.166817
2019-03-11,1.264578,1.180159,1.392420,-0.064032,-0.150332
2019-03-12,1.276737,1.188195,1.411336,-0.055032,-0.144546
2019-03-13,1.258498,1.178336,1.403752,-0.068532,-0.151644
2019-03-14,1.257485,1.170205,1.410536,-0.069282,-0.157498
2019-03-15,1.266604,1.184924,1.418239,-0.062532,-0.146901
2019-03-18,1.286870,1.218696,1.428694,-0.047533,-0.122586
2019-03-19,1.280790,1.213067,1.430091,-0.052032,-0.126639
2019-03-20,1.279777,1.213536,1.429450,-0.052782,-0.126302
2019-03-21,1.265591,1.213994,1.418793,-0.063282,-0.125971
2019-03-22,1.265591,1.213017,1.430513,-0.063282,-0.126675
2019-03-25,1.231139,1.184234,1.398244,-0.088781,-0.147398
2019-03-26,1.235192,1.170822,1.402975,-0.085781,-0.157054
2019-03-27,1.254445,1.184411,1.414033,-0.071532,-0.147270
2019-03-28,1.246339,1.179668,1.409743,-0.077531,-0.150685
2019-03-29,1.272684,1.225211,1.423797,-0.058032,-0.117896
2019-04-01,1.297003,1.257354,1.440595,-0.040033,-0.094754
2019-04-02,1.294326,1.256519,1.444715,-0.042014,-0.095355
2019-04-03,1.304233,1.272614,1.456387,-0.034681,-0.083767
2019-04-04,1.305719,1.285292,1.456122,-0.033582,-0.074640
2019-04-08,1.310177,1.283710,1.468413,-0.030282,-0.075779
2019-04-09,1.311663,1.289469,1.471026,-0.029182,-0.071633
2019-04-10,1.310177,1.292765,1.466821,-0.030282,-0.069259
2019-04-11,1.317112,1.264837,1.465530,-0.025149,-0.089367
2019-04-12,1.314635,1.262002,1.461644,-0.026982,-0.091408
2019-04-15,1.318598,1.257857,1.470552,-0.024049,-0.094392
2019-04-16,1.326028,1.292747,1.477935,-0.018550,-0.069273
2019-04-17,1.327019,1.293205,1.475643,-0.017817,-0.068943
2019-04-18,1.322560,1.288409,1.472880,-0.021116,-0.072396
2019-04-19,1.325532,1.303764,1.480386,-0.018917,-0.061341
2019-04-22,1.327019,1.273706,1.472259,-0.017817,-0.082982
2019-04-23,1.336925,1.271617,1.478239,-0.010484,-0.084485
2019-04-24,1.357730,1.275123,1.489678,0.000000,-0.081961
2019-04-25,1.367141,1.247194,1.485019,0.000000,-0.102069
2019-04-26,1.376057,1.230567,1.484653,0.000000,-0.114039
2019-04-29,1.393890,1.234067,1.493593,0.000000,-0.111520
2019-04-30,1.390422,1.238142,1.496496,-0.002488,-0.108586
2019-05-06,1.350795,1.165816,1.467842,-0.030917,-0.160658
2019-05-07,1.362651,1.177222,1.482888,-0.022411,-0.152446
2019-05-08,1.362651,1.160387,1.461364,-0.022411,-0.164567
2019-05-09,1.362651,1.138947,1.449986,-0.022411,-0.180002
2019-05-10,1.362651,1.180317,1.456336,-0.022411,-0.150218
2019-05-13,1.362651,1.160788,1.451752,-0.022411,-0.164277
2019-05-14,1.362651,1.153328,1.434900,-0.022411,-0.169649
2019-05-15,1.362651,1.179254,1.452307,-0.022411,-0.150983
2019-05-16,1.362651,1.184591,1.458654,-0.022411,-0.147140
2019-05-17,1.362651,1.154470,1.459642,-0.022411,-0.168827
2019-05-20,1.362651,1.144671,1.449131,-0.022411,-0.175881
2019-05-21,1.362651,1.160171,1.439369,-0.022411,-0.164722
2019-05-22,1.362651,1.154666,1.433292,-0.022411,-0.168685
2019-05-23,1.362651,1.133967,1.417511,-0.022411,-0.183588
2019-05-24,1.362651,1.137115,1.414262,-0.022411,-0.181321
2019-05-27,1.362651,1.150812,1.411209,-0.022411,-0.171460
2019-05-28,1.362651,1.161905,1.417765,-0.022411,-0.163473
2019-05-29,1.362651,1.159263,1.401568,-0.022411,-0.165375
2019-05-30,1.362651,1.152072,1.398496,-0.022411,-0.170553
2019-05-31,1.362651,1.148468,1.387051,-0.022411,-0.173148
2019-06-03,1.362651,1.149170,1.377386,-0.022411,-0.172642
2019-06-04,1.362651,1.138558,1.367010,-0.022411,-0.180282
2019-06-05,1.362651,1.138128,1.391949,-0.022411,-0.180592
2019-06-06,1.362651,1.127867,1.393577,-0.022411,-0.187980
2019-06-10,1.362651,1.142440,1.427392,-0.022411,-0.177487
2019-06-11,1.362651,1.176783,1.440443,-0.022411,-0.152762
2019-06-12,1.362651,1.167866,1.430743,-0.022411,-0.159182
2019-06-13,1.362651,1.166060,1.426754,-0.022411,-0.160482
2019-06-14,1.362651,1.156406,1.431626,-0.022411,-0.167432
2019-06-17,1.362651,1.156387,1.431675,-0.022411,-0.167446
2019-06-18,1.362651,1.160437,1.436474,-0.022411,-0.164530
2019-06-19,1.362651,1.175726,1.457053,-0.022411,-0.153523
2019-06-20,1.362651,1.211346,1.470946,-0.022411,-0.127878
2019-06-21,1.362651,1.213061,1.467100,-0.022411,-0.126643
2019-06-24,1.362651,1.215380,1.470905,-0.022411,-0.124974
2019-06-25,1.362651,1.202737,1.458267,-0.022411,-0.134076
2019-06-26,1.362651,1.200528,1.457525,-0.022411,-0.135666
2019-06-27,1.362651,1.213339,1.470083,-0.022411,-0.126443
2019-06-28,1.362651,1.210419,1.468138,-0.022411,-0.128545
2019-07-01,1.362651,1.245293,1.495271,-0.022411,-0.103438
2019-07-02,1.360914,1.245723,1.493200,-0.023657,-0.103128
2019-07-03,1.365205,1.231915,1.493236,-0.020579,-0.113069
2019-07-04,1.376647,1.225451,1.500871,-0.012370,-0.117723
2019-07-05,1.374502,1.231811,1.501964,-0.013909,-0.113144
2019-07-08,1.366635,1.203205,1.484782,-0.019553,-0.133739
2019-07-09,1.360199,1.200149,1.477099,-0.024170,-0.135940
2019-07-10,1.364490,1.198127,1.480277,-0.021092,-0.137395
2019-07-11,1.376647,1.197646,1.489486,-0.012370,-0.137741
2019-07-12,1.382368,1.205085,1.488853,-0.008266,-0.132386
2019-07-15,1.388804,1.209976,1.492300,-0.003648,-0.128864
2019-07-16,1.385229,1.204487,1.492611,-0.006213,-0.132817
2019-07-17,1.376647,1.203790,1.489335,-0.012370,-0.133318
2019-07-18,1.363774,1.192324,1.476425,-0.021605,-0.141573
2019-07-19,1.378077,1.204841,1.491371,-0.011344,-0.132561
2019-07-22,1.371641,1.196526,1.481527,-0.015961,-0.138548
2019-07-23,1.377362,1.199130,1.490903,-0.011857,-0.136673
2019-07-24,1.383798,1.208597,1.501694,-0.007240,-0.129857
2019-07-25,1.390950,1.218481,1.507531,-0.002109,-0.122741
2019-07-26,1.386659,1.220854,1.497271,-0.005187,-0.121033
2019-07-29,1.393810,1.219493,1.495272,-0.000057,-0.122012
2019-07-30,1.393810,1.224572,1.500356,-0.000057,-0.118356
2019-07-31,1.392380,1.213510,1.486108,-0.001083,-0.126320
2019-08-01,1.377362,1.203420,1.478311,-0.011857,-0.133584
2019-08-02,1.373852,1.185692,1.467016,-0.014375,-0.146348
2019-08-05,1.373137,1.162991,1.452462,-0.014888,-0.162692
2019-08-06,1.344530,1.150537,1.435135,-0.035411,-0.171658
2019-08-07,1.353112,1.145823,1.436656,-0.029254,-0.175052
2019-08-08,1.362410,1.160966,1.450028,-0.022584,-0.164150
2019-08-09,1.379574,1.149651,1.458057,-0.010270,-0.172296
2019-08-12,1.382434,1.170398,1.459499,-0.008218,-0.157359
2019-08-13,1.360979,1.159846,1.439637,-0.023610,-0.164956
2019-08-14,1.372422,1.165114,1.448464,-0.015401,-0.161163
2019-08-15,1.344530,1.168784,1.434834,-0.035411,-0.158521
2019-08-16,1.347391,1.174017,1.437827,-0.033359,-0.154753
2019-08-19,1.370276,1.199503,1.462128,-0.016940,-0.136404
2019-08-20,1.376713,1.198440,1.468571,-0.012323,-0.137170
2019-08-21,1.367416,1.196551,1.462884,-0.018993,-0.138530
2019-08-22,1.379574,1.200269,1.466440,-0.010270,-0.135853
2019-08-23,1.386010,1.208922,1.472819,-0.005653,-0.129623
2019-08-26,1.358118,1.191536,1.449324,-0.025663,-0.142140
2019-08-27,1.375283,1.207685,1.462830,-0.013349,-0.130514
2019-08-28,1.371707,1.203139,1.460810,-0.015914,-0.133787
2019-08-29,1.377428,1.199218,1.459919,-0.011810,-0.136609
2019-08-30,1.391017,1.202193,1.471027,-0.002061,-0.134468
2019-09-02,1.389586,1.217611,1.474897,-0.003087,-0.123368
2019-09-03,1.387444,1.219285,1.475891,-0.004624,-0.122163
2019-09-04,1.395311,1.229533,1.491701,0.000000,-0.114784
2019-09-05,1.401748,1.241974,1.499220,0.000000,-0.105827
2019-09-06,1.410330,1.249311,1.504768,0.000000,-0.100545
2019-09-09,1.412476,1.257044,1.512197,0.000000,-0.094977
2019-09-10,1.404609,1.252716,1.506122,-0.005570,-0.098094
2019-09-11,1.407469,1.243486,1.517267,-0.003544,-0.104738
2019-09-12,1.418197,1.256864,1.526649,0.000000,-0.095107
2019-09-16,1.407469,1.252225,1.519635,-0.007564,-0.098447
2019-09-17,1.412476,1.231184,1.514642,-0.004034,-0.113595
2019-09-18,1.415336,1.237152,1.520654,-0.002017,-0.109299
2019-09-19,1.416767,1.241676,1.522966,-0.001009,-0.106041
2019-09-20,1.417482,1.245242,1.527024,-0.000504,-0.103474
2019-09-23,1.417482,1.231007,1.526231,-0.000504,-0.113723
2019-09-24,1.416767,1.234304,1.526994,-0.001009,-0.111349
2019-09-25,1.406039,1.224780,1.506704,-0.008573,-0.118206
2019-09-26,1.411760,1.215339,1.509503,-0.004539,-0.125003
2019-09-27,1.411760,1.218981,1.511010,-0.004539,-0.122381
2019-09-30,1.408900,1.206920,1.504447,-0.006556,-0.131065
2019-10-08,1.395311,1.214244,1.497859,-0.016137,-0.125791
2019-10-09,1.373540,1.216004,1.483302,-0.031488,-0.124525
2019-10-10,1.373540,1.225939,1.485916,-0.031488,-0.117372
2019-10-11,1.373540,1.237674,1.502123,-0.031488,-0.108923
2019-10-14,1.373540,1.250808,1.509244,-0.031488,-0.099467
2019-10-15,1.373540,1.245432,1.519320,-0.031488,-0.103337
2019-10-16,1.373540,1.241142,1.531336,-0.031488,-0.106426
2019-10-17,1.373540,1.241942,1.535326,-0.031488,-0.105850
2019-10-18,1.373540,1.224274,1.531193,-0.031488,-0.118570
2019-10-21,1.373540,1.227900,1.531160,-0.031488,-0.115960
2019-10-22,1.373540,1.232659,1.541303,-0.031488,-0.112534
2019-10-23,1.373540,1.224812,1.531349,-0.031488,-0.118183
2019-10-24,1.373540,1.224682,1.538238,-0.031488,-0.118276
2019-10-25,1.373540,1.232947,1.540896,-0.031488,-0.112326
2019-10-28,1.373540,1.242376,1.551565,-0.031488,-0.105538
2019-10-29,1.373540,1.237199,1.553582,-0.031488,-0.109265
2019-10-30,1.373540,1.231188,1.548888,-0.031488,-0.113593
2019-10-31,1.373540,1.229770,1.553577,-0.031488,-0.114613
2019-11-01,1.373540,1.250539,1.558957,-0.031488,-0.099661
2019-11-04,1.378743,1.258680,1.568454,-0.027820,-0.093800
2019-11-05,1.387469,1.266492,1.579258,-0.021667,-0.088175
2019-11-06,1.372510,1.260819,1.572318,-0.032215,-0.092260
2019-11-07,1.377496,1.263030,1.574420,-0.028699,-0.090667
2019-11-08,1.377496,1.257063,1.573196,-0.028699,-0.094964
2019-11-11,1.362537,1.234905,1.565451,-0.039247,-0.110916
2019-11-12,1.368770,1.235130,1.576643,-0.034852,-0.110754
2019-11-13,1.379990,1.233956,1.572398,-0.026941,-0.111600
2019-11-14,1.378743,1.235817,1.566280,-0.027820,-0.110260
2019-11-15,1.376250,1.226714,1.571942,-0.029578,-0.116814
2019-11-18,1.378743,1.236472,1.582299,-0.027820,-0.109789
2019-11-19,1.381236,1.248846,1.590058,-0.026062,-0.100880
2019-11-20,1.377496,1.236449,1.579984,-0.028699,-0.109805
2019-11-21,1.367524,1.230672,1.567632,-0.035731,-0.113964
2019-11-22,1.377496,1.218139,1.571618,-0.028699,-0.122987
2019-11-25,1.384976,1.227068,1.587608,-0.023425,-0.116559
2019-11-26,1.387469,1.231320,1.595310,-0.021667,-0.113497
2019-11-27,1.383729,1.226249,1.597933,-0.024304,-0.117149
2019-11-28,1.384976,1.222034,1.601919,-0.023425,-0.120183
2019-11-29,1.376250,1.211394,1.591154,-0.029578,-0.127844
2019-12-02,1.386223,1.213732,1.600581,-0.022546,-0.126160
2019-12-03,1.361488,1.218487,1.586571,-0.039986,-0.122737
2019-12-04,1.345154,1.218085,1.578157,-0.051504,-0.123026
2019-12-05,1.351334,1.227432,1.585723,-0.047146,-0.116297
2019-12-06,1.350010,1.234719,1.591314,-0.048080,-0.111051
2019-12-09,1.362371,1.232523,1.597119,-0.039364,-0.112632
2019-12-10,1.354866,1.234083,1.593550,-0.044656,-0.111508
2019-12-11,1.352659,1.234833,1.594182,-0.046212,-0.110969
2019-12-12,1.362371,1.231121,1.606909,-0.039364,-0.113641
2019-12-13,1.372525,1.255547,1.623624,-0.032204,-0.096055
2019-12-16,1.381354,1.261663,1.626735,-0.025979,-0.091651
2019-12-17,1.395481,1.278828,1.636591,-0.016017,-0.079294
2019-12-18,1.382679,1.275974,1.629116,-0.025045,-0.081348
2019-12-19,1.377823,1.274193,1.624878,-0.028469,-0.082631
2019-12-20,1.392832,1.271060,1.630869,-0.017885,-0.084886
2019-12-23,1.399455,1.255193,1.639012,-0.013216,-0.096310
2019-12-24,1.406077,1.263375,1.642487,-0.008546,-0.090419
2019-12-25,1.398572,1.262714,1.636025,-0.013838,-0.090895
2019-12-26,1.407842,1.273826,1.644917,-0.007301,-0.082895
2019-12-27,1.420204,1.272573,1.655061,0.000000,-0.083797
2019-12-30,1.417113,1.291430,1.648028,-0.002176,-0.070220
2019-12-31,1.409608,1.296160,1.636159,-0.007460,-0.066815
2020-01-02,1.430357,1.313771,1.653369,0.000000,-0.054136
2020-01-03,1.436624,1.311468,1.661397,0.000000,-0.055794
2020-01-06,1.408455,1.306513,1.637620,-0.019608,-0.059361
2020-01-07,1.431767,1.316299,1.653477,-0.003381,-0.052316
2020-01-08,1.411369,1.301141,1.629710,-0.017579,-0.063229
2020-01-09,1.447309,1.317609,1.655209,0.000000,-0.051373
2020-01-10,1.484220,1.317233,1.672731,0.000000,-0.051644
2020-01-13,1.497819,1.330145,1.673343,0.000000,-0.042347
2020-01-14,1.480335,1.325684,1.671498,-0.011673,-0.045559
2020-01-15,1.485191,1.318356,1.669973,-0.008431,-0.050835
2020-01-16,1.467707,1.312759,1.668505,-0.020104,-0.054865
2020-01-17,1.461879,1.314597,1.672478,-0.023995,-0.053541
2020-01-20,1.470621,1.324399,1.669217,-0.018158,-0.046484
2020-01-21,1.440509,1.301770,1.650926,-0.038262,-0.062776
2020-01-22,1.455080,1.307345,1.666255,-0.028534,-0.058762
2020-01-23,1.412340,1.266836,1.653659,-0.057069,-0.087927
2020-02-03,1.375429,1.166999,1.609007,-0.081712,-0.159806
2020-02-04,1.400604,1.197779,1.638537,-0.064904,-0.137646
2020-02-05,1.400604,1.211349,1.662051,-0.064904,-0.127876
2020-02-06,1.400604,1.233893,1.693665,-0.064904,-0.111645
2020-02-07,1.400604,1.233921,1.691043,-0.064904,-0.111625
2020-02-10,1.400604,1.239028,1.690100,-0.064904,-0.107948
2020-02-11,1.400604,1.250561,1.703997,-0.064904,-0.099645
2020-02-12,1.400604,1.260676,1.720005,-0.064904,-0.092362
2020-02-13,1.400604,1.252921,1.746715,-0.064904,-0.097946
2020-02-14,1.400604,1.261720,1.722458,-0.064904,-0.091610
2020-02-17,1.400604,1.290098,1.728273,-0.064904,-0.071179
2020-02-18,1.400604,1.283799,1.701450,-0.064904,-0.075715
2020-02-19,1.400604,1.281837,1.696537,-0.064904,-0.077127
2020-02-20,1.400604,1.311373,1.700311,-0.064904,-0.055862
2020-02-21,1.400604,1.312901,1.680448,-0.064904,-0.054762
2020-02-24,1.400604,1.307633,1.642226,-0.064904,-0.058555
2020-02-25,1.400604,1.304789,1.647567,-0.064904,-0.060603
2020-02-26,1.400604,1.288706,1.624932,-0.064904,-0.072182
2020-02-27,1.400604,1.292459,1.616567,-0.064904,-0.069480
2020-02-28,1.400604,1.246634,1.575793,-0.064904,-0.102472
2020-03-02,1.400604,1.287646,1.597154,-0.064904,-0.072945
2020-03-03,1.400604,1.294509,1.591396,-0.064904,-0.068004
2020-03-04,1.400604,1.302004,1.574756,-0.064904,-0.062607
2020-03-05,1.400604,1.331012,1.591984,-0.064904,-0.041723
2020-03-06,1.400604,1.309427,1.561719,-0.064904,-0.057263
2020-03-09,1.400604,1.264694,1.497208,-0.064904,-0.089469
2020-03-10,1.400604,1.291778,1.533459,-0.064904,-0.069970
2020-03-11,1.400604,1.274598,1.498808,-0.064904,-0.082339
2020-03-12,1.400604,1.250070,1.442362,-0.064904,-0.099998
2020-03-13,1.400604,1.232479,1.415282,-0.064904,-0.112663
2020-03-16,1.400604,1.179491,1.341866,-0.064904,-0.150812
2020-03-17,1.400604,1.173745,1.343247,-0.064904,-0.154949
2020-03-18,1.400604,1.150515,1.303909,-0.064904,-0.171674
2020-03-19,1.400604,1.135590,1.296965,-0.064904,-0.182419
2020-03-20,1.400604,1.155881,1.339696,-0.064904,-0.167811
2020-03-23,1.400604,1.116992,1.286642,-0.064904,-0.195809
2020-03-24,1.400604,1.146987,1.346669,-0.064904,-0.174214
2020-03-25,1.400604,1.177808,1.408876,-0.064904,-0.152024
2020-03-26,1.400604,1.170065,1.388212,-0.064904,-0.157598
2020-03-27,1.400604,1.173865,1.400080,-0.064904,-0.154863
2020-03-30,1.400604,1.162491,1.392206,-0.064904,-0.163052
2020-03-31,1.400604,1.166303,1.402332,-0.064904,-0.160307
2020-04-01,1.400604,1.162798,1.374134,-0.064904,-0.162831
2020-04-02,1.433021,1.181608,1.389068,-0.043261,-0.149288
2020-04-03,1.419837,1.174865,1.372432,-0.052064,-0.154143
2020-04-07,1.454319,1.201696,1.431483,-0.029042,-0.134826
2020-04-08,1.434035,1.196102,1.422003,-0.042584,-0.138853
2020-04-09,1.429979,1.200047,1.440028,-0.045293,-0.136013
2020-04-10,1.421865,1.192571,1.433125,-0.050709,-0.141395
2020-04-13,1.407667,1.187534,1.422102,-0.060189,-0.145022
2020-04-14,1.437078,1.210454,1.458210,-0.040553,-0.128520
2020-04-15,1.441135,1.201487,1.460950,-0.037845,-0.134976
2020-04-16,1.468517,1.203075,1.457533,-0.019563,-0.133833
2020-04-17,1.500971,1.214817,1.483971,0.000000,-0.125379
2020-04-20,1.500971,1.219237,1.482592,0.000000,-0.122197
2020-04-21,1.486772,1.204869,1.460721,-0.009459,-0.132541
2020-04-22,1.501985,1.214782,1.460554,0.000000,-0.125404
2020-04-23,1.490829,1.211735,1.466719,-0.007427,-0.127598
2020-04-24,1.472574,1.201364,1.456339,-0.019581,-0.135065
2020-04-27,1.490829,1.209527,1.482546,-0.007427,-0.129188
2020-04-28,1.510098,1.217873,1.501495,0.000000,-0.123178
2020-04-29,1.508070,1.223531,1.519751,-0.001343,-0.119105
2020-04-30,1.530382,1.237943,1.539686,0.000000,-0.108729
2020-05-06,1.523282,1.245432,1.519196,-0.004639,-0.103337
2020-05-07,1.512294,1.241838,1.507825,-0.011819,-0.105925
2020-05-08,1.522339,1.254092,1.522815,-0.005255,-0.097103
2020-05-11,1.497027,1.253003,1.533450,-0.021795,-0.097886
2020-05-12,1.468902,1.253022,1.518063,-0.040173,-0.097873
2020-05-13,1.464081,1.255557,1.517337,-0.043323,-0.096048
2020-05-14,1.440778,1.241942,1.493713,-0.058550,-0.105850
2020-05-15,1.450420,1.238019,1.498963,-0.052249,-0.108675
2020-05-18,1.466893,1.241211,1.513420,-0.041485,-0.106376
2020-05-19,1.505866,1.251760,1.552625,-0.016019,-0.098782
2020-05-20,1.495018,1.245106,1.545897,-0.023108,-0.103572
2020-05-21,1.494616,1.238326,1.543268,-0.023370,-0.108454
2020-05-22,1.444795,1.209935,1.510749,-0.055925,-0.128894
2020-05-25,1.491804,1.211599,1.530829,-0.025208,-0.127696
2020-05-26,1.525553,1.225347,1.565948,-0.003155,-0.117798
2020-05-27,1.515508,1.216753,1.565982,-0.009719,-0.123985
2020-05-28,1.509482,1.220240,1.574420,-0.013657,-0.121475
2020-05-29,1.498634,1.223528,1.569280,-0.020745,-0.119108
2020-06-01,1.504259,1.256534,1.599249,-0.017070,-0.095344
2020-06-02,1.496134,1.260404,1.608028,-0.022378,-0.092558
2020-06-03,1.522382,1.260429,1.626930,-0.005227,-0.092540
2020-06-04,1.549567,1.259967,1.636223,0.000000,-0.092872
2020-06-05,1.549567,1.265998,1.647746,0.000000,-0.088531
2020-06-08,1.548630,1.272547,1.658273,-0.000605,-0.083815
2020-06-09,1.552380,1.280483,1.673238,0.000000,-0.078102
2020-06-10,1.579565,1.278167,1.673648,0.000000,-0.079770
2020-06-11,1.588002,1.264299,1.644320,0.000000,-0.089754
2020-06-12,1.567378,1.266577,1.615480,-0.012987,-0.088114
2020-06-15,1.534568,1.251361,1.580326,-0.033648,-0.099069
2020-06-16,1.598313,1.270212,1.644017,0.000000,-0.085496
2020-06-17,1.623624,1.271168,1.652577,0.000000,-0.084809
2020-06-18,1.656434,1.279644,1.652311,0.000000,-0.078706
2020-06-19,1.655497,1.296834,1.663391,-0.000566,-0.066330
2020-06-22,1.651747,1.297891,1.658448,-0.002830,-0.065569
2020-06-23,1.704243,1.304137,1.675670,0.000000,-0.061072
2020-06-24,1.752052,1.309579,1.687168,0.000000,-0.057154
2020-06-29,1.716429,1.300318,1.644692,-0.020332,-0.063822
2020-06-30,1.729553,1.317480,1.652725,-0.012841,-0.051466
2020-07-01,1.716429,1.344000,1.657736,-0.020332,-0.032372
2020-07-02,1.733270,1.371862,1.686194,-0.010720,-0.012312
2020-07-03,1.757642,1.398364,1.713751,0.000000,0.000000
2020-07-06,1.782015,1.477619,1.755605,0.000000,0.000000
2020-07-07,1.806388,1.486491,1.744623,0.000000,0.000000
2020-07-08,1.830760,1.510497,1.754530,0.000000,0.000000
2020-07-09,1.887942,1.531623,1.757577,0.000000,0.000000
2020-07-10,1.896379,1.503893,1.736958,0.000000,-0.018105
2020-07-13,1.909503,1.535480,1.765920,0.000000,0.000000
2020-07-14,1.852321,1.520840,1.745304,-0.029946,-0.009534
2020-07-15,1.814824,1.501153,1.748062,-0.049583,-0.022355
2020-07-16,1.735145,1.428944,1.715941,-0.091311,-0.069382
2020-07-17,1.780140,1.437946,1.723153,-0.067747,-0.063520
2020-07-20,1.774516,1.480850,1.730254,-0.070692,-0.035578
2020-07-21,1.883255,1.484248,1.771304,-0.013746,-0.033365
2020-07-22,1.880443,1.491655,1.767591,-0.015218,-0.028541
2020-07-23,1.854196,1.491019,1.764992,-0.028964,-0.028956
2020-07-24,1.762330,1.425571,1.719294,-0.077074,-0.071579
2020-07-27,1.759517,1.432804,1.726885,-0.078547,-0.066868
2020-07-28,1.806388,1.445400,1.738779,-0.054001,-0.058665
2020-07-29,1.825136,1.480442,1.744354,-0.044183,-0.035844
2020-07-30,1.816699,1.473209,1.740041,-0.048601,-0.040555
2020-07-31,1.832635,1.485517,1.738330,-0.040255,-0.032539
2020-08-03,1.840134,1.509645,1.736895,-0.036328,-0.016825
2020-08-04,1.881183,1.511066,1.761545,-0.014831,-0.015900
2020-08-05,1.896180,1.511481,1.761312,-0.006977,-0.015630
2020-08-06,1.892431,1.506940,1.760631,-0.008941,-0.018587
2020-08-07,1.836192,1.489592,1.749256,-0.038393,-0.029885
2020-08-10,1.801512,1.494952,1.750203,-0.056555,-0.026394
2020-08-11,1.794950,1.481318,1.753041,-0.059991,-0.035273
2020-08-12,1.796825,1.470516,1.754053,-0.059009,-0.042308
2020-08-13,1.809947,1.466742,1.771846,-0.052137,-0.044766
2020-08-14,1.815571,1.488548,1.773593,-0.049192,-0.030565
2020-08-17,1.810885,1.523542,1.779305,-0.051646,-0.007775
2020-08-18,1.828694,1.522760,1.779108,-0.042320,-0.008284
2020-08-19,1.832443,1.499954,1.780133,-0.040356,-0.023136
2020-08-20,1.827756,1.480486,1.765319,-0.042810,-0.035815
2020-08-21,1.867123,1.493044,1.783186,-0.022194,-0.027637
2020-08-24,1.931798,1.504754,1.806841,0.000000,-0.020010
2020-08-25,1.954293,1.506684,1.834109,0.000000,-0.018754
2020-08-26,2.009595,1.489022,1.822854,0.000000,-0.030256
2020-08-27,2.024592,1.497002,1.838160,0.000000,-0.025059
2020-08-28,2.006783,1.532730,1.842024,-0.008796,-0.001791
2020-08-31,1.996472,1.523855,1.855482,-0.013889,-0.007571
2020-09-01,1.973039,1.532050,1.837764,-0.025463,-0.002234
2020-09-02,2.036904,1.532610,1.856904,0.000000,-0.001869
2020-09-03,2.080835,1.524133,1.877486,0.000000,-0.007389
2020-09-04,1.900796,1.509301,1.816212,-0.086522,-0.017049
2020-09-07,1.758805,1.477392,1.769694,-0.154760,-0.037831
2020-09-08,1.852943,1.485308,1.794727,-0.109519,-0.032675
2020-09-09,1.758021,1.450567,1.753279,-0.155137,-0.055300
2020-09-10,1.807835,1.449741,1.775290,-0.131197,-0.055838
2020-09-11,1.776456,1.464074,1.770636,-0.146277,-0.046504
2020-09-14,1.825486,1.471595,1.790192,-0.122714,-0.041606
2020-09-15,1.887068,1.483438,1.793297,-0.093120,-0.033893
2020-09-16,1.883538,1.473592,1.793672,-0.094816,-0.040305
2020-09-17,1.805874,1.465792,1.764817,-0.132139,-0.045385
2020-09-18,1.867456,1.498818,1.783048,-0.102545,-0.023876
2020-09-21,1.830585,1.484371,1.762288,-0.120264,-0.033285
2020-09-22,1.801560,1.466757,1.741997,-0.134213,-0.044756
2020-09-23,1.825879,1.472000,1.751575,-0.122526,-0.041342
2020-09-24,1.757629,1.443758,1.720704,-0.155325,-0.059735
2020-09-25,1.743508,1.445957,1.719858,-0.162111,-0.058303
2020-09-28,1.772926,1.449719,1.743144,-0.147974,-0.055853
2020-09-29,1.783124,1.452848,1.751763,-0.143073,-0.053815
2020-09-30,1.786654,1.451456,1.746976,-0.141376,-0.054721
2020-10-09,1.821564,1.481116,1.777960,-0.124599,-0.035405
2020-10-12,1.829208,1.526051,1.799566,-0.120926,-0.006141
2020-10-13,1.837440,1.531126,1.808422,-0.116970,-0.002835
2020-10-14,1.837440,1.520969,1.804502,-0.116970,-0.009450
2020-10-15,1.827561,1.518324,1.779969,-0.121717,-0.011173
2020-10-16,1.822622,1.516091,1.780974,-0.124091,-0.012627
2020-10-19,1.832501,1.504640,1.787599,-0.119343,-0.020085
2020-10-20,1.820976,1.516657,1.774963,-0.124882,-0.012258
2020-10-21,1.822622,1.516454,1.779323,-0.124091,-0.012390
2020-10-22,1.820976,1.511756,1.769819,-0.124882,-0.015450
2020-10-23,1.819329,1.492933,1.769440,-0.125673,-0.027709
2020-10-26,1.819329,1.484311,1.760396,-0.125673,-0.033324
2020-10-27,1.825915,1.486855,1.760748,-0.122508,-0.031667
2020-10-28,1.830854,1.498875,1.762852,-0.120135,-0.023839
2020-10-29,1.824268,1.510155,1.752107,-0.123300,-0.016493
2020-10-30,1.792986,1.485605,1.720157,-0.138333,-0.032481
2020-11-02,1.807804,1.493674,1.725017,-0.131212,-0.027227
2020-11-03,1.823298,1.511623,1.760914,-0.123766,-0.015537
2020-11-04,1.809040,1.523045,1.774632,-0.130618,-0.008098
2020-11-05,1.872780,1.545652,1.799964,-0.099986,0.000000
2020-11-06,1.845942,1.545845,1.797236,-0.112884,0.000000
2020-11-09,1.903811,1.576102,1.834353,-0.085073,0.000000
2020-11-10,1.836717,1.567411,1.820290,-0.117317,-0.005515
2020-11-11,1.741107,1.551913,1.813118,-0.163265,-0.015347
2020-11-12,1.755364,1.553040,1.818260,-0.156413,-0.014633
2020-11-13,1.786396,1.536710,1.813495,-0.141500,-0.024993
2020-11-16,1.780525,1.551682,1.831184,-0.144322,-0.015494
2020-11-17,1.752010,1.548715,1.820617,-0.158026,-0.017377
2020-11-18,1.744461,1.547727,1.808742,-0.161653,-0.018003
2020-11-19,1.741107,1.559219,1.808464,-0.163265,-0.010712
2020-11-20,1.757042,1.564060,1.808098,-0.155607,-0.007640
2020-11-23,1.795621,1.583595,1.820967,-0.137067,0.000000
2020-11-24,1.788073,1.573868,1.832321,-0.140694,-0.006142
2020-11-25,1.781363,1.553749,1.836548,-0.143919,-0.018847
2020-11-26,1.792266,1.556561,1.845332,-0.138679,-0.017071
2020-11-27,1.809879,1.575919,1.856751,-0.130215,-0.004847
2020-11-30,1.774654,1.569426,1.846294,-0.147143,-0.008947
2020-12-01,1.767945,1.603234,1.863671,-0.150368,0.000000
2020-12-02,1.759639,1.603246,1.856489,-0.154359,0.000000
2020-12-03,1.756812,1.600057,1.857618,-0.155717,-0.001989
2020-12-04,1.745505,1.602860,1.855374,-0.161151,-0.000241
2020-12-07,1.741265,1.589040,1.842043,-0.163189,-0.008861
2020-12-08,1.722892,1.585129,1.836387,-0.172019,-0.011300
2020-12-09,1.756812,1.563873,1.843231,-0.155717,-0.024558
2020-12-10,1.751159,1.563184,1.831815,-0.158434,-0.024988
2020-12-11,1.745505,1.547082,1.832164,-0.161151,-0.035032
2020-12-14,1.746919,1.561386,1.826434,-0.160472,-0.026109
2020-12-15,1.745505,1.564633,1.821872,-0.161151,-0.024085
2020-12-16,1.756812,1.567408,1.838720,-0.155717,-0.022354
2020-12-17,1.765293,1.587534,1.851582,-0.151642,-0.009800
2020-12-18,1.755399,1.581994,1.851018,-0.156397,-0.013256
2020-12-21,1.749746,1.596823,1.847841,-0.159114,-0.004006
2020-12-22,1.727132,1.570856,1.825835,-0.169981,-0.020203
2020-12-23,1.737025,1.584256,1.836641,-0.165227,-0.011845
2020-12-24,1.739852,1.582009,1.831131,-0.163868,-0.013246
2020-12-25,1.738439,1.595295,1.831902,-0.164547,-0.004959
2020-12-28,1.755399,1.602382,1.834802,-0.156397,-0.000539
2020-12-29,1.802040,1.595589,1.860883,-0.133982,-0.004776
2020-12-30,1.804867,1.617981,1.872412,-0.132624,0.000000
2020-12-31,1.809107,1.648855,1.890296,-0.130586,0.000000
2021-01-04,1.783666,1.666710,1.877987,-0.142812,0.000000
2021-01-05,1.770946,1.698597,1.868071,-0.148925,0.000000
2021-01-06,1.769533,1.714154,1.875912,-0.149604,0.000000
2021-01-07,1.786493,1.744525,1.882326,-0.141454,0.000000
2021-01-08,1.821827,1.738757,1.905935,-0.124473,-0.003306
2021-01-11,1.811934,1.721586,1.905157,-0.129227,-0.013149
2021-01-12,1.817587,1.770689,1.916949,-0.126511,0.000000
2021-01-13,1.840201,1.764873,1.917917,-0.115643,-0.003284
2021-01-14,1.859988,1.730857,1.933303,-0.106134,-0.022495
2021-01-15,1.896736,1.726940,1.938386,-0.088474,-0.024707
2021-01-18,1.844441,1.746063,1.939395,-0.113605,-0.013907
2021-01-19,1.850094,1.720435,1.971494,-0.110888,-0.028381
2021-01-20,1.840201,1.732746,1.983669,-0.115643,-0.021428
2021-01-21,1.855748,1.760760,1.996537,-0.108171,-0.005607
2021-01-22,1.848681,1.762282,1.983604,-0.111568,-0.004748
2021-01-25,1.859988,1.780045,2.012552,-0.106134,0.000000
2021-01-26,1.845854,1.744307,1.977688,-0.112926,-0.020077
2021-01-27,1.845854,1.749063,1.983422,-0.112926,-0.017405
2021-01-28,1.807694,1.701330,1.928558,-0.131265,-0.044220
2021-01-29,1.775186,1.693363,1.913178,-0.146887,-0.048696
2021-02-01,1.794973,1.714148,1.927554,-0.137378,-0.037020
2021-02-02,1.812050,1.740548,1.957479,-0.129172,-0.022188
2021-02-03,1.809813,1.735521,1.968002,-0.130247,-0.025013
2021-02-04,1.832930,1.731961,1.953671,-0.119137,-0.027012
2021-02-05,1.838149,1.734954,1.972797,-0.116629,-0.025331
2021-02-08,1.844861,1.760630,1.987231,-0.113404,-0.010907
2021-02-09,1.833675,1.799133,1.992048,-0.118779,0.000000
2021-02-10,1.916448,1.837566,2.019629,-0.079000,0.000000
2021-02-18,1.912719,1.825119,2.039514,-0.080792,-0.006774
2021-02-19,1.890348,1.828429,2.033971,-0.091543,-0.004973
2021-02-22,1.859029,1.770999,2.022444,-0.106595,-0.036226
2021-02-23,1.831438,1.765411,2.013105,-0.119854,-0.039267
2021-02-24,1.755377,1.720451,1.957008,-0.156407,-0.063734
2021-02-25,1.790425,1.730572,1.986537,-0.139564,-0.058226
2021-02-26,1.694229,1.688554,1.914155,-0.185793,-0.081092
2021-03-01,1.722566,1.714505,1.939058,-0.172175,-0.066969
2021-03-02,1.756296,1.692626,1.944245,-0.155966,-0.078876
2021-03-03,1.756296,1.725083,1.955398,-0.155966,-0.061213
2021-03-04,1.756296,1.670820,1.909851,-0.155966,-0.090743
2021-03-05,1.756296,1.665153,1.895760,-0.155966,-0.093827
2021-03-08,1.756296,1.607322,1.872202,-0.155966,-0.125299
2021-03-09,1.756296,1.572828,1.870973,-0.155966,-0.144070
2021-03-10,1.756296,1.583145,1.890751,-0.155966,-0.138455
2021-03-11,1.756296,1.622572,1.921377,-0.155966,-0.116999
2021-03-12,1.756296,1.628318,1.925560,-0.155966,-0.113873
2021-03-15,1.756296,1.593248,1.904284,-0.155966,-0.132958
2021-03-16,1.756296,1.607113,1.919845,-0.155966,-0.125412
2021-03-17,1.756296,1.613915,1.921037,-0.155966,-0.121710
2021-03-18,1.756296,1.626859,1.949397,-0.155966,-0.114666
2021-03-19,1.756296,1.584246,1.908675,-0.155966,-0.137856
2021-03-22,1.756296,1.600085,1.911468,-0.155966,-0.129237
2021-03-23,1.756296,1.584930,1.896707,-0.155966,-0.137484
2021-03-24,1.756296,1.559441,1.872509,-0.155966,-0.151355
2021-03-25,1.756296,1.558700,1.863204,-0.155966,-0.151758
2021-03-26,1.756296,1.594023,1.888022,-0.155966,-0.132536
2021-03-29,1.756296,1.596836,1.890899,-0.155966,-0.131005
2021-03-30,1.756296,1.611976,1.909510,-0.155966,-0.122766
2021-03-31,1.756296,1.597304,1.905413,-0.155966,-0.130750
2021-04-01,1.756296,1.617054,1.938554,-0.155966,-0.120002
2021-04-02,1.754978,1.633121,1.955407,-0.156599,-0.111259
2021-04-06,1.778172,1.626407,1.959382,-0.145453,-0.114913
2021-04-07,1.775361,1.614827,1.948576,-0.146804,-0.121215
2021-04-08,1.782389,1.617506,1.956231,-0.143426,-0.119756
2021-04-09,1.785903,1.593185,1.950273,-0.141737,-0.132992
2021-04-12,1.797851,1.565471,1.945301,-0.135995,-0.148074
2021-04-13,1.797149,1.562905,1.941710,-0.136333,-0.149470
2021-04-14,1.805583,1.575874,1.956558,-0.132280,-0.142412
2021-04-15,1.802068,1.565857,1.945722,-0.133969,-0.147864
2021-04-16,1.815422,1.571302,1.957852,-0.127551,-0.144900
2021-04-19,1.813314,1.609536,1.968213,-0.128564,-0.124093
2021-04-20,1.799257,1.608381,1.944741,-0.135320,-0.124722
2021-04-21,1.787309,1.613245,1.920978,-0.141062,-0.122075
2021-04-22,1.797851,1.610239,1.938009,-0.135995,-0.123711
2021-04-23,1.781686,1.624860,1.937202,-0.143764,-0.115755
2021-04-26,1.799257,1.606442,1.948873,-0.135320,-0.125777
2021-04-27,1.808394,1.610644,1.946503,-0.130929,-0.123491
2021-04-28,1.805583,1.619731,1.942009,-0.132280,-0.118546
2021-04-29,1.813314,1.633947,1.947572,-0.128564,-0.110809
2021-04-30,1.813314,1.621075,1.924488,-0.128564,-0.117814
2021-05-06,1.803474,1.601342,1.917079,-0.133293,-0.128553
2021-05-07,1.812642,1.580753,1.907532,-0.128887,-0.139757
2021-05-10,1.816859,1.579605,1.900799,-0.126861,-0.140382
2021-05-11,1.789448,1.589299,1.862938,-0.140034,-0.135106
2021-05-12,1.776094,1.596099,1.864323,-0.146451,-0.131406
2021-05-13,1.743060,1.579779,1.836655,-0.162327,-0.140287
2021-05-14,1.769768,1.616994,1.851776,-0.149491,-0.120035
2021-05-17,1.783825,1.640534,1.857489,-0.142736,-0.107225
2021-05-18,1.788745,1.641360,1.877327,-0.140371,-0.106775
2021-05-19,1.759928,1.636509,1.862950,-0.154220,-0.109415
2021-05-20,1.757820,1.640983,1.868316,-0.155233,-0.106980
2021-05-21,1.780311,1.624448,1.880995,-0.144425,-0.115978
2021-05-24,1.783122,1.631232,1.881354,-0.143074,-0.112287
2021-05-25,1.792962,1.682770,1.904668,-0.138345,-0.084240
2021-05-26,1.785231,1.683438,1.909218,-0.142060,-0.083876
2021-05-27,1.772580,1.689019,1.899048,-0.148140,-0.080839
2021-05-28,1.783122,1.683596,1.899099,-0.143074,-0.083790
2021-05-31,1.779608,1.686912,1.900784,-0.144762,-0.081986
2021-06-01,1.781014,1.690111,1.920184,-0.144087,-0.080245
2021-06-02,1.781887,1.673750,1.914595,-0.143667,-0.089149
2021-06-03,1.790420,1.662777,1.907447,-0.139567,-0.095120
2021-06-04,1.780465,1.671317,1.895356,-0.144351,-0.090473
2021-06-07,1.788998,1.669845,1.900643,-0.140250,-0.091273
2021-06-08,1.791842,1.655446,1.895236,-0.138883,-0.099109
2021-06-09,1.790420,1.656816,1.891875,-0.139567,-0.098364
2021-06-10,1.781887,1.667896,1.888390,-0.143667,-0.092334
2021-06-11,1.781887,1.653098,1.892303,-0.143667,-0.100387
2021-06-15,1.796108,1.634703,1.901142,-0.136833,-0.110398
2021-06-16,1.791842,1.607470,1.888213,-0.138883,-0.125218
2021-06-17,1.773355,1.614241,1.882240,-0.147768,-0.121533
2021-06-18,1.771932,1.614425,1.902627,-0.148451,-0.121433
2021-06-21,1.736380,1.610603,1.874951,-0.165537,-0.123513
2021-06-22,1.767666,1.620655,1.888596,-0.150501,-0.118043
2021-06-23,1.779043,1.628637,1.906991,-0.145034,-0.113699
2021-06-24,1.766244,1.631352,1.907103,-0.151185,-0.112221
2021-06-25,1.767666,1.657930,1.927420,-0.150501,-0.097758
2021-06-28,1.761978,1.661660,1.927639,-0.153235,-0.095728
2021-06-29,1.757711,1.642290,1.915803,-0.155285,-0.106269
2021-06-30,1.763400,1.652890,1.918782,-0.152552,-0.100501
2021-07-01,1.757711,1.654668,1.907893,-0.155285,-0.099533
2021-07-02,1.758608,1.607670,1.891976,-0.154855,-0.125109
2021-07-05,1.778642,1.609147,1.879416,-0.145227,-0.124305
2021-07-06,1.780099,1.608296,1.880956,-0.144527,-0.124768
2021-07-07,1.791755,1.626454,1.869828,-0.138925,-0.114887
2021-07-08,1.788477,1.609929,1.850806,-0.140500,-0.123880
2021-07-09,1.785927,1.603974,1.855592,-0.141726,-0.127120
2021-07-12,1.797219,1.623993,1.872489,-0.136299,-0.116226
2021-07-13,1.799404,1.626964,1.888542,-0.135249,-0.114610
2021-07-14,1.798676,1.608290,1.883251,-0.135599,-0.124772
2021-07-15,1.802318,1.629925,1.885609,-0.133848,-0.112998
2021-07-16,1.785927,1.611988,1.877971,-0.141726,-0.122759
2021-07-19,1.775364,1.617911,1.854772,-0.146802,-0.119536
2021-07-20,1.771357,1.616488,1.840338,-0.148728,-0.120311
2021-07-21,1.782284,1.627577,1.839889,-0.143476,-0.114275
2021-07-22,1.798676,1.630017,1.866103,-0.135599,-0.112948
2021-07-23,1.812153,1.610236,1.859011,-0.129122,-0.123713
2021-07-26,1.836194,1.558368,1.815644,-0.117569,-0.151939
2021-07-27,1.832187,1.503317,1.768969,-0.119494,-0.181898
2021-07-28,1.813974,1.506219,1.771461,-0.128247,-0.180319
2021-07-29,1.819802,1.534628,1.811708,-0.125446,-0.164858
2021-07-30,1.789205,1.522257,1.781821,-0.140150,-0.171591
2021-08-02,1.813974,1.561038,1.810994,-0.128247,-0.150486
2021-08-03,1.809615,1.561266,1.803346,-0.130342,-0.150362
2021-08-04,1.821635,1.575311,1.813288,-0.124565,-0.142719
2021-08-05,1.819814,1.565762,1.797902,-0.125440,-0.147915
2021-08-06,1.833292,1.557185,1.806631,-0.118963,-0.152583
2021-08-09,1.824185,1.577434,1.806171,-0.123340,-0.141563
2021-08-10,1.832563,1.595656,1.821089,-0.119313,-0.131647
2021-08-11,1.823457,1.586857,1.820977,-0.123690,-0.136436
2021-08-12,1.818357,1.573571,1.814041,-0.126140,-0.143666
2021-08-13,1.824914,1.564911,1.804269,-0.122990,-0.148378
2021-08-16,1.829285,1.563358,1.788709,-0.120889,-0.149224
2021-08-17,1.835477,1.530556,1.768334,-0.117913,-0.167074
2021-08-18,1.824549,1.548541,1.779794,-0.123165,-0.157287
2021-08-19,1.792859,1.538384,1.747461,-0.138394,-0.162814
2021-08-20,1.809615,1.509000,1.732761,-0.130342,-0.178805
2021-08-23,1.839484,1.530075,1.758595,-0.115987,-0.167336
2021-08-24,1.866074,1.546690,1.793101,-0.103209,-0.158294
2021-08-25,1.864253,1.549781,1.795227,-0.104084,-0.156612
2021-08-26,1.861703,1.519232,1.781947,-0.105309,-0.173237
2021-08-27,1.863160,1.527278,1.781380,-0.104609,-0.168858
2021-08-30,1.877366,1.522922,1.785457,-0.097782,-0.171229
2021-08-31,1.902864,1.520498,1.810099,-0.085528,-0.172548
2021-09-01,1.894122,1.540700,1.825534,-0.089730,-0.161554
2021-09-02,1.891572,1.540684,1.837226,-0.090955,-0.161563
2021-09-03,1.887565,1.532347,1.841560,-0.092881,-0.166100
2021-09-06,1.892301,1.561035,1.862769,-0.090605,-0.150488
2021-09-07,1.894122,1.579735,1.881329,-0.089730,-0.140312
2021-09-08,1.891572,1.573185,1.878444,-0.090955,-0.143876
2021-09-09,1.881373,1.572514,1.845786,-0.095857,-0.144241
2021-09-10,1.875181,1.586281,1.862202,-0.098832,-0.136749
2021-09-13,1.865710,1.579364,1.847853,-0.103384,-0.140513
2021-09-14,1.854783,1.555793,1.839547,-0.108635,-0.153341
2021-09-15,1.850776,1.540023,1.821875,-0.110561,-0.161922
2021-09-16,1.859882,1.521159,1.802837,-0.106185,-0.172188
2021-09-17,1.870446,1.536422,1.825906,-0.101108,-0.163882
2021-09-22,1.824549,1.525611,1.797277,-0.123165,-0.169765
2021-09-23,1.841305,1.535556,1.802555,-0.115112,-0.164354
2021-09-24,1.844948,1.534363,1.796770,-0.113362,-0.165003
2021-09-27,1.856240,1.543203,1.786003,-0.107935,-0.160192
2021-09-28,1.823092,1.545247,1.792806,-0.123865,-0.159080
2021-09-29,1.797230,1.529458,1.770744,-0.136294,-0.167672
2021-09-30,1.800873,1.539726,1.764857,-0.134543,-0.162084
2021-10-08,1.798323,1.559836,1.754087,-0.135768,-0.151140
2021-10-11,1.766146,1.561814,1.770459,-0.151232,-0.150064
2021-10-12,1.701085,1.545250,1.743553,-0.182499,-0.159078
2021-10-13,1.715995,1.563054,1.748774,-0.175333,-0.149389
2021-10-14,1.715995,1.554669,1.763765,-0.175333,-0.153952
2021-10-15,1.710573,1.560523,1.772258,-0.177939,-0.150767
2021-10-18,1.709218,1.542383,1.765777,-0.178590,-0.160638
2021-10-19,1.737682,1.557552,1.790603,-0.164911,-0.152383
2021-10-20,1.745815,1.553584,1.804067,-0.161003,-0.154543
2021-10-21,1.745815,1.559229,1.791017,-0.161003,-0.151471
2021-10-22,1.741748,1.569262,1.803661,-0.162957,-0.146011
2021-10-25,1.759369,1.575523,1.803680,-0.154489,-0.142603
2021-10-26,1.748525,1.570328,1.802130,-0.159700,-0.145431
2021-10-27,1.720061,1.549781,1.780984,-0.173379,-0.156612
2021-10-28,1.702440,1.539017,1.778206,-0.181847,-0.162470
2021-10-29,1.706507,1.553138,1.775829,-0.179893,-0.154785
2021-11-01,1.720061,1.547417,1.782967,-0.173379,-0.157898
2021-11-02,1.723553,1.531332,1.781211,-0.171701,-0.166652
2021-11-03,1.731811,1.525402,1.780665,-0.167733,-0.169879
2021-11-04,1.755593,1.540472,1.792838,-0.156303,-0.161678
2021-11-05,1.777063,1.532123,1.789256,-0.145985,-0.166222
2021-11-08,1.771118,1.533967,1.777776,-0.148843,-0.165218
2021-11-09,1.773100,1.533512,1.779941,-0.147890,-0.165466
2021-11-10,1.755924,1.525428,1.777713,-0.156145,-0.169865
2021-11-11,1.741390,1.549936,1.797363,-0.163129,-0.156528
2021-11-12,1.740729,1.546683,1.803092,-0.163447,-0.158298
2021-11-15,1.762530,1.544788,1.808896,-0.152970,-0.159329
2021-11-16,1.751960,1.545086,1.815493,-0.158050,-0.159167
2021-11-17,1.766163,1.545854,1.813036,-0.151224,-0.158749
2021-11-18,1.770127,1.530626,1.797017,-0.149319,-0.167036
2021-11-19,1.794570,1.547218,1.798537,-0.137572,-0.158007
2021-11-22,1.799524,1.554286,1.794350,-0.135191,-0.154160
2021-11-23,1.770127,1.554587,1.778851,-0.149319,-0.153997
2021-11-24,1.773100,1.555634,1.774525,-0.147890,-0.153427
2021-11-25,1.782018,1.549237,1.776472,-0.143604,-0.156908
2021-11-26,1.763851,1.537748,1.746543,-0.152335,-0.163160
2021-11-29,1.757905,1.534992,1.729339,-0.155192,-0.164660
2021-11-30,1.765833,1.528857,1.706520,-0.151382,-0.167999
2021-12-01,1.767154,1.532597,1.719268,-0.150748,-0.165964
2021-12-02,1.727540,1.536492,1.711897,-0.169785,-0.163844
2021-12-03,1.726219,1.550686,1.710765,-0.170420,-0.156120
2021-12-06,1.702106,1.548028,1.688217,-0.182008,-0.157566
2021-12-07,1.724237,1.557356,1.720719,-0.171372,-0.152490
2021-12-08,1.767178,1.580715,1.735160,-0.150736,-0.139778
2021-12-09,1.760241,1.606901,1.738482,-0.154070,-0.125528
2021-12-10,1.744056,1.599443,1.726799,-0.161848,-0.129586
2021-12-13,1.765857,1.608518,1.739737,-0.151371,-0.124648
2021-12-14,1.737780,1.597728,1.714326,-0.164864,-0.130519
2021-12-15,1.723246,1.583870,1.703379,-0.171849,-0.138061
2021-12-16,1.766187,1.592992,1.718389,-0.151212,-0.133097
2021-12-17,1.714658,1.567689,1.693575,-0.175976,-0.146867
2021-12-20,1.688894,1.544168,1.658330,-0.188358,-0.159667
2021-12-21,1.711025,1.554631,1.677933,-0.177722,-0.153973
2021-12-22,1.719613,1.554935,1.678891,-0.173595,-0.153807
2021-12-23,1.742735,1.565784,1.690953,-0.162483,-0.147903
2021-12-24,1.752974,1.557115,1.691922,-0.157562,-0.152621
2021-12-27,1.760902,1.556476,1.692801,-0.153752,-0.152969
2021-12-28,1.785345,1.568069,1.697647,-0.142005,-0.146660
2021-12-29,1.784354,1.545136,1.686203,-0.142482,-0.159140
2021-12-30,1.774445,1.557169,1.684321,-0.147244,-0.152592
2021-12-31,1.771802,1.563136,1.704522,-0.148514,-0.149344
2022-01-04,1.785675,1.555986,1.706835,-0.141847,-0.153236
2022-01-05,1.753242,1.540276,1.680902,-0.157433,-0.161785
2022-01-06,1.711325,1.524491,1.653186,-0.177578,-0.170375
2022-01-07,1.722260,1.525801,1.674762,-0.172323,-0.169662
2022-01-10,1.710717,1.532660,1.684677,-0.177870,-0.165929
2022-01-11,1.703427,1.518017,1.676284,-0.181373,-0.173898
2022-01-12,1.722867,1.533145,1.719509,-0.172031,-0.165666
2022-01-13,1.718615,1.507940,1.714470,-0.174074,-0.179382
2022-01-14,1.702212,1.495540,1.696713,-0.181957,-0.186130
2022-01-17,1.697352,1.508370,1.692635,-0.184293,-0.179148
2022-01-18,1.690670,1.522947,1.687021,-0.187504,-0.171215
2022-01-19,1.663940,1.512515,1.666487,-0.200350,-0.176892
2022-01-20,1.654827,1.526162,1.700285,-0.204729,-0.169466
2022-01-21,1.622022,1.512177,1.688952,-0.220494,-0.177076
2022-01-24,1.602582,1.514528,1.671135,-0.229837,-0.175797
2022-01-25,1.582535,1.480265,1.633745,-0.239471,-0.194443
2022-01-26,1.580105,1.490978,1.637074,-0.240639,-0.188613
2022-01-27,1.550337,1.461733,1.587876,-0.254944,-0.204528
2022-01-28,1.577675,1.443980,1.601151,-0.241807,-0.214189
2022-02-07,1.635995,1.466229,1.642745,-0.213780,-0.202081
2022-02-08,1.617028,1.458218,1.639531,-0.222895,-0.206441
2022-02-09,1.646406,1.471915,1.669181,-0.208776,-0.198987
2022-02-10,1.647630,1.468055,1.676043,-0.208188,-0.201088
2022-02-11,1.642733,1.455886,1.654643,-0.210541,-0.207710
2022-02-14,1.630493,1.440158,1.632778,-0.216424,-0.216269
2022-02-15,1.608459,1.455475,1.621436,-0.227013,-0.207934
2022-02-16,1.629268,1.461135,1.645315,-0.217012,-0.204853
2022-02-17,1.628044,1.464669,1.638979,-0.217600,-0.202930
2022-02-18,1.623148,1.471655,1.631464,-0.219953,-0.199128
2022-02-21,1.597442,1.466299,1.608012,-0.232307,-0.202043
2022-02-22,1.552151,1.447264,1.566701,-0.254073,-0.212402
2022-02-23,1.566840,1.462736,1.585470,-0.247014,-0.203982
2022-02-24,1.516652,1.433080,1.527544,-0.271133,-0.220121
2022-02-25,1.500739,1.447033,1.540485,-0.278780,-0.212527
2022-02-28,1.488498,1.449637,1.533258,-0.284663,-0.211110
2022-03-01,1.504411,1.461673,1.560968,-0.277016,-0.204560
2022-03-02,1.476117,1.448672,1.530854,-0.290613,-0.211636
2022-03-03,1.492603,1.440139,1.533862,-0.282690,-0.216279
2022-03-04,1.454559,1.422673,1.491895,-0.300973,-0.225784
2022-03-07,1.406369,1.377222,1.445688,-0.324132,-0.250518
2022-03-08,1.375934,1.349572,1.407957,-0.338759,-0.265565
2022-03-09,1.346767,1.337220,1.410736,-0.352776,-0.272288
2022-03-10,1.370861,1.358257,1.443280,-0.341196,-0.260839
2022-03-11,1.392420,1.362586,1.420134,-0.330836,-0.258484
2022-03-14,1.330281,1.320897,1.377863,-0.360698,-0.281171
2022-03-15,1.255460,1.260480,1.324092,-0.396655,-0.314049
2022-03-16,1.340426,1.314986,1.395470,-0.355823,-0.284387
2022-03-17,1.398760,1.340811,1.462010,-0.327789,-0.270333
2022-03-18,1.436805,1.349733,1.482409,-0.309506,-0.265478
2022-03-21,1.410174,1.347471,1.478168,-0.322304,-0.266709
2022-03-22,1.412710,1.346380,1.491545,-0.321085,-0.267303
2022-03-23,1.434268,1.353094,1.538124,-0.310724,-0.263649
2022-03-24,1.425391,1.345117,1.515972,-0.314991,-0.267990
2022-03-25,1.382275,1.320837,1.487799,-0.335711,-0.281203
2022-03-28,1.384811,1.312579,1.493000,-0.334493,-0.285697
2022-03-29,1.378470,1.308044,1.514427,-0.337540,-0.288165
2022-03-30,1.424123,1.346000,1.535806,-0.315600,-0.267509
2022-03-31,1.401297,1.336033,1.516511,-0.326570,-0.272933
2022-04-01,1.401297,1.352980,1.503989,-0.326570,-0.263711
2022-04-06,1.410600,1.349082,1.508293,-0.322099,-0.265832
2022-04-07,1.390900,1.331762,1.476989,-0.331566,-0.275258
2022-04-08,1.404379,1.338618,1.476731,-0.325089,-0.271527
2022-04-11,1.391937,1.297265,1.437930,-0.331068,-0.294031
2022-04-12,1.365498,1.322545,1.442995,-0.343774,-0.280273
2022-04-13,1.376903,1.309816,1.446257,-0.338293,-0.287200
2022-04-14,1.385716,1.326215,1.460344,-0.334058,-0.278276
2022-04-15,1.372756,1.325323,1.440059,-0.340286,-0.278762
2022-04-18,1.362387,1.318245,1.426036,-0.345269,-0.282613
2022-04-19,1.372756,1.308285,1.424356,-0.340286,-0.288034
2022-04-20,1.394011,1.288001,1.430041,-0.330071,-0.299073
2022-04-21,1.411637,1.264283,1.429302,-0.321601,-0.311980
2022-04-22,1.392974,1.269795,1.420062,-0.330570,-0.308980
2022-04-25,1.347872,1.207040,1.381039,-0.352245,-0.343131
2022-04-26,1.372756,1.197298,1.404371,-0.340286,-0.348433
2022-04-27,1.339577,1.232551,1.400922,-0.356231,-0.329248
2022-04-28,1.357203,1.240642,1.417021,-0.347760,-0.324845
2022-04-29,1.378977,1.270741,1.476711,-0.337296,-0.308465
2022-05-05,1.380014,1.268833,1.470657,-0.336798,-0.309504
2022-05-06,1.347132,1.236753,1.425529,-0.352600,-0.326961
2022-05-09,1.339872,1.226824,1.402415,-0.356089,-0.332365
2022-05-10,1.315502,1.240249,1.400748,-0.367801,-0.325059
2022-05-11,1.314465,1.258142,1.413149,-0.368299,-0.315322
2022-05-12,1.291649,1.252548,1.392652,-0.379264,-0.318366
2022-05-13,1.312390,1.261996,1.430844,-0.369296,-0.313224
2022-05-16,1.318094,1.251852,1.433657,-0.366555,-0.318745
2022-05-17,1.324317,1.267466,1.461865,-0.363565,-0.310247
2022-05-18,1.336761,1.263043,1.463474,-0.357584,-0.312655
2022-05-19,1.287501,1.265476,1.432602,-0.381257,-0.311330
2022-05-20,1.279205,1.290155,1.449848,-0.385244,-0.297900
2022-05-23,1.283353,1.282682,1.444654,-0.383251,-0.301967
2022-05-24,1.272982,1.252678,1.415115,-0.388235,-0.318295
2022-05-25,1.284390,1.260281,1.426450,-0.382753,-0.314158
2022-05-26,1.295798,1.263400,1.430432,-0.377270,-0.312460
2022-05-27,1.324317,1.266014,1.462951,-0.363565,-0.311038
2022-05-30,1.347132,1.274784,1.487243,-0.352600,-0.306265
2022-05-31,1.341946,1.294559,1.494293,-0.355092,-0.295503
2022-06-01,1.345058,1.291921,1.495589,-0.353597,-0.296939
2022-06-02,1.322888,1.293943,1.485085,-0.364251,-0.295839
2022-06-06,1.347126,1.318153,1.504025,-0.352603,-0.282663
2022-06-07,1.334369,1.322279,1.508278,-0.358734,-0.280418
2022-06-08,1.345850,1.335151,1.538477,-0.353216,-0.273414
2022-06-09,1.319061,1.321185,1.524805,-0.366090,-0.281014
2022-06-10,1.296099,1.341219,1.524033,-0.377126,-0.270111
2022-06-13,1.239968,1.325513,1.474262,-0.404101,-0.278658
2022-06-14,1.238693,1.335942,1.471992,-0.404714,-0.272983
2022-06-15,1.231039,1.353631,1.473804,-0.408392,-0.263356
2022-06-16,1.214455,1.344722,1.453991,-0.416362,-0.268205
2022-06-17,1.195319,1.363383,1.451812,-0.425558,-0.258050
2022-06-20,1.201698,1.370151,1.448307,-0.422492,-0.254367
2022-06-21,1.214455,1.368613,1.464923,-0.416362,-0.255203
2022-06-22,1.190217,1.351227,1.446914,-0.428010,-0.264665
2022-06-23,1.201698,1.374406,1.463251,-0.422492,-0.252051
2022-06-24,1.185114,1.390508,1.485260,-0.430462,-0.243288
2022-06-27,1.202973,1.406167,1.511316,-0.421879,-0.234767
2022-06-28,1.205525,1.420803,1.515374,-0.420653,-0.226802
2022-06-29,1.190217,1.398921,1.484296,-0.428010,-0.238710
2022-06-30,1.163427,1.419060,1.470874,-0.440884,-0.227750
2022-07-01,1.160876,1.413273,1.463966,-0.442111,-0.230900
2022-07-04,1.180119,1.422547,1.473971,-0.432863,-0.225853
2022-07-05,1.183116,1.420493,1.478475,-0.431422,-0.226970
2022-07-06,1.162132,1.399747,1.455655,-0.441507,-0.238260
2022-07-07,1.162132,1.405917,1.465170,-0.441507,-0.234903
2022-07-08,1.171125,1.401269,1.471647,-0.437185,-0.237432
2022-07-11,1.122162,1.377804,1.445531,-0.460715,-0.250201
2022-07-12,1.105175,1.364832,1.429766,-0.468879,-0.257261
2022-07-13,1.113169,1.367313,1.435843,-0.465037,-0.255911
2022-07-14,1.113169,1.367506,1.430670,-0.465037,-0.255806
2022-07-15,1.080193,1.344238,1.418304,-0.480885,-0.268469
2022-07-18,1.108172,1.358178,1.448459,-0.467439,-0.260882
2022-07-19,1.097181,1.350822,1.438589,-0.472721,-0.264885
2022-07-20,1.121163,1.355397,1.471219,-0.461196,-0.262396
2022-07-21,1.110171,1.340292,1.468589,-0.466478,-0.270616
2022-07-22,1.110171,1.340979,1.475839,-0.466478,-0.270242
2022-07-25,1.091185,1.332882,1.463448,-0.475602,-0.274648
2022-07-26,1.115167,1.343431,1.473789,-0.464077,-0.268908
2022-07-27,1.095182,1.336805,1.464573,-0.473681,-0.272513
2022-07-28,1.098180,1.337005,1.474519,-0.472241,-0.272405
2022-07-29,1.039224,1.319422,1.462842,-0.500574,-0.281973
2022-08-01,1.036226,1.325301,1.470111,-0.502014,-0.278774
2022-08-02,1.019677,1.299464,1.451342,-0.509967,-0.292834
2022-08-03,0.995809,1.286795,1.447371,-0.521438,-0.299729
2022-08-04,0.998673,1.297730,1.471093,-0.520061,-0.293778
2022-08-05,1.017768,1.315249,1.483875,-0.510885,-0.284244
2022-08-08,1.005356,1.312452,1.472589,-0.516850,-0.285766
2022-08-09,0.992944,1.315053,1.463681,-0.522814,-0.284351
2022-08-10,0.986261,1.300324,1.439367,-0.526026,-0.292366
2022-08-11,1.013949,1.326839,1.480488,-0.512720,-0.277937
2022-08-12,1.018723,1.326082,1.486585,-0.510426,-0.278348
2022-08-15,1.039727,1.324352,1.499020,-0.500332,-0.279290
2022-08-16,1.042592,1.321871,1.490599,-0.498955,-0.280640
2022-08-17,1.045456,1.334249,1.498249,-0.497579,-0.273904
2022-08-18,1.031135,1.322586,1.480626,-0.504461,-0.280251
2022-08-19,1.025406,1.313401,1.478268,-0.507214,-0.285250
2022-08-22,1.015858,1.322998,1.470276,-0.511802,-0.280027
2022-08-23,1.010130,1.316568,1.458179,-0.514555,-0.283526
2022-08-24,1.012039,1.291680,1.448919,-0.513638,-0.297070
2022-08-25,1.021587,1.302381,1.483737,-0.509049,-0.291247
2022-08-26,1.020632,1.299631,1.492157,-0.509508,-0.292743
2022-08-29,0.992944,1.293927,1.468738,-0.522814,-0.295848
2022-08-30,1.002492,1.289583,1.469415,-0.518226,-0.298212
2022-08-31,0.997718,1.290548,1.471713,-0.520520,-0.297687
2022-09-01,0.978623,1.279442,1.444260,-0.529697,-0.303730
2022-09-02,0.973119,1.273073,1.439376,-0.532342,-0.307196
2022-09-05,0.973119,1.270485,1.430941,-0.532342,-0.308605
2022-09-06,0.973119,1.282144,1.434133,-0.532342,-0.302260
2022-09-07,0.973119,1.282998,1.421131,-0.532342,-0.301795
2022-09-08,0.973119,1.277524,1.428084,-0.532342,-0.304774
2022-09-09,0.973119,1.295278,1.444704,-0.532342,-0.295112
2022-09-13,0.973119,1.300758,1.461874,-0.532342,-0.292130
2022-09-14,0.973119,1.286282,1.421425,-0.532342,-0.300008
2022-09-15,0.973119,1.274183,1.421008,-0.532342,-0.306592
2022-09-16,0.973119,1.244302,1.403301,-0.532342,-0.322853
2022-09-19,0.973119,1.242822,1.390427,-0.532342,-0.323659
2022-09-20,0.973119,1.244353,1.409455,-0.532342,-0.322825
2022-09-21,0.973119,1.235143,1.391751,-0.532342,-0.327838
2022-09-22,0.973119,1.224262,1.370560,-0.532342,-0.333759
2022-09-23,0.973119,1.220047,1.369272,-0.532342,-0.336053
2022-09-26,0.973119,1.213928,1.353892,-0.532342,-0.339383
2022-09-27,0.973119,1.231526,1.366434,-0.532342,-0.329806
2022-09-28,0.973119,1.211406,1.342678,-0.532342,-0.340755
2022-09-29,0.973119,1.210909,1.339833,-0.532342,-0.341025
2022-09-30,0.973119,1.203870,1.318109,-0.532342,-0.344857
2022-10-10,0.973119,1.177308,1.312060,-0.532342,-0.359311
2022-10-11,0.973119,1.179443,1.308121,-0.532342,-0.358149
2022-10-12,0.973119,1.197358,1.321126,-0.532342,-0.348400
2022-10-13,0.973119,1.187347,1.296479,-0.532342,-0.353848
2022-10-14,0.973119,1.215760,1.325775,-0.532342,-0.338386
2022-10-17,0.973119,1.217007,1.311754,-0.532342,-0.337707
2022-10-18,0.973119,1.214431,1.340880,-0.532342,-0.339109
2022-10-19,0.973119,1.194896,1.328822,-0.532342,-0.349740
2022-10-20,0.973119,1.188062,1.312270,-0.532342,-0.353459
2022-10-21,0.973119,1.184253,1.309585,-0.532342,-0.355532
2022-10-24,0.973119,1.149601,1.285605,-0.532342,-0.374390
2022-10-25,0.973119,1.147727,1.299039,-0.532342,-0.375409
2022-10-26,0.973119,1.157045,1.303136,-0.532342,-0.370338
2022-10-27,0.973119,1.148895,1.306799,-0.532342,-0.374774
2022-10-28,0.973119,1.120479,1.272431,-0.532342,-0.390237
2022-10-31,0.973119,1.110155,1.294266,-0.532342,-0.395856
2022-11-01,0.973119,1.149854,1.330815,-0.532342,-0.374252
2022-11-02,0.972389,1.163661,1.336383,-0.532693,-0.366738
2022-11-03,0.954232,1.154198,1.313147,-0.541418,-0.371888
2022-11-04,0.957258,1.191935,1.342844,-0.539964,-0.351351
2022-11-07,0.978441,1.194507,1.361310,-0.529784,-0.349951
2022-11-08,0.988528,1.186290,1.363891,-0.524937,-0.354423
2022-11-09,1.005676,1.175197,1.356282,-0.516696,-0.360460
2022-11-10,0.997607,1.166155,1.339951,-0.520574,-0.365381
2022-11-11,1.048042,1.198665,1.403069,-0.496336,-0.347689
2022-11-14,1.047033,1.200430,1.406828,-0.496821,-0.346728
2022-11-15,1.049050,1.223195,1.440296,-0.495851,-0.334339
2022-11-16,1.060146,1.213203,1.442767,-0.490519,-0.339777
2022-11-17,1.067207,1.208226,1.446066,-0.487126,-0.342486
2022-11-18,1.063172,1.202819,1.442737,-0.489065,-0.345428
2022-11-21,1.064181,1.192555,1.432519,-0.488580,-0.351014
2022-11-22,1.062164,1.192694,1.413923,-0.489549,-0.350938
2022-11-23,1.077294,1.193947,1.434258,-0.482278,-0.350256
2022-11-24,1.086372,1.188657,1.443362,-0.477915,-0.353135
2022-11-25,1.095451,1.194659,1.444331,-0.473552,-0.349869
2022-11-28,1.088390,1.181199,1.431386,-0.476946,-0.357194
2022-11-29,1.078303,1.217642,1.457161,-0.481793,-0.337361
2022-11-30,1.072251,1.219104,1.460002,-0.484702,-0.336566
2022-12-01,1.087381,1.232308,1.490905,-0.477430,-0.329381
2022-12-02,1.077317,1.224771,1.479885,-0.482267,-0.333482
2022-12-05,1.072273,1.248795,1.511210,-0.484691,-0.320408
2022-12-06,1.061177,1.255541,1.492313,-0.490023,-0.316737
2022-12-07,1.047055,1.252453,1.477666,-0.496810,-0.318418
2022-12-08,1.052099,1.252687,1.487963,-0.494386,-0.318290
2022-12-09,1.061177,1.265046,1.509719,-0.490023,-0.311565
2022-12-12,1.056134,1.250871,1.488697,-0.492447,-0.319278
2022-12-13,1.062186,1.248416,1.497247,-0.489539,-0.320615
2022-12-14,1.078326,1.251330,1.512147,-0.481782,-0.319029
2022-12-15,1.073282,1.250412,1.490726,-0.484206,-0.319528
2022-12-16,1.047055,1.251121,1.475831,-0.496810,-0.319142
2022-12-19,1.037977,1.231817,1.467808,-0.501173,-0.329647
2022-12-20,1.026881,1.211504,1.442209,-0.506505,-0.340702
2022-12-21,1.039994,1.211985,1.447954,-0.500203,-0.340440
2022-12-22,1.057142,1.213722,1.479124,-0.491962,-0.339495
2022-12-23,1.044029,1.211251,1.465434,-0.498264,-0.340839
2022-12-26,1.039994,1.216083,1.459932,-0.500203,-0.338210
2022-12-27,1.047055,1.230118,1.474810,-0.496810,-0.330572
2022-12-28,1.044029,1.224869,1.469639,-0.498264,-0.333429
2022-12-29,1.034950,1.220262,1.455439,-0.502627,-0.335936
2022-12-30,1.042011,1.224986,1.461265,-0.499234,-0.333365
2023-01-03,1.036968,1.230134,1.466735,-0.501658,-0.330563
2023-01-04,1.043011,1.231732,1.489232,-0.498753,-0.329694
2023-01-05,1.060160,1.255661,1.503239,-0.490512,-0.316672
2023-01-06,1.051081,1.259556,1.493648,-0.494875,-0.314552
2023-01-09,1.068229,1.269754,1.514263,-0.486634,-0.309003
2023-01-10,1.076299,1.271130,1.507842,-0.482756,-0.308253
2023-01-11,1.092438,1.268776,1.515675,-0.475000,-0.309535
2023-01-12,1.097482,1.271257,1.506830,-0.472576,-0.308185
2023-01-13,1.108578,1.289136,1.518043,-0.467244,-0.298454
2023-01-16,1.105552,1.309253,1.512123,-0.468698,-0.287507
2023-01-17,1.109587,1.309025,1.521408,-0.466759,-0.287631
2023-01-18,1.117656,1.306833,1.531812,-0.462881,-0.288824
2023-01-19,1.107569,1.314964,1.523793,-0.467728,-0.284399
2023-01-20,1.110595,1.323039,1.539991,-0.466274,-0.280005
2023-01-30,1.109587,1.329310,1.553636,-0.466759,-0.276592
2023-01-31,1.104543,1.315233,1.528951,-0.469183,-0.284253
2023-02-01,1.115639,1.327595,1.557476,-0.463850,-0.277525
2023-02-02,1.105182,1.322918,1.569223,-0.468875,-0.280070
2023-02-03,1.078980,1.310414,1.564270,-0.481468,-0.286875
2023-02-06,1.042484,1.293091,1.534901,-0.499007,-0.296302
2023-02-07,1.055585,1.295417,1.540634,-0.492711,-0.295037
2023-02-08,1.049034,1.289693,1.539727,-0.495859,-0.298151
2023-02-09,1.065879,1.307007,1.553234,-0.487764,-0.288729
2023-02-10,1.055585,1.299239,1.530854,-0.492711,-0.292957
2023-02-13,1.054649,1.311028,1.528539,-0.493161,-0.286541
2023-02-14,1.050906,1.311572,1.532759,-0.494959,-0.286245
2023-02-15,1.036869,1.304738,1.521247,-0.501705,-0.289964
2023-02-16,1.044355,1.295183,1.539702,-0.498108,-0.295164
2023-02-17,1.031254,1.276521,1.516961,-0.504404,-0.305319
2023-02-20,1.061200,1.307839,1.530308,-0.490012,-0.288277
2023-02-21,1.058392,1.311275,1.512163,-0.491362,-0.286407
2023-02-22,1.049034,1.299442,1.493206,-0.495859,-0.292846
2023-02-23,1.053713,1.298397,1.498239,-0.493610,-0.293415
2023-02-24,1.038740,1.284919,1.497689,-0.500806,-0.300750
2023-02-27,1.033126,1.279474,1.484606,-0.503504,-0.303713
2023-02-28,1.029382,1.287580,1.482420,-0.505303,-0.299302
2023-03-01,1.047163,1.305766,1.504275,-0.496758,-0.289404
2023-03-02,1.037179,1.302856,1.490595,-0.501556,-0.290989
2023-03-03,1.044627,1.306909,1.512232,-0.497977,-0.288783
2023-03-06,1.065110,1.300093,1.526266,-0.488133,-0.292492
2023-03-07,1.077214,1.281059,1.520437,-0.482317,-0.302850
2023-03-08,1.057662,1.276395,1.502167,-0.491713,-0.305388
2023-03-09,1.065110,1.271883,1.506271,-0.488133,-0.307844
2023-03-10,1.051145,1.255206,1.464869,-0.494845,-0.316920
2023-03-13,1.062317,1.268352,1.475989,-0.489476,-0.309765
2023-03-14,1.017627,1.260762,1.442280,-0.510952,-0.313896
2023-03-15,1.043696,1.261458,1.460050,-0.498424,-0.313517
2023-03-16,1.020420,1.246350,1.448980,-0.509610,-0.321739
2023-03-17,1.019489,1.252573,1.473438,-0.510058,-0.318352
2023-03-20,0.991558,1.246327,1.449085,-0.523481,-0.321751
2023-03-21,1.026007,1.260028,1.471216,-0.506926,-0.314295
2023-03-22,1.048351,1.265425,1.490750,-0.496187,-0.311358
2023-03-23,1.048351,1.277971,1.501864,-0.496187,-0.304531
2023-03-24,1.044627,1.274161,1.507913,-0.497977,-0.306604
2023-03-27,1.041834,1.269551,1.506890,-0.499319,-0.309113
2023-03-28,1.050214,1.265447,1.509088,-0.495292,-0.311346
2023-03-29,1.054869,1.267545,1.527274,-0.493055,-0.310204
2023-03-30,1.065110,1.277793,1.531417,-0.488133,-0.304627
2023-03-31,1.075352,1.281717,1.543397,-0.483211,-0.302492
2023-04-03,1.076283,1.294259,1.551084,-0.482764,-0.295667
2023-04-04,1.079553,1.298227,1.551830,-0.481192,-0.293508
2023-04-06,1.060827,1.296179,1.532423,-0.490192,-0.294622
2023-04-07,1.070190,1.304608,1.545593,-0.485692,-0.290035
2023-04-10,1.065509,1.298764,1.543107,-0.487942,-0.293215
2023-04-11,1.071361,1.297290,1.544024,-0.485129,-0.294017
2023-04-12,1.063168,1.296385,1.536624,-0.489067,-0.294510
2023-04-13,1.056146,1.287428,1.527746,-0.492441,-0.299384
2023-04-14,1.065509,1.294711,1.538249,-0.487942,-0.295421
2023-04-17,1.070190,1.312866,1.556351,-0.485692,-0.285541
2023-04-18,1.070190,1.316869,1.552565,-0.485692,-0.283362
2023-04-19,1.067849,1.305013,1.543310,-0.486817,-0.289814
2023-04-20,1.067849,1.301362,1.543328,-0.486817,-0.291801
2023-04-21,1.063168,1.275908,1.524408,-0.489067,-0.305654
2023-04-24,1.060827,1.260110,1.517781,-0.490192,-0.314251
2023-04-25,1.060827,1.253791,1.512808,-0.490192,-0.317689
2023-04-26,1.058486,1.252703,1.516758,-0.491316,-0.318282
2023-04-27,1.059657,1.261939,1.512526,-0.490754,-0.313255
2023-04-28,1.080724,1.274807,1.531003,-0.480630,-0.306253
2023-05-04,1.074872,1.275174,1.526838,-0.483442,-0.306053
2023-05-05,1.067061,1.270943,1.535359,-0.487196,-0.308355
2023-05-08,1.078689,1.285428,1.544189,-0.481608,-0.300472
2023-05-09,1.072428,1.274424,1.536988,-0.484616,-0.306461
2023-05-10,1.076006,1.264612,1.531800,-0.482897,-0.311801
2023-05-11,1.072428,1.262647,1.533135,-0.484616,-0.312870
2023-05-12,1.067061,1.245910,1.546998,-0.487196,-0.321978
2023-05-15,1.068850,1.265251,1.560151,-0.486336,-0.311453
2023-05-16,1.063484,1.258708,1.563910,-0.488915,-0.315013
2023-05-17,1.067956,1.253000,1.576591,-0.486766,-0.318120
2023-05-18,1.082267,1.251703,1.601874,-0.479888,-0.318826
2023-05-19,1.094789,1.248055,1.626803,-0.473870,-0.320811
2023-05-22,1.097472,1.255898,1.608825,-0.472581,-0.316542
2023-05-23,1.093894,1.238136,1.579317,-0.474300,-0.326209
2023-05-24,1.077795,1.221018,1.559727,-0.482037,-0.335524
2023-05-25,1.069745,1.218301,1.549984,-0.485906,-0.337003
2023-05-26,1.064378,1.218443,1.543901,-0.488485,-0.336926
2023-05-29,1.092106,1.213061,1.555581,-0.475160,-0.339855
2023-05-30,1.074217,1.214267,1.560444,-0.483757,-0.339199
2023-05-31,1.058117,1.201860,1.536077,-0.491494,-0.345950
2023-06-01,1.059906,1.204496,1.549805,-0.490634,-0.344516
2023-06-02,1.068386,1.221885,1.584459,-0.486559,-0.335052
2023-06-05,1.073506,1.216323,1.599785,-0.484098,-0.338079
2023-06-06,1.074530,1.204904,1.601136,-0.483606,-0.344293
2023-06-07,1.077602,1.198950,1.605925,-0.482130,-0.347534
2023-06-08,1.055075,1.208711,1.595349,-0.492956,-0.342222
2023-06-09,1.072482,1.213934,1.616912,-0.484590,-0.339379
2023-06-12,1.084770,1.216380,1.625186,-0.478685,-0.338048
2023-06-13,1.111392,1.222860,1.655454,-0.465891,-0.334522
2023-06-14,1.112416,1.222578,1.655450,-0.465399,-0.334675
2023-06-15,1.117536,1.242031,1.668614,-0.462939,-0.324089
2023-06-16,1.126751,1.254006,1.684476,-0.458510,-0.317572
2023-06-19,1.122656,1.243742,1.665767,-0.460478,-0.323158
2023-06-20,1.121632,1.241632,1.657994,-0.460970,-0.324306
2023-06-21,1.126751,1.222582,1.649720,-0.458510,-0.334674
2023-06-26,1.117536,1.205391,1.618534,-0.462939,-0.344028
2023-06-27,1.102177,1.216696,1.624828,-0.470320,-0.337876
2023-06-28,1.116512,1.215232,1.639618,-0.463431,-0.338673
2023-06-29,1.125727,1.209233,1.628053,-0.459002,-0.341938
2023-06-30,1.126751,1.215754,1.629206,-0.458510,-0.338389
2023-07-03,1.145182,1.231710,1.661564,-0.449652,-0.329706
2023-07-04,1.139031,1.233649,1.652332,-0.452608,-0.328650
2023-07-05,1.136983,1.224094,1.641132,-0.453593,-0.333850
2023-07-06,1.138007,1.215849,1.623712,-0.453101,-0.338338
2023-07-07,1.132888,1.210454,1.613115,-0.455561,-0.341273
2023-07-10,1.121624,1.216348,1.614421,-0.460974,-0.338066
2023-07-11,1.127768,1.224309,1.627900,-0.458021,-0.333733
2023-07-12,1.128792,1.216067,1.632025,-0.457529,-0.338219
2023-07-13,1.145175,1.233463,1.671085,-0.449656,-0.328752
2023-07-14,1.153367,1.233678,1.667200,-0.445719,-0.328635
2023-07-17,1.159510,1.223575,1.660730,-0.442767,-0.334133
2023-07-18,1.169750,1.219705,1.661536,-0.437846,-0.336239
2023-07-19,1.191252,1.218418,1.680280,-0.427512,-0.336939
2023-07-20,1.174869,1.209818,1.655894,-0.435386,-0.341619
2023-07-21,1.155414,1.209255,1.651871,-0.444735,-0.341926
2023-07-24,1.159510,1.203974,1.643975,-0.442767,-0.344800
2023-07-25,1.155414,1.238746,1.676579,-0.444735,-0.325877
2023-07-26,1.158486,1.236180,1.678383,-0.443259,-0.327273
2023-07-27,1.168726,1.234706,1.692225,-0.438338,-0.328075
2023-07-28,1.161558,1.263305,1.715538,-0.441783,-0.312512
2023-07-31,1.176917,1.270231,1.732785,-0.434401,-0.308743
2023-08-01,1.181013,1.264970,1.727235,-0.432433,-0.311606
2023-08-02,1.164587,1.256079,1.694297,-0.440327,-0.316444
2023-08-03,1.145133,1.267178,1.692090,-0.449676,-0.310404
2023-08-04,1.155372,1.272114,1.699536,-0.444756,-0.307718
2023-08-07,1.145133,1.262486,1.698756,-0.449676,-0.312958
2023-08-08,1.147181,1.259189,1.687398,-0.448692,-0.314752
2023-08-09,1.146157,1.255342,1.684114,-0.449184,-0.316846
2023-08-10,1.135918,1.257920,1.687107,-0.454105,-0.315442
2023-08-11,1.136942,1.228979,1.675610,-0.453613,-0.331192
2023-08-14,1.129774,1.220012,1.657226,-0.457057,-0.336072
2023-08-15,1.151276,1.217048,1.669414,-0.446724,-0.337685
2023-08-16,1.138990,1.208122,1.647427,-0.452629,-0.342542
2023-08-17,1.130798,1.212162,1.649420,-0.456565,-0.340344
2023-08-18,1.109296,1.197260,1.620212,-0.466898,-0.348453
2023-08-21,1.112368,1.180035,1.608330,-0.465422,-0.357827
2023-08-22,1.130798,1.189106,1.623465,-0.456565,-0.352891
2023-08-23,1.130798,1.169616,1.623625,-0.456565,-0.363497
2023-08-24,1.161515,1.178096,1.655968,-0.441803,-0.358883
2023-08-25,1.117488,1.173577,1.619237,-0.462962,-0.361341
2023-08-28,1.131822,1.187331,1.643867,-0.456073,-0.353857
2023-08-29,1.137966,1.199193,1.659209,-0.453121,-0.347401
2023-08-30,1.162539,1.198687,1.663339,-0.441311,-0.347677
2023-08-31,1.167659,1.191334,1.662679,-0.438851,-0.351678
2023-09-01,1.166635,1.199630,1.665322,-0.439343,-0.347164
2023-09-04,1.169705,1.217810,1.680802,-0.437867,-0.337270
2023-09-05,1.168681,1.208752,1.670480,-0.438360,-0.342200
2023-09-06,1.170729,1.206129,1.670197,-0.437375,-0.343627
2023-09-07,1.161514,1.189182,1.651883,-0.441804,-0.352849
2023-09-08,1.168681,1.183335,1.647918,-0.438360,-0.356031
2023-09-11,1.161514,1.192052,1.646485,-0.441804,-0.351288
2023-09-12,1.168681,1.189856,1.651842,-0.438360,-0.352483
2023-09-13,1.155370,1.182278,1.636977,-0.444756,-0.356606
2023-09-14,1.163561,1.181285,1.647885,-0.440820,-0.357147
2023-09-15,1.169705,1.173460,1.654666,-0.437867,-0.361405
2023-09-18,1.151275,1.179450,1.638181,-0.446725,-0.358146
2023-09-19,1.150251,1.177169,1.632684,-0.447217,-0.359387
2023-09-20,1.151275,1.172483,1.624343,-0.446725,-0.361937
2023-09-21,1.129773,1.161962,1.598660,-0.457058,-0.367662
2023-09-22,1.118510,1.183000,1.613964,-0.462471,-0.356214
2023-09-25,1.120558,1.175302,1.605200,-0.461486,-0.360403
2023-09-26,1.111342,1.168433,1.586829,-0.465915,-0.364141
2023-09-27,1.107247,1.170841,1.587041,-0.467883,-0.362831
2023-09-28,1.106223,1.167366,1.573708,-0.468375,-0.364721
2023-10-09,1.122605,1.165851,1.568565,-0.460502,-0.365546
2023-10-10,1.134212,1.157118,1.588160,-0.454924,-0.370298
2023-10-11,1.147556,1.160415,1.604441,-0.448512,-0.368504
2023-10-12,1.157564,1.171435,1.627830,-0.443702,-0.362507
2023-10-13,1.125316,1.159105,1.596742,-0.459199,-0.369217
2023-10-16,1.114197,1.147459,1.577424,-0.464543,-0.375555
2023-10-17,1.117533,1.151508,1.589469,-0.462940,-0.373351
2023-10-18,1.111973,1.142390,1.580843,-0.465612,-0.378314
2023-10-19,1.096405,1.118014,1.552746,-0.473094,-0.391579
2023-10-20,1.086397,1.110753,1.544054,-0.477903,-0.395530
2023-10-23,1.077502,1.099252,1.527466,-0.482178,-0.401789
2023-10-24,1.077502,1.103330,1.537365,-0.482178,-0.399570
2023-10-25,1.087509,1.108813,1.541590,-0.477369,-0.396586
2023-10-26,1.086397,1.111876,1.520563,-0.477903,-0.394919
2023-10-27,1.105301,1.127142,1.541460,-0.468818,-0.386611
2023-10-30,1.106413,1.133907,1.540168,-0.468284,-0.382930
2023-10-31,1.090845,1.130344,1.531678,-0.475766,-0.384869
2023-11-01,1.085285,1.129876,1.541677,-0.478437,-0.385124
2023-11-02,1.095754,1.124548,1.555989,-0.473406,-0.388023
2023-11-03,1.103786,1.134024,1.585055,-0.469546,-0.382866
2023-11-06,1.115834,1.149360,1.614075,-0.463756,-0.374520
2023-11-07,1.114830,1.145294,1.596426,-0.464239,-0.376733
2023-11-08,1.124870,1.142545,1.590710,-0.459414,-0.378229
2023-11-09,1.131898,1.143102,1.602745,-0.456037,-0.377926
2023-11-10,1.120854,1.134768,1.583985,-0.461344,-0.382462
2023-11-13,1.144950,1.132528,1.594315,-0.449764,-0.383681
2023-11-14,1.148966,1.133366,1.602443,-0.447834,-0.383224
2023-11-15,1.169046,1.141336,1.635846,-0.438184,-0.378887
2023-11-16,1.164026,1.130297,1.631251,-0.440597,-0.384895
2023-11-17,1.166034,1.128940,1.623224,-0.439632,-0.385633
2023-11-20,1.149970,1.131550,1.620153,-0.447352,-0.384213
2023-11-21,1.163022,1.133053,1.622110,-0.441079,-0.383395
2023-11-22,1.154990,1.121457,1.613400,-0.444939,-0.389705
2023-11-23,1.161014,1.126867,1.625152,-0.442044,-0.386761
2023-11-24,1.162018,1.119429,1.619154,-0.441562,-0.390809
2023-11-27,1.155994,1.111180,1.614959,-0.444457,-0.395298
2023-11-28,1.159006,1.113262,1.610002,-0.443009,-0.394165
2023-11-29,1.159006,1.103703,1.593232,-0.443009,-0.399367
2023-11-30,1.158002,1.106200,1.601781,-0.443492,-0.398008
2023-12-01,1.152982,1.101985,1.597059,-0.445904,-0.400302
2023-12-04,1.149407,1.094790,1.585577,-0.447622,-0.404217
2023-12-05,1.141105,1.073946,1.556082,-0.451612,-0.415561
2023-12-06,1.157710,1.075636,1.582776,-0.443632,-0.414641
2023-12-07,1.154942,1.073003,1.566956,-0.444962,-0.416074
2023-12-08,1.161400,1.075591,1.570093,-0.441859,-0.414665
2023-12-11,1.176159,1.081916,1.575957,-0.434766,-0.411223
2023-12-12,1.173392,1.084242,1.586056,-0.436096,-0.409958
2023-12-13,1.175237,1.066147,1.580987,-0.435209,-0.419805
2023-12-14,1.191841,1.060562,1.593235,-0.427229,-0.422844
2023-12-15,1.181694,1.057269,1.603565,-0.432106,-0.424637
2023-12-18,1.175237,1.053415,1.597816,-0.435209,-0.426734
2023-12-19,1.175237,1.054892,1.603001,-0.435209,-0.425930
2023-12-20,1.184462,1.043331,1.616773,-0.430776,-0.432221
2023-12-21,1.172469,1.053889,1.602885,-0.436539,-0.426475
2023-12-22,1.178004,1.055902,1.573938,-0.433879,-0.425380
2023-12-25,1.187229,1.059135,1.587486,-0.429446,-0.423621
2023-12-26,1.190919,1.051966,1.593210,-0.427673,-0.427522
2023-12-27,1.193686,1.055626,1.601467,-0.426343,-0.425530
2023-12-28,1.192764,1.080363,1.616202,-0.426786,-0.412069
2023-12-29,1.182617,1.085605,1.609038,-0.431662,-0.409216
2024-01-02,1.189074,1.071443,1.605803,-0.428559,-0.416923
2024-01-03,1.175211,1.068896,1.591050,-0.435221,-0.418309
2024-01-04,1.163219,1.059009,1.593132,-0.440985,-0.423690
2024-01-05,1.160451,1.053332,1.578431,-0.442314,-0.426778
2024-01-08,1.165986,1.039711,1.567046,-0.439655,-0.434191
2024-01-09,1.189970,1.041749,1.589380,-0.428129,-0.433082
2024-01-10,1.177978,1.036886,1.588820,-0.433892,-0.435729
2024-01-11,1.189970,1.042752,1.620982,-0.428129,-0.432536
2024-01-12,1.177056,1.039113,1.613274,-0.434335,-0.434516
2024-01-15,1.191815,1.038085,1.623276,-0.427242,-0.435076
2024-01-16,1.166909,1.044400,1.592083,-0.439211,-0.431639
2024-01-17,1.153994,1.021683,1.555179,-0.445418,-0.444002
2024-01-18,1.161374,1.036127,1.564329,-0.441871,-0.436142
2024-01-19,1.172443,1.034560,1.562522,-0.436551,-0.436994
2024-01-22,1.198272,1.018462,1.580657,-0.424139,-0.445755
2024-01-23,1.211187,1.022585,1.619679,-0.417932,-0.443511
2024-01-24,1.201962,1.036880,1.614850,-0.422365,-0.435732
2024-01-25,1.204729,1.057702,1.608479,-0.421036,-0.424401
2024-01-26,1.189048,1.054823,1.587065,-0.428572,-0.425968
2024-01-29,1.199195,1.045375,1.603245,-0.423695,-0.431109
2024-01-30,1.212109,1.026733,1.607160,-0.417489,-0.441254
2024-01-31,1.192737,1.017339,1.564949,-0.426799,-0.446366
2024-02-01,1.177056,1.018085,1.567627,-0.434335,-0.445960
2024-02-02,1.189078,1.006037,1.580518,-0.428557,-0.452517
2024-02-05,1.189078,1.012615,1.582235,-0.428557,-0.448937
2024-02-06,1.189078,1.047821,1.606600,-0.428557,-0.429778
2024-02-07,1.189078,1.057927,1.591420,-0.428557,-0.424278
2024-02-08,1.189078,1.064666,1.604856,-0.428557,-0.420611
2024-02-19,1.189078,1.076968,1.631352,-0.428557,-0.413916
2024-02-20,1.189078,1.079195,1.633324,-0.428557,-0.412704
2024-02-21,1.189078,1.093756,1.649181,-0.428557,-0.404780
2024-02-22,1.189078,1.103185,1.671618,-0.428557,-0.399649
2024-02-23,1.189078,1.104156,1.689353,-0.428557,-0.399120
2024-02-26,1.189078,1.092645,1.682779,-0.428557,-0.405385
2024-02-27,1.189078,1.105754,1.684761,-0.428557,-0.398251
2024-02-28,1.189078,1.091664,1.683132,-0.428557,-0.405918
2024-02-29,1.189078,1.112490,1.684499,-0.428557,-0.394585
2024-03-01,1.189078,1.119362,1.697855,-0.428557,-0.390845
2024-03-04,1.191532,1.120333,1.701964,-0.427378,-0.390317
2024-03-05,1.188186,1.128130,1.678330,-0.428986,-0.386074
2024-03-06,1.182832,1.123554,1.690899,-0.431559,-0.388564
2024-03-07,1.179486,1.116806,1.674261,-0.433167,-0.392237
2024-03-08,1.195547,1.121612,1.696485,-0.425448,-0.389621
2024-03-11,1.191532,1.135644,1.693636,-0.427378,-0.381985
2024-03-12,1.187517,1.138248,1.721641,-0.429308,-0.380568
2024-03-13,1.184170,1.130297,1.723324,-0.430916,-0.384895
2024-03-14,1.184840,1.127089,1.715641,-0.430594,-0.386641
2024-03-15,1.178817,1.129547,1.693376,-0.433488,-0.385303
2024-03-18,1.182832,1.140159,1.715657,-0.431559,-0.379528
2024-03-19,1.178148,1.131964,1.699983,-0.433810,-0.383987
2024-03-20,1.188855,1.134416,1.708047,-0.428664,-0.382653
2024-03-21,1.212612,1.133059,1.735597,-0.417247,-0.383391
2024-03-22,1.219973,1.121640,1.717375,-0.413710,-0.389606
2024-03-25,1.211943,1.115553,1.699384,-0.417569,-0.392918
2024-03-26,1.216627,1.121245,1.713396,-0.415318,-0.389821
2024-03-27,1.224658,1.108285,1.714177,-0.411458,-0.396873
2024-03-28,1.240719,1.114034,1.723089,-0.403740,-0.393745
2024-03-29,1.232688,1.119261,1.725961,-0.407599,-0.390900
2024-04-01,1.228004,1.137666,1.734584,-0.409850,-0.380884
2024-04-02,1.223316,1.132929,1.728824,-0.412103,-0.383462
2024-04-03,1.196882,1.128854,1.704109,-0.424807,-0.385680
2024-04-08,1.199893,1.118922,1.698223,-0.423360,-0.391085
2024-04-09,1.203909,1.117998,1.708186,-0.421430,-0.391587
2024-04-10,1.201901,1.108892,1.716150,-0.422395,-0.396543
2024-04-11,1.187513,1.108744,1.704717,-0.429309,-0.396624
2024-04-12,1.196882,1.099758,1.697025,-0.424807,-0.401514
2024-04-15,1.184167,1.122931,1.679884,-0.430917,-0.388903
2024-04-16,1.156060,1.110917,1.627485,-0.444425,-0.395441
2024-04-17,1.151710,1.128095,1.623578,-0.446515,-0.386093
2024-04-18,1.149033,1.129487,1.632652,-0.447802,-0.385335
2024-04-19,1.134980,1.120583,1.602150,-0.454555,-0.390181
2024-04-22,1.139664,1.117179,1.621575,-0.452304,-0.392033
2024-04-23,1.147695,1.109370,1.643780,-0.448445,-0.396283
2024-04-24,1.172790,1.114243,1.690893,-0.436385,-0.393631
2024-04-25,1.154722,1.116983,1.671996,-0.445068,-0.392140
2024-04-26,1.159406,1.134065,1.709050,-0.442817,-0.382844
2024-04-29,1.164760,1.146607,1.717402,-0.440244,-0.376018
2024-04-30,1.167437,1.140431,1.712386,-0.438958,-0.379380
2024-05-06,1.168106,1.157356,1.765884,-0.438636,-0.370169
2024-05-07,1.160949,1.157713,1.759293,-0.442075,-0.369975
2024-05-08,1.148935,1.148604,1.740526,-0.447849,-0.374932
2024-05-09,1.167502,1.159469,1.749289,-0.438926,-0.369019
2024-05-10,1.175147,1.160013,1.769128,-0.435252,-0.368723
2024-05-13,1.200266,1.159510,1.782885,-0.423181,-0.368997
2024-05-14,1.216648,1.157093,1.789200,-0.415308,-0.370312
2024-05-15,1.218832,1.147288,1.790673,-0.414258,-0.375648
2024-05-16,1.226477,1.151812,1.816417,-0.410584,-0.373186
2024-05-17,1.253781,1.163712,1.822696,-0.397462,-0.366710
2024-05-20,1.254873,1.167822,1.830837,-0.396938,-0.364473
2024-05-21,1.221017,1.163139,1.801766,-0.413208,-0.367022
2024-05-22,1.222109,1.165762,1.799598,-0.412683,-0.365594
2024-05-23,1.196990,1.152265,1.790854,-0.424755,-0.372940
2024-05-24,1.177331,1.139511,1.754745,-0.434203,-0.379881
2024-05-27,1.195897,1.150341,1.778219,-0.425280,-0.373987
2024-05-28,1.198082,1.141944,1.776825,-0.424230,-0.378556
2024-05-29,1.159857,1.143320,1.753858,-0.442600,-0.377807
2024-05-30,1.148935,1.137242,1.728718,-0.447849,-0.381115
2024-05-31,1.144567,1.132689,1.732253,-0.449948,-0.383593
2024-06-03,1.165317,1.135483,1.748953,-0.439976,-0.382072
2024-06-04,1.158943,1.144000,1.754067,-0.443039,-0.377437
2024-06-05,1.164662,1.137394,1.751655,-0.440291,-0.381032
2024-06-06,1.180864,1.136590,1.761858,-0.432505,-0.381470
2024-06-07,1.186583,1.130851,1.756960,-0.429756,-0.384593
2024-06-11,1.191030,1.120969,1.752920,-0.427619,-0.389971
2024-06-12,1.192936,1.121362,1.744642,-0.426703,-0.389757
2024-06-13,1.203738,1.115670,1.751738,-0.421512,-0.392855
2024-06-14,1.199926,1.120542,1.749275,-0.423344,-0.390203
2024-06-17,1.193572,1.118856,1.737346,-0.426398,-0.391121
2024-06-18,1.199290,1.121827,1.744405,-0.423649,-0.389504
2024-06-19,1.200561,1.116499,1.763307,-0.423039,-0.392404
2024-06-20,1.211363,1.108440,1.759777,-0.417848,-0.396789
2024-06-21,1.206915,1.106016,1.742861,-0.419985,-0.398108
2024-06-24,1.204373,1.100065,1.725337,-0.421207,-0.401347
2024-06-25,1.202467,1.094082,1.736007,-0.422123,-0.404603
2024-06-26,1.218987,1.101156,1.759505,-0.414184,-0.400753
2024-06-27,1.228200,1.092886,1.737422,-0.409756,-0.405254
2024-06-28,1.242814,1.095271,1.740728,-0.402733,-0.403955
2024-07-01,1.240273,1.100498,1.743486,-0.403954,-0.401111
2024-07-02,1.236805,1.098477,1.742748,-0.405621,-0.402211
2024-07-03,1.259451,1.095825,1.774892,-0.394737,-0.403654
2024-07-04,1.267000,1.090256,1.791547,-0.391110,-0.406685
2024-07-05,1.282936,1.085590,1.784577,-0.383451,-0.409224
2024-07-08,1.302227,1.076319,1.776576,-0.374180,-0.414269
2024-07-09,1.315647,1.088358,1.801584,-0.367731,-0.407718
2024-07-10,1.298872,1.084928,1.801744,-0.375793,-0.409584
2024-07-11,1.304743,1.097331,1.820076,-0.372971,-0.402835
2024-07-12,1.251903,1.098670,1.808072,-0.398365,-0.402106
2024-07-15,1.291323,1.099888,1.813669,-0.379420,-0.401443
2024-07-16,1.288807,1.106858,1.808379,-0.380630,-0.397650
2024-07-17,1.277065,1.107902,1.806036,-0.386273,-0.397082
2024-07-18,1.254419,1.114024,1.792740,-0.397156,-0.393750
2024-07-19,1.234289,1.119748,1.763744,-0.406830,-0.390635
2024-07-22,1.227579,1.112123,1.765643,-0.410054,-0.394785
2024-07-23,1.239322,1.088380,1.761400,-0.404411,-0.407706
2024-07-24,1.214998,1.081511,1.741971,-0.416101,-0.411444
2024-07-25,1.180610,1.075531,1.702667,-0.432627,-0.414698
2024-07-26,1.182287,1.078701,1.711597,-0.431821,-0.412973
2024-07-29,1.205772,1.072832,1.743622,-0.420534,-0.416167
2024-07-30,1.191513,1.066074,1.722994,-0.427387,-0.419845
2024-07-31,1.199062,1.089076,1.755075,-0.423759,-0.407327
2024-08-01,1.227579,1.081859,1.749073,-0.410054,-0.411254
2024-08-02,1.171940,1.070823,1.686938,-0.436794,-0.417260
2024-08-05,1.094119,1.057829,1.601513,-0.474192,-0.424332
2024-08-06,1.105854,1.057721,1.635583,-0.468553,-0.424390
2024-08-07,1.109868,1.057250,1.654886,-0.466623,-0.424647
2024-08-08,1.102766,1.057708,1.653602,-0.470037,-0.424397
2024-08-09,1.124691,1.054130,1.668978,-0.459500,-0.426345
2024-08-12,1.140132,1.052304,1.676767,-0.452079,-0.427338
2024-08-13,1.156499,1.055003,1.692879,-0.444214,-0.425869
2024-08-14,1.178116,1.047046,1.694174,-0.433825,-0.430200
2024-08-15,1.193865,1.057395,1.703135,-0.426257,-0.424568
2024-08-16,1.210541,1.058559,1.744097,-0.418243,-0.423934
2024-08-19,1.190159,1.062147,1.738071,-0.428037,-0.421981
2024-08-20,1.204982,1.054468,1.747914,-0.420914,-0.426160
2024-08-21,1.205600,1.050969,1.737962,-0.420617,-0.428065
2024-08-22,1.208071,1.048280,1.752166,-0.419430,-0.429528
2024-08-23,1.203747,1.052725,1.746800,-0.421508,-0.427109
2024-08-26,1.212394,1.051785,1.754212,-0.417352,-0.427620
2024-08-27,1.212394,1.045808,1.745936,-0.417352,-0.430873
2024-08-28,1.224129,1.039851,1.744252,-0.411713,-0.434115
2024-08-29,1.209923,1.037060,1.738107,-0.418539,-0.435634
2024-08-30,1.212394,1.050903,1.761215,-0.417352,-0.428101
2024-09-02,1.225364,1.033051,1.744228,-0.411119,-0.437816
2024-09-03,1.224748,1.035715,1.750515,-0.411415,-0.436366
2024-09-04,1.176265,1.028985,1.706102,-0.434715,-0.440028
2024-09-05,1.182441,1.030757,1.708473,-0.431747,-0.439064
2024-09-06,1.176265,1.022401,1.703807,-0.434715,-0.443611
2024-09-09,1.167618,1.010251,1.695359,-0.438870,-0.450223
2024-09-10,1.161442,1.011140,1.697503,-0.441839,-0.449739
2024-09-11,1.163912,1.008094,1.692749,-0.440651,-0.451397
2024-09-12,1.183676,1.003771,1.721836,-0.431153,-0.453749
2024-09-13,1.189544,0.999589,1.723704,-0.428333,-0.456026
2024-09-18,1.188308,1.003310,1.726235,-0.428927,-0.454001
2024-09-19,1.204367,1.011229,1.759808,-0.421210,-0.449691
2024-09-20,1.207455,1.012814,1.768441,-0.419726,-0.448828
2024-09-23,1.209925,1.016519,1.773215,-0.418539,-0.446812
2024-09-24,1.201279,1.060546,1.806950,-0.422694,-0.422853
2024-09-25,1.192014,1.076246,1.806880,-0.427146,-0.414309
2024-09-26,1.193867,1.121741,1.866878,-0.426256,-0.389550
2024-09-27,1.176265,1.171847,1.911392,-0.434715,-0.362283
2024-09-30,1.169471,1.271250,1.981113,-0.437980,-0.308188
2024-10-08,1.160207,1.346633,1.992653,-0.442432,-0.267165
2024-10-09,1.096627,1.251675,1.964105,-0.472987,-0.318841
2024-10-10,1.131315,1.264903,1.995435,-0.456317,-0.311642
2024-10-11,1.103722,1.229903,1.977246,-0.469577,-0.330689
2024-10-14,1.091108,1.253370,1.994456,-0.475639,-0.317918
2024-10-15,1.045383,1.220038,1.971555,-0.497614,-0.336058
2024-10-16,1.063515,1.212317,1.960439,-0.488900,-0.340259
2024-10-17,1.060362,1.198595,1.956026,-0.490415,-0.347727
2024-10-18,1.151813,1.241945,1.987918,-0.446466,-0.324136
2024-10-21,1.137622,1.245100,1.974013,-0.453286,-0.322419
2024-10-22,1.144718,1.252244,1.965469,-0.449876,-0.318531
2024-10-23,1.154966,1.257126,1.970981,-0.444950,-0.315874
2024-10-24,1.138411,1.243084,1.948563,-0.452907,-0.323516
2024-10-25,1.142352,1.251814,1.953154,-0.451012,-0.318765
2024-10-28,1.154966,1.254263,1.972465,-0.444950,-0.317433
2024-10-29,1.152601,1.241762,1.981609,-0.446087,-0.324236
2024-10-30,1.136834,1.230624,1.971994,-0.453665,-0.330297
2024-10-31,1.151813,1.231127,1.957914,-0.446466,-0.330023
2024-11-01,1.157332,1.230805,1.944152,-0.443814,-0.330198
2024-11-04,1.205891,1.248125,1.961369,-0.420477,-0.320773
2024-11-05,1.269732,1.279704,1.984522,-0.389797,-0.303587
2024-11-06,1.268944,1.273285,2.002764,-0.390175,-0.307081
2024-11-07,1.369041,1.311702,2.034355,-0.342071,-0.286174
2024-11-08,1.328057,1.298524,2.036332,-0.361767,-0.293346
2024-11-11,1.311505,1.307092,2.028069,-0.369722,-0.288683
2024-11-12,1.264215,1.292731,2.002557,-0.392448,-0.296498
2024-11-13,1.265003,1.300688,1.978637,-0.392069,-0.292168
2024-11-14,1.240570,1.278138,1.959140,-0.403811,-0.304440
2024-11-15,1.196433,1.255740,1.950313,-0.425023,-0.316629
2024-11-18,1.199586,1.249903,1.954636,-0.423507,-0.319805
2024-11-19,1.214561,1.258290,1.966240,-0.416311,-0.315241
2024-11-20,1.224019,1.261100,1.971452,-0.411765,-0.313712
2024-11-21,1.226383,1.262217,1.960915,-0.410629,-0.313104
2024-11-22,1.153084,1.223110,1.936123,-0.445855,-0.334386
2024-11-25,1.149143,1.217538,1.947674,-0.447749,-0.337418
2024-11-26,1.144414,1.215035,1.947415,-0.450022,-0.338780
2024-11-27,1.167271,1.236190,1.966587,-0.439037,-0.327268
2024-11-28,1.161754,1.225277,1.964562,-0.441689,-0.333206
2024-11-29,1.193280,1.239208,1.971762,-0.426538,-0.325625
2024-12-02,1.212985,1.249033,1.993970,-0.417068,-0.320279
2024-12-03,1.221645,1.250380,2.020246,-0.412906,-0.319545
2024-12-04,1.214552,1.243632,2.018436,-0.416315,-0.323218
2024-12-05,1.220069,1.240794,2.020206,-0.413664,-0.324763
2024-12-06,1.246078,1.257104,2.032260,-0.401164,-0.315886
2024-12-09,1.235044,1.255025,2.036320,-0.406467,-0.317018
2024-12-10,1.268147,1.264223,2.055177,-0.390559,-0.312012
2024-12-11,1.254748,1.262068,2.041973,-0.396998,-0.313185
2024-12-12,1.272875,1.274620,2.069709,-0.388286,-0.306354
2024-12-13,1.222433,1.244461,2.040639,-0.412527,-0.322767
2024-12-16,1.196424,1.237709,2.027789,-0.425027,-0.326441
2024-12-17,1.196424,1.240933,2.024079,-0.425027,-0.324687
2024-12-18,1.199577,1.247216,2.030181,-0.423512,-0.321267
2024-12-19,1.196424,1.248346,2.009401,-0.425027,-0.320653
2024-12-20,1.193271,1.242739,1.991187,-0.426542,-0.323704
2024-12-23,1.185390,1.244584,2.012902,-0.430330,-0.322700
2024-12-24,1.201153,1.260442,2.019460,-0.422754,-0.314070
2024-12-25,1.200365,1.261056,2.025446,-0.423133,-0.313736
2024-12-26,1.204306,1.261641,2.032079,-0.421239,-0.313417
2024-12-27,1.200365,1.259600,2.034902,-0.423133,-0.314528
2024-12-30,1.197212,1.265302,2.025828,-0.424648,-0.311425
2024-12-31,1.168050,1.245008,2.002593,-0.438663,-0.322469
2025-01-02,1.123125,1.208777,1.999873,-0.460252,-0.342186
2025-01-03,1.119676,1.194463,1.994680,-0.461910,-0.349976
2025-01-06,1.140734,1.192504,1.999556,-0.451790,-0.351041
2025-01-07,1.131635,1.201092,1.993950,-0.456163,-0.346368
2025-01-08,1.130075,1.198912,1.989418,-0.456913,-0.347555
2025-01-09,1.127995,1.195956,1.996724,-0.457912,-0.349163
2025-01-10,1.121236,1.180959,1.970931,-0.461160,-0.357324
2025-01-13,1.103559,1.177804,1.942968,-0.469656,-0.359041
2025-01-14,1.115517,1.208821,1.982502,-0.463909,-0.342162
2025-01-15,1.113437,1.201066,1.984813,-0.464908,-0.346382
2025-01-16,1.131635,1.202443,2.020674,-0.456163,-0.345633
2025-01-17,1.130595,1.206227,2.044777,-0.456663,-0.343574
2025-01-20,1.135534,1.211713,2.075635,-0.454289,-0.340588
2025-01-21,1.135014,1.212640,2.084625,-0.454539,-0.340084
2025-01-22,1.144373,1.201380,2.097818,-0.450041,-0.346212
2025-01-23,1.137614,1.203506,2.085505,-0.453290,-0.345055
2025-01-24,1.142294,1.212719,2.098625,-0.451041,-0.340040
2025-01-27,1.133195,1.207727,2.064232,-0.455413,-0.342758
2025-02-05,1.131115,1.200766,2.093327,-0.456413,-0.346546
2025-02-06,1.163474,1.215874,2.119700,-0.440862,-0.338324
2025-02-07,1.190376,1.231653,2.139173,-0.427934,-0.329737
2025-02-10,1.224002,1.234298,2.152884,-0.411774,-0.328298
2025-02-11,1.197101,1.228628,2.146396,-0.424702,-0.331383
2025-02-12,1.217277,1.240246,2.160989,-0.415006,-0.325060
2025-02-13,1.232409,1.235589,2.179491,-0.407734,-0.327595
2025-02-14,1.257628,1.246305,2.195277,-0.395613,-0.321763
2025-02-17,1.267716,1.248960,2.202372,-0.390765,-0.320318
2025-02-18,1.287892,1.238006,2.241024,-0.381069,-0.326280
2025-02-19,1.311431,1.246669,2.238320,-0.369757,-0.321565
2025-02-20,1.274442,1.243106,2.206369,-0.387533,-0.323504
2025-02-21,1.338332,1.258781,2.240542,-0.356829,-0.314974
2025-02-24,1.343376,1.256022,2.242697,-0.354405,-0.316475
2025-02-25,1.309749,1.242078,2.202238,-0.370565,-0.324063
2025-02-26,1.380365,1.252927,2.250297,-0.336629,-0.318159
2025-02-27,1.370277,1.255516,2.245381,-0.341477,-0.316751
2025-02-28,1.286211,1.230814,2.153814,-0.381877,-0.330193
2025-03-03,1.276123,1.230314,2.174284,-0.386725,-0.330465
2025-03-04,1.255005,1.229286,2.173129,-0.396874,-0.331025
2025-03-05,1.255005,1.234776,2.194830,-0.396874,-0.328038
2025-03-06,1.255005,1.251757,2.255343,-0.396874,-0.318796
2025-03-07,1.255005,1.247887,2.232752,-0.396874,-0.320902
2025-03-10,1.255005,1.243075,2.222296,-0.396874,-0.323521
2025-03-11,1.255005,1.247068,2.191122,-0.396874,-0.321348
2025-03-12,1.255005,1.242578,2.181804,-0.396874,-0.323791
2025-03-13,1.255005,1.237626,2.170499,-0.396874,-0.326486
2025-03-14,1.255005,1.267678,2.209748,-0.396874,-0.310132
2025-03-17,1.255005,1.264587,2.216122,-0.396874,-0.311814
2025-03-18,1.255005,1.268045,2.250725,-0.396874,-0.309932
2025-03-19,1.255005,1.268820,2.252988,-0.396874,-0.309510
2025-03-20,1.255005,1.257689,2.238931,-0.396874,-0.315568
2025-03-21,1.255005,1.238614,2.200628,-0.396874,-0.325949
2025-03-24,1.255005,1.244989,2.211882,-0.396874,-0.322479
2025-03-25,1.255005,1.244182,2.194192,-0.396874,-0.322918
2025-03-26,1.255005,1.240088,2.201409,-0.396874,-0.325147
2025-03-27,1.255005,1.244217,2.193016,-0.396874,-0.322900
2025-03-28,1.255005,1.238762,2.169303,-0.396874,-0.325868
2025-03-31,1.255005,1.229947,2.115833,-0.396874,-0.330665
2025-04-01,1.255005,1.230064,2.133362,-0.396874,-0.330601
2025-04-02,1.255005,1.229023,2.139932,-0.396874,-0.331168
2025-04-03,1.255005,1.221781,2.101402,-0.396874,-0.335109
2025-04-07,1.255005,1.135701,1.892614,-0.396874,-0.381954
2025-04-08,1.255005,1.155103,1.912696,-0.396874,-0.371395
2025-04-09,1.255005,1.166503,1.902147,-0.396874,-0.365192
2025-04-10,1.255005,1.181794,2.008932,-0.396874,-0.356870
2025-04-11,1.255005,1.186667,2.005516,-0.396874,-0.354218
2025-04-14,1.255005,1.189394,2.037811,-0.396874,-0.352734
2025-04-15,1.255005,1.190056,2.039244,-0.396874,-0.352374
2025-04-16,1.255005,1.193723,2.007401,-0.396874,-0.350378
2025-04-17,1.255005,1.193533,2.025054,-0.396874,-0.350482
2025-04-18,1.255005,1.193628,2.024430,-0.396874,-0.350430
2025-04-21,1.255005,1.197538,2.023485,-0.396874,-0.348302
2025-04-22,1.255005,1.197244,2.031784,-0.396874,-0.348462
2025-04-23,1.255005,1.198171,2.075484,-0.396874,-0.347958
2025-04-24,1.255005,1.197374,2.052305,-0.396874,-0.348391
2025-04-25,1.255005,1.198206,2.087107,-0.396874,-0.347939
2025-04-28,1.255005,1.196507,2.088516,-0.396874,-0.348863
2025-04-29,1.255005,1.194438,2.089915,-0.396874,-0.349989
2025-04-30,1.255005,1.193011,2.098273,-0.396874,-0.350766
2025-05-06,1.255005,1.205024,2.147507,-0.396874,-0.344228
2025-05-07,1.256790,1.212330,2.146601,-0.396016,-0.340252
2025-05-08,1.259516,1.219060,2.152139,-0.394706,-0.336590
2025-05-09,1.273148,1.216927,2.149205,-0.388155,-0.337750
2025-05-12,1.294957,1.230991,2.179155,-0.377674,-0.330097
2025-05-13,1.258153,1.232779,2.164954,-0.395361,-0.329124
2025-05-14,1.263606,1.247634,2.201753,-0.392741,-0.321040
2025-05-15,1.237707,1.236241,2.181171,-0.405187,-0.327240
2025-05-16,1.267013,1.230511,2.180092,-0.391103,-0.330359
2025-05-19,1.256790,1.226733,2.171534,-0.396016,-0.332414
2025-05-20,1.279282,1.233383,2.193395,-0.385208,-0.328795
2025-05-21,1.282689,1.239145,2.190593,-0.383570,-0.325660
2025-05-22,1.278600,1.238351,2.169808,-0.385535,-0.326092
2025-05-23,1.277918,1.228353,2.165973,-0.385863,-0.331533
2025-05-26,1.288142,1.221341,2.168725,-0.380950,-0.335348
2025-05-27,1.286097,1.214789,2.176762,-0.381932,-0.338914
2025-05-28,1.286779,1.213789,2.168442,-0.381605,-0.339459
2025-05-29,1.294957,1.220895,2.201191,-0.377674,-0.335591
2025-05-30,1.276555,1.215051,2.171465,-0.386518,-0.338771
2025-06-03,1.287460,1.218778,2.176856,-0.381277,-0.336743
2025-06-04,1.289504,1.224072,2.190700,-0.380295,-0.333863
2025-06-05,1.286096,1.226862,2.203482,-0.381932,-0.332344
2025-06-06,1.287459,1.225730,2.202419,-0.381277,-0.332960
2025-06-09,1.284052,1.229296,2.228025,-0.382915,-0.331020
2025-06-10,1.275191,1.223037,2.221777,-0.387173,-0.334426
2025-06-11,1.277236,1.232263,2.242922,-0.386190,-0.329405
2025-06-12,1.272465,1.231495,2.230423,-0.388483,-0.329823
2025-06-13,1.254063,1.222629,2.197687,-0.397327,-0.334648
2025-06-16,1.267694,1.225673,2.224937,-0.390776,-0.332991
2025-06-17,1.259516,1.224591,2.225611,-0.394707,-0.333580
2025-06-18,1.252700,1.226043,2.215640,-0.397982,-0.332790
2025-06-19,1.235661,1.215956,2.177822,-0.406170,-0.338279
2025-06-20,1.243840,1.217079,2.178188,-0.402240,-0.337668
2025-06-23,1.239751,1.220642,2.187359,-0.404205,-0.335729
2025-06-24,1.269057,1.235238,2.237595,-0.390121,-0.327786
2025-06-25,1.269057,1.252969,2.265721,-0.390121,-0.318137
2025-06-26,1.269739,1.248523,2.270311,-0.389793,-0.320556
2025-06-27,1.282007,1.240847,2.287489,-0.383898,-0.324733
2025-06-30,1.303817,1.245378,2.297564,-0.373416,-0.322268
2025-07-01,1.288823,1.247492,2.284473,-0.380622,-0.321117
2025-07-02,1.264000,1.247783,2.276562,-0.392551,-0.320959
2025-07-03,1.287614,1.255500,2.272556,-0.381203,-0.316759
2025-07-04,1.296642,1.259971,2.269964,-0.376864,-0.314326
2025-07-07,1.307060,1.254582,2.264529,-0.371858,-0.317259
2025-07-08,1.355675,1.265112,2.287330,-0.348495,-0.311528
2025-07-09,1.346647,1.262881,2.273329,-0.352833,-0.312742
2025-07-10,1.398735,1.268773,2.287684,-0.327801,-0.309536
2025-07-11,1.463324,1.270288,2.296809,-0.296761,-0.308712
2025-07-14,1.455684,1.271193,2.285191,-0.300433,-0.308219
2025-07-15,1.436238,1.271633,2.310712,-0.309778,-0.307980
2025-07-16,1.437627,1.267881,2.312812,-0.309111,-0.310022
2025-07-17,1.452906,1.276515,2.322347,-0.301768,-0.305323
2025-07-18,1.475130,1.284128,2.337417,-0.291087,-0.301180
2025-07-21,1.523746,1.292690,2.354802,-0.267724,-0.296521
2025-07-22,1.512633,1.303242,2.349121,-0.273064,-0.290778
2025-07-23,1.556387,1.303498,2.408351,-0.252037,-0.290639
2025-07-24,1.606392,1.312759,2.429680,-0.228006,-0.285599
2025-07-25,1.598752,1.305836,2.403157,-0.231677,-0.289367
2025-07-28,1.619587,1.308576,2.408120,-0.221665,-0.287875
2025-07-29,1.630699,1.313702,2.397823,-0.216324,-0.285086
2025-07-30,1.586946,1.313455,2.381538,-0.237351,-0.285220
2025-07-31,1.542497,1.289519,2.383023,-0.258712,-0.298246
2025-08-01,1.510550,1.282982,2.353063,-0.274065,-0.301803
2025-08-04,1.495802,1.287972,2.353085,-0.281153,-0.299088
2025-08-05,1.523170,1.298334,2.377882,-0.268000,-0.293449
2025-08-06,1.514048,1.301511,2.381555,-0.272385,-0.291720
2025-08-07,1.514048,1.301884,2.391145,-0.272385,-0.291517
2025-08-08,1.514048,1.298815,2.389608,-0.272385,-0.293187
2025-08-11,1.526679,1.304365,2.406710,-0.266314,-0.290167
2025-08-12,1.523170,1.311110,2.402243,-0.268000,-0.286496
2025-08-13,1.534749,1.321473,2.451026,-0.262436,-0.280857
2025-08-14,1.534048,1.320438,2.442590,-0.262773,-0.281420
2025-08-15,1.543872,1.329626,2.468619,-0.258051,-0.276420
2025-08-18,1.534048,1.341352,2.477826,-0.262773,-0.270039
2025-08-19,1.530188,1.336277,2.463820,-0.264628,-0.272801
2025-08-20,1.521767,1.351474,2.446939,-0.268675,-0.264531
2025-08-21,1.520363,1.356748,2.430555,-0.269349,-0.261660
2025-08-22,1.511240,1.385202,2.437335,-0.273734,-0.246176
2025-08-25,1.531942,1.414064,2.486917,-0.263785,-0.230469
2025-08-26,1.525977,1.408802,2.461587,-0.266651,-0.233333
2025-08-27,1.536153,1.387774,2.444351,-0.261761,-0.244776
2025-08-28,1.528083,1.412343,2.437810,-0.265640,-0.231406
2025-08-29,1.528784,1.422778,2.436642,-0.265302,-0.225727
2025-09-01,1.521767,1.431305,2.443823,-0.268675,-0.221087
2025-09-02,1.485279,1.420781,2.433414,-0.286210,-0.226814
2025-09-03,1.443839,1.411093,2.406808,-0.306125,-0.232086
2025-09-04,1.438577,1.381155,2.412453,-0.308654,-0.248378
2025-09-05,1.466861,1.411248,2.441753,-0.295061,-0.232002
2025-09-08,1.465546,1.413542,2.461905,-0.295693,-0.230753
2025-09-09,1.508960,1.403635,2.474756,-0.274830,-0.236144
2025-09-10,1.524089,1.406515,2.499182,-0.267559,-0.234577
2025-09-11,1.537902,1.439000,2.508604,-0.260921,-0.216899
2025-09-12,1.533956,1.430764,2.528976,-0.262817,-0.221381
2025-09-15,1.512906,1.434263,2.533061,-0.272933,-0.219477
2025-09-16,1.505671,1.431188,2.544443,-0.276410,-0.221150
2025-09-17,1.529351,1.439946,2.577615,-0.265030,-0.216384
2025-09-18,1.477386,1.423205,2.564167,-0.290003,-0.225495
2025-09-19,1.466861,1.424410,2.555319,-0.295061,-0.224839
2025-09-22,1.467519,1.430957,2.564967,-0.294745,-0.221276
2025-09-23,1.424105,1.430061,2.557340,-0.315609,-0.221763
2025-09-24,1.431341,1.444707,2.577598,-0.312131,-0.213793
2025-09-25,1.419501,1.453383,2.577623,-0.317821,-0.209072
2025-09-26,1.419501,1.439639,2.551789,-0.317821,-0.216551
2025-09-29,1.513564,1.461787,2.590562,-0.272617,-0.204498
2025-09-30,1.533956,1.468317,2.612799,-0.262817,-0.200945
2025-10-09,1.528693,1.490082,2.661330,-0.265346,-0.189100
2025-10-10,1.488790,1.460768,2.617180,-0.284523,-0.205053
2025-10-13,1.443782,1.453538,2.576078,-0.306152,-0.208987
2025-10-14,1.411130,1.436161,2.542374,-0.321844,-0.218444
2025-10-15,1.446430,1.457433,2.596892,-0.304880,-0.206868
2025-10-16,1.427015,1.461271,2.603400,-0.314210,-0.204779
2025-10-17,1.388184,1.428305,2.547263,-0.332871,-0.222719
2025-10-20,1.430545,1.435896,2.618961,-0.312514,-0.218588
2025-10-21,1.456138,1.457933,2.648768,-0.300215,-0.206596
2025-10-22,1.429662,1.453092,2.635822,-0.312938,-0.209230
2025-10-23,1.452608,1.457449,2.633130,-0.301911,-0.206859
2025-10-24,1.461433,1.474642,2.655528,-0.297670,-0.197503
2025-10-27,1.494968,1.492152,2.715986,-0.281554,-0.187974
2025-10-28,1.472023,1.484542,2.699346,-0.292581,-0.192115
2025-10-29,1.490555,1.502220,2.746976,-0.283674,-0.182495
2025-10-30,1.465845,1.490218,2.707590,-0.295549,-0.189026
2025-10-31,1.443782,1.468311,2.699850,-0.306152,-0.200948
2025-11-03,1.445547,1.472339,2.709249,-0.305304,-0.198756
2025-11-04,1.374151,1.461360,2.656874,-0.339615,-0.204731
2025-11-05,1.353428,1.464068,2.631575,-0.349574,-0.203257
2025-11-06,1.372722,1.484995,2.673557,-0.340302,-0.191869
2025-11-07,1.360574,1.480372,2.642496,-0.346140,-0.194384
2025-11-10,1.399162,1.485517,2.689073,-0.327596,-0.191585
2025-11-11,1.384870,1.471950,2.678973,-0.334464,-0.198968
2025-11-12,1.389872,1.469969,2.694370,-0.332060,-0.200046
2025-11-13,1.384155,1.487738,2.707041,-0.334808,-0.190376
2025-11-14,1.348426,1.464346,2.641176,-0.351978,-0.203106
2025-11-17,1.329132,1.454826,2.610684,-0.361250,-0.208287
2025-11-18,1.282684,1.445378,2.549339,-0.383572,-0.213428
2025-11-19,1.281969,1.451738,2.540562,-0.383916,-0.209967
2025-11-20,1.309838,1.444353,2.564863,-0.370523,-0.213986
2025-11-21,1.279826,1.409125,2.502334,-0.384946,-0.233157
2025-11-24,1.294117,1.407366,2.537236,-0.378078,-0.234114
2025-11-25,1.289115,1.420765,2.546756,-0.380482,-0.226822
2025-11-26,1.317699,1.429381,2.580615,-0.366745,-0.222134
2025-11-27,1.315555,1.428675,2.567897,-0.367775,-0.222518
2025-11-28,1.323415,1.432238,2.577163,-0.363998,-0.220579
2025-12-01,1.299834,1.448004,2.570342,-0.375330,-0.211999
2025-12-02,1.301984,1.440993,2.561140,-0.374297,-0.215814
2025-12-03,1.306517,1.433627,2.561937,-0.372119,-0.219823
2025-12-04,1.302250,1.438538,2.589341,-0.374169,-0.217151
2025-12-05,1.297184,1.450551,2.600079,-0.376604,-0.210613
2025-12-08,1.293451,1.462325,2.593932,-0.378398,-0.204206
2025-12-09,1.280653,1.454880,2.560101,-0.384548,-0.208257
2025-12-10,1.292918,1.452858,2.561899,-0.378654,-0.209358
2025-12-11,1.287052,1.440313,2.540283,-0.381473,-0.216185
2025-12-12,1.298251,1.449415,2.573704,-0.376091,-0.211231
2025-12-15,1.295051,1.440275,2.547869,-0.377629,-0.216205
2025-12-16,1.280653,1.423028,2.504599,-0.384548,-0.225591
2025-12-17,1.288652,1.449077,2.528897,-0.380704,-0.211415
2025-12-18,1.283852,1.440506,2.510014,-0.383011,-0.216080
2025-12-19,1.297184,1.445375,2.548331,-0.376604,-0.213430
2025-12-22,1.299851,1.459119,2.561916,-0.375322,-0.205950
2025-12-23,1.295051,1.462002,2.550842,-0.377629,-0.204381
2025-12-24,1.299317,1.466219,2.549835,-0.375579,-0.202086
2025-12-25,1.300917,1.468903,2.549896,-0.374810,-0.200626
2025-12-26,1.302250,1.473554,2.557224,-0.374169,-0.198095
2025-12-29,1.295051,1.467900,2.534248,-0.377629,-0.201172
2025-12-30,1.290785,1.471668,2.538274,-0.379679,-0.199121
2025-12-31,1.287052,1.464916,2.522040,-0.381473,-0.202796
2026-01-05,1.305983,1.492699,2.591509,-0.372375,-0.187676
2026-01-06,1.305451,1.515777,2.626457,-0.372631,-0.175117
2026-01-07,1.304385,1.511341,2.603868,-0.373144,-0.177531
2026-01-08,1.300918,1.498995,2.573738,-0.374809,-0.184250
2026-01-09,1.301985,1.505725,2.588963,-0.374297,-0.180587
2026-01-12,1.300918,1.515534,2.625238,-0.374809,-0.175249
2026-01-13,1.301985,1.506393,2.640343,-0.374297,-0.180224
2026-01-14,1.297719,1.500350,2.649943,-0.376347,-0.183513
2026-01-15,1.293986,1.503355,2.627039,-0.378141,-0.181877
2026-01-16,1.299319,1.497167,2.624866,-0.375578,-0.185245
2026-01-19,1.291853,1.497986,2.598422,-0.379166,-0.184799
2026-01-20,1.287053,1.493057,2.575555,-0.381473,-0.187481
2026-01-21,1.284387,1.494382,2.578250,-0.382754,-0.186760
2026-01-22,1.301452,1.494585,2.600706,-0.374553,-0.186650
2026-01-23,1.288120,1.487874,2.599949,-0.380960,-0.190302
2026-01-26,1.276388,1.489285,2.588006,-0.386598,-0.189534
2026-01-27,1.282787,1.488883,2.611024,-0.383523,-0.189753
2026-01-28,1.287587,1.492775,2.644692,-0.381216,-0.187635
2026-01-29,1.283320,1.504127,2.635218,-0.383266,-0.181457
2026-01-30,1.290786,1.489089,2.604773,-0.379679,-0.189641
2026-02-02,1.251057,1.457335,2.533095,-0.398771,-0.206921
2026-02-03,1.268503,1.474462,2.569680,-0.390387,-0.197601
2026-02-04,1.268503,1.486665,2.557034,-0.390387,-0.190960
2026-02-05,1.268503,1.477724,2.534358,-0.390387,-0.195826
2026-02-06,1.268503,1.469238,2.516170,-0.390387,-0.200444
2026-02-09,1.268503,1.493114,2.572200,-0.390387,-0.187450
2026-02-10,1.268503,1.494771,2.599937,-0.390387,-0.186548
2026-02-11,1.268503,1.491456,2.630813,-0.390387,-0.188353
2026-02-12,1.268503,1.493278,2.604506,-0.390387,-0.187361
2026-02-13,1.268503,1.474557,2.600794,-0.390387,-0.197549
2026-02-24,1.268503,1.489469,2.573063,-0.390387,-0.189434
2026-02-25,1.268503,1.498439,2.585053,-0.390387,-0.184553
2026-02-26,1.268503,1.495585,2.559052,-0.390387,-0.186106
2026-02-27,1.268503,1.490453,2.568102,-0.390387,-0.188899
2026-03-02,1.268503,1.496154,2.509542,-0.390387,-0.185796
2026-03-03,1.202549,1.473130,2.457796,-0.422083,-0.198326
2026-03-04,1.152594,1.456272,2.392685,-0.446091,-0.207500
2026-03-05,1.187502,1.470532,2.424999,-0.429314,-0.199739
2026-03-06,1.193521,1.474566,2.453070,-0.426422,-0.197544
2026-03-09,1.162825,1.460334,2.396133,-0.441174,-0.205289
2026-03-10,1.180280,1.479097,2.439270,-0.432785,-0.195078
2026-03-11,1.188706,1.488507,2.447338,-0.428736,-0.189958
2026-03-12,1.173659,1.483147,2.425569,-0.435967,-0.192874
2026-03-13,1.155001,1.477319,2.408168,-0.444934,-0.196046
2026-03-16,1.161020,1.478085,2.430659,-0.442041,-0.195629
2026-03-17,1.139954,1.467289,2.414920,-0.452165,-0.201504
2026-03-18,1.168242,1.473899,2.442715,-0.438570,-0.197907
2026-03-19,1.141158,1.450143,2.386558,-0.451586,-0.210835
2026-03-20,1.128518,1.445008,2.350312,-0.457661,-0.213629
2026-03-23,1.082776,1.397858,2.248062,-0.479644,-0.239288
2026-03-24,1.105045,1.415804,2.305321,-0.468941,-0.229522
2026-03-25,1.118888,1.435658,2.341395,-0.462289,-0.218718
2026-03-26,1.102638,1.416693,2.310948,-0.470098,-0.229038
2026-03-27,1.105647,1.424616,2.313861,-0.468652,-0.224727
2026-03-30,1.099628,1.421256,2.281625,-0.471545,-0.226555
2026-03-31,1.090600,1.407999,2.261437,-0.475883,-0.233770
2026-04-01,1.136343,1.432051,2.338969,-0.453900,-0.220680
2026-04-02,1.112177,1.417130,2.284054,-0.465514,-0.228801
2026-04-03,1.113599,1.405069,2.284145,-0.464831,-0.235364
2026-04-07,1.115021,1.405015,2.288760,-0.464147,-0.235394
2026-04-08,1.144888,1.454038,2.406473,-0.449794,-0.208715
2026-04-09,1.140621,1.444755,2.376917,-0.451845,-0.213767
2026-04-10,1.144888,1.467014,2.395584,-0.449794,-0.201654
2026-04-13,1.133510,1.470045,2.375778,-0.455262,-0.200004
2026-04-14,1.143465,1.487488,2.406963,-0.450478,-0.190512
2026-04-15,1.147732,1.482416,2.426292,-0.448427,-0.193272
2026-04-16,1.163377,1.498666,2.483703,-0.440909,-0.184429
2026-04-17,1.154132,1.496154,2.463933,-0.445351,-0.185796
2026-04-20,1.164088,1.505257,2.474804,-0.440567,-0.180842
2026-04-21,1.166932,1.508598,2.479799,-0.439200,-0.179024
2026-04-22,1.158399,1.518606,2.472500,-0.443301,-0.173578
2026-04-23,1.147021,1.514398,2.443216,-0.448769,-0.175868
2026-04-24,1.147732,1.509032,2.444265,-0.448427,-0.178788
2026-04-27,1.142754,1.509532,2.459210,-0.450819,-0.178516
2026-04-28,1.132799,1.505501,2.448766,-0.455604,-0.180709
2026-04-29,1.148443,1.521998,2.458690,-0.448085,-0.171732
2026-04-30,1.142043,1.521036,2.444894,-0.451161,-0.172255
2026-05-06,1.154843,1.543114,2.508323,-0.445010,-0.160240
2026-05-07,1.177389,1.550524,2.565360,-0.434175,-0.156208
2026-05-08,1.183692,1.541475,2.553414,-0.431146,-0.161132
2026-05-11,1.208331,1.566765,2.547939,-0.419305,-0.147369
2026-05-12,1.192860,1.565566,2.531077,-0.426740,-0.148022
2026-05-13,1.199736,1.581478,2.540765,-0.423435,-0.139363
2026-05-14,1.206612,1.554983,2.530252,-0.420131,-0.153782
2026-05-15,1.203747,1.537577,2.489020,-0.421508,-0.163253
2026-05-18,1.184265,1.529329,2.450013,-0.430870,-0.167742
2026-05-19,1.173378,1.535454,2.463664,-0.436102,-0.164409
2026-05-20,1.179681,1.534765,2.450397,-0.433073,-0.164784
2026-05-21,1.205466,1.513376,2.452910,-0.420682,-0.176424
2026-05-22,1.230105,1.532993,2.490858,-0.408841,-0.165748
2026-05-25,1.278809,1.557197,2.526996,-0.385435,-0.152576
2026-05-26,1.252451,1.565503,2.528086,-0.398101,-0.148056
2026-05-27,1.274225,1.552948,2.513857,-0.387638,-0.154889
2026-05-28,1.269068,1.554859,2.482583,-0.390116,-0.153849
2026-05-29,1.302875,1.547870,2.526616,-0.373869,-0.157652
2026-06-01,1.355705,1.532727,2.581642,-0.348480,-0.165893
2026-06-02,1.343070,1.554970,2.610002,-0.354552,-0.153788
2026-06-03,1.317744,1.562643,2.602435,-0.366723,-0.149613
2026-06-04,1.283938,1.551866,2.565593,-0.382970,-0.155478
2026-06-05,1.263884,1.524077,2.534351,-0.392607,-0.170601
2026-06-08,1.211742,1.491399,2.465302,-0.417665,-0.188384
2026-06-09,1.261019,1.519296,2.519449,-0.393984,-0.173202
2026-06-10,1.228359,1.502457,2.474205,-0.409680,-0.182366
2026-06-11,1.220910,1.494173,2.449784,-0.413259,-0.186874
2026-06-12,1.239246,1.511547,2.486801,-0.404448,-0.177419
2026-06-15,1.294252,1.547740,2.564026,-0.378013,-0.157723
2026-06-16,1.306857,1.545373,2.551777,-0.371955,-0.159011
2026-06-17,1.306284,1.560295,2.552154,-0.372231,-0.150891
2026-06-18,1.298836,1.563525,2.541162,-0.375810,-0.149133
2026-06-22,1.289668,1.600880,2.577171,-0.380216,-0.128804
2026-06-23,1.246121,1.556498,2.479173,-0.401144,-0.152957
2026-06-24,1.253570,1.563975,2.495203,-0.397564,-0.148888
2026-06-25,1.265603,1.588363,2.505988,-0.391781,-0.135616
2026-06-26,1.236954,1.540308,2.446562,-0.405549,-0.161767
2026-06-29,1.248413,1.558881,2.473284,-0.400042,-0.151660
2026-06-30,1.263311,1.575495,2.482754,-0.392883,-0.142619
2026-07-01,1.266176,1.569024,2.487142,-0.391506,-0.146140
2026-07-02,1.236423,1.522615,2.459823,-0.405804,-0.171396
2026-07-03,1.265297,1.532066,2.505488,-0.391928,-0.166253
2026-07-06,1.276640,1.532012,2.525307,-0.386477,-0.166282
2026-07-07,1.253954,1.516274,2.511220,-0.397379,-0.174847
2026-07-08,1.220955,1.504653,2.525116,-0.413238,-0.181171
2026-07-09,1.231267,1.542868,2.529863,-0.408282,-0.160374
2026-07-10,1.237970,1.512645,2.536874,-0.405061,-0.176822
2026-07-13,1.200846,1.485621,2.501781,-0.422902,-0.191528
2026-07-14,1.208580,1.517616,2.510277,-0.419185,-0.174117
2026-07-15,1.222502,1.514540,2.551544,-0.412494,-0.175790
2026-07-16,1.187956,1.486586,2.548938,-0.429096,-0.191003
2026-07-17,1.126084,1.433010,2.456281,-0.458831,-0.220159
2026-07-20,1.123505,1.454911,2.484512,-0.460070,-0.208240
2026-07-21,1.167848,1.499495,2.523741,-0.438760,-0.183978
2026-07-22,1.164238,1.492538,2.489609,-0.440495,-0.187764
2026-07-23,1.170941,1.495942,2.508624,-0.437273,-0.185911
2026-07-24,1.136911,1.471007,2.454850,-0.453627,-0.199481
2026-07-27,1.148770,1.487852,2.493534,-0.447928,-0.190314
2026-07-28,1.085866,1.445799,2.451956,-0.478158,-0.213199
2026-07-29,1.083288,1.455525,2.484032,-0.479397,-0.207906
2026-07-30,1.072976,1.439534,2.468599,-0.484353,-0.216608
2026-07-31,1.122474,1.451709,2.514074,-0.460565,-0.209983
2026-08-03,1.138974,1.437465,2.546395,-0.452636,-0.217734
2026-08-04,1.142157,1.455737,2.565119,-0.451106,-0.207791
2026-08-05,1.180489,1.473842,2.624123,-0.432685,-0.197938
2026-08-06,1.189849,1.471677,2.586773,-0.428187,-0.199116
2026-08-07,1.192077,1.485324,2.595831,-0.427116,-0.191690
2026-08-10,1.192523,1.487722,2.623074,-0.426902,-0.190385
2026-08-11,1.201437,1.475626,2.596828,-0.422618,-0.196967
2026-08-12,1.193415,1.484210,2.592657,-0.426473,-0.192296
2026-08-13,1.199209,1.475677,2.594446,-0.423689,-0.196940
2026-08-14,1.228849,1.476287,2.594906,-0.409444,-0.196607
2026-08-17,1.215478,1.500087,2.622767,-0.415870,-0.183656
2026-08-18,1.188957,1.495249,2.585789,-0.428615,-0.186288
2026-08-19,1.168677,1.451868,2.541326,-0.438361,-0.209896
2026-08-20,1.183163,1.453149,2.566427,-0.431400,-0.209199
2026-08-21,1.181826,1.461423,2.556295,-0.432042,-0.204697
2026-08-24,1.181826,1.443777,2.518215,-0.432042,-0.214299
2026-08-25,1.192077,1.440265,2.533606,-0.427116,-0.216210
2026-08-26,1.197872,1.452529,2.555311,-0.424331,-0.209537
2026-08-27,1.197872,1.465023,2.556722,-0.424331,-0.202737
2026-08-28,1.204112,1.458347,2.558690,-0.421332,-0.206370
2026-08-31,1.199655,1.463381,2.550242,-0.423474,-0.203631
2026-09-01,1.201437,1.459063,2.538648,-0.422618,-0.205981
2026-09-02,1.169355,1.438977,2.490734,-0.438036,-0.216911
2026-09-03,1.176262,1.440439,2.493075,-0.434716,-0.216116
2026-09-04,1.193196,1.439006,2.535067,-0.426578,-0.216896
2026-09-07,1.190522,1.447539,2.539132,-0.427863,-0.212252
2026-09-08,1.185620,1.442388,2.521109,-0.430219,-0.215055
2026-09-09,1.186066,1.446774,2.514465,-0.430005,-0.212669
2026-09-10,1.183392,1.439113,2.494820,-0.431290,-0.216837
2026-09-11,1.176708,1.427017,2.470402,-0.434502,-0.223420
2026-09-14,1.174702,1.417500,2.456897,-0.435466,-0.228599
2026-09-15,1.167572,1.407995,2.452478,-0.438892,-0.233772
2026-09-16,1.176262,1.417560,2.460511,-0.434716,-0.228566
2026-09-17,1.175371,1.411197,2.448758,-0.435145,-0.232029
2026-09-18,1.187403,1.426141,2.479360,-0.429362,-0.223897
2026-09-21,1.188740,1.436323,2.492076,-0.428720,-0.218356
2026-09-22,1.205897,1.437911,2.519453,-0.420474,-0.217492
2026-09-23,1.204337,1.429270,2.515604,-0.421224,-0.222194
2026-09-24,1.186957,1.404547,2.478173,-0.429576,-0.235648
2026-09-28,1.186957,1.373419,2.467321,-0.429576,-0.252588
2026-09-29,1.189631,1.374827,2.463650,-0.428291,-0.251822
2026-09-30,1.188740,1.378754,2.487598,-0.428720,-0.249685
