date,open,high,low,close,volume,turnover
2016-06-01,1.314,1.323,1.323,1.300,75499,99225
2016-06-02,1.316,1.330,1.340,1.316,42000,55830
2016-06-03,1.330,1.356,1.361,1.330,154010,208186
2016-06-06,1.360,1.359,1.360,1.342,73000,98747
2016-06-07,1.368,1.348,1.368,1.341,220300,297278
2016-06-08,1.348,1.351,1.367,1.343,60700,81985
2016-06-13,1.341,1.313,1.348,1.313,77500,103324
2016-06-14,1.312,1.330,1.330,1.312,24000,31798
2016-06-15,1.346,1.352,1.359,1.323,89900,121058
2016-06-16,1.357,1.345,1.357,1.345,53700,72642
2016-06-17,1.356,1.365,1.369,1.352,91800,124951
2016-06-20,1.366,1.363,1.375,1.355,74900,101958
2016-06-21,1.363,1.359,1.363,1.350,41300,56154
2016-06-22,1.351,1.351,1.360,1.351,31400,42429
2016-06-23,1.355,1.347,1.355,1.347,23200,31357
2016-06-24,1.340,1.340,1.349,1.333,167800,225089
2016-06-27,1.350,1.352,1.359,1.349,107200,145020
2016-06-28,1.352,1.364,1.367,1.331,343611,460976
2016-06-29,1.360,1.367,1.367,1.358,67400,91647
2016-06-30,1.367,1.367,1.371,1.366,66600,91176
2016-07-01,1.374,1.378,1.379,1.364,58700,80735
2016-07-04,1.375,1.385,1.390,1.375,105100,145298
2016-07-05,1.398,1.395,1.404,1.386,94300,131403
2016-07-06,1.395,1.440,1.442,1.382,240800,341566
2016-07-07,1.450,1.451,1.455,1.430,128000,185093
2016-07-08,1.440,1.440,1.449,1.426,139510,200215
2016-07-11,1.450,1.482,1.490,1.440,123722,181782
2016-07-12,1.482,1.495,1.495,1.458,227810,337707
2016-07-13,1.515,1.494,1.515,1.482,70210,104699
2016-07-14,1.490,1.487,1.496,1.485,74400,110897
2016-07-15,1.487,1.485,1.488,1.476,43700,64782
2016-07-18,1.456,1.475,1.482,1.452,57400,84549
2016-07-19,1.480,1.459,1.498,1.453,152400,224433
2016-07-20,1.449,1.471,1.471,1.449,98000,142985
2016-07-21,1.524,1.464,1.524,1.456,81600,120895
2016-07-22,1.465,1.450,1.480,1.450,33600,49111
2016-07-25,1.465,1.475,1.479,1.446,133900,195652
2016-07-26,1.475,1.479,1.479,1.460,51300,75442
2016-07-27,1.489,1.465,1.490,1.441,106900,156659
2016-07-28,1.456,1.463,1.471,1.453,66600,97522
2016-07-29,1.466,1.490,1.492,1.466,179537,266452
2016-08-01,1.490,1.478,1.490,1.460,70100,103258
2016-08-02,1.478,1.447,1.478,1.440,11274582,16314776
2016-08-03,1.448,1.454,1.456,1.448,94582,137510
2016-08-04,1.480,1.454,1.480,1.454,23400,34178
2016-08-05,1.452,1.459,1.462,1.451,18524763,27011654
2016-08-08,1.459,1.458,1.459,1.451,58200,84858
2016-08-09,1.477,1.466,1.477,1.452,57800,84557
2016-08-10,1.464,1.468,1.472,1.463,62800,92175
2016-08-11,1.475,1.470,1.478,1.470,34201,50433
2016-08-12,1.465,1.469,1.473,1.465,24700,36266
2016-08-15,1.470,1.484,1.491,1.470,213100,315346
2016-08-16,1.489,1.490,1.499,1.489,144900,216851
2016-08-17,1.494,1.490,1.494,1.490,37500,55973
2016-08-18,1.489,1.462,1.489,1.455,337500,492752
2016-08-19,1.461,1.440,1.474,1.428,442400,639650
2016-08-22,1.459,1.462,1.470,1.457,193900,283543
2016-08-23,1.468,1.463,1.474,1.462,64600,94966
2016-08-24,1.466,1.461,1.470,1.461,34000,49877
2016-08-25,1.475,1.458,1.475,1.446,52700,76629
2016-08-26,1.460,1.458,1.473,1.454,36900,54006
2016-08-29,1.459,1.448,1.459,1.448,100800,146094
2016-08-30,1.442,1.450,1.451,1.442,25700,37145
2016-08-31,1.460,1.453,1.460,1.450,40100,58214
2016-09-01,1.459,1.453,1.460,1.453,27700,40385
2016-09-02,1.447,1.454,1.460,1.446,53300,77423
2016-09-05,1.446,1.452,1.454,1.446,35100,50884
2016-09-06,1.448,1.451,1.451,1.440,107400,154977
2016-09-07,1.451,1.450,1.452,1.443,64200,92877
2016-09-08,1.451,1.447,1.453,1.446,66200,96072
2016-09-09,1.445,1.441,1.451,1.441,97700,141165
2016-09-12,1.444,1.421,1.444,1.412,87300,124534
2016-09-13,1.420,1.411,1.425,1.407,199600,282907
2016-09-14,1.400,1.416,1.420,1.391,25700,36128
2016-09-19,1.419,1.416,1.430,1.414,46000,65270
2016-09-20,1.416,1.415,1.416,1.415,9500,13448
2016-09-21,1.407,1.414,1.414,1.407,10100,14248
2016-09-22,1.418,1.422,1.430,1.418,89400,127326
2016-09-23,1.420,1.419,1.420,1.415,36000,51036
2016-09-26,1.419,1.410,1.424,1.408,14300,20298
2016-09-27,1.393,1.404,1.404,1.380,38201,53396
2016-09-28,1.405,1.410,1.440,1.380,81000,113091
2016-09-29,1.403,1.409,1.410,1.396,69100,96771
2016-09-30,1.403,1.417,1.419,1.403,40700,57375
2016-10-10,1.435,1.430,1.440,1.428,64900,93109
2016-10-11,1.438,1.430,1.440,1.427,37800,54153
2016-10-12,1.430,1.431,1.434,1.429,35600,50982
2016-10-13,1.433,1.429,1.433,1.429,30700,43966
2016-10-14,1.421,1.430,1.434,1.421,54200,77504
2016-10-17,1.439,1.435,1.449,1.430,62700,90212
2016-10-18,1.432,1.434,1.435,1.432,186800,267957
2016-10-19,1.434,1.434,1.436,1.405,225102,321352
2016-10-20,1.433,1.430,1.435,1.429,45100,64564
2016-10-21,1.430,1.429,1.434,1.422,38600,55159
2016-10-24,1.435,1.436,1.440,1.430,173500,248956
2016-10-25,1.439,1.444,1.450,1.438,125800,181373
2016-10-26,1.449,1.455,1.470,1.449,248600,362886
2016-10-27,1.451,1.466,1.466,1.451,106400,155244
2016-10-28,1.456,1.461,1.473,1.456,34300,50323
2016-10-31,1.466,1.467,1.467,1.457,128902,188600
2016-11-01,1.452,1.473,1.550,1.452,304237,447670
2016-11-02,1.470,1.467,1.477,1.463,60900,89537
2016-11-03,1.471,1.468,1.478,1.462,186100,273938
2016-11-04,1.464,1.467,1.475,1.464,5700,8363
2016-11-07,1.470,1.466,1.470,1.455,44100,64399
2016-11-08,1.475,1.472,1.477,1.470,37400,55112
2016-11-09,1.492,1.461,1.492,1.453,97500,142619
2016-11-10,1.478,1.460,1.478,1.459,234092,341802
2016-11-11,1.474,1.463,1.474,1.460,70800,103609
2016-11-14,1.465,1.464,1.480,1.462,32700,47994
2016-11-15,1.456,1.460,1.465,1.451,88310,128503
2016-11-16,1.466,1.463,1.470,1.462,53400,78289
2016-11-17,1.467,1.459,1.467,1.457,11500,16792
2016-11-18,1.469,1.464,1.475,1.463,125000,183382
2016-11-21,1.463,1.463,1.468,1.462,48800,71409
2016-11-22,1.461,1.463,1.468,1.461,31700,46443
2016-11-23,1.464,1.463,1.466,1.460,75400,110240
2016-11-24,1.460,1.466,1.483,1.459,131100,192346
2016-11-25,1.474,1.481,1.481,1.467,227209,335174
2016-11-28,1.484,1.486,1.492,1.483,91999,136808
2016-11-29,1.491,1.510,1.520,1.485,280800,423620
2016-11-30,1.511,1.498,1.512,1.490,208100,312205
2016-12-01,1.490,1.506,1.507,1.487,282767,424177
2016-12-02,1.505,1.489,1.505,1.489,14700,22012
2016-12-05,1.490,1.465,1.490,1.465,31100,45800
2016-12-06,1.465,1.477,1.478,1.465,25000,36755
2016-12-07,1.477,1.479,1.479,1.472,33700,49720
2016-12-08,1.510,1.491,1.510,1.488,16100,24079
2016-12-09,1.484,1.494,1.509,1.483,45200,67376
2016-12-12,1.497,1.484,1.497,1.454,101300,149191
2016-12-13,1.483,1.473,1.483,1.457,77700,113640
2016-12-14,1.471,1.466,1.475,1.466,5900,8679
2016-12-15,1.465,1.471,1.475,1.451,76300,111687
2016-12-16,1.452,1.476,1.476,1.452,19900,29174
2016-12-19,1.476,1.474,1.476,1.458,23800,34906
2016-12-20,1.457,1.457,1.463,1.457,28900,42143
2016-12-21,1.457,1.458,1.478,1.457,18100,26546
2016-12-22,1.457,1.468,1.469,1.457,7200,10568
2016-12-23,1.467,1.456,1.468,1.453,10600,15466
2016-12-26,1.456,1.457,1.465,1.430,25600,36909
2016-12-27,1.442,1.450,1.464,1.442,13400,19442
2016-12-28,1.441,1.449,1.464,1.440,40400,58505
2016-12-29,1.441,1.442,1.452,1.441,16000,23113
2016-12-30,1.449,1.462,1.470,1.449,10800,15774
2017-01-03,1.456,1.461,1.470,1.456,29000,42373
2017-01-04,1.469,1.483,1.483,1.456,77900,114886
2017-01-05,1.463,1.482,1.490,1.463,25400,37697
2017-01-06,1.476,1.494,1.496,1.476,58700,87620
2017-01-09,1.524,1.494,1.524,1.494,218800,331865
2017-01-10,1.511,1.500,1.511,1.494,30800,46215
2017-01-11,1.500,1.500,1.501,1.480,209600,314358
2017-01-12,1.501,1.500,1.505,1.480,24300,36476
2017-01-13,1.472,1.479,1.480,1.472,19600,28915
2017-01-16,1.479,1.440,1.490,1.440,119000,172581
2017-01-17,1.455,1.451,1.455,1.436,44400,63992
2017-01-18,1.451,1.464,1.480,1.450,52600,76732
2017-01-19,1.452,1.462,1.470,1.452,44800,65326
2017-01-20,1.478,1.466,1.478,1.461,39200,57497
2017-01-23,1.482,1.487,1.489,1.482,10000,14864
2017-01-24,1.494,1.477,1.494,1.473,81700,121305
2017-01-25,1.489,1.486,1.489,1.467,25400,37459
2017-01-26,1.486,1.495,1.495,1.475,42600,63355
2017-02-03,1.495,1.495,1.495,1.485,20200,30177
2017-02-06,1.511,1.501,1.540,1.482,37800,56833
2017-02-07,1.501,1.486,1.510,1.485,40500,60544
2017-02-08,1.500,1.488,1.500,1.481,30800,45840
2017-02-09,1.500,1.500,1.500,1.483,56715,84612
2017-02-10,1.500,1.502,1.502,1.491,42500,63537
2017-02-13,1.490,1.521,1.521,1.490,207499,314349
2017-02-14,1.522,1.506,1.523,1.506,54400,82317
2017-02-15,1.520,1.501,1.520,1.501,65299,98384
2017-02-16,1.501,1.493,1.515,1.490,41700,62538
2017-02-17,1.505,1.510,1.517,1.505,80100,121098
2017-02-20,1.492,1.530,1.542,1.490,245899,376101
2017-02-21,1.540,1.556,1.565,1.540,168400,262180
2017-02-22,1.563,1.572,1.580,1.558,141400,222529
2017-02-23,1.599,1.587,1.599,1.554,136600,214842
2017-02-24,1.580,1.570,1.580,1.559,208199,325846
2017-02-27,1.570,1.562,1.570,1.551,143400,223597
2017-02-28,1.562,1.560,1.571,1.555,300383,471358
2017-03-01,1.558,1.562,1.588,1.558,58900,92721
2017-03-02,1.562,1.554,1.562,1.550,32799,51027
2017-03-03,1.566,1.556,1.578,1.553,132814,207071
2017-03-06,1.565,1.561,1.565,1.543,92300,142940
2017-03-07,1.561,1.568,1.568,1.556,146415,228668
2017-03-08,1.570,1.559,1.570,1.549,152400,236931
2017-03-09,1.550,1.554,1.556,1.549,54100,83981
2017-03-10,1.561,1.560,1.570,1.554,40700,63717
2017-03-13,1.568,1.572,1.573,1.555,33800,53005
2017-03-14,1.574,1.563,1.574,1.563,66800,104767
2017-03-15,1.563,1.569,1.569,1.562,30100,47170
2017-03-16,1.569,1.576,1.580,1.569,77200,121726
2017-03-17,1.577,1.577,1.581,1.568,74300,117104
2017-03-20,1.577,1.578,1.579,1.568,69800,110006
2017-03-21,1.581,1.615,1.615,1.571,241083,387252
2017-03-22,1.618,1.615,1.618,1.596,164000,264044
2017-03-23,1.620,1.627,1.628,1.605,258400,419910
2017-03-24,1.631,1.635,1.636,1.623,83700,136624
2017-03-27,1.635,1.648,1.665,1.627,405500,667452
2017-03-28,1.652,1.650,1.653,1.632,159600,262356
2017-03-29,1.655,1.630,1.655,1.624,122600,200359
2017-03-30,1.650,1.635,1.650,1.611,84500,137343
2017-03-31,1.662,1.646,1.662,1.636,36100,59251
2017-04-05,1.650,1.655,1.662,1.605,167500,277013
2017-04-06,1.654,1.644,1.655,1.600,380200,620762
2017-04-07,1.644,1.622,1.644,1.620,274000,444352
2017-04-10,1.611,1.615,1.647,1.610,202700,327869
2017-04-11,1.615,1.623,1.625,1.606,62100,100193
2017-04-12,1.623,1.622,1.638,1.600,64900,105053
2017-04-13,1.625,1.630,1.630,1.602,428600,695716
2017-04-14,1.630,1.628,1.631,1.615,117900,192111
2017-04-17,1.630,1.600,1.630,1.598,163474,262384
2017-04-18,1.616,1.618,1.625,1.610,112600,182277
2017-04-19,1.626,1.618,1.626,1.611,74400,120154
2017-04-20,1.623,1.645,1.649,1.623,240000,392675
2017-04-21,1.650,1.641,1.650,1.632,126000,206790
2017-04-24,1.638,1.618,1.638,1.613,93900,151995
2017-04-25,1.618,1.635,1.645,1.615,237402,386000
2017-04-26,1.640,1.642,1.654,1.635,216200,355604
2017-04-27,1.649,1.640,1.649,1.621,46800,76278
2017-04-28,1.649,1.624,1.649,1.620,104100,169506
2017-05-02,1.631,1.623,1.640,1.615,104500,169683
2017-05-03,1.628,1.613,1.628,1.600,141602,227866
2017-05-04,1.616,1.612,1.619,1.580,188402,300024
2017-05-05,1.617,1.596,1.617,1.582,150500,240902
2017-05-08,1.603,1.588,1.603,1.581,172800,274152
2017-05-09,1.593,1.579,1.593,1.560,101700,159685
2017-05-10,1.583,1.582,1.591,1.571,66900,105722
2017-05-11,1.570,1.574,1.574,1.550,138499,216289
2017-05-12,1.580,1.595,1.600,1.576,65600,104018
2017-05-15,1.599,1.595,1.604,1.584,120402,191366
2017-05-16,1.599,1.630,1.630,1.581,203300,327282
2017-05-17,1.649,1.622,1.649,1.620,33100,53786
2017-05-18,1.626,1.618,1.626,1.610,114300,185199
2017-05-19,1.628,1.632,1.632,1.620,147802,240259
2017-05-22,1.640,1.632,1.646,1.632,187300,307081
2017-05-23,1.640,1.645,1.649,1.633,122600,201318
2017-05-24,1.645,1.642,1.645,1.623,95300,155916
2017-05-25,1.646,1.648,1.649,1.638,67300,110737
2017-05-26,1.653,1.653,1.653,1.636,66200,109252
2017-05-31,1.657,1.646,1.659,1.642,118502,195140
2017-06-01,1.651,1.646,1.652,1.645,55000,90657
2017-06-02,1.652,1.646,1.652,1.640,48700,80017
2017-06-05,1.650,1.640,1.650,1.636,73800,121018
2017-06-06,1.644,1.646,1.649,1.640,45402,74689
2017-06-07,1.646,1.674,1.676,1.646,139700,233274
2017-06-08,1.678,1.700,1.700,1.667,264404,445648
2017-06-09,1.713,1.716,1.728,1.712,180200,309922
2017-06-12,1.729,1.742,1.750,1.729,149500,260249
2017-06-13,1.748,1.750,1.795,1.711,107200,187464
2017-06-14,1.754,1.751,1.778,1.739,157600,276150
2017-06-15,1.750,1.731,1.750,1.730,117105,203672
2017-06-16,1.729,1.716,1.729,1.710,77202,132752
2017-06-19,1.719,1.728,1.731,1.719,114000,196916
2017-06-20,1.733,1.742,1.777,1.733,83502,145621
2017-06-21,1.749,1.758,1.776,1.742,518100,912091
2017-06-22,1.763,1.755,1.771,1.751,206737,364148
2017-06-23,1.764,1.752,1.768,1.750,132500,232814
2017-06-26,1.760,1.781,1.785,1.760,165200,293709
2017-06-27,1.780,1.799,1.810,1.780,61500,110104
2017-06-28,1.800,1.795,1.803,1.782,200400,360007
2017-06-29,1.795,1.800,1.890,1.780,160100,293380
2017-06-30,1.802,1.795,1.819,1.790,88900,159593
2017-07-03,1.797,1.803,1.815,1.781,230210,413042
2017-07-04,1.785,1.774,1.802,1.771,185402,329544
2017-07-05,1.774,1.790,1.796,1.774,32200,57547
2017-07-06,1.765,1.797,1.800,1.765,110700,198843
2017-07-07,1.782,1.783,1.800,1.780,29000,51726
2017-07-10,1.799,1.769,1.819,1.765,67400,120177
2017-07-11,1.766,1.764,1.770,1.764,252900,446793
2017-07-12,1.755,1.756,1.760,1.740,257198,449846
2017-07-13,1.756,1.748,1.767,1.745,178200,311992
2017-07-14,1.746,1.733,1.746,1.700,291500,504315
2017-07-17,1.745,1.710,1.745,1.653,263000,447529
2017-07-18,1.700,1.714,1.715,1.677,247800,419552
2017-07-19,1.713,1.734,1.734,1.713,118700,204558
2017-07-20,1.734,1.745,1.745,1.725,53900,93826
2017-07-21,1.746,1.750,1.761,1.746,102800,180263
2017-07-24,1.760,1.792,1.795,1.758,272599,484449
2017-07-25,1.793,1.785,1.809,1.782,172000,308791
2017-07-26,1.799,1.755,1.799,1.750,68700,121262
2017-07-27,1.765,1.750,1.765,1.745,141990,248673
2017-07-28,1.747,1.782,1.782,1.746,116390,205530
2017-07-31,1.782,1.787,1.810,1.779,214600,386288
2017-08-01,1.781,1.793,1.809,1.770,152200,271665
2017-08-02,1.794,1.797,1.804,1.794,187200,336725
2017-08-03,1.801,1.784,1.801,1.782,46100,82475
2017-08-04,1.790,1.773,1.790,1.772,52800,94164
2017-08-07,1.773,1.800,1.806,1.770,167404,300317
2017-08-08,1.805,1.815,1.817,1.790,264304,477136
2017-08-09,1.815,1.860,1.868,1.800,254609,468899
2017-08-10,1.867,1.870,1.948,1.860,258367,485465
2017-08-11,1.866,1.813,1.870,1.804,169974,313533
2017-08-14,1.811,1.865,1.870,1.811,98374,182749
2017-08-15,1.847,1.884,1.885,1.847,158000,297057
2017-08-16,1.882,1.910,1.929,1.857,365207,696557
2017-08-17,1.922,1.888,1.922,1.886,114600,217102
2017-08-18,1.882,1.873,1.882,1.860,37000,69361
2017-08-21,1.866,1.894,1.916,1.858,120400,227536
2017-08-22,1.895,1.878,1.895,1.876,57702,108598
2017-08-23,1.915,1.872,1.915,1.860,243200,453817
2017-08-24,1.879,1.859,1.879,1.859,135000,251744
2017-08-25,1.843,1.867,1.906,1.843,332207,616883
2017-08-28,1.867,1.865,1.875,1.860,325801,608317
2017-08-29,1.866,1.867,1.873,1.860,75800,141520
2017-08-30,1.867,1.874,1.878,1.860,86500,162030
2017-08-31,1.874,1.869,1.888,1.862,98600,184699
2017-09-01,1.868,1.872,1.874,1.868,157374,294415
2017-09-04,1.872,1.873,1.875,1.860,509700,952796
2017-09-05,1.872,1.895,1.895,1.866,176176,330295
2017-09-06,1.885,1.883,1.896,1.880,96900,182943
2017-09-07,1.883,1.873,1.894,1.869,136300,255407
2017-09-08,1.862,1.866,1.881,1.862,42597,79534
2017-09-11,1.861,1.874,1.879,1.861,81107,152041
2017-09-12,1.864,1.870,1.886,1.864,105076,197568
2017-09-13,1.870,1.884,1.884,1.869,101000,189841
2017-09-14,1.884,1.883,1.884,1.873,58397,109715
2017-09-15,1.874,1.898,1.900,1.872,80900,152593
2017-09-18,1.909,1.938,1.945,1.909,212100,409350
2017-09-19,1.938,1.928,1.950,1.922,267300,517085
2017-09-20,1.937,1.937,1.941,1.924,133800,258709
2017-09-21,1.936,1.937,1.940,1.929,53700,103910
2017-09-22,1.922,1.984,2.012,1.922,238876,465233
2017-09-25,1.958,2.008,2.023,1.939,326000,654146
2017-09-26,2.017,2.001,2.031,1.989,377900,758970
2017-09-27,2.001,2.001,2.015,1.986,268600,535300
2017-09-28,1.974,1.997,2.000,1.970,294000,585405
2017-09-29,1.997,2.020,2.037,1.997,307600,621048
2017-10-09,2.038,2.029,2.059,2.001,469307,955194
2017-10-10,2.037,2.056,2.058,2.021,211508,432024
2017-10-11,2.056,2.137,2.179,2.052,447608,944046
2017-10-12,2.136,2.145,2.155,2.100,337800,721947
2017-10-13,2.146,2.141,2.150,2.128,700976,1496678
2017-10-16,2.140,2.119,2.140,2.108,397200,841281
2017-10-17,2.110,2.090,2.140,2.081,475100,994863
2017-10-18,2.114,2.103,2.114,2.091,224500,472909
2017-10-19,2.103,2.155,2.166,2.098,538090,1149306
2017-10-20,2.155,2.137,2.155,2.128,480300,1026118
2017-10-23,2.134,2.147,2.166,2.125,659100,1414271
2017-10-24,2.147,2.153,2.158,2.135,322200,691148
2017-10-25,2.155,2.148,2.159,2.141,539200,1160125
2017-10-26,2.170,2.201,2.253,2.170,1360490,3002101
2017-10-27,2.199,2.275,2.287,2.173,621600,1396247
2017-10-30,2.269,2.223,2.272,2.200,2273700,5051113
2017-10-31,2.223,2.204,2.238,2.180,900400,1992933
2017-11-01,2.204,2.199,2.249,2.195,1165700,2578737
2017-11-02,2.189,2.185,2.206,2.179,685400,1499664
2017-11-03,2.172,2.214,2.220,2.172,940508,2070324
2017-11-06,2.214,2.266,2.288,2.214,1184888,2675228
2017-11-07,2.275,2.323,2.329,2.275,2845000,6598189
2017-11-08,2.328,2.384,2.440,2.312,1507798,3602246
2017-11-09,2.320,2.290,2.360,2.263,3849900,8819327
2017-11-10,2.290,2.296,2.315,2.244,3594200,8189893
2017-11-13,2.310,2.299,2.310,2.280,2996200,6876530
2017-11-14,2.300,2.265,2.301,2.262,2241900,5102802
2017-11-15,2.246,2.281,2.288,2.245,1039712,2363427
2017-11-16,2.269,2.340,2.343,2.269,1821100,4226294
2017-11-17,2.319,2.309,2.340,2.280,1819800,4200816
2017-11-20,2.283,2.307,2.311,2.235,1130500,2577691
2017-11-21,2.301,2.320,2.338,2.301,1874700,4347610
2017-11-22,2.320,2.298,2.335,2.285,1645900,3803512
2017-11-23,2.294,2.239,2.294,2.238,2175476,4911034
2017-11-24,2.230,2.202,2.240,2.168,1784100,3912140
2017-11-27,2.200,2.172,2.200,2.149,1058100,2293945
2017-11-28,2.170,2.188,2.221,2.163,741100,1625678
2017-11-29,2.186,2.148,2.202,2.132,1339900,2898513
2017-11-30,2.158,2.127,2.166,2.091,433300,925667
2017-12-01,2.130,2.131,2.151,2.110,696100,1488426
2017-12-04,2.129,2.170,2.173,2.121,1295100,2796892
2017-12-05,2.163,2.155,2.188,2.137,1127600,2448075
2017-12-06,2.155,2.158,2.178,2.130,902800,1948199
2017-12-07,2.161,2.112,2.161,2.112,1692900,3611457
2017-12-08,2.112,2.166,2.180,2.112,862500,1852437
2017-12-11,2.166,2.257,2.268,2.166,1831000,4069401
2017-12-12,2.258,2.249,2.291,2.231,1302700,2927700
2017-12-13,2.248,2.310,2.310,2.240,1187400,2713645
2017-12-14,2.313,2.315,2.320,2.300,1636500,3779978
2017-12-15,2.327,2.325,2.365,2.304,2558900,5919849
2017-12-18,2.311,2.298,2.349,2.282,1838400,4249411
2017-12-19,2.297,2.305,2.310,2.286,623100,1435207
2017-12-20,2.318,2.350,2.358,2.302,1282700,2999167
2017-12-21,2.350,2.356,2.360,2.319,934000,2186263
2017-12-22,2.356,2.360,2.364,2.350,588500,1386272
2017-12-25,2.360,2.383,2.389,2.360,1043800,2482928
2017-12-26,2.384,2.398,2.404,2.384,1663700,3977427
2017-12-27,2.396,2.325,2.405,2.309,2702100,6351947
2017-12-28,2.301,2.355,2.369,2.300,1298300,3027241
2017-12-29,2.355,2.332,2.384,2.326,2152000,5047453
2018-01-02,2.333,2.349,2.368,2.328,834200,1953885
2018-01-03,2.341,2.373,2.380,2.341,1037200,2453460
2018-01-04,2.373,2.418,2.420,2.373,1530500,3677556
2018-01-05,2.417,2.421,2.430,2.400,1782998,4302470
2018-01-08,2.417,2.451,2.480,2.407,1556200,3794214
2018-01-09,2.451,2.507,2.510,2.449,2205200,5484429
2018-01-10,2.515,2.530,2.530,2.481,2719100,6811548
2018-01-11,2.525,2.515,2.525,2.494,1911300,4798347
2018-01-12,2.510,2.547,2.548,2.506,1177000,2965089
2018-01-15,2.549,2.535,2.578,2.532,2539400,6489164
2018-01-16,2.538,2.577,2.650,2.506,2615735,6729933
2018-01-17,2.579,2.563,2.595,2.519,3552443,9114407
2018-01-18,2.560,2.552,2.575,2.520,2881900,7335297
2018-01-19,2.548,2.478,2.548,2.470,4768035,11880505
2018-01-22,2.456,2.554,2.559,2.456,3779635,9529501
2018-01-23,2.554,2.567,2.570,2.538,3181300,8133986
2018-01-24,2.560,2.539,2.570,2.520,2695300,6838372
2018-01-25,2.536,2.521,2.536,2.490,2179300,5472840
2018-01-26,2.520,2.526,2.530,2.506,1537600,3879279
2018-01-29,2.526,2.459,2.539,2.450,2892300,7194294
2018-01-30,2.455,2.426,2.455,2.410,1350500,3283836
2018-01-31,2.430,2.469,2.473,2.430,1376700,3391747
2018-02-01,2.472,2.437,2.472,2.419,1890100,4614900
2018-02-02,2.430,2.426,2.445,2.400,1618500,3922790
2018-02-05,2.420,2.363,2.420,2.350,2296200,5447751
2018-02-06,2.325,2.260,2.325,2.250,2743708,6260373
2018-02-07,2.283,2.215,2.312,2.211,1937400,4394639
2018-02-08,2.217,2.225,2.255,2.200,1296300,2884021
2018-02-09,2.110,2.161,2.188,2.110,2380708,5102620
2018-02-12,2.162,2.264,2.264,2.162,2205900,4916816
2018-02-13,2.270,2.281,2.304,2.266,1480700,3393729
2018-02-14,2.300,2.300,2.300,2.272,817800,1872285
2018-02-22,2.316,2.380,2.380,2.316,1414808,3328636
2018-02-23,2.390,2.376,2.399,2.360,2585900,6144623
2018-02-26,2.398,2.370,2.398,2.351,1555200,3689653
2018-02-27,2.372,2.346,2.378,2.336,1850800,4368217
2018-02-28,2.322,2.322,2.345,2.292,1967000,4549215
2018-03-01,2.310,2.326,2.339,2.308,1835600,4256072
2018-03-02,2.312,2.304,2.314,2.291,1049237,2415541
2018-03-05,2.293,2.271,2.307,2.266,1336700,3048876
2018-03-06,2.275,2.275,2.279,2.218,1873100,4195013
2018-03-07,2.271,2.255,2.291,2.252,1358900,3093897
2018-03-08,2.252,2.299,2.300,2.250,1257200,2862171
2018-03-09,2.296,2.327,2.339,2.296,1485100,3444095
2018-03-12,2.330,2.315,2.349,2.308,1926508,4463377
2018-03-13,2.318,2.287,2.318,2.277,887000,2032622
2018-03-14,2.285,2.300,2.303,2.245,1051100,2389101
2018-03-15,2.295,2.330,2.330,2.286,1634708,3790236
2018-03-16,2.348,2.295,2.348,2.295,1057208,2454797
2018-03-19,2.290,2.308,2.316,2.276,1070200,2459856
2018-03-20,2.295,2.286,2.295,2.264,1139000,2594309
2018-03-21,2.299,2.267,2.303,2.263,1610400,3670984
2018-03-22,2.272,2.232,2.275,2.230,1186800,2670624
2018-03-23,2.184,2.185,2.229,2.142,1499400,3269116
2018-03-26,2.171,2.180,2.194,2.150,1406200,3049238
2018-03-27,2.200,2.180,2.208,2.170,913135,1998491
2018-03-28,2.153,2.126,2.165,2.115,1181335,2525131
2018-03-29,2.126,2.177,2.180,2.081,1134708,2416550
2018-03-30,2.173,2.171,2.184,2.153,628408,1361647
2018-04-02,2.158,2.148,2.175,2.143,704800,1519948
2018-04-03,2.131,2.164,2.170,2.131,1972200,4249775
2018-04-04,2.164,2.213,2.238,2.164,2385300,5268656
2018-04-09,2.218,2.199,2.237,2.189,1435405,3156472
2018-04-10,2.206,2.215,2.215,2.174,1116600,2445154
2018-04-11,2.215,2.222,2.234,2.214,672500,1494792
2018-04-12,2.222,2.208,2.222,2.201,511400,1130334
2018-04-13,2.209,2.193,2.217,2.186,351100,772451
2018-04-16,2.188,2.175,2.191,2.168,575300,1253695
2018-04-17,2.177,2.153,2.182,2.150,661800,1433597
2018-04-18,2.155,2.146,2.160,2.123,678700,1456465
2018-04-19,2.146,2.187,2.189,2.145,782800,1697259
2018-04-20,2.197,2.170,2.207,2.170,891800,1958173
2018-04-23,2.180,2.163,2.180,2.146,782900,1688338
2018-04-24,2.165,2.218,2.230,2.165,1310400,2894834
2018-04-25,2.217,2.219,2.227,2.202,778200,1724691
2018-04-26,2.228,2.170,2.228,2.163,1063100,2320394
2018-04-27,2.171,2.152,2.175,2.140,947800,2043188
2018-05-02,2.151,2.154,2.154,2.125,794000,1701678
2018-05-03,2.154,2.187,2.187,2.130,890201,1918312
2018-05-04,2.187,2.180,2.194,2.178,518200,1132368
2018-05-07,2.180,2.270,2.275,2.172,2123682,4760933
2018-05-08,2.277,2.294,2.313,2.252,2309682,5288591
2018-05-09,2.291,2.285,2.294,2.270,647400,1477049
2018-05-10,2.284,2.317,2.318,2.284,1881482,4324166
2018-05-11,2.329,2.294,2.336,2.290,1422901,3283750
2018-05-14,2.295,2.334,2.339,2.295,1272300,2955723
2018-05-15,2.340,2.350,2.350,2.310,1031600,2407621
2018-05-16,2.348,2.352,2.379,2.341,1905918,4508731
2018-05-17,2.357,2.346,2.357,2.325,931300,2177841
2018-05-18,2.335,2.350,2.350,2.302,1132423,2635130
2018-05-21,2.355,2.362,2.377,2.354,1060518,2502609
2018-05-22,2.363,2.376,2.401,2.355,853800,2031322
2018-05-23,2.376,2.323,2.376,2.319,2266605,5294073
2018-05-24,2.317,2.288,2.325,2.281,1331300,3071215
2018-05-25,2.289,2.299,2.309,2.284,895900,2062022
2018-05-28,2.299,2.362,2.375,2.291,1716218,4034744
2018-05-29,2.360,2.338,2.419,2.329,3556818,8498099
2018-05-30,2.292,2.360,2.397,2.288,2647118,6201105
2018-05-31,2.369,2.480,2.480,2.353,4164118,10115740
2018-06-01,2.462,2.450,2.470,2.421,2858299,6984477
2018-06-04,2.450,2.476,2.489,2.432,2849900,7029072
2018-06-05,2.476,2.483,2.485,2.458,3142199,7766459
2018-06-06,2.481,2.474,2.485,2.458,1662299,4103412
2018-06-07,2.472,2.450,2.482,2.437,1586400,3895375
2018-06-08,2.449,2.413,2.453,2.399,1968600,4754343
2018-06-11,2.401,2.394,2.416,2.388,1116600,2681136
2018-06-12,2.394,2.474,2.478,2.394,2712300,6639509
2018-06-13,2.461,2.446,2.483,2.438,2198800,5402515
2018-06-14,2.444,2.430,2.457,2.407,1774200,4313907
2018-06-15,2.420,2.415,2.426,2.400,1496199,3606541
2018-06-19,2.370,2.295,2.412,2.278,2748899,6436893
2018-06-20,2.295,2.356,2.363,2.295,2081602,4852135
2018-06-21,2.355,2.345,2.390,2.340,2601700,6164206
2018-06-22,2.343,2.352,2.353,2.310,1247900,2912265
2018-06-25,2.366,2.353,2.383,2.353,2706780,6409098
2018-06-26,2.339,2.325,2.361,2.302,1765200,4112185
2018-06-27,2.337,2.240,2.337,2.165,2674600,6072219
2018-06-28,2.225,2.198,2.230,2.179,1050100,2316563
2018-06-29,2.200,2.263,2.264,2.185,2900433,6489612
2018-07-02,2.252,2.209,2.281,2.189,2676400,5950225
2018-07-03,2.207,2.164,2.215,2.091,3056681,6583029
2018-07-04,2.160,2.144,2.175,2.135,1370600,2947475
2018-07-05,2.135,2.128,2.185,2.115,1788500,3825577
2018-07-06,2.130,2.161,2.175,2.100,2135400,4581636
2018-07-09,2.168,2.224,2.224,2.168,6394800,14047111
2018-07-10,2.228,2.223,2.239,2.190,2430100,5374219
2018-07-11,2.207,2.186,2.215,2.163,3096300,6758631
2018-07-12,2.187,2.249,2.264,2.187,3719200,8299394
2018-07-13,2.260,2.294,2.297,2.241,2940800,6687471
2018-07-16,2.305,2.297,2.316,2.276,2872300,6580540
2018-07-17,2.280,2.260,2.298,2.245,2807500,6352012
2018-07-18,2.255,2.249,2.281,2.239,2484600,5606803
2018-07-19,2.260,2.244,2.260,2.222,3103200,6944316
2018-07-20,2.231,2.248,2.252,2.210,2408700,5374980
2018-07-23,2.248,2.233,2.248,2.208,1949600,4330980
2018-07-24,2.225,2.296,2.297,2.207,3399300,7685787
2018-07-25,2.288,2.284,2.295,2.270,1972400,4503982
2018-07-26,2.284,2.260,2.284,2.260,897500,2035006
2018-07-27,2.259,2.260,2.274,2.249,872800,1976589
2018-07-30,2.258,2.221,2.260,2.218,1297790,2895216
2018-07-31,2.221,2.223,2.225,2.200,1134890,2516717
2018-08-01,2.225,2.197,2.230,2.190,877890,1941156
2018-08-02,2.189,2.143,2.189,2.135,2031400,4366170
2018-08-03,2.140,2.117,2.154,2.116,843800,1798751
2018-08-06,2.116,2.047,2.123,2.032,1612200,3339186
2018-08-07,2.049,2.076,2.076,2.030,1432500,2946121
2018-08-08,2.084,2.044,2.084,2.035,835500,1719829
2018-08-09,2.043,2.091,2.098,2.036,2777000,5792703
2018-08-10,2.092,2.103,2.117,2.085,2053400,4310434
2018-08-13,2.090,2.078,2.090,2.038,1868900,3848183
2018-08-14,2.086,2.078,2.099,2.060,907600,1885087
2018-08-15,2.080,2.020,2.081,2.013,2169700,4405537
2018-08-16,2.004,1.993,2.025,1.970,1051400,2103353
2018-08-17,1.995,1.960,2.002,1.956,967300,1914690
2018-08-20,1.912,1.965,1.966,1.912,1282000,2481563
2018-08-21,1.962,2.030,2.030,1.962,1841900,3701691
2018-08-22,2.026,2.010,2.027,1.996,1165700,2338820
2018-08-23,2.012,2.034,2.080,1.998,2105601,4260097
2018-08-24,2.026,2.005,2.028,1.993,1924700,3857187
2018-08-27,2.014,2.071,2.072,2.009,1905700,3900345
2018-08-28,2.073,2.061,2.080,2.047,1404600,2893035
2018-08-29,2.058,2.058,2.058,2.037,789500,1617503
2018-08-30,2.051,2.038,2.069,2.037,978800,2004722
2018-08-31,2.040,2.016,2.040,1.988,827490,1655491
2018-09-03,1.998,2.012,2.016,1.990,631000,1262438
2018-09-04,2.009,2.016,2.020,1.992,465000,933871
2018-09-05,2.015,1.996,2.016,1.993,523300,1047634
2018-09-06,1.985,1.970,1.994,1.961,1013200,1999237
2018-09-07,1.973,1.963,1.992,1.945,772000,1519937
2018-09-10,1.951,1.931,1.961,1.788,1251400,2405982
2018-09-11,1.933,1.933,1.952,1.918,1128300,2175940
2018-09-12,1.933,1.895,1.933,1.891,1940300,3694435
2018-09-13,1.916,1.903,1.927,1.867,1508100,2845937
2018-09-14,1.912,1.928,1.940,1.894,1805200,3455755
2018-09-17,1.926,1.926,1.944,1.911,1048500,2021636
2018-09-18,1.922,1.978,1.992,1.913,1774300,3460518
2018-09-19,1.965,2.018,2.026,1.962,2351800,4694163
2018-09-20,2.015,2.010,2.024,2.002,1057500,2127300
2018-09-21,2.024,2.076,2.080,2.022,2222200,4566404
2018-09-25,2.060,2.069,2.078,2.052,2039400,4212951
2018-09-26,2.073,2.135,2.150,2.073,3550700,7546189
2018-09-27,2.134,2.146,2.150,2.107,1851600,3946951
2018-09-28,2.155,2.164,2.174,2.130,2245008,4824886
2018-10-08,2.140,2.082,2.140,2.064,2627100,5491223
2018-10-09,2.082,2.043,2.093,2.036,2080200,4277072
2018-10-10,2.044,2.014,2.060,2.006,1822500,3700155
2018-10-11,1.957,1.933,1.995,1.920,2353000,4606266
2018-10-12,1.938,1.991,1.995,1.935,1552100,3043414
2018-10-15,1.991,1.966,1.991,1.957,1942700,3827493
2018-10-16,1.960,1.936,1.973,1.935,1295300,2531970
2018-10-17,1.960,1.936,1.974,1.920,1345400,2615132
2018-10-18,1.942,1.904,1.944,1.903,1188900,2278217
2018-10-19,1.868,1.954,1.957,1.867,1482700,2840872
2018-10-22,1.966,2.064,2.068,1.966,3846100,7828681
2018-10-23,2.065,1.994,2.065,1.955,3014500,6057716
2018-10-24,1.986,1.951,1.986,1.925,2805200,5451917
2018-10-25,1.899,1.906,1.910,1.856,2453000,4608947
2018-10-26,1.923,1.830,1.923,1.822,4128800,7645314
2018-10-29,1.796,1.664,1.800,1.651,7636700,12949581
2018-10-30,1.652,1.658,1.678,1.616,5009101,8273242
2018-10-31,1.666,1.698,1.707,1.666,3833001,6485910
2018-11-01,1.717,1.734,1.767,1.714,4209500,7317423
2018-11-02,1.790,1.825,1.827,1.752,4771408,8562608
2018-11-05,1.819,1.797,1.820,1.760,5957108,10606724
2018-11-06,1.795,1.780,1.795,1.761,2091500,3698153
2018-11-07,1.780,1.786,1.808,1.773,2546600,4564775
2018-11-08,1.793,1.782,1.813,1.777,1577400,2828369
2018-11-09,1.770,1.775,1.784,1.759,1197350,2123664
2018-11-12,1.768,1.782,1.785,1.743,1818300,3209339
2018-11-13,1.751,1.823,1.830,1.751,3231100,5813951
2018-11-14,1.822,1.793,1.822,1.791,2545300,4590295
2018-11-15,1.795,1.807,1.809,1.791,2064300,3717229
2018-11-16,1.810,1.807,1.825,1.798,2806500,5077046
2018-11-19,1.807,1.826,1.833,1.801,1617000,2945613
2018-11-20,1.822,1.792,1.822,1.787,2174400,3922151
2018-11-21,1.768,1.811,1.818,1.761,2861434,5171595
2018-11-22,1.815,1.808,1.850,1.801,1172100,2124708
2018-11-23,1.807,1.785,1.810,1.780,1748200,3133010
2018-11-26,1.784,1.768,1.784,1.760,1670300,2959707
2018-11-27,1.769,1.763,1.775,1.754,1958300,3443250
2018-11-28,1.760,1.787,1.787,1.753,1643200,2912336
2018-11-29,1.796,1.781,1.815,1.781,2774100,5004478
2018-11-30,1.781,1.817,1.817,1.781,2865170,5172258
2018-12-03,1.868,1.887,1.895,1.852,3930473,7386610
2018-12-04,1.880,1.892,1.893,1.871,2889900,5435855
2018-12-05,1.868,1.903,1.914,1.865,6118800,11649530
2018-12-06,1.886,1.870,1.897,1.854,3437400,6431285
2018-12-07,1.863,1.853,1.869,1.850,4243500,7877435
2018-12-10,1.842,1.833,1.856,1.823,1717100,3160124
2018-12-11,1.834,1.846,1.849,1.834,1349700,2487294
2018-12-12,1.850,1.863,1.867,1.849,1255500,2331896
2018-12-13,1.872,1.896,1.907,1.860,3315000,6269650
2018-12-14,1.885,1.869,1.892,1.867,2289700,4299440
2018-12-17,1.858,1.847,1.861,1.836,1948800,3598099
2018-12-18,1.843,1.835,1.847,1.820,1673300,3066521
2018-12-19,1.840,1.810,1.847,1.804,2265100,4133215
2018-12-20,1.805,1.820,1.821,1.780,1549781,2796044
2018-12-21,1.810,1.796,1.810,1.785,806300,1446210
2018-12-24,1.790,1.805,1.809,1.770,1070200,1922234
2018-12-25,1.800,1.800,1.807,1.775,1574100,2819507
2018-12-26,1.800,1.787,1.810,1.786,1846500,3311297
2018-12-27,1.810,1.789,1.816,1.788,1523100,2743269
2018-12-28,1.798,1.815,1.822,1.777,2014100,3642637
2019-01-02,1.828,1.799,1.850,1.795,2428500,4410429
2019-01-03,1.801,1.770,1.804,1.759,2025400,3609116
2019-01-04,1.768,1.793,1.797,1.747,2461300,4381814
2019-01-07,1.809,1.812,1.814,1.794,3256400,5884146
2019-01-08,1.813,1.803,1.813,1.799,901600,1626242
2019-01-09,1.809,1.829,1.853,1.809,3356681,6168210
2019-01-10,1.840,1.821,1.840,1.806,2327681,4238837
2019-01-11,1.818,1.862,1.862,1.818,2441600,4490942
2019-01-14,1.851,1.841,1.853,1.827,2476800,4555991
2019-01-15,1.838,1.913,1.917,1.833,3892300,7337135
2019-01-16,1.908,1.903,1.915,1.895,3881200,7389556
2019-01-17,1.905,1.896,1.919,1.890,3077000,5853899
2019-01-18,1.899,1.944,1.946,1.899,4198880,8086843
2019-01-21,1.945,1.975,1.985,1.945,4563704,8986781
2019-01-22,1.967,1.945,1.967,1.931,3077234,5983624
2019-01-23,1.933,1.938,1.948,1.929,3628381,7030669
2019-01-24,1.937,1.952,1.957,1.930,3515524,6850757
2019-01-25,1.958,1.953,1.969,1.942,3898624,7630398
2019-01-28,1.955,1.962,1.995,1.950,4976000,9825679
2019-01-29,1.953,1.970,1.975,1.941,4222660,8271269
2019-01-30,1.966,1.943,1.975,1.939,2973500,5810924
2019-01-31,1.950,1.960,1.963,1.932,3382200,6585732
2019-02-01,1.965,1.996,1.996,1.965,3933154,7799187
2019-02-11,1.999,2.073,2.075,1.986,4308119,8779461
2019-02-12,2.075,2.079,2.092,2.063,4679800,9715392
2019-02-13,2.079,2.101,2.107,2.072,5708220,11897185
2019-02-14,2.100,2.136,2.141,2.092,5385100,11416054
2019-02-15,2.132,2.108,2.132,2.102,4615400,9757586
2019-02-18,2.120,2.180,2.182,2.120,7864519,17007772
2019-02-19,2.189,2.160,2.189,2.152,7406135,16066301
2019-02-20,2.160,2.175,2.190,2.137,4135016,8963228
2019-02-21,2.173,2.163,2.190,2.150,4888900,10622301
2019-02-22,2.151,2.170,2.170,2.133,6637000,14266998
2019-02-25,2.192,2.272,2.387,2.161,12220158,27000762
2019-02-26,2.258,2.220,2.258,2.217,7943302,17740216
2019-02-27,2.215,2.259,2.284,2.214,8018882,18039324
2019-02-28,2.235,2.251,2.264,2.220,4353000,9767422
2019-03-01,2.259,2.320,2.321,2.257,7571403,17291852
2019-03-04,2.323,2.342,2.384,2.321,8649400,20320340
2019-03-05,2.342,2.354,2.373,2.323,7374131,17299122
2019-03-06,2.342,2.339,2.354,2.313,8296780,19314406
2019-03-07,2.331,2.285,2.331,2.267,10081900,23091366
2019-03-08,2.246,2.248,2.286,2.226,9225070,20881613
2019-03-11,2.242,2.318,2.323,2.241,8461805,19438319
2019-03-12,2.325,2.325,2.355,2.299,9177396,21309705
2019-03-13,2.321,2.285,2.337,2.274,6357200,14660827
2019-03-14,2.272,2.300,2.320,2.270,11992966,27591720
2019-03-15,2.300,2.339,2.356,2.287,11153400,26002749
2019-03-18,2.341,2.518,2.518,2.341,14696450,35645348
2019-03-19,2.500,2.498,2.530,2.451,9231508,22935016
2019-03-20,2.473,2.508,2.569,2.441,8863800,22226970
2019-03-21,2.500,2.486,2.504,2.469,6843400,16991309
2019-03-22,2.454,2.482,2.503,2.439,7127408,17613225
2019-03-25,2.443,2.400,2.463,2.400,10136600,24688947
2019-03-26,2.407,2.395,2.436,2.384,10636930,25573035
2019-03-27,2.410,2.458,2.472,2.390,13168718,32059322
2019-03-28,2.455,2.487,2.510,2.450,13100100,32539743
2019-03-29,2.501,2.598,2.640,2.500,13515921,34749265
2019-04-01,2.610,2.690,2.699,2.602,14432029,38255298
2019-04-02,2.718,2.660,2.718,2.638,13886009,37003741
2019-04-03,2.641,2.686,2.693,2.626,11492000,30560037
2019-04-04,2.678,2.778,2.778,2.673,14877619,40403205
2019-04-08,2.778,2.835,2.858,2.730,19949203,55660153
2019-04-09,2.773,2.784,2.788,2.730,24204300,66680633
2019-04-10,2.742,2.777,2.820,2.714,19707400,54467363
2019-04-11,2.779,2.676,2.779,2.674,22801900,61750793
2019-04-12,2.650,2.679,2.691,2.640,16160200,43063874
2019-04-15,2.720,2.667,2.751,2.667,20613800,56010402
2019-04-16,2.648,2.714,2.714,2.622,15683704,41874936
2019-04-17,2.711,2.748,2.759,2.692,15027600,40940326
2019-04-18,2.734,2.741,2.752,2.720,7475700,20493033
2019-04-19,2.739,2.743,2.747,2.699,11606200,31596738
2019-04-22,2.749,2.736,2.793,2.724,18988494,52403249
2019-04-23,2.735,2.755,2.780,2.700,14365000,39478629
2019-04-24,2.760,2.761,2.784,2.721,15119500,41540965
2019-04-25,2.750,2.722,2.777,2.717,18070456,49756837
2019-04-26,2.690,2.716,2.758,2.690,16001456,43681550
2019-04-29,2.707,2.744,2.792,2.684,23391549,64226701
2019-04-30,2.726,2.768,2.785,2.725,17963044,49601801
2019-05-06,2.697,2.631,2.709,2.607,29506737,78314891
2019-05-07,2.625,2.688,2.698,2.625,17370870,46193456
2019-05-08,2.654,2.644,2.694,2.609,10905200,28968007
2019-05-09,2.623,2.567,2.625,2.536,23077700,59400180
2019-05-10,2.587,2.687,2.689,2.585,21234900,56215673
2019-05-13,2.679,2.701,2.721,2.633,18779596,50529689
2019-05-14,2.660,2.681,2.820,2.660,12738459,34305234
2019-05-15,2.708,2.839,2.853,2.702,26635755,74010433
2019-05-16,2.820,2.915,2.932,2.796,26373659,75621924
2019-05-17,2.887,2.856,2.890,2.821,20796201,59419276
2019-05-20,2.800,2.780,2.810,2.700,23984475,66040568
2019-05-21,2.756,2.779,2.806,2.672,20342800,55998751
2019-05-22,2.750,2.713,2.760,2.709,16417400,44832074
2019-05-23,2.689,2.634,2.697,2.624,18147889,48290802
2019-05-24,2.633,2.644,2.681,2.623,16191094,42924484
2019-05-27,2.659,2.688,2.696,2.607,18967500,50358136
2019-05-28,2.685,2.716,2.757,2.673,21684457,58829911
2019-05-29,2.699,2.727,2.745,2.686,13418428,36541496
2019-05-30,2.716,2.729,2.750,2.695,15485528,42053148
2019-05-31,2.729,2.712,2.747,2.703,12682200,34539840
2019-06-03,2.719,2.717,2.755,2.701,14536507,39611435
2019-06-04,2.724,2.674,2.724,2.653,14108900,37804460
2019-06-05,2.692,2.668,2.699,2.666,10097475,27067424
2019-06-06,2.673,2.629,2.674,2.619,11102295,29335011
2019-06-10,2.630,2.682,2.686,2.602,14759500,39206007
2019-06-11,2.682,2.825,2.829,2.680,30635659,84910231
2019-06-12,2.819,2.792,2.822,2.788,15191553,42598181
2019-06-13,2.799,2.786,2.805,2.746,15862010,44047453
2019-06-14,2.781,2.753,2.808,2.752,11061705,30721113
2019-06-17,2.752,2.718,2.778,2.710,13699400,37431625
2019-06-18,2.717,2.737,2.745,2.701,8814095,24010452
2019-06-19,2.817,2.758,2.830,2.753,21563500,60145766
2019-06-20,2.759,2.837,2.855,2.749,31442390,88400720
2019-06-21,2.838,2.837,2.850,2.809,22156679,62613025
2019-06-24,2.835,2.845,2.873,2.805,22220400,63137400
2019-06-25,2.842,2.827,2.846,2.786,15176301,42700680
2019-06-26,2.809,2.813,2.827,2.801,11671531,32832244
2019-06-27,2.820,2.859,2.865,2.818,16551684,47135601
2019-06-28,2.858,2.863,2.868,2.840,18124000,51756718
2019-07-01,2.922,2.988,2.988,2.900,25239625,74527435
2019-07-02,2.971,2.994,2.999,2.967,17811095,53136246
2019-07-03,2.986,2.950,3.008,2.936,26207591,77855874
2019-07-04,2.930,2.889,2.947,2.873,23767468,68850983
2019-07-05,2.884,2.956,2.968,2.884,19401000,56771097
2019-07-08,2.940,2.925,2.950,2.878,20193700,59039017
2019-07-09,2.917,2.928,2.948,2.890,11666300,34096100
2019-07-10,2.936,2.928,2.949,2.917,9955300,29203913
2019-07-11,2.940,2.920,2.964,2.916,13456800,39546035
2019-07-12,2.917,2.949,2.954,2.916,13346400,39251037
2019-07-15,2.938,2.960,2.965,2.893,17765600,52075573
2019-07-16,2.953,2.926,2.970,2.925,14103000,41428031
2019-07-17,2.920,2.926,2.944,2.910,10947308,32084354
2019-07-18,2.912,2.879,2.921,2.878,10211081,29591264
2019-07-19,2.881,2.900,2.919,2.881,7149714,20758111
2019-07-22,2.900,2.888,2.912,2.880,9378500,27132159
2019-07-23,2.892,2.865,2.896,2.842,11324900,32448606
2019-07-24,2.866,2.870,2.886,2.862,9040801,26005153
2019-07-25,2.868,2.900,2.900,2.846,10264800,29419939
2019-07-26,2.894,2.893,2.899,2.881,6844900,19791784
2019-07-29,2.892,2.925,2.930,2.876,9926871,28889246
2019-07-30,2.924,2.918,2.934,2.904,9271500,27090072
2019-07-31,2.910,2.883,2.917,2.880,8006400,23147429
2019-08-01,2.876,2.867,2.892,2.853,9485900,27273380
2019-08-02,2.822,2.855,2.860,2.800,8875500,25160735
2019-08-05,2.832,2.827,2.866,2.824,11875603,33714021
2019-08-06,2.795,2.802,2.812,2.736,10285190,28551170
2019-08-07,2.821,2.788,2.823,2.786,5305300,14874815
2019-08-08,2.792,2.817,2.839,2.792,6287456,17723777
2019-08-09,2.830,2.777,2.843,2.770,8099300,22740350
2019-08-12,2.784,2.827,2.829,2.784,6281000,17654237
2019-08-13,2.812,2.819,2.833,2.805,4785200,13493960
2019-08-14,2.848,2.850,2.860,2.840,7500056,21375261
2019-08-15,2.814,2.846,2.848,2.806,5742300,16233040
2019-08-16,2.846,2.884,2.916,2.844,14363000,41481877
2019-08-19,2.911,2.918,2.918,2.846,15198100,43820674
2019-08-20,2.906,2.915,2.920,2.884,7596400,22049775
2019-08-21,2.908,2.894,2.916,2.892,6164600,17916931
2019-08-22,2.900,2.940,2.942,2.898,8950896,26136433
2019-08-23,2.940,2.951,2.957,2.926,8703200,25652110
2019-08-26,2.905,2.909,2.936,2.896,8529996,24858828
2019-08-27,2.918,2.986,3.007,2.915,14191451,42253223
2019-08-28,2.999,3.022,3.032,2.969,15895039,47714325
2019-08-29,3.022,3.028,3.036,3.000,8286164,25010693
2019-08-30,3.036,3.062,3.089,3.030,12723200,38977486
2019-09-02,3.062,3.084,3.084,3.044,11493373,35258159
2019-09-03,3.084,3.077,3.110,3.060,9875682,30435474
2019-09-04,3.072,3.050,3.079,3.029,10519100,32007323
2019-09-05,3.059,3.068,3.080,3.051,11912161,36541404
2019-09-06,3.078,3.055,3.078,3.030,10200100,31035334
2019-09-09,3.056,3.047,3.060,3.040,9956924,30327933
2019-09-10,3.045,3.045,3.052,3.029,7817500,23784383
2019-09-11,3.045,2.960,3.050,2.959,17022963,50990815
2019-09-12,2.956,2.973,2.973,2.950,10401200,30830577
2019-09-16,2.965,2.962,2.975,2.945,10290211,30444226
2019-09-17,2.957,2.946,2.972,2.934,10493000,31002345
2019-09-18,2.950,3.004,3.005,2.950,15353600,45924879
2019-09-19,3.001,3.005,3.005,2.964,8440665,25170843
2019-09-20,3.005,3.008,3.023,3.001,8136400,24496914
2019-09-23,3.001,2.971,3.001,2.955,9195558,27294820
2019-09-24,2.971,2.984,3.004,2.971,7719600,23073976
2019-09-25,2.976,2.975,2.995,2.961,5881800,17517546
2019-09-26,2.975,2.927,2.991,2.906,12598868,36942545
2019-09-27,2.923,2.935,2.953,2.900,8368399,24504790
2019-09-30,2.922,2.921,2.950,2.920,6910900,20275238
2019-10-08,2.920,2.966,2.977,2.913,9279665,27504532
2019-10-09,2.965,2.940,2.965,2.921,6508800,19114666
2019-10-10,2.933,2.965,2.975,2.900,10075487,29632569
2019-10-11,2.963,2.980,2.998,2.953,9659600,28755309
2019-10-14,2.989,2.996,2.999,2.960,11894283,35535375
2019-10-15,2.991,3.008,3.010,2.973,10021437,30086712
2019-10-16,2.997,2.968,2.998,2.962,10431400,30997671
2019-10-17,2.968,2.962,2.972,2.957,4395600,13015546
2019-10-18,2.959,2.948,2.978,2.945,6456100,19103101
2019-10-21,2.948,2.967,2.976,2.940,5792535,17158740
2019-10-22,2.970,2.980,2.984,2.958,6500520,19313363
2019-10-23,2.980,2.951,3.004,2.947,10777648,32028227
2019-10-24,2.952,2.925,2.955,2.916,7530400,22066834
2019-10-25,2.927,2.999,3.000,2.924,15857900,47139578
2019-10-28,2.996,3.025,3.029,2.982,11451400,34477504
2019-10-29,3.025,3.057,3.075,3.017,11318200,34598248
2019-10-30,3.057,3.043,3.062,3.011,6291100,19105746
2019-10-31,3.060,3.053,3.093,3.040,10066329,30848419
2019-11-01,3.051,3.064,3.074,3.023,6767858,20653210
2019-11-04,3.065,3.082,3.091,3.061,6549027,20180212
2019-11-05,3.078,3.103,3.118,3.075,10665869,33074835
2019-11-06,3.103,3.067,3.116,3.053,10428369,32020265
2019-11-07,3.065,3.085,3.100,3.061,6267569,19321924
2019-11-08,3.109,3.080,3.109,3.078,6352800,19650725
2019-11-11,3.073,3.044,3.084,3.039,11322900,34616940
2019-11-12,3.045,3.057,3.066,3.032,6371800,19429353
2019-11-13,3.048,3.070,3.073,3.046,5423300,16589708
2019-11-14,3.070,3.074,3.085,3.055,7252300,22314168
2019-11-15,3.081,3.035,3.081,3.032,12173800,37108327
2019-11-18,3.027,3.046,3.050,3.015,5938800,18018495
2019-11-19,3.046,3.072,3.077,3.042,5686500,17433345
2019-11-20,3.065,3.067,3.092,3.061,7281700,22412912
2019-11-21,3.050,3.053,3.069,3.042,6187400,18898791
2019-11-22,3.054,2.994,3.069,2.978,16907400,50857199
2019-11-25,2.992,2.977,2.994,2.954,7468587,22184750
2019-11-26,2.981,3.004,3.015,2.978,8439400,25308608
2019-11-27,3.000,3.002,3.014,2.987,7031600,21088829
2019-11-28,3.004,2.993,3.015,2.981,5876700,17625605
2019-11-29,2.989,2.927,2.989,2.906,17460869,51261882
2019-12-02,2.924,2.948,2.967,2.924,8565161,25295470
2019-12-03,2.937,2.948,2.949,2.926,7523300,22124554
2019-12-04,2.953,2.947,2.965,2.928,7249600,21327433
2019-12-05,2.948,2.954,2.956,2.935,9481700,27944300
2019-12-06,2.956,2.988,2.988,2.955,10364231,30851269
2019-12-09,3.000,2.970,3.001,2.968,6662394,19858365
2019-12-10,2.969,2.957,2.970,2.939,8673300,25577582
2019-12-11,2.957,2.924,2.957,2.920,15675350,45880306
2019-12-12,2.923,2.909,2.932,2.903,14397887,41957535
2019-12-13,2.923,2.942,2.945,2.918,14189900,41634349
2019-12-16,2.950,2.930,2.950,2.915,18289600,53468465
2019-12-17,2.931,2.975,2.976,2.930,21368600,63145215
2019-12-18,2.975,2.962,2.985,2.956,19220200,57046321
2019-12-19,2.962,2.943,2.962,2.934,10692300,31463674
2019-12-20,2.950,2.941,2.950,2.934,9735157,28644768
2019-12-23,2.931,2.911,2.949,2.910,13979200,40949507
2019-12-24,2.911,2.921,2.924,2.903,7680700,22394473
2019-12-25,2.920,2.905,2.922,2.894,15346078,44554385
2019-12-26,2.903,2.902,2.907,2.894,12359884,35818436
2019-12-27,2.902,2.938,2.958,2.902,24364599,71609232
2019-12-30,2.939,3.000,3.000,2.936,29857500,88875438
2019-12-31,3.001,3.018,3.021,3.000,17657444,53177832
2020-01-02,3.045,3.025,3.046,2.990,19500286,58905887
2020-01-03,3.024,3.008,3.037,2.990,19904110,59959597
2020-01-06,2.990,3.013,3.028,2.986,24990300,75316402
2020-01-07,3.014,3.080,3.086,3.014,18584873,56950347
2020-01-08,3.070,3.059,3.092,3.053,12166073,37369600
2020-01-09,3.067,3.107,3.107,3.067,14929173,46159606
2020-01-10,3.099,3.097,3.107,3.075,13100373,40512615
2020-01-13,3.096,3.143,3.144,3.094,13258467,41545193
2020-01-14,3.149,3.118,3.150,3.110,12598400,39323548
2020-01-15,3.108,3.123,3.152,3.108,10873000,34005944
2020-01-16,3.129,3.129,3.139,3.113,10436100,32639417
2020-01-17,3.130,3.104,3.139,3.100,15028260,46794544
2020-01-20,3.110,3.099,3.133,3.077,19074548,58969497
2020-01-21,3.093,3.033,3.093,3.028,23736011,72179757
2020-01-22,3.011,3.022,3.032,2.969,19570800,58765366
2020-01-23,2.998,2.907,2.998,2.876,35222500,103153719
2020-02-03,2.616,2.616,2.700,2.616,31116875,82022786
2020-02-04,2.590,2.723,2.729,2.590,22284444,59783052
2020-02-05,2.729,2.775,2.785,2.723,16411020,45271439
2020-02-06,2.785,2.861,2.869,2.771,32231800,91494959
2020-02-07,2.856,2.895,2.895,2.826,20567050,58926298
2020-02-10,2.873,2.931,2.937,2.869,21073214,61455588
2020-02-11,2.931,2.949,2.977,2.918,50174305,148248320
2020-02-12,2.941,2.959,2.965,2.937,10191301,30094862
2020-02-13,2.951,2.944,2.982,2.942,16729099,49483459
2020-02-14,2.945,2.967,2.978,2.939,30094295,89133556
2020-02-17,2.966,3.018,3.018,2.953,19005660,56958535
2020-02-18,3.018,3.002,3.018,2.983,14803669,44353274
2020-02-19,3.002,3.041,3.060,2.999,14251697,43279440
2020-02-20,3.052,3.099,3.106,3.052,53042400,163618450
2020-02-21,3.103,3.083,3.108,3.067,98087875,302103920
2020-02-24,3.078,3.048,3.079,3.020,28917840,88031745
2020-02-25,3.002,3.039,3.046,2.979,24038293,72621969
2020-02-26,3.020,3.012,3.051,3.000,17453367,52793834
2020-02-27,3.017,3.058,3.081,3.017,25851051,79038172
2020-02-28,2.999,2.932,3.014,2.912,27059388,80282500
2020-03-02,2.933,3.023,3.034,2.933,20294600,60999162
2020-03-03,3.039,3.049,3.069,3.037,19670770,60039920
2020-03-04,3.049,3.100,3.100,3.040,22242500,68446295
2020-03-05,3.115,3.250,3.264,3.108,78743542,252811031
2020-03-06,3.239,3.189,3.269,3.180,74905742,241345488
2020-03-09,3.160,3.092,3.160,3.091,42414376,132137303
2020-03-10,3.070,3.153,3.172,3.039,50149099,156831690
2020-03-11,3.165,3.138,3.199,3.133,32565500,102984933
2020-03-12,3.096,3.051,3.096,3.036,26928200,82362292
2020-03-13,2.901,3.007,3.039,2.901,37728739,111554447
2020-03-16,3.040,2.884,3.040,2.860,43050740,126622687
2020-03-17,2.858,2.843,2.920,2.756,39715264,112823510
2020-03-18,2.843,2.832,2.946,2.829,32671800,94676804
2020-03-19,2.834,2.794,2.848,2.713,43077640,119470170
2020-03-20,2.821,2.873,2.875,2.800,22006798,62442535
2020-03-23,2.788,2.787,2.823,2.755,41974200,117165518
2020-03-24,2.825,2.881,2.885,2.818,34679400,99123367
2020-03-25,2.971,2.946,2.971,2.913,47352300,139144270
2020-03-26,2.907,2.942,2.980,2.907,33935771,100305771
2020-03-27,2.978,2.965,3.000,2.962,40068131,119406773
2020-03-30,2.936,2.964,2.971,2.923,34407429,101657059
2020-03-31,2.989,3.080,3.083,2.980,46049122,140308006
2020-04-01,3.082,3.050,3.086,3.024,44607130,136290406
2020-04-02,3.023,3.071,3.071,3.013,26380700,80062213
2020-04-03,3.054,3.090,3.123,3.050,32884181,101719652
2020-04-07,3.122,3.193,3.209,3.122,43362694,137630750
2020-04-08,3.178,3.160,3.193,3.150,29790992,94214270
2020-04-09,3.180,3.168,3.182,3.139,27610144,87241319
2020-04-10,3.168,3.174,3.222,3.157,42969100,136908137
2020-04-13,3.142,3.138,3.161,3.118,27379900,85837643
2020-04-14,3.154,3.196,3.199,3.138,20083005,63789369
2020-04-15,3.197,3.165,3.209,3.161,24832483,79028835
2020-04-16,3.158,3.157,3.176,3.140,20204900,63713638
2020-04-17,3.170,3.184,3.212,3.162,28780150,91827034
2020-04-20,3.195,3.201,3.203,3.175,23989250,76655471
2020-04-21,3.190,3.160,3.193,3.137,19385199,61165487
2020-04-22,3.146,3.265,3.268,3.137,40547134,130952258
2020-04-23,3.265,3.277,3.329,3.251,27829434,91670885
2020-04-24,3.277,3.283,3.305,3.250,49063200,161209267
2020-04-27,3.291,3.302,3.320,3.265,23294877,76885295
2020-04-28,3.302,3.363,3.373,3.273,22633348,75367860
2020-04-29,3.351,3.283,3.354,3.273,42551057,140532165
2020-04-30,3.291,3.282,3.302,3.257,36348124,119149804
2020-05-06,3.263,3.303,3.309,3.241,25562400,83860752
2020-05-07,3.297,3.349,3.364,3.294,41041848,137164099
2020-05-08,3.356,3.365,3.392,3.329,60951000,205253011
2020-05-11,3.366,3.323,3.394,3.310,34617633,115585352
2020-05-12,3.316,3.349,3.356,3.306,30535142,102043867
2020-05-13,3.348,3.394,3.396,3.331,22981700,77566792
2020-05-14,3.387,3.348,3.387,3.347,26076300,87624316
2020-05-15,3.350,3.325,3.367,3.312,28502226,94890362
2020-05-18,3.323,3.414,3.425,3.316,42910141,145538712
2020-05-19,3.431,3.417,3.435,3.393,26026048,88676116
2020-05-20,3.414,3.386,3.416,3.379,25517500,86560414
2020-05-21,3.386,3.376,3.409,3.365,17824900,60379593
2020-05-22,3.368,3.290,3.368,3.271,39296400,130195798
2020-05-25,3.277,3.357,3.360,3.265,36393267,121383629
2020-05-26,3.357,3.377,3.380,3.339,23287559,78340940
2020-05-27,3.374,3.343,3.376,3.331,17419100,58333496
2020-05-28,3.334,3.333,3.359,3.293,20906300,69518569
2020-05-29,3.303,3.370,3.378,3.303,21713312,72859716
2020-06-01,3.400,3.460,3.476,3.400,30139573,103842469
2020-06-02,3.457,3.449,3.493,3.438,25686594,88939063
2020-06-03,3.450,3.431,3.472,3.424,25758660,88576133
2020-06-04,3.443,3.458,3.467,3.432,18108860,62495413
2020-06-05,3.457,3.453,3.457,3.420,18193708,62615223
2020-06-08,3.465,3.471,3.506,3.453,30017400,104382691
2020-06-09,3.473,3.496,3.497,3.454,15138900,52798626
2020-06-10,3.494,3.513,3.520,3.490,18130048,63610135
2020-06-11,3.508,3.450,3.509,3.426,43473200,150492817
2020-06-12,3.398,3.450,3.472,3.382,29854300,102521044
2020-06-15,3.442,3.438,3.475,3.426,27826400,96050812
2020-06-16,3.450,3.470,3.471,3.445,55482600,191969224
2020-06-17,3.471,3.478,3.487,3.446,24614700,85347999
2020-06-18,3.476,3.508,3.514,3.457,25269400,88337311
2020-06-19,3.501,3.569,3.593,3.499,54098007,192876878
2020-06-22,3.584,3.575,3.598,3.559,34516808,123477059
2020-06-23,3.575,3.624,3.638,3.571,19583470,70609792
2020-06-24,3.640,3.659,3.666,3.624,20358701,74138178
2020-06-29,3.646,3.669,3.674,3.636,15522100,56691461
2020-06-30,3.674,3.716,3.733,3.674,21063300,78100727
2020-07-01,3.719,3.831,3.857,3.719,33339963,127111227
2020-07-02,3.840,3.898,3.920,3.820,27895400,108243937
2020-07-03,3.900,3.905,3.905,3.821,33070834,127737640
2020-07-06,3.905,4.046,4.060,3.888,32497911,129073500
2020-07-07,4.080,4.118,4.194,4.079,39410409,163099356
2020-07-08,4.110,4.166,4.166,4.082,33713894,139476594
2020-07-09,4.173,4.222,4.222,4.156,40988260,171231957
2020-07-10,4.214,4.240,4.271,4.179,28943771,122488020
2020-07-13,4.238,4.448,4.458,4.230,44130054,193416969
2020-07-14,4.448,4.418,4.476,4.297,53345986,234163750
2020-07-15,4.419,4.473,4.505,4.385,49885516,222065341
2020-07-16,4.429,4.137,4.429,4.112,88037205,373211917
2020-07-17,4.067,4.229,4.256,4.066,57877625,242644012
2020-07-20,4.272,4.221,4.293,4.078,38887441,162324267
2020-07-21,4.215,4.270,4.314,4.195,32753520,139691065
2020-07-22,4.263,4.350,4.380,4.230,37213115,161330471
2020-07-23,4.347,4.344,4.371,4.258,42152551,182309112
2020-07-24,4.329,4.190,4.329,4.143,44899116,189997628
2020-07-27,4.192,4.217,4.268,4.168,31731300,133795366
2020-07-28,4.233,4.361,4.385,4.233,46305000,200327573
2020-07-29,4.347,4.396,4.408,4.282,152701761,665590224
2020-07-30,4.390,4.420,4.460,4.370,76750647,339993823
2020-07-31,4.406,4.443,4.482,4.357,51446380,228110063
2020-08-03,4.461,4.501,4.501,4.452,38071661,170370062
2020-08-04,4.505,4.475,4.542,4.459,63852956,287182835
2020-08-05,4.465,4.536,4.536,4.421,40365006,181061139
2020-08-06,4.528,4.440,4.531,4.400,62826009,279163718
2020-08-07,4.418,4.359,4.452,4.296,112609673,491293098
2020-08-10,4.360,4.377,4.396,4.320,78020157,340479118
2020-08-11,4.396,4.393,4.486,4.383,61965188,275368997
2020-08-12,4.391,4.330,4.398,4.268,35802927,154705624
2020-08-13,4.332,4.352,4.389,4.332,25580327,111555122
2020-08-14,4.352,4.441,4.448,4.352,36906504,162167588
2020-08-17,4.460,4.490,4.500,4.449,31731946,142277911
2020-08-18,4.495,4.556,4.579,4.470,32748840,148590255
2020-08-19,4.542,4.538,4.594,4.511,32413825,147744124
2020-08-20,4.500,4.460,4.512,4.431,27756500,124002270
2020-08-21,4.462,4.515,4.540,4.462,27765862,125256636
2020-08-24,4.515,4.612,4.617,4.515,31314800,143625591
2020-08-25,4.598,4.663,4.693,4.598,46222892,215385412
2020-08-26,4.660,4.647,4.717,4.601,40157120,186839285
2020-08-27,4.654,4.715,4.716,4.628,40098711,187358010
2020-08-28,4.720,4.870,4.899,4.705,44514534,214374412
2020-08-31,4.926,4.879,4.966,4.870,58898800,289656416
2020-09-01,4.858,4.870,4.879,4.790,46118177,223000595
2020-09-02,4.873,4.895,4.935,4.837,36621612,179437716
2020-09-03,4.890,4.860,4.960,4.821,57848868,282548450
2020-09-04,4.762,4.749,4.767,4.675,53395914,252001221
2020-09-07,4.720,4.594,4.752,4.550,48946458,228093827
2020-09-08,4.589,4.523,4.606,4.472,51880705,234041603
2020-09-09,4.466,4.399,4.486,4.363,49126223,217552329
2020-09-10,4.449,4.433,4.502,4.420,34014550,151810576
2020-09-11,4.426,4.510,4.510,4.398,25887005,115222367
2020-09-14,4.516,4.509,4.544,4.482,30369070,136849273
2020-09-15,4.503,4.524,4.531,4.468,33742253,152075701
2020-09-16,4.536,4.458,4.554,4.439,34584681,154941565
2020-09-17,4.425,4.361,4.425,4.312,32136650,140172050
2020-09-18,4.350,4.444,4.445,4.333,40454575,177257961
2020-09-21,4.440,4.379,4.443,4.371,17254800,75766780
2020-09-22,4.340,4.346,4.409,4.333,19829692,86763812
2020-09-23,4.318,4.365,4.372,4.273,18986509,82373955
2020-09-24,4.317,4.292,4.368,4.275,22788698,98313899
2020-09-25,4.300,4.311,4.332,4.294,15786114,68093868
2020-09-28,4.310,4.311,4.364,4.309,14825900,64210747
2020-09-29,4.340,4.353,4.366,4.313,15123654,65764681
2020-09-30,4.367,4.361,4.421,4.335,19360520,84766159
2020-10-09,4.426,4.449,4.473,4.404,31009300,137477689
2020-10-12,4.458,4.634,4.640,4.458,44197600,202391315
2020-10-13,4.638,4.674,4.687,4.594,38194989,177397459
2020-10-14,4.670,4.632,4.692,4.622,29044003,135049947
2020-10-15,4.631,4.593,4.636,4.584,26878809,123702978
2020-10-16,4.592,4.560,4.623,4.534,20328556,92944398
2020-10-19,4.562,4.498,4.602,4.482,24231211,109976033
2020-10-20,4.493,4.606,4.606,4.480,24143400,110108687
2020-10-21,4.600,4.598,4.621,4.554,35211911,161345348
2020-10-22,4.573,4.601,4.608,4.521,23241200,106211100
2020-10-23,4.588,4.489,4.597,4.472,35079588,158784698
2020-10-26,4.431,4.442,4.458,4.337,20489392,90250088
2020-10-27,4.428,4.477,4.493,4.428,15459900,69012493
2020-10-28,4.485,4.573,4.594,4.481,24028058,109457628
2020-10-29,4.540,4.670,4.691,4.530,36417734,169092379
2020-10-30,4.650,4.510,4.650,4.509,34553500,157465666
2020-11-02,4.510,4.521,4.561,4.504,17075358,77394589
2020-11-03,4.525,4.577,4.585,4.519,26154282,119174947
2020-11-04,4.573,4.592,4.598,4.549,22146981,101266124
2020-11-05,4.614,4.656,4.669,4.614,24296381,112813337
2020-11-06,4.678,4.610,4.688,4.563,25292404,116486907
2020-11-09,4.631,4.704,4.717,4.630,31359248,146761015
2020-11-10,4.705,4.723,4.765,4.649,33062409,155963954
2020-11-11,4.712,4.686,4.808,4.685,28611600,135851634
2020-11-12,4.679,4.688,4.720,4.650,19917210,93211139
2020-11-13,4.670,4.605,4.670,4.547,27113300,124506454
2020-11-16,4.606,4.714,4.716,4.600,24915533,116063378
2020-11-17,4.714,4.652,4.714,4.619,20047700,93649284
2020-11-18,4.646,4.616,4.663,4.579,20218800,93381988
2020-11-19,4.610,4.687,4.700,4.575,27710465,129083838
2020-11-20,4.683,4.707,4.726,4.668,16827841,79104493
2020-11-23,4.741,4.743,4.783,4.727,22984025,109076430
2020-11-24,4.740,4.730,4.740,4.678,14189692,66821376
2020-11-25,4.739,4.608,4.739,4.600,29363334,136474553
2020-11-26,4.599,4.632,4.640,4.551,15798428,72785481
2020-11-27,4.625,4.667,4.668,4.606,14478700,67220005
2020-11-30,4.670,4.597,4.676,4.585,19844700,91527518
2020-12-01,4.580,4.634,4.650,4.580,13632500,63051108
2020-12-02,4.665,4.662,4.679,4.616,18941000,88032378
2020-12-03,4.645,4.713,4.716,4.645,18174670,85062037
2020-12-04,4.712,4.808,4.817,4.710,33433552,159886433
2020-12-07,4.808,4.840,4.881,4.803,22499399,109029345
2020-12-08,4.839,4.888,4.900,4.820,22339880,108676565
2020-12-09,4.888,4.819,4.897,4.818,39594889,192098666
2020-12-10,4.800,4.818,4.875,4.792,26964078,130267368
2020-12-11,4.823,4.801,4.832,4.756,19949893,95694487
2020-12-14,4.807,4.918,4.918,4.800,27350715,133202416
2020-12-15,4.921,4.888,4.921,4.840,24547985,119747894
2020-12-16,4.880,4.950,4.962,4.880,26599375,131023627
2020-12-17,4.949,4.995,5.020,4.932,28827627,143708833
2020-12-18,4.967,4.952,5.014,4.913,32544727,161363030
2020-12-21,4.946,5.018,5.035,4.901,27432000,136946240
2020-12-22,5.003,4.997,5.066,4.992,26757174,134473138
2020-12-23,4.998,5.012,5.089,4.919,36944500,184977275
2020-12-24,4.969,4.955,5.017,4.926,20166815,100178408
2020-12-25,4.920,4.974,4.977,4.893,21762800,107516432
2020-12-28,4.974,5.101,5.105,4.973,24827202,125651420
2020-12-29,5.108,5.060,5.118,5.023,21814487,110413902
2020-12-30,5.055,5.130,5.135,5.036,17514660,89468215
2020-12-31,5.139,5.215,5.228,5.131,44210676,229581560
2021-01-04,5.226,5.458,5.471,5.223,29749146,160145420
2021-01-05,5.459,5.727,5.737,5.433,65046640,366650797
2021-01-06,5.782,5.743,5.799,5.620,72858716,416224774
2021-01-07,5.731,5.799,5.799,5.631,47814665,273366212
2021-01-08,5.793,5.647,5.836,5.600,51408820,293123483
2021-01-11,5.640,5.473,5.640,5.439,55781586,307360217
2021-01-12,5.432,5.603,5.604,5.425,37145561,205472723
2021-01-13,5.601,5.516,5.608,5.470,30035590,166550639
2021-01-14,5.474,5.387,5.510,5.366,29619220,160352619
2021-01-15,5.369,5.286,5.369,5.177,39965366,210311091
2021-01-18,5.238,5.281,5.301,5.201,35917313,188896240
2021-01-19,5.292,5.172,5.324,5.155,44656224,233220321
2021-01-20,5.162,5.207,5.219,5.076,42195520,217774888
2021-01-21,5.210,5.309,5.349,5.208,42345251,223146002
2021-01-22,5.309,5.315,5.345,5.270,34870801,184707745
2021-01-25,5.312,5.523,5.523,5.305,51733031,281834201
2021-01-26,5.524,5.452,5.534,5.435,36714593,201218247
2021-01-27,5.428,5.409,5.436,5.290,29328736,157549723
2021-01-28,5.356,5.300,5.393,5.297,20425910,109028316
2021-01-29,5.330,5.324,5.388,5.239,23554588,125733664
2021-02-01,5.329,5.314,5.378,5.297,26927483,143436968
2021-02-02,5.316,5.480,5.483,5.316,50161839,272760474
2021-02-03,5.484,5.516,5.536,5.431,26205651,143863728
2021-02-04,5.501,5.525,5.599,5.464,39467250,217992476
2021-02-05,5.533,5.571,5.683,5.533,34236028,192488786
2021-02-08,5.627,5.687,5.711,5.574,23678313,134035190
2021-02-09,5.702,5.820,5.820,5.660,25813711,148545973
2021-02-10,5.835,6.025,6.050,5.835,34944558,208630948
2021-02-18,6.115,5.845,6.180,5.801,51249747,303906538
2021-02-19,5.803,5.964,5.965,5.706,31857105,186567022
2021-02-22,5.945,5.674,5.945,5.666,39148341,225429098
2021-02-23,5.640,5.597,5.700,5.574,23919076,134795840
2021-02-24,5.600,5.398,5.624,5.328,46255521,251902869
2021-02-25,5.413,5.339,5.459,5.310,22676268,122084205
2021-02-26,5.277,5.210,5.290,5.125,34458372,179213107
2021-03-01,5.234,5.275,5.309,5.205,32611481,171082512
2021-03-02,5.292,5.152,5.312,5.106,27907865,145070291
2021-03-03,5.111,5.231,5.231,5.108,22011531,113933108
2021-03-04,5.194,4.997,5.194,4.982,26875352,135679138
2021-03-05,4.930,4.990,5.062,4.867,24524445,122146281
2021-03-08,5.018,4.743,5.058,4.741,27104642,132288103
2021-03-09,4.701,4.593,4.728,4.537,32682580,151640709
2021-03-10,4.670,4.681,4.728,4.640,18434443,86485547
2021-03-11,4.686,4.809,4.842,4.656,19723477,93886371
2021-03-12,4.812,4.797,4.838,4.707,22079856,105297762
2021-03-15,4.770,4.621,4.770,4.562,32043751,148742353
2021-03-16,4.623,4.699,4.715,4.621,12926725,60346145
2021-03-17,4.707,4.782,4.796,4.641,15756650,74782389
2021-03-18,4.795,4.863,4.897,4.782,34007357,165278032
2021-03-19,4.799,4.725,4.822,4.700,26086525,124122664
2021-03-22,4.725,4.758,4.778,4.679,13447400,63598170
2021-03-23,4.756,4.740,4.783,4.701,9432600,44710944
2021-03-24,4.738,4.719,4.815,4.693,18029900,85936886
2021-03-25,4.677,4.720,4.739,4.635,10673900,50019891
2021-03-26,4.725,4.819,4.828,4.720,16706610,79999769
2021-03-29,4.834,4.848,4.930,4.804,18086945,88081538
2021-03-30,4.856,4.899,4.950,4.840,12365983,60568077
2021-03-31,4.899,4.852,4.899,4.816,11760257,56913812
2021-04-01,4.853,4.931,4.934,4.853,19549200,95751174
2021-04-02,4.958,5.076,5.078,4.958,21344840,107082600
2021-04-06,5.078,5.031,5.078,5.006,11602500,58401828
2021-04-07,5.015,4.912,5.021,4.878,18502500,90957701
2021-04-08,4.863,4.967,4.977,4.842,18910802,93288615
2021-04-09,4.951,4.877,4.951,4.858,12946600,63237931
2021-04-12,4.876,4.818,4.904,4.802,13805200,66809872
2021-04-13,4.802,4.865,4.920,4.802,18210600,88701684
2021-04-14,4.870,4.890,4.906,4.826,26241057,127820120
2021-04-15,4.882,4.846,4.901,4.795,12057000,58345733
2021-04-16,4.846,4.884,4.902,4.834,12569900,61262238
2021-04-19,4.892,4.967,4.973,4.808,18247168,89692716
2021-04-20,4.956,5.016,5.095,4.937,24200116,121775594
2021-04-21,5.000,5.066,5.083,4.980,16911549,85161626
2021-04-22,5.066,5.053,5.085,4.991,13653281,68775334
2021-04-23,5.054,5.133,5.135,5.045,15669600,79946676
2021-04-26,5.100,5.010,5.160,5.006,32857103,167226424
2021-04-27,5.012,5.053,5.058,4.972,17168457,86114756
2021-04-28,5.021,5.102,5.102,4.988,19544520,98723984
2021-04-29,5.126,5.196,5.196,5.108,18408600,94961030
2021-04-30,5.196,5.159,5.196,5.122,22302257,115238721
2021-05-06,5.137,5.010,5.137,4.989,20898074,105575393
2021-05-07,5.000,4.938,5.058,4.930,21453900,107142456
2021-05-10,4.935,4.840,4.950,4.815,19210200,93572444
2021-05-11,4.820,4.972,4.972,4.810,15524610,76065329
2021-05-12,4.967,5.023,5.034,4.940,14794000,73856926
2021-05-13,4.986,5.016,5.021,4.946,12593300,62851725
2021-05-14,5.016,5.096,5.126,4.998,24540504,124858289
2021-05-17,5.105,5.198,5.230,5.105,25066200,130219454
2021-05-18,5.191,5.194,5.215,5.148,12133300,62769625
2021-05-19,5.189,5.167,5.200,5.145,10975085,56753334
2021-05-20,5.167,5.237,5.240,5.167,17374200,90615844
2021-05-21,5.227,5.184,5.265,5.161,17171467,89529749
2021-05-24,5.183,5.219,5.221,5.122,13498200,69973845
2021-05-25,5.217,5.381,5.390,5.217,27028840,144009215
2021-05-26,5.381,5.362,5.404,5.322,17116600,91852489
2021-05-27,5.355,5.385,5.438,5.307,15479901,83090670
2021-05-28,5.380,5.332,5.380,5.297,18431649,98390618
2021-05-31,5.325,5.353,5.353,5.253,18848300,99860111
2021-06-01,5.354,5.380,5.380,5.280,15747549,84111237
2021-06-02,5.375,5.319,5.379,5.300,17321351,92380824
2021-06-03,5.320,5.336,5.424,5.308,21643382,116180766
2021-06-04,5.315,5.383,5.420,5.306,19946638,106998455
2021-06-07,5.352,5.357,5.381,5.318,16680100,89118884
2021-06-08,5.360,5.202,5.371,5.148,27473250,144487436
2021-06-09,5.170,5.222,5.252,5.136,17706150,92028759
2021-06-10,5.210,5.251,5.276,5.201,17557501,92185035
2021-06-11,5.255,5.175,5.255,5.150,16927200,87740505
2021-06-15,5.163,5.126,5.163,5.030,18952573,96541080
2021-06-16,5.105,5.066,5.135,5.051,15455400,78559635
2021-06-17,5.032,5.090,5.121,5.032,14314900,72764823
2021-06-18,5.094,5.032,5.097,4.988,25031300,126062776
2021-06-21,5.029,4.974,5.029,4.921,27489200,136836530
2021-06-22,4.974,5.000,5.000,4.942,15087200,74993998
2021-06-23,5.006,4.934,5.009,4.922,31475100,155629705
2021-06-24,4.929,4.940,4.954,4.869,25498585,125457857
2021-06-25,1.233,1.261,1.262,1.229,142341000,178112219
2021-06-28,1.265,1.279,1.279,1.262,74893000,95151603
2021-06-29,1.280,1.260,1.280,1.254,80993404,102189064
2021-06-30,1.261,1.261,1.272,1.253,61995700,78205239
2021-07-01,1.264,1.272,1.275,1.245,96078800,120831834
2021-07-02,1.264,1.232,1.264,1.231,111304092,138304257
2021-07-05,1.229,1.226,1.236,1.213,66928746,82118494
2021-07-06,1.226,1.219,1.226,1.195,84776267,102488710
2021-07-07,1.219,1.226,1.230,1.215,80782966,98806543
2021-07-08,1.227,1.205,1.228,1.200,142660500,172647569
2021-07-09,1.202,1.181,1.203,1.170,89057656,105152223
2021-07-12,1.182,1.188,1.194,1.161,91338400,108016207
2021-07-13,1.191,1.216,1.218,1.190,134829968,163176831
2021-07-14,1.213,1.217,1.223,1.198,129245600,156488829
2021-07-15,1.216,1.233,1.235,1.212,91369408,112164236
2021-07-16,1.232,1.214,1.235,1.209,79473400,96830033
2021-07-19,1.215,1.211,1.215,1.190,81850400,98305874
2021-07-20,1.199,1.213,1.214,1.199,45204633,54622980
2021-07-21,1.213,1.207,1.223,1.199,109483100,132313791
2021-07-22,1.207,1.195,1.213,1.190,82606192,98958478
2021-07-23,1.191,1.169,1.192,1.163,167836165,196334950
2021-07-26,1.160,1.105,1.161,1.097,180648169,202385597
2021-07-27,1.105,1.066,1.109,1.059,212594096,230330888
2021-07-28,1.058,1.065,1.075,1.030,133563387,140753394
2021-07-29,1.079,1.062,1.089,1.059,118420000,126568755
2021-07-30,1.056,1.032,1.056,1.021,119311600,123087734
2021-08-02,1.020,1.078,1.082,1.006,191566900,202227066
2021-08-03,1.074,1.094,1.095,1.060,172127176,186332538
2021-08-04,1.093,1.080,1.094,1.073,125830347,135852457
2021-08-05,1.055,1.069,1.088,1.051,111171613,119114869
2021-08-06,1.064,1.063,1.067,1.047,73578400,77840154
2021-08-09,1.060,1.100,1.104,1.056,164137332,179083458
2021-08-10,1.102,1.142,1.143,1.085,379900538,427278799
2021-08-11,1.136,1.122,1.142,1.119,214322088,241335175
2021-08-12,1.112,1.099,1.127,1.097,131824500,146020011
2021-08-13,1.095,1.104,1.111,1.091,93496100,102890394
2021-08-16,1.103,1.109,1.113,1.093,78865900,87211290
2021-08-17,1.109,1.069,1.109,1.060,156654200,168906075
2021-08-18,1.058,1.066,1.075,1.050,101063301,107422107
2021-08-19,1.059,1.052,1.072,1.046,151226600,159775140
2021-08-20,1.033,1.008,1.034,0.997,230856048,233520777
2021-08-23,1.000,1.016,1.021,1.000,134139802,135983656
2021-08-24,1.015,1.032,1.038,1.010,133428808,137220350
2021-08-25,1.033,1.043,1.056,1.033,115230396,120721024
2021-08-26,1.043,1.016,1.047,1.016,109832200,112572365
2021-08-27,1.014,1.017,1.038,1.012,94414928,96605843
2021-08-30,1.020,1.016,1.025,0.999,140178259,141664717
2021-08-31,1.009,1.004,1.024,0.996,144838433,145519719
2021-09-01,1.002,1.035,1.040,0.980,230602237,233262713
2021-09-02,1.034,1.016,1.035,1.011,193531200,197406468
2021-09-03,1.009,1.032,1.034,0.996,215497000,219307920
2021-09-06,1.030,1.058,1.064,1.020,214463644,225454488
2021-09-07,1.055,1.060,1.063,1.047,168885752,178341600
2021-09-08,1.061,1.046,1.062,1.043,203128443,213078433
2021-09-09,1.045,1.045,1.054,1.038,123401000,128910771
2021-09-10,1.045,1.060,1.063,1.042,204885988,216112329
2021-09-13,1.058,1.046,1.063,1.039,181897900,190855587
2021-09-14,1.044,1.033,1.058,1.033,148619410,155267971
2021-09-15,1.030,1.015,1.031,1.009,193329044,196843779
2021-09-16,1.010,1.031,1.037,1.005,242748500,248727270
2021-09-17,1.029,1.049,1.056,1.014,264485862,274841583
2021-09-22,1.037,1.024,1.037,1.019,168737700,173085273
2021-09-23,1.023,1.038,1.044,1.023,139838300,144386611
2021-09-24,1.038,1.070,1.075,1.036,306295100,325635749
2021-09-27,1.086,1.124,1.138,1.086,414520300,462562096
2021-09-28,1.119,1.114,1.119,1.086,218190100,241195846
2021-09-29,1.102,1.118,1.123,1.088,244766427,271277549
2021-09-30,1.116,1.121,1.134,1.112,207510900,233322188
2021-10-08,1.127,1.156,1.169,1.113,328590000,379070267
2021-10-11,1.168,1.160,1.182,1.148,276406400,321402555
2021-10-12,1.147,1.155,1.163,1.135,192850542,222006431
2021-10-13,1.155,1.180,1.193,1.149,293886675,343318410
2021-10-14,1.175,1.174,1.190,1.160,196631567,230669682
2021-10-15,1.160,1.165,1.186,1.153,166814561,194916208
2021-10-18,1.152,1.120,1.152,1.111,320180028,359602255
2021-10-19,1.114,1.157,1.158,1.113,235307192,269353322
2021-10-20,1.158,1.151,1.169,1.141,137971116,158976830
2021-10-21,1.150,1.151,1.160,1.140,116339739,133648117
2021-10-22,1.152,1.167,1.176,1.148,174288592,202796153
2021-10-25,1.171,1.169,1.177,1.156,146966100,171011545
2021-10-26,1.163,1.157,1.169,1.152,138484200,160639974
2021-10-27,1.149,1.144,1.154,1.137,148102700,169260053
2021-10-28,1.141,1.154,1.160,1.137,135940621,156282513
2021-10-29,1.160,1.176,1.178,1.158,190378527,223235254
2021-11-01,1.157,1.162,1.175,1.141,160301719,185844254
2021-11-02,1.160,1.169,1.176,1.152,194089131,226246149
2021-11-03,1.169,1.168,1.180,1.165,164954577,193333157
2021-11-04,1.171,1.203,1.207,1.168,370481000,443130159
2021-11-05,1.199,1.193,1.212,1.191,256221400,307782866
2021-11-08,1.193,1.186,1.196,1.182,189120100,224646375
2021-11-09,1.185,1.181,1.192,1.175,136290700,161114749
2021-11-10,1.180,1.159,1.181,1.149,229795497,266375777
2021-11-11,1.152,1.164,1.167,1.151,135600477,157195902
2021-11-12,1.168,1.156,1.170,1.156,112809700,131018051
2021-11-15,1.158,1.168,1.173,1.156,183923574,214581193
2021-11-16,1.175,1.186,1.192,1.169,218069569,258023582
2021-11-17,1.180,1.178,1.183,1.168,126261068,148462424
2021-11-18,1.176,1.174,1.179,1.165,111383300,130665849
2021-11-19,1.170,1.183,1.188,1.168,138357500,163386709
2021-11-22,1.180,1.181,1.195,1.179,127670200,151321339
2021-11-23,1.178,1.177,1.189,1.173,96707200,114106168
2021-11-24,1.178,1.189,1.196,1.177,161263157,191671388
2021-11-25,1.189,1.185,1.199,1.180,124737249,148120711
2021-11-26,1.182,1.175,1.184,1.172,94407068,111076884
2021-11-29,1.167,1.182,1.182,1.163,147053562,172705856
2021-11-30,1.183,1.163,1.184,1.156,140402984,163704919
2021-12-01,1.166,1.161,1.171,1.155,179770200,208444450
2021-12-02,1.163,1.166,1.173,1.161,98047500,114480185
2021-12-03,1.167,1.200,1.200,1.167,238017463,283321484
2021-12-06,1.200,1.190,1.202,1.185,142060700,169245402
2021-12-07,1.189,1.195,1.201,1.185,164740016,196610722
2021-12-08,1.195,1.224,1.224,1.188,210830300,255402815
2021-12-09,1.224,1.241,1.257,1.222,384926936,479464347
2021-12-10,1.237,1.239,1.246,1.231,214892468,265995648
2021-12-13,1.249,1.241,1.266,1.241,192640600,240994785
2021-12-14,1.239,1.246,1.255,1.231,211694700,263962205
2021-12-15,1.241,1.222,1.242,1.221,167973100,206502785
2021-12-16,1.223,1.215,1.225,1.197,191064900,230978931
2021-12-17,1.213,1.191,1.213,1.191,156490852,187379142
2021-12-20,1.190,1.195,1.204,1.187,160089146,191623788
2021-12-21,1.196,1.196,1.199,1.184,155773700,185727918
2021-12-22,1.195,1.204,1.205,1.191,126427000,151728230
2021-12-23,1.206,1.224,1.225,1.199,155205500,188536311
2021-12-24,1.219,1.243,1.245,1.219,253113196,313278479
2021-12-27,1.245,1.240,1.250,1.228,171541966,212384125
2021-12-28,1.241,1.240,1.250,1.234,142362800,176691520
2021-12-29,1.240,1.198,1.243,1.196,221007365,267694063
2021-12-30,1.195,1.209,1.211,1.195,154843920,186714232
2021-12-31,1.210,1.206,1.210,1.195,134012736,161235144
2022-01-04,1.207,1.219,1.219,1.196,158801900,191787789
2022-01-05,1.218,1.219,1.230,1.212,153984577,187978978
2022-01-06,1.213,1.195,1.214,1.183,162456588,194650759
2022-01-07,1.188,1.179,1.197,1.176,105342408,124887949
2022-01-10,1.173,1.185,1.189,1.159,101777892,119850099
2022-01-11,1.183,1.163,1.186,1.160,98042092,114846145
2022-01-12,1.163,1.173,1.175,1.160,134545400,157006547
2022-01-13,1.174,1.139,1.174,1.135,223551612,256329312
2022-01-14,1.136,1.128,1.146,1.125,137605386,155977432
2022-01-17,1.127,1.135,1.135,1.114,96503500,108563357
2022-01-18,1.131,1.144,1.146,1.126,76450300,87190352
2022-01-19,1.145,1.136,1.147,1.128,98603700,111913479
2022-01-20,1.135,1.155,1.159,1.132,182799789,210518187
2022-01-21,1.152,1.157,1.164,1.143,116715433,134978128
2022-01-24,1.146,1.145,1.162,1.140,93270000,107117484
2022-01-25,1.142,1.121,1.147,1.120,91316891,103669534
2022-01-26,1.120,1.135,1.135,1.111,128818350,145002189
2022-01-27,1.133,1.111,1.144,1.111,134713900,151603858
2022-01-28,1.114,1.104,1.125,1.101,108234626,120585120
2022-02-07,1.111,1.107,1.120,1.099,97597110,108447192
2022-02-08,1.107,1.093,1.107,1.071,135609500,147122026
2022-02-09,1.091,1.125,1.131,1.089,324519819,362382989
2022-02-10,1.129,1.136,1.139,1.124,134824200,152565799
2022-02-11,1.130,1.127,1.146,1.125,88056000,100004581
2022-02-14,1.120,1.130,1.138,1.119,78758700,89071704
2022-02-15,1.129,1.142,1.144,1.129,85603800,97356179
2022-02-16,1.142,1.141,1.144,1.132,81120500,92365641
2022-02-17,1.140,1.140,1.144,1.133,60357200,68742167
2022-02-18,1.135,1.147,1.147,1.129,108281500,123444630
2022-02-21,1.148,1.148,1.155,1.140,67740685,77636479
2022-02-22,1.141,1.125,1.141,1.117,72126400,81011010
2022-02-23,1.125,1.124,1.131,1.116,71216600,79931651
2022-02-24,1.115,1.095,1.121,1.084,120199700,132185190
2022-02-25,1.095,1.102,1.112,1.095,65948000,72775221
2022-02-28,1.096,1.103,1.103,1.087,74936000,82154936
2022-03-01,1.105,1.135,1.135,1.105,137286014,154311506
2022-03-02,1.126,1.123,1.128,1.115,117111400,131523098
2022-03-03,1.124,1.101,1.125,1.100,103623000,114722725
2022-03-04,1.095,1.097,1.105,1.089,65058700,71298001
2022-03-07,1.086,1.056,1.093,1.046,129097500,137457151
2022-03-08,1.060,1.030,1.072,1.029,314986654,329423608
2022-03-09,1.031,1.030,1.048,0.992,189722975,194050336
2022-03-10,1.046,1.048,1.055,1.043,130827445,137204182
2022-03-11,1.030,1.054,1.057,1.028,100351991,104191972
2022-03-14,1.044,1.010,1.044,1.008,133439000,136583113
2022-03-15,0.996,0.960,1.000,0.957,189337300,185442453
2022-03-16,0.970,0.981,0.990,0.933,121703000,117463225
2022-03-17,0.988,1.016,1.029,0.988,100199000,101441207
2022-03-18,1.011,1.019,1.025,1.004,56602618,57391552
2022-03-21,1.019,1.022,1.029,1.010,98987985,100742193
2022-03-22,1.014,1.019,1.027,1.013,74899433,76348431
2022-03-23,1.024,1.022,1.030,1.015,108148203,110699885
2022-03-24,1.016,1.013,1.018,1.005,127211758,128446188
2022-03-25,1.007,0.995,1.018,0.992,95388078,95547262
2022-03-28,0.980,0.980,0.983,0.963,152842726,148614664
2022-03-29,0.979,0.977,0.989,0.975,105075609,103226088
2022-03-30,0.982,1.006,1.009,0.982,83110242,82654293
2022-03-31,1.003,1.003,1.012,0.998,68001142,68259653
2022-04-01,0.999,1.016,1.028,0.997,66063927,67086796
2022-04-06,1.012,1.012,1.018,0.999,81367600,81898492
2022-04-07,1.003,0.995,1.012,0.990,77383600,77230036
2022-04-08,0.993,0.990,0.999,0.984,64677000,64031250
2022-04-11,0.984,0.974,0.985,0.967,72778400,70936483
2022-04-12,0.970,1.008,1.013,0.970,128375800,127823087
2022-04-13,1.003,1.002,1.013,0.998,190029382,191144819
2022-04-14,1.010,1.035,1.047,1.000,230457171,236933209
2022-04-15,1.029,1.036,1.044,1.023,198275063,205493142
2022-04-18,1.025,1.040,1.040,1.022,128742563,132926017
2022-04-19,1.043,1.039,1.054,1.031,88295924,92018601
2022-04-20,1.040,1.045,1.061,1.027,264721347,277242201
2022-04-21,1.033,1.023,1.049,1.016,179445500,185389437
2022-04-22,1.018,1.021,1.029,1.000,144818600,146892801
2022-04-25,1.001,0.981,1.019,0.979,246733723,246484754
2022-04-26,0.983,0.986,1.008,0.979,323865537,321218542
2022-04-27,0.981,1.010,1.012,0.981,309544015,309761073
2022-04-28,1.008,1.012,1.019,1.001,143051215,144533895
2022-04-29,1.019,1.014,1.026,1.002,321163298,325941717
2022-05-05,1.014,1.016,1.033,1.011,277047400,283539342
2022-05-06,1.000,0.988,1.000,0.981,323652950,320205673
2022-05-09,0.981,0.982,0.988,0.970,108279478,105977967
2022-05-10,0.972,0.992,0.995,0.963,139390208,137225106
2022-05-11,0.993,0.995,1.008,0.990,110764400,110726459
2022-05-12,0.989,1.000,1.009,0.989,106691700,106662510
2022-05-13,1.001,0.998,1.009,0.988,87925272,87548916
2022-05-16,1.000,0.990,1.004,0.984,167457172,166396721
2022-05-17,0.988,0.992,0.994,0.985,150189907,148598437
2022-05-18,0.993,0.988,0.993,0.975,125331207,123369340
2022-05-19,0.975,0.977,0.980,0.970,127159374,123783043
2022-05-20,0.977,1.002,1.003,0.977,182783338,181947269
2022-05-23,1.002,0.995,1.004,0.992,119652500,119139020
2022-05-24,0.998,0.986,0.998,0.977,136032137,133853439
2022-05-25,0.980,0.983,0.984,0.972,131582788,128632675
2022-05-26,0.985,0.982,0.989,0.971,172173841,168538841
2022-05-27,0.985,0.984,0.998,0.977,150394572,148646939
2022-05-30,0.985,0.998,1.005,0.985,161267117,161061302
2022-05-31,0.998,1.025,1.034,0.995,321938119,329804214
2022-06-01,1.026,1.021,1.030,1.014,173127717,176612336
2022-06-02,1.015,1.014,1.018,1.009,138028200,139834135
2022-06-06,1.013,1.023,1.023,0.996,246704300,250079681
2022-06-07,1.022,1.034,1.044,1.016,245788717,254178431
2022-06-08,1.036,1.049,1.060,1.032,280509400,293533153
2022-06-09,1.047,1.039,1.056,1.036,195010115,203061578
2022-06-10,1.034,1.049,1.053,1.030,165385621,172082914
2022-06-13,1.037,1.042,1.046,1.030,175702540,182202710
2022-06-14,1.029,1.051,1.057,1.028,203934991,212982864
2022-06-15,1.058,1.058,1.080,1.049,243351462,259434245
2022-06-16,1.063,1.070,1.080,1.062,183694446,197009741
2022-06-17,1.064,1.082,1.084,1.060,238964200,256805494
2022-06-20,1.090,1.095,1.104,1.080,170199500,185682481
2022-06-21,1.094,1.093,1.102,1.080,195770000,213443307
2022-06-22,1.092,1.080,1.094,1.080,167905454,182137958
2022-06-23,1.083,1.091,1.092,1.075,171113529,185576441
2022-06-24,1.092,1.104,1.110,1.089,136093303,149797891
2022-06-27,1.114,1.136,1.147,1.111,343100128,389852187
2022-06-28,1.136,1.141,1.145,1.132,222792016,253608564
2022-06-29,1.143,1.120,1.143,1.117,224263463,252927751
2022-06-30,1.126,1.156,1.165,1.125,291713654,335571854
2022-07-01,1.160,1.148,1.160,1.138,311012088,356109296
2022-07-04,1.148,1.163,1.165,1.137,214126788,246958095
2022-07-05,1.164,1.161,1.172,1.141,167742179,193550000
2022-07-06,1.151,1.130,1.152,1.123,281522400,319957107
2022-07-07,1.128,1.130,1.138,1.114,163678098,184458859
2022-07-08,1.135,1.133,1.143,1.127,147615400,167507460
2022-07-11,1.130,1.122,1.130,1.110,221978500,248042777
2022-07-12,1.116,1.109,1.128,1.102,205178481,228302875
2022-07-13,1.111,1.114,1.121,1.105,129386100,143985715
2022-07-14,1.114,1.107,1.118,1.102,166591900,184665420
2022-07-15,1.107,1.103,1.128,1.099,138295000,154102103
2022-07-18,1.101,1.101,1.106,1.079,173407100,189685371
2022-07-19,1.100,1.102,1.104,1.085,159996300,175089544
2022-07-20,1.107,1.103,1.114,1.101,149932488,165957826
2022-07-21,1.103,1.095,1.108,1.094,184372200,203367082
2022-07-22,1.095,1.093,1.104,1.083,139426784,152335976
2022-07-25,1.093,1.097,1.098,1.080,152915900,166560755
2022-07-26,1.100,1.106,1.111,1.097,116394800,128711685
2022-07-27,1.104,1.093,1.104,1.092,177835000,194886000
2022-07-28,1.096,1.090,1.106,1.090,136053600,149406346
2022-07-29,1.086,1.070,1.092,1.066,226683674,243818149
2022-08-01,1.070,1.077,1.084,1.067,160077831,172374295
2022-08-02,1.069,1.064,1.077,1.058,160824150,171326780
2022-08-03,1.064,1.055,1.075,1.054,152486400,162116628
2022-08-04,1.058,1.068,1.074,1.057,169247815,180310110
2022-08-05,1.073,1.083,1.084,1.068,133184100,143484101
2022-08-08,1.080,1.076,1.087,1.073,125468200,135294655
2022-08-09,1.073,1.069,1.073,1.061,97566300,103986405
2022-08-10,1.063,1.049,1.069,1.042,191941264,201578147
2022-08-11,1.052,1.068,1.068,1.049,190248564,201390108
2022-08-12,1.065,1.074,1.078,1.062,145237836,155393239
2022-08-15,1.068,1.065,1.076,1.061,111143400,118646746
2022-08-16,1.067,1.064,1.068,1.058,126686800,134572228
2022-08-17,1.066,1.070,1.074,1.055,136673300,145657862
2022-08-18,1.068,1.052,1.068,1.050,116370100,122653745
2022-08-19,1.052,1.059,1.068,1.048,119826776,126991564
2022-08-22,1.058,1.064,1.069,1.055,88377776,93974933
2022-08-23,1.064,1.054,1.069,1.053,124369144,131362342
2022-08-24,1.056,1.048,1.061,1.048,181864472,191631997
2022-08-25,1.050,1.069,1.069,1.050,150505202,159861988
2022-08-26,1.070,1.080,1.092,1.070,187677100,203208502
2022-08-29,1.080,1.069,1.090,1.068,240664702,258636254
2022-08-30,1.070,1.070,1.072,1.055,123802585,131763867
2022-08-31,1.066,1.081,1.090,1.064,207471633,223984443
2022-09-01,1.078,1.063,1.078,1.062,211597100,226594697
2022-09-02,1.063,1.054,1.066,1.047,141472000,149061498
2022-09-05,1.051,1.037,1.051,1.028,137040981,141619410
2022-09-06,1.034,1.042,1.044,1.033,101151500,105049341
2022-09-07,1.035,1.028,1.036,1.023,135679800,139318236
2022-09-08,1.028,1.025,1.038,1.024,99072292,102127788
2022-09-09,1.025,1.036,1.038,1.021,141276600,145958203
2022-09-13,1.039,1.050,1.058,1.037,142470351,149701163
2022-09-14,1.042,1.045,1.051,1.040,161053400,168206817
2022-09-15,1.046,1.043,1.056,1.038,193068300,202228582
2022-09-16,1.045,1.024,1.048,1.024,162530400,168254072
2022-09-19,1.025,1.035,1.046,1.020,181458800,187509966
2022-09-20,1.038,1.040,1.044,1.028,99751400,103362462
2022-09-21,1.038,1.025,1.040,1.024,99364500,102254759
2022-09-22,1.020,1.010,1.023,1.010,98191700,99694887
2022-09-23,1.009,1.013,1.020,1.002,105603500,106801269
2022-09-26,1.005,1.016,1.030,1.004,111962400,114493792
2022-09-27,1.020,1.052,1.053,1.014,233099973,242206676
2022-09-28,1.051,1.046,1.060,1.045,198416459,208846551
2022-09-29,1.055,1.045,1.063,1.039,198908500,209365459
2022-09-30,1.043,1.042,1.056,1.040,209822200,219519357
2022-10-10,1.041,1.011,1.043,1.009,227771400,233845028
2022-10-11,1.010,1.013,1.017,0.998,216884981,218701911
2022-10-12,1.015,1.012,1.015,0.984,210667100,210193820
2022-10-13,1.008,1.008,1.018,0.998,133239626,134298223
2022-10-14,1.015,1.022,1.028,1.010,125710426,128436800
2022-10-17,1.020,1.018,1.021,1.006,130515700,132395660
2022-10-18,1.018,1.010,1.027,1.006,162112600,164280902
2022-10-19,1.005,0.982,1.008,0.979,212920200,210616312
2022-10-20,0.974,0.978,0.995,0.968,150359823,147443306
2022-10-21,0.976,0.967,0.976,0.960,118505177,114797979
2022-10-24,0.960,0.923,0.960,0.916,273358500,254884042
2022-10-25,0.914,0.920,0.931,0.912,152320190,140116881
2022-10-26,0.925,0.911,0.934,0.908,227813500,209294869
2022-10-27,0.907,0.887,0.914,0.884,199357000,178839074
2022-10-28,0.880,0.864,0.883,0.860,161873040,141037123
2022-10-31,0.852,0.856,0.865,0.842,134066300,114579715
2022-11-01,0.855,0.904,0.907,0.855,306198605,271473317
2022-11-02,0.901,0.916,0.931,0.895,366318400,335743789
2022-11-03,0.906,0.906,0.910,0.899,121617500,110089705
2022-11-04,0.902,0.943,0.950,0.902,268309092,251525491
2022-11-07,0.936,0.948,0.953,0.930,203433105,192149231
2022-11-08,0.945,0.932,0.954,0.927,142268989,133057446
2022-11-09,0.932,0.919,0.936,0.917,209487399,192817186
2022-11-10,0.913,0.928,0.933,0.912,203020700,188046255
2022-11-11,0.955,0.953,0.961,0.937,261253400,248144222
2022-11-14,0.954,0.945,0.968,0.942,150516338,143505394
2022-11-15,0.945,0.961,0.969,0.939,154202200,147330400
2022-11-16,0.962,0.960,0.973,0.956,196291067,189597581
2022-11-17,0.960,0.959,0.965,0.949,112930212,107876785
2022-11-18,0.960,0.954,0.964,0.953,180665400,173021413
2022-11-21,0.946,0.938,0.946,0.927,173945600,162217712
2022-11-22,0.935,0.936,0.950,0.932,131209700,123008759
2022-11-23,0.935,0.929,0.936,0.925,155395800,144567780
2022-11-24,0.935,0.923,0.938,0.921,106046000,98208896
2022-11-25,0.923,0.923,0.928,0.915,123620600,114015911
2022-11-28,0.909,0.924,0.926,0.894,215363050,195958157
2022-11-29,0.930,0.953,0.960,0.930,268665200,254459309
2022-11-30,0.953,0.955,0.963,0.947,251662498,240360561
2022-12-01,0.983,0.982,0.998,0.975,380859995,376275753
2022-12-02,0.982,0.987,0.994,0.978,177213003,174701129
2022-12-05,1.001,1.003,1.007,0.994,275092764,275427743
2022-12-06,0.999,1.021,1.040,0.996,244775563,250734513
2022-12-07,1.021,1.026,1.043,1.014,492208934,505776050
2022-12-08,1.026,1.018,1.026,1.014,212217800,216297062
2022-12-09,1.020,1.040,1.042,1.009,281330204,289121018
2022-12-12,1.040,1.025,1.043,1.024,170244266,175741496
2022-12-13,1.024,1.039,1.042,1.020,207839755,214817627
2022-12-14,1.040,1.059,1.060,1.031,224137681,235257866
2022-12-15,1.064,1.045,1.066,1.043,188083350,197569512
2022-12-16,1.040,1.049,1.051,1.037,137175300,143214165
2022-12-19,1.049,1.036,1.055,1.031,177914800,185029660
2022-12-20,1.032,1.002,1.033,0.996,234317499,236763442
2022-12-21,1.002,1.012,1.021,1.002,301057200,305247474
2022-12-22,1.022,1.033,1.046,1.019,211105400,218243139
2022-12-23,1.031,1.036,1.046,1.021,153211939,158670233
2022-12-26,1.037,1.026,1.044,1.024,148448600,153552293
2022-12-27,1.036,1.046,1.050,1.030,212514439,221580267
2022-12-28,1.044,1.041,1.045,1.035,134853400,140161645
2022-12-29,1.031,1.028,1.035,1.024,153751900,158381131
2022-12-30,1.035,1.044,1.045,1.031,191559800,199030775
2023-01-03,1.044,1.025,1.044,1.017,301610665,309015721
2023-01-04,1.026,1.024,1.032,1.018,170313400,174689759
2023-01-05,1.027,1.058,1.062,1.027,344697700,362544938
2023-01-06,1.060,1.058,1.062,1.047,244298952,257851464
2023-01-09,1.060,1.074,1.077,1.052,228407500,243567069
2023-01-10,1.075,1.079,1.084,1.067,266445300,287275185
2023-01-11,1.074,1.074,1.082,1.066,231909900,249395595
2023-01-12,1.077,1.068,1.079,1.064,225096900,240604469
2023-01-13,1.069,1.097,1.097,1.068,297927595,323845623
2023-01-16,1.097,1.119,1.133,1.097,399499038,447862260
2023-01-17,1.117,1.107,1.125,1.103,429220836,477118155
2023-01-18,1.111,1.097,1.120,1.095,227053500,250421586
2023-01-19,1.095,1.093,1.098,1.083,214982200,234382427
2023-01-20,1.100,1.091,1.108,1.090,206131900,225987023
2023-01-30,1.112,1.102,1.115,1.098,309725367,342249389
2023-01-31,1.103,1.083,1.112,1.080,254097967,277223872
2023-02-01,1.085,1.092,1.093,1.072,167981300,182098091
2023-02-02,1.092,1.097,1.102,1.083,194211800,212255925
2023-02-03,1.090,1.086,1.090,1.075,238507177,258010643
2023-02-06,1.070,1.067,1.074,1.054,436180576,464121966
2023-02-07,1.067,1.068,1.076,1.063,376460024,402019211
2023-02-08,1.070,1.059,1.072,1.056,143731256,152661726
2023-02-09,1.056,1.078,1.081,1.056,203477570,218681210
2023-02-10,1.082,1.080,1.087,1.073,163079500,176067873
2023-02-13,1.079,1.104,1.110,1.078,216223164,237863840
2023-02-14,1.111,1.100,1.111,1.097,152691035,168200481
2023-02-15,1.101,1.093,1.107,1.090,197267900,216142515
2023-02-16,1.091,1.091,1.110,1.084,214704300,235916524
2023-02-17,1.091,1.085,1.108,1.085,235575300,258870042
2023-02-20,1.084,1.104,1.106,1.076,242723700,264713472
2023-02-21,1.104,1.098,1.107,1.093,218009200,239472198
2023-02-22,1.099,1.101,1.109,1.092,179424332,197498181
2023-02-23,1.101,1.090,1.105,1.084,133101708,145456491
2023-02-24,1.088,1.079,1.089,1.072,196014100,211532987
2023-02-27,1.072,1.086,1.090,1.070,165864790,179489999
2023-02-28,1.087,1.089,1.094,1.078,132806400,144082869
2023-03-01,1.090,1.098,1.099,1.081,137193400,149981505
2023-03-02,1.097,1.093,1.098,1.090,101339700,110881075
2023-03-03,1.096,1.089,1.103,1.082,176867000,192753570
2023-03-06,1.090,1.085,1.093,1.077,159306690,173021040
2023-03-07,1.083,1.062,1.085,1.061,187796107,201232912
2023-03-08,1.061,1.054,1.064,1.050,188919700,199168306
2023-03-09,1.053,1.050,1.059,1.039,115214400,121015822
2023-03-10,1.044,1.034,1.050,1.034,185029700,192335620
2023-03-13,1.032,1.054,1.054,1.032,143938215,150937548
2023-03-14,1.053,1.053,1.058,1.044,144632200,152350966
2023-03-15,1.058,1.046,1.063,1.044,121269314,127643222
2023-03-16,1.040,1.035,1.052,1.035,140620100,146366605
2023-03-17,1.044,1.028,1.048,1.023,169083100,174713265
2023-03-20,1.028,1.013,1.030,1.008,204449615,207338391
2023-03-21,1.016,1.033,1.038,1.012,152707175,156918815
2023-03-22,1.037,1.033,1.045,1.030,147598400,153096265
2023-03-23,1.028,1.039,1.045,1.028,163135500,169277190
2023-03-24,1.039,1.038,1.047,1.034,144542100,150385454
2023-03-27,1.038,1.035,1.040,1.029,120629500,124649240
2023-03-28,1.037,1.049,1.053,1.034,147510800,154231489
2023-03-29,1.052,1.051,1.056,1.044,125466792,131725339
2023-03-30,1.050,1.062,1.065,1.047,125122403,132255714
2023-03-31,1.068,1.066,1.082,1.063,158772593,170281417
2023-04-03,1.066,1.064,1.072,1.059,135644757,144524870
2023-04-04,1.068,1.074,1.076,1.061,260616800,278705498
2023-04-06,1.067,1.058,1.075,1.054,140859298,149380764
2023-04-07,1.058,1.052,1.063,1.048,271335501,285778410
2023-04-10,1.051,1.041,1.051,1.028,176655500,182991940
2023-04-11,1.040,1.029,1.042,1.026,129062900,133102772
2023-04-12,1.029,1.010,1.033,1.004,228530000,231384761
2023-04-13,1.006,1.011,1.015,1.000,138917400,140099223
2023-04-14,1.012,1.003,1.015,1.001,127517600,128328174
2023-04-17,1.004,1.012,1.017,1.004,139031500,140464186
2023-04-18,1.014,1.019,1.022,1.012,195817311,199187866
2023-04-19,1.025,1.010,1.025,1.007,183213100,185371090
2023-04-20,1.010,0.999,1.011,0.996,183220100,183623492
2023-04-21,0.997,0.994,1.007,0.992,135141500,135038208
2023-04-24,0.992,0.976,0.993,0.971,170351234,166678414
2023-04-25,0.975,0.987,0.987,0.972,170253311,166773563
2023-04-26,0.986,0.984,0.988,0.975,178728300,175453943
2023-04-27,0.984,0.991,0.996,0.978,123478500,121782174
2023-04-28,0.994,1.002,1.007,0.994,495160300,495970521
2023-05-04,1.002,0.989,1.010,0.989,156980100,156472106
2023-05-05,0.992,0.995,0.996,0.984,135436900,134316440
2023-05-08,0.995,0.987,1.000,0.984,148515100,146690202
2023-05-09,0.983,0.987,0.997,0.977,155864543,153966892
2023-05-10,0.984,0.981,0.986,0.977,198975500,194875241
2023-05-11,0.981,0.978,0.989,0.976,81630100,80096517
2023-05-12,0.977,0.971,0.986,0.971,110398300,107806787
2023-05-15,0.970,0.977,0.977,0.964,109616200,106359372
2023-05-16,0.980,0.971,0.980,0.967,103406343,100340496
2023-05-17,0.969,0.961,0.970,0.958,135328543,130101638
2023-05-18,0.960,0.951,0.965,0.948,163563700,156285052
2023-05-19,0.949,0.960,0.961,0.940,129676643,123574789
2023-05-22,0.959,0.978,0.982,0.950,232172600,226002468
2023-05-23,0.977,0.967,0.981,0.967,129742300,126132804
2023-05-24,0.966,0.954,0.966,0.954,113294500,108842027
2023-05-25,0.952,0.946,0.952,0.940,128985300,121974046
2023-05-26,0.946,0.945,0.953,0.938,176280000,166316563
2023-05-29,0.945,0.938,0.950,0.930,199187100,186494545
2023-05-30,0.936,0.928,0.938,0.918,162207500,150172381
2023-05-31,0.925,0.912,0.926,0.906,165903900,151444734
2023-06-01,0.909,0.917,0.931,0.906,173123000,158975930
2023-06-02,0.919,0.933,0.935,0.914,182413300,169062380
2023-06-05,0.931,0.921,0.933,0.915,189057900,173968293
2023-06-06,0.918,0.918,0.929,0.913,106557700,98121942
2023-06-07,0.919,0.910,0.923,0.906,133661700,122040677
2023-06-08,0.906,0.919,0.923,0.906,151923600,139001155
2023-06-09,0.919,0.917,0.922,0.914,127756000,117254782
2023-06-12,0.914,0.937,0.943,0.913,155537200,144582345
2023-06-13,0.939,0.941,0.948,0.933,335141300,315260803
2023-06-14,0.944,0.955,0.961,0.942,214378044,204942541
2023-06-15,0.959,0.970,0.970,0.954,177048600,170334853
2023-06-16,0.975,0.974,0.981,0.967,377770011,368254904
2023-06-19,0.974,0.962,0.979,0.956,247539900,238950748
2023-06-20,0.958,0.952,0.964,0.951,183665661,175733487
2023-06-21,0.953,0.941,0.955,0.941,402789537,382116831
2023-06-26,0.938,0.927,0.938,0.920,171171598,158639682
2023-06-27,0.928,0.932,0.936,0.921,182107300,169127607
2023-06-28,0.930,0.935,0.939,0.926,164320000,153247266
2023-06-29,0.934,0.925,0.936,0.923,168286200,156168234
2023-06-30,0.926,0.926,0.932,0.921,196223800,181870087
2023-07-03,0.926,0.944,0.944,0.921,259141400,243166148
2023-07-04,0.943,0.948,0.948,0.934,111711200,105175695
2023-07-05,0.948,0.930,0.948,0.928,161754700,150804099
2023-07-06,0.929,0.924,0.936,0.921,111229500,103076725
2023-07-07,0.922,0.926,0.929,0.917,139235700,128650240
2023-07-10,0.930,0.929,0.936,0.924,114143550,106024060
2023-07-11,0.933,0.927,0.933,0.922,122616000,113413158
2023-07-12,0.928,0.929,0.934,0.925,111975700,104183807
2023-07-13,0.934,0.952,0.954,0.933,187752000,177626105
2023-07-14,0.955,0.946,0.956,0.943,111046600,105292619
2023-07-17,0.946,0.943,0.946,0.935,118999700,111601846
2023-07-18,0.940,0.935,0.942,0.935,162681600,152395978
2023-07-19,0.934,0.934,0.939,0.930,174152000,162513330
2023-07-20,0.937,0.934,0.947,0.932,208269200,195739088
2023-07-21,0.936,0.952,0.957,0.934,302290837,286491628
2023-07-24,0.949,0.938,0.949,0.935,224561963,211018852
2023-07-25,0.954,0.969,0.970,0.954,403599352,389188950
2023-07-26,0.966,0.968,0.971,0.962,248992248,240462763
2023-07-27,0.970,0.974,0.983,0.965,275706820,269013995
2023-07-28,0.973,0.993,0.996,0.969,322907500,318521717
2023-07-31,1.001,1.000,1.022,0.994,381951012,384922718
2023-08-01,1.000,0.987,1.004,0.983,471496190,466528579
2023-08-02,0.985,0.982,0.992,0.976,238484600,234216061
2023-08-03,0.980,0.988,0.989,0.974,186429900,183103590
2023-08-04,0.999,0.987,1.006,0.985,233195495,231233464
2023-08-07,0.986,0.979,0.987,0.974,185594400,181725159
2023-08-08,0.978,0.979,0.982,0.969,213838352,208628233
2023-08-09,0.976,0.977,0.980,0.973,174461540,170258863
2023-08-10,0.978,0.976,0.979,0.969,151150080,147193998
2023-08-11,0.978,0.957,0.979,0.956,206746352,199291176
2023-08-14,0.950,0.946,0.952,0.933,198493335,186772767
2023-08-15,0.944,0.942,0.947,0.935,135654700,127596987
2023-08-16,0.938,0.938,0.946,0.936,137785000,129730378
2023-08-17,0.936,0.954,0.955,0.931,183989792,173807824
2023-08-18,0.951,0.934,0.953,0.934,138389092,130332969
2023-08-21,0.931,0.927,0.940,0.925,163351600,152338127
2023-08-22,0.930,0.925,0.934,0.914,144766585,133439641
2023-08-23,0.923,0.912,0.927,0.912,131343300,120684720
2023-08-24,0.914,0.929,0.933,0.910,151315015,139717618
2023-08-25,0.925,0.929,0.934,0.925,162499615,150963431
2023-08-28,0.970,0.929,0.975,0.924,226619863,213757436
2023-08-29,0.928,0.941,0.944,0.920,192048990,179549771
2023-08-30,0.939,0.938,0.946,0.935,172313886,162019100
2023-08-31,0.935,0.933,0.936,0.929,147956567,137929618
2023-09-01,0.938,0.944,0.947,0.937,252434100,238144053
2023-09-04,0.949,0.962,0.964,0.947,242332762,232105380
2023-09-05,0.963,0.953,0.963,0.950,147626000,140863011
2023-09-06,0.952,0.950,0.953,0.945,125020500,118636460
2023-09-07,0.949,0.939,0.949,0.935,187402300,176226849
2023-09-08,0.936,0.932,0.939,0.927,167726600,156216729
2023-09-11,0.932,0.941,0.945,0.929,122618800,115035367
2023-09-12,0.941,0.942,0.946,0.937,138620755,130678644
2023-09-13,0.942,0.939,0.950,0.935,194446185,182862517
2023-09-14,0.941,0.937,0.944,0.931,101598300,95159362
2023-09-15,0.938,0.929,0.942,0.926,206854200,193349691
2023-09-18,0.927,0.935,0.937,0.921,153055700,142589781
2023-09-19,0.935,0.933,0.936,0.926,92988100,86478922
2023-09-20,0.932,0.931,0.936,0.928,91790367,85650247
2023-09-21,0.929,0.914,0.930,0.914,176329200,162233011
2023-09-22,0.914,0.932,0.933,0.912,158843716,146875815
2023-09-25,0.933,0.927,0.933,0.925,144215200,133907978
2023-09-26,0.928,0.921,0.931,0.920,128078600,118260901
2023-09-27,0.919,0.924,0.931,0.919,156000774,143996063
2023-09-28,0.925,0.911,0.927,0.909,163896476,149576546
2023-10-09,0.910,0.904,0.910,0.893,126678400,114030953
2023-10-10,0.904,0.900,0.915,0.898,118540167,107166431
2023-10-11,0.904,0.901,0.908,0.899,163351000,147339889
2023-10-12,0.905,0.905,0.910,0.900,124164704,112228832
2023-10-13,0.901,0.888,0.901,0.885,180079508,160282350
2023-10-16,0.888,0.875,0.889,0.874,147046700,129272338
2023-10-17,0.876,0.880,0.881,0.870,106945439,93902364
2023-10-18,0.878,0.877,0.887,0.875,133066445,117063754
2023-10-19,0.875,0.850,0.875,0.848,216899700,185835971
2023-10-20,0.847,0.844,0.855,0.841,136340767,115458709
2023-10-23,0.843,0.842,0.855,0.836,182664000,153868867
2023-10-24,0.844,0.847,0.851,0.836,132644221,111977317
2023-10-25,0.858,0.864,0.872,0.858,161822351,140122991
2023-10-26,0.862,0.872,0.873,0.860,145319919,126044395
2023-10-27,0.871,0.890,0.894,0.868,142036802,125558113
2023-10-30,0.891,0.901,0.905,0.889,335875912,302242192
2023-10-31,0.902,0.905,0.906,0.897,173634569,156660838
2023-11-01,0.929,0.914,0.935,0.912,297923729,273821491
2023-11-02,0.911,0.905,0.918,0.904,133175630,120974152
2023-11-06,0.917,0.912,0.919,0.905,201261800,182984822
2023-11-07,0.910,0.908,0.912,0.903,113349876,102875336
2023-11-08,0.907,0.906,0.911,0.900,115695700,104675004
2023-11-09,0.905,0.906,0.910,0.902,102053924,92460270
2023-11-10,0.905,0.899,0.905,0.896,110251165,99193072
2023-11-13,0.900,0.895,0.902,0.888,162933500,145482763
2023-11-14,0.894,0.896,0.902,0.891,95750100,85763630
2023-11-15,0.900,0.901,0.903,0.897,114902600,103439146
2023-11-16,0.900,0.891,0.902,0.890,81963500,73279027
2023-11-17,0.890,0.888,0.892,0.882,90864699,80445660
2023-11-20,0.888,0.893,0.897,0.882,120296600,106977700
2023-11-21,0.895,0.904,0.908,0.892,141368100,127689018
2023-11-22,0.902,0.898,0.904,0.897,125493600,112982926
2023-11-23,0.897,0.898,0.899,0.891,96786300,86635995
2023-11-24,0.898,0.899,0.901,0.895,110687293,99470437
2023-11-27,0.899,0.892,0.899,0.885,183791600,163525446
2023-11-28,0.890,0.889,0.894,0.886,78482700,69777854
2023-11-29,0.889,0.887,0.890,0.881,105375900,93375405
2023-11-30,0.887,0.892,0.894,0.884,113952500,101422948
2023-12-01,0.892,0.879,0.893,0.875,112046800,98791307
2023-12-04,0.879,0.874,0.879,0.871,83988500,73557730
2023-12-05,0.872,0.857,0.873,0.857,135151500,117350437
2023-12-06,0.856,0.865,0.869,0.853,106985000,92189747
2023-12-07,0.865,0.860,0.865,0.854,117386800,100753427
2023-12-08,0.861,0.861,0.866,0.858,116183900,100195513
2023-12-11,0.856,0.856,0.858,0.837,183622480,155323210
2023-12-12,0.855,0.859,0.859,0.850,80652100,68997797
2023-12-13,0.860,0.834,0.860,0.833,145592200,122354678
2023-12-14,0.835,0.823,0.840,0.822,131693600,109143504
2023-12-15,0.824,0.826,0.837,0.822,179777583,148569834
2023-12-18,0.824,0.823,0.827,0.816,119677200,98496184
2023-12-19,0.823,0.821,0.825,0.816,93926000,76973215
2023-12-20,0.823,0.811,0.824,0.811,102280900,83538876
2023-12-21,0.811,0.822,0.824,0.808,123203600,100713631
2023-12-22,0.822,0.824,0.829,0.816,118730100,97666585
2023-12-25,0.825,0.830,0.830,0.822,81566200,67411657
2023-12-26,0.830,0.825,0.831,0.820,140880200,116118385
2023-12-27,0.825,0.830,0.833,0.821,108969300,90208818
2023-12-28,0.831,0.855,0.859,0.830,160212935,135835022
2023-12-29,0.855,0.853,0.860,0.848,131379300,112095334
2024-01-02,0.850,0.839,0.853,0.838,93408628,78656141
2024-01-03,0.837,0.834,0.844,0.829,112353300,93617022
2024-01-04,0.834,0.819,0.834,0.816,154851600,127013780
2024-01-05,0.819,0.814,0.825,0.811,104143700,85275639
2024-01-08,0.814,0.800,0.816,0.800,137987800,111139142
2024-01-09,0.802,0.802,0.806,0.795,123692971,99051931
2024-01-10,0.801,0.805,0.812,0.795,133294100,107108522
2024-01-11,0.803,0.810,0.814,0.800,100806200,81510636
2024-01-12,0.809,0.806,0.815,0.803,109788600,88917055
2024-01-15,0.807,0.802,0.811,0.800,80092500,64409299
2024-01-16,0.800,0.805,0.807,0.797,108606400,87025573
2024-01-17,0.803,0.784,0.804,0.784,132756100,105266119
2024-01-18,0.783,0.795,0.795,0.770,178963900,139231717
2024-01-19,0.794,0.795,0.800,0.788,100679400,80020609
2024-01-22,0.797,0.777,0.797,0.773,142165600,111646945
2024-01-23,0.777,0.778,0.785,0.770,154442000,119852246
2024-01-24,0.779,0.784,0.785,0.764,129919500,100687507
2024-01-25,0.785,0.795,0.796,0.778,136882600,107966516
2024-01-26,0.800,0.793,0.800,0.788,100666100,79785146
2024-01-29,0.793,0.798,0.809,0.792,115505600,92550897
2024-01-30,0.795,0.778,0.795,0.777,101365700,79481898
2024-01-31,0.777,0.771,0.780,0.766,109362108,84493138
2024-02-01,0.770,0.774,0.778,0.764,89141500,68819746
2024-02-02,0.772,0.774,0.788,0.752,192500037,148662959
2024-02-05,0.772,0.779,0.787,0.754,249346100,193012092
2024-02-06,0.778,0.810,0.811,0.774,166109400,132538819
2024-02-07,0.811,0.828,0.828,0.803,192840861,157570871
2024-02-08,0.829,0.825,0.837,0.816,140994700,116215147
2024-02-19,0.833,0.827,0.836,0.817,127439604,105101874
2024-02-20,0.822,0.821,0.826,0.816,68531400,56209952
2024-02-21,0.820,0.846,0.855,0.816,165142900,138769950
2024-02-22,0.845,0.848,0.850,0.839,96081700,81152922
2024-02-23,0.849,0.849,0.857,0.843,101118094,85834760
2024-02-26,0.851,0.840,0.853,0.838,86461449,72869103
2024-02-27,0.838,0.842,0.843,0.835,77305800,64853296
2024-02-28,0.843,0.834,0.850,0.834,139197400,117256649
2024-02-29,0.835,0.848,0.849,0.832,121291757,102060935
2024-03-01,0.849,0.846,0.851,0.839,121254300,102581473
2024-03-04,0.846,0.841,0.846,0.836,108773113,91311831
2024-03-05,0.839,0.854,0.855,0.837,116327700,98615748
2024-03-06,0.851,0.843,0.852,0.840,119906404,101184704
2024-03-07,0.843,0.840,0.849,0.839,88422500,74579456
2024-03-08,0.838,0.834,0.843,0.830,99988600,83647395
2024-03-11,0.836,0.852,0.852,0.834,117815300,99516737
2024-03-12,0.852,0.875,0.878,0.850,154321300,133783086
2024-03-13,0.878,0.867,0.878,0.862,76167700,66186736
2024-03-14,0.862,0.864,0.874,0.860,86357046,74727066
2024-03-15,0.863,0.867,0.871,0.860,69967100,60480360
2024-03-18,0.866,0.870,0.870,0.859,78399500,67870483
2024-03-19,0.869,0.880,0.886,0.867,132707806,116768306
2024-03-20,0.878,0.878,0.882,0.873,85139600,74792249
2024-03-21,0.880,0.885,0.889,0.878,114737914,101360409
2024-03-22,0.885,0.866,0.886,0.861,148040500,128422280
2024-03-25,0.866,0.862,0.868,0.857,74578900,64342174
2024-03-26,0.860,0.871,0.873,0.860,93467100,81167610
2024-03-27,0.871,0.860,0.872,0.860,102247100,88587315
2024-03-28,0.860,0.860,0.870,0.854,85785100,73886949
2024-03-29,0.860,0.865,0.865,0.857,67018500,57711620
2024-04-01,0.867,0.882,0.888,0.866,174971400,154313991
2024-04-02,0.882,0.876,0.883,0.873,76234274,66841923
2024-04-03,0.876,0.880,0.883,0.873,114989644,100960611
2024-04-08,0.878,0.855,0.878,0.855,142702799,122579074
2024-04-09,0.852,0.855,0.858,0.848,70493517,60101027
2024-04-10,0.855,0.843,0.855,0.839,95278900,80493456
2024-04-11,0.840,0.839,0.843,0.836,79713762,66923054
2024-04-12,0.840,0.825,0.846,0.825,85864500,71557382
2024-04-15,0.823,0.848,0.849,0.823,116878300,98147889
2024-04-16,0.848,0.840,0.849,0.838,99836600,84285919
2024-04-17,0.839,0.845,0.845,0.836,81312800,68313523
2024-04-18,0.842,0.850,0.858,0.837,203949000,173500089
2024-04-19,0.850,0.842,0.850,0.836,67861000,57104052
2024-04-22,0.843,0.859,0.865,0.843,89941300,77021861
2024-04-23,0.859,0.865,0.866,0.854,242903000,209510107
2024-04-24,0.863,0.863,0.868,0.854,97200200,83630442
2024-04-25,0.862,0.861,0.864,0.855,91061500,78323063
2024-04-26,0.862,0.873,0.877,0.861,112854500,98324681
2024-04-29,0.880,0.879,0.888,0.868,103369500,90798288
2024-04-30,0.883,0.880,0.890,0.878,140981700,124584705
2024-05-06,0.889,0.898,0.905,0.889,105212800,94473198
2024-05-07,0.905,0.899,0.905,0.890,86751293,77847731
2024-05-08,0.899,0.900,0.902,0.894,88373000,79386538
2024-05-09,0.898,0.903,0.904,0.896,85252700,76801275
2024-05-10,0.904,0.900,0.910,0.895,76263500,68743880
2024-05-13,0.894,0.893,0.895,0.887,80145073,71456627
2024-05-14,0.892,0.894,0.899,0.889,195866200,175146965
2024-05-15,0.894,0.885,0.897,0.885,187298400,166380791
2024-05-16,0.885,0.890,0.895,0.881,293696700,261349199
2024-05-17,0.889,0.903,0.903,0.888,127129435,113913815
2024-05-20,0.904,0.912,0.920,0.903,106766812,97462747
2024-05-21,0.912,0.910,0.916,0.904,60725784,55179678
2024-05-22,0.911,0.903,0.912,0.899,69859800,63120027
2024-05-23,0.902,0.893,0.906,0.890,57262100,51223130
2024-05-24,0.892,0.883,0.895,0.882,93179300,82780131
2024-05-27,0.883,0.888,0.888,0.880,68985400,60976172
2024-05-28,0.888,0.876,0.888,0.876,67259300,59155126
2024-05-29,0.876,0.876,0.883,0.874,48653700,42710151
2024-05-30,0.877,0.866,0.877,0.864,57590100,50023117
2024-05-31,0.866,0.866,0.871,0.863,54142100,46935029
2024-06-03,0.865,0.867,0.871,0.861,61159300,52899428
2024-06-04,0.867,0.874,0.876,0.862,78324600,68284666
2024-06-05,0.873,0.866,0.876,0.864,66544500,57818473
2024-06-06,0.866,0.859,0.867,0.855,92870800,79721925
2024-06-07,0.859,0.851,0.868,0.848,69590400,59416090
2024-06-11,0.849,0.837,0.849,0.834,70165100,58854144
2024-06-12,0.840,0.837,0.843,0.836,48049300,40309103
2024-06-13,0.839,0.823,0.839,0.820,65125100,53796402
2024-06-14,0.823,0.831,0.831,0.812,113511600,93160748
2024-06-17,0.825,0.824,0.826,0.813,76127900,62419841
2024-06-18,0.824,0.814,0.827,0.812,83285200,68173092
2024-06-19,0.814,0.808,0.816,0.808,57516496,46615014
2024-06-20,0.806,0.800,0.813,0.800,115219200,92520434
2024-06-21,0.798,0.796,0.802,0.790,71098000,56572383
2024-06-24,0.788,0.795,0.802,0.780,83860200,66292280
2024-06-25,0.795,0.791,0.800,0.788,65405100,51930531
2024-06-26,0.790,0.794,0.797,0.788,71706300,56789458
2024-06-27,0.795,0.786,0.795,0.784,65617800,51680190
2024-06-28,0.785,0.780,0.791,0.778,85652900,67107691
2024-07-01,0.780,0.782,0.784,0.771,75273900,58667370
2024-07-02,0.781,0.785,0.791,0.778,71933600,56488375
2024-07-03,0.788,0.781,0.788,0.778,74112700,58048613
2024-07-04,0.783,0.772,0.785,0.770,112457857,87171888
2024-07-05,0.770,0.768,0.776,0.760,59236600,45438942
2024-07-08,0.768,0.756,0.769,0.755,82725100,62945446
2024-07-09,0.756,0.756,0.761,0.746,104998500,79163441
2024-07-10,0.756,0.758,0.765,0.750,112049104,85006900
2024-07-11,0.764,0.775,0.778,0.762,105978200,81802155
2024-07-12,0.778,0.775,0.779,0.768,64537500,49945418
2024-07-15,0.779,0.780,0.781,0.773,70262700,54684489
2024-07-16,0.778,0.780,0.784,0.774,60736984,47302814
2024-07-17,0.778,0.795,0.795,0.774,96992300,76286769
2024-07-18,0.792,0.798,0.799,0.790,101790800,80950492
2024-07-19,0.794,0.807,0.808,0.789,111859700,89511337
2024-07-22,0.806,0.793,0.806,0.790,91847600,73107825
2024-07-23,0.792,0.765,0.794,0.765,91104500,70797072
2024-07-24,0.765,0.756,0.768,0.754,82534800,62668952
2024-07-25,0.753,0.758,0.761,0.752,56151326,42447565
2024-07-26,0.758,0.758,0.765,0.752,86536500,65544457
2024-07-29,0.758,0.744,0.758,0.743,86569100,64819494
2024-07-30,0.742,0.744,0.744,0.732,92092400,67968620
2024-07-31,0.742,0.768,0.770,0.740,229618084,174150209
2024-08-01,0.767,0.752,0.768,0.751,87545800,66280927
2024-08-02,0.749,0.752,0.759,0.747,69882200,52711339
2024-08-05,0.752,0.760,0.770,0.752,149040700,113696107
2024-08-06,0.765,0.765,0.766,0.755,95740300,72774697
2024-08-07,0.763,0.759,0.763,0.754,72725000,55188170
2024-08-08,0.758,0.772,0.778,0.755,143798000,110710441
2024-08-09,0.775,0.766,0.778,0.765,99932000,76973422
2024-08-12,0.761,0.767,0.771,0.760,80011000,61329950
2024-08-13,0.767,0.762,0.767,0.756,84571000,64288061
2024-08-14,0.762,0.749,0.763,0.748,74880200,56267409
2024-08-15,0.750,0.755,0.761,0.748,93806900,70678752
2024-08-16,0.754,0.748,0.754,0.745,94002200,70252204
2024-08-19,0.748,0.742,0.757,0.741,85288500,63666431
2024-08-20,0.742,0.730,0.743,0.728,151369000,110812792
2024-08-21,0.729,0.723,0.731,0.723,99046931,71952195
2024-08-22,0.725,0.714,0.725,0.710,94899680,67814355
2024-08-23,0.713,0.715,0.721,0.712,61279900,43886316
2024-08-26,0.717,0.711,0.718,0.708,55946008,39828854
2024-08-27,0.710,0.703,0.710,0.702,79145400,55773813
2024-08-28,0.703,0.696,0.703,0.687,145681040,100801526
2024-08-29,0.694,0.705,0.708,0.692,126396100,88817917
2024-08-30,0.700,0.722,0.732,0.696,199370500,143632174
2024-09-02,0.717,0.701,0.718,0.701,133330773,94260920
2024-09-03,0.700,0.709,0.715,0.700,91639400,64925334
2024-09-04,0.709,0.703,0.714,0.701,88081100,62304136
2024-09-05,0.704,0.708,0.708,0.702,85974200,60625521
2024-09-06,0.706,0.699,0.707,0.697,67631400,47503191
2024-09-09,0.696,0.691,0.697,0.688,72538000,50174833
2024-09-10,0.691,0.691,0.698,0.686,90629700,62622739
2024-09-11,0.690,0.690,0.695,0.682,53621400,36937322
2024-09-12,0.691,0.677,0.693,0.676,112050000,76505114
2024-09-13,0.677,0.667,0.677,0.666,84308400,56503701
2024-09-18,0.667,0.658,0.667,0.654,132789400,87398623
2024-09-19,0.659,0.673,0.683,0.655,237639200,159659688
2024-09-20,0.670,0.670,0.672,0.663,124733300,83214670
2024-09-23,0.671,0.669,0.681,0.667,85290400,57491810
2024-09-24,0.680,0.712,0.712,0.673,329583273,228266216
2024-09-25,0.726,0.714,0.738,0.713,239041920,172869053
2024-09-26,0.712,0.785,0.785,0.712,690652899,520822915
2024-09-27,0.820,0.849,0.855,0.796,1167968400,960621599
2024-09-30,0.910,0.934,0.934,0.850,1711351596,1533997273
2024-10-08,1.027,0.926,1.027,0.886,3235944360,3116936211
2024-10-09,0.888,0.834,0.897,0.834,1381060407,1189285301
2024-10-10,0.850,0.859,0.881,0.840,886337157,764578188
2024-10-11,0.859,0.836,0.859,0.826,646699500,543490742
2024-10-14,0.836,0.842,0.848,0.819,541150700,452469452
2024-10-15,0.840,0.814,0.842,0.814,444731100,368749163
2024-10-16,0.803,0.804,0.817,0.800,292470600,235731535
2024-10-17,0.806,0.789,0.810,0.788,336737400,268959345
2024-10-18,0.786,0.812,0.828,0.781,728234400,582347835
2024-10-21,0.814,0.818,0.822,0.803,594784500,484238779
2024-10-22,0.818,0.828,0.829,0.811,436709300,359738479
2024-10-23,0.834,0.836,0.844,0.823,561959892,469242609
2024-10-24,0.832,0.823,0.836,0.821,357607492,295809671
2024-10-25,0.821,0.830,0.837,0.820,399156600,331161341
2024-10-28,0.835,0.850,0.850,0.824,716241492,599792535
2024-10-29,0.850,0.830,0.854,0.828,768167800,643950114
2024-10-30,0.829,0.825,0.832,0.815,401671600,330859726
2024-10-31,0.821,0.823,0.830,0.817,331344577,272484816
2024-11-01,0.821,0.830,0.837,0.818,448463022,372507145
2024-11-04,0.837,0.841,0.841,0.827,393359124,328296855
2024-11-05,0.839,0.857,0.857,0.832,741387961,629007192
2024-11-06,0.858,0.854,0.860,0.845,741573400,633169038
2024-11-07,0.852,0.907,0.909,0.849,1661938630,1470359766
2024-11-08,0.935,0.886,0.935,0.880,1824255600,1630507716
2024-11-11,0.867,0.879,0.879,0.859,1205641900,1047884081
2024-11-12,0.881,0.873,0.894,0.866,1149869300,1012317294
2024-11-13,0.870,0.872,0.873,0.863,620664000,538774039
2024-11-14,0.868,0.858,0.873,0.856,687879500,594835392
2024-11-15,0.854,0.848,0.865,0.848,664780900,569554750
2024-11-18,0.849,0.839,0.856,0.835,371160000,313950533
2024-11-19,0.839,0.840,0.846,0.823,401324300,334974432
2024-11-20,0.838,0.842,0.845,0.832,330414000,277263231
2024-11-21,0.841,0.841,0.846,0.836,254504869,213746431
2024-11-22,0.842,0.813,0.843,0.813,419480116,346720515
2024-11-25,0.813,0.812,0.823,0.805,319174900,259795828
2024-11-26,0.808,0.816,0.824,0.807,247767600,202400712
2024-11-27,0.815,0.827,0.828,0.809,356930200,292856139
2024-11-28,0.826,0.817,0.826,0.815,347346600,284492630
2024-11-29,0.817,0.828,0.840,0.817,466165500,386484657
2024-12-02,0.830,0.837,0.839,0.823,643051835,536648541
2024-12-03,0.837,0.836,0.840,0.830,574854935,480485058
2024-12-04,0.836,0.829,0.836,0.825,269669500,223784200
2024-12-05,0.827,0.825,0.827,0.820,257054874,211792265
2024-12-06,0.826,0.833,0.838,0.823,498489737,414658702
2024-12-09,0.832,0.828,0.834,0.823,357767752,296172880
2024-12-10,0.870,0.840,0.871,0.840,1580418786,1351382687
2024-12-11,0.837,0.853,0.856,0.837,776897164,660688146
2024-12-12,0.853,0.870,0.870,0.847,1046396300,901704216
2024-12-13,0.863,0.846,0.863,0.845,904229600,771260339
2024-12-16,0.846,0.834,0.849,0.831,729835086,610329680
2024-12-17,0.833,0.836,0.842,0.829,383247000,320595152
2024-12-18,0.837,0.835,0.841,0.833,321314010,268445852
2024-12-19,0.828,0.828,0.830,0.821,490596959,405080904
2024-12-20,0.825,0.826,0.832,0.824,337938636,279569044
2024-12-23,0.826,0.821,0.829,0.819,546634296,450406042
2024-12-24,0.820,0.829,0.829,0.819,392309500,323616456
2024-12-25,0.829,0.824,0.829,0.821,226222514,186348239
2024-12-26,0.823,0.823,0.827,0.820,301481079,247995381
2024-12-27,0.823,0.826,0.829,0.818,428396073,352832864
2024-12-30,0.825,0.822,0.830,0.820,327495800,269596851
2024-12-31,0.821,0.817,0.831,0.816,546028808,449786821
2025-01-02,0.817,0.799,0.818,0.795,605684321,489627418
2025-01-03,0.800,0.791,0.804,0.788,305608300,243534596
2025-01-06,0.786,0.781,0.792,0.776,369982500,289972735
2025-01-07,0.780,0.783,0.785,0.776,281974800,220012637
2025-01-08,0.781,0.781,0.786,0.769,275535419,214605285
2025-01-09,0.780,0.778,0.788,0.775,199753900,155911279
2025-01-10,0.777,0.768,0.780,0.767,333035500,257302981
2025-01-13,0.763,0.770,0.773,0.761,260347280,200032776
2025-01-14,0.771,0.788,0.788,0.770,295439278,230909688
2025-01-15,0.786,0.780,0.786,0.778,152529932,119104389
2025-01-16,0.783,0.775,0.789,0.771,243965300,190241974
2025-01-17,0.773,0.783,0.786,0.772,280201565,218614667
2025-01-20,0.786,0.785,0.793,0.782,239628529,188981041
2025-01-21,0.789,0.781,0.789,0.776,213020200,166133300
2025-01-22,0.780,0.769,0.780,0.766,255678368,196657498
2025-01-23,0.775,0.770,0.781,0.770,274962000,213011056
2025-01-24,0.770,0.773,0.775,0.767,205257800,158322204
2025-01-27,0.774,0.773,0.779,0.772,228832800,177361636
2025-02-05,0.773,0.761,0.776,0.759,313062200,238595597
2025-02-06,0.760,0.765,0.766,0.757,347204600,264058311
2025-02-07,0.764,0.772,0.776,0.757,565991900,435083577
2025-02-10,0.772,0.770,0.772,0.763,378233418,290161522
2025-02-11,0.772,0.763,0.774,0.761,390326422,298570873
2025-02-12,0.762,0.770,0.770,0.760,336370600,256913631
2025-02-13,0.770,0.787,0.794,0.768,918209020,719962608
2025-02-14,0.787,0.787,0.789,0.782,463402000,363908205
2025-02-17,0.788,0.788,0.790,0.783,521260043,410141630
2025-02-18,0.788,0.780,0.792,0.777,488321800,382847915
2025-02-19,0.777,0.787,0.787,0.775,325332400,254326289
2025-02-20,0.787,0.784,0.790,0.781,321425000,252350025
2025-02-21,0.787,0.786,0.795,0.782,539583856,424530782
2025-02-24,0.788,0.792,0.798,0.787,562183456,445350126
2025-02-25,0.789,0.778,0.789,0.775,488019300,380677976
2025-02-26,0.778,0.784,0.784,0.773,428556600,333483539
2025-02-27,0.783,0.798,0.798,0.781,724544500,575425455
2025-02-28,0.799,0.797,0.813,0.795,1203353500,968483250
2025-03-03,0.799,0.795,0.809,0.790,564185500,450612322
2025-03-04,0.790,0.791,0.792,0.784,370370400,291855826
2025-03-05,0.791,0.789,0.794,0.784,319120500,251162753
2025-03-06,0.792,0.799,0.801,0.786,592863800,471076352
2025-03-07,0.797,0.805,0.808,0.793,573791600,460045633
2025-03-10,0.805,0.804,0.806,0.798,448032900,358997480
2025-03-11,0.800,0.820,0.820,0.795,692643000,561781472
2025-03-12,0.822,0.813,0.825,0.812,422658600,344771067
2025-03-13,0.813,0.812,0.821,0.810,326013290,265631693
2025-03-14,0.816,0.845,0.847,0.816,1202625076,1006639050
2025-03-17,0.857,0.846,0.858,0.840,1382160357,1173416144
2025-03-18,0.847,0.839,0.847,0.835,960282500,805689781
2025-03-19,0.838,0.834,0.842,0.831,684703900,571552773
2025-03-20,0.834,0.824,0.836,0.822,541528000,447152751
2025-03-21,0.821,0.815,0.830,0.812,600762710,491856158
2025-03-24,0.815,0.818,0.818,0.810,735515004,598554945
2025-03-25,0.818,0.817,0.819,0.809,433613200,352840302
2025-03-26,0.817,0.821,0.823,0.814,434064700,355636752
2025-03-27,0.820,0.827,0.828,0.817,402392900,331446679
2025-03-28,0.827,0.821,0.827,0.818,423178600,347969902
2025-03-31,0.818,0.812,0.824,0.810,401413300,327589053
2025-04-01,0.812,0.818,0.823,0.812,327728200,268080844
2025-04-02,0.816,0.815,0.823,0.814,216096400,176549248
2025-04-03,0.810,0.826,0.828,0.807,684014709,562569069
2025-04-07,0.810,0.800,0.821,0.774,1250045563,1000375966
2025-04-08,0.800,0.830,0.830,0.793,1029601700,840228957
2025-04-09,0.822,0.842,0.845,0.817,1862178453,1557731440
2025-04-10,0.840,0.843,0.845,0.828,1305152300,1095734017
2025-04-11,0.840,0.834,0.842,0.825,1029842886,855371039
2025-04-14,0.831,0.830,0.837,0.827,788595300,655214441
2025-04-15,0.829,0.831,0.834,0.824,667975000,553565556
2025-04-16,0.829,0.834,0.836,0.822,707570049,586101981
2025-04-17,0.831,0.838,0.841,0.826,658042600,550935765
2025-04-18,0.837,0.832,0.837,0.827,476545100,396023664
2025-04-21,0.831,0.827,0.831,0.825,456575100,377391087
2025-04-22,0.825,0.829,0.831,0.823,772678200,639251692
2025-04-23,0.827,0.823,0.830,0.821,536312400,441684000
2025-04-24,0.822,0.822,0.827,0.821,352033704,289891091
2025-04-25,0.824,0.820,0.828,0.818,427072000,350972164
2025-04-28,0.820,0.817,0.823,0.817,365145000,299395580
2025-04-29,0.817,0.815,0.817,0.811,389633000,317250961
2025-04-30,0.815,0.817,0.824,0.815,352624600,288817235
2025-05-06,0.820,0.819,0.821,0.814,436428900,356748056
2025-05-07,0.825,0.820,0.829,0.818,607270200,498291887
2025-05-08,0.820,0.822,0.826,0.816,316780511,260422764
2025-05-09,0.822,0.823,0.826,0.820,329078470,270842598
2025-05-12,0.825,0.823,0.827,0.819,367339530,302265465
2025-05-13,0.826,0.823,0.826,0.820,292255500,240335138
2025-05-14,0.822,0.833,0.838,0.819,620726362,514964489
2025-05-15,0.833,0.831,0.836,0.829,326402162,271719133
2025-05-16,0.831,0.823,0.831,0.820,238086800,196053931
2025-05-19,0.816,0.818,0.820,0.814,261207596,213298575
2025-05-20,0.817,0.824,0.829,0.817,395950217,326658729
2025-05-21,0.823,0.826,0.828,0.823,336359800,277637528
2025-05-22,0.825,0.822,0.827,0.821,276989700,228105420
2025-05-23,0.822,0.818,0.829,0.818,373626991,307377723
2025-05-26,0.818,0.816,0.822,0.812,340076000,277206269
2025-05-27,0.815,0.816,0.821,0.814,326098800,266190735
2025-05-28,0.815,0.820,0.823,0.812,269169299,220410632
2025-05-29,0.820,0.820,0.822,0.814,264740900,216773586
2025-05-30,0.818,0.820,0.826,0.817,279079000,229156696
2025-06-03,0.815,0.823,0.824,0.814,211099300,173155726
2025-06-04,0.824,0.824,0.825,0.820,206319600,169901325
2025-06-05,0.825,0.820,0.827,0.818,263850200,216573036
2025-06-06,0.820,0.819,0.823,0.816,344618800,282423518
2025-06-09,0.819,0.823,0.825,0.818,352098527,289474114
2025-06-10,0.822,0.816,0.823,0.813,688283500,562645445
2025-06-11,0.818,0.823,0.825,0.816,327324800,269128381
2025-06-12,0.823,0.814,0.823,0.813,283804800,231193247
2025-06-13,0.813,0.798,0.813,0.796,417563461,334669636
2025-06-16,0.796,0.795,0.797,0.790,278411584,220766455
2025-06-17,0.795,0.793,0.800,0.792,204004800,162113499
2025-06-18,0.795,0.795,0.803,0.794,286224900,228135270
2025-06-19,0.793,0.788,0.796,0.786,253983300,200784766
2025-06-20,0.788,0.794,0.799,0.788,300232200,238870801
2025-06-23,0.792,0.788,0.793,0.784,366290900,288250716
2025-06-24,0.790,0.794,0.797,0.787,257882600,204621553
2025-06-25,0.796,0.798,0.798,0.789,327045289,259520032
2025-06-26,0.798,0.796,0.799,0.794,199690400,159024201
2025-06-27,0.797,0.792,0.797,0.791,288563000,229082417
2025-06-30,0.792,0.794,0.795,0.789,194328100,153863533
2025-07-01,0.794,0.794,0.795,0.791,158828500,126080904
2025-07-02,0.795,0.795,0.798,0.793,192568100,153150571
2025-07-03,0.794,0.797,0.799,0.794,251969400,200755016
2025-07-04,0.797,0.798,0.801,0.794,383055000,305663848
2025-07-07,0.797,0.794,0.798,0.794,122731458,97619697
2025-07-08,0.795,0.798,0.799,0.792,300512400,239374084
2025-07-09,0.798,0.803,0.809,0.797,379245542,305302768
2025-07-10,0.803,0.804,0.806,0.798,278802200,223314673
2025-07-11,0.802,0.808,0.813,0.802,389220600,314730830
2025-07-14,0.807,0.809,0.810,0.802,170954900,137825572
2025-07-15,0.807,0.801,0.808,0.797,294648800,236019541
2025-07-16,0.799,0.803,0.804,0.799,197487800,158450086
2025-07-17,0.804,0.808,0.809,0.803,297840000,240174068
2025-07-18,0.808,0.816,0.817,0.807,324162373,263644182
2025-07-21,0.816,0.820,0.820,0.813,234314900,191350939
2025-07-22,0.820,0.836,0.837,0.818,608927800,504918635
2025-07-23,0.837,0.834,0.842,0.833,522875100,438413568
2025-07-24,0.833,0.836,0.837,0.830,497552999,414561122
2025-07-25,0.836,0.828,0.837,0.826,384577043,319096236
2025-07-28,0.828,0.823,0.828,0.819,480457100,394746758
2025-07-29,0.824,0.818,0.824,0.813,557744398,455633237
2025-07-30,0.819,0.824,0.830,0.816,535170312,441246759
2025-07-31,0.824,0.805,0.824,0.804,936136018,758315915
2025-08-01,0.805,0.806,0.809,0.803,519334200,418877372
2025-08-04,0.804,0.808,0.808,0.803,235406899,189758927
2025-08-05,0.809,0.816,0.816,0.808,577009300,469655164
2025-08-06,0.816,0.817,0.817,0.812,203204300,165558722
2025-08-07,0.818,0.816,0.818,0.814,220247300,179788840
2025-08-08,0.816,0.814,0.818,0.812,570436300,464841729
2025-08-11,0.815,0.822,0.824,0.812,393220800,322100499
2025-08-12,0.822,0.821,0.830,0.820,382702100,315612720
2025-08-13,0.825,0.822,0.825,0.817,588191885,482728603
2025-08-14,0.823,0.821,0.830,0.818,533395900,439621897
2025-08-15,0.819,0.822,0.823,0.814,536419000,439402192
2025-08-18,0.825,0.828,0.830,0.822,802466456,662697810
2025-08-19,0.827,0.833,0.837,0.826,880761000,733798127
2025-08-20,0.831,0.843,0.843,0.826,902833685,757670342
2025-08-21,0.845,0.848,0.854,0.842,940464200,798167322
2025-08-22,0.847,0.852,0.852,0.844,812561900,688678813
2025-08-25,0.858,0.875,0.875,0.853,1537844692,1329645128
2025-08-26,0.874,0.882,0.891,0.866,1680045637,1480978073
2025-08-27,0.880,0.861,0.881,0.860,1532358800,1335415797
2025-08-28,0.859,0.857,0.864,0.843,1243834436,1062076555
2025-08-29,0.861,0.877,0.879,0.861,1245643235,1089063571
2025-09-01,0.879,0.875,0.880,0.868,1260519834,1101243699
2025-09-02,0.874,0.871,0.886,0.868,1080297029,946674227
2025-09-03,0.873,0.857,0.881,0.854,818438897,706412307
2025-09-04,0.856,0.858,0.858,0.848,913245052,779465009
2025-09-05,0.860,0.865,0.865,0.849,1038629500,890554138
2025-09-08,0.864,0.881,0.881,0.863,1045599705,915983541
2025-09-09,0.881,0.880,0.882,0.871,740338115,649814994
2025-09-10,0.879,0.878,0.881,0.873,702024059,615988681
2025-09-11,0.875,0.890,0.890,0.874,1347055554,1191979376
2025-09-12,0.890,0.880,0.895,0.880,850388060,753732464
2025-09-15,0.878,0.884,0.888,0.877,619209108,546868725
2025-09-16,0.885,0.878,0.885,0.870,1133142943,992881870
2025-09-17,0.880,0.872,0.880,0.867,1061708256,925779306
2025-09-18,0.873,0.858,0.873,0.852,1141761000,985398230
2025-09-19,0.856,0.860,0.861,0.852,723051400,619286235
2025-09-22,0.859,0.849,0.859,0.846,618742900,525624011
2025-09-23,0.848,0.843,0.853,0.838,769620800,648806517
2025-09-24,0.841,0.847,0.849,0.840,497738556,420585509
2025-09-25,0.846,0.840,0.848,0.839,619563588,521226550
2025-09-26,0.838,0.839,0.844,0.835,493023400,413770044
2025-09-29,0.843,0.848,0.849,0.833,795624565,668720359
2025-09-30,0.847,0.846,0.847,0.839,722392300,609164876
2025-10-09,0.841,0.844,0.844,0.829,895891800,748864850
2025-10-10,0.841,0.846,0.852,0.839,891915960,754821324
2025-10-13,0.837,0.838,0.841,0.833,1115145624,933927677
2025-10-14,0.839,0.848,0.852,0.838,1119173054,947074189
2025-10-15,0.847,0.852,0.852,0.842,990891175,840592365
2025-10-16,0.851,0.853,0.858,0.849,819653800,699492279
2025-10-17,0.853,0.843,0.857,0.842,860538813,730156638
2025-10-20,0.845,0.837,0.847,0.834,894567400,750858809
2025-10-21,0.836,0.839,0.841,0.835,612544830,513385885
2025-10-22,0.838,0.833,0.841,0.831,584121575,487558697
2025-10-23,0.832,0.834,0.835,0.826,881836735,731782339
2025-10-24,0.835,0.826,0.837,0.825,841782013,697889168
2025-10-27,0.827,0.829,0.830,0.823,1115344100,924153186
2025-10-28,0.830,0.825,0.832,0.825,700311700,579651087
2025-10-29,0.825,0.826,0.826,0.822,632468100,521134473
2025-10-30,0.825,0.824,0.830,0.821,783644853,647337757
2025-10-31,0.822,0.831,0.834,0.821,811424214,673757830
2025-11-03,0.830,0.833,0.834,0.826,505031897,419411161
2025-11-04,0.831,0.822,0.832,0.818,666259252,548789338
2025-11-05,0.818,0.820,0.824,0.815,571259660,468333873
2025-11-06,0.820,0.821,0.825,0.819,356241264,292888322
2025-11-07,0.821,0.822,0.826,0.820,434437900,357472276
2025-11-10,0.823,0.848,0.850,0.820,2452554870,2063121989
2025-11-11,0.848,0.848,0.849,0.840,1105283068,934064975
2025-11-12,0.846,0.849,0.855,0.846,838025609,713475480
2025-11-13,0.847,0.853,0.853,0.842,857285592,726495280
2025-11-14,0.850,0.842,0.858,0.842,814735600,691456367
2025-11-17,0.842,0.837,0.843,0.830,781034900,653053382
2025-11-18,0.836,0.839,0.845,0.835,684835716,575021019
2025-11-19,0.838,0.836,0.840,0.833,517365314,432492970
2025-11-20,0.836,0.831,0.840,0.831,511079200,426466616
2025-11-21,0.828,0.825,0.836,0.822,711051806,588972348
2025-11-24,0.826,0.825,0.834,0.823,532276141,440481752
2025-11-25,0.826,0.827,0.828,0.821,625889702,516346045
2025-11-26,0.826,0.825,0.830,0.823,485943315,401438874
2025-11-27,0.827,0.825,0.829,0.822,570955760,471317819
2025-11-28,0.824,0.829,0.830,0.822,443777000,367184682
2025-12-01,0.830,0.827,0.833,0.825,423885400,350897296
2025-12-02,0.827,0.821,0.828,0.820,400731300,329766285
2025-12-03,0.822,0.814,0.822,0.813,522575732,426530284
2025-12-04,0.814,0.807,0.816,0.805,625007500,504690587
2025-12-05,0.806,0.809,0.810,0.804,350185942,282489532
2025-12-08,0.809,0.802,0.809,0.801,474429259,381534820
2025-12-09,0.803,0.793,0.804,0.790,767091271,610272304
2025-12-10,0.790,0.795,0.797,0.787,502968225,398769343
2025-12-11,0.796,0.791,0.796,0.790,344612875,273091219
2025-12-12,0.793,0.796,0.797,0.790,586042379,465742259
2025-12-15,0.801,0.801,0.808,0.799,533086384,428533046
2025-12-16,0.803,0.799,0.804,0.796,567585100,453719594
2025-12-17,0.801,0.805,0.806,0.795,520842265,417495095
2025-12-18,0.803,0.801,0.805,0.800,298635505,239693368
2025-12-19,0.803,0.811,0.811,0.800,517647351,417512521
2025-12-22,0.810,0.809,0.811,0.806,703369031,568761593
2025-12-23,0.809,0.802,0.810,0.802,893575017,719475941
2025-12-24,0.802,0.799,0.803,0.796,582860705,465194649
2025-12-25,0.798,0.804,0.805,0.797,584677615,468264063
2025-12-26,0.803,0.800,0.804,0.797,378883002,303334165
2025-12-29,0.800,0.798,0.803,0.796,739902614,590673823
2025-12-30,0.796,0.798,0.800,0.795,446088200,355524803
2025-12-31,0.798,0.793,0.798,0.790,414119000,328250965
2026-01-05,0.793,0.802,0.803,0.792,997427799,797424929
2026-01-06,0.801,0.809,0.809,0.798,1367096781,1098662456
2026-01-07,0.809,0.804,0.810,0.802,862573927,694732776
2026-01-08,0.802,0.798,0.802,0.796,710485127,566787105
2026-01-09,0.797,0.801,0.803,0.797,654642427,523960998
2026-01-12,0.801,0.806,0.806,0.799,876357303,704015752
2026-01-13,0.806,0.798,0.807,0.795,1322931300,1060341996
2026-01-14,0.797,0.794,0.801,0.789,1247712239,993480762
2026-01-15,0.791,0.790,0.797,0.789,594805879,471255101
2026-01-16,0.791,0.779,0.793,0.779,993434700,779016738
2026-01-19,0.779,0.782,0.785,0.778,462704733,361791077
2026-01-20,0.782,0.784,0.786,0.780,933257577,731257313
2026-01-21,0.783,0.775,0.784,0.773,1208664100,939918823
2026-01-22,0.775,0.772,0.778,0.771,675780952,522769877
2026-01-23,0.772,0.771,0.775,0.770,487757581,376936876
2026-01-26,0.770,0.771,0.774,0.759,992215619,760875492
2026-01-27,0.770,0.758,0.770,0.757,816467922,620713143
2026-01-28,0.758,0.756,0.761,0.753,829058152,627248272
2026-01-29,0.756,0.800,0.800,0.756,2221699757,1735285884
2026-01-30,0.795,0.778,0.795,0.778,1093810473,860212741
2026-02-02,0.777,0.777,0.795,0.775,846719045,663713879
2026-02-03,0.777,0.783,0.787,0.774,568405640,442939257
2026-02-04,0.782,0.800,0.801,0.781,943075610,748588134
2026-02-05,0.798,0.808,0.812,0.797,1507368856,1215928693
2026-02-06,0.805,0.798,0.808,0.795,644269990,514938715
2026-02-09,0.797,0.799,0.802,0.794,720268464,574425416
2026-02-10,0.798,0.789,0.798,0.787,624221000,492827276
2026-02-11,0.789,0.789,0.791,0.786,423006400,333506494
2026-02-12,0.789,0.780,0.789,0.778,495302100,387108512
2026-02-13,0.780,0.777,0.785,0.776,532907000,415939674
2026-02-24,0.780,0.771,0.786,0.770,510442600,395360311
2026-02-25,0.771,0.775,0.781,0.771,815835700,633365529
2026-02-26,0.776,0.771,0.779,0.769,456700400,352881208
2026-02-27,0.770,0.775,0.776,0.770,400393578,309693251
2026-03-02,0.770,0.768,0.777,0.764,502682376,386024344
2026-03-03,0.767,0.765,0.777,0.763,570197060,437967290
2026-03-04,0.763,0.759,0.763,0.754,644863605,488639652
2026-03-05,0.761,0.756,0.762,0.753,455489400,344734321
2026-03-06,0.754,0.773,0.776,0.753,969551400,744556348
2026-03-09,0.769,0.771,0.777,0.768,563491410,435588530
2026-03-10,0.771,0.772,0.775,0.770,350368085,270644294
2026-03-11,0.772,0.776,0.777,0.767,385782700,297962297
2026-03-12,0.775,0.779,0.781,0.771,519662700,403442437
2026-03-13,0.779,0.781,0.786,0.777,466348639,364830873
2026-03-16,0.780,0.790,0.793,0.780,749484346,591251340
2026-03-17,0.788,0.788,0.801,0.786,1090762351,865664320
2026-03-18,0.789,0.782,0.791,0.778,595800779,465877439
2026-03-19,0.779,0.770,0.780,0.769,563070199,435483352
2026-03-20,0.770,0.764,0.777,0.764,418937200,322556186
2026-03-23,0.760,0.736,0.761,0.733,849182350,631201296
2026-03-24,0.739,0.742,0.743,0.732,464258014,342190794
2026-03-25,0.741,0.747,0.747,0.737,389998400,290213748
2026-03-26,0.746,0.739,0.749,0.738,609852200,452654631
2026-03-27,0.736,0.752,0.753,0.735,544527800,408073267
2026-03-30,0.745,0.753,0.757,0.745,397289300,298377662
2026-03-31,0.757,0.742,0.762,0.742,793725800,595618778
2026-04-01,0.747,0.751,0.754,0.744,363400900,272362227
2026-04-02,0.750,0.756,0.761,0.748,404434300,305772809
2026-04-03,0.756,0.747,0.757,0.745,297284100,222421047
2026-04-07,0.747,0.745,0.752,0.743,311342830,232285988
2026-04-08,0.753,0.757,0.757,0.748,580371900,437032815
2026-04-09,0.753,0.747,0.754,0.744,360912978,269798444
2026-04-10,0.747,0.743,0.749,0.741,1241728807,923592795
2026-04-13,0.741,0.744,0.745,0.738,638273000,474080054
2026-04-14,0.745,0.751,0.751,0.742,531414192,396456558
2026-04-15,0.750,0.752,0.754,0.747,643132460,482688445
2026-04-16,0.752,0.753,0.753,0.749,339457600,255125478
2026-04-17,0.747,0.742,0.747,0.740,705804568,523305590
2026-04-20,0.742,0.742,0.744,0.739,523053581,387664305
2026-04-21,0.742,0.742,0.747,0.740,484674000,359912923
2026-04-22,0.740,0.737,0.744,0.735,343986938,254016817
2026-04-23,0.737,0.737,0.742,0.733,515469692,380575146
2026-04-24,0.736,0.737,0.740,0.732,337351400,248619574
2026-04-27,0.734,0.731,0.735,0.729,312398490,228331975
2026-04-28,0.730,0.732,0.733,0.728,359415300,262511945
2026-04-29,0.732,0.745,0.748,0.731,545294700,404965954
2026-04-30,0.745,0.747,0.753,0.743,489528226,365906977
2026-05-06,0.740,0.742,0.742,0.735,482936167,356655966
2026-05-07,0.741,0.739,0.746,0.737,364824035,270118519
2026-05-08,0.738,0.734,0.741,0.732,468687437,344373082
2026-05-11,0.732,0.736,0.737,0.728,499001200,366234003
2026-05-12,0.735,0.725,0.736,0.723,541849847,394009731
2026-05-13,0.723,0.719,0.726,0.716,373381800,268330973
2026-05-14,0.720,0.720,0.732,0.716,606831940,438236037
2026-05-15,0.719,0.708,0.720,0.706,491782500,349516587
2026-05-18,0.709,0.700,0.710,0.698,380865970,267032915
2026-05-19,0.700,0.700,0.707,0.696,294699300,206474515
2026-05-20,0.699,0.699,0.705,0.696,299955624,209890839
2026-05-21,0.698,0.690,0.705,0.690,423870900,295642710
2026-05-22,0.692,0.682,0.693,0.680,385191700,263364873
2026-05-25,0.682,0.681,0.686,0.674,551613900,375481691
2026-05-26,0.680,0.680,0.684,0.676,300734100,204176771
2026-05-27,0.679,0.682,0.690,0.668,1398090221,949908206
2026-05-28,0.679,0.670,0.679,0.668,587069656,395183256
2026-05-29,0.669,0.689,0.692,0.667,842727200,576247512
2026-06-01,0.687,0.691,0.691,0.679,383394600,263058732
2026-06-02,0.689,0.680,0.690,0.678,497239200,339240984
2026-06-03,0.678,0.670,0.678,0.664,640924400,427991499
2026-06-04,0.668,0.659,0.673,0.658,434861506,288631180
2026-06-05,0.659,0.658,0.668,0.656,482984104,318965211
2026-06-08,0.656,0.646,0.659,0.642,537882407,349351362
2026-06-09,0.645,0.644,0.649,0.641,357482909,230357942
2026-06-10,0.643,0.650,0.653,0.641,402384584,261127096
2026-06-11,0.650,0.650,0.651,0.643,330883400,214326772
2026-06-12,0.650,0.657,0.660,0.645,340395500,222611936
2026-06-15,0.656,0.654,0.660,0.649,414160800,270781862
2026-06-16,0.652,0.641,0.652,0.640,529206421,340031808
2026-06-17,0.640,0.635,0.642,0.631,444542212,282010846
2026-06-18,0.634,0.623,0.634,0.621,511738596,319771121
2026-06-22,0.621,0.627,0.631,0.611,593625100,367601705
2026-06-23,0.626,0.617,0.637,0.615,444697738,278831469
2026-06-24,0.617,0.608,0.623,0.607,489582800,299730693
2026-06-25,0.606,0.610,0.616,0.599,604402306,366493612
2026-06-26,0.611,0.603,0.616,0.602,446033919,271431252
2026-06-29,0.602,0.622,0.626,0.593,679633164,416322101
2026-06-30,0.617,0.615,0.620,0.608,455094000,279084853
2026-07-01,0.614,0.630,0.634,0.611,557508029,347709720
2026-07-02,0.630,0.628,0.636,0.622,488339200,306656168
2026-07-03,0.628,0.628,0.635,0.623,404848300,254314112
2026-07-06,0.627,0.640,0.643,0.625,569586000,362575154
2026-07-07,0.639,0.630,0.639,0.627,455141900,287305948
2026-07-08,0.629,0.625,0.633,0.621,384596274,240678474
2026-07-09,0.624,0.618,0.625,0.616,457300287,283347155
2026-07-10,0.617,0.632,0.634,0.611,537831232,337211380
2026-07-13,0.628,0.631,0.635,0.623,586366410,368710951
2026-07-14,0.633,0.632,0.634,0.626,495757055,312498561
2026-07-15,0.627,0.656,0.657,0.626,884611199,573410883
2026-07-16,0.655,0.665,0.668,0.653,732881672,484891320
2026-07-17,0.665,0.653,0.670,0.650,654396192,430551973
2026-07-20,0.655,0.676,0.676,0.651,824317468,551310978
2026-07-21,0.673,0.669,0.686,0.664,874125300,589174213
2026-07-22,0.665,0.673,0.674,0.658,663780600,441969334
2026-07-23,0.670,0.670,0.671,0.660,490166257,326973801
2026-07-24,0.669,0.656,0.672,0.656,472425284,313089253
2026-07-27,0.659,0.663,0.664,0.655,354205400,234160202
2026-07-28,0.662,0.673,0.673,0.659,482372534,321755842
2026-07-29,0.673,0.679,0.688,0.673,672809590,458842306
2026-07-30,0.680,0.699,0.701,0.678,880081385,612553882
2026-07-31,0.684,0.697,0.697,0.681,832489100,573997587
2026-08-03,0.694,0.690,0.700,0.690,522008300,362505966
2026-08-04,0.690,0.679,0.690,0.678,683328100,465333177
2026-08-05,0.677,0.674,0.679,0.668,862810900,580624590
2026-08-06,0.674,0.669,0.676,0.667,783387669,524604537
2026-08-07,0.669,0.672,0.674,0.665,552770100,370157559
2026-08-10,0.671,0.690,0.691,0.671,719624154,493511003
2026-08-11,0.689,0.681,0.690,0.680,533481608,364953665
2026-08-12,0.680,0.683,0.686,0.677,552258912,376696487
2026-08-13,0.680,0.684,0.689,0.678,483046666,330180675
2026-08-14,0.683,0.673,0.683,0.673,493178780,333390412
2026-08-17,0.666,0.667,0.668,0.660,683360508,453765445
2026-08-18,0.665,0.671,0.674,0.664,480903400,321973396
2026-08-19,0.670,0.664,0.675,0.662,429553600,286145196
2026-08-20,0.664,0.669,0.671,0.663,363174060,242212925
2026-08-21,0.669,0.659,0.669,0.657,396027900,261341121
2026-08-24,0.658,0.660,0.663,0.655,474538300,313230883
2026-08-25,0.661,0.664,0.665,0.660,344030200,228180049
2026-08-26,0.660,0.665,0.669,0.659,313244200,208501690
2026-08-27,0.662,0.665,0.666,0.658,318529795,210614806
2026-08-28,0.663,0.671,0.672,0.661,279811100,186520394
2026-08-31,0.671,0.666,0.673,0.665,433659842,289744207
2026-09-01,0.665,0.674,0.680,0.663,457141446,308454153
2026-09-02,0.674,0.668,0.674,0.667,344736700,231129145
2026-09-03,0.666,0.665,0.672,0.664,272422500,181783827
2026-09-04,0.666,0.687,0.687,0.665,834732472,568759299
2026-09-07,0.685,0.683,0.685,0.678,432521100,294791954
2026-09-08,0.684,0.683,0.687,0.680,345751500,236162650
2026-09-09,0.681,0.679,0.682,0.674,420649000,284872432
2026-09-10,0.677,0.667,0.677,0.664,472592649,315692770
2026-09-11,0.665,0.658,0.665,0.656,380601651,250712741
2026-09-14,0.658,0.657,0.661,0.654,303526181,199556531
2026-09-15,0.659,0.654,0.660,0.653,265855300,174462663
2026-09-16,0.651,0.648,0.654,0.644,343438330,222385162
2026-09-17,0.646,0.649,0.650,0.644,299753700,194086010
2026-09-18,0.648,0.652,0.654,0.647,201765491,131402465
2026-09-21,0.653,0.658,0.658,0.649,311356300,203657637
2026-09-22,0.657,0.658,0.660,0.654,255946400,168247531
2026-09-23,0.658,0.656,0.663,0.655,218022807,143563789
2026-09-24,0.654,0.646,0.655,0.646,313014700,203150522
2026-09-28,0.646,0.645,0.648,0.642,398543100,256804132
2026-09-29,0.646,0.647,0.648,0.644,181686600,117383790
2026-09-30,0.648,0.658,0.660,0.647,300003978,196382215
