date,open,high,low,close,volume,turnover
2016-07-22,0.992,0.987,0.997,0.980,152786635,151182358
2016-07-25,0.985,0.978,0.991,0.976,57524377,56574116
2016-07-26,0.978,0.995,0.996,0.978,65106373,64502032
2016-07-27,0.997,0.940,0.999,0.931,85506942,82250656
2016-07-28,0.940,0.933,0.946,0.916,30032571,28062293
2016-07-29,0.933,0.925,0.937,0.920,9330099,8663144
2016-08-01,0.910,0.912,0.921,0.895,14552563,13188895
2016-08-02,0.909,0.921,0.921,0.908,3388317,3106977
2016-08-03,0.920,0.915,0.921,0.910,3812642,3493066
2016-08-04,0.919,0.926,0.930,0.912,9673196,8896182
2016-08-05,0.922,0.916,0.928,0.913,4798793,4417468
2016-08-08,0.915,0.924,0.924,0.905,4671584,4283508
2016-08-09,0.924,0.933,0.935,0.921,5904410,5488230
2016-08-10,0.932,0.928,0.939,0.926,2104146,1961374
2016-08-11,0.924,0.916,0.927,0.915,4156453,3821353
2016-08-12,0.917,0.918,0.920,0.911,2437572,2232951
2016-08-15,0.921,0.955,0.965,0.915,13301446,12597968
2016-08-16,0.954,0.964,0.970,0.954,6726961,6469422
2016-08-17,0.960,0.960,0.967,0.954,3632865,3490044
2016-08-18,0.954,0.959,0.964,0.954,6495588,6225122
2016-08-19,0.963,0.959,0.963,0.954,2408296,2304921
2016-08-22,0.956,0.940,0.960,0.940,3665848,3493032
2016-08-23,0.940,0.941,0.949,0.938,1565401,1475584
2016-08-24,0.943,0.951,0.955,0.941,30295609,28836458
2016-08-25,0.945,0.940,0.945,0.930,4300104,4031634
2016-08-26,0.940,0.944,0.956,0.940,5783394,5496279
2016-08-29,0.941,0.948,0.956,0.941,3105718,2946601
2016-08-30,0.948,0.953,0.955,0.946,3086610,2933463
2016-08-31,0.953,0.949,0.953,0.942,4088069,3869516
2016-09-01,0.949,0.943,0.953,0.943,2615780,2484081
2016-09-02,0.943,0.943,0.949,0.936,2174997,2049288
2016-09-05,0.940,0.944,0.954,0.939,2106614,1993508
2016-09-06,0.944,0.958,0.962,0.935,9383393,8933265
2016-09-07,0.955,0.955,0.965,0.955,3695501,3551803
2016-09-08,0.955,0.960,0.961,0.954,3828912,3666980
2016-09-09,0.960,0.948,0.961,0.948,2556305,2441908
2016-09-12,0.945,0.925,0.945,0.924,6082863,5666786
2016-09-13,0.928,0.918,0.935,0.917,2600055,2400732
2016-09-14,0.920,0.917,0.923,0.913,1571682,1441065
2016-09-19,0.917,0.927,0.934,0.917,3169592,2943698
2016-09-20,0.924,0.924,0.929,0.923,1756158,1624802
2016-09-21,0.929,0.924,0.929,0.924,2050865,1900329
2016-09-22,0.925,0.927,0.931,0.925,2569157,2386216
2016-09-23,0.928,0.918,0.928,0.917,4800968,4426585
2016-09-26,0.923,0.912,0.923,0.910,2137845,1956133
2016-09-27,0.905,0.912,0.912,0.902,3082427,2792800
2016-09-28,0.910,0.909,0.911,0.906,1481724,1347081
2016-09-29,0.909,0.910,0.918,0.909,1900728,1736188
2016-09-30,0.910,0.912,0.915,0.909,744134,678278
2016-10-10,0.920,0.938,0.939,0.917,7445321,6927697
2016-10-11,0.937,0.937,0.939,0.934,2851324,2671519
2016-10-12,0.936,0.937,0.942,0.934,3150309,2954129
2016-10-13,0.937,0.937,0.943,0.933,4125154,3870364
2016-10-14,0.933,0.930,0.934,0.924,1750345,1624077
2016-10-17,0.927,0.922,0.932,0.919,1873671,1733529
2016-10-18,0.922,0.933,0.933,0.921,3497890,3244296
2016-10-19,0.933,0.929,0.933,0.927,1245199,1158404
2016-10-20,0.926,0.930,0.934,0.926,2748637,2556925
2016-10-21,0.932,0.926,0.933,0.921,1948123,1803077
2016-10-24,0.928,0.936,0.940,0.924,9340645,8711498
2016-10-25,0.934,0.936,0.941,0.934,3710696,3479637
2016-10-26,0.937,0.931,0.938,0.929,3024652,2825782
2016-10-27,0.931,0.931,0.934,0.928,2444600,2276823
2016-10-28,0.933,0.924,0.937,0.924,2680962,2498242
2016-10-31,0.925,0.923,0.925,0.917,2004418,1844708
2016-11-01,0.923,0.927,0.928,0.922,2002499,1850962
2016-11-02,0.925,0.912,0.925,0.912,3586725,3291244
2016-11-03,0.912,0.915,0.923,0.909,5650734,5174639
2016-11-04,0.915,0.915,0.923,0.913,6130614,5625855
2016-11-07,0.915,0.904,0.915,0.903,5949874,5395940
2016-11-08,0.907,0.913,0.916,0.906,4832490,4402225
2016-11-09,0.912,0.900,0.914,0.891,6688975,6029852
2016-11-10,0.904,0.908,0.910,0.904,3455318,3136130
2016-11-11,0.907,0.912,0.914,0.900,6923341,6266305
2016-11-14,0.911,0.920,0.927,0.910,10085476,9294447
2016-11-15,0.916,0.928,0.933,0.916,8283807,7648255
2016-11-16,0.929,0.929,0.940,0.928,10925177,10224635
2016-11-17,0.923,0.919,0.923,0.913,4871281,4470692
2016-11-18,0.917,0.914,0.920,0.914,4985832,4577365
2016-11-21,0.914,0.912,0.917,0.910,9340729,8528373
2016-11-22,0.912,0.926,0.926,0.911,10089010,9252778
2016-11-23,0.929,0.922,0.936,0.921,15103207,14043242
2016-11-24,0.920,0.913,0.925,0.911,6264738,5759838
2016-11-25,0.913,0.923,0.925,0.904,18796531,17247901
2016-11-28,0.926,0.921,0.930,0.919,9802456,9078957
2016-11-29,0.921,0.924,0.932,0.918,9998333,9245408
2016-11-30,0.922,0.935,0.945,0.920,22046350,20635499
2016-12-01,0.938,0.932,0.940,0.930,11073010,10337728
2016-12-02,0.933,0.917,0.935,0.916,20654093,19107499
2016-12-05,0.912,0.914,0.923,0.907,10611230,9721424
2016-12-06,0.914,0.899,0.917,0.897,11160137,10108758
2016-12-07,0.899,0.903,0.903,0.896,5367893,4826864
2016-12-08,0.905,0.893,0.905,0.892,4166308,3735870
2016-12-09,0.893,0.886,0.896,0.884,6981044,6201011
2016-12-12,0.886,0.832,0.886,0.831,37425313,31784838
2016-12-13,0.831,0.834,0.840,0.826,11806138,9853546
2016-12-14,0.833,0.826,0.837,0.822,18402093,15246277
2016-12-15,0.825,0.831,0.838,0.824,12497784,10388648
2016-12-16,0.833,0.841,0.848,0.832,5685659,4793752
2016-12-19,0.842,0.834,0.842,0.829,3060171,2558723
2016-12-20,0.837,0.836,0.839,0.832,2311950,1932205
2016-12-21,0.838,0.837,0.841,0.834,2214308,1856712
2016-12-22,0.837,0.835,0.838,0.832,1275111,1062452
2016-12-23,0.835,0.824,0.836,0.823,1752500,1449821
2016-12-26,0.822,0.824,0.825,0.807,6024503,4914634
2016-12-27,0.829,0.823,0.829,0.822,1208806,996379
2016-12-28,0.820,0.817,0.824,0.816,850909,696719
2016-12-29,0.818,0.813,0.824,0.813,1805113,1477352
2016-12-30,0.815,0.817,0.821,0.814,1339727,1093336
2017-01-03,0.814,0.818,0.822,0.814,2836589,2321779
2017-01-04,0.820,0.838,0.838,0.818,8652916,7191436
2017-01-05,0.837,0.835,0.838,0.833,2249028,1877332
2017-01-06,0.835,0.823,0.835,0.822,3413812,2821885
2017-01-09,0.824,0.822,0.828,0.818,3046337,2505583
2017-01-10,0.820,0.820,0.826,0.818,3277531,2696098
2017-01-11,0.819,0.814,0.822,0.811,4829745,3941284
2017-01-12,0.813,0.809,0.816,0.808,2182706,1773002
2017-01-13,0.808,0.791,0.811,0.791,7258952,5820375
2017-01-16,0.794,0.753,0.794,0.737,10770540,8266105
2017-01-17,0.753,0.776,0.783,0.746,16667798,12728112
2017-01-18,0.772,0.766,0.776,0.766,8509913,6554627
2017-01-19,0.766,0.767,0.772,0.760,3060009,2342891
2017-01-20,0.764,0.784,0.792,0.764,13309013,10453545
2017-01-23,0.782,0.786,0.789,0.782,5849005,4590237
2017-01-24,0.788,0.771,0.788,0.771,6200071,4809629
2017-01-25,0.773,0.774,0.776,0.770,1832400,1418940
2017-01-26,0.771,0.780,0.781,0.771,2618300,2040832
2017-02-03,0.783,0.777,0.783,0.775,3891900,3027859
2017-02-06,0.778,0.788,0.790,0.776,6612030,5183387
2017-02-07,0.788,0.781,0.790,0.778,3833500,3000271
2017-02-08,0.777,0.788,0.788,0.777,6466021,5059717
2017-02-09,0.788,0.794,0.796,0.788,4704051,3728503
2017-02-10,0.792,0.790,0.794,0.788,2919614,2310285
2017-02-13,0.789,0.796,0.801,0.786,3979501,3161033
2017-02-14,0.794,0.795,0.799,0.794,2897006,2310590
2017-02-15,0.795,0.785,0.797,0.785,1213269,959318
2017-02-16,0.785,0.787,0.789,0.781,2781429,2186243
2017-02-17,0.787,0.782,0.791,0.780,2066118,1622668
2017-02-20,0.782,0.785,0.785,0.776,4034606,3153476
2017-02-21,0.784,0.797,0.800,0.784,9304537,7394096
2017-02-22,0.797,0.798,0.802,0.795,5877220,4690895
2017-02-23,0.798,0.799,0.799,0.793,3898071,3103020
2017-02-24,0.797,0.804,0.807,0.796,6359511,5111979
2017-02-27,0.804,0.801,0.813,0.799,7386467,5946183
2017-02-28,0.804,0.800,0.804,0.797,2333706,1865354
2017-03-01,0.800,0.801,0.804,0.798,2860273,2295076
2017-03-02,0.804,0.795,0.804,0.793,3271930,2616697
2017-03-03,0.794,0.796,0.798,0.786,6659335,5270132
2017-03-06,0.795,0.810,0.810,0.794,10937985,8814890
2017-03-07,0.812,0.815,0.817,0.808,5703615,4637540
2017-03-08,0.816,0.810,0.816,0.808,3920826,3186897
2017-03-09,0.810,0.808,0.810,0.802,4506505,3634784
2017-03-10,0.808,0.805,0.809,0.804,4164823,3358665
2017-03-13,0.805,0.813,0.814,0.800,6896392,5580417
2017-03-14,0.814,0.806,0.814,0.803,5399316,4360140
2017-03-15,0.803,0.808,0.810,0.799,11281555,9104623
2017-03-16,0.810,0.811,0.812,0.808,4393385,3558894
2017-03-17,0.814,0.805,0.821,0.805,6380085,5196948
2017-03-20,0.805,0.805,0.805,0.799,6784183,5435035
2017-03-21,0.805,0.807,0.809,0.803,3794778,3057689
2017-03-22,0.807,0.796,0.807,0.795,7350323,5862414
2017-03-23,0.796,0.795,0.802,0.788,5620306,4477595
2017-03-24,0.797,0.802,0.802,0.794,34143970,27286326
2017-03-27,0.803,0.796,0.803,0.796,6210732,4956227
2017-03-28,0.798,0.794,0.798,0.793,4623905,3676420
2017-03-29,0.793,0.787,0.796,0.786,9701315,7678454
2017-03-30,0.785,0.768,0.786,0.768,12418802,9630283
2017-03-31,0.771,0.774,0.775,0.770,5381426,4159354
2017-04-05,0.776,0.790,0.792,0.776,6278174,4932738
2017-04-06,0.794,0.791,0.795,0.789,2773201,2198625
2017-04-07,0.793,0.791,0.795,0.788,3229300,2559400
2017-04-10,0.793,0.775,0.793,0.774,3585301,2800592
2017-04-11,0.775,0.775,0.777,0.763,5728239,4424012
2017-04-12,0.774,0.765,0.774,0.765,5076058,3904081
2017-04-13,0.765,0.774,0.777,0.765,5461656,4225031
2017-04-14,0.776,0.763,0.776,0.761,7998700,6120975
2017-04-17,0.762,0.756,0.763,0.753,2302612,1745758
2017-04-18,0.758,0.742,0.758,0.741,6326821,4743084
2017-04-19,0.744,0.744,0.744,0.732,8083053,5959317
2017-04-20,0.747,0.742,0.748,0.738,6018309,4472751
2017-04-21,0.741,0.738,0.748,0.736,3680507,2734062
2017-04-24,0.741,0.722,0.741,0.720,6019024,4360085
2017-04-25,0.725,0.727,0.733,0.722,4164001,3034074
2017-04-26,0.729,0.724,0.729,0.721,3030012,2194022
2017-04-27,0.726,0.733,0.736,0.711,9213463,6668453
2017-04-28,0.733,0.738,0.741,0.730,3777786,2785396
2017-05-02,0.741,0.736,0.741,0.733,4295886,3164614
2017-05-03,0.739,0.736,0.739,0.733,2320106,1708203
2017-05-04,0.738,0.736,0.744,0.732,5410401,3995241
2017-05-05,0.738,0.728,0.738,0.728,2696928,1976208
2017-05-08,0.727,0.720,0.731,0.718,3280662,2378960
2017-05-09,0.719,0.725,0.727,0.713,6472529,4666331
2017-05-10,0.725,0.718,0.732,0.716,4954401,3598769
2017-05-11,0.718,0.714,0.718,0.700,7437903,5285744
2017-05-12,0.716,0.715,0.716,0.708,1874765,1335165
2017-05-15,0.719,0.715,0.721,0.714,2006957,1440952
2017-05-16,0.714,0.727,0.727,0.708,3527273,2532915
2017-05-17,0.727,0.732,0.740,0.726,6227497,4562174
2017-05-18,0.734,0.730,0.735,0.726,2985001,2186072
2017-05-19,0.730,0.724,0.731,0.722,3028317,2202642
2017-05-22,0.725,0.719,0.729,0.715,3019716,2185511
2017-05-23,0.721,0.706,0.721,0.704,4931401,3501749
2017-05-24,0.705,0.709,0.709,0.693,6488928,4555726
2017-05-25,0.709,0.713,0.718,0.698,6049048,4288132
2017-05-26,0.714,0.707,0.716,0.706,4738200,3366757
2017-05-31,0.718,0.707,0.718,0.707,3367219,2396563
2017-06-01,0.709,0.694,0.709,0.693,3097220,2165700
2017-06-02,0.694,0.703,0.708,0.688,4590923,3195790
2017-06-05,0.705,0.710,0.713,0.704,4362755,3097675
2017-06-06,0.713,0.711,0.715,0.708,4920501,3499496
2017-06-07,0.712,0.724,0.727,0.711,6282836,4518336
2017-06-08,0.725,0.724,0.728,0.721,3565101,2582995
2017-06-09,0.723,0.723,0.724,0.718,5491235,3958781
2017-06-12,0.723,0.714,0.723,0.712,3798708,2724042
2017-06-13,0.714,0.723,0.724,0.713,8859001,6370808
2017-06-14,0.724,0.724,0.728,0.720,4442216,3215812
2017-06-15,0.724,0.738,0.741,0.720,15142923,11125705
2017-06-16,0.738,0.736,0.739,0.733,3765306,2773180
2017-06-19,0.736,0.736,0.737,0.731,4206800,3093369
2017-06-20,0.738,0.740,0.746,0.738,5901455,4381495
2017-06-21,0.739,0.739,0.743,0.734,4634400,3420655
2017-06-22,0.740,0.728,0.742,0.728,4864948,3585884
2017-06-23,0.728,0.729,0.729,0.717,5395400,3900097
2017-06-26,0.730,0.733,0.734,0.726,10905822,7967525
2017-06-27,0.735,0.732,0.739,0.731,8444737,6211944
2017-06-28,0.733,0.726,0.733,0.724,4556624,3315032
2017-06-29,0.728,0.728,0.735,0.723,5405462,3944756
2017-06-30,0.728,0.731,0.731,0.725,3121716,2273304
2017-07-03,0.732,0.740,0.740,0.729,7204416,5301373
2017-07-04,0.739,0.734,0.739,0.732,6005500,4410751
2017-07-05,0.734,0.740,0.740,0.732,6620932,4872604
2017-07-06,0.739,0.737,0.744,0.732,11626239,8576278
2017-07-07,0.736,0.734,0.739,0.729,14523367,10641579
2017-07-10,0.730,0.719,0.733,0.718,9201902,6656107
2017-07-11,0.721,0.709,0.721,0.708,8567009,6106400
2017-07-12,0.708,0.706,0.713,0.699,16117507,11355245
2017-07-13,0.707,0.700,0.707,0.699,7562100,5310171
2017-07-14,0.703,0.691,0.703,0.690,7724873,5364438
2017-07-17,0.688,0.651,0.688,0.648,16320042,10849868
2017-07-18,0.650,0.656,0.657,0.643,7213642,4695934
2017-07-19,0.650,0.660,0.660,0.649,7175853,4697864
2017-07-20,0.663,0.660,0.670,0.658,9102510,6054538
2017-07-21,0.658,0.659,0.665,0.657,3842318,2539412
2017-07-24,0.662,0.661,0.663,0.655,4613103,3037038
2017-07-25,0.661,0.663,0.665,0.658,5914128,3915319
2017-07-26,0.663,0.660,0.665,0.657,3974204,2628162
2017-07-27,0.660,0.692,0.693,0.658,16718362,11346701
2017-07-28,0.691,0.687,0.694,0.685,8582800,5911447
2017-07-31,0.688,0.686,0.690,0.680,5564800,3810311
2017-08-01,0.687,0.690,0.691,0.682,5086205,3495522
2017-08-02,0.694,0.684,0.694,0.684,5756907,3963312
2017-08-03,0.683,0.692,0.707,0.681,12040159,8369808
2017-08-04,0.691,0.686,0.694,0.685,9259400,6383320
2017-08-07,0.685,0.691,0.696,0.681,4547200,3142694
2017-08-08,0.690,0.699,0.699,0.685,9543320,6616230
2017-08-09,0.698,0.701,0.705,0.694,8067728,5645916
2017-08-10,0.698,0.694,0.704,0.691,10885002,7591952
2017-08-11,0.690,0.692,0.700,0.689,8192100,5691127
2017-08-14,0.691,0.711,0.712,0.691,17524801,12391931
2017-08-15,0.712,0.713,0.715,0.708,11832350,8424005
2017-08-16,0.713,0.732,0.734,0.709,17974133,13013617
2017-08-17,0.735,0.741,0.748,0.724,37662432,27798764
2017-08-18,0.736,0.736,0.742,0.734,22693700,16758366
2017-08-21,0.736,0.734,0.739,0.730,16303735,11968593
2017-08-22,0.735,0.721,0.735,0.721,17074026,12421897
2017-08-23,0.724,0.725,0.730,0.720,19542801,14186679
2017-08-24,0.725,0.719,0.727,0.717,13713301,9901830
2017-08-25,0.716,0.729,0.730,0.716,18009717,13047608
2017-08-28,0.730,0.744,0.750,0.730,32370102,24067605
2017-08-29,0.745,0.740,0.747,0.738,17274701,12817273
2017-08-30,0.741,0.740,0.747,0.739,14736503,10950632
2017-08-31,0.739,0.745,0.747,0.739,9268400,6895645
2017-09-01,0.747,0.752,0.754,0.741,19826338,14804312
2017-09-04,0.752,0.760,0.765,0.749,30778208,23338361
2017-09-05,0.761,0.760,0.764,0.754,14033107,10649593
2017-09-06,0.758,0.772,0.772,0.756,24848835,19005635
2017-09-07,0.771,0.764,0.781,0.763,25916547,20069778
2017-09-08,0.764,0.760,0.767,0.755,25369147,19281911
2017-09-11,0.761,0.771,0.772,0.759,18589306,14235521
2017-09-12,0.773,0.762,0.774,0.760,18600912,14251218
2017-09-13,0.762,0.765,0.765,0.756,19813519,15063898
2017-09-14,0.763,0.758,0.766,0.756,14934507,11345693
2017-09-15,0.758,0.755,0.759,0.752,17913861,13533254
2017-09-18,0.753,0.761,0.761,0.751,13114798,9935237
2017-09-19,0.761,0.752,0.763,0.751,12943200,9784916
2017-09-20,0.753,0.758,0.759,0.749,12910003,9731023
2017-09-21,0.758,0.749,0.762,0.748,12300310,9285624
2017-09-22,0.747,0.747,0.750,0.739,14771900,11001878
2017-09-25,0.747,0.731,0.748,0.731,14725300,10875355
2017-09-26,0.731,0.732,0.735,0.728,11755200,8590522
2017-09-27,0.730,0.741,0.743,0.730,13672800,10100781
2017-09-28,0.742,0.740,0.746,0.739,8698245,6463357
2017-09-29,0.740,0.748,0.748,0.740,11370900,8481918
2017-10-09,0.760,0.760,0.760,0.753,9686429,7333717
2017-10-10,0.759,0.770,0.771,0.757,19764103,15095920
2017-10-11,0.771,0.762,0.771,0.760,10758700,8223787
2017-10-12,0.761,0.762,0.766,0.758,9173300,6995010
2017-10-13,0.763,0.779,0.779,0.761,16083001,12406417
2017-10-16,0.774,0.758,0.776,0.756,30253507,23149664
2017-10-17,0.756,0.752,0.759,0.750,13408646,10104682
2017-10-18,0.750,0.750,0.760,0.749,15316714,11574570
2017-10-19,0.749,0.744,0.752,0.742,14561300,10889676
2017-10-20,0.744,0.754,0.754,0.741,10079303,7548834
2017-10-23,0.755,0.763,0.763,0.752,8869500,6742356
2017-10-24,0.763,0.763,0.764,0.753,10807103,8192106
2017-10-25,0.760,0.768,0.768,0.759,8442309,6448445
2017-10-26,0.766,0.765,0.766,0.759,11958100,9117933
2017-10-27,0.763,0.757,0.764,0.756,8141507,6177318
2017-10-30,0.755,0.731,0.756,0.729,21681501,15994089
2017-10-31,0.733,0.735,0.736,0.730,11526518,8457251
2017-11-01,0.733,0.729,0.737,0.729,10311928,7556095
2017-11-02,0.727,0.715,0.728,0.715,18773219,13521863
2017-11-03,0.713,0.710,0.719,0.708,13074664,9325951
2017-11-06,0.709,0.717,0.718,0.708,11709695,8342724
2017-11-07,0.719,0.721,0.722,0.712,9350416,6707827
2017-11-08,0.721,0.726,0.733,0.719,8994717,6541131
2017-11-09,0.727,0.738,0.738,0.725,11317220,8262924
2017-11-10,0.738,0.741,0.744,0.733,9720185,7192250
2017-11-13,0.740,0.740,0.743,0.737,11585793,8579994
2017-11-14,0.740,0.733,0.743,0.733,16014003,11811381
2017-11-15,0.736,0.720,0.736,0.718,26373801,19108741
2017-11-16,0.720,0.719,0.724,0.716,11198724,8054406
2017-11-17,0.719,0.703,0.720,0.699,13669229,9699723
2017-11-20,0.703,0.712,0.712,0.690,12478724,8748327
2017-11-21,0.709,0.712,0.717,0.709,12445730,8875323
2017-11-22,0.713,0.712,0.721,0.705,17700348,12633713
2017-11-23,0.710,0.695,0.710,0.692,11879305,8338568
2017-11-24,0.694,0.692,0.698,0.691,13088318,9087424
2017-11-27,0.692,0.687,0.697,0.685,11283717,7790753
2017-11-28,0.687,0.697,0.698,0.685,11132508,7693018
2017-11-29,0.697,0.696,0.698,0.688,7441700,5160333
2017-11-30,0.696,0.689,0.697,0.688,9605100,6654115
2017-12-01,0.689,0.705,0.705,0.689,13520200,9462612
2017-12-04,0.705,0.696,0.705,0.694,13893500,9725900
2017-12-05,0.695,0.678,0.697,0.674,26315114,18057841
2017-12-06,0.679,0.686,0.687,0.672,19222400,13085966
2017-12-07,0.683,0.685,0.690,0.682,11373000,7800168
2017-12-08,0.685,0.690,0.696,0.685,15023400,10389888
2017-12-11,0.692,0.698,0.699,0.692,35396900,24644065
2017-12-12,0.695,0.692,0.700,0.692,9100300,6331030
2017-12-13,0.692,0.694,0.695,0.685,24796600,17145191
2017-12-14,0.695,0.690,0.696,0.686,11212900,7738486
2017-12-15,0.690,0.688,0.693,0.685,8434303,5805533
2017-12-18,0.689,0.683,0.691,0.681,9357803,6403625
2017-12-19,0.682,0.693,0.694,0.682,11771217,8134252
2017-12-20,0.692,0.682,0.692,0.680,10767717,7368097
2017-12-21,0.682,0.683,0.686,0.672,11022800,7492911
2017-12-22,0.682,0.677,0.685,0.675,10253200,6968456
2017-12-25,0.678,0.666,0.678,0.664,13374901,8948401
2017-12-26,0.667,0.669,0.670,0.663,6788000,4527868
2017-12-27,0.668,0.667,0.673,0.666,6446605,4310291
2017-12-28,0.668,0.668,0.673,0.666,7199805,4821089
2017-12-29,0.669,0.670,0.671,0.666,6739514,4506070
2018-01-02,0.674,0.677,0.685,0.672,9666625,6540427
2018-01-03,0.677,0.686,0.687,0.671,17627303,11978458
2018-01-04,0.686,0.682,0.686,0.679,8850107,6044352
2018-01-05,0.681,0.684,0.688,0.681,7294800,4999123
2018-01-08,0.681,0.682,0.682,0.673,11036500,7479455
2018-01-09,0.681,0.680,0.683,0.679,7927807,5399324
2018-01-10,0.680,0.677,0.682,0.672,9206715,6225750
2018-01-11,0.675,0.682,0.683,0.669,11538402,7788693
2018-01-12,0.681,0.672,0.681,0.671,11349900,7663789
2018-01-15,0.670,0.651,0.670,0.649,29997700,19763679
2018-01-16,0.650,0.648,0.652,0.644,18791508,12187087
2018-01-17,0.648,0.655,0.658,0.636,28636303,18563626
2018-01-18,0.652,0.652,0.658,0.650,17260900,11296104
2018-01-19,0.649,0.649,0.656,0.648,22046974,14372888
2018-01-22,0.648,0.669,0.670,0.642,45618086,30084495
2018-01-23,0.665,0.665,0.670,0.661,41356732,27491481
2018-01-24,0.663,0.690,0.694,0.659,166248738,112673890
2018-01-25,0.691,0.687,0.708,0.685,267109560,186019309
2018-01-26,0.687,0.694,0.699,0.686,136934061,94794682
2018-01-29,0.694,0.692,0.697,0.684,181647501,125225765
2018-01-30,0.691,0.681,0.693,0.680,212574000,145745900
2018-01-31,0.677,0.661,0.678,0.660,198382809,132299377
2018-02-01,0.660,0.646,0.666,0.646,245276209,161203618
2018-02-02,0.640,0.650,0.659,0.637,214324312,139275237
2018-02-05,0.638,0.645,0.649,0.637,227459700,146377651
2018-02-06,0.634,0.607,0.642,0.606,281885311,177040602
2018-02-07,0.621,0.615,0.625,0.596,335735806,206518145
2018-02-08,0.615,0.627,0.631,0.614,343801615,214671653
2018-02-09,0.610,0.606,0.621,0.596,351770706,214641738
2018-02-12,0.611,0.627,0.629,0.608,230224802,142934737
2018-02-13,0.630,0.628,0.635,0.625,230120200,145209607
2018-02-14,0.627,0.624,0.628,0.619,109559000,68257369
2018-02-22,0.632,0.637,0.639,0.626,140332401,88871958
2018-02-23,0.637,0.636,0.641,0.631,141526601,90048356
2018-02-26,0.643,0.663,0.665,0.639,272388994,178000671
2018-02-27,0.665,0.670,0.678,0.661,380879602,255494152
2018-02-28,0.663,0.673,0.684,0.661,417125409,281564248
2018-03-01,0.669,0.687,0.687,0.667,325319524,220969540
2018-03-02,0.685,0.677,0.694,0.677,373100413,255545134
2018-03-05,0.681,0.689,0.690,0.676,321320310,219543365
2018-03-06,0.693,0.688,0.695,0.685,345233905,238573471
2018-03-07,0.685,0.681,0.688,0.678,237254120,162031862
2018-03-08,0.680,0.682,0.686,0.678,186730607,127290659
2018-03-09,0.683,0.714,0.714,0.682,668952864,469477502
2018-03-12,0.732,0.726,0.734,0.720,1136240761,824838797
2018-03-13,0.723,0.720,0.733,0.716,742395458,537331784
2018-03-14,0.716,0.710,0.722,0.710,795703666,569741338
2018-03-15,0.705,0.716,0.717,0.698,719694204,508289003
2018-03-16,0.714,0.704,0.719,0.702,618864621,441183524
2018-03-19,0.702,0.712,0.719,0.700,713740804,507888747
2018-03-20,0.704,0.716,0.719,0.700,629910810,446317634
2018-03-21,0.716,0.694,0.721,0.693,792732242,564484856
2018-03-22,0.699,0.695,0.705,0.693,741915241,518041811
2018-03-23,0.675,0.649,0.679,0.643,1482326668,983100418
2018-03-26,0.640,0.672,0.673,0.638,1061098464,697037613
2018-03-27,0.681,0.701,0.702,0.678,1026898140,709003166
2018-03-28,0.691,0.696,0.706,0.689,973715089,681910525
2018-03-29,0.701,0.705,0.709,0.697,601280697,422457933
2018-03-30,0.710,0.727,0.727,0.706,832841532,597236349
2018-04-02,0.734,0.722,0.736,0.722,986325744,718336137
2018-04-03,0.711,0.710,0.716,0.700,977491203,692702960
2018-04-04,0.713,0.694,0.715,0.693,731434328,513799432
2018-04-09,0.695,0.698,0.708,0.689,653043945,456872707
2018-04-10,0.696,0.693,0.699,0.683,747198315,515797019
2018-04-11,0.697,0.693,0.704,0.692,590069905,412453905
2018-04-12,0.691,0.687,0.698,0.687,480646538,332883987
2018-04-13,0.693,0.690,0.696,0.687,366953050,253852402
2018-04-16,0.688,0.695,0.701,0.686,676027666,468419984
2018-04-17,0.695,0.670,0.698,0.669,978825938,665975697
2018-04-18,0.674,0.688,0.693,0.660,1289988054,871252421
2018-04-19,0.684,0.684,0.692,0.682,644209946,442283872
2018-04-20,0.682,0.666,0.686,0.664,807156633,544750179
2018-04-23,0.666,0.651,0.670,0.642,969097801,634838313
2018-04-24,0.653,0.677,0.678,0.650,970358828,646896264
2018-04-25,0.674,0.679,0.682,0.672,644291966,436825114
2018-04-26,0.679,0.667,0.680,0.665,521456262,350594133
2018-04-27,0.669,0.671,0.675,0.660,574133335,384127927
2018-05-02,0.674,0.667,0.680,0.664,540199749,362982214
2018-05-03,0.668,0.684,0.684,0.656,813484893,545013331
2018-05-04,0.679,0.674,0.683,0.673,559167501,379546073
2018-05-07,0.676,0.690,0.693,0.676,844285889,579715883
2018-05-08,0.691,0.697,0.698,0.688,553872483,383894744
2018-05-09,0.696,0.697,0.699,0.692,359606061,250408784
2018-05-10,0.698,0.697,0.701,0.689,549628200,382089706
2018-05-11,0.698,0.685,0.700,0.685,592839996,409690298
2018-05-14,0.687,0.683,0.692,0.681,481942976,331234160
2018-05-15,0.683,0.691,0.691,0.678,507163708,347265973
2018-05-16,0.688,0.685,0.691,0.683,407050906,279729151
2018-05-17,0.684,0.677,0.687,0.674,429598672,291851530
2018-05-18,0.676,0.680,0.682,0.671,480818728,325671587
2018-05-21,0.687,0.693,0.699,0.687,684134022,474554492
2018-05-22,0.692,0.694,0.694,0.688,476413288,329286661
2018-05-23,0.692,0.683,0.693,0.682,445492801,306234802
2018-05-24,0.682,0.677,0.684,0.676,331261314,225212306
2018-05-25,0.675,0.661,0.677,0.661,625356289,417436705
2018-05-28,0.662,0.656,0.664,0.653,439543740,289473678
2018-05-29,0.657,0.652,0.663,0.652,490351688,322125350
2018-05-30,0.645,0.631,0.645,0.629,822468302,525255736
2018-05-31,0.637,0.636,0.640,0.627,673712389,426914461
2018-06-01,0.633,0.627,0.635,0.622,527139855,331311529
2018-06-04,0.627,0.626,0.630,0.622,387087596,242505677
2018-06-05,0.626,0.639,0.640,0.626,586839291,371382521
2018-06-06,0.637,0.634,0.639,0.631,503444919,319674287
2018-06-07,0.637,0.629,0.637,0.629,313695885,198375141
2018-06-08,0.628,0.620,0.628,0.616,455843971,283548837
2018-06-11,0.619,0.618,0.625,0.617,352725224,218869474
2018-06-12,0.620,0.626,0.629,0.614,538916597,335569950
2018-06-13,0.626,0.615,0.626,0.615,368762376,229160881
2018-06-14,0.614,0.613,0.624,0.610,598282951,368451064
2018-06-15,0.614,0.598,0.616,0.596,861377417,519992380
2018-06-19,0.591,0.560,0.592,0.552,1237726600,710133677
2018-06-20,0.557,0.562,0.571,0.554,949465739,534440997
2018-06-21,0.564,0.546,0.567,0.546,842590760,467379631
2018-06-22,0.544,0.559,0.562,0.541,898604327,497889962
2018-06-25,0.565,0.555,0.567,0.554,587715715,330035243
2018-06-26,0.550,0.569,0.571,0.548,874277596,491514950
2018-06-27,0.568,0.564,0.571,0.562,573525557,324930763
2018-06-28,0.564,0.563,0.574,0.560,783651037,445641398
2018-06-29,0.565,0.586,0.588,0.564,946486652,546037402
2018-07-02,0.586,0.580,0.591,0.574,752687427,439382972
2018-07-03,0.581,0.591,0.595,0.572,1094400174,639051435
2018-07-04,0.589,0.574,0.589,0.572,825631299,479754787
2018-07-05,0.574,0.563,0.582,0.563,967161506,554137815
2018-07-06,0.564,0.567,0.582,0.561,1189436844,681022867
2018-07-09,0.571,0.579,0.580,0.571,795971356,459013651
2018-07-10,0.579,0.583,0.584,0.577,712804979,413905555
2018-07-11,0.572,0.570,0.578,0.563,1158931642,661692737
2018-07-12,0.573,0.594,0.596,0.573,1301804002,765691561
2018-07-13,0.593,0.593,0.596,0.590,676239819,401572063
2018-07-16,0.593,0.590,0.595,0.587,664271986,391789312
2018-07-17,0.590,0.593,0.594,0.585,660688726,389258962
2018-07-18,0.594,0.585,0.598,0.585,712379621,421693598
2018-07-19,0.586,0.581,0.590,0.579,612674262,357564721
2018-07-20,0.582,0.589,0.593,0.578,779152137,456631716
2018-07-23,0.588,0.600,0.600,0.585,842285493,500612826
2018-07-24,0.601,0.605,0.613,0.597,1106092496,670769911
2018-07-25,0.606,0.605,0.613,0.603,732856897,445531734
2018-07-26,0.605,0.595,0.607,0.591,823499219,491148002
2018-07-27,0.593,0.588,0.595,0.588,826499414,488427515
2018-07-30,0.587,0.576,0.589,0.573,795974567,461700147
2018-07-31,0.575,0.574,0.580,0.570,678163858,389851582
2018-08-01,0.575,0.565,0.581,0.565,705583389,404167455
2018-08-02,0.563,0.551,0.565,0.542,1221834480,673579859
2018-08-03,0.551,0.542,0.554,0.542,773807808,423410329
2018-08-06,0.541,0.529,0.545,0.526,988161931,529227337
2018-08-07,0.532,0.545,0.547,0.528,1139864205,613373254
2018-08-08,0.543,0.534,0.545,0.532,661375095,356097817
2018-08-09,0.531,0.551,0.556,0.531,1327783605,726987771
2018-08-10,0.550,0.553,0.555,0.548,555109101,306379799
2018-08-13,0.548,0.562,0.563,0.546,859846800,476290275
2018-08-14,0.560,0.556,0.563,0.554,703705226,392568141
2018-08-15,0.557,0.539,0.557,0.536,1018752677,554699948
2018-08-16,0.532,0.538,0.546,0.529,935347715,503504849
2018-08-17,0.543,0.528,0.545,0.526,860021789,459370363
2018-08-20,0.526,0.533,0.534,0.521,1035426486,546404542
2018-08-21,0.533,0.539,0.542,0.531,843013224,452794129
2018-08-22,0.538,0.534,0.539,0.532,496477326,265708425
2018-08-23,0.534,0.539,0.542,0.532,926995973,498474831
2018-08-24,0.537,0.535,0.539,0.533,684980643,367292362
2018-08-27,0.537,0.550,0.552,0.536,1084214466,590477567
2018-08-28,0.550,0.550,0.553,0.547,594646708,326974699
2018-08-29,0.549,0.546,0.551,0.544,515805403,281941483
2018-08-30,0.547,0.536,0.548,0.535,585192327,316346309
2018-08-31,0.535,0.528,0.535,0.526,649999327,344755311
2018-09-03,0.525,0.530,0.532,0.520,769802489,404046899
2018-09-04,0.529,0.536,0.539,0.526,704350912,375060931
2018-09-05,0.534,0.527,0.538,0.527,543718919,289785106
2018-09-06,0.526,0.524,0.533,0.522,735939724,388151821
2018-09-07,0.526,0.524,0.535,0.520,963397523,507610726
2018-09-10,0.521,0.502,0.522,0.501,1137586446,579664634
2018-09-11,0.502,0.505,0.509,0.499,700716381,353100451
2018-09-12,0.505,0.503,0.509,0.501,621567380,313904806
2018-09-13,0.509,0.506,0.512,0.499,948261413,479014968
2018-09-14,0.506,0.498,0.509,0.498,876344169,440428372
2018-09-17,0.496,0.492,0.497,0.490,739756844,364869488
2018-09-18,0.490,0.500,0.501,0.489,992274911,490803486
2018-09-19,0.498,0.506,0.511,0.496,1055380478,531710197
2018-09-20,0.505,0.504,0.509,0.503,497485128,251613901
2018-09-21,0.506,0.514,0.515,0.503,836338321,426077887
2018-09-25,0.510,0.509,0.513,0.506,526193546,267950585
2018-09-26,0.510,0.512,0.517,0.506,926102955,473829212
2018-09-27,0.511,0.502,0.513,0.502,703362462,356989476
2018-09-28,0.504,0.511,0.511,0.502,834452075,423024275
2018-10-08,0.500,0.485,0.501,0.485,1177240254,581828316
2018-10-09,0.486,0.481,0.490,0.478,675114692,326384008
2018-10-10,0.482,0.480,0.485,0.475,670712504,322303583
2018-10-11,0.463,0.444,0.466,0.440,1262530818,575647666
2018-10-12,0.443,0.447,0.453,0.434,1154590803,512644327
2018-10-15,0.448,0.440,0.453,0.439,611458575,273257458
2018-10-16,0.440,0.429,0.445,0.427,844869563,367707326
2018-10-17,0.436,0.435,0.438,0.424,1577580102,682544067
2018-10-18,0.432,0.427,0.435,0.425,1285171779,552609137
2018-10-19,0.422,0.445,0.447,0.420,2410498851,1050565087
2018-10-22,0.459,0.475,0.480,0.452,3001758407,1399754054
2018-10-23,0.477,0.462,0.478,0.457,2266437494,1057785639
2018-10-24,0.460,0.458,0.467,0.454,1417323554,651850266
2018-10-25,0.443,0.454,0.457,0.438,2227872079,992107312
2018-10-26,0.457,0.447,0.460,0.442,1386070425,625581709
2018-10-29,0.446,0.443,0.451,0.439,1048815917,467509763
2018-10-30,0.442,0.450,0.456,0.435,1791715963,798544919
2018-10-31,0.450,0.453,0.458,0.447,1413179893,640162858
2018-11-01,0.460,0.459,0.469,0.458,2400156290,1110666782
2018-11-02,0.480,0.485,0.485,0.471,3327848221,1585811848
2018-11-05,0.483,0.483,0.493,0.473,3172481882,1534207853
2018-11-06,0.480,0.481,0.483,0.473,1288584716,616737368
2018-11-07,0.482,0.481,0.489,0.480,1597998908,774435121
2018-11-08,0.486,0.472,0.488,0.472,1593290123,763970651
2018-11-09,0.469,0.474,0.478,0.467,1513859386,717626629
2018-11-12,0.473,0.493,0.493,0.472,1936452657,937274849
2018-11-13,0.488,0.498,0.503,0.485,3391140238,1676254391
2018-11-14,0.496,0.495,0.502,0.494,1382169686,686634189
2018-11-15,0.493,0.503,0.504,0.492,1470386193,732951870
2018-11-16,0.504,0.502,0.508,0.497,1914002328,962241611
2018-11-19,0.500,0.500,0.502,0.494,1234652307,614452970
2018-11-20,0.496,0.484,0.497,0.482,1706705662,835792138
2018-11-21,0.480,0.487,0.488,0.479,1410160533,683097851
2018-11-22,0.487,0.483,0.490,0.481,902516998,437416661
2018-11-23,0.482,0.463,0.483,0.463,1396607926,657487088
2018-11-26,0.463,0.461,0.467,0.459,893098435,413799680
2018-11-27,0.466,0.465,0.469,0.462,812604697,378354713
2018-11-28,0.464,0.475,0.476,0.461,1087723983,511811905
2018-11-29,0.479,0.465,0.481,0.464,913572519,433158063
2018-11-30,0.463,0.471,0.474,0.461,1259668571,587971499
2018-12-03,0.488,0.489,0.493,0.482,1966277060,960216866
2018-12-04,0.487,0.491,0.491,0.486,889049306,434673745
2018-12-05,0.484,0.487,0.492,0.481,1171398396,569371728
2018-12-06,0.484,0.472,0.485,0.472,1131805135,541975803
2018-12-07,0.473,0.473,0.476,0.471,644302340,304682866
2018-12-10,0.468,0.468,0.473,0.466,793585528,372383052
2018-12-11,0.470,0.473,0.473,0.469,520861503,245504735
2018-12-12,0.475,0.472,0.477,0.471,749833538,355410154
2018-12-13,0.474,0.479,0.482,0.470,771282637,368051312
2018-12-14,0.477,0.465,0.478,0.463,1021423711,480082622
2018-12-17,0.463,0.460,0.464,0.455,895093439,410969876
2018-12-18,0.456,0.457,0.463,0.453,856036783,391443135
2018-12-19,0.458,0.447,0.459,0.445,1017220836,458773641
2018-12-20,0.446,0.449,0.452,0.444,901957002,404521300
2018-12-21,0.447,0.446,0.450,0.442,738840453,329790152
2018-12-24,0.445,0.452,0.453,0.444,897073551,403699788
2018-12-25,0.447,0.447,0.450,0.436,1410083112,623627726
2018-12-26,0.446,0.442,0.449,0.441,720616795,320440096
2018-12-27,0.449,0.436,0.450,0.436,818950300,363392429
2018-12-28,0.437,0.436,0.440,0.433,643004523,280661689
2019-01-02,0.437,0.429,0.438,0.428,745468209,321915680
2019-01-03,0.428,0.425,0.433,0.423,768667885,328691002
2019-01-04,0.421,0.436,0.436,0.419,1562411847,669374516
2019-01-07,0.438,0.442,0.444,0.435,1200786356,528300535
2019-01-08,0.441,0.441,0.444,0.439,562933453,248544428
2019-01-09,0.442,0.441,0.450,0.439,997192466,443383807
2019-01-10,0.440,0.438,0.443,0.437,700423815,308599968
2019-01-11,0.439,0.439,0.441,0.435,582693727,255203970
2019-01-14,0.439,0.433,0.440,0.432,489384300,212760758
2019-01-15,0.432,0.442,0.443,0.431,817373153,357988282
2019-01-16,0.442,0.442,0.446,0.441,578742410,256450394
2019-01-17,0.442,0.436,0.443,0.436,599809900,263591668
2019-01-18,0.437,0.444,0.445,0.436,843852600,371832632
2019-01-21,0.445,0.448,0.451,0.443,948271414,424244381
2019-01-22,0.447,0.439,0.447,0.437,845942066,373449804
2019-01-23,0.438,0.437,0.440,0.436,453502624,198654633
2019-01-24,0.438,0.444,0.446,0.436,821096532,363419988
2019-01-25,0.443,0.445,0.449,0.442,663135908,295556455
2019-01-28,0.448,0.443,0.451,0.442,632264491,282539393
2019-01-29,0.442,0.437,0.443,0.432,1119963075,488492802
2019-01-30,0.434,0.432,0.439,0.431,767148800,334069171
2019-01-31,0.432,0.430,0.436,0.428,938923971,405731860
2019-02-01,0.433,0.449,0.449,0.431,1712942442,758078124
2019-02-11,0.450,0.462,0.463,0.449,1444153375,659221519
2019-02-12,0.462,0.467,0.469,0.461,906308336,421927673
2019-02-13,0.467,0.477,0.479,0.467,1511757797,717877489
2019-02-14,0.477,0.481,0.484,0.474,1080207795,517428356
2019-02-15,0.479,0.474,0.482,0.474,723064538,345809433
2019-02-18,0.478,0.499,0.499,0.478,1329535961,650072406
2019-02-19,0.500,0.493,0.503,0.488,1455952744,721802555
2019-02-20,0.493,0.491,0.495,0.484,1102743592,539494538
2019-02-21,0.491,0.493,0.508,0.488,1414689863,704502850
2019-02-22,0.493,0.516,0.518,0.492,1632481617,822499262
2019-02-25,0.530,0.559,0.560,0.528,2272894827,1235250462
2019-02-26,0.558,0.549,0.566,0.546,2351515689,1309212830
2019-02-27,0.549,0.540,0.555,0.532,2226462086,1209794464
2019-02-28,0.540,0.549,0.552,0.539,1685763410,920570192
2019-03-01,0.558,0.562,0.563,0.547,1416560454,787229648
2019-03-04,0.570,0.579,0.597,0.569,2053930136,1190775581
2019-03-05,0.575,0.598,0.599,0.571,1725827589,1005258634
2019-03-06,0.603,0.609,0.612,0.590,1794506647,1076300351
2019-03-07,0.604,0.601,0.614,0.591,2148135577,1293978955
2019-03-08,0.579,0.581,0.610,0.575,2077568205,1231079395
2019-03-11,0.584,0.605,0.605,0.580,1934443832,1147429198
2019-03-12,0.608,0.611,0.621,0.601,2494460224,1528564853
2019-03-13,0.611,0.588,0.612,0.582,2864416649,1708867182
2019-03-14,0.583,0.584,0.595,0.574,1961967325,1144711048
2019-03-15,0.588,0.583,0.593,0.577,1188990947,696743299
2019-03-18,0.583,0.598,0.598,0.575,1544625100,908112461
2019-03-19,0.598,0.595,0.604,0.592,918669622,548491697
2019-03-20,0.595,0.593,0.597,0.583,1065269452,628183118
2019-03-21,0.593,0.598,0.607,0.591,853159280,511712728
2019-03-22,0.598,0.595,0.601,0.585,985400767,583376951
2019-03-25,0.585,0.584,0.596,0.582,944873414,556642447
2019-03-26,0.588,0.568,0.590,0.567,861188175,498339707
2019-03-27,0.573,0.571,0.575,0.562,1022777246,582773754
2019-03-28,0.568,0.565,0.578,0.565,1050785356,600726916
2019-03-29,0.569,0.591,0.591,0.565,1150925498,668898419
2019-04-01,0.595,0.616,0.619,0.595,1178560284,717978256
2019-04-02,0.617,0.611,0.624,0.610,1138980430,702290650
2019-04-03,0.609,0.620,0.621,0.606,817044419,501622754
2019-04-04,0.620,0.615,0.626,0.612,1054925738,651160179
2019-04-08,0.619,0.604,0.622,0.596,1106690440,671637268
2019-04-09,0.600,0.605,0.611,0.598,1115953866,674699686
2019-04-10,0.600,0.599,0.605,0.592,974648561,582631610
2019-04-11,0.600,0.587,0.602,0.585,1029842896,608837726
2019-04-12,0.586,0.590,0.591,0.584,1061214291,623238001
2019-04-15,0.600,0.578,0.602,0.577,938187558,553308121
2019-04-16,0.575,0.597,0.598,0.571,1488128083,865675940
2019-04-17,0.595,0.596,0.602,0.593,871268801,521038443
2019-04-18,0.596,0.591,0.599,0.591,623613909,371175827
2019-04-19,0.593,0.599,0.599,0.588,624990665,370875748
2019-04-22,0.599,0.588,0.600,0.585,665147264,393648647
2019-04-23,0.586,0.582,0.589,0.578,570828500,332817166
2019-04-24,0.583,0.592,0.593,0.576,948795190,555153314
2019-04-25,0.589,0.572,0.590,0.571,778552830,453610601
2019-04-26,0.569,0.571,0.580,0.569,652829464,374743462
2019-04-29,0.571,0.556,0.573,0.555,1049377901,590732508
2019-04-30,0.556,0.554,0.561,0.550,784306989,436490559
2019-05-06,0.525,0.509,0.533,0.506,1333301619,695612937
2019-05-07,0.517,0.516,0.521,0.508,1092106905,563144666
2019-05-08,0.505,0.514,0.523,0.504,1095747817,564200411
2019-05-09,0.509,0.506,0.515,0.505,975116898,497417890
2019-05-10,0.514,0.530,0.531,0.503,1556217431,809241307
2019-05-13,0.522,0.520,0.525,0.516,851604552,443685088
2019-05-14,0.516,0.519,0.526,0.515,902522169,470456536
2019-05-15,0.523,0.529,0.531,0.521,785119905,412818043
2019-05-16,0.529,0.530,0.531,0.523,559205793,294727561
2019-05-17,0.531,0.511,0.532,0.508,762341791,396693950
2019-05-20,0.509,0.511,0.514,0.503,895671407,455189511
2019-05-21,0.511,0.517,0.522,0.509,939477132,484709286
2019-05-22,0.516,0.516,0.521,0.511,664770980,343080355
2019-05-23,0.514,0.503,0.514,0.501,989471600,501410698
2019-05-24,0.502,0.502,0.507,0.500,681810316,343065826
2019-05-27,0.504,0.515,0.518,0.501,1511861943,769717113
2019-05-28,0.516,0.514,0.518,0.510,837158060,430981950
2019-05-29,0.512,0.513,0.518,0.511,502137025,258403878
2019-05-30,0.511,0.507,0.512,0.502,633982378,320657162
2019-05-31,0.507,0.506,0.513,0.506,579578525,295116611
2019-06-03,0.508,0.502,0.510,0.499,717987957,361179823
2019-06-04,0.500,0.497,0.502,0.494,691321059,344526343
2019-06-05,0.502,0.496,0.503,0.495,552088409,275527898
2019-06-06,0.496,0.486,0.496,0.484,810991109,397088321
2019-06-10,0.488,0.491,0.495,0.485,669498113,328286576
2019-06-11,0.491,0.510,0.511,0.490,1120927707,563734828
2019-06-12,0.508,0.504,0.510,0.503,583872736,295859389
2019-06-13,0.504,0.506,0.509,0.502,601090370,303993389
2019-06-14,0.506,0.497,0.509,0.496,472989065,237568022
2019-06-17,0.497,0.499,0.501,0.495,436858800,217794054
2019-06-18,0.499,0.500,0.503,0.495,361140927,180281047
2019-06-19,0.520,0.507,0.521,0.507,1016726700,522685079
2019-06-20,0.507,0.519,0.523,0.505,993991331,512628956
2019-06-21,0.530,0.531,0.535,0.527,1428596898,759334937
2019-06-24,0.532,0.527,0.532,0.525,522015807,275842164
2019-06-25,0.526,0.522,0.527,0.514,772433669,402098714
2019-06-26,0.518,0.525,0.530,0.518,585221957,307464015
2019-06-27,0.527,0.532,0.535,0.527,779317409,414616657
2019-06-28,0.531,0.529,0.532,0.524,543453043,286689006
2019-07-01,0.540,0.548,0.550,0.537,1110161333,604551065
2019-07-02,0.548,0.549,0.553,0.546,756746933,415916832
2019-07-03,0.548,0.543,0.548,0.540,510752393,278139494
2019-07-04,0.544,0.539,0.545,0.535,512617618,276376787
2019-07-05,0.538,0.541,0.542,0.537,297053022,160385626
2019-07-08,0.539,0.525,0.539,0.519,527650822,277907089
2019-07-09,0.524,0.527,0.528,0.520,407831300,213817247
2019-07-10,0.528,0.523,0.529,0.522,265548510,139518747
2019-07-11,0.528,0.524,0.532,0.522,336473716,177550960
2019-07-12,0.524,0.526,0.529,0.521,292924763,154011431
2019-07-15,0.524,0.535,0.539,0.519,691940110,366940468
2019-07-16,0.533,0.535,0.537,0.532,386484716,206469826
2019-07-17,0.534,0.537,0.541,0.533,528962209,284743665
2019-07-18,0.534,0.528,0.535,0.528,342371573,182108831
2019-07-19,0.530,0.535,0.540,0.530,505736226,270447636
2019-07-22,0.535,0.525,0.537,0.523,494623946,261089209
2019-07-23,0.525,0.532,0.532,0.525,365908349,193578341
2019-07-24,0.533,0.539,0.543,0.532,575042389,310113072
2019-07-25,0.538,0.543,0.546,0.537,432072687,234437313
2019-07-26,0.542,0.545,0.545,0.541,324078392,176108743
2019-07-29,0.545,0.542,0.547,0.541,253302686,137549347
2019-07-30,0.543,0.550,0.555,0.543,574752336,316238919
2019-07-31,0.548,0.546,0.550,0.546,324963839,177968025
2019-08-01,0.543,0.545,0.547,0.541,324650844,176597078
2019-08-02,0.533,0.538,0.539,0.530,654654359,350414899
2019-08-05,0.535,0.526,0.541,0.526,542187463,289075048
2019-08-06,0.516,0.518,0.522,0.506,937888499,482273070
2019-08-07,0.521,0.516,0.523,0.516,355427442,184849523
2019-08-08,0.519,0.524,0.526,0.519,354780087,185434880
2019-08-09,0.527,0.521,0.529,0.520,470468912,246954117
2019-08-12,0.522,0.532,0.533,0.519,318042675,167061017
2019-08-13,0.527,0.528,0.531,0.525,259620074,137122055
2019-08-14,0.536,0.534,0.540,0.533,387642775,207894298
2019-08-15,0.525,0.541,0.541,0.522,578387095,307750536
2019-08-16,0.540,0.545,0.551,0.539,631081242,344096722
2019-08-19,0.551,0.570,0.572,0.550,1167245357,655459934
2019-08-20,0.570,0.565,0.572,0.562,727404267,413023996
2019-08-21,0.563,0.561,0.565,0.559,860830474,483859915
2019-08-22,0.563,0.563,0.564,0.557,380763485,213829171
2019-08-23,0.564,0.565,0.567,0.560,467491938,263764805
2019-08-26,0.556,0.558,0.562,0.553,617669433,344764620
2019-08-27,0.562,0.568,0.574,0.561,636051047,361176262
2019-08-28,0.567,0.564,0.568,0.561,355916199,200718479
2019-08-29,0.564,0.561,0.567,0.559,318687182,179294110
2019-08-30,0.566,0.560,0.569,0.556,447965582,252378090
2019-09-02,0.560,0.579,0.580,0.560,620643965,355195717
2019-09-03,0.579,0.582,0.582,0.574,378130974,218827387
2019-09-04,0.580,0.584,0.585,0.577,513439896,298312513
2019-09-05,0.589,0.593,0.603,0.589,910679973,542807801
2019-09-06,0.598,0.597,0.599,0.591,562383219,334938053
2019-09-09,0.604,0.618,0.618,0.600,808875982,493210957
2019-09-10,0.617,0.613,0.618,0.610,511376712,314425487
2019-09-11,0.617,0.606,0.619,0.604,798586931,486930310
2019-09-12,0.609,0.608,0.610,0.603,524991084,318562850
2019-09-16,0.610,0.608,0.613,0.605,511881330,311928325
2019-09-17,0.606,0.595,0.607,0.591,792296288,474087817
2019-09-18,0.595,0.593,0.597,0.589,451666269,268073870
2019-09-19,0.595,0.602,0.604,0.594,400587408,239698366
2019-09-20,0.603,0.600,0.606,0.600,542252595,326967122
2019-09-23,0.598,0.593,0.599,0.587,451470919,266629303
2019-09-24,0.592,0.600,0.605,0.592,491678161,294626836
2019-09-25,0.596,0.591,0.597,0.590,379065206,224786410
2019-09-26,0.592,0.576,0.594,0.575,587557277,342915647
2019-09-27,0.576,0.582,0.584,0.575,413678533,240179866
2019-09-30,0.582,0.571,0.585,0.571,367213148,212379097
2019-10-08,0.573,0.567,0.578,0.567,327875971,187899980
2019-10-09,0.565,0.570,0.571,0.563,349386360,197859516
2019-10-10,0.573,0.587,0.588,0.572,548552590,318625977
2019-10-11,0.587,0.589,0.592,0.582,374189719,219609547
2019-10-14,0.595,0.593,0.600,0.593,360982181,215268319
2019-10-15,0.592,0.586,0.593,0.583,268911288,158086454
2019-10-16,0.587,0.584,0.591,0.583,273967885,160843971
2019-10-17,0.583,0.585,0.588,0.583,223273945,130693687
2019-10-18,0.586,0.580,0.591,0.579,349183534,204217488
2019-10-21,0.580,0.577,0.581,0.571,377236290,216881514
2019-10-22,0.578,0.586,0.586,0.578,335243528,195126157
2019-10-23,0.584,0.578,0.586,0.577,257233600,149689409
2019-10-24,0.578,0.579,0.581,0.574,233134219,134790306
2019-10-25,0.579,0.587,0.588,0.576,497021567,289255013
2019-10-28,0.594,0.598,0.599,0.589,470690662,279935475
2019-10-29,0.597,0.590,0.598,0.589,325193541,193342583
2019-10-30,0.587,0.590,0.592,0.585,233644149,137594571
2019-10-31,0.591,0.587,0.594,0.586,233734802,138129235
2019-11-01,0.586,0.596,0.596,0.586,358699438,212654685
2019-11-04,0.596,0.599,0.603,0.596,304946560,182891356
2019-11-05,0.600,0.606,0.608,0.597,423951709,255653435
2019-11-06,0.605,0.603,0.612,0.601,383106601,232554505
2019-11-07,0.601,0.606,0.610,0.600,216316002,131272921
2019-11-08,0.610,0.608,0.615,0.607,307757209,188031599
2019-11-11,0.605,0.594,0.605,0.593,302960165,181547786
2019-11-12,0.594,0.591,0.596,0.585,311243275,183755327
2019-11-13,0.591,0.596,0.598,0.590,288166316,171348342
2019-11-14,0.597,0.601,0.604,0.596,271244174,162810862
2019-11-15,0.601,0.597,0.606,0.596,272293779,163614289
2019-11-18,0.595,0.600,0.601,0.594,187789214,112369456
2019-11-19,0.601,0.622,0.622,0.600,577572683,355291824
2019-11-20,0.621,0.618,0.628,0.616,392615275,244453730
2019-11-21,0.615,0.615,0.620,0.611,271146058,166894676
2019-11-22,0.617,0.603,0.625,0.600,574422149,351172682
2019-11-25,0.604,0.599,0.605,0.593,443162604,264829597
2019-11-26,0.600,0.602,0.606,0.597,365910552,220115451
2019-11-27,0.602,0.603,0.609,0.596,313389955,188904598
2019-11-28,0.603,0.603,0.607,0.600,170173179,102679864
2019-11-29,0.601,0.597,0.602,0.592,302858300,180866124
2019-12-02,0.600,0.599,0.604,0.598,197199770,118457659
2019-12-03,0.597,0.603,0.604,0.591,260617081,155645571
2019-12-04,0.599,0.604,0.609,0.598,318016886,192079799
2019-12-05,0.607,0.618,0.621,0.605,527570809,324495026
2019-12-06,0.618,0.625,0.625,0.617,342314782,212648636
2019-12-09,0.627,0.621,0.628,0.619,240985031,149996666
2019-12-10,0.619,0.630,0.632,0.618,488857720,306555388
2019-12-11,0.629,0.624,0.631,0.621,275261139,172311359
2019-12-12,0.623,0.625,0.630,0.622,309762547,194066500
2019-12-13,0.631,0.642,0.642,0.629,533697184,338944232
2019-12-16,0.642,0.649,0.650,0.638,445271637,286703598
2019-12-17,0.650,0.657,0.662,0.650,455972795,299101600
2019-12-18,0.657,0.654,0.660,0.652,311977976,204768684
2019-12-19,0.655,0.654,0.658,0.649,327517747,213640790
2019-12-20,0.653,0.646,0.657,0.646,372032021,241747810
2019-12-23,0.643,0.634,0.649,0.633,752300206,482591627
2019-12-24,0.636,0.649,0.649,0.635,382183784,245540660
2019-12-25,0.648,0.656,0.657,0.645,399729307,260826393
2019-12-26,0.654,0.660,0.660,0.652,295380322,193929033
2019-12-27,0.660,0.649,0.665,0.647,429299447,282226380
2019-12-30,0.646,0.660,0.660,0.642,411666196,269083753
2019-12-31,0.658,0.661,0.664,0.657,339162133,224126663
2020-01-02,0.666,0.673,0.677,0.659,520027774,348810492
2020-01-03,0.673,0.671,0.677,0.666,392702591,263737458
2020-01-06,0.666,0.678,0.686,0.666,601526929,408165691
2020-01-07,0.678,0.686,0.687,0.678,473290222,322778069
2020-01-08,0.680,0.676,0.688,0.674,547463028,372667065
2020-01-09,0.684,0.696,0.698,0.684,562469162,389195889
2020-01-10,0.698,0.695,0.700,0.691,491968595,342343522
2020-01-13,0.695,0.706,0.706,0.688,563970767,393615408
2020-01-14,0.708,0.702,0.710,0.701,391975232,276953113
2020-01-15,0.702,0.701,0.704,0.693,428613882,299332789
2020-01-16,0.700,0.704,0.706,0.698,307380029,216025838
2020-01-17,0.705,0.704,0.710,0.701,346300141,244306095
2020-01-20,0.705,0.724,0.727,0.705,505902269,362959541
2020-01-21,0.723,0.717,0.728,0.714,508216528,365815910
2020-01-22,0.713,0.733,0.740,0.703,701185294,504641490
2020-01-23,0.726,0.711,0.738,0.699,824150176,591812445
2020-02-03,0.641,0.653,0.675,0.641,1114882840,737203571
2020-02-04,0.660,0.703,0.705,0.660,970863480,669651433
2020-02-05,0.712,0.725,0.740,0.707,1098587684,796015031
2020-02-06,0.719,0.749,0.753,0.713,1350133431,993920105
2020-02-07,0.748,0.748,0.756,0.733,1229535382,916832293
2020-02-10,0.748,0.759,0.761,0.744,998521748,753946679
2020-02-11,0.761,0.753,0.763,0.749,714686150,539248931
2020-02-12,0.751,0.778,0.780,0.749,1358869482,1047937109
2020-02-13,0.778,0.770,0.781,0.763,1085976242,838829661
2020-02-14,0.768,0.769,0.785,0.761,1140646931,882106583
2020-02-17,0.781,0.801,0.801,0.780,1642063723,1297838238
2020-02-18,0.800,0.807,0.809,0.792,1355311096,1088106337
2020-02-19,0.804,0.789,0.806,0.787,1479604664,1176612765
2020-02-20,0.790,0.813,0.814,0.787,1078546646,862698688
2020-02-21,0.809,0.828,0.839,0.809,1176730084,971255871
2020-02-24,0.826,0.842,0.846,0.820,1160478970,968963232
2020-02-25,0.826,0.854,0.859,0.805,1705402893,1426437053
2020-02-26,0.838,0.811,0.847,0.806,1447599977,1194398169
2020-02-27,0.820,0.814,0.832,0.801,1821465360,1486121584
2020-02-28,0.785,0.768,0.800,0.765,2313320453,1807735334
2020-03-02,0.782,0.791,0.799,0.770,1199253659,940997180
2020-03-03,0.815,0.810,0.837,0.799,1303660463,1067381105
2020-03-04,0.804,0.806,0.811,0.785,1060197110,845238156
2020-03-05,0.821,0.816,0.824,0.802,1202811290,977597930
2020-03-06,0.804,0.811,0.821,0.800,766130646,622484020
2020-03-09,0.801,0.773,0.802,0.771,902660884,709695600
2020-03-10,0.773,0.799,0.799,0.758,1107551650,864732147
2020-03-11,0.800,0.779,0.803,0.778,702939323,555614469
2020-03-12,0.767,0.760,0.772,0.751,833812841,634598479
2020-03-13,0.728,0.757,0.767,0.715,1434495804,1067725506
2020-03-16,0.755,0.708,0.757,0.705,1661736441,1213842678
2020-03-17,0.722,0.712,0.730,0.685,1557700114,1101368615
2020-03-18,0.721,0.699,0.735,0.697,1336293888,961184867
2020-03-19,0.700,0.702,0.708,0.677,1883165271,1306342812
2020-03-20,0.710,0.711,0.714,0.695,1144526972,808521685
2020-03-23,0.679,0.677,0.698,0.671,1443733084,987464245
2020-03-24,0.693,0.691,0.695,0.668,1181056880,808553183
2020-03-25,0.708,0.719,0.720,0.707,1647100984,1176716182
2020-03-26,0.712,0.718,0.724,0.709,871460894,626342740
2020-03-27,0.728,0.708,0.730,0.708,961887961,689238225
2020-03-30,0.699,0.692,0.700,0.679,1032137409,711250134
2020-03-31,0.698,0.690,0.700,0.690,608103585,422425610
2020-04-01,0.694,0.691,0.706,0.690,699766201,488359302
2020-04-02,0.689,0.712,0.712,0.687,1220660892,852223857
2020-04-03,0.709,0.706,0.715,0.703,656213995,465255169
2020-04-07,0.722,0.730,0.731,0.719,945308574,685670097
2020-04-08,0.725,0.728,0.733,0.724,553916136,403656819
2020-04-09,0.734,0.737,0.744,0.731,824176507,608783220
2020-04-10,0.738,0.722,0.740,0.719,648877631,472446238
2020-04-13,0.717,0.715,0.719,0.709,469411319,334938317
2020-04-14,0.719,0.739,0.740,0.719,686731981,501498219
2020-04-15,0.741,0.738,0.748,0.736,651952925,484457312
2020-04-16,0.734,0.749,0.752,0.733,621689039,463926521
2020-04-17,0.758,0.756,0.766,0.752,928573615,705229693
2020-04-20,0.758,0.765,0.766,0.755,451058930,343775312
2020-04-21,0.761,0.758,0.762,0.745,621422667,468433416
2020-04-22,0.749,0.761,0.763,0.747,524185084,395596789
2020-04-23,0.764,0.758,0.766,0.754,498188073,378830018
2020-04-24,0.756,0.750,0.761,0.743,1035990668,777919765
2020-04-27,0.750,0.758,0.761,0.745,755628562,571537881
2020-04-28,0.761,0.764,0.772,0.739,905347297,688100634
2020-04-29,0.761,0.764,0.774,0.760,660850083,506784958
2020-04-30,0.769,0.782,0.783,0.769,782658737,608255743
2020-05-06,0.775,0.796,0.798,0.774,872415771,686031060
2020-05-07,0.797,0.793,0.798,0.790,598348935,475120263
2020-05-08,0.796,0.799,0.805,0.794,783727922,626760406
2020-05-11,0.803,0.788,0.805,0.783,714453534,566158138
2020-05-12,0.789,0.797,0.797,0.783,791173222,624226987
2020-05-13,0.792,0.803,0.805,0.792,506492670,404792080
2020-05-14,0.801,0.798,0.805,0.795,443241086,354416025
2020-05-15,0.800,0.802,0.807,0.794,510171361,408639964
2020-05-18,0.800,0.794,0.803,0.787,543386743,432591135
2020-05-19,0.802,0.805,0.806,0.798,545724559,438137025
2020-05-20,0.805,0.796,0.811,0.793,524052701,421121699
2020-05-21,0.800,0.792,0.808,0.789,580446757,463851925
2020-05-22,0.790,0.771,0.791,0.766,696119383,541010003
2020-05-25,0.769,0.775,0.775,0.766,404795787,311894153
2020-05-26,0.780,0.798,0.799,0.778,571616489,452048371
2020-05-27,0.798,0.783,0.799,0.779,460070188,363116001
2020-05-28,0.783,0.777,0.786,0.763,504758493,390729753
2020-05-29,0.774,0.785,0.788,0.771,540744372,423380289
2020-06-01,0.793,0.816,0.818,0.793,754511227,609360805
2020-06-02,0.818,0.811,0.818,0.805,645798345,523168384
2020-06-03,0.813,0.807,0.819,0.806,656451250,533608908
2020-06-04,0.811,0.811,0.814,0.805,446907338,362094770
2020-06-05,0.810,0.819,0.819,0.807,317927677,258812138
2020-06-08,0.826,0.812,0.828,0.811,531029418,433626593
2020-06-09,0.815,0.825,0.828,0.811,649221005,533163304
2020-06-10,0.827,0.835,0.838,0.826,424825086,353460162
2020-06-11,0.838,0.840,0.857,0.832,713758215,602381639
2020-06-12,0.827,0.849,0.852,0.822,939976291,789194426
2020-06-15,0.847,0.847,0.865,0.846,908257219,776818391
2020-06-16,0.860,0.865,0.868,0.855,628010129,541579918
2020-06-17,0.866,0.863,0.869,0.858,539132491,465317865
2020-06-18,0.863,0.869,0.869,0.856,550707638,475686271
2020-06-19,0.867,0.892,0.898,0.867,873999316,775546330
2020-06-22,0.898,0.904,0.913,0.895,1028964928,931411273
2020-06-23,0.903,0.922,0.922,0.900,1051082167,958759256
2020-06-24,0.923,0.921,0.927,0.912,1828178464,1677446880
2020-06-29,0.910,0.912,0.919,0.907,791154884,721580090
2020-06-30,0.919,0.943,0.943,0.919,827382256,773331366
2020-07-01,0.949,0.932,0.949,0.917,1336856866,1247046627
2020-07-02,0.930,0.938,0.940,0.922,1225764376,1142971271
2020-07-03,0.937,0.952,0.955,0.929,1169157096,1101900741
2020-07-06,0.954,0.983,0.986,0.947,1232782243,1192189008
2020-07-07,0.990,1.006,1.038,0.983,1452760166,1473491820
2020-07-08,1.010,1.046,1.049,1.000,1051783402,1075068945
2020-07-09,1.046,1.075,1.083,1.031,1479878495,1566591611
2020-07-10,1.069,1.084,1.095,1.062,1414955191,1531480976
2020-07-13,1.089,1.140,1.148,1.089,1937783522,2168223269
2020-07-14,1.140,1.124,1.140,1.091,2666497215,2975649094
2020-07-15,1.124,1.104,1.142,1.090,2325103740,2602530461
2020-07-16,1.099,1.039,1.122,1.031,2639302061,2845755550
2020-07-17,1.047,1.042,1.072,1.022,2459248034,2569270018
2020-07-20,1.060,1.060,1.068,1.024,1989526305,2084050156
2020-07-21,1.064,1.079,1.083,1.056,1586058440,1701533121
2020-07-22,1.073,1.093,1.110,1.070,1542727283,1690454305
2020-07-23,1.081,1.112,1.113,1.070,2114711892,2314319950
2020-07-24,1.099,1.040,1.103,1.032,2564052352,2728890223
2020-07-27,1.042,1.040,1.056,1.030,1495400971,1561401519
2020-07-28,1.056,1.053,1.063,1.037,1191903599,1251231230
2020-07-29,1.048,1.105,1.106,1.047,1742036114,1887516767
2020-07-30,1.108,1.092,1.112,1.088,1442027356,1587052071
2020-07-31,1.095,1.125,1.128,1.093,1632900622,1818421992
2020-08-03,1.138,1.150,1.154,1.121,1626749076,1854559258
2020-08-04,1.149,1.135,1.161,1.127,1669559673,1907917759
2020-08-05,1.138,1.145,1.155,1.118,1560107890,1771096750
2020-08-06,1.150,1.122,1.152,1.105,1805469827,2024454730
2020-08-07,1.117,1.096,1.129,1.076,1905155730,2098844646
2020-08-10,1.088,1.085,1.098,1.067,1220888518,1320275434
2020-08-11,1.089,1.065,1.105,1.064,1268304390,1378811169
2020-08-12,1.066,1.046,1.071,1.021,2100445934,2184249049
2020-08-13,1.054,1.038,1.057,1.033,1024173906,1069884821
2020-08-14,1.038,1.061,1.062,1.037,1517761262,1595726298
2020-08-17,1.065,1.071,1.071,1.049,1395299081,1481690056
2020-08-18,1.071,1.069,1.083,1.064,988248199,1059610220
2020-08-19,1.068,1.028,1.069,1.027,1178696225,1230195540
2020-08-20,1.019,1.023,1.038,1.015,1059738572,1085398240
2020-08-21,1.033,1.043,1.046,1.030,1185763060,1234046059
2020-08-24,1.053,1.060,1.071,1.020,1763805823,1854756384
2020-08-25,1.060,1.070,1.088,1.060,1638965235,1758549976
2020-08-26,1.070,1.043,1.077,1.041,1522399034,1611154895
2020-08-27,1.051,1.068,1.073,1.043,1372904875,1456500086
2020-08-28,1.063,1.093,1.097,1.060,1212076848,1307615120
2020-08-31,1.097,1.080,1.102,1.078,1245782263,1358494569
2020-09-01,1.074,1.088,1.088,1.067,796878657,860119240
2020-09-02,1.088,1.090,1.100,1.077,984834627,1073395002
2020-09-03,1.090,1.085,1.104,1.080,901787721,983831457
2020-09-04,1.064,1.079,1.085,1.060,922050966,987603388
2020-09-07,1.075,1.041,1.085,1.036,1077677303,1141190912
2020-09-08,1.044,1.050,1.053,1.032,848522690,884807618
2020-09-09,1.030,0.995,1.034,0.986,1888517157,1898911257
2020-09-10,1.006,0.980,1.013,0.977,1069425011,1067354205
2020-09-11,0.977,1.002,1.005,0.971,782304141,776500258
2020-09-14,1.015,1.018,1.032,1.008,907664421,925672410
2020-09-15,1.020,1.027,1.030,1.014,662151887,677507921
2020-09-16,1.027,1.013,1.029,1.006,664793450,675215970
2020-09-17,1.012,1.014,1.026,1.000,797327757,806101480
2020-09-18,1.015,1.033,1.035,1.007,776479930,793109927
2020-09-21,1.036,1.021,1.038,1.019,520843242,535181584
2020-09-22,1.016,1.018,1.035,1.015,622938271,639364771
2020-09-23,1.022,1.037,1.042,1.014,714080679,735672680
2020-09-24,1.027,1.014,1.032,1.012,652345436,666221568
2020-09-25,1.018,1.017,1.029,1.010,511111480,520818399
2020-09-28,1.020,1.010,1.024,1.008,471972301,478490916
2020-09-29,1.016,1.025,1.032,1.009,630676114,645020540
2020-09-30,1.030,1.033,1.045,1.026,708717401,734301572
2020-10-09,1.057,1.080,1.082,1.055,810093710,868377380
2020-10-12,1.090,1.120,1.122,1.088,1190138252,1319346819
2020-10-13,1.118,1.122,1.128,1.110,916744497,1025325671
2020-10-14,1.120,1.117,1.128,1.113,672171483,752549736
2020-10-15,1.119,1.110,1.122,1.107,611618763,679683169
2020-10-16,1.107,1.101,1.115,1.089,622496383,685698140
2020-10-19,1.110,1.089,1.113,1.085,697846520,766297714
2020-10-20,1.089,1.113,1.114,1.086,804794840,886093614
2020-10-21,1.115,1.098,1.116,1.090,744069353,819435953
2020-10-22,1.090,1.085,1.091,1.073,657264947,711958462
2020-10-23,1.085,1.055,1.097,1.047,1119191098,1194558233
2020-10-26,1.047,1.058,1.064,1.030,1017885414,1069409710
2020-10-27,1.056,1.075,1.076,1.056,774580879,827413414
2020-10-28,1.070,1.085,1.092,1.065,807335409,871710909
2020-10-29,1.071,1.101,1.107,1.070,832502832,908076334
2020-10-30,1.101,1.084,1.107,1.080,779795176,851693592
2020-11-02,1.090,1.109,1.115,1.088,767501505,846077766
2020-11-03,1.114,1.123,1.128,1.104,766499900,856517470
2020-11-04,1.123,1.128,1.133,1.118,702397128,791341263
2020-11-05,1.143,1.147,1.150,1.127,778491632,889019573
2020-11-06,1.149,1.126,1.151,1.114,851926441,960333965
2020-11-09,1.135,1.164,1.174,1.134,1058798353,1225873660
2020-11-10,1.163,1.145,1.163,1.139,897678773,1031694094
2020-11-11,1.137,1.107,1.143,1.105,920476401,1029710455
2020-11-12,1.112,1.113,1.122,1.107,672257669,749036044
2020-11-13,1.107,1.114,1.120,1.104,648882725,721258519
2020-11-16,1.119,1.118,1.119,1.100,633367785,704172747
2020-11-17,1.117,1.092,1.117,1.076,1101669632,1200348527
2020-11-18,1.092,1.072,1.100,1.070,1223722894,1319223308
2020-11-19,1.067,1.082,1.083,1.061,1011696102,1087053895
2020-11-20,1.080,1.090,1.096,1.080,803676979,875571583
2020-11-23,1.093,1.102,1.112,1.085,949494009,1045046786
2020-11-24,1.103,1.097,1.110,1.093,467134065,513024393
2020-11-25,1.098,1.073,1.100,1.071,759165611,820881003
2020-11-26,1.073,1.069,1.078,1.056,773663759,824017173
2020-11-27,1.069,1.073,1.080,1.060,699802864,748510431
2020-11-30,1.077,1.081,1.090,1.063,978081496,1056961070
2020-12-01,1.079,1.109,1.110,1.077,1051285467,1155093271
2020-12-02,1.113,1.102,1.114,1.092,861739398,947247560
2020-12-03,1.096,1.112,1.117,1.094,795311085,880379697
2020-12-04,1.107,1.121,1.123,1.104,599632685,668314620
2020-12-07,1.115,1.114,1.123,1.111,526083245,587401638
2020-12-08,1.117,1.126,1.131,1.117,632939464,713046492
2020-12-09,1.127,1.104,1.136,1.103,753507329,844226465
2020-12-10,1.100,1.116,1.124,1.097,520179486,578411033
2020-12-11,1.118,1.106,1.123,1.096,551925277,611650094
2020-12-14,1.110,1.120,1.121,1.100,513082871,571294215
2020-12-15,1.120,1.139,1.141,1.118,694871901,785638214
2020-12-16,1.140,1.140,1.145,1.127,554583754,630834970
2020-12-17,1.138,1.154,1.155,1.132,529856899,607431303
2020-12-18,1.151,1.158,1.165,1.146,490451488,567048017
2020-12-21,1.158,1.199,1.200,1.156,785347360,930219953
2020-12-22,1.193,1.175,1.209,1.172,794236069,946051942
2020-12-23,1.176,1.187,1.199,1.171,778861922,921838335
2020-12-24,1.183,1.179,1.189,1.173,528994730,624498980
2020-12-25,1.175,1.192,1.192,1.169,668317070,790106968
2020-12-28,1.192,1.187,1.201,1.182,528221679,629252824
2020-12-29,1.185,1.173,1.192,1.165,575313343,677062837
2020-12-30,1.180,1.216,1.221,1.179,873102459,1052985679
2020-12-31,1.222,1.247,1.250,1.221,680900000,843703401
2021-01-04,1.246,1.293,1.305,1.246,710111417,911340324
2021-01-05,1.284,1.297,1.302,1.265,814733858,1049555764
2021-01-06,1.306,1.310,1.321,1.283,678474963,883417573
2021-01-07,1.310,1.336,1.336,1.300,718546767,946811326
2021-01-08,1.345,1.328,1.353,1.313,930235775,1234316700
2021-01-11,1.335,1.306,1.337,1.293,976377813,1285178539
2021-01-12,1.299,1.350,1.352,1.290,754800232,998281452
2021-01-13,1.348,1.332,1.368,1.318,835678866,1121685542
2021-01-14,1.318,1.309,1.337,1.299,756524628,996607177
2021-01-15,1.305,1.314,1.323,1.279,785197700,1024111812
2021-01-18,1.306,1.342,1.350,1.297,674695297,898808171
2021-01-19,1.340,1.309,1.345,1.303,774398581,1024773489
2021-01-20,1.319,1.368,1.368,1.315,956220369,1291430044
2021-01-21,1.369,1.404,1.412,1.367,716419018,996272465
2021-01-22,1.400,1.433,1.441,1.398,847011486,1201074011
2021-01-25,1.435,1.430,1.467,1.419,812472252,1169288719
2021-01-26,1.420,1.386,1.422,1.383,874400286,1222410745
2021-01-27,1.389,1.404,1.408,1.357,934658902,1295687214
2021-01-28,1.377,1.352,1.384,1.346,1086671361,1481183682
2021-01-29,1.364,1.330,1.372,1.300,1165838884,1562081912
2021-02-01,1.330,1.347,1.358,1.326,882131144,1184881670
2021-02-02,1.351,1.379,1.382,1.331,974133283,1328538728
2021-02-03,1.388,1.382,1.404,1.378,911680919,1267829607
2021-02-04,1.373,1.378,1.395,1.357,875857299,1205413913
2021-02-05,1.387,1.377,1.400,1.372,816434996,1133123337
2021-02-08,1.378,1.417,1.418,1.359,1081342279,1512506508
2021-02-09,1.422,1.442,1.445,1.414,815629081,1167321265
2021-02-10,1.447,1.476,1.487,1.432,892228611,1305445402
2021-02-18,1.506,1.428,1.509,1.420,1521650209,2205973755
2021-02-19,1.416,1.406,1.424,1.369,1418333814,1977148835
2021-02-22,1.404,1.342,1.406,1.338,1627657341,2225998771
2021-02-23,1.328,1.334,1.353,1.321,1055390997,1408019343
2021-02-24,1.335,1.284,1.337,1.265,2263017216,2930949947
2021-02-25,1.295,1.269,1.299,1.262,1495605345,1915234406
2021-02-26,1.242,1.241,1.261,1.226,1785915760,2218113165
2021-03-01,1.258,1.282,1.282,1.250,1577925075,1998757559
2021-03-02,1.289,1.263,1.293,1.252,1322748410,1683925858
2021-03-03,1.257,1.280,1.280,1.250,1026809969,1300597360
2021-03-04,1.261,1.206,1.263,1.201,2326434753,2844866348
2021-03-05,1.186,1.214,1.227,1.181,1699522239,2053140449
2021-03-08,1.222,1.151,1.231,1.148,2086748364,2476773966
2021-03-09,1.147,1.110,1.156,1.098,2475876659,2788893050
2021-03-10,1.138,1.135,1.152,1.127,2154971495,2458194577
2021-03-11,1.134,1.169,1.179,1.134,1664204489,1935924188
2021-03-12,1.178,1.178,1.182,1.156,1153711333,1352089984
2021-03-15,1.169,1.121,1.170,1.107,1724112211,1948336497
2021-03-16,1.128,1.131,1.136,1.112,945693558,1065844747
2021-03-17,1.122,1.144,1.152,1.112,1048359817,1193455301
2021-03-18,1.153,1.166,1.173,1.149,1006715872,1171709559
2021-03-19,1.139,1.128,1.155,1.119,1022298583,1159570603
2021-03-22,1.130,1.140,1.155,1.123,962589309,1096087493
2021-03-23,1.134,1.125,1.142,1.111,949838598,1066988874
2021-03-24,1.120,1.110,1.130,1.104,982796023,1094139588
2021-03-25,1.099,1.116,1.122,1.092,1013464881,1123464245
2021-03-26,1.122,1.158,1.160,1.119,1847818060,2116806184
2021-03-29,1.156,1.150,1.166,1.142,1121661835,1295588728
2021-03-30,1.143,1.168,1.172,1.143,846792644,984826418
2021-03-31,1.166,1.166,1.173,1.152,723860966,840953984
2021-04-01,1.168,1.189,1.192,1.166,830182819,981614568
2021-04-02,1.194,1.207,1.214,1.190,924662036,1112810609
2021-04-06,1.210,1.197,1.216,1.187,697068586,835694465
2021-04-07,1.202,1.185,1.202,1.168,801577505,945236361
2021-04-08,1.176,1.192,1.197,1.172,533836845,634772971
2021-04-09,1.190,1.172,1.192,1.166,623229009,731491122
2021-04-12,1.170,1.144,1.186,1.139,894017334,1034741670
2021-04-13,1.139,1.157,1.174,1.139,902175298,1045730461
2021-04-14,1.158,1.187,1.190,1.158,850609211,1003532540
2021-04-15,1.180,1.183,1.183,1.166,738461851,868041787
2021-04-16,1.187,1.175,1.188,1.157,775362200,908416333
2021-04-19,1.172,1.232,1.233,1.167,1210043745,1463382340
2021-04-20,1.225,1.226,1.240,1.215,832685596,1023297097
2021-04-21,1.214,1.237,1.240,1.214,731511382,898739455
2021-04-22,1.247,1.248,1.255,1.231,684462993,852162985
2021-04-23,1.244,1.280,1.286,1.244,787581854,1001716235
2021-04-26,1.290,1.267,1.312,1.265,978685663,1262282152
2021-04-27,1.264,1.278,1.280,1.260,659154076,838176930
2021-04-28,1.278,1.312,1.314,1.277,786323316,1022997570
2021-04-29,1.313,1.315,1.321,1.294,988403418,1296887213
2021-04-30,1.306,1.336,1.345,1.302,818666876,1088049810
2021-05-06,1.325,1.298,1.325,1.274,1350112494,1751759781
2021-05-07,1.299,1.251,1.307,1.250,905779614,1156182536
2021-05-10,1.255,1.263,1.276,1.246,1175611099,1477991448
2021-05-11,1.248,1.257,1.262,1.227,1093812897,1361940577
2021-05-12,1.251,1.271,1.275,1.238,819840935,1030560053
2021-05-13,1.254,1.265,1.275,1.250,755385444,953486106
2021-05-14,1.270,1.306,1.310,1.264,870069076,1125769686
2021-05-17,1.314,1.346,1.355,1.312,969260134,1301324772
2021-05-18,1.345,1.337,1.358,1.326,731501320,978590748
2021-05-19,1.331,1.350,1.358,1.329,673186689,907054417
2021-05-20,1.350,1.360,1.368,1.346,688657872,934589603
2021-05-21,1.369,1.346,1.373,1.335,721615036,974489834
2021-05-24,1.348,1.359,1.360,1.330,627772936,847251105
2021-05-25,1.366,1.398,1.401,1.362,1010754685,1402753977
2021-05-26,1.397,1.385,1.398,1.376,659986917,914274216
2021-05-27,1.382,1.396,1.403,1.371,565385180,785270641
2021-05-28,1.395,1.403,1.430,1.394,972028234,1372150312
2021-05-31,1.408,1.443,1.446,1.408,723115189,1035910846
2021-06-01,1.435,1.439,1.442,1.411,643360309,920430996
2021-06-02,1.441,1.408,1.445,1.403,744331379,1056368050
2021-06-03,1.409,1.391,1.417,1.389,612742190,859171522
2021-06-04,1.384,1.410,1.430,1.381,683899993,962850768
2021-06-07,1.408,1.400,1.408,1.385,640869906,894117870
2021-06-08,1.399,1.388,1.423,1.379,777319200,1088903838
2021-06-09,1.385,1.389,1.397,1.377,540467837,749670165
2021-06-10,1.389,1.429,1.437,1.389,813354381,1157508045
2021-06-11,1.436,1.439,1.447,1.419,690703451,991684039
2021-06-15,1.438,1.422,1.442,1.410,482671709,687670115
2021-06-16,1.418,1.357,1.422,1.357,1081266663,1490900207
2021-06-17,1.353,1.390,1.391,1.353,737993674,1016180323
2021-06-18,1.393,1.418,1.426,1.393,775089889,1094658124
2021-06-21,1.415,1.429,1.440,1.400,617876262,879868103
2021-06-22,1.431,1.436,1.442,1.406,685565013,976960424
2021-06-23,1.438,1.454,1.466,1.429,728520493,1057370911
2021-06-24,1.457,1.434,1.459,1.427,590985402,849128746
2021-06-25,1.439,1.469,1.475,1.437,1040739399,1521288472
2021-06-28,1.471,1.503,1.509,1.467,1155428424,1731373631
2021-06-29,1.518,1.503,1.521,1.494,635600053,957872893
2021-06-30,1.506,1.540,1.543,1.493,677571978,1034307203
2021-07-01,1.540,1.527,1.552,1.516,949827148,1458510825
2021-07-02,1.520,1.476,1.520,1.475,1025900602,1532406688
2021-07-05,1.471,1.485,1.503,1.469,624644778,926780818
2021-07-06,1.490,1.458,1.497,1.433,1029843593,1501692085
2021-07-07,1.447,1.517,1.520,1.442,901492955,1345487320
2021-07-08,1.526,1.523,1.547,1.517,722089275,1106875298
2021-07-09,1.514,1.516,1.527,1.481,758463301,1143082053
2021-07-12,1.537,1.575,1.584,1.525,862280749,1347079652
2021-07-13,1.568,1.558,1.585,1.541,707560291,1103566642
2021-07-14,1.552,1.547,1.573,1.530,694120327,1079470278
2021-07-15,1.541,1.573,1.573,1.530,714166462,1110088343
2021-07-16,1.570,1.521,1.570,1.518,663711855,1022726296
2021-07-19,1.521,1.529,1.548,1.514,472598600,722552619
2021-07-20,1.517,1.536,1.549,1.516,518019632,794389397
2021-07-21,1.541,1.585,1.594,1.541,931797131,1467632286
2021-07-22,1.593,1.582,1.597,1.565,705834876,1113239785
2021-07-23,1.576,1.545,1.579,1.540,722754217,1122190231
2021-07-26,1.533,1.491,1.541,1.456,1229843856,1842548883
2021-07-27,1.491,1.430,1.518,1.428,1169980787,1727975791
2021-07-28,1.415,1.453,1.465,1.393,1572027751,2262522316
2021-07-29,1.495,1.542,1.545,1.475,1298194793,1961913302
2021-07-30,1.537,1.528,1.549,1.510,694635147,1061426068
2021-08-02,1.530,1.543,1.550,1.502,1165799011,1783788712
2021-08-03,1.542,1.533,1.554,1.522,672306622,1031717808
2021-08-04,1.528,1.577,1.580,1.520,706493388,1100797674
2021-08-05,1.572,1.563,1.582,1.545,620548792,970293557
2021-08-06,1.568,1.550,1.576,1.539,717501210,1114889755
2021-08-09,1.534,1.527,1.534,1.501,977822426,1482764858
2021-08-10,1.524,1.526,1.530,1.503,802993034,1216551650
2021-08-11,1.525,1.513,1.529,1.505,469945608,712748488
2021-08-12,1.504,1.490,1.512,1.483,555718531,830391300
2021-08-13,1.475,1.469,1.513,1.461,565335970,838554112
2021-08-16,1.463,1.445,1.467,1.437,502867000,729043591
2021-08-17,1.445,1.413,1.456,1.406,709505700,1015124919
2021-08-18,1.416,1.424,1.434,1.410,562609221,800000491
2021-08-19,1.423,1.436,1.449,1.415,743145708,1065900736
2021-08-20,1.427,1.394,1.428,1.376,828397144,1157407404
2021-08-23,1.398,1.439,1.440,1.394,757099935,1077080828
2021-08-24,1.441,1.458,1.470,1.430,692471705,1008109619
2021-08-25,1.456,1.469,1.469,1.441,532126292,774192437
2021-08-26,1.475,1.434,1.481,1.429,531544730,769818156
2021-08-27,1.427,1.429,1.447,1.420,406547983,582058253
2021-08-30,1.435,1.431,1.456,1.422,530067834,762548550
2021-08-31,1.434,1.410,1.436,1.391,616501025,867635929
2021-09-01,1.412,1.399,1.417,1.371,602880243,839602269
2021-09-02,1.396,1.379,1.407,1.375,544073214,754759927
2021-09-03,1.380,1.361,1.391,1.353,591863115,811433306
2021-09-06,1.363,1.424,1.424,1.353,888683750,1242442115
2021-09-07,1.418,1.437,1.437,1.409,486665704,693283077
2021-09-08,1.436,1.421,1.451,1.419,460694568,659963997
2021-09-09,1.420,1.426,1.435,1.401,549329534,778664795
2021-09-10,1.423,1.432,1.433,1.406,433419643,616583976
2021-09-13,1.425,1.414,1.445,1.407,408171690,578947832
2021-09-14,1.414,1.436,1.455,1.413,602421518,867467322
2021-09-15,1.434,1.417,1.436,1.410,444189726,630304189
2021-09-16,1.415,1.387,1.419,1.382,502009750,701195608
2021-09-17,1.382,1.416,1.420,1.380,489762668,686096338
2021-09-22,1.396,1.405,1.419,1.395,370519899,520730872
2021-09-23,1.414,1.410,1.424,1.400,408139969,575925501
2021-09-24,1.407,1.419,1.440,1.401,528464678,751116889
2021-09-27,1.424,1.433,1.452,1.419,683508761,983669551
2021-09-28,1.428,1.420,1.451,1.416,432350926,618606933
2021-09-29,1.403,1.403,1.422,1.400,498138425,702062745
2021-09-30,1.408,1.440,1.444,1.408,616585199,882452827
2021-10-08,1.450,1.436,1.456,1.424,550838987,793002666
2021-10-11,1.434,1.410,1.440,1.407,509850605,725524487
2021-10-12,1.410,1.382,1.412,1.367,736432968,1023231444
2021-10-13,1.381,1.416,1.416,1.378,618930778,866693013
2021-10-14,1.410,1.415,1.426,1.410,430541488,610993617
2021-10-15,1.412,1.450,1.453,1.401,704634914,1013258827
2021-10-18,1.453,1.454,1.454,1.428,560386865,808762018
2021-10-19,1.459,1.462,1.472,1.451,413955243,605404168
2021-10-20,1.460,1.455,1.474,1.450,385325317,562984158
2021-10-21,1.454,1.453,1.465,1.443,350118651,508829122
2021-10-22,1.459,1.462,1.469,1.449,334501623,488438889
2021-10-25,1.458,1.485,1.490,1.458,632672750,937240466
2021-10-26,1.499,1.483,1.503,1.478,544909665,812108046
2021-10-27,1.478,1.476,1.482,1.463,390021180,574461282
2021-10-28,1.474,1.466,1.495,1.460,695332459,1025294155
2021-10-29,1.467,1.505,1.505,1.451,546112113,808068258
2021-11-01,1.495,1.489,1.511,1.473,505237853,753754730
2021-11-02,1.489,1.490,1.506,1.475,526909090,787142628
2021-11-03,1.483,1.481,1.502,1.467,451847400,670956509
2021-11-04,1.489,1.496,1.506,1.487,409411269,612461201
2021-11-05,1.491,1.496,1.507,1.489,371106844,556302162
2021-11-08,1.490,1.512,1.518,1.489,363308589,547109237
2021-11-09,1.514,1.524,1.524,1.506,434401413,658019696
2021-11-10,1.512,1.524,1.524,1.487,555656444,836864331
2021-11-11,1.514,1.535,1.540,1.514,372672708,570815417
2021-11-12,1.534,1.529,1.541,1.519,262372020,400760227
2021-11-15,1.528,1.512,1.529,1.505,372208700,563851924
2021-11-16,1.509,1.508,1.522,1.505,334071622,505774503
2021-11-17,1.514,1.522,1.526,1.513,303786658,461697624
2021-11-18,1.519,1.501,1.520,1.497,334953987,504104511
2021-11-19,1.504,1.520,1.520,1.500,300371403,453781325
2021-11-22,1.526,1.565,1.566,1.523,479564387,743313925
2021-11-23,1.561,1.559,1.564,1.551,217929400,339448977
2021-11-24,1.558,1.549,1.563,1.545,275439063,427288525
2021-11-25,1.550,1.548,1.556,1.542,360006061,557443653
2021-11-26,1.548,1.550,1.564,1.543,391538893,607505772
2021-11-29,1.540,1.564,1.575,1.539,426940736,667910451
2021-11-30,1.572,1.558,1.573,1.550,393264517,612130416
2021-12-01,1.557,1.544,1.562,1.540,236225299,365316713
2021-12-02,1.540,1.549,1.554,1.538,270175152,418011639
2021-12-03,1.548,1.551,1.556,1.535,400006465,618976728
2021-12-06,1.544,1.517,1.553,1.514,453384000,695009264
2021-12-07,1.525,1.500,1.527,1.482,591918446,885911171
2021-12-08,1.501,1.523,1.524,1.498,434543900,657627476
2021-12-09,1.517,1.538,1.540,1.509,330888981,505518225
2021-12-10,1.528,1.548,1.550,1.525,265533933,408903750
2021-12-13,1.543,1.556,1.562,1.536,306648800,476405129
2021-12-14,1.550,1.553,1.559,1.549,182217609,283070385
2021-12-15,1.547,1.539,1.566,1.537,266444152,413408780
2021-12-16,1.546,1.553,1.553,1.541,231425100,358006042
2021-12-17,1.549,1.527,1.551,1.521,290718909,445548086
2021-12-20,1.518,1.480,1.526,1.474,492671449,735491969
2021-12-21,1.476,1.481,1.486,1.461,363638823,536292079
2021-12-22,1.484,1.486,1.493,1.480,285962952,425645957
2021-12-23,1.492,1.489,1.501,1.482,212974100,317548192
2021-12-24,1.490,1.454,1.495,1.442,375924100,548152526
2021-12-27,1.449,1.451,1.461,1.440,289495700,420373999
2021-12-28,1.452,1.468,1.469,1.443,251014587,365840936
2021-12-29,1.468,1.445,1.468,1.443,395710987,573982369
2021-12-30,1.443,1.462,1.471,1.442,412978983,603489064
2021-12-31,1.472,1.462,1.477,1.457,318061262,466328742
2022-01-04,1.473,1.421,1.474,1.414,585713080,834787576
2022-01-05,1.417,1.378,1.418,1.370,761590935,1055517223
2022-01-06,1.368,1.362,1.374,1.344,940364430,1276630775
2022-01-07,1.363,1.349,1.369,1.342,684423529,926903670
2022-01-10,1.347,1.341,1.355,1.325,796415708,1067786739
2022-01-11,1.340,1.327,1.347,1.325,725411469,966995804
2022-01-12,1.341,1.366,1.367,1.340,909183848,1230704405
2022-01-13,1.368,1.346,1.372,1.346,645667638,876242373
2022-01-14,1.333,1.359,1.365,1.331,482688965,654315096
2022-01-17,1.351,1.386,1.386,1.351,537181220,739480125
2022-01-18,1.381,1.371,1.387,1.368,382646600,526713459
2022-01-19,1.369,1.340,1.373,1.327,868189400,1167275065
2022-01-20,1.337,1.339,1.351,1.331,491053113,658256424
2022-01-21,1.330,1.327,1.343,1.319,790929700,1050009058
2022-01-24,1.316,1.339,1.346,1.316,663076570,885291394
2022-01-25,1.329,1.307,1.340,1.305,635874196,842062787
2022-01-26,1.314,1.320,1.323,1.296,575721671,756108845
2022-01-27,1.313,1.278,1.317,1.274,719023178,931732315
2022-01-28,1.293,1.276,1.300,1.265,680496646,874811987
2022-02-07,1.305,1.280,1.316,1.272,618284672,800315227
2022-02-08,1.280,1.240,1.280,1.211,996383930,1230721439
2022-02-09,1.236,1.254,1.258,1.223,744923176,924528178
2022-02-10,1.260,1.227,1.263,1.210,1137211400,1392861622
2022-02-11,1.214,1.186,1.220,1.184,1031361490,1239942801
2022-02-14,1.175,1.181,1.202,1.171,1001253900,1186937536
2022-02-15,1.181,1.221,1.222,1.181,1171235518,1411604406
2022-02-16,1.223,1.223,1.236,1.218,824482310,1012000702
2022-02-17,1.219,1.234,1.247,1.215,778843507,961666297
2022-02-18,1.225,1.228,1.231,1.216,459605190,562271350
2022-02-21,1.224,1.210,1.228,1.206,539187300,654923695
2022-02-22,1.197,1.196,1.201,1.184,723968400,862491647
2022-02-23,1.200,1.235,1.235,1.197,679061803,828469790
2022-02-24,1.222,1.209,1.240,1.192,979028136,1191021988
2022-02-25,1.229,1.244,1.257,1.227,998296177,1241052404
2022-02-28,1.244,1.253,1.254,1.233,550679308,685509590
2022-03-01,1.261,1.253,1.265,1.244,526762784,661841062
2022-03-02,1.246,1.229,1.247,1.219,632659978,777331217
2022-03-03,1.236,1.210,1.238,1.209,713043600,867524123
2022-03-04,1.200,1.184,1.210,1.180,848665677,1013133364
2022-03-07,1.173,1.131,1.173,1.127,1611361700,1841620695
2022-03-08,1.131,1.116,1.143,1.107,1870772345,2105202026
2022-03-09,1.121,1.109,1.141,1.063,2187789361,2403870019
2022-03-10,1.139,1.139,1.154,1.131,2353217411,2688223620
2022-03-11,1.121,1.151,1.155,1.105,1327418756,1498074561
2022-03-14,1.134,1.110,1.143,1.108,1055434522,1189383294
2022-03-15,1.094,1.086,1.135,1.085,1489381618,1647537143
2022-03-16,1.102,1.150,1.152,1.079,2007836575,2239739320
2022-03-17,1.172,1.186,1.209,1.167,2140941873,2544114597
2022-03-18,1.176,1.190,1.192,1.162,992762615,1168645515
2022-03-21,1.190,1.185,1.205,1.177,932176086,1111779786
2022-03-22,1.183,1.169,1.183,1.164,620291852,726718104
2022-03-23,1.179,1.182,1.186,1.168,641291137,755619325
2022-03-24,1.170,1.179,1.190,1.154,803380586,939082547
2022-03-25,1.177,1.149,1.184,1.149,853450700,991456063
2022-03-28,1.139,1.125,1.142,1.116,1046320693,1180554911
2022-03-29,1.129,1.124,1.144,1.117,765561564,865840969
2022-03-30,1.132,1.177,1.177,1.132,1387289500,1607594489
2022-03-31,1.168,1.161,1.171,1.152,739701024,858026990
2022-04-01,1.147,1.163,1.173,1.147,866410530,1008177547
2022-04-06,1.160,1.147,1.162,1.138,742945985,851372549
2022-04-07,1.138,1.125,1.146,1.123,774422606,876164814
2022-04-08,1.124,1.127,1.143,1.115,776639046,875877693
2022-04-11,1.112,1.074,1.113,1.071,1280033714,1388279339
2022-04-12,1.072,1.100,1.102,1.072,980789506,1067116743
2022-04-13,1.090,1.081,1.100,1.079,810061312,881858765
2022-04-14,1.092,1.077,1.096,1.067,1035002511,1118676322
2022-04-15,1.062,1.074,1.085,1.053,973014041,1038832918
2022-04-18,1.059,1.083,1.084,1.050,953960915,1018842378
2022-04-19,1.077,1.065,1.093,1.061,952804016,1023228672
2022-04-20,1.061,1.019,1.063,1.015,1582520370,1635775859
2022-04-21,1.009,0.999,1.026,0.993,1201954622,1213093532
2022-04-22,0.995,0.995,1.007,0.989,1006563455,1004253852
2022-04-25,0.970,0.939,0.979,0.937,1753719022,1680994260
2022-04-26,0.939,0.934,0.959,0.930,1464379893,1380493488
2022-04-27,0.923,0.987,0.988,0.918,2491881886,2368049328
2022-04-28,0.974,0.967,0.986,0.958,1475082520,1432990470
2022-04-29,0.974,1.013,1.015,0.962,1848748623,1838867104
2022-05-05,0.991,0.992,1.008,0.973,1528910285,1512909734
2022-05-06,0.969,0.972,0.987,0.965,951147713,928683324
2022-05-09,0.968,0.962,0.980,0.956,700136205,677048825
2022-05-10,0.949,0.988,0.992,0.945,1347653432,1317680350
2022-05-11,0.987,1.023,1.048,0.985,1702589937,1739561014
2022-05-12,1.013,1.023,1.037,1.013,755299627,772152424
2022-05-13,1.030,1.029,1.038,1.019,619620905,636679885
2022-05-16,1.035,1.017,1.049,1.016,834125509,858446864
2022-05-17,1.019,1.038,1.040,1.013,650289182,670574686
2022-05-18,1.038,1.033,1.043,1.029,498554441,516331935
2022-05-19,1.018,1.043,1.043,1.017,573184709,590931529
2022-05-20,1.052,1.060,1.065,1.044,764058646,806606006
2022-05-23,1.063,1.053,1.064,1.042,498998976,524435474
2022-05-24,1.050,1.015,1.051,1.014,654568187,675127517
2022-05-25,1.014,1.016,1.022,1.007,547381482,554730267
2022-05-26,1.016,1.010,1.023,0.995,587238418,592033130
2022-05-27,1.020,1.012,1.038,1.006,748058530,766148166
2022-05-30,1.021,1.023,1.029,1.011,539643098,550734720
2022-05-31,1.023,1.048,1.051,1.009,676675164,699738231
2022-06-01,1.046,1.059,1.066,1.042,821547009,868523846
2022-06-02,1.054,1.075,1.078,1.052,623099971,667178225
2022-06-06,1.076,1.123,1.126,1.073,727768158,805907575
2022-06-07,1.123,1.120,1.133,1.110,532789559,597154021
2022-06-08,1.122,1.128,1.131,1.097,675314898,753552385
2022-06-09,1.120,1.094,1.123,1.091,608023295,671767911
2022-06-10,1.086,1.123,1.124,1.085,585035035,648600850
2022-06-13,1.111,1.112,1.124,1.102,543117414,604098870
2022-06-14,1.102,1.112,1.119,1.074,648410201,709717181
2022-06-15,1.120,1.130,1.160,1.116,981959148,1116093175
2022-06-16,1.133,1.130,1.148,1.127,534775921,607743417
2022-06-17,1.117,1.169,1.174,1.117,867080514,1001999863
2022-06-20,1.175,1.195,1.212,1.175,675851804,807041995
2022-06-21,1.193,1.187,1.201,1.173,634018219,751744386
2022-06-22,1.187,1.178,1.204,1.178,696100401,830238857
2022-06-23,1.182,1.223,1.223,1.178,706189497,848524493
2022-06-24,1.233,1.250,1.252,1.218,801606474,993856838
2022-06-27,1.260,1.246,1.267,1.242,672644475,844012793
2022-06-28,1.244,1.251,1.258,1.217,621571273,766996074
2022-06-29,1.242,1.220,1.255,1.216,647491419,800333946
2022-06-30,1.222,1.242,1.251,1.221,621286900,768627754
2022-07-01,1.242,1.230,1.247,1.220,453064900,558253301
2022-07-04,1.220,1.248,1.249,1.210,539503332,666301160
2022-07-05,1.253,1.242,1.263,1.222,552620177,685391561
2022-07-06,1.243,1.235,1.261,1.222,658260762,819004551
2022-07-07,1.236,1.264,1.264,1.231,652478960,816150928
2022-07-08,1.265,1.238,1.280,1.238,604017511,758412403
2022-07-11,1.233,1.218,1.235,1.206,622401196,757239487
2022-07-12,1.218,1.188,1.222,1.184,640185945,767805014
2022-07-13,1.190,1.212,1.219,1.175,793294034,951564416
2022-07-14,1.205,1.249,1.259,1.201,810822053,1002858907
2022-07-15,1.243,1.218,1.255,1.218,543634193,673650516
2022-07-18,1.224,1.240,1.247,1.208,581382500,713817637
2022-07-19,1.238,1.210,1.239,1.205,692315000,842974034
2022-07-20,1.217,1.214,1.227,1.210,455702680,555537385
2022-07-21,1.211,1.207,1.229,1.202,451597683,549454120
2022-07-22,1.223,1.202,1.228,1.194,605436094,733691039
2022-07-25,1.199,1.196,1.205,1.184,534071700,636440476
2022-07-26,1.190,1.194,1.202,1.180,467233500,557324956
2022-07-27,1.191,1.194,1.203,1.184,457413600,545402759
2022-07-28,1.203,1.189,1.209,1.187,496697929,594879515
2022-07-29,1.195,1.170,1.198,1.170,547842500,647215900
2022-08-01,1.165,1.204,1.206,1.158,802386655,950850558
2022-08-02,1.190,1.181,1.197,1.170,750950050,888165041
2022-08-03,1.182,1.154,1.198,1.148,744098700,872623103
2022-08-04,1.159,1.162,1.167,1.146,519494042,601646519
2022-08-05,1.162,1.176,1.179,1.157,593723700,695276888
2022-08-08,1.170,1.174,1.174,1.158,431401941,503871981
2022-08-09,1.169,1.185,1.188,1.164,447605579,528571017
2022-08-10,1.181,1.167,1.183,1.161,426476800,499207201
2022-08-11,1.172,1.197,1.199,1.161,685767230,811237499
2022-08-12,1.191,1.183,1.196,1.181,513378700,608691088
2022-08-15,1.179,1.198,1.208,1.177,637584300,763565141
2022-08-16,1.200,1.204,1.219,1.197,545280000,659187995
2022-08-17,1.205,1.231,1.233,1.198,689495699,840016642
2022-08-18,1.227,1.227,1.241,1.225,493423326,607513813
2022-08-19,1.229,1.209,1.231,1.207,454390604,552583123
2022-08-22,1.205,1.230,1.231,1.197,795005287,969778496
2022-08-23,1.228,1.231,1.243,1.222,451925374,556708164
2022-08-24,1.242,1.185,1.246,1.182,752124847,906493952
2022-08-25,1.184,1.178,1.190,1.160,667468400,782458813
2022-08-26,1.174,1.162,1.181,1.160,527774000,617896167
2022-08-29,1.143,1.155,1.160,1.143,464054226,534687382
2022-08-30,1.153,1.147,1.156,1.137,446551800,511576011
2022-08-31,1.141,1.123,1.144,1.115,634216596,715951742
2022-09-01,1.121,1.108,1.133,1.106,515928242,577207760
2022-09-02,1.112,1.106,1.116,1.097,572401602,633681064
2022-09-05,1.102,1.112,1.115,1.099,537977468,594776491
2022-09-06,1.112,1.109,1.112,1.085,790998416,869053461
2022-09-07,1.101,1.123,1.131,1.098,813118153,910464568
2022-09-08,1.121,1.101,1.125,1.101,524489092,583141810
2022-09-09,1.103,1.114,1.116,1.102,551277592,611726706
2022-09-13,1.121,1.114,1.123,1.107,329003161,366621262
2022-09-14,1.100,1.089,1.104,1.081,471440434,514629572
2022-09-15,1.090,1.053,1.094,1.046,804301734,855266907
2022-09-16,1.046,1.025,1.055,1.024,711255745,736758536
2022-09-19,1.021,1.019,1.035,1.013,613277900,627170166
2022-09-20,1.026,1.030,1.044,1.021,711222144,734352813
2022-09-21,1.023,1.015,1.026,1.011,658092482,668901053
2022-09-22,1.007,1.011,1.021,0.999,624100244,630085637
2022-09-23,1.006,1.003,1.018,0.991,845442781,848367662
2022-09-26,0.995,1.015,1.031,0.993,923063135,938819112
2022-09-27,1.017,1.036,1.036,1.015,631800455,647087155
2022-09-28,1.029,1.008,1.031,1.007,640197200,650229191
2022-09-29,1.019,1.018,1.027,1.011,647714234,659598522
2022-09-30,1.012,0.995,1.020,0.995,666089052,669475773
2022-10-10,0.991,0.972,1.002,0.969,635478400,625023896
2022-10-11,0.980,0.987,0.992,0.977,589089400,580141501
2022-10-12,0.983,1.028,1.029,0.976,952589806,955946536
2022-10-13,1.019,1.028,1.041,1.016,682838206,704317092
2022-10-14,1.041,1.067,1.076,1.033,1037273007,1096120526
2022-10-17,1.060,1.062,1.070,1.051,556892821,590074271
2022-10-18,1.068,1.066,1.080,1.060,640935840,685493321
2022-10-19,1.065,1.062,1.079,1.060,523612959,559913863
2022-10-20,1.050,1.049,1.068,1.032,809866783,847879469
2022-10-21,1.047,1.046,1.053,1.038,439966376,459690006
2022-10-24,1.044,1.017,1.051,1.011,751746699,773565741
2022-10-25,1.011,1.007,1.023,0.993,868897348,873874255
2022-10-26,1.012,1.033,1.045,1.009,901158536,928281045
2022-10-27,1.035,1.015,1.039,1.015,737757368,757578720
2022-10-28,1.007,0.978,1.010,0.972,959545900,951954758
2022-10-31,0.968,0.983,0.998,0.965,756939501,744397289
2022-11-01,0.986,1.017,1.018,0.977,1017983352,1017822711
2022-11-02,1.012,1.037,1.044,1.009,907072810,933065650
2022-11-03,1.028,1.035,1.039,1.024,697328997,720112710
2022-11-04,1.033,1.073,1.077,1.032,926374013,983723477
2022-11-07,1.070,1.072,1.081,1.062,625535371,670531605
2022-11-08,1.072,1.065,1.078,1.054,589145700,627224697
2022-11-09,1.064,1.045,1.064,1.045,452818988,476817821
2022-11-10,1.040,1.027,1.045,1.020,860337426,886562088
2022-11-11,1.065,1.053,1.072,1.051,1211918085,1285992673
2022-11-14,1.054,1.037,1.061,1.033,706927694,740008294
2022-11-15,1.037,1.068,1.068,1.028,875386384,919393492
2022-11-16,1.063,1.051,1.070,1.049,748440219,791371748
2022-11-17,1.044,1.041,1.045,1.025,715957176,739666754
2022-11-18,1.042,1.045,1.057,1.037,780007861,818217997
2022-11-21,1.034,1.042,1.044,1.030,494694553,513545621
2022-11-22,1.040,1.024,1.041,1.018,734201401,754781840
2022-11-23,1.022,1.023,1.032,1.007,612183963,624286353
2022-11-24,1.029,1.022,1.032,1.018,415452046,425948428
2022-11-25,1.018,1.010,1.020,1.008,439998678,445616462
2022-11-28,0.997,1.005,1.006,0.988,568438426,566176541
2022-11-29,1.002,1.022,1.027,1.001,777831800,790312146
2022-11-30,1.019,1.021,1.026,1.013,550377500,561219563
2022-12-01,1.044,1.040,1.054,1.040,1250893725,1310306262
2022-12-02,1.037,1.042,1.053,1.036,458617075,479269222
2022-12-05,1.049,1.040,1.050,1.033,713564685,740896559
2022-12-06,1.035,1.046,1.055,1.033,669491037,700201489
2022-12-07,1.040,1.059,1.065,1.039,733001939,774160380
2022-12-08,1.056,1.060,1.065,1.051,403380299,426977734
2022-12-09,1.059,1.064,1.064,1.049,415500879,439355766
2022-12-12,1.060,1.050,1.062,1.050,385899424,407274085
2022-12-13,1.050,1.039,1.053,1.036,441370691,460385061
2022-12-14,1.040,1.035,1.046,1.032,388192182,402080036
2022-12-15,1.033,1.053,1.054,1.030,594742790,620512988
2022-12-16,1.044,1.039,1.050,1.033,570871700,593453513
2022-12-19,1.039,1.027,1.050,1.025,559404900,580445952
2022-12-20,1.025,1.015,1.027,1.012,499077600,508577373
2022-12-21,1.017,1.012,1.019,1.006,490868800,496857379
2022-12-22,1.017,1.005,1.021,1.002,494597600,499954419
2022-12-23,1.000,1.001,1.008,0.995,479722600,479912891
2022-12-26,1.001,1.023,1.024,1.000,577891523,586615423
2022-12-27,1.025,1.034,1.038,1.018,635569995,653983993
2022-12-28,1.026,1.024,1.029,1.016,487973425,498937605
2022-12-29,1.018,1.029,1.038,1.017,416482278,428880218
2022-12-30,1.036,1.029,1.039,1.028,354699310,366368543
2023-01-03,1.027,1.029,1.031,1.010,497371363,507749387
2023-01-04,1.023,1.017,1.026,1.012,372221538,379221592
2023-01-05,1.022,1.053,1.055,1.020,877079760,912350678
2023-01-06,1.049,1.065,1.074,1.046,880086051,934826054
2023-01-09,1.070,1.071,1.083,1.067,565643874,607765713
2023-01-10,1.070,1.091,1.094,1.069,671283221,727832757
2023-01-11,1.095,1.080,1.096,1.075,788942486,856567584
2023-01-12,1.083,1.084,1.094,1.079,402923488,437329152
2023-01-13,1.091,1.096,1.096,1.084,533661375,582264550
2023-01-16,1.100,1.120,1.133,1.097,864193778,966899973
2023-01-17,1.125,1.123,1.128,1.118,422494428,474619311
2023-01-18,1.127,1.121,1.129,1.117,487943780,547892084
2023-01-19,1.120,1.136,1.136,1.116,625690503,705483764
2023-01-20,1.138,1.141,1.143,1.132,546155137,621695598
2023-01-30,1.178,1.152,1.179,1.152,715939161,833467438
2023-01-31,1.153,1.139,1.158,1.135,491194511,563048163
2023-02-01,1.145,1.155,1.155,1.134,610950595,699932382
2023-02-02,1.158,1.145,1.161,1.144,683204062,786026782
2023-02-03,1.141,1.132,1.147,1.120,609982200,690533975
2023-02-06,1.121,1.113,1.124,1.105,732862374,815967678
2023-02-07,1.117,1.111,1.121,1.104,664373732,738129107
2023-02-08,1.113,1.105,1.119,1.105,547003680,608542582
2023-02-09,1.105,1.126,1.127,1.103,864440524,967495878
2023-02-10,1.122,1.114,1.125,1.107,583399302,650614851
2023-02-13,1.113,1.123,1.128,1.109,601050602,674449467
2023-02-14,1.129,1.118,1.131,1.112,471304493,527131900
2023-02-15,1.119,1.107,1.125,1.106,510570100,567569292
2023-02-16,1.109,1.094,1.118,1.085,608333230,673234432
2023-02-17,1.092,1.065,1.095,1.063,984793555,1060063031
2023-02-20,1.061,1.080,1.080,1.052,786032903,837895117
2023-02-21,1.075,1.072,1.078,1.065,615161183,659418657
2023-02-22,1.066,1.061,1.072,1.060,618246877,658422254
2023-02-23,1.063,1.068,1.072,1.061,511002624,544992177
2023-02-24,1.066,1.051,1.068,1.050,660434500,697053047
2023-02-27,1.045,1.044,1.053,1.040,653363022,682533953
2023-02-28,1.047,1.053,1.054,1.042,642695023,674078303
2023-03-01,1.051,1.056,1.060,1.044,1004153990,1057011216
2023-03-02,1.055,1.043,1.055,1.042,729793234,764399821
2023-03-03,1.047,1.047,1.051,1.039,681847202,713298505
2023-03-06,1.048,1.052,1.052,1.031,1085543815,1130533500
2023-03-07,1.046,1.031,1.050,1.031,1044273430,1085833898
2023-03-08,1.028,1.029,1.034,1.022,763570691,784354632
2023-03-09,1.030,1.026,1.033,1.022,817924360,840336222
2023-03-10,1.022,1.026,1.034,1.017,1031495174,1057993987
2023-03-13,1.025,1.017,1.030,1.013,1141795273,1162566768
2023-03-14,1.016,1.009,1.017,0.992,1489246951,1495267220
2023-03-15,1.013,1.004,1.022,1.004,1210481747,1224889177
2023-03-16,1.000,0.991,1.004,0.989,1386479279,1380452523
2023-03-17,0.998,0.984,1.000,0.980,1742794086,1723116233
2023-03-20,0.981,0.986,0.996,0.975,1267353331,1248898593
2023-03-21,0.989,1.007,1.007,0.988,1576141372,1573312411
2023-03-22,1.009,1.004,1.017,0.999,1286238535,1296203124
2023-03-23,1.000,1.010,1.010,0.998,871916822,876457414
2023-03-24,1.010,1.011,1.015,1.005,836685043,845417858
2023-03-27,1.009,1.021,1.022,1.007,1193804138,1214300474
2023-03-28,1.020,1.009,1.020,1.006,812841537,822242352
2023-03-29,1.010,1.010,1.017,1.008,785165198,794887487
2023-03-30,1.011,1.017,1.018,1.007,858546777,869813045
2023-03-31,1.019,1.020,1.025,1.016,738921672,753929712
2023-04-03,1.020,1.035,1.037,1.020,1170707527,1204442952
2023-04-04,1.033,1.023,1.035,1.016,935866817,956243676
2023-04-06,1.017,1.022,1.023,1.013,676691041,688216219
2023-04-07,1.021,1.032,1.036,1.019,844276246,869931675
2023-04-10,1.036,1.037,1.039,1.028,888907601,920624620
2023-04-11,1.036,1.032,1.046,1.028,667712109,691971367
2023-04-12,1.033,1.026,1.034,1.022,601478480,617515624
2023-04-13,1.021,1.016,1.025,1.016,695019215,708457208
2023-04-14,1.017,1.028,1.031,1.017,748531657,768137658
2023-04-17,1.025,1.034,1.037,1.024,616344717,636307445
2023-04-18,1.034,1.029,1.041,1.028,676703195,698971744
2023-04-19,1.030,1.023,1.032,1.021,557253733,571129241
2023-04-20,1.022,1.005,1.022,1.002,872025823,879424763
2023-04-21,1.007,0.988,1.012,0.987,840351591,839985421
2023-04-24,0.988,0.965,0.988,0.960,1204231468,1168651090
2023-04-25,0.967,0.944,0.969,0.940,1097391559,1041406417
2023-04-26,0.943,0.968,0.975,0.941,1458512156,1401993712
2023-04-27,0.965,0.974,0.978,0.962,592539330,575576575
2023-04-28,0.977,0.977,0.985,0.970,535632693,522896645
2023-05-04,0.973,0.966,0.978,0.963,526584667,510182587
2023-05-05,0.966,0.956,0.967,0.951,591197431,565832499
2023-05-08,0.957,0.963,0.963,0.950,659834848,631762319
2023-05-09,0.962,0.949,0.963,0.949,648683431,619820977
2023-05-10,0.947,0.962,0.966,0.940,1024762821,978339888
2023-05-11,0.961,0.972,0.980,0.959,801828954,778874296
2023-05-12,0.972,0.962,0.978,0.960,589581654,570814345
2023-05-15,0.963,0.982,0.983,0.963,849364234,828092493
2023-05-16,0.984,0.980,0.986,0.977,520673683,511013621
2023-05-17,0.981,0.980,0.985,0.974,578803727,566264773
2023-05-18,0.983,0.968,0.983,0.961,740837070,718104730
2023-05-19,0.965,0.967,0.973,0.961,472076170,456943175
2023-05-22,0.966,0.970,0.975,0.962,526444992,510048464
2023-05-23,0.970,0.957,0.972,0.957,505695967,487645760
2023-05-24,0.954,0.954,0.964,0.952,540887672,517699209
2023-05-25,0.953,0.956,0.959,0.948,564200300,537830690
2023-05-26,0.955,0.944,0.956,0.937,831545000,784847644
2023-05-29,0.945,0.930,0.948,0.926,866112613,807103972
2023-05-30,0.927,0.935,0.938,0.921,796632822,739853747
2023-05-31,0.932,0.925,0.934,0.919,824801915,762755427
2023-06-01,0.924,0.929,0.937,0.920,798093538,743548582
2023-06-02,0.933,0.942,0.945,0.931,713201633,669967796
2023-06-05,0.941,0.924,0.942,0.923,826679100,766084672
2023-06-06,0.924,0.911,0.924,0.911,792393300,726432703
2023-06-07,0.910,0.893,0.911,0.890,1059630760,950401059
2023-06-08,0.893,0.892,0.899,0.888,767223200,684998311
2023-06-09,0.892,0.895,0.896,0.888,685587792,611556828
2023-06-12,0.894,0.903,0.908,0.892,775200981,697697512
2023-06-13,0.900,0.909,0.911,0.900,699942160,634284720
2023-06-14,0.911,0.907,0.915,0.907,515693778,469713888
2023-06-15,0.912,0.947,0.947,0.912,1491480004,1387930185
2023-06-16,0.948,0.963,0.964,0.945,896456910,855974256
2023-06-19,0.964,0.959,0.965,0.954,526017280,504253334
2023-06-20,0.957,0.962,0.965,0.955,531747127,510287217
2023-06-21,0.958,0.932,0.960,0.932,683920787,647447572
2023-06-26,0.921,0.926,0.938,0.919,550430425,510283758
2023-06-27,0.926,0.927,0.933,0.922,482975769,447730480
2023-06-28,0.926,0.924,0.927,0.915,431046500,397462328
2023-06-29,0.924,0.923,0.929,0.921,353700200,327089304
2023-06-30,0.920,0.937,0.943,0.917,955804500,893725088
2023-07-03,0.942,0.942,0.948,0.937,528120195,497752611
2023-07-04,0.940,0.945,0.947,0.937,424888400,400543490
2023-07-05,0.945,0.939,0.951,0.936,439626285,414417699
2023-07-06,0.936,0.928,0.941,0.926,632268274,588713690
2023-07-07,0.925,0.918,0.927,0.918,434846868,400659157
2023-07-10,0.922,0.931,0.939,0.920,571738665,533136722
2023-07-11,0.935,0.940,0.942,0.930,428667430,401427792
2023-07-12,0.941,0.934,0.942,0.932,395576517,370617703
2023-07-13,0.938,0.952,0.952,0.937,600344238,569651684
2023-07-14,0.951,0.947,0.953,0.944,413082800,391172040
2023-07-17,0.942,0.937,0.943,0.932,408029745,382055528
2023-07-18,0.937,0.934,0.940,0.931,385572000,360142729
2023-07-19,0.933,0.922,0.934,0.918,618954150,571827255
2023-07-20,0.924,0.912,0.932,0.911,637637049,587008879
2023-07-21,0.912,0.914,0.920,0.909,452137504,413214892
2023-07-24,0.910,0.907,0.915,0.903,551991355,500680880
2023-07-25,0.920,0.928,0.931,0.916,707476884,653758537
2023-07-26,0.926,0.929,0.930,0.923,423910036,393112002
2023-07-27,0.932,0.927,0.936,0.925,564254426,524897547
2023-07-28,0.922,0.942,0.944,0.920,787008000,735684775
2023-07-31,0.947,0.949,0.961,0.946,816410011,778780654
2023-08-01,0.948,0.944,0.956,0.940,644757070,611353681
2023-08-02,0.942,0.945,0.950,0.941,419805960,396661779
2023-08-03,0.941,0.956,0.956,0.941,515509320,490027280
2023-08-04,0.966,0.967,0.976,0.958,1041275570,1007409587
2023-08-07,0.962,0.955,0.963,0.952,539492374,515739611
2023-08-08,0.954,0.951,0.959,0.950,437807805,417487825
2023-08-09,0.948,0.950,0.956,0.947,411482901,391164108
2023-08-10,0.951,0.955,0.956,0.946,444988597,423819616
2023-08-11,0.954,0.931,0.955,0.931,658120399,619275957
2023-08-14,0.921,0.919,0.923,0.910,1007843497,924951333
2023-08-15,0.919,0.913,0.923,0.905,619087926,564998885
2023-08-16,0.909,0.905,0.917,0.905,488907400,445554063
2023-08-17,0.905,0.913,0.915,0.898,601844010,545950844
2023-08-18,0.913,0.900,0.918,0.900,585249900,532417462
2023-08-21,0.898,0.888,0.899,0.887,696731600,621478895
2023-08-22,0.890,0.887,0.894,0.870,882748837,777406267
2023-08-23,0.881,0.865,0.883,0.864,699344141,610364454
2023-08-24,0.869,0.876,0.885,0.867,673781492,590573749
2023-08-25,0.870,0.866,0.872,0.861,620710874,537976916
2023-08-28,0.924,0.875,0.941,0.872,1180300600,1058592022
2023-08-29,0.873,0.900,0.908,0.871,1116026827,998303520
2023-08-30,0.901,0.900,0.911,0.896,857677935,775089560
2023-08-31,0.897,0.893,0.898,0.891,465059238,415727746
2023-09-01,0.895,0.892,0.899,0.888,442589289,394916711
2023-09-04,0.895,0.899,0.901,0.885,582603239,521490108
2023-09-05,0.896,0.895,0.900,0.893,433270385,388258385
2023-09-06,0.892,0.888,0.893,0.884,592019799,525500799
2023-09-07,0.887,0.868,0.887,0.868,631405649,552197894
2023-09-08,0.865,0.862,0.868,0.858,582254600,501527112
2023-09-11,0.863,0.867,0.875,0.858,559203970,484447599
2023-09-12,0.866,0.861,0.868,0.860,392747556,339015358
2023-09-13,0.860,0.850,0.863,0.845,668941656,570075036
2023-09-14,0.847,0.844,0.849,0.839,568718256,479613942
2023-09-15,0.844,0.838,0.847,0.834,768121000,644579726
2023-09-18,0.834,0.845,0.853,0.833,773636611,654222760
2023-09-19,0.845,0.838,0.845,0.834,556957700,466892603
2023-09-20,0.836,0.831,0.838,0.831,454326000,378731627
2023-09-21,0.829,0.822,0.833,0.822,483620283,399460087
2023-09-22,0.820,0.845,0.845,0.820,788672037,657601564
2023-09-25,0.841,0.838,0.844,0.836,439746200,369124080
2023-09-26,0.837,0.831,0.840,0.831,390439200,325760093
2023-09-27,0.830,0.839,0.849,0.830,625369317,525225356
2023-09-28,0.840,0.839,0.845,0.834,427402300,358227256
2023-10-09,0.838,0.836,0.840,0.826,515086400,429078345
2023-10-10,0.836,0.831,0.843,0.830,430339562,359452519
2023-10-11,0.834,0.838,0.846,0.834,625488117,526022670
2023-10-12,0.844,0.846,0.849,0.839,624681277,527560381
2023-10-13,0.840,0.834,0.841,0.830,529900262,442116197
2023-10-16,0.835,0.817,0.835,0.812,733399313,601800609
2023-10-17,0.819,0.817,0.823,0.814,451806202,369767524
2023-10-18,0.815,0.807,0.815,0.805,536971223,434193049
2023-10-19,0.802,0.799,0.807,0.797,642138400,515049015
2023-10-20,0.793,0.793,0.804,0.790,671908670,534231451
2023-10-23,0.790,0.778,0.791,0.774,815660600,636172268
2023-10-24,0.781,0.784,0.789,0.777,831757479,651126560
2023-10-25,0.789,0.775,0.791,0.774,907213700,709788527
2023-10-26,0.769,0.780,0.781,0.763,889071800,684569519
2023-10-27,0.776,0.804,0.808,0.774,1280999266,1016572733
2023-10-30,0.800,0.827,0.829,0.800,1210678333,992260099
2023-10-31,0.824,0.821,0.825,0.816,539910394,442896669
2023-11-01,0.825,0.817,0.825,0.813,463727400,379596539
2023-11-02,0.820,0.810,0.825,0.810,446766794,364970714
2023-11-03,0.812,0.824,0.827,0.811,692715358,569091894
2023-11-06,0.830,0.855,0.855,0.830,1153466014,976188446
2023-11-07,0.852,0.848,0.853,0.844,677247947,574247895
2023-11-08,0.845,0.848,0.855,0.842,717543113,609430750
2023-11-09,0.847,0.846,0.854,0.844,454335777,385469724
2023-11-10,0.842,0.839,0.842,0.837,454244719,381346293
2023-11-13,0.844,0.839,0.848,0.835,451085309,378734890
2023-11-14,0.839,0.836,0.845,0.832,626612022,524686380
2023-11-15,0.849,0.840,0.850,0.837,631711784,532941310
2023-11-16,0.840,0.825,0.840,0.824,603493130,500774789
2023-11-17,0.822,0.828,0.828,0.821,415762415,342912581
2023-11-20,0.828,0.828,0.832,0.818,570122249,470426290
2023-11-21,0.831,0.825,0.839,0.824,582532605,485049530
2023-11-22,0.821,0.809,0.824,0.809,696533370,568135619
2023-11-23,0.807,0.813,0.814,0.805,586579648,474706394
2023-11-24,0.812,0.803,0.813,0.803,601949389,485456634
2023-11-27,0.801,0.798,0.803,0.793,586735392,467750316
2023-11-28,0.798,0.803,0.804,0.795,481947386,385507520
2023-11-29,0.803,0.793,0.803,0.793,466292700,371550896
2023-11-30,0.793,0.796,0.802,0.792,420860647,335093536
2023-12-01,0.797,0.799,0.802,0.788,575208661,457162521
2023-12-04,0.799,0.788,0.799,0.788,491758537,389675920
2023-12-05,0.786,0.773,0.787,0.772,614385000,479395589
2023-12-06,0.771,0.776,0.786,0.770,584073035,455555352
2023-12-07,0.774,0.774,0.781,0.769,582419165,450935062
2023-12-08,0.777,0.784,0.786,0.773,582762672,454572123
2023-12-11,0.780,0.796,0.797,0.775,602318130,472470445
2023-12-12,0.792,0.790,0.795,0.788,476413850,376962572
2023-12-13,0.789,0.775,0.789,0.775,528497005,412814366
2023-12-14,0.782,0.770,0.787,0.770,579942100,450932158
2023-12-15,0.773,0.767,0.780,0.764,697597223,538124021
2023-12-18,0.763,0.753,0.766,0.751,718607200,545180905
2023-12-19,0.752,0.758,0.762,0.751,618791312,467684551
2023-12-20,0.759,0.748,0.760,0.747,546828600,411950915
2023-12-21,0.744,0.763,0.768,0.743,969810299,733905241
2023-12-22,0.760,0.758,0.769,0.753,865255212,658520809
2023-12-25,0.758,0.760,0.764,0.756,421447200,320143143
2023-12-26,0.758,0.750,0.760,0.747,550984900,414128889
2023-12-27,0.751,0.750,0.754,0.744,545275177,408207878
2023-12-28,0.748,0.784,0.786,0.747,1645890172,1271914692
2023-12-29,0.783,0.787,0.791,0.781,921630839,724442074
2024-01-02,0.787,0.770,0.787,0.770,718185564,556924859
2024-01-03,0.768,0.760,0.771,0.757,763656524,582353081
2024-01-04,0.760,0.746,0.760,0.741,1131838013,845528314
2024-01-05,0.744,0.735,0.752,0.730,972886300,721113676
2024-01-08,0.733,0.725,0.738,0.723,970100854,708583453
2024-01-09,0.726,0.727,0.737,0.720,1051860405,764896222
2024-01-10,0.724,0.724,0.736,0.715,968750554,703414615
2024-01-11,0.723,0.739,0.745,0.722,1286895000,945990145
2024-01-12,0.735,0.731,0.741,0.730,800564959,588173800
2024-01-15,0.725,0.724,0.734,0.720,646789888,469575487
2024-01-16,0.722,0.730,0.730,0.717,937305323,678426422
2024-01-17,0.727,0.707,0.728,0.707,940049171,674426850
2024-01-18,0.702,0.723,0.727,0.701,1426580530,1013600715
2024-01-19,0.720,0.718,0.730,0.717,930554173,672632994
2024-01-22,0.715,0.701,0.720,0.697,1132455490,804633570
2024-01-23,0.699,0.708,0.717,0.697,1249793397,886592980
2024-01-24,0.712,0.712,0.715,0.689,1393505895,980319218
2024-01-25,0.708,0.722,0.722,0.701,1601384211,1142128004
2024-01-26,0.717,0.703,0.719,0.703,1215686288,864376157
2024-01-29,0.705,0.675,0.705,0.675,1583249172,1087604492
2024-01-30,0.670,0.660,0.680,0.658,1185016830,792071197
2024-01-31,0.660,0.659,0.670,0.658,1535407358,1020275654
2024-02-01,0.656,0.666,0.679,0.655,1663572124,1112337443
2024-02-02,0.665,0.650,0.669,0.633,2122152903,1385551493
2024-02-05,0.641,0.661,0.674,0.623,2275870927,1484336182
2024-02-06,0.654,0.700,0.701,0.651,2330097682,1593116202
2024-02-07,0.699,0.709,0.714,0.695,1593366988,1128835401
2024-02-08,0.715,0.722,0.735,0.714,1512593413,1095582189
2024-02-19,0.732,0.734,0.734,0.722,1088436129,792888328
2024-02-20,0.731,0.731,0.735,0.723,693329753,505744443
2024-02-21,0.725,0.735,0.749,0.723,1120278810,827455630
2024-02-22,0.734,0.738,0.741,0.731,883661545,650339131
2024-02-23,0.742,0.738,0.743,0.733,716053735,528384974
2024-02-26,0.736,0.734,0.740,0.729,776983966,570391641
2024-02-27,0.731,0.752,0.752,0.729,807265571,597820319
2024-02-28,0.753,0.733,0.768,0.733,1170648236,884133976
2024-02-29,0.731,0.760,0.762,0.729,1330355258,999317448
2024-03-01,0.760,0.768,0.772,0.755,932770439,713034427
2024-03-04,0.768,0.771,0.779,0.766,880242613,679520939
2024-03-05,0.769,0.772,0.777,0.763,706154163,544204065
2024-03-06,0.767,0.773,0.784,0.763,642718982,496349094
2024-03-07,0.771,0.754,0.775,0.753,728141394,555319474
2024-03-08,0.755,0.761,0.765,0.749,684830721,518725696
2024-03-11,0.765,0.804,0.804,0.765,1778696833,1399410502
2024-03-12,0.807,0.808,0.815,0.800,1152403727,930047319
2024-03-13,0.811,0.805,0.813,0.803,797650401,644240584
2024-03-14,0.806,0.802,0.814,0.796,980595838,787995841
2024-03-15,0.802,0.801,0.803,0.784,876139400,694329081
2024-03-18,0.810,0.822,0.822,0.810,1282122910,1047513951
2024-03-19,0.818,0.811,0.820,0.810,625981705,510310125
2024-03-20,0.807,0.810,0.814,0.804,796645255,644425144
2024-03-21,0.811,0.806,0.815,0.804,769677485,621661846
2024-03-22,0.805,0.792,0.805,0.788,992625300,788242535
2024-03-25,0.788,0.778,0.794,0.777,717009261,563670711
2024-03-26,0.777,0.782,0.789,0.776,724466625,566871975
2024-03-27,0.779,0.762,0.781,0.760,717829200,552409278
2024-03-28,0.761,0.768,0.778,0.759,677968148,521098027
2024-03-29,0.768,0.771,0.777,0.765,529708204,408076646
2024-04-01,0.779,0.796,0.797,0.779,806947041,638470209
2024-04-02,0.797,0.792,0.797,0.788,574643700,455454279
2024-04-03,0.790,0.782,0.790,0.781,460157500,360962285
2024-04-08,0.779,0.768,0.782,0.768,532194228,412460399
2024-04-09,0.769,0.777,0.777,0.766,460286436,355443453
2024-04-10,0.775,0.761,0.775,0.757,607503000,463377598
2024-04-11,0.755,0.758,0.765,0.753,550683100,417680204
2024-04-12,0.756,0.749,0.760,0.749,538260124,406121127
2024-04-15,0.750,0.766,0.771,0.750,725711964,554534323
2024-04-16,0.760,0.752,0.764,0.750,627906442,475140300
2024-04-17,0.754,0.767,0.767,0.752,584713119,444972630
2024-04-18,0.763,0.761,0.770,0.752,632779100,481983498
2024-04-19,0.755,0.745,0.757,0.739,668499625,498996933
2024-04-22,0.740,0.743,0.750,0.736,421665099,313230642
2024-04-23,0.744,0.743,0.749,0.737,440725899,326985331
2024-04-24,0.745,0.749,0.750,0.738,490340126,365076679
2024-04-25,0.743,0.749,0.754,0.739,664161600,496517599
2024-04-26,0.749,0.778,0.779,0.749,934422400,718128047
2024-04-29,0.781,0.807,0.817,0.780,1659351366,1334964683
2024-04-30,0.809,0.798,0.809,0.797,642599475,515612755
2024-05-06,0.817,0.815,0.820,0.812,820095675,669205077
2024-05-07,0.815,0.810,0.816,0.808,521252567,423134868
2024-05-08,0.808,0.796,0.809,0.795,641058286,513247320
2024-05-09,0.799,0.809,0.812,0.799,739591321,597418659
2024-05-10,0.811,0.800,0.811,0.797,607831705,486716257
2024-05-13,0.790,0.788,0.799,0.786,573556200,454187694
2024-05-14,0.792,0.787,0.796,0.785,438543300,346086477
2024-05-15,0.790,0.782,0.794,0.780,467848200,367816096
2024-05-16,0.784,0.786,0.793,0.781,670668900,528118332
2024-05-17,0.783,0.793,0.794,0.779,799072967,627931408
2024-05-20,0.794,0.797,0.802,0.791,614388200,489681013
2024-05-21,0.794,0.789,0.796,0.787,390052791,308376450
2024-05-22,0.791,0.801,0.803,0.788,617043069,491156288
2024-05-23,0.798,0.791,0.801,0.788,562128200,445346364
2024-05-24,0.787,0.775,0.795,0.774,793756931,620283217
2024-05-27,0.777,0.779,0.779,0.767,542361200,418966807
2024-05-28,0.777,0.767,0.778,0.767,479481700,369809854
2024-05-29,0.768,0.771,0.782,0.768,540365400,418770923
2024-05-30,0.770,0.773,0.776,0.769,329800890,254682936
2024-05-31,0.773,0.771,0.782,0.770,439217000,340581445
2024-06-03,0.769,0.777,0.779,0.766,490058000,379228380
2024-06-04,0.775,0.787,0.790,0.774,860070552,673976848
2024-06-05,0.786,0.784,0.794,0.783,501653088,395679691
2024-06-06,0.787,0.779,0.790,0.777,650781400,510338020
2024-06-07,0.777,0.760,0.779,0.751,970408319,739622092
2024-06-11,0.755,0.761,0.762,0.750,513937519,387756408
2024-06-12,0.757,0.756,0.761,0.754,323488119,244912954
2024-06-13,0.759,0.759,0.768,0.756,456225419,347430424
2024-06-14,0.759,0.767,0.768,0.750,523833500,397421131
2024-06-17,0.762,0.775,0.777,0.760,531363500,409935409
2024-06-18,0.774,0.779,0.783,0.773,421010800,327994519
2024-06-19,0.782,0.770,0.783,0.770,374557300,289517834
2024-06-20,0.770,0.758,0.773,0.757,529509400,403535130
2024-06-21,0.756,0.755,0.757,0.747,453921900,341491368
2024-06-24,0.749,0.744,0.755,0.744,543179500,407109856
2024-06-25,0.743,0.730,0.745,0.726,620257500,455721040
2024-06-26,0.729,0.742,0.744,0.729,567658300,418294625
2024-06-27,0.739,0.731,0.739,0.730,388354600,285086256
2024-06-28,0.729,0.723,0.739,0.720,541760300,395784764
2024-07-01,0.721,0.722,0.724,0.706,607472445,433432049
2024-07-02,0.718,0.715,0.722,0.712,436216500,312573318
2024-07-03,0.715,0.714,0.721,0.708,443868298,316890423
2024-07-04,0.717,0.709,0.722,0.709,493121300,352366670
2024-07-05,0.711,0.712,0.715,0.702,496968570,352155480
2024-07-08,0.709,0.700,0.711,0.698,416245800,292746598
2024-07-09,0.700,0.713,0.717,0.695,703545800,497052576
2024-07-10,0.710,0.713,0.721,0.708,521578100,373012150
2024-07-11,0.721,0.727,0.732,0.716,845001200,612333311
2024-07-12,0.725,0.727,0.731,0.720,489166500,355238862
2024-07-15,0.723,0.720,0.724,0.716,406953500,292963126
2024-07-16,0.719,0.733,0.733,0.718,557918500,405723201
2024-07-17,0.730,0.731,0.737,0.727,371619900,271886457
2024-07-18,0.726,0.743,0.743,0.724,702295300,515781429
2024-07-19,0.738,0.745,0.747,0.737,460261697,341894754
2024-07-22,0.745,0.744,0.750,0.740,402866500,299883841
2024-07-23,0.744,0.723,0.745,0.723,469964300,344277282
2024-07-24,0.721,0.714,0.729,0.712,448005000,322269104
2024-07-25,0.712,0.712,0.718,0.709,473381800,337354852
2024-07-26,0.714,0.719,0.724,0.713,469096712,336786948
2024-07-29,0.716,0.707,0.717,0.705,385848200,273337554
2024-07-30,0.705,0.705,0.708,0.701,415181334,292293488
2024-07-31,0.704,0.729,0.730,0.701,876428536,631618106
2024-08-01,0.729,0.718,0.731,0.717,677730246,489297360
2024-08-02,0.713,0.704,0.718,0.701,801983954,568072422
2024-08-05,0.697,0.689,0.709,0.688,919062783,642338919
2024-08-06,0.697,0.699,0.703,0.691,584439600,407756525
2024-08-07,0.696,0.695,0.701,0.694,380965500,265781002
2024-08-08,0.692,0.691,0.698,0.684,556433800,384066264
2024-08-09,0.695,0.685,0.699,0.684,449086050,310173184
2024-08-12,0.684,0.682,0.687,0.680,542383500,370166263
2024-08-13,0.682,0.690,0.691,0.680,655171752,448265707
2024-08-14,0.688,0.681,0.690,0.680,408500800,279203435
2024-08-15,0.679,0.685,0.691,0.678,647849600,443384743
2024-08-16,0.685,0.685,0.690,0.682,440194300,301950381
2024-08-19,0.684,0.686,0.694,0.683,505924601,348578684
2024-08-20,0.686,0.677,0.687,0.676,559210900,380208184
2024-08-21,0.675,0.675,0.680,0.672,375664000,253819338
2024-08-22,0.676,0.670,0.677,0.668,490515688,329326497
2024-08-23,0.667,0.670,0.674,0.666,460427488,308204258
2024-08-26,0.671,0.670,0.676,0.667,446441300,299602612
2024-08-27,0.667,0.664,0.668,0.661,414111300,274942950
2024-08-28,0.662,0.664,0.665,0.658,403292400,266816745
2024-08-29,0.660,0.667,0.671,0.653,678489300,449696749
2024-08-30,0.666,0.685,0.694,0.666,1160088889,793948478
2024-09-02,0.683,0.666,0.686,0.665,865701800,582785545
2024-09-03,0.665,0.673,0.677,0.664,694734001,466800261
2024-09-04,0.668,0.674,0.680,0.666,550186100,370346080
2024-09-05,0.674,0.677,0.683,0.673,568558700,385526561
2024-09-06,0.678,0.667,0.679,0.666,513427900,344552343
2024-09-09,0.662,0.669,0.672,0.661,525848631,350231466
2024-09-10,0.669,0.668,0.673,0.661,581205537,387264715
2024-09-11,0.667,0.677,0.679,0.666,799776136,539804042
2024-09-12,0.680,0.677,0.687,0.676,542451400,369674945
2024-09-13,0.678,0.672,0.680,0.671,528084900,356125980
2024-09-18,0.670,0.671,0.674,0.666,434134600,290664479
2024-09-19,0.673,0.676,0.684,0.664,841466700,567573748
2024-09-20,0.674,0.672,0.676,0.666,666619400,446741186
2024-09-23,0.672,0.670,0.677,0.669,535880521,360575074
2024-09-24,0.676,0.711,0.711,0.671,1695933608,1175990195
2024-09-25,0.726,0.722,0.740,0.721,1637476506,1193901516
2024-09-26,0.719,0.754,0.755,0.714,1441965107,1058278346
2024-09-27,0.769,0.841,0.852,0.769,3405374633,2758828014
2024-09-30,0.899,1.009,1.009,0.871,4480273540,4223698800
2024-10-08,1.211,1.211,1.211,1.050,12131470697,14187470961
2024-10-09,1.110,1.023,1.146,1.021,8592290221,9243847242
2024-10-10,1.020,0.989,1.045,0.969,4602715449,4624469537
2024-10-11,0.970,0.936,0.979,0.920,4106108032,3889081957
2024-10-14,0.945,0.963,0.968,0.919,3559098043,3367152748
2024-10-15,0.954,0.930,0.972,0.930,2888078006,2745326206
2024-10-16,0.904,0.906,0.928,0.901,2789176336,2542351357
2024-10-17,0.916,0.904,0.927,0.904,2081798529,1907632398
2024-10-18,0.901,0.984,1.045,0.901,5846840023,5623016877
2024-10-21,0.987,0.987,1.015,0.975,3524990547,3499502913
2024-10-22,0.983,0.991,0.996,0.973,2211289892,2181391423
2024-10-23,0.985,0.983,1.006,0.975,2365782655,2339504513
2024-10-24,0.976,0.969,0.983,0.966,1584776407,1541480398
2024-10-25,0.978,1.001,1.021,0.972,4204776604,4203345562
2024-10-28,1.001,0.994,1.001,0.981,1748198913,1731297688
2024-10-29,0.997,0.969,0.999,0.969,2261752957,2217834891
2024-10-30,0.960,0.958,0.971,0.947,1888950716,1811796998
2024-10-31,0.957,0.965,0.986,0.949,2504663500,2428594325
2024-11-01,0.957,0.948,0.968,0.946,1737192621,1662533451
2024-11-04,0.948,0.976,0.978,0.946,1870014927,1809165184
2024-11-05,0.977,1.028,1.033,0.969,5118695853,5192851128
2024-11-06,1.028,1.011,1.062,1.002,3815868298,3939644195
2024-11-07,1.000,1.053,1.054,0.998,3026482736,3111134999
2024-11-08,1.076,1.037,1.079,1.032,2931691886,3098734263
2024-11-11,1.022,1.066,1.067,1.020,2548915515,2675797611
2024-11-12,1.075,1.068,1.096,1.054,4465479914,4816947490
2024-11-13,1.058,1.087,1.092,1.049,2474593556,2652673498
2024-11-14,1.085,1.048,1.088,1.047,1935334500,2066032374
2024-11-15,1.043,1.005,1.050,1.005,2300563791,2363075961
2024-11-18,1.006,0.983,1.010,0.972,2586425234,2560002867
2024-11-19,0.986,1.015,1.015,0.973,2883987570,2871333588
2024-11-20,1.006,1.016,1.024,1.003,1611730286,1632481471
2024-11-21,1.014,1.014,1.022,1.007,1134355484,1151031025
2024-11-22,1.011,0.974,1.017,0.974,1691801348,1683083198
2024-11-25,0.979,0.972,0.983,0.957,2004083019,1943471543
2024-11-26,0.967,0.960,0.978,0.959,980273550,949430089
2024-11-27,0.958,0.988,0.988,0.947,2331585105,2263622955
2024-11-28,0.987,0.967,0.987,0.966,1434395728,1400243115
2024-11-29,0.965,0.993,1.016,0.964,3208786606,3193449904
2024-12-02,0.989,1.009,1.012,0.987,1750083012,1757147080
2024-12-03,1.009,1.003,1.011,0.993,1524990598,1528240930
2024-12-04,0.998,0.990,1.003,0.985,1484709431,1475635772
2024-12-05,0.988,0.993,1.001,0.986,1041626723,1035156470
2024-12-06,0.993,1.016,1.028,0.990,2490867304,2525162701
2024-12-09,1.015,1.008,1.019,1.000,1175825049,1186711794
2024-12-10,1.061,1.014,1.071,1.012,2599413800,2692128503
2024-12-11,1.013,1.013,1.023,1.008,1159715400,1175196556
2024-12-12,1.011,1.028,1.033,1.009,1690254508,1727408524
2024-12-13,1.019,1.000,1.020,0.998,1482051776,1494561745
2024-12-16,0.999,0.984,0.999,0.980,1153312603,1137908513
2024-12-17,0.983,0.988,1.003,0.982,1400477171,1391150693
2024-12-18,0.992,0.987,0.993,0.983,956088799,943906496
2024-12-19,0.978,0.992,0.995,0.974,1128623630,1113493748
2024-12-20,0.990,0.990,1.000,0.985,1290552558,1279569017
2024-12-23,0.989,0.983,0.997,0.980,1321105290,1306052693
2024-12-24,0.982,0.994,0.994,0.980,1984913700,1960422899
2024-12-25,0.994,0.988,0.997,0.982,976544200,966127873
2024-12-26,0.988,0.991,0.996,0.984,946847500,938742521
2024-12-27,0.991,0.989,1.003,0.984,1445832670,1434489472
2024-12-30,0.986,0.991,0.995,0.985,950509936,941442042
2024-12-31,0.989,0.961,0.991,0.960,1664150222,1623001946
2025-01-02,0.959,0.922,0.959,0.914,1958212903,1830982528
2025-01-03,0.923,0.905,0.926,0.903,1526506208,1394836037
2025-01-06,0.904,0.903,0.911,0.897,1331547297,1202917692
2025-01-07,0.896,0.907,0.908,0.888,1327422500,1193424019
2025-01-08,0.900,0.896,0.907,0.878,1463938362,1307134041
2025-01-09,0.890,0.899,0.905,0.889,949334400,854880173
2025-01-10,0.898,0.884,0.903,0.883,821946100,734813725
2025-01-13,0.873,0.884,0.893,0.871,972409899,859310758
2025-01-14,0.888,0.929,0.930,0.884,2118007915,1930920523
2025-01-15,0.924,0.912,0.924,0.908,1364230281,1246409170
2025-01-16,0.917,0.919,0.933,0.908,1360596437,1251641746
2025-01-17,0.914,0.925,0.932,0.913,1134910167,1047410396
2025-01-20,0.935,0.943,0.950,0.934,1643032300,1551391012
2025-01-21,0.955,0.947,0.956,0.937,940774900,889024014
2025-01-22,0.943,0.942,0.948,0.932,1026238720,964201604
2025-01-23,0.954,0.940,0.967,0.940,1358070200,1295075395
2025-01-24,0.936,0.955,0.960,0.935,1401132900,1333732351
2025-01-27,0.958,0.925,0.959,0.925,1092800044,1026667630
2025-02-05,0.933,0.919,0.933,0.915,1067437689,984012561
2025-02-06,0.917,0.945,0.946,0.916,1483662307,1389141574
2025-02-07,0.945,0.972,0.985,0.945,2339418690,2265390538
2025-02-10,0.974,0.974,0.977,0.963,1180370135,1145646095
2025-02-11,0.974,0.958,0.974,0.958,1015712092,977238770
2025-02-12,0.956,0.973,0.977,0.952,1321978182,1274511596
2025-02-13,0.971,0.965,0.979,0.965,1178734162,1146122803
2025-02-14,0.964,0.979,0.985,0.962,1461089223,1427900850
2025-02-17,0.989,0.990,0.995,0.981,1492863287,1475759501
2025-02-18,0.988,0.970,0.993,0.967,1310729826,1287007017
2025-02-19,0.967,0.988,0.989,0.966,1160123354,1139256322
2025-02-20,0.986,0.986,0.990,0.976,930217980,914332057
2025-02-21,0.986,1.009,1.013,0.986,1717646427,1722477404
2025-02-24,1.005,1.003,1.010,0.993,1176816360,1179246747
2025-02-25,0.989,0.990,1.003,0.985,1120554100,1111833376
2025-02-26,0.992,1.004,1.004,0.988,1109991701,1106178854
2025-02-27,1.002,0.998,1.010,0.985,1236707197,1231936853
2025-02-28,0.992,0.958,0.993,0.956,1454188428,1415660821
2025-03-03,0.961,0.971,0.988,0.954,1726168050,1682479633
2025-03-04,0.962,0.965,0.966,0.953,1115978900,1072270577
2025-03-05,0.962,0.964,0.969,0.958,734039300,706768530
2025-03-06,0.972,0.984,0.987,0.969,1265690833,1240029173
2025-03-07,0.979,0.968,0.979,0.965,984306000,956304649
2025-03-10,0.969,0.967,0.974,0.957,687132400,662228940
2025-03-11,0.955,0.967,0.967,0.953,684542013,657577021
2025-03-12,0.970,0.962,0.974,0.962,773826491,748762388
2025-03-13,0.963,0.952,0.969,0.947,826910500,790248814
2025-03-14,0.952,0.984,0.988,0.950,1915251056,1867560218
2025-03-17,0.986,0.977,0.986,0.974,678777700,664577362
2025-03-18,0.982,0.984,0.989,0.976,890586086,874776463
2025-03-19,0.982,0.983,0.990,0.975,821308256,807160183
2025-03-20,0.980,0.972,0.982,0.971,650307600,634978193
2025-03-21,0.970,0.949,0.973,0.948,1093987272,1046989149
2025-03-24,0.948,0.950,0.953,0.938,795810300,753277189
2025-03-25,0.951,0.948,0.957,0.943,680121400,645313906
2025-03-26,0.945,0.943,0.954,0.943,598444393,567087175
2025-03-27,0.941,0.944,0.955,0.933,704112741,664640196
2025-03-28,0.943,0.939,0.948,0.937,748885359,704665134
2025-03-31,0.935,0.927,0.936,0.919,983338431,910900940
2025-04-01,0.929,0.924,0.936,0.922,624497419,579355778
2025-04-02,0.923,0.927,0.933,0.921,641996406,595052176
2025-04-03,0.914,0.906,0.920,0.901,1368353313,1245515346
2025-04-07,0.860,0.788,0.860,0.760,3967639713,3210962269
2025-04-08,0.793,0.796,0.815,0.782,1805251869,1442138286
2025-04-09,0.777,0.801,0.809,0.768,2033983200,1615073779
2025-04-10,0.827,0.819,0.841,0.818,2205273500,1828345445
2025-04-11,0.810,0.832,0.840,0.810,1332170652,1100817165
2025-04-14,0.845,0.835,0.847,0.832,952720100,799128091
2025-04-15,0.836,0.835,0.839,0.830,782716200,652248098
2025-04-16,0.831,0.825,0.832,0.813,905180600,743095902
2025-04-17,0.820,0.826,0.831,0.817,998555600,826157002
2025-04-18,0.823,0.831,0.831,0.821,941192500,778878133
2025-04-21,0.829,0.843,0.845,0.824,960317600,805474300
2025-04-22,0.842,0.841,0.846,0.837,660144600,555349331
2025-04-23,0.849,0.853,0.859,0.845,1056533200,900586397
2025-04-24,0.851,0.846,0.858,0.845,1118269400,950548568
2025-04-25,0.850,0.854,0.860,0.849,1105665900,945488767
2025-04-28,0.855,0.848,0.858,0.846,574573736,487954338
2025-04-29,0.847,0.846,0.852,0.844,642162600,544127508
2025-04-30,0.848,0.854,0.857,0.846,1001822964,855875598
2025-05-06,0.863,0.871,0.873,0.861,750056950,650922950
2025-05-07,0.890,0.876,0.896,0.870,1111171000,979355253
2025-05-08,0.875,0.896,0.899,0.875,1318890786,1175954407
2025-05-09,0.897,0.889,0.897,0.884,752778091,669522739
2025-05-12,0.905,0.916,0.917,0.902,1164457591,1058409320
2025-05-13,0.931,0.914,0.931,0.913,905014399,831449170
2025-05-14,0.915,0.926,0.937,0.910,1134534963,1045798428
2025-05-15,0.923,0.906,0.923,0.906,884700663,807837469
2025-05-16,0.903,0.905,0.911,0.902,631924800,573490625
2025-05-19,0.905,0.901,0.906,0.895,688521600,619968227
2025-05-20,0.906,0.908,0.914,0.897,694322600,629081302
2025-05-21,0.910,0.919,0.926,0.909,969461800,891079641
2025-05-22,0.920,0.911,0.921,0.909,506286300,462104488
2025-05-23,0.910,0.899,0.917,0.899,750357367,681656841
2025-05-26,0.895,0.888,0.900,0.883,708475360,629844894
2025-05-27,0.889,0.884,0.889,0.878,592036000,522369894
2025-05-28,0.885,0.879,0.888,0.877,549645999,485012880
2025-05-29,0.881,0.891,0.894,0.879,705900900,627224511
2025-05-30,0.886,0.882,0.886,0.877,628977229,554340275
2025-06-03,0.879,0.882,0.889,0.877,455329000,402413369
2025-06-04,0.886,0.894,0.897,0.885,598649200,534515831
2025-06-05,0.895,0.907,0.910,0.889,660122391,594330308
2025-06-06,0.907,0.902,0.909,0.898,506546900,457039657
2025-06-09,0.903,0.911,0.917,0.903,638814169,582320822
2025-06-10,0.909,0.898,0.912,0.893,707552500,638253278
2025-06-11,0.901,0.912,0.919,0.900,818844469,747560661
2025-06-12,0.909,0.914,0.920,0.906,595951100,545043735
2025-06-13,0.911,0.906,0.915,0.903,643219115,584168602
2025-06-16,0.904,0.915,0.918,0.904,567358015,518414466
2025-06-17,0.918,0.912,0.919,0.909,422491357,385460107
2025-06-18,0.912,0.917,0.918,0.907,460662728,420457461
2025-06-19,0.913,0.902,0.917,0.900,726590687,659081938
2025-06-20,0.902,0.895,0.908,0.894,454238587,408014794
2025-06-23,0.890,0.898,0.900,0.888,513052687,459108391
2025-06-24,0.903,0.919,0.921,0.901,1116673700,1022283840
2025-06-25,0.923,0.953,0.956,0.922,1684427479,1582524866
2025-06-26,0.954,0.946,0.960,0.945,862315879,820838366
2025-06-27,0.950,0.951,0.961,0.945,872215800,832328080
2025-06-30,0.953,0.965,0.965,0.953,754473621,723343498
2025-07-01,0.963,0.961,0.963,0.955,664782040,637266659
2025-07-02,0.957,0.949,0.959,0.947,531084121,504863189
2025-07-03,0.953,0.970,0.974,0.952,1222237212,1178925670
2025-07-04,0.971,0.968,0.984,0.967,935786707,910434994
2025-07-07,0.965,0.956,0.970,0.953,771705300,738511807
2025-07-08,0.955,0.979,0.981,0.954,1001426000,974496957
2025-07-09,0.978,0.983,0.993,0.978,950561409,937260994
2025-07-10,0.986,0.987,0.992,0.978,796485976,784298307
2025-07-11,0.984,0.993,1.003,0.982,964281500,958970297
2025-07-14,0.991,0.989,0.994,0.984,654160300,646328075
2025-07-15,0.994,1.010,1.015,0.994,1435657220,1445449455
2025-07-16,1.011,1.006,1.020,1.004,751286043,759893454
2025-07-17,1.004,1.026,1.027,1.003,1052301405,1072583263
2025-07-18,1.031,1.030,1.040,1.023,745500305,768977314
2025-07-21,1.030,1.038,1.039,1.026,733480207,757726567
2025-07-22,1.037,1.043,1.046,1.034,795055797,827658903
2025-07-23,1.044,1.043,1.054,1.040,972925903,1018449243
2025-07-24,1.047,1.058,1.058,1.046,714332735,750923142
2025-07-25,1.060,1.055,1.060,1.050,790077735,833149579
2025-07-28,1.056,1.069,1.070,1.052,825773813,877935920
2025-07-29,1.067,1.090,1.091,1.065,1175143193,1267340273
2025-07-30,1.088,1.074,1.088,1.062,1348050939,1450016232
2025-07-31,1.076,1.050,1.084,1.047,1494793152,1592109056
2025-08-01,1.047,1.047,1.060,1.039,966042931,1013997593
2025-08-04,1.040,1.052,1.053,1.038,654768900,683838219
2025-08-05,1.059,1.057,1.061,1.045,940960941,991326825
2025-08-06,1.052,1.063,1.065,1.051,830905198,880640318
2025-08-07,1.063,1.054,1.071,1.045,1046305945,1103748849
2025-08-08,1.053,1.052,1.062,1.050,521478302,550155107
2025-08-11,1.052,1.075,1.077,1.051,987078018,1056287978
2025-08-12,1.076,1.090,1.090,1.067,868118686,939382508
2025-08-13,1.095,1.133,1.138,1.093,1869326146,2093833317
2025-08-14,1.134,1.126,1.145,1.122,1313031816,1487654030
2025-08-15,1.120,1.157,1.160,1.120,1508609200,1727545397
2025-08-18,1.161,1.189,1.206,1.151,2715554212,3221686769
2025-08-19,1.187,1.190,1.206,1.183,1381933764,1648298666
2025-08-20,1.179,1.195,1.195,1.163,1721688383,2026631714
2025-08-21,1.195,1.186,1.201,1.178,1565486031,1862184690
2025-08-22,1.183,1.232,1.232,1.181,1678136613,2032496957
2025-08-25,1.245,1.266,1.278,1.235,2509398864,3152810923
2025-08-26,1.261,1.258,1.273,1.250,1792631539,2264240339
2025-08-27,1.257,1.250,1.298,1.250,3306222130,4216877032
2025-08-28,1.241,1.309,1.309,1.241,2704056309,3438331922
2025-08-29,1.304,1.342,1.366,1.295,2360260831,3150504062
2025-09-01,1.351,1.374,1.379,1.339,1953473818,2656615658
2025-09-02,1.374,1.336,1.391,1.320,3629886124,4891520081
2025-09-03,1.341,1.354,1.370,1.334,2808300073,3794893411
2025-09-04,1.372,1.289,1.388,1.276,4683627274,6180774914
2025-09-05,1.292,1.394,1.395,1.292,3129157287,4206813805
2025-09-08,1.400,1.365,1.400,1.343,2621235449,3576246806
2025-09-09,1.349,1.336,1.365,1.323,2175555680,2918347085
2025-09-10,1.343,1.351,1.367,1.332,1934054354,2614651119
2025-09-11,1.359,1.432,1.432,1.352,2592424435,3627527381
2025-09-12,1.420,1.414,1.434,1.409,1650928370,2345707512
2025-09-15,1.417,1.437,1.462,1.417,1893756028,2736528647
2025-09-16,1.440,1.453,1.453,1.418,1804487711,2592914328
2025-09-17,1.449,1.480,1.485,1.439,1908251710,2801129964
2025-09-18,1.469,1.455,1.493,1.433,3151304239,4620908276
2025-09-19,1.455,1.455,1.474,1.445,1709460070,2496073439
2025-09-22,1.455,1.466,1.466,1.435,1260522394,1829938535
2025-09-23,1.481,1.476,1.493,1.436,2323837786,3408222467
2025-09-24,1.456,1.505,1.507,1.456,1599956339,2377854993
2025-09-25,1.497,1.530,1.550,1.492,1654147197,2532232597
2025-09-26,1.524,1.492,1.543,1.491,1841176641,2786864027
2025-09-29,1.491,1.539,1.548,1.491,1933770227,2955160365
2025-09-30,1.540,1.537,1.557,1.525,1256671600,1934437942
2025-10-09,1.538,1.543,1.578,1.537,1453326092,2258941670
2025-10-10,1.528,1.465,1.529,1.457,2289809676,3403960227
2025-10-13,1.394,1.441,1.455,1.394,1939308087,2774180296
2025-10-14,1.465,1.382,1.469,1.377,2215455301,3137048245
2025-10-15,1.384,1.419,1.424,1.368,1867141416,2609684666
2025-10-16,1.412,1.429,1.445,1.408,1620536445,2315343665
2025-10-17,1.423,1.381,1.431,1.378,1561397312,2179469035
2025-10-20,1.415,1.413,1.437,1.400,1721313434,2436504358
2025-10-21,1.428,1.463,1.472,1.413,1752715678,2543526297
2025-10-22,1.450,1.452,1.466,1.440,1034195892,1502031669
2025-10-23,1.444,1.452,1.455,1.422,958888825,1379799262
2025-10-24,1.467,1.510,1.511,1.461,1664036185,2474943975
2025-10-27,1.541,1.541,1.545,1.513,1495347826,2292007932
2025-10-28,1.529,1.538,1.566,1.525,1447029667,2235750259
2025-10-29,1.556,1.590,1.591,1.555,1708452393,2691284968
2025-10-30,1.587,1.558,1.596,1.555,1484219109,2335217494
2025-10-31,1.552,1.513,1.563,1.511,1689424736,2587093701
2025-11-03,1.504,1.521,1.522,1.478,1427467212,2143533036
2025-11-04,1.516,1.488,1.525,1.476,1209667822,1809817199
2025-11-05,1.454,1.505,1.513,1.452,1303152602,1938845293
2025-11-06,1.516,1.535,1.543,1.512,1076221638,1646135204
2025-11-07,1.523,1.527,1.543,1.512,846242801,1291535779
2025-11-10,1.534,1.504,1.540,1.483,1293931259,1942498638
2025-11-11,1.517,1.480,1.523,1.479,1215933439,1818859426
2025-11-12,1.472,1.481,1.486,1.454,1108241267,1628424715
2025-11-13,1.475,1.514,1.520,1.467,1321634590,1983286655
2025-11-14,1.499,1.470,1.499,1.469,985792816,1464383219
2025-11-17,1.456,1.464,1.474,1.452,700010869,1022793886
2025-11-18,1.456,1.449,1.471,1.440,933876533,1358836410
2025-11-19,1.447,1.455,1.474,1.446,1159002209,1690562863
2025-11-20,1.481,1.440,1.488,1.436,966843457,1407548038
2025-11-21,1.418,1.384,1.420,1.381,1736490373,2429258628
2025-11-24,1.394,1.384,1.397,1.364,1184732582,1637717376
2025-11-25,1.404,1.407,1.433,1.398,1408258428,1991540464
2025-11-26,1.407,1.447,1.464,1.398,1510382945,2171556089
2025-11-27,1.443,1.435,1.481,1.434,1194899548,1745650240
2025-11-28,1.435,1.448,1.454,1.425,709273921,1021617567
2025-12-01,1.450,1.468,1.468,1.436,768802321,1119193696
2025-12-02,1.468,1.460,1.470,1.450,681600720,994729913
2025-12-03,1.461,1.443,1.478,1.438,856245413,1246220010
2025-12-04,1.443,1.461,1.464,1.432,886301410,1285787500
2025-12-05,1.471,1.482,1.487,1.452,1227676740,1807743546
2025-12-08,1.489,1.530,1.539,1.487,1303185363,1979626184
2025-12-09,1.529,1.535,1.551,1.517,1483582244,2278502225
2025-12-10,1.535,1.532,1.540,1.500,1057640157,1606779944
2025-12-11,1.532,1.511,1.555,1.510,1119356580,1720187385
2025-12-12,1.511,1.527,1.530,1.496,1322693699,2010031057
2025-12-15,1.508,1.495,1.521,1.495,826563168,1244209748
2025-12-16,1.493,1.463,1.499,1.456,1416443530,2083909781
2025-12-17,1.462,1.517,1.520,1.461,1586622548,2376807499
2025-12-18,1.501,1.479,1.504,1.478,1233002093,1836896414
2025-12-19,1.493,1.485,1.504,1.480,842688328,1256973100
2025-12-22,1.501,1.521,1.525,1.501,1079524338,1636494189
2025-12-23,1.522,1.530,1.540,1.517,1037228178,1585105207
2025-12-24,1.531,1.539,1.542,1.521,898452663,1376550564
2025-12-25,1.541,1.542,1.549,1.523,943583189,1449846148
2025-12-26,1.539,1.544,1.558,1.530,1714535090,2651097824
2025-12-29,1.535,1.532,1.565,1.524,1094386625,1679457916
2025-12-30,1.525,1.544,1.548,1.523,1064161571,1638213313
2025-12-31,1.544,1.522,1.552,1.520,1226571961,1879066823
2026-01-05,1.535,1.566,1.567,1.533,1628538512,2523955442
2026-01-06,1.564,1.573,1.577,1.547,1736163162,2712801044
2026-01-07,1.576,1.578,1.589,1.560,1207062931,1901418146
2026-01-08,1.566,1.560,1.575,1.551,1002305711,1564679816
2026-01-09,1.549,1.567,1.568,1.538,1186626323,1849385280
2026-01-12,1.560,1.591,1.598,1.538,1634155600,2558939530
2026-01-13,1.592,1.560,1.610,1.553,1335195678,2110760552
2026-01-14,1.561,1.571,1.597,1.552,1734645199,2730650359
2026-01-15,1.557,1.582,1.585,1.551,971507104,1522632594
2026-01-16,1.598,1.582,1.603,1.575,967537604,1535104358
2026-01-19,1.567,1.563,1.589,1.560,994373997,1562352849
2026-01-20,1.562,1.534,1.568,1.524,1445608201,2222888253
2026-01-21,1.523,1.542,1.561,1.523,798802522,1236980393
2026-01-22,1.547,1.558,1.563,1.531,839342786,1299349794
2026-01-23,1.560,1.562,1.565,1.547,694776968,1082099194
2026-01-26,1.565,1.549,1.569,1.541,913781324,1417753098
2026-01-27,1.547,1.563,1.571,1.529,828245159,1286498565
2026-01-28,1.569,1.553,1.571,1.542,636814874,990976217
2026-01-29,1.550,1.547,1.571,1.543,776307732,1207594205
2026-01-30,1.543,1.577,1.589,1.531,1179292726,1842346001
2026-02-02,1.582,1.539,1.603,1.538,1210935827,1899358577
2026-02-03,1.565,1.565,1.572,1.527,1086531210,1689361832
2026-02-04,1.551,1.555,1.562,1.522,956107405,1472243462
2026-02-05,1.538,1.530,1.547,1.521,787213281,1205158972
2026-02-06,1.515,1.519,1.544,1.500,673325871,1025905608
2026-02-09,1.551,1.568,1.572,1.537,787555316,1225708534
2026-02-10,1.568,1.565,1.576,1.559,366898553,575000253
2026-02-11,1.556,1.540,1.561,1.538,548656567,848572414
2026-02-12,1.542,1.560,1.564,1.542,608717217,947326489
2026-02-13,1.551,1.537,1.557,1.536,498760273,770478583
2026-02-24,1.562,1.557,1.573,1.547,557524047,870119414
2026-02-25,1.557,1.576,1.580,1.551,490080445,768512881
2026-02-26,1.576,1.571,1.576,1.553,627322561,980283763
2026-02-27,1.550,1.548,1.559,1.539,722156399,1116551360
2026-03-02,1.530,1.544,1.556,1.522,963921830,1485004300
2026-03-03,1.556,1.509,1.563,1.505,1284930820,1973110410
2026-03-04,1.485,1.486,1.509,1.476,809831080,1207121033
2026-03-05,1.512,1.511,1.537,1.500,843729211,1280880610
2026-03-06,1.503,1.514,1.526,1.490,913213274,1378812340
2026-03-09,1.488,1.504,1.509,1.457,911177834,1346987387
2026-03-10,1.540,1.551,1.553,1.532,781142217,1206304980
2026-03-11,1.555,1.575,1.596,1.555,893380673,1408703358
2026-03-12,1.575,1.559,1.580,1.542,648186509,1009201696
2026-03-13,1.545,1.556,1.570,1.544,563405939,878507073
2026-03-16,1.558,1.580,1.582,1.542,808092345,1264700865
2026-03-17,1.590,1.541,1.596,1.540,924065392,1446308597
2026-03-18,1.552,1.578,1.578,1.539,784892986,1223965048
2026-03-19,1.558,1.564,1.588,1.556,822561368,1292551855
2026-03-20,1.587,1.590,1.624,1.583,1389551518,2229432141
2026-03-23,1.566,1.533,1.582,1.525,1443763362,2248866795
2026-03-24,1.558,1.538,1.559,1.492,1112648938,1694158644
2026-03-25,1.555,1.570,1.574,1.551,811101977,1268235861
2026-03-26,1.565,1.549,1.586,1.545,744424640,1163698492
2026-03-27,1.537,1.555,1.569,1.527,997120819,1546319497
2026-03-30,1.532,1.544,1.550,1.521,767229013,1178714290
2026-03-31,1.542,1.503,1.548,1.501,873320750,1326505221
2026-04-01,1.534,1.530,1.539,1.510,767907437,1171202437
2026-04-02,1.523,1.493,1.523,1.487,738676746,1109517125
2026-04-03,1.507,1.485,1.510,1.485,486700591,728588542
2026-04-07,1.492,1.491,1.500,1.474,516653781,769763179
2026-04-08,1.535,1.585,1.585,1.531,1135214820,1769034377
2026-04-09,1.570,1.572,1.580,1.560,667039421,1047211174
2026-04-10,1.583,1.636,1.651,1.583,1311483421,2134512077
2026-04-13,1.632,1.654,1.664,1.627,870951556,1438001533
2026-04-14,1.669,1.698,1.698,1.662,1055774231,1774004822
2026-04-15,1.715,1.676,1.727,1.660,1359053421,2289959848
2026-04-16,1.682,1.733,1.734,1.674,1032116740,1767149442
2026-04-17,1.745,1.762,1.765,1.730,997042480,1745266403
2026-04-20,1.748,1.761,1.771,1.741,1093108815,1923571612
2026-04-21,1.753,1.765,1.774,1.731,799466667,1406162192
2026-04-22,1.756,1.805,1.810,1.756,1069659087,1915268045
2026-04-23,1.811,1.794,1.825,1.770,1080544947,1940372965
2026-04-24,1.770,1.761,1.779,1.738,1131326785,1990409988
2026-04-27,1.766,1.748,1.770,1.740,799067756,1400533298
2026-04-28,1.730,1.717,1.740,1.709,1739614756,2999035697
2026-04-29,1.710,1.765,1.768,1.709,985504307,1719919807
2026-04-30,1.771,1.759,1.784,1.749,1013300604,1784460616
2026-05-06,1.797,1.809,1.828,1.779,960578188,1738808052
2026-05-07,1.822,1.838,1.842,1.798,832418200,1516401030
2026-05-08,1.822,1.821,1.842,1.815,707259379,1292400730
2026-05-11,1.835,1.888,1.891,1.818,837014707,1558082829
2026-05-12,1.900,1.887,1.903,1.872,980601112,1852891364
2026-05-13,1.872,1.944,1.950,1.871,1017159034,1947641805
2026-05-14,1.971,1.906,1.976,1.895,1360296073,2621667569
2026-05-15,1.909,1.892,1.929,1.862,1482006519,2807566564
2026-05-18,1.873,1.887,1.909,1.870,1113546928,2101906473
2026-05-19,1.877,1.876,1.882,1.828,1279465687,2374773080
2026-05-20,1.860,1.884,1.898,1.860,1034839601,1944783138
2026-05-21,1.898,1.840,1.932,1.838,1336288564,2526891052
2026-05-22,1.858,1.896,1.902,1.855,1201942854,2254550584
2026-05-25,1.912,1.935,1.939,1.879,984236888,1882244521
2026-05-26,1.923,1.954,1.960,1.921,1097142321,2129710138
2026-05-27,1.951,1.962,2.011,1.945,1845705890,3651743444
2026-05-28,1.958,2.003,2.010,1.922,1615219221,3169650486
2026-05-29,2.010,1.965,2.025,1.951,1888365667,3753715060
2026-06-01,1.964,1.918,1.988,1.914,1419421593,2768793367
2026-06-02,1.933,1.980,1.991,1.919,1372489795,2689551478
2026-06-03,1.995,2.017,2.068,1.986,1451944777,2943104537
2026-06-04,1.986,1.997,2.012,1.978,802173253,1599978573
2026-06-05,1.989,1.927,2.008,1.911,1778858922,3486412617
2026-06-08,1.855,1.852,1.901,1.839,1983880683,3708212265
2026-06-09,1.882,1.929,1.932,1.861,1344185226,2555329963
2026-06-10,1.900,1.872,1.915,1.857,1181917915,2225485310
2026-06-11,1.869,1.848,1.901,1.816,1085513661,2010959702
2026-06-12,1.897,1.855,1.899,1.851,832388489,1560928938
2026-06-15,1.891,1.957,1.957,1.858,1056233768,2018106716
2026-06-16,1.964,1.986,2.008,1.960,754962990,1496460117
2026-06-17,1.973,2.012,2.014,1.964,845059907,1682038122
2026-06-18,2.000,2.058,2.066,2.000,998986956,2045948715
2026-06-22,2.061,2.112,2.112,2.047,1464545815,3051198210
2026-06-23,2.100,2.027,2.107,2.010,1197730558,2462703736
2026-06-24,2.016,2.049,2.052,2.007,922625410,1875252024
2026-06-25,2.067,2.115,2.119,2.043,1157379771,2411039372
2026-06-26,2.087,2.018,2.088,2.010,1388432120,2834272310
2026-06-29,2.006,2.025,2.049,1.968,1368336107,2738985774
2026-06-30,2.022,2.088,2.095,2.018,1007030241,2079100933
2026-07-01,2.086,2.031,2.092,2.015,1184598803,2438640633
2026-07-02,2.000,1.912,2.000,1.902,1619391932,3139690763
2026-07-03,1.895,1.914,1.963,1.895,1115109402,2153690178
2026-07-06,1.924,1.877,1.934,1.856,1213088182,2295512322
2026-07-07,1.863,1.863,1.891,1.833,988038175,1842169689
2026-07-08,1.868,1.832,1.892,1.824,1137244944,2109894267
2026-07-09,1.853,1.926,1.926,1.817,1579540279,2953647501
2026-07-10,1.926,1.826,1.939,1.826,1423217130,2693473902
2026-07-13,1.805,1.773,1.840,1.759,1447283360,2600135551
2026-07-14,1.774,1.841,1.844,1.752,1695184634,3054734551
2026-07-15,1.848,1.816,1.868,1.813,1382249899,2543262024
2026-07-16,1.790,1.768,1.814,1.746,1276308438,2270314420
2026-07-17,1.741,1.639,1.743,1.612,2743715422,4589047439
2026-07-20,1.664,1.651,1.700,1.599,2742705517,4539852932
2026-07-21,1.662,1.766,1.768,1.615,2980180014,5077734390
2026-07-22,1.746,1.703,1.770,1.696,1822029887,3162986586
2026-07-23,1.711,1.712,1.734,1.692,1320300708,2260239579
2026-07-24,1.680,1.668,1.706,1.666,1330808808,2241796468
2026-07-27,1.666,1.718,1.721,1.648,1570149309,2651412919
2026-07-28,1.672,1.579,1.676,1.571,2765187300,4471171292
2026-07-29,1.576,1.604,1.621,1.537,2448085649,3868352268
2026-07-30,1.580,1.536,1.591,1.491,3256772612,5019151876
2026-07-31,1.610,1.583,1.643,1.583,2280772778,3688666306
2026-08-03,1.565,1.570,1.590,1.553,1016195381,1596969771
2026-08-04,1.600,1.666,1.676,1.591,1863653518,3056242013
2026-08-05,1.610,1.679,1.704,1.599,1981047228,3286570400
2026-08-06,1.646,1.664,1.696,1.629,1216450393,2020425572
2026-08-07,1.669,1.679,1.709,1.660,1346652718,2267492700
2026-08-10,1.681,1.659,1.685,1.629,1086517237,1792352518
2026-08-11,1.661,1.666,1.690,1.650,993055457,1660380886
2026-08-12,1.663,1.697,1.708,1.662,958743300,1620165455
2026-08-13,1.722,1.690,1.738,1.690,1106851176,1903407473
2026-08-14,1.700,1.712,1.716,1.689,795539429,1355048839
2026-08-17,1.717,1.765,1.766,1.696,1109574854,1926794606
2026-08-18,1.762,1.748,1.770,1.727,967689180,1689231708
2026-08-19,1.710,1.640,1.710,1.630,1442272102,2406849557
2026-08-20,1.651,1.643,1.662,1.628,786400715,1294703102
2026-08-21,1.643,1.676,1.685,1.639,1000952590,1671527729
2026-08-24,1.675,1.621,1.686,1.594,1160460571,1887290788
2026-08-25,1.600,1.602,1.625,1.588,1103343368,1770046912
2026-08-26,1.603,1.612,1.632,1.592,866140599,1398348934
2026-08-27,1.620,1.635,1.637,1.608,877927974,1426128385
2026-08-28,1.628,1.611,1.659,1.608,933848367,1524901797
2026-08-31,1.580,1.612,1.613,1.576,847041730,1349544970
2026-09-01,1.612,1.594,1.619,1.583,840778200,1342917170
2026-09-02,1.575,1.553,1.575,1.543,1143431234,1778918893
2026-09-03,1.563,1.551,1.575,1.538,901665724,1403808267
2026-09-04,1.562,1.543,1.580,1.533,1026812054,1602063891
2026-09-07,1.560,1.600,1.605,1.558,1204415341,1905153315
2026-09-08,1.600,1.581,1.612,1.574,963323285,1533216610
2026-09-09,1.599,1.579,1.602,1.565,749566411,1185876763
2026-09-10,1.564,1.580,1.588,1.553,810540908,1275617671
2026-09-11,1.556,1.566,1.572,1.538,1097147158,1706543221
2026-09-14,1.545,1.542,1.565,1.533,789736634,1221620024
2026-09-15,1.536,1.519,1.554,1.516,840384751,1288245450
2026-09-16,1.519,1.550,1.558,1.508,1132901741,1736887964
2026-09-17,1.542,1.543,1.569,1.539,750785291,1165264426
2026-09-18,1.567,1.577,1.591,1.547,1091720755,1711584556
2026-09-21,1.592,1.591,1.606,1.577,1093121534,1740806573
2026-09-22,1.614,1.592,1.630,1.585,970572735,1562490528
2026-09-23,1.594,1.580,1.600,1.577,586390886,928890501
2026-09-24,1.572,1.539,1.576,1.536,822489836,1277911604
2026-09-28,1.522,1.460,1.525,1.453,1464119388,2163177380
2026-09-29,1.452,1.462,1.469,1.451,705267935,1030754676
2026-09-30,1.467,1.456,1.476,1.452,653037778,955721125
