date,open,high,low,close,volume,turnover
2016-06-01,1.056,1.053,1.058,1.052,582700,613959
2016-06-02,1.055,1.057,1.058,1.050,6607200,6959195
2016-06-03,1.060,1.072,1.072,1.049,825100,873047
2016-06-06,1.071,1.077,1.079,1.070,494400,531483
2016-06-07,1.057,1.071,1.077,1.057,20584900,22027238
2016-06-08,1.088,1.071,1.088,1.061,17700,18844
2016-06-13,1.042,1.041,1.064,1.041,204600,214975
2016-06-14,1.042,1.042,1.042,1.027,149300,155330
2016-06-15,1.025,1.057,1.059,1.025,291659,306840
2016-06-16,1.039,1.050,1.053,1.039,135000,140863
2016-06-17,1.056,1.063,1.155,1.046,1603600,1722516
2016-06-20,1.051,1.062,1.062,1.048,335407,352428
2016-06-21,1.055,1.059,1.078,1.055,715407,759990
2016-06-22,1.059,1.068,1.068,1.059,321682,341495
2016-06-23,1.066,1.060,1.067,1.060,172000,183501
2016-06-24,1.044,1.050,1.056,1.044,4500500,4744002
2016-06-27,1.062,1.065,1.065,1.051,1186100,1252350
2016-06-28,1.063,1.067,1.067,1.060,269200,286402
2016-06-29,1.067,1.065,1.067,1.061,89400,95259
2016-06-30,1.065,1.069,1.070,1.064,1036700,1105680
2016-07-01,1.065,1.064,1.072,1.064,96300,102829
2016-07-04,1.062,1.098,1.098,1.055,905600,975984
2016-07-05,1.090,1.093,1.093,1.081,2092400,2266903
2016-07-06,1.111,1.107,1.111,1.093,1193589,1314048
2016-07-07,1.100,1.102,1.106,1.095,300500,330090
2016-07-08,1.095,1.100,1.103,1.091,517000,570163
2016-07-11,1.101,1.120,1.122,1.101,2108400,2339006
2016-07-12,1.114,1.133,1.133,1.110,7992600,8925401
2016-07-13,1.135,1.138,1.138,1.131,603300,686062
2016-07-14,1.132,1.124,1.132,1.124,122700,138670
2016-07-15,1.124,1.133,1.133,1.124,1273800,1440501
2016-07-18,1.131,1.125,1.133,1.124,1667400,1880246
2016-07-19,1.126,1.110,1.126,1.108,1565300,1742486
2016-07-20,1.110,1.113,1.115,1.108,1087000,1210168
2016-07-21,1.117,1.116,1.127,1.114,196400,219896
2016-07-22,1.116,1.105,1.117,1.105,187300,208568
2016-07-25,1.109,1.110,1.113,1.109,36100,40077
2016-07-26,1.110,1.120,1.120,1.110,380500,424137
2016-07-27,1.124,1.099,1.127,1.087,3472000,3886197
2016-07-28,1.099,1.110,1.115,1.097,7674100,8514717
2016-07-29,1.115,1.118,1.127,1.115,10492800,11780801
2016-08-01,1.123,1.110,1.123,1.102,2268800,2514179
2016-08-02,1.097,1.107,1.110,1.097,737200,814608
2016-08-03,1.109,1.119,1.120,1.109,1835600,2050768
2016-08-04,1.116,1.129,1.129,1.109,1596800,1788012
2016-08-05,1.130,1.141,1.142,1.128,878400,999677
2016-08-08,1.141,1.148,1.156,1.130,4244318,4865142
2016-08-09,1.150,1.157,1.163,1.143,1149312,1323692
2016-08-10,1.155,1.144,1.157,1.144,2460600,2836197
2016-08-11,1.153,1.146,1.154,1.141,1043700,1195805
2016-08-12,1.154,1.172,1.177,1.146,1408400,1631838
2016-08-15,1.172,1.217,1.288,1.172,5928079,7143141
2016-08-16,1.217,1.235,1.249,1.217,256400,314780
2016-08-17,1.234,1.215,1.234,1.211,806200,981043
2016-08-18,1.215,1.217,1.229,1.201,615121,747636
2016-08-19,1.213,1.200,1.216,1.198,24613100,29592996
2016-08-22,1.207,1.196,1.207,1.193,2999899,3596101
2016-08-23,1.193,1.203,1.206,1.191,11083799,13272352
2016-08-24,1.203,1.187,1.203,1.185,11115900,13236691
2016-08-25,1.187,1.179,1.187,1.168,25918000,30451925
2016-08-26,1.180,1.171,1.186,1.169,19402870,22831973
2016-08-29,1.169,1.172,1.175,1.167,6820812,7980591
2016-08-30,1.173,1.172,1.176,1.168,3177312,3725307
2016-08-31,1.172,1.196,1.197,1.171,19315000,22892778
2016-09-01,1.197,1.172,1.197,1.171,71628200,84758301
2016-09-02,1.188,1.175,1.189,1.170,154436479,181951323
2016-09-05,1.178,1.180,1.181,1.174,64676309,76178637
2016-09-06,1.182,1.186,1.187,1.172,125928120,148546148
2016-09-07,1.188,1.183,1.190,1.183,65357819,77571587
2016-09-08,1.185,1.186,1.192,1.155,36152858,42879685
2016-09-09,1.181,1.176,1.184,1.175,3149883,3715715
2016-09-12,1.172,1.149,1.172,1.147,5154422,5935284
2016-09-13,1.151,1.149,1.157,1.149,2999322,3456003
2016-09-14,1.145,1.145,1.150,1.141,1282722,1468241
2016-09-19,1.145,1.152,1.154,1.145,1408922,1621206
2016-09-20,1.147,1.150,1.153,1.147,1748800,2013576
2016-09-21,1.151,1.159,1.161,1.151,2350720,2716815
2016-09-22,1.168,1.185,1.190,1.164,7716803,9112631
2016-09-23,1.178,1.172,1.178,1.169,1564213,1834132
2016-09-26,1.169,1.160,1.169,1.157,709410,822927
2016-09-27,1.160,1.163,1.171,1.154,188300,217971
2016-09-28,1.165,1.169,1.173,1.158,2684623,3139593
2016-09-29,1.166,1.171,1.225,1.166,497600,583896
2016-09-30,1.176,1.183,1.192,1.176,2866700,3395242
2016-10-10,1.183,1.187,1.187,1.170,2059400,2426315
2016-10-11,1.186,1.191,1.197,1.184,1468900,1752427
2016-10-12,1.186,1.189,1.191,1.184,1218100,1445550
2016-10-13,1.192,1.185,1.192,1.185,2668100,3166963
2016-10-14,1.176,1.184,1.189,1.176,593500,703557
2016-10-17,1.184,1.176,1.186,1.176,575900,682358
2016-10-18,1.180,1.185,1.185,1.179,518200,612891
2016-10-19,1.175,1.183,1.190,1.175,622400,739557
2016-10-20,1.181,1.185,1.186,1.181,34600,40999
2016-10-21,1.183,1.180,1.190,1.179,423593,501037
2016-10-24,1.187,1.199,1.200,1.187,2568800,3072096
2016-10-25,1.199,1.201,1.201,1.195,389601,466462
2016-10-26,1.200,1.202,1.204,1.198,887000,1064924
2016-10-27,1.200,1.195,1.200,1.189,837400,998173
2016-10-28,1.200,1.193,1.200,1.191,104100,124186
2016-10-31,1.186,1.195,1.195,1.185,85491,101372
2016-11-01,1.194,1.205,1.206,1.193,4572000,5501346
2016-11-02,1.199,1.194,1.199,1.192,60100,71982
2016-11-03,1.191,1.199,1.202,1.191,16826800,20177087
2016-11-04,1.203,1.193,1.204,1.192,8744900,10442605
2016-11-07,1.193,1.187,1.195,1.181,59100,70272
2016-11-08,1.191,1.195,1.197,1.191,62400,74402
2016-11-09,1.196,1.200,1.207,1.187,1276900,1532645
2016-11-10,1.203,1.215,1.225,1.203,2091700,2557628
2016-11-11,1.215,1.216,1.223,1.215,815289,991563
2016-11-14,1.225,1.216,1.229,1.216,531200,651289
2016-11-15,1.220,1.227,1.234,1.220,1480001,1818099
2016-11-16,1.229,1.231,1.233,1.225,2068400,2538832
2016-11-17,1.223,1.234,1.238,1.223,99800,122247
2016-11-18,1.240,1.234,1.242,1.234,24100,29891
2016-11-21,1.237,1.232,1.245,1.232,468800,580210
2016-11-22,1.235,1.243,1.247,1.235,2099100,2609384
2016-11-23,1.250,1.259,1.265,1.250,2685400,3374637
2016-11-24,1.254,1.269,1.277,1.253,402801,510474
2016-11-25,1.274,1.281,1.281,1.260,391900,496705
2016-11-28,1.299,1.288,1.299,1.287,333300,431058
2016-11-29,1.289,1.300,1.305,1.284,18165089,23598968
2016-11-30,1.301,1.290,1.303,1.286,174100,224991
2016-12-01,1.288,1.311,1.319,1.288,1086500,1421445
2016-12-02,1.301,1.299,1.301,1.283,401700,519219
2016-12-05,1.299,1.265,1.299,1.242,510800,638591
2016-12-06,1.250,1.250,1.251,1.241,45300,56596
2016-12-07,1.240,1.247,1.247,1.240,55301,68789
2016-12-08,1.247,1.242,1.252,1.242,512700,641727
2016-12-09,1.249,1.249,1.260,1.249,135000,169551
2016-12-12,1.249,1.214,1.249,1.213,365600,447481
2016-12-13,1.201,1.210,1.211,1.195,324200,388858
2016-12-14,1.210,1.195,1.221,1.192,169400,202701
2016-12-15,1.185,1.178,1.187,1.175,198900,235561
2016-12-16,1.181,1.188,1.188,1.181,60100,71380
2016-12-19,1.198,1.189,1.198,1.178,25600,30358
2016-12-20,1.175,1.163,1.175,1.163,91400,106790
2016-12-21,1.163,1.176,1.177,1.163,45000,52923
2016-12-22,1.178,1.180,1.181,1.178,12000,14161
2016-12-23,1.165,1.160,1.170,1.160,62300,72572
2016-12-26,1.173,1.161,1.173,1.146,56100,64985
2016-12-27,1.173,1.178,1.183,1.170,4200,4947
2016-12-28,1.175,1.170,1.175,1.170,6900,8077
2016-12-29,1.170,1.168,1.170,1.167,2000,2336
2016-12-30,1.172,1.170,1.172,1.159,98700,115354
2017-01-03,1.175,1.183,1.184,1.172,111800,131250
2017-01-04,1.182,1.187,1.187,1.182,62550,74215
2017-01-05,1.187,1.190,1.192,1.187,110100,130698
2017-01-06,1.190,1.190,1.190,1.179,132000,156680
2017-01-09,1.180,1.182,1.187,1.180,135206,159586
2017-01-10,1.179,1.182,1.187,1.179,105700,124953
2017-01-11,1.189,1.182,1.189,1.180,101500,120197
2017-01-12,1.170,1.170,1.180,1.162,379200,445452
2017-01-13,1.184,1.168,1.184,1.168,6700,7889
2017-01-16,1.160,1.145,1.160,1.140,123900,142650
2017-01-17,1.145,1.154,1.162,1.145,19000,21838
2017-01-18,1.161,1.176,1.176,1.161,116300,136003
2017-01-19,1.174,1.167,1.174,1.167,244700,285585
2017-01-20,1.175,1.185,1.185,1.175,1000,1184
2017-01-23,1.185,1.188,1.188,1.185,10049,11920
2017-01-24,1.188,1.180,1.188,1.180,9756,11527
2017-01-25,1.183,1.183,1.183,1.183,20000,23660
2017-01-26,1.183,1.190,1.209,1.183,34600,41173
2017-02-03,1.193,1.183,1.193,1.183,18500,21919
2017-02-06,1.185,1.185,1.185,1.185,4600,5451
2017-02-07,1.190,1.190,1.190,1.187,2000,2377
2017-02-08,1.185,1.200,1.200,1.185,58700,70026
2017-02-09,1.200,1.203,1.210,1.200,67600,81494
2017-02-10,1.204,1.213,1.222,1.204,101900,123503
2017-02-13,1.222,1.239,1.240,1.222,89700,110582
2017-02-14,1.239,1.231,1.246,1.229,211100,260620
2017-02-15,1.229,1.235,1.248,1.229,128200,158969
2017-02-16,1.242,1.243,1.245,1.230,121300,150614
2017-02-17,1.244,1.247,1.255,1.239,143100,178444
2017-02-20,1.270,1.281,1.281,1.249,342100,431814
2017-02-21,1.275,1.268,1.275,1.263,115100,146045
2017-02-22,1.268,1.280,1.280,1.268,679700,868660
2017-02-23,1.280,1.268,1.280,1.259,2112900,2684490
2017-02-24,1.266,1.257,1.266,1.257,1528100,1927428
2017-02-27,1.264,1.246,1.264,1.244,110700,137841
2017-02-28,1.249,1.249,1.249,1.243,7000,8719
2017-03-01,1.249,1.256,1.261,1.249,67000,83834
2017-03-02,1.270,1.255,1.270,1.225,157800,193443
2017-03-03,1.253,1.246,1.253,1.230,39200,48480
2017-03-06,1.246,1.265,1.265,1.240,63200,79224
2017-03-07,1.268,1.260,1.268,1.259,13300,16762
2017-03-08,1.260,1.269,1.270,1.258,53900,68168
2017-03-09,1.265,1.252,1.265,1.249,164400,205569
2017-03-10,1.256,1.268,1.270,1.256,176800,223372
2017-03-13,1.268,1.274,1.280,1.261,468000,594260
2017-03-14,1.282,1.276,1.282,1.274,137500,175995
2017-03-15,1.275,1.285,1.285,1.275,197600,253139
2017-03-16,1.285,1.285,1.298,1.285,1019800,1321942
2017-03-17,1.285,1.267,1.285,1.267,227500,291471
2017-03-20,1.268,1.278,1.278,1.268,7400,9450
2017-03-21,1.279,1.288,1.288,1.279,342500,439253
2017-03-22,1.289,1.296,1.296,1.280,135500,174877
2017-03-23,1.292,1.296,1.300,1.287,1731400,2239294
2017-03-24,1.302,1.306,1.316,1.302,3649000,4778173
2017-03-27,1.300,1.293,1.315,1.293,619600,808979
2017-03-28,1.288,1.291,1.297,1.286,96200,124144
2017-03-29,1.292,1.288,1.297,1.280,96600,124205
2017-03-30,1.291,1.274,1.291,1.273,77400,98860
2017-03-31,1.278,1.287,1.287,1.269,5500,7063
2017-04-05,1.290,1.294,1.302,1.290,1782300,2307606
2017-04-06,1.296,1.305,1.306,1.294,580300,755616
2017-04-07,1.325,1.310,1.325,1.284,86100,112132
2017-04-10,1.283,1.295,1.305,1.283,74100,96021
2017-04-11,1.296,1.290,1.304,1.267,65000,84100
2017-04-12,1.293,1.300,1.301,1.293,22600,29373
2017-04-13,1.309,1.307,1.309,1.300,30100,39235
2017-04-14,1.300,1.295,1.307,1.291,543900,706895
2017-04-17,1.290,1.292,1.302,1.285,9900,12803
2017-04-18,1.292,1.310,1.310,1.292,42400,55295
2017-04-19,1.295,1.309,1.309,1.293,67804,88104
2017-04-20,1.312,1.325,1.328,1.312,461600,607730
2017-04-21,1.325,1.312,1.325,1.309,418100,548947
2017-04-24,1.330,1.290,1.330,1.287,124200,160700
2017-04-25,1.292,1.309,1.309,1.292,132300,172016
2017-04-26,1.316,1.310,1.325,1.310,81649,107530
2017-04-27,1.330,1.330,1.330,1.285,300700,389044
2017-04-28,1.302,1.291,1.302,1.283,247800,319478
2017-05-02,1.252,1.285,1.357,1.251,333300,426120
2017-05-03,1.287,1.282,1.298,1.282,78100,100348
2017-05-04,1.280,1.280,1.289,1.280,88600,113747
2017-05-05,1.271,1.272,1.282,1.271,505200,642980
2017-05-08,1.270,1.252,1.277,1.251,344500,436833
2017-05-09,1.270,1.249,1.270,1.239,171900,214708
2017-05-10,1.257,1.257,1.264,1.254,65600,82456
2017-05-11,1.236,1.273,1.275,1.236,103000,129892
2017-05-12,1.268,1.278,1.279,1.266,148400,188869
2017-05-15,1.265,1.288,1.290,1.265,31000,39814
2017-05-16,1.271,1.306,1.306,1.271,113400,145854
2017-05-17,1.305,1.292,1.306,1.292,101600,131950
2017-05-18,1.288,1.289,1.289,1.288,4700,6058
2017-05-19,1.290,1.296,1.298,1.288,11600,14968
2017-05-22,1.296,1.296,1.296,1.287,44300,57063
2017-05-23,1.299,1.311,1.313,1.291,138900,179863
2017-05-24,1.289,1.301,1.301,1.285,42300,54673
2017-05-25,1.360,1.325,1.360,1.281,52400,68401
2017-05-26,1.317,1.314,1.325,1.314,32600,42871
2017-05-31,1.314,1.330,1.330,1.314,51800,68309
2017-06-01,1.348,1.329,1.360,1.323,2377800,3147479
2017-06-02,1.313,1.317,1.317,1.313,56200,73906
2017-06-05,1.324,1.313,1.324,1.313,29200,38386
2017-06-06,1.319,1.336,1.336,1.319,177000,234257
2017-06-07,1.336,1.351,1.360,1.336,235300,317705
2017-06-08,1.358,1.370,1.375,1.358,83301,114267
2017-06-09,1.371,1.381,1.395,1.371,159800,221563
2017-06-12,1.372,1.387,1.400,1.372,257400,358615
2017-06-13,1.386,1.399,1.400,1.386,803100,1122601
2017-06-14,1.400,1.388,1.420,1.376,587200,818627
2017-06-15,1.386,1.373,1.386,1.367,558700,767149
2017-06-16,1.370,1.368,1.382,1.366,188300,258554
2017-06-19,1.357,1.390,1.390,1.357,475000,655976
2017-06-20,1.390,1.388,1.392,1.385,1100400,1528504
2017-06-21,1.386,1.413,1.413,1.386,1782900,2500807
2017-06-22,1.412,1.420,1.439,1.412,1150000,1643356
2017-06-23,1.412,1.462,1.462,1.412,772700,1100470
2017-06-26,1.480,1.484,1.492,1.462,1712400,2536303
2017-06-27,1.476,1.486,1.509,1.470,6568300,9707722
2017-06-28,1.484,1.465,1.484,1.463,9940700,14634862
2017-06-29,1.465,1.470,1.490,1.461,6468900,9490215
2017-06-30,1.470,1.476,1.499,1.462,30875000,45443575
2017-07-03,1.462,1.446,1.470,1.446,10933900,15937980
2017-07-04,1.443,1.429,1.446,1.425,5889600,8432348
2017-07-05,1.428,1.454,1.455,1.420,2707000,3903449
2017-07-06,1.454,1.449,1.456,1.436,2985400,4321419
2017-07-07,1.449,1.441,1.449,1.436,1900600,2736197
2017-07-10,1.441,1.441,1.451,1.436,3382401,4890316
2017-07-11,1.438,1.470,1.483,1.438,21300600,31406353
2017-07-12,1.472,1.459,1.478,1.454,4253281,6223808
2017-07-13,1.463,1.467,1.474,1.459,2643302,3882510
2017-07-14,1.467,1.477,1.488,1.461,2733102,4021359
2017-07-17,1.476,1.454,1.480,1.440,2250700,3281767
2017-07-18,1.453,1.451,1.454,1.432,2924000,4227285
2017-07-19,1.452,1.478,1.479,1.452,3440700,5058085
2017-07-20,1.478,1.496,1.500,1.472,2745500,4080314
2017-07-21,1.491,1.490,1.505,1.486,1637400,2445752
2017-07-24,1.495,1.503,1.508,1.490,3144300,4725023
2017-07-25,1.503,1.488,1.504,1.484,1948300,2909752
2017-07-26,1.486,1.467,1.492,1.460,3908800,5760929
2017-07-27,1.467,1.460,1.474,1.450,4912300,7171758
2017-07-28,1.460,1.474,1.477,1.456,14007300,20652314
2017-07-31,1.474,1.477,1.482,1.466,10576226,15621363
2017-08-01,1.468,1.485,1.488,1.468,24296526,35958919
2017-08-02,1.483,1.479,1.491,1.477,3268300,4855331
2017-08-03,1.479,1.463,1.479,1.459,3066700,4490357
2017-08-04,1.465,1.451,1.465,1.449,1910300,2778689
2017-08-07,1.455,1.463,1.463,1.438,5194000,7539861
2017-08-08,1.460,1.459,1.468,1.456,2282100,3334907
2017-08-09,1.458,1.475,1.480,1.453,3510300,5153843
2017-08-10,1.468,1.468,1.485,1.463,1449000,2130779
2017-08-11,1.457,1.425,1.462,1.425,2236000,3235194
2017-08-14,1.427,1.440,1.450,1.427,921500,1329366
2017-08-15,1.447,1.443,1.448,1.439,215500,311056
2017-08-16,1.438,1.434,1.441,1.430,568800,816366
2017-08-17,1.438,1.438,1.443,1.432,436800,627737
2017-08-18,1.437,1.447,1.448,1.436,773807,1114820
2017-08-21,1.450,1.460,1.460,1.448,953100,1385564
2017-08-22,1.453,1.460,1.463,1.453,16480500,24080756
2017-08-23,1.455,1.466,1.468,1.455,988000,1444395
2017-08-24,1.466,1.463,1.468,1.460,193000,282414
2017-08-25,1.463,1.477,1.478,1.463,1130600,1665065
2017-08-28,1.480,1.500,1.509,1.480,5645900,8483607
2017-08-29,1.507,1.494,1.507,1.487,2534700,3788576
2017-08-30,1.493,1.500,1.501,1.492,1147200,1718181
2017-08-31,1.498,1.487,1.500,1.480,828700,1235707
2017-09-01,1.489,1.480,1.489,1.477,568600,842901
2017-09-04,1.480,1.488,1.490,1.474,1600700,2377794
2017-09-05,1.488,1.495,1.499,1.488,1986500,2967709
2017-09-06,1.485,1.491,1.496,1.485,1193900,1781612
2017-09-07,1.497,1.497,1.503,1.490,3591501,5366089
2017-09-08,1.493,1.487,1.499,1.483,2081400,3095983
2017-09-11,1.488,1.488,1.509,1.485,1155300,1725290
2017-09-12,1.490,1.484,1.498,1.483,1366500,2031312
2017-09-13,1.484,1.503,1.504,1.484,2174001,3252241
2017-09-14,1.494,1.509,1.514,1.494,390500,588598
2017-09-15,1.501,1.528,1.530,1.501,925300,1408762
2017-09-18,1.528,1.534,1.538,1.528,459700,704643
2017-09-19,1.536,1.522,1.542,1.522,210900,323746
2017-09-20,1.538,1.541,1.543,1.534,191800,295133
2017-09-21,1.545,1.545,1.550,1.540,3131600,4838514
2017-09-22,1.547,1.550,1.556,1.542,1914800,2960250
2017-09-25,1.559,1.531,1.559,1.531,2163600,3334873
2017-09-26,1.530,1.524,1.540,1.523,3801800,5806782
2017-09-27,1.524,1.536,1.545,1.524,3695200,5678702
2017-09-28,1.536,1.542,1.542,1.528,9063800,13916414
2017-09-29,1.542,1.537,1.548,1.536,15432300,23839925
2017-10-09,1.541,1.570,1.587,1.541,27487406,43050151
2017-10-10,1.573,1.580,1.580,1.560,2012606,3153723
2017-10-11,1.585,1.594,1.597,1.579,3792900,6028302
2017-10-12,1.590,1.593,1.595,1.587,1684200,2681302
2017-10-13,1.591,1.596,1.600,1.588,983400,1567043
2017-10-16,1.596,1.587,1.605,1.581,1287200,2042012
2017-10-17,1.587,1.589,1.593,1.575,1269300,2009005
2017-10-18,1.590,1.640,1.640,1.589,1805200,2883448
2017-10-19,1.624,1.605,1.624,1.599,2643000,4246624
2017-10-20,1.600,1.599,1.607,1.584,2618000,4163853
2017-10-23,1.596,1.596,1.603,1.582,1350400,2147524
2017-10-24,1.594,1.616,1.616,1.576,981800,1575629
2017-10-25,1.615,1.632,1.632,1.607,1959400,3182422
2017-10-26,1.631,1.645,1.657,1.628,2403600,3963501
2017-10-27,1.649,1.660,1.660,1.639,1842000,3038833
2017-10-30,1.665,1.658,1.666,1.627,1534600,2528632
2017-10-31,1.657,1.654,1.659,1.638,2360300,3884497
2017-11-01,1.654,1.645,1.670,1.645,1706302,2825922
2017-11-02,1.645,1.660,1.660,1.638,1162402,1914134
2017-11-03,1.647,1.648,1.665,1.640,3752700,6180317
2017-11-06,1.644,1.676,1.679,1.642,3574500,5949805
2017-11-07,1.676,1.695,1.708,1.676,4675400,7907039
2017-11-08,1.698,1.688,1.724,1.681,9424000,16066597
2017-11-09,1.683,1.704,1.704,1.675,2020500,3412378
2017-11-10,1.704,1.734,1.738,1.693,1695300,2925575
2017-11-13,1.732,1.750,1.755,1.732,9077700,15831387
2017-11-14,1.750,1.718,1.750,1.711,3896400,6715818
2017-11-15,1.718,1.729,1.732,1.708,7582700,13057059
2017-11-16,1.726,1.750,1.750,1.716,6272500,10895207
2017-11-17,1.748,1.739,1.752,1.731,11849300,20614872
2017-11-20,1.736,1.752,1.752,1.699,10456700,17988084
2017-11-21,1.750,1.820,1.820,1.750,22963850,41003512
2017-11-22,1.819,1.804,1.845,1.786,12438500,22507475
2017-11-23,1.799,1.730,1.799,1.727,23545700,41648794
2017-11-24,1.729,1.754,1.754,1.693,22301600,38272401
2017-11-27,1.740,1.700,1.740,1.694,24822800,42334571
2017-11-28,1.690,1.702,1.710,1.683,7363700,12475856
2017-11-29,1.706,1.692,1.706,1.666,15858000,26711751
2017-11-30,1.689,1.665,1.692,1.658,16061300,26924395
2017-12-01,1.664,1.661,1.681,1.654,7334400,12237961
2017-12-04,1.659,1.670,1.681,1.645,7884900,13139125
2017-12-05,1.669,1.673,1.682,1.660,7882600,13185764
2017-12-06,1.666,1.660,1.675,1.639,7805700,12946888
2017-12-07,1.660,1.631,1.667,1.627,4979800,8208451
2017-12-08,1.621,1.648,1.659,1.621,5907100,9698757
2017-12-11,1.652,1.701,1.702,1.652,12168600,20372351
2017-12-12,1.700,1.690,1.714,1.689,19965400,33982159
2017-12-13,1.688,1.719,1.721,1.681,22579300,38286084
2017-12-14,1.724,1.714,1.750,1.704,4732300,8102274
2017-12-15,1.710,1.680,1.711,1.679,4581400,7757356
2017-12-18,1.680,1.692,1.706,1.680,6047207,10262302
2017-12-19,1.690,1.722,1.722,1.690,6002607,10269668
2017-12-20,1.718,1.718,1.730,1.712,2068100,3559398
2017-12-21,1.718,1.748,1.751,1.712,9525400,16528180
2017-12-22,1.746,1.743,1.753,1.739,6416500,11194425
2017-12-25,1.748,1.750,1.769,1.740,21736207,38275327
2017-12-26,1.744,1.741,1.751,1.723,5933614,10300741
2017-12-27,1.740,1.711,1.746,1.711,3764200,6499947
2017-12-28,1.711,1.734,1.750,1.705,6415200,11080491
2017-12-29,1.734,1.736,1.754,1.728,9860809,17137181
2018-01-02,1.750,1.775,1.777,1.738,6344609,11208518
2018-01-03,1.775,1.775,1.797,1.773,6570259,11714837
2018-01-04,1.777,1.798,1.798,1.775,5143009,9206125
2018-01-05,1.798,1.820,1.826,1.786,11453509,20708095
2018-01-08,1.819,1.830,1.843,1.805,11461916,20870078
2018-01-09,1.825,1.855,1.856,1.816,7401400,13633583
2018-01-10,1.853,1.883,1.886,1.845,24435500,45748428
2018-01-11,1.873,1.861,1.882,1.852,12257700,22821180
2018-01-12,1.856,1.896,1.897,1.856,6805389,12785864
2018-01-15,1.896,1.910,1.927,1.892,11544590,22113022
2018-01-16,1.909,1.954,1.954,1.900,15428590,29813837
2018-01-17,1.958,1.910,1.958,1.898,19144894,36798192
2018-01-18,1.902,1.920,1.936,1.901,13637516,26176046
2018-01-19,1.925,1.904,1.937,1.901,11141616,21355672
2018-01-22,1.902,1.968,1.968,1.902,13336916,25846703
2018-01-23,1.967,1.984,1.990,1.960,11330700,22351081
2018-01-24,1.980,1.962,1.984,1.951,11560157,22720233
2018-01-25,1.963,1.947,1.963,1.916,10352800,20052796
2018-01-26,1.941,1.962,1.978,1.936,11346100,22244855
2018-01-29,1.967,1.903,1.967,1.892,13587700,26085505
2018-01-30,1.895,1.866,1.903,1.865,11056200,20798419
2018-01-31,1.860,1.892,1.908,1.860,10589572,19970998
2018-02-01,1.895,1.867,1.895,1.847,9874800,18409707
2018-02-02,1.867,1.873,1.879,1.835,6459034,12013415
2018-02-05,1.841,1.845,1.863,1.820,9140934,16860972
2018-02-06,1.820,1.803,1.820,1.776,12672000,22793250
2018-02-07,1.825,1.710,1.829,1.709,12455152,21961524
2018-02-08,1.707,1.724,1.749,1.707,30229532,52116730
2018-02-09,1.668,1.647,1.688,1.611,10736694,17741479
2018-02-12,1.648,1.707,1.712,1.648,6046224,10209449
2018-02-13,1.730,1.730,1.762,1.715,8100949,14092992
2018-02-14,1.739,1.752,1.756,1.724,4550949,7920986
2018-02-22,1.774,1.804,1.805,1.774,7593300,13606829
2018-02-23,1.806,1.793,1.813,1.780,9509200,17077603
2018-02-26,1.798,1.798,1.815,1.775,5813300,10435279
2018-02-27,1.801,1.749,1.804,1.748,12806200,22704313
2018-02-28,1.717,1.742,1.754,1.713,6017067,10431569
2018-03-01,1.728,1.740,1.756,1.727,4139506,7223478
2018-03-02,1.740,1.740,1.756,1.721,6624000,11543093
2018-03-05,1.740,1.726,1.753,1.722,5470100,9479740
2018-03-06,1.731,1.755,1.760,1.709,5240700,9075712
2018-03-07,1.754,1.738,1.773,1.738,4359400,7670430
2018-03-08,1.745,1.785,1.785,1.740,5598000,9872634
2018-03-09,1.787,1.794,1.800,1.780,5591600,10013322
2018-03-12,1.800,1.792,1.806,1.782,5649569,10137911
2018-03-13,1.792,1.776,1.794,1.776,4101000,7332202
2018-03-14,1.775,1.774,1.784,1.763,2658731,4710192
2018-03-15,1.768,1.786,1.795,1.766,9078849,16213029
2018-03-16,1.787,1.767,1.792,1.767,2565449,4575362
2018-03-19,1.763,1.765,1.774,1.751,3475749,6121092
2018-03-20,1.755,1.754,1.755,1.737,3477100,6070860
2018-03-21,1.754,1.740,1.769,1.737,1596928,2801012
2018-03-22,1.748,1.708,1.749,1.708,2742300,4714664
2018-03-23,1.647,1.663,1.672,1.616,8559749,14075629
2018-03-26,1.647,1.646,1.653,1.625,6972906,11437754
2018-03-27,1.659,1.648,1.675,1.638,2323200,3851405
2018-03-28,1.621,1.614,1.639,1.608,2872700,4649745
2018-03-29,1.616,1.675,1.682,1.594,8153278,13430864
2018-03-30,1.671,1.660,1.673,1.652,2304500,3831021
2018-04-02,1.656,1.640,1.680,1.639,2714800,4491656
2018-04-03,1.626,1.638,1.648,1.622,5780200,9469282
2018-04-04,1.640,1.648,1.674,1.637,4294600,7113979
2018-04-09,1.653,1.632,1.653,1.626,3859700,6303651
2018-04-10,1.632,1.672,1.672,1.631,4133200,6824613
2018-04-11,1.680,1.680,1.690,1.671,4317800,7254506
2018-04-12,1.677,1.665,1.678,1.660,2434900,4069754
2018-04-13,1.675,1.646,1.679,1.644,2832700,4686299
2018-04-16,1.636,1.610,1.648,1.605,4694800,7614117
2018-04-17,1.613,1.599,1.622,1.595,3700500,5959309
2018-04-18,1.620,1.598,1.620,1.581,3931600,6284097
2018-04-19,1.601,1.630,1.632,1.598,4034000,6537695
2018-04-20,1.626,1.616,1.643,1.604,2253200,3664389
2018-04-23,1.623,1.626,1.637,1.611,1719400,2787816
2018-04-24,1.628,1.662,1.675,1.628,3375400,5602136
2018-04-25,1.660,1.649,1.660,1.645,1848300,3050334
2018-04-26,1.640,1.598,1.648,1.597,3424200,5524105
2018-04-27,1.601,1.596,1.612,1.585,1725300,2755680
2018-05-02,1.598,1.594,1.611,1.588,1053100,1683086
2018-05-03,1.594,1.606,1.608,1.585,1738300,2780344
2018-05-04,1.605,1.605,1.615,1.600,2129600,3421861
2018-05-07,1.608,1.632,1.633,1.606,2694712,4367626
2018-05-08,1.640,1.661,1.666,1.636,3027100,5013253
2018-05-09,1.658,1.660,1.660,1.636,1557400,2571939
2018-05-10,1.652,1.667,1.669,1.652,1084000,1802669
2018-05-11,1.666,1.657,1.670,1.656,1052600,1750822
2018-05-14,1.660,1.674,1.675,1.660,1359800,2273001
2018-05-15,1.676,1.679,1.680,1.664,1081900,1808586
2018-05-16,1.679,1.661,1.679,1.660,1501400,2501907
2018-05-17,1.661,1.648,1.661,1.647,998400,1648243
2018-05-18,1.641,1.659,1.663,1.634,2877000,4732443
2018-05-21,1.670,1.664,1.678,1.661,2435600,4064144
2018-05-22,1.664,1.650,1.664,1.633,1783000,2929010
2018-05-23,1.647,1.631,1.647,1.630,1373660,2250218
2018-05-24,1.633,1.616,1.636,1.616,724500,1177371
2018-05-25,1.608,1.610,1.621,1.608,808400,1304171
2018-05-28,1.610,1.628,1.632,1.610,1122700,1824949
2018-05-29,1.629,1.614,1.632,1.606,745800,1208673
2018-05-30,1.605,1.598,1.611,1.584,903900,1438199
2018-05-31,1.599,1.628,1.631,1.599,1168212,1889038
2018-06-01,1.624,1.618,1.628,1.613,3748800,6073868
2018-06-04,1.620,1.645,1.645,1.620,1869109,3066038
2018-06-05,1.645,1.660,1.662,1.638,1550409,2562974
2018-06-06,1.663,1.654,1.663,1.647,2111600,3493007
2018-06-07,1.659,1.658,1.664,1.654,983600,1631245
2018-06-08,1.657,1.639,1.657,1.632,1079700,1771313
2018-06-11,1.638,1.654,1.662,1.636,3522800,5803668
2018-06-12,1.663,1.687,1.688,1.655,3188900,5335775
2018-06-13,1.675,1.671,1.688,1.660,1532500,2572364
2018-06-14,1.671,1.653,1.676,1.650,1928200,3200375
2018-06-15,1.656,1.650,1.660,1.648,827000,1367887
2018-06-19,1.640,1.579,1.640,1.579,3233100,5174087
2018-06-20,1.575,1.595,1.596,1.565,1501600,2375916
2018-06-21,1.594,1.572,1.609,1.570,940700,1498000
2018-06-22,1.579,1.571,1.579,1.549,880800,1376441
2018-06-25,1.583,1.568,1.600,1.560,3095900,4918960
2018-06-26,1.558,1.541,1.558,1.526,1715159,2639991
2018-06-27,1.548,1.504,1.548,1.495,1511400,2284495
2018-06-28,1.502,1.473,1.502,1.470,1836600,2727035
2018-06-29,1.477,1.516,1.520,1.474,5551260,8354291
2018-07-02,1.516,1.461,1.520,1.461,9471900,14156561
2018-07-03,1.470,1.454,1.470,1.413,2532900,3641891
2018-07-04,1.450,1.420,1.454,1.416,2160500,3095465
2018-07-05,1.424,1.408,1.439,1.406,1948800,2766614
2018-07-06,1.409,1.422,1.438,1.393,2765300,3935708
2018-07-09,1.432,1.474,1.478,1.426,7595500,11088033
2018-07-10,1.475,1.475,1.481,1.463,1550100,2283673
2018-07-11,1.453,1.451,1.460,1.428,2771800,4009061
2018-07-12,1.454,1.486,1.492,1.453,4043500,5960209
2018-07-13,1.491,1.491,1.493,1.480,1620100,2405685
2018-07-16,1.486,1.490,1.504,1.482,1537700,2291833
2018-07-17,1.485,1.476,1.485,1.464,947300,1393633
2018-07-18,1.479,1.461,1.485,1.458,1247200,1829614
2018-07-19,1.455,1.466,1.470,1.455,1314900,1926513
2018-07-20,1.470,1.482,1.484,1.446,1090200,1600400
2018-07-23,1.480,1.483,1.483,1.463,1320500,1950095
2018-07-24,1.476,1.516,1.519,1.476,2300800,3469099
2018-07-25,1.519,1.510,1.519,1.504,988500,1492458
2018-07-26,1.512,1.498,1.514,1.494,955703,1435289
2018-07-27,1.490,1.487,1.499,1.482,1181600,1758639
2018-07-30,1.477,1.470,1.489,1.463,1576700,2331077
2018-07-31,1.471,1.476,1.479,1.469,807700,1191170
2018-08-01,1.480,1.443,1.482,1.439,1146100,1672898
2018-08-02,1.449,1.398,1.449,1.378,2758900,3856198
2018-08-03,1.398,1.357,1.400,1.355,2196700,3008953
2018-08-06,1.360,1.336,1.365,1.330,3552800,4778466
2018-08-07,1.341,1.378,1.381,1.334,3074000,4193077
2018-08-08,1.377,1.354,1.384,1.354,4069500,5583914
2018-08-09,1.357,1.394,1.400,1.355,2209900,3064468
2018-08-10,1.391,1.398,1.416,1.391,1480900,2081022
2018-08-13,1.398,1.389,1.398,1.371,1532400,2121976
2018-08-14,1.387,1.380,1.396,1.379,948600,1315759
2018-08-15,1.380,1.357,1.380,1.355,1711900,2341858
2018-08-16,1.340,1.358,1.363,1.328,3081200,4149411
2018-08-17,1.358,1.325,1.362,1.324,3054200,4081669
2018-08-20,1.325,1.344,1.344,1.320,1034300,1373693
2018-08-21,1.345,1.367,1.372,1.340,1828600,2495878
2018-08-22,1.366,1.356,1.366,1.356,1376000,1870235
2018-08-23,1.356,1.360,1.375,1.347,1314400,1790482
2018-08-24,1.355,1.365,1.370,1.350,505600,688777
2018-08-27,1.363,1.399,1.399,1.363,1791500,2480749
2018-08-28,1.399,1.401,1.410,1.394,1231800,1725909
2018-08-29,1.395,1.393,1.403,1.391,883700,1234065
2018-08-30,1.399,1.384,1.404,1.381,1282700,1777866
2018-08-31,1.379,1.379,1.385,1.362,986000,1355515
2018-09-03,1.379,1.365,1.379,1.356,1305200,1781676
2018-09-04,1.367,1.382,1.389,1.362,1084300,1486554
2018-09-05,1.381,1.364,1.381,1.363,903000,1239599
2018-09-06,1.352,1.338,1.366,1.335,1691300,2283013
2018-09-07,1.340,1.336,1.355,1.328,1654100,2213658
2018-09-10,1.333,1.324,1.338,1.321,3498500,4638456
2018-09-11,1.329,1.327,1.336,1.320,2092900,2783197
2018-09-12,1.326,1.309,1.328,1.308,3412900,4500503
2018-09-13,1.313,1.318,1.324,1.306,1098500,1443962
2018-09-14,1.321,1.326,1.335,1.316,1533800,2033302
2018-09-17,1.324,1.319,1.331,1.318,572300,756599
2018-09-18,1.320,1.340,1.340,1.313,605400,802676
2018-09-19,1.340,1.364,1.372,1.334,1694200,2299912
2018-09-20,1.366,1.364,1.372,1.363,1811700,2479622
2018-09-21,1.366,1.402,1.409,1.366,2052600,2854712
2018-09-25,1.391,1.389,1.395,1.383,1962100,2730407
2018-09-26,1.400,1.405,1.417,1.391,2261600,3181741
2018-09-27,1.405,1.399,1.408,1.393,1120600,1569973
2018-09-28,1.401,1.407,1.414,1.400,3410300,4796034
2018-10-08,1.370,1.348,1.377,1.346,9895500,13436722
2018-10-09,1.356,1.350,1.358,1.343,1565200,2112693
2018-10-10,1.347,1.330,1.356,1.329,2544500,3409474
2018-10-11,1.307,1.283,1.310,1.280,2809800,3637148
2018-10-12,1.285,1.303,1.307,1.275,2963400,3837255
2018-10-15,1.310,1.288,1.310,1.282,1545500,2004178
2018-10-16,1.276,1.271,1.296,1.269,1693100,2173473
2018-10-17,1.276,1.286,1.293,1.263,1882000,2406828
2018-10-18,1.279,1.261,1.280,1.252,3165000,3988581
2018-10-19,1.256,1.290,1.291,1.246,2811100,3554551
2018-10-22,1.296,1.349,1.356,1.296,3147900,4193475
2018-10-23,1.344,1.314,1.347,1.300,2560100,3369097
2018-10-24,1.301,1.310,1.327,1.297,778700,1020468
2018-10-25,1.280,1.309,1.313,1.275,776300,1003300
2018-10-26,1.320,1.312,1.327,1.305,3477100,4564222
2018-10-29,1.311,1.253,1.311,1.248,10104900,12864041
2018-10-30,1.241,1.257,1.273,1.227,3934500,4937871
2018-10-31,1.257,1.272,1.278,1.255,6444700,8184475
2018-11-01,1.279,1.295,1.317,1.279,2841900,3699549
2018-11-02,1.322,1.349,1.351,1.319,3705400,4954031
2018-11-05,1.348,1.338,1.349,1.325,2391100,3202091
2018-11-06,1.326,1.329,1.333,1.317,576000,763027
2018-11-07,1.336,1.325,1.343,1.320,931300,1238060
2018-11-08,1.334,1.323,1.339,1.320,852600,1135296
2018-11-09,1.322,1.310,1.322,1.307,702700,921084
2018-11-12,1.308,1.329,1.330,1.301,1646200,2163439
2018-11-13,1.320,1.350,1.354,1.312,2296500,3071406
2018-11-14,1.350,1.337,1.350,1.335,795800,1066768
2018-11-15,1.347,1.346,1.348,1.330,973300,1304828
2018-11-16,1.342,1.362,1.372,1.340,1257000,1704782
2018-11-19,1.362,1.384,1.385,1.353,1193706,1641924
2018-11-20,1.372,1.340,1.382,1.340,1551406,2107663
2018-11-21,1.330,1.344,1.351,1.328,645600,866524
2018-11-22,1.347,1.345,1.352,1.335,6754700,9081158
2018-11-23,1.345,1.319,1.346,1.314,1330900,1763230
2018-11-26,1.319,1.319,1.328,1.315,1149600,1516389
2018-11-27,1.321,1.312,1.326,1.310,1058900,1392912
2018-11-28,1.307,1.338,1.338,1.307,1379608,1835409
2018-11-29,1.342,1.318,1.356,1.317,1482000,1984904
2018-11-30,1.318,1.332,1.332,1.314,885000,1171130
2018-12-03,1.355,1.377,1.380,1.355,2093200,2872667
2018-12-04,1.382,1.371,1.382,1.364,7822500,10722602
2018-12-05,1.361,1.367,1.374,1.356,2950100,4031648
2018-12-06,1.360,1.337,1.360,1.334,3419100,4584139
2018-12-07,1.347,1.339,1.347,1.334,1980600,2649975
2018-12-10,1.339,1.320,1.339,1.312,4251400,5605872
2018-12-11,1.320,1.322,1.322,1.311,1738600,2289790
2018-12-12,1.330,1.333,1.336,1.326,4774900,6361646
2018-12-13,1.333,1.362,1.367,1.332,5310000,7199865
2018-12-14,1.358,1.342,1.358,1.340,2070400,2790491
2018-12-17,1.340,1.337,1.340,1.322,1555000,2069621
2018-12-18,1.333,1.323,1.339,1.316,1172500,1551854
2018-12-19,1.323,1.310,1.330,1.307,1803100,2377791
2018-12-20,1.310,1.307,1.315,1.297,1969000,2565906
2018-12-21,1.301,1.283,1.301,1.276,3797887,4866361
2018-12-24,1.280,1.291,1.291,1.275,850187,1090571
2018-12-25,1.279,1.286,1.293,1.263,1360100,1730318
2018-12-26,1.284,1.280,1.292,1.276,926800,1188227
2018-12-27,1.300,1.273,1.300,1.273,7403300,9519717
2018-12-28,1.280,1.282,1.285,1.267,2840900,3634969
2019-01-02,1.290,1.266,1.300,1.265,4963300,6335455
2019-01-03,1.263,1.266,1.279,1.261,678500,859661
2019-01-04,1.267,1.299,1.300,1.254,2303800,2943082
2019-01-07,1.300,1.310,1.314,1.300,2319800,3029926
2019-01-08,1.310,1.308,1.312,1.302,750700,981196
2019-01-09,1.315,1.331,1.347,1.315,3629800,4852899
2019-01-10,1.330,1.335,1.345,1.325,2343600,3126690
2019-01-11,1.343,1.346,1.346,1.330,1259100,1687374
2019-01-14,1.344,1.335,1.345,1.329,3036100,4057688
2019-01-15,1.338,1.365,1.367,1.335,2334400,3156486
2019-01-16,1.365,1.370,1.374,1.363,1572600,2152252
2019-01-17,1.370,1.355,1.370,1.353,1781400,2424573
2019-01-18,1.362,1.378,1.380,1.357,2675100,3666680
2019-01-21,1.379,1.384,1.397,1.379,3443200,4785181
2019-01-22,1.385,1.363,1.385,1.361,2028700,2772357
2019-01-23,1.359,1.367,1.372,1.359,1571000,2145795
2019-01-24,1.371,1.377,1.382,1.363,1414000,1941355
2019-01-25,1.380,1.389,1.399,1.375,2342200,3259283
2019-01-28,1.399,1.398,1.420,1.392,3407700,4787060
2019-01-29,1.398,1.414,1.414,1.385,9519700,13288392
2019-01-30,1.406,1.400,1.418,1.400,7821000,11009403
2019-01-31,1.402,1.424,1.428,1.402,10849300,15352614
2019-02-01,1.432,1.448,1.449,1.424,4138700,5945250
2019-02-11,1.449,1.487,1.490,1.447,7320100,10738572
2019-02-12,1.487,1.495,1.502,1.480,13132800,19582609
2019-02-13,1.495,1.524,1.525,1.495,8152200,12300504
2019-02-14,1.525,1.527,1.534,1.512,5783500,8810029
2019-02-15,1.525,1.496,1.526,1.495,5340400,8047999
2019-02-18,1.508,1.549,1.551,1.508,4293300,6581520
2019-02-19,1.549,1.554,1.572,1.537,6481100,10087828
2019-02-20,1.546,1.561,1.567,1.542,3300100,5137116
2019-02-21,1.562,1.554,1.581,1.548,6169000,9635625
2019-02-22,1.554,1.579,1.580,1.533,5894788,9163127
2019-02-25,1.597,1.678,1.680,1.597,14435900,23507110
2019-02-26,1.666,1.636,1.678,1.628,10069500,16611273
2019-02-27,1.636,1.634,1.649,1.620,7162200,11721417
2019-02-28,1.629,1.623,1.637,1.615,10427200,16975059
2019-03-01,1.633,1.665,1.666,1.631,6757600,11113089
2019-03-04,1.667,1.710,1.740,1.667,11811200,20236995
2019-03-05,1.708,1.740,1.745,1.700,9967900,17250645
2019-03-06,1.739,1.747,1.750,1.723,8413900,14605070
2019-03-07,1.747,1.716,1.747,1.702,5618400,9666192
2019-03-08,1.660,1.661,1.709,1.660,8312300,13954741
2019-03-11,1.661,1.703,1.713,1.655,21636100,36450468
2019-03-12,1.718,1.720,1.740,1.701,9048000,15557759
2019-03-13,1.720,1.690,1.720,1.683,6537800,11093047
2019-03-14,1.668,1.672,1.699,1.658,8233500,13820739
2019-03-15,1.679,1.709,1.727,1.679,13260601,22505543
2019-03-18,1.712,1.774,1.777,1.705,16428601,28701153
2019-03-19,1.774,1.763,1.777,1.752,7847600,13845848
2019-03-20,1.763,1.755,1.769,1.735,11569400,20225794
2019-03-21,1.756,1.754,1.762,1.742,8006467,14043530
2019-03-22,1.755,1.750,1.761,1.722,10771000,18728881
2019-03-25,1.711,1.710,1.736,1.708,4424102,7616106
2019-03-26,1.723,1.696,1.724,1.690,6858802,11717350
2019-03-27,1.701,1.726,1.730,1.697,9179200,15710445
2019-03-28,1.715,1.725,1.742,1.715,12621901,21882699
2019-03-29,1.726,1.806,1.806,1.725,15047300,26754094
2019-04-01,1.815,1.868,1.879,1.814,17247400,32047544
2019-04-02,1.879,1.849,1.879,1.840,15066600,27902658
2019-04-03,1.831,1.866,1.867,1.831,16499800,30559347
2019-04-04,1.866,1.894,1.897,1.866,16449000,30973992
2019-04-08,1.904,1.890,1.944,1.868,26087700,49540964
2019-04-09,1.910,1.927,1.938,1.892,47998600,91628197
2019-04-10,1.928,1.943,1.961,1.912,35784000,69090501
2019-04-11,1.937,1.894,1.947,1.884,24291927,46440772
2019-04-12,1.879,1.879,1.894,1.860,15176326,28444452
2019-04-15,1.905,1.875,1.939,1.872,22304827,42741760
2019-04-16,1.858,1.919,1.920,1.844,14639373,27562304
2019-04-17,1.911,1.921,1.936,1.899,15993400,30593458
2019-04-18,1.921,1.914,1.930,1.911,6589800,12664232
2019-04-19,1.913,1.959,1.964,1.903,26069400,50475969
2019-04-22,1.960,1.911,1.960,1.905,15307400,29551830
2019-04-23,1.907,1.907,1.926,1.891,7833950,14940107
2019-04-24,1.915,1.915,1.919,1.883,7515000,14318713
2019-04-25,1.910,1.864,1.918,1.863,14040500,26395218
2019-04-26,1.863,1.837,1.874,1.835,7343200,13591326
2019-04-29,1.841,1.849,1.880,1.830,10553222,19554707
2019-04-30,1.835,1.856,1.862,1.833,12991600,24050510
2019-05-06,1.791,1.722,1.800,1.713,21287103,37242371
2019-05-07,1.733,1.756,1.772,1.720,11971900,20974602
2019-05-08,1.730,1.730,1.760,1.722,10199822,17762543
2019-05-09,1.723,1.705,1.727,1.689,8507000,14506988
2019-05-10,1.725,1.777,1.779,1.701,15902400,27915086
2019-05-13,1.749,1.755,1.773,1.745,9510300,16710426
2019-05-14,1.731,1.748,1.767,1.731,5556700,9746054
2019-05-15,1.761,1.802,1.812,1.761,11466400,20541896
2019-05-16,1.802,1.803,1.814,1.790,11427700,20615149
2019-05-17,1.805,1.759,1.809,1.749,9456500,16759804
2019-05-20,1.750,1.733,1.753,1.715,11875400,20504234
2019-05-21,1.735,1.756,1.770,1.726,13613300,23912142
2019-05-22,1.760,1.743,1.764,1.736,7284800,12718536
2019-05-23,1.737,1.699,1.739,1.696,16944500,29002737
2019-05-24,1.695,1.708,1.724,1.694,4666300,7976555
2019-05-27,1.708,1.735,1.745,1.697,14345000,24741823
2019-05-28,1.737,1.748,1.770,1.736,14343900,25163120
2019-05-29,1.747,1.753,1.770,1.744,5822900,10217766
2019-05-30,1.750,1.748,1.753,1.731,12611388,21918309
2019-05-31,1.749,1.744,1.759,1.736,4865700,8502044
2019-06-03,1.745,1.739,1.765,1.731,3858100,6744282
2019-06-04,1.739,1.719,1.745,1.710,5468700,9411750
2019-06-05,1.730,1.729,1.742,1.718,7653000,13254240
2019-06-06,1.727,1.705,1.728,1.698,8229400,14073444
2019-06-10,1.709,1.730,1.740,1.704,6161200,10636069
2019-06-11,1.735,1.800,1.803,1.733,13097900,23290278
2019-06-12,1.797,1.783,1.797,1.774,6452200,11508521
2019-06-13,1.783,1.770,1.783,1.753,9198000,16248847
2019-06-14,1.766,1.752,1.784,1.750,5618400,9915197
2019-06-17,1.752,1.742,1.767,1.738,5012300,8773059
2019-06-18,1.745,1.750,1.756,1.733,4372600,7632457
2019-06-19,1.800,1.772,1.807,1.771,10604800,18979029
2019-06-20,1.771,1.828,1.837,1.768,16520500,29928506
2019-06-21,1.829,1.834,1.836,1.811,10183800,18560730
2019-06-24,1.827,1.827,1.837,1.811,8564500,15629095
2019-06-25,1.827,1.808,1.827,1.785,10054900,18103442
2019-06-26,1.804,1.808,1.813,1.794,4996700,9021470
2019-06-27,1.811,1.829,1.836,1.808,8460302,15467244
2019-06-28,1.829,1.827,1.835,1.817,6936197,12662233
2019-07-01,1.868,1.905,1.905,1.850,15430600,29106926
2019-07-02,1.904,1.914,1.914,1.891,9378400,17870357
2019-07-03,1.904,1.887,1.908,1.873,10992526,20807779
2019-07-04,1.881,1.876,1.897,1.867,8643104,16263538
2019-07-05,1.878,1.909,1.909,1.872,8274200,15640058
2019-07-08,1.905,1.869,1.905,1.850,12138100,22764889
2019-07-09,1.867,1.865,1.875,1.854,7324000,13665077
2019-07-10,1.867,1.861,1.878,1.856,4894300,9137172
2019-07-11,1.873,1.863,1.892,1.857,5960400,11192225
2019-07-12,1.864,1.888,1.892,1.860,6163801,11588464
2019-07-15,1.884,1.892,1.903,1.853,18991932,35718803
2019-07-16,1.883,1.877,1.897,1.873,7422832,13956027
2019-07-17,1.868,1.875,1.885,1.865,5592800,10501571
2019-07-18,1.862,1.852,1.868,1.852,10637200,19791354
2019-07-19,1.859,1.874,1.884,1.859,9306700,17440944
2019-07-22,1.879,1.869,1.882,1.853,14574800,27286312
2019-07-23,1.865,1.862,1.879,1.853,12301421,22897861
2019-07-24,1.866,1.868,1.883,1.863,8598400,16113143
2019-07-25,1.868,1.885,1.885,1.859,8916000,16687777
2019-07-26,1.878,1.883,1.887,1.874,5548100,10435358
2019-07-29,1.885,1.886,1.889,1.872,9173300,17267998
2019-07-30,1.885,1.894,1.906,1.884,9408800,17847281
2019-07-31,1.889,1.875,1.890,1.872,8906200,16724081
2019-08-01,1.869,1.852,1.874,1.839,20140974,37439592
2019-08-02,1.806,1.829,1.833,1.804,17111004,31086650
2019-08-05,1.812,1.798,1.826,1.797,13379700,24184552
2019-08-06,1.762,1.793,1.800,1.748,20554790,36361512
2019-08-07,1.798,1.785,1.808,1.784,11249303,20217511
2019-08-08,1.785,1.811,1.817,1.785,9080604,16373514
2019-08-09,1.818,1.782,1.818,1.778,8334100,14965890
2019-08-12,1.785,1.815,1.816,1.785,6040500,10878533
2019-08-13,1.806,1.797,1.818,1.794,5980200,10797332
2019-08-14,1.822,1.804,1.827,1.803,4610400,8375812
2019-08-15,1.781,1.811,1.812,1.760,6214703,11133875
2019-08-16,1.811,1.818,1.833,1.803,6770103,12328318
2019-08-19,1.839,1.858,1.858,1.816,8541800,15693764
2019-08-20,1.858,1.857,1.863,1.845,13699200,25417360
2019-08-21,1.859,1.855,1.863,1.850,5498300,10205581
2019-08-22,1.860,1.866,1.870,1.853,4566600,8505046
2019-08-23,1.867,1.873,1.880,1.865,11476400,21495377
2019-08-26,1.848,1.837,1.850,1.834,13181700,24263739
2019-08-27,1.848,1.878,1.891,1.847,14755300,27738872
2019-08-28,1.878,1.884,1.889,1.868,13865000,26034863
2019-08-29,1.884,1.878,1.889,1.864,8769200,16451872
2019-08-30,1.891,1.895,1.911,1.881,18210026,34578628
2019-09-02,1.895,1.924,1.927,1.895,11441700,21926140
2019-09-03,1.928,1.928,1.934,1.917,12481832,24030889
2019-09-04,1.925,1.942,1.944,1.921,12696832,24507677
2019-09-05,1.950,1.947,1.976,1.942,14257900,27981657
2019-09-06,1.955,1.953,1.955,1.938,10412900,20259175
2019-09-09,1.957,1.955,1.968,1.950,19359100,37882377
2019-09-10,1.956,1.950,1.958,1.940,8453700,16454799
2019-09-11,1.952,1.920,1.953,1.918,16280254,31380668
2019-09-12,1.922,1.939,1.946,1.922,12515102,24208348
2019-09-16,1.948,1.927,1.948,1.920,19417000,37493788
2019-09-17,1.924,1.900,1.924,1.890,15641800,29851560
2019-09-18,1.900,1.912,1.919,1.900,15306300,29285362
2019-09-19,1.913,1.923,1.923,1.907,22205912,42529837
2019-09-20,1.923,1.924,1.932,1.922,24817300,47788753
2019-09-23,1.922,1.904,1.923,1.892,26969100,51298631
2019-09-24,1.900,1.902,1.918,1.899,22786100,43456216
2019-09-25,1.901,1.896,1.901,1.888,35712200,67707958
2019-09-26,1.897,1.876,1.902,1.876,29954400,56539890
2019-09-27,1.876,1.878,1.886,1.872,26450000,49695608
2019-09-30,1.873,1.875,1.883,1.863,19517400,36578661
2019-10-08,1.872,1.895,1.903,1.870,13974600,26492704
2019-10-09,1.893,1.894,1.894,1.880,24130200,45520751
2019-10-10,1.893,1.897,1.900,1.874,25481500,48032619
2019-10-11,1.901,1.916,1.919,1.895,29131300,55586549
2019-10-14,1.940,1.933,1.945,1.920,29779531,57595738
2019-10-15,1.935,1.925,1.935,1.920,25565869,49197237
2019-10-16,1.925,1.918,1.935,1.915,21766400,41822970
2019-10-17,1.915,1.912,1.923,1.907,16679800,31935348
2019-10-18,1.912,1.892,1.922,1.885,31777500,60467038
2019-10-21,1.884,1.912,1.914,1.884,28713700,54745723
2019-10-22,1.914,1.919,1.921,1.903,29888800,57079714
2019-10-23,1.918,1.904,1.924,1.900,23066100,44069067
2019-10-24,1.904,1.904,1.916,1.898,21739700,41403508
2019-10-25,1.904,1.927,1.927,1.900,34696700,66361592
2019-10-28,1.945,1.932,1.945,1.922,26543664,51210932
2019-10-29,1.937,1.951,1.959,1.934,29883800,58308382
2019-10-30,1.951,1.941,1.952,1.932,27254600,52831194
2019-10-31,1.948,1.941,1.954,1.936,29171700,56715069
2019-11-01,1.940,1.998,2.007,1.936,45561600,90303233
2019-11-04,2.002,2.005,2.015,1.998,32191509,64517792
2019-11-05,2.006,2.016,2.035,2.002,36112700,72860710
2019-11-06,2.017,2.002,2.023,1.996,34627200,69451117
2019-11-07,2.003,2.005,2.013,1.994,36414800,72871560
2019-11-08,2.016,2.003,2.025,2.000,31363800,63101229
2019-11-11,2.000,1.961,2.000,1.957,46044100,90821719
2019-11-12,1.957,1.953,1.963,1.939,34023128,66326420
2019-11-13,1.950,1.951,1.956,1.942,29544000,57522597
2019-11-14,1.951,1.949,1.956,1.941,25645243,49989818
2019-11-15,1.951,1.935,1.951,1.934,29034957,56367968
2019-11-18,1.932,1.946,1.950,1.923,25912100,50301666
2019-11-19,1.947,1.967,1.967,1.946,29726300,58247498
2019-11-20,1.966,1.948,1.966,1.945,30863400,60322056
2019-11-21,1.948,1.933,1.948,1.926,33365200,64468430
2019-11-22,1.934,1.904,1.948,1.895,38314400,73419657
2019-11-25,1.906,1.926,1.927,1.897,35870300,68647265
2019-11-26,1.926,1.928,1.939,1.920,24032600,46380273
2019-11-27,1.928,1.920,1.929,1.910,33939900,65161580
2019-11-28,1.919,1.912,1.924,1.908,26331800,50428773
2019-11-29,1.912,1.893,1.912,1.881,27077200,51355763
2019-12-02,1.896,1.902,1.911,1.896,24196506,46046896
2019-12-03,1.902,1.915,1.915,1.897,33406100,63698338
2019-12-04,1.912,1.921,1.923,1.906,27593724,52885806
2019-12-05,1.923,1.930,1.934,1.922,35576100,68582180
2019-12-06,1.932,1.942,1.944,1.931,24204700,46874453
2019-12-09,1.950,1.941,1.952,1.936,27458600,53364007
2019-12-10,1.941,1.935,1.941,1.930,37926200,73387781
2019-12-11,1.935,1.931,1.939,1.928,36530406,70568357
2019-12-12,1.931,1.926,1.936,1.923,22952500,44234434
2019-12-13,1.933,1.963,1.966,1.933,37558600,73415189
2019-12-16,1.960,1.974,1.975,1.956,37242700,73143008
2019-12-17,1.973,2.008,2.019,1.971,30099800,60141838
2019-12-18,2.009,2.005,2.029,2.003,42532099,85814883
2019-12-19,2.006,2.016,2.022,2.006,18552400,37384637
2019-12-20,2.017,2.017,2.030,2.015,18562600,37538388
2019-12-23,2.016,1.989,2.024,1.988,29653800,59409726
2019-12-24,1.990,1.999,1.999,1.989,32850000,65517721
2019-12-25,2.005,1.994,2.005,1.988,31124700,62126638
2019-12-26,1.993,2.008,2.008,1.993,26941300,53883355
2019-12-27,2.010,2.007,2.026,2.006,22676879,45732682
2019-12-30,2.008,2.040,2.042,1.998,26481700,53749121
2019-12-31,2.040,2.048,2.049,2.034,19657700,40160450
2020-01-02,2.065,2.088,2.096,2.063,39867773,83131355
2020-01-03,2.090,2.079,2.099,2.073,22204400,46227751
2020-01-06,2.076,2.060,2.087,2.046,28248224,58478053
2020-01-07,2.062,2.090,2.090,2.062,27187400,56683724
2020-01-08,2.086,2.076,2.098,2.069,17887500,37182857
2020-01-09,2.099,2.109,2.110,2.094,19867400,41777684
2020-01-10,2.109,2.106,2.116,2.100,18848200,39679476
2020-01-13,2.106,2.131,2.131,2.106,29643970,62854539
2020-01-14,2.141,2.120,2.141,2.117,22915600,48730745
2020-01-15,2.121,2.104,2.123,2.098,21525400,45319237
2020-01-16,2.105,2.096,2.110,2.090,25646100,53770214
2020-01-17,2.098,2.092,2.112,2.089,20023000,42018908
2020-01-20,2.090,2.097,2.101,2.080,26899900,56244900
2020-01-21,2.095,2.043,2.095,2.040,33489032,68851343
2020-01-22,2.039,2.049,2.056,2.002,34946350,70895601
2020-01-23,2.045,1.969,2.045,1.954,60768388,120900239
2020-02-03,1.836,1.776,1.836,1.772,44629400,80584584
2020-02-04,1.780,1.843,1.900,1.780,27985201,51005918
2020-02-05,1.843,1.866,1.888,1.841,25515701,47611770
2020-02-06,1.869,1.893,1.902,1.851,22650197,42517770
2020-02-07,1.891,1.884,1.891,1.863,20724700,38800466
2020-02-10,1.882,1.897,1.901,1.858,21983500,41420899
2020-02-11,1.898,1.937,1.947,1.898,22348295,43035827
2020-02-12,1.937,1.944,1.944,1.926,27045200,52326365
2020-02-13,1.942,1.933,1.954,1.929,23522401,45692870
2020-02-14,1.924,1.952,1.952,1.924,14136900,27472154
2020-02-17,1.957,1.984,1.984,1.949,29910000,58790450
2020-02-18,1.980,1.968,1.980,1.955,20320655,39979459
2020-02-19,1.960,1.982,1.993,1.960,32022600,63490939
2020-02-20,1.983,2.026,2.033,1.983,50568500,101488914
2020-02-21,2.025,2.022,2.036,2.015,45880100,92869173
2020-02-24,2.022,2.007,2.022,1.992,26383200,52888609
2020-02-25,1.991,1.991,1.994,1.952,36600400,72505756
2020-02-26,1.969,1.980,2.011,1.962,42185342,83931012
2020-02-27,1.984,1.989,2.002,1.978,42943300,85624090
2020-02-28,1.969,1.914,1.975,1.905,62319700,120291491
2020-03-02,1.917,1.976,1.990,1.917,26143872,51315631
2020-03-03,1.991,1.980,2.007,1.968,17017000,33832053
2020-03-04,1.971,1.995,1.996,1.968,16895600,33510941
2020-03-05,2.003,2.073,2.078,2.003,42909207,87830481
2020-03-06,2.041,2.027,2.060,2.023,30644283,62417968
2020-03-09,1.998,1.961,1.998,1.958,32933515,64939189
2020-03-10,1.935,1.998,2.002,1.935,27355200,53888036
2020-03-11,2.000,1.971,2.002,1.970,14313000,28406638
2020-03-12,1.965,1.926,1.965,1.915,44800720,86510654
2020-03-13,1.845,1.893,1.915,1.825,40314980,75179699
2020-03-16,1.900,1.808,1.902,1.801,48470000,89054988
2020-03-17,1.808,1.779,1.838,1.738,64274200,113938453
2020-03-18,1.789,1.748,1.819,1.741,25853900,46050677
2020-03-19,1.748,1.710,1.748,1.660,49256000,83467482
2020-03-20,1.733,1.744,1.745,1.711,68290800,117756568
2020-03-23,1.703,1.669,1.703,1.664,33716400,56625340
2020-03-24,1.708,1.718,1.723,1.678,31634100,54000507
2020-03-25,1.788,1.774,1.788,1.743,25474500,45030016
2020-03-26,1.768,1.756,1.782,1.751,24977300,44090606
2020-03-27,1.777,1.766,1.789,1.764,28486875,50607169
2020-03-30,1.752,1.737,1.752,1.722,24440505,42366088
2020-03-31,1.751,1.753,1.771,1.748,16972136,29874026
2020-04-01,1.754,1.757,1.782,1.753,11927100,21044399
2020-04-02,1.757,1.780,1.780,1.743,22429173,39465908
2020-04-03,1.778,1.769,1.786,1.763,19707000,34985337
2020-04-07,1.792,1.813,1.817,1.792,22038100,39839869
2020-04-08,1.810,1.795,1.810,1.790,21612300,38845087
2020-04-09,1.801,1.797,1.809,1.794,17573400,31618421
2020-04-10,1.797,1.809,1.835,1.794,36026000,65214363
2020-04-13,1.810,1.811,1.821,1.800,17797000,32200002
2020-04-14,1.820,1.834,1.835,1.812,19323700,35256275
2020-04-15,1.832,1.818,1.836,1.815,17516100,31941364
2020-04-16,1.815,1.807,1.815,1.801,29873900,53910918
2020-04-17,1.812,1.820,1.833,1.812,22054500,40225426
2020-04-20,1.820,1.829,1.829,1.817,10388300,18952696
2020-04-21,1.826,1.803,1.826,1.789,14680750,26424208
2020-04-22,1.796,1.823,1.823,1.787,8135125,14736173
2020-04-23,1.824,1.826,1.840,1.823,9725423,17808319
2020-04-24,1.826,1.819,1.833,1.814,14142500,25777403
2020-04-27,1.820,1.829,1.840,1.816,10491500,19224656
2020-04-28,1.833,1.848,1.855,1.808,11982600,22049345
2020-04-29,1.846,1.859,1.868,1.841,19103200,35493875
2020-04-30,1.862,1.881,1.889,1.862,20458600,38494374
2020-05-06,1.873,1.891,1.894,1.857,14019629,26354111
2020-05-07,1.892,1.889,1.895,1.884,27981300,52879650
2020-05-08,1.894,1.922,1.929,1.894,26768500,51419040
2020-05-11,1.924,1.925,1.948,1.914,29505000,57065088
2020-05-12,1.926,1.927,1.936,1.914,14890595,28663502
2020-05-13,1.922,1.930,1.932,1.912,13359795,25684041
2020-05-14,1.930,1.910,1.930,1.910,15898400,30460688
2020-05-15,1.911,1.896,1.922,1.895,15913120,30288048
2020-05-18,1.898,1.917,1.925,1.896,19885000,38005960
2020-05-19,1.926,1.927,1.938,1.917,43765142,84270169
2020-05-20,1.927,1.917,1.927,1.912,19455300,37293287
2020-05-21,1.919,1.904,1.927,1.900,13363400,25525727
2020-05-22,1.901,1.858,1.901,1.853,27549400,51578672
2020-05-25,1.858,1.857,1.864,1.833,20823562,38527609
2020-05-26,1.859,1.885,1.885,1.859,10555108,19764702
2020-05-27,1.886,1.872,1.886,1.867,11560400,21695412
2020-05-28,1.874,1.874,1.895,1.860,15221400,28539953
2020-05-29,1.872,1.882,1.886,1.866,12316900,23130564
2020-06-01,1.891,1.939,1.946,1.891,28939200,55905647
2020-06-02,1.944,1.950,1.957,1.939,27366153,53336920
2020-06-03,1.957,1.948,1.970,1.944,23314000,45584014
2020-06-04,1.951,1.962,1.964,1.951,20339100,39839165
2020-06-05,1.973,1.970,1.973,1.955,19626000,38514882
2020-06-08,1.985,1.995,2.015,1.982,26644200,53256522
2020-06-09,1.996,1.999,2.009,1.992,25562108,51133542
2020-06-10,2.001,1.992,2.003,1.985,29812559,59339517
2020-06-11,1.995,1.961,1.995,1.948,36535900,71959559
2020-06-12,1.947,1.955,1.963,1.921,29846200,58110316
2020-06-15,1.952,1.931,1.956,1.931,35755000,69614173
2020-06-16,1.939,1.949,1.950,1.938,15314800,29782614
2020-06-17,1.962,1.946,1.962,1.932,37045000,71760122
2020-06-18,1.945,1.962,1.967,1.941,15844700,31032749
2020-06-19,1.964,1.996,2.002,1.964,28295030,56257435
2020-06-22,1.994,1.987,1.998,1.982,28138928,56009928
2020-06-23,1.989,1.994,1.995,1.977,32722350,64994625
2020-06-24,1.994,2.011,2.013,1.994,30087350,60403464
2020-06-29,2.012,1.997,2.012,1.989,27913400,55718139
2020-06-30,2.006,2.019,2.028,2.005,112205728,226169182
2020-07-01,2.022,2.095,2.106,2.021,49264308,101815828
2020-07-02,2.097,2.153,2.155,2.092,100146995,211761819
2020-07-03,2.156,2.172,2.172,2.142,48706015,104942387
2020-07-06,2.180,2.335,2.347,2.180,53396406,120000159
2020-07-07,2.336,2.307,2.423,2.280,71275000,165618951
2020-07-08,2.304,2.307,2.319,2.263,73514906,168396973
2020-07-09,2.308,2.338,2.339,2.296,29461355,68160803
2020-07-10,2.338,2.302,2.338,2.291,31157559,72209765
2020-07-13,2.301,2.352,2.367,2.295,32049200,74907262
2020-07-14,2.353,2.342,2.366,2.295,44305900,103520445
2020-07-15,2.342,2.331,2.359,2.316,25329671,59384326
2020-07-16,2.331,2.219,2.335,2.209,43766155,99165636
2020-07-17,2.219,2.246,2.265,2.201,38423800,85795501
2020-07-20,2.253,2.313,2.315,2.228,55047100,124512337
2020-07-21,2.314,2.311,2.322,2.298,23912171,55207331
2020-07-22,2.311,2.323,2.349,2.298,22812900,53004769
2020-07-23,2.315,2.319,2.333,2.268,27689600,63722606
2020-07-24,2.318,2.224,2.318,2.211,40860600,92580838
2020-07-27,2.231,2.229,2.257,2.205,25765500,57485495
2020-07-28,2.249,2.262,2.273,2.242,17228450,38901124
2020-07-29,2.271,2.316,2.318,2.250,32540800,74504187
2020-07-30,2.316,2.299,2.323,2.295,22982550,53018868
2020-07-31,2.299,2.301,2.335,2.270,20808400,47961135
2020-08-03,2.308,2.333,2.338,2.308,40847900,95007855
2020-08-04,2.339,2.336,2.344,2.317,25957500,60536553
2020-08-05,2.336,2.337,2.340,2.305,43957963,102001828
2020-08-06,2.343,2.321,2.343,2.294,20062843,46457806
2020-08-07,2.319,2.295,2.319,2.258,25819380,59165937
2020-08-10,2.295,2.316,2.324,2.266,17285600,39737085
2020-08-11,2.316,2.315,2.363,2.313,19731900,46300989
2020-08-12,2.313,2.297,2.321,2.266,18094800,41406088
2020-08-13,2.298,2.297,2.317,2.292,11845900,27295690
2020-08-14,2.296,2.334,2.337,2.294,31757786,73400382
2020-08-17,2.341,2.390,2.400,2.341,29992765,71457527
2020-08-18,2.394,2.380,2.394,2.370,53996769,128428710
2020-08-19,2.380,2.362,2.387,2.358,18893725,44815115
2020-08-20,2.364,2.324,2.364,2.316,18888900,44012707
2020-08-21,2.348,2.344,2.352,2.330,33428700,78313802
2020-08-24,2.344,2.373,2.383,2.344,11740798,27852190
2020-08-25,2.385,2.398,2.409,2.379,20534100,49222723
2020-08-26,2.396,2.372,2.409,2.357,20300685,48355193
2020-08-27,2.384,2.372,2.384,2.348,13494100,31856814
2020-08-28,2.372,2.441,2.446,2.358,25671600,62010380
2020-08-31,2.448,2.424,2.476,2.422,18855900,46242690
2020-09-01,2.425,2.428,2.430,2.400,18669293,45121418
2020-09-02,2.429,2.439,2.450,2.410,21093700,51317979
2020-09-03,2.443,2.431,2.460,2.420,14548500,35500068
2020-09-04,2.400,2.404,2.407,2.372,28667395,68414837
2020-09-07,2.401,2.355,2.413,2.342,31476426,74773443
2020-09-08,2.355,2.344,2.364,2.321,24320500,56844954
2020-09-09,2.325,2.290,2.327,2.276,23819400,54815295
2020-09-10,2.295,2.296,2.326,2.291,17895200,41370846
2020-09-11,2.296,2.317,2.318,2.282,15157650,34819494
2020-09-14,2.318,2.322,2.338,2.310,17570655,40790263
2020-09-15,2.328,2.349,2.351,2.316,20860778,48774361
2020-09-16,2.349,2.328,2.350,2.321,18413100,43088833
2020-09-17,2.332,2.320,2.336,2.302,18208700,42156812
2020-09-18,2.316,2.371,2.371,2.316,25334800,59282746
2020-09-21,2.371,2.345,2.372,2.344,15702900,36960982
2020-09-22,2.335,2.316,2.352,2.315,18739300,43670480
2020-09-23,2.314,2.318,2.326,2.302,24014300,55577060
2020-09-24,2.315,2.278,2.315,2.276,22570400,51654861
2020-09-25,2.280,2.276,2.294,2.269,15413406,35161043
2020-09-28,2.276,2.278,2.295,2.276,13862600,31674085
2020-09-29,2.285,2.291,2.299,2.285,11622300,26656705
2020-09-30,2.295,2.288,2.313,2.278,19538400,44806027
2020-10-09,2.318,2.323,2.360,2.316,16256700,37795019
2020-10-12,2.327,2.401,2.403,2.327,38695159,92197274
2020-10-13,2.400,2.431,2.437,2.380,32126769,77536555
2020-10-14,2.433,2.425,2.441,2.416,13912859,33780426
2020-10-15,2.424,2.425,2.439,2.420,12942585,31442314
2020-10-16,2.423,2.419,2.437,2.408,12135800,29404927
2020-10-19,2.431,2.404,2.453,2.397,13015200,31647342
2020-10-20,2.405,2.430,2.431,2.400,12744300,30789679
2020-10-21,2.437,2.437,2.445,2.420,21764300,52934591
2020-10-22,2.436,2.435,2.441,2.409,13582700,32987049
2020-10-23,2.435,2.410,2.447,2.400,16478400,40008200
2020-10-26,2.397,2.405,2.413,2.357,15023700,35825903
2020-10-27,2.400,2.405,2.413,2.394,10399100,25001958
2020-10-28,2.405,2.425,2.434,2.400,16702700,40383559
2020-10-29,2.406,2.488,2.498,2.400,25774600,63400296
2020-10-30,2.488,2.434,2.490,2.429,25900500,63723875
2020-11-02,2.434,2.486,2.495,2.434,18428200,45659301
2020-11-03,2.486,2.497,2.504,2.479,14563666,36268670
2020-11-04,2.500,2.537,2.543,2.500,14189600,35844492
2020-11-05,2.550,2.575,2.584,2.550,19892510,51068540
2020-11-06,2.571,2.600,2.603,2.559,20745500,53647760
2020-11-09,2.636,2.635,2.648,2.615,23279200,61276544
2020-11-10,2.652,2.633,2.652,2.612,26388200,69323185
2020-11-11,2.632,2.611,2.643,2.608,19453643,51094951
2020-11-12,2.619,2.621,2.634,2.606,13083100,34207973
2020-11-13,2.632,2.600,2.632,2.566,22420000,58008856
2020-11-16,2.609,2.642,2.642,2.593,16681300,43669364
2020-11-17,2.643,2.656,2.661,2.632,11389000,30196074
2020-11-18,2.663,2.652,2.665,2.632,17855500,47323727
2020-11-19,2.652,2.689,2.699,2.647,22075100,59117323
2020-11-20,2.699,2.684,2.699,2.675,15320600,41094697
2020-11-23,2.690,2.706,2.711,2.670,13367000,35984951
2020-11-24,2.707,2.684,2.707,2.670,21747800,58335301
2020-11-25,2.693,2.647,2.698,2.645,18963600,50569614
2020-11-26,2.647,2.639,2.652,2.601,20060900,52788282
2020-11-27,2.637,2.674,2.674,2.636,13757400,36568572
2020-11-30,2.674,2.645,2.694,2.644,26009253,69466298
2020-12-01,2.638,2.677,2.680,2.628,14140971,37627554
2020-12-02,2.680,2.717,2.721,2.680,18381370,49784921
2020-12-03,2.717,2.703,2.718,2.684,16522945,44593817
2020-12-04,2.699,2.704,2.711,2.683,13766700,37084722
2020-12-07,2.704,2.686,2.716,2.681,13573200,36568833
2020-12-08,2.687,2.670,2.693,2.662,14693100,39271463
2020-12-09,2.670,2.619,2.677,2.614,28161921,74397241
2020-12-10,2.615,2.619,2.637,2.613,14773073,38744266
2020-12-11,2.621,2.594,2.632,2.571,19670200,51004907
2020-12-14,2.594,2.628,2.628,2.594,44224847,115753280
2020-12-15,2.628,2.625,2.630,2.590,192511286,501134136
2020-12-16,2.620,2.634,2.641,2.620,11753786,30914937
2020-12-17,2.634,2.656,2.662,2.626,13390285,35462545
2020-12-18,2.661,2.648,2.669,2.640,9997000,26517862
2020-12-21,2.647,2.656,2.660,2.617,11130100,29456486
2020-12-22,2.655,2.634,2.669,2.630,13403595,35521219
2020-12-23,2.633,2.636,2.662,2.613,12587655,33229837
2020-12-24,2.635,2.636,2.649,2.616,8501500,22396380
2020-12-25,2.633,2.638,2.640,2.614,12731100,33480400
2020-12-28,2.637,2.691,2.696,2.635,19474228,52085683
2020-12-29,2.692,2.679,2.696,2.670,9655265,25890097
2020-12-30,2.669,2.699,2.704,2.669,11230104,30241567
2020-12-31,2.699,2.744,2.748,2.699,20801653,56894448
2021-01-04,2.744,2.800,2.808,2.744,13855117,38569770
2021-01-05,2.800,2.918,2.919,2.788,33732300,96414676
2021-01-06,2.925,2.949,2.969,2.898,31624807,92695380
2021-01-07,2.948,2.994,2.995,2.928,15485559,45812020
2021-01-08,2.994,2.958,3.010,2.929,18383800,54458976
2021-01-11,2.958,2.905,2.974,2.893,21413280,62731999
2021-01-12,2.898,2.981,2.983,2.891,13642200,40146736
2021-01-13,2.991,2.974,3.012,2.950,16437123,48961169
2021-01-14,2.973,2.890,2.973,2.884,22116300,64610427
2021-01-15,2.890,2.887,2.907,2.838,22015523,63254598
2021-01-18,2.889,2.917,2.926,2.856,14039544,40613813
2021-01-19,2.917,2.861,2.929,2.851,70513894,204235989
2021-01-20,2.851,2.864,2.879,2.838,14666900,41981015
2021-01-21,2.864,2.918,2.936,2.864,82530600,239267573
2021-01-22,2.920,2.913,2.920,2.878,49675300,143854989
2021-01-25,2.910,2.972,2.985,2.884,20009000,59077016
2021-01-26,2.971,2.935,2.971,2.926,23677300,69699593
2021-01-27,2.929,2.927,2.935,2.873,14985000,43639632
2021-01-28,2.908,2.840,2.908,2.831,16535800,47240991
2021-01-29,2.851,2.845,2.875,2.814,15647200,44540963
2021-02-01,2.845,2.907,2.912,2.844,17092840,49315587
2021-02-02,2.904,2.966,2.969,2.900,16472042,48580356
2021-02-03,2.968,2.976,3.000,2.958,23033960,68688451
2021-02-04,2.973,2.970,2.991,2.939,16942800,50238880
2021-02-05,2.981,2.980,3.023,2.971,16406000,49211973
2021-02-08,2.995,3.031,3.037,2.981,17436800,52548933
2021-02-09,3.039,3.105,3.106,3.020,19467000,59742914
2021-02-10,3.142,3.180,3.194,3.110,29419000,93072546
2021-02-18,3.237,3.118,3.257,3.090,34844800,109648272
2021-02-19,3.098,3.155,3.171,3.063,28231600,88225206
2021-02-22,3.152,3.005,3.152,3.003,35158600,107340082
2021-02-23,3.004,2.982,3.028,2.971,24409901,73172197
2021-02-24,3.000,2.920,3.016,2.895,21516453,63479089
2021-02-25,2.935,2.947,2.989,2.925,26904300,79510786
2021-02-26,2.905,2.882,2.924,2.849,22641000,65328732
2021-03-01,2.890,2.941,2.942,2.890,17194200,50282069
2021-03-02,2.953,2.903,2.978,2.877,26519900,77493393
2021-03-03,2.899,2.952,2.952,2.870,15223267,44479007
2021-03-04,2.930,2.847,2.930,2.836,26892268,77061699
2021-03-05,2.816,2.819,2.844,2.764,18628988,52205008
2021-03-08,2.822,2.702,2.854,2.700,28743300,79594516
2021-03-09,2.699,2.639,2.704,2.599,30077686,79928517
2021-03-10,2.670,2.674,2.686,2.641,14619000,39043877
2021-03-11,2.684,2.734,2.745,2.673,14068400,38264198
2021-03-12,2.750,2.748,2.757,2.718,11746500,32161553
2021-03-15,2.738,2.678,2.738,2.656,17799801,47907305
2021-03-16,2.679,2.719,2.722,2.676,13649700,36861093
2021-03-17,2.718,2.760,2.776,2.700,16450900,45256214
2021-03-18,2.762,2.797,2.801,2.762,13893134,38720243
2021-03-19,2.769,2.701,2.769,2.693,19825800,54075535
2021-03-22,2.702,2.735,2.735,2.688,12830900,34909697
2021-03-23,2.735,2.707,2.740,2.687,12634700,34215363
2021-03-24,2.694,2.678,2.728,2.670,21085700,56823731
2021-03-25,2.670,2.655,2.672,2.636,13365300,35457952
2021-03-26,2.668,2.714,2.721,2.668,12471100,33628114
2021-03-29,2.714,2.717,2.749,2.698,18272600,49784673
2021-03-30,2.717,2.739,2.756,2.708,14393900,39398032
2021-03-31,2.739,2.714,2.740,2.700,15437500,41868354
2021-04-01,2.720,2.750,2.758,2.718,19626000,53755978
2021-04-02,2.761,2.790,2.795,2.761,18170666,50491272
2021-04-06,2.799,2.770,2.800,2.760,11558500,32100649
2021-04-07,2.770,2.728,2.770,2.715,14002600,38175080
2021-04-08,2.727,2.730,2.739,2.698,11779800,32106391
2021-04-09,2.730,2.688,2.730,2.680,18377300,49489328
2021-04-12,2.689,2.632,2.699,2.627,22742800,60324521
2021-04-13,2.632,2.630,2.660,2.622,18172800,47900400
2021-04-14,2.631,2.660,2.663,2.630,19168700,50845068
2021-04-15,2.658,2.641,2.662,2.616,14557400,38388418
2021-04-16,2.642,2.658,2.667,2.632,26712700,70771630
2021-04-19,2.662,2.720,2.722,2.642,19578800,52824117
2021-04-20,2.718,2.724,2.746,2.707,16836700,45916201
2021-04-21,2.716,2.733,2.741,2.705,12849500,35057806
2021-04-22,2.733,2.739,2.745,2.720,14169700,38697833
2021-04-23,2.739,2.772,2.778,2.739,22120200,61212308
2021-04-26,2.783,2.735,2.798,2.731,26267312,72906855
2021-04-27,2.734,2.736,2.739,2.706,15704978,42728290
2021-04-28,2.732,2.762,2.763,2.722,17679900,48590145
2021-04-29,2.763,2.806,2.806,2.763,18709100,52158504
2021-04-30,2.800,2.771,2.805,2.759,22717700,63120372
2021-05-06,2.763,2.716,2.767,2.712,16748500,45780781
2021-05-07,2.716,2.689,2.738,2.687,16410200,44487270
2021-05-10,2.689,2.667,2.696,2.653,19659300,52501259
2021-05-11,2.658,2.690,2.694,2.643,12009200,32035444
2021-05-12,2.691,2.698,2.702,2.677,10465100,28148882
2021-05-13,2.695,2.656,2.695,2.652,18957600,50516849
2021-05-14,2.684,2.709,2.715,2.648,17588600,47303263
2021-05-17,2.710,2.751,2.777,2.710,22537800,62135713
2021-05-18,2.758,2.762,2.770,2.738,12387500,34066483
2021-05-19,2.747,2.745,2.768,2.735,9286000,25568771
2021-05-20,2.745,2.769,2.775,2.741,15970800,44141803
2021-05-21,2.769,2.751,2.792,2.741,13086400,36261211
2021-05-24,2.752,2.757,2.765,2.727,12914200,35518336
2021-05-25,2.755,2.833,2.835,2.755,28945900,81288977
2021-05-26,2.833,2.830,2.839,2.820,13716600,38829968
2021-05-27,2.830,2.842,2.865,2.814,14776900,41912675
2021-05-28,2.838,2.819,2.840,2.804,16428800,46373727
2021-05-31,2.802,2.800,2.818,2.771,14120300,39302378
2021-06-01,2.798,2.802,2.803,2.769,11990000,33486322
2021-06-02,2.802,2.784,2.804,2.774,9666903,26940606
2021-06-03,2.781,2.775,2.809,2.772,12214300,34079585
2021-06-04,2.771,2.795,2.815,2.755,10741200,29959330
2021-06-07,2.790,2.774,2.793,2.756,21090700,58333538
2021-06-08,2.773,2.727,2.784,2.711,18920580,51847509
2021-06-09,2.726,2.721,2.733,2.706,15486300,42139862
2021-06-10,2.720,2.730,2.740,2.711,14040400,38349117
2021-06-11,2.730,2.681,2.735,2.677,25598100,68835809
2021-06-15,2.681,2.655,2.684,2.621,23027300,60829629
2021-06-16,2.656,2.631,2.657,2.627,15140600,39955678
2021-06-17,2.631,2.624,2.648,2.613,19132102,50290950
2021-06-18,2.624,2.601,2.625,2.582,25170900,65415660
2021-06-21,2.601,2.574,2.601,2.570,19172700,49462036
2021-06-22,2.579,2.593,2.599,2.578,20069580,51984099
2021-06-23,2.592,2.590,2.595,2.569,15423325,39847166
2021-06-24,2.591,2.610,2.616,2.576,13716900,35638402
2021-06-25,2.611,2.648,2.654,2.610,17720000,46659261
2021-06-28,2.649,2.648,2.666,2.638,17144900,45369513
2021-06-29,2.648,2.598,2.649,2.597,14746000,38496256
2021-06-30,2.598,2.614,2.624,2.597,14458500,37737503
2021-07-01,2.616,2.633,2.637,2.592,11654800,30504492
2021-07-02,2.630,2.558,2.630,2.555,24022300,61725765
2021-07-05,2.558,2.520,2.558,2.509,19571700,49414971
2021-07-06,2.521,2.550,2.550,2.495,15242000,38429104
2021-07-07,2.549,2.558,2.568,2.539,13609700,34802764
2021-07-08,2.559,2.502,2.560,2.493,17484300,43882553
2021-07-09,2.501,2.491,2.505,2.470,11492400,28550414
2021-07-12,2.498,2.509,2.519,2.483,17535969,43939948
2021-07-13,2.510,2.538,2.541,2.508,13594800,34424575
2021-07-14,2.537,2.517,2.537,2.504,10326200,26006357
2021-07-15,2.517,2.542,2.548,2.497,14938557,37851999
2021-07-16,2.542,2.541,2.553,2.537,11736800,29865652
2021-07-19,2.536,2.550,2.556,2.508,12402400,31383580
2021-07-20,2.543,2.532,2.547,2.524,14363400,36352353
2021-07-21,2.534,2.521,2.548,2.516,12273100,31023523
2021-07-22,2.520,2.525,2.550,2.515,12954500,32847913
2021-07-23,2.525,2.496,2.526,2.487,15681500,39125544
2021-07-26,2.483,2.397,2.489,2.371,25008300,60359171
2021-07-27,2.396,2.285,2.396,2.280,26393200,61637128
2021-07-28,2.285,2.297,2.303,2.246,18823500,42783167
2021-07-29,2.304,2.303,2.334,2.298,11539300,26673434
2021-07-30,2.300,2.262,2.300,2.237,15908500,35842978
2021-08-02,2.262,2.338,2.343,2.223,16765600,38540206
2021-08-03,2.337,2.370,2.375,2.308,14136000,33123425
2021-08-04,2.368,2.354,2.370,2.342,10989000,25875957
2021-08-05,2.336,2.332,2.378,2.322,10638401,24949448
2021-08-06,2.322,2.326,2.331,2.301,6637700,15378322
2021-08-09,2.326,2.398,2.410,2.319,23229900,55538174
2021-08-10,2.394,2.449,2.449,2.370,22136000,53439192
2021-08-11,2.448,2.443,2.487,2.440,29797200,73205488
2021-08-12,2.437,2.401,2.441,2.395,31565955,76243765
2021-08-13,2.400,2.410,2.415,2.384,30339703,72784156
2021-08-16,2.407,2.433,2.443,2.403,31567525,76624266
2021-08-17,2.430,2.370,2.439,2.364,34008544,81884689
2021-08-18,2.369,2.402,2.415,2.347,38913370,92740661
2021-08-19,2.398,2.361,2.407,2.359,28879220,68494776
2021-08-20,2.349,2.302,2.349,2.274,38924187,89464512
2021-08-23,2.303,2.323,2.331,2.300,39452239,91524049
2021-08-24,2.324,2.333,2.349,2.311,33840929,78840866
2021-08-25,2.333,2.335,2.346,2.325,30490765,71214968
2021-08-26,2.333,2.284,2.335,2.280,28102134,64531647
2021-08-27,2.285,2.277,2.306,2.267,26779990,61187602
2021-08-30,2.277,2.239,2.280,2.221,31014484,69299060
2021-08-31,2.237,2.240,2.260,2.209,31814656,70997092
2021-09-01,2.239,2.310,2.321,2.219,30175880,68731105
2021-09-02,2.312,2.310,2.320,2.288,16459500,37888433
2021-09-03,2.315,2.316,2.321,2.273,15693500,36202886
2021-09-06,2.316,2.353,2.365,2.304,26869149,63154046
2021-09-07,2.353,2.378,2.385,2.342,21260633,50257005
2021-09-08,2.379,2.363,2.385,2.356,14410900,34113326
2021-09-09,2.360,2.357,2.368,2.342,11452000,26955546
2021-09-10,2.351,2.393,2.403,2.351,20665662,49235087
2021-09-13,2.390,2.384,2.392,2.370,13144300,31315098
2021-09-14,2.384,2.330,2.388,2.327,21041600,49558467
2021-09-15,2.329,2.296,2.329,2.284,17970800,41476576
2021-09-16,2.295,2.276,2.308,2.276,14410000,32954458
2021-09-17,2.278,2.303,2.306,2.269,16540900,37862135
2021-09-22,2.290,2.263,2.290,2.242,16546644,37336025
2021-09-23,2.264,2.265,2.286,2.257,10973800,24895943
2021-09-24,2.270,2.274,2.294,2.252,12603600,28721469
2021-09-27,2.274,2.320,2.333,2.274,17888401,41443498
2021-09-28,2.320,2.338,2.348,2.301,14988100,34987787
2021-09-29,2.325,2.343,2.352,2.306,15704646,36645219
2021-09-30,2.343,2.336,2.359,2.334,20533600,48218978
2021-10-08,2.350,2.400,2.408,2.350,23974427,57406093
2021-10-11,2.403,2.411,2.447,2.403,20862884,50471032
2021-10-12,2.410,2.399,2.418,2.385,16992100,40837264
2021-10-13,2.399,2.424,2.439,2.388,16726000,40323407
2021-10-14,2.423,2.405,2.438,2.396,15085200,36345055
2021-10-15,2.394,2.385,2.413,2.380,18228900,43552172
2021-10-18,2.383,2.331,2.383,2.319,21568700,50255952
2021-10-19,2.330,2.370,2.373,2.323,13254104,31248901
2021-10-20,2.370,2.351,2.387,2.349,15520400,36627633
2021-10-21,2.352,2.383,2.383,2.347,16781693,39738596
2021-10-22,2.383,2.415,2.428,2.382,43614884,105219338
2021-10-25,2.411,2.384,2.411,2.368,20850900,49597097
2021-10-26,2.370,2.364,2.385,2.359,13737800,32526864
2021-10-27,2.350,2.317,2.359,2.310,17818800,41406455
2021-10-28,2.317,2.303,2.319,2.290,16113400,37113282
2021-10-29,2.303,2.309,2.314,2.297,13607600,31395538
2021-11-01,2.280,2.326,2.334,2.267,14399100,33293307
2021-11-02,2.320,2.263,2.326,2.249,30587000,69612282
2021-11-03,2.263,2.263,2.277,2.257,13117400,29714101
2021-11-04,2.263,2.293,2.300,2.262,14673500,33521338
2021-11-05,2.284,2.285,2.312,2.281,13631400,31289469
2021-11-08,2.285,2.284,2.292,2.273,11041600,25178288
2021-11-09,2.285,2.274,2.290,2.261,13267726,30173494
2021-11-10,2.274,2.265,2.274,2.236,17941700,40367492
2021-11-11,2.260,2.323,2.325,2.255,27055900,62344013
2021-11-12,2.323,2.307,2.329,2.299,18053200,41698946
2021-11-15,2.307,2.314,2.314,2.294,11543100,26619795
2021-11-16,2.319,2.328,2.337,2.316,16875021,39295884
2021-11-17,2.328,2.320,2.328,2.307,14315500,33183434
2021-11-18,2.319,2.292,2.319,2.290,17253100,39693796
2021-11-19,2.290,2.325,2.329,2.286,16292566,37652258
2021-11-22,2.325,2.316,2.333,2.313,13610600,31600974
2021-11-23,2.316,2.307,2.325,2.300,12332700,28505922
2021-11-24,2.308,2.329,2.337,2.308,17603900,40913191
2021-11-25,2.329,2.311,2.336,2.310,11190100,25920754
2021-11-26,2.309,2.298,2.309,2.290,15168000,34850817
2021-11-29,2.285,2.283,2.288,2.272,15491600,35351015
2021-11-30,2.282,2.273,2.299,2.264,14162200,32261661
2021-12-01,2.284,2.290,2.292,2.272,12175900,27804846
2021-12-02,2.287,2.305,2.310,2.275,14547700,33438889
2021-12-03,2.305,2.340,2.342,2.305,23316200,54231706
2021-12-06,2.342,2.355,2.378,2.342,24943700,58996098
2021-12-07,2.370,2.386,2.389,2.370,26174212,62333951
2021-12-08,2.387,2.417,2.419,2.367,28063400,67324195
2021-12-09,2.415,2.470,2.490,2.415,44864690,110514080
2021-12-10,2.464,2.440,2.464,2.434,55249889,135077746
2021-12-13,2.451,2.454,2.496,2.446,46963226,115757649
2021-12-14,2.450,2.428,2.450,2.426,89049400,216854123
2021-12-15,2.428,2.404,2.428,2.402,28463200,68609093
2021-12-16,2.404,2.420,2.420,2.381,19109300,45857224
2021-12-17,2.420,2.384,2.420,2.380,14981200,35818500
2021-12-20,2.384,2.371,2.403,2.369,19309700,46055025
2021-12-21,2.371,2.393,2.404,2.369,18434100,44093959
2021-12-22,2.400,2.391,2.402,2.378,24088102,57500293
2021-12-23,2.391,2.412,2.415,2.383,32864671,78766254
2021-12-24,2.413,2.416,2.422,2.403,23024000,55574301
2021-12-27,2.416,2.417,2.426,2.404,18280200,44154836
2021-12-28,2.417,2.440,2.442,2.417,18148400,44167134
2021-12-29,2.436,2.375,2.436,2.375,23188900,55535830
2021-12-30,2.375,2.389,2.398,2.374,20329900,48572678
2021-12-31,2.389,2.394,2.397,2.376,24815110,59239808
2022-01-04,2.394,2.421,2.423,2.380,19735277,47454489
2022-01-05,2.420,2.437,2.466,2.411,27869200,68029926
2022-01-06,2.426,2.405,2.440,2.396,31042100,74945678
2022-01-07,2.405,2.428,2.443,2.405,31711874,77131789
2022-01-10,2.427,2.437,2.443,2.410,19514300,47414408
2022-01-11,2.437,2.401,2.443,2.398,40004600,96659144
2022-01-12,2.400,2.398,2.405,2.381,18502300,44194826
2022-01-13,2.399,2.340,2.406,2.340,35003600,83143421
2022-01-14,2.340,2.315,2.340,2.313,17734100,41211081
2022-01-17,2.308,2.333,2.335,2.308,18565900,43107284
2022-01-18,2.333,2.374,2.378,2.321,23033900,54421630
2022-01-19,2.377,2.375,2.392,2.366,21322000,50680931
2022-01-20,2.375,2.416,2.427,2.374,28141218,67880650
2022-01-21,2.418,2.395,2.421,2.385,22515540,54034369
2022-01-24,2.388,2.385,2.396,2.367,30763400,73316190
2022-01-25,2.384,2.330,2.386,2.329,28103000,66422826
2022-01-26,2.331,2.342,2.355,2.311,25301732,59100521
2022-01-27,2.341,2.297,2.342,2.295,25404100,58818267
2022-01-28,2.297,2.264,2.314,2.263,32844800,75006613
2022-02-07,2.280,2.290,2.303,2.275,23990300,54879070
2022-02-08,2.290,2.288,2.295,2.245,30365200,68780600
2022-02-09,2.288,2.325,2.327,2.282,31482000,72817845
2022-02-10,2.343,2.317,2.343,2.302,19762800,45789830
2022-02-11,2.317,2.316,2.345,2.308,27480800,64101001
2022-02-14,2.313,2.290,2.313,2.283,24488100,56115165
2022-02-15,2.290,2.289,2.298,2.276,28077100,64183996
2022-02-16,2.299,2.295,2.299,2.287,18138300,41602833
2022-02-17,2.294,2.284,2.295,2.278,27346100,62487549
2022-02-18,2.280,2.307,2.308,2.271,25432400,58324053
2022-02-21,2.306,2.307,2.308,2.291,25696800,59090095
2022-02-22,2.297,2.260,2.297,2.248,33086800,74720590
2022-02-23,2.260,2.274,2.274,2.252,20831800,47136216
2022-02-24,2.268,2.210,2.268,2.190,38327500,85336321
2022-02-25,2.214,2.215,2.234,2.210,25982000,57643358
2022-02-28,2.216,2.197,2.220,2.180,30032800,65790092
2022-03-01,2.197,2.226,2.226,2.197,53727900,118770465
2022-03-02,2.214,2.209,2.214,2.199,56818500,125208567
2022-03-03,2.212,2.191,2.215,2.187,32195500,70615296
2022-03-04,2.180,2.154,2.180,2.150,38381800,82983191
2022-03-07,2.144,2.084,2.144,2.075,31293200,65757240
2022-03-08,2.083,2.030,2.102,2.024,110190400,226222976
2022-03-09,2.030,1.999,2.043,1.914,78578400,156821439
2022-03-10,2.028,2.042,2.049,2.028,59880700,122093950
2022-03-11,2.030,2.056,2.061,1.990,31901200,64692694
2022-03-14,2.038,1.987,2.041,1.985,32028900,64596105
2022-03-15,1.965,1.880,1.984,1.874,39552100,76101481
2022-03-16,1.912,1.945,1.952,1.843,29160400,54912014
2022-03-17,1.960,2.002,2.024,1.960,38509500,76885952
2022-03-18,2.002,2.017,2.021,1.974,42158600,83830298
2022-03-21,2.016,2.001,2.018,1.988,28483500,57093500
2022-03-22,2.000,2.015,2.030,1.992,26193400,52808155
2022-03-23,2.024,2.027,2.038,2.005,25912998,52377182
2022-03-24,2.025,2.004,2.025,1.997,25245800,50640896
2022-03-25,2.004,1.970,2.008,1.968,29077800,57837508
2022-03-28,1.960,1.955,1.967,1.920,31967800,62223022
2022-03-29,1.955,1.943,1.964,1.938,29245100,57030993
2022-03-30,1.945,2.005,2.006,1.945,50876320,100385850
2022-03-31,1.995,2.001,2.016,1.988,29530202,59188362
2022-04-01,1.990,2.048,2.053,1.987,34863868,70957383
2022-04-06,2.045,2.058,2.069,2.038,28325468,58243434
2022-04-07,2.057,2.035,2.072,2.032,34052700,69695869
2022-04-08,2.035,2.046,2.051,2.014,30999200,62991820
2022-04-11,2.039,1.993,2.039,1.987,36766700,73568359
2022-04-12,1.993,2.031,2.031,1.973,37659277,75275433
2022-04-13,2.026,2.012,2.036,2.010,34054100,68866518
2022-04-14,2.019,2.068,2.077,2.019,37287049,76237735
2022-04-15,2.063,2.069,2.080,2.046,35187900,72768190
2022-04-18,2.065,2.045,2.065,2.032,34785700,71033427
2022-04-19,2.048,2.033,2.052,2.023,30511600,62155909
2022-04-20,2.034,2.012,2.047,2.006,33818500,68424417
2022-04-21,2.003,1.974,2.015,1.964,34795100,69400207
2022-04-22,1.974,1.995,2.007,1.940,31632700,62241989
2022-04-25,1.985,1.904,1.985,1.890,47795900,92818273
2022-04-26,1.906,1.882,1.925,1.873,39741900,75464205
2022-04-27,1.870,1.918,1.918,1.862,35659218,67680859
2022-04-28,1.918,1.928,1.936,1.902,38185600,73252618
2022-04-29,1.938,1.970,1.975,1.914,44048600,85699350
2022-05-05,1.970,1.972,1.982,1.955,39652400,78142559
2022-05-06,1.930,1.919,1.945,1.910,34583300,66489801
2022-05-09,1.911,1.895,1.917,1.878,43758000,83059846
2022-05-10,1.879,1.901,1.905,1.849,47129600,88602542
2022-05-11,1.904,1.909,1.935,1.896,41695500,79763426
2022-05-12,1.904,1.900,1.917,1.884,36064300,68563229
2022-05-13,1.908,1.905,1.920,1.888,34932800,66447062
2022-05-16,1.918,1.900,1.928,1.892,35969700,68458209
2022-05-17,1.905,1.905,1.910,1.885,48115800,91371778
2022-05-18,1.905,1.894,1.910,1.876,43323600,81709278
2022-05-19,1.872,1.885,1.887,1.867,29191200,54827431
2022-05-20,1.898,1.928,1.930,1.892,44346300,85015579
2022-05-23,1.925,1.900,1.926,1.896,37079300,70603096
2022-05-24,1.901,1.868,1.903,1.866,42997800,81170070
2022-05-25,1.866,1.873,1.873,1.851,34777800,64730135
2022-05-26,1.873,1.876,1.885,1.850,37267700,69441804
2022-05-27,1.885,1.872,1.905,1.863,31745600,59882697
2022-05-30,1.880,1.891,1.899,1.879,40574100,76709904
2022-05-31,1.891,1.926,1.930,1.884,41563700,79477376
2022-06-01,1.923,1.916,1.930,1.904,34110200,65513270
2022-06-02,1.909,1.911,1.912,1.901,37214900,70892086
2022-06-06,1.911,1.928,1.928,1.881,47179900,89868359
2022-06-07,1.926,1.940,1.949,1.916,37899200,73446019
2022-06-08,1.941,1.959,1.968,1.936,47873505,93362975
2022-06-09,1.956,1.944,1.969,1.942,37976600,74400107
2022-06-10,1.939,1.961,1.976,1.930,53267400,103837033
2022-06-13,1.951,1.932,1.951,1.916,43757300,84588926
2022-06-14,1.902,1.953,1.954,1.902,39620300,76221912
2022-06-15,1.964,2.009,2.028,1.954,51718500,102718787
2022-06-16,2.009,1.995,2.018,1.984,42060200,84215862
2022-06-17,1.984,2.007,2.009,1.966,45132700,89675396
2022-06-20,2.010,2.036,2.048,2.009,40682600,82473639
2022-06-21,2.036,2.038,2.057,2.021,42574200,87012942
2022-06-22,2.042,2.002,2.042,2.000,44040400,88782035
2022-06-23,2.002,2.018,2.020,1.991,45104000,90300405
2022-06-24,2.019,2.044,2.052,2.019,41011401,83640002
2022-06-27,2.048,2.081,2.100,2.046,41216100,85914482
2022-06-28,2.081,2.106,2.112,2.074,47764100,99763708
2022-06-29,2.100,2.087,2.126,2.086,48620100,102515335
2022-06-30,2.087,2.140,2.150,2.087,49139500,104603650
2022-07-01,2.130,2.130,2.144,2.117,38475400,81882507
2022-07-04,2.125,2.141,2.141,2.110,42771500,91051752
2022-07-05,2.139,2.126,2.153,2.108,43785300,93205915
2022-07-06,2.128,2.086,2.130,2.075,60227600,126470814
2022-07-07,2.085,2.083,2.097,2.072,41231700,86000596
2022-07-08,2.084,2.089,2.104,2.082,39335900,82249824
2022-07-11,2.085,2.076,2.085,2.054,50502777,104258719
2022-07-12,2.070,2.081,2.096,2.063,49362200,102653405
2022-07-13,2.090,2.075,2.090,2.065,40629800,84359088
2022-07-14,2.075,2.048,2.085,2.040,43812100,89877133
2022-07-15,2.048,2.013,2.052,2.008,40928000,83219704
2022-07-18,2.013,2.021,2.025,1.981,54562100,109465518
2022-07-19,2.020,2.025,2.031,2.007,36067984,72744561
2022-07-20,2.029,2.030,2.041,2.020,44442100,90404015
2022-07-21,2.025,2.009,2.032,2.007,38642200,77941668
2022-07-22,2.011,2.002,2.019,1.984,44997400,90113466
2022-07-25,2.002,2.013,2.013,1.993,36583000,73270720
2022-07-26,2.015,2.034,2.042,2.013,43842954,88969726
2022-07-27,2.024,2.012,2.028,2.010,35912549,72454957
2022-07-28,2.016,2.009,2.031,2.006,34174600,69019137
2022-07-29,2.009,1.978,2.012,1.971,50395900,100189593
2022-08-01,1.957,1.966,1.977,1.957,53469500,105105000
2022-08-02,1.958,1.922,1.958,1.908,51585800,99282742
2022-08-03,1.921,1.904,1.944,1.900,38648357,74188056
2022-08-04,1.916,1.924,1.926,1.903,41030900,78538010
2022-08-05,1.925,1.951,1.951,1.919,42105831,81261470
2022-08-08,1.948,1.939,1.956,1.933,36291900,70467247
2022-08-09,1.938,1.930,1.938,1.927,28867400,55746020
2022-08-10,1.930,1.911,1.932,1.904,37330000,71466300
2022-08-11,1.915,1.951,1.951,1.915,35149998,67895690
2022-08-12,1.953,1.968,1.972,1.942,43403500,84884511
2022-08-15,1.965,1.948,1.968,1.938,36651200,71454428
2022-08-16,1.948,1.944,1.950,1.938,39125000,76015812
2022-08-17,1.945,1.965,1.967,1.930,37118700,72472525
2022-08-18,1.965,1.933,1.965,1.928,44846000,86977264
2022-08-19,1.931,1.943,1.955,1.926,45911500,89383011
2022-08-22,1.942,1.948,1.954,1.930,37651000,73311350
2022-08-23,1.948,1.933,1.948,1.926,37790100,73002905
2022-08-24,1.932,1.909,1.934,1.909,40101000,77144734
2022-08-25,1.909,1.930,1.934,1.906,60795900,116512794
2022-08-26,1.934,1.941,1.955,1.933,43946577,85496424
2022-08-29,1.925,1.926,1.941,1.915,34154300,65699448
2022-08-30,1.926,1.925,1.931,1.912,34457600,66115698
2022-08-31,1.923,1.952,1.961,1.922,44459077,86546542
2022-09-01,1.950,1.947,1.968,1.940,41990900,82238248
2022-09-02,1.946,1.929,1.950,1.919,42271100,81552791
2022-09-05,1.922,1.920,1.925,1.902,39888600,76213630
2022-09-06,1.922,1.931,1.931,1.916,33911700,65185126
2022-09-07,1.931,1.916,1.931,1.911,35983300,68936800
2022-09-08,1.922,1.917,1.927,1.916,32979900,63374346
2022-09-09,1.916,1.952,1.956,1.915,46170000,89687283
2022-09-13,1.952,1.973,1.983,1.952,41583800,82018958
2022-09-14,1.951,1.953,1.967,1.944,37196200,72747053
2022-09-15,1.953,1.954,1.982,1.939,44036500,86487897
2022-09-16,1.953,1.913,1.956,1.913,42717800,82467090
2022-09-19,1.910,1.917,1.929,1.892,38789400,74289106
2022-09-20,1.917,1.908,1.923,1.898,87756000,167408708
2022-09-21,1.910,1.901,1.911,1.887,46777100,88708939
2022-09-22,1.896,1.870,1.896,1.868,48821000,91671604
2022-09-23,1.870,1.861,1.876,1.850,168135100,314153678
2022-09-26,1.856,1.856,1.878,1.847,45223900,84512931
2022-09-27,1.855,1.903,1.903,1.851,44215200,82892253
2022-09-28,1.896,1.888,1.908,1.886,35758200,67880978
2022-09-29,1.899,1.875,1.905,1.867,31911900,60148286
2022-09-30,1.875,1.879,1.892,1.869,26142400,49165950
2022-10-10,1.878,1.838,1.885,1.834,40056600,74638534
2022-10-11,1.838,1.832,1.838,1.815,32870700,60026769
2022-10-12,1.838,1.845,1.845,1.793,40174600,72723763
2022-10-13,1.843,1.824,1.843,1.813,33992700,61896735
2022-10-14,1.833,1.850,1.856,1.825,27914200,51474974
2022-10-17,1.850,1.846,1.850,1.824,25916600,47648318
2022-10-18,1.849,1.842,1.862,1.836,28771900,53067706
2022-10-19,1.842,1.786,1.842,1.786,51208500,92430934
2022-10-20,1.780,1.780,1.799,1.764,34247200,60873029
2022-10-21,1.783,1.765,1.785,1.756,26599600,47113462
2022-10-24,1.765,1.695,1.766,1.691,43063700,74053391
2022-10-25,1.695,1.682,1.703,1.672,29860200,50308753
2022-10-26,1.680,1.677,1.700,1.668,32433100,54661889
2022-10-27,1.685,1.661,1.688,1.659,34093200,57079294
2022-10-28,1.661,1.625,1.661,1.620,35359700,58111124
2022-10-31,1.618,1.592,1.620,1.582,38270100,60996014
2022-11-01,1.604,1.654,1.654,1.594,37328700,60587503
2022-11-02,1.650,1.676,1.690,1.642,33755729,56236770
2022-11-03,1.654,1.654,1.663,1.642,22504400,37194225
2022-11-04,1.654,1.712,1.724,1.654,39525200,67147482
2022-11-07,1.710,1.719,1.728,1.700,36632800,62773520
2022-11-08,1.725,1.705,1.725,1.694,24712200,42154832
2022-11-09,1.703,1.694,1.724,1.693,28946400,49336258
2022-11-10,1.690,1.696,1.701,1.678,27370200,46257033
2022-11-11,1.739,1.767,1.784,1.726,48275300,84287958
2022-11-14,1.788,1.795,1.815,1.785,41587586,74843861
2022-11-15,1.795,1.819,1.824,1.777,42669100,77068655
2022-11-16,1.819,1.807,1.826,1.801,34213700,62077483
2022-11-17,1.808,1.801,1.815,1.787,30528600,54853790
2022-11-18,1.801,1.808,1.818,1.797,39247500,70913093
2022-11-21,1.782,1.773,1.783,1.756,31246100,55173249
2022-11-22,1.772,1.774,1.797,1.769,28893000,51384248
2022-11-23,1.769,1.769,1.781,1.760,30982700,54842297
2022-11-24,1.775,1.761,1.790,1.758,28930400,51130518
2022-11-25,1.761,1.787,1.792,1.760,37200000,66111572
2022-11-28,1.763,1.768,1.772,1.733,30640800,53668939
2022-11-29,1.788,1.856,1.858,1.788,47107900,86291053
2022-11-30,1.856,1.845,1.877,1.841,32925100,61074159
2022-12-01,1.877,1.880,1.910,1.877,40649018,76845726
2022-12-02,1.874,1.866,1.880,1.858,28326900,52915291
2022-12-05,1.884,1.915,1.916,1.884,131668350,250536488
2022-12-06,1.910,1.936,1.959,1.904,41342850,80229587
2022-12-07,1.934,1.931,1.959,1.927,42246900,81872085
2022-12-08,1.930,1.942,1.950,1.920,41319600,80090027
2022-12-09,1.942,1.998,2.000,1.942,47348200,92962055
2022-12-12,1.991,1.961,1.991,1.958,39970000,78877390
2022-12-13,1.957,1.969,1.980,1.952,33337900,65603895
2022-12-14,1.969,1.994,2.004,1.963,36925900,73325865
2022-12-15,1.998,1.970,2.000,1.965,30017400,59285918
2022-12-16,1.967,1.981,1.988,1.961,43889200,86796899
2022-12-19,1.971,1.949,1.994,1.940,39030300,76503403
2022-12-20,1.935,1.896,1.940,1.888,40895900,78282526
2022-12-21,1.894,1.907,1.923,1.894,33438800,63939705
2022-12-22,1.930,1.929,1.953,1.911,34154100,66217543
2022-12-23,1.911,1.932,1.950,1.910,36543500,70658594
2022-12-26,1.932,1.915,1.937,1.912,35050200,67388117
2022-12-27,1.922,1.942,1.954,1.922,37484600,72850144
2022-12-28,1.958,1.935,1.958,1.926,31929600,61789336
2022-12-29,1.925,1.918,1.929,1.907,28146200,53936652
2022-12-30,1.924,1.939,1.941,1.922,25318480,48902274
2023-01-03,1.939,1.925,1.939,1.914,28795015,55369182
2023-01-04,1.935,1.957,1.960,1.922,46284500,90256841
2023-01-05,1.969,2.004,2.009,1.966,42356873,84523663
2023-01-06,2.004,1.992,2.009,1.984,30071800,59911437
2023-01-09,1.995,2.014,2.019,1.987,35583600,71371979
2023-01-10,2.014,2.010,2.019,1.998,35299918,70979102
2023-01-11,2.010,2.009,2.023,1.998,28690100,57727573
2023-01-12,2.009,2.005,2.017,1.997,29336600,58822638
2023-01-13,2.009,2.053,2.053,2.006,42427200,86345247
2023-01-16,2.054,2.094,2.118,2.054,35046200,73359212
2023-01-17,2.096,2.082,2.100,2.074,32677982,68144393
2023-01-18,2.082,2.083,2.110,2.081,33090500,69081498
2023-01-19,2.080,2.095,2.097,2.067,28731200,59786560
2023-01-20,2.098,2.099,2.121,2.097,30081800,63372590
2023-01-30,2.137,2.107,2.142,2.107,30315800,64340596
2023-01-31,2.107,2.075,2.116,2.072,29688100,62033804
2023-02-01,2.076,2.091,2.091,2.057,33645400,69823340
2023-02-02,2.092,2.083,2.098,2.075,29010700,60500188
2023-02-03,2.080,2.068,2.080,2.047,30204480,62204193
2023-02-06,2.063,2.026,2.063,2.020,28891700,58652408
2023-02-07,2.025,2.034,2.047,2.025,20888100,42555702
2023-02-08,2.039,2.021,2.039,2.018,23294400,47208079
2023-02-09,2.021,2.059,2.059,2.018,27890100,57112521
2023-02-10,2.057,2.054,2.060,2.044,19969013,40951671
2023-02-13,2.043,2.089,2.093,2.039,27731000,57670953
2023-02-14,2.094,2.078,2.094,2.070,26119300,54251067
2023-02-15,2.076,2.065,2.085,2.062,17092300,35379976
2023-02-16,2.065,2.059,2.094,2.043,30492100,63409423
2023-02-17,2.051,2.046,2.077,2.044,26299700,54222392
2023-02-20,2.043,2.111,2.114,2.043,38536972,80411632
2023-02-21,2.110,2.111,2.119,2.092,22922100,48258664
2023-02-22,2.110,2.093,2.110,2.088,19913300,41753563
2023-02-23,2.094,2.090,2.112,2.080,14129500,29588621
2023-02-24,2.090,2.064,2.090,2.053,17773200,36738848
2023-02-27,2.050,2.061,2.076,2.045,20428100,42142908
2023-02-28,2.061,2.075,2.081,2.051,22648600,46688451
2023-03-01,2.074,2.109,2.113,2.068,32494400,68265566
2023-03-02,2.109,2.107,2.118,2.100,22207498,46871024
2023-03-03,2.110,2.108,2.125,2.094,20175100,42475508
2023-03-06,2.109,2.083,2.109,2.082,23193729,48471392
2023-03-07,2.082,2.041,2.088,2.041,29707000,61553713
2023-03-08,2.039,2.033,2.042,2.020,18171200,36955772
2023-03-09,2.033,2.028,2.042,2.015,24999700,50689473
2023-03-10,2.024,1.989,2.024,1.978,25480000,50998006
2023-03-13,1.985,2.021,2.023,1.984,23276400,46849141
2023-03-14,2.024,2.010,2.024,1.996,27813100,55861475
2023-03-15,2.024,2.007,2.031,2.005,24493600,49450822
2023-03-16,1.997,1.987,2.008,1.984,17975200,35835790
2023-03-17,2.000,1.996,2.018,1.986,27408400,54913892
2023-03-20,2.005,1.981,2.011,1.978,24469400,48715052
2023-03-21,1.981,2.013,2.015,1.981,23192400,46458054
2023-03-22,2.023,2.028,2.034,2.017,26832100,54400822
2023-03-23,2.028,2.040,2.045,2.016,29060300,59187457
2023-03-24,2.048,2.040,2.048,2.030,24824700,50572452
2023-03-27,2.036,2.024,2.038,2.013,25286600,51166797
2023-03-28,2.027,2.029,2.041,2.020,26641200,54122528
2023-03-29,2.040,2.033,2.042,2.019,29109300,59107536
2023-03-30,2.034,2.067,2.067,2.018,35312600,72209562
2023-03-31,2.067,2.065,2.082,2.060,22765500,47134168
2023-04-03,2.065,2.073,2.081,2.063,23543700,48785216
2023-04-04,2.074,2.093,2.093,2.068,30059700,62559124
2023-04-06,2.090,2.062,2.092,2.056,26950700,55777925
2023-04-07,2.057,2.075,2.085,2.057,26183700,54381510
2023-04-10,2.076,2.060,2.076,2.046,26917700,55344544
2023-04-11,2.061,2.059,2.087,2.051,61821673,127999034
2023-04-12,2.063,2.051,2.070,2.048,51481284,105949080
2023-04-13,2.048,2.036,2.050,2.033,21909000,44706068
2023-04-14,2.036,2.023,2.040,2.018,25009500,50716082
2023-04-17,2.022,2.045,2.047,2.020,28286805,57692244
2023-04-18,2.048,2.053,2.064,2.045,50400300,103645249
2023-04-19,2.054,2.033,2.058,2.030,16378100,33395112
2023-04-20,2.033,2.031,2.043,2.021,19101800,38772840
2023-04-21,2.037,1.995,2.044,1.994,22609500,45677962
2023-04-24,1.995,1.964,2.005,1.954,26675759,52728493
2023-04-25,1.962,1.968,1.972,1.942,29730300,58194274
2023-04-26,1.966,1.952,1.966,1.940,26390700,51464720
2023-04-27,1.958,1.956,1.965,1.943,18871500,36890814
2023-04-28,1.969,1.972,1.972,1.959,17286000,33963882
2023-05-04,1.963,1.966,1.977,1.955,23410700,46000144
2023-05-05,1.968,1.966,1.970,1.946,21806500,42717028
2023-05-08,1.963,1.968,1.973,1.952,23936300,46955706
2023-05-09,1.961,1.961,1.989,1.951,29359613,57990958
2023-05-10,1.960,1.953,1.960,1.945,19489200,38029266
2023-05-11,1.953,1.947,1.967,1.944,20075800,39244621
2023-05-12,1.943,1.927,1.960,1.925,20340000,39450235
2023-05-15,1.926,1.937,1.939,1.908,24676300,47353213
2023-05-16,1.937,1.921,1.939,1.915,11657400,22431782
2023-05-17,1.924,1.909,1.924,1.904,18696300,35726259
2023-05-18,1.917,1.905,1.918,1.896,19848800,37834640
2023-05-19,1.905,1.912,1.918,1.893,17073000,32533311
2023-05-22,1.921,1.941,1.947,1.904,33016500,63896205
2023-05-23,1.942,1.922,1.945,1.922,32334600,62523405
2023-05-24,1.918,1.886,1.921,1.881,36852900,69844639
2023-05-25,1.890,1.870,1.890,1.855,35443400,66226486
2023-05-26,1.870,1.880,1.882,1.858,28799548,53853672
2023-05-29,1.880,1.860,1.888,1.856,21649200,40379419
2023-05-30,1.859,1.854,1.863,1.831,31837500,58776934
2023-05-31,1.857,1.831,1.858,1.822,32785100,60058173
2023-06-01,1.839,1.834,1.851,1.825,32709400,60191282
2023-06-02,1.850,1.883,1.887,1.845,38824500,72609829
2023-06-05,1.880,1.880,1.886,1.869,17581400,33016272
2023-06-06,1.890,1.873,1.905,1.870,19345400,36517534
2023-06-07,1.876,1.876,1.889,1.871,27341800,51368571
2023-06-08,1.871,1.905,1.908,1.865,32667500,61714366
2023-06-09,1.906,1.889,1.912,1.884,25673600,48629112
2023-06-12,1.889,1.915,1.924,1.882,22139500,42035152
2023-06-13,1.916,1.926,1.929,1.910,28837700,55374683
2023-06-14,1.927,1.946,1.959,1.927,44963800,87666721
2023-06-15,1.948,1.971,1.973,1.948,39862900,78192338
2023-06-16,1.976,1.980,1.986,1.965,34423900,68017806
2023-06-19,1.980,1.953,1.980,1.946,27965000,54715801
2023-06-20,1.952,1.942,1.967,1.942,23821000,46450756
2023-06-21,1.942,1.925,1.949,1.924,23321400,45210421
2023-06-26,1.912,1.890,1.920,1.886,21792100,41357300
2023-06-27,1.896,1.929,1.930,1.890,23226600,44365562
2023-06-28,1.917,1.928,1.933,1.913,20505200,39462966
2023-06-29,1.929,1.910,1.929,1.906,17330800,33204281
2023-06-30,1.910,1.915,1.925,1.906,18308200,35078921
2023-07-03,1.915,1.941,1.943,1.915,25055700,48473264
2023-07-04,1.940,1.943,1.947,1.932,17333400,33634745
2023-07-05,1.943,1.931,1.944,1.928,16856100,32584228
2023-07-06,1.932,1.923,1.947,1.920,18370700,35493108
2023-07-07,1.920,1.916,1.923,1.912,16633200,31882855
2023-07-10,1.918,1.918,1.931,1.912,19054000,36605275
2023-07-11,1.920,1.927,1.929,1.918,16151000,31081956
2023-07-12,1.928,1.927,1.944,1.925,21869500,42351640
2023-07-13,1.939,1.967,1.968,1.927,23807800,46668293
2023-07-14,1.970,1.966,1.976,1.961,19672700,38668759
2023-07-17,1.962,1.951,1.962,1.938,19737900,38353533
2023-07-18,1.952,1.944,1.956,1.932,14577700,28301680
2023-07-19,1.942,1.954,1.958,1.940,23742400,46287515
2023-07-20,1.954,1.942,1.971,1.940,21722700,42487197
2023-07-21,1.956,1.947,1.965,1.938,20455965,39891431
2023-07-24,1.948,1.929,1.948,1.925,43470900,83943272
2023-07-25,1.948,2.022,2.025,1.946,57660400,115763630
2023-07-26,2.019,2.009,2.030,1.998,43549300,87501317
2023-07-27,2.011,2.005,2.028,2.002,41950900,84400954
2023-07-28,2.005,2.054,2.059,2.001,44518200,90530103
2023-07-31,2.067,2.078,2.104,2.067,33930100,70837825
2023-08-01,2.078,2.052,2.085,2.044,25916300,53495829
2023-08-02,2.050,2.039,2.063,2.032,20372500,41693179
2023-08-03,2.044,2.050,2.053,2.027,23883700,48658044
2023-08-04,2.068,2.062,2.084,2.055,22010300,45475775
2023-08-07,2.060,2.033,2.061,2.031,24079800,49122802
2023-08-08,2.034,2.025,2.040,2.020,24933800,50550142
2023-08-09,2.020,2.020,2.032,2.017,23239200,47021551
2023-08-10,2.023,2.015,2.024,2.000,21592000,43427045
2023-08-11,2.019,1.973,2.021,1.973,24027900,47813341
2023-08-14,1.951,1.964,1.964,1.936,28042000,54659755
2023-08-15,1.964,1.956,1.966,1.942,18819600,36822829
2023-08-16,1.941,1.949,1.964,1.941,18086700,35288921
2023-08-17,1.940,1.961,1.965,1.931,23893600,46565251
2023-08-18,1.959,1.931,1.965,1.929,18798900,36590552
2023-08-21,1.931,1.910,1.936,1.910,19411600,37325113
2023-08-22,1.911,1.920,1.923,1.897,17856300,34118551
2023-08-23,1.920,1.893,1.920,1.891,17739500,33786918
2023-08-24,1.899,1.910,1.920,1.888,19060200,36221043
2023-08-25,1.895,1.906,1.920,1.895,21745200,41415271
2023-08-28,1.998,1.927,2.003,1.917,26776100,52387370
2023-08-29,1.927,1.946,1.948,1.914,19858800,38398298
2023-08-30,1.949,1.953,1.964,1.944,20250000,39531853
2023-08-31,1.953,1.937,1.953,1.934,17207500,33394218
2023-09-01,1.941,1.969,1.974,1.941,22252600,43705018
2023-09-04,1.983,2.009,2.009,1.981,27590000,55138978
2023-09-05,2.009,1.985,2.010,1.984,21742200,43296479
2023-09-06,1.985,1.979,1.988,1.970,16161100,31940208
2023-09-07,1.980,1.954,1.980,1.951,14815600,29101531
2023-09-08,1.947,1.942,1.951,1.930,21246200,41160933
2023-09-11,1.943,1.955,1.963,1.938,20281800,39536606
2023-09-12,1.950,1.949,1.957,1.945,17122400,33405629
2023-09-13,1.960,1.939,1.960,1.933,14742100,28677500
2023-09-14,1.947,1.932,1.950,1.927,14159000,27381185
2023-09-15,1.947,1.914,1.947,1.910,22671200,43696762
2023-09-18,1.905,1.923,1.928,1.899,24934500,47829107
2023-09-19,1.926,1.918,1.926,1.905,17522000,33490776
2023-09-20,1.912,1.920,1.925,1.910,18847700,36162460
2023-09-21,1.922,1.899,1.922,1.898,17432700,33199596
2023-09-22,1.899,1.931,1.932,1.895,19888000,38042828
2023-09-25,1.932,1.916,1.933,1.913,17169948,32948956
2023-09-26,1.912,1.909,1.926,1.905,15118200,28907567
2023-09-27,1.909,1.910,1.920,1.901,17820100,33999131
2023-09-28,1.918,1.903,1.918,1.898,14132900,26885762
2023-10-09,1.903,1.904,1.905,1.875,21686900,41053727
2023-10-10,1.910,1.883,1.910,1.881,15432000,29171126
2023-10-11,1.888,1.883,1.899,1.877,23483600,44286181
2023-10-12,1.896,1.893,1.902,1.884,21079600,39884945
2023-10-13,1.878,1.876,1.884,1.867,27545662,51610136
2023-10-16,1.875,1.858,1.875,1.856,20255600,37747600
2023-10-17,1.859,1.865,1.868,1.853,20079200,37413164
2023-10-18,1.863,1.853,1.868,1.850,19618700,36448673
2023-10-19,1.849,1.808,1.849,1.807,21289000,38805031
2023-10-20,1.805,1.796,1.810,1.791,24295400,43780661
2023-10-23,1.797,1.787,1.806,1.774,23219600,41553372
2023-10-24,1.799,1.796,1.801,1.770,23734800,42373585
2023-10-25,1.819,1.820,1.828,1.800,26579200,48391171
2023-10-26,1.810,1.828,1.828,1.808,21005800,38171928
2023-10-27,1.830,1.851,1.858,1.823,25585400,47148323
2023-10-30,1.850,1.869,1.872,1.848,19413643,36128188
2023-10-31,1.867,1.857,1.872,1.849,16139500,29973068
2023-11-01,1.873,1.865,1.882,1.860,17873600,33367534
2023-11-02,1.866,1.857,1.880,1.855,17473700,32564344
2023-11-06,1.870,1.888,1.892,1.870,26932800,50726120
2023-11-07,1.887,1.889,1.892,1.880,19161200,36132629
2023-11-08,1.888,1.880,1.890,1.870,19250000,36225842
2023-11-09,1.880,1.881,1.889,1.876,16519100,31082558
2023-11-10,1.880,1.868,1.880,1.859,18355800,34221700
2023-11-13,1.862,1.847,1.868,1.839,22015900,40646529
2023-11-14,1.846,1.852,1.858,1.846,18369100,34025103
2023-11-15,1.868,1.868,1.870,1.860,17965000,33512520
2023-11-16,1.867,1.856,1.868,1.854,17328100,32209556
2023-11-17,1.851,1.848,1.855,1.840,17906400,33034677
2023-11-20,1.847,1.855,1.862,1.840,23527000,43522468
2023-11-21,1.860,1.863,1.879,1.857,25372400,47460222
2023-11-22,1.861,1.846,1.861,1.846,20437800,37904279
2023-11-23,1.846,1.864,1.864,1.841,24329900,45086400
2023-11-24,1.863,1.860,1.865,1.852,18448000,34314669
2023-11-27,1.863,1.853,1.865,1.843,21545813,39854747
2023-11-28,1.853,1.857,1.859,1.843,25934700,48011648
2023-11-29,1.856,1.839,1.856,1.833,20284800,37297628
2023-11-30,1.838,1.834,1.840,1.829,18212800,33396025
2023-12-01,1.833,1.816,1.833,1.800,26604500,48167421
2023-12-04,1.814,1.800,1.815,1.797,145874801,262853648
2023-12-05,1.794,1.763,1.794,1.761,29715300,52888717
2023-12-06,1.763,1.770,1.780,1.757,29751100,52622536
2023-12-07,1.770,1.767,1.772,1.757,20352900,35912365
2023-12-08,1.767,1.765,1.776,1.762,21026987,37205374
2023-12-11,1.766,1.765,1.766,1.724,22912700,39864570
2023-12-12,1.758,1.770,1.772,1.756,22107500,39043047
2023-12-13,1.769,1.738,1.769,1.735,23522700,41065094
2023-12-14,1.739,1.721,1.749,1.721,18345500,31773985
2023-12-15,1.722,1.726,1.745,1.721,19377800,33494188
2023-12-18,1.725,1.717,1.729,1.705,22284799,38340353
2023-12-19,1.717,1.717,1.720,1.704,25998500,44477928
2023-12-20,1.719,1.691,1.720,1.691,24527300,41772619
2023-12-21,1.691,1.708,1.711,1.687,22613300,38434560
2023-12-22,1.710,1.706,1.720,1.701,24895200,42539979
2023-12-25,1.706,1.713,1.716,1.703,23587500,40306866
2023-12-26,1.719,1.703,1.719,1.701,23682292,40382156
2023-12-27,1.703,1.714,1.714,1.697,21205900,36179603
2023-12-28,1.714,1.751,1.756,1.706,28773100,50012114
2023-12-29,1.751,1.759,1.760,1.746,23888900,41913469
2024-01-02,1.760,1.735,1.762,1.733,21989400,38244411
2024-01-03,1.730,1.726,1.737,1.718,22969100,39657593
2024-01-04,1.731,1.713,1.731,1.700,24586900,41998517
2024-01-05,1.717,1.713,1.730,1.702,23812400,40973752
2024-01-08,1.710,1.696,1.719,1.693,19586000,33328087
2024-01-09,1.695,1.697,1.699,1.685,22958300,38877093
2024-01-10,1.697,1.689,1.703,1.683,22377300,37860735
2024-01-11,1.689,1.697,1.705,1.682,22444500,38059226
2024-01-12,1.697,1.692,1.705,1.688,21138800,35856625
2024-01-15,1.690,1.697,1.703,1.680,22546100,38187286
2024-01-16,1.696,1.708,1.708,1.689,22455500,38185355
2024-01-17,1.707,1.682,1.707,1.680,24386000,41330418
2024-01-18,1.680,1.691,1.693,1.644,26095200,43421691
2024-01-19,1.690,1.685,1.696,1.680,23668700,39945176
2024-01-22,1.681,1.653,1.685,1.645,29676800,49676369
2024-01-23,1.651,1.662,1.667,1.632,27650900,45652012
2024-01-24,1.662,1.690,1.690,1.644,24660300,41044771
2024-01-25,1.688,1.721,1.724,1.686,28220561,48160836
2024-01-26,1.722,1.725,1.735,1.712,26367900,45459502
2024-01-29,1.728,1.735,1.752,1.728,26421239,46050340
2024-01-30,1.734,1.707,1.734,1.705,23974810,41248703
2024-01-31,1.706,1.696,1.710,1.682,22538300,38242216
2024-02-01,1.693,1.696,1.707,1.676,22374000,37932861
2024-02-02,1.688,1.680,1.707,1.640,22258106,37514521
2024-02-05,1.680,1.687,1.700,1.642,20937500,34973230
2024-02-06,1.683,1.746,1.747,1.671,28849300,49782679
2024-02-07,1.745,1.756,1.761,1.728,28357800,49681193
2024-02-08,1.760,1.762,1.776,1.753,20698300,36466845
2024-02-19,1.780,1.787,1.787,1.766,21059300,37437650
2024-02-20,1.787,1.796,1.799,1.771,25555600,45646535
2024-02-21,1.793,1.833,1.853,1.779,34827971,63773336
2024-02-22,1.830,1.834,1.836,1.818,29030700,53115471
2024-02-23,1.834,1.835,1.845,1.824,22942900,42073463
2024-02-26,1.834,1.828,1.850,1.823,19221157,35271273
2024-02-27,1.824,1.845,1.845,1.822,23891900,43834820
2024-02-28,1.845,1.827,1.852,1.826,21780000,40076178
2024-02-29,1.823,1.864,1.864,1.819,23554600,43483017
2024-03-01,1.863,1.875,1.877,1.848,21368500,39938785
2024-03-04,1.877,1.856,1.880,1.849,30753600,57121972
2024-03-05,1.854,1.875,1.875,1.846,24053800,44727614
2024-03-06,1.873,1.855,1.873,1.852,123206100,229001915
2024-03-07,1.853,1.856,1.876,1.851,25140600,46847412
2024-03-08,1.851,1.857,1.861,1.840,23733100,43909105
2024-03-11,1.856,1.866,1.867,1.847,25260000,46934466
2024-03-12,1.867,1.881,1.889,1.858,26568600,49811247
2024-03-13,1.878,1.876,1.885,1.869,22909300,42998016
2024-03-14,1.876,1.882,1.892,1.870,24510600,46092080
2024-03-15,1.880,1.881,1.889,1.870,27250100,51100663
2024-03-18,1.881,1.883,1.886,1.872,21860900,41112086
2024-03-19,1.880,1.884,1.896,1.873,22590651,42671989
2024-03-20,1.878,1.877,1.881,1.871,21400600,40164662
2024-03-21,1.877,1.877,1.884,1.867,19819900,37171581
2024-03-22,1.877,1.859,1.877,1.847,24878400,46210128
2024-03-25,1.853,1.855,1.873,1.847,24537500,45704825
2024-03-26,1.846,1.872,1.873,1.846,22809400,42471594
2024-03-27,1.872,1.856,1.875,1.856,21585200,40296032
2024-03-28,1.859,1.869,1.885,1.849,21024700,39310212
2024-03-29,1.868,1.875,1.881,1.861,16057500,29993602
2024-04-01,1.875,1.931,1.931,1.875,34690800,66665443
2024-04-02,1.931,1.919,1.931,1.911,25845200,49572008
2024-04-03,1.918,1.923,1.923,1.907,20638200,39532225
2024-04-08,1.915,1.888,1.915,1.886,21075569,39973883
2024-04-09,1.885,1.875,1.891,1.869,20118700,37702934
2024-04-10,1.876,1.852,1.876,1.844,20384300,37851007
2024-04-11,1.849,1.862,1.867,1.842,20443000,37957332
2024-04-12,1.863,1.840,1.867,1.839,17498100,32405904
2024-04-15,1.840,1.890,1.893,1.840,25464300,47834693
2024-04-16,1.891,1.877,1.894,1.867,21468000,40380887
2024-04-17,1.884,1.907,1.907,1.864,20122400,37896491
2024-04-18,1.900,1.911,1.935,1.895,21478700,41178285
2024-04-19,1.904,1.903,1.910,1.892,21992600,41805328
2024-04-22,1.892,1.899,1.917,1.892,18005600,34268206
2024-04-23,1.896,1.880,1.900,1.874,22325400,41986273
2024-04-24,1.880,1.887,1.889,1.867,21508700,40393697
2024-04-25,1.876,1.888,1.896,1.876,20892700,39388218
2024-04-26,1.881,1.912,1.912,1.881,18842300,35807047
2024-04-29,1.915,1.930,1.945,1.898,26514200,50975094
2024-04-30,1.930,1.923,1.946,1.920,23170100,44773701
2024-05-06,1.951,1.964,1.966,1.930,19490500,38167556
2024-05-07,1.960,1.955,1.964,1.949,17574800,34372180
2024-05-08,1.955,1.933,1.955,1.933,19532500,37878637
2024-05-09,1.930,1.955,1.960,1.929,21958500,42838196
2024-05-10,1.954,1.962,1.964,1.943,27755400,54282068
2024-05-13,1.956,1.953,1.956,1.936,34811900,67830584
2024-05-14,1.952,1.944,1.960,1.937,23963383,46612231
2024-05-15,1.946,1.952,1.963,1.942,22838100,44604630
2024-05-16,1.948,1.955,1.964,1.942,21368895,41759384
2024-05-17,1.955,1.974,1.976,1.937,21305700,41636136
2024-05-20,1.974,1.966,1.983,1.960,17011254,33471464
2024-05-21,1.961,1.964,1.969,1.955,17034354,33446986
2024-05-22,1.957,1.956,1.961,1.948,17515800,34258021
2024-05-23,1.953,1.932,1.953,1.928,16413400,31737016
2024-05-24,1.930,1.920,1.938,1.919,20582500,39672185
2024-05-27,1.920,1.938,1.938,1.916,17083000,32900195
2024-05-28,1.938,1.912,1.938,1.911,16728300,32150658
2024-05-29,1.910,1.900,1.912,1.895,18932300,36056933
2024-05-30,1.898,1.887,1.901,1.880,16706700,31530734
2024-05-31,1.885,1.880,1.891,1.879,16125800,30392589
2024-06-03,1.878,1.875,1.886,1.866,16449100,30861872
2024-06-04,1.874,1.895,1.897,1.867,17761400,33454871
2024-06-05,1.895,1.877,1.895,1.875,26674600,50292992
2024-06-06,1.878,1.878,1.889,1.872,14675100,27602190
2024-06-07,1.879,1.872,1.882,1.858,16787200,31388169
2024-06-11,1.871,1.851,1.871,1.841,24769400,45828239
2024-06-12,1.849,1.847,1.853,1.842,62828500,116003084
2024-06-13,1.847,1.822,1.847,1.817,117459800,214496896
2024-06-14,1.814,1.839,1.842,1.814,21250300,38834940
2024-06-17,1.831,1.825,1.833,1.820,20909700,38135361
2024-06-18,1.820,1.828,1.830,1.817,20290800,37001422
2024-06-19,1.828,1.816,1.828,1.812,16864700,30646902
2024-06-20,1.814,1.797,1.815,1.791,41249114,74172416
2024-06-21,1.795,1.795,1.797,1.779,18703714,33434532
2024-06-24,1.792,1.785,1.801,1.775,17705479,31587440
2024-06-25,1.784,1.792,1.803,1.782,18138200,32552349
2024-06-26,1.791,1.799,1.799,1.779,15638100,27943005
2024-06-27,1.799,1.777,1.799,1.777,17910500,31905197
2024-06-28,1.776,1.778,1.792,1.772,16122400,28773739
2024-07-01,1.774,1.791,1.793,1.771,17269300,30767762
2024-07-02,1.789,1.777,1.791,1.771,16510100,29388200
2024-07-03,1.772,1.771,1.779,1.765,15520500,27476410
2024-07-04,1.770,1.765,1.783,1.762,17996000,31893319
2024-07-05,1.765,1.753,1.765,1.735,14314400,25020240
2024-07-08,1.750,1.729,1.751,1.726,20640222,35886107
2024-07-09,1.727,1.744,1.746,1.721,18760300,32484207
2024-07-10,1.745,1.742,1.752,1.738,18278500,31909094
2024-07-11,1.751,1.773,1.774,1.751,14835500,26182021
2024-07-12,1.772,1.785,1.785,1.766,223233500,396232895
2024-07-15,1.784,1.775,1.784,1.771,20545700,36491262
2024-07-16,1.770,1.772,1.774,1.758,23704700,41880525
2024-07-17,1.772,1.773,1.776,1.756,15800700,27873630
2024-07-18,1.771,1.783,1.785,1.760,20640100,36621442
2024-07-19,1.783,1.791,1.792,1.770,16651700,29668602
2024-07-22,1.785,1.772,1.790,1.765,16945000,30076616
2024-07-23,1.772,1.730,1.772,1.729,27297000,47780736
2024-07-24,1.732,1.704,1.736,1.696,19373200,33169036
2024-07-25,1.700,1.702,1.705,1.691,22502800,38176844
2024-07-26,1.707,1.733,1.738,1.707,18449100,31889429
2024-07-29,1.733,1.721,1.736,1.721,12168500,20994146
2024-07-30,1.721,1.701,1.721,1.690,16699900,28328599
2024-07-31,1.701,1.748,1.751,1.697,17262800,29952199
2024-08-01,1.750,1.736,1.754,1.734,13291500,23146053
2024-08-02,1.732,1.722,1.737,1.717,15085900,26004648
2024-08-05,1.718,1.707,1.746,1.707,21640600,37259823
2024-08-06,1.725,1.705,1.725,1.693,17795600,30262881
2024-08-07,1.705,1.707,1.715,1.693,13594400,23193000
2024-08-08,1.705,1.715,1.725,1.696,12567500,21502585
2024-08-09,1.716,1.707,1.727,1.707,13421400,22988233
2024-08-12,1.705,1.703,1.712,1.701,12007000,20466574
2024-08-13,1.703,1.702,1.708,1.690,13639300,23124384
2024-08-14,1.701,1.687,1.701,1.687,11638100,19685089
2024-08-15,1.687,1.705,1.711,1.684,13586900,23111319
2024-08-16,1.706,1.704,1.711,1.699,12900700,21987439
2024-08-19,1.704,1.710,1.722,1.700,13260800,22688992
2024-08-20,1.711,1.703,1.713,1.697,13041000,22191472
2024-08-21,1.701,1.698,1.707,1.693,14359000,24408993
2024-08-22,1.698,1.696,1.700,1.691,15400500,26106395
2024-08-23,1.688,1.714,1.718,1.688,21843400,37351228
2024-08-26,1.716,1.713,1.720,1.706,16927800,28982309
2024-08-27,1.708,1.701,1.710,1.695,14618300,24844227
2024-08-28,1.701,1.681,1.701,1.672,28248800,47413320
2024-08-29,1.677,1.686,1.693,1.675,16991400,28655597
2024-08-30,1.686,1.717,1.735,1.675,19700000,33723076
2024-09-02,1.718,1.694,1.718,1.691,15594200,26505299
2024-09-03,1.694,1.702,1.708,1.689,12094400,20574237
2024-09-04,1.691,1.695,1.707,1.691,18986200,32252335
2024-09-05,1.693,1.687,1.698,1.682,17368600,29286034
2024-09-06,1.688,1.671,1.694,1.670,18423900,30919474
2024-09-09,1.670,1.639,1.670,1.632,23091000,37934260
2024-09-10,1.639,1.640,1.644,1.628,15656900,25604140
2024-09-11,1.640,1.634,1.643,1.624,16332600,26677579
2024-09-12,1.635,1.621,1.643,1.619,17793300,28942518
2024-09-13,1.623,1.613,1.628,1.612,13825400,22399745
2024-09-18,1.614,1.630,1.633,1.608,15732600,25489149
2024-09-19,1.630,1.656,1.662,1.624,32963200,53980304
2024-09-20,1.656,1.663,1.665,1.644,15505300,25609334
2024-09-23,1.660,1.681,1.690,1.660,112820200,189977380
2024-09-24,1.683,1.737,1.739,1.681,73062600,125374148
2024-09-25,1.749,1.764,1.804,1.749,32286700,57676322
2024-09-26,1.764,1.875,1.884,1.760,34082900,61910769
2024-09-27,1.870,1.873,1.885,1.821,42109800,77975776
2024-09-30,1.925,2.026,2.048,1.912,60776500,120517058
2024-10-08,2.229,2.109,2.229,2.016,74321200,157426050
2024-10-09,2.099,1.927,2.099,1.912,72473300,142813345
2024-10-10,1.926,1.964,2.008,1.921,44939893,88309538
2024-10-11,1.940,1.907,1.961,1.895,143041700,276460548
2024-10-14,1.910,1.954,1.962,1.910,47105400,91627715
2024-10-15,1.952,1.899,1.952,1.896,19627013,37806628
2024-10-16,1.885,1.891,1.909,1.870,14378110,27109012
2024-10-17,1.893,1.853,1.903,1.852,24409600,45906694
2024-10-18,1.845,1.899,1.928,1.835,23848400,44757319
2024-10-21,1.911,1.897,1.913,1.875,80290000,152335619
2024-10-22,1.887,1.926,1.931,1.887,20968500,40254192
2024-10-23,1.933,1.942,1.952,1.920,41241700,79774572
2024-10-24,1.929,1.916,1.934,1.909,60317900,115638073
2024-10-25,1.916,1.924,1.935,1.913,24845400,47704379
2024-10-28,1.924,1.938,1.938,1.909,18835700,36298688
2024-10-29,1.937,1.913,1.951,1.912,22644900,43654448
2024-10-30,1.829,1.820,1.836,1.809,22292800,40590088
2024-10-31,1.823,1.820,1.831,1.798,23578400,42859875
2024-11-01,1.818,1.822,1.842,1.813,15635100,28611540
2024-11-04,1.823,1.833,1.834,1.814,15351400,28010593
2024-11-05,1.834,1.872,1.875,1.824,21842800,40541838
2024-11-06,1.872,1.855,1.875,1.844,18842100,35043601
2024-11-07,1.836,1.918,1.920,1.836,112882570,210875707
2024-11-08,1.921,1.899,1.940,1.887,21856800,41617923
2024-11-11,1.871,1.894,1.896,1.852,24562100,45957307
2024-11-12,1.878,1.873,1.923,1.864,81678800,153792711
2024-11-13,1.871,1.877,1.880,1.862,21922000,40965857
2024-11-14,1.878,1.857,1.884,1.852,70482800,131859281
2024-11-15,1.854,1.835,1.863,1.833,20182041,37313240
2024-11-18,1.835,1.821,1.855,1.812,20080000,36815126
2024-11-19,1.829,1.822,1.829,1.791,20047100,36301487
2024-11-20,1.825,1.825,1.829,1.813,14089437,25654866
2024-11-21,1.830,1.819,1.830,1.810,12989975,23592444
2024-11-22,1.819,1.771,1.823,1.767,18377800,33030489
2024-11-25,1.772,1.759,1.783,1.748,17508300,30853649
2024-11-26,1.765,1.761,1.772,1.759,39174300,69080583
2024-11-27,1.761,1.788,1.788,1.748,46139600,81577475
2024-11-28,1.788,1.774,1.789,1.768,21780600,38718092
2024-11-29,1.717,1.713,1.723,1.694,17328812,29593590
2024-12-02,1.713,1.720,1.722,1.701,26109700,44737072
2024-12-03,1.720,1.720,1.720,1.707,20682500,35425937
2024-12-04,1.718,1.712,1.723,1.706,23592300,40438013
2024-12-05,1.712,1.710,1.716,1.705,13568500,23190413
2024-12-06,1.710,1.730,1.734,1.710,26460500,45658388
2024-12-09,1.730,1.734,1.740,1.719,15569300,26904782
2024-12-10,1.781,1.751,1.796,1.748,171040200,300892707
2024-12-11,1.743,1.758,1.766,1.742,313304500,551511377
2024-12-12,1.754,1.772,1.777,1.753,146027884,258752577
2024-12-13,1.768,1.734,1.768,1.734,260162300,454282124
2024-12-16,1.735,1.715,1.739,1.710,28177564,48411070
2024-12-17,1.716,1.715,1.733,1.712,157046700,269993294
2024-12-18,1.722,1.723,1.728,1.719,24796800,42736077
2024-12-19,1.715,1.724,1.731,1.704,200916400,346030935
2024-12-20,1.719,1.720,1.727,1.717,38359200,66053249
2024-12-23,1.670,1.660,1.670,1.650,58157298,96572142
2024-12-24,1.659,1.676,1.676,1.655,28081744,46785525
2024-12-25,1.674,1.673,1.679,1.668,29669800,49641035
2024-12-26,1.673,1.672,1.673,1.665,24282900,40542745
2024-12-27,1.672,1.666,1.673,1.659,24159000,40242502
2024-12-30,1.661,1.666,1.678,1.661,20481500,34208381
2024-12-31,1.666,1.651,1.673,1.651,38592498,64138729
2025-01-02,1.651,1.625,1.660,1.615,45074887,73787361
2025-01-03,1.626,1.610,1.636,1.606,43587301,70720520
2025-01-06,1.610,1.602,1.615,1.592,26896000,43099419
2025-01-07,1.602,1.606,1.608,1.590,26241300,42002207
2025-01-08,1.606,1.614,1.620,1.588,36143100,57983736
2025-01-09,1.614,1.619,1.622,1.605,22721900,36743776
2025-01-10,1.618,1.591,1.618,1.589,23565700,37705523
2025-01-13,1.583,1.579,1.589,1.569,28060100,44256618
2025-01-14,1.580,1.616,1.617,1.578,40962600,65736386
2025-01-15,1.615,1.605,1.619,1.603,15682700,25223585
2025-01-16,1.606,1.610,1.627,1.602,30145500,48627846
2025-01-17,1.608,1.618,1.623,1.602,16919800,27310108
2025-01-20,1.621,1.618,1.635,1.612,37445100,60698675
2025-01-21,1.620,1.613,1.624,1.607,17793900,28691560
2025-01-22,1.612,1.593,1.612,1.586,24500900,39059494
2025-01-23,1.600,1.600,1.619,1.599,30729900,49428049
2025-01-24,1.599,1.607,1.608,1.590,18426400,29521036
2025-01-27,1.607,1.613,1.618,1.607,21575100,34830071
2025-02-05,1.613,1.593,1.619,1.591,26790200,42807603
2025-02-06,1.592,1.602,1.603,1.586,17232400,27481404
2025-02-07,1.602,1.620,1.629,1.592,28952200,46780589
2025-02-10,1.620,1.622,1.625,1.614,25543000,41372089
2025-02-11,1.622,1.620,1.624,1.615,14909200,24138299
2025-02-12,1.619,1.624,1.624,1.610,88659400,143602658
2025-02-13,1.625,1.629,1.639,1.620,35906200,58588732
2025-02-14,1.628,1.636,1.638,1.620,24823600,40470871
2025-02-17,1.631,1.634,1.639,1.627,24037700,39239440
2025-02-18,1.636,1.620,1.640,1.616,27903000,45527763
2025-02-19,1.619,1.620,1.622,1.611,18705100,30236311
2025-02-20,1.620,1.616,1.622,1.612,87068300,140786463
2025-02-21,1.615,1.628,1.630,1.611,28250800,45826620
2025-02-24,1.628,1.634,1.642,1.622,28290400,46239159
2025-02-25,1.627,1.609,1.627,1.604,25842600,41720371
2025-02-26,1.605,1.622,1.624,1.605,24264000,39165014
2025-02-27,1.623,1.637,1.638,1.623,24831100,40522607
2025-02-28,1.636,1.618,1.648,1.616,31379300,51292030
2025-03-03,1.618,1.620,1.636,1.612,34426500,55945984
2025-03-04,1.619,1.627,1.628,1.615,15301500,24838713
2025-03-05,1.628,1.634,1.634,1.622,19986100,32545317
2025-03-06,1.635,1.652,1.656,1.632,38116900,62669270
2025-03-07,1.649,1.660,1.666,1.644,38466895,63668415
2025-03-10,1.660,1.658,1.660,1.646,24361800,40230079
2025-03-11,1.650,1.667,1.668,1.643,26115100,43279034
2025-03-12,1.668,1.664,1.672,1.661,23704100,39483424
2025-03-13,1.662,1.660,1.669,1.653,30251300,50201401
2025-03-14,1.663,1.696,1.701,1.662,62450600,105552579
2025-03-17,1.703,1.693,1.705,1.689,61355800,104094431
2025-03-18,1.694,1.706,1.712,1.688,40394271,68674247
2025-03-19,1.710,1.710,1.719,1.696,52558700,89689283
2025-03-20,1.708,1.681,1.708,1.679,40139313,67882333
2025-03-21,1.675,1.668,1.694,1.665,39577300,66337320
2025-03-24,1.668,1.686,1.687,1.667,39821400,66867965
2025-03-25,1.686,1.679,1.688,1.673,21609100,36252982
2025-03-26,1.675,1.673,1.682,1.671,35054100,58684231
2025-03-27,1.673,1.679,1.683,1.668,27422200,45980374
2025-03-28,1.679,1.679,1.684,1.674,21238300,35674178
2025-03-31,1.679,1.677,1.694,1.669,30079400,50568056
2025-04-01,1.677,1.668,1.678,1.666,41056500,68680984
2025-04-02,1.669,1.671,1.678,1.667,18619800,31124449
2025-04-03,1.658,1.659,1.667,1.652,33223400,55058730
2025-04-07,1.603,1.539,1.603,1.514,55167500,86355329
2025-04-08,1.541,1.586,1.587,1.541,50914800,79802887
2025-04-09,1.577,1.599,1.606,1.559,30611000,48451673
2025-04-10,1.605,1.624,1.628,1.603,29280800,47375077
2025-04-11,1.624,1.616,1.624,1.605,22556600,36394410
2025-04-14,1.617,1.613,1.626,1.610,23740200,38353015
2025-04-15,1.613,1.623,1.625,1.606,23300700,37684867
2025-04-16,1.622,1.625,1.627,1.604,36741600,59261400
2025-04-17,1.622,1.622,1.626,1.610,19212000,31131616
2025-04-18,1.620,1.623,1.625,1.617,25487900,41295224
2025-04-21,1.626,1.628,1.630,1.617,22251200,36148463
2025-04-22,1.628,1.628,1.634,1.624,21129400,34455638
2025-04-23,1.630,1.623,1.634,1.622,20464400,33275910
2025-04-24,1.628,1.622,1.631,1.618,21940500,35649957
2025-04-25,1.622,1.617,1.626,1.615,33212800,53770443
2025-04-28,1.621,1.620,1.625,1.617,33066759,53629561
2025-04-29,1.620,1.617,1.620,1.610,19483000,31468094
2025-04-30,1.616,1.616,1.623,1.614,21804500,35248292
2025-05-06,1.620,1.631,1.631,1.616,27237400,44277814
2025-05-07,1.644,1.635,1.652,1.629,29219300,47833193
2025-05-08,1.635,1.639,1.644,1.628,26019200,42620659
2025-05-09,1.635,1.638,1.642,1.635,26834300,43964261
2025-05-12,1.641,1.646,1.649,1.638,23348300,38389949
2025-05-13,1.650,1.651,1.653,1.648,23092000,38116897
2025-05-14,1.650,1.662,1.672,1.644,42642400,70484100
2025-05-15,1.662,1.647,1.662,1.646,27213500,44961884
2025-05-16,1.646,1.641,1.647,1.634,22444700,36804288
2025-05-19,1.640,1.637,1.640,1.631,18185600,29724257
2025-05-20,1.637,1.651,1.655,1.637,18998712,31331578
2025-05-21,1.652,1.659,1.664,1.650,26741312,44377442
2025-05-22,1.659,1.656,1.661,1.652,23376100,38716621
2025-05-23,1.656,1.648,1.668,1.646,25784700,42750995
2025-05-26,1.641,1.638,1.648,1.632,19068700,31251826
2025-05-27,1.638,1.632,1.642,1.630,16075400,26263977
2025-05-28,1.632,1.637,1.640,1.630,20043800,32814240
2025-05-29,1.637,1.642,1.646,1.631,20292200,33310642
2025-05-30,1.642,1.644,1.647,1.633,15899400,26081588
2025-06-03,1.644,1.629,1.644,1.625,22905200,37299975
2025-06-04,1.629,1.633,1.636,1.626,112387700,183259414
2025-06-05,1.633,1.626,1.634,1.625,20723100,33723171
2025-06-06,1.626,1.630,1.633,1.626,18377400,29959384
2025-06-09,1.630,1.638,1.638,1.626,25287700,41330190
2025-06-10,1.636,1.630,1.642,1.624,23373200,38227500
2025-06-11,1.631,1.641,1.644,1.631,23702000,38880938
2025-06-12,1.638,1.640,1.645,1.633,21339900,34990710
2025-06-13,1.639,1.626,1.639,1.619,39088900,63513222
2025-06-16,1.625,1.615,1.625,1.612,184116900,297149273
2025-06-17,1.615,1.616,1.623,1.611,172710555,278525727
2025-06-18,1.615,1.616,1.622,1.611,23972400,38723530
2025-06-19,1.616,1.600,1.616,1.595,22237400,35665215
2025-06-20,1.600,1.606,1.608,1.598,17257300,27695302
2025-06-23,1.600,1.606,1.607,1.595,61709000,98906661
2025-06-24,1.607,1.620,1.623,1.606,29213700,47264314
2025-06-25,1.623,1.634,1.634,1.614,26452900,42905927
2025-06-26,1.630,1.628,1.634,1.627,23620786,38509874
2025-06-27,1.629,1.627,1.636,1.622,32384000,52786701
2025-06-30,1.627,1.625,1.627,1.618,24420600,39612320
2025-07-01,1.625,1.629,1.629,1.619,40928961,66485517
2025-07-02,1.629,1.635,1.643,1.628,20509600,33574152
2025-07-03,1.637,1.640,1.642,1.635,17023600,27905374
2025-07-04,1.636,1.644,1.653,1.636,20992100,34526189
2025-07-07,1.644,1.635,1.649,1.635,18896700,30972677
2025-07-08,1.636,1.642,1.645,1.636,17705400,29043794
2025-07-09,1.642,1.640,1.648,1.637,24026800,39478497
2025-07-10,1.638,1.646,1.651,1.635,33712400,55289259
2025-07-11,1.649,1.660,1.668,1.647,43521400,72225408
2025-07-14,1.660,1.662,1.665,1.654,16070600,26685077
2025-07-15,1.662,1.658,1.667,1.651,25611600,42460277
2025-07-16,1.658,1.657,1.663,1.652,17730484,29367862
2025-07-17,1.657,1.662,1.666,1.657,22844903,37963385
2025-07-18,1.664,1.675,1.678,1.662,35443900,59284694
2025-07-21,1.678,1.688,1.693,1.678,40071900,67506718
2025-07-22,1.686,1.719,1.721,1.686,31102100,52983459
2025-07-23,1.723,1.712,1.728,1.710,33202400,57041822
2025-07-24,1.711,1.719,1.720,1.707,24003000,41125560
2025-07-25,1.718,1.702,1.719,1.699,15572700,26573252
2025-07-28,1.701,1.696,1.701,1.690,16342300,27675179
2025-07-29,1.696,1.689,1.696,1.679,42510200,71537603
2025-07-30,1.689,1.705,1.716,1.685,32079800,54712398
2025-07-31,1.701,1.668,1.702,1.661,39593800,66304722
2025-08-01,1.662,1.671,1.677,1.662,19082100,31866858
2025-08-04,1.668,1.677,1.677,1.666,14569900,24366366
2025-08-05,1.678,1.695,1.697,1.678,18831100,31808920
2025-08-06,1.695,1.701,1.704,1.694,16392800,27875285
2025-08-07,1.702,1.704,1.707,1.696,22060300,37573198
2025-08-08,1.703,1.710,1.716,1.702,24477600,41914127
2025-08-11,1.710,1.716,1.720,1.705,24254500,41585563
2025-08-12,1.718,1.720,1.735,1.716,26997300,46577036
2025-08-13,1.721,1.725,1.729,1.719,61048700,105317145
2025-08-14,1.725,1.721,1.740,1.719,26963600,46732608
2025-08-15,1.718,1.727,1.728,1.712,52836400,90947780
2025-08-18,1.727,1.727,1.737,1.720,29346100,50718099
2025-08-19,1.727,1.729,1.740,1.723,26483387,45838300
2025-08-20,1.726,1.742,1.742,1.716,28412400,49210958
2025-08-21,1.740,1.747,1.755,1.738,25609600,44722224
2025-08-22,1.747,1.757,1.757,1.741,152994500,267834540
2025-08-25,1.760,1.793,1.793,1.760,33960900,60450503
2025-08-26,1.788,1.799,1.808,1.782,28755900,51669871
2025-08-27,1.799,1.763,1.805,1.761,34541439,61817479
2025-08-28,1.757,1.771,1.778,1.741,30939326,54490012
2025-08-29,1.769,1.780,1.788,1.765,16726900,29773851
2025-09-01,1.780,1.789,1.795,1.774,24370200,43491406
2025-09-02,1.786,1.786,1.806,1.774,26063910,46625086
2025-09-03,1.788,1.772,1.806,1.768,27401867,48864276
2025-09-04,1.772,1.752,1.773,1.735,31710200,55534052
2025-09-05,1.752,1.779,1.779,1.749,20055900,35392245
2025-09-08,1.779,1.802,1.802,1.779,34602667,62190294
2025-09-09,1.800,1.805,1.805,1.786,20526400,36874924
2025-09-10,1.801,1.794,1.801,1.781,23015600,41174835
2025-09-11,1.794,1.801,1.802,1.776,31801500,56840302
2025-09-12,1.801,1.791,1.812,1.787,12780100,22972030
2025-09-15,1.788,1.786,1.793,1.781,13702900,24478778
2025-09-16,1.785,1.776,1.789,1.765,20959276,37142315
2025-09-17,1.778,1.785,1.786,1.772,16735976,29775377
2025-09-18,1.789,1.760,1.789,1.749,21827813,38690324
2025-09-19,1.759,1.773,1.777,1.757,21338200,37761344
2025-09-22,1.777,1.755,1.777,1.749,22314200,39182967
2025-09-23,1.755,1.746,1.762,1.730,20935200,36483579
2025-09-24,1.743,1.765,1.766,1.742,16623100,29172265
2025-09-25,1.763,1.765,1.768,1.755,21146800,37269303
2025-09-26,1.765,1.758,1.769,1.755,14846600,26145607
2025-09-29,1.759,1.785,1.789,1.749,21286200,37644852
2025-09-30,1.788,1.785,1.789,1.776,17463200,31123174
2025-10-09,1.785,1.808,1.810,1.772,31510300,56592519
2025-10-10,1.801,1.805,1.825,1.796,26718800,48390881
2025-10-13,1.760,1.784,1.800,1.760,55873600,99262868
2025-10-14,1.787,1.789,1.809,1.781,29168200,52394384
2025-10-15,1.790,1.808,1.810,1.789,39102400,70447188
2025-10-16,1.808,1.802,1.813,1.792,33750600,60826650
2025-10-17,1.802,1.774,1.807,1.772,35549800,63428189
2025-10-20,1.777,1.771,1.786,1.765,23433200,41531702
2025-10-21,1.773,1.780,1.786,1.771,32326700,57575063
2025-10-22,1.770,1.783,1.786,1.769,19006100,33841499
2025-10-23,1.783,1.796,1.799,1.773,20348000,36388131
2025-10-24,1.796,1.793,1.803,1.785,19639600,35176594
2025-10-27,1.795,1.797,1.808,1.795,23483200,42337210
2025-10-28,1.797,1.776,1.797,1.772,27012300,48151167
2025-10-29,1.776,1.790,1.790,1.770,20037600,35685395
2025-10-30,1.789,1.789,1.806,1.786,23897800,42906870
2025-10-31,1.784,1.795,1.798,1.778,15916700,28510551
2025-11-03,1.792,1.789,1.794,1.772,17725900,31567258
2025-11-04,1.780,1.772,1.789,1.763,33033200,58587247
2025-11-05,1.765,1.772,1.778,1.750,28135500,49746932
2025-11-06,1.772,1.801,1.804,1.772,26162100,46981624
2025-11-07,1.801,1.797,1.804,1.792,36915700,66370249
2025-11-10,1.797,1.831,1.831,1.797,48568900,88475995
2025-11-11,1.831,1.823,1.831,1.814,24917300,45354899
2025-11-12,1.824,1.830,1.838,1.820,20988800,38433632
2025-11-13,1.830,1.841,1.843,1.827,22476093,41267996
2025-11-14,1.840,1.819,1.842,1.816,26715900,48844791
2025-11-17,1.818,1.803,1.818,1.796,31662000,57090919
2025-11-18,1.803,1.795,1.807,1.787,27170000,48828297
2025-11-19,1.794,1.794,1.798,1.784,33141300,59317358
2025-11-20,1.799,1.789,1.815,1.786,26031500,46783009
2025-11-21,1.780,1.766,1.785,1.760,39490300,70024357
2025-11-24,1.763,1.764,1.774,1.758,21142100,37345177
2025-11-25,1.769,1.773,1.778,1.762,25608700,45385272
2025-11-26,1.773,1.781,1.784,1.773,18598500,33125834
2025-11-27,1.780,1.783,1.792,1.780,27744300,49526537
2025-11-28,1.787,1.792,1.792,1.780,13921800,24872246
2025-12-01,1.795,1.805,1.805,1.793,21470100,38640451
2025-12-02,1.804,1.802,1.808,1.796,10349400,18644326
2025-12-03,1.804,1.806,1.816,1.800,32898000,59491719
2025-12-04,1.805,1.799,1.815,1.798,16363100,29525671
2025-12-05,1.804,1.819,1.822,1.803,36510700,66174949
2025-12-08,1.822,1.808,1.824,1.800,51985800,94101060
2025-12-09,1.809,1.780,1.809,1.773,38698700,69110655
2025-12-10,1.779,1.789,1.791,1.770,26326047,46804554
2025-12-11,1.790,1.781,1.801,1.780,14246300,25507577
2025-12-12,1.780,1.790,1.795,1.780,18528800,33186954
2025-12-15,1.799,1.798,1.810,1.790,22006000,39629210
2025-12-16,1.797,1.779,1.797,1.774,21269200,37851482
2025-12-17,1.772,1.800,1.808,1.772,15356200,27551099
2025-12-18,1.801,1.800,1.804,1.795,22399300,40315017
2025-12-19,1.800,1.812,1.814,1.795,29782000,53879520
2025-12-22,1.811,1.809,1.816,1.806,21207600,38365222
2025-12-23,1.809,1.808,1.818,1.801,17778300,32169660
2025-12-24,1.808,1.804,1.808,1.795,18725300,33739427
2025-12-25,1.810,1.810,1.812,1.798,18201074,32895342
2025-12-26,1.810,1.821,1.825,1.808,31639400,57592213
2025-12-29,1.821,1.805,1.825,1.801,28150900,50973265
2025-12-30,1.796,1.808,1.813,1.796,14363600,25940338
2025-12-31,1.806,1.805,1.816,1.798,48795200,88107126
2026-01-05,1.805,1.829,1.831,1.805,22169700,40399277
2026-01-06,1.828,1.854,1.856,1.828,23888000,44102881
2026-01-07,1.850,1.849,1.856,1.842,67561400,124909184
2026-01-08,1.850,1.837,1.850,1.828,24536248,45019150
2026-01-09,1.847,1.858,1.859,1.835,26687900,49418546
2026-01-12,1.858,1.873,1.875,1.858,31262500,58387712
2026-01-13,1.873,1.863,1.887,1.857,31303400,58564051
2026-01-14,1.863,1.862,1.886,1.851,22549743,42207379
2026-01-15,1.862,1.860,1.875,1.856,18198400,33954551
2026-01-16,1.855,1.851,1.874,1.846,18524800,34457621
2026-01-19,1.851,1.875,1.875,1.851,14904100,27837468
2026-01-20,1.867,1.894,1.894,1.866,27535200,51826446
2026-01-21,1.894,1.888,1.898,1.877,30084300,56813672
2026-01-22,1.883,1.884,1.891,1.878,12561600,23677376
2026-01-23,1.886,1.891,1.904,1.886,17512200,33212019
2026-01-26,1.891,1.906,1.910,1.882,35188200,66826422
2026-01-27,1.898,1.875,1.900,1.874,20506602,38664270
2026-01-28,1.874,1.885,1.897,1.862,31869500,59955730
2026-01-29,1.889,1.940,1.940,1.887,32158200,61406406
2026-01-30,1.937,1.886,1.937,1.872,30429800,57667945
2026-02-02,1.873,1.840,1.886,1.838,34392300,64042472
2026-02-03,1.846,1.882,1.883,1.843,23895000,44495562
2026-02-04,1.878,1.912,1.912,1.878,37648900,71523347
2026-02-05,1.900,1.904,1.909,1.891,19018900,36137875
2026-02-06,1.877,1.888,1.903,1.877,21729600,41055464
2026-02-09,1.891,1.901,1.903,1.891,14015600,26605292
2026-02-10,1.901,1.908,1.908,1.894,13449700,25575420
2026-02-11,1.905,1.909,1.914,1.903,26161700,49946169
2026-02-12,1.908,1.907,1.914,1.902,22864000,43613771
2026-02-13,1.905,1.882,1.905,1.878,17744300,33512185
2026-02-24,1.888,1.906,1.908,1.888,12105495,23046781
2026-02-25,1.906,1.907,1.925,1.905,17855600,34230001
2026-02-26,1.907,1.899,1.911,1.893,16972800,32265352
2026-02-27,1.899,1.897,1.904,1.886,25889412,49011967
2026-03-02,1.888,1.897,1.897,1.864,29612300,55699701
2026-03-03,1.892,1.860,1.895,1.857,55724500,104690412
2026-03-04,1.853,1.846,1.860,1.838,19617900,36279126
2026-03-05,1.850,1.860,1.871,1.850,14891400,27725896
2026-03-06,1.859,1.876,1.879,1.843,19195900,35877223
2026-03-09,1.869,1.850,1.869,1.833,23514000,43393370
2026-03-10,1.852,1.873,1.874,1.850,7159200,13375660
2026-03-11,1.873,1.881,1.883,1.861,5607400,10512083
2026-03-12,1.879,1.870,1.881,1.857,13499100,25177920
2026-03-13,1.867,1.862,1.882,1.858,11232100,21010138
2026-03-16,1.862,1.846,1.862,1.833,36442000,67178564
2026-03-17,1.846,1.840,1.867,1.838,52842600,97914598
2026-03-18,1.840,1.835,1.845,1.817,22309300,40674243
2026-03-19,1.825,1.793,1.825,1.785,26419200,47505395
2026-03-20,1.793,1.774,1.802,1.773,10561600,18898402
2026-03-23,1.759,1.718,1.759,1.712,58502100,101278886
2026-03-24,1.725,1.748,1.749,1.719,27158000,47073787
2026-03-25,1.755,1.770,1.773,1.755,12659300,22375448
2026-03-26,1.763,1.746,1.775,1.743,14046100,24676766
2026-03-27,1.740,1.763,1.770,1.720,15076300,26409995
2026-03-30,1.766,1.778,1.778,1.755,11576900,20462336
2026-03-31,1.779,1.784,1.802,1.779,15075100,27013985
2026-04-01,1.789,1.807,1.811,1.789,17934200,32351767
2026-04-02,1.805,1.800,1.806,1.792,21124745,38033003
2026-04-03,1.798,1.779,1.800,1.776,8063200,14364231
2026-04-07,1.779,1.772,1.781,1.761,10419400,18457424
2026-04-08,1.786,1.820,1.820,1.786,15664300,28336578
2026-04-09,1.803,1.802,1.808,1.797,9578300,17260408
2026-04-10,1.805,1.806,1.815,1.800,20656300,37353099
2026-04-13,1.803,1.804,1.806,1.791,11528700,20737365
2026-04-14,1.809,1.818,1.821,1.802,10548900,19110981
2026-04-15,1.821,1.824,1.831,1.820,12352100,22548137
2026-04-16,1.825,1.838,1.840,1.824,11526400,21113975
2026-04-17,1.830,1.820,1.831,1.816,16831000,30661036
2026-04-20,1.815,1.821,1.828,1.813,9631200,17545621
2026-04-21,1.819,1.819,1.824,1.812,18064800,32867436
2026-04-22,1.818,1.821,1.822,1.811,8789300,15965437
2026-04-23,1.821,1.824,1.833,1.816,25573400,46700229
2026-04-24,1.822,1.820,1.826,1.812,10409900,18924578
2026-04-27,1.820,1.814,1.826,1.811,12382000,22496232
2026-04-28,1.811,1.828,1.830,1.810,15750500,28688675
2026-04-29,1.828,1.853,1.856,1.828,18297600,33786415
2026-04-30,1.853,1.846,1.867,1.844,22187000,41103695
2026-05-06,1.846,1.860,1.860,1.837,126770000,233988819
2026-05-07,1.860,1.852,1.866,1.846,27936400,51742736
2026-05-08,1.849,1.838,1.849,1.830,12412400,22806679
2026-05-11,1.830,1.851,1.859,1.830,25189500,46568950
2026-05-12,1.850,1.831,1.852,1.828,11128200,20448455
2026-05-13,1.831,1.835,1.837,1.824,14174900,25953697
2026-05-14,1.836,1.820,1.847,1.819,22789500,41768622
2026-05-15,1.818,1.797,1.820,1.791,20920500,37792853
2026-05-18,1.788,1.761,1.790,1.753,26296500,46417152
2026-05-19,1.763,1.760,1.765,1.747,16217900,28464593
2026-05-20,1.760,1.758,1.761,1.742,32092900,56126408
2026-05-21,1.761,1.742,1.787,1.740,44408200,78326371
2026-05-22,1.743,1.747,1.753,1.735,42672800,74506725
2026-05-25,1.747,1.754,1.759,1.746,24725000,43326193
2026-05-26,1.751,1.762,1.764,1.743,22832800,39989837
2026-05-27,1.759,1.741,1.759,1.721,65209200,113500973
2026-05-28,1.728,1.718,1.730,1.707,45404300,77985340
2026-05-29,1.718,1.747,1.757,1.718,30694412,53564552
2026-06-01,1.745,1.739,1.753,1.735,43476300,75627451
2026-06-02,1.739,1.740,1.742,1.722,27079061,46866918
2026-06-03,1.741,1.730,1.741,1.722,23057000,39906492
2026-06-04,1.730,1.716,1.730,1.711,18448400,31730706
2026-06-05,1.716,1.703,1.734,1.698,28761700,49338369
2026-06-08,1.696,1.676,1.696,1.660,49500000,83345091
2026-06-09,1.678,1.680,1.681,1.662,29116200,48646274
2026-06-10,1.675,1.678,1.681,1.659,27864500,46584033
2026-06-11,1.676,1.681,1.682,1.661,26638800,44511532
2026-06-12,1.682,1.697,1.705,1.675,21220600,35895941
2026-06-15,1.701,1.696,1.711,1.680,36657200,62061219
2026-06-16,1.694,1.679,1.697,1.676,20582100,34673437
2026-06-17,1.679,1.690,1.693,1.673,18315100,30857683
2026-06-18,1.684,1.672,1.693,1.667,19676000,33019291
2026-06-22,1.671,1.697,1.703,1.655,36580300,61372491
2026-06-23,1.700,1.646,1.702,1.641,32080200,53527604
2026-06-24,1.646,1.651,1.655,1.633,20550700,33757324
2026-06-25,1.653,1.657,1.669,1.643,25006700,41421795
2026-06-26,1.655,1.622,1.665,1.620,16126600,26435780
2026-06-29,1.625,1.638,1.643,1.607,50133500,81664326
2026-06-30,1.638,1.639,1.648,1.626,14323000,23413102
2026-07-01,1.638,1.653,1.661,1.623,19189700,31536234
2026-07-02,1.649,1.639,1.657,1.637,22039000,36317232
2026-07-03,1.639,1.662,1.667,1.638,15161400,25192173
2026-07-06,1.668,1.671,1.685,1.659,20836500,34874833
2026-07-07,1.676,1.648,1.678,1.645,32459300,54042453
2026-07-08,1.648,1.623,1.648,1.620,19693500,32209765
2026-07-09,1.615,1.627,1.627,1.595,46838300,75673457
2026-07-10,1.626,1.616,1.639,1.608,45858000,74386234
2026-07-13,1.611,1.603,1.617,1.600,23017300,36977801
2026-07-14,1.601,1.637,1.637,1.597,36826400,59854068
2026-07-15,1.637,1.662,1.668,1.631,27931944,46243589
2026-07-16,1.656,1.649,1.666,1.642,43731500,72167087
2026-07-17,1.645,1.617,1.653,1.608,53787500,87629089
2026-07-20,1.622,1.649,1.655,1.617,69872800,114996045
2026-07-21,1.650,1.670,1.670,1.648,33857300,56281655
2026-07-22,1.672,1.670,1.680,1.658,27395700,45720551
2026-07-23,1.672,1.696,1.696,1.663,16332800,27513249
2026-07-24,1.682,1.672,1.688,1.664,38502800,64605754
2026-07-27,1.673,1.692,1.693,1.672,59381300,99931175
2026-07-28,1.677,1.675,1.682,1.667,41422200,69333622
2026-07-29,1.674,1.695,1.702,1.670,32838400,55329774
2026-07-30,1.693,1.708,1.716,1.685,115913603,197141835
2026-07-31,1.688,1.715,1.719,1.688,73642400,125688235
2026-08-03,1.715,1.695,1.715,1.693,40429973,68841551
2026-08-04,1.695,1.698,1.699,1.685,24959100,42286230
2026-08-05,1.690,1.718,1.721,1.690,49985700,85352372
2026-08-06,1.711,1.702,1.720,1.690,32512600,55254865
2026-08-07,1.702,1.708,1.709,1.695,20667511,35205479
2026-08-10,1.708,1.738,1.739,1.707,42656600,73785762
2026-08-11,1.740,1.718,1.745,1.716,43557200,75210757
2026-08-12,1.714,1.723,1.727,1.712,29840600,51362020
2026-08-13,1.723,1.702,1.724,1.702,28493000,48864848
2026-08-14,1.702,1.694,1.705,1.688,29912500,50690735
2026-08-17,1.693,1.709,1.709,1.685,24408400,41458570
2026-08-18,1.709,1.706,1.710,1.696,25384124,43188050
2026-08-19,1.692,1.685,1.698,1.676,15647000,26380685
2026-08-20,1.677,1.687,1.699,1.677,12272700,20749371
2026-08-21,1.683,1.688,1.696,1.678,16337100,27567116
2026-08-24,1.690,1.684,1.690,1.671,33789300,56746357
2026-08-25,1.680,1.679,1.685,1.673,24707300,41439630
2026-08-26,1.675,1.685,1.695,1.673,12697800,21433913
2026-08-27,1.687,1.684,1.687,1.671,9257800,15524464
2026-08-28,1.684,1.687,1.691,1.673,13817300,23259749
2026-08-31,1.681,1.685,1.688,1.670,12381200,20786096
2026-09-01,1.687,1.682,1.695,1.681,13199773,22288812
2026-09-02,1.675,1.653,1.680,1.653,18941980,31421758
2026-09-03,1.658,1.658,1.672,1.655,17536000,29152255
2026-09-04,1.664,1.665,1.680,1.661,23442300,39226561
2026-09-07,1.668,1.660,1.668,1.654,18535800,30744928
2026-09-08,1.660,1.645,1.662,1.640,19526300,32125208
2026-09-09,1.645,1.654,1.657,1.635,12730900,20968502
2026-09-10,1.649,1.642,1.654,1.641,12476000,20526398
2026-09-11,1.631,1.620,1.631,1.610,16764900,27126669
2026-09-14,1.620,1.625,1.632,1.616,11602200,18863457
2026-09-15,1.620,1.608,1.628,1.604,13533400,21884404
2026-09-16,1.606,1.589,1.606,1.570,21845400,34584363
2026-09-17,1.584,1.587,1.595,1.583,14076400,22351205
2026-09-18,1.599,1.593,1.599,1.583,13755700,21870228
2026-09-21,1.587,1.585,1.594,1.581,21290200,33745003
2026-09-22,1.584,1.594,1.600,1.584,12873400,20537345
2026-09-23,1.593,1.579,1.593,1.577,11474900,18154078
2026-09-24,1.571,1.553,1.575,1.553,17149600,26787432
2026-09-28,1.552,1.535,1.552,1.528,34109900,52370743
2026-09-29,1.535,1.538,1.541,1.530,9378300,14392697
2026-09-30,1.538,1.549,1.553,1.534,9051700,13977767
