date,open,high,low,close,volume,turnover
2016-06-01,3.162,3.165,3.196,3.160,117911894,375159058
2016-06-02,3.166,3.190,3.191,3.163,86266552,274218360
2016-06-03,3.198,3.232,3.249,3.192,81891427,264143606
2016-06-06,3.240,3.237,3.248,3.220,40656158,131460235
2016-06-07,3.240,3.237,3.243,3.216,45502578,147008773
2016-06-08,3.236,3.234,3.250,3.200,73319886,236619515
2016-06-13,3.195,3.089,3.216,3.087,59617888,189253477
2016-06-14,3.080,3.097,3.113,3.071,86342551,267369140
2016-06-15,3.070,3.188,3.203,3.066,134874669,425708602
2016-06-16,3.184,3.167,3.196,3.163,79482641,252907486
2016-06-17,3.177,3.196,3.225,3.177,86016104,275607798
2016-06-20,3.193,3.211,3.219,3.170,80268408,256390228
2016-06-21,3.230,3.187,3.267,3.176,96510712,311437828
2016-06-22,3.176,3.237,3.238,3.174,108012769,346110535
2016-06-23,3.225,3.215,3.237,3.192,54066571,173887784
2016-06-24,3.210,3.165,3.236,3.085,124731330,397302193
2016-06-27,3.155,3.259,3.259,3.155,88929577,285821578
2016-06-28,3.231,3.286,3.297,3.231,97849050,319354035
2016-06-29,3.292,3.277,3.306,3.271,48551706,159567224
2016-06-30,3.280,3.286,3.296,3.273,41538175,136470348
2016-07-01,3.288,3.274,3.304,3.270,38489577,126502790
2016-07-04,3.257,3.338,3.338,3.251,66904477,221435997
2016-07-05,3.333,3.319,3.336,3.310,46755351,155329513
2016-07-06,3.318,3.332,3.336,3.300,66991493,222528654
2016-07-07,3.327,3.327,3.340,3.291,54658565,181734490
2016-07-08,3.321,3.330,3.347,3.316,67661392,225470497
2016-07-11,3.334,3.303,3.355,3.300,61216949,204380169
2016-07-12,3.309,3.359,3.360,3.279,61236185,203120553
2016-07-13,3.371,3.385,3.404,3.366,43286808,146570778
2016-07-14,3.377,3.385,3.395,3.374,31484233,106530596
2016-07-15,3.388,3.385,3.394,3.366,30796184,104174203
2016-07-18,3.379,3.355,3.381,3.350,42023226,141425807
2016-07-19,3.359,3.369,3.373,3.345,47400578,159243287
2016-07-20,3.374,3.364,3.381,3.357,30747963,103635123
2016-07-21,3.368,3.371,3.393,3.362,24486781,82676453
2016-07-22,3.371,3.351,3.378,3.348,31936961,107353575
2016-07-25,3.345,3.358,3.380,3.341,27740300,93199084
2016-07-26,3.358,3.398,3.399,3.358,42182100,142478822
2016-07-27,3.399,3.258,3.402,3.230,77073714,254173411
2016-07-28,3.257,3.255,3.277,3.210,73655971,239296225
2016-07-29,3.243,3.236,3.260,3.224,32418884,105112015
2016-08-01,3.228,3.186,3.228,3.164,67113563,213675010
2016-08-02,3.188,3.206,3.210,3.184,43627118,139596160
2016-08-03,3.199,3.216,3.227,3.195,40430007,130008632
2016-08-04,3.218,3.240,3.246,3.207,35483764,114428827
2016-08-05,3.241,3.233,3.255,3.232,27318695,88549152
2016-08-08,3.231,3.278,3.278,3.212,44397242,143967579
2016-08-09,3.276,3.304,3.305,3.262,41056620,135160544
2016-08-10,3.304,3.284,3.314,3.282,48873521,161295488
2016-08-11,3.282,3.254,3.291,3.244,60643724,197911785
2016-08-12,3.245,3.281,3.287,3.240,28678814,93462617
2016-08-15,3.286,3.363,3.379,3.283,94668891,316532677
2016-08-16,3.359,3.365,3.375,3.359,29372490,98917041
2016-08-17,3.368,3.375,3.389,3.360,49996786,168825893
2016-08-18,3.370,3.366,3.385,3.358,40852468,137718429
2016-08-19,3.367,3.374,3.380,3.356,35552341,119693748
2016-08-22,3.367,3.328,3.376,3.325,35714244,119800388
2016-08-23,3.325,3.338,3.353,3.318,34300498,114514379
2016-08-24,3.339,3.344,3.363,3.339,46157148,154569429
2016-08-25,3.337,3.327,3.337,3.297,62848618,208313747
2016-08-26,3.333,3.337,3.361,3.331,37423751,125229620
2016-08-29,3.336,3.365,3.365,3.331,16732162,55939472
2016-08-30,3.350,3.344,3.365,3.340,22497292,75364466
2016-08-31,3.351,3.352,3.353,3.324,22163730,73975302
2016-09-01,3.347,3.324,3.350,3.323,12631966,42172472
2016-09-02,3.324,3.304,3.332,3.292,29532278,97583495
2016-09-05,3.308,3.309,3.333,3.306,21915504,72672180
2016-09-06,3.310,3.366,3.366,3.288,38254998,127407730
2016-09-07,3.366,3.352,3.375,3.343,27840598,93672238
2016-09-08,3.352,3.364,3.365,3.345,14360385,48189364
2016-09-09,3.354,3.336,3.369,3.331,19531789,65427056
2016-09-12,3.281,3.238,3.291,3.234,40357410,131764360
2016-09-13,3.253,3.259,3.264,3.245,16657709,54226794
2016-09-14,3.250,3.240,3.258,3.230,13000711,42160225
2016-09-19,3.244,3.264,3.275,3.244,9676012,31568908
2016-09-20,3.264,3.260,3.267,3.251,7542312,24575372
2016-09-21,3.263,3.268,3.285,3.255,11944817,39046563
2016-09-22,3.280,3.284,3.298,3.280,9711400,31966898
2016-09-23,3.286,3.286,3.294,3.281,14544451,47832745
2016-09-26,3.278,3.215,3.278,3.215,11523600,37367482
2016-09-27,3.215,3.233,3.233,3.191,13831662,44481743
2016-09-28,3.230,3.226,3.237,3.219,5569810,17969391
2016-09-29,3.232,3.246,3.259,3.227,8449810,27412383
2016-09-30,3.240,3.260,3.266,3.240,7803710,25421696
2016-10-10,3.276,3.323,3.323,3.271,9315236,30760009
2016-10-11,3.327,3.337,3.337,3.317,17509130,58265926
2016-10-12,3.332,3.337,3.344,3.325,8305017,27704682
2016-10-13,3.338,3.338,3.348,3.329,7390460,24682009
2016-10-14,3.335,3.338,3.338,3.317,6066393,20185193
2016-10-17,3.329,3.300,3.342,3.294,8245433,27307255
2016-10-18,3.298,3.348,3.348,3.291,9685401,32180598
2016-10-19,3.349,3.329,3.359,3.323,8479303,28340595
2016-10-20,3.327,3.349,3.354,3.327,11783596,39451543
2016-10-21,3.349,3.341,3.358,3.322,11144380,37202264
2016-10-24,3.335,3.370,3.388,3.335,19021412,64170722
2016-10-25,3.369,3.371,3.380,3.363,8399733,28316500
2016-10-26,3.366,3.353,3.371,3.345,13793363,46296103
2016-10-27,3.353,3.351,3.357,3.339,7720977,25828152
2016-10-28,3.348,3.327,3.366,3.321,7455389,24903621
2016-10-31,3.325,3.310,3.325,3.291,8480700,28024248
2016-11-01,3.311,3.341,3.342,3.310,7694336,25581703
2016-11-02,3.334,3.309,3.339,3.305,10293700,34189022
2016-11-03,3.308,3.329,3.346,3.296,13574488,45130830
2016-11-04,3.327,3.305,3.336,3.302,6268023,20803909
2016-11-07,3.303,3.308,3.320,3.297,6131336,20280620
2016-11-08,3.321,3.323,3.338,3.309,7361507,24459715
2016-11-09,3.323,3.286,3.326,3.253,23158716,76115090
2016-11-10,3.303,3.324,3.330,3.303,11059026,36741937
2016-11-11,3.323,3.337,3.337,3.313,10089332,33570620
2016-11-14,3.336,3.331,3.357,3.322,11333179,37852708
2016-11-15,3.331,3.345,3.345,3.321,9988412,33303616
2016-11-16,3.346,3.352,3.366,3.346,17693191,59371405
2016-11-17,3.350,3.346,3.350,3.327,8120837,27106617
2016-11-18,3.339,3.328,3.346,3.326,4513337,15055495
2016-11-21,3.325,3.325,3.340,3.318,6001817,19978368
2016-11-22,3.325,3.349,3.349,3.324,9473779,31588960
2016-11-23,3.352,3.330,3.359,3.325,8097500,27070061
2016-11-24,3.327,3.303,3.330,3.299,10438101,34607719
2016-11-25,3.303,3.324,3.326,3.262,20863901,68730322
2016-11-28,3.328,3.332,3.344,3.327,8422550,28071965
2016-11-29,3.332,3.331,3.346,3.321,7494602,24984860
2016-11-30,3.323,3.311,3.344,3.309,12610000,41905725
2016-12-01,3.314,3.326,3.327,3.314,8063800,26778977
2016-12-02,3.326,3.290,3.334,3.287,12321550,40764187
2016-12-05,3.280,3.286,3.309,3.272,24191338,79548215
2016-12-06,3.284,3.288,3.299,3.284,6754177,22233710
2016-12-07,3.288,3.304,3.305,3.280,6612575,21759850
2016-12-08,3.306,3.301,3.310,3.300,6628700,21908429
2016-12-09,3.301,3.278,3.302,3.275,8138771,26764829
2016-12-12,3.275,3.137,3.280,3.132,35854300,114117968
2016-12-13,3.133,3.144,3.158,3.108,11034840,34601108
2016-12-14,3.146,3.121,3.146,3.112,10456915,32738827
2016-12-15,3.112,3.122,3.145,3.110,16027515,50053614
2016-12-16,3.120,3.136,3.149,3.116,6484722,20353426
2016-12-19,3.137,3.124,3.140,3.119,8236400,25794607
2016-12-20,3.126,3.120,3.126,3.110,10850240,33802941
2016-12-21,3.125,3.144,3.147,3.125,7362700,23101241
2016-12-22,3.144,3.144,3.150,3.126,6444948,20244889
2016-12-23,3.145,3.120,3.147,3.120,7889659,24694277
2016-12-26,3.114,3.134,3.135,3.082,15654791,48531027
2016-12-27,3.130,3.130,3.141,3.128,4572424,14333013
2016-12-28,3.125,3.118,3.133,3.115,6886033,21493949
2016-12-29,3.118,3.107,3.128,3.105,8971372,27945493
2016-12-30,3.107,3.118,3.121,3.107,6297160,19623220
2017-01-03,3.118,3.128,3.140,3.118,7950542,24898212
2017-01-04,3.129,3.169,3.169,3.127,10163207,32060094
2017-01-05,3.168,3.164,3.171,3.160,5213124,16499078
2017-01-06,3.164,3.136,3.164,3.135,7202900,22644279
2017-01-09,3.134,3.144,3.155,3.129,3419554,10741038
2017-01-10,3.152,3.137,3.152,3.135,3540501,11133253
2017-01-11,3.130,3.117,3.144,3.117,9935562,31052077
2017-01-12,3.116,3.085,3.121,3.083,14687153,45574061
2017-01-13,3.085,3.042,3.089,3.040,17407751,53360974
2017-01-16,3.040,2.952,3.045,2.880,43884470,130618607
2017-01-17,2.951,2.991,2.994,2.935,20375553,60430205
2017-01-18,2.987,2.988,2.997,2.974,9980753,29813532
2017-01-19,2.988,2.975,2.989,2.963,9765353,29097441
2017-01-20,2.974,3.010,3.016,2.968,10374153,31127612
2017-01-23,3.017,3.024,3.050,3.010,8192102,24858026
2017-01-24,3.024,3.017,3.024,3.010,5284807,15952593
2017-01-25,3.018,3.032,3.033,3.010,4391907,13292604
2017-01-26,3.032,3.048,3.051,3.029,4197400,12772267
2017-02-03,3.051,3.045,3.053,3.038,4408400,13420255
2017-02-06,3.045,3.062,3.067,3.040,6597300,20157030
2017-02-07,3.059,3.052,3.069,3.043,11813100,36114459
2017-02-08,3.053,3.079,3.081,3.041,12127000,37084367
2017-02-09,3.079,3.096,3.100,3.075,7063600,21842657
2017-02-10,3.096,3.097,3.104,3.090,6477352,20054261
2017-02-13,3.096,3.122,3.128,3.088,10209100,31789127
2017-02-14,3.121,3.124,3.126,3.115,2991100,9334851
2017-02-15,3.120,3.093,3.130,3.093,6932000,21594571
2017-02-16,3.099,3.123,3.123,3.091,7452566,23148693
2017-02-17,3.123,3.110,3.140,3.102,7318761,22842007
2017-02-20,3.106,3.151,3.151,3.102,10999809,34429085
2017-02-21,3.149,3.170,3.173,3.147,24177741,76399036
2017-02-22,3.168,3.180,3.181,3.164,9952984,31586652
2017-02-23,3.180,3.183,3.189,3.165,12123856,38549924
2017-02-24,3.184,3.193,3.193,3.179,6374901,20306170
2017-02-27,3.189,3.172,3.198,3.170,7826289,24911917
2017-02-28,3.172,3.182,3.188,3.169,4092187,13006457
2017-03-01,3.181,3.188,3.196,3.176,8395241,26788749
2017-03-02,3.190,3.178,3.199,3.175,7714960,24596198
2017-03-03,3.175,3.208,3.212,3.167,11105037,35404276
2017-03-06,3.209,3.245,3.246,3.208,7930372,25633658
2017-03-07,3.244,3.245,3.250,3.230,7181536,23270519
2017-03-08,3.247,3.230,3.249,3.223,6723123,21736641
2017-03-09,3.224,3.208,3.224,3.196,6649277,21337769
2017-03-10,3.203,3.227,3.235,3.200,6804509,21917126
2017-03-13,3.222,3.273,3.273,3.211,10099396,32815119
2017-03-14,3.272,3.259,3.282,3.251,10638124,34772255
2017-03-15,3.259,3.258,3.262,3.249,5547762,18061575
2017-03-16,3.260,3.287,3.289,3.260,8952089,29348625
2017-03-17,3.285,3.245,3.290,3.242,10369612,33963757
2017-03-20,3.249,3.248,3.249,3.221,10115312,32737332
2017-03-21,3.244,3.270,3.270,3.237,5990925,19496688
2017-03-22,3.257,3.256,3.265,3.238,8095463,26333247
2017-03-23,3.251,3.270,3.284,3.241,29117424,95112347
2017-03-24,3.262,3.297,3.301,3.262,8195448,26954765
2017-03-27,3.295,3.278,3.302,3.267,17743915,58300344
2017-03-28,3.279,3.274,3.289,3.265,12300472,40289964
2017-03-29,3.273,3.261,3.280,3.253,9373808,30630726
2017-03-30,3.259,3.201,3.259,3.195,24151278,77621015
2017-03-31,3.202,3.232,3.237,3.202,28785090,92885182
2017-04-05,3.252,3.301,3.306,3.252,10970384,36083985
2017-04-06,3.301,3.296,3.303,3.281,5823672,19183037
2017-04-07,3.298,3.310,3.324,3.290,4908064,16224863
2017-04-10,3.315,3.278,3.315,3.277,5484411,18044547
2017-04-11,3.276,3.299,3.305,3.240,9938862,32601357
2017-04-12,3.293,3.266,3.295,3.262,5529641,18119539
2017-04-13,3.257,3.287,3.294,3.257,4685400,15372194
2017-04-14,3.284,3.253,3.296,3.246,10404313,33976187
2017-04-17,3.235,3.235,3.265,3.226,14495471,47023937
2017-04-18,3.238,3.229,3.259,3.225,10391813,33697538
2017-04-19,3.225,3.215,3.228,3.186,11729324,37580070
2017-04-20,3.215,3.229,3.240,3.214,6472566,20883700
2017-04-21,3.228,3.208,3.243,3.200,11068524,35680964
2017-04-24,3.200,3.143,3.202,3.121,19022815,60001487
2017-04-25,3.148,3.156,3.180,3.144,8439875,26712433
2017-04-26,3.154,3.180,3.197,3.154,8424054,26795289
2017-04-27,3.180,3.183,3.192,3.120,16683757,52509761
2017-04-28,3.175,3.176,3.182,3.161,5535600,17556320
2017-05-02,3.175,3.170,3.177,3.155,3274824,10377267
2017-05-03,3.170,3.154,3.180,3.151,3788040,11984381
2017-05-04,3.152,3.153,3.181,3.131,9337385,29463091
2017-05-05,3.145,3.112,3.149,3.110,9255000,28967032
2017-05-08,3.101,3.080,3.114,3.068,7294888,22570412
2017-05-09,3.075,3.084,3.090,3.044,8904041,27296775
2017-05-10,3.090,3.062,3.112,3.058,9929929,30718879
2017-05-11,3.058,3.073,3.073,3.011,13465560,41032467
2017-05-12,3.061,3.067,3.072,3.045,8800900,26933491
2017-05-15,3.072,3.090,3.099,3.072,9925700,30673391
2017-05-16,3.090,3.165,3.166,3.076,24578500,76877466
2017-05-17,3.165,3.144,3.175,3.140,15896567,50239152
2017-05-18,3.127,3.126,3.149,3.118,8734167,27358945
2017-05-19,3.124,3.122,3.136,3.100,4622200,14411764
2017-05-22,3.116,3.103,3.133,3.091,5992514,18628861
2017-05-23,3.095,3.072,3.122,3.071,9241614,28636403
2017-05-24,3.069,3.101,3.101,3.031,17511400,53720850
2017-05-25,3.097,3.115,3.116,3.059,17819800,55082016
2017-05-26,3.113,3.090,3.116,3.083,9016614,27931380
2017-05-31,3.126,3.087,3.128,3.085,8096700,25176658
2017-06-01,3.082,3.059,3.096,3.052,10766715,33143029
2017-06-02,3.050,3.077,3.084,3.033,10286329,31417100
2017-06-05,3.081,3.102,3.110,3.081,9175242,28447477
2017-06-06,3.100,3.122,3.122,3.098,7878080,24506777
2017-06-07,3.123,3.195,3.197,3.118,17081041,54144787
2017-06-08,3.194,3.193,3.203,3.181,11385489,36368260
2017-06-09,3.186,3.222,3.222,3.186,11605022,37182047
2017-06-12,3.204,3.189,3.210,3.186,11133917,35585256
2017-06-13,3.186,3.236,3.246,3.182,14432363,46504323
2017-06-14,3.234,3.207,3.240,3.204,8565001,27605434
2017-06-15,3.207,3.233,3.234,3.199,6581500,21220766
2017-06-16,3.233,3.224,3.237,3.218,5385100,17373375
2017-06-19,3.228,3.237,3.238,3.215,5578800,18019139
2017-06-20,3.242,3.241,3.258,3.237,5678500,18450229
2017-06-21,3.249,3.280,3.280,3.242,10677377,34801912
2017-06-22,3.280,3.250,3.303,3.245,12852433,42240147
2017-06-23,3.246,3.282,3.287,3.226,13522367,43975150
2017-06-26,3.283,3.340,3.340,3.283,12619029,41869477
2017-06-27,3.339,3.324,3.343,3.320,6102587,20342320
2017-06-28,3.321,3.310,3.329,3.306,6734500,22315101
2017-06-29,3.309,3.345,3.346,3.309,6585946,21961914
2017-06-30,3.339,3.350,3.354,3.313,12256983,40898581
2017-07-03,3.338,3.340,3.352,3.315,8240575,27479669
2017-07-04,3.340,3.323,3.344,3.312,4709363,15666754
2017-07-05,3.319,3.361,3.361,3.311,7621875,25427727
2017-07-06,3.352,3.353,3.378,3.336,14065606,47245606
2017-07-07,3.353,3.359,3.365,3.336,10443297,34964147
2017-07-10,3.355,3.335,3.359,3.333,7972200,26658302
2017-07-11,3.331,3.320,3.355,3.313,8654797,28890004
2017-07-12,3.315,3.328,3.329,3.288,9038197,29877410
2017-07-13,3.322,3.328,3.335,3.313,5081417,16905989
2017-07-14,3.330,3.335,3.338,3.305,4128803,13744553
2017-07-17,3.326,3.220,3.326,3.185,19135309,62197951
2017-07-18,3.219,3.229,3.240,3.191,13160610,42315044
2017-07-19,3.225,3.316,3.318,3.218,12761997,41724913
2017-07-20,3.313,3.345,3.347,3.305,11175503,37282289
2017-07-21,3.345,3.342,3.360,3.336,8053562,26992826
2017-07-24,3.331,3.351,3.357,3.331,3857201,12905978
2017-07-25,3.351,3.334,3.360,3.321,4746400,15839197
2017-07-26,3.334,3.302,3.337,3.290,6057500,20048101
2017-07-27,3.303,3.352,3.358,3.277,10593609,35273754
2017-07-28,3.345,3.368,3.373,3.341,7135281,23966480
2017-07-31,3.365,3.407,3.407,3.360,15473992,52502118
2017-08-01,3.403,3.412,3.414,3.390,8476701,28821725
2017-08-02,3.411,3.398,3.430,3.393,7029209,23983537
2017-08-03,3.394,3.367,3.404,3.366,6497600,21984096
2017-08-04,3.370,3.338,3.372,3.335,6520604,21870354
2017-08-07,3.331,3.359,3.361,3.331,7884100,26428793
2017-08-08,3.361,3.362,3.373,3.356,10416223,35025250
2017-08-09,3.354,3.386,3.386,3.354,15996625,53964509
2017-08-10,3.384,3.372,3.399,3.354,13775188,46627055
2017-08-11,3.359,3.302,3.376,3.302,9468009,31640714
2017-08-14,3.308,3.422,3.422,3.308,14231831,48261938
2017-08-15,3.424,3.438,3.442,3.419,9207142,31574987
2017-08-16,3.440,3.470,3.478,3.420,13556734,46786867
2017-08-17,3.461,3.481,3.490,3.451,7388700,25648322
2017-08-18,3.464,3.478,3.480,3.453,7867500,27283786
2017-08-21,3.472,3.484,3.488,3.466,11402200,39648861
2017-08-22,3.483,3.474,3.485,3.466,7418971,25797086
2017-08-23,3.474,3.470,3.482,3.452,5261404,18246734
2017-08-24,3.468,3.442,3.469,3.436,11360600,39169039
2017-08-25,3.440,3.476,3.482,3.440,10142433,35178381
2017-08-28,3.485,3.505,3.561,3.475,19074401,67321883
2017-08-29,3.520,3.511,3.533,3.503,7006933,24652667
2017-08-30,3.510,3.526,3.538,3.502,6305263,22241444
2017-08-31,3.529,3.542,3.542,3.524,5117530,18082329
2017-09-01,3.551,3.571,3.572,3.533,6931942,24639065
2017-09-04,3.571,3.598,3.600,3.562,7827371,28075125
2017-09-05,3.595,3.616,3.616,3.580,5553614,19987341
2017-09-06,3.607,3.618,3.637,3.597,6897844,24927296
2017-09-07,3.626,3.593,3.632,3.589,12672100,45752131
2017-09-08,3.591,3.604,3.619,3.581,9230700,33240625
2017-09-11,3.603,3.647,3.647,3.603,7719828,28023448
2017-09-12,3.649,3.650,3.698,3.628,11933314,43691843
2017-09-13,3.644,3.660,3.668,3.620,6025662,21948862
2017-09-14,3.653,3.633,3.665,3.627,7572042,27577558
2017-09-15,3.635,3.616,3.635,3.603,19401551,70190092
2017-09-18,3.616,3.659,3.664,3.616,14856345,54268299
2017-09-19,3.661,3.618,3.665,3.612,13977874,50862295
2017-09-20,3.625,3.671,3.675,3.625,17841181,65229801
2017-09-21,3.673,3.662,3.681,3.652,7328267,26870750
2017-09-22,3.648,3.640,3.653,3.623,11990200,43623117
2017-09-25,3.622,3.591,3.635,3.587,7629700,27547610
2017-09-26,3.591,3.594,3.604,3.571,8895460,31886470
2017-09-27,3.590,3.636,3.648,3.590,8372883,30380123
2017-09-28,3.636,3.638,3.649,3.626,9111810,33170966
2017-09-29,3.639,3.656,3.660,3.639,11390222,41591211
2017-10-09,3.701,3.692,3.726,3.681,13616300,50364409
2017-10-10,3.693,3.719,3.720,3.682,12460900,46177701
2017-10-11,3.718,3.732,3.742,3.702,9162350,34122422
2017-10-12,3.733,3.720,3.739,3.703,6949150,25855640
2017-10-13,3.719,3.759,3.764,3.719,12652628,47343912
2017-10-16,3.758,3.733,3.786,3.733,14743457,55436033
2017-10-17,3.730,3.732,3.753,3.709,11939202,44525440
2017-10-18,3.731,3.742,3.759,3.729,8606734,32211171
2017-10-19,3.753,3.723,3.755,3.721,8952705,33460780
2017-10-20,3.714,3.745,3.746,3.700,9906104,36874502
2017-10-23,3.736,3.770,3.772,3.736,8372209,31474612
2017-10-24,3.765,3.776,3.776,3.745,7183664,27030075
2017-10-25,3.775,3.793,3.793,3.762,8374139,31648145
2017-10-26,3.793,3.798,3.814,3.778,13742474,52195384
2017-10-27,3.792,3.773,3.803,3.771,9769000,36951572
2017-10-30,3.770,3.738,3.790,3.692,19139864,71475150
2017-10-31,3.730,3.780,3.780,3.722,15120276,56780469
2017-11-01,3.781,3.772,3.794,3.767,10071382,38111074
2017-11-02,3.771,3.769,3.779,3.739,7282232,27381063
2017-11-03,3.757,3.751,3.788,3.725,11536775,43330235
2017-11-06,3.733,3.795,3.795,3.733,8688290,32756962
2017-11-07,3.796,3.830,3.830,3.792,9487427,36157982
2017-11-08,3.829,3.818,3.865,3.810,10534462,40434808
2017-11-09,3.815,3.867,3.867,3.803,9058887,34752752
2017-11-10,3.864,3.904,3.909,3.855,13829210,53718660
2017-11-13,3.901,3.938,3.947,3.894,13863942,54398108
2017-11-14,3.941,3.898,3.950,3.886,18436877,72110432
2017-11-15,3.880,3.807,3.886,3.786,38508336,146988014
2017-11-16,3.803,3.848,3.856,3.803,15980300,61276864
2017-11-17,3.839,3.770,3.854,3.768,31418601,119795496
2017-11-20,3.751,3.850,3.850,3.706,29076994,110029957
2017-11-21,3.848,3.905,3.905,3.838,26014516,100841489
2017-11-22,3.913,3.880,3.925,3.839,34956657,135680035
2017-11-23,3.874,3.732,3.874,3.730,41905694,159200906
2017-11-24,3.717,3.731,3.768,3.701,29266539,109128700
2017-11-27,3.726,3.633,3.726,3.633,21534257,79265816
2017-11-28,3.635,3.700,3.708,3.635,26494595,97340424
2017-11-29,3.708,3.691,3.717,3.648,15955648,58782806
2017-11-30,3.680,3.642,3.700,3.633,12829650,47049421
2017-12-01,3.642,3.690,3.708,3.639,11821310,43523052
2017-12-04,3.689,3.678,3.713,3.672,9915950,36634761
2017-12-05,3.677,3.608,3.698,3.592,17791550,64660585
2017-12-06,3.612,3.637,3.641,3.558,28782728,103838864
2017-12-07,3.620,3.585,3.632,3.580,18457506,66585823
2017-12-08,3.582,3.638,3.650,3.580,19981392,72385912
2017-12-11,3.640,3.710,3.711,3.640,23223514,85621866
2017-12-12,3.718,3.686,3.737,3.685,20576653,76392148
2017-12-13,3.682,3.724,3.725,3.674,17346433,64168742
2017-12-14,3.721,3.696,3.725,3.677,15738432,58202185
2017-12-15,3.689,3.652,3.695,3.645,15000926,55013534
2017-12-18,3.643,3.613,3.659,3.604,12088800,43861363
2017-12-19,3.618,3.657,3.657,3.618,10645853,38811556
2017-12-20,3.654,3.634,3.658,3.627,9933753,36144133
2017-12-21,3.630,3.690,3.703,3.621,21033855,77208043
2017-12-22,3.683,3.671,3.703,3.665,11939674,44004113
2017-12-25,3.665,3.632,3.679,3.616,12438900,45280644
2017-12-26,3.626,3.639,3.644,3.603,15741762,57053595
2017-12-27,3.639,3.596,3.639,3.595,17030402,61572293
2017-12-28,3.594,3.613,3.627,3.585,9606402,34721373
2017-12-29,3.617,3.648,3.649,3.617,8840891,32119848
2018-01-02,3.648,3.684,3.686,3.643,16044707,58832330
2018-01-03,3.676,3.729,3.748,3.676,19680693,73158837
2018-01-04,3.725,3.745,3.750,3.717,13893142,51856349
2018-01-05,3.744,3.723,3.744,3.717,7429521,27716098
2018-01-08,3.726,3.730,3.730,3.700,7275650,27023416
2018-01-09,3.725,3.737,3.740,3.712,9337268,34792383
2018-01-10,3.734,3.729,3.739,3.692,11986368,44461250
2018-01-11,3.711,3.753,3.760,3.705,15120368,56573254
2018-01-12,3.753,3.740,3.756,3.724,12633388,47292362
2018-01-15,3.736,3.667,3.736,3.655,18693501,69001474
2018-01-16,3.665,3.672,3.691,3.646,18487959,67799065
2018-01-17,3.665,3.637,3.665,3.581,19781978,71606747
2018-01-18,3.627,3.641,3.686,3.627,13115831,47892555
2018-01-19,3.643,3.643,3.668,3.624,9427745,34407298
2018-01-22,3.635,3.709,3.710,3.630,25096945,92402447
2018-01-23,3.711,3.724,3.738,3.706,15696079,58397078
2018-01-24,3.725,3.737,3.741,3.685,24608287,91548699
2018-01-25,3.738,3.715,3.747,3.715,21955216,81996444
2018-01-26,3.710,3.704,3.721,3.700,11297430,41923850
2018-01-29,3.705,3.633,3.710,3.620,17952300,65668378
2018-01-30,3.628,3.627,3.652,3.614,11443837,41569622
2018-01-31,3.605,3.574,3.616,3.566,13535465,48554840
2018-02-01,3.574,3.487,3.592,3.481,19502868,68893965
2018-02-02,3.474,3.509,3.524,3.430,19518461,68252087
2018-02-05,3.474,3.481,3.496,3.463,6732152,23451307
2018-02-06,3.370,3.353,3.439,3.327,18856913,63773401
2018-02-07,3.388,3.304,3.411,3.274,15140010,50613145
2018-02-08,3.300,3.382,3.396,3.300,15893396,53365581
2018-02-09,3.290,3.272,3.329,3.227,22793888,74894492
2018-02-12,3.288,3.390,3.402,3.288,15057253,50484292
2018-02-13,3.399,3.398,3.442,3.390,16193672,55365870
2018-02-14,3.401,3.418,3.425,3.379,5265638,17947592
2018-02-22,3.447,3.504,3.508,3.447,12807758,44681356
2018-02-23,3.505,3.506,3.522,3.475,9646378,33739346
2018-02-26,3.530,3.617,3.632,3.530,22309706,80020246
2018-02-27,3.620,3.583,3.630,3.574,17807710,64212396
2018-02-28,3.550,3.601,3.620,3.510,17367506,62463148
2018-03-01,3.585,3.658,3.658,3.565,17106380,61968867
2018-03-02,3.630,3.588,3.645,3.585,16981807,61340953
2018-03-05,3.595,3.605,3.613,3.575,8775075,31540097
2018-03-06,3.608,3.637,3.645,3.605,16451573,59700983
2018-03-07,3.631,3.592,3.638,3.590,13484917,48798325
2018-03-08,3.593,3.622,3.625,3.588,8870879,31982584
2018-03-09,3.628,3.697,3.699,3.624,18078817,66345380
2018-03-12,3.715,3.752,3.755,3.715,21245160,79327329
2018-03-13,3.749,3.706,3.749,3.705,12907626,48042925
2018-03-14,3.692,3.675,3.717,3.671,8586217,31732630
2018-03-15,3.657,3.690,3.700,3.649,11524105,42314998
2018-03-16,3.686,3.636,3.697,3.636,9917643,36318116
2018-03-19,3.636,3.654,3.678,3.626,11817900,43220786
2018-03-20,3.624,3.651,3.653,3.611,17865900,64882112
2018-03-21,3.656,3.625,3.690,3.618,11639848,42706220
2018-03-22,3.628,3.595,3.647,3.587,12878012,46601857
2018-03-23,3.485,3.440,3.523,3.396,38915664,135086279
2018-03-26,3.402,3.510,3.510,3.383,15753285,54396610
2018-03-27,3.539,3.596,3.597,3.539,14398153,51431678
2018-03-28,3.547,3.528,3.585,3.528,10939952,38874522
2018-03-29,3.537,3.543,3.564,3.488,8445800,29841457
2018-03-30,3.547,3.588,3.594,3.547,9744553,34849555
2018-04-02,3.590,3.556,3.604,3.552,9796930,35035633
2018-04-03,3.520,3.532,3.545,3.506,10503179,37032725
2018-04-04,3.548,3.500,3.556,3.500,8531086,30167034
2018-04-09,3.497,3.494,3.525,3.469,6927857,24286520
2018-04-10,3.496,3.535,3.538,3.485,10069705,35426195
2018-04-11,3.549,3.553,3.577,3.547,8341572,29720207
2018-04-12,3.558,3.530,3.562,3.525,5910491,20930425
2018-04-13,3.556,3.520,3.557,3.510,5272070,18607401
2018-04-16,3.520,3.501,3.528,3.479,7260980,25431369
2018-04-17,3.495,3.405,3.510,3.396,17866752,61214601
2018-04-18,3.413,3.433,3.440,3.356,15315110,52106452
2018-04-19,3.431,3.459,3.487,3.423,8711800,30163313
2018-04-20,3.459,3.405,3.465,3.400,8304625,28436913
2018-04-23,3.401,3.353,3.416,3.328,8416100,28307661
2018-04-24,3.352,3.425,3.428,3.352,5902400,20072939
2018-04-25,3.419,3.417,3.438,3.405,5108300,17480439
2018-04-26,3.420,3.351,3.427,3.350,6373801,21522428
2018-04-27,3.355,3.376,3.391,3.340,7453891,25131411
2018-05-02,3.392,3.389,3.409,3.371,4198400,14222447
2018-05-03,3.395,3.426,3.428,3.351,7902400,26861543
2018-05-04,3.413,3.424,3.453,3.413,7351442,25262216
2018-05-07,3.435,3.497,3.499,3.435,10353200,35997458
2018-05-08,3.497,3.516,3.517,3.492,10868327,38127618
2018-05-09,3.511,3.514,3.523,3.502,6401164,22490714
2018-05-10,3.517,3.535,3.537,3.503,9029607,31820434
2018-05-11,3.537,3.510,3.546,3.510,6725116,23744842
2018-05-14,3.500,3.553,3.574,3.500,10687477,37974617
2018-05-15,3.567,3.570,3.570,3.534,3737194,13281935
2018-05-16,3.568,3.570,3.588,3.556,10497772,37481530
2018-05-17,3.566,3.538,3.569,3.534,4734272,16802707
2018-05-18,3.545,3.542,3.550,3.500,5971123,21066431
2018-05-21,3.552,3.581,3.599,3.552,14984015,53612807
2018-05-22,3.580,3.585,3.586,3.553,8072695,28815915
2018-05-23,3.584,3.539,3.584,3.539,8134889,28955623
2018-05-24,3.539,3.515,3.550,3.511,7605100,26828811
2018-05-25,3.515,3.465,3.515,3.465,8323112,29035368
2018-05-28,3.459,3.484,3.511,3.450,6778655,23655905
2018-05-29,3.479,3.436,3.504,3.436,6774600,23515754
2018-05-30,3.412,3.363,3.415,3.362,9229300,31224897
2018-05-31,3.390,3.422,3.430,3.372,5097100,17357118
2018-06-01,3.417,3.386,3.417,3.370,5149800,17451483
2018-06-04,3.388,3.383,3.395,3.364,5026600,16994699
2018-06-05,3.384,3.450,3.455,3.379,8917127,30546169
2018-06-06,3.450,3.447,3.465,3.440,5074805,17510071
2018-06-07,3.457,3.429,3.470,3.426,13594626,46936291
2018-06-08,3.426,3.392,3.426,3.370,15057900,50965256
2018-06-11,3.391,3.378,3.400,3.368,8974800,30395625
2018-06-12,3.379,3.415,3.418,3.352,8766800,29702638
2018-06-13,3.411,3.359,3.411,3.357,6472661,21864273
2018-06-14,3.346,3.343,3.379,3.333,6814784,22843757
2018-06-15,3.343,3.293,3.350,3.280,11623134,38339125
2018-06-19,3.250,3.120,3.254,3.108,16332004,52064664
2018-06-20,3.123,3.156,3.184,3.105,18139000,57046856
2018-06-21,3.165,3.090,3.185,3.086,12643635,39798885
2018-06-22,3.082,3.142,3.145,3.052,7542017,23408881
2018-06-25,3.160,3.111,3.173,3.110,5855400,18413217
2018-06-26,3.090,3.126,3.145,3.073,10428394,32412529
2018-06-27,3.129,3.054,3.137,3.048,8667731,26739107
2018-06-28,3.056,3.026,3.090,3.018,7160773,21897472
2018-06-29,3.038,3.131,3.136,3.024,18998599,58503161
2018-07-02,3.131,3.065,3.150,3.050,13062101,40522550
2018-07-03,3.067,3.080,3.093,2.976,17541587,53363401
2018-07-04,3.070,3.015,3.070,3.003,11596138,35176660
2018-07-05,3.003,2.938,3.033,2.938,12546499,37339342
2018-07-06,2.944,2.971,3.018,2.915,14667238,43610748
2018-07-09,2.988,3.066,3.068,2.980,12638276,38323381
2018-07-10,3.074,3.076,3.087,3.045,10644300,32654686
2018-07-11,3.040,3.031,3.049,2.983,11215161,33824045
2018-07-12,3.021,3.122,3.130,3.021,11593113,35881047
2018-07-13,3.122,3.136,3.144,3.118,6833000,21394404
2018-07-16,3.144,3.137,3.149,3.122,5458197,17105554
2018-07-17,3.125,3.121,3.132,3.082,7214800,22385706
2018-07-18,3.124,3.091,3.141,3.090,7893700,24568036
2018-07-19,3.104,3.087,3.121,3.073,5220101,16153169
2018-07-20,3.077,3.133,3.137,3.065,9946003,30960007
2018-07-23,3.123,3.151,3.153,3.105,7949400,24922876
2018-07-24,3.155,3.184,3.201,3.136,9382079,29772511
2018-07-25,3.185,3.178,3.200,3.171,7003806,22291664
2018-07-26,3.171,3.132,3.187,3.123,6885800,21652178
2018-07-27,3.130,3.122,3.140,3.106,4164200,13003794
2018-07-30,3.119,3.070,3.122,3.063,5038400,15558037
2018-07-31,3.073,3.068,3.091,3.050,4422300,13589844
2018-08-01,3.080,3.012,3.093,3.011,6240800,19079604
2018-08-02,2.999,2.937,3.011,2.886,13410429,39413793
2018-08-03,2.935,2.880,2.940,2.878,7857175,22800499
2018-08-06,2.879,2.800,2.879,2.792,13641225,38620402
2018-08-07,2.810,2.876,2.880,2.780,16374481,46431373
2018-08-08,2.870,2.817,2.871,2.809,8024477,22798596
2018-08-09,2.802,2.910,2.921,2.802,12064259,34852869
2018-08-10,2.897,2.922,2.929,2.891,5614147,16364711
2018-08-13,2.890,2.946,2.952,2.878,5610692,16332779
2018-08-14,2.934,2.922,2.944,2.907,4533233,13251633
2018-08-15,2.922,2.858,2.925,2.853,4609108,13273178
2018-08-16,2.830,2.830,2.874,2.803,4694176,13336757
2018-08-17,2.855,2.781,2.860,2.771,5778275,16235474
2018-08-20,2.783,2.810,2.820,2.758,7456275,20788163
2018-08-21,2.810,2.845,2.851,2.795,7548244,21354407
2018-08-22,2.839,2.809,2.840,2.805,5340053,15051522
2018-08-23,2.807,2.822,2.837,2.800,4869037,13739820
2018-08-24,2.818,2.818,2.833,2.798,4294752,12071636
2018-08-27,2.818,2.894,2.898,2.818,9357001,26829294
2018-08-28,2.893,2.890,2.899,2.875,4856270,14015046
2018-08-29,2.889,2.875,2.889,2.860,4588945,13163467
2018-08-30,2.870,2.840,2.887,2.838,4039473,11516376
2018-08-31,2.839,2.810,2.839,2.802,6030900,16969719
2018-09-03,2.809,2.812,2.814,2.776,5915500,16529872
2018-09-04,2.810,2.847,2.851,2.802,5923493,16762204
2018-09-05,2.835,2.803,2.841,2.803,4552800,12853635
2018-09-06,2.795,2.776,2.827,2.768,5327653,14881706
2018-09-07,2.778,2.768,2.819,2.746,6771134,18837978
2018-09-10,2.761,2.690,2.761,2.677,9585600,25950365
2018-09-11,2.690,2.690,2.704,2.670,6542297,17588524
2018-09-12,2.690,2.668,2.704,2.664,5736997,15398299
2018-09-13,2.689,2.679,2.700,2.644,8508097,22728052
2018-09-14,2.685,2.670,2.697,2.660,5041297,13522296
2018-09-17,2.651,2.624,2.664,2.624,5836050,15416725
2018-09-18,2.613,2.670,2.676,2.613,5887530,15579896
2018-09-19,2.660,2.700,2.725,2.660,9463454,25514003
2018-09-20,2.701,2.706,2.725,2.700,6059113,16426741
2018-09-21,2.712,2.779,2.779,2.684,9651089,26436233
2018-09-25,2.758,2.755,2.768,2.738,3955505,10893453
2018-09-26,2.766,2.782,2.813,2.749,7104753,19759258
2018-09-27,2.775,2.756,2.787,2.750,4521342,12507866
2018-09-28,2.751,2.776,2.776,2.744,7334400,20284892
2018-10-08,2.720,2.643,2.722,2.631,8986300,24061703
2018-10-09,2.636,2.630,2.672,2.615,7747900,20450064
2018-10-10,2.637,2.608,2.645,2.588,8620300,22555904
2018-10-11,2.512,2.430,2.539,2.410,16188975,40172393
2018-10-12,2.421,2.457,2.469,2.375,12396590,30062621
2018-10-15,2.456,2.420,2.495,2.420,11114300,27324759
2018-10-16,2.422,2.371,2.443,2.361,9409452,22481417
2018-10-17,2.412,2.393,2.417,2.344,14674300,35058707
2018-10-18,2.390,2.355,2.480,2.352,15754800,37424259
2018-10-19,2.343,2.407,2.413,2.311,21612509,51181240
2018-10-22,2.450,2.550,2.550,2.437,17068808,42503721
2018-10-23,2.547,2.467,2.548,2.452,20798600,51976559
2018-10-24,2.464,2.454,2.499,2.439,12992300,31989946
2018-10-25,2.390,2.438,2.447,2.366,8606501,20667939
2018-10-26,2.457,2.429,2.467,2.420,8537300,20887304
2018-10-29,2.422,2.369,2.432,2.366,14433957,34516705
2018-10-30,2.356,2.379,2.415,2.318,14789954,34962110
2018-10-31,2.388,2.403,2.420,2.372,13052384,31276519
2018-11-01,2.429,2.445,2.489,2.423,18266669,44934711
2018-11-02,2.550,2.576,2.600,2.511,28213626,71645001
2018-11-05,2.560,2.549,2.577,2.525,38531300,98216487
2018-11-06,2.530,2.508,2.536,2.475,24015000,60053547
2018-11-07,2.508,2.489,2.530,2.486,15999029,40082917
2018-11-08,2.509,2.475,2.513,2.464,13049735,32456809
2018-11-09,2.460,2.465,2.476,2.450,8266228,20356233
2018-11-12,2.460,2.526,2.529,2.453,20026533,49909415
2018-11-13,2.493,2.555,2.577,2.487,24621867,62297776
2018-11-14,2.551,2.534,2.556,2.530,22557756,57437980
2018-11-15,2.528,2.559,2.566,2.520,16285260,41459277
2018-11-16,2.566,2.590,2.606,2.548,33506434,86579615
2018-11-19,2.590,2.593,2.596,2.572,12678626,32750734
2018-11-20,2.561,2.524,2.576,2.514,11788369,30034735
2018-11-21,2.498,2.529,2.530,2.488,9439180,23657465
2018-11-22,2.529,2.535,2.545,2.522,21875987,55412907
2018-11-23,2.534,2.439,2.534,2.431,19005800,46962666
2018-11-26,2.425,2.431,2.455,2.424,10449900,25491311
2018-11-27,2.446,2.430,2.450,2.418,7338730,17853326
2018-11-28,2.429,2.476,2.478,2.408,11773485,28849012
2018-11-29,2.483,2.432,2.496,2.431,10820530,26729272
2018-11-30,2.425,2.462,2.467,2.414,5863400,14291890
2018-12-03,2.539,2.559,2.566,2.521,25173187,64169064
2018-12-04,2.554,2.563,2.565,2.535,7523000,19202225
2018-12-05,2.525,2.556,2.563,2.519,8817832,22373104
2018-12-06,2.541,2.491,2.541,2.482,10725500,26854920
2018-12-07,2.499,2.491,2.499,2.485,4877400,12160335
2018-12-10,2.468,2.459,2.477,2.448,5080900,12505392
2018-12-11,2.469,2.467,2.475,2.453,6123300,15103042
2018-12-12,2.473,2.466,2.485,2.463,14064000,34800484
2018-12-13,2.478,2.500,2.512,2.458,24159986,60209718
2018-12-14,2.487,2.443,2.495,2.441,12705201,31412237
2018-12-17,2.436,2.423,2.436,2.403,12122500,29330616
2018-12-18,2.411,2.403,2.429,2.384,16369900,39279849
2018-12-19,2.402,2.366,2.410,2.361,19199400,45804604
2018-12-20,2.363,2.360,2.374,2.341,21525970,50733077
2018-12-21,2.353,2.326,2.355,2.308,19895440,46229324
2018-12-24,2.315,2.347,2.349,2.312,12217100,28565471
2018-12-25,2.323,2.332,2.344,2.281,22768016,52530734
2018-12-26,2.330,2.314,2.346,2.313,11044511,25731726
2018-12-27,2.350,2.290,2.358,2.290,16068400,37383093
2018-12-28,2.296,2.294,2.312,2.277,15742829,36103421
2019-01-02,2.300,2.269,2.312,2.266,12116004,27633023
2019-01-03,2.269,2.242,2.287,2.240,20013300,45155369
2019-01-04,2.229,2.302,2.305,2.213,35023516,79376434
2019-01-07,2.312,2.352,2.354,2.312,33803567,78971367
2019-01-08,2.348,2.350,2.362,2.340,18370300,43207713
2019-01-09,2.353,2.365,2.399,2.345,27279902,64932530
2019-01-10,2.362,2.361,2.387,2.357,28247496,67012746
2019-01-11,2.361,2.374,2.385,2.355,25651101,60736818
2019-01-14,2.375,2.353,2.378,2.350,16968200,40046042
2019-01-15,2.349,2.396,2.397,2.341,19926477,47296811
2019-01-16,2.396,2.388,2.410,2.382,14259000,34159521
2019-01-17,2.382,2.367,2.395,2.364,24537201,58420022
2019-01-18,2.370,2.406,2.407,2.368,20908670,49956021
2019-01-21,2.406,2.419,2.433,2.400,28682898,69527132
2019-01-22,2.419,2.385,2.419,2.378,17787200,42658562
2019-01-23,2.384,2.384,2.395,2.373,7390550,17601793
2019-01-24,2.384,2.401,2.413,2.368,14937701,35788190
2019-01-25,2.408,2.415,2.435,2.395,20261657,48989418
2019-01-28,2.430,2.418,2.457,2.410,19262963,46923268
2019-01-29,2.408,2.396,2.412,2.360,18729360,44732272
2019-01-30,2.380,2.365,2.406,2.364,15332504,36585926
2019-01-31,2.376,2.365,2.398,2.351,16598278,39340095
2019-02-01,2.373,2.448,2.448,2.373,27804003,67318532
2019-02-11,2.460,2.529,2.532,2.456,32221105,80265077
2019-02-12,2.529,2.551,2.560,2.522,35748600,91022012
2019-02-13,2.553,2.608,2.616,2.550,34319181,88723923
2019-02-14,2.600,2.632,2.642,2.566,41018220,107292806
2019-02-15,2.622,2.598,2.630,2.592,23123011,60407751
2019-02-18,2.611,2.709,2.709,2.608,37164595,98941634
2019-02-19,2.725,2.700,2.739,2.667,37724099,102172848
2019-02-20,2.700,2.718,2.725,2.677,29066900,78655746
2019-02-21,2.715,2.710,2.773,2.698,28215537,77032806
2019-02-22,2.707,2.790,2.790,2.692,37114889,101379092
2019-02-25,2.821,2.934,2.950,2.818,58723279,168780448
2019-02-26,2.934,2.910,2.972,2.884,71662007,209607853
2019-02-27,2.890,2.878,2.924,2.830,50791913,146382358
2019-02-28,2.862,2.873,2.893,2.852,28223620,81068857
2019-03-01,2.893,2.895,2.920,2.848,44572583,128223277
2019-03-04,2.915,2.959,3.028,2.915,64598106,191242049
2019-03-05,2.948,3.031,3.031,2.937,52280220,156008326
2019-03-06,3.044,3.060,3.067,3.005,82744241,250935336
2019-03-07,3.055,3.044,3.075,3.005,77948766,236980655
2019-03-08,2.997,2.967,3.073,2.936,69568151,209343581
2019-03-11,2.960,3.074,3.078,2.960,53117838,161003542
2019-03-12,3.100,3.118,3.144,3.062,56996575,176906340
2019-03-13,3.115,3.025,3.115,3.008,73195421,224398693
2019-03-14,3.000,2.973,3.030,2.941,105095848,313715610
2019-03-15,2.992,3.023,3.054,2.991,46426090,140385202
2019-03-18,3.010,3.103,3.104,2.995,53930788,165237218
2019-03-19,3.105,3.094,3.124,3.076,27378169,84857719
2019-03-20,3.089,3.077,3.096,3.031,29570801,90652860
2019-03-21,3.075,3.102,3.120,3.070,26010773,80477287
2019-03-22,3.092,3.101,3.107,3.036,38818239,119563271
2019-03-25,3.050,3.045,3.090,3.038,40444130,124062136
2019-03-26,3.060,2.979,3.070,2.973,37032854,111556085
2019-03-27,2.994,3.005,3.008,2.958,22687354,67940000
2019-03-28,2.980,2.990,3.039,2.980,27835253,83815484
2019-03-29,2.991,3.111,3.111,2.980,36749852,112626783
2019-04-01,3.111,3.223,3.223,3.111,37690671,120276002
2019-04-02,3.235,3.207,3.235,3.201,30801208,99106708
2019-04-03,3.192,3.236,3.246,3.186,31005627,99608779
2019-04-04,3.238,3.241,3.261,3.215,35567250,115133212
2019-04-08,3.270,3.208,3.287,3.170,29312259,94617241
2019-04-09,3.178,3.210,3.220,3.171,21697337,69441376
2019-04-10,3.200,3.200,3.227,3.167,19800847,63174969
2019-04-11,3.200,3.126,3.207,3.120,21705260,68441173
2019-04-12,3.126,3.127,3.134,3.101,16472601,51322459
2019-04-15,3.165,3.099,3.190,3.098,23910101,75485905
2019-04-16,3.072,3.168,3.168,3.056,24747700,76639847
2019-04-17,3.168,3.179,3.206,3.162,29058100,92496445
2019-04-18,3.178,3.152,3.185,3.150,19900350,63021026
2019-04-19,3.151,3.184,3.184,3.128,23696602,74681178
2019-04-22,3.186,3.125,3.187,3.120,13618200,43011013
2019-04-23,3.119,3.091,3.136,3.086,17013700,52938446
2019-04-24,3.096,3.123,3.128,3.061,27860100,86336561
2019-04-25,3.110,3.029,3.118,3.025,25075401,77453961
2019-04-26,3.027,2.977,3.027,2.972,36928100,110637435
2019-04-29,2.966,2.931,2.989,2.920,31326000,92659062
2019-04-30,2.932,2.944,2.961,2.918,33005965,97243227
2019-05-06,2.860,2.736,2.860,2.713,39099814,108810231
2019-05-07,2.755,2.773,2.788,2.720,29773863,82174176
2019-05-08,2.732,2.743,2.794,2.708,26915727,73986540
2019-05-09,2.738,2.705,2.745,2.696,64640428,175725370
2019-05-10,2.730,2.800,2.804,2.668,39096137,108047601
2019-05-13,2.772,2.744,2.776,2.730,29389139,81055474
2019-05-14,2.725,2.724,2.748,2.711,20459862,55902254
2019-05-15,2.737,2.778,2.790,2.737,20059165,55559717
2019-05-16,2.770,2.788,2.796,2.763,14906338,41475572
2019-05-17,2.797,2.711,2.801,2.700,25384321,69764659
2019-05-20,2.700,2.682,2.720,2.639,36583300,97411367
2019-05-21,2.680,2.735,2.744,2.670,36847744,100212177
2019-05-22,2.720,2.719,2.747,2.704,25300302,68918113
2019-05-23,2.705,2.646,2.708,2.636,41161101,109811075
2019-05-24,2.644,2.629,2.660,2.620,31624973,83330814
2019-05-27,2.632,2.692,2.705,2.620,35064845,93229949
2019-05-28,2.694,2.695,2.726,2.682,23665545,63939023
2019-05-29,2.687,2.700,2.723,2.687,14311200,38679866
2019-05-30,2.685,2.692,2.692,2.661,15113500,40423722
2019-05-31,2.691,2.688,2.716,2.673,49496946,133479135
2019-06-03,2.692,2.675,2.716,2.660,17718745,47498287
2019-06-04,2.676,2.636,2.676,2.625,17651400,46761588
2019-06-05,2.665,2.636,2.665,2.629,12380400,32753936
2019-06-06,2.628,2.580,2.636,2.574,17542100,45630496
2019-06-10,2.584,2.627,2.641,2.583,17146224,44871069
2019-06-11,2.622,2.725,2.727,2.622,21090592,56636934
2019-06-12,2.720,2.702,2.725,2.696,12596900,34134829
2019-06-13,2.692,2.698,2.707,2.675,12254200,33002161
2019-06-14,2.693,2.655,2.708,2.651,12724802,34066932
2019-06-17,2.656,2.645,2.672,2.638,16645800,44103158
2019-06-18,2.652,2.650,2.665,2.630,10777464,28515266
2019-06-19,2.740,2.707,2.748,2.701,28511894,77691369
2019-06-20,2.703,2.761,2.780,2.696,21236751,58281804
2019-06-21,2.806,2.790,2.808,2.766,28992878,80928751
2019-06-24,2.790,2.786,2.800,2.772,15423950,42939780
2019-06-25,2.772,2.751,2.788,2.720,23060947,63247174
2019-06-26,2.735,2.770,2.778,2.726,12527475,34608686
2019-06-27,2.773,2.813,2.818,2.773,24371562,68382157
2019-06-28,2.800,2.790,2.812,2.771,14808101,41268184
2019-07-01,2.860,2.907,2.907,2.845,25450088,73275704
2019-07-02,2.904,2.901,2.912,2.888,11098400,32216176
2019-07-03,2.898,2.866,2.898,2.855,15113701,43420682
2019-07-04,2.870,2.836,2.878,2.826,9645001,27456371
2019-07-05,2.838,2.854,2.860,2.834,8618100,24563684
2019-07-08,2.843,2.782,2.844,2.758,18991300,52999847
2019-07-09,2.775,2.777,2.786,2.756,9777200,27114494
2019-07-10,2.782,2.762,2.789,2.760,8665701,24050397
2019-07-11,2.776,2.755,2.799,2.744,8570237,23761023
2019-07-12,2.749,2.771,2.778,2.745,7749902,21456749
2019-07-15,2.760,2.799,2.820,2.722,17877001,49628733
2019-07-16,2.795,2.791,2.804,2.787,6674802,18666901
2019-07-17,2.788,2.805,2.817,2.780,10470400,29389046
2019-07-18,2.798,2.753,2.798,2.750,11020200,30494002
2019-07-19,2.754,2.769,2.793,2.754,8083300,22445043
2019-07-22,2.780,2.753,2.900,2.733,9090690,25134370
2019-07-23,2.753,2.777,2.777,2.750,8682500,24014088
2019-07-24,2.778,2.813,2.823,2.778,13808160,38798511
2019-07-25,2.809,2.846,2.848,2.807,21658600,61465460
2019-07-26,2.838,2.854,2.860,2.833,13197700,37582131
2019-07-29,2.858,2.858,2.866,2.843,8301700,23684498
2019-07-30,2.852,2.866,2.891,2.852,16782201,48241653
2019-07-31,2.860,2.852,2.863,2.846,10375600,29623787
2019-08-01,2.845,2.838,2.850,2.822,13622300,38644521
2019-08-02,2.767,2.788,2.794,2.754,19212800,53344920
2019-08-05,2.770,2.732,2.802,2.732,17983762,49780413
2019-08-06,2.690,2.702,2.716,2.649,28357537,76039113
2019-08-07,2.713,2.689,2.727,2.689,9779088,26500873
2019-08-08,2.700,2.717,2.724,2.693,13733229,37265252
2019-08-09,2.728,2.687,2.736,2.686,10138600,27485431
2019-08-12,2.683,2.755,2.755,2.683,11290299,30688254
2019-08-13,2.725,2.721,2.739,2.713,11533799,31433210
2019-08-14,2.763,2.743,2.777,2.740,11778294,32543547
2019-08-15,2.696,2.766,2.769,2.684,20030900,54574956
2019-08-16,2.767,2.794,2.819,2.760,22853495,63922383
2019-08-19,2.819,2.884,2.884,2.811,17335178,49326726
2019-08-20,2.884,2.868,2.892,2.858,11545494,33213415
2019-08-21,2.861,2.867,2.884,2.852,11416882,32733239
2019-08-22,2.875,2.876,2.879,2.854,8024467,22997174
2019-08-23,2.867,2.887,2.898,2.864,10323153,29720841
2019-08-26,2.842,2.852,2.859,2.827,16910100,48167089
2019-08-27,2.867,2.917,2.938,2.867,16942253,49270086
2019-08-28,2.912,2.905,2.920,2.894,12003510,34862470
2019-08-29,2.912,2.910,2.928,2.894,8285200,24126502
2019-08-30,2.920,2.894,2.938,2.875,10754210,31358232
2019-09-02,2.885,2.948,2.960,2.885,12374927,36251379
2019-09-03,2.946,2.994,2.994,2.945,14998720,44492223
2019-09-04,2.989,3.000,3.003,2.962,14620823,43618366
2019-09-05,3.009,3.021,3.066,3.009,45342356,138212033
2019-09-06,3.029,3.034,3.047,3.007,12748200,38632767
2019-09-09,3.062,3.092,3.096,3.045,16478340,50577006
2019-09-10,3.097,3.080,3.100,3.060,10896601,33533968
2019-09-11,3.087,3.044,3.096,3.040,13429000,41149901
2019-09-12,3.057,3.064,3.068,3.035,23520401,71745850
2019-09-16,3.080,3.067,3.092,3.055,13370299,41090500
2019-09-17,3.062,3.011,3.067,2.994,10122900,30622242
2019-09-18,3.013,3.021,3.039,2.999,8194700,24734155
2019-09-19,3.029,3.058,3.059,3.021,9630700,29271687
2019-09-20,3.055,3.068,3.076,3.053,8212400,25182616
2019-09-23,3.066,3.050,3.066,3.025,8231300,24992474
2019-09-24,3.042,3.055,3.086,3.042,11615099,35603712
2019-09-25,3.049,3.002,3.049,2.995,11402400,34349637
2019-09-26,3.005,2.941,3.014,2.941,12425301,36912758
2019-09-27,2.939,2.986,2.990,2.939,10602301,31501193
2019-09-30,2.975,2.949,2.997,2.949,10421000,30975795
2019-10-08,2.944,2.931,2.969,2.929,19500500,57394983
2019-10-09,2.917,2.942,2.945,2.896,12510700,36534423
2019-10-10,2.929,2.990,2.994,2.928,18978000,56106311
2019-10-11,2.999,2.999,3.010,2.971,8221600,24622511
2019-10-14,3.028,3.036,3.059,3.019,9615932,29217253
2019-10-15,3.025,2.988,3.025,2.981,8498000,25457899
2019-10-16,2.992,2.985,3.015,2.980,7542700,22572256
2019-10-17,2.985,3.001,3.004,2.985,6206400,18609315
2019-10-18,3.001,2.963,3.015,2.956,18769611,56144288
2019-10-21,2.955,2.975,2.976,2.945,7582500,22472810
2019-10-22,2.977,3.011,3.011,2.975,11065000,33124699
2019-10-23,3.015,2.980,3.015,2.973,6620100,19823624
2019-10-24,2.975,2.982,2.992,2.960,5060500,15072713
2019-10-25,2.982,3.026,3.026,2.966,10179701,30580337
2019-10-28,3.059,3.080,3.080,3.043,12727422,39005418
2019-10-29,3.080,3.054,3.081,3.054,8827220,27087065
2019-10-30,3.046,3.041,3.050,3.016,7295700,22132681
2019-10-31,3.042,3.013,3.048,3.013,6580000,19901753
2019-11-01,3.015,3.049,3.054,2.994,8366600,25381654
2019-11-04,3.049,3.068,3.084,3.049,8967045,27519463
2019-11-05,3.075,3.099,3.110,3.065,10935791,33787592
2019-11-06,3.098,3.075,3.103,3.063,8163786,25187669
2019-11-07,3.074,3.092,3.100,3.070,7651856,23613581
2019-11-08,3.115,3.092,3.133,3.091,10064500,31352484
2019-11-11,3.085,3.041,3.087,3.035,8178600,25036395
2019-11-12,3.037,3.041,3.055,3.004,6710000,20325560
2019-11-13,3.035,3.049,3.054,3.023,5602000,17033012
2019-11-14,3.049,3.070,3.083,3.041,6636100,20325576
2019-11-15,3.070,3.044,3.085,3.041,8692400,26637219
2019-11-18,3.034,3.062,3.065,3.025,5745300,17513851
2019-11-19,3.057,3.119,3.121,3.053,12316600,38172001
2019-11-20,3.119,3.090,3.128,3.086,8421945,26194213
2019-11-21,3.086,3.081,3.096,3.066,7291100,22457574
2019-11-22,3.085,3.021,3.118,3.009,16789300,51317382
2019-11-25,3.005,3.000,3.024,2.970,11914700,35687251
2019-11-26,3.002,3.005,3.024,2.995,5898900,17755861
2019-11-27,3.004,3.013,3.031,2.983,7025900,21136242
2019-11-28,3.012,2.998,3.022,2.989,6149200,18478098
2019-11-29,2.998,2.984,3.004,2.957,7758100,23114890
2019-12-02,2.985,2.992,3.013,2.985,5290074,15860634
2019-12-03,2.989,2.999,2.999,2.960,6160105,18337031
2019-12-04,2.986,3.006,3.014,2.984,4608300,13820017
2019-12-05,3.010,3.055,3.059,3.009,12894100,39142770
2019-12-06,3.065,3.077,3.077,3.047,7005100,21457951
2019-12-09,3.081,3.060,3.088,3.057,5742200,17631360
2019-12-10,3.056,3.073,3.074,3.041,6399005,19581042
2019-12-11,3.069,3.061,3.080,3.054,4865400,14914263
2019-12-12,3.052,3.052,3.067,3.047,5082614,15536974
2019-12-13,3.069,3.107,3.110,3.066,8967701,27673649
2019-12-16,3.113,3.158,3.159,3.109,10438690,32739994
2019-12-17,3.160,3.203,3.215,3.157,15398100,49050289
2019-12-18,3.208,3.202,3.228,3.195,15501660,49785852
2019-12-19,3.199,3.194,3.209,3.179,9157200,29231721
2019-12-20,3.200,3.178,3.210,3.178,8228461,26278906
2019-12-23,3.176,3.122,3.177,3.117,16536307,52117661
2019-12-24,3.123,3.166,3.167,3.123,6757024,21256585
2019-12-25,3.162,3.185,3.197,3.160,7354700,23387394
2019-12-26,3.186,3.205,3.209,3.180,8441300,26966499
2019-12-27,3.206,3.180,3.228,3.180,11120600,35647738
2019-12-30,3.170,3.216,3.218,3.148,13071350,41703152
2019-12-31,3.200,3.249,3.249,3.200,9580300,30978142
2020-01-02,3.267,3.340,3.342,3.257,13996668,46347662
2020-01-03,3.343,3.348,3.355,3.322,11517100,38505074
2020-01-06,3.327,3.376,3.416,3.314,15530500,52455761
2020-01-07,3.378,3.418,3.418,3.366,10931202,37117332
2020-01-08,3.400,3.367,3.413,3.360,12528901,42378320
2020-01-09,3.392,3.428,3.428,3.392,13091900,44650633
2020-01-10,3.435,3.417,3.445,3.398,9411500,32148830
2020-01-13,3.416,3.493,3.493,3.414,13471701,46576129
2020-01-14,3.500,3.483,3.526,3.481,14363607,50266384
2020-01-15,3.480,3.484,3.494,3.441,11838200,41042621
2020-01-16,3.487,3.488,3.503,3.475,9447101,32974680
2020-01-17,3.491,3.478,3.511,3.466,17465200,61111733
2020-01-20,3.481,3.542,3.547,3.475,12407303,43640282
2020-01-21,3.530,3.498,3.535,3.490,14691150,51575307
2020-01-22,3.479,3.567,3.578,3.438,52234200,184985172
2020-01-23,3.522,3.444,3.563,3.400,23390055,81534063
2020-02-03,3.100,3.100,3.207,3.100,25644000,80529201
2020-02-04,3.117,3.260,3.264,3.117,47405277,152177305
2020-02-05,3.270,3.336,3.395,3.270,20287700,67671651
2020-02-06,3.349,3.430,3.438,3.277,15831601,53410751
2020-02-07,3.412,3.427,3.440,3.364,12407350,42217933
2020-02-10,3.400,3.454,3.455,3.390,14673244,50287611
2020-02-11,3.460,3.475,3.508,3.431,11995943,41619975
2020-02-12,3.465,3.539,3.543,3.456,10888717,38250489
2020-02-13,3.525,3.513,3.558,3.495,11464101,40408593
2020-02-14,3.495,3.534,3.575,3.495,9688695,34297855
2020-02-17,3.549,3.645,3.645,3.549,13624401,49007832
2020-02-18,3.650,3.643,3.651,3.589,16347973,59313333
2020-02-19,3.639,3.621,3.677,3.615,14791595,53924082
2020-02-20,3.622,3.718,3.718,3.622,25321495,93372699
2020-02-21,3.715,3.769,3.800,3.702,12394495,46570428
2020-02-24,3.738,3.814,3.836,3.715,17708900,66986844
2020-02-25,3.759,3.854,3.866,3.671,28440400,107637823
2020-02-26,3.816,3.715,3.819,3.694,31718600,119782580
2020-02-27,3.727,3.723,3.779,3.660,16106794,59997849
2020-02-28,3.635,3.543,3.667,3.535,28936034,104529120
2020-03-02,3.565,3.676,3.705,3.550,13074435,47520171
2020-03-03,3.725,3.700,3.796,3.664,19444772,72824485
2020-03-04,3.681,3.686,3.704,3.609,15882589,58256699
2020-03-05,3.719,3.733,3.747,3.684,11626355,43188665
2020-03-06,3.694,3.704,3.743,3.678,12484389,46362876
2020-03-09,3.640,3.539,3.654,3.538,13689610,49227595
2020-03-10,3.520,3.648,3.648,3.480,17209697,61297842
2020-03-11,3.647,3.570,3.660,3.568,8550201,30929155
2020-03-12,3.529,3.487,3.529,3.456,11556815,40354846
2020-03-13,3.350,3.452,3.496,3.315,17754401,60272132
2020-03-16,3.462,3.258,3.487,3.239,16680526,56022928
2020-03-17,3.276,3.233,3.318,3.128,20973700,67757264
2020-03-18,3.245,3.205,3.349,3.205,19112744,62754861
2020-03-19,3.210,3.227,3.253,3.126,25232151,80613852
2020-03-20,3.252,3.258,3.278,3.194,13067843,42421307
2020-03-23,3.154,3.087,3.175,3.076,18490796,57885018
2020-03-24,3.143,3.142,3.159,3.048,20563701,64099766
2020-03-25,3.210,3.254,3.263,3.210,17535522,56794436
2020-03-26,3.230,3.222,3.270,3.211,11365522,36828829
2020-03-27,3.276,3.205,3.279,3.202,11910800,38549985
2020-03-30,3.165,3.135,3.166,3.094,13228200,41362280
2020-03-31,3.160,3.179,3.199,3.160,11701750,37203654
2020-04-01,3.178,3.181,3.240,3.167,12202400,39182220
2020-04-02,3.155,3.276,3.276,3.155,12386445,39926510
2020-04-03,3.272,3.247,3.287,3.233,11017300,35892120
2020-04-07,3.302,3.354,3.354,3.302,14991800,49932527
2020-04-08,3.338,3.335,3.351,3.320,11839500,39486197
2020-04-09,3.351,3.348,3.361,3.328,13476800,45058456
2020-04-10,3.348,3.281,3.348,3.267,11110300,36668342
2020-04-13,3.276,3.238,3.276,3.226,7721800,25008939
2020-04-14,3.258,3.333,3.333,3.250,9662000,31837665
2020-04-15,3.330,3.332,3.370,3.320,11984300,40164476
2020-04-16,3.322,3.349,3.358,3.303,8713600,29050832
2020-04-17,3.368,3.369,3.407,3.361,14054301,47623531
2020-04-20,3.380,3.398,3.398,3.364,12649419,42827930
2020-04-21,3.393,3.363,3.393,3.322,8384850,28125167
2020-04-22,3.339,3.399,3.400,3.328,8637913,29115630
2020-04-23,3.403,3.367,3.406,3.361,7277275,24627623
2020-04-24,3.356,3.324,3.373,3.315,7218700,24101989
2020-04-27,3.333,3.350,3.375,3.313,7495400,25116202
2020-04-28,3.345,3.380,3.395,3.270,9492701,31780403
2020-04-29,3.370,3.390,3.414,3.362,8323700,28266679
2020-04-30,3.416,3.482,3.482,3.401,14870301,51445909
2020-05-06,3.440,3.520,3.523,3.438,11316001,39418185
2020-05-07,3.523,3.504,3.536,3.499,14030865,49309914
2020-05-08,3.520,3.545,3.562,3.515,18697901,66163604
2020-05-11,3.550,3.509,3.562,3.494,15563900,54953350
2020-05-12,3.507,3.528,3.528,3.475,9238062,32384498
2020-05-13,3.516,3.549,3.562,3.505,8376100,29592034
2020-05-14,3.530,3.511,3.542,3.501,8959400,31594996
2020-05-15,3.519,3.503,3.537,3.499,8573001,30146760
2020-05-18,3.500,3.476,3.508,3.455,7678200,26764564
2020-05-19,3.496,3.533,3.535,3.495,8457810,29750431
2020-05-20,3.530,3.503,3.537,3.488,6264201,22027901
2020-05-21,3.508,3.457,3.515,3.455,6224841,21683645
2020-05-22,3.450,3.398,3.462,3.381,8147917,27902638
2020-05-25,3.383,3.379,3.397,3.362,5009101,16919604
2020-05-26,3.385,3.453,3.453,3.385,8341333,28623249
2020-05-27,3.453,3.407,3.454,3.401,7250900,24821478
2020-05-28,3.402,3.397,3.423,3.348,10725600,36313553
2020-05-29,3.395,3.432,3.445,3.380,8572700,29320346
2020-06-01,3.462,3.560,3.565,3.462,12666150,44755018
2020-06-02,3.567,3.554,3.576,3.542,7486245,26655750
2020-06-03,3.563,3.571,3.616,3.552,12068182,43347892
2020-06-04,3.579,3.574,3.595,3.556,6681294,23906723
2020-06-05,3.580,3.599,3.600,3.562,8895846,31874331
2020-06-08,3.611,3.594,3.642,3.591,8100000,29279520
2020-06-09,3.601,3.629,3.630,3.590,8144614,29426991
2020-06-10,3.626,3.655,3.657,3.617,7435514,27061900
2020-06-11,3.655,3.634,3.689,3.615,7098000,25953030
2020-06-12,3.588,3.636,3.653,3.572,10324032,37245254
2020-06-15,3.617,3.612,3.669,3.612,6740400,24530671
2020-06-16,3.640,3.688,3.688,3.639,10156470,37235118
2020-06-17,3.709,3.706,3.709,3.667,12483115,46047297
2020-06-18,3.703,3.737,3.744,3.688,7150800,26624942
2020-06-19,3.739,3.787,3.800,3.739,6492364,24538780
2020-06-22,3.803,3.815,3.830,3.795,9672296,36846614
2020-06-23,3.817,3.866,3.866,3.798,9561140,36653218
2020-06-24,3.866,3.870,3.882,3.852,6772950,26198609
2020-06-29,3.855,3.839,3.888,3.821,7023300,26993693
2020-06-30,3.853,3.940,3.945,3.853,9503311,37178787
2020-07-01,3.950,3.976,3.979,3.913,9102401,35990101
2020-07-02,3.977,4.030,4.036,3.960,10504420,42107500
2020-07-03,4.039,4.090,4.090,3.999,15225113,61468420
2020-07-06,4.101,4.359,4.365,4.101,23351692,98182058
2020-07-07,4.359,4.349,4.453,4.276,23748476,103983729
2020-07-08,4.345,4.407,4.421,4.297,14908901,64989956
2020-07-09,4.408,4.540,4.558,4.390,14774796,66346672
2020-07-10,4.526,4.500,4.561,4.472,14390500,65026754
2020-07-13,4.485,4.687,4.687,4.485,19658058,90733446
2020-07-14,4.688,4.607,4.688,4.509,28287600,130199000
2020-07-15,4.630,4.501,4.642,4.487,20559794,93805486
2020-07-16,4.501,4.273,4.545,4.245,25004012,109703713
2020-07-17,4.251,4.311,4.372,4.230,21263411,91532226
2020-07-20,4.350,4.421,4.425,4.297,24234401,105925220
2020-07-21,4.454,4.428,4.456,4.381,13695224,60610367
2020-07-22,4.422,4.485,4.533,4.391,15666967,70130098
2020-07-23,4.450,4.473,4.483,4.346,14971901,66266042
2020-07-24,4.446,4.214,4.446,4.193,21290701,91564369
2020-07-27,4.209,4.236,4.275,4.204,10367661,43985670
2020-07-28,4.255,4.302,4.317,4.255,10234001,43859724
2020-07-29,4.295,4.428,4.430,4.279,14402400,62995671
2020-07-30,4.436,4.404,4.446,4.392,9159720,40457713
2020-07-31,4.404,4.478,4.506,4.390,13078201,58332998
2020-08-03,4.502,4.572,4.577,4.488,10794891,48975146
2020-08-04,4.580,4.529,4.586,4.502,10982700,49954278
2020-08-05,4.538,4.567,4.584,4.485,10194500,46290055
2020-08-06,4.575,4.535,4.575,4.476,10637801,48154879
2020-08-07,4.531,4.477,4.545,4.399,11371900,50878857
2020-08-10,4.445,4.473,4.505,4.391,10569600,46920485
2020-08-11,4.463,4.412,4.530,4.410,8268050,37097939
2020-08-12,4.398,4.386,4.423,4.279,11552137,50188394
2020-08-13,4.398,4.367,4.423,4.360,5883100,25783858
2020-08-14,4.366,4.447,4.450,4.365,7725100,34075023
2020-08-17,4.460,4.518,4.522,4.431,63475900,284473781
2020-08-18,4.529,4.509,4.529,4.476,6250290,28146086
2020-08-19,4.507,4.413,4.507,4.413,6675175,29766545
2020-08-20,4.406,4.377,4.425,4.360,5613601,24637566
2020-08-21,4.400,4.461,4.480,4.400,7668750,34195430
2020-08-24,4.480,4.540,4.549,4.460,8822891,39793380
2020-08-25,4.544,4.505,4.560,4.493,7368920,33360277
2020-08-26,4.515,4.436,4.539,4.427,7120996,31870834
2020-08-27,4.445,4.468,4.468,4.410,6627000,29466848
2020-08-28,4.472,4.570,4.570,4.441,9106200,41098223
2020-08-31,4.597,4.510,4.597,4.502,9184501,41855993
2020-09-01,4.507,4.553,4.553,4.477,8212800,37059051
2020-09-02,4.552,4.562,4.580,4.518,7856041,35819249
2020-09-03,4.560,4.499,4.560,4.491,16647137,75448325
2020-09-04,4.417,4.469,4.481,4.410,7278920,32323128
2020-09-07,4.467,4.340,4.478,4.321,9512886,41850511
2020-09-08,4.340,4.316,4.346,4.270,8227114,35447873
2020-09-09,4.273,4.179,4.273,4.141,11894923,49997451
2020-09-10,4.201,4.155,4.256,4.150,9123388,38506137
2020-09-11,4.155,4.230,4.238,4.151,7014373,29454322
2020-09-14,4.246,4.260,4.286,4.223,8696900,37055190
2020-09-15,4.254,4.310,4.313,4.241,4958300,21244214
2020-09-16,4.309,4.262,4.309,4.244,4117600,17591137
2020-09-17,4.260,4.273,4.311,4.214,6043700,25724137
2020-09-18,4.276,4.352,4.352,4.264,7844300,33778290
2020-09-21,4.352,4.303,4.364,4.296,5170590,22387975
2020-09-22,4.292,4.260,4.330,4.247,6338117,27180001
2020-09-23,4.275,4.292,4.311,4.255,3820251,16362781
2020-09-24,4.271,4.210,4.272,4.210,5006800,21224639
2020-09-25,4.229,4.215,4.253,4.206,3785000,15999181
2020-09-28,4.236,4.211,4.249,4.205,3732100,15787848
2020-09-29,4.231,4.264,4.280,4.231,4518263,19233821
2020-09-30,4.273,4.271,4.315,4.242,4250611,18188691
2020-10-09,4.330,4.399,4.409,4.330,8126773,35572472
2020-10-12,4.437,4.522,4.522,4.400,264778149,1180547033
2020-10-13,4.518,4.575,4.588,4.480,12618292,57360484
2020-10-14,4.574,4.534,4.574,4.521,5848511,26522430
2020-10-15,4.534,4.513,4.552,4.511,3386300,15340314
2020-10-16,4.510,4.468,4.530,4.446,6650100,29774758
2020-10-19,4.498,4.439,4.515,4.426,5811600,25991926
2020-10-20,4.432,4.505,4.507,4.419,11462002,51419393
2020-10-21,4.505,4.449,4.514,4.422,15232100,67748070
2020-10-22,4.430,4.432,4.443,4.392,4401400,19439237
2020-10-23,4.428,4.352,4.463,4.339,6405200,28131984
2020-10-26,4.335,4.393,4.418,4.280,6101300,26630817
2020-10-27,4.359,4.428,4.439,4.359,4744700,20932848
2020-10-28,4.434,4.495,4.508,4.400,9722704,43516205
2020-10-29,4.429,4.513,4.545,4.418,9015105,40551271
2020-10-30,4.516,4.409,4.521,4.402,11231425,50274745
2020-11-02,4.409,4.456,4.479,4.409,8181875,36359422
2020-11-03,4.470,4.495,4.514,4.457,7681650,34480601
2020-11-04,4.510,4.525,4.538,4.485,6097550,27530770
2020-11-05,4.591,4.609,4.612,4.545,27010083,123899199
2020-11-06,4.627,4.592,4.627,4.545,7922453,36284807
2020-11-09,4.597,4.687,4.718,4.597,10991946,51377571
2020-11-10,4.694,4.620,4.694,4.601,7193522,33285367
2020-11-11,4.618,4.515,4.618,4.508,7043900,32069902
2020-11-12,4.505,4.524,4.554,4.505,4600400,20835535
2020-11-13,4.525,4.512,4.529,4.483,6458600,29086440
2020-11-16,4.516,4.516,4.529,4.451,6451400,28940123
2020-11-17,4.516,4.472,4.516,4.429,7749100,34516538
2020-11-18,4.463,4.439,4.472,4.410,7932150,35184432
2020-11-19,4.432,4.485,4.497,4.407,8014250,35810349
2020-11-20,4.495,4.499,4.509,4.475,7700500,34574537
2020-11-23,4.500,4.505,4.530,4.466,7035200,31633090
2020-11-24,4.501,4.488,4.515,4.472,4475200,20083019
2020-11-25,4.496,4.418,4.504,4.414,6789900,30226107
2020-11-26,4.416,4.404,4.428,4.351,6371500,27957791
2020-11-27,4.398,4.448,4.448,4.392,5164100,22829099
2020-11-30,4.448,4.448,4.495,4.427,7782100,34784989
2020-12-01,4.455,4.524,4.527,4.442,6821100,30693087
2020-12-02,4.533,4.518,4.538,4.492,4850700,21909684
2020-12-03,4.496,4.532,4.544,4.496,5177400,23432642
2020-12-04,4.523,4.569,4.574,4.520,5765401,26232102
2020-12-07,4.562,4.561,4.589,4.550,4572300,20884185
2020-12-08,4.577,4.562,4.592,4.557,4603101,21037385
2020-12-09,4.563,4.496,4.589,4.495,11966701,54557896
2020-12-10,4.494,4.487,4.521,4.452,4726800,21191788
2020-12-11,4.485,4.408,4.491,4.370,9282700,40954981
2020-12-14,4.396,4.435,4.435,4.383,4507300,19871961
2020-12-15,4.430,4.468,4.474,4.416,3044739,13539441
2020-12-16,4.474,4.449,4.484,4.440,6938095,30925423
2020-12-17,4.440,4.476,4.481,4.420,7408900,33030796
2020-12-18,4.482,4.481,4.503,4.464,5372900,24098208
2020-12-21,4.479,4.567,4.572,4.466,8183550,37092115
2020-12-22,4.566,4.521,4.610,4.511,7405100,33745985
2020-12-23,4.523,4.575,4.583,4.512,5656630,25753408
2020-12-24,4.570,4.571,4.622,4.552,6322461,29018050
2020-12-25,4.570,4.608,4.611,4.551,5559942,25503949
2020-12-28,4.600,4.572,4.604,4.565,4359201,19973653
2020-12-29,4.575,4.558,4.598,4.539,5113000,23335451
2020-12-30,4.536,4.617,4.627,4.536,5373209,24740408
2020-12-31,4.619,4.706,4.707,4.619,9287609,43404879
2021-01-04,4.688,4.830,4.832,4.688,9303500,44449679
2021-01-05,4.817,4.990,4.990,4.803,9957064,48941766
2021-01-06,4.995,4.991,5.041,4.935,6517593,32483697
2021-01-07,4.991,5.092,5.092,4.985,9549507,48104086
2021-01-08,5.118,5.084,5.138,5.038,8452750,42898304
2021-01-11,5.089,5.055,5.172,5.018,8258000,42156271
2021-01-12,5.051,5.160,5.160,5.014,6145100,31274206
2021-01-13,5.173,5.122,5.204,5.083,6931405,35718711
2021-01-14,5.106,5.002,5.114,4.988,8294712,41791392
2021-01-15,4.994,4.985,5.025,4.900,6206290,30828874
2021-01-18,4.945,5.064,5.098,4.945,6583288,33254491
2021-01-19,5.068,4.973,5.090,4.963,4926100,24708333
2021-01-20,4.981,5.029,5.045,4.960,7069500,35447247
2021-01-21,5.033,5.120,5.156,5.033,9121600,46504485
2021-01-22,5.123,5.193,5.195,5.080,9490504,48723799
2021-01-25,5.167,5.181,5.271,5.119,7455116,38665493
2021-01-26,5.160,5.089,5.189,5.080,8144100,41809368
2021-01-27,5.087,5.155,5.157,5.021,6022600,30690250
2021-01-28,5.088,4.950,5.088,4.945,9202050,46068467
2021-01-29,4.967,4.921,5.008,4.856,7576800,37461096
2021-02-01,4.921,5.018,5.020,4.910,4957401,24710867
2021-02-02,5.036,5.128,5.132,5.000,5592200,28346883
2021-02-03,5.129,5.063,5.152,5.056,5240900,26802552
2021-02-04,5.020,5.017,5.087,4.941,7132300,35691811
2021-02-05,5.020,4.967,5.078,4.961,6361699,31964938
2021-02-08,4.960,5.040,5.058,4.940,13724501,68559198
2021-02-09,5.044,5.178,5.185,5.044,8499700,43597216
2021-02-10,5.202,5.342,5.343,5.192,10993969,58019478
2021-02-18,5.419,5.258,5.442,5.223,9360246,49760094
2021-02-19,5.225,5.276,5.277,5.131,8039244,41858584
2021-02-22,5.288,5.129,5.288,5.129,7501930,39026135
2021-02-23,5.092,5.078,5.148,5.054,5447800,27790138
2021-02-24,5.070,4.929,5.108,4.886,12795436,63656079
2021-02-25,4.955,4.910,4.987,4.899,9216667,45555226
2021-02-26,4.885,4.790,4.885,4.752,7370239,35415253
2021-03-01,4.820,4.928,4.928,4.820,4337001,21157922
2021-03-02,4.945,4.912,4.970,4.851,5466200,26852325
2021-03-03,4.900,4.961,4.961,4.852,4401523,21616194
2021-03-04,4.893,4.777,4.945,4.758,6083800,29272779
2021-03-05,4.720,4.785,4.823,4.683,6502801,30984981
2021-03-08,4.811,4.595,4.863,4.591,7616700,35860966
2021-03-09,4.580,4.457,4.592,4.399,8585854,38606946
2021-03-10,4.520,4.485,4.564,4.459,6030320,27242158
2021-03-11,4.495,4.554,4.566,4.462,6361826,28826196
2021-03-12,4.564,4.542,4.580,4.488,5284400,23913965
2021-03-15,4.501,4.412,4.504,4.373,7470230,33059978
2021-03-16,4.420,4.426,4.456,4.372,4929900,21794072
2021-03-17,4.406,4.488,4.506,4.383,7157900,32017717
2021-03-18,4.507,4.530,4.530,4.480,4491100,20235671
2021-03-19,4.460,4.388,4.480,4.369,5845000,25796075
2021-03-22,4.366,4.420,4.420,4.359,6270030,27570041
2021-03-23,4.429,4.361,4.437,4.334,5049630,22096198
2021-03-24,4.340,4.295,4.369,4.278,5174550,22285037
2021-03-25,4.268,4.295,4.314,4.250,4234300,18159659
2021-03-26,4.306,4.416,4.432,4.306,6142600,26902662
2021-03-29,4.431,4.398,4.444,4.374,4267200,18821075
2021-03-30,4.396,4.437,4.455,4.375,3879100,17170609
2021-03-31,4.418,4.388,4.432,4.361,5582600,24470243
2021-04-01,4.397,4.453,4.458,4.392,3855301,17092784
2021-04-02,4.460,4.494,4.520,4.455,4421300,19846998
2021-04-06,4.517,4.483,4.520,4.464,3376441,15153147
2021-04-07,4.496,4.449,4.496,4.414,2962141,13135170
2021-04-08,4.432,4.448,4.476,4.420,3057901,13604907
2021-04-09,4.438,4.400,4.438,4.369,4391706,19281996
2021-04-12,4.380,4.264,4.470,4.250,4937600,21247096
2021-04-13,4.260,4.278,4.326,4.257,3582110,15355886
2021-04-14,4.278,4.334,4.336,4.278,2935401,12671945
2021-04-15,4.332,4.324,4.332,4.275,2640800,11352160
2021-04-16,4.334,4.329,4.340,4.283,2782601,12000468
2021-04-19,4.342,4.499,4.499,4.332,7613700,33837100
2021-04-20,4.497,4.490,4.535,4.476,6038300,27196761
2021-04-21,4.478,4.506,4.519,4.454,4429201,19889419
2021-04-22,4.517,4.531,4.551,4.480,3989300,18025598
2021-04-23,4.517,4.553,4.580,4.517,3715500,16913889
2021-04-26,4.553,4.523,4.607,4.521,5031200,22952341
2021-04-27,4.507,4.527,4.539,4.482,3721700,16784502
2021-04-28,4.504,4.558,4.563,4.504,4207900,19119693
2021-04-29,4.574,4.588,4.598,4.543,3516501,16081237
2021-04-30,4.591,4.569,4.597,4.542,3379700,15446564
2021-05-06,4.570,4.501,4.570,4.471,4507800,20353438
2021-05-07,4.487,4.425,4.534,4.423,4301700,19281307
2021-05-10,4.422,4.402,4.445,4.379,3218900,14189632
2021-05-11,4.373,4.401,4.409,4.316,4129200,18003922
2021-05-12,4.401,4.428,4.431,4.378,3256800,14352883
2021-05-13,4.385,4.383,4.415,4.360,3160900,13855617
2021-05-14,4.408,4.452,4.452,4.355,4538404,20018882
2021-05-17,4.453,4.543,4.565,4.452,10234122,46350226
2021-05-18,4.529,4.542,4.548,4.510,3478821,15774174
2021-05-19,4.526,4.564,4.590,4.513,3855705,17598200
2021-05-20,4.563,4.600,4.605,4.552,3695800,16948737
2021-05-21,4.595,4.559,4.636,4.542,3600000,16488141
2021-05-24,4.561,4.600,4.600,4.530,3029000,13824258
2021-05-25,4.600,4.713,4.713,4.592,5654201,26356722
2021-05-26,4.715,4.685,4.715,4.673,3198178,14996688
2021-05-27,4.685,4.710,4.730,4.664,2736860,12862238
2021-05-28,4.709,4.698,4.744,4.669,6231252,29296104
2021-05-31,4.694,4.745,4.745,4.685,5467260,25810460
2021-06-01,4.740,4.781,4.783,4.695,5142558,24418831
2021-06-02,4.777,4.717,4.780,4.686,4491811,21230075
2021-06-03,4.711,4.690,4.752,4.687,3079909,14549315
2021-06-04,4.674,4.737,4.768,4.654,5560700,26256465
2021-06-07,4.738,4.738,4.759,4.702,3626510,17149490
2021-06-08,4.740,4.702,4.789,4.683,3516000,16628047
2021-06-09,4.694,4.720,4.731,4.681,3113201,14670214
2021-06-10,4.719,4.766,4.781,4.710,3408012,16211222
2021-06-11,4.758,4.693,4.770,4.692,3490700,16439517
2021-06-15,4.700,4.675,4.711,4.625,3798912,17716583
2021-06-16,4.668,4.552,4.670,4.547,3896801,17891950
2021-06-17,4.556,4.615,4.615,4.551,2482601,11392973
2021-06-18,4.619,4.665,4.687,4.619,5127947,23899190
2021-06-21,4.660,4.692,4.726,4.628,2554000,11955258
2021-06-22,4.697,4.702,4.717,4.663,2172600,10190690
2021-06-23,4.702,4.779,4.790,4.690,4411900,20989477
2021-06-24,4.785,4.794,4.805,4.760,3901403,18680061
2021-06-25,4.795,4.864,4.875,4.790,4192111,20277100
2021-06-28,4.867,4.911,4.915,4.864,3577400,17503104
2021-06-29,4.909,4.861,4.915,4.852,2399308,11699559
2021-06-30,4.868,4.900,4.912,4.840,2401501,11728149
2021-07-01,4.915,4.841,4.923,4.830,4330393,21089212
2021-07-02,4.827,4.742,4.827,4.735,4351291,20735826
2021-07-05,4.716,4.780,4.802,4.716,3941296,18789055
2021-07-06,4.780,4.805,4.828,4.722,4218200,20211556
2021-07-07,4.766,4.881,4.888,4.753,2769500,13406167
2021-07-08,4.881,4.840,4.895,4.831,2692569,13097088
2021-07-09,4.813,4.834,4.844,4.750,2927220,14035288
2021-07-12,4.888,4.909,4.927,4.813,3940300,19264334
2021-07-13,4.911,4.921,4.930,4.880,2328601,11422280
2021-07-14,4.911,4.851,4.911,4.840,2655701,12931954
2021-07-15,4.849,4.890,4.891,4.800,2394600,11607755
2021-07-16,4.888,4.822,4.907,4.821,2494700,12153776
2021-07-19,4.810,4.810,4.850,4.765,2691400,12913166
2021-07-20,4.770,4.828,4.829,4.766,1394500,6698569
2021-07-21,4.837,4.907,4.939,4.835,3710569,18196023
2021-07-22,4.923,4.926,4.944,4.897,1545200,7605773
2021-07-23,4.926,4.880,4.934,4.852,2006900,9810622
2021-07-26,4.877,4.771,4.877,4.693,4237968,20260399
2021-07-27,4.751,4.592,4.797,4.589,3383950,15899531
2021-07-28,4.550,4.575,4.621,4.452,3580550,16278908
2021-07-29,4.650,4.700,4.717,4.622,3618246,16908654
2021-07-30,4.688,4.682,4.695,4.629,3311400,15453265
2021-08-02,4.687,4.801,4.808,4.687,6202354,29466908
2021-08-03,4.801,4.754,4.801,4.733,2159900,10285451
2021-08-04,4.749,4.872,4.879,4.747,4866100,23522844
2021-08-05,4.865,4.853,4.886,4.822,5161400,25085424
2021-08-06,4.865,4.833,4.874,4.787,1782500,8606388
2021-08-09,4.800,4.878,4.895,4.765,2354300,11391985
2021-08-10,4.876,4.876,4.882,4.823,2409002,11690740
2021-08-11,4.875,4.874,4.894,4.846,2153401,10506285
2021-08-12,4.874,4.855,4.874,4.826,2136101,10373338
2021-08-13,4.849,4.800,4.888,4.788,2220700,10725898
2021-08-16,4.783,4.730,4.784,4.726,2010100,9536412
2021-08-17,4.716,4.622,4.748,4.608,5165300,24150597
2021-08-18,4.617,4.651,4.668,4.598,3999400,18563608
2021-08-19,4.647,4.688,4.720,4.631,2603600,12182178
2021-08-20,4.671,4.664,4.710,4.601,4405100,20486081
2021-08-23,4.682,4.768,4.775,4.630,4559500,21508557
2021-08-24,4.799,4.815,4.835,4.759,3123800,15026659
2021-08-25,4.815,4.817,4.831,4.784,2571101,12377247
2021-08-26,4.817,4.753,4.824,4.752,2172701,10391435
2021-08-27,4.745,4.772,4.803,4.745,1997600,9529819
2021-08-30,4.777,4.743,4.810,4.714,3761757,17878703
2021-08-31,4.740,4.710,4.740,4.672,5831200,27399855
2021-09-01,4.711,4.704,4.735,4.608,4038500,18907228
2021-09-02,4.704,4.703,4.721,4.677,1922600,9036317
2021-09-03,4.704,4.638,4.707,4.616,5267500,24474196
2021-09-06,4.631,4.781,4.784,4.631,5221901,24670345
2021-09-07,4.785,4.816,4.828,4.766,3441424,16523847
2021-09-08,4.817,4.829,4.841,4.795,2128821,10258183
2021-09-09,4.816,4.803,4.829,4.758,2184400,10460344
2021-09-10,4.807,4.820,4.838,4.780,4073400,19548853
2021-09-13,4.823,4.789,4.828,4.775,11654583,55769649
2021-09-14,4.789,4.782,4.846,4.770,5432612,26137430
2021-09-15,4.766,4.781,4.795,4.743,3359390,16012584
2021-09-16,4.782,4.695,4.782,4.686,3649700,17237109
2021-09-17,4.680,4.707,4.715,4.642,3874500,18116210
2021-09-22,4.654,4.677,4.688,4.637,2421802,11299379
2021-09-23,4.688,4.705,4.717,4.688,2358100,11098455
2021-09-24,4.700,4.715,4.768,4.685,2352200,11123587
2021-09-27,4.714,4.694,4.754,4.662,3785701,17846857
2021-09-28,4.687,4.672,4.714,4.651,2627501,12306143
2021-09-29,4.641,4.610,4.656,4.573,3198200,14754498
2021-09-30,4.610,4.673,4.690,4.610,2690000,12567019
2021-10-08,4.710,4.705,4.738,4.688,2513300,11838904
2021-10-11,4.709,4.719,4.760,4.709,3201000,15144547
2021-10-12,4.710,4.637,4.715,4.606,3560600,16571150
2021-10-13,4.637,4.720,4.720,4.637,3674000,17198862
2021-10-14,4.720,4.710,4.738,4.673,1572700,7411743
2021-10-15,4.710,4.748,4.757,4.679,2365400,11200765
2021-10-18,4.748,4.732,4.748,4.683,2742200,12930560
2021-10-19,4.734,4.802,4.805,4.734,3613700,17303827
2021-10-20,4.800,4.789,4.821,4.779,4587603,22054921
2021-10-21,4.794,4.763,4.794,4.728,4147700,19750432
2021-10-22,4.758,4.795,4.815,4.740,7104600,34064664
2021-10-25,4.789,4.835,4.838,4.781,4884700,23501213
2021-10-26,4.845,4.847,4.878,4.829,4536110,22002817
2021-10-27,4.838,4.822,4.850,4.805,2476900,11944774
2021-10-28,4.821,4.798,4.853,4.772,2447000,11781783
2021-10-29,4.803,4.862,4.862,4.782,3219100,15555010
2021-11-01,4.860,4.876,4.899,4.830,3356101,16353790
2021-11-02,4.881,4.867,4.918,4.828,3255800,15876851
2021-11-03,4.851,4.864,4.892,4.837,3165902,15392579
2021-11-04,4.869,4.934,4.945,4.869,3967301,19549037
2021-11-05,4.934,4.890,4.955,4.887,2980600,14686978
2021-11-08,4.887,4.890,4.901,4.842,3034300,14789050
2021-11-09,4.888,4.903,4.913,4.869,2213101,10829673
2021-11-10,4.903,4.852,4.903,4.808,2685700,13015363
2021-11-11,4.842,4.920,4.921,4.842,3585500,17589983
2021-11-12,4.919,4.931,4.949,4.915,2359200,11636105
2021-11-15,4.947,4.894,4.947,4.888,1906900,9362306
2021-11-16,4.897,4.889,4.942,4.880,2506400,12303049
2021-11-17,4.887,4.913,4.919,4.883,2131700,10461148
2021-11-18,4.914,4.863,4.914,4.862,1862200,9084791
2021-11-19,4.858,4.920,4.928,4.858,2950800,14477603
2021-11-22,4.922,4.980,4.986,4.920,2782600,13817802
2021-11-23,4.980,4.934,4.980,4.928,2786900,13767444
2021-11-24,4.934,4.894,4.936,4.894,2606400,12793283
2021-11-25,4.897,4.881,4.904,4.876,1518700,7423634
2021-11-26,4.884,4.858,4.888,4.845,2443200,11890195
2021-11-29,4.840,4.858,4.869,4.820,2539999,12338486
2021-11-30,4.862,4.867,4.890,4.838,2076000,10100078
2021-12-01,4.868,4.845,4.872,4.831,3133100,15176083
2021-12-02,4.843,4.827,4.866,4.823,1943000,9400591
2021-12-03,4.824,4.865,4.865,4.814,4823100,23359228
2021-12-06,4.858,4.834,4.882,4.834,3389100,16493526
2021-12-07,4.857,4.822,4.864,4.785,2717401,13090233
2021-12-08,4.822,4.948,4.948,4.822,4770902,23406705
2021-12-09,4.948,5.017,5.039,4.922,3263021,16327742
2021-12-10,5.016,5.005,5.023,4.980,1935700,9685050
2021-12-13,5.010,5.036,5.074,5.010,2517300,12729569
2021-12-14,5.040,4.990,5.040,4.985,2551200,12761157
2021-12-15,4.990,4.955,4.993,4.947,1575800,7832950
2021-12-16,4.962,4.964,4.969,4.931,2648400,13106815
2021-12-17,4.963,4.890,4.963,4.890,2752500,13525647
2021-12-20,4.885,4.780,4.895,4.771,3326100,16008817
2021-12-21,4.770,4.823,4.823,4.770,2678300,12847297
2021-12-22,4.824,4.868,4.882,4.824,2267530,11035678
2021-12-23,4.880,4.900,4.925,4.880,2209900,10837933
2021-12-24,4.908,4.882,4.911,4.858,1592306,7778907
2021-12-27,4.877,4.886,4.918,4.855,1214406,5941747
2021-12-28,4.893,4.929,4.937,4.881,1404500,6901650
2021-12-29,4.929,4.884,4.929,4.882,1382000,6771104
2021-12-30,4.884,4.948,4.955,4.884,2976600,14711082
2021-12-31,4.949,4.974,4.977,4.934,2209000,10954495
2022-01-04,4.976,4.979,5.013,4.924,3064100,15207477
2022-01-05,4.974,4.852,4.974,4.836,3402300,16601172
2022-01-06,4.848,4.808,4.848,4.774,3482600,16719619
2022-01-07,4.808,4.772,4.840,4.770,1684100,8079447
2022-01-10,4.770,4.802,4.812,4.716,3204650,15271748
2022-01-11,4.815,4.719,4.819,4.715,2750485,13061656
2022-01-12,4.720,4.794,4.799,4.720,2456405,11732687
2022-01-13,4.794,4.704,4.794,4.700,2943300,13909674
2022-01-14,4.709,4.704,4.729,4.673,1347200,6343341
2022-01-17,4.706,4.790,4.795,4.706,3084290,14727879
2022-01-18,4.785,4.820,4.845,4.770,2395210,11543890
2022-01-19,4.816,4.757,4.833,4.730,1672700,7966297
2022-01-20,4.750,4.764,4.808,4.744,1972409,9424673
2022-01-21,4.764,4.710,4.768,4.701,2365203,11174673
2022-01-24,4.700,4.756,4.773,4.689,2201800,10454635
2022-01-25,4.734,4.640,4.770,4.640,2858600,13393825
2022-01-26,4.649,4.679,4.688,4.610,1644500,7671266
2022-01-27,4.673,4.571,4.681,4.568,3205800,14824236
2022-01-28,4.572,4.546,4.611,4.498,3099700,14140036
2022-02-07,4.600,4.583,4.640,4.549,2586800,11864475
2022-02-08,4.580,4.490,4.580,4.410,3750100,16753812
2022-02-09,4.487,4.555,4.559,4.467,2322100,10511953
2022-02-10,4.566,4.532,4.566,4.514,1202001,5451188
2022-02-11,4.528,4.469,4.556,4.462,1302200,5867130
2022-02-14,4.439,4.453,4.499,4.422,1516901,6760964
2022-02-15,4.452,4.540,4.541,4.450,1981200,8925612
2022-02-16,4.542,4.539,4.574,4.529,856400,3898889
2022-02-17,4.539,4.577,4.599,4.520,1546700,7061905
2022-02-18,4.564,4.578,4.579,4.542,1048000,4783885
2022-02-21,4.578,4.598,4.599,4.563,1475300,6758411
2022-02-22,4.585,4.542,4.585,4.506,1204300,5451971
2022-02-23,4.543,4.635,4.636,4.543,1785100,8232368
2022-02-24,4.628,4.551,4.634,4.498,2515600,11452836
2022-02-25,4.568,4.596,4.635,4.568,2101000,9683007
2022-02-28,4.570,4.608,4.609,4.551,1550600,7109025
2022-03-01,4.585,4.601,4.628,4.571,792300,3645534
2022-03-02,4.577,4.550,4.577,4.524,814400,3704040
2022-03-03,4.559,4.489,4.565,4.486,1386000,6257064
2022-03-04,4.484,4.435,4.489,4.418,1298000,5768502
2022-03-07,4.426,4.281,4.426,4.265,1881200,8122602
2022-03-08,4.280,4.164,4.323,4.143,2983400,12556979
2022-03-09,4.166,4.188,4.200,3.978,5375700,22007356
2022-03-10,4.235,4.215,4.262,4.211,3573500,15127656
2022-03-11,4.180,4.233,4.233,4.090,2521600,10510708
2022-03-14,4.210,4.106,4.210,4.101,1295600,5375108
2022-03-15,4.095,3.944,4.110,3.910,3160600,12689307
2022-03-16,3.976,4.062,4.080,3.852,5530900,22031429
2022-03-17,4.090,4.170,4.234,4.090,5095730,21233064
2022-03-18,4.170,4.162,4.175,4.110,1266108,5248953
2022-03-21,4.165,4.180,4.211,4.143,1829800,7642997
2022-03-22,4.175,4.162,4.201,4.147,1687802,7045735
2022-03-23,4.164,4.178,4.193,4.139,1871400,7809579
2022-03-24,4.166,4.135,4.166,4.098,1592501,6582733
2022-03-25,4.138,4.059,4.141,4.056,1313800,5365924
2022-03-28,4.051,4.008,4.051,3.981,1283300,5139234
2022-03-29,4.030,4.000,4.051,3.980,1235700,4955800
2022-03-30,4.002,4.103,4.104,4.002,3037000,12361682
2022-03-31,4.096,4.050,4.096,4.038,1655700,6729084
2022-04-01,4.046,4.087,4.118,4.016,2065600,8425281
2022-04-06,4.078,4.063,4.092,4.045,1797859,7305529
2022-04-07,4.050,4.021,4.081,4.019,1598000,6455480
2022-04-08,4.021,4.012,4.023,3.960,2193500,8774314
2022-04-11,4.008,3.874,4.008,3.857,4246600,16561067
2022-04-12,3.874,3.922,3.926,3.831,2615900,10154790
2022-04-13,3.901,3.872,3.920,3.862,1083500,4213955
2022-04-14,3.888,3.904,3.916,3.870,1176800,4591715
2022-04-15,3.896,3.880,3.900,3.845,1149300,4445774
2022-04-18,3.876,3.919,3.919,3.826,1472200,5708953
2022-04-19,3.915,3.902,3.948,3.894,1010200,3950604
2022-04-20,3.921,3.857,3.921,3.848,1285100,4975327
2022-04-21,3.850,3.764,3.868,3.739,2042600,7754407
2022-04-22,3.749,3.733,3.768,3.690,1336900,4981287
2022-04-25,3.705,3.528,3.705,3.523,3302062,11944273
2022-04-26,3.550,3.455,3.571,3.445,2298700,8066995
2022-04-27,3.455,3.618,3.618,3.422,2810362,9870576
2022-04-28,3.600,3.633,3.672,3.589,1441300,5226888
2022-04-29,3.640,3.798,3.801,3.640,2747201,10318326
2022-05-05,3.797,3.797,3.830,3.755,1139100,4328343
2022-05-06,3.776,3.710,3.776,3.691,1196200,4441341
2022-05-09,3.699,3.681,3.719,3.661,1664500,6150260
2022-05-10,3.668,3.725,3.738,3.618,1045500,3878947
2022-05-11,3.720,3.806,3.887,3.720,1980100,7574466
2022-05-12,3.801,3.793,3.819,3.769,1353900,5146938
2022-05-13,3.793,3.793,3.833,3.768,777971,2961697
2022-05-16,3.820,3.781,3.852,3.771,1222829,4658577
2022-05-17,3.786,3.845,3.847,3.784,893600,3419074
2022-05-18,3.845,3.846,3.880,3.821,3033200,11675876
2022-05-19,3.830,3.854,3.858,3.762,1629100,6218191
2022-05-20,3.856,3.919,3.919,3.856,1289520,5025714
2022-05-23,3.947,3.922,3.947,3.886,677920,2646808
2022-05-24,3.890,3.799,3.920,3.799,1737100,6689232
2022-05-25,3.800,3.826,3.826,3.780,547500,2083358
2022-05-26,3.826,3.863,3.890,3.786,1400200,5399917
2022-05-27,3.865,3.858,3.924,3.840,1023900,3968354
2022-05-30,3.858,3.897,3.900,3.852,1038900,4040590
2022-05-31,3.898,3.979,3.982,3.876,1397000,5511473
2022-06-01,3.974,3.978,3.997,3.952,1173700,4662581
2022-06-02,3.951,4.014,4.016,3.951,1131700,4523634
2022-06-06,4.005,4.136,4.137,4.005,3194700,13130548
2022-06-07,4.139,4.125,4.152,4.098,1518110,6260507
2022-06-08,4.120,4.171,4.182,4.110,1209300,5029035
2022-06-09,4.162,4.113,4.173,4.101,1121600,4633816
2022-06-10,4.094,4.219,4.219,4.086,1494100,6222797
2022-06-13,4.205,4.200,4.215,4.151,1063501,4447965
2022-06-14,4.182,4.184,4.190,4.066,1413900,5840808
2022-06-15,4.184,4.198,4.264,4.174,1583500,6674973
2022-06-16,4.198,4.210,4.247,4.190,1081500,4566968
2022-06-17,4.200,4.251,4.263,4.172,1056200,4468354
2022-06-20,4.255,4.304,4.338,4.255,2099906,9054342
2022-06-21,4.302,4.287,4.330,4.250,1004312,4304341
2022-06-22,4.262,4.226,4.308,4.219,2049100,8707441
2022-06-23,4.211,4.294,4.299,4.176,1500801,6377285
2022-06-24,4.294,4.328,4.335,4.283,1390400,6004349
2022-06-27,4.330,4.395,4.424,4.330,8939034,39339447
2022-06-28,4.375,4.470,4.476,4.375,2121000,9389777
2022-06-29,4.469,4.367,4.475,4.360,3973703,17507902
2022-06-30,4.364,4.420,4.450,4.364,973000,4295335
2022-07-01,4.407,4.418,4.448,4.403,751000,3319520
2022-07-04,4.410,4.500,4.500,4.399,1686600,7531431
2022-07-05,4.499,4.486,4.535,4.428,1357900,6079612
2022-07-06,4.485,4.445,4.501,4.401,1394300,6206525
2022-07-07,4.442,4.480,4.488,4.404,2423500,10824390
2022-07-08,4.491,4.457,4.518,4.446,847220,3791100
2022-07-11,4.450,4.338,4.450,4.305,1549500,6734175
2022-07-12,4.330,4.277,4.352,4.253,3960701,17091712
2022-07-13,4.284,4.287,4.300,4.215,1280400,5455884
2022-07-14,4.278,4.305,4.336,4.260,1002800,4315471
2022-07-15,4.300,4.268,4.353,4.268,1262000,5445535
2022-07-18,4.268,4.273,4.288,4.204,1439400,6118841
2022-07-19,4.274,4.273,4.299,4.246,1159500,4958208
2022-07-20,4.278,4.290,4.325,4.274,1130600,4857276
2022-07-21,4.304,4.242,4.307,4.239,903200,3854267
2022-07-22,4.236,4.229,4.279,4.185,2377400,10051256
2022-07-25,4.228,4.184,4.228,4.175,863902,3623170
2022-07-26,4.189,4.228,4.245,4.180,946100,3988088
2022-07-27,4.213,4.228,4.237,4.195,742500,3131117
2022-07-28,4.231,4.251,4.288,4.231,668200,2844821
2022-07-29,4.258,4.198,4.267,4.192,966000,4089398
2022-08-01,4.195,4.248,4.259,4.155,1559001,6582721
2022-08-02,4.260,4.159,4.260,4.125,1175700,4894971
2022-08-03,4.164,4.113,4.221,4.104,818100,3408885
2022-08-04,4.125,4.151,4.175,4.110,1265800,5242475
2022-08-05,4.143,4.215,4.220,4.143,603100,2518528
2022-08-08,4.217,4.246,4.250,4.216,1050800,4450045
2022-08-09,4.246,4.251,4.259,4.221,671600,2848143
2022-08-10,4.246,4.202,4.250,4.188,542400,2285071
2022-08-11,4.207,4.305,4.305,4.207,1658700,7078437
2022-08-12,4.305,4.285,4.309,4.282,1273700,5470844
2022-08-15,4.285,4.290,4.324,4.280,1041100,4474044
2022-08-16,4.290,4.287,4.322,4.280,865200,3721564
2022-08-17,4.287,4.330,4.330,4.257,1160100,4988940
2022-08-18,4.329,4.293,4.329,4.288,446801,1921024
2022-08-19,4.296,4.233,4.296,4.233,854000,3640122
2022-08-22,4.234,4.295,4.296,4.215,922000,3930814
2022-08-23,4.300,4.275,4.300,4.256,408100,1744952
2022-08-24,4.285,4.168,4.286,4.160,1484900,6236517
2022-08-25,4.168,4.157,4.184,4.106,1010300,4186416
2022-08-26,4.162,4.151,4.208,4.141,738954,3084325
2022-08-29,4.125,4.124,4.140,4.095,738200,3042140
2022-08-30,4.105,4.107,4.140,4.089,1172400,4811159
2022-08-31,4.090,4.037,4.100,4.020,1076400,4369617
2022-09-01,4.039,4.015,4.070,4.005,625600,2527611
2022-09-02,4.015,4.008,4.033,3.985,1719600,6883793
2022-09-05,4.008,3.978,4.008,3.955,1931800,7675551
2022-09-06,3.978,4.028,4.029,3.962,969200,3875674
2022-09-07,4.028,4.042,4.062,4.009,838400,3383775
2022-09-08,4.044,4.014,4.054,4.011,383700,1546288
2022-09-09,4.019,4.057,4.060,4.011,689100,2788302
2022-09-13,4.057,4.080,4.105,4.057,638000,2605446
2022-09-14,4.058,4.048,4.070,4.023,818200,3304668
2022-09-15,4.053,3.958,4.079,3.932,992300,3954848
2022-09-16,3.956,3.887,3.957,3.886,10121800,39733789
2022-09-19,3.890,3.881,3.903,3.852,1764500,6841551
2022-09-20,3.883,3.911,3.939,3.883,850001,3323578
2022-09-21,3.890,3.877,3.897,3.862,743300,2881912
2022-09-22,3.850,3.837,3.880,3.831,685500,2638273
2022-09-23,3.830,3.793,3.848,3.755,710401,2699679
2022-09-26,3.785,3.786,3.840,3.760,1287501,4879486
2022-09-27,3.791,3.835,3.841,3.773,590101,2243416
2022-09-28,3.830,3.752,3.830,3.751,502900,1904432
2022-09-29,3.770,3.756,3.798,3.740,437300,1646978
2022-09-30,3.750,3.702,3.762,3.699,618800,2302855
2022-10-10,3.701,3.609,3.701,3.601,659200,2403266
2022-10-11,3.609,3.621,3.635,3.587,3371200,12160953
2022-10-12,3.636,3.688,3.690,3.542,2248100,8173588
2022-10-13,3.675,3.677,3.715,3.665,1025900,3781662
2022-10-14,3.704,3.772,3.796,3.696,3000401,11287414
2022-10-17,3.780,3.794,3.798,3.748,612900,2311112
2022-10-18,3.799,3.799,3.830,3.785,700967,2666476
2022-10-19,3.794,3.743,3.798,3.740,435800,1642392
2022-10-20,3.736,3.710,3.760,3.665,1049600,3897622
2022-10-21,3.710,3.704,3.723,3.689,501000,1856246
2022-10-24,3.739,3.631,3.748,3.609,1405800,5156238
2022-10-25,3.650,3.633,3.669,3.590,2350307,8498168
2022-10-26,3.660,3.673,3.719,3.633,903900,3327497
2022-10-27,3.674,3.666,3.707,3.660,704401,2595377
2022-10-28,3.636,3.553,3.650,3.541,1275300,4572719
2022-10-31,3.510,3.550,3.588,3.508,1140306,4045383
2022-11-01,3.558,3.674,3.675,3.558,2183664,7910767
2022-11-02,3.670,3.735,3.760,3.642,1294300,4818560
2022-11-03,3.730,3.707,3.739,3.691,764200,2838175
2022-11-04,3.707,3.847,3.857,3.707,3365100,12835031
2022-11-07,3.846,3.836,3.868,3.824,1153900,4434565
2022-11-08,3.831,3.817,3.839,3.791,821500,3135042
2022-11-09,3.817,3.776,3.828,3.775,672700,2555038
2022-11-10,3.779,3.715,3.779,3.689,1760800,6546266
2022-11-11,3.772,3.791,3.822,3.764,2046300,7754503
2022-11-14,3.802,3.774,3.832,3.762,1293300,4920807
2022-11-15,3.775,3.858,3.859,3.761,1621950,6213613
2022-11-16,3.850,3.815,3.858,3.809,1220400,4677371
2022-11-17,3.810,3.813,3.813,3.762,1015300,3842496
2022-11-18,3.812,3.791,3.835,3.783,1268200,4837201
2022-11-21,3.775,3.778,3.778,3.735,865600,3249795
2022-11-22,3.774,3.722,3.777,3.714,1713800,6413013
2022-11-23,3.720,3.706,3.725,3.660,783200,2893112
2022-11-24,3.706,3.700,3.729,3.698,549100,2034920
2022-11-25,3.703,3.678,3.703,3.673,280500,1032393
2022-11-28,3.678,3.641,3.678,3.590,698400,2526934
2022-11-29,3.646,3.712,3.725,3.646,1178400,4354982
2022-11-30,3.713,3.721,3.739,3.704,896900,3334820
2022-12-01,3.750,3.774,3.806,3.750,964201,3655695
2022-12-02,3.774,3.762,3.792,3.754,605900,2287025
2022-12-05,3.788,3.794,3.796,3.771,861200,3256334
2022-12-06,3.795,3.825,3.847,3.779,1180500,4510831
2022-12-07,3.822,3.841,3.861,3.820,870800,3346912
2022-12-08,3.840,3.819,3.840,3.811,689300,2635998
2022-12-09,3.819,3.852,3.859,3.814,647500,2484628
2022-12-12,3.849,3.828,3.850,3.821,698000,2676592
2022-12-13,3.829,3.800,3.829,3.800,512317,1951218
2022-12-14,3.800,3.795,3.810,3.790,421400,1601328
2022-12-15,3.795,3.810,3.821,3.783,946900,3596876
2022-12-16,3.821,3.778,3.821,3.762,691200,2613304
2022-12-19,3.780,3.733,3.805,3.724,819100,3081180
2022-12-20,3.730,3.679,3.730,3.660,1158300,4271362
2022-12-21,3.676,3.670,3.697,3.656,529000,1944327
2022-12-22,3.683,3.655,3.702,3.641,678200,2490618
2022-12-23,3.652,3.642,3.663,3.625,1028100,3740913
2022-12-26,3.650,3.699,3.705,3.650,1917100,7071360
2022-12-27,3.695,3.737,3.740,3.695,824601,3073915
2022-12-28,3.738,3.699,3.750,3.688,435300,1609852
2022-12-29,3.699,3.687,3.709,3.670,479460,1769662
2022-12-30,3.692,3.691,3.718,3.691,369500,1366307
2023-01-03,3.692,3.725,3.730,3.656,565400,2087259
2023-01-04,3.729,3.692,3.730,3.676,1028700,3800411
2023-01-05,3.692,3.773,3.775,3.692,1539600,5773046
2023-01-06,3.772,3.775,3.795,3.763,1479600,5588216
2023-01-09,3.773,3.793,3.807,3.773,809100,3067009
2023-01-10,3.794,3.805,3.817,3.778,1213820,4610788
2023-01-11,3.800,3.781,3.824,3.780,2001320,7599500
2023-01-12,3.786,3.797,3.824,3.786,1569400,5966932
2023-01-13,3.801,3.830,3.831,3.801,973879,3717779
2023-01-16,3.833,3.879,3.907,3.828,1554000,6019691
2023-01-17,3.879,3.888,3.895,3.871,1712000,6655587
2023-01-18,3.889,3.893,3.909,3.870,742301,2890806
2023-01-19,3.890,3.925,3.926,3.874,902100,3523244
2023-01-20,3.926,3.947,3.953,3.926,794300,3131661
2023-01-30,4.000,4.001,4.055,3.996,1890100,7590965
2023-01-31,3.993,3.980,4.010,3.972,848200,3385385
2023-02-01,3.980,4.038,4.038,3.980,979602,3932949
2023-02-02,4.041,4.030,4.051,4.013,1869609,7538662
2023-02-03,4.002,4.013,4.029,3.956,1371500,5478371
2023-02-06,4.003,3.975,4.003,3.950,2185200,8664826
2023-02-07,3.973,3.963,3.989,3.953,1320300,5248327
2023-02-08,3.983,3.953,3.983,3.950,665600,2638523
2023-02-09,3.953,4.012,4.012,3.936,5360400,21442958
2023-02-10,4.011,3.972,4.011,3.957,2321100,9253983
2023-02-13,3.970,3.999,4.005,3.956,1953200,7805179
2023-02-14,4.000,3.990,4.004,3.974,621100,2475935
2023-02-15,3.987,3.968,3.998,3.957,484800,1925192
2023-02-16,3.972,3.928,4.009,3.903,1401501,5563579
2023-02-17,3.935,3.860,3.935,3.860,4684400,18197357
2023-02-20,3.860,3.930,3.936,3.840,2764800,10730130
2023-02-21,3.935,3.934,3.951,3.912,1748400,6868353
2023-02-22,3.932,3.904,3.932,3.898,664200,2594747
2023-02-23,3.904,3.904,3.922,3.890,780600,3051572
2023-02-24,3.911,3.878,3.911,3.863,1059900,4108029
2023-02-27,3.875,3.840,3.875,3.836,766000,2950193
2023-02-28,3.838,3.866,3.867,3.829,643800,2479538
2023-03-01,3.867,3.901,3.910,3.851,980300,3818894
2023-03-02,3.904,3.883,3.913,3.881,849900,3316941
2023-03-03,3.884,3.884,3.899,3.861,791900,3073353
2023-03-06,3.884,3.888,3.900,3.850,1000100,3876746
2023-03-07,3.888,3.822,3.889,3.814,1896400,7301664
2023-03-08,3.810,3.808,3.813,3.783,2715300,10317631
2023-03-09,3.808,3.796,3.825,3.785,981800,3734938
2023-03-10,3.781,3.743,3.796,3.740,2367900,8894914
2023-03-13,3.741,3.765,3.765,3.723,1192800,4469776
2023-03-14,3.765,3.744,3.765,3.690,5424000,20272709
2023-03-15,3.747,3.746,3.798,3.745,1527200,5761759
2023-03-16,3.737,3.669,3.737,3.663,1900100,7022834
2023-03-17,3.685,3.694,3.733,3.685,1624000,6022917
2023-03-20,3.708,3.700,3.729,3.688,1742600,6459147
2023-03-21,3.704,3.748,3.748,3.701,1535100,5718104
2023-03-22,3.754,3.787,3.795,3.754,2121100,8016770
2023-03-23,3.788,3.833,3.833,3.772,2467500,9395293
2023-03-24,3.831,3.858,3.879,3.823,9060400,35035740
2023-03-27,3.858,3.860,3.863,3.820,1723800,6632474
2023-03-28,3.850,3.833,3.861,3.823,4336600,16681365
2023-03-29,3.832,3.841,3.857,3.830,1431200,5503236
2023-03-30,3.841,3.867,3.899,3.823,4524700,17538160
2023-03-31,3.868,3.911,3.911,3.865,3117830,12118680
2023-04-03,3.911,3.960,3.960,3.910,1899000,7473563
2023-04-04,3.958,3.935,3.977,3.916,24912001,98547197
2023-04-06,3.925,3.944,3.980,3.898,9309828,36890757
2023-04-07,3.938,3.974,4.014,3.938,21270400,85077099
2023-04-10,3.976,3.945,4.000,3.935,17717401,70396414
2023-04-11,3.921,3.936,3.965,3.920,20763800,81920099
2023-04-12,3.936,3.940,3.988,3.927,6881700,27217255
2023-04-13,3.939,3.880,3.987,3.878,12218600,48052709
2023-04-14,3.879,3.902,3.950,3.879,6111100,24009062
2023-04-17,3.902,3.920,3.980,3.900,22451802,88682891
2023-04-18,3.917,3.922,3.939,3.909,1173170,4599266
2023-04-19,3.922,3.895,3.948,3.888,6760100,26562754
2023-04-20,3.886,3.860,3.886,3.845,803500,3099532
2023-04-21,3.858,3.769,3.880,3.769,2328401,8860145
2023-04-24,3.772,3.738,3.773,3.715,1221700,4577141
2023-04-25,3.738,3.669,3.738,3.631,2017400,7410701
2023-04-26,3.669,3.692,3.709,3.643,1699782,6260846
2023-04-27,3.689,3.695,3.712,3.679,1526300,5641208
2023-04-28,3.696,3.741,3.741,3.696,1408600,5244693
2023-05-04,3.730,3.725,3.738,3.710,871700,3245774
2023-05-05,3.725,3.685,3.725,3.674,1454400,5382680
2023-05-08,3.684,3.685,3.700,3.675,1190200,4386046
2023-05-09,3.683,3.649,3.688,3.646,1119997,4107774
2023-05-10,3.649,3.664,3.678,3.631,1440200,5267907
2023-05-11,3.672,3.668,3.687,3.664,529100,1944277
2023-05-12,3.671,3.616,3.678,3.614,1129000,4102984
2023-05-15,3.618,3.687,3.688,3.618,1821000,6655912
2023-05-16,3.687,3.671,3.699,3.660,1028600,3777384
2023-05-17,3.654,3.653,3.686,3.635,2346100,8559939
2023-05-18,3.651,3.650,3.666,3.628,1662500,6055065
2023-05-19,3.641,3.653,3.668,3.635,870000,3176449
2023-05-22,3.661,3.666,3.667,3.636,1437400,5253305
2023-05-23,3.666,3.646,3.685,3.646,1532400,5615884
2023-05-24,3.640,3.615,3.647,3.606,1102001,3992229
2023-05-25,3.600,3.600,3.620,3.570,1204601,4330162
2023-05-26,3.599,3.582,3.599,3.554,670100,2392353
2023-05-29,3.592,3.542,3.597,3.530,2235100,7928925
2023-05-30,3.541,3.563,3.568,3.503,1492600,5258917
2023-05-31,3.550,3.548,3.565,3.521,853200,3018960
2023-06-01,3.548,3.574,3.594,3.528,1040200,3715968
2023-06-02,3.574,3.628,3.638,3.574,1373900,4966242
2023-06-05,3.642,3.610,3.642,3.599,944300,3407540
2023-06-06,3.610,3.559,3.670,3.548,3676801,13284000
2023-06-07,3.560,3.535,3.570,3.526,895200,3176475
2023-06-08,3.536,3.544,3.562,3.521,833700,2947530
2023-06-09,3.544,3.567,3.567,3.538,602501,2138053
2023-06-12,3.568,3.597,3.610,3.553,1026400,3688424
2023-06-13,3.597,3.645,3.684,3.597,4292501,15715717
2023-06-14,3.646,3.649,3.667,3.640,954900,3490994
2023-06-15,3.648,3.713,3.714,3.645,2283000,8420577
2023-06-16,3.716,3.752,3.753,3.708,2904400,10835318
2023-06-19,3.751,3.740,3.751,3.727,956600,3574059
2023-06-20,3.735,3.762,3.776,3.735,2186272,8218205
2023-06-21,3.763,3.684,3.763,3.682,1616900,6013424
2023-06-26,3.672,3.611,3.720,3.608,12604101,46198118
2023-06-27,3.617,3.646,3.698,3.616,18485300,67878594
2023-06-28,3.642,3.624,3.683,3.578,24700400,90372856
2023-06-29,3.623,3.624,3.688,3.607,46576800,170431847
2023-06-30,3.627,3.645,3.666,3.617,3931802,14337666
2023-07-03,3.653,3.662,3.686,3.648,2770500,10154913
2023-07-04,3.662,3.687,3.693,3.649,1196100,4396290
2023-07-05,3.685,3.650,3.685,3.637,976000,3570929
2023-07-06,3.641,3.624,3.658,3.620,830900,3019694
2023-07-07,3.634,3.602,3.634,3.583,1190200,4284944
2023-07-10,3.605,3.620,3.638,3.605,1369100,4955423
2023-07-11,3.620,3.651,3.657,3.620,741800,2703067
2023-07-12,3.651,3.629,3.657,3.623,917700,3338588
2023-07-13,3.629,3.675,3.683,3.629,1410300,5171168
2023-07-14,3.680,3.667,3.682,3.661,926301,3400144
2023-07-17,3.648,3.639,3.666,3.631,1074100,3913005
2023-07-18,3.638,3.625,3.639,3.617,601000,2179085
2023-07-19,3.625,3.605,3.628,3.592,2156800,7770861
2023-07-20,3.610,3.572,3.626,3.571,2098000,7549742
2023-07-21,3.572,3.555,3.582,3.545,2210300,7859593
2023-07-24,3.565,3.527,3.565,3.523,4186700,14781345
2023-07-25,3.546,3.607,3.619,3.546,3384200,12189393
2023-07-26,3.607,3.598,3.610,3.591,2560600,9214923
2023-07-27,3.597,3.579,3.610,3.577,2647400,9503922
2023-07-28,3.578,3.634,3.641,3.568,3364900,12160819
2023-07-31,3.653,3.677,3.702,3.651,1556100,5722443
2023-08-01,3.677,3.668,3.682,3.652,1341500,4914629
2023-08-02,3.668,3.645,3.673,3.638,1024600,3745531
2023-08-03,3.643,3.667,3.667,3.636,803200,2935401
2023-08-04,3.669,3.682,3.705,3.667,1441800,5317684
2023-08-07,3.688,3.669,3.688,3.658,1016420,3728946
2023-08-08,3.652,3.656,3.669,3.644,5302000,19363078
2023-08-09,3.650,3.627,3.650,3.620,4922100,17880071
2023-08-10,3.629,3.632,3.640,3.611,3161000,11472288
2023-08-11,3.635,3.568,3.635,3.568,3038301,10932164
2023-08-14,3.544,3.533,3.569,3.496,3154220,11089014
2023-08-15,3.530,3.505,3.540,3.487,2084001,7299012
2023-08-16,3.493,3.471,3.506,3.467,1594300,5549264
2023-08-17,3.456,3.479,3.483,3.432,1641718,5663454
2023-08-18,3.482,3.433,3.482,3.430,1720118,5951507
2023-08-21,3.428,3.383,3.429,3.380,2547000,8682545
2023-08-22,3.378,3.399,3.415,3.335,1921400,6473082
2023-08-23,3.391,3.320,3.399,3.317,2574000,8600860
2023-08-24,3.329,3.344,3.374,3.316,1779900,5960872
2023-08-25,3.344,3.313,3.344,3.293,3654800,12101704
2023-08-28,3.505,3.343,3.510,3.329,7147900,24231225
2023-08-29,3.329,3.416,3.424,3.329,2146200,7278029
2023-08-30,3.433,3.428,3.455,3.399,2326200,7994431
2023-08-31,3.428,3.411,3.428,3.400,702500,2396563
2023-09-01,3.420,3.413,3.468,3.407,5874101,20181061
2023-09-04,3.434,3.452,3.458,3.414,1476701,5080442
2023-09-05,3.454,3.426,3.458,3.420,1017200,3494357
2023-09-06,3.410,3.425,3.431,3.399,1345901,4595870
2023-09-07,3.404,3.359,3.404,3.359,1188901,4022962
2023-09-08,3.356,3.335,3.356,3.318,993700,3307876
2023-09-11,3.340,3.367,3.392,3.324,871900,2930960
2023-09-12,3.368,3.376,3.392,3.363,797300,2695327
2023-09-13,3.376,3.334,3.376,3.318,1404700,4683199
2023-09-14,3.333,3.298,3.334,3.290,2481900,8196050
2023-09-15,3.306,3.290,3.316,3.280,1651700,5440971
2023-09-18,3.286,3.308,3.338,3.270,1755200,5814206
2023-09-19,3.300,3.281,3.300,3.266,3948300,12937548
2023-09-20,3.280,3.262,3.280,3.260,1143600,3736129
2023-09-21,3.260,3.227,3.262,3.223,1715000,5556700
2023-09-22,3.227,3.293,3.296,3.223,2018100,6603157
2023-09-25,3.293,3.276,3.299,3.272,628000,2060094
2023-09-26,3.280,3.262,3.291,3.262,1421700,4646363
2023-09-27,3.264,3.278,3.303,3.260,542400,1778665
2023-09-28,3.288,3.280,3.294,3.268,847700,2778092
2023-10-09,3.272,3.282,3.290,3.223,474800,1550832
2023-10-10,3.286,3.269,3.300,3.264,434000,1423288
2023-10-11,3.278,3.276,3.302,3.269,698300,2296926
2023-10-12,3.289,3.308,3.309,3.282,975500,3219281
2023-10-13,3.298,3.270,3.298,3.258,1583200,5179223
2023-10-16,3.280,3.222,3.280,3.215,1727500,5579284
2023-10-17,3.224,3.227,3.235,3.216,687500,2215712
2023-10-18,3.224,3.203,3.226,3.200,1045500,3352163
2023-10-19,3.203,3.146,3.203,3.145,2800300,8868335
2023-10-20,3.145,3.122,3.149,3.117,2036200,6371590
2023-10-23,3.123,3.091,3.123,3.071,4249400,13159451
2023-10-24,3.096,3.100,3.116,3.072,3092001,9564733
2023-10-25,3.110,3.118,3.145,3.110,1413400,4423965
2023-10-26,3.114,3.116,3.116,3.077,1217600,3765916
2023-10-27,3.114,3.188,3.198,3.094,2432202,7674153
2023-10-30,3.189,3.238,3.241,3.163,2341200,7535249
2023-10-31,3.231,3.208,3.231,3.189,1399800,4481557
2023-11-01,3.212,3.181,3.212,3.181,1325200,4227155
2023-11-02,3.184,3.151,3.197,3.150,1455400,4608935
2023-11-06,3.196,3.269,3.273,3.196,3178500,10298191
2023-11-07,3.269,3.261,3.270,3.246,1824600,5942934
2023-11-08,3.261,3.266,3.282,3.241,2130000,6958311
2023-11-09,3.267,3.254,3.279,3.247,1963700,6410334
2023-11-10,3.253,3.239,3.253,3.228,2609800,8443384
2023-11-13,3.244,3.244,3.255,3.227,1752800,5679624
2023-11-14,3.245,3.245,3.264,3.234,1573600,5111356
2023-11-15,3.260,3.275,3.286,3.260,1948500,6380043
2023-11-16,3.279,3.235,3.279,3.233,1708300,5547479
2023-11-17,3.232,3.231,3.239,3.220,1333700,4306710
2023-11-20,3.232,3.243,3.256,3.213,1877100,6079973
2023-11-21,3.246,3.234,3.271,3.227,1288400,4189151
2023-11-22,3.230,3.186,3.230,3.183,1918500,6138360
2023-11-23,3.186,3.205,3.208,3.167,1708200,5456871
2023-11-24,3.204,3.175,3.204,3.163,1683700,5347753
2023-11-27,3.172,3.150,3.172,3.132,1586700,4989811
2023-11-28,3.150,3.160,3.164,3.134,1172600,3696086
2023-11-29,3.160,3.130,3.160,3.121,1271400,3985514
2023-11-30,3.130,3.123,3.136,3.108,1018300,3177549
2023-12-01,3.123,3.118,3.124,3.081,2258800,6996728
2023-12-04,3.128,3.098,3.147,3.094,11453100,35834370
2023-12-05,3.097,3.032,3.097,3.031,3086700,9464797
2023-12-06,3.032,3.065,3.080,3.028,3534800,10822380
2023-12-07,3.065,3.057,3.088,3.028,14551000,44648687
2023-12-08,3.058,3.055,3.073,3.046,2777500,8498017
2023-12-11,3.043,3.095,3.098,3.027,4996829,15334813
2023-12-12,3.095,3.095,3.103,3.070,2749400,8507871
2023-12-13,3.096,3.052,3.096,3.050,3091400,9487360
2023-12-14,3.063,3.031,3.080,3.030,3258400,9920695
2023-12-15,3.038,3.025,3.066,3.021,3057700,9285708
2023-12-18,3.028,2.995,3.028,2.989,3155400,9484902
2023-12-19,2.975,2.998,3.014,2.975,2579300,7722293
2023-12-20,2.997,2.962,3.005,2.962,2231000,6651641
2023-12-21,2.961,2.985,2.997,2.943,4928800,14644817
2023-12-22,2.992,2.966,3.003,2.958,4152300,12337388
2023-12-25,2.972,2.978,2.978,2.955,1773000,5258145
2023-12-26,2.961,2.950,2.978,2.935,1869400,5510386
2023-12-27,2.936,2.961,2.965,2.936,1565700,4621972
2023-12-28,2.961,3.032,3.044,2.958,3050800,9190110
2023-12-29,3.032,3.070,3.073,3.020,2690630,8239020
2024-01-02,3.070,3.027,3.070,3.024,1167400,3551998
2024-01-03,3.010,2.992,3.032,2.979,3718600,11120779
2024-01-04,2.973,2.956,2.993,2.938,1890500,5584366
2024-01-05,2.953,2.929,2.981,2.917,2014100,5944681
2024-01-08,2.912,2.873,2.933,2.870,3121700,9014069
2024-01-09,2.900,2.876,2.900,2.855,2307300,6638167
2024-01-10,2.859,2.858,2.894,2.839,2164001,6193427
2024-01-11,2.858,2.902,2.920,2.857,2648400,7651203
2024-01-12,2.894,2.883,2.913,2.882,1671100,4843025
2024-01-15,2.866,2.865,2.892,2.854,1752000,5025189
2024-01-16,2.853,2.873,2.882,2.838,2064000,5909484
2024-01-17,2.860,2.803,2.880,2.803,2615800,7416328
2024-01-18,2.795,2.831,2.837,2.750,3544900,9846414
2024-01-19,2.825,2.824,2.856,2.816,2147300,6085088
2024-01-22,2.824,2.736,2.837,2.711,3621741,10038383
2024-01-23,2.721,2.763,2.780,2.703,2899602,7975693
2024-01-24,2.770,2.778,2.798,2.698,6730601,18458831
2024-01-25,2.782,2.826,2.832,2.753,4908100,13790209
2024-01-26,2.809,2.792,2.821,2.788,4167200,11681366
2024-01-29,2.793,2.715,2.793,2.715,7124500,19492977
2024-01-30,2.710,2.657,2.739,2.650,5567400,14981262
2024-01-31,2.657,2.613,2.658,2.590,12699400,33230737
2024-02-01,2.610,2.608,2.639,2.564,23797800,61773543
2024-02-02,2.590,2.547,2.622,2.473,22998500,58808912
2024-02-05,2.526,2.508,2.574,2.420,15125801,37753536
2024-02-06,2.486,2.664,2.664,2.480,20194700,52420625
2024-02-07,2.670,2.736,2.745,2.655,14072700,38260909
2024-02-08,2.747,2.785,2.817,2.747,11549700,32175050
2024-02-19,2.800,2.800,2.821,2.766,9980800,27879193
2024-02-20,2.776,2.790,2.796,2.754,8059900,22339428
2024-02-21,2.780,2.810,2.868,2.757,7913901,22325755
2024-02-22,2.791,2.838,2.843,2.791,5734600,16204877
2024-02-23,2.839,2.852,2.857,2.816,4656400,13207767
2024-02-26,2.832,2.859,2.884,2.832,8008400,22906302
2024-02-27,2.842,2.925,2.927,2.840,6098400,17620761
2024-02-28,2.918,2.854,2.968,2.854,7190310,21011646
2024-02-29,2.820,2.946,2.949,2.820,7944701,23135475
2024-03-01,2.942,2.977,2.982,2.930,59574300,176193426
2024-03-04,2.967,2.966,2.990,2.942,26630900,78936002
2024-03-05,2.967,2.969,2.978,2.936,10419910,30875555
2024-03-06,2.960,2.954,2.980,2.920,5063400,14921218
2024-03-07,2.949,2.903,2.968,2.902,5600300,16416158
2024-03-08,2.904,2.942,2.949,2.897,9214200,26945293
2024-03-11,2.943,3.003,3.003,2.938,6374767,18916198
2024-03-12,3.003,3.022,3.031,2.997,5202100,15689640
2024-03-13,3.022,3.019,3.042,3.007,4362400,13187802
2024-03-14,3.018,2.991,3.036,2.971,5857900,17578872
2024-03-15,2.990,3.013,3.013,2.957,5474200,16320662
2024-03-18,3.013,3.055,3.055,3.001,4035400,12244092
2024-03-19,3.052,3.043,3.075,3.029,4045703,12387449
2024-03-20,3.050,3.056,3.063,3.039,5913500,18058228
2024-03-21,3.055,3.053,3.081,3.046,5706210,17461001
2024-03-22,3.049,3.025,3.058,3.002,7281900,22041417
2024-03-25,3.024,2.966,3.024,2.966,4719600,14152137
2024-03-26,2.960,2.981,2.996,2.952,3880300,11533996
2024-03-27,2.978,2.912,2.981,2.909,11021221,32376947
2024-03-28,2.914,2.941,2.971,2.901,3859900,11333522
2024-03-29,2.935,2.950,2.954,2.922,3694902,10861128
2024-04-01,2.966,3.026,3.031,2.960,4817500,14528428
2024-04-02,3.030,3.010,3.037,2.993,2920900,8776878
2024-04-03,2.999,2.989,3.000,2.976,9184600,27461584
2024-04-08,2.979,2.953,2.985,2.948,10216800,30268745
2024-04-09,2.960,2.974,2.975,2.939,4063200,12006266
2024-04-10,2.971,2.922,2.971,2.911,3523100,10322495
2024-04-11,2.918,2.920,2.943,2.900,3845400,11247019
2024-04-12,2.927,2.903,2.933,2.895,4000200,11652217
2024-04-15,2.913,2.935,2.947,2.888,3411100,9976563
2024-04-16,2.920,2.865,2.927,2.864,3633904,10511716
2024-04-17,2.868,2.930,2.931,2.868,2491804,7240004
2024-04-18,2.910,2.930,2.962,2.897,3394000,9953767
2024-04-19,2.920,2.890,2.921,2.873,3311600,9587552
2024-04-22,2.877,2.891,2.913,2.870,1732600,5017122
2024-04-23,2.891,2.870,2.907,2.860,4254600,12211314
2024-04-24,2.868,2.880,2.881,2.850,2775500,7943150
2024-04-25,2.877,2.892,2.913,2.869,1970200,5700072
2024-04-26,2.892,2.945,2.946,2.892,2257100,6606815
2024-04-29,2.944,3.019,3.027,2.944,3115800,9356998
2024-04-30,3.028,2.995,3.028,2.988,3007000,9021881
2024-05-06,3.027,3.045,3.059,3.027,2733100,8331790
2024-05-07,3.043,3.049,3.056,3.035,2761500,8415395
2024-05-08,3.050,3.002,3.050,3.002,2240200,6753063
2024-05-09,3.005,3.049,3.054,3.005,2535200,7712841
2024-05-10,3.048,3.039,3.059,3.018,2777700,8430097
2024-05-13,3.001,3.028,3.042,3.000,2688300,8145746
2024-05-14,3.022,3.032,3.054,3.022,2312401,7020067
2024-05-15,3.031,3.003,3.032,3.002,2946600,8898186
2024-05-16,3.003,3.013,3.037,3.003,2436201,7356786
2024-05-17,3.011,3.044,3.048,3.006,1372900,4154453
2024-05-20,3.058,3.064,3.072,3.042,2404800,7361150
2024-05-21,3.055,3.045,3.066,3.040,2927000,8929047
2024-05-22,3.046,3.053,3.060,3.038,1897100,5784745
2024-05-23,3.053,3.025,3.053,3.010,2306100,6964358
2024-05-24,3.014,2.972,3.027,2.972,3123700,9355139
2024-05-27,2.965,2.999,2.999,2.952,2627605,7821783
2024-05-28,2.999,2.968,3.010,2.955,2653600,7898814
2024-05-29,2.961,2.990,3.005,2.959,2352000,7034801
2024-05-30,2.985,3.004,3.008,2.976,2441600,7316986
2024-05-31,3.004,2.990,3.019,2.985,1796205,5386715
2024-06-03,2.990,2.997,3.015,2.972,2000100,6002372
2024-06-04,3.004,3.031,3.038,2.988,3015200,9094588
2024-06-05,3.017,3.024,3.054,3.017,2227900,6774562
2024-06-06,3.024,3.006,3.044,2.996,2440600,7379183
2024-06-07,3.005,2.974,3.017,2.960,2128501,6345184
2024-06-11,2.972,2.990,2.998,2.955,1801400,5365136
2024-06-12,2.998,3.005,3.014,2.996,1884900,5661874
2024-06-13,3.007,2.991,3.021,2.987,1378800,4136988
2024-06-14,2.989,3.014,3.014,2.972,1889300,5660134
2024-06-17,3.004,3.031,3.041,2.985,1606100,4866729
2024-06-18,3.031,3.043,3.051,3.024,1796600,5455879
2024-06-19,3.041,3.013,3.049,3.010,959300,2898281
2024-06-20,3.013,2.978,3.028,2.968,1905600,5687444
2024-06-21,2.970,2.971,2.980,2.953,1751800,5196840
2024-06-24,2.959,2.928,2.971,2.926,1892000,5566353
2024-06-25,2.910,2.905,2.937,2.886,1564000,4548397
2024-06-26,2.904,2.954,2.956,2.888,1825201,5341261
2024-06-27,2.941,2.915,2.949,2.912,1945100,5706918
2024-06-28,2.910,2.926,2.952,2.910,2243500,6581677
2024-07-01,2.926,2.938,2.948,2.904,1561400,4571171
2024-07-02,2.934,2.919,2.948,2.909,1056400,3095975
2024-07-03,2.906,2.897,2.923,2.889,1250000,3627269
2024-07-04,2.894,2.880,2.917,2.876,1997600,5775775
2024-07-05,2.876,2.875,2.881,2.838,1906700,5450814
2024-07-08,2.858,2.844,2.871,2.834,1019100,2906469
2024-07-09,2.829,2.896,2.905,2.829,2315100,6650895
2024-07-10,2.902,2.904,2.920,2.890,1755710,5107422
2024-07-11,2.925,2.953,2.965,2.920,2227400,6560462
2024-07-12,2.943,2.956,2.961,2.932,2377600,7003219
2024-07-15,2.948,2.944,2.953,2.938,1449500,4268261
2024-07-16,2.934,2.980,2.981,2.934,2240000,6637586
2024-07-17,2.970,2.966,2.980,2.959,1698000,5042039
2024-07-18,2.965,2.960,2.966,2.916,2455700,7229130
2024-07-19,2.947,2.973,2.982,2.946,1659701,4928111
2024-07-22,2.968,2.960,2.980,2.949,1960900,5806683
2024-07-23,2.952,2.873,2.958,2.873,2415400,7020871
2024-07-24,2.873,2.841,2.883,2.833,2309200,6582919
2024-07-25,2.831,2.847,2.853,2.820,1798700,5099914
2024-07-26,2.834,2.872,2.875,2.834,1036100,2963922
2024-07-29,2.864,2.859,2.873,2.846,1980400,5656200
2024-07-30,2.842,2.829,2.856,2.814,1532100,4327617
2024-07-31,2.812,2.920,2.925,2.812,3275500,9493975
2024-08-01,2.927,2.894,2.931,2.886,1664300,4837120
2024-08-02,2.884,2.857,2.900,2.850,1801300,5168449
2024-08-05,2.853,2.796,2.873,2.795,3236000,9142509
2024-08-06,2.805,2.816,2.837,2.792,2156100,6048202
2024-08-07,2.819,2.803,2.823,2.800,1399500,3938167
2024-08-08,2.794,2.809,2.832,2.782,1421901,3994328
2024-08-09,2.812,2.801,2.835,2.799,1284300,3618121
2024-08-12,2.784,2.791,2.806,2.784,841100,2351895
2024-08-13,2.783,2.800,2.801,2.775,868300,2421057
2024-08-14,2.791,2.771,2.794,2.770,848500,2355834
2024-08-15,2.770,2.781,2.802,2.761,1867500,5198199
2024-08-16,2.774,2.775,2.790,2.770,647500,1798378
2024-08-19,2.762,2.767,2.795,2.762,888900,2469836
2024-08-20,2.765,2.734,2.766,2.725,1349500,3697068
2024-08-21,2.727,2.736,2.758,2.720,1294400,3546900
2024-08-22,2.729,2.711,2.736,2.711,696100,1892660
2024-08-23,2.700,2.711,2.720,2.700,551300,1494048
2024-08-26,2.702,2.709,2.723,2.702,605800,1644162
2024-08-27,2.708,2.693,2.708,2.682,875600,2357945
2024-08-28,2.691,2.684,2.691,2.672,658100,1765425
2024-08-29,2.670,2.717,2.728,2.670,1157600,3134923
2024-08-30,2.707,2.804,2.835,2.707,3767101,10545809
2024-09-02,2.799,2.743,2.799,2.742,1390000,3845513
2024-09-03,2.739,2.775,2.783,2.737,1401701,3875399
2024-09-04,2.764,2.756,2.778,2.745,1009500,2784237
2024-09-05,2.750,2.768,2.782,2.750,1123300,3104857
2024-09-06,2.760,2.720,2.769,2.718,1282000,3506119
2024-09-09,2.700,2.697,2.728,2.688,1323300,3581266
2024-09-10,2.697,2.705,2.718,2.671,978700,2637757
2024-09-11,2.695,2.725,2.735,2.695,1663600,4521123
2024-09-12,2.720,2.700,2.745,2.700,743500,2020767
2024-09-13,2.695,2.683,2.718,2.681,830700,2238168
2024-09-18,2.683,2.679,2.683,2.646,1987000,5284882
2024-09-19,2.681,2.694,2.718,2.657,1906200,5126999
2024-09-20,2.693,2.692,2.715,2.671,1286600,3452436
2024-09-23,2.691,2.691,2.719,2.680,1395200,3769480
2024-09-24,2.697,2.803,2.805,2.686,4585400,12648321
2024-09-25,2.818,2.826,2.891,2.818,3732000,10685199
2024-09-26,2.820,2.936,2.936,2.806,3901500,11197556
2024-09-27,2.960,3.126,3.184,2.960,6275399,19245821
2024-09-30,3.240,3.439,3.439,3.192,11281410,37460404
2024-10-08,3.783,3.778,3.783,3.510,15483913,56562988
2024-10-09,3.680,3.400,3.680,3.400,13340004,45999897
2024-10-10,3.400,3.351,3.449,3.299,8045000,27196592
2024-10-11,3.303,3.207,3.324,3.182,7252800,23570662
2024-10-14,3.206,3.302,3.313,3.197,6370600,20805284
2024-10-15,3.301,3.237,3.335,3.235,2709700,8899335
2024-10-16,3.190,3.198,3.242,3.179,2976900,9536490
2024-10-17,3.216,3.187,3.249,3.185,3473700,11183099
2024-10-18,3.177,3.318,3.391,3.165,6000800,19727729
2024-10-21,3.315,3.363,3.414,3.315,3950400,13299886
2024-10-22,3.363,3.410,3.419,3.343,3929100,13321322
2024-10-23,3.410,3.419,3.460,3.387,5395472,18493581
2024-10-24,3.401,3.370,3.401,3.355,3673800,12401237
2024-10-25,3.374,3.413,3.450,3.374,3912211,13354526
2024-10-28,3.415,3.433,3.437,3.376,3318700,11318758
2024-10-29,3.436,3.410,3.457,3.409,3231710,11089543
2024-10-30,3.401,3.413,3.457,3.385,3693711,12658093
2024-10-31,3.410,3.418,3.435,3.377,2462400,8396189
2024-11-01,3.400,3.390,3.441,3.389,3184900,10892363
2024-11-04,3.392,3.456,3.481,3.392,5760900,19872876
2024-11-05,3.445,3.550,3.550,3.438,5157700,18092083
2024-11-06,3.550,3.532,3.584,3.517,5103700,18121984
2024-11-07,3.477,3.583,3.590,3.477,4996400,17718998
2024-11-08,3.590,3.569,3.644,3.556,5992500,21558926
2024-11-11,3.558,3.648,3.678,3.545,6963701,25203596
2024-11-12,3.670,3.613,3.686,3.586,3461900,12605821
2024-11-13,3.583,3.627,3.628,3.563,3002601,10789307
2024-11-14,3.625,3.541,3.625,3.533,3276600,11721253
2024-11-15,3.539,3.457,3.547,3.454,4779000,16745500
2024-11-18,3.465,3.382,3.479,3.361,6358800,21708807
2024-11-19,3.387,3.429,3.430,3.340,3218301,10903047
2024-11-20,3.419,3.463,3.471,3.402,3187200,10995667
2024-11-21,3.476,3.458,3.476,3.418,1196801,4131218
2024-11-22,3.455,3.347,3.464,3.347,2150000,7314702
2024-11-25,3.350,3.339,3.400,3.298,2618600,8713911
2024-11-26,3.336,3.312,3.355,3.307,1790400,5956272
2024-11-27,3.310,3.386,3.386,3.280,2809800,9354617
2024-11-28,3.385,3.336,3.389,3.336,1976900,6646216
2024-11-29,3.335,3.388,3.421,3.331,2974100,10054282
2024-12-02,3.382,3.433,3.440,3.368,2666700,9127924
2024-12-03,3.419,3.411,3.444,3.390,2497400,8516740
2024-12-04,3.401,3.368,3.409,3.359,1669200,5642363
2024-12-05,3.368,3.372,3.386,3.354,1929600,6505234
2024-12-06,3.373,3.420,3.440,3.373,3509600,11973326
2024-12-09,3.420,3.408,3.439,3.392,1830300,6243590
2024-12-10,3.526,3.432,3.530,3.425,3835401,13334677
2024-12-11,3.432,3.429,3.453,3.406,1974400,6781080
2024-12-12,3.422,3.461,3.464,3.420,1952800,6727123
2024-12-13,3.450,3.397,3.450,3.397,2296700,7851315
2024-12-16,3.399,3.345,3.399,3.335,2779100,9332253
2024-12-17,3.349,3.349,3.378,3.337,2753800,9235721
2024-12-18,3.351,3.356,3.368,3.343,1671000,5608317
2024-12-19,3.334,3.410,3.410,3.316,2784300,9368062
2024-12-20,3.397,3.387,3.413,3.370,2378700,8072782
2024-12-23,3.395,3.345,3.400,3.345,3017600,10184238
2024-12-24,3.345,3.398,3.398,3.345,2610100,8811837
2024-12-25,3.407,3.371,3.407,3.361,2106600,7110867
2024-12-26,3.375,3.399,3.405,3.368,1562700,5303997
2024-12-27,3.399,3.393,3.434,3.387,2222200,7578363
2024-12-30,3.393,3.408,3.418,3.386,2588000,8811798
2024-12-31,3.399,3.335,3.405,3.330,2708405,9086755
2025-01-02,3.332,3.218,3.332,3.199,4588900,14983197
2025-01-03,3.216,3.174,3.271,3.168,3021500,9674801
2025-01-06,3.180,3.170,3.197,3.153,3053509,9696793
2025-01-07,3.174,3.215,3.215,3.168,2493100,7962172
2025-01-08,3.209,3.195,3.215,3.138,2894900,9182069
2025-01-09,3.191,3.200,3.211,3.180,1849600,5919709
2025-01-10,3.197,3.159,3.208,3.150,1761500,5606662
2025-01-13,3.140,3.150,3.176,3.128,2501000,7888102
2025-01-14,3.169,3.256,3.258,3.144,4175900,13455944
2025-01-15,3.255,3.225,3.255,3.222,1352700,4373610
2025-01-16,3.228,3.231,3.280,3.207,3628300,11742234
2025-01-17,3.225,3.254,3.272,3.217,2134500,6934162
2025-01-20,3.281,3.285,3.308,3.263,2871000,9447852
2025-01-21,3.289,3.308,3.311,3.264,2777200,9122496
2025-01-22,3.277,3.285,3.297,3.261,1781300,5838386
2025-01-23,3.298,3.268,3.330,3.264,1870600,6188984
2025-01-24,3.266,3.308,3.310,3.256,1839900,6053796
2025-01-27,3.310,3.277,3.324,3.277,1096900,3625928
2025-02-05,3.293,3.293,3.313,3.285,1743905,5756956
2025-02-06,3.292,3.392,3.395,3.260,4062804,13667593
2025-02-07,3.392,3.441,3.469,3.389,3693604,12675786
2025-02-10,3.445,3.440,3.458,3.401,2029901,6986343
2025-02-11,3.451,3.427,3.455,3.421,1216301,4183339
2025-02-12,3.430,3.489,3.489,3.420,1968900,6815883
2025-02-13,3.476,3.446,3.487,3.446,1558100,5401086
2025-02-14,3.446,3.488,3.492,3.442,2048900,7119946
2025-02-17,3.491,3.486,3.499,3.460,2754700,9598030
2025-02-18,3.486,3.467,3.513,3.443,2821300,9845322
2025-02-19,3.448,3.495,3.495,3.442,1791400,6229311
2025-02-20,3.500,3.512,3.525,3.493,2615200,9178698
2025-02-21,3.518,3.583,3.585,3.517,4875227,17348973
2025-02-24,3.583,3.561,3.604,3.545,2268100,8128220
2025-02-25,3.538,3.536,3.572,3.511,2090300,7394182
2025-02-26,3.536,3.553,3.556,3.516,1761201,6234095
2025-02-27,3.554,3.540,3.564,3.496,1469631,5185193
2025-02-28,3.524,3.444,3.530,3.440,3106200,10839824
2025-03-03,3.444,3.451,3.499,3.431,1904100,6598244
2025-03-04,3.443,3.453,3.455,3.406,18281200,62993337
2025-03-05,3.454,3.456,3.464,3.439,42759000,147481690
2025-03-06,3.471,3.526,3.528,3.471,50376100,177086622
2025-03-07,3.516,3.508,3.539,3.499,6086300,21447323
2025-03-10,3.508,3.501,3.529,3.478,42524200,148500396
2025-03-11,3.472,3.497,3.499,3.463,42486100,147601526
2025-03-12,3.510,3.509,3.534,3.490,1838000,6458667
2025-03-13,3.504,3.478,3.514,3.466,1436100,5004862
2025-03-14,3.481,3.552,3.556,3.481,2984704,10539090
2025-03-17,3.576,3.555,3.583,3.552,1814200,6467892
2025-03-18,3.560,3.571,3.587,3.559,1779200,6355226
2025-03-19,3.567,3.562,3.576,3.537,1339900,4770602
2025-03-20,3.560,3.536,3.562,3.529,1965500,6970181
2025-03-21,3.536,3.463,3.538,3.450,2589900,9038923
2025-03-24,3.474,3.482,3.491,3.436,2261500,7820815
2025-03-25,3.482,3.469,3.489,3.455,1314900,4560101
2025-03-26,3.471,3.474,3.487,3.466,554996,1929333
2025-03-27,3.471,3.489,3.512,3.450,606500,2114732
2025-03-28,3.483,3.469,3.503,3.468,667100,2320227
2025-03-31,3.467,3.427,3.467,3.406,1183801,4072048
2025-04-01,3.437,3.432,3.451,3.422,838201,2878275
2025-04-02,3.430,3.426,3.443,3.417,411900,1412014
2025-04-03,3.400,3.374,3.405,3.363,1681701,5687630
2025-04-07,3.312,3.085,3.312,3.060,4074300,12843896
2025-04-08,3.085,3.060,3.098,3.038,2385300,7296819
2025-04-09,3.048,3.102,3.118,2.980,2914398,8922271
2025-04-10,3.161,3.184,3.221,3.149,2615502,8348015
2025-04-11,3.169,3.236,3.248,3.154,1816501,5823679
2025-04-14,3.253,3.232,3.268,3.230,1489900,4837906
2025-04-15,3.217,3.213,3.264,3.203,634200,2039648
2025-04-16,3.209,3.190,3.209,3.152,1197800,3802364
2025-04-17,3.158,3.185,3.203,3.158,700200,2233934
2025-04-18,3.185,3.191,3.193,3.172,730800,2324214
2025-04-21,3.213,3.232,3.232,3.171,1101600,3537988
2025-04-22,3.220,3.221,3.236,3.217,668200,2155908
2025-04-23,3.244,3.252,3.274,3.239,929301,3027546
2025-04-24,3.250,3.239,3.269,3.230,360400,1170892
2025-04-25,3.253,3.254,3.272,3.245,405000,1320334
2025-04-28,3.248,3.226,3.249,3.225,716600,2318186
2025-04-29,3.225,3.218,3.239,3.208,578700,1863997
2025-04-30,3.228,3.236,3.246,3.221,869000,2811735
2025-05-06,3.239,3.289,3.295,3.239,1579200,5182731
2025-05-07,3.315,3.288,3.333,3.269,583200,1923949
2025-05-08,3.285,3.305,3.315,3.263,438700,1448383
2025-05-09,3.305,3.291,3.307,3.275,405300,1332690
2025-05-12,3.298,3.336,3.336,3.298,914100,3035099
2025-05-13,3.363,3.325,3.370,3.325,824100,2754017
2025-05-14,3.325,3.342,3.361,3.318,1157400,3853353
2025-05-15,3.331,3.307,3.353,3.305,686700,2279558
2025-05-16,3.303,3.310,3.320,3.296,680400,2251356
2025-05-19,3.310,3.305,3.311,3.281,401402,1320360
2025-05-20,3.311,3.354,3.354,3.305,603601,2015033
2025-05-21,3.354,3.362,3.379,3.354,1123001,3781219
2025-05-22,3.355,3.351,3.371,3.350,494200,1660546
2025-05-23,3.348,3.343,3.390,3.341,1415100,4770209
2025-05-26,3.339,3.315,3.339,3.303,662670,2198613
2025-05-27,3.326,3.289,3.326,3.285,477971,1576782
2025-05-28,3.301,3.277,3.301,3.274,1012470,3321465
2025-05-29,3.288,3.320,3.326,3.277,1010501,3347528
2025-05-30,3.324,3.302,3.324,3.290,648801,2141693
2025-06-03,3.299,3.313,3.317,3.281,456400,1511549
2025-06-04,3.310,3.340,3.345,3.310,792200,2640601
2025-06-05,3.340,3.350,3.359,3.328,847400,2831742
2025-06-06,3.350,3.342,3.359,3.339,663300,2220079
2025-06-09,3.348,3.352,3.366,3.342,456800,1532474
2025-06-10,3.352,3.330,3.362,3.315,852400,2847745
2025-06-11,3.328,3.365,3.381,3.328,731600,2460282
2025-06-12,3.361,3.355,3.367,3.345,518630,1742066
2025-06-13,3.353,3.327,3.353,3.313,903600,3007475
2025-06-16,3.326,3.341,3.341,3.321,492830,1641104
2025-06-17,3.342,3.333,3.349,3.331,473100,1579020
2025-06-18,3.321,3.360,3.360,3.320,783200,2620650
2025-06-19,3.359,3.300,3.365,3.300,822200,2749863
2025-06-20,3.310,3.334,3.347,3.310,322500,1072988
2025-06-23,3.330,3.329,3.336,3.301,475200,1579638
2025-06-24,3.329,3.373,3.375,3.329,999010,3360298
2025-06-25,3.375,3.412,3.418,3.375,1677592,5695427
2025-06-26,3.402,3.391,3.424,3.391,1762609,6008996
2025-06-27,3.391,3.398,3.419,3.388,757910,2581023
2025-06-30,3.398,3.429,3.434,3.380,1301001,4453730
2025-07-01,3.421,3.449,3.450,3.418,1537163,5282278
2025-07-02,3.450,3.428,3.450,3.420,536700,1837631
2025-07-03,3.438,3.473,3.479,3.434,1308700,4522982
2025-07-04,3.473,3.471,3.494,3.447,627400,2177285
2025-07-07,3.465,3.436,3.468,3.435,507700,1749614
2025-07-08,3.436,3.484,3.485,3.435,1092703,3791915
2025-07-09,3.436,3.472,3.500,3.436,1397200,4871732
2025-07-10,3.478,3.491,3.500,3.470,1216201,4239216
2025-07-11,3.491,3.495,3.514,3.482,1181302,4132474
2025-07-14,3.496,3.494,3.504,3.487,450900,1575892
2025-07-15,3.494,3.508,3.520,3.480,1435400,5026910
2025-07-16,3.510,3.508,3.528,3.501,712301,2503006
2025-07-17,3.513,3.570,3.570,3.513,1458301,5179271
2025-07-18,3.571,3.579,3.596,3.561,1215492,4351073
2025-07-21,3.578,3.610,3.610,3.576,2046763,7355736
2025-07-22,3.610,3.632,3.632,3.585,1933191,6984638
2025-07-23,3.625,3.616,3.638,3.604,1035507,3750681
2025-07-24,3.616,3.651,3.656,3.600,1399741,5095241
2025-07-25,3.656,3.667,3.676,3.651,914600,3350029
2025-07-28,3.659,3.682,3.682,3.640,1455600,5345040
2025-07-29,3.682,3.693,3.693,3.651,1221936,4487359
2025-07-30,3.694,3.676,3.711,3.657,2540563,9391088
2025-07-31,3.671,3.608,3.678,3.605,2829819,10255005
2025-08-01,3.605,3.603,3.628,3.583,1339936,4818899
2025-08-04,3.595,3.602,3.603,3.577,746044,2678526
2025-08-05,3.604,3.629,3.630,3.604,824800,2982577
2025-08-06,3.625,3.640,3.644,3.620,810345,2944192
2025-08-07,3.645,3.653,3.677,3.632,784101,2864625
2025-08-08,3.652,3.647,3.657,3.636,487700,1778350
2025-08-11,3.647,3.701,3.707,3.647,1769341,6531781
2025-08-12,3.701,3.710,3.712,3.687,1229842,4553545
2025-08-13,3.712,3.749,3.751,3.710,1775455,6621504
2025-08-14,3.756,3.719,3.761,3.705,1513600,5661127
2025-08-15,3.707,3.758,3.761,3.700,1131300,4237894
2025-08-18,3.762,3.814,3.840,3.758,2100702,7990282
2025-08-19,3.810,3.809,3.833,3.788,1086055,4142007
2025-08-20,3.800,3.865,3.865,3.781,1423602,5440901
2025-08-21,3.867,3.878,3.896,3.846,1564000,6056281
2025-08-22,3.875,3.936,3.936,3.868,2645100,10336907
2025-08-25,3.960,4.010,4.017,3.958,2447400,9755770
2025-08-26,4.010,4.080,4.112,3.988,4765500,19341696
2025-08-27,4.070,4.021,4.125,4.010,4202902,17179204
2025-08-28,3.986,4.081,4.084,3.970,3457520,13894173
2025-08-29,4.089,4.118,4.134,4.041,2983900,12228030
2025-09-01,4.119,4.114,4.120,4.073,2925600,11989186
2025-09-02,4.114,4.035,4.118,4.006,3233600,13125508
2025-09-03,4.036,3.978,4.056,3.966,3808823,15240988
2025-09-04,3.973,3.881,4.010,3.843,4187723,16330078
2025-09-05,3.881,4.019,4.020,3.875,2984100,11820968
2025-09-08,4.018,4.103,4.107,4.018,4127300,16835469
2025-09-09,4.098,4.061,4.102,4.039,2328800,9486528
2025-09-10,4.050,4.065,4.079,4.010,1780700,7217106
2025-09-11,4.059,4.199,4.199,4.041,3915202,16186216
2025-09-12,4.200,4.165,4.214,4.161,3667500,15389993
2025-09-15,4.175,4.190,4.228,4.166,1450500,6089740
2025-09-16,4.191,4.212,4.218,4.160,2304200,9670693
2025-09-17,4.212,4.254,4.258,4.189,2459900,10397350
2025-09-18,4.254,4.237,4.324,4.186,4573100,19503637
2025-09-19,4.223,4.261,4.293,4.223,4682100,19953206
2025-09-22,4.275,4.311,4.311,4.251,2961400,12687820
2025-09-23,4.323,4.291,4.344,4.212,3850600,16455150
2025-09-24,4.269,4.389,4.392,4.237,3424100,14819264
2025-09-25,4.387,4.411,4.430,4.371,2268800,9993413
2025-09-26,4.390,4.332,4.399,4.324,1558700,6797719
2025-09-29,4.326,4.403,4.410,4.317,3231701,14144477
2025-09-30,4.405,4.433,4.437,4.400,2735000,12098468
2025-10-09,4.440,4.516,4.531,4.440,2876400,12919898
2025-10-10,4.499,4.399,4.500,4.378,2946505,13053877
2025-10-13,4.320,4.341,4.343,4.212,3314000,14214496
2025-10-14,4.379,4.214,4.381,4.200,2197700,9379101
2025-10-15,4.217,4.289,4.294,4.190,1402801,5949879
2025-10-16,4.270,4.263,4.319,4.250,1806800,7737819
2025-10-17,4.262,4.143,4.265,4.139,2592763,10811993
2025-10-20,4.159,4.175,4.215,4.143,1711001,7146058
2025-10-21,4.183,4.262,4.265,4.183,1497603,6351261
2025-10-22,4.243,4.235,4.259,4.206,754800,3196046
2025-10-23,4.227,4.237,4.243,4.160,953603,4003270
2025-10-24,4.239,4.317,4.317,4.239,2248200,9638020
2025-10-27,4.356,4.384,4.389,4.340,2010201,8779389
2025-10-28,4.375,4.370,4.430,4.349,2281400,10010713
2025-10-29,4.372,4.447,4.448,4.372,1773200,7823133
2025-10-30,4.440,4.416,4.448,4.389,1071900,4738036
2025-10-31,4.419,4.360,4.427,4.359,900700,3949136
2025-11-03,4.358,4.360,4.365,4.286,2217600,9562133
2025-11-04,4.345,4.285,4.361,4.264,1260300,5435326
2025-11-05,4.269,4.270,4.289,4.200,1143700,4852633
2025-11-06,4.266,4.350,4.354,4.265,1404200,6068870
2025-11-07,4.347,4.329,4.359,4.300,649900,2814752
2025-11-10,4.332,4.334,4.358,4.310,669900,2900546
2025-11-11,4.352,4.279,4.352,4.278,2163600,9346347
2025-11-12,4.278,4.271,4.296,4.231,813100,3462495
2025-11-13,4.269,4.324,4.327,4.262,1271700,5475371
2025-11-14,4.295,4.253,4.320,4.253,959000,4113041
2025-11-17,4.251,4.238,4.268,4.221,1022200,4333261
2025-11-18,4.234,4.216,4.256,4.201,1069600,4518833
2025-11-19,4.216,4.210,4.237,4.188,1279100,5381570
2025-11-20,4.226,4.173,4.249,4.172,687700,2898300
2025-11-21,4.156,4.045,4.156,4.040,2462200,10080039
2025-11-24,4.045,4.051,4.081,4.011,835900,3382285
2025-11-25,4.073,4.135,4.158,4.073,1084900,4474055
2025-11-26,4.138,4.164,4.197,4.100,1402200,5852697
2025-11-27,4.169,4.147,4.214,4.144,691800,2891366
2025-11-28,4.148,4.179,4.192,4.139,827600,3454105
2025-12-01,4.191,4.243,4.245,4.191,1268584,5356795
2025-12-02,4.242,4.213,4.249,4.198,1042521,4404479
2025-12-03,4.213,4.182,4.220,4.170,751400,3151290
2025-12-04,4.178,4.193,4.203,4.150,1381837,5776143
2025-12-05,4.192,4.225,4.230,4.169,961700,4042585
2025-12-08,4.224,4.261,4.285,4.224,2589401,11018335
2025-12-09,4.260,4.242,4.280,4.230,1199700,5106671
2025-12-10,4.242,4.256,4.265,4.202,988400,4177877
2025-12-11,4.255,4.228,4.275,4.213,1672700,7110101
2025-12-12,4.224,4.251,4.265,4.198,1486600,6284414
2025-12-15,4.240,4.201,4.249,4.201,796000,3363918
2025-12-16,4.191,4.156,4.201,4.130,1621800,6743700
2025-12-17,4.142,4.232,4.248,4.142,969200,4071774
2025-12-18,4.213,4.193,4.238,4.193,580200,2443555
2025-12-19,4.196,4.225,4.243,4.196,956100,4040096
2025-12-22,4.230,4.280,4.290,4.230,1745200,7466783
2025-12-23,4.283,4.304,4.325,4.281,1365200,5872230
2025-12-24,4.297,4.332,4.341,4.294,1237700,5344583
2025-12-25,4.333,4.359,4.369,4.314,944800,4108098
2025-12-26,4.363,4.373,4.406,4.354,2233303,9788327
2025-12-29,4.380,4.379,4.422,4.366,1985900,8728358
2025-12-30,4.352,4.396,4.439,4.341,2419110,10693547
2025-12-31,4.393,4.376,4.419,4.370,696400,3055322
2026-01-05,4.402,4.476,4.476,4.402,3332700,14860708
2026-01-06,4.484,4.558,4.565,4.483,2354400,10677528
2026-01-07,4.572,4.565,4.600,4.536,2601510,11886201
2026-01-08,4.560,4.548,4.570,4.515,1256100,5714928
2026-01-09,4.547,4.606,4.614,4.532,3468800,15936985
2026-01-12,4.617,4.676,4.690,4.600,4165000,19282610
2026-01-13,4.679,4.633,4.720,4.614,1866216,8720750
2026-01-14,4.629,4.648,4.719,4.604,2598516,12136411
2026-01-15,4.648,4.667,4.683,4.630,1520910,7090200
2026-01-16,4.669,4.666,4.710,4.658,1536101,7192119
2026-01-19,4.650,4.683,4.708,4.640,1403201,6561994
2026-01-20,4.682,4.638,4.697,4.590,1770101,8194778
2026-01-21,4.630,4.673,4.690,4.617,2111900,9871426
2026-01-22,4.681,4.679,4.719,4.662,1050100,4919113
2026-01-23,4.681,4.716,4.716,4.673,2096701,9849286
2026-01-26,4.716,4.630,4.716,4.630,1874900,8746639
2026-01-27,4.626,4.626,4.650,4.561,1248200,5759991
2026-01-28,4.624,4.631,4.658,4.592,1253700,5797618
2026-01-29,4.631,4.595,4.645,4.588,1014200,4684585
2026-01-30,4.592,4.535,4.592,4.456,2078602,9409591
2026-02-02,4.501,4.428,4.538,4.426,2308300,10324111
2026-02-03,4.439,4.526,4.538,4.427,1312900,5879904
2026-02-04,4.520,4.524,4.526,4.470,903400,4060619
2026-02-05,4.494,4.465,4.500,4.448,868001,3876049
2026-02-06,4.452,4.483,4.526,4.400,1069800,4776487
2026-02-09,4.510,4.556,4.558,4.510,1209600,5496154
2026-02-10,4.554,4.583,4.587,4.548,1232201,5637593
2026-02-11,4.582,4.571,4.597,4.571,1824600,8363855
2026-02-12,4.574,4.582,4.598,4.570,1296401,5945178
2026-02-13,4.582,4.562,4.595,4.548,1195400,5476173
2026-02-24,4.584,4.612,4.633,4.576,945200,4358106
2026-02-25,4.612,4.658,4.672,4.612,982900,4571282
2026-02-26,4.658,4.689,4.703,4.650,1860411,8689500
2026-02-27,4.662,4.673,4.688,4.653,1162700,5433491
2026-03-02,4.630,4.683,4.700,4.628,1869601,8727066
2026-03-03,4.687,4.544,4.704,4.544,2128900,9791473
2026-03-04,4.544,4.575,4.575,4.505,2560700,11610489
2026-03-05,4.598,4.569,4.598,4.545,1183300,5416637
2026-03-06,4.567,4.605,4.614,4.546,1189300,5441175
2026-03-09,4.566,4.568,4.582,4.455,1036500,4677586
2026-03-10,4.579,4.657,4.658,4.579,1616801,7499750
2026-03-11,4.655,4.686,4.688,4.640,1437101,6720935
2026-03-12,4.684,4.676,4.691,4.626,1192601,5568120
2026-03-13,4.642,4.645,4.690,4.625,1239151,5773905
2026-03-16,4.645,4.640,4.647,4.576,877850,4046636
2026-03-17,4.641,4.579,4.678,4.571,1283550,5943453
2026-03-18,4.583,4.591,4.599,4.524,775000,3535365
2026-03-19,4.552,4.495,4.552,4.480,916051,4137460
2026-03-20,4.511,4.468,4.545,4.466,769400,3465603
2026-03-23,4.438,4.298,4.468,4.286,2806801,12289829
2026-03-24,4.340,4.348,4.381,4.245,2427602,10379640
2026-03-25,4.365,4.440,4.460,4.365,2042501,9034281
2026-03-26,4.422,4.380,4.456,4.368,849300,3756751
2026-03-27,4.312,4.431,4.458,4.312,593400,2604692
2026-03-30,4.408,4.439,4.456,4.376,700400,3089652
2026-03-31,4.422,4.376,4.464,4.375,1029900,4542846
2026-04-01,4.416,4.447,4.455,4.406,1029918,4565158
2026-04-02,4.445,4.386,4.448,4.371,623318,2756355
2026-04-03,4.390,4.342,4.409,4.341,589000,2575377
2026-04-07,4.341,4.346,4.373,4.322,642700,2795963
2026-04-08,4.393,4.542,4.550,4.393,2947544,13294618
2026-04-09,4.506,4.552,4.580,4.506,850610,3871172
2026-04-10,4.558,4.644,4.675,4.558,2676220,12435823
2026-04-13,4.627,4.666,4.680,4.581,1258786,5864521
2026-04-14,4.672,4.747,4.756,4.672,1448800,6850705
2026-04-15,4.764,4.707,4.778,4.690,1086700,5144776
2026-04-16,4.699,4.788,4.794,4.699,1268501,6039436
2026-04-17,4.788,4.788,4.803,4.777,600101,2874483
2026-04-20,4.782,4.835,4.840,4.782,1331401,6423569
2026-04-21,4.828,4.850,4.866,4.785,1093300,5282845
2026-04-22,4.835,4.942,4.942,4.835,1935001,9508406
2026-04-23,4.922,4.898,4.950,4.858,1494000,7327773
2026-04-24,4.887,4.888,4.909,4.830,1317500,6409009
2026-04-27,4.881,4.968,4.972,4.880,2689500,13334613
2026-04-28,4.969,4.916,4.969,4.895,1198000,5886758
2026-04-29,4.891,4.961,4.975,4.851,568800,2811271
2026-04-30,4.967,4.997,5.004,4.950,991300,4943357
2026-05-06,5.017,5.088,5.111,5.017,2321700,11811067
2026-05-07,5.076,5.136,5.139,5.047,1264801,6458466
2026-05-08,5.114,5.126,5.133,5.081,3498805,17909935
2026-05-11,5.140,5.218,5.236,5.140,3730600,19339312
2026-05-12,5.204,5.197,5.231,5.146,1995300,10339844
2026-05-13,5.188,5.266,5.267,5.160,2380800,12438397
2026-05-14,5.284,5.130,5.284,5.125,3700400,19261307
2026-05-15,5.111,5.050,5.163,5.016,3445820,17520805
2026-05-18,5.038,5.044,5.081,5.011,4081400,20616786
2026-05-19,5.054,5.105,5.107,4.963,3397100,17112656
2026-05-20,5.090,5.087,5.103,5.038,2410900,12220469
2026-05-21,5.091,5.000,5.197,4.992,3345509,17125637
2026-05-22,5.050,5.105,5.108,5.002,2316700,11758922
2026-05-25,5.125,5.202,5.206,5.095,2456700,12678147
2026-05-26,5.199,5.181,5.202,5.103,5264400,27125942
2026-05-27,5.155,5.110,5.220,5.092,2750300,14245061
2026-05-28,5.087,5.116,5.128,5.030,2335800,11873687
2026-05-29,5.130,5.022,5.167,5.003,3180600,16083288
2026-06-01,5.018,4.935,5.080,4.929,4776700,23800829
2026-06-02,4.933,5.003,5.029,4.875,2119800,10499556
2026-06-03,5.000,5.017,5.095,4.971,3182000,16082987
2026-06-04,5.014,5.021,5.055,4.961,1747600,8775935
2026-06-05,5.020,4.907,5.031,4.896,2447400,12137799
2026-06-08,4.887,4.767,4.887,4.722,3648513,17494478
2026-06-09,4.793,4.919,4.919,4.774,2909300,14054349
2026-06-10,4.894,4.810,4.894,4.765,2692200,12937927
2026-06-11,4.774,4.782,4.835,4.735,2125100,10139468
2026-06-12,4.823,4.830,4.888,4.821,2544700,12352690
2026-06-15,4.854,4.950,4.950,4.822,6327900,31149138
2026-06-16,4.925,4.985,4.992,4.925,2562400,12718239
2026-06-17,4.983,5.059,5.059,4.968,2406703,12109732
2026-06-18,5.034,5.101,5.120,5.030,3270904,16632312
2026-06-22,5.090,5.184,5.184,5.021,2721311,13881835
2026-06-23,5.174,5.061,5.184,5.030,1790010,9173617
2026-06-24,5.036,5.141,5.157,4.985,1983200,10092743
2026-06-25,5.115,5.220,5.237,5.115,2913310,15160907
2026-06-26,5.216,5.045,5.216,5.027,1621900,8311319
2026-06-29,5.032,5.036,5.065,4.927,2350202,11769758
2026-06-30,5.010,5.175,5.180,5.010,2572200,13139905
2026-07-01,5.175,5.149,5.215,5.108,2843000,14735325
2026-07-02,5.110,4.965,5.110,4.958,2559301,12833708
2026-07-03,4.911,5.066,5.103,4.911,2568100,12930255
2026-07-06,5.063,5.013,5.138,4.976,1620500,8164299
2026-07-07,5.006,4.981,5.047,4.935,1631700,8151474
2026-07-08,4.959,4.876,4.981,4.873,2009400,9873730
2026-07-09,4.876,5.043,5.063,4.852,4405800,21782093
2026-07-10,5.068,4.971,5.113,4.971,1852200,9386653
2026-07-13,4.949,4.787,4.950,4.764,3613400,17492971
2026-07-14,4.787,4.905,4.908,4.723,6585400,31582778
2026-07-15,4.905,4.875,4.960,4.870,3504431,17215706
2026-07-16,4.809,4.829,4.917,4.780,1621501,7871856
2026-07-17,4.825,4.597,4.825,4.560,5504338,25579083
2026-07-20,4.670,4.507,4.670,4.450,3886038,17628242
2026-07-21,4.505,4.683,4.688,4.426,3153710,14401947
2026-07-22,4.663,4.644,4.743,4.617,2715811,12762217
2026-07-23,4.658,4.662,4.684,4.614,1718003,7986123
2026-07-24,4.645,4.583,4.660,4.581,715000,3301694
2026-07-27,4.583,4.709,4.709,4.561,3067500,14243453
2026-07-28,4.615,4.530,4.643,4.517,2740700,12517145
2026-07-29,4.520,4.546,4.577,4.434,1740500,7853016
2026-07-30,4.523,4.403,4.530,4.368,4614200,20597693
2026-07-31,4.479,4.500,4.561,4.478,3484700,15775343
2026-08-03,4.469,4.427,4.489,4.427,4087800,18233193
2026-08-04,4.439,4.565,4.573,4.439,2886700,13093777
2026-08-05,4.560,4.653,4.685,4.500,3166000,14572013
2026-08-06,4.644,4.649,4.701,4.580,2008500,9354710
2026-08-07,4.650,4.738,4.753,4.640,1513249,7124432
2026-08-10,4.735,4.736,4.760,4.677,1363649,6439925
2026-08-11,4.727,4.711,4.765,4.691,986700,4666712
2026-08-12,4.711,4.750,4.770,4.711,960850,4561871
2026-08-13,4.758,4.699,4.795,4.699,615000,2924367
2026-08-14,4.699,4.706,4.720,4.665,1470200,6912264
2026-08-17,4.705,4.820,4.820,4.705,2005000,9559477
2026-08-18,4.820,4.796,4.830,4.743,1156700,5541183
2026-08-19,4.753,4.569,4.830,4.552,4463700,20698710
2026-08-20,4.600,4.572,4.626,4.552,2563800,11784655
2026-08-21,4.561,4.608,4.622,4.541,2680800,12274459
2026-08-24,4.605,4.525,4.622,4.474,1942200,8805504
2026-08-25,4.500,4.528,4.554,4.460,1445800,6530060
2026-08-26,4.537,4.576,4.598,4.526,2062500,9418872
2026-08-27,4.585,4.638,4.638,4.565,941500,4337354
2026-08-28,4.644,4.616,4.667,4.616,1375300,6376159
2026-08-31,4.620,4.631,4.637,4.550,1203000,5513922
2026-09-01,4.631,4.581,4.642,4.575,1972378,9054777
2026-09-02,4.577,4.511,4.577,4.499,2409742,10888618
2026-09-03,4.519,4.510,4.540,4.489,1933400,8744115
2026-09-04,4.522,4.481,4.560,4.450,2617900,11829896
2026-09-07,4.488,4.540,4.554,4.488,2830500,12821410
2026-09-08,4.550,4.533,4.573,4.520,1442800,6560863
2026-09-09,4.532,4.544,4.558,4.510,1791401,8125456
2026-09-10,4.535,4.502,4.535,4.494,1682100,7581882
2026-09-11,4.492,4.463,4.492,4.396,2605000,11573126
2026-09-14,4.450,4.427,4.462,4.386,971800,4298113
2026-09-15,4.429,4.417,4.465,4.401,2188600,9700867
2026-09-16,4.420,4.447,4.461,4.370,1626000,7170931
2026-09-17,4.430,4.442,4.476,4.423,1857500,8265887
2026-09-18,4.460,4.506,4.515,4.449,2273200,10184545
2026-09-21,4.510,4.530,4.540,4.508,1007718,4563532
2026-09-22,4.551,4.519,4.589,4.519,868300,3961917
2026-09-23,4.520,4.496,4.525,4.485,859301,3868782
2026-09-24,4.487,4.419,4.504,4.394,1114600,4935379
2026-09-28,4.390,4.250,4.390,4.242,4288000,18368025
2026-09-29,4.258,4.275,4.289,4.250,3799900,16215843
2026-09-30,4.285,4.269,4.287,4.257,2577000,11015314
