date,open,high,low,close,volume,turnover
2016-06-01,1.162,1.166,1.168,1.157,295502,344230
2016-06-02,1.156,1.164,1.166,1.156,141200,163802
2016-06-03,1.157,1.174,1.178,1.157,363524,425259
2016-06-06,1.161,1.174,1.178,1.161,329419,386599
2016-06-07,1.166,1.174,1.174,1.166,176999,207251
2016-06-08,1.166,1.173,1.176,1.166,170600,200152
2016-06-13,1.173,1.145,1.173,1.145,289500,335334
2016-06-14,1.145,1.140,1.146,1.129,561302,637104
2016-06-15,1.133,1.155,1.158,1.133,197400,227816
2016-06-16,1.157,1.151,1.159,1.151,145800,168357
2016-06-17,1.147,1.164,1.170,1.147,260999,303557
2016-06-20,1.158,1.166,1.171,1.154,137500,159443
2016-06-21,1.169,1.165,1.181,1.165,595500,695543
2016-06-22,1.161,1.170,1.178,1.157,2099900,2456712
2016-06-23,1.170,1.165,1.170,1.160,21400,24871
2016-06-24,1.157,1.159,1.170,1.146,254700,294246
2016-06-27,1.150,1.177,1.177,1.150,428299,499998
2016-06-28,1.166,1.205,1.207,1.166,2245803,2685729
2016-06-29,1.211,1.201,1.211,1.200,531004,638063
2016-06-30,1.202,1.211,1.216,1.202,740900,896098
2016-07-01,1.217,1.211,1.217,1.206,62200,75264
2016-07-04,1.201,1.221,1.223,1.197,1454799,1770701
2016-07-05,1.215,1.222,1.231,1.215,435210,533680
2016-07-06,1.215,1.235,1.235,1.215,639900,787524
2016-07-07,1.235,1.255,1.259,1.234,1128219,1415658
2016-07-08,1.252,1.252,1.257,1.242,907700,1136255
2016-07-11,1.241,1.255,1.263,1.241,297300,372788
2016-07-12,1.266,1.277,1.277,1.251,856900,1086305
2016-07-13,1.270,1.280,1.295,1.270,417800,536146
2016-07-14,1.284,1.278,1.284,1.277,364601,466249
2016-07-15,1.292,1.284,1.293,1.278,1106123,1417403
2016-07-18,1.284,1.278,1.286,1.275,1078600,1383000
2016-07-19,1.280,1.275,1.286,1.266,885604,1130652
2016-07-20,1.280,1.281,1.290,1.280,720117,925117
2016-07-21,1.290,1.288,1.296,1.282,1151322,1486829
2016-07-22,1.285,1.273,1.288,1.265,1609400,2048238
2016-07-25,1.256,1.268,1.280,1.256,508300,645561
2016-07-26,1.269,1.290,1.290,1.268,647900,830953
2016-07-27,1.292,1.266,1.310,1.261,1489800,1921650
2016-07-28,1.266,1.271,1.278,1.257,447700,568271
2016-07-29,1.277,1.274,1.282,1.269,326700,416922
2016-08-01,1.269,1.258,1.269,1.250,1045100,1313062
2016-08-02,1.279,1.256,1.279,1.247,183246,229527
2016-08-03,1.257,1.264,1.265,1.256,313300,395501
2016-08-04,1.260,1.263,1.265,1.260,96500,121782
2016-08-05,1.263,1.261,1.274,1.261,473855,601416
2016-08-08,1.251,1.261,1.268,1.251,197004,248625
2016-08-09,1.274,1.276,1.280,1.270,539305,688366
2016-08-10,1.272,1.282,1.288,1.272,392503,504203
2016-08-11,1.279,1.275,1.286,1.275,437104,559249
2016-08-12,1.266,1.278,1.278,1.265,123500,157543
2016-08-15,1.290,1.292,1.303,1.272,558235,721936
2016-08-16,1.293,1.305,1.310,1.293,1051849,1372156
2016-08-17,1.308,1.307,1.320,1.300,547702,716505
2016-08-18,1.305,1.300,1.313,1.300,271602,354085
2016-08-19,1.298,1.301,1.308,1.296,336000,436523
2016-08-22,1.313,1.301,1.313,1.301,423300,553386
2016-08-23,1.300,1.311,1.318,1.300,801800,1052541
2016-08-24,1.312,1.310,1.321,1.307,296902,390945
2016-08-25,1.300,1.304,1.316,1.297,244404,317817
2016-08-26,1.300,1.318,1.324,1.300,757400,998507
2016-08-29,1.318,1.318,1.330,1.317,526902,696276
2016-08-30,1.327,1.320,1.327,1.316,143700,189605
2016-08-31,1.311,1.317,1.320,1.308,110300,144840
2016-09-01,1.317,1.314,1.321,1.313,227000,298594
2016-09-02,1.312,1.306,1.316,1.304,348600,456617
2016-09-05,1.324,1.303,1.324,1.301,314900,411875
2016-09-06,1.300,1.313,1.313,1.298,275000,359093
2016-09-07,1.314,1.314,1.317,1.304,157100,206449
2016-09-08,1.314,1.317,1.320,1.308,833800,1097372
2016-09-09,1.322,1.323,1.326,1.317,633507,838286
2016-09-12,1.320,1.290,1.320,1.287,386100,501264
2016-09-13,1.292,1.287,1.311,1.284,160004,206239
2016-09-14,1.287,1.283,1.293,1.283,90000,115829
2016-09-19,1.294,1.290,1.299,1.287,133400,172197
2016-09-20,1.290,1.290,1.296,1.289,188600,243352
2016-09-21,1.288,1.295,1.296,1.288,365500,472640
2016-09-22,1.301,1.301,1.306,1.294,1326503,1728609
2016-09-23,1.294,1.301,1.301,1.294,266200,345290
2016-09-26,1.301,1.288,1.301,1.288,181400,235152
2016-09-27,1.296,1.286,1.296,1.280,845700,1086815
2016-09-28,1.285,1.285,1.292,1.285,108904,140067
2016-09-29,1.285,1.288,1.291,1.280,410200,527619
2016-09-30,1.290,1.298,1.304,1.288,741504,960072
2016-10-10,1.300,1.329,1.329,1.300,797600,1055738
2016-10-11,1.329,1.332,1.332,1.326,500700,666057
2016-10-12,1.327,1.332,1.337,1.327,249800,332506
2016-10-13,1.321,1.330,1.333,1.320,538700,716872
2016-10-14,1.323,1.331,1.331,1.323,543700,721710
2016-10-17,1.336,1.330,1.337,1.327,521806,695352
2016-10-18,1.327,1.334,1.338,1.321,1424400,1897706
2016-10-19,1.334,1.337,1.338,1.334,732200,978629
2016-10-20,1.337,1.334,1.337,1.328,531000,706282
2016-10-21,1.326,1.323,1.329,1.319,389128,515496
2016-10-24,1.319,1.331,1.335,1.319,912709,1211748
2016-10-25,1.334,1.330,1.334,1.326,171400,227970
2016-10-26,1.330,1.335,1.335,1.328,1467300,1954048
2016-10-27,1.330,1.333,1.335,1.326,494072,657641
2016-10-28,1.334,1.328,1.334,1.325,258000,342943
2016-10-31,1.327,1.321,1.327,1.312,117900,155536
2016-11-01,1.314,1.331,1.331,1.313,543509,720125
2016-11-02,1.335,1.327,1.335,1.326,221900,295213
2016-11-03,1.322,1.328,1.331,1.322,665600,884503
2016-11-04,1.328,1.327,1.330,1.325,176100,233781
2016-11-07,1.327,1.324,1.328,1.318,360500,477095
2016-11-08,1.328,1.325,1.328,1.322,1507700,1999903
2016-11-09,1.325,1.314,1.328,1.313,230000,303230
2016-11-10,1.329,1.329,1.330,1.323,558000,740286
2016-11-11,1.329,1.329,1.329,1.323,543700,720828
2016-11-14,1.330,1.328,1.338,1.326,1255100,1672745
2016-11-15,1.330,1.332,1.332,1.323,908000,1206246
2016-11-16,1.328,1.335,1.338,1.328,597730,798487
2016-11-17,1.328,1.328,1.339,1.326,958800,1274985
2016-11-18,1.330,1.330,1.337,1.329,380200,507352
2016-11-21,1.333,1.331,1.334,1.328,474200,631721
2016-11-22,1.332,1.340,1.340,1.332,1557506,2080601
2016-11-23,1.344,1.338,1.345,1.336,210600,281893
2016-11-24,1.335,1.339,1.346,1.330,605200,812952
2016-11-25,1.334,1.341,1.341,1.327,950600,1267622
2016-11-28,1.341,1.349,1.349,1.341,2600732,3498532
2016-11-29,1.349,1.340,1.349,1.339,377900,508197
2016-11-30,1.349,1.335,1.349,1.334,285432,381860
2016-12-01,1.346,1.337,1.350,1.335,428500,573069
2016-12-02,1.344,1.332,1.344,1.331,686300,919171
2016-12-05,1.328,1.320,1.330,1.300,649300,855910
2016-12-06,1.319,1.324,1.328,1.319,598704,793347
2016-12-07,1.328,1.326,1.328,1.317,881404,1167482
2016-12-08,1.328,1.324,1.330,1.323,267200,354319
2016-12-09,1.328,1.323,1.328,1.321,286503,379621
2016-12-12,1.316,1.289,1.319,1.270,656900,852143
2016-12-13,1.291,1.289,1.292,1.269,262115,335225
2016-12-14,1.290,1.268,1.290,1.266,936100,1187304
2016-12-15,1.274,1.266,1.284,1.260,9343900,11833265
2016-12-16,1.270,1.272,1.273,1.264,1462400,1855845
2016-12-19,1.272,1.275,1.278,1.268,600400,764811
2016-12-20,1.276,1.273,1.276,1.271,313702,399283
2016-12-21,1.275,1.279,1.279,1.275,238500,304952
2016-12-22,1.280,1.280,1.283,1.279,755400,966939
2016-12-23,1.280,1.274,1.281,1.273,260600,332645
2016-12-26,1.274,1.273,1.274,1.263,1138333,1441589
2016-12-27,1.274,1.274,1.277,1.270,363300,462846
2016-12-28,1.275,1.271,1.276,1.267,349300,444488
2016-12-29,1.271,1.270,1.271,1.263,541800,685655
2016-12-30,1.272,1.271,1.274,1.268,561200,712704
2017-01-03,1.271,1.279,1.279,1.271,369486,471964
2017-01-04,1.279,1.285,1.286,1.275,831600,1065363
2017-01-05,1.285,1.285,1.288,1.281,314800,404281
2017-01-06,1.290,1.282,1.293,1.280,1883000,2422807
2017-01-09,1.272,1.282,1.284,1.272,232100,296555
2017-01-10,1.280,1.283,1.286,1.276,193800,248666
2017-01-11,1.283,1.278,1.288,1.277,558300,714556
2017-01-12,1.280,1.271,1.280,1.266,557200,708344
2017-01-13,1.272,1.248,1.272,1.246,7868200,9863409
2017-01-16,1.247,1.233,1.250,1.220,4185904,5180688
2017-01-17,1.236,1.230,1.236,1.211,2804400,3429636
2017-01-18,1.225,1.229,1.232,1.225,1167800,1436905
2017-01-19,1.227,1.229,1.229,1.221,643300,787984
2017-01-20,1.225,1.239,1.241,1.225,701100,865891
2017-01-23,1.238,1.243,1.246,1.238,439200,546120
2017-01-24,1.245,1.244,1.246,1.240,470700,585318
2017-01-25,1.244,1.248,1.248,1.240,765000,953192
2017-01-26,1.252,1.254,1.254,1.250,592700,742457
2017-02-03,1.255,1.255,1.256,1.251,428400,537289
2017-02-06,1.258,1.262,1.263,1.257,1023200,1290138
2017-02-07,1.260,1.262,1.263,1.260,304100,383548
2017-02-08,1.260,1.264,1.264,1.256,798004,1006169
2017-02-09,1.264,1.268,1.268,1.263,440000,557575
2017-02-10,1.270,1.268,1.275,1.263,629800,799568
2017-02-13,1.268,1.271,1.272,1.259,1238300,1568972
2017-02-14,1.269,1.268,1.269,1.264,580568,735422
2017-02-15,1.270,1.269,1.274,1.267,703400,894417
2017-02-16,1.270,1.268,1.270,1.263,988100,1251205
2017-02-17,1.272,1.262,1.272,1.261,649200,821870
2017-02-20,1.263,1.271,1.271,1.263,1414506,1793805
2017-02-21,1.275,1.279,1.280,1.272,1230700,1570211
2017-02-22,1.279,1.278,1.280,1.275,341500,436375
2017-02-23,1.280,1.297,1.300,1.278,1462400,1887797
2017-02-24,1.313,1.298,1.313,1.293,867800,1126002
2017-02-27,1.297,1.292,1.310,1.290,399260,517818
2017-02-28,1.295,1.288,1.299,1.286,383409,494806
2017-03-01,1.288,1.293,1.295,1.288,261900,338267
2017-03-02,1.298,1.288,1.298,1.287,199304,257418
2017-03-03,1.292,1.284,1.292,1.282,383300,492288
2017-03-06,1.290,1.295,1.295,1.284,1021304,1320406
2017-03-07,1.295,1.298,1.299,1.286,495110,641411
2017-03-08,1.297,1.296,1.303,1.294,123700,160557
2017-03-09,1.296,1.290,1.296,1.281,290400,374320
2017-03-10,1.290,1.295,1.295,1.286,1875427,2425129
2017-03-13,1.294,1.298,1.300,1.287,2091086,2707364
2017-03-14,1.306,1.299,1.306,1.294,245000,317700
2017-03-15,1.299,1.302,1.302,1.293,420200,546268
2017-03-16,1.303,1.305,1.306,1.297,556001,724584
2017-03-17,1.307,1.302,1.311,1.302,561700,733603
2017-03-20,1.302,1.308,1.309,1.300,1333742,1739939
2017-03-21,1.309,1.321,1.330,1.309,1954800,2577707
2017-03-22,1.315,1.333,1.333,1.312,2090702,2768471
2017-03-23,1.331,1.333,1.342,1.323,2022400,2699598
2017-03-24,1.333,1.334,1.339,1.326,374322,499214
2017-03-27,1.334,1.327,1.334,1.325,876000,1165197
2017-03-28,1.327,1.326,1.336,1.317,2889803,3817458
2017-03-29,1.326,1.318,1.326,1.311,537700,709010
2017-03-30,1.318,1.301,1.318,1.296,3201728,4179006
2017-03-31,1.306,1.303,1.315,1.298,9285500,12077883
2017-04-05,1.306,1.320,1.322,1.300,2822602,3701756
2017-04-06,1.320,1.318,1.327,1.314,1047900,1382089
2017-04-07,1.318,1.316,1.322,1.309,3182100,4174676
2017-04-10,1.316,1.305,1.316,1.303,1785700,2335191
2017-04-11,1.305,1.300,1.308,1.291,5067302,6577140
2017-04-12,1.300,1.300,1.303,1.300,1097300,1428286
2017-04-13,1.296,1.307,1.308,1.296,1262000,1644799
2017-04-14,1.308,1.302,1.308,1.300,759800,989687
2017-04-17,1.302,1.295,1.306,1.290,4271300,5528859
2017-04-18,1.296,1.298,1.300,1.293,768800,997569
2017-04-19,1.301,1.290,1.301,1.280,4404503,5661168
2017-04-20,1.290,1.305,1.307,1.283,1641100,2133565
2017-04-21,1.305,1.304,1.310,1.300,863000,1126640
2017-04-24,1.296,1.291,1.300,1.282,4349902,5597315
2017-04-25,1.301,1.289,1.301,1.284,10805100,13913875
2017-04-26,1.292,1.288,1.296,1.286,6211000,8008658
2017-04-27,1.292,1.288,1.292,1.272,5637702,7207192
2017-04-28,1.290,1.287,1.292,1.284,10177500,13100738
2017-05-02,1.287,1.284,1.288,1.281,2111600,2709586
2017-05-03,1.283,1.279,1.285,1.277,2111502,2701782
2017-05-04,1.279,1.279,1.283,1.276,1100600,1406825
2017-05-05,1.281,1.273,1.281,1.271,1385200,1763498
2017-05-08,1.276,1.270,1.276,1.264,3791900,4805909
2017-05-09,1.269,1.257,1.269,1.245,6131500,7674713
2017-05-10,1.256,1.246,1.261,1.245,1874100,2348678
2017-05-11,1.246,1.239,1.246,1.224,5997002,7398576
2017-05-12,1.238,1.242,1.244,1.231,1386500,1719032
2017-05-15,1.245,1.253,1.254,1.245,3110400,3893202
2017-05-16,1.253,1.275,1.277,1.249,2716600,3427800
2017-05-17,1.275,1.268,1.277,1.266,1135000,1443697
2017-05-18,1.268,1.270,1.273,1.262,812100,1030848
2017-05-19,1.270,1.269,1.272,1.264,753500,954837
2017-05-22,1.271,1.266,1.275,1.262,2098300,2665810
2017-05-23,1.266,1.257,1.266,1.256,8580406,10797869
2017-05-24,1.260,1.260,1.262,1.243,4237000,5300502
2017-05-25,1.261,1.268,1.270,1.258,3324306,4201276
2017-05-26,1.269,1.267,1.270,1.261,1572200,1989979
2017-05-31,1.268,1.265,1.275,1.260,1115700,1413548
2017-06-01,1.264,1.256,1.264,1.252,2958120,3713971
2017-06-02,1.255,1.258,1.260,1.248,1387400,1735627
2017-06-05,1.260,1.258,1.261,1.257,696700,876727
2017-06-06,1.258,1.261,1.261,1.251,507000,637733
2017-06-07,1.262,1.274,1.275,1.260,2465500,3127355
2017-06-08,1.269,1.287,1.290,1.268,3706200,4759546
2017-06-09,1.286,1.289,1.292,1.282,1652400,2130649
2017-06-12,1.286,1.288,1.302,1.282,1884300,2438346
2017-06-13,1.288,1.293,1.296,1.287,1175292,1518489
2017-06-14,1.291,1.288,1.295,1.285,976900,1258702
2017-06-15,1.292,1.289,1.292,1.284,728507,938672
2017-06-16,1.289,1.288,1.293,1.286,563906,726731
2017-06-19,1.289,1.295,1.295,1.288,967708,1248918
2017-06-20,1.295,1.290,1.297,1.289,560600,725078
2017-06-21,1.291,1.298,1.298,1.280,1620200,2089387
2017-06-22,1.298,1.292,1.305,1.286,1890300,2457651
2017-06-23,1.292,1.293,1.293,1.283,1121701,1444721
2017-06-26,1.293,1.313,1.313,1.293,2454351,3202318
2017-06-27,1.313,1.315,1.318,1.308,997951,1311728
2017-06-28,1.315,1.307,1.317,1.304,918300,1204049
2017-06-29,1.308,1.310,1.310,1.304,913800,1194189
2017-06-30,1.304,1.315,1.315,1.304,613918,804336
2017-07-03,1.315,1.316,1.323,1.315,948200,1250738
2017-07-04,1.315,1.307,1.315,1.304,748700,978059
2017-07-05,1.308,1.310,1.310,1.304,607707,794761
2017-07-06,1.306,1.305,1.312,1.299,1231200,1608335
2017-07-07,1.304,1.303,1.314,1.296,1063650,1385211
2017-07-10,1.303,1.295,1.303,1.292,1425700,1847051
2017-07-11,1.294,1.289,1.299,1.289,1419100,1836064
2017-07-12,1.290,1.280,1.291,1.274,2920232,3738090
2017-07-13,1.282,1.284,1.287,1.276,1376000,1765511
2017-07-14,1.285,1.283,1.288,1.280,884100,1133337
2017-07-17,1.282,1.243,1.282,1.238,10892000,13629793
2017-07-18,1.245,1.241,1.249,1.230,4843700,5990507
2017-07-19,1.241,1.254,1.254,1.239,1506200,1877589
2017-07-20,1.257,1.256,1.259,1.252,1265100,1589418
2017-07-21,1.257,1.253,1.257,1.249,1036100,1298627
2017-07-24,1.252,1.254,1.255,1.248,1535300,1920947
2017-07-25,1.255,1.250,1.258,1.249,1297800,1625703
2017-07-26,1.251,1.242,1.251,1.234,4548700,5642040
2017-07-27,1.244,1.255,1.255,1.238,1648399,2056456
2017-07-28,1.253,1.255,1.257,1.252,1323600,1661010
2017-07-31,1.261,1.263,1.264,1.253,7917900,9962600
2017-08-01,1.265,1.262,1.265,1.257,4243100,5349352
2017-08-02,1.262,1.252,1.263,1.251,5265200,6617913
2017-08-03,1.252,1.253,1.257,1.248,3338600,4180478
2017-08-04,1.253,1.248,1.253,1.247,4182900,5225882
2017-08-07,1.250,1.259,1.259,1.249,2022800,2539462
2017-08-08,1.259,1.266,1.266,1.257,2587000,3265692
2017-08-09,1.267,1.279,1.282,1.266,2493300,3179215
2017-08-10,1.280,1.273,1.283,1.264,2628400,3348691
2017-08-11,1.272,1.268,1.276,1.263,2446100,3106845
2017-08-14,1.269,1.283,1.285,1.265,2192606,2805550
2017-08-15,1.284,1.283,1.288,1.275,1718700,2202826
2017-08-16,1.283,1.285,1.286,1.278,1765804,2264714
2017-08-17,1.285,1.286,1.288,1.281,1832800,2357744
2017-08-18,1.282,1.291,1.291,1.282,1179700,1517126
2017-08-21,1.290,1.296,1.296,1.290,2114900,2734928
2017-08-22,1.296,1.287,1.297,1.285,842100,1086019
2017-08-23,1.285,1.283,1.289,1.281,1169400,1501868
2017-08-24,1.287,1.277,1.287,1.274,1485000,1897970
2017-08-25,1.276,1.283,1.283,1.275,2245905,2876455
2017-08-28,1.284,1.290,1.296,1.283,2737900,3529543
2017-08-29,1.290,1.287,1.292,1.285,2217000,2854897
2017-08-30,1.287,1.287,1.291,1.287,1328400,1712027
2017-08-31,1.289,1.286,1.293,1.282,1823599,2346898
2017-09-01,1.288,1.293,1.294,1.285,1893900,2444528
2017-09-04,1.290,1.295,1.297,1.288,1515770,1962077
2017-09-05,1.295,1.303,1.304,1.293,1831999,2381803
2017-09-06,1.303,1.304,1.304,1.299,1082600,1408509
2017-09-07,1.303,1.300,1.306,1.300,1377600,1795013
2017-09-08,1.300,1.313,1.317,1.297,3081903,4035561
2017-09-11,1.312,1.306,1.313,1.304,3664700,4792996
2017-09-12,1.306,1.303,1.308,1.299,1454200,1894963
2017-09-13,1.302,1.305,1.305,1.300,1045970,1362289
2017-09-14,1.304,1.307,1.309,1.300,2582800,3371898
2017-09-15,1.305,1.306,1.314,1.301,1680400,2197201
2017-09-18,1.304,1.311,1.315,1.303,1530105,2003153
2017-09-19,1.311,1.311,1.317,1.306,1412203,1853033
2017-09-20,1.310,1.311,1.313,1.307,849700,1113364
2017-09-21,1.312,1.303,1.312,1.302,901700,1179276
2017-09-22,1.302,1.299,1.309,1.294,2400305,3117763
2017-09-25,1.299,1.307,1.313,1.294,1739800,2273621
2017-09-26,1.305,1.302,1.309,1.299,777400,1012902
2017-09-27,1.302,1.303,1.304,1.301,607100,790677
2017-09-28,1.303,1.304,1.306,1.300,1468050,1914199
2017-09-29,1.306,1.315,1.318,1.306,1232700,1620018
2017-10-09,1.319,1.330,1.334,1.319,2351908,3124660
2017-10-10,1.329,1.365,1.377,1.328,3051539,4136124
2017-10-11,1.370,1.368,1.384,1.368,11824333,16274595
2017-10-12,1.369,1.368,1.375,1.363,1921600,2625809
2017-10-13,1.367,1.371,1.379,1.365,1497800,2055992
2017-10-16,1.371,1.356,1.372,1.353,3563600,4855199
2017-10-17,1.356,1.355,1.356,1.345,1660900,2243367
2017-10-18,1.355,1.369,1.376,1.352,1752107,2388928
2017-10-19,1.370,1.376,1.383,1.369,2916675,4015592
2017-10-20,1.378,1.375,1.380,1.366,1880206,2579466
2017-10-23,1.378,1.398,1.400,1.373,2908232,4044424
2017-10-24,1.398,1.398,1.404,1.390,4262700,5954025
2017-10-25,1.402,1.411,1.411,1.399,2462901,3455934
2017-10-26,1.416,1.400,1.420,1.399,3880600,5478708
2017-10-27,1.404,1.401,1.406,1.391,1879008,2629573
2017-10-30,1.401,1.389,1.407,1.373,2527510,3502761
2017-10-31,1.387,1.389,1.392,1.378,2326600,3217803
2017-11-01,1.390,1.387,1.395,1.385,9194000,12784048
2017-11-02,1.382,1.384,1.387,1.376,5156107,7125645
2017-11-03,1.386,1.383,1.388,1.378,1670800,2309460
2017-11-06,1.380,1.423,1.423,1.377,3497815,4910439
2017-11-07,1.418,1.420,1.428,1.410,5541400,7865320
2017-11-08,1.420,1.411,1.422,1.407,2896100,4101435
2017-11-09,1.411,1.416,1.416,1.400,2406300,3383551
2017-11-10,1.417,1.421,1.422,1.410,1748900,2476223
2017-11-13,1.421,1.424,1.428,1.417,1817600,2587206
2017-11-14,1.424,1.405,1.426,1.402,2545000,3594403
2017-11-15,1.405,1.406,1.409,1.395,6495900,9111554
2017-11-16,1.400,1.422,1.424,1.399,3642600,5154116
2017-11-17,1.422,1.400,1.423,1.395,8152800,11440517
2017-11-20,1.400,1.405,1.405,1.365,3216904,4443687
2017-11-21,1.405,1.409,1.419,1.399,1932300,2724342
2017-11-22,1.409,1.403,1.419,1.393,3011300,4240524
2017-11-23,1.399,1.370,1.403,1.362,7978800,10979487
2017-11-24,1.368,1.360,1.370,1.350,6112900,8294717
2017-11-27,1.360,1.346,1.360,1.345,4187901,5650233
2017-11-28,1.350,1.358,1.358,1.344,1592541,2151860
2017-11-29,1.358,1.346,1.362,1.339,2313400,3112628
2017-11-30,1.346,1.340,1.350,1.337,2644000,3554313
2017-12-01,1.338,1.353,1.355,1.338,1993100,2692557
2017-12-04,1.354,1.348,1.358,1.346,2001700,2706996
2017-12-05,1.348,1.331,1.353,1.328,3170560,4235725
2017-12-06,1.323,1.336,1.338,1.319,3483443,4624572
2017-12-07,1.336,1.331,1.338,1.330,901500,1202267
2017-12-08,1.332,1.339,1.344,1.332,1144633,1531443
2017-12-11,1.344,1.373,1.373,1.341,2221135,3023096
2017-12-12,1.375,1.365,1.375,1.362,2380545,3257164
2017-12-13,1.366,1.372,1.372,1.363,1002300,1371073
2017-12-14,1.372,1.370,1.374,1.366,709418,971558
2017-12-15,1.370,1.364,1.375,1.359,1093700,1494833
2017-12-18,1.360,1.352,1.367,1.346,2132000,2888315
2017-12-19,1.353,1.366,1.366,1.353,2073500,2819858
2017-12-20,1.368,1.364,1.368,1.361,1230800,1679546
2017-12-21,1.364,1.378,1.382,1.356,2409200,3312722
2017-12-22,1.379,1.379,1.382,1.376,1843900,2544150
2017-12-25,1.379,1.375,1.382,1.367,3099001,4257500
2017-12-26,1.375,1.377,1.377,1.365,3405551,4678348
2017-12-27,1.379,1.355,1.380,1.352,5871300,8020330
2017-12-28,1.355,1.358,1.363,1.350,2176300,2954766
2017-12-29,1.360,1.368,1.368,1.359,1117200,1522798
2018-01-02,1.368,1.376,1.376,1.367,1928000,2645791
2018-01-03,1.376,1.382,1.386,1.375,3974001,5482962
2018-01-04,1.382,1.385,1.390,1.379,2636500,3655532
2018-01-05,1.387,1.385,1.389,1.384,3443257,4773090
2018-01-08,1.387,1.387,1.391,1.378,2350336,3250929
2018-01-09,1.387,1.407,1.408,1.384,3348308,4684692
2018-01-10,1.408,1.403,1.409,1.393,5694500,7985449
2018-01-11,1.403,1.406,1.406,1.398,1734200,2430876
2018-01-12,1.406,1.406,1.408,1.395,1231219,1724919
2018-01-15,1.403,1.390,1.414,1.389,5305400,7444613
2018-01-16,1.390,1.400,1.407,1.388,1985300,2775864
2018-01-17,1.401,1.393,1.401,1.386,3475118,4835759
2018-01-18,1.393,1.392,1.403,1.388,1306000,1820019
2018-01-19,1.392,1.385,1.397,1.375,2928900,4057462
2018-01-22,1.384,1.405,1.410,1.378,8080255,11239692
2018-01-23,1.404,1.403,1.409,1.399,3523500,4944229
2018-01-24,1.405,1.412,1.413,1.396,3751000,5276753
2018-01-25,1.412,1.403,1.412,1.402,4208910,5916411
2018-01-26,1.405,1.401,1.406,1.400,2225300,3120393
2018-01-29,1.404,1.374,1.404,1.372,7681500,10640686
2018-01-30,1.374,1.367,1.376,1.363,5595536,7668681
2018-01-31,1.367,1.360,1.367,1.353,2679700,3641445
2018-02-01,1.362,1.331,1.363,1.324,6716900,8975517
2018-02-02,1.330,1.330,1.336,1.310,3839600,5084609
2018-02-05,1.326,1.315,1.326,1.308,4601600,6050074
2018-02-06,1.300,1.288,1.309,1.271,20455433,26252469
2018-02-07,1.294,1.287,1.310,1.283,8137085,10541334
2018-02-08,1.271,1.287,1.296,1.271,5345700,6863213
2018-02-09,1.258,1.253,1.260,1.235,13939300,17393341
2018-02-12,1.261,1.278,1.280,1.247,5584300,7075507
2018-02-13,1.283,1.284,1.295,1.278,3364901,4328875
2018-02-14,1.282,1.290,1.290,1.278,1314100,1688095
2018-02-22,1.295,1.308,1.308,1.292,2690501,3497617
2018-02-23,1.313,1.304,1.315,1.300,2178300,2840819
2018-02-26,1.318,1.328,1.329,1.306,8473604,11198908
2018-02-27,1.330,1.321,1.331,1.317,4352200,5775170
2018-02-28,1.322,1.323,1.327,1.306,1475000,1948918
2018-03-01,1.319,1.340,1.340,1.314,3397400,4521227
2018-03-02,1.337,1.333,1.341,1.329,2416403,3225386
2018-03-05,1.332,1.343,1.344,1.323,2407400,3217797
2018-03-06,1.344,1.371,1.372,1.343,3989819,5433650
2018-03-07,1.371,1.365,1.380,1.360,4216200,5783066
2018-03-08,1.355,1.398,1.398,1.355,13754882,19033149
2018-03-09,1.398,1.405,1.405,1.391,9767026,13657039
2018-03-12,1.406,1.422,1.427,1.406,5607288,7964381
2018-03-13,1.420,1.404,1.420,1.404,4718000,6663239
2018-03-14,1.400,1.391,1.404,1.390,3529100,4932731
2018-03-15,1.380,1.393,1.402,1.380,3206500,4458138
2018-03-16,1.388,1.392,1.409,1.388,2521900,3531348
2018-03-19,1.381,1.420,1.423,1.381,4536961,6410694
2018-03-20,1.415,1.460,1.460,1.404,9273101,13406627
2018-03-21,1.461,1.444,1.470,1.435,8236200,11977026
2018-03-22,1.443,1.426,1.449,1.421,6740200,9653119
2018-03-23,1.395,1.381,1.412,1.364,13949606,19331550
2018-03-26,1.379,1.425,1.425,1.364,9819309,13758972
2018-03-27,1.433,1.444,1.454,1.427,7612322,10962071
2018-03-28,1.438,1.429,1.456,1.426,5458600,7859338
2018-03-29,1.435,1.423,1.438,1.411,9057604,12863279
2018-03-30,1.424,1.469,1.469,1.424,11426138,16601110
2018-04-02,1.470,1.457,1.477,1.451,8189102,12014537
2018-04-03,1.440,1.450,1.455,1.432,13893517,20060924
2018-04-04,1.462,1.450,1.482,1.447,9897100,14525023
2018-04-09,1.440,1.449,1.458,1.436,9440856,13666145
2018-04-10,1.450,1.459,1.462,1.441,4959100,7189690
2018-04-11,1.461,1.465,1.469,1.455,5944500,8698662
2018-04-12,1.462,1.467,1.476,1.459,6132701,8997410
2018-04-13,1.468,1.445,1.481,1.443,7280803,10607259
2018-04-16,1.445,1.445,1.451,1.429,6637500,9554321
2018-04-17,1.445,1.409,1.449,1.401,7675788,10875949
2018-04-18,1.418,1.416,1.422,1.384,6506817,9126935
2018-04-19,1.420,1.430,1.434,1.411,7685285,10975932
2018-04-20,1.425,1.413,1.438,1.411,4052217,5771187
2018-04-23,1.418,1.397,1.420,1.386,3611500,5051669
2018-04-24,1.404,1.428,1.428,1.402,3309504,4690722
2018-04-25,1.426,1.460,1.461,1.420,8004600,11611349
2018-04-26,1.462,1.437,1.462,1.436,6366101,9195603
2018-04-27,1.439,1.463,1.474,1.439,8816700,12866144
2018-05-02,1.476,1.481,1.486,1.463,8380680,12381825
2018-05-03,1.480,1.477,1.482,1.451,10130800,14885179
2018-05-04,1.475,1.497,1.499,1.470,6744207,10056787
2018-05-07,1.495,1.527,1.531,1.495,12778562,19402960
2018-05-08,1.530,1.525,1.530,1.515,10729622,16334101
2018-05-09,1.529,1.529,1.529,1.514,8688307,13225772
2018-05-10,1.529,1.557,1.558,1.526,6375724,9830679
2018-05-11,1.560,1.525,1.571,1.522,14909400,22925121
2018-05-14,1.516,1.526,1.529,1.500,14795000,22412531
2018-05-15,1.528,1.551,1.551,1.525,14642701,22581992
2018-05-16,1.557,1.567,1.578,1.546,8103800,12693752
2018-05-17,1.560,1.544,1.567,1.540,5333600,8257767
2018-05-18,1.540,1.548,1.552,1.529,8211000,12621517
2018-05-21,1.560,1.555,1.564,1.540,8150400,12657817
2018-05-22,1.561,1.583,1.584,1.547,11049835,17379719
2018-05-23,1.587,1.582,1.600,1.564,5613120,8916451
2018-05-24,1.585,1.584,1.593,1.570,5642014,8930227
2018-05-25,1.588,1.590,1.599,1.577,9428975,14984881
2018-05-28,1.592,1.600,1.611,1.570,10979601,17462224
2018-05-29,1.607,1.557,1.630,1.555,13549176,21650698
2018-05-30,1.517,1.523,1.551,1.506,14200682,21720534
2018-05-31,1.525,1.565,1.565,1.525,15133900,23436275
2018-06-01,1.562,1.520,1.571,1.500,10355600,15818074
2018-06-04,1.527,1.511,1.527,1.493,8236203,12413068
2018-06-05,1.517,1.557,1.558,1.513,9997000,15419813
2018-06-06,1.557,1.565,1.565,1.547,6159500,9596439
2018-06-07,1.565,1.549,1.572,1.548,3862300,6009564
2018-06-08,1.548,1.539,1.551,1.530,4932500,7593306
2018-06-11,1.543,1.505,1.543,1.499,9479100,14337005
2018-06-12,1.514,1.523,1.526,1.493,5144400,7786747
2018-06-13,1.522,1.500,1.522,1.499,5338700,8043266
2018-06-14,1.496,1.491,1.510,1.482,9349500,13958311
2018-06-15,1.490,1.460,1.491,1.454,7695700,11277435
2018-06-19,1.452,1.400,1.465,1.383,14768120,20940818
2018-06-20,1.400,1.438,1.443,1.391,8923900,12659778
2018-06-21,1.430,1.428,1.463,1.422,9518508,13746889
2018-06-22,1.401,1.443,1.444,1.401,6453900,9241500
2018-06-25,1.445,1.435,1.455,1.435,6238100,9018106
2018-06-26,1.418,1.431,1.441,1.416,9038300,12890200
2018-06-27,1.433,1.409,1.442,1.400,4904100,6952091
2018-06-28,1.394,1.387,1.409,1.385,6300900,8790399
2018-06-29,1.387,1.436,1.438,1.387,10064400,14290021
2018-07-02,1.435,1.427,1.457,1.417,12280200,17591302
2018-07-03,1.427,1.418,1.433,1.377,10063300,14123702
2018-07-04,1.417,1.395,1.417,1.390,3963000,5549898
2018-07-05,1.395,1.360,1.402,1.355,9619219,13214133
2018-07-06,1.362,1.363,1.386,1.333,8860900,12051145
2018-07-09,1.370,1.408,1.409,1.367,6734000,9361272
2018-07-10,1.408,1.422,1.423,1.400,6880100,9711956
2018-07-11,1.405,1.412,1.418,1.381,7102600,9947570
2018-07-12,1.414,1.449,1.456,1.412,10663400,15367229
2018-07-13,1.445,1.476,1.485,1.445,11172802,16439884
2018-07-16,1.478,1.473,1.479,1.458,5305300,7784241
2018-07-17,1.473,1.457,1.473,1.442,11208600,16268170
2018-07-18,1.458,1.453,1.474,1.451,7578500,11080309
2018-07-19,1.455,1.427,1.455,1.419,7437300,10641119
2018-07-20,1.428,1.433,1.436,1.413,8703600,12415152
2018-07-23,1.387,1.375,1.394,1.355,25673708,35246277
2018-07-24,1.367,1.390,1.400,1.357,19698030,27147237
2018-07-25,1.388,1.403,1.409,1.384,9073132,12693878
2018-07-26,1.403,1.391,1.410,1.388,5421600,7577600
2018-07-27,1.391,1.383,1.392,1.375,5621000,7772688
2018-07-30,1.382,1.348,1.382,1.341,19259351,26035260
2018-07-31,1.348,1.350,1.362,1.344,8105700,10956436
2018-08-01,1.359,1.332,1.359,1.329,18262149,24450921
2018-08-02,1.326,1.320,1.329,1.295,14516300,19021930
2018-08-03,1.313,1.291,1.320,1.291,8052800,10488805
2018-08-06,1.286,1.260,1.287,1.240,32627200,40985149
2018-08-07,1.259,1.280,1.280,1.252,7824075,9904721
2018-08-08,1.276,1.258,1.279,1.253,8738600,11029530
2018-08-09,1.255,1.285,1.293,1.238,11191197,14254691
2018-08-10,1.278,1.304,1.310,1.278,10706002,13924529
2018-08-13,1.291,1.315,1.316,1.281,7599200,9874071
2018-08-14,1.310,1.309,1.315,1.301,3601300,4708105
2018-08-15,1.313,1.271,1.313,1.269,9617300,12307503
2018-08-16,1.267,1.266,1.285,1.250,10670500,13543544
2018-08-17,1.277,1.233,1.280,1.230,17889100,22247145
2018-08-20,1.225,1.233,1.246,1.214,8160100,9995601
2018-08-21,1.228,1.256,1.257,1.224,15564709,19300517
2018-08-22,1.254,1.247,1.259,1.243,4086700,5110017
2018-08-23,1.246,1.256,1.262,1.245,4269200,5349571
2018-08-24,1.256,1.262,1.270,1.246,6298600,7917943
2018-08-27,1.262,1.298,1.304,1.262,8798913,11331832
2018-08-28,1.299,1.295,1.303,1.289,5762700,7464286
2018-08-29,1.291,1.291,1.296,1.287,3071600,3964125
2018-08-30,1.291,1.272,1.294,1.271,6999767,8949013
2018-08-31,1.260,1.251,1.266,1.248,12710100,15947766
2018-09-03,1.252,1.250,1.259,1.233,11928200,14819260
2018-09-04,1.248,1.261,1.263,1.244,8038332,10080393
2018-09-05,1.256,1.240,1.259,1.238,6730100,8406127
2018-09-06,1.241,1.232,1.248,1.229,6981800,8626070
2018-09-07,1.239,1.247,1.260,1.238,6771167,8435299
2018-09-10,1.245,1.229,1.248,1.227,9984000,12349171
2018-09-11,1.229,1.230,1.239,1.222,4897900,6016317
2018-09-12,1.234,1.211,1.234,1.207,12460400,15154758
2018-09-13,1.221,1.191,1.224,1.163,25531403,30276056
2018-09-14,1.190,1.176,1.194,1.176,16727900,19799659
2018-09-17,1.179,1.156,1.179,1.153,10177700,11804249
2018-09-18,1.156,1.176,1.178,1.151,7188602,8365055
2018-09-19,1.175,1.188,1.202,1.171,8061200,9574317
2018-09-20,1.186,1.187,1.196,1.185,3226200,3835155
2018-09-21,1.188,1.212,1.215,1.185,7366700,8815370
2018-09-25,1.200,1.212,1.214,1.196,3911000,4726649
2018-09-26,1.213,1.228,1.237,1.211,10704600,13144502
2018-09-27,1.229,1.231,1.247,1.225,7564900,9348185
2018-09-28,1.232,1.243,1.243,1.228,5900100,7306269
2018-10-08,1.225,1.194,1.225,1.191,14801300,17825554
2018-10-09,1.194,1.194,1.208,1.187,15254800,18212905
2018-10-10,1.194,1.184,1.198,1.172,17545000,20850642
2018-10-11,1.160,1.121,1.164,1.115,37438900,42537255
2018-10-12,1.126,1.130,1.136,1.104,16688500,18694643
2018-10-15,1.132,1.131,1.144,1.122,32546300,36733535
2018-10-16,1.121,1.107,1.131,1.104,22406600,25088265
2018-10-17,1.116,1.104,1.119,1.082,23795899,26119185
2018-10-18,1.090,1.060,1.091,1.057,28847896,30682545
2018-10-19,1.055,1.072,1.076,1.033,26462338,27799587
2018-10-22,1.079,1.124,1.128,1.079,31608686,34940723
2018-10-23,1.124,1.104,1.128,1.092,11313000,12536850
2018-10-24,1.098,1.090,1.106,1.080,16019759,17488423
2018-10-25,1.060,1.079,1.080,1.050,15528000,16492631
2018-10-26,1.084,1.077,1.091,1.067,12098100,13042608
2018-10-29,1.077,1.054,1.096,1.047,15485559,16342778
2018-10-30,1.045,1.065,1.075,1.039,12371459,13074415
2018-10-31,1.073,1.096,1.098,1.066,16657975,18130305
2018-11-01,1.100,1.103,1.121,1.097,15700800,17404852
2018-11-02,1.142,1.151,1.152,1.125,18621367,21190456
2018-11-05,1.146,1.148,1.158,1.129,13924000,15914645
2018-11-06,1.147,1.149,1.150,1.128,7577900,8628666
2018-11-07,1.150,1.142,1.161,1.142,9711800,11174382
2018-11-08,1.151,1.139,1.157,1.138,7960200,9140557
2018-11-09,1.130,1.133,1.143,1.127,6452100,7329935
2018-11-12,1.130,1.163,1.163,1.127,7967922,9153962
2018-11-13,1.154,1.177,1.185,1.148,14015400,16417449
2018-11-14,1.173,1.172,1.187,1.170,11550500,13621379
2018-11-15,1.167,1.183,1.183,1.163,9258100,10852569
2018-11-16,1.183,1.177,1.184,1.161,18763500,22049821
2018-11-19,1.175,1.179,1.179,1.168,8484000,9954506
2018-11-20,1.174,1.152,1.174,1.149,8117700,9413619
2018-11-21,1.143,1.168,1.170,1.140,15213400,17625959
2018-11-22,1.170,1.174,1.181,1.160,16661300,19497551
2018-11-23,1.170,1.142,1.173,1.140,9919400,11422898
2018-11-26,1.141,1.133,1.149,1.129,12330400,14062796
2018-11-27,1.136,1.139,1.145,1.134,5290000,6026451
2018-11-28,1.139,1.148,1.149,1.126,5186900,5909507
2018-11-29,1.155,1.134,1.159,1.133,6477500,7435436
2018-11-30,1.137,1.144,1.145,1.126,6233462,7070678
2018-12-03,1.167,1.179,1.184,1.158,10955601,12855076
2018-12-04,1.181,1.192,1.193,1.173,10818900,12821127
2018-12-05,1.178,1.198,1.209,1.173,19392873,23128700
2018-12-06,1.194,1.155,1.198,1.152,23133300,27002992
2018-12-07,1.147,1.118,1.149,1.116,31158400,35098089
2018-12-10,1.103,1.102,1.107,1.095,19641300,21604363
2018-12-11,1.108,1.109,1.112,1.101,8322000,9214307
2018-12-12,1.111,1.105,1.118,1.098,7504300,8291648
2018-12-13,1.106,1.114,1.121,1.101,10172500,11317161
2018-12-14,1.115,1.090,1.115,1.085,15143600,16594801
2018-12-17,1.082,1.075,1.085,1.061,14586500,15621216
2018-12-18,1.072,1.068,1.077,1.060,7296100,7783917
2018-12-19,1.074,1.041,1.074,1.038,19200300,20151403
2018-12-20,1.039,1.035,1.041,1.029,13528600,13998275
2018-12-21,1.035,1.019,1.036,1.012,17105801,17446041
2018-12-24,1.018,1.037,1.038,1.016,8433000,8695475
2018-12-25,1.030,1.033,1.037,1.017,13524300,13874189
2018-12-26,1.032,1.031,1.040,1.030,10275000,10624122
2018-12-27,1.043,1.020,1.045,1.020,9910000,10210641
2018-12-28,1.021,1.023,1.026,1.010,10328400,10520375
2019-01-02,1.026,0.996,1.028,0.995,21141300,21168920
2019-01-03,0.997,0.976,0.997,0.974,15030600,14770385
2019-01-04,0.969,1.001,1.002,0.965,14778800,14526384
2019-01-07,1.004,1.005,1.007,0.996,12069700,12103113
2019-01-08,1.002,1.006,1.011,1.000,7043200,7084636
2019-01-09,1.005,1.014,1.027,1.005,9214900,9381737
2019-01-10,1.014,1.009,1.018,1.005,7434800,7516236
2019-01-11,1.008,1.006,1.012,0.999,7957000,7987767
2019-01-14,1.010,0.995,1.010,0.992,7678500,7661930
2019-01-15,0.995,1.013,1.014,0.993,15095000,15154977
2019-01-16,1.012,1.023,1.025,1.011,10971055,11184519
2019-01-17,1.021,1.020,1.029,1.016,9458200,9678182
2019-01-18,1.017,1.041,1.041,1.017,17318701,17887427
2019-01-21,1.042,1.046,1.054,1.041,11344955,11885101
2019-01-22,1.044,1.028,1.044,1.023,8645100,8898336
2019-01-23,1.022,1.023,1.029,1.019,5721655,5856138
2019-01-24,1.022,1.029,1.030,1.016,5695900,5826783
2019-01-25,1.029,1.026,1.034,1.024,8422600,8669181
2019-01-28,1.028,1.014,1.033,1.013,9690000,9899489
2019-01-29,1.013,1.008,1.015,1.000,11509988,11590520
2019-01-30,1.008,1.002,1.013,1.001,7839400,7893822
2019-01-31,1.002,1.000,1.008,0.995,17648700,17666899
2019-02-01,1.004,1.030,1.031,1.002,22053134,22499394
2019-02-11,1.027,1.053,1.054,1.023,25498420,26519169
2019-02-12,1.053,1.081,1.084,1.053,28493411,30665123
2019-02-13,1.088,1.093,1.096,1.074,20950700,22761142
2019-02-14,1.089,1.097,1.102,1.085,14349500,15691866
2019-02-15,1.094,1.086,1.098,1.080,11075511,12065852
2019-02-18,1.090,1.125,1.125,1.090,17639000,19647671
2019-02-19,1.126,1.116,1.133,1.106,24784100,27692586
2019-02-20,1.113,1.104,1.113,1.091,56953754,62774865
2019-02-21,1.100,1.097,1.119,1.091,18060300,20001628
2019-02-22,1.091,1.120,1.120,1.090,18700300,20662515
2019-02-25,1.134,1.169,1.169,1.126,41572900,47620810
2019-02-26,1.170,1.175,1.220,1.155,55356500,66236081
2019-02-27,1.174,1.166,1.184,1.157,25982800,30545732
2019-02-28,1.161,1.190,1.196,1.161,29312100,34720937
2019-03-01,1.199,1.196,1.203,1.177,37111300,44103651
2019-03-04,1.207,1.221,1.234,1.200,50897130,61975960
2019-03-05,1.220,1.234,1.234,1.203,28062870,34192641
2019-03-06,1.234,1.242,1.245,1.220,29058700,35847670
2019-03-07,1.235,1.237,1.247,1.221,30003800,36971444
2019-03-08,1.220,1.202,1.247,1.200,28112800,34393121
2019-03-11,1.200,1.250,1.253,1.200,37694900,46589030
2019-03-12,1.253,1.264,1.275,1.248,31247800,39479573
2019-03-13,1.265,1.256,1.276,1.251,18602800,23532140
2019-03-14,1.249,1.239,1.268,1.229,33648900,41817893
2019-03-15,1.240,1.258,1.272,1.240,19184000,24150096
2019-03-18,1.258,1.310,1.311,1.255,27770142,35737669
2019-03-19,1.319,1.301,1.326,1.291,24802900,32274687
2019-03-20,1.290,1.299,1.303,1.277,12935000,16651639
2019-03-21,1.299,1.306,1.312,1.293,18333292,23919613
2019-03-22,1.307,1.318,1.321,1.283,25438700,33130384
2019-03-25,1.300,1.292,1.320,1.289,19824000,25818326
2019-03-26,1.293,1.260,1.304,1.257,38278600,48631395
2019-03-27,1.272,1.293,1.294,1.266,35732200,45711691
2019-03-28,1.286,1.281,1.303,1.281,37588300,48536255
2019-03-29,1.279,1.326,1.326,1.275,32137600,41654850
2019-04-01,1.328,1.361,1.361,1.328,21166117,28580632
2019-04-02,1.365,1.353,1.367,1.347,25113763,34008048
2019-04-03,1.350,1.364,1.366,1.343,12417800,16835628
2019-04-04,1.364,1.370,1.373,1.358,18480000,25244255
2019-04-08,1.375,1.359,1.379,1.344,21350233,29092033
2019-04-09,1.359,1.385,1.385,1.351,21635200,29658795
2019-04-10,1.378,1.407,1.419,1.372,19081300,26780167
2019-04-11,1.410,1.371,1.417,1.369,17810600,24762014
2019-04-12,1.362,1.355,1.369,1.343,15340400,20743608
2019-04-15,1.365,1.337,1.376,1.334,14696200,19963827
2019-04-16,1.330,1.360,1.360,1.327,13632700,18284671
2019-04-17,1.357,1.362,1.367,1.352,8182200,11115413
2019-04-18,1.362,1.350,1.362,1.347,6812030,9225276
2019-04-19,1.350,1.359,1.363,1.342,6509400,8799918
2019-04-22,1.361,1.340,1.365,1.335,10911300,14680399
2019-04-23,1.339,1.328,1.345,1.327,9030300,12060991
2019-04-24,1.329,1.338,1.338,1.317,16435900,21847204
2019-04-25,1.335,1.311,1.340,1.306,19858508,26355867
2019-04-26,1.301,1.295,1.310,1.292,15292507,19886612
2019-04-29,1.295,1.294,1.315,1.287,14039900,18249812
2019-04-30,1.294,1.303,1.304,1.287,9866400,12804538
2019-05-06,1.254,1.225,1.279,1.214,31247200,38856981
2019-05-07,1.243,1.242,1.253,1.224,12842000,15893219
2019-05-08,1.227,1.239,1.258,1.219,8502500,10573257
2019-05-09,1.231,1.206,1.235,1.205,21537400,26174820
2019-05-10,1.218,1.241,1.242,1.192,19204207,23491722
2019-05-13,1.233,1.230,1.237,1.217,9516200,11695535
2019-05-14,1.214,1.219,1.232,1.214,6838200,8365246
2019-05-15,1.225,1.249,1.250,1.224,11616315,14345269
2019-05-16,1.244,1.263,1.263,1.240,16575615,20795489
2019-05-17,1.266,1.230,1.271,1.225,13732915,17033592
2019-05-20,1.224,1.208,1.227,1.194,13492101,16246576
2019-05-21,1.208,1.223,1.234,1.206,9679300,11836965
2019-05-22,1.223,1.224,1.229,1.217,9761301,11934203
2019-05-23,1.223,1.197,1.223,1.191,10955900,13199381
2019-05-24,1.197,1.192,1.205,1.188,8138350,9704228
2019-05-27,1.194,1.209,1.213,1.185,13077200,15652856
2019-05-28,1.209,1.211,1.220,1.205,8800800,10684463
2019-05-29,1.206,1.205,1.213,1.200,8604000,10376038
2019-05-30,1.198,1.193,1.201,1.183,11679800,13874284
2019-05-31,1.193,1.195,1.207,1.193,6839800,8202707
2019-06-03,1.196,1.184,1.202,1.179,8103200,9623858
2019-06-04,1.183,1.168,1.184,1.166,8678400,10168687
2019-06-05,1.177,1.142,1.177,1.140,18757100,21596071
2019-06-06,1.144,1.121,1.144,1.118,16172600,18195812
2019-06-10,1.124,1.129,1.134,1.112,9204000,10351067
2019-06-11,1.130,1.164,1.164,1.129,11079600,12756011
2019-06-12,1.164,1.155,1.164,1.152,6516600,7537558
2019-06-13,1.156,1.162,1.165,1.149,7167900,8301906
2019-06-14,1.162,1.153,1.171,1.148,8794500,10213968
2019-06-17,1.158,1.160,1.175,1.156,8548700,9961488
2019-06-18,1.160,1.166,1.169,1.157,6216400,7240598
2019-06-19,1.181,1.180,1.193,1.180,9447600,11218470
2019-06-20,1.184,1.205,1.211,1.181,13754100,16467631
2019-06-21,1.204,1.222,1.225,1.204,17207501,20957948
2019-06-24,1.222,1.217,1.223,1.210,8697201,10575502
2019-06-25,1.216,1.217,1.218,1.193,17687900,21273103
2019-06-26,1.209,1.233,1.234,1.207,15728200,19250967
2019-06-27,1.233,1.239,1.243,1.230,16011800,19784283
2019-06-28,1.239,1.233,1.240,1.220,15406057,18910174
2019-07-01,1.250,1.269,1.269,1.247,24054100,30282873
2019-07-02,1.268,1.273,1.281,1.263,19007300,24209278
2019-07-03,1.273,1.259,1.273,1.254,15322201,19345268
2019-07-04,1.257,1.243,1.263,1.239,11749900,14652335
2019-07-05,1.243,1.264,1.265,1.243,10428100,13099287
2019-07-08,1.250,1.230,1.259,1.223,13847400,17094160
2019-07-09,1.230,1.233,1.237,1.226,16980300,20904764
2019-07-10,1.234,1.235,1.240,1.229,13114100,16210986
2019-07-11,1.240,1.238,1.247,1.232,9323500,11571967
2019-07-12,1.238,1.245,1.248,1.234,7937200,9866674
2019-07-15,1.240,1.249,1.254,1.226,18907100,23432286
2019-07-16,1.250,1.245,1.258,1.240,14339200,17881608
2019-07-17,1.243,1.235,1.246,1.235,10504400,13021532
2019-07-18,1.226,1.221,1.232,1.220,12487700,15282078
2019-07-19,1.221,1.222,1.233,1.221,18858200,23109777
2019-07-22,1.221,1.206,1.223,1.201,12393300,14990445
2019-07-23,1.216,1.216,1.218,1.207,11350700,13757825
2019-07-24,1.219,1.226,1.233,1.218,13026000,15979914
2019-07-25,1.230,1.227,1.230,1.224,9503700,11656741
2019-07-26,1.224,1.235,1.236,1.223,13406170,16507290
2019-07-29,1.235,1.227,1.235,1.224,9928600,12188723
2019-07-30,1.228,1.237,1.241,1.228,13934679,17223111
2019-07-31,1.236,1.232,1.237,1.228,11688000,14403170
2019-08-01,1.227,1.222,1.229,1.220,10847900,13284235
2019-08-02,1.209,1.213,1.216,1.198,12094700,14629774
2019-08-05,1.212,1.192,1.216,1.192,14770000,17750781
2019-08-06,1.181,1.177,1.184,1.159,17992100,21060941
2019-08-07,1.179,1.180,1.189,1.177,10243200,12123506
2019-08-08,1.181,1.194,1.196,1.181,12083700,14404787
2019-08-09,1.199,1.197,1.211,1.194,18630299,22391607
2019-08-12,1.196,1.213,1.213,1.193,11550408,13902228
2019-08-13,1.206,1.215,1.215,1.203,10557200,12777790
2019-08-14,1.227,1.232,1.235,1.222,9786200,12029515
2019-08-15,1.210,1.241,1.243,1.208,16043100,19795320
2019-08-16,1.241,1.252,1.260,1.240,14973600,18761881
2019-08-19,1.255,1.278,1.280,1.255,20666200,26295837
2019-08-20,1.282,1.278,1.283,1.271,18629200,23804522
2019-08-21,1.278,1.268,1.278,1.265,9878600,12553943
2019-08-22,1.268,1.281,1.281,1.268,18800000,23961177
2019-08-23,1.284,1.308,1.318,1.278,27278500,35599536
2019-08-26,1.295,1.316,1.328,1.287,20789650,27296222
2019-08-27,1.325,1.336,1.348,1.325,20402800,27286689
2019-08-28,1.337,1.322,1.337,1.315,26122900,34576663
2019-08-29,1.316,1.321,1.324,1.311,13557500,17863242
2019-08-30,1.326,1.311,1.333,1.303,15862200,20960291
2019-09-02,1.312,1.339,1.339,1.311,16058400,21319572
2019-09-03,1.340,1.329,1.340,1.322,11710600,15553190
2019-09-04,1.331,1.326,1.333,1.313,12840000,16984414
2019-09-05,1.332,1.333,1.342,1.331,15890700,21252038
2019-09-06,1.337,1.342,1.342,1.326,11659500,15556439
2019-09-09,1.350,1.351,1.354,1.337,12914601,17374295
2019-09-10,1.351,1.368,1.372,1.346,26196200,35739398
2019-09-11,1.374,1.346,1.376,1.345,12581800,17093112
2019-09-12,1.346,1.348,1.351,1.336,11402300,15326361
2019-09-16,1.348,1.352,1.356,1.345,13930300,18821750
2019-09-17,1.352,1.327,1.353,1.324,18944400,25267744
2019-09-18,1.333,1.336,1.341,1.327,16711600,22263807
2019-09-19,1.337,1.348,1.348,1.333,16767100,22484178
2019-09-20,1.348,1.358,1.361,1.346,16267600,22073037
2019-09-23,1.357,1.340,1.357,1.331,12142700,16252842
2019-09-24,1.338,1.353,1.374,1.338,23501500,31953018
2019-09-25,1.343,1.334,1.348,1.333,18202427,24392930
2019-09-26,1.337,1.311,1.343,1.308,24304600,32139497
2019-09-27,1.312,1.314,1.318,1.301,9055800,11872433
2019-09-30,1.310,1.311,1.324,1.310,14476300,19043785
2019-10-08,1.314,1.320,1.332,1.312,27363200,36136234
2019-10-09,1.318,1.313,1.318,1.297,17909000,23381180
2019-10-10,1.316,1.352,1.352,1.313,24174107,32201126
2019-10-11,1.353,1.358,1.359,1.347,14424307,19523188
2019-10-14,1.363,1.369,1.373,1.363,14864300,20326185
2019-10-15,1.367,1.366,1.375,1.362,13059900,17877535
2019-10-16,1.372,1.373,1.380,1.367,14604400,20076871
2019-10-17,1.370,1.369,1.383,1.363,9783000,13408138
2019-10-18,1.374,1.365,1.384,1.361,19401322,26698341
2019-10-21,1.362,1.349,1.369,1.338,18528300,25066508
2019-10-22,1.351,1.369,1.369,1.351,14959600,20382923
2019-10-23,1.368,1.348,1.373,1.344,15731700,21360980
2019-10-24,1.350,1.339,1.350,1.330,12630200,16880255
2019-10-25,1.336,1.358,1.359,1.336,14254900,19186833
2019-10-28,1.364,1.376,1.378,1.357,20201300,27626593
2019-10-29,1.378,1.379,1.387,1.372,18774403,25910468
2019-10-30,1.378,1.365,1.378,1.361,15982504,21849589
2019-10-31,1.369,1.372,1.385,1.368,13825500,19060537
2019-11-01,1.372,1.390,1.390,1.369,11592800,16023895
2019-11-04,1.389,1.408,1.412,1.389,13949415,19610902
2019-11-05,1.408,1.408,1.414,1.400,11426900,16091274
2019-11-06,1.408,1.401,1.410,1.398,8654500,12157469
2019-11-07,1.402,1.416,1.422,1.402,10462600,14779462
2019-11-08,1.422,1.413,1.428,1.410,11697900,16590147
2019-11-11,1.401,1.379,1.405,1.377,11449900,15914470
2019-11-12,1.376,1.386,1.387,1.371,10274600,14186743
2019-11-13,1.382,1.395,1.400,1.382,11522100,16025246
2019-11-14,1.391,1.408,1.413,1.390,26305600,37003987
2019-11-15,1.408,1.397,1.413,1.397,15617100,21905831
2019-11-18,1.386,1.402,1.406,1.386,9437200,13212897
2019-11-19,1.402,1.433,1.434,1.402,16824400,23936058
2019-11-20,1.433,1.431,1.445,1.428,17840900,25620552
2019-11-21,1.431,1.414,1.431,1.408,18794200,26632439
2019-11-22,1.418,1.369,1.422,1.359,34641300,47923050
2019-11-25,1.370,1.358,1.373,1.341,15449337,20939980
2019-11-26,1.363,1.359,1.369,1.355,26005400,35392654
2019-11-27,1.360,1.355,1.365,1.350,17467700,23713414
2019-11-28,1.356,1.359,1.363,1.351,14607200,19842225
2019-11-29,1.357,1.334,1.359,1.318,19674300,26200211
2019-12-02,1.326,1.319,1.329,1.316,10179300,13459100
2019-12-03,1.320,1.320,1.322,1.299,24509300,32086761
2019-12-04,1.315,1.323,1.329,1.313,8693900,11495249
2019-12-05,1.323,1.341,1.343,1.323,15112100,20202019
2019-12-06,1.340,1.344,1.344,1.334,11958800,16021604
2019-12-09,1.342,1.325,1.347,1.322,11537700,15325312
2019-12-10,1.323,1.337,1.338,1.320,9624900,12818019
2019-12-11,1.337,1.335,1.338,1.329,8808512,11745279
2019-12-12,1.330,1.335,1.338,1.328,8552800,11409707
2019-12-13,1.342,1.354,1.355,1.339,17233900,23232931
2019-12-16,1.354,1.364,1.365,1.348,21289563,28906551
2019-12-17,1.363,1.374,1.378,1.356,25408200,34738119
2019-12-18,1.375,1.359,1.375,1.357,15801300,21575227
2019-12-19,1.361,1.366,1.368,1.357,17005300,23179229
2019-12-20,1.367,1.355,1.370,1.354,10248300,13939230
2019-12-23,1.352,1.339,1.362,1.338,13983400,18879259
2019-12-24,1.339,1.345,1.345,1.337,13066200,17526047
2019-12-25,1.342,1.344,1.345,1.338,9654900,12948336
2019-12-26,1.344,1.355,1.355,1.343,13705300,18497807
2019-12-27,1.354,1.344,1.359,1.344,11917800,16135527
2019-12-30,1.340,1.351,1.352,1.329,15385900,20663797
2019-12-31,1.353,1.381,1.386,1.351,29868200,41045044
2020-01-02,1.385,1.387,1.388,1.372,24695050,34123452
2020-01-03,1.388,1.383,1.389,1.374,12869300,17783879
2020-01-06,1.384,1.375,1.385,1.370,19568390,26995970
2020-01-07,1.377,1.395,1.395,1.376,15039500,20866374
2020-01-08,1.389,1.377,1.392,1.376,11237400,15549931
2020-01-09,1.379,1.414,1.415,1.379,17679000,24867735
2020-01-10,1.418,1.422,1.430,1.414,22806900,32466800
2020-01-13,1.422,1.435,1.438,1.412,12589800,17934780
2020-01-14,1.430,1.428,1.438,1.423,15725200,22483176
2020-01-15,1.421,1.429,1.439,1.420,10482900,14982935
2020-01-16,1.427,1.430,1.433,1.419,11848301,16923141
2020-01-17,1.430,1.443,1.451,1.430,19613951,28248750
2020-01-20,1.462,1.471,1.480,1.450,26666393,38939539
2020-01-21,1.496,1.501,1.506,1.481,98456938,147508866
2020-01-22,1.516,1.478,1.519,1.467,44153883,65379052
2020-01-23,1.484,1.448,1.493,1.429,49043450,71736477
2020-02-03,1.430,1.375,1.430,1.356,65049426,90839659
2020-02-04,1.375,1.449,1.450,1.375,44582443,63519126
2020-02-05,1.465,1.506,1.510,1.449,48591904,71879625
2020-02-06,1.511,1.560,1.582,1.501,108374012,168514355
2020-02-07,1.560,1.530,1.581,1.513,85418100,131308026
2020-02-10,1.515,1.503,1.525,1.484,40557200,60849237
2020-02-11,1.499,1.500,1.504,1.479,29073913,43307959
2020-02-12,1.498,1.515,1.522,1.498,27806553,42021651
2020-02-13,1.525,1.500,1.525,1.489,33629203,50577133
2020-02-14,1.507,1.504,1.518,1.493,23904302,36094046
2020-02-17,1.506,1.537,1.537,1.505,29297500,44788125
2020-02-18,1.540,1.533,1.546,1.522,16545600,25344713
2020-02-19,1.530,1.501,1.533,1.501,24067700,36406899
2020-02-20,1.500,1.515,1.516,1.499,13121600,19801826
2020-02-21,1.513,1.529,1.531,1.504,23610892,35934641
2020-02-24,1.532,1.540,1.550,1.526,22848400,35173889
2020-02-25,1.513,1.562,1.574,1.513,36115600,55966572
2020-02-26,1.550,1.515,1.551,1.512,20945200,32026082
2020-02-27,1.515,1.526,1.535,1.509,23170050,35274638
2020-02-28,1.500,1.476,1.522,1.476,23835900,35742983
2020-03-02,1.488,1.512,1.518,1.485,20169300,30376256
2020-03-03,1.530,1.550,1.566,1.529,30579900,47499101
2020-03-04,1.543,1.540,1.544,1.525,16981914,26114717
2020-03-05,1.550,1.574,1.575,1.550,25829173,40424851
2020-03-06,1.569,1.583,1.601,1.565,22655207,35973118
2020-03-09,1.571,1.555,1.582,1.554,19162000,30061509
2020-03-10,1.546,1.555,1.560,1.509,16427988,25280803
2020-03-11,1.559,1.538,1.563,1.538,7010600,10863554
2020-03-12,1.527,1.494,1.529,1.488,14139200,21297040
2020-03-13,1.421,1.465,1.481,1.420,20048000,29048604
2020-03-16,1.474,1.425,1.488,1.419,17467218,25545516
2020-03-17,1.422,1.416,1.447,1.370,14545300,20412325
2020-03-18,1.419,1.407,1.455,1.406,12250300,17517094
2020-03-19,1.404,1.389,1.415,1.361,12303700,17027004
2020-03-20,1.397,1.432,1.432,1.397,17013100,24045067
2020-03-23,1.403,1.405,1.435,1.400,19717100,27898937
2020-03-24,1.420,1.433,1.433,1.401,8817600,12526948
2020-03-25,1.451,1.478,1.481,1.449,25114210,36971005
2020-03-26,1.476,1.506,1.513,1.464,31437062,47230803
2020-03-27,1.524,1.504,1.534,1.501,15950100,24184746
2020-03-30,1.492,1.478,1.512,1.474,11132500,16555622
2020-03-31,1.483,1.488,1.492,1.475,7713200,11448914
2020-04-01,1.488,1.469,1.491,1.469,7996800,11824808
2020-04-02,1.463,1.485,1.486,1.454,11384500,16721185
2020-04-03,1.490,1.503,1.515,1.488,11506584,17332392
2020-04-07,1.519,1.548,1.550,1.518,12848800,19735392
2020-04-08,1.545,1.550,1.559,1.530,13087020,20251504
2020-04-09,1.550,1.593,1.598,1.550,22036130,34822733
2020-04-10,1.592,1.570,1.615,1.564,19523360,31029759
2020-04-13,1.560,1.578,1.595,1.560,15591396,24595571
2020-04-14,1.583,1.605,1.609,1.563,17507554,27805030
2020-04-15,1.603,1.610,1.631,1.601,16289400,26294953
2020-04-16,1.603,1.626,1.638,1.599,16425000,26642490
2020-04-17,1.631,1.607,1.636,1.605,10223200,16527142
2020-04-20,1.607,1.630,1.637,1.607,10970900,17866595
2020-04-21,1.636,1.620,1.636,1.604,14921900,24097595
2020-04-22,1.617,1.638,1.639,1.600,8906300,14484083
2020-04-23,1.645,1.642,1.673,1.638,12877702,21319139
2020-04-24,1.639,1.606,1.641,1.598,18901499,30498952
2020-04-27,1.603,1.620,1.628,1.583,11932131,19228496
2020-04-28,1.620,1.612,1.628,1.580,7528800,12128668
2020-04-29,1.610,1.594,1.626,1.590,7179700,11521088
2020-04-30,1.586,1.587,1.599,1.579,18278528,28974588
2020-05-06,1.571,1.612,1.616,1.571,14664550,23445348
2020-05-07,1.618,1.620,1.625,1.607,15587600,25212096
2020-05-08,1.624,1.633,1.638,1.620,12819100,20934090
2020-05-11,1.639,1.621,1.645,1.612,13171900,21421559
2020-05-12,1.619,1.636,1.637,1.615,12433100,20289480
2020-05-13,1.636,1.662,1.665,1.631,16875152,27887494
2020-05-14,1.651,1.654,1.663,1.650,85242153,141280162
2020-05-15,1.654,1.639,1.663,1.635,54396640,89438532
2020-05-18,1.639,1.659,1.671,1.632,14923300,24792405
2020-05-19,1.670,1.673,1.687,1.662,13183400,22008851
2020-05-20,1.673,1.654,1.680,1.648,9735900,16208662
2020-05-21,1.657,1.664,1.687,1.657,12087100,20228223
2020-05-22,1.663,1.626,1.664,1.619,15766106,25876290
2020-05-25,1.626,1.641,1.642,1.619,5554700,9081682
2020-05-26,1.645,1.678,1.679,1.645,8599206,14323342
2020-05-27,1.678,1.655,1.681,1.650,49634600,82570536
2020-05-28,1.651,1.630,1.654,1.612,53149600,86698842
2020-05-29,1.620,1.661,1.665,1.616,6828200,11272016
2020-06-01,1.669,1.694,1.697,1.669,20445903,34551059
2020-06-02,1.689,1.675,1.693,1.666,15337029,25689608
2020-06-03,1.675,1.684,1.699,1.651,10554324,17847844
2020-06-04,1.687,1.699,1.703,1.681,11493862,19441915
2020-06-05,1.699,1.715,1.715,1.693,13219420,22552717
2020-06-08,1.718,1.704,1.725,1.698,7052420,12059256
2020-06-09,1.698,1.731,1.733,1.698,14503493,25011959
2020-06-10,1.731,1.759,1.764,1.731,12178687,21318465
2020-06-11,1.759,1.749,1.771,1.739,12654500,22266678
2020-06-12,1.710,1.779,1.782,1.710,11100007,19549682
2020-06-15,1.791,1.798,1.814,1.790,16048100,28897672
2020-06-16,1.801,1.830,1.830,1.794,9229364,16736622
2020-06-17,1.831,1.874,1.878,1.831,14727000,27431055
2020-06-18,1.866,1.833,1.872,1.817,15569500,28604088
2020-06-19,1.829,1.866,1.873,1.827,15415882,28635563
2020-06-22,1.867,1.878,1.895,1.863,11601250,21777527
2020-06-23,1.879,1.913,1.913,1.869,10419500,19721188
2020-06-24,1.914,1.896,1.923,1.878,21267480,40283896
2020-06-29,1.893,1.909,1.913,1.893,12190002,23222638
2020-06-30,1.913,1.944,1.951,1.912,17756302,34418444
2020-07-01,1.951,1.914,1.952,1.894,24045402,46115091
2020-07-02,1.912,1.908,1.933,1.898,28640199,54823904
2020-07-03,1.898,1.932,1.933,1.880,21110700,40221585
2020-07-06,1.932,1.945,1.950,1.915,30759975,59492237
2020-07-07,1.940,1.992,2.011,1.921,28105619,55448626
2020-07-08,1.993,1.995,2.011,1.970,22107000,43929436
2020-07-09,1.995,2.066,2.071,1.988,23345500,47615683
2020-07-10,2.066,2.090,2.117,2.050,33853637,70850043
2020-07-13,2.099,2.174,2.175,2.099,34303757,73482851
2020-07-14,2.175,2.167,2.190,2.117,23996400,51675584
2020-07-15,2.167,2.175,2.235,2.157,31902478,70074829
2020-07-16,2.175,2.026,2.180,2.020,39947425,83714288
2020-07-17,2.000,2.059,2.091,2.000,39760747,81674171
2020-07-20,2.072,2.056,2.100,2.006,31051381,63327500
2020-07-21,2.060,2.132,2.134,2.060,55501688,117037492
2020-07-22,2.122,2.154,2.175,2.100,37472800,80852478
2020-07-23,2.130,2.200,2.200,2.130,43573970,94820526
2020-07-24,2.187,2.077,2.190,2.054,34750590,73437266
2020-07-27,2.079,2.097,2.117,2.078,19902020,41766008
2020-07-28,2.110,2.110,2.130,2.077,20528050,43112188
2020-07-29,2.102,2.188,2.189,2.091,39461200,85550316
2020-07-30,2.195,2.197,2.258,2.182,36941700,81905691
2020-07-31,2.190,2.238,2.238,2.167,38642800,85455701
2020-08-03,2.243,2.281,2.281,2.222,39387900,89057390
2020-08-04,2.281,2.260,2.321,2.245,38414500,87765437
2020-08-05,2.251,2.289,2.300,2.217,35437600,80008029
2020-08-06,2.290,2.245,2.320,2.221,24265594,54795976
2020-08-07,2.243,2.220,2.272,2.170,28524221,63296194
2020-08-10,2.211,2.223,2.234,2.166,28422315,62669980
2020-08-11,2.217,2.180,2.242,2.177,20992800,46547411
2020-08-12,2.181,2.119,2.185,2.077,26345905,55884659
2020-08-13,2.119,2.084,2.125,2.080,21648890,45471222
2020-08-14,2.084,2.106,2.112,2.056,24011745,50168023
2020-08-17,2.106,2.128,2.129,2.091,14986223,31675081
2020-08-18,2.129,2.160,2.166,2.129,21927303,47246309
2020-08-19,2.155,2.104,2.158,2.098,10095661,21433848
2020-08-20,2.088,2.085,2.111,2.067,10660800,22247877
2020-08-21,2.092,2.097,2.118,2.086,11409500,23997030
2020-08-24,2.096,2.113,2.119,2.063,14183200,29822210
2020-08-25,2.113,2.115,2.137,2.113,15733700,33429464
2020-08-26,2.118,2.115,2.158,2.102,17498102,37318317
2020-08-27,2.112,2.131,2.131,2.094,14281800,30207920
2020-08-28,2.132,2.196,2.200,2.128,21365100,46125966
2020-08-31,2.201,2.190,2.214,2.180,23896380,52562597
2020-09-01,2.177,2.186,2.195,2.166,13984779,30471244
2020-09-02,2.185,2.193,2.195,2.165,17974280,39282371
2020-09-03,2.188,2.188,2.237,2.176,18970120,41879810
2020-09-04,2.150,2.154,2.161,2.122,10417180,22298763
2020-09-07,2.142,2.086,2.158,2.078,10730600,22691621
2020-09-08,2.085,2.088,2.103,2.061,10012500,20824503
2020-09-09,2.066,2.004,2.067,1.982,19285400,38901373
2020-09-10,2.016,1.983,2.041,1.979,8495800,17106395
2020-09-11,1.985,2.016,2.020,1.982,19921800,40015091
2020-09-14,2.029,2.009,2.041,1.994,14337500,28942757
2020-09-15,2.009,2.029,2.035,1.986,21035939,42345521
2020-09-16,2.032,1.998,2.043,1.984,15691500,31397185
2020-09-17,1.990,1.965,1.991,1.946,14845607,29157499
2020-09-18,1.966,1.991,1.993,1.951,13978107,27608829
2020-09-21,1.993,1.983,2.005,1.978,9642807,19215014
2020-09-22,1.978,1.986,2.019,1.973,9837600,19705255
2020-09-23,1.999,2.039,2.054,1.980,17424800,35267638
2020-09-24,2.024,2.002,2.029,1.994,13189000,26459657
2020-09-25,2.002,2.006,2.038,1.998,14385801,28965598
2020-09-28,2.006,1.974,2.017,1.969,9266600,18444421
2020-09-29,1.975,1.992,2.003,1.958,11020772,21838405
2020-09-30,1.997,2.008,2.032,1.997,11972900,24101629
2020-10-09,2.036,2.064,2.069,2.036,18454200,37898457
2020-10-12,2.068,2.126,2.128,2.068,22976700,48254745
2020-10-13,2.127,2.148,2.155,2.118,16680925,35710017
2020-10-14,2.145,2.137,2.164,2.131,18632500,40017400
2020-10-15,2.138,2.115,2.138,2.106,10890125,23068465
2020-10-16,2.114,2.130,2.132,2.094,10859800,22992085
2020-10-19,2.130,2.080,2.138,2.074,8454500,17773649
2020-10-20,2.074,2.094,2.098,2.062,6027200,12513029
2020-10-21,2.098,2.085,2.123,2.081,7326700,15401975
2020-10-22,2.076,2.055,2.078,2.037,6801900,13989669
2020-10-23,2.054,2.000,2.070,1.987,13767900,28026886
2020-10-26,1.979,2.013,2.018,1.960,12937242,25853225
2020-10-27,2.005,2.053,2.053,2.001,9511200,19299824
2020-10-28,2.052,2.057,2.060,2.028,12861800,26339623
2020-10-29,2.033,2.098,2.104,2.033,9285000,19242163
2020-10-30,2.098,2.050,2.103,2.042,12060500,24936872
2020-11-02,2.048,2.036,2.060,2.022,8950300,18265561
2020-11-03,2.037,2.069,2.070,2.027,7652000,15665330
2020-11-04,2.067,2.066,2.075,2.050,9405500,19407028
2020-11-05,2.073,2.076,2.092,2.051,11351500,23521954
2020-11-06,2.070,2.023,2.079,2.002,11271700,22807263
2020-11-09,2.024,2.065,2.074,2.024,12551700,25779719
2020-11-10,2.086,2.042,2.098,2.033,12675800,26008806
2020-11-11,2.026,1.991,2.030,1.985,11191400,22412735
2020-11-12,1.992,2.003,2.020,1.986,5701600,11430630
2020-11-13,1.995,1.994,1.999,1.979,6811900,13548492
2020-11-16,1.997,2.011,2.012,1.985,11692300,23435358
2020-11-17,2.011,1.968,2.013,1.956,12073100,23829436
2020-11-18,1.961,1.948,1.983,1.942,12745200,24924738
2020-11-19,1.939,1.957,1.963,1.926,8980300,17498509
2020-11-20,1.954,1.968,1.975,1.954,4747600,9340644
2020-11-23,1.968,1.964,1.976,1.948,11592107,22710736
2020-11-24,1.962,1.946,1.962,1.940,7974784,15523207
2020-11-25,1.951,1.913,1.952,1.910,15384000,29553432
2020-11-26,1.908,1.902,1.925,1.891,52018600,98854017
2020-11-27,1.907,1.915,1.922,1.893,10768605,20556304
2020-11-30,1.916,1.917,1.926,1.892,10384200,19845713
2020-12-01,1.917,1.962,1.962,1.915,13006005,25403943
2020-12-02,1.962,1.959,1.969,1.945,7371200,14429776
2020-12-03,1.963,2.001,2.012,1.959,47014509,93801810
2020-12-04,2.000,2.023,2.025,1.990,17953900,36093445
2020-12-07,2.015,2.003,2.017,1.994,15965700,32039461
2020-12-08,2.003,2.003,2.017,1.998,7025203,14100469
2020-12-09,2.003,1.972,2.015,1.971,11074728,22025571
2020-12-10,1.970,1.995,1.998,1.958,15513201,30749810
2020-12-11,1.995,1.978,2.003,1.964,7631500,15171648
2020-12-14,1.975,2.001,2.001,1.963,7328000,14566833
2020-12-15,1.998,2.032,2.047,1.993,12913500,26230207
2020-12-16,2.032,2.035,2.042,2.013,15947334,32387441
2020-12-17,2.051,2.084,2.095,2.051,20664766,43025308
2020-12-18,2.083,2.073,2.085,2.057,14341300,29711120
2020-12-21,2.063,2.093,2.096,2.055,9898300,20565440
2020-12-22,2.092,2.087,2.125,2.079,15283270,32129094
2020-12-23,2.078,2.070,2.090,2.048,9783400,20219986
2020-12-24,2.067,2.061,2.087,2.055,7200000,14904358
2020-12-25,2.057,2.096,2.098,2.052,8299800,17275808
2020-12-28,2.098,2.073,2.105,2.068,10687633,22247052
2020-12-29,2.072,2.055,2.078,2.040,11255760,23143684
2020-12-30,2.054,2.085,2.086,2.040,11336500,23457543
2020-12-31,2.085,2.106,2.109,2.074,12682106,26574408
2021-01-04,2.105,2.111,2.121,2.089,14664324,30896674
2021-01-05,2.103,2.140,2.142,2.097,13277900,28225657
2021-01-06,2.140,2.169,2.175,2.137,18835700,40641595
2021-01-07,2.169,2.165,2.176,2.138,15867587,34202641
2021-01-08,2.165,2.166,2.193,2.150,12732173,27591724
2021-01-11,2.167,2.136,2.173,2.124,14761900,31750123
2021-01-12,2.132,2.167,2.168,2.123,9936500,21356284
2021-01-13,2.167,2.136,2.172,2.124,10055842,21550967
2021-01-14,2.130,2.114,2.144,2.105,6547630,13904682
2021-01-15,2.121,2.119,2.125,2.088,6622000,13968217
2021-01-18,2.112,2.131,2.140,2.093,5829777,12351923
2021-01-19,2.131,2.095,2.134,2.084,7311077,15417913
2021-01-20,2.091,2.158,2.160,2.091,8320200,17793527
2021-01-21,2.169,2.198,2.206,2.169,10033800,22018537
2021-01-22,2.205,2.289,2.289,2.200,15767200,35558909
2021-01-25,2.290,2.289,2.310,2.270,14146501,32421621
2021-01-26,2.281,2.217,2.281,2.213,7322400,16369153
2021-01-27,2.215,2.208,2.232,2.175,5302000,11687595
2021-01-28,2.178,2.145,2.204,2.139,6321800,13695872
2021-01-29,2.154,2.131,2.181,2.103,6174100,13260113
2021-02-01,2.132,2.175,2.175,2.127,7378864,15975892
2021-02-02,2.176,2.209,2.209,2.146,5579800,12202572
2021-02-03,2.199,2.206,2.235,2.185,6932200,15340719
2021-02-04,2.189,2.172,2.216,2.150,7277500,15847359
2021-02-05,2.176,2.211,2.242,2.176,7450600,16537146
2021-02-08,2.223,2.253,2.253,2.202,10805800,24147325
2021-02-09,2.253,2.298,2.299,2.246,8211000,18689317
2021-02-10,2.298,2.342,2.352,2.273,11548500,26803887
2021-02-18,2.360,2.266,2.400,2.260,15801784,36244985
2021-02-19,2.253,2.279,2.280,2.220,6600350,14837743
2021-02-22,2.275,2.205,2.279,2.204,8205800,18298248
2021-02-23,2.180,2.198,2.225,2.173,4154426,9133734
2021-02-24,2.196,2.133,2.203,2.110,7561714,16277061
2021-02-25,2.135,2.124,2.157,2.119,4511800,9625328
2021-02-26,2.098,2.097,2.128,2.071,6621600,13898365
2021-03-01,2.107,2.125,2.128,2.083,4929200,10400128
2021-03-02,2.132,2.086,2.144,2.069,5376600,11279074
2021-03-03,2.074,2.115,2.116,2.068,4215001,8837505
2021-03-04,2.097,2.053,2.098,2.040,5286900,10909773
2021-03-05,2.012,2.052,2.066,2.012,5052540,10298958
2021-03-08,2.059,1.958,2.078,1.957,8304300,16709016
2021-03-09,1.952,1.901,1.961,1.881,76591427,146052459
2021-03-10,1.930,1.933,1.950,1.917,11135900,21567897
2021-03-11,1.923,1.967,1.987,1.923,8053500,15793957
2021-03-12,1.971,1.972,1.980,1.941,3504800,6879672
2021-03-15,1.960,1.909,1.962,1.892,21340300,40737110
2021-03-16,1.912,1.929,1.935,1.902,5404400,10393765
2021-03-17,1.927,1.945,1.952,1.906,3720800,7188619
2021-03-18,1.951,1.980,1.984,1.950,5976650,11786808
2021-03-19,1.950,1.951,1.978,1.935,4337650,8480546
2021-03-22,1.950,1.970,1.983,1.943,4640400,9116266
2021-03-23,1.972,1.958,1.985,1.946,3904900,7665482
2021-03-24,1.949,1.947,1.980,1.941,5197488,10177509
2021-03-25,1.937,1.963,1.972,1.925,4655000,9087415
2021-03-26,1.967,2.022,2.028,1.967,66228788,132218706
2021-03-29,2.021,2.017,2.034,1.996,5614300,11314872
2021-03-30,2.014,2.042,2.056,2.000,5920500,12037252
2021-03-31,2.043,2.024,2.043,2.011,6077300,12306931
2021-04-01,2.026,2.060,2.066,2.026,6957000,14282058
2021-04-02,2.065,2.069,2.087,2.056,5249000,10877713
2021-04-06,2.076,2.055,2.076,2.043,3361900,6923089
2021-04-07,2.054,2.049,2.056,2.020,5816700,11856500
2021-04-08,2.041,2.074,2.076,2.029,5070700,10437157
2021-04-09,2.074,2.049,2.093,2.040,4934100,10163092
2021-04-12,2.044,2.003,2.060,1.994,5703900,11522387
2021-04-13,1.991,2.010,2.034,1.991,5825500,11754431
2021-04-14,2.009,2.028,2.040,2.001,6760300,13709537
2021-04-15,2.017,2.022,2.032,1.997,6221600,12544419
2021-04-16,2.022,2.021,2.024,2.000,5121100,10306189
2021-04-19,2.015,2.062,2.066,2.003,5208600,10652866
2021-04-20,2.058,2.070,2.085,2.042,6410200,13254885
2021-04-21,2.056,2.107,2.110,2.056,8842700,18479215
2021-04-22,2.120,2.111,2.120,2.091,7114800,14980361
2021-04-23,2.107,2.143,2.155,2.100,8766700,18731663
2021-04-26,2.167,2.142,2.205,2.135,10678400,23202801
2021-04-27,2.132,2.192,2.192,2.121,7260241,15690653
2021-04-28,2.187,2.218,2.222,2.171,16982900,37427542
2021-04-29,2.214,2.206,2.227,2.185,6013812,13283498
2021-04-30,2.205,2.246,2.256,2.205,7144900,15952814
2021-05-06,2.215,2.170,2.230,2.150,7760500,16959933
2021-05-07,2.170,2.111,2.182,2.108,7350500,15809281
2021-05-10,2.111,2.135,2.159,2.111,6272200,13404363
2021-05-11,2.120,2.170,2.170,2.100,5961100,12726865
2021-05-12,2.160,2.206,2.209,2.147,7097333,15493619
2021-05-13,2.183,2.230,2.239,2.181,6926700,15341915
2021-05-14,2.230,2.260,2.277,2.216,10209500,23039711
2021-05-17,2.272,2.299,2.318,2.272,12451900,28658381
2021-05-18,2.298,2.288,2.307,2.257,11301752,25727787
2021-05-19,2.282,2.268,2.287,2.258,6392988,14513468
2021-05-20,2.266,2.280,2.293,2.260,4326700,9856016
2021-05-21,2.282,2.254,2.294,2.250,9289400,21022972
2021-05-24,2.248,2.245,2.252,2.201,7479700,16679775
2021-05-25,2.251,2.298,2.300,2.251,8363500,19096568
2021-05-26,2.297,2.304,2.319,2.275,4611500,10577616
2021-05-27,2.304,2.313,2.318,2.277,4158500,9585238
2021-05-28,2.314,2.280,2.319,2.268,5155300,11836110
2021-05-31,2.280,2.315,2.317,2.280,4778200,11011055
2021-06-01,2.317,2.348,2.349,2.304,5670800,13209559
2021-06-02,2.348,2.301,2.350,2.290,6373600,14793398
2021-06-03,2.294,2.275,2.301,2.268,4217131,9629840
2021-06-04,2.268,2.289,2.300,2.260,4798631,10924793
2021-06-07,2.295,2.313,2.313,2.271,7039900,16162600
2021-06-08,2.307,2.271,2.326,2.259,4417600,10150444
2021-06-09,2.264,2.268,2.282,2.256,4575000,10383673
2021-06-10,2.278,2.292,2.306,2.270,6165500,14136873
2021-06-11,2.295,2.277,2.297,2.258,3756800,8568596
2021-06-15,2.271,2.237,2.284,2.232,8739100,19638376
2021-06-16,2.235,2.180,2.248,2.180,5015600,11090772
2021-06-17,2.181,2.195,2.211,2.178,4264500,9339716
2021-06-18,2.199,2.214,2.230,2.196,3934300,8704530
2021-06-21,2.214,2.239,2.246,2.200,10881100,24262770
2021-06-22,2.244,2.280,2.286,2.227,9786200,22117464
2021-06-23,2.290,2.286,2.304,2.275,6758500,15484152
2021-06-24,2.290,2.250,2.292,2.234,7359842,16576249
2021-06-25,2.252,2.288,2.295,2.244,4591700,10437960
2021-06-28,2.292,2.328,2.330,2.292,8301500,19233448
2021-06-29,2.333,2.316,2.338,2.309,5593416,12989177
2021-06-30,2.315,2.326,2.330,2.306,9399200,21791414
2021-07-01,2.330,2.360,2.384,2.326,11108700,26219790
2021-07-02,2.355,2.274,2.360,2.272,9242400,21281890
2021-07-05,2.263,2.254,2.282,2.245,4654500,10519259
2021-07-06,2.254,2.190,2.261,2.153,11772300,25917101
2021-07-07,2.171,2.232,2.243,2.170,6356100,14127582
2021-07-08,2.231,2.202,2.247,2.194,4992600,11068090
2021-07-09,2.175,2.195,2.201,2.146,5327100,11586500
2021-07-12,2.194,2.239,2.244,2.176,5837979,12976139
2021-07-13,2.235,2.242,2.260,2.222,3787100,8474860
2021-07-14,2.236,2.258,2.278,2.226,6724400,15224377
2021-07-15,2.258,2.263,2.267,2.231,5898901,13252453
2021-07-16,2.261,2.239,2.262,2.233,4603000,10328324
2021-07-19,2.234,2.279,2.279,2.234,9647500,21860265
2021-07-20,2.276,2.287,2.302,2.265,7460300,17048101
2021-07-21,2.288,2.316,2.316,2.284,7000702,16114774
2021-07-22,2.309,2.259,2.312,2.250,7345500,16642749
2021-07-23,2.244,2.192,2.246,2.189,18008600,39582251
2021-07-26,2.170,2.090,2.176,2.054,15866117,33457195
2021-07-27,2.071,2.021,2.096,2.020,9566900,19704895
2021-07-28,2.016,2.066,2.067,1.989,11833202,24096753
2021-07-29,2.083,2.105,2.118,2.083,10424102,21950815
2021-07-30,2.097,2.086,2.100,2.040,6605200,13634821
2021-08-02,2.082,2.118,2.119,2.024,7868300,16336133
2021-08-03,2.113,2.193,2.196,2.099,11170400,24185122
2021-08-04,2.190,2.178,2.190,2.150,8223200,17813446
2021-08-05,2.171,2.167,2.196,2.164,6975500,15215872
2021-08-06,2.155,2.112,2.155,2.094,6910900,14622432
2021-08-09,2.086,2.125,2.131,2.085,4368700,9254068
2021-08-10,2.128,2.150,2.152,2.104,5355200,11393666
2021-08-11,2.148,2.117,2.148,2.113,4488100,9546685
2021-08-12,2.098,2.090,2.124,2.084,5073700,10657077
2021-08-13,2.091,2.086,2.103,2.070,4668300,9751478
2021-08-16,2.075,2.083,2.099,2.068,8450900,17620619
2021-08-17,2.080,2.010,2.085,2.009,10030100,20420890
2021-08-18,2.008,2.018,2.034,2.005,9049100,18294405
2021-08-19,2.011,2.023,2.043,2.011,5286900,10717848
2021-08-20,1.997,1.921,2.022,1.911,72028800,138808881
2021-08-23,1.921,1.948,1.957,1.903,9845700,18958741
2021-08-24,1.949,1.982,1.987,1.949,6553000,12947957
2021-08-25,1.984,1.997,2.004,1.966,7861100,15660666
2021-08-26,1.997,1.943,2.004,1.939,6498900,12706959
2021-08-27,1.936,1.936,1.969,1.920,4549300,8856918
2021-08-30,1.941,1.928,1.957,1.916,4799200,9285056
2021-08-31,1.927,1.909,1.939,1.894,56857600,108166593
2021-09-01,1.902,1.927,1.939,1.872,14030100,26643188
2021-09-02,1.924,1.886,1.931,1.885,13820100,26219312
2021-09-03,1.878,1.900,1.912,1.867,11189700,21255700
2021-09-06,1.899,1.978,1.981,1.899,13084200,25611511
2021-09-07,1.979,1.978,1.986,1.961,5558300,10951359
2021-09-08,1.979,1.969,1.985,1.959,4731100,9321635
2021-09-09,1.961,1.963,1.984,1.958,4434900,8724951
2021-09-10,1.963,1.961,1.967,1.943,4513700,8818339
2021-09-13,1.960,1.959,1.989,1.949,6704600,13217217
2021-09-14,1.948,1.969,1.985,1.946,9681900,19112708
2021-09-15,1.957,1.939,1.961,1.927,25178700,48697908
2021-09-16,1.931,1.937,1.955,1.924,5516300,10696583
2021-09-17,1.935,2.005,2.013,1.927,58593200,116838397
2021-09-22,1.992,2.016,2.037,1.985,10036400,20174871
2021-09-23,2.015,2.007,2.032,1.993,7230500,14528904
2021-09-24,2.003,2.015,2.037,1.998,6727200,13565068
2021-09-27,2.018,2.031,2.063,2.018,9601000,19577453
2021-09-28,2.025,2.016,2.046,2.006,5377100,10873724
2021-09-29,2.000,1.983,2.013,1.978,6394900,12710951
2021-09-30,1.982,2.013,2.015,1.982,5141053,10300416
2021-10-08,2.010,2.021,2.041,1.999,6633600,13419373
2021-10-11,2.023,2.000,2.048,1.992,5821200,11752028
2021-10-12,1.993,1.988,2.018,1.977,5896600,11778590
2021-10-13,1.988,2.034,2.042,1.987,7518800,15143523
2021-10-14,2.031,2.002,2.038,1.997,7626900,15348868
2021-10-15,1.983,1.982,1.999,1.974,6059100,12016251
2021-10-18,1.979,1.954,1.979,1.946,9474100,18513786
2021-10-19,1.946,1.978,1.984,1.945,4814298,9504692
2021-10-20,1.977,1.964,1.985,1.944,5032000,9846903
2021-10-21,1.963,1.963,1.979,1.956,6633900,13041684
2021-10-22,1.957,1.966,1.976,1.955,3429700,6740820
2021-10-25,1.963,1.968,1.975,1.958,3292100,6473479
2021-10-26,1.966,1.956,1.980,1.955,4276000,8407211
2021-10-27,1.952,1.918,1.953,1.912,8089200,15580943
2021-10-28,1.903,1.904,1.926,1.899,68059500,129422034
2021-10-29,1.900,1.930,1.936,1.888,15423101,29389822
2021-11-01,1.932,1.915,1.938,1.902,6525500,12512463
2021-11-02,1.901,1.897,1.926,1.884,46013800,87586882
2021-11-03,1.892,1.911,1.920,1.892,5228500,9981135
2021-11-04,1.909,1.915,1.922,1.902,5242300,10019568
2021-11-05,1.909,1.913,1.926,1.906,3512700,6733488
2021-11-08,1.908,1.878,1.908,1.867,16675300,31347835
2021-11-09,1.872,1.891,1.894,1.871,5198000,9816024
2021-11-10,1.891,1.928,1.930,1.878,8667200,16474108
2021-11-11,1.920,1.921,1.935,1.905,8074300,15516573
2021-11-12,1.921,1.918,1.928,1.918,5578900,10722428
2021-11-15,1.917,1.951,1.952,1.917,8018000,15588405
2021-11-16,1.951,1.990,1.999,1.951,67633200,134749553
2021-11-17,1.991,1.992,2.007,1.985,45396500,90408215
2021-11-18,1.991,1.957,1.991,1.955,11561300,22758821
2021-11-19,1.950,1.961,1.961,1.946,3132800,6123111
2021-11-22,1.959,1.950,1.962,1.944,4278200,8341746
2021-11-23,1.950,1.951,1.961,1.945,4217300,8224281
2021-11-24,1.943,1.965,1.965,1.941,3780300,7395120
2021-11-25,1.964,1.990,1.990,1.963,5479900,10835731
2021-11-26,1.987,1.984,2.000,1.983,26777278,53201970
2021-11-29,2.001,1.985,2.036,1.980,9962461,20014940
2021-11-30,1.976,1.986,1.986,1.965,5447200,10766183
2021-12-01,1.982,1.970,1.984,1.964,3120300,6145833
2021-12-02,1.959,1.940,1.975,1.939,5352700,10468399
2021-12-03,1.939,1.950,1.958,1.937,8705100,16975893
2021-12-06,1.947,1.923,1.952,1.919,5193500,10045805
2021-12-07,1.924,1.929,1.937,1.921,7341700,14152400
2021-12-08,1.930,1.950,1.952,1.921,5140700,9975061
2021-12-09,1.952,1.992,1.994,1.948,8619200,17048802
2021-12-10,1.984,1.979,1.992,1.972,5422662,10727216
2021-12-13,1.972,1.974,1.993,1.970,4671500,9237102
2021-12-14,1.965,1.980,1.990,1.964,3253500,6449683
2021-12-15,1.979,1.930,1.980,1.927,16645400,32287857
2021-12-16,1.925,1.941,1.946,1.924,8737900,16932110
2021-12-17,1.941,1.925,1.950,1.920,5899600,11369860
2021-12-20,1.919,1.912,1.944,1.910,9891000,19027589
2021-12-21,1.906,1.925,1.930,1.901,7360500,14156792
2021-12-22,1.925,1.938,1.941,1.924,3558500,6875949
2021-12-23,1.940,1.923,1.943,1.918,3798100,7311141
2021-12-24,1.919,1.933,1.941,1.912,3780600,7296314
2021-12-27,1.928,1.952,1.952,1.928,4868800,9466418
2021-12-28,1.949,1.961,1.961,1.935,5595500,10918852
2021-12-29,1.962,1.945,1.981,1.945,5878800,11535308
2021-12-30,1.939,1.965,1.967,1.936,4797600,9374750
2021-12-31,1.968,1.986,1.990,1.968,7444300,14763972
2022-01-04,1.985,1.960,1.988,1.952,7271100,14278596
2022-01-05,1.960,1.922,1.960,1.914,9787471,18845179
2022-01-06,1.917,1.924,1.928,1.896,67034000,127463621
2022-01-07,1.920,1.912,1.932,1.908,5463600,10494163
2022-01-10,1.907,1.935,1.943,1.902,4922600,9468579
2022-01-11,1.936,1.943,1.953,1.926,7956600,15465872
2022-01-12,1.950,1.957,1.963,1.935,4665700,9124489
2022-01-13,1.958,1.921,1.960,1.920,3068100,5939139
2022-01-14,1.920,1.952,1.960,1.912,6359002,12373054
2022-01-17,1.950,1.961,1.966,1.940,5933732,11613901
2022-01-18,1.959,1.923,1.959,1.922,6895100,13322780
2022-01-19,1.909,1.889,1.930,1.878,30498802,57815073
2022-01-20,1.890,1.869,1.903,1.868,10041100,18894562
2022-01-21,1.876,1.808,1.876,1.808,35897400,65312188
2022-01-24,1.805,1.798,1.818,1.784,95261800,171415801
2022-01-25,1.799,1.741,1.802,1.740,38788600,68481685
2022-01-26,1.741,1.721,1.765,1.705,62474100,107253567
2022-01-27,1.729,1.688,1.729,1.684,42969856,73144818
2022-01-28,1.696,1.690,1.719,1.676,14426200,24431753
2022-02-07,1.709,1.695,1.718,1.692,9662200,16437301
2022-02-08,1.700,1.682,1.700,1.657,11595228,19370045
2022-02-09,1.683,1.706,1.710,1.666,22748600,38627216
2022-02-10,1.703,1.690,1.712,1.683,9817600,16620060
2022-02-11,1.678,1.648,1.688,1.631,19802300,32709115
2022-02-14,1.634,1.642,1.664,1.631,5730000,9446698
2022-02-15,1.644,1.697,1.698,1.644,12613000,21165540
2022-02-16,1.696,1.701,1.714,1.692,7743200,13181839
2022-02-17,1.701,1.692,1.703,1.688,5202828,8813333
2022-02-18,1.688,1.708,1.709,1.680,4911928,8351316
2022-02-21,1.710,1.722,1.724,1.701,7570800,12983772
2022-02-22,1.718,1.691,1.718,1.680,6595000,11130066
2022-02-23,1.691,1.719,1.721,1.691,5848500,10017403
2022-02-24,1.709,1.691,1.736,1.670,9363300,15975323
2022-02-25,1.708,1.733,1.746,1.697,10617900,18413358
2022-02-28,1.737,1.740,1.745,1.713,5630800,9759388
2022-03-01,1.734,1.748,1.755,1.734,6018400,10509835
2022-03-02,1.746,1.741,1.747,1.720,2880800,4995503
2022-03-03,1.741,1.733,1.750,1.730,3528200,6134946
2022-03-04,1.725,1.734,1.762,1.720,7499500,13101192
2022-03-07,1.730,1.689,1.730,1.678,6865653,11652795
2022-03-08,1.687,1.627,1.701,1.624,10596800,17453795
2022-03-09,1.627,1.587,1.627,1.529,58524400,93763559
2022-03-10,1.617,1.644,1.650,1.615,9145900,14969063
2022-03-11,1.623,1.701,1.703,1.619,13774700,23030779
2022-03-14,1.708,1.681,1.734,1.680,40081500,68581853
2022-03-15,1.656,1.605,1.675,1.603,11110400,18202930
2022-03-16,1.612,1.646,1.650,1.563,38563800,61671507
2022-03-17,1.658,1.699,1.737,1.656,38390100,65589576
2022-03-18,1.695,1.716,1.720,1.689,7633100,13015677
2022-03-21,1.723,1.747,1.748,1.710,12492488,21644658
2022-03-22,1.746,1.707,1.746,1.701,10064885,17237751
2022-03-23,1.703,1.732,1.750,1.695,11483785,19820529
2022-03-24,1.715,1.769,1.784,1.709,14943500,26259051
2022-03-25,1.765,1.724,1.770,1.723,9988864,17440819
2022-03-28,1.705,1.713,1.725,1.699,7274300,12443274
2022-03-29,1.709,1.726,1.738,1.701,7039485,12139090
2022-03-30,1.728,1.758,1.760,1.702,11023329,19142581
2022-03-31,1.758,1.751,1.788,1.746,9050900,15996831
2022-04-01,1.735,1.726,1.738,1.715,8674671,14970571
2022-04-06,1.735,1.732,1.762,1.723,6996900,12147579
2022-04-07,1.725,1.697,1.739,1.694,11692000,19967297
2022-04-08,1.702,1.670,1.702,1.655,8846524,14803704
2022-04-11,1.672,1.638,1.672,1.631,8337400,13710558
2022-04-12,1.637,1.671,1.675,1.628,14830400,24471089
2022-04-13,1.668,1.628,1.668,1.625,9784300,16019275
2022-04-14,1.629,1.644,1.658,1.629,17840700,29416280
2022-04-15,1.640,1.652,1.670,1.629,8729200,14386102
2022-04-18,1.655,1.641,1.659,1.622,6011400,9824511
2022-04-19,1.641,1.620,1.646,1.610,14323100,23172893
2022-04-20,1.620,1.586,1.622,1.582,67952700,108495720
2022-04-21,1.580,1.543,1.599,1.539,25000800,39120150
2022-04-22,1.540,1.537,1.569,1.509,15728900,24050207
2022-04-25,1.521,1.451,1.527,1.451,29080200,43289868
2022-04-26,1.470,1.455,1.488,1.438,24031500,35169191
2022-04-27,1.455,1.485,1.485,1.420,60151800,86288823
2022-04-28,1.483,1.479,1.488,1.457,26454000,38954367
2022-04-29,1.485,1.520,1.525,1.474,34388000,51459203
2022-05-05,1.521,1.536,1.547,1.510,12130800,18579061
2022-05-06,1.522,1.521,1.536,1.495,19832400,30127556
2022-05-09,1.514,1.532,1.542,1.511,22549000,34510748
2022-05-10,1.519,1.538,1.548,1.505,13903500,21284956
2022-05-11,1.539,1.560,1.595,1.539,20731800,32742836
2022-05-12,1.560,1.581,1.591,1.548,18213200,28699384
2022-05-13,1.587,1.583,1.604,1.569,37625000,59812752
2022-05-16,1.583,1.557,1.594,1.552,18541000,29043342
2022-05-17,1.555,1.538,1.557,1.522,24718300,37950951
2022-05-18,1.542,1.528,1.546,1.525,18275100,28006840
2022-05-19,1.516,1.527,1.527,1.508,21280155,32247706
2022-05-20,1.527,1.556,1.564,1.527,19757600,30631112
2022-05-23,1.559,1.562,1.569,1.550,11805700,18409363
2022-05-24,1.559,1.502,1.569,1.497,24411900,37222361
2022-05-25,1.500,1.506,1.524,1.495,26361500,39604539
2022-05-26,1.508,1.501,1.511,1.480,15842700,23714128
2022-05-27,1.514,1.510,1.529,1.499,18070850,27422793
2022-05-30,0.760,0.758,0.768,0.747,30388100,22934080
2022-05-31,0.754,0.772,0.773,0.748,35675700,27124190
2022-06-01,0.772,0.768,0.776,0.761,26585200,20418986
2022-06-02,0.764,0.760,0.767,0.754,34683200,26284607
2022-06-06,0.759,0.778,0.778,0.758,33527500,25854021
2022-06-07,0.779,0.791,0.792,0.775,31876500,25062438
2022-06-08,0.790,0.797,0.806,0.787,49240000,39236727
2022-06-09,0.796,0.782,0.801,0.779,30734800,24214584
2022-06-10,0.773,0.791,0.792,0.770,92299500,72802114
2022-06-13,0.783,0.786,0.789,0.777,58351800,45643821
2022-06-14,0.779,0.786,0.786,0.767,207603300,161213200
2022-06-15,0.784,0.792,0.800,0.780,58881700,46624348
2022-06-16,0.792,0.801,0.809,0.790,40667000,32608450
2022-06-17,0.800,0.818,0.819,0.789,48382800,38943032
2022-06-20,0.818,0.829,0.832,0.817,54791000,45198060
2022-06-21,0.829,0.823,0.837,0.816,46062700,38045890
2022-06-22,0.824,0.817,0.830,0.814,49895756,40961803
2022-06-23,0.813,0.818,0.819,0.804,55099400,44759550
2022-06-24,0.818,0.834,0.836,0.818,48532200,40353745
2022-06-27,0.836,0.843,0.850,0.836,53131100,44844455
2022-06-28,0.842,0.843,0.844,0.829,60772200,50766858
2022-06-29,0.844,0.838,0.854,0.837,52546500,44466468
2022-06-30,0.834,0.855,0.863,0.834,117933700,100793007
2022-07-01,0.856,0.852,0.859,0.847,36196100,30855557
2022-07-04,0.854,0.883,0.885,0.852,73648300,64466057
2022-07-05,0.883,0.886,0.889,0.867,49211900,43257969
2022-07-06,0.884,0.870,0.891,0.862,60517200,53219181
2022-07-07,0.868,0.858,0.869,0.845,37996600,32465882
2022-07-08,0.859,0.862,0.869,0.856,28722800,24772151
2022-07-11,0.861,0.857,0.868,0.851,31044500,26661021
2022-07-12,0.858,0.835,0.860,0.833,38241000,32200442
2022-07-13,0.833,0.832,0.838,0.826,27451400,22824760
2022-07-14,0.829,0.846,0.854,0.829,46199800,39021425
2022-07-15,0.846,0.829,0.848,0.828,34779400,29094234
2022-07-18,0.827,0.831,0.832,0.812,35583600,29246459
2022-07-19,0.831,0.823,0.835,0.817,37516000,30890293
2022-07-20,0.824,0.835,0.839,0.824,25315500,21073829
2022-07-21,0.837,0.833,0.838,0.828,21054800,17548928
2022-07-22,0.829,0.823,0.839,0.817,23813200,19687193
2022-07-25,0.821,0.823,0.828,0.818,52991900,43619717
2022-07-26,0.825,0.821,0.828,0.813,27064200,22146366
2022-07-27,0.819,0.814,0.822,0.810,30297600,24647150
2022-07-28,0.818,0.809,0.818,0.807,41152485,33392206
2022-07-29,0.809,0.791,0.809,0.789,153634100,122517662
2022-08-01,0.791,0.792,0.800,0.782,45378136,35798993
2022-08-02,0.791,0.770,0.791,0.762,78357300,60435001
2022-08-03,0.770,0.771,0.783,0.769,32271200,25026000
2022-08-04,0.776,0.785,0.786,0.775,31886000,24889977
2022-08-05,0.787,0.801,0.801,0.786,31467021,25012603
2022-08-08,0.801,0.801,0.809,0.797,28360900,22738315
2022-08-09,0.798,0.795,0.800,0.789,30049065,23821635
2022-08-10,0.795,0.785,0.795,0.780,26059800,20475870
2022-08-11,0.787,0.802,0.803,0.787,32293000,25776912
2022-08-12,0.805,0.806,0.809,0.799,75808223,61080107
2022-08-15,0.801,0.797,0.807,0.795,30512700,24358711
2022-08-16,0.797,0.791,0.798,0.789,35359900,27997518
2022-08-17,0.795,0.795,0.796,0.785,34444000,27273084
2022-08-18,0.795,0.783,0.795,0.781,41940500,32896478
2022-08-19,0.785,0.776,0.785,0.776,45808300,35721216
2022-08-22,0.774,0.783,0.784,0.767,45477200,35384883
2022-08-23,0.780,0.774,0.782,0.770,34997300,27072207
2022-08-24,0.774,0.762,0.778,0.761,48708085,37449651
2022-08-25,0.762,0.767,0.767,0.756,44719200,34064873
2022-08-26,0.773,0.769,0.781,0.766,34108100,26351789
2022-08-29,0.760,0.765,0.765,0.758,37028300,28198586
2022-08-30,0.764,0.764,0.767,0.757,39198000,29871882
2022-08-31,0.764,0.768,0.775,0.760,44445200,34110427
2022-09-01,0.771,0.769,0.776,0.765,30088800,23212191
2022-09-02,0.769,0.766,0.778,0.762,32489100,24978226
2022-09-05,0.769,0.758,0.771,0.752,30795990,23310491
2022-09-06,0.757,0.758,0.759,0.752,32544200,24590846
2022-09-07,0.759,0.755,0.759,0.750,30118627,22690332
2022-09-08,0.757,0.751,0.758,0.749,32981473,24819400
2022-09-09,0.751,0.764,0.764,0.751,37443100,28492143
2022-09-13,0.764,0.758,0.764,0.755,34070800,25857473
2022-09-14,0.754,0.751,0.754,0.741,32095000,24015417
2022-09-15,0.752,0.746,0.762,0.740,38487700,28922673
2022-09-16,0.747,0.724,0.747,0.723,167479500,121749807
2022-09-19,0.726,0.714,0.727,0.709,122169500,87457128
2022-09-20,0.714,0.714,0.719,0.711,63279300,45235332
2022-09-21,0.713,0.703,0.714,0.699,79952200,56215567
2022-09-22,0.702,0.691,0.702,0.689,65005200,45171994
2022-09-23,0.688,0.685,0.692,0.677,220791900,151027741
2022-09-26,0.686,0.677,0.690,0.677,91977300,62805005
2022-09-27,0.679,0.710,0.712,0.678,112232700,78446788
2022-09-28,0.708,0.704,0.720,0.702,98964900,70511530
2022-09-29,0.712,0.715,0.730,0.710,70357900,50817463
2022-09-30,0.712,0.717,0.726,0.712,45066400,32412100
2022-10-10,0.717,0.702,0.725,0.700,84882300,60583271
2022-10-11,0.700,0.697,0.702,0.688,46801700,32401722
2022-10-12,0.697,0.703,0.703,0.676,71148600,48805012
2022-10-13,0.699,0.722,0.725,0.696,59719500,42840320
2022-10-14,0.726,0.769,0.775,0.724,134408100,102070491
2022-10-17,0.771,0.776,0.789,0.769,73549500,57306032
2022-10-18,0.784,0.792,0.797,0.768,113472100,89502739
2022-10-19,0.790,0.781,0.790,0.773,67166600,52373239
2022-10-20,0.771,0.779,0.796,0.770,59796200,46982801
2022-10-21,0.779,0.780,0.786,0.770,42040109,32713285
2022-10-24,0.780,0.759,0.788,0.753,69037100,53008050
2022-10-25,0.750,0.743,0.761,0.735,72310600,53900820
2022-10-26,0.744,0.780,0.788,0.744,73366300,57021576
2022-10-27,0.784,0.777,0.786,0.765,37806800,29319674
2022-10-28,0.774,0.760,0.780,0.756,45997800,35249500
2022-10-31,0.753,0.762,0.769,0.747,57341400,43479273
2022-11-01,0.765,0.783,0.783,0.753,53681700,41198366
2022-11-02,0.777,0.793,0.813,0.776,179073400,143150575
2022-11-03,0.784,0.792,0.798,0.781,73466900,57954274
2022-11-04,0.792,0.804,0.814,0.791,56711500,45482110
2022-11-07,0.800,0.804,0.808,0.786,43427900,34826400
2022-11-08,0.804,0.796,0.804,0.790,37919300,30147423
2022-11-09,0.792,0.804,0.810,0.792,47785087,38328529
2022-11-10,0.799,0.801,0.809,0.798,50826100,40796643
2022-11-11,0.819,0.796,0.827,0.794,87928000,71662337
2022-11-14,0.793,0.820,0.826,0.790,82398000,67149697
2022-11-15,0.826,0.826,0.828,0.805,74868200,61181193
2022-11-16,0.827,0.823,0.841,0.819,86686287,71729504
2022-11-17,0.820,0.827,0.831,0.817,65683100,54116895
2022-11-18,0.829,0.842,0.847,0.829,71902900,60350714
2022-11-21,0.833,0.839,0.841,0.822,48446400,40361528
2022-11-22,0.832,0.815,0.848,0.810,66137600,54659991
2022-11-23,0.815,0.794,0.815,0.787,75983000,60416378
2022-11-24,0.796,0.806,0.808,0.796,61093600,48959431
2022-11-25,0.805,0.798,0.805,0.786,49299800,39267840
2022-11-28,0.782,0.793,0.800,0.782,44262800,34997326
2022-11-29,0.793,0.814,0.816,0.788,79633700,64427079
2022-11-30,0.810,0.806,0.816,0.801,39474500,31970564
2022-12-01,0.819,0.812,0.822,0.800,74110700,59895686
2022-12-02,0.809,0.809,0.814,0.806,45749900,37052800
2022-12-05,0.819,0.811,0.821,0.804,80070400,64987582
2022-12-06,0.809,0.800,0.815,0.797,54698100,44082436
2022-12-07,0.800,0.814,0.815,0.791,69351900,55830891
2022-12-08,0.813,0.811,0.817,0.806,60991900,49491970
2022-12-09,0.811,0.818,0.821,0.808,68945600,56193435
2022-12-12,0.819,0.830,0.836,0.819,78672927,65247597
2022-12-13,0.830,0.825,0.835,0.812,83025300,68271759
2022-12-14,0.824,0.812,0.824,0.809,64518500,52534430
2022-12-15,0.810,0.808,0.818,0.805,74162300,60098121
2022-12-16,0.806,0.817,0.820,0.806,57807400,47109196
2022-12-19,0.820,0.784,0.820,0.783,106990800,84845133
2022-12-20,0.780,0.772,0.788,0.770,102547300,79342665
2022-12-21,0.772,0.771,0.779,0.766,37460100,28913209
2022-12-22,0.774,0.770,0.785,0.768,86990700,67539253
2022-12-23,0.769,0.778,0.780,0.767,55660700,43019570
2022-12-26,0.778,0.775,0.783,0.772,38093855,29596350
2022-12-27,0.775,0.773,0.775,0.760,48404400,37151470
2022-12-28,0.771,0.776,0.782,0.771,40146200,31161853
2022-12-29,0.770,0.788,0.794,0.770,58465000,45890086
2022-12-30,0.789,0.788,0.793,0.784,37585300,29630522
2023-01-03,0.789,0.795,0.799,0.787,65849900,52324070
2023-01-04,0.796,0.797,0.804,0.792,45994500,36639444
2023-01-05,0.798,0.811,0.817,0.796,68226300,55176016
2023-01-06,0.811,0.805,0.814,0.804,44195800,35638052
2023-01-09,0.805,0.811,0.820,0.803,54046700,43776055
2023-01-10,0.814,0.819,0.824,0.806,66010800,53883726
2023-01-11,0.820,0.815,0.825,0.815,41415800,33989167
2023-01-12,0.815,0.813,0.821,0.809,46866200,38132755
2023-01-13,0.815,0.830,0.831,0.811,59109000,48748626
2023-01-16,0.831,0.849,0.861,0.820,157162600,133932342
2023-01-17,0.849,0.842,0.852,0.840,74155300,62709075
2023-01-18,0.841,0.838,0.844,0.836,27432900,23016421
2023-01-19,0.837,0.853,0.858,0.833,47197300,39972501
2023-01-20,0.853,0.851,0.863,0.851,36813500,31478787
2023-01-30,0.855,0.846,0.861,0.846,185933800,158225785
2023-01-31,0.845,0.834,0.846,0.833,46124100,38672008
2023-02-01,0.838,0.841,0.842,0.828,36261200,30311518
2023-02-02,0.841,0.849,0.857,0.839,36176800,30705627
2023-02-03,0.848,0.843,0.851,0.834,48213200,40566579
2023-02-06,0.834,0.831,0.840,0.828,37812400,31475130
2023-02-07,0.831,0.829,0.839,0.822,64687900,53596931
2023-02-08,0.830,0.829,0.837,0.828,30596400,25416799
2023-02-09,0.828,0.838,0.838,0.820,36584600,30464630
2023-02-10,0.838,0.837,0.840,0.830,43446400,36279546
2023-02-13,0.836,0.845,0.851,0.833,45874900,38710095
2023-02-14,0.846,0.849,0.849,0.842,39603500,33485985
2023-02-15,0.849,0.840,0.850,0.838,38766190,32614929
2023-02-16,0.837,0.831,0.849,0.826,41688600,35135329
2023-02-17,0.830,0.833,0.843,0.829,45393200,38016047
2023-02-20,0.834,0.844,0.845,0.824,54530561,45582467
2023-02-21,0.846,0.842,0.846,0.838,45472300,38198869
2023-02-22,0.839,0.839,0.847,0.836,45779700,38443492
2023-02-23,0.838,0.832,0.845,0.827,45804092,38255443
2023-02-24,0.834,0.827,0.834,0.824,42303000,35017576
2023-02-27,0.822,0.820,0.830,0.816,52938791,43474633
2023-02-28,0.819,0.831,0.832,0.818,52174170,43144493
2023-03-01,0.831,0.831,0.833,0.824,40108800,33235273
2023-03-02,0.829,0.823,0.830,0.822,38237200,31567477
2023-03-03,0.823,0.825,0.831,0.820,45559713,37589669
2023-03-06,0.824,0.829,0.830,0.818,46499200,38403135
2023-03-07,0.828,0.814,0.834,0.813,63072374,52031370
2023-03-08,0.811,0.811,0.816,0.807,46189500,37460889
2023-03-09,0.814,0.813,0.817,0.809,56081100,45640527
2023-03-10,0.810,0.810,0.816,0.803,58813000,47549818
2023-03-13,0.808,0.809,0.810,0.804,72923900,58869502
2023-03-14,0.809,0.807,0.817,0.803,61691700,49967771
2023-03-15,0.808,0.805,0.815,0.804,70085700,56750083
2023-03-16,0.803,0.803,0.813,0.802,82061700,66165128
2023-03-17,0.808,0.790,0.808,0.786,256780300,204300599
2023-03-20,0.789,0.777,0.789,0.773,150393300,117033654
2023-03-21,0.779,0.797,0.797,0.779,80847600,63932485
2023-03-22,0.800,0.801,0.804,0.796,59799100,47841386
2023-03-23,0.800,0.801,0.804,0.795,68755400,54969344
2023-03-24,0.801,0.793,0.807,0.792,70056600,55807678
2023-03-27,0.797,0.803,0.808,0.785,69308100,55318579
2023-03-28,0.803,0.804,0.809,0.799,78136600,62931702
2023-03-29,0.806,0.799,0.808,0.797,53361100,42705234
2023-03-30,0.801,0.801,0.803,0.793,85400600,68137608
2023-03-31,0.801,0.799,0.804,0.797,64819900,51866615
2023-04-03,0.801,0.792,0.801,0.789,66824900,52963555
2023-04-04,0.793,0.798,0.798,0.789,73463600,58230786
2023-04-06,0.798,0.805,0.805,0.796,102407400,82129915
2023-04-07,0.804,0.824,0.825,0.803,113301300,92682211
2023-04-10,0.824,0.827,0.834,0.824,71967400,59578557
2023-04-11,0.827,0.826,0.835,0.821,67440000,55692984
2023-04-12,0.826,0.819,0.832,0.818,67376198,55417791
2023-04-13,0.818,0.833,0.836,0.812,76624900,63470726
2023-04-14,0.840,0.831,0.845,0.828,76521200,63824423
2023-04-17,0.832,0.834,0.837,0.824,78033400,64824510
2023-04-18,0.830,0.825,0.831,0.823,168490100,139320949
2023-04-19,0.827,0.817,0.827,0.816,105143400,86193507
2023-04-20,0.816,0.804,0.820,0.803,109832000,88940395
2023-04-21,0.806,0.798,0.809,0.796,95906000,76977446
2023-04-24,0.802,0.792,0.805,0.787,102825700,81745080
2023-04-25,0.790,0.775,0.792,0.769,134683000,104641474
2023-04-26,0.774,0.780,0.785,0.774,78278400,61065275
2023-04-27,0.786,0.790,0.795,0.779,93198600,73411940
2023-04-28,0.795,0.792,0.796,0.785,77648500,61343522
2023-05-04,0.790,0.796,0.799,0.788,54379800,43253199
2023-05-05,0.796,0.783,0.797,0.780,60775600,47694427
2023-05-08,0.785,0.783,0.791,0.776,78248700,61140865
2023-05-09,0.782,0.772,0.784,0.771,83683000,64949460
2023-05-10,0.770,0.772,0.776,0.766,109430500,84334687
2023-05-11,0.775,0.771,0.784,0.769,55665700,43158020
2023-05-12,0.771,0.767,0.776,0.767,50564700,38924925
2023-05-15,0.767,0.780,0.781,0.764,63641800,48896565
2023-05-16,0.781,0.786,0.790,0.781,60338200,47419933
2023-05-17,0.786,0.780,0.786,0.777,35207200,27455751
2023-05-18,0.780,0.773,0.784,0.771,58690100,45573858
2023-05-19,0.771,0.783,0.787,0.770,60422400,47003824
2023-05-22,0.788,0.787,0.792,0.782,121538700,95427802
2023-05-23,0.787,0.787,0.798,0.787,106647600,84556507
2023-05-24,0.782,0.775,0.785,0.774,92909500,72379595
2023-05-25,0.775,0.773,0.776,0.766,96599500,74478402
2023-05-26,0.773,0.779,0.782,0.771,99575600,77152889
2023-05-29,0.781,0.775,0.784,0.771,136764400,106147534
2023-05-30,0.779,0.768,0.781,0.758,122319900,93776530
2023-05-31,0.767,0.757,0.772,0.755,111978600,85344641
2023-06-01,0.755,0.758,0.767,0.753,115713800,87993983
2023-06-02,0.762,0.761,0.765,0.757,104373800,79465183
2023-06-05,0.760,0.760,0.763,0.755,62774976,47561736
2023-06-06,0.761,0.747,0.762,0.744,93049000,69967522
2023-06-07,0.748,0.737,0.749,0.734,123784700,91606250
2023-06-08,0.736,0.731,0.737,0.727,240517900,175951680
2023-06-09,0.734,0.741,0.743,0.731,98400800,72647402
2023-06-12,0.741,0.737,0.741,0.730,82580300,60701109
2023-06-13,0.739,0.734,0.741,0.732,88781800,65182981
2023-06-14,0.737,0.738,0.745,0.733,66711200,49403316
2023-06-15,0.739,0.752,0.752,0.737,60631600,45196682
2023-06-16,0.757,0.753,0.758,0.750,74690900,56256439
2023-06-19,0.752,0.746,0.753,0.745,49912000,37382204
2023-06-20,0.746,0.743,0.752,0.742,90695900,67636271
2023-06-21,0.740,0.727,0.740,0.725,136719000,99927081
2023-06-26,0.726,0.722,0.727,0.718,149257800,107814341
2023-06-27,0.724,0.727,0.734,0.724,84101700,61120808
2023-06-28,0.728,0.724,0.729,0.721,482179200,349545441
2023-06-29,0.726,0.726,0.730,0.722,138700500,100852342
2023-06-30,0.728,0.731,0.737,0.725,151501700,110826558
2023-07-03,0.731,0.733,0.734,0.727,78997800,57759893
2023-07-04,0.734,0.737,0.741,0.725,83886800,61405452
2023-07-05,0.734,0.730,0.741,0.729,141251100,103336495
2023-07-06,0.731,0.721,0.731,0.719,72623600,52557254
2023-07-07,0.723,0.721,0.724,0.717,92445600,66625816
2023-07-10,0.723,0.723,0.730,0.721,73607100,53381230
2023-07-11,0.723,0.727,0.728,0.721,97345900,70569917
2023-07-12,0.727,0.721,0.728,0.720,55850700,40457281
2023-07-13,0.724,0.733,0.735,0.724,70691800,51676739
2023-07-14,0.734,0.730,0.735,0.728,64913800,47393857
2023-07-17,0.728,0.725,0.729,0.721,55843500,40334026
2023-07-18,0.725,0.723,0.726,0.719,70408700,50801802
2023-07-19,0.723,0.721,0.726,0.718,68927000,49655554
2023-07-20,0.722,0.718,0.726,0.716,93225900,67233431
2023-07-21,0.718,0.725,0.730,0.716,76329600,55264053
2023-07-24,0.725,0.729,0.734,0.723,76442100,55776366
2023-07-25,0.733,0.734,0.736,0.728,78418500,57410319
2023-07-26,0.734,0.741,0.744,0.732,80368400,59436433
2023-07-27,0.741,0.739,0.743,0.737,87432600,64722294
2023-07-28,0.740,0.748,0.750,0.735,91344700,67955284
2023-07-31,0.750,0.732,0.754,0.731,170224500,126031863
2023-08-01,0.731,0.730,0.739,0.727,140381800,102611728
2023-08-02,0.729,0.719,0.729,0.716,121792200,87831756
2023-08-03,0.718,0.728,0.728,0.716,102153200,73901087
2023-08-04,0.729,0.725,0.733,0.723,70825400,51449077
2023-08-07,0.723,0.702,0.723,0.700,233481900,164575852
2023-08-08,0.705,0.708,0.711,0.697,498237200,350334295
2023-08-09,0.706,0.717,0.720,0.705,245799800,175024703
2023-08-10,0.717,0.715,0.717,0.709,146670500,104476148
2023-08-11,0.715,0.708,0.718,0.707,127076500,90450848
2023-08-14,0.707,0.709,0.711,0.699,184142400,129509883
2023-08-15,0.709,0.708,0.710,0.701,101237400,71391647
2023-08-16,0.706,0.707,0.714,0.702,98908000,70237037
2023-08-17,0.707,0.709,0.709,0.700,106235100,74769471
2023-08-18,0.709,0.693,0.711,0.692,222011228,155027089
2023-08-21,0.693,0.689,0.697,0.685,165661000,114288531
2023-08-22,0.691,0.685,0.692,0.673,239199900,162587904
2023-08-23,0.684,0.672,0.684,0.671,184934600,125211389
2023-08-24,0.675,0.684,0.687,0.670,204962900,138215067
2023-08-25,0.680,0.680,0.686,0.676,100098300,68152606
2023-08-28,0.712,0.686,0.716,0.682,116966700,81307063
2023-08-29,0.684,0.698,0.700,0.682,97501700,67501587
2023-08-30,0.698,0.697,0.701,0.694,90489100,63129778
2023-08-31,0.697,0.696,0.697,0.692,72629425,50459861
2023-09-01,0.697,0.692,0.698,0.690,74518200,51554278
2023-09-04,0.693,0.695,0.698,0.690,80092600,55551593
2023-09-05,0.695,0.692,0.696,0.691,74124700,51366566
2023-09-06,0.691,0.684,0.691,0.681,79169900,54186568
2023-09-07,0.683,0.674,0.683,0.672,109217200,73947036
2023-09-08,0.672,0.674,0.677,0.671,128072500,86284976
2023-09-11,0.674,0.691,0.693,0.673,122748200,84481059
2023-09-12,0.691,0.692,0.695,0.686,88590800,61312291
2023-09-13,0.691,0.685,0.693,0.682,158171400,108481945
2023-09-14,0.686,0.686,0.690,0.682,157592000,108097148
2023-09-15,0.687,0.699,0.703,0.686,177995600,123827112
2023-09-18,0.697,0.706,0.708,0.696,102231765,72006371
2023-09-19,0.707,0.705,0.709,0.701,79156600,55721575
2023-09-20,0.703,0.700,0.704,0.699,69529000,48765221
2023-09-21,0.697,0.693,0.700,0.692,77406200,53825353
2023-09-22,0.692,0.698,0.699,0.686,96580200,66894542
2023-09-25,0.698,0.709,0.711,0.697,110576000,78184791
2023-09-26,0.707,0.704,0.711,0.704,77652600,54868236
2023-09-27,0.703,0.718,0.721,0.703,121907411,87244746
2023-09-28,0.718,0.715,0.722,0.713,94007100,67414932
2023-10-09,0.715,0.718,0.718,0.706,85251400,60835558
2023-10-10,0.718,0.705,0.718,0.705,78294900,55514528
2023-10-11,0.705,0.719,0.727,0.705,133865896,96551014
2023-10-12,0.721,0.722,0.729,0.716,81506900,58893523
2023-10-13,0.720,0.723,0.726,0.718,67966400,49106375
2023-10-16,0.724,0.713,0.728,0.710,81870800,58686336
2023-10-17,0.712,0.710,0.714,0.702,81507600,57546767
2023-10-18,0.709,0.698,0.709,0.696,87232300,61107814
2023-10-19,0.696,0.687,0.697,0.686,91744100,63282253
2023-10-20,0.685,0.678,0.686,0.675,101628400,68999467
2023-10-23,0.675,0.675,0.681,0.669,123072200,82791785
2023-10-24,0.675,0.680,0.681,0.669,71043200,47928018
2023-10-25,0.685,0.672,0.685,0.670,90967900,61521113
2023-10-26,0.669,0.678,0.678,0.668,76394700,51578929
2023-10-27,0.676,0.704,0.709,0.674,107374500,74344073
2023-10-30,0.704,0.720,0.723,0.702,131116292,94113048
2023-10-31,0.720,0.719,0.723,0.714,88887367,63861903
2023-11-01,0.718,0.718,0.721,0.709,93746900,67176722
2023-11-02,0.719,0.714,0.723,0.714,62221000,44632974
2023-11-06,0.724,0.731,0.735,0.723,191443100,139835542
2023-11-07,0.729,0.728,0.735,0.728,115768900,84672623
2023-11-08,0.728,0.735,0.740,0.726,90279700,66397399
2023-11-09,0.734,0.728,0.740,0.725,81031000,59165446
2023-11-10,0.720,0.728,0.733,0.720,66597100,48451840
2023-11-13,0.727,0.722,0.732,0.717,78733500,56772284
2023-11-14,0.722,0.723,0.728,0.719,72019900,52028963
2023-11-15,0.728,0.726,0.732,0.723,70735100,51346687
2023-11-16,0.726,0.717,0.729,0.716,77721100,55862107
2023-11-17,0.716,0.721,0.723,0.715,86127600,61817027
2023-11-20,0.723,0.730,0.732,0.722,71083200,51635018
2023-11-21,0.731,0.730,0.737,0.729,87386800,64078101
2023-11-22,0.730,0.722,0.731,0.722,82500034,59924028
2023-11-23,0.721,0.727,0.727,0.721,91230100,66039543
2023-11-24,0.727,0.729,0.731,0.725,77785790,56622523
2023-11-27,0.728,0.724,0.729,0.720,80261875,58054310
2023-11-28,0.720,0.735,0.736,0.719,83111600,60743083
2023-11-29,0.736,0.729,0.737,0.728,64650500,47351967
2023-11-30,0.726,0.736,0.737,0.726,67864000,49807653
2023-12-01,0.737,0.733,0.739,0.726,75593500,55297146
2023-12-04,0.732,0.719,0.733,0.717,102176200,73757552
2023-12-05,0.716,0.709,0.721,0.708,95334900,68034981
2023-12-06,0.708,0.710,0.717,0.705,147397300,104661361
2023-12-07,0.710,0.704,0.710,0.701,86543200,60963581
2023-12-08,0.707,0.713,0.714,0.701,112008600,79340683
2023-12-11,0.711,0.717,0.719,0.703,126468800,89819254
2023-12-12,0.718,0.713,0.718,0.710,66249600,47201122
2023-12-13,0.711,0.707,0.716,0.707,60856300,43343195
2023-12-14,0.711,0.705,0.717,0.704,57889400,41093147
2023-12-15,0.705,0.694,0.709,0.693,73191900,51261394
2023-12-18,0.692,0.696,0.703,0.690,63875600,44573515
2023-12-19,0.693,0.690,0.694,0.686,70759300,48743862
2023-12-20,0.690,0.685,0.696,0.685,60405300,41699207
2023-12-21,0.685,0.689,0.691,0.680,69580140,47679470
2023-12-22,0.690,0.684,0.690,0.680,87149300,59714880
2023-12-25,0.685,0.685,0.688,0.681,59340400,40625574
2023-12-26,0.685,0.681,0.687,0.677,61332500,41801621
2023-12-27,0.680,0.687,0.688,0.678,88012100,60051198
2023-12-28,0.686,0.693,0.696,0.682,104855400,72320902
2023-12-29,0.692,0.699,0.701,0.692,68730300,48001522
2024-01-02,0.700,0.696,0.701,0.690,73393750,51071297
2024-01-03,0.695,0.693,0.701,0.691,90407500,62790607
2024-01-04,0.692,0.688,0.692,0.682,111314500,76253908
2024-01-05,0.685,0.675,0.686,0.671,89303800,60570011
2024-01-08,0.673,0.666,0.674,0.663,133111900,89000787
2024-01-09,0.667,0.665,0.673,0.662,77487100,51532982
2024-01-10,0.665,0.661,0.668,0.658,67383700,44616414
2024-01-11,0.662,0.666,0.667,0.656,64221800,42482511
2024-01-12,0.664,0.657,0.667,0.657,71577100,47369251
2024-01-15,0.655,0.658,0.665,0.653,64585800,42562653
2024-01-16,0.658,0.657,0.659,0.648,75731000,49524487
2024-01-17,0.652,0.640,0.657,0.640,86737900,56269308
2024-01-18,0.640,0.646,0.647,0.625,101508304,64141722
2024-01-19,0.646,0.645,0.647,0.640,77278900,49742075
2024-01-22,0.640,0.618,0.646,0.618,107689500,68086057
2024-01-23,0.616,0.624,0.629,0.615,172283450,107466071
2024-01-24,0.630,0.629,0.632,0.612,206195300,128398579
2024-01-25,0.629,0.640,0.641,0.625,93508000,59259315
2024-01-26,0.641,0.626,0.642,0.622,86813000,55107035
2024-01-29,0.626,0.612,0.630,0.611,81312300,50288186
2024-01-30,0.611,0.600,0.612,0.599,81875500,49589955
2024-01-31,0.597,0.581,0.597,0.579,116282576,68060109
2024-02-01,0.579,0.581,0.592,0.575,77747283,45338074
2024-02-02,0.584,0.567,0.587,0.550,111686300,63989899
2024-02-05,0.562,0.571,0.582,0.543,239388401,134742878
2024-02-06,0.566,0.615,0.623,0.564,121293400,72275876
2024-02-07,0.616,0.637,0.637,0.614,101327700,63863305
2024-02-08,0.640,0.637,0.651,0.629,91958900,58944454
2024-02-19,0.642,0.631,0.642,0.624,71158200,44741629
2024-02-20,0.630,0.633,0.639,0.625,64590300,40872010
2024-02-21,0.631,0.635,0.647,0.627,71433300,45526781
2024-02-22,0.636,0.639,0.639,0.632,77992600,49556694
2024-02-23,0.639,0.637,0.640,0.630,74386900,47135166
2024-02-26,0.637,0.637,0.643,0.630,79818700,50916868
2024-02-27,0.636,0.645,0.645,0.633,76265500,48616512
2024-02-28,0.646,0.638,0.659,0.635,89165000,57944296
2024-02-29,0.635,0.652,0.654,0.632,77988300,50155128
2024-03-01,0.650,0.649,0.650,0.641,76009600,49094128
2024-03-04,0.649,0.658,0.663,0.646,78614800,51436536
2024-03-05,0.655,0.654,0.657,0.650,71537400,46758125
2024-03-06,0.653,0.649,0.656,0.644,78706800,51091172
2024-03-07,0.642,0.632,0.646,0.630,84641600,54021674
2024-03-08,0.630,0.631,0.636,0.626,65817700,41451050
2024-03-11,0.631,0.647,0.648,0.630,73605900,47002261
2024-03-12,0.647,0.658,0.660,0.647,81486500,53467181
2024-03-13,0.659,0.655,0.659,0.650,59115800,38645261
2024-03-14,0.670,0.655,0.676,0.652,97952600,64888426
2024-03-15,0.653,0.656,0.663,0.648,69051000,45179397
2024-03-18,0.658,0.662,0.662,0.648,66508300,43597512
2024-03-19,0.660,0.652,0.660,0.652,50990400,33465884
2024-03-20,0.651,0.650,0.654,0.646,66116400,42951594
2024-03-21,0.650,0.645,0.652,0.645,66954800,43367476
2024-03-22,0.646,0.636,0.646,0.631,94456631,60064262
2024-03-25,0.636,0.631,0.640,0.630,85964800,54651457
2024-03-26,0.630,0.628,0.632,0.624,57417600,35992694
2024-03-27,0.629,0.621,0.631,0.620,102030100,63957215
2024-03-28,0.620,0.623,0.629,0.617,77098300,48110749
2024-03-29,0.624,0.622,0.624,0.617,61389300,38051833
2024-04-01,0.625,0.633,0.633,0.624,69456100,43697474
2024-04-02,0.633,0.625,0.634,0.623,58917400,36879765
2024-04-03,0.625,0.625,0.628,0.622,68113400,42566933
2024-04-08,0.625,0.613,0.625,0.612,86108484,53035873
2024-04-09,0.614,0.621,0.623,0.608,259640700,160809491
2024-04-10,0.622,0.614,0.622,0.612,74124700,45624689
2024-04-11,0.614,0.612,0.616,0.609,61364600,37592221
2024-04-12,0.611,0.608,0.615,0.606,64048900,39059176
2024-04-15,0.607,0.612,0.618,0.605,73319700,44926921
2024-04-16,0.612,0.604,0.614,0.603,63918400,38870008
2024-04-17,0.603,0.613,0.613,0.602,68917200,42001079
2024-04-18,0.611,0.609,0.619,0.608,59752600,36662536
2024-04-19,0.609,0.605,0.609,0.601,61170300,36996263
2024-04-22,0.602,0.609,0.615,0.602,49212200,30043752
2024-04-23,0.610,0.615,0.616,0.602,84356000,51428583
2024-04-24,0.615,0.613,0.616,0.608,56176300,34329071
2024-04-25,0.611,0.619,0.623,0.610,237615800,146589357
2024-04-26,0.617,0.629,0.630,0.615,84096000,52622724
2024-04-29,0.631,0.641,0.645,0.629,73446700,46945808
2024-04-30,0.640,0.642,0.646,0.638,53168000,34160060
2024-05-06,0.648,0.659,0.661,0.647,85680300,56205260
2024-05-07,0.658,0.659,0.661,0.655,57587500,37928330
2024-05-08,0.659,0.653,0.662,0.652,75283000,49313710
2024-05-09,0.653,0.660,0.663,0.651,76815300,50603943
2024-05-10,0.660,0.654,0.662,0.653,69436200,45515059
2024-05-13,0.656,0.652,0.659,0.649,84953800,55549793
2024-05-14,0.651,0.659,0.662,0.651,62227900,41031815
2024-05-15,0.657,0.649,0.661,0.649,52342500,34180350
2024-05-16,0.650,0.647,0.653,0.644,71694155,46465767
2024-05-17,0.646,0.645,0.650,0.639,67885300,43624110
2024-05-20,0.646,0.646,0.648,0.642,52966000,34167447
2024-05-21,0.646,0.640,0.646,0.638,50296000,32258530
2024-05-22,0.640,0.638,0.643,0.635,57674600,36769346
2024-05-23,0.638,0.630,0.638,0.628,60010600,37899731
2024-05-24,0.629,0.624,0.633,0.623,68614400,43022660
2024-05-27,0.624,0.627,0.627,0.617,69240200,43076821
2024-05-28,0.627,0.621,0.627,0.619,64699900,40272572
2024-05-29,0.620,0.620,0.623,0.618,39030000,24216176
2024-05-30,0.619,0.620,0.624,0.615,63505800,39278346
2024-05-31,0.620,0.618,0.625,0.617,50687400,31403041
2024-06-03,0.619,0.613,0.620,0.610,54412000,33426793
2024-06-04,0.614,0.626,0.627,0.613,67429700,41890676
2024-06-05,0.623,0.625,0.631,0.620,50777600,31842488
2024-06-06,0.627,0.618,0.627,0.616,51694600,32086791
2024-06-07,0.618,0.613,0.622,0.611,40358500,24800971
2024-06-11,0.611,0.620,0.620,0.609,54799100,33637511
2024-06-12,0.620,0.618,0.622,0.615,35390300,21875728
2024-06-13,0.618,0.611,0.621,0.609,41798300,25603648
2024-06-14,0.613,0.607,0.613,0.600,73344100,44321854
2024-06-17,0.605,0.607,0.608,0.604,38282300,23187963
2024-06-18,0.606,0.601,0.608,0.600,60429000,36500772
2024-06-19,0.602,0.596,0.603,0.595,66016700,39463945
2024-06-20,0.596,0.587,0.599,0.585,65451500,38652962
2024-06-21,0.587,0.587,0.590,0.582,41531100,24328186
2024-06-24,0.586,0.578,0.586,0.577,42476800,24654614
2024-06-25,0.578,0.576,0.581,0.572,59735400,34407321
2024-06-26,0.577,0.584,0.585,0.573,57183900,33125673
2024-06-27,0.583,0.574,0.584,0.573,42807100,24624806
2024-06-28,0.573,0.570,0.578,0.567,54744100,31335677
2024-07-01,0.571,0.573,0.574,0.562,67028500,38040502
2024-07-02,0.574,0.566,0.574,0.564,51619400,29256030
2024-07-03,0.568,0.561,0.568,0.559,36498500,20508578
2024-07-04,0.561,0.552,0.561,0.550,53834900,29831119
2024-07-05,0.552,0.567,0.568,0.548,56632700,31539693
2024-07-08,0.568,0.553,0.568,0.551,61658200,34245031
2024-07-09,0.553,0.555,0.557,0.544,69421800,38119364
2024-07-10,0.553,0.555,0.560,0.550,31612600,17558931
2024-07-11,0.560,0.567,0.569,0.556,64795300,36585804
2024-07-12,0.569,0.568,0.572,0.565,61221400,34776660
2024-07-15,0.569,0.563,0.570,0.560,50078500,28221195
2024-07-16,0.562,0.563,0.565,0.560,39274300,22098079
2024-07-17,0.564,0.573,0.575,0.562,57288589,32552372
2024-07-18,0.572,0.578,0.579,0.569,54229200,31181541
2024-07-19,0.576,0.581,0.583,0.575,51465400,29823757
2024-07-22,0.581,0.584,0.588,0.577,56945900,33246510
2024-07-23,0.584,0.564,0.584,0.564,67159900,38419717
2024-07-24,0.562,0.558,0.568,0.556,48972600,27479136
2024-07-25,0.557,0.558,0.561,0.552,53679400,29920538
2024-07-26,0.558,0.558,0.560,0.552,59760300,33249329
2024-07-29,0.558,0.548,0.559,0.548,69061500,38139045
2024-07-30,0.548,0.546,0.551,0.543,57722988,31488269
2024-07-31,0.545,0.572,0.572,0.544,87245435,49040972
2024-08-01,0.573,0.566,0.576,0.564,71284100,40558561
2024-08-02,0.566,0.572,0.581,0.564,51935100,29810679
2024-08-05,0.572,0.569,0.584,0.569,81846300,47101028
2024-08-06,0.574,0.577,0.580,0.571,72270800,41562667
2024-08-07,0.578,0.572,0.578,0.570,48785100,27991976
2024-08-08,0.572,0.576,0.582,0.572,59800400,34487770
2024-08-09,0.574,0.567,0.580,0.567,56305700,32148893
2024-08-12,0.569,0.575,0.579,0.565,69385400,39822541
2024-08-13,0.574,0.570,0.575,0.564,69023200,39164135
2024-08-14,0.569,0.561,0.569,0.559,46765600,26310017
2024-08-15,0.559,0.565,0.570,0.559,49213900,27781357
2024-08-16,0.565,0.565,0.566,0.558,39906800,22447913
2024-08-19,0.567,0.561,0.570,0.560,43022900,24224539
2024-08-20,0.561,0.553,0.561,0.550,67667500,37437729
2024-08-21,0.553,0.549,0.554,0.547,52034700,28624719
2024-08-22,0.551,0.545,0.552,0.544,49224000,26878385
2024-08-23,0.544,0.543,0.546,0.540,44459000,24120622
2024-08-26,0.540,0.538,0.543,0.535,46277600,24869984
2024-08-27,0.538,0.538,0.542,0.535,33705900,18122385
2024-08-28,0.539,0.537,0.540,0.535,35438900,19030661
2024-08-29,0.538,0.544,0.546,0.534,50463700,27366676
2024-08-30,0.545,0.550,0.557,0.542,66524135,36690039
2024-09-02,0.550,0.540,0.550,0.538,51193200,27746912
2024-09-03,0.539,0.544,0.549,0.536,35428400,19269530
2024-09-04,0.544,0.545,0.551,0.541,39928500,21822569
2024-09-05,0.545,0.549,0.552,0.545,50709400,27871647
2024-09-06,0.549,0.540,0.551,0.540,51486500,28018078
2024-09-09,0.542,0.541,0.546,0.538,38977400,21125203
2024-09-10,0.537,0.535,0.541,0.530,55530800,29620324
2024-09-11,0.534,0.537,0.539,0.530,43685800,23427221
2024-09-12,0.537,0.531,0.543,0.530,44052900,23561599
2024-09-13,0.531,0.527,0.531,0.525,44919600,23722843
2024-09-18,0.527,0.525,0.527,0.521,51090200,26778825
2024-09-19,0.526,0.530,0.534,0.520,39175800,20690410
2024-09-20,0.530,0.523,0.530,0.519,56143500,29319279
2024-09-23,0.526,0.519,0.530,0.519,46770000,24463144
2024-09-24,0.521,0.536,0.538,0.518,108252700,57167586
2024-09-25,0.542,0.543,0.554,0.541,82376400,45070682
2024-09-26,0.544,0.569,0.569,0.538,99376600,54778607
2024-09-27,0.573,0.615,0.617,0.573,121055000,71977314
2024-09-30,0.636,0.677,0.677,0.628,216226301,141770838
2024-10-08,0.745,0.743,0.745,0.690,322480204,235623312
2024-10-09,0.728,0.670,0.728,0.669,182391600,126187149
2024-10-10,0.668,0.666,0.692,0.659,128193400,86406219
2024-10-11,0.665,0.634,0.665,0.628,105492900,67594899
2024-10-14,0.634,0.641,0.643,0.623,84291900,53418505
2024-10-15,0.640,0.625,0.646,0.623,77649500,49277804
2024-10-16,0.616,0.615,0.624,0.612,76924116,47569609
2024-10-17,0.618,0.612,0.625,0.611,67462500,41655917
2024-10-18,0.611,0.633,0.650,0.607,211686500,131233751
2024-10-21,0.635,0.638,0.646,0.625,87316200,55535448
2024-10-22,0.637,0.644,0.647,0.635,62825100,40349604
2024-10-23,0.642,0.644,0.649,0.638,69648000,44807092
2024-10-24,0.643,0.637,0.646,0.635,54163800,34640147
2024-10-25,0.638,0.645,0.649,0.630,88289700,56541153
2024-10-28,0.646,0.652,0.652,0.640,68081260,44082177
2024-10-29,0.653,0.638,0.656,0.636,84021201,54052578
2024-10-30,0.635,0.630,0.642,0.626,74071400,46793174
2024-10-31,0.630,0.628,0.635,0.624,49655400,31213845
2024-11-01,0.628,0.628,0.636,0.624,61804800,38952622
2024-11-04,0.628,0.636,0.636,0.628,32387500,20499914
2024-11-05,0.632,0.649,0.650,0.630,86672100,55769258
2024-11-06,0.647,0.647,0.657,0.643,79198700,51467532
2024-11-07,0.646,0.668,0.668,0.641,115066702,75725192
2024-11-08,0.683,0.666,0.684,0.660,103471300,69174789
2024-11-11,0.660,0.669,0.669,0.653,86089700,57014430
2024-11-12,0.670,0.675,0.693,0.668,147017000,100150932
2024-11-13,0.675,0.668,0.680,0.662,90420500,60482768
2024-11-14,0.669,0.650,0.669,0.650,78377600,51745970
2024-11-15,0.650,0.641,0.653,0.639,81043000,52420520
2024-11-18,0.641,0.631,0.644,0.628,80671300,51363821
2024-11-19,0.635,0.636,0.638,0.625,69741800,44098547
2024-11-20,0.639,0.653,0.656,0.635,102694500,66693533
2024-11-21,0.653,0.650,0.654,0.645,66926300,43483479
2024-11-22,0.649,0.625,0.649,0.624,73874700,46910004
2024-11-25,0.625,0.622,0.630,0.616,66577300,41473204
2024-11-26,0.621,0.624,0.632,0.620,66585100,41737021
2024-11-27,0.624,0.635,0.636,0.619,79177900,49639356
2024-11-28,0.636,0.628,0.637,0.628,57523700,36347595
2024-11-29,0.631,0.639,0.645,0.628,71058200,45320322
2024-12-02,0.639,0.645,0.647,0.637,83471500,53752266
2024-12-03,0.645,0.642,0.646,0.639,56282300,36147812
2024-12-04,0.643,0.634,0.643,0.632,51598900,32874951
2024-12-05,0.632,0.632,0.635,0.629,56636200,35782813
2024-12-06,0.632,0.645,0.649,0.631,64219300,41205571
2024-12-09,0.649,0.645,0.654,0.642,55207600,35685676
2024-12-10,0.662,0.644,0.663,0.643,68260200,44532058
2024-12-11,0.645,0.646,0.648,0.642,29012200,18738814
2024-12-12,0.644,0.652,0.652,0.643,46898200,30412289
2024-12-13,0.647,0.638,0.649,0.637,53529400,34380542
2024-12-16,0.636,0.631,0.637,0.628,51846300,32734001
2024-12-17,0.631,0.627,0.633,0.625,44307300,27849466
2024-12-18,0.629,0.628,0.630,0.626,34663900,21780841
2024-12-19,0.626,0.626,0.627,0.621,42389300,26457914
2024-12-20,0.626,0.627,0.631,0.625,31508500,19784749
2024-12-23,0.630,0.621,0.630,0.620,42125600,26236926
2024-12-24,0.621,0.627,0.627,0.620,38933000,24302231
2024-12-25,0.629,0.623,0.631,0.620,61474500,38343664
2024-12-26,0.622,0.620,0.623,0.618,31868400,19768209
2024-12-27,0.618,0.621,0.625,0.617,46510900,28888383
2024-12-30,0.622,0.620,0.625,0.619,42885500,26649198
2024-12-31,0.622,0.612,0.622,0.610,77500200,47611622
2025-01-02,0.610,0.595,0.612,0.591,108106034,65064380
2025-01-03,0.595,0.590,0.600,0.587,89630000,53342159
2025-01-06,0.590,0.594,0.599,0.590,61235800,36373795
2025-01-07,0.595,0.586,0.595,0.580,61975800,36190561
2025-01-08,0.584,0.581,0.586,0.572,65847600,38077432
2025-01-09,0.580,0.578,0.583,0.575,34939800,20255194
2025-01-10,0.578,0.572,0.580,0.571,75716000,43559611
2025-01-13,0.570,0.573,0.576,0.569,40835800,23346387
2025-01-14,0.574,0.588,0.589,0.571,55411600,32308254
2025-01-15,0.588,0.583,0.588,0.581,27241900,15862399
2025-01-16,0.585,0.581,0.591,0.579,56099000,32688452
2025-01-17,0.580,0.581,0.586,0.577,46922800,27258166
2025-01-20,0.583,0.589,0.595,0.583,55353420,32714775
2025-01-21,0.593,0.588,0.593,0.584,41813100,24564203
2025-01-22,0.588,0.584,0.588,0.580,40927500,23865762
2025-01-23,0.586,0.583,0.593,0.583,63632400,37330216
2025-01-24,0.583,0.586,0.589,0.581,50107500,29332922
2025-01-27,0.587,0.587,0.592,0.586,57594900,33901328
2025-02-05,0.590,0.586,0.590,0.584,34902100,20482101
2025-02-06,0.587,0.594,0.594,0.583,43996400,25935413
2025-02-07,0.594,0.602,0.607,0.592,71465000,42921107
2025-02-10,0.604,0.609,0.610,0.600,59711910,36158728
2025-02-11,0.609,0.603,0.610,0.600,71686500,43255103
2025-02-12,0.603,0.604,0.605,0.598,36602600,22023229
2025-02-13,0.601,0.604,0.607,0.601,45814500,27707279
2025-02-14,0.604,0.616,0.619,0.602,96688300,59287761
2025-02-17,0.621,0.617,0.627,0.614,137759400,85503128
2025-02-18,0.617,0.609,0.620,0.605,71648300,43827702
2025-02-19,0.610,0.612,0.615,0.603,75973100,46290472
2025-02-20,0.611,0.622,0.627,0.610,79290300,49278589
2025-02-21,0.624,0.630,0.631,0.618,87961100,55102477
2025-02-24,0.630,0.623,0.631,0.620,65637500,41046071
2025-02-25,0.620,0.615,0.620,0.613,61871400,38190722
2025-02-26,0.616,0.621,0.622,0.613,64503100,39847116
2025-02-27,0.623,0.623,0.626,0.617,54072300,33634734
2025-02-28,0.623,0.610,0.627,0.609,65242200,40133196
2025-03-03,0.612,0.615,0.622,0.610,44071600,27151543
2025-03-04,0.611,0.616,0.617,0.608,39400500,24152771
2025-03-05,0.615,0.611,0.616,0.607,53967600,32902518
2025-03-06,0.612,0.621,0.622,0.612,65491200,40492451
2025-03-07,0.622,0.614,0.622,0.612,46980500,28926922
2025-03-10,0.618,0.616,0.622,0.612,43717100,26928201
2025-03-11,0.608,0.617,0.617,0.608,34998800,21483586
2025-03-12,0.617,0.614,0.621,0.613,55204802,34011635
2025-03-13,0.614,0.612,0.616,0.608,52051900,31797123
2025-03-14,0.613,0.624,0.625,0.611,62842500,39041063
2025-03-17,0.628,0.626,0.630,0.622,70372100,44054935
2025-03-18,0.628,0.632,0.637,0.627,132030600,83639028
2025-03-19,0.631,0.632,0.635,0.629,61599400,38904197
2025-03-20,0.632,0.626,0.632,0.624,48007700,30113085
2025-03-21,0.625,0.617,0.627,0.614,77267000,47864376
2025-03-24,0.617,0.614,0.618,0.609,46360600,28377549
2025-03-25,0.614,0.616,0.617,0.612,37319700,22941728
2025-03-26,0.618,0.615,0.620,0.614,52443400,32305547
2025-03-27,0.614,0.628,0.629,0.610,60881200,37894924
2025-03-28,0.626,0.626,0.635,0.625,58478900,36849607
2025-03-31,0.625,0.619,0.629,0.616,45638700,28332786
2025-04-01,0.620,0.639,0.643,0.620,92280500,58788625
2025-04-02,0.638,0.633,0.640,0.631,40533900,25743058
2025-04-03,0.629,0.632,0.638,0.628,40643900,25696208
2025-04-07,0.610,0.581,0.620,0.571,129366596,76833359
2025-04-08,0.589,0.590,0.595,0.581,108536100,63658922
2025-04-09,0.583,0.590,0.591,0.568,66109000,38304274
2025-04-10,0.599,0.600,0.607,0.593,50909000,30591948
2025-04-11,0.599,0.601,0.604,0.594,39727400,23839600
2025-04-14,0.602,0.604,0.610,0.602,317402478,192310461
2025-04-15,0.604,0.603,0.605,0.599,38442900,23122817
2025-04-16,0.602,0.600,0.602,0.592,53373700,31805858
2025-04-17,0.597,0.598,0.602,0.596,81067100,48552123
2025-04-18,0.599,0.598,0.602,0.594,30314800,18086001
2025-04-21,0.594,0.604,0.605,0.592,52973600,31828307
2025-04-22,0.602,0.608,0.611,0.601,53208100,32281724
2025-04-23,0.609,0.604,0.612,0.603,35983400,21853895
2025-04-24,0.605,0.605,0.611,0.603,26949200,16335596
2025-04-25,0.608,0.604,0.610,0.601,29468700,17794038
2025-04-28,0.602,0.602,0.603,0.596,44141400,26495551
2025-04-29,0.602,0.603,0.606,0.600,25585100,15425957
2025-04-30,0.603,0.610,0.610,0.602,34021400,20696128
2025-05-06,0.611,0.613,0.614,0.608,32313300,19777266
2025-05-07,0.616,0.610,0.620,0.607,49372424,30174711
2025-05-08,0.610,0.611,0.614,0.609,39714700,24289038
2025-05-09,0.612,0.613,0.616,0.611,37794800,23162221
2025-05-12,0.612,0.609,0.613,0.604,37900500,23056853
2025-05-13,0.612,0.615,0.618,0.612,116779900,71956214
2025-05-14,0.615,0.619,0.621,0.613,59575300,36689006
2025-05-15,0.620,0.618,0.621,0.617,33730600,20867390
2025-05-16,0.620,0.620,0.621,0.614,32823200,20301735
2025-05-19,0.619,0.618,0.620,0.615,18276300,11284411
2025-05-20,0.620,0.628,0.630,0.620,52138700,32686884
2025-05-21,0.628,0.633,0.636,0.626,43783700,27664953
2025-05-22,0.633,0.630,0.633,0.628,38782600,24432627
2025-05-23,0.630,0.629,0.639,0.629,43698600,27720981
2025-05-26,0.629,0.622,0.632,0.621,41739600,26095339
2025-05-27,0.622,0.628,0.629,0.622,34219400,21426210
2025-05-28,0.627,0.626,0.630,0.625,32188400,20187751
2025-05-29,0.625,0.638,0.639,0.625,104614500,66588674
2025-05-30,0.637,0.641,0.646,0.636,81720600,52315961
2025-06-03,0.639,0.646,0.648,0.637,69066800,44581596
2025-06-04,0.646,0.651,0.652,0.643,47778000,31024123
2025-06-05,0.652,0.646,0.653,0.642,35706000,23051135
2025-06-06,0.645,0.643,0.647,0.640,31715600,20355527
2025-06-09,0.643,0.652,0.660,0.643,60660500,39746154
2025-06-10,0.652,0.653,0.659,0.649,63843900,41754645
2025-06-11,0.653,0.652,0.659,0.651,45034100,29411676
2025-06-12,0.652,0.660,0.662,0.650,57848900,38033522
2025-06-13,0.660,0.649,0.664,0.648,52053100,34165079
2025-06-16,0.649,0.646,0.653,0.644,93236100,60294142
2025-06-17,0.648,0.635,0.652,0.633,62465000,40018279
2025-06-18,0.634,0.631,0.634,0.628,40569700,25587976
2025-06-19,0.631,0.623,0.633,0.622,53178200,33321481
2025-06-20,0.625,0.624,0.627,0.623,28594300,17853151
2025-06-23,0.624,0.627,0.628,0.618,51553600,32122879
2025-06-24,0.628,0.633,0.634,0.627,30782500,19435726
2025-06-25,0.634,0.637,0.638,0.629,43143400,27356310
2025-06-26,0.636,0.631,0.636,0.629,42638200,26899161
2025-06-27,0.630,0.631,0.633,0.628,65650713,41392035
2025-06-30,0.631,0.636,0.636,0.627,142436700,90230231
2025-07-01,0.634,0.642,0.644,0.634,39593500,25344667
2025-07-02,0.642,0.637,0.645,0.636,171065300,109215962
2025-07-03,0.637,0.644,0.645,0.637,40587025,26068708
2025-07-04,0.644,0.645,0.651,0.642,43458410,28084805
2025-07-07,0.645,0.639,0.648,0.637,34189000,21908057
2025-07-08,0.639,0.641,0.645,0.637,28061200,17962650
2025-07-09,0.641,0.644,0.649,0.637,36346100,23406420
2025-07-10,0.644,0.648,0.651,0.644,30832200,19982504
2025-07-11,0.648,0.655,0.660,0.648,74290100,48743581
2025-07-14,0.655,0.657,0.658,0.653,37132400,24353646
2025-07-15,0.656,0.659,0.660,0.651,48007386,31453872
2025-07-16,0.658,0.663,0.663,0.657,42784525,28278001
2025-07-17,0.663,0.672,0.673,0.661,66052200,44123252
2025-07-18,0.672,0.680,0.680,0.671,52343900,35322580
2025-07-21,0.680,0.678,0.680,0.671,64092500,43320841
2025-07-22,0.676,0.680,0.687,0.675,66145600,45083666
2025-07-23,0.679,0.681,0.690,0.679,61563435,42140982
2025-07-24,0.680,0.695,0.698,0.680,83376399,57632751
2025-07-25,0.695,0.693,0.704,0.692,84007100,58510298
2025-07-28,0.696,0.706,0.707,0.696,81438000,57217039
2025-07-29,0.711,0.718,0.722,0.702,493363500,354201061
2025-07-30,0.717,0.719,0.730,0.713,97106800,70070716
2025-07-31,0.717,0.710,0.723,0.706,95482500,68255414
2025-08-01,0.708,0.706,0.722,0.702,58871600,41715234
2025-08-04,0.702,0.707,0.707,0.691,76725700,53551881
2025-08-05,0.707,0.709,0.713,0.703,57950500,41017948
2025-08-06,0.710,0.708,0.715,0.705,74547600,52820149
2025-08-07,0.707,0.702,0.713,0.700,245268600,172651299
2025-08-08,0.701,0.701,0.704,0.693,143137800,100270721
2025-08-11,0.699,0.706,0.708,0.699,56957900,40066487
2025-08-12,0.706,0.706,0.712,0.701,261738300,184790426
2025-08-13,0.707,0.719,0.721,0.706,541169600,387578539
2025-08-14,0.720,0.713,0.725,0.712,70788200,50871800
2025-08-15,0.710,0.719,0.722,0.710,213598400,153649949
2025-08-18,0.719,0.723,0.725,0.718,82682900,59652122
2025-08-19,0.722,0.715,0.735,0.715,191707900,139454479
2025-08-20,0.714,0.720,0.720,0.706,352051300,252771728
2025-08-21,0.720,0.725,0.730,0.720,76542500,55542108
2025-08-22,0.725,0.731,0.731,0.722,45229800,32847607
2025-08-25,0.732,0.744,0.745,0.730,289389900,214557598
2025-08-26,0.745,0.739,0.746,0.737,59906900,44408482
2025-08-27,0.739,0.723,0.744,0.722,112258900,82312176
2025-08-28,0.721,0.721,0.726,0.702,60516500,43279897
2025-08-29,0.721,0.735,0.740,0.720,64911100,47409844
2025-09-01,0.735,0.757,0.758,0.735,102162200,76652983
2025-09-02,0.760,0.754,0.770,0.748,69804500,52991717
2025-09-03,0.754,0.753,0.765,0.751,78677100,59543846
2025-09-04,0.754,0.731,0.760,0.722,84117800,61861170
2025-09-05,0.732,0.754,0.757,0.727,72712800,54243194
2025-09-08,0.754,0.768,0.771,0.754,80497200,61653433
2025-09-09,0.768,0.755,0.775,0.751,49499400,37731552
2025-09-10,0.755,0.751,0.761,0.747,27690500,20851700
2025-09-11,0.740,0.750,0.751,0.720,491655000,367136714
2025-09-12,0.760,0.751,0.760,0.744,140830400,105883963
2025-09-15,0.751,0.749,0.755,0.748,38896600,29180486
2025-09-16,0.749,0.747,0.751,0.740,225876500,168806058
2025-09-17,0.747,0.748,0.752,0.742,43370746,32419308
2025-09-18,0.750,0.745,0.761,0.739,76114050,57168356
2025-09-19,0.744,0.737,0.750,0.733,84139451,62209049
2025-09-22,0.740,0.738,0.749,0.732,229655950,169277522
2025-09-23,0.736,0.725,0.737,0.715,64072300,46349010
2025-09-24,0.725,0.734,0.736,0.724,36303554,26532966
2025-09-25,0.737,0.741,0.744,0.737,52207900,38726737
2025-09-26,0.735,0.728,0.738,0.727,135933600,99180397
2025-09-29,0.728,0.729,0.732,0.715,46982500,33946947
2025-09-30,0.730,0.742,0.742,0.729,35114400,25856498
2025-10-09,0.744,0.743,0.744,0.731,33438200,24707364
2025-10-10,0.742,0.730,0.742,0.727,41061400,30148289
2025-10-13,0.707,0.714,0.729,0.707,78966700,56485305
2025-10-14,0.715,0.703,0.721,0.699,91182800,64436646
2025-10-15,0.704,0.713,0.715,0.699,118184940,83805804
2025-10-16,0.713,0.717,0.724,0.710,36711500,26372599
2025-10-17,0.716,0.703,0.719,0.701,40065100,28356554
2025-10-20,0.703,0.703,0.709,0.700,30023900,21145599
2025-10-21,0.704,0.710,0.712,0.704,281504200,199602217
2025-10-22,0.708,0.705,0.715,0.704,49820300,35291393
2025-10-23,0.703,0.703,0.706,0.695,32906700,23011300
2025-10-24,0.703,0.706,0.711,0.702,26240000,18525939
2025-10-27,0.711,0.713,0.717,0.709,45975400,32768204
2025-10-28,0.711,0.704,0.711,0.702,32429700,22889542
2025-10-29,0.704,0.708,0.708,0.697,32690200,22957538
2025-10-30,0.706,0.694,0.706,0.693,43544800,30384399
2025-10-31,0.695,0.706,0.709,0.693,37657200,26464152
2025-11-03,0.708,0.702,0.710,0.698,42070300,29539395
2025-11-04,0.703,0.689,0.703,0.686,52656604,36406859
2025-11-05,0.684,0.690,0.694,0.684,31116900,21412880
2025-11-06,0.692,0.692,0.692,0.686,26569800,18301157
2025-11-07,0.690,0.689,0.692,0.687,20775500,14313695
2025-11-10,0.691,0.698,0.698,0.687,35246100,24426753
2025-11-11,0.698,0.695,0.698,0.691,39393600,27325068
2025-11-12,0.695,0.699,0.704,0.695,29751400,20819125
2025-11-13,0.699,0.707,0.708,0.698,139229900,98357247
2025-11-14,0.706,0.700,0.711,0.700,324205800,229179467
2025-11-17,0.700,0.690,0.702,0.687,56042700,38748411
2025-11-18,0.690,0.688,0.693,0.684,32356600,22276205
2025-11-19,0.688,0.682,0.688,0.680,36184300,24719022
2025-11-20,0.682,0.678,0.686,0.677,38358600,26114157
2025-11-21,0.676,0.665,0.681,0.662,69931200,46727790
2025-11-24,0.665,0.670,0.673,0.665,47971600,32128404
2025-11-25,0.673,0.673,0.678,0.670,25316800,17094280
2025-11-26,0.673,0.676,0.684,0.673,86076800,58565972
2025-11-27,0.676,0.674,0.677,0.671,27750400,18707162
2025-11-28,0.674,0.675,0.675,0.670,27067900,18206061
2025-12-01,0.674,0.678,0.678,0.672,51822602,34937379
2025-12-02,0.676,0.668,0.677,0.666,235654300,157322849
2025-12-03,0.668,0.665,0.670,0.663,187061000,124364383
2025-12-04,0.667,0.668,0.669,0.663,27394000,18256638
2025-12-05,0.668,0.670,0.671,0.662,38723300,25870493
2025-12-08,0.673,0.671,0.677,0.670,23839400,16029524
2025-12-09,0.671,0.667,0.676,0.667,25242500,16936657
2025-12-10,0.667,0.669,0.670,0.660,220291200,146894219
2025-12-11,0.670,0.665,0.672,0.664,36031700,24062379
2025-12-12,0.663,0.667,0.668,0.660,108596900,72183591
2025-12-15,0.666,0.660,0.666,0.659,160534100,106309592
2025-12-16,0.658,0.649,0.661,0.648,217457000,141476183
2025-12-17,0.650,0.659,0.660,0.647,50900000,33222150
2025-12-18,0.659,0.658,0.662,0.656,25264400,16664633
2025-12-19,0.659,0.664,0.669,0.658,29842100,19853991
2025-12-22,0.665,0.663,0.666,0.661,32340700,21466275
2025-12-23,0.663,0.661,0.665,0.659,43709500,28902596
2025-12-24,0.661,0.661,0.663,0.658,37889200,25025720
2025-12-25,0.660,0.664,0.665,0.659,18758600,12413077
2025-12-26,0.665,0.663,0.666,0.660,45501900,30177600
2025-12-29,0.661,0.657,0.663,0.655,34021462,22383112
2025-12-30,0.654,0.652,0.655,0.650,25086600,16362035
2025-12-31,0.652,0.649,0.658,0.647,32005355,20788094
2026-01-05,0.649,0.673,0.674,0.649,57849900,38456846
2026-01-06,0.675,0.679,0.679,0.671,113567600,76793980
2026-01-07,0.680,0.681,0.686,0.678,64423400,43971810
2026-01-08,0.685,0.683,0.687,0.679,144903031,98848131
2026-01-09,0.681,0.693,0.693,0.681,204419000,141144333
2026-01-12,0.694,0.697,0.699,0.690,83843500,58210825
2026-01-13,0.699,0.704,0.717,0.699,188345100,133089650
2026-01-14,0.709,0.699,0.717,0.693,116288200,82090413
2026-01-15,0.696,0.694,0.704,0.693,278744300,193752248
2026-01-16,0.695,0.687,0.699,0.684,189486300,130113117
2026-01-19,0.686,0.683,0.688,0.680,37947600,25944025
2026-01-20,0.682,0.678,0.685,0.674,352125000,237662239
2026-01-21,0.675,0.675,0.683,0.673,463441574,312560549
2026-01-22,0.676,0.671,0.678,0.669,39229300,26343932
2026-01-23,0.672,0.677,0.680,0.672,83454900,56557876
2026-01-26,0.680,0.678,0.681,0.669,55155700,37282124
2026-01-27,0.679,0.668,0.679,0.663,48843400,32633680
2026-01-28,0.671,0.660,0.671,0.659,60623500,40138912
2026-01-29,0.660,0.669,0.669,0.654,72304861,47951804
2026-01-30,0.667,0.660,0.673,0.658,49962500,33119233
2026-02-02,0.656,0.643,0.660,0.642,87619500,56947320
2026-02-03,0.648,0.652,0.652,0.642,222785700,144716921
2026-02-04,0.649,0.658,0.660,0.647,65675800,42862132
2026-02-05,0.659,0.663,0.665,0.658,49373400,32689190
2026-02-06,0.662,0.662,0.666,0.657,31875900,21123071
2026-02-09,0.662,0.664,0.664,0.660,20568606,13625565
2026-02-10,0.665,0.669,0.672,0.661,38630400,25799969
2026-02-11,0.667,0.667,0.672,0.667,18572200,12421725
2026-02-12,0.668,0.665,0.672,0.665,22697800,15132080
2026-02-13,0.665,0.657,0.666,0.656,32261200,21343642
2026-02-24,0.661,0.657,0.662,0.655,35167800,23106305
2026-02-25,0.657,0.661,0.662,0.655,25869100,17044205
2026-02-26,0.660,0.655,0.661,0.652,30809900,20219916
2026-02-27,0.653,0.656,0.657,0.652,26511000,17350719
2026-03-02,0.652,0.643,0.652,0.639,97505400,62724294
2026-03-03,0.642,0.631,0.647,0.629,96084800,61284964
2026-03-04,0.629,0.623,0.631,0.619,72932400,45457973
2026-03-05,0.627,0.627,0.632,0.623,57830800,36236498
2026-03-06,0.626,0.640,0.641,0.624,41448002,26398594
2026-03-09,0.636,0.634,0.636,0.627,37618700,23735665
2026-03-10,0.634,0.646,0.647,0.634,48039602,30921707
2026-03-11,0.647,0.645,0.647,0.642,27988400,18037791
2026-03-12,0.644,0.641,0.645,0.637,23295400,14922048
2026-03-13,0.639,0.637,0.642,0.636,23282100,14881772
2026-03-16,0.636,0.641,0.643,0.634,25201300,16079415
2026-03-17,0.641,0.643,0.653,0.640,87651300,56544598
2026-03-18,0.643,0.645,0.646,0.638,27961300,17936962
2026-03-19,0.641,0.634,0.643,0.632,47304900,30119351
2026-03-20,0.633,0.629,0.641,0.626,36873700,23365839
2026-03-23,0.623,0.602,0.624,0.597,274107400,166883528
2026-03-24,0.606,0.615,0.616,0.606,68655800,41907961
2026-03-25,0.617,0.619,0.622,0.616,32952226,20406101
2026-03-26,0.620,0.611,0.627,0.609,63219200,39094973
2026-03-27,0.608,0.632,0.634,0.606,58586600,36567050
2026-03-30,0.628,0.638,0.640,0.625,76325100,48476642
2026-03-31,0.638,0.636,0.649,0.636,84691300,54286830
2026-04-01,0.643,0.659,0.659,0.638,260725700,170455790
2026-04-02,0.659,0.658,0.663,0.652,57970200,38130043
2026-04-03,0.656,0.644,0.656,0.643,54682500,35373378
2026-04-07,0.645,0.645,0.652,0.636,56230800,36296124
2026-04-08,0.652,0.656,0.657,0.645,139157700,91008007
2026-04-09,0.651,0.649,0.659,0.647,88292400,57491326
2026-04-10,0.648,0.652,0.659,0.648,154773000,100977810
2026-04-13,0.649,0.647,0.650,0.645,37612100,24350211
2026-04-14,0.649,0.649,0.650,0.640,134979400,87082710
2026-04-15,0.655,0.657,0.662,0.648,97101900,63576936
2026-04-16,0.658,0.657,0.660,0.651,95836259,62786363
2026-04-17,0.655,0.644,0.656,0.641,85035300,54804381
2026-04-20,0.642,0.644,0.645,0.639,392577200,251745438
2026-04-21,0.643,0.639,0.647,0.636,65773800,42079740
2026-04-22,0.638,0.642,0.643,0.636,72561100,46451015
2026-04-23,0.642,0.641,0.646,0.637,55656700,35685941
2026-04-24,0.637,0.639,0.644,0.633,50402400,32207256
2026-04-27,0.639,0.635,0.639,0.633,67437600,42860570
2026-04-28,0.642,0.644,0.655,0.642,83852600,54549835
2026-04-29,0.643,0.645,0.648,0.641,53200100,34303763
2026-04-30,0.645,0.642,0.648,0.640,26494700,17037995
2026-05-06,0.643,0.642,0.645,0.639,92921859,59582485
2026-05-07,0.641,0.643,0.647,0.640,34619641,22261226
2026-05-08,0.643,0.639,0.645,0.637,36398400,23256658
2026-05-11,0.638,0.648,0.649,0.632,71276950,45592285
2026-05-12,0.647,0.645,0.657,0.639,70462700,45527944
2026-05-13,0.645,0.641,0.647,0.638,51892200,33244699
2026-05-14,0.641,0.628,0.647,0.627,106318000,67210270
2026-05-15,0.627,0.623,0.632,0.619,55050600,34449294
2026-05-18,0.623,0.612,0.623,0.608,77635600,47582663
2026-05-19,0.613,0.614,0.618,0.608,41188700,25190666
2026-05-20,0.612,0.609,0.614,0.604,44221000,26916891
2026-05-21,0.609,0.613,0.626,0.609,73535000,45591460
2026-05-22,0.613,0.606,0.615,0.603,62022534,37638400
2026-05-25,0.606,0.603,0.608,0.598,46777900,28148988
2026-05-26,0.602,0.602,0.604,0.597,48445402,29067524
2026-05-27,0.600,0.601,0.604,0.590,133559400,79690701
2026-05-28,0.599,0.591,0.601,0.586,133614200,78949453
2026-05-29,0.590,0.601,0.607,0.589,79692700,47623990
2026-06-01,0.600,0.597,0.607,0.593,68896000,41180880
2026-06-02,0.595,0.589,0.595,0.586,61784200,36433108
2026-06-03,0.589,0.582,0.589,0.578,67941800,39513755
2026-06-04,0.581,0.572,0.581,0.570,68771900,39459811
2026-06-05,0.575,0.574,0.583,0.572,63784466,36803425
2026-06-08,0.573,0.563,0.574,0.556,93265066,52613331
2026-06-09,0.563,0.562,0.566,0.554,64912700,36287219
2026-06-10,0.561,0.567,0.569,0.558,69686800,39289216
2026-06-11,0.566,0.566,0.569,0.560,59912000,33778094
2026-06-12,0.565,0.577,0.579,0.561,77547900,44259482
2026-06-15,0.578,0.575,0.579,0.571,51186500,29406596
2026-06-16,0.576,0.567,0.576,0.564,49294800,27959773
2026-06-17,0.564,0.564,0.567,0.561,55559675,31276833
2026-06-18,0.562,0.570,0.578,0.559,69714045,39588436
2026-06-22,0.569,0.576,0.576,0.554,85522500,48160553
2026-06-23,0.575,0.579,0.591,0.573,102847400,60028072
2026-06-24,0.578,0.587,0.598,0.578,114882400,67935674
2026-06-25,0.583,0.588,0.592,0.572,86446300,50281294
2026-06-26,0.587,0.573,0.592,0.572,79876700,46365161
2026-06-29,0.573,0.610,0.610,0.564,149633100,88929957
2026-06-30,0.604,0.601,0.607,0.595,96973800,58248578
2026-07-01,0.598,0.621,0.621,0.583,148649300,89914397
2026-07-02,0.617,0.618,0.632,0.613,158629175,98494694
2026-07-03,0.619,0.631,0.633,0.615,114172900,71158412
2026-07-06,0.629,0.639,0.653,0.623,144276902,92522321
2026-07-07,0.633,0.614,0.633,0.612,108206300,67113026
2026-07-08,0.616,0.604,0.622,0.604,97823700,59943581
2026-07-09,0.602,0.614,0.622,0.599,89894800,54808433
2026-07-10,0.611,0.626,0.637,0.606,112909100,70619805
2026-07-13,0.627,0.623,0.631,0.619,82263700,51363356
2026-07-14,0.623,0.639,0.640,0.616,128719000,81112516
2026-07-15,0.637,0.660,0.673,0.635,281432600,186252067
2026-07-16,0.653,0.661,0.671,0.643,156063800,102866422
2026-07-17,0.660,0.629,0.662,0.626,140992100,90070709
2026-07-20,0.623,0.648,0.650,0.622,126928300,81205298
2026-07-21,0.646,0.649,0.650,0.633,163089400,104955670
2026-07-22,0.647,0.650,0.662,0.643,101694500,66451059
2026-07-23,0.647,0.648,0.654,0.638,78382000,50604187
2026-07-24,0.646,0.627,0.647,0.624,83360200,52811369
2026-07-27,0.622,0.639,0.643,0.622,76598500,48768520
2026-07-28,0.634,0.630,0.639,0.628,58300400,36805434
2026-07-29,0.631,0.642,0.645,0.631,73065300,46772850
2026-07-30,0.640,0.638,0.647,0.631,192896400,123035051
2026-07-31,0.637,0.645,0.646,0.633,59042000,37965073
2026-08-03,0.646,0.637,0.648,0.636,62985000,40334483
2026-08-04,0.644,0.652,0.658,0.641,171353500,112060868
2026-08-05,0.652,0.653,0.659,0.648,220774100,144455789
2026-08-06,0.659,0.645,0.659,0.644,105999100,68648811
2026-08-07,0.645,0.674,0.675,0.643,113338600,75253132
2026-08-10,0.681,0.685,0.696,0.676,134247510,92353748
2026-08-11,0.678,0.684,0.699,0.678,108614942,75016826
2026-08-12,0.683,0.682,0.693,0.679,128282500,87620424
2026-08-13,0.679,0.685,0.697,0.673,82415000,56495949
2026-08-14,0.685,0.678,0.691,0.671,73754500,50112187
2026-08-17,0.673,0.683,0.686,0.666,53300000,36143025
2026-08-18,0.680,0.680,0.683,0.672,54736768,37129562
2026-08-19,0.675,0.669,0.681,0.665,70236600,47170680
2026-08-20,0.680,0.687,0.698,0.677,134976400,93054480
2026-08-21,0.676,0.663,0.678,0.661,121005000,80841792
2026-08-24,0.659,0.642,0.663,0.638,76879200,49825043
2026-08-25,0.637,0.653,0.655,0.637,43834400,28425059
2026-08-26,0.653,0.654,0.662,0.653,58271500,38308313
2026-08-27,0.652,0.658,0.658,0.647,35573396,23197612
2026-08-28,0.657,0.652,0.657,0.650,35164200,22952839
2026-08-31,0.648,0.643,0.649,0.637,56741000,36369503
2026-09-01,0.642,0.646,0.647,0.640,46022500,29636981
2026-09-02,0.645,0.641,0.646,0.637,122374300,78602776
2026-09-03,0.640,0.644,0.646,0.639,28196600,18105980
2026-09-04,0.644,0.643,0.649,0.640,40600000,26213314
2026-09-07,0.643,0.641,0.643,0.638,36652400,23462499
2026-09-08,0.640,0.644,0.647,0.636,47559800,30507601
2026-09-09,0.640,0.636,0.642,0.634,39929800,25448456
2026-09-10,0.637,0.628,0.637,0.625,45810900,28799926
2026-09-11,0.625,0.617,0.627,0.612,64557100,39834986
2026-09-14,0.616,0.632,0.632,0.614,47424500,29591802
2026-09-15,0.630,0.626,0.633,0.625,23909800,15009586
2026-09-16,0.626,0.629,0.632,0.623,49779100,31238129
2026-09-17,0.629,0.630,0.635,0.626,207445500,130880034
2026-09-18,0.632,0.634,0.642,0.631,36872600,23443079
2026-09-21,0.636,0.655,0.655,0.636,79056200,51253884
2026-09-22,0.653,0.653,0.660,0.649,52100334,34042890
2026-09-23,0.652,0.654,0.659,0.651,41231200,26999211
2026-09-24,0.652,0.638,0.654,0.637,53696300,34589161
2026-09-28,0.638,0.636,0.643,0.633,52131900,33227471
2026-09-29,0.637,0.637,0.649,0.634,40112100,25698728
2026-09-30,0.637,0.657,0.660,0.636,63442200,41395890
