date,open,high,low,close,volume,turnover
2016-06-01,1.082,1.071,1.083,1.069,20024477,21539938
2016-06-02,1.071,1.070,1.071,1.064,17159800,18332252
2016-06-03,1.075,1.079,1.084,1.075,9434354,10183178
2016-06-06,1.079,1.077,1.080,1.069,8203142,8814998
2016-06-07,1.085,1.093,1.093,1.084,15082800,16430779
2016-06-08,1.094,1.096,1.098,1.090,14201800,15527059
2016-06-13,1.074,1.062,1.074,1.058,74343648,79273425
2016-06-14,1.062,1.066,1.070,1.062,91175853,97301465
2016-06-15,1.055,1.064,1.069,1.055,42380928,45055730
2016-06-16,1.063,1.042,1.063,1.040,30775999,32238113
2016-06-17,1.051,1.048,1.054,1.047,20227001,21244449
2016-06-20,1.056,1.068,1.071,1.055,110074000,116950105
2016-06-21,1.080,1.068,1.080,1.060,20289700,21709287
2016-06-22,1.068,1.084,1.085,1.068,16554600,17838761
2016-06-23,1.086,1.086,1.089,1.078,8790505,9526974
2016-06-24,1.074,1.049,1.093,1.035,74018000,78061992
2016-06-27,1.049,1.063,1.066,1.046,24206202,25627792
2016-06-28,1.053,1.063,1.063,1.050,27724153,29295127
2016-06-29,1.066,1.070,1.078,1.066,26655250,28568075
2016-06-30,1.081,1.089,1.092,1.081,32769408,35632721
2016-07-01,1.094,1.096,1.099,1.092,14417954,15793613
2016-07-04,1.100,1.112,1.117,1.097,17556250,19481712
2016-07-05,1.107,1.101,1.107,1.100,16820579,18547166
2016-07-06,1.088,1.084,1.088,1.079,21419400,23186851
2016-07-07,1.090,1.090,1.095,1.089,12477334,13626024
2016-07-08,1.092,1.086,1.092,1.085,10544537,11478026
2016-07-11,1.098,1.102,1.109,1.098,18892884,20854821
2016-07-12,1.114,1.116,1.119,1.108,21213660,23613801
2016-07-13,1.125,1.129,1.139,1.125,14096117,15930600
2016-07-14,1.128,1.137,1.138,1.127,10191633,11534775
2016-07-15,1.140,1.142,1.149,1.139,12295582,14058838
2016-07-18,1.146,1.154,1.154,1.145,15349201,17646099
2016-07-19,1.156,1.147,1.156,1.146,9460650,10863814
2016-07-20,1.145,1.158,1.160,1.144,11007768,12693361
2016-07-21,1.167,1.168,1.169,1.160,7532048,8775821
2016-07-22,1.160,1.157,1.161,1.154,9220341,10663051
2016-07-25,1.160,1.159,1.165,1.157,7823699,9070225
2016-07-26,1.160,1.176,1.180,1.157,8805923,10315948
2016-07-27,1.176,1.167,1.177,1.157,13050599,15234625
2016-07-28,1.165,1.166,1.169,1.158,7963500,9273281
2016-07-29,1.164,1.152,1.167,1.152,9693600,11224447
2016-08-01,1.156,1.163,1.167,1.156,10325700,12000712
2016-08-02,1.161,1.159,1.162,1.154,5527500,6392363
2016-08-03,1.152,1.141,1.152,1.138,11917700,13604082
2016-08-04,1.144,1.147,1.150,1.143,6469600,7417919
2016-08-05,1.157,1.168,1.171,1.151,12766200,14861905
2016-08-08,1.175,1.185,1.185,1.173,10102100,11922763
2016-08-09,1.183,1.179,1.184,1.177,98451350,116235478
2016-08-10,1.181,1.175,1.188,1.174,14647000,17321793
2016-08-11,1.172,1.187,1.192,1.172,16934800,20037000
2016-08-12,1.198,1.194,1.200,1.193,106554402,127342740
2016-08-15,1.197,1.202,1.207,1.194,35133137,42181351
2016-08-16,1.207,1.201,1.214,1.200,20070000,24191768
2016-08-17,1.205,1.203,1.208,1.201,10055800,12112284
2016-08-18,1.207,1.206,1.217,1.202,12760401,15446636
2016-08-19,1.215,1.211,1.215,1.202,16935500,20451850
2016-08-22,1.208,1.205,1.214,1.201,11475700,13832235
2016-08-23,1.210,1.210,1.214,1.206,8970400,10849805
2016-08-24,1.212,1.204,1.214,1.203,7353200,8879669
2016-08-25,1.204,1.207,1.213,1.200,7227033,8714270
2016-08-26,1.207,1.212,1.217,1.205,7822700,9485882
2016-08-29,1.211,1.207,1.212,1.206,4027400,4866023
2016-08-30,1.213,1.220,1.220,1.212,6936638,8438999
2016-08-31,1.220,1.218,1.225,1.216,7444900,9085989
2016-09-01,1.218,1.226,1.230,1.213,18354600,22434977
2016-09-02,1.227,1.231,1.239,1.224,15267817,18863176
2016-09-05,1.240,1.258,1.261,1.240,12032100,15089968
2016-09-06,1.261,1.268,1.273,1.253,20408117,25816865
2016-09-07,1.268,1.262,1.275,1.260,21791210,27588387
2016-09-08,1.265,1.270,1.270,1.261,9267000,11733175
2016-09-09,1.274,1.295,1.300,1.274,50004735,64593496
2016-09-12,1.268,1.253,1.272,1.249,46578635,58589598
2016-09-13,1.268,1.251,1.269,1.248,20334706,25600234
2016-09-14,1.238,1.242,1.250,1.233,25917402,32193102
2016-09-19,1.253,1.258,1.267,1.253,23308699,29363235
2016-09-20,1.256,1.255,1.257,1.252,12234999,15343172
2016-09-21,1.251,1.266,1.267,1.247,35544600,44691901
2016-09-22,1.278,1.265,1.284,1.258,32353840,41251635
2016-09-23,1.268,1.270,1.272,1.261,28513764,36123586
2016-09-26,1.266,1.248,1.266,1.246,18720961,23501001
2016-09-27,1.245,1.260,1.261,1.242,30520599,38211555
2016-09-28,1.255,1.251,1.257,1.245,13698253,17133044
2016-09-29,1.264,1.259,1.269,1.258,14782803,18696163
2016-09-30,1.252,1.243,1.252,1.240,18375600,22909389
2016-10-10,1.276,1.277,1.278,1.255,13724148,17461832
2016-10-11,1.281,1.259,1.287,1.255,21594392,27407577
2016-10-12,1.257,1.250,1.258,1.246,13276529,16607710
2016-10-13,1.251,1.244,1.254,1.239,21933740,27312553
2016-10-14,1.242,1.251,1.252,1.241,8735167,10888606
2016-10-17,1.250,1.242,1.250,1.238,16493392,20496877
2016-10-18,1.243,1.256,1.256,1.243,19541656,24452822
2016-10-19,1.259,1.255,1.260,1.253,9276341,11647918
2016-10-20,1.256,1.259,1.264,1.256,11203388,14126563
2016-10-21,1.257,1.258,1.261,1.255,5578600,7017954
2016-10-24,1.261,1.271,1.273,1.255,20373800,25818875
2016-10-25,1.272,1.275,1.278,1.272,9922184,12661208
2016-10-26,1.273,1.263,1.273,1.262,18049497,22831782
2016-10-27,1.263,1.251,1.263,1.247,9702903,12142212
2016-10-28,1.252,1.247,1.259,1.246,17625400,22081382
2016-10-31,1.246,1.244,1.247,1.237,14604060,18130739
2016-11-01,1.245,1.256,1.259,1.244,11173420,14025302
2016-11-02,1.249,1.235,1.249,1.234,15084579,18673945
2016-11-03,1.230,1.234,1.240,1.228,18438184,22771396
2016-11-04,1.234,1.228,1.236,1.225,14571400,17922829
2016-11-07,1.231,1.238,1.239,1.229,11445200,14129374
2016-11-08,1.246,1.240,1.249,1.238,11116706,13813434
2016-11-09,1.246,1.201,1.247,1.197,73865400,89489713
2016-11-10,1.227,1.248,1.253,1.227,120561042,150077414
2016-11-11,1.250,1.240,1.252,1.232,74838507,92574254
2016-11-14,1.237,1.225,1.241,1.218,187473763,229393054
2016-11-15,1.227,1.227,1.239,1.227,209340400,257968710
2016-11-16,1.231,1.233,1.239,1.231,12837300,15844343
2016-11-17,1.224,1.223,1.229,1.220,19381800,23730815
2016-11-18,1.223,1.225,1.230,1.221,19964618,24472981
2016-11-21,1.227,1.231,1.238,1.225,15502900,19113415
2016-11-22,1.235,1.248,1.250,1.235,31550700,39303451
2016-11-23,1.250,1.247,1.255,1.243,14866000,18607754
2016-11-24,1.243,1.244,1.248,1.240,16079100,20008903
2016-11-25,1.244,1.251,1.253,1.243,20179800,25168374
2016-11-28,1.256,1.261,1.263,1.251,20957200,26349260
2016-11-29,1.253,1.250,1.255,1.249,9545500,11952247
2016-11-30,1.251,1.248,1.254,1.246,13051901,16314612
2016-12-01,1.255,1.254,1.262,1.253,13191800,16580409
2016-12-02,1.252,1.240,1.252,1.235,15406800,19127054
2016-12-05,1.237,1.229,1.243,1.227,16993300,20988528
2016-12-06,1.240,1.237,1.243,1.235,13934744,17261222
2016-12-07,1.243,1.248,1.252,1.243,15601000,19460151
2016-12-08,1.261,1.250,1.263,1.250,12071200,15168372
2016-12-09,1.252,1.245,1.252,1.245,22175600,27682270
2016-12-12,1.250,1.233,1.252,1.230,41509500,51294068
2016-12-13,1.228,1.231,1.231,1.223,118851170,145839378
2016-12-14,1.233,1.236,1.247,1.233,78164201,96857540
2016-12-15,1.221,1.212,1.235,1.211,221443267,269601443
2016-12-16,1.216,1.220,1.222,1.213,144683300,176109778
2016-12-19,1.215,1.205,1.218,1.203,350373600,422398128
2016-12-20,1.204,1.198,1.207,1.195,234064100,281390715
2016-12-21,1.202,1.208,1.209,1.200,228405824,275546207
2016-12-22,1.207,1.196,1.208,1.193,168570600,201660984
2016-12-23,1.193,1.189,1.194,1.188,336210100,399837072
2016-12-26,1.190,1.189,1.191,1.181,130614706,154773415
2016-12-27,1.190,1.190,1.193,1.189,374122900,445862303
2016-12-28,1.190,1.196,1.197,1.189,226192334,269829265
2016-12-29,1.192,1.200,1.203,1.190,173952112,208464969
2016-12-30,1.203,1.216,1.217,1.203,89474956,108376924
2017-01-03,1.215,1.225,1.226,1.211,8554000,10455335
2017-01-04,1.226,1.221,1.229,1.220,7335400,8980347
2017-01-05,1.226,1.229,1.235,1.224,12564000,15448682
2017-01-06,1.237,1.233,1.237,1.232,23425700,28911224
2017-01-09,1.233,1.239,1.244,1.233,8231800,10205432
2017-01-10,1.242,1.246,1.248,1.240,11151100,13891187
2017-01-11,1.253,1.258,1.261,1.251,17105514,21487578
2017-01-12,1.263,1.253,1.263,1.249,15911550,19961837
2017-01-13,1.253,1.253,1.260,1.253,9804200,12317060
2017-01-16,1.254,1.243,1.255,1.238,14796525,18394905
2017-01-17,1.245,1.248,1.252,1.245,6209802,7756119
2017-01-18,1.246,1.258,1.264,1.246,10519600,13246233
2017-01-19,1.259,1.257,1.261,1.250,7161800,8982609
2017-01-20,1.258,1.253,1.258,1.249,5495800,6880814
2017-01-23,1.254,1.247,1.259,1.245,8364700,10473933
2017-01-24,1.249,1.251,1.253,1.248,5107400,6384251
2017-01-25,1.259,1.257,1.259,1.252,4808703,6035312
2017-01-26,1.263,1.272,1.276,1.262,11759164,14955586
2017-02-03,1.269,1.263,1.269,1.255,7496364,9452995
2017-02-06,1.273,1.270,1.274,1.264,5164700,6554689
2017-02-07,1.271,1.275,1.277,1.269,6049000,7706166
2017-02-08,1.277,1.285,1.285,1.269,6271200,8011692
2017-02-09,1.285,1.286,1.295,1.284,13093800,16896162
2017-02-10,1.291,1.295,1.297,1.291,8634100,11181698
2017-02-13,1.298,1.300,1.308,1.298,127375300,166006086
2017-02-14,1.303,1.295,1.304,1.294,14889410,19333442
2017-02-15,1.301,1.309,1.316,1.301,17784400,23274525
2017-02-16,1.314,1.317,1.319,1.309,9078538,11931198
2017-02-17,1.318,1.308,1.318,1.307,10112564,13245988
2017-02-20,1.312,1.322,1.323,1.311,7363100,9710102
2017-02-21,1.324,1.317,1.326,1.314,11964450,15792956
2017-02-22,1.319,1.324,1.324,1.315,9360200,12367639
2017-02-23,1.320,1.317,1.325,1.316,11597200,15299237
2017-02-24,1.318,1.313,1.319,1.310,8405900,11040571
2017-02-27,1.313,1.309,1.319,1.303,9417000,12341174
2017-02-28,1.308,1.300,1.315,1.300,8229138,10755980
2017-03-01,1.302,1.303,1.305,1.300,4545200,5919403
2017-03-02,1.315,1.306,1.319,1.306,6568137,8609980
2017-03-03,1.303,1.293,1.303,1.288,8903794,11505521
2017-03-06,1.292,1.299,1.300,1.292,17189638,22303055
2017-03-07,1.296,1.307,1.308,1.296,10428500,13605290
2017-03-08,1.307,1.309,1.312,1.299,5113417,6681242
2017-03-09,1.308,1.295,1.308,1.292,7060000,9149546
2017-03-10,1.293,1.300,1.303,1.293,25010185,32502251
2017-03-13,1.302,1.314,1.316,1.301,8258300,10817509
2017-03-14,1.314,1.316,1.322,1.313,10564930,13928855
2017-03-15,1.312,1.311,1.312,1.306,8096300,10602588
2017-03-16,1.320,1.327,1.333,1.320,10063700,13342437
2017-03-17,1.330,1.331,1.339,1.330,9930800,13261354
2017-03-20,1.333,1.345,1.345,1.333,8831531,11847910
2017-03-21,1.347,1.355,1.356,1.344,10902900,14737507
2017-03-22,1.330,1.329,1.338,1.328,18424800,24537834
2017-03-23,1.333,1.341,1.351,1.333,46403444,62412345
2017-03-24,1.343,1.339,1.347,1.337,10004800,13408953
2017-03-27,1.335,1.324,1.341,1.323,12872200,17150713
2017-03-28,1.331,1.329,1.336,1.329,6320500,8420163
2017-03-29,1.336,1.335,1.341,1.334,7568800,10127078
2017-03-30,1.338,1.330,1.339,1.327,7166800,9542860
2017-03-31,1.342,1.329,1.342,1.325,10095100,13436826
2017-04-05,1.340,1.333,1.340,1.329,12283700,16401411
2017-04-06,1.336,1.333,1.340,1.329,11001650,14686182
2017-04-07,1.333,1.327,1.335,1.321,11968301,15889515
2017-04-10,1.330,1.334,1.336,1.330,6426200,8572409
2017-04-11,1.334,1.323,1.340,1.315,17720610,23505971
2017-04-12,1.323,1.320,1.323,1.310,4293200,5664848
2017-04-13,1.324,1.332,1.337,1.322,7371900,9806079
2017-04-14,1.329,1.317,1.329,1.315,5308300,7002182
2017-04-17,1.317,1.314,1.317,1.311,4991200,6552465
2017-04-18,1.322,1.312,1.328,1.308,11452400,15058447
2017-04-19,1.307,1.303,1.307,1.292,15521025,20150148
2017-04-20,1.302,1.308,1.314,1.302,9564187,12529780
2017-04-21,1.318,1.320,1.322,1.315,13202801,17413683
2017-04-24,1.319,1.319,1.325,1.310,8042549,10594731
2017-04-25,1.325,1.337,1.338,1.324,8155700,10860964
2017-04-26,1.344,1.343,1.349,1.342,9348100,12571876
2017-04-27,1.343,1.349,1.350,1.337,16637940,22362636
2017-04-28,1.349,1.346,1.351,1.344,6328677,8526788
2017-05-02,1.352,1.346,1.355,1.344,10902200,14710825
2017-05-03,1.350,1.352,1.354,1.348,3966216,5360385
2017-05-04,1.352,1.347,1.352,1.346,11348000,15302422
2017-05-05,1.343,1.335,1.348,1.331,14342232,19175874
2017-05-08,1.341,1.346,1.348,1.338,9950700,13371577
2017-05-09,1.346,1.360,1.362,1.346,12373106,16751525
2017-05-10,1.369,1.379,1.385,1.369,28067478,38711612
2017-05-11,1.376,1.379,1.386,1.366,24722200,34144421
2017-05-12,1.379,1.380,1.382,1.376,9841050,13583963
2017-05-15,1.384,1.389,1.390,1.384,9205000,12769809
2017-05-16,1.395,1.389,1.396,1.386,27423100,38114939
2017-05-17,1.388,1.387,1.392,1.384,9652200,13396599
2017-05-18,1.363,1.377,1.387,1.363,16732200,23130814
2017-05-19,1.381,1.389,1.394,1.381,5010400,6948872
2017-05-22,1.393,1.397,1.398,1.387,12055300,16812852
2017-05-23,1.397,1.391,1.406,1.388,21115600,29568856
2017-05-24,1.393,1.393,1.399,1.355,19738100,27523149
2017-05-25,1.396,1.406,1.410,1.396,19540700,27428721
2017-05-26,1.403,1.405,1.411,1.403,11588340,16300154
2017-05-31,1.407,1.403,1.415,1.399,28890255,40704474
2017-06-01,1.407,1.395,1.407,1.360,89438481,125066029
2017-06-02,1.404,1.415,1.415,1.403,31413846,44289321
2017-06-05,1.414,1.403,1.416,1.401,48126900,67756668
2017-06-06,1.404,1.409,1.413,1.360,47274000,66583955
2017-06-07,1.411,1.409,1.415,1.390,11861100,16735354
2017-06-08,1.410,1.411,1.412,1.408,10393800,14658631
2017-06-09,1.415,1.407,1.416,1.404,12398892,17477418
2017-06-12,1.406,1.396,1.409,1.391,22542300,31508485
2017-06-13,1.397,1.395,1.402,1.392,173319100,241637398
2017-06-14,1.401,1.396,1.404,1.388,96173756,133896630
2017-06-15,1.393,1.385,1.393,1.383,40587471,56345975
2017-06-16,1.386,1.389,1.395,1.376,33318300,46351299
2017-06-19,1.393,1.406,1.410,1.393,28824748,40437861
2017-06-20,1.411,1.409,1.418,1.407,44564800,62877447
2017-06-21,1.408,1.401,1.408,1.395,22666536,31730557
2017-06-22,1.399,1.403,1.412,1.385,29791400,41892359
2017-06-23,1.403,1.405,1.409,1.402,38766200,54503776
2017-06-26,1.409,1.414,1.414,1.406,39042712,55117631
2017-06-27,1.415,1.411,1.421,1.411,55224900,78308191
2017-06-28,1.404,1.398,1.408,1.394,25232800,35295984
2017-06-29,1.406,1.412,1.413,1.403,45653100,64216743
2017-06-30,1.404,1.399,1.404,1.393,39573100,55287463
2017-07-03,1.399,1.402,1.407,1.395,150454600,211037351
2017-07-04,1.404,1.380,1.406,1.375,44379001,61882815
2017-07-05,1.379,1.389,1.392,1.371,24119401,33338574
2017-07-06,1.393,1.393,1.398,1.390,41224832,57453999
2017-07-07,1.387,1.387,1.389,1.384,45915301,63701320
2017-07-10,1.385,1.398,1.405,1.385,25889700,36210480
2017-07-11,1.399,1.418,1.422,1.399,74172100,104652941
2017-07-12,1.420,1.423,1.431,1.420,124480400,177643164
2017-07-13,1.433,1.438,1.443,1.433,48705978,70137974
2017-07-14,1.440,1.438,1.443,1.437,38119988,54906643
2017-07-17,1.442,1.440,1.449,1.438,59287900,85624583
2017-07-18,1.440,1.443,1.447,1.440,81042366,116970650
2017-07-19,1.444,1.453,1.457,1.443,71184100,103247054
2017-07-20,1.458,1.457,1.460,1.454,105125329,153061015
2017-07-21,1.456,1.454,1.458,1.452,81667548,118854058
2017-07-24,1.453,1.455,1.460,1.452,219818970,319965798
2017-07-25,1.456,1.453,1.458,1.453,139046096,202442509
2017-07-26,1.459,1.458,1.466,1.454,153911744,224897170
2017-07-27,1.461,1.471,1.471,1.461,128037402,187560619
2017-07-28,1.462,1.464,1.468,1.462,42973900,62960189
2017-07-31,1.466,1.476,1.476,1.466,100003040,147183750
2017-08-01,1.478,1.491,1.491,1.478,118668423,176532268
2017-08-02,1.495,1.504,1.504,1.495,93874301,140807274
2017-08-03,1.500,1.493,1.500,1.489,154351400,230728962
2017-08-04,1.498,1.487,1.498,1.486,169269102,253026255
2017-08-07,1.494,1.496,1.499,1.494,144813598,216680990
2017-08-08,1.498,1.500,1.500,1.494,26527108,39698532
2017-08-09,1.501,1.494,1.503,1.491,71949200,107731848
2017-08-10,1.494,1.475,1.495,1.468,80801900,119459587
2017-08-11,1.454,1.440,1.475,1.438,599043200,868305064
2017-08-14,1.452,1.455,1.458,1.448,149849200,217978460
2017-08-15,1.463,1.470,1.473,1.462,109060501,160223611
2017-08-16,1.470,1.470,1.474,1.467,51793100,76166382
2017-08-17,1.481,1.466,1.482,1.466,67596192,99599269
2017-08-18,1.452,1.457,1.463,1.450,118556200,172957743
2017-08-21,1.456,1.459,1.465,1.456,148123929,216496650
2017-08-22,1.465,1.472,1.479,1.465,139308078,205020474
2017-08-23,1.474,1.477,1.479,1.474,18334534,27073991
2017-08-24,1.480,1.476,1.481,1.471,104461664,154373147
2017-08-25,1.477,1.488,1.491,1.474,236368700,350699409
2017-08-28,1.492,1.485,1.502,1.485,93051500,139334654
2017-08-29,1.484,1.478,1.484,1.478,107958100,159821473
2017-08-30,1.486,1.488,1.491,1.482,124169300,184347636
2017-08-31,1.491,1.488,1.493,1.486,85953584,128096369
2017-09-01,1.490,1.486,1.507,1.483,104974589,156766334
2017-09-04,1.484,1.465,1.484,1.465,127864200,188578178
2017-09-05,1.471,1.461,1.471,1.458,210209200,308434204
2017-09-06,1.461,1.459,1.462,1.449,146928600,213811733
2017-09-07,1.466,1.454,1.469,1.453,180317047,264232191
2017-09-08,1.454,1.448,1.459,1.445,183824900,267433813
2017-09-11,1.462,1.478,1.478,1.462,102404481,150792605
2017-09-12,1.480,1.480,1.487,1.479,192147740,284961658
2017-09-13,1.482,1.475,1.482,1.470,123164204,181879426
2017-09-14,1.474,1.474,1.484,1.470,139831780,206664671
2017-09-15,1.473,1.473,1.486,1.461,185136195,271827723
2017-09-18,1.483,1.494,1.502,1.480,205715465,306709225
2017-09-19,1.493,1.501,1.507,1.493,128732100,193445301
2017-09-20,1.500,1.496,1.501,1.495,172884200,258938236
2017-09-21,1.497,1.501,1.507,1.497,142320400,213768780
2017-09-22,1.496,1.487,1.496,1.485,123719500,184088860
2017-09-25,1.486,1.474,1.486,1.472,139132300,205318946
2017-09-26,1.460,1.473,1.483,1.460,347309840,511340362
2017-09-27,1.478,1.484,1.487,1.477,105666390,156693702
2017-09-28,1.489,1.486,1.490,1.478,105014100,155740477
2017-09-29,1.483,1.483,1.489,1.478,231218600,343305712
2017-10-09,1.530,1.519,1.533,1.515,153845562,234486198
2017-10-10,1.518,1.518,1.522,1.510,279126299,422777475
2017-10-11,1.525,1.517,1.525,1.516,244314700,371317578
2017-10-12,1.517,1.521,1.523,1.514,155269062,235706050
2017-10-13,1.517,1.517,1.520,1.513,168050248,254812116
2017-10-16,1.524,1.531,1.539,1.523,255558736,391984393
2017-10-17,1.533,1.536,1.539,1.533,99428500,152672724
2017-10-18,1.536,1.535,1.553,1.535,594522503,914835518
2017-10-19,1.539,1.526,1.544,1.524,270241100,415936579
2017-10-20,1.518,1.528,1.531,1.510,374041900,569992144
2017-10-23,1.534,1.523,1.535,1.522,557799100,852354671
2017-10-24,1.521,1.512,1.525,1.512,382790600,582712103
2017-10-25,1.519,1.523,1.528,1.519,301295800,459168796
2017-10-26,1.520,1.517,1.534,1.515,334974905,510256270
2017-10-27,1.525,1.530,1.537,1.523,285136403,437147735
2017-10-30,1.540,1.529,1.546,1.524,223547494,342773370
2017-10-31,1.521,1.523,1.529,1.515,320958400,488305433
2017-11-01,1.528,1.529,1.536,1.524,410289400,627266751
2017-11-02,1.532,1.528,1.535,1.523,471759200,721341421
2017-11-03,1.529,1.533,1.535,1.528,178190600,273017269
2017-11-06,1.533,1.532,1.535,1.518,286957956,438145305
2017-11-07,1.538,1.558,1.558,1.537,241206736,374413734
2017-11-08,1.555,1.558,1.569,1.555,629593764,984315365
2017-11-09,1.562,1.565,1.578,1.558,893774498,1399227961
2017-11-10,1.565,1.567,1.574,1.563,505078000,792081795
2017-11-13,1.566,1.574,1.578,1.566,592305300,932893297
2017-11-14,1.576,1.572,1.582,1.572,521214100,821377637
2017-11-15,1.566,1.558,1.569,1.557,699585174,1093039493
2017-11-16,1.560,1.563,1.567,1.544,878830956,1367078095
2017-11-17,1.575,1.571,1.579,1.570,476614518,750176393
2017-11-20,1.571,1.575,1.578,1.566,397741036,624816569
2017-11-21,1.579,1.597,1.606,1.579,824292544,1316577723
2017-11-22,1.622,1.612,1.637,1.609,737676672,1195799386
2017-11-23,1.616,1.600,1.618,1.598,569327097,918304578
2017-11-24,1.599,1.604,1.604,1.596,647607911,1036470787
2017-11-27,1.605,1.600,1.605,1.594,243507564,389483472
2017-11-28,1.599,1.591,1.599,1.582,455333300,724668402
2017-11-29,1.601,1.596,1.607,1.590,421563678,672759667
2017-11-30,1.587,1.571,1.587,1.567,732009576,1153433378
2017-12-01,1.574,1.568,1.579,1.545,382360700,601170229
2017-12-04,1.565,1.577,1.579,1.550,381813417,599480809
2017-12-05,1.564,1.560,1.569,1.557,369526136,577995000
2017-12-06,1.558,1.529,1.560,1.517,466037438,716136273
2017-12-07,1.528,1.518,1.532,1.513,517251188,787831674
2017-12-08,1.522,1.538,1.538,1.522,341093420,521733512
2017-12-11,1.538,1.551,1.552,1.538,421404508,650783087
2017-12-12,1.551,1.546,1.558,1.546,437713411,679496916
2017-12-13,1.550,1.565,1.566,1.544,479913608,744214093
2017-12-14,1.571,1.558,1.574,1.556,679102399,1060864496
2017-12-15,1.549,1.541,1.555,1.536,447300094,691680080
2017-12-18,1.548,1.553,1.555,1.541,601883472,931302890
2017-12-19,1.560,1.563,1.567,1.557,477683484,746317027
2017-12-20,1.559,1.549,1.563,1.548,455809028,709101050
2017-12-21,1.542,1.556,1.557,1.541,393592590,610580400
2017-12-22,1.561,1.560,1.565,1.559,433892400,677915759
2017-12-25,1.565,1.566,1.575,1.563,320316652,502692346
2017-12-26,1.569,1.568,1.573,1.566,607278851,954499530
2017-12-27,1.570,1.563,1.572,1.562,438757812,688213382
2017-12-28,1.568,1.573,1.578,1.568,459763991,724138686
2017-12-29,1.577,1.576,1.580,1.574,311579275,491602045
2018-01-02,1.581,1.603,1.604,1.581,260913886,416622532
2018-01-03,1.610,1.607,1.617,1.605,177979800,286761377
2018-01-04,1.612,1.616,1.619,1.611,235196461,379769538
2018-01-05,1.622,1.612,1.624,1.608,153842717,248349352
2018-01-08,1.618,1.617,1.619,1.612,364259005,588317126
2018-01-09,1.621,1.631,1.632,1.621,316011527,514037328
2018-01-10,1.634,1.643,1.647,1.631,291241542,477449322
2018-01-11,1.645,1.637,1.645,1.632,186845976,305904015
2018-01-12,1.643,1.643,1.650,1.640,267609963,439634319
2018-01-15,1.655,1.641,1.663,1.641,349648048,576940532
2018-01-16,1.640,1.659,1.661,1.639,139622026,230377653
2018-01-17,1.656,1.662,1.662,1.649,275923764,457073248
2018-01-18,1.673,1.674,1.682,1.663,212649700,356398733
2018-01-19,1.674,1.671,1.676,1.664,319937796,534809167
2018-01-22,1.674,1.685,1.689,1.670,193733576,325092152
2018-01-23,1.690,1.708,1.713,1.690,324601177,552513513
2018-01-24,1.708,1.712,1.714,1.702,249832017,426720770
2018-01-25,1.713,1.685,1.713,1.682,402062365,680201292
2018-01-26,1.690,1.708,1.721,1.687,654166001,1114897504
2018-01-29,1.718,1.694,1.725,1.693,387813755,662684543
2018-01-30,1.686,1.676,1.701,1.675,563136044,949795339
2018-01-31,1.674,1.672,1.683,1.661,720313762,1205258764
2018-02-01,1.684,1.676,1.688,1.669,494268958,829924584
2018-02-02,1.666,1.670,1.681,1.653,459234129,765477113
2018-02-05,1.630,1.645,1.653,1.622,724339200,1190211468
2018-02-06,1.594,1.568,1.608,1.566,546454572,865620820
2018-02-07,1.596,1.547,1.600,1.537,514843791,812112687
2018-02-08,1.555,1.561,1.573,1.543,250491821,390971563
2018-02-09,1.520,1.511,1.522,1.496,295742460,445219730
2018-02-12,1.516,1.519,1.523,1.508,388827780,590392605
2018-02-13,1.533,1.532,1.551,1.530,287624700,443537204
2018-02-14,1.542,1.561,1.563,1.539,138886768,215092832
2018-02-22,1.595,1.596,1.604,1.592,173374275,277194631
2018-02-23,1.606,1.611,1.613,1.600,184190798,296051512
2018-02-26,1.623,1.614,1.625,1.606,274455900,442770427
2018-02-27,1.625,1.602,1.627,1.598,212831104,342958549
2018-02-28,1.580,1.576,1.587,1.575,282243181,446276898
2018-03-01,1.568,1.582,1.587,1.558,361864988,570900352
2018-03-02,1.574,1.571,1.576,1.565,246376822,387037582
2018-03-05,1.569,1.548,1.575,1.545,312733336,485540644
2018-03-06,1.563,1.570,1.570,1.548,270388217,420909129
2018-03-07,1.557,1.545,1.571,1.542,315267146,490715467
2018-03-08,1.560,1.574,1.574,1.558,263978288,413703232
2018-03-09,1.586,1.590,1.595,1.584,523107528,831442388
2018-03-12,1.613,1.616,1.621,1.609,315497444,509074307
2018-03-13,1.615,1.614,1.624,1.613,317923101,514496346
2018-03-14,1.607,1.595,1.607,1.592,189694863,302811597
2018-03-15,1.592,1.608,1.611,1.590,410850777,658372980
2018-03-16,1.606,1.605,1.616,1.600,375811900,605689777
2018-03-19,1.607,1.616,1.622,1.600,271273881,438244997
2018-03-20,1.608,1.613,1.615,1.595,402683080,645714276
2018-03-21,1.625,1.616,1.637,1.612,349151394,569163933
2018-03-22,1.613,1.595,1.619,1.591,353194596,566047608
2018-03-23,1.531,1.531,1.549,1.527,603684233,929034197
2018-03-26,1.532,1.537,1.540,1.522,569190061,871858910
2018-03-27,1.559,1.551,1.563,1.548,595255494,924109290
2018-03-28,1.530,1.530,1.546,1.526,325766614,500593997
2018-03-29,1.532,1.527,1.537,1.501,432781699,659736342
2018-03-30,1.535,1.524,1.539,1.522,260531564,398612282
2018-04-02,1.523,1.523,1.529,1.521,279217879,426201324
2018-04-03,1.516,1.523,1.526,1.507,345092721,522968138
2018-04-04,1.529,1.513,1.537,1.511,388786823,594413143
2018-04-09,1.529,1.536,1.543,1.519,625666204,958450555
2018-04-10,1.534,1.564,1.565,1.533,674626725,1045970072
2018-04-11,1.569,1.563,1.572,1.556,368936290,577300071
2018-04-12,1.568,1.552,1.572,1.552,364913260,570561661
2018-04-13,1.573,1.563,1.575,1.558,394261225,617720745
2018-04-16,1.563,1.534,1.563,1.531,574478108,884618791
2018-04-17,1.536,1.530,1.544,1.523,513889001,787724907
2018-04-18,1.545,1.531,1.547,1.519,501996068,769765574
2018-04-19,1.541,1.550,1.558,1.540,309110935,479347736
2018-04-20,1.552,1.551,1.565,1.548,501811905,780269974
2018-04-23,1.555,1.548,1.555,1.536,456358004,705787690
2018-04-24,1.550,1.564,1.571,1.549,478572696,747688517
2018-04-25,1.558,1.547,1.561,1.545,484281562,750280840
2018-04-26,1.550,1.529,1.562,1.528,615000708,949385356
2018-04-27,1.542,1.546,1.551,1.540,333663843,516109197
2018-05-02,1.571,1.574,1.580,1.567,433828516,682078562
2018-05-03,1.559,1.558,1.563,1.548,316110100,491930912
2018-05-04,1.560,1.538,1.560,1.535,533305624,823404344
2018-05-07,1.544,1.537,1.546,1.529,373277681,574418067
2018-05-08,1.545,1.560,1.563,1.544,297048726,462599623
2018-05-09,1.561,1.567,1.573,1.561,316648854,495928167
2018-05-10,1.581,1.584,1.588,1.578,604798661,957168741
2018-05-11,1.594,1.593,1.605,1.590,502601400,803235179
2018-05-14,1.607,1.614,1.619,1.605,469101483,757021596
2018-05-15,1.616,1.604,1.617,1.600,332755320,534570637
2018-05-16,1.596,1.595,1.606,1.587,399079300,636739343
2018-05-17,1.610,1.591,1.611,1.590,445482012,712217247
2018-05-18,1.595,1.599,1.602,1.591,350920200,559931732
2018-05-21,1.608,1.616,1.621,1.607,529533534,856950386
2018-05-22,1.618,1.614,1.622,1.607,648366718,1046230635
2018-05-23,1.610,1.589,1.610,1.589,493480343,787640140
2018-05-24,1.586,1.584,1.593,1.581,324572655,514954184
2018-05-25,1.586,1.585,1.591,1.582,373071182,591805398
2018-05-28,1.590,1.602,1.603,1.582,498134011,794984788
2018-05-29,1.599,1.588,1.599,1.587,298525600,475652037
2018-05-30,1.572,1.560,1.574,1.560,443981300,694612634
2018-05-31,1.571,1.573,1.575,1.564,404623144,635759073
2018-06-01,1.576,1.585,1.589,1.574,271041690,429166562
2018-06-04,1.602,1.612,1.616,1.600,209252900,337048506
2018-06-05,1.614,1.618,1.623,1.608,224490700,361901416
2018-06-06,1.619,1.623,1.626,1.618,439184720,712420358
2018-06-07,1.629,1.636,1.639,1.629,449095001,734451311
2018-06-08,1.630,1.612,1.635,1.611,422595725,685022068
2018-06-11,1.611,1.615,1.619,1.606,243271356,392832756
2018-06-12,1.615,1.621,1.626,1.609,305117932,494377897
2018-06-13,1.613,1.599,1.617,1.596,710297604,1143145366
2018-06-14,1.595,1.575,1.599,1.572,506892784,803416945
2018-06-15,1.582,1.583,1.589,1.579,151362691,239874847
2018-06-19,1.550,1.541,1.556,1.540,212632424,329192840
2018-06-20,1.541,1.558,1.575,1.540,444882000,692683441
2018-06-21,1.565,1.550,1.571,1.547,329123300,514154952
2018-06-22,1.482,1.471,1.482,1.459,380974000,559196582
2018-06-25,1.473,1.461,1.480,1.460,250675183,368570722
2018-06-26,1.456,1.460,1.466,1.439,242691304,352767089
2018-06-27,1.464,1.447,1.471,1.444,509789134,744303011
2018-06-28,1.442,1.435,1.452,1.433,302354649,437069139
2018-06-29,1.452,1.468,1.471,1.452,366660767,537000083
2018-07-02,1.469,1.449,1.475,1.449,76931529,112520389
2018-07-03,1.458,1.460,1.463,1.441,566349494,823873911
2018-07-04,1.460,1.431,1.460,1.429,339401830,490601477
2018-07-05,1.431,1.435,1.451,1.423,323478994,464560760
2018-07-06,1.449,1.449,1.466,1.435,189434052,275325205
2018-07-09,1.468,1.477,1.477,1.465,184020400,271086254
2018-07-10,1.485,1.477,1.486,1.470,446151700,660405173
2018-07-11,1.450,1.455,1.465,1.445,261162671,380933386
2018-07-12,1.460,1.475,1.483,1.459,290267880,428216425
2018-07-13,1.484,1.472,1.484,1.471,303032550,447925062
2018-07-16,1.475,1.472,1.482,1.468,293828790,432539011
2018-07-17,1.471,1.456,1.472,1.456,350042300,511191651
2018-07-18,1.466,1.460,1.471,1.457,210034860,307705209
2018-07-19,1.468,1.466,1.476,1.462,306675400,450082855
2018-07-20,1.467,1.478,1.483,1.461,344511128,506409811
2018-07-23,1.480,1.480,1.486,1.471,263698989,389697020
2018-07-24,1.486,1.512,1.514,1.483,449255204,677994410
2018-07-25,1.513,1.517,1.520,1.513,349293330,529776763
2018-07-26,1.520,1.503,1.521,1.500,218486435,328946774
2018-07-27,1.506,1.510,1.517,1.505,359089327,542720883
2018-07-30,1.509,1.511,1.520,1.506,287798000,435033435
2018-07-31,1.511,1.509,1.514,1.504,382979500,577826240
2018-08-01,1.515,1.501,1.516,1.501,290377749,437660702
2018-08-02,1.497,1.459,1.497,1.454,251499000,369606151
2018-08-03,1.470,1.467,1.472,1.463,138731330,203674724
2018-08-06,1.469,1.468,1.480,1.461,272291595,401125389
2018-08-07,1.472,1.490,1.494,1.472,142078900,210631007
2018-08-08,1.496,1.489,1.497,1.486,338918850,505542265
2018-08-09,1.488,1.507,1.512,1.481,214519600,321551475
2018-08-10,1.507,1.498,1.512,1.496,214990884,323294379
2018-08-13,1.486,1.482,1.489,1.476,231863197,343556611
2018-08-14,1.484,1.471,1.486,1.464,170521797,251476075
2018-08-15,1.471,1.454,1.472,1.450,145851777,212676647
2018-08-16,1.439,1.440,1.462,1.436,419219200,607355622
2018-08-17,1.449,1.437,1.452,1.437,221861063,320153495
2018-08-20,1.440,1.454,1.454,1.439,212436508,307349235
2018-08-21,1.457,1.460,1.465,1.449,157020499,228818117
2018-08-22,1.463,1.468,1.472,1.454,173460097,253825352
2018-08-23,1.470,1.468,1.479,1.463,182435883,267846729
2018-08-24,1.464,1.475,1.479,1.458,166461823,244328129
2018-08-27,1.484,1.493,1.493,1.473,192180415,285050418
2018-08-28,1.502,1.492,1.508,1.490,199405578,298651419
2018-08-29,1.493,1.496,1.502,1.489,121641500,181945114
2018-08-30,1.498,1.492,1.502,1.490,233614991,349211450
2018-08-31,1.483,1.476,1.483,1.467,83722400,123356114
2018-09-03,1.475,1.463,1.475,1.462,146913634,215674339
2018-09-04,1.465,1.480,1.481,1.458,192005000,281827252
2018-09-05,1.478,1.448,1.478,1.446,293188038,427228547
2018-09-06,1.442,1.426,1.446,1.425,138610043,198988301
2018-09-07,1.426,1.429,1.440,1.420,136165499,194692489
2018-09-10,1.423,1.414,1.428,1.413,548832400,779092528
2018-09-11,1.415,1.410,1.421,1.406,178871500,252783077
2018-09-12,1.410,1.398,1.410,1.397,270234420,378905319
2018-09-13,1.416,1.424,1.424,1.410,228303806,323347697
2018-09-14,1.431,1.445,1.447,1.430,122853317,177003119
2018-09-17,1.437,1.430,1.437,1.423,115588200,165251014
2018-09-18,1.426,1.441,1.443,1.419,327914556,468916214
2018-09-19,1.445,1.454,1.459,1.440,193677080,281288495
2018-09-20,1.461,1.454,1.466,1.451,147144900,214484404
2018-09-21,1.460,1.486,1.487,1.459,155255530,228751238
2018-09-25,1.470,1.479,1.483,1.468,92468100,136617216
2018-09-26,1.482,1.488,1.497,1.474,169053190,251535199
2018-09-27,1.492,1.476,1.493,1.476,257028892,381417382
2018-09-28,1.484,1.480,1.489,1.479,128174800,190301693
2018-10-08,1.450,1.407,1.450,1.406,174241600,246756792
2018-10-09,1.411,1.408,1.415,1.402,281359444,396577477
2018-10-10,1.410,1.410,1.419,1.405,162563297,229571290
2018-10-11,1.367,1.352,1.367,1.349,191825044,260677363
2018-10-12,1.356,1.378,1.380,1.354,198542008,271096057
2018-10-15,1.379,1.365,1.380,1.363,171308348,234472578
2018-10-16,1.368,1.358,1.377,1.355,200563233,273853347
2018-10-17,1.374,1.380,1.387,1.374,185433512,256493986
2018-10-18,1.378,1.359,1.378,1.356,124198400,169367401
2018-10-19,1.349,1.380,1.384,1.349,184777800,252772267
2018-10-22,1.410,1.404,1.411,1.383,403595800,565546388
2018-10-23,1.399,1.365,1.399,1.362,317931457,439997357
2018-10-24,1.366,1.357,1.378,1.357,336127011,459448621
2018-10-25,1.320,1.339,1.341,1.320,274143678,365118986
2018-10-26,1.350,1.337,1.353,1.330,171512650,229934820
2018-10-29,1.340,1.331,1.343,1.328,142567964,190002919
2018-10-30,1.334,1.331,1.346,1.328,120592937,161075065
2018-10-31,1.339,1.343,1.347,1.335,272340758,364991581
2018-11-01,1.357,1.368,1.380,1.357,262497048,359303886
2018-11-02,1.401,1.410,1.418,1.393,678421920,951995166
2018-11-05,1.388,1.390,1.401,1.383,375894600,523235591
2018-11-06,1.396,1.394,1.398,1.387,351443400,488809844
2018-11-07,1.398,1.400,1.425,1.393,316713418,445067250
2018-11-08,1.415,1.409,1.422,1.408,264843150,374976503
2018-11-09,1.395,1.378,1.395,1.378,257776552,357287405
2018-11-12,1.379,1.383,1.387,1.375,223868200,309745135
2018-11-13,1.364,1.378,1.387,1.355,238570160,326672544
2018-11-14,1.389,1.380,1.393,1.374,301507884,416157189
2018-11-15,1.386,1.393,1.396,1.376,291621642,404192070
2018-11-16,1.395,1.402,1.408,1.388,314330774,439407638
2018-11-19,1.414,1.414,1.417,1.404,261719597,369203007
2018-11-20,1.402,1.389,1.407,1.388,350126604,488210782
2018-11-21,1.378,1.395,1.395,1.373,369598452,512120866
2018-11-22,1.400,1.398,1.401,1.390,276655060,385668566
2018-11-23,1.394,1.391,1.395,1.387,155932900,216974856
2018-11-26,1.402,1.418,1.422,1.402,252872298,357960312
2018-11-27,1.418,1.419,1.425,1.409,343440110,486808315
2018-11-28,1.421,1.439,1.442,1.421,258429862,370426082
2018-11-29,1.453,1.421,1.458,1.421,199823098,287478953
2018-11-30,1.425,1.434,1.439,1.423,188272187,269704545
2018-12-03,1.461,1.455,1.470,1.454,202350650,295582275
2018-12-04,1.454,1.444,1.454,1.439,257884000,372905601
2018-12-05,1.429,1.433,1.438,1.426,216938700,311030117
2018-12-06,1.414,1.396,1.414,1.392,218135223,305070911
2018-12-07,1.399,1.400,1.408,1.398,189232970,265466786
2018-12-10,1.388,1.380,1.388,1.370,222897279,307040753
2018-12-11,1.378,1.385,1.388,1.377,194551257,268918415
2018-12-12,1.397,1.403,1.405,1.394,238420564,334049264
2018-12-13,1.406,1.417,1.421,1.406,275204075,389332346
2018-12-14,1.407,1.399,1.407,1.398,199676791,279669191
2018-12-17,1.400,1.401,1.406,1.397,114655200,160697427
2018-12-18,1.390,1.384,1.401,1.380,177687321,246994697
2018-12-19,1.386,1.383,1.389,1.382,185777500,257185729
2018-12-20,1.379,1.369,1.384,1.363,341959132,469291834
2018-12-21,1.366,1.373,1.373,1.353,325045700,443069193
2018-12-24,1.368,1.370,1.374,1.362,254795269,348889152
2018-12-25,1.359,1.338,1.361,1.336,294650800,397481725
2018-12-26,1.342,1.343,1.351,1.340,355284456,478372079
2018-12-27,1.377,1.365,1.384,1.362,621677900,855962230
2018-12-28,1.367,1.354,1.368,1.353,276195303,374987936
2019-01-02,1.362,1.332,1.368,1.332,246449800,332415204
2019-01-03,1.333,1.334,1.344,1.328,234078300,312464496
2019-01-04,1.325,1.361,1.361,1.325,243969625,328998101
2019-01-07,1.380,1.369,1.386,1.367,525530100,721607861
2019-01-08,1.373,1.375,1.380,1.366,322744200,443932667
2019-01-09,1.390,1.400,1.413,1.389,353295729,495944230
2019-01-10,1.397,1.393,1.401,1.385,622173900,866248151
2019-01-11,1.404,1.394,1.404,1.390,185650100,258979762
2019-01-14,1.390,1.376,1.391,1.370,288023000,396590016
2019-01-15,1.384,1.403,1.405,1.384,219750800,307126805
2019-01-16,1.406,1.409,1.410,1.394,219371200,308012202
2019-01-17,1.410,1.401,1.418,1.395,579414950,815991726
2019-01-18,1.412,1.420,1.425,1.409,189398742,269123626
2019-01-21,1.424,1.430,1.439,1.422,220892300,316205390
2019-01-22,1.433,1.419,1.435,1.416,226626200,322922220
2019-01-23,1.419,1.420,1.432,1.418,277005300,394575658
2019-01-24,1.423,1.426,1.428,1.415,331769162,471668512
2019-01-25,1.432,1.442,1.447,1.431,167184197,241287933
2019-01-28,1.450,1.439,1.453,1.434,295286456,426736378
2019-01-29,1.437,1.438,1.441,1.430,119277643,171326878
2019-01-30,1.437,1.435,1.439,1.430,186029690,266842443
2019-01-31,1.445,1.451,1.456,1.440,207533160,300801064
2019-02-01,1.460,1.459,1.462,1.453,244195090,355826177
2019-02-11,1.460,1.475,1.479,1.459,241587200,355813580
2019-02-12,1.477,1.477,1.483,1.473,370708196,547877624
2019-02-13,1.482,1.493,1.497,1.474,794636206,1183012908
2019-02-14,1.495,1.491,1.497,1.485,425052600,633531566
2019-02-15,1.487,1.465,1.487,1.464,186062400,273897214
2019-02-18,1.474,1.487,1.490,1.474,283427533,421104284
2019-02-19,1.491,1.484,1.496,1.482,247156584,367955641
2019-02-20,1.489,1.483,1.492,1.478,382361660,567906032
2019-02-21,1.481,1.493,1.496,1.479,297274600,442737412
2019-02-22,1.493,1.501,1.504,1.485,453025251,676583930
2019-02-25,1.510,1.505,1.513,1.495,526591750,791156798
2019-02-26,1.505,1.493,1.505,1.492,402729750,603900872
2019-02-27,1.496,1.493,1.506,1.489,616075926,925222364
2019-02-28,1.490,1.488,1.498,1.487,747817782,1116190933
2019-03-01,1.494,1.496,1.499,1.490,408598337,610187060
2019-03-04,1.499,1.504,1.517,1.497,454041079,683666918
2019-03-05,1.498,1.502,1.507,1.495,532502813,799059879
2019-03-06,1.503,1.510,1.514,1.502,456647038,689391103
2019-03-07,1.506,1.499,1.512,1.496,639943172,962871177
2019-03-08,1.490,1.474,1.490,1.472,249116443,368795215
2019-03-11,1.475,1.481,1.485,1.473,590045256,873371295
2019-03-12,1.495,1.506,1.510,1.495,835887813,1257707825
2019-03-13,1.506,1.498,1.506,1.496,1239187422,1858680037
2019-03-14,1.501,1.500,1.506,1.497,506571638,760722378
2019-03-15,1.502,1.517,1.522,1.502,552445717,836846096
2019-03-18,1.518,1.525,1.527,1.514,515000268,783231905
2019-03-19,1.529,1.532,1.535,1.528,942047755,1442207694
2019-03-20,1.531,1.528,1.533,1.524,954925511,1459785117
2019-03-21,1.527,1.509,1.533,1.509,1093300259,1665830490
2019-03-22,1.516,1.510,1.521,1.499,433554986,655607538
2019-03-25,1.490,1.485,1.499,1.485,825060499,1232659079
2019-03-26,1.493,1.485,1.498,1.482,613559818,913952413
2019-03-27,1.489,1.498,1.500,1.489,588029100,879540026
2019-03-28,1.494,1.500,1.505,1.491,830416235,1245153847
2019-03-29,1.503,1.514,1.517,1.500,249905506,377509098
2019-04-01,1.526,1.538,1.541,1.526,800813998,1230155389
2019-04-02,1.544,1.542,1.547,1.540,782350740,1207139329
2019-04-03,1.546,1.555,1.559,1.545,634330456,986336289
2019-04-04,1.559,1.554,1.564,1.549,833757295,1298275996
2019-04-08,1.563,1.563,1.571,1.559,543774656,850718914
2019-04-09,1.563,1.570,1.574,1.563,743883100,1166031797
2019-04-10,1.568,1.568,1.570,1.557,1012350326,1584217717
2019-04-11,1.575,1.556,1.575,1.551,855337593,1332992837
2019-04-12,1.554,1.550,1.557,1.547,949410980,1472659231
2019-04-15,1.566,1.555,1.576,1.553,388654377,609951591
2019-04-16,1.551,1.564,1.565,1.545,892924003,1387785106
2019-04-17,1.566,1.561,1.569,1.560,624496808,977004243
2019-04-18,1.558,1.553,1.562,1.552,393244399,612559881
2019-04-19,1.556,1.562,1.570,1.556,247551706,387108740
2019-04-22,1.565,1.551,1.567,1.551,269427343,420533969
2019-04-23,1.553,1.559,1.565,1.549,676172884,1053090815
2019-04-24,1.567,1.554,1.569,1.546,665102330,1034922257
2019-04-25,1.545,1.546,1.557,1.545,502688687,779883922
2019-04-26,1.543,1.540,1.548,1.538,669403518,1033649625
2019-04-29,1.544,1.553,1.558,1.541,469511990,728613233
2019-04-30,1.554,1.549,1.556,1.543,364723691,564996101
2019-05-06,1.539,1.525,1.545,1.522,638850702,978597143
2019-05-07,1.539,1.538,1.548,1.531,582974800,899127163
2019-05-08,1.525,1.521,1.532,1.518,488350870,745164102
2019-05-09,1.517,1.496,1.519,1.492,469930861,707185167
2019-05-10,1.506,1.504,1.517,1.487,707396048,1066875735
2019-05-13,1.503,1.498,1.504,1.494,124045600,185860763
2019-05-14,1.497,1.492,1.500,1.487,391890600,586197143
2019-05-15,1.497,1.507,1.512,1.497,454795678,684782553
2019-05-16,1.499,1.509,1.511,1.497,249432000,375041144
2019-05-17,1.516,1.495,1.516,1.493,221407304,332974139
2019-05-20,1.493,1.490,1.500,1.485,397196389,591974949
2019-05-21,1.488,1.489,1.495,1.485,469507571,699600376
2019-05-22,1.490,1.483,1.492,1.481,432430457,642614127
2019-05-23,1.477,1.462,1.477,1.461,538194909,790546928
2019-05-24,1.466,1.468,1.476,1.466,462431209,679560727
2019-05-27,1.466,1.465,1.467,1.453,817465290,1194395396
2019-05-28,1.464,1.470,1.474,1.460,596690470,877737763
2019-05-29,1.465,1.464,1.472,1.461,437336525,641298746
2019-05-30,1.464,1.455,1.467,1.452,679115514,988603554
2019-05-31,1.451,1.447,1.460,1.445,299568005,435232919
2019-06-03,1.445,1.444,1.448,1.435,175140668,252439258
2019-06-04,1.446,1.437,1.446,1.434,127414600,183440489
2019-06-05,1.451,1.443,1.456,1.442,381771683,553312364
2019-06-06,1.447,1.446,1.452,1.443,699791217,1013840752
2019-06-10,1.462,1.484,1.491,1.460,763881222,1134421196
2019-06-11,1.485,1.498,1.500,1.485,446489748,667337451
2019-06-12,1.495,1.472,1.495,1.469,381834819,564731096
2019-06-13,1.471,1.462,1.473,1.448,502195665,732454911
2019-06-14,1.465,1.461,1.472,1.461,258522167,379015768
2019-06-17,1.468,1.472,1.485,1.467,492940507,728059872
2019-06-18,1.472,1.487,1.488,1.469,623923401,922358424
2019-06-19,1.520,1.514,1.523,1.507,515463611,780850258
2019-06-20,1.516,1.527,1.531,1.516,508151375,775780958
2019-06-21,1.527,1.529,1.531,1.521,409605170,625137010
2019-06-24,1.528,1.532,1.548,1.528,593762271,911835938
2019-06-25,1.531,1.519,1.536,1.516,332199690,505494773
2019-06-26,1.515,1.525,1.528,1.510,379233022,577803092
2019-06-27,1.530,1.543,1.546,1.530,904201306,1391083052
2019-06-28,1.544,1.533,1.544,1.533,412816900,634815863
2019-07-01,1.551,1.564,1.565,1.550,249267300,388428725
2019-07-02,1.559,1.566,1.570,1.555,569898955,892050894
2019-07-03,1.565,1.564,1.569,1.560,1142281316,1788403613
2019-07-04,1.568,1.564,1.575,1.561,712958425,1118351309
2019-07-05,1.563,1.565,1.569,1.560,554284663,867198322
2019-07-08,1.558,1.536,1.559,1.535,393349914,605674424
2019-07-09,1.536,1.527,1.539,1.524,537645064,822682962
2019-07-10,1.533,1.529,1.537,1.527,221948100,339850857
2019-07-11,1.535,1.537,1.547,1.535,557991855,859718065
2019-07-12,1.537,1.542,1.546,1.536,444591903,685957263
2019-07-15,1.535,1.544,1.548,1.522,530271005,816094805
2019-07-16,1.546,1.550,1.551,1.542,323231788,500419533
2019-07-17,1.543,1.547,1.553,1.538,316567900,490075942
2019-07-18,1.539,1.540,1.547,1.538,314923500,485890142
2019-07-19,1.548,1.560,1.564,1.548,299602700,467634200
2019-07-22,1.555,1.542,1.557,1.541,313642200,485845062
2019-07-23,1.541,1.544,1.545,1.536,165550786,255243778
2019-07-24,1.550,1.552,1.562,1.550,212885904,331663622
2019-07-25,1.554,1.552,1.554,1.547,119240159,184853538
2019-07-26,1.540,1.543,1.545,1.536,326754695,504006894
2019-07-29,1.539,1.519,1.539,1.518,221411600,337343328
2019-07-30,1.525,1.530,1.533,1.525,382566000,585433275
2019-07-31,1.516,1.507,1.517,1.505,274218400,414147953
2019-08-01,1.501,1.497,1.509,1.495,259460600,389894431
2019-08-02,1.476,1.473,1.479,1.470,317483980,468089005
2019-08-05,1.462,1.449,1.468,1.444,388358365,565741592
2019-08-06,1.424,1.432,1.449,1.411,506057963,721356386
2019-08-07,1.436,1.436,1.442,1.427,452365200,649071779
2019-08-08,1.445,1.449,1.455,1.442,497808608,721259198
2019-08-09,1.454,1.446,1.458,1.439,628783287,911657577
2019-08-12,1.445,1.440,1.450,1.437,246161090,355063366
2019-08-13,1.423,1.407,1.423,1.403,528258400,744452512
2019-08-14,1.420,1.396,1.426,1.394,478457707,672388938
2019-08-15,1.376,1.403,1.404,1.375,594732103,828552342
2019-08-16,1.404,1.418,1.426,1.400,423253169,598054471
2019-08-19,1.432,1.453,1.457,1.432,458916700,665127812
2019-08-20,1.452,1.453,1.460,1.448,783063393,1140458902
2019-08-21,1.450,1.452,1.456,1.445,827674300,1201682156
2019-08-22,1.455,1.445,1.458,1.442,428704400,620576693
2019-08-23,1.446,1.456,1.460,1.445,499741337,727157315
2019-08-26,1.420,1.426,1.428,1.415,614407941,874161066
2019-08-27,1.439,1.437,1.442,1.433,646222600,928729792
2019-08-28,1.446,1.434,1.448,1.434,701410534,1008237214
2019-08-29,1.435,1.429,1.437,1.420,742836495,1061466095
2019-08-30,1.448,1.429,1.450,1.423,528299201,761080801
2019-09-02,1.430,1.427,1.436,1.427,521973900,747039396
2019-09-03,1.429,1.430,1.441,1.428,586865904,841240350
2019-09-04,1.437,1.477,1.484,1.437,680644900,990529276
2019-09-05,1.480,1.473,1.487,1.467,720286863,1065847730
2019-09-06,1.486,1.483,1.496,1.481,360668999,537024495
2019-09-09,1.491,1.492,1.495,1.482,558442629,831636307
2019-09-10,1.493,1.487,1.499,1.484,501202474,746238339
2019-09-11,1.492,1.515,1.520,1.489,902103349,1361426352
2019-09-12,1.527,1.511,1.527,1.506,697722103,1054691148
2019-09-16,1.512,1.503,1.512,1.502,335396203,505069857
2019-09-17,1.501,1.491,1.501,1.488,331831230,496027265
2019-09-18,1.496,1.492,1.500,1.491,688136975,1028656113
2019-09-19,1.497,1.474,1.498,1.472,761940295,1128147393
2019-09-20,1.480,1.475,1.482,1.472,499557028,738141339
2019-09-23,1.476,1.466,1.478,1.463,498157251,730992657
2019-09-24,1.471,1.467,1.474,1.464,422778815,620963531
2019-09-25,1.461,1.448,1.462,1.447,783802734,1138283016
2019-09-26,1.454,1.448,1.459,1.447,780851900,1134196790
2019-09-27,1.448,1.449,1.452,1.442,535993200,776653312
2019-09-30,1.444,1.453,1.460,1.440,272620579,395303530
2019-10-08,1.445,1.445,1.462,1.441,604449033,876657388
2019-10-09,1.437,1.433,1.445,1.430,1847249788,2654827687
2019-10-10,1.429,1.433,1.435,1.422,907578736,1297456022
2019-10-11,1.444,1.464,1.469,1.442,496160286,722081899
2019-10-14,1.470,1.470,1.477,1.463,900497077,1325169769
2019-10-15,1.470,1.469,1.473,1.466,620275424,911235900
2019-10-16,1.472,1.479,1.484,1.470,532631730,787231584
2019-10-17,1.484,1.491,1.499,1.484,449477700,671210715
2019-10-18,1.491,1.482,1.497,1.480,556963520,828321803
2019-10-21,1.479,1.484,1.488,1.476,238786200,354220998
2019-10-22,1.487,1.487,1.490,1.481,287452300,426964399
2019-10-23,1.486,1.473,1.490,1.470,483231740,714225336
2019-10-24,1.475,1.482,1.483,1.473,437962193,647709294
2019-10-25,1.483,1.481,1.486,1.476,1169452404,1732471875
2019-10-28,1.485,1.490,1.497,1.485,457567737,682357336
2019-10-29,1.496,1.483,1.496,1.480,405717247,603156157
2019-10-30,1.482,1.476,1.486,1.475,350409752,518570987
2019-10-31,1.480,1.483,1.495,1.478,703658684,1047509270
2019-11-01,1.483,1.498,1.500,1.483,822171955,1228734666
2019-11-04,1.510,1.517,1.520,1.509,534733507,810869162
2019-11-05,1.521,1.523,1.532,1.514,513819424,782958096
2019-11-06,1.515,1.524,1.528,1.513,443428238,674590305
2019-11-07,1.523,1.523,1.529,1.522,521707438,795544689
2019-11-08,1.527,1.517,1.529,1.516,496379900,755664105
2019-11-11,1.504,1.481,1.506,1.480,660295500,984268420
2019-11-12,1.485,1.488,1.491,1.476,496825767,738338494
2019-11-13,1.477,1.464,1.478,1.463,847910559,1243628871
2019-11-14,1.463,1.454,1.470,1.453,492672700,719156754
2019-11-15,1.464,1.455,1.465,1.453,437150883,637353483
2019-11-18,1.458,1.469,1.473,1.456,512411630,751480837
2019-11-19,1.470,1.494,1.494,1.469,419255568,623495769
2019-11-20,1.487,1.487,1.492,1.483,452173451,672927834
2019-11-21,1.472,1.466,1.478,1.458,550846585,807923848
2019-11-22,1.470,1.468,1.476,1.466,176496400,259405552
2019-11-25,1.484,1.496,1.502,1.483,514858300,770647201
2019-11-26,1.505,1.491,1.507,1.489,485784200,726188811
2019-11-27,1.489,1.490,1.493,1.485,165066800,245895659
2019-11-28,1.486,1.488,1.493,1.483,407733200,606578419
2019-11-29,1.475,1.457,1.476,1.456,526259700,768849075
2019-12-02,1.463,1.466,1.468,1.460,727633996,1065538135
2019-12-03,1.459,1.461,1.464,1.448,419233900,611636432
2019-12-04,1.452,1.454,1.457,1.448,383371200,556763015
2019-12-05,1.460,1.456,1.461,1.452,410436563,597691775
2019-12-06,1.461,1.464,1.469,1.459,554225129,811825625
2019-12-09,1.466,1.468,1.474,1.462,333855700,490003889
2019-12-10,1.461,1.465,1.470,1.459,319735476,468577610
2019-12-11,1.464,1.473,1.476,1.460,386594700,567182829
2019-12-12,1.488,1.497,1.499,1.484,486533587,727467633
2019-12-13,1.512,1.520,1.521,1.503,737586761,1115353798
2019-12-16,1.520,1.525,1.531,1.519,287385390,438448507
2019-12-17,1.528,1.534,1.542,1.523,494200501,758832320
2019-12-18,1.542,1.539,1.549,1.536,715578189,1103568675
2019-12-19,1.543,1.535,1.544,1.531,543611261,834787442
2019-12-20,1.537,1.536,1.546,1.533,336335800,518069211
2019-12-23,1.543,1.543,1.548,1.539,1238406251,1911126815
2019-12-24,1.543,1.543,1.550,1.540,698536808,1077618787
2019-12-25,1.542,1.536,1.553,1.535,428378346,660452497
2019-12-26,1.535,1.546,1.547,1.535,247419349,381876378
2019-12-27,1.550,1.558,1.563,1.549,735691152,1146578396
2019-12-30,1.558,1.564,1.568,1.555,363758662,568653651
2019-12-31,1.557,1.552,1.561,1.550,630634122,980877566
2020-01-02,1.555,1.566,1.572,1.554,547153571,857120473
2020-01-03,1.582,1.567,1.587,1.566,323805203,509207033
2020-01-06,1.562,1.552,1.565,1.549,1116816031,1741135935
2020-01-07,1.561,1.560,1.569,1.558,402437453,629375328
2020-01-08,1.550,1.538,1.550,1.533,573969892,885055862
2020-01-09,1.553,1.559,1.562,1.553,758711920,1182102849
2020-01-10,1.570,1.571,1.574,1.564,525345998,824361844
2020-01-13,1.580,1.582,1.584,1.570,414082627,652553975
2020-01-14,1.585,1.572,1.588,1.571,525664179,829971473
2020-01-15,1.573,1.566,1.580,1.562,383207708,600673912
2020-01-16,1.569,1.568,1.581,1.565,617811756,970742258
2020-01-17,1.574,1.569,1.584,1.569,630782028,992762191
2020-01-20,1.579,1.569,1.584,1.563,1149726500,1809788851
2020-01-21,1.557,1.533,1.557,1.531,736625600,1137966799
2020-01-22,1.536,1.548,1.548,1.532,324541046,499802724
2020-01-23,1.532,1.522,1.548,1.518,300377648,459825572
2020-02-03,1.438,1.464,1.474,1.438,731584600,1072648328
2020-02-04,1.471,1.483,1.483,1.468,487452729,719147245
2020-02-05,1.488,1.482,1.494,1.478,407644700,605878523
2020-02-06,1.497,1.516,1.523,1.494,215847129,324936779
2020-02-07,1.510,1.513,1.517,1.508,242841799,367045125
2020-02-10,1.502,1.509,1.512,1.498,207778575,313320659
2020-02-11,1.519,1.524,1.527,1.516,372298958,566706302
2020-02-12,1.527,1.533,1.536,1.522,305546448,467474778
2020-02-13,1.538,1.529,1.539,1.528,463536159,709878724
2020-02-14,1.530,1.536,1.545,1.528,389629826,599452689
2020-02-17,1.536,1.545,1.550,1.535,348372964,538236698
2020-02-18,1.535,1.526,1.535,1.524,530067161,810190827
2020-02-19,1.525,1.530,1.535,1.523,399539234,611553690
2020-02-20,1.534,1.528,1.535,1.519,480989728,733620980
2020-02-21,1.521,1.515,1.524,1.512,603941498,915996759
2020-02-24,1.502,1.488,1.503,1.488,707792215,1056239950
2020-02-25,1.480,1.485,1.487,1.474,603153860,893844359
2020-02-26,1.470,1.476,1.482,1.466,918950068,1356572937
2020-02-27,1.472,1.474,1.476,1.464,807393800,1185838190
2020-02-28,1.401,1.445,1.468,1.401,992444932,1437323223
2020-03-02,1.452,1.455,1.460,1.446,832201799,1209987813
2020-03-03,1.470,1.458,1.471,1.450,588828600,859685904
2020-03-04,1.452,1.445,1.455,1.440,716688753,1036495759
2020-03-05,1.454,1.472,1.474,1.449,1118269723,1633719435
2020-03-06,1.457,1.441,1.457,1.441,752473248,1090179266
2020-03-09,1.403,1.389,1.405,1.380,967463200,1344586664
2020-03-10,1.395,1.409,1.410,1.380,1017040183,1420852268
2020-03-11,1.407,1.389,1.408,1.389,672133859,941367272
2020-03-12,1.365,1.346,1.365,1.342,1083756726,1463544885
2020-03-13,1.269,1.322,1.400,1.260,1899605513,2473736010
2020-03-16,1.310,1.285,1.321,1.282,1400924251,1829329532
2020-03-17,1.299,1.290,1.315,1.275,1721899221,2218802399
2020-03-18,1.287,1.253,1.309,1.251,1951676648,2513030107
2020-03-19,1.253,1.230,1.263,1.194,2042754346,2500044912
2020-03-20,1.250,1.274,1.277,1.250,1362849856,1719533430
2020-03-23,1.220,1.235,1.250,1.219,1608107898,1985650740
2020-03-24,1.275,1.270,1.279,1.258,1408970585,1786039993
2020-03-25,1.300,1.307,1.311,1.290,1278899746,1663399596
2020-03-26,1.304,1.310,1.320,1.301,1270991024,1664441906
2020-03-27,1.333,1.310,1.333,1.307,947133274,1246211108
2020-03-30,1.291,1.308,1.317,1.285,1000424764,1302268802
2020-03-31,1.325,1.311,1.328,1.300,736804367,966433187
2020-04-01,1.306,1.288,1.317,1.283,870636068,1132601350
2020-04-02,1.281,1.300,1.301,1.277,756622835,976023605
2020-04-03,1.293,1.293,1.298,1.288,730154114,944546783
2020-04-07,1.339,1.343,1.344,1.329,684376135,914945218
2020-04-08,1.343,1.333,1.347,1.331,1016690140,1361983205
2020-04-09,1.342,1.350,1.350,1.340,850295894,1142656725
2020-04-10,1.350,1.346,1.354,1.345,689827700,931238199
2020-04-13,1.346,1.344,1.349,1.336,522805424,701433995
2020-04-14,1.354,1.362,1.366,1.349,687474792,934308841
2020-04-15,1.361,1.349,1.368,1.347,652601334,886543372
2020-04-16,1.338,1.344,1.346,1.333,517624309,692969292
2020-04-17,1.363,1.358,1.377,1.355,564326846,771947382
2020-04-20,1.363,1.360,1.366,1.352,375296175,510250361
2020-04-21,1.355,1.336,1.356,1.327,753601400,1007280537
2020-04-22,1.325,1.340,1.343,1.318,577450237,767156541
2020-04-23,1.348,1.341,1.353,1.338,548303168,737109822
2020-04-24,1.332,1.341,1.342,1.328,587497393,785530883
2020-04-27,1.349,1.360,1.362,1.348,360433955,489241264
2020-04-28,1.365,1.373,1.376,1.355,597665251,817398057
2020-04-29,1.386,1.377,1.392,1.374,501062788,691904934
2020-04-30,1.388,1.398,1.398,1.384,213222068,296985361
2020-05-06,1.360,1.361,1.362,1.348,779007414,1055259225
2020-05-07,1.360,1.349,1.360,1.348,546435374,738385960
2020-05-08,1.358,1.356,1.361,1.352,745867538,1012173677
2020-05-11,1.371,1.375,1.389,1.370,806336515,1112657491
2020-05-12,1.366,1.355,1.369,1.352,1003043235,1361847839
2020-05-13,1.350,1.363,1.364,1.346,770951619,1046988563
2020-05-14,1.352,1.338,1.352,1.337,724546225,972328384
2020-05-15,1.343,1.339,1.349,1.333,428661488,574485081
2020-05-18,1.339,1.345,1.350,1.337,494562442,665496723
2020-05-19,1.374,1.379,1.382,1.370,1278988919,1761376064
2020-05-20,1.379,1.372,1.382,1.370,678301366,932387828
2020-05-21,1.376,1.366,1.377,1.363,1024732672,1404727678
2020-05-22,1.335,1.311,1.338,1.298,1664478845,2191727263
2020-05-25,1.297,1.302,1.307,1.290,917639000,1189642154
2020-05-26,1.312,1.325,1.327,1.312,722983257,956176382
2020-05-27,1.326,1.314,1.328,1.312,612948355,808546587
2020-05-28,1.317,1.308,1.329,1.296,726373202,954012901
2020-05-29,1.294,1.299,1.307,1.293,967056234,1259175034
2020-06-01,1.332,1.340,1.342,1.328,751785026,1004782127
2020-06-02,1.340,1.347,1.353,1.338,608651143,819132722
2020-06-03,1.368,1.369,1.373,1.364,1056759749,1446857489
2020-06-04,1.387,1.372,1.388,1.369,753996190,1037858063
2020-06-05,1.380,1.383,1.383,1.368,787164538,1082627591
2020-06-08,1.401,1.393,1.405,1.388,657974659,919352484
2020-06-09,1.398,1.416,1.418,1.395,658737642,929070202
2020-06-10,1.417,1.406,1.423,1.404,580784854,820720988
2020-06-11,1.405,1.382,1.406,1.380,779439192,1086814173
2020-06-12,1.348,1.358,1.367,1.345,703394448,956553928
2020-06-15,1.353,1.340,1.366,1.337,906783048,1227680533
2020-06-16,1.370,1.368,1.379,1.367,1188572480,1631487459
2020-06-17,1.368,1.374,1.379,1.363,909948105,1248838295
2020-06-18,1.366,1.371,1.375,1.360,1242545535,1699896410
2020-06-19,1.372,1.390,1.394,1.370,801413741,1105510696
2020-06-22,1.384,1.378,1.390,1.375,992618953,1372269203
2020-06-23,1.370,1.392,1.395,1.364,1063927005,1473693039
2020-06-24,1.410,1.396,1.410,1.395,821054690,1149915588
2020-06-29,1.386,1.360,1.388,1.357,1136232125,1553965081
2020-06-30,1.373,1.364,1.379,1.361,1140866402,1563361582
2020-07-01,1.373,1.377,1.377,1.369,621405357,852948034
2020-07-02,1.386,1.410,1.410,1.385,952410991,1331219286
2020-07-03,1.427,1.451,1.459,1.421,1592633851,2289892758
2020-07-06,1.464,1.498,1.531,1.456,1967635807,2933385138
2020-07-07,1.518,1.482,1.527,1.475,1449799517,2168752474
2020-07-08,1.480,1.480,1.489,1.466,1280214877,1887632085
2020-07-09,1.484,1.470,1.488,1.468,1479426319,2184705582
2020-07-10,1.467,1.445,1.473,1.444,1504059484,2196078581
2020-07-13,1.453,1.456,1.469,1.449,1200566264,1752980202
2020-07-14,1.438,1.435,1.449,1.427,1447206645,2078256482
2020-07-15,1.450,1.426,1.456,1.425,1495996465,2149863601
2020-07-16,1.440,1.400,1.440,1.400,1567287016,2218581465
2020-07-17,1.407,1.404,1.412,1.398,1587934594,2230778594
2020-07-20,1.406,1.402,1.408,1.390,1397962467,1955978686
2020-07-21,1.417,1.428,1.429,1.415,893903741,1271394350
2020-07-22,1.428,1.421,1.438,1.420,1176627683,1681854640
2020-07-23,1.413,1.411,1.421,1.401,1074333464,1514347403
2020-07-24,1.403,1.383,1.410,1.379,1475708042,2056662857
2020-07-27,1.392,1.383,1.402,1.377,1059520125,1471094038
2020-07-28,1.396,1.387,1.398,1.384,510693263,709235658
2020-07-29,1.387,1.397,1.399,1.384,860028519,1197797734
2020-07-30,1.400,1.388,1.413,1.387,805284632,1128305429
2020-07-31,1.390,1.384,1.397,1.380,1019052315,1414631684
2020-08-03,1.388,1.371,1.390,1.363,835999700,1147509770
2020-08-04,1.382,1.399,1.401,1.377,1252804474,1737276820
2020-08-05,1.399,1.397,1.404,1.389,562215779,784701279
2020-08-06,1.402,1.384,1.403,1.378,882663261,1223441488
2020-08-07,1.387,1.368,1.389,1.365,561674859,772438327
2020-08-10,1.364,1.367,1.374,1.362,616544978,843999636
2020-08-11,1.376,1.383,1.394,1.375,998204874,1385076375
2020-08-12,1.381,1.402,1.403,1.379,986643380,1369100002
2020-08-13,1.411,1.403,1.419,1.401,966469711,1359763356
2020-08-14,1.400,1.410,1.412,1.398,727277961,1023118872
2020-08-17,1.407,1.415,1.423,1.403,1028241778,1456527999
2020-08-18,1.416,1.408,1.417,1.404,805877687,1137145485
2020-08-19,1.408,1.396,1.410,1.393,977271766,1371018209
2020-08-20,1.386,1.375,1.387,1.368,1180602603,1625704191
2020-08-21,1.383,1.392,1.396,1.382,963533352,1336691575
2020-08-24,1.405,1.415,1.418,1.401,1152928730,1630047767
2020-08-25,1.417,1.412,1.419,1.405,451490319,637968812
2020-08-26,1.412,1.406,1.417,1.403,665307428,938344505
2020-08-27,1.408,1.398,1.409,1.393,873346769,1219316093
2020-08-28,1.399,1.416,1.419,1.396,933986269,1315273524
2020-08-31,1.417,1.404,1.424,1.401,729439365,1032849320
2020-09-01,1.395,1.386,1.396,1.382,709297754,983899728
2020-09-02,1.388,1.382,1.390,1.373,974204586,1344455407
2020-09-03,1.382,1.377,1.389,1.372,662032975,914707853
2020-09-04,1.360,1.359,1.362,1.351,776716486,1053989500
2020-09-07,1.358,1.352,1.371,1.348,1087252630,1477486285
2020-09-08,1.362,1.356,1.364,1.343,1383671956,1875344920
2020-09-09,1.340,1.341,1.349,1.334,1271621197,1706345984
2020-09-10,1.350,1.343,1.354,1.340,1146294565,1544223367
2020-09-11,1.337,1.344,1.347,1.334,867649711,1163106977
2020-09-14,1.347,1.355,1.359,1.346,793290689,1073113888
2020-09-15,1.348,1.350,1.354,1.345,1045722014,1412660758
2020-09-16,1.353,1.349,1.354,1.345,1024989102,1383004914
2020-09-17,1.345,1.328,1.345,1.326,825163319,1100534107
2020-09-18,1.327,1.333,1.335,1.324,893251056,1188864453
2020-09-21,1.336,1.313,1.338,1.312,867822039,1145562082
2020-09-22,1.304,1.301,1.310,1.299,955993534,1247504694
2020-09-23,1.299,1.298,1.304,1.294,1008094750,1310228132
2020-09-24,1.293,1.282,1.296,1.279,2126258867,2733031867
2020-09-25,1.290,1.280,1.293,1.275,934612600,1201076835
2020-09-28,1.281,1.289,1.293,1.279,866061466,1114460197
2020-09-29,1.295,1.282,1.297,1.281,1137421500,1466239311
2020-09-30,1.293,1.288,1.305,1.284,646162578,835545578
2020-10-09,1.320,1.304,1.322,1.303,659738136,865160854
2020-10-12,1.313,1.333,1.337,1.310,1112937568,1478459963
2020-10-13,1.333,1.335,1.339,1.333,746984497,997854206
2020-10-14,1.338,1.338,1.339,1.331,739834767,988289135
2020-10-15,1.330,1.318,1.330,1.318,1130655081,1495991105
2020-10-16,1.316,1.321,1.323,1.314,915714349,1207796414
2020-10-19,1.325,1.324,1.336,1.322,729009366,968048310
2020-10-20,1.320,1.320,1.326,1.315,997249846,1317976676
2020-10-21,1.327,1.326,1.336,1.323,850948731,1130117120
2020-10-22,1.319,1.327,1.330,1.315,943830086,1249299645
2020-10-23,1.330,1.336,1.342,1.326,765010544,1021509450
2020-10-26,1.338,1.333,1.341,1.329,657504200,877364495
2020-10-27,1.335,1.336,1.342,1.327,967690636,1291852386
2020-10-28,1.338,1.335,1.340,1.329,664228700,886143263
2020-10-29,1.317,1.323,1.328,1.314,1171260483,1549089009
2020-10-30,1.319,1.300,1.322,1.294,942883002,1238931881
2020-11-02,1.307,1.311,1.313,1.303,1139403708,1489390989
2020-11-03,1.326,1.343,1.347,1.325,968554977,1297428655
2020-11-04,1.335,1.349,1.356,1.334,860806500,1159841285
2020-11-05,1.363,1.364,1.369,1.356,1107296002,1510103452
2020-11-06,1.369,1.366,1.374,1.363,588373900,805335756
2020-11-09,1.381,1.382,1.390,1.378,1132771739,1566022537
2020-11-10,1.404,1.393,1.406,1.387,894567627,1250719118
2020-11-11,1.393,1.398,1.404,1.393,721842507,1009586750
2020-11-12,1.408,1.394,1.410,1.392,1361177339,1902162858
2020-11-13,1.386,1.391,1.392,1.381,764497161,1060248391
2020-11-16,1.401,1.392,1.401,1.389,547356574,762198439
2020-11-17,1.399,1.394,1.401,1.391,742089577,1035163149
2020-11-18,1.394,1.393,1.400,1.392,869160388,1212444281
2020-11-19,1.396,1.398,1.399,1.391,552731233,771298607
2020-11-20,1.397,1.397,1.405,1.393,603535184,844357516
2020-11-23,1.404,1.395,1.406,1.393,444660800,620852670
2020-11-24,1.402,1.404,1.407,1.397,644108395,903199527
2020-11-25,1.419,1.410,1.432,1.409,677131378,961172644
2020-11-26,1.409,1.412,1.413,1.405,828259126,1167656414
2020-11-27,1.412,1.428,1.428,1.412,693714421,983717361
2020-11-30,1.421,1.403,1.427,1.400,857087972,1214790611
2020-12-01,1.402,1.407,1.411,1.400,843313663,1185791162
2020-12-02,1.407,1.403,1.408,1.395,613307871,858933947
2020-12-03,1.404,1.411,1.415,1.403,662707968,932953270
2020-12-04,1.412,1.411,1.416,1.408,693959470,979098565
2020-12-07,1.410,1.397,1.411,1.390,645536173,900677788
2020-12-08,1.394,1.390,1.396,1.388,443622448,617473628
2020-12-09,1.394,1.393,1.405,1.392,997466244,1396359540
2020-12-10,1.388,1.391,1.394,1.387,711611564,990042603
2020-12-11,1.401,1.393,1.407,1.392,526514048,736595461
2020-12-14,1.393,1.389,1.399,1.386,703841778,981188699
2020-12-15,1.389,1.385,1.391,1.380,802534844,1111484391
2020-12-16,1.390,1.392,1.398,1.388,979436119,1364619547
2020-12-17,1.394,1.396,1.398,1.390,930328532,1297582180
2020-12-18,1.400,1.390,1.402,1.387,827526864,1153259123
2020-12-21,1.386,1.395,1.401,1.383,1641694237,2292360138
2020-12-22,1.390,1.375,1.394,1.373,1016172859,1408615948
2020-12-23,1.375,1.383,1.387,1.374,1039596558,1437564978
2020-12-24,1.385,1.384,1.389,1.379,643974301,892056040
2020-12-25,1.383,1.385,1.391,1.379,445192992,616917539
2020-12-28,1.383,1.381,1.391,1.376,1110442382,1538244344
2020-12-29,1.389,1.392,1.396,1.386,374104204,521001547
2020-12-30,1.397,1.411,1.415,1.396,556302815,784190963
2020-12-31,1.422,1.431,1.432,1.421,452160295,645266564
2021-01-04,1.424,1.424,1.435,1.422,670596130,956981909
2021-01-05,1.416,1.434,1.435,1.412,849169464,1206505424
2021-01-06,1.433,1.434,1.438,1.421,842186323,1204842916
2021-01-07,1.435,1.431,1.441,1.426,671302474,962734952
2021-01-08,1.435,1.451,1.451,1.433,644582947,931669278
2021-01-11,1.465,1.460,1.479,1.456,904019127,1325782724
2021-01-12,1.460,1.471,1.472,1.455,1139582908,1668763697
2021-01-13,1.473,1.470,1.482,1.466,611856065,901836023
2021-01-14,1.475,1.486,1.488,1.475,786586473,1164031836
2021-01-15,1.487,1.504,1.507,1.480,974216818,1452621343
2021-01-18,1.495,1.509,1.522,1.492,1660549440,2497589017
2021-01-19,1.532,1.538,1.577,1.527,3999651147,6220346643
2021-01-20,1.555,1.560,1.567,1.545,1764797048,2747541251
2021-01-21,1.563,1.553,1.568,1.549,1319332230,2057426823
2021-01-22,1.553,1.542,1.564,1.538,1509828227,2337992764
2021-01-25,1.553,1.571,1.574,1.552,1238700877,1938647601
2021-01-26,1.571,1.529,1.571,1.527,1717660448,2650065251
2021-01-27,1.537,1.532,1.542,1.520,1088479991,1667338543
2021-01-28,1.513,1.492,1.525,1.487,1689059268,2536105928
2021-01-29,1.500,1.477,1.504,1.467,1139433964,1696312153
2021-02-01,1.478,1.503,1.507,1.472,1139572786,1702652146
2021-02-02,1.519,1.525,1.534,1.518,901464560,1375591128
2021-02-03,1.523,1.517,1.524,1.507,1358077930,2058803730
2021-02-04,1.513,1.514,1.530,1.491,1097776790,1660150931
2021-02-05,1.522,1.528,1.538,1.522,766110762,1172316973
2021-02-08,1.537,1.526,1.543,1.523,830977262,1273852709
2021-02-09,1.526,1.525,1.529,1.518,609293855,928448051
2021-02-10,1.535,1.553,1.557,1.535,508920055,788226622
2021-02-18,1.615,1.594,1.618,1.591,893389824,1430686796
2021-02-19,1.588,1.587,1.588,1.568,963237071,1521487952
2021-02-22,1.611,1.587,1.615,1.584,953763394,1523236233
2021-02-23,1.570,1.595,1.609,1.562,872784963,1388115190
2021-02-24,1.596,1.542,1.602,1.532,1412776090,2202658649
2021-02-25,1.555,1.564,1.574,1.544,1031618942,1609824055
2021-02-26,1.528,1.515,1.540,1.513,1098838662,1676518184
2021-03-01,1.530,1.526,1.533,1.519,770762700,1175301290
2021-03-02,1.537,1.514,1.544,1.506,1101821234,1676508523
2021-03-03,1.515,1.548,1.553,1.515,771444127,1184553492
2021-03-04,1.534,1.518,1.539,1.513,826546036,1259073924
2021-03-05,1.497,1.520,1.529,1.485,1336479146,2014546770
2021-03-08,1.531,1.495,1.533,1.494,1313478302,1982037065
2021-03-09,1.500,1.496,1.521,1.488,1547468716,2330549914
2021-03-10,1.518,1.504,1.522,1.502,787227600,1188252070
2021-03-11,1.510,1.528,1.536,1.510,891539861,1362582162
2021-03-12,1.536,1.522,1.538,1.521,686845690,1049223091
2021-03-15,1.513,1.508,1.526,1.500,1063764800,1609398324
2021-03-16,1.519,1.515,1.523,1.508,1229926286,1863133717
2021-03-17,1.514,1.514,1.526,1.507,1048545832,1590424113
2021-03-18,1.530,1.545,1.547,1.530,796119509,1225343470
2021-03-19,1.526,1.509,1.534,1.506,701413832,1066575360
2021-03-22,1.507,1.515,1.525,1.507,737472988,1117880266
2021-03-23,1.515,1.489,1.515,1.486,724163033,1085607488
2021-03-24,1.489,1.462,1.493,1.458,1354588596,1990143626
2021-03-25,1.451,1.465,1.469,1.443,1108484100,1619893245
2021-03-26,1.472,1.486,1.493,1.471,832413217,1233574631
2021-03-29,1.486,1.488,1.497,1.478,826911806,1230941555
2021-03-30,1.505,1.506,1.513,1.497,688131347,1036435892
2021-03-31,1.512,1.497,1.516,1.494,643873335,966514287
2021-04-01,1.503,1.516,1.520,1.500,641703404,968606563
2021-04-02,1.521,1.523,1.526,1.521,685622180,1044885643
2021-04-06,1.527,1.520,1.530,1.517,291584843,444350515
2021-04-07,1.523,1.503,1.526,1.502,388570327,587015149
2021-04-08,1.494,1.522,1.525,1.494,863239400,1308506158
2021-04-09,1.523,1.508,1.524,1.505,788922246,1194180707
2021-04-12,1.514,1.494,1.515,1.489,747652981,1119144358
2021-04-13,1.497,1.498,1.515,1.494,1176343188,1771460408
2021-04-14,1.507,1.515,1.520,1.503,859964710,1301357264
2021-04-15,1.511,1.507,1.515,1.498,526950722,793598274
2021-04-16,1.510,1.518,1.523,1.505,713996255,1079445120
2021-04-19,1.516,1.526,1.536,1.510,589430528,900413241
2021-04-20,1.518,1.520,1.528,1.511,669000934,1016753195
2021-04-21,1.508,1.493,1.510,1.491,892732238,1335906146
2021-04-22,1.498,1.499,1.503,1.491,920213883,1378719746
2021-04-23,1.501,1.512,1.520,1.500,494833500,749151079
2021-04-26,1.518,1.513,1.526,1.512,559523100,849710587
2021-04-27,1.507,1.508,1.515,1.503,742119936,1120825073
2021-04-28,1.508,1.512,1.517,1.507,687626720,1040224876
2021-04-29,1.520,1.523,1.530,1.518,505026062,769965106
2021-04-30,1.520,1.500,1.520,1.498,718046029,1079204239
2021-05-06,1.500,1.490,1.504,1.482,633089369,944355730
2021-05-07,1.495,1.486,1.500,1.485,885652713,1323207084
2021-05-10,1.488,1.477,1.494,1.473,653592600,968719621
2021-05-11,1.464,1.454,1.464,1.446,757495356,1100186496
2021-05-12,1.454,1.458,1.459,1.448,678033700,986095591
2021-05-13,1.452,1.445,1.458,1.444,781977418,1134308432
2021-05-14,1.449,1.453,1.454,1.439,1143246126,1654207733
2021-05-17,1.458,1.463,1.466,1.457,922940542,1349119019
2021-05-18,1.477,1.477,1.483,1.475,665607882,984750929
2021-05-19,1.474,1.471,1.475,1.468,317361768,466765516
2021-05-20,1.468,1.474,1.477,1.465,583510716,858651909
2021-05-21,1.479,1.472,1.481,1.467,686669811,1011085276
2021-05-24,1.471,1.469,1.474,1.461,660899982,970163576
2021-05-25,1.472,1.491,1.494,1.472,598550052,889042177
2021-05-26,1.499,1.505,1.507,1.499,600161763,902150992
2021-05-27,1.500,1.500,1.508,1.495,703639152,1056855362
2021-05-28,1.504,1.501,1.513,1.498,665710726,1002778678
2021-05-31,1.500,1.492,1.501,1.489,602817895,899559472
2021-06-01,1.496,1.514,1.515,1.492,675356773,1014105498
2021-06-02,1.515,1.510,1.520,1.508,805891152,1219740338
2021-06-03,1.513,1.495,1.515,1.494,916435031,1381794317
2021-06-04,1.492,1.497,1.502,1.488,630692579,943609053
2021-06-07,1.499,1.488,1.500,1.483,901104677,1340361737
2021-06-08,1.492,1.483,1.497,1.478,599399092,890470597
2021-06-09,1.484,1.483,1.490,1.481,531042975,788923637
2021-06-10,1.484,1.482,1.493,1.480,470385300,699905025
2021-06-11,1.488,1.488,1.495,1.483,485641330,722974314
2021-06-15,1.493,1.482,1.495,1.474,427356600,632637786
2021-06-16,1.482,1.474,1.483,1.472,543695113,803693930
2021-06-17,1.464,1.476,1.480,1.464,540139620,795785040
2021-06-18,1.483,1.497,1.500,1.482,479795167,716936007
2021-06-21,1.485,1.485,1.492,1.478,895312714,1328758222
2021-06-22,1.490,1.483,1.491,1.480,925090994,1373303845
2021-06-23,1.488,1.509,1.510,1.484,534188770,797845564
2021-06-24,1.507,1.510,1.516,1.505,660813494,998326959
2021-06-25,1.513,1.523,1.526,1.511,600007263,911353833
2021-06-28,1.523,1.526,1.532,1.523,296970685,453828860
2021-06-29,1.527,1.508,1.527,1.508,591951288,898698582
2021-06-30,1.518,1.505,1.522,1.504,899427436,1359306578
2021-07-01,1.504,1.499,1.505,1.499,161395975,242445881
2021-07-02,1.500,1.481,1.500,1.478,429004769,637170366
2021-07-05,1.474,1.469,1.482,1.467,659059520,971530070
2021-07-06,1.468,1.467,1.471,1.460,757949458,1109809954
2021-07-07,1.459,1.461,1.466,1.457,1043618549,1524000845
2021-07-08,1.465,1.428,1.465,1.427,761803308,1098285113
2021-07-09,1.426,1.439,1.443,1.414,915288557,1311194073
2021-07-12,1.449,1.445,1.454,1.438,650853917,939314718
2021-07-13,1.451,1.464,1.469,1.448,835526556,1222415507
2021-07-14,1.464,1.456,1.464,1.454,429855436,626993328
2021-07-15,1.456,1.471,1.476,1.452,529157072,777106225
2021-07-16,1.466,1.471,1.480,1.460,629210600,923412621
2021-07-19,1.455,1.448,1.456,1.440,527517363,763367167
2021-07-20,1.442,1.435,1.449,1.428,602756217,866702173
2021-07-21,1.439,1.427,1.439,1.417,692605128,988520008
2021-07-22,1.439,1.448,1.454,1.438,504336232,730313871
2021-07-23,1.450,1.435,1.452,1.435,864695419,1244667117
2021-07-26,1.410,1.385,1.411,1.384,878937230,1226201527
2021-07-27,1.373,1.325,1.380,1.324,1030604542,1399056184
2021-07-28,1.339,1.332,1.345,1.312,1341550737,1780186939
2021-07-29,1.366,1.370,1.378,1.355,627946936,857803472
2021-07-30,1.361,1.350,1.367,1.341,503886455,682460716
2021-08-02,1.359,1.373,1.377,1.349,527403934,720569676
2021-08-03,1.373,1.370,1.374,1.350,816071036,1111650277
2021-08-04,1.370,1.384,1.393,1.360,1084752104,1502614319
2021-08-05,1.379,1.367,1.389,1.367,472555833,652637772
2021-08-06,1.368,1.372,1.374,1.360,926595652,1267822399
2021-08-09,1.358,1.377,1.388,1.357,717839540,990096102
2021-08-10,1.383,1.390,1.393,1.370,714204816,986702662
2021-08-11,1.385,1.393,1.403,1.384,550854184,768773987
2021-08-12,1.392,1.386,1.398,1.384,604870974,842426275
2021-08-13,1.373,1.377,1.388,1.372,1312404161,1809002477
2021-08-16,1.380,1.367,1.385,1.364,1399221239,1921337230
2021-08-17,1.366,1.346,1.375,1.342,1071142200,1459228158
2021-08-18,1.352,1.354,1.362,1.347,1136195233,1540724051
2021-08-19,1.351,1.329,1.354,1.329,1103694908,1478408072
2021-08-20,1.328,1.308,1.328,1.294,1625826025,2128984563
2021-08-23,1.322,1.320,1.337,1.317,918941127,1220374842
2021-08-24,1.329,1.341,1.343,1.328,873602689,1168507061
2021-08-25,1.355,1.342,1.362,1.342,506814350,684119766
2021-08-26,1.343,1.328,1.349,1.327,651547900,871636740
2021-08-27,1.331,1.330,1.347,1.330,804587818,1076870255
2021-08-30,1.330,1.332,1.340,1.320,699942868,931812716
2021-08-31,1.333,1.347,1.350,1.315,822216985,1092878644
2021-09-01,1.351,1.361,1.366,1.344,820066500,1112806348
2021-09-02,1.370,1.366,1.383,1.363,859187600,1178823897
2021-09-03,1.360,1.356,1.367,1.352,415573718,565428891
2021-09-06,1.355,1.368,1.371,1.354,656827497,896151673
2021-09-07,1.372,1.382,1.390,1.368,735592118,1016528898
2021-09-08,1.383,1.379,1.394,1.376,648472745,897879937
2021-09-09,1.372,1.354,1.372,1.353,392915994,535210118
2021-09-10,1.356,1.365,1.372,1.356,377112567,515736117
2021-09-13,1.356,1.346,1.358,1.343,472691426,638091880
2021-09-14,1.351,1.330,1.358,1.329,656697853,885248579
2021-09-15,1.326,1.312,1.332,1.308,926643418,1222830193
2021-09-16,1.310,1.288,1.311,1.284,826815051,1070262780
2021-09-17,1.294,1.305,1.307,1.286,551099179,716383799
2021-09-22,1.286,1.292,1.300,1.278,353512520,455705843
2021-09-23,1.302,1.287,1.309,1.281,706788720,913437834
2021-09-24,1.289,1.280,1.295,1.280,552308516,710865196
2021-09-27,1.280,1.273,1.287,1.272,724244543,926768140
2021-09-28,1.276,1.292,1.295,1.274,389573694,501533718
2021-09-29,1.275,1.294,1.297,1.267,784294954,1006974629
2021-09-30,1.286,1.290,1.295,1.281,552281804,710414780
2021-10-08,1.311,1.296,1.311,1.291,545318959,708062133
2021-10-11,1.310,1.324,1.334,1.309,621416400,823997009
2021-10-12,1.313,1.307,1.323,1.305,423920200,557165414
2021-10-13,1.307,1.311,1.313,1.303,295995100,387208536
2021-10-14,1.313,1.312,1.325,1.309,245557643,323574550
2021-10-15,1.314,1.319,1.323,1.305,482305115,634217752
2021-10-18,1.325,1.319,1.327,1.313,766034824,1009720928
2021-10-19,1.328,1.341,1.345,1.328,542097333,725899374
2021-10-20,1.350,1.357,1.371,1.345,586720900,794765811
2021-10-21,1.359,1.348,1.364,1.345,462979700,627125050
2021-10-22,1.357,1.355,1.362,1.351,397494401,539026450
2021-10-25,1.348,1.357,1.361,1.347,390258001,529093822
2021-10-26,1.360,1.348,1.362,1.345,262506141,355246778
2021-10-27,1.339,1.327,1.339,1.326,388224061,516472317
2021-10-28,1.333,1.327,1.338,1.324,323353136,430370250
2021-10-29,1.322,1.317,1.325,1.316,243973110,322064891
2021-11-01,1.318,1.305,1.319,1.299,564920700,737027725
2021-11-02,1.323,1.302,1.330,1.301,489784108,645200006
2021-11-03,1.301,1.296,1.308,1.290,507255683,657100190
2021-11-04,1.302,1.300,1.308,1.299,283871912,370129697
2021-11-05,1.296,1.294,1.301,1.288,461869409,598070228
2021-11-08,1.291,1.286,1.291,1.283,246235400,316863360
2021-11-09,1.293,1.286,1.296,1.282,405238569,521641364
2021-11-10,1.284,1.285,1.288,1.271,396403300,507207931
2021-11-11,1.289,1.312,1.314,1.287,276370470,359103884
2021-11-12,1.319,1.311,1.322,1.307,310200247,407548576
2021-11-15,1.315,1.311,1.319,1.306,286275300,375384231
2021-11-16,1.317,1.327,1.330,1.314,227742300,301291707
2021-11-17,1.325,1.326,1.329,1.321,355029304,470770888
2021-11-18,1.313,1.309,1.316,1.304,405665574,531225473
2021-11-19,1.296,1.298,1.301,1.288,489235436,633247365
2021-11-22,1.303,1.293,1.304,1.291,250392100,324556305
2021-11-23,1.284,1.282,1.288,1.280,495121100,634741464
2021-11-24,1.281,1.286,1.289,1.277,471419526,604481228
2021-11-25,1.283,1.284,1.285,1.275,530905317,679990269
2021-11-26,1.277,1.256,1.279,1.256,662571625,837581605
2021-11-29,1.244,1.238,1.264,1.234,834435391,1037886932
2021-11-30,1.239,1.207,1.241,1.200,910715203,1110186168
2021-12-01,1.216,1.228,1.232,1.216,453635983,556155480
2021-12-02,1.217,1.230,1.231,1.216,405684138,497535876
2021-12-03,1.225,1.229,1.233,1.215,508677080,622368242
2021-12-06,1.217,1.208,1.223,1.208,652049387,792774931
2021-12-07,1.223,1.235,1.238,1.219,708372653,867703339
2021-12-08,1.242,1.238,1.244,1.234,478646853,592502462
2021-12-09,1.245,1.247,1.252,1.244,476999959,595141377
2021-12-10,1.246,1.239,1.251,1.238,535128700,666409605
2021-12-13,1.247,1.241,1.257,1.241,624617966,780330263
2021-12-14,1.230,1.220,1.233,1.220,468997900,574856402
2021-12-15,1.222,1.210,1.227,1.210,487471146,595423906
2021-12-16,1.212,1.207,1.212,1.200,785247600,946273903
2021-12-17,1.210,1.200,1.211,1.199,604016797,727218758
2021-12-20,1.196,1.178,1.199,1.177,721792529,858409677
2021-12-21,1.180,1.190,1.191,1.178,707883234,838450266
2021-12-22,1.197,1.189,1.201,1.188,476620461,569174554
2021-12-23,1.195,1.201,1.202,1.191,361944161,433702349
2021-12-24,1.207,1.202,1.209,1.199,347099661,417204815
2021-12-27,1.202,1.199,1.206,1.199,433461700,521404712
2021-12-28,1.203,1.203,1.206,1.196,563252900,676497815
2021-12-29,1.203,1.190,1.203,1.189,570591100,681527909
2021-12-30,1.193,1.196,1.201,1.189,824223716,985119030
2021-12-31,1.213,1.212,1.218,1.208,556728026,675600812
2022-01-04,1.211,1.204,1.211,1.198,555208190,668298957
2022-01-05,1.206,1.190,1.206,1.187,813996382,971434756
2022-01-06,1.183,1.181,1.190,1.175,366540900,433289491
2022-01-07,1.196,1.211,1.214,1.196,470559463,566570628
2022-01-10,1.213,1.227,1.230,1.209,483399278,590369841
2022-01-11,1.226,1.222,1.232,1.217,458509867,561258692
2022-01-12,1.238,1.257,1.259,1.238,773417099,967236572
2022-01-13,1.263,1.255,1.265,1.251,437229679,550095865
2022-01-14,1.247,1.253,1.258,1.243,432748763,541531567
2022-01-17,1.255,1.244,1.260,1.240,492408759,614084704
2022-01-18,1.248,1.240,1.254,1.238,312401562,389265500
2022-01-19,1.244,1.238,1.250,1.233,365906746,454021325
2022-01-20,1.245,1.279,1.279,1.245,419002889,530224546
2022-01-21,1.278,1.280,1.284,1.273,513422178,656139061
2022-01-24,1.269,1.271,1.277,1.263,639724494,813851369
2022-01-25,1.258,1.246,1.258,1.242,562510325,703200079
2022-01-26,1.250,1.247,1.259,1.239,640347862,800143535
2022-01-27,1.234,1.213,1.234,1.212,483647745,591457620
2022-01-28,1.227,1.217,1.230,1.214,308515209,376259848
2022-02-07,1.258,1.262,1.267,1.255,332895065,419615006
2022-02-08,1.265,1.256,1.266,1.246,257240750,322556178
2022-02-09,1.275,1.279,1.285,1.273,353586100,452268717
2022-02-10,1.290,1.280,1.290,1.271,281425800,359706937
2022-02-11,1.278,1.276,1.285,1.275,343681706,439730940
2022-02-14,1.270,1.267,1.274,1.261,223794812,283390184
2022-02-15,1.260,1.250,1.264,1.247,411469608,516444849
2022-02-16,1.261,1.266,1.270,1.260,195087730,246757214
2022-02-17,1.269,1.265,1.275,1.257,316168909,400625397
2022-02-18,1.259,1.261,1.270,1.259,212996527,269684974
2022-02-21,1.240,1.241,1.242,1.231,375382767,465037281
2022-02-22,1.221,1.206,1.223,1.201,572126543,691997775
2022-02-23,1.211,1.217,1.218,1.207,559100485,678305800
2022-02-24,1.202,1.178,1.202,1.170,928251766,1098228876
2022-02-25,1.186,1.166,1.187,1.165,1124566790,1319047998
2022-02-28,1.166,1.156,1.169,1.146,803420410,926952562
2022-03-01,1.161,1.169,1.170,1.154,815152295,945940006
2022-03-02,1.154,1.144,1.159,1.143,640774429,737956546
2022-03-03,1.149,1.148,1.151,1.144,472244201,541910154
2022-03-04,1.120,1.119,1.126,1.117,602966618,675746715
2022-03-07,1.094,1.083,1.098,1.068,1241913509,1343445885
2022-03-08,1.082,1.061,1.089,1.054,1264107745,1356190658
2022-03-09,1.067,1.048,1.073,1.028,1112595092,1166521673
2022-03-10,1.077,1.061,1.081,1.059,1029970565,1101037336
2022-03-11,1.036,1.052,1.058,1.029,1315913800,1371574041
2022-03-14,1.039,1.007,1.041,1.005,1597846500,1628640245
2022-03-15,0.980,0.947,1.000,0.941,2758682997,2682980254
2022-03-16,0.974,1.027,1.036,0.956,3402033128,3400446746
2022-03-17,1.080,1.086,1.095,1.063,2356772836,2546450829
2022-03-18,1.081,1.102,1.110,1.073,1146328069,1249817047
2022-03-21,1.120,1.087,1.120,1.083,779239600,854279364
2022-03-22,1.093,1.111,1.114,1.090,717019900,790541618
2022-03-23,1.130,1.142,1.149,1.126,945250311,1076702882
2022-03-24,1.129,1.130,1.141,1.125,621123174,704358258
2022-03-25,1.119,1.093,1.126,1.090,1005210399,1112748888
2022-03-28,1.096,1.106,1.119,1.089,554332000,612621596
2022-03-29,1.116,1.122,1.125,1.112,437262800,489428989
2022-03-30,1.135,1.144,1.145,1.129,435106466,494872509
2022-03-31,1.135,1.123,1.136,1.121,337683200,380452329
2022-04-01,1.106,1.122,1.125,1.101,396952300,441375278
2022-04-06,1.136,1.137,1.140,1.129,354134800,401769443
2022-04-07,1.123,1.118,1.136,1.113,477352107,536761133
2022-04-08,1.113,1.116,1.117,1.105,363958736,404652655
2022-04-11,1.111,1.083,1.111,1.083,377909218,413176834
2022-04-12,1.094,1.095,1.102,1.075,504385680,549138012
2022-04-13,1.088,1.093,1.102,1.083,330424320,360836629
2022-04-14,1.100,1.101,1.105,1.093,283790500,312044237
2022-04-15,1.096,1.094,1.097,1.092,99635600,109061526
2022-04-18,1.091,1.084,1.091,1.082,112002900,121475996
2022-04-19,1.081,1.079,1.085,1.070,428139100,460707935
2022-04-20,1.081,1.078,1.092,1.075,453229700,490624038
2022-04-21,1.070,1.067,1.079,1.060,547664700,585326280
2022-04-22,1.050,1.074,1.078,1.045,486219500,517899454
2022-04-25,1.068,1.042,1.068,1.042,806391200,849944646
2022-04-26,1.049,1.052,1.065,1.048,521086138,550046153
2022-04-27,1.043,1.053,1.057,1.039,734632000,771445715
2022-04-28,1.058,1.069,1.072,1.052,460430696,489601372
2022-04-29,1.077,1.110,1.158,1.071,1003960800,1107368791
2022-05-05,1.122,1.112,1.128,1.110,521998015,582482732
2022-05-06,1.083,1.072,1.092,1.070,453305040,490022556
2022-05-09,1.068,1.054,1.070,1.052,187153200,197706450
2022-05-10,1.038,1.058,1.061,1.035,480242690,505190463
2022-05-11,1.057,1.068,1.083,1.054,475485442,508775128
2022-05-12,1.057,1.054,1.067,1.052,458714792,485449586
2022-05-13,1.067,1.083,1.086,1.067,567558431,611443130
2022-05-16,1.095,1.083,1.096,1.076,345897160,375421254
2022-05-17,1.097,1.114,1.114,1.095,384009059,424085058
2022-05-18,1.115,1.113,1.120,1.103,463549636,514460266
2022-05-19,1.093,1.095,1.101,1.082,425987334,464344398
2022-05-20,1.108,1.107,1.114,1.102,615792200,681584922
2022-05-23,1.106,1.091,1.107,1.088,574223287,630047177
2022-05-24,1.093,1.074,1.098,1.073,333815795,362012107
2022-05-25,1.080,1.085,1.088,1.077,453147099,490091811
2022-05-26,1.091,1.082,1.092,1.074,509709200,551553147
2022-05-27,1.116,1.115,1.130,1.111,707188399,794022907
2022-05-30,1.128,1.129,1.135,1.122,474356974,535340407
2022-05-31,1.129,1.142,1.147,1.128,425302512,483632918
2022-06-01,1.149,1.147,1.152,1.140,241717300,277184236
2022-06-02,1.135,1.133,1.136,1.128,294310208,333140709
2022-06-06,1.137,1.146,1.147,1.126,789291878,899615080
2022-06-07,1.150,1.156,1.167,1.149,424451619,491269876
2022-06-08,1.169,1.179,1.182,1.165,526351363,618131749
2022-06-09,1.188,1.174,1.195,1.172,408859700,484222051
2022-06-10,1.159,1.178,1.182,1.158,358027600,419870942
2022-06-13,1.160,1.146,1.161,1.142,437790600,504300708
2022-06-14,1.136,1.149,1.151,1.131,728338831,830912650
2022-06-15,1.151,1.152,1.163,1.148,527502300,610136100
2022-06-16,1.165,1.134,1.165,1.133,519392753,595344761
2022-06-17,1.126,1.138,1.143,1.120,465284433,528642378
2022-06-20,1.136,1.142,1.143,1.130,453097592,515110504
2022-06-21,1.147,1.159,1.162,1.141,833577548,961486246
2022-06-22,1.160,1.147,1.167,1.146,448796405,519995466
2022-06-23,1.148,1.158,1.161,1.139,480029100,552962257
2022-06-24,1.163,1.174,1.176,1.159,314117751,366827527
2022-06-27,1.184,1.197,1.209,1.184,545588784,654245764
2022-06-28,1.198,1.208,1.211,1.188,480396078,575173506
2022-06-29,1.204,1.187,1.210,1.187,450215912,540236640
2022-06-30,1.188,1.185,1.199,1.178,704502926,839884918
2022-07-01,1.187,1.181,1.189,1.180,93616400,110977578
2022-07-04,1.180,1.186,1.191,1.169,365808942,432664308
2022-07-05,1.198,1.191,1.204,1.185,828354786,988554958
2022-07-06,1.190,1.164,1.191,1.160,409032394,480274129
2022-07-07,1.166,1.176,1.178,1.158,339501500,397034854
2022-07-08,1.190,1.184,1.195,1.180,376792000,446457416
2022-07-11,1.175,1.150,1.175,1.146,377968218,437090738
2022-07-12,1.148,1.144,1.155,1.139,385595500,442016349
2022-07-13,1.146,1.141,1.150,1.134,385693500,440750897
2022-07-14,1.139,1.136,1.143,1.126,381513300,433129828
2022-07-15,1.131,1.118,1.135,1.117,456919800,515019571
2022-07-18,1.124,1.141,1.144,1.115,406768400,460175986
2022-07-19,1.137,1.133,1.138,1.127,368005400,416825628
2022-07-20,1.146,1.149,1.157,1.146,301056800,346765974
2022-07-21,1.142,1.134,1.146,1.133,423334000,481807178
2022-07-22,1.138,1.133,1.144,1.129,282637175,321026054
2022-07-25,1.127,1.126,1.130,1.117,309501200,347813136
2022-07-26,1.133,1.147,1.150,1.131,296166600,337466571
2022-07-27,1.139,1.133,1.142,1.132,247983700,281684640
2022-07-28,1.139,1.128,1.141,1.127,444445999,503191318
2022-07-29,1.131,1.101,1.131,1.099,414673099,461127167
2022-08-01,1.097,1.105,1.108,1.092,590393900,650645550
2022-08-02,1.094,1.081,1.095,1.074,692590000,749492859
2022-08-03,1.089,1.083,1.094,1.080,324703100,352755321
2022-08-04,1.098,1.102,1.107,1.096,469362657,517618484
2022-08-05,1.109,1.108,1.111,1.102,334162000,369720905
2022-08-08,1.103,1.102,1.109,1.097,272531200,300210378
2022-08-09,1.100,1.100,1.111,1.090,299689200,329543924
2022-08-10,1.095,1.074,1.096,1.070,446537700,482620514
2022-08-11,1.085,1.097,1.099,1.083,373031800,406779372
2022-08-12,1.101,1.106,1.109,1.097,267546000,295197340
2022-08-15,1.103,1.107,1.115,1.100,376765100,417429662
2022-08-16,1.110,1.094,1.116,1.088,347585484,383884218
2022-08-17,1.102,1.101,1.107,1.094,555263800,610860638
2022-08-18,1.103,1.091,1.103,1.091,309654900,339337842
2022-08-19,1.089,1.093,1.103,1.088,205656900,225586465
2022-08-22,1.088,1.096,1.102,1.088,295634300,324294232
2022-08-23,1.096,1.085,1.098,1.083,366599201,399272491
2022-08-24,1.086,1.077,1.088,1.073,335565600,361863462
2022-08-25,1.083,1.105,1.105,1.080,372779499,406625980
2022-08-26,1.120,1.122,1.125,1.118,371782000,416731164
2022-08-29,1.113,1.125,1.129,1.112,318940888,358446760
2022-08-30,1.127,1.120,1.127,1.106,457411700,510299794
2022-08-31,1.113,1.124,1.130,1.102,506552600,565177317
2022-09-01,1.113,1.100,1.118,1.099,489816900,543244323
2022-09-02,1.101,1.094,1.105,1.089,316853500,347193504
2022-09-05,1.086,1.089,1.091,1.078,367949105,398856433
2022-09-06,1.093,1.091,1.097,1.085,383373800,417870670
2022-09-07,1.080,1.082,1.083,1.074,566415400,610568816
2022-09-08,1.084,1.071,1.084,1.071,415157128,447508504
2022-09-09,1.073,1.094,1.096,1.072,473479201,515510845
2022-09-13,1.098,1.094,1.101,1.089,338991900,371460389
2022-09-14,1.075,1.071,1.079,1.067,555392921,595341444
2022-09-15,1.071,1.072,1.079,1.070,519412201,557937705
2022-09-16,1.067,1.071,1.078,1.066,565642000,607138168
2022-09-19,1.063,1.058,1.066,1.055,743702106,788441834
2022-09-20,1.066,1.069,1.074,1.066,625559600,669682746
2022-09-21,1.064,1.057,1.065,1.057,748747596,793632982
2022-09-22,1.039,1.038,1.047,1.034,781291900,812903303
2022-09-23,1.035,1.035,1.042,1.032,543959746,564000607
2022-09-26,1.026,1.026,1.044,1.025,745905800,771281083
2022-09-27,1.031,1.034,1.036,1.023,825632499,849973765
2022-09-28,1.028,1.011,1.029,1.011,716404700,730345290
2022-09-29,1.022,0.999,1.023,0.993,1128057145,1140887055
2022-09-30,0.996,0.990,1.001,0.984,650408699,644380619
2022-10-10,0.998,0.991,1.003,0.990,566181809,564170075
2022-10-11,0.994,0.984,0.995,0.981,497834100,491246829
2022-10-12,0.976,0.982,0.989,0.954,1211220600,1171257709
2022-10-13,0.968,0.959,0.972,0.958,888846400,855888156
2022-10-14,0.971,0.974,0.988,0.970,1040133400,1017349744
2022-10-17,0.960,0.963,0.968,0.952,1305434400,1252274793
2022-10-18,0.978,0.978,0.982,0.965,1321471700,1288862752
2022-10-19,0.978,0.966,0.985,0.966,916852600,893282582
2022-10-20,0.950,0.948,0.960,0.940,1722621800,1632016726
2022-10-21,0.951,0.947,0.956,0.944,991540400,941048995
2022-10-24,0.930,0.891,0.936,0.887,2507110500,2270623810
2022-10-25,0.897,0.890,0.907,0.882,2294985351,2049657244
2022-10-26,0.887,0.891,0.914,0.885,1855412900,1672797342
2022-10-27,0.905,0.894,0.915,0.894,1690837700,1531467185
2022-10-28,0.893,0.862,0.896,0.859,1218848400,1069756299
2022-10-31,0.862,0.862,0.881,0.853,1425556000,1237534149
2022-11-01,0.871,0.905,0.910,0.870,1507063600,1340389159
2022-11-02,0.897,0.919,0.924,0.892,1270503100,1155771805
2022-11-03,0.906,0.900,0.915,0.898,969277100,877435187
2022-11-04,0.906,0.947,0.958,0.903,2182359100,2044762144
2022-11-07,0.935,0.971,0.979,0.930,1601631154,1538557117
2022-11-08,0.973,0.964,0.976,0.959,1123005903,1084422818
2022-11-09,0.966,0.948,0.975,0.948,1019713900,978434349
2022-11-10,0.941,0.939,0.944,0.936,871922600,819038591
2022-11-11,0.991,0.990,0.997,0.977,1590366500,1568798430
2022-11-14,1.024,1.000,1.030,0.997,1538451399,1559051690
2022-11-15,1.002,1.042,1.048,1.000,1532686300,1583204883
2022-11-16,1.036,1.041,1.054,1.035,1114794665,1164009793
2022-11-17,1.039,1.037,1.042,1.023,987662108,1018375247
2022-11-18,1.056,1.035,1.062,1.033,817657200,858027141
2022-11-21,1.020,1.024,1.029,1.007,763644800,777911120
2022-11-22,1.026,1.006,1.031,1.005,689119600,701141412
2022-11-23,1.009,1.019,1.024,1.008,683778800,693988067
2022-11-24,1.027,1.021,1.031,1.016,556895200,569328472
2022-11-25,1.025,1.023,1.026,1.013,780394300,794548529
2022-11-28,0.997,1.007,1.011,0.988,884378300,884221762
2022-11-29,1.025,1.045,1.052,1.022,1002454850,1045197240
2022-11-30,1.050,1.065,1.068,1.048,857639900,908262658
2022-12-01,1.096,1.083,1.100,1.079,1221116900,1327435140
2022-12-02,1.079,1.073,1.085,1.068,735470300,791170936
2022-12-05,1.098,1.105,1.107,1.085,975148301,1070061469
2022-12-06,1.102,1.099,1.112,1.092,894125501,985368402
2022-12-07,1.103,1.087,1.122,1.087,1025018639,1134797455
2022-12-08,1.082,1.100,1.103,1.079,751021700,819825945
2022-12-09,1.103,1.125,1.133,1.100,942274200,1052780348
2022-12-12,1.121,1.109,1.123,1.107,682830900,761276982
2022-12-13,1.108,1.115,1.121,1.105,1002925600,1117891468
2022-12-14,1.121,1.120,1.128,1.110,686052500,768638348
2022-12-15,1.118,1.100,1.118,1.093,711014900,782935826
2022-12-16,1.098,1.107,1.115,1.089,789624600,871351546
2022-12-19,1.109,1.099,1.123,1.096,760354109,840760212
2022-12-20,1.093,1.080,1.097,1.074,782781430,849033502
2022-12-21,1.087,1.082,1.092,1.082,371291309,403575755
2022-12-22,1.103,1.115,1.123,1.102,763257380,850792032
2022-12-23,1.102,1.113,1.120,1.100,389928724,434113271
2022-12-26,1.113,1.106,1.113,1.105,74100100,82142933
2022-12-27,1.112,1.121,1.121,1.112,90177700,100705633
2022-12-28,1.122,1.127,1.145,1.121,767578400,870410675
2022-12-29,1.118,1.118,1.127,1.112,586117200,657130523
2022-12-30,1.134,1.122,1.140,1.122,397045100,448819712
2023-01-03,1.111,1.127,1.132,1.088,659138800,733197437
2023-01-04,1.139,1.161,1.161,1.136,794139100,913999844
2023-01-05,1.190,1.176,1.197,1.163,779902480,922876413
2023-01-06,1.188,1.170,1.189,1.165,584990369,688822232
2023-01-09,1.181,1.179,1.187,1.175,559992919,660813019
2023-01-10,1.179,1.176,1.180,1.168,457658300,537179922
2023-01-11,1.181,1.182,1.196,1.180,450621400,535916716
2023-01-12,1.187,1.172,1.192,1.167,550928498,650422613
2023-01-13,1.179,1.190,1.190,1.174,635014900,749494111
2023-01-16,1.190,1.177,1.195,1.177,579596530,687765085
2023-01-17,1.181,1.180,1.192,1.175,489439103,578771712
2023-01-18,1.179,1.185,1.193,1.178,374358100,444084311
2023-01-19,1.176,1.188,1.193,1.174,338813500,401472907
2023-01-20,1.195,1.205,1.210,1.193,330377800,396974473
2023-01-30,1.236,1.212,1.240,1.210,663116173,812539453
2023-01-31,1.212,1.182,1.218,1.182,534396500,641235831
2023-02-01,1.193,1.200,1.203,1.185,426159084,508753752
2023-02-02,1.209,1.198,1.211,1.193,347432100,417312108
2023-02-03,1.188,1.177,1.189,1.168,595195713,699563557
2023-02-06,1.165,1.156,1.168,1.153,730023600,846050520
2023-02-07,1.160,1.164,1.175,1.160,385540606,450414441
2023-02-08,1.163,1.164,1.171,1.159,545322800,635395975
2023-02-09,1.163,1.181,1.183,1.161,368990500,432874418
2023-02-10,1.180,1.163,1.182,1.161,534049704,625113237
2023-02-13,1.150,1.164,1.170,1.146,558500500,647740902
2023-02-14,1.168,1.164,1.170,1.161,329658300,383998717
2023-02-15,1.164,1.149,1.165,1.146,427797400,492784718
2023-02-16,1.157,1.163,1.178,1.156,531105243,619941150
2023-02-17,1.162,1.150,1.168,1.150,346626678,401542313
2023-02-20,1.148,1.160,1.164,1.142,598750300,690876051
2023-02-21,1.157,1.144,1.161,1.140,439018900,504925191
2023-02-22,1.140,1.138,1.148,1.134,430942000,491957530
2023-02-23,1.135,1.133,1.144,1.131,450948151,512938874
2023-02-24,1.130,1.124,1.131,1.120,409628000,460562160
2023-02-27,1.114,1.121,1.130,1.112,367703000,412289437
2023-02-28,1.125,1.118,1.133,1.114,696744800,783089968
2023-03-01,1.120,1.150,1.150,1.117,515794500,586303978
2023-03-02,1.140,1.144,1.148,1.136,380134648,434462367
2023-03-03,1.156,1.155,1.161,1.148,678531713,783705626
2023-03-06,1.146,1.156,1.160,1.144,429109197,494684763
2023-03-07,1.157,1.150,1.182,1.146,812926309,945529949
2023-03-08,1.143,1.132,1.146,1.127,518347453,588300468
2023-03-09,1.131,1.130,1.138,1.130,599220099,679108099
2023-03-10,1.109,1.092,1.110,1.092,529897100,583582508
2023-03-13,1.089,1.100,1.105,1.088,507552600,556290894
2023-03-14,1.088,1.067,1.094,1.065,1267774030,1367732832
2023-03-15,1.085,1.086,1.099,1.082,524034630,571521579
2023-03-16,1.072,1.069,1.082,1.067,522781800,561309976
2023-03-17,1.082,1.081,1.090,1.077,594772500,644063683
2023-03-20,1.077,1.053,1.079,1.052,603316000,642834401
2023-03-21,1.063,1.074,1.075,1.062,916549830,979577062
2023-03-22,1.083,1.094,1.105,1.083,458621600,503336796
2023-03-23,1.092,1.104,1.105,1.086,890477588,975882760
2023-03-24,1.103,1.102,1.117,1.100,633759064,701868925
2023-03-27,1.103,1.100,1.105,1.088,746198200,819281345
2023-03-28,1.100,1.104,1.108,1.091,597413851,656499734
2023-03-29,1.140,1.127,1.141,1.124,811184020,916057347
2023-03-30,1.128,1.131,1.137,1.121,943687724,1067309578
2023-03-31,1.146,1.136,1.152,1.131,1045447450,1194447751
2023-04-03,1.133,1.135,1.139,1.126,842767400,955608762
2023-04-04,1.134,1.135,1.137,1.121,903874909,1021319169
2023-04-06,1.122,1.128,1.138,1.122,809228000,915211407
2023-04-07,1.137,1.144,1.146,1.136,245775800,280687776
2023-04-10,1.144,1.141,1.145,1.139,126791600,144697613
2023-04-11,1.147,1.139,1.159,1.134,389909800,446331367
2023-04-12,1.144,1.134,1.146,1.134,782182200,890841129
2023-04-13,1.122,1.126,1.130,1.109,428433700,480255797
2023-04-14,1.136,1.133,1.138,1.126,376290500,426308194
2023-04-17,1.131,1.154,1.155,1.131,865996700,990477909
2023-04-18,1.147,1.145,1.153,1.143,463944600,532510243
2023-04-19,1.148,1.138,1.148,1.134,297555600,339455426
2023-04-20,1.133,1.140,1.145,1.133,946311700,1079055537
2023-04-21,1.135,1.121,1.139,1.121,525412421,594158170
2023-04-24,1.120,1.107,1.127,1.106,786968000,878759825
2023-04-25,1.111,1.101,1.115,1.095,526124900,580185441
2023-04-26,1.098,1.111,1.119,1.095,660553900,732398359
2023-04-27,1.111,1.112,1.116,1.106,334506300,371534908
2023-04-28,1.117,1.120,1.131,1.115,312287242,350419008
2023-05-04,1.106,1.116,1.117,1.102,379917002,422272953
2023-05-05,1.124,1.121,1.132,1.119,358075600,402997288
2023-05-08,1.126,1.136,1.137,1.125,563727900,638453501
2023-05-09,1.133,1.115,1.139,1.115,433432598,489598699
2023-05-10,1.116,1.111,1.117,1.106,575340400,638379464
2023-05-11,1.115,1.104,1.118,1.101,529776659,588425640
2023-05-12,1.116,1.108,1.119,1.106,971021000,1079407464
2023-05-15,1.106,1.129,1.133,1.103,439337300,491266727
2023-05-16,1.135,1.125,1.139,1.124,438337301,496023731
2023-05-17,1.129,1.123,1.134,1.121,295975198,333464208
2023-05-18,1.122,1.119,1.132,1.117,419985500,471972802
2023-05-19,1.118,1.118,1.125,1.110,633981100,709082692
2023-05-22,1.119,1.129,1.132,1.110,1059155713,1191139047
2023-05-23,1.129,1.111,1.134,1.110,395109100,444807590
2023-05-24,1.107,1.097,1.111,1.097,507846921,560582787
2023-05-25,1.090,1.078,1.092,1.071,771274800,832126528
2023-05-26,1.070,1.073,1.075,1.067,199678100,213905424
2023-05-29,1.079,1.071,1.083,1.067,347616400,373549985
2023-05-30,1.072,1.071,1.074,1.061,510804558,545349938
2023-05-31,1.060,1.047,1.061,1.043,438344300,460953388
2023-06-01,1.050,1.055,1.066,1.050,584252000,618796237
2023-06-02,1.068,1.092,1.094,1.068,440283900,476425978
2023-06-05,1.095,1.101,1.102,1.091,805922000,883708185
2023-06-06,1.101,1.096,1.115,1.096,664488000,734863807
2023-06-07,1.111,1.112,1.118,1.108,367820199,409426128
2023-06-08,1.112,1.117,1.121,1.106,383725500,427078187
2023-06-09,1.120,1.124,1.126,1.112,318191300,356014406
2023-06-12,1.125,1.126,1.128,1.117,266063700,298582514
2023-06-13,1.123,1.137,1.138,1.122,315569000,356256618
2023-06-14,1.138,1.127,1.144,1.124,1024211100,1158236845
2023-06-15,1.140,1.148,1.150,1.138,782539396,895398928
2023-06-16,1.153,1.163,1.168,1.151,927317900,1076333364
2023-06-19,1.161,1.154,1.161,1.145,1654774178,1905601002
2023-06-20,1.156,1.145,1.160,1.141,1065500300,1224905558
2023-06-21,1.135,1.126,1.135,1.124,295415100,333734365
2023-06-26,1.110,1.108,1.115,1.101,868483400,960947515
2023-06-27,1.110,1.125,1.129,1.110,494714100,554533438
2023-06-28,1.121,1.129,1.130,1.119,646391700,726759054
2023-06-29,1.129,1.116,1.131,1.115,435518900,487305852
2023-06-30,1.115,1.117,1.125,1.114,449928900,503540454
2023-07-03,1.122,1.139,1.141,1.122,760331801,862195918
2023-07-04,1.137,1.139,1.148,1.134,280659300,320162698
2023-07-05,1.137,1.128,1.141,1.127,247446000,280180105
2023-07-06,1.122,1.107,1.131,1.104,526475100,587697313
2023-07-07,1.102,1.095,1.104,1.090,569246100,623878784
2023-07-10,1.111,1.097,1.114,1.096,353512800,390481372
2023-07-11,1.109,1.107,1.115,1.103,364497600,404215740
2023-07-12,1.112,1.112,1.118,1.108,364417700,405713873
2023-07-13,1.128,1.139,1.142,1.128,426630500,484498210
2023-07-14,1.147,1.139,1.149,1.135,274627220,313207096
2023-07-17,1.132,1.127,1.134,1.125,71176300,80294510
2023-07-18,1.135,1.121,1.136,1.119,366647000,411738025
2023-07-19,1.113,1.124,1.125,1.108,454618500,506480040
2023-07-20,1.127,1.117,1.134,1.116,388368300,437189285
2023-07-21,1.117,1.122,1.129,1.113,339214400,380466540
2023-07-24,1.104,1.101,1.119,1.098,465870400,516301146
2023-07-25,1.128,1.139,1.141,1.124,534383499,605373558
2023-07-26,1.134,1.139,1.141,1.132,343074300,390218741
2023-07-27,1.146,1.152,1.156,1.144,372270900,428082533
2023-07-28,1.144,1.172,1.174,1.143,546493600,633919703
2023-07-31,1.188,1.187,1.196,1.182,626039200,744348069
2023-08-01,1.189,1.176,1.199,1.175,478321600,568185255
2023-08-02,1.172,1.151,1.179,1.151,416810000,485871675
2023-08-03,1.148,1.156,1.161,1.145,466116900,537702418
2023-08-04,1.164,1.152,1.168,1.151,515052700,597078847
2023-08-07,1.149,1.155,1.156,1.143,298247200,343622139
2023-08-08,1.150,1.137,1.150,1.135,510812300,583235396
2023-08-09,1.130,1.136,1.142,1.130,455033000,516493954
2023-08-10,1.135,1.139,1.140,1.129,472974298,536683313
2023-08-11,1.144,1.132,1.148,1.132,372564800,424172109
2023-08-14,1.119,1.117,1.122,1.110,586690300,654195553
2023-08-15,1.116,1.117,1.122,1.110,642906500,717794516
2023-08-16,1.108,1.101,1.109,1.100,589783300,651081995
2023-08-17,1.086,1.108,1.108,1.082,829874700,907534712
2023-08-18,1.102,1.080,1.104,1.080,711960481,776126743
2023-08-21,1.073,1.060,1.077,1.059,739057676,788998918
2023-08-22,1.066,1.070,1.076,1.054,815928660,868071747
2023-08-23,1.065,1.066,1.079,1.064,577368300,617716525
2023-08-24,1.074,1.088,1.091,1.074,588234200,636940500
2023-08-25,1.079,1.076,1.085,1.076,455578300,491532677
2023-08-28,1.115,1.087,1.120,1.086,731294800,802784207
2023-08-29,1.092,1.106,1.111,1.091,524642800,578181611
2023-08-30,1.113,1.108,1.120,1.108,523518200,583167746
2023-08-31,1.110,1.099,1.116,1.099,370664000,410293244
2023-09-01,1.097,1.103,1.106,1.097,127383500,140380018
2023-09-04,1.114,1.124,1.127,1.111,561135902,628239008
2023-09-05,1.116,1.109,1.119,1.107,381482700,424637859
2023-09-06,1.106,1.105,1.110,1.098,431061200,475775783
2023-09-07,1.107,1.097,1.108,1.097,307072300,338522973
2023-09-08,1.090,1.091,1.094,1.088,93142800,101511158
2023-09-11,1.091,1.086,1.092,1.080,592342100,643174735
2023-09-12,1.086,1.090,1.094,1.080,491156766,534351196
2023-09-13,1.092,1.085,1.097,1.082,379202300,412538310
2023-09-14,1.088,1.087,1.093,1.080,366519300,397824116
2023-09-15,1.092,1.096,1.103,1.087,440099700,482372973
2023-09-18,1.086,1.085,1.090,1.076,446255000,483898395
2023-09-19,1.082,1.083,1.085,1.077,362015200,391466305
2023-09-20,1.082,1.082,1.087,1.078,440046100,476445189
2023-09-21,1.076,1.067,1.077,1.067,286963559,307615276
2023-09-22,1.064,1.085,1.086,1.064,558187837,600552518
2023-09-25,1.085,1.074,1.087,1.073,441486200,476158679
2023-09-26,1.069,1.060,1.072,1.060,445842000,475006320
2023-09-27,1.061,1.065,1.068,1.061,516810900,549859049
2023-09-28,1.065,1.052,1.066,1.050,353258700,373267440
2023-10-09,1.055,1.058,1.061,1.050,227600000,240289933
2023-10-10,1.068,1.064,1.076,1.062,338152300,361680381
2023-10-11,1.080,1.079,1.085,1.077,350007500,378076213
2023-10-12,1.096,1.098,1.100,1.093,415709600,455770697
2023-10-13,1.081,1.075,1.084,1.071,279716400,301577636
2023-10-16,1.073,1.064,1.075,1.062,407685000,435878978
2023-10-17,1.073,1.072,1.075,1.067,443896000,475378728
2023-10-18,1.069,1.070,1.075,1.063,394058400,421631840
2023-10-19,1.058,1.048,1.059,1.046,354155000,372399037
2023-10-20,1.040,1.040,1.047,1.037,351023700,365416865
2023-10-23,1.034,1.026,1.034,1.019,182197400,187099030
2023-10-24,1.029,1.030,1.034,1.019,518629900,532909193
2023-10-25,1.052,1.037,1.054,1.035,579354900,606149935
2023-10-26,1.032,1.032,1.040,1.024,572485400,590080782
2023-10-27,1.035,1.053,1.058,1.033,544834200,569578096
2023-10-30,1.047,1.052,1.053,1.043,543429500,569921906
2023-10-31,1.048,1.037,1.050,1.033,638485000,664301208
2023-11-01,1.041,1.036,1.042,1.028,493422200,510161474
2023-11-02,1.045,1.039,1.054,1.038,493596100,516142951
2023-11-03,1.050,1.064,1.068,1.048,670260700,709309970
2023-11-06,1.075,1.080,1.082,1.073,738671100,795960569
2023-11-07,1.073,1.063,1.073,1.062,537196800,572997151
2023-11-08,1.061,1.055,1.066,1.053,705289583,747894016
2023-11-09,1.055,1.056,1.060,1.051,461626800,487373503
2023-11-10,1.048,1.042,1.050,1.039,564696000,588521924
2023-11-13,1.044,1.044,1.047,1.035,479395400,499416538
2023-11-14,1.055,1.054,1.059,1.049,568898200,599342093
2023-11-15,1.070,1.079,1.083,1.066,749428800,802862116
2023-11-16,1.085,1.071,1.085,1.063,681265500,728717981
2023-11-17,1.058,1.050,1.059,1.046,771609800,811098797
2023-11-20,1.053,1.055,1.059,1.047,589006500,620241780
2023-11-21,1.064,1.051,1.068,1.048,1055773400,1118867723
2023-11-22,1.046,1.044,1.051,1.041,658943200,689278322
2023-11-23,1.046,1.053,1.055,1.041,566263300,592954722
2023-11-24,1.050,1.041,1.050,1.041,357433500,373424185
2023-11-27,1.045,1.037,1.046,1.029,410081800,424485977
2023-11-28,1.036,1.031,1.037,1.027,408037300,421046790
2023-11-29,1.030,1.002,1.030,0.999,813549000,822012736
2023-11-30,1.003,1.007,1.008,0.997,582853100,584726932
2023-12-01,1.005,1.003,1.008,0.998,676758600,678660084
2023-12-04,1.005,0.986,1.006,0.986,599759801,596341300
2023-12-05,0.984,0.964,0.985,0.963,731970800,712551170
2023-12-06,0.966,0.977,0.985,0.965,672883900,656461709
2023-12-07,0.974,0.968,0.974,0.961,494599400,478113193
2023-12-08,0.970,0.971,0.978,0.965,486027000,471834668
2023-12-11,0.961,0.965,0.971,0.954,670312600,644050331
2023-12-12,0.967,0.978,0.979,0.964,521286600,506998052
2023-12-13,0.973,0.963,0.975,0.963,406082100,393739642
2023-12-14,0.976,0.969,0.982,0.968,461582700,449574559
2023-12-15,0.980,0.988,1.001,0.979,599544232,593743480
2023-12-18,0.983,0.983,0.988,0.980,328877200,323406462
2023-12-19,0.979,0.977,0.983,0.972,508418962,496767766
2023-12-20,0.985,0.981,0.990,0.979,328220500,323442009
2023-12-21,0.972,0.983,0.986,0.971,402245300,393927547
2023-12-22,0.987,0.966,0.997,0.966,670076345,655545999
2023-12-25,0.971,0.973,0.973,0.969,122184400,118586229
2023-12-26,0.971,0.969,0.973,0.968,65716400,63733330
2023-12-27,0.975,0.985,0.985,0.971,446783400,436901073
2023-12-28,0.983,1.002,1.006,0.982,585031700,583084439
2023-12-29,1.000,0.997,1.002,0.995,410805000,409975540
2024-01-02,1.005,0.988,1.006,0.987,365787600,363297328
2024-01-03,0.982,0.984,0.985,0.980,369397200,362892263
2024-01-04,0.985,0.984,0.988,0.978,346504600,340572286
2024-01-05,0.980,0.980,0.993,0.976,360264500,354576503
2024-01-08,0.980,0.959,0.982,0.957,399893200,386672033
2024-01-09,0.962,0.963,0.973,0.962,347059500,335347086
2024-01-10,0.960,0.954,0.965,0.952,357289300,342205789
2024-01-11,0.955,0.969,0.974,0.955,459926900,444415626
2024-01-12,0.960,0.962,0.971,0.958,339518100,327791692
2024-01-15,0.962,0.962,0.968,0.956,347186300,334044337
2024-01-16,0.952,0.945,0.962,0.941,525649400,499585225
2024-01-17,0.939,0.908,0.939,0.907,742456596,683891701
2024-01-18,0.911,0.920,0.923,0.906,737610800,674198126
2024-01-19,0.918,0.908,0.926,0.907,564026500,517501792
2024-01-22,0.913,0.888,0.915,0.881,580861968,521227387
2024-01-23,0.894,0.911,0.920,0.892,924149800,839456401
2024-01-24,0.922,0.928,0.931,0.912,699291800,645209609
2024-01-25,0.941,0.960,0.961,0.936,771572100,732838686
2024-01-26,0.957,0.949,0.962,0.942,592130200,564527020
2024-01-29,0.953,0.951,0.964,0.950,545901300,522085969
2024-01-30,0.940,0.931,0.941,0.929,458661100,428778861
2024-01-31,0.926,0.917,0.933,0.915,672182500,619501320
2024-02-01,0.919,0.923,0.938,0.915,901707800,835983057
2024-02-02,0.933,0.925,0.943,0.916,754710600,702205067
2024-02-05,0.912,0.925,0.933,0.910,792082800,731019881
2024-02-06,0.926,0.958,0.958,0.925,896870301,846663656
2024-02-07,0.964,0.955,0.972,0.951,751418000,723057649
2024-02-08,0.950,0.945,0.958,0.943,796744600,757516607
2024-02-19,0.964,0.965,0.968,0.959,496788706,478340040
2024-02-20,0.969,0.963,0.969,0.956,379322727,364194991
2024-02-21,0.960,0.984,0.993,0.960,819627873,805554184
2024-02-22,0.981,0.989,0.990,0.976,492782900,484582317
2024-02-23,0.989,0.996,1.003,0.989,450623900,448350135
2024-02-26,0.992,0.988,0.997,0.986,407156900,403043305
2024-02-27,0.988,0.990,0.991,0.978,564123600,555545922
2024-02-28,0.999,0.980,1.001,0.980,631537000,626639083
2024-02-29,0.974,0.984,0.989,0.974,734555800,721781956
2024-03-01,0.976,0.983,0.986,0.968,745872700,730235289
2024-03-04,0.984,0.980,0.988,0.978,555804400,546054342
2024-03-05,0.970,0.963,0.976,0.959,708080500,684380850
2024-03-06,0.963,0.973,0.983,0.961,636817000,618586574
2024-03-07,0.976,0.965,0.983,0.965,579773500,565425895
2024-03-08,0.970,0.977,0.980,0.969,573965300,559861599
2024-03-11,0.977,0.984,0.987,0.975,470012501,461808228
2024-03-12,0.991,1.012,1.012,0.985,718236301,716643476
2024-03-13,1.011,1.013,1.021,1.009,527995400,536157161
2024-03-14,1.015,1.005,1.021,1.001,530113900,536062474
2024-03-15,0.996,0.992,0.999,0.984,515359577,510648483
2024-03-18,0.991,0.998,0.999,0.989,621436000,618150237
2024-03-19,0.989,0.984,0.993,0.981,507873838,500915772
2024-03-20,0.985,0.987,0.989,0.979,498834100,491487835
2024-03-21,0.999,1.007,1.009,0.997,643101200,645311936
2024-03-22,0.997,0.988,0.999,0.981,681838100,673913136
2024-03-25,0.990,0.984,0.994,0.984,432591817,427429996
2024-03-26,0.988,0.997,0.998,0.984,602136658,596184768
2024-03-27,0.990,0.981,0.993,0.980,513353100,506048299
2024-03-28,0.981,0.990,0.998,0.978,582458700,574506062
2024-03-29,0.990,0.994,0.995,0.990,126778400,125863888
2024-04-01,0.996,1.004,1.004,0.995,176251000,176435614
2024-04-02,1.006,1.008,1.016,1.006,510322500,516122394
2024-04-03,1.009,0.999,1.010,0.997,376606300,377669619
2024-04-08,0.993,0.998,1.008,0.989,517769300,517288679
2024-04-09,1.002,1.005,1.014,1.001,427344500,430088881
2024-04-10,1.009,1.020,1.024,1.007,634658700,645418178
2024-04-11,1.006,1.019,1.022,1.003,518736100,525452855
2024-04-12,1.012,0.998,1.015,0.998,560498700,563107466
2024-04-15,0.988,0.992,0.994,0.983,508707200,503451594
2024-04-16,0.978,0.972,0.984,0.971,619685500,606126613
2024-04-17,0.971,0.969,0.975,0.966,794233964,770777673
2024-04-18,0.970,0.978,0.985,0.968,625844300,611288919
2024-04-19,0.968,0.970,0.972,0.960,664351100,641627276
2024-04-22,0.980,0.988,0.992,0.979,561364577,553924507
2024-04-23,0.995,1.000,1.004,0.990,541720900,540084077
2024-04-24,1.011,1.026,1.027,1.008,534611600,544214185
2024-04-25,1.024,1.030,1.041,1.020,571558800,589030718
2024-04-26,1.035,1.055,1.061,1.034,701192200,736192908
2024-04-29,1.059,1.060,1.078,1.056,751733500,801294768
2024-04-30,1.063,1.059,1.068,1.056,460516438,488980807
2024-05-06,1.097,1.103,1.105,1.080,645230030,707409188
2024-05-07,1.102,1.098,1.108,1.094,442395371,486428013
2024-05-08,1.100,1.092,1.107,1.090,472801800,519841881
2024-05-09,1.093,1.108,1.110,1.092,663800533,732007579
2024-05-10,1.114,1.131,1.134,1.113,756866629,851207081
2024-05-13,1.127,1.142,1.143,1.125,565391600,641661225
2024-05-14,1.149,1.145,1.154,1.142,528505500,606217934
2024-05-15,1.143,1.138,1.144,1.137,176521800,201195153
2024-05-16,1.148,1.158,1.161,1.141,745187100,858007546
2024-05-17,1.165,1.169,1.173,1.158,837917823,976792196
2024-05-20,1.173,1.177,1.181,1.171,661648248,778534859
2024-05-21,1.169,1.151,1.170,1.149,585936900,678253261
2024-05-22,1.152,1.150,1.160,1.147,556331100,642016401
2024-05-23,1.143,1.134,1.143,1.127,517202000,586268525
2024-05-24,1.126,1.114,1.132,1.112,846491048,949219794
2024-05-27,1.117,1.132,1.133,1.112,602340500,676094529
2024-05-28,1.130,1.131,1.142,1.127,494565300,560972140
2024-05-29,1.123,1.115,1.124,1.111,636756500,711659209
2024-05-30,1.109,1.096,1.117,1.094,766892000,846084309
2024-05-31,1.106,1.097,1.114,1.094,627143200,693804091
2024-06-03,1.101,1.107,1.115,1.099,517236800,573853173
2024-06-04,1.101,1.112,1.114,1.100,471923500,523216048
2024-06-05,1.113,1.108,1.127,1.107,654859900,731374505
2024-06-06,1.118,1.110,1.126,1.107,647975700,723268674
2024-06-07,1.118,1.108,1.120,1.103,601241600,668264481
2024-06-11,1.097,1.102,1.106,1.089,695447400,762224556
2024-06-12,1.095,1.089,1.096,1.083,593484400,646323631
2024-06-13,1.098,1.095,1.102,1.090,546593800,598520460
2024-06-14,1.091,1.093,1.099,1.087,562398800,614914753
2024-06-17,1.083,1.090,1.101,1.078,546813600,596846207
2024-06-18,1.092,1.089,1.097,1.085,660479200,720419788
2024-06-19,1.096,1.118,1.118,1.096,768279500,851006525
2024-06-20,1.120,1.112,1.126,1.111,521180800,582597434
2024-06-21,1.106,1.097,1.108,1.093,577613101,634924872
2024-06-24,1.090,1.086,1.091,1.083,489194404,531909232
2024-06-25,1.098,1.093,1.108,1.091,659690900,725498013
2024-06-26,1.089,1.101,1.105,1.086,563422500,618739418
2024-06-27,1.092,1.080,1.094,1.078,536208200,581542356
2024-06-28,1.074,1.082,1.089,1.073,541660100,586550609
2024-07-01,1.080,1.085,1.085,1.075,148614800,160397529
2024-07-02,1.080,1.083,1.097,1.077,573951100,624417732
2024-07-03,1.089,1.097,1.098,1.087,571405600,624151274
2024-07-04,1.106,1.102,1.109,1.098,557098700,614594129
2024-07-05,1.103,1.092,1.106,1.089,468638902,513939562
2024-07-08,1.087,1.075,1.089,1.073,523826317,565511016
2024-07-09,1.074,1.079,1.083,1.069,654857300,704263965
2024-07-10,1.082,1.076,1.091,1.073,519471292,562277373
2024-07-11,1.085,1.095,1.095,1.082,588202277,639770075
2024-07-12,1.105,1.126,1.127,1.103,856513400,956482609
2024-07-15,1.120,1.109,1.124,1.109,560425877,624609247
2024-07-16,1.102,1.097,1.105,1.094,618801900,679093644
2024-07-17,1.099,1.094,1.100,1.090,643968408,705149824
2024-07-18,1.089,1.098,1.098,1.085,716780900,783123801
2024-07-19,1.089,1.076,1.090,1.073,901469100,970650875
2024-07-22,1.078,1.085,1.088,1.070,700035106,754697176
2024-07-23,1.088,1.074,1.089,1.073,377114100,407833794
2024-07-24,1.072,1.062,1.077,1.061,483789600,516722539
2024-07-25,1.059,1.042,1.062,1.040,535953900,561903211
2024-07-26,1.047,1.045,1.053,1.038,613191300,641530306
2024-07-29,1.054,1.059,1.063,1.051,492283500,520119744
2024-07-30,1.052,1.043,1.053,1.041,371203600,387869282
2024-07-31,1.044,1.060,1.061,1.038,801823300,844175002
2024-08-01,1.060,1.058,1.063,1.051,596342101,630441728
2024-08-02,1.040,1.030,1.044,1.028,772687342,800719129
2024-08-05,1.010,1.007,1.028,0.998,967384640,981781559
2024-08-06,1.022,1.012,1.027,1.008,805776900,818443416
2024-08-07,1.013,1.023,1.033,1.013,757156500,775285304
2024-08-08,1.018,1.027,1.034,1.012,683993500,700113193
2024-08-09,1.039,1.036,1.046,1.034,592194500,616063238
2024-08-12,1.037,1.038,1.040,1.030,484389800,501736179
2024-08-13,1.041,1.043,1.047,1.037,612820300,638058172
2024-08-14,1.046,1.033,1.047,1.033,408612101,424386458
2024-08-15,1.029,1.035,1.049,1.027,681438317,708132066
2024-08-16,1.048,1.058,1.061,1.047,566729200,597332519
2024-08-19,1.063,1.064,1.070,1.061,465855600,496365283
2024-08-20,1.069,1.057,1.069,1.057,359728650,381467443
2024-08-21,1.049,1.049,1.052,1.041,332872500,348496759
2024-08-22,1.056,1.062,1.062,1.051,415512100,438656261
2024-08-23,1.059,1.062,1.065,1.058,314988500,334253301
2024-08-26,1.066,1.074,1.075,1.066,408083900,437140918
2024-08-27,1.067,1.077,1.077,1.063,359894700,385302046
2024-08-28,1.077,1.070,1.079,1.067,347902600,372802387
2024-08-29,1.064,1.069,1.070,1.058,514496800,547306667
2024-08-30,1.070,1.086,1.094,1.068,699981912,758868388
2024-09-02,1.075,1.065,1.076,1.065,438887944,469408350
2024-09-03,1.067,1.066,1.072,1.064,504232200,538532659
2024-09-04,1.058,1.052,1.062,1.049,471067000,496628316
2024-09-05,1.056,1.050,1.061,1.048,415388300,437901099
2024-09-06,1.052,1.044,1.056,1.044,138243800,145317794
2024-09-09,1.043,1.037,1.049,1.034,351376000,365142949
2024-09-10,1.042,1.046,1.049,1.040,466317208,487082475
2024-09-11,1.038,1.036,1.039,1.030,525438272,543053398
2024-09-12,1.043,1.049,1.053,1.041,553959260,580046445
2024-09-13,1.052,1.052,1.064,1.051,435176700,459974340
2024-09-18,1.066,1.067,1.067,1.061,295094000,314219624
2024-09-19,1.069,1.090,1.090,1.067,858597700,926384451
2024-09-20,1.093,1.095,1.106,1.088,727041500,798196647
2024-09-23,1.097,1.101,1.110,1.097,677101000,748308013
2024-09-24,1.122,1.142,1.142,1.118,942055600,1063997839
2024-09-25,1.172,1.146,1.176,1.142,1358740648,1575521262
2024-09-26,1.157,1.186,1.186,1.149,1394757400,1628789904
2024-09-27,1.218,1.228,1.240,1.209,2005363200,2451810055
2024-09-30,1.269,1.289,1.316,1.245,3474467709,4440748448
2024-10-08,1.416,1.296,1.416,1.255,4022693320,5293873970
2024-10-09,1.287,1.230,1.293,1.220,3362081933,4236447835
2024-10-10,1.265,1.277,1.299,1.260,2113987265,2703695114
2024-10-11,1.277,1.246,1.282,1.237,671189839,846874984
2024-10-14,1.268,1.276,1.287,1.250,2052845797,2606196689
2024-10-15,1.271,1.233,1.278,1.232,1525336350,1923151553
2024-10-16,1.225,1.240,1.250,1.225,1562531694,1936671026
2024-10-17,1.248,1.227,1.263,1.227,1473524085,1836987390
2024-10-18,1.229,1.257,1.273,1.223,2436384538,3033663772
2024-10-21,1.258,1.245,1.265,1.242,1443839100,1810376271
2024-10-22,1.245,1.246,1.255,1.241,1120099958,1399333296
2024-10-23,1.249,1.262,1.273,1.246,1329435800,1677588581
2024-10-24,1.251,1.247,1.257,1.243,919467228,1148389544
2024-10-25,1.250,1.251,1.263,1.249,1195663075,1501560151
2024-10-28,1.253,1.256,1.258,1.245,835402125,1046691419
2024-10-29,1.264,1.257,1.272,1.253,902210379,1139340569
2024-10-30,1.254,1.240,1.258,1.236,901617018,1124352999
2024-10-31,1.242,1.239,1.249,1.236,898128004,1116294663
2024-11-01,1.242,1.242,1.253,1.236,953005602,1185307484
2024-11-04,1.246,1.244,1.249,1.238,727116100,904255626
2024-11-05,1.239,1.263,1.264,1.238,1121044462,1406640589
2024-11-06,1.261,1.250,1.268,1.243,1414360088,1776438041
2024-11-07,1.248,1.280,1.281,1.247,1190863504,1509420428
2024-11-08,1.299,1.271,1.302,1.269,1132301353,1450977513
2024-11-11,1.246,1.256,1.260,1.240,1187155600,1481060866
2024-11-12,1.254,1.226,1.268,1.223,1310103899,1630647240
2024-11-13,1.221,1.220,1.221,1.211,1275125700,1551014389
2024-11-14,1.215,1.203,1.227,1.202,968943700,1177984035
2024-11-15,1.207,1.203,1.212,1.199,1046499200,1263410909
2024-11-18,1.213,1.211,1.220,1.204,1101034395,1335111398
2024-11-19,1.217,1.215,1.219,1.207,817983300,993151226
2024-11-20,1.212,1.217,1.221,1.210,798486400,970063227
2024-11-21,1.215,1.214,1.221,1.211,787606154,957193444
2024-11-22,1.213,1.187,1.219,1.187,841406608,1013755818
2024-11-25,1.195,1.185,1.197,1.182,821317200,976025462
2024-11-26,1.180,1.185,1.193,1.179,684499200,812404068
2024-11-27,1.186,1.205,1.205,1.180,854216800,1016785149
2024-11-28,1.205,1.195,1.206,1.193,733525300,879054209
2024-11-29,1.198,1.194,1.210,1.192,1205830112,1445417365
2024-12-02,1.199,1.208,1.216,1.197,1032262700,1245637567
2024-12-03,1.211,1.218,1.223,1.205,1041352700,1263216442
2024-12-04,1.218,1.220,1.226,1.214,669972417,817609549
2024-12-05,1.210,1.207,1.214,1.204,737732717,891258094
2024-12-06,1.211,1.226,1.229,1.209,882131400,1075500077
2024-12-09,1.220,1.224,1.232,1.218,650451849,795760664
2024-12-10,1.289,1.256,1.296,1.255,1744794458,2220354305
2024-12-11,1.258,1.243,1.262,1.240,930025600,1164863430
2024-12-12,1.245,1.266,1.268,1.242,1070788800,1343385286
2024-12-13,1.249,1.236,1.251,1.236,863509000,1072515476
2024-12-16,1.234,1.223,1.239,1.220,600168100,738002265
2024-12-17,1.220,1.222,1.234,1.215,821022000,1003765659
2024-12-18,1.229,1.230,1.234,1.226,607598200,747184942
2024-12-19,1.219,1.229,1.230,1.214,597327300,729167087
2024-12-20,1.223,1.226,1.232,1.222,662073000,811811624
2024-12-23,1.230,1.230,1.234,1.223,585813700,719544966
2024-12-24,1.231,1.246,1.247,1.231,611652000,759457901
2024-12-25,1.245,1.248,1.251,1.244,186066500,232115033
2024-12-26,1.248,1.248,1.249,1.244,143787400,179225374
2024-12-27,1.244,1.243,1.250,1.241,631254100,786143453
2024-12-30,1.247,1.245,1.249,1.239,593139900,737820023
2024-12-31,1.242,1.237,1.250,1.237,572729028,712516523
2025-01-02,1.236,1.221,1.237,1.216,832383300,1019491386
2025-01-03,1.226,1.224,1.235,1.220,735699659,902557031
2025-01-06,1.234,1.226,1.237,1.223,686081800,843294425
2025-01-07,1.219,1.206,1.226,1.200,1084114400,1313382368
2025-01-08,1.208,1.201,1.214,1.194,748646300,901340854
2025-01-09,1.202,1.202,1.210,1.200,751493600,905271562
2025-01-10,1.205,1.190,1.208,1.190,652739700,782541252
2025-01-13,1.181,1.179,1.185,1.168,617017500,725365718
2025-01-14,1.183,1.202,1.207,1.181,906396100,1082083524
2025-01-15,1.197,1.203,1.206,1.196,511015400,613566614
2025-01-16,1.214,1.216,1.226,1.207,766401300,932608632
2025-01-17,1.214,1.219,1.221,1.210,504499600,613772774
2025-01-20,1.233,1.239,1.249,1.230,687830000,852315589
2025-01-21,1.244,1.243,1.248,1.234,684973600,849979173
2025-01-22,1.236,1.222,1.237,1.221,509525900,625703352
2025-01-23,1.230,1.217,1.239,1.216,861881093,1058662700
2025-01-24,1.224,1.235,1.239,1.222,795806500,981253021
2025-01-27,1.237,1.247,1.251,1.236,505825539,630356206
2025-02-05,1.276,1.268,1.282,1.263,704792899,896205077
2025-02-06,1.270,1.285,1.285,1.267,590061000,753158755
2025-02-07,1.289,1.305,1.311,1.284,887557699,1153870339
2025-02-10,1.312,1.332,1.335,1.311,876750200,1163740819
2025-02-11,1.340,1.325,1.344,1.320,595822525,792495755
2025-02-12,1.331,1.352,1.353,1.326,743730100,997172541
2025-02-13,1.362,1.369,1.391,1.358,1090469600,1498572263
2025-02-14,1.361,1.384,1.385,1.359,1031217590,1416926506
2025-02-17,1.398,1.397,1.412,1.375,1269421300,1772617171
2025-02-18,1.396,1.408,1.429,1.395,1248079091,1761453442
2025-02-19,1.403,1.417,1.420,1.399,789762300,1115510947
2025-02-20,1.404,1.396,1.411,1.385,963059398,1343888449
2025-02-21,1.418,1.437,1.438,1.410,1329429900,1894400401
2025-02-24,1.437,1.447,1.458,1.430,1060290901,1530722737
2025-02-25,1.405,1.417,1.432,1.402,747825698,1061403443
2025-02-26,1.432,1.472,1.472,1.431,902671500,1313358339
2025-02-27,1.468,1.470,1.485,1.448,1478747382,2166490422
2025-02-28,1.461,1.416,1.462,1.415,1026706178,1474994940
2025-03-03,1.429,1.421,1.446,1.416,720254774,1031879472
2025-03-04,1.403,1.425,1.426,1.396,673759059,950845423
2025-03-05,1.432,1.451,1.453,1.427,818697935,1180345997
2025-03-06,1.479,1.498,1.500,1.478,675120043,1005941175
2025-03-07,1.492,1.495,1.522,1.487,1062236400,1594927057
2025-03-10,1.491,1.474,1.499,1.464,707940538,1047535687
2025-03-11,1.445,1.461,1.468,1.440,696355590,1013882591
2025-03-12,1.472,1.454,1.476,1.451,698829344,1022892993
2025-03-13,1.457,1.445,1.462,1.433,709947206,1028664702
2025-03-14,1.461,1.484,1.488,1.451,696090594,1024741443
2025-03-17,1.496,1.493,1.503,1.486,617839706,923435099
2025-03-18,1.520,1.523,1.525,1.511,735796310,1117265114
2025-03-19,1.525,1.528,1.533,1.517,645546816,984792158
2025-03-20,1.521,1.497,1.521,1.495,753181331,1136026438
2025-03-21,1.489,1.466,1.495,1.458,735213495,1085761309
2025-03-24,1.465,1.470,1.470,1.457,602699468,882635055
2025-03-25,1.461,1.449,1.471,1.446,524482859,763458690
2025-03-26,1.456,1.451,1.462,1.448,462511205,672515405
2025-03-27,1.458,1.464,1.477,1.449,609983514,893221233
2025-03-28,1.467,1.450,1.471,1.441,626315538,911945354
2025-03-31,1.435,1.430,1.446,1.422,643434946,921457457
2025-04-01,1.437,1.442,1.450,1.433,657788380,947445368
2025-04-02,1.435,1.437,1.448,1.422,923127300,1325622663
2025-04-03,1.413,1.417,1.430,1.409,874144322,1240486465
2025-04-07,1.301,1.275,1.358,1.275,1348042756,1742949692
2025-04-08,1.282,1.264,1.288,1.239,1561516230,1971540660
2025-04-09,1.229,1.260,1.273,1.216,1407871530,1758780482
2025-04-10,1.303,1.298,1.332,1.293,1620482200,2124982742
2025-04-11,1.290,1.314,1.326,1.281,1483761700,1933097700
2025-04-14,1.336,1.336,1.347,1.328,935601496,1251057508
2025-04-15,1.347,1.341,1.349,1.333,837291224,1122809732
2025-04-16,1.335,1.319,1.340,1.310,611021600,807885835
2025-04-17,1.320,1.332,1.339,1.317,676774600,900601700
2025-04-18,1.330,1.332,1.333,1.328,135755308,180741756
2025-04-21,1.328,1.340,1.340,1.327,187445800,250064475
2025-04-22,1.335,1.345,1.351,1.328,737831700,987621732
2025-04-23,1.380,1.377,1.384,1.368,606519900,834194952
2025-04-24,1.375,1.363,1.379,1.358,511168301,699364156
2025-04-25,1.375,1.375,1.389,1.371,761129900,1050082878
2025-04-28,1.375,1.374,1.377,1.361,535419200,732863337
2025-04-29,1.373,1.363,1.379,1.361,713176734,976729667
2025-04-30,1.369,1.371,1.373,1.358,566551800,774288780
2025-05-06,1.392,1.406,1.406,1.387,647720900,905014965
2025-05-07,1.433,1.411,1.435,1.406,789617700,1122189112
2025-05-08,1.404,1.411,1.422,1.402,522686600,738877778
2025-05-09,1.414,1.413,1.420,1.407,526908650,744695490
2025-05-12,1.433,1.429,1.436,1.420,710480962,1014520867
2025-05-13,1.443,1.422,1.443,1.422,468106599,669160253
2025-05-14,1.434,1.451,1.451,1.430,607267496,875126057
2025-05-15,1.450,1.444,1.459,1.441,411797985,596794168
2025-05-16,1.433,1.435,1.438,1.428,399380999,572310135
2025-05-19,1.427,1.435,1.438,1.419,446738300,638008009
2025-05-20,1.438,1.455,1.457,1.436,398858500,578173338
2025-05-21,1.455,1.459,1.468,1.454,484420600,708098380
2025-05-22,1.455,1.445,1.458,1.445,456479898,662803882
2025-05-23,1.445,1.440,1.456,1.440,391207551,566825021
2025-05-26,1.438,1.425,1.439,1.422,455194594,651287824
2025-05-27,1.420,1.431,1.432,1.418,464528002,662407861
2025-05-28,1.433,1.424,1.439,1.422,371760604,531430142
2025-05-29,1.426,1.442,1.445,1.425,586849341,842144703
2025-05-30,1.430,1.423,1.433,1.420,377334537,537714799
2025-06-03,1.428,1.439,1.442,1.428,480849051,690589183
2025-06-04,1.439,1.448,1.452,1.437,447690202,647855127
2025-06-05,1.459,1.459,1.463,1.451,489132701,712811422
2025-06-06,1.463,1.462,1.466,1.456,362085800,528712748
2025-06-09,1.470,1.478,1.483,1.468,537696900,793877577
2025-06-10,1.481,1.482,1.490,1.473,534352140,791882120
2025-06-11,1.487,1.499,1.500,1.485,419688550,627896182
2025-06-12,1.490,1.483,1.494,1.482,385459200,573483578
2025-06-13,1.476,1.461,1.478,1.461,414773300,608874543
2025-06-16,1.459,1.474,1.474,1.456,370530800,543846080
2025-06-17,1.477,1.471,1.481,1.469,310054600,457288710
2025-06-18,1.467,1.456,1.469,1.453,341891500,498727436
2025-06-19,1.452,1.428,1.455,1.427,387994802,557686551
2025-06-20,1.431,1.437,1.444,1.431,333874695,479825487
2025-06-23,1.431,1.457,1.457,1.429,480985216,695582717
2025-06-24,1.465,1.485,1.485,1.465,412099885,609308861
2025-06-25,1.490,1.501,1.501,1.487,560904986,837877587
2025-06-26,1.494,1.490,1.494,1.485,403326700,601085699
2025-06-27,1.496,1.489,1.501,1.483,502755805,750317179
2025-06-30,1.486,1.484,1.487,1.477,413751100,613286555
2025-07-01,1.481,1.484,1.485,1.481,132344162,196258379
2025-07-02,1.491,1.488,1.494,1.479,423934160,629951002
2025-07-03,1.488,1.476,1.489,1.469,461014000,680507018
2025-07-04,1.469,1.465,1.477,1.457,492824300,722527404
2025-07-07,1.461,1.464,1.469,1.456,422525819,618295450
2025-07-08,1.469,1.479,1.481,1.468,553668041,816767699
2025-07-09,1.478,1.466,1.479,1.463,686308948,1009487742
2025-07-10,1.467,1.477,1.478,1.463,597020386,877886067
2025-07-11,1.476,1.491,1.504,1.476,644338800,963906583
2025-07-14,1.480,1.485,1.490,1.479,348629930,517443008
2025-07-15,1.492,1.500,1.508,1.482,625596100,936179622
2025-07-16,1.516,1.513,1.527,1.509,553794367,840447026
2025-07-17,1.509,1.508,1.516,1.503,452188586,682314156
2025-07-18,1.521,1.521,1.524,1.513,371682519,564721261
2025-07-21,1.534,1.536,1.536,1.527,443407203,679459779
2025-07-22,1.536,1.539,1.543,1.531,478017600,735026463
2025-07-23,1.553,1.563,1.564,1.546,619935500,963364576
2025-07-24,1.563,1.575,1.575,1.560,424961009,666980168
2025-07-25,1.567,1.555,1.569,1.555,382554194,597415830
2025-07-28,1.562,1.571,1.575,1.558,501742595,786604834
2025-07-29,1.563,1.562,1.565,1.553,367511811,572548997
2025-07-30,1.555,1.547,1.566,1.542,453243187,705206298
2025-07-31,1.537,1.526,1.538,1.525,560406365,858012075
2025-08-01,1.527,1.521,1.533,1.517,478894307,731072333
2025-08-04,1.511,1.521,1.521,1.502,461052300,697269210
2025-08-05,1.523,1.530,1.532,1.518,456945200,696582932
2025-08-06,1.529,1.532,1.537,1.527,379009292,580593579
2025-08-07,1.535,1.542,1.543,1.526,444413780,682505931
2025-08-08,1.534,1.525,1.536,1.525,353751587,541635819
2025-08-11,1.532,1.530,1.534,1.524,372692400,570063810
2025-08-12,1.527,1.536,1.536,1.526,425517500,651754329
2025-08-13,1.548,1.572,1.572,1.548,392987913,613144687
2025-08-14,1.583,1.564,1.584,1.564,355016276,559117296
2025-08-15,1.557,1.559,1.561,1.550,552437623,859733869
2025-08-18,1.562,1.561,1.571,1.558,637588143,996647844
2025-08-19,1.558,1.554,1.564,1.552,428645768,667443122
2025-08-20,1.545,1.558,1.558,1.539,334264197,517647102
2025-08-21,1.559,1.548,1.560,1.544,403085239,625540151
2025-08-22,1.555,1.558,1.562,1.553,407149458,634036226
2025-08-25,1.579,1.596,1.599,1.577,562604561,893826847
2025-08-26,1.585,1.581,1.592,1.580,256981191,407813027
2025-08-27,1.582,1.553,1.583,1.553,563429978,885571671
2025-08-28,1.545,1.541,1.546,1.528,505299980,777549860
2025-08-29,1.544,1.551,1.553,1.540,438841800,678792070
2025-09-01,1.569,1.572,1.576,1.566,411165767,646213108
2025-09-02,1.572,1.573,1.583,1.564,447034500,703561421
2025-09-03,1.579,1.556,1.585,1.554,426067700,667735270
2025-09-04,1.567,1.542,1.569,1.540,417124082,646237661
2025-09-05,1.547,1.565,1.565,1.544,349004800,542001799
2025-09-08,1.565,1.579,1.580,1.561,365734287,574339311
2025-09-09,1.583,1.592,1.602,1.580,401019900,638063534
2025-09-10,1.600,1.614,1.619,1.600,415614100,670358522
2025-09-11,1.598,1.615,1.617,1.593,396399900,635943674
2025-09-12,1.636,1.624,1.638,1.624,417251423,680579395
2025-09-15,1.624,1.628,1.638,1.621,368012365,600030151
2025-09-16,1.634,1.634,1.640,1.623,491570511,801708959
2025-09-17,1.635,1.659,1.660,1.634,384822800,633932891
2025-09-18,1.658,1.631,1.670,1.624,692244915,1144126342
2025-09-19,1.631,1.633,1.643,1.629,409912000,670557879
2025-09-22,1.629,1.626,1.635,1.619,377402433,613379848
2025-09-23,1.630,1.613,1.632,1.605,388049401,627083162
2025-09-24,1.609,1.640,1.640,1.607,374619774,608962644
2025-09-25,1.640,1.633,1.644,1.632,383452181,628252902
2025-09-26,1.618,1.624,1.632,1.618,330664694,537565639
2025-09-29,1.626,1.646,1.646,1.626,338361441,553606289
2025-09-30,1.647,1.658,1.658,1.641,456451610,752586933
2025-10-09,1.660,1.651,1.664,1.639,607027489,1003401410
2025-10-10,1.638,1.622,1.639,1.620,386108152,629787777
2025-10-13,1.582,1.589,1.599,1.569,668162904,1060393240
2025-10-14,1.600,1.573,1.611,1.567,645138452,1026642689
2025-10-15,1.589,1.601,1.602,1.582,418369892,666054187
2025-10-16,1.597,1.596,1.608,1.588,338963138,541390364
2025-10-17,1.595,1.564,1.597,1.563,409076600,645815050
2025-10-20,1.595,1.597,1.601,1.589,409557188,653124485
2025-10-21,1.615,1.616,1.628,1.611,296295199,479927066
2025-10-22,1.600,1.593,1.603,1.587,370306367,590437842
2025-10-23,1.587,1.606,1.611,1.582,557113600,886924460
2025-10-24,1.616,1.616,1.621,1.610,332484938,536838477
2025-10-27,1.633,1.630,1.636,1.625,290182900,472864318
2025-10-28,1.633,1.619,1.635,1.618,500079397,812669698
2025-10-29,1.627,1.639,1.639,1.626,170870197,278798678
2025-10-30,1.637,1.614,1.638,1.611,531335988,863531365
2025-10-31,1.616,1.603,1.620,1.603,302821194,488066273
2025-11-03,1.604,1.618,1.618,1.601,374071977,602110043
2025-11-04,1.615,1.606,1.624,1.601,327331475,528324331
2025-11-05,1.588,1.600,1.605,1.577,375580592,597819957
2025-11-06,1.609,1.631,1.631,1.608,334441499,542354802
2025-11-07,1.625,1.618,1.626,1.616,379555200,614979601
2025-11-10,1.624,1.642,1.645,1.623,370954400,605739365
2025-11-11,1.651,1.643,1.654,1.636,308954800,507936259
2025-11-12,1.648,1.661,1.667,1.648,348217748,577304273
2025-11-13,1.656,1.673,1.675,1.649,374889273,621143322
2025-11-14,1.643,1.639,1.655,1.638,370522700,609511596
2025-11-17,1.629,1.625,1.635,1.618,673038000,1094454674
2025-11-18,1.616,1.593,1.619,1.591,588905500,943962573
2025-11-19,1.597,1.590,1.601,1.584,350713968,558576386
2025-11-20,1.603,1.587,1.605,1.583,406950700,648435400
2025-11-21,1.566,1.559,1.570,1.551,483659753,755507752
2025-11-24,1.568,1.579,1.586,1.562,378269227,595356643
2025-11-25,1.595,1.588,1.602,1.585,468801299,747510017
2025-11-26,1.601,1.596,1.605,1.592,282922849,452264917
2025-11-27,1.594,1.590,1.603,1.584,367710100,586554668
2025-11-28,1.594,1.588,1.596,1.584,248376658,394659870
2025-12-01,1.588,1.596,1.604,1.588,295730600,471651498
2025-12-02,1.605,1.598,1.610,1.593,361306121,578793287
2025-12-03,1.593,1.580,1.594,1.577,244382028,387448650
2025-12-04,1.583,1.589,1.589,1.575,254523300,402966505
2025-12-05,1.585,1.605,1.605,1.582,291487800,464027432
2025-12-08,1.604,1.586,1.607,1.585,460479700,733027610
2025-12-09,1.585,1.564,1.586,1.561,299957500,471360798
2025-12-10,1.565,1.563,1.566,1.551,347985600,542007652
2025-12-11,1.577,1.566,1.583,1.563,387609070,609377357
2025-12-12,1.579,1.589,1.593,1.575,332528500,526806672
2025-12-15,1.575,1.569,1.580,1.569,253562100,399384018
2025-12-16,1.561,1.543,1.563,1.536,289165593,446704694
2025-12-17,1.543,1.556,1.560,1.540,262673153,407066735
2025-12-18,1.547,1.553,1.560,1.545,239118600,371178631
2025-12-19,1.564,1.570,1.572,1.561,278749600,436897657
2025-12-22,1.578,1.572,1.580,1.569,218194780,343427697
2025-12-23,1.581,1.573,1.584,1.570,317405477,500975096
2025-12-24,1.573,1.572,1.579,1.571,357680100,563443791
2025-12-25,1.572,1.574,1.575,1.571,72814700,114533377
2025-12-26,1.574,1.581,1.582,1.573,118422400,186867560
2025-12-29,1.581,1.564,1.588,1.561,457248200,721303329
2025-12-30,1.560,1.572,1.573,1.557,330134738,516661478
2025-12-31,1.566,1.553,1.566,1.552,168327238,261951726
2026-01-05,1.588,1.596,1.599,1.582,478631879,762777344
2026-01-06,1.605,1.620,1.623,1.604,310035052,501064640
2026-01-07,1.613,1.601,1.615,1.595,279553300,448114267
2026-01-08,1.595,1.580,1.596,1.574,284856955,451031222
2026-01-09,1.584,1.588,1.591,1.580,325095191,515499137
2026-01-12,1.594,1.605,1.608,1.583,349195800,557144378
2026-01-13,1.626,1.615,1.640,1.614,325136433,528974945
2026-01-14,1.625,1.628,1.636,1.617,458207040,745544879
2026-01-15,1.625,1.623,1.642,1.618,403111800,655584151
2026-01-16,1.633,1.613,1.639,1.612,442241900,716787402
2026-01-19,1.605,1.600,1.610,1.598,299221648,479661279
2026-01-20,1.596,1.596,1.605,1.588,432622787,691389126
2026-01-21,1.591,1.598,1.601,1.591,364291900,581306432
2026-01-22,1.609,1.601,1.612,1.596,354395751,568114584
2026-01-23,1.618,1.609,1.621,1.607,233493800,376780240
2026-01-26,1.613,1.610,1.620,1.602,282642497,454739100
2026-01-27,1.616,1.633,1.637,1.614,467417518,760224385
2026-01-28,1.644,1.676,1.676,1.639,475018776,788679884
2026-01-29,1.667,1.685,1.691,1.662,569610900,956242302
2026-01-30,1.672,1.647,1.679,1.644,479836270,793851612
2026-02-02,1.625,1.596,1.630,1.593,598889633,964417687
2026-02-03,1.619,1.611,1.626,1.584,573935140,921731108
2026-02-04,1.600,1.614,1.617,1.593,408258293,655674974
2026-02-05,1.597,1.607,1.609,1.585,491874412,784692116
2026-02-06,1.582,1.592,1.602,1.576,464992587,738971294
2026-02-09,1.617,1.620,1.623,1.610,491573588,794404566
2026-02-10,1.627,1.622,1.636,1.619,358483289,582782526
2026-02-11,1.625,1.629,1.632,1.622,296495400,482540882
2026-02-12,1.624,1.610,1.626,1.607,329748745,532245615
2026-02-13,1.590,1.586,1.598,1.579,464125955,736084160
2026-02-24,1.600,1.581,1.601,1.578,340836529,540403280
2026-02-25,1.588,1.585,1.595,1.582,356212274,565371689
2026-02-26,1.602,1.572,1.603,1.566,347683236,549379989
2026-02-27,1.567,1.580,1.580,1.564,289659747,455474383
2026-03-02,1.564,1.550,1.566,1.536,513294283,795723337
2026-03-03,1.555,1.538,1.557,1.534,503628199,777926246
2026-03-04,1.524,1.500,1.525,1.492,724902453,1091847505
2026-03-05,1.519,1.508,1.529,1.502,553280822,839164694
2026-03-06,1.506,1.534,1.538,1.506,398443257,607545046
2026-03-09,1.499,1.510,1.514,1.488,554097931,831440409
2026-03-10,1.529,1.534,1.538,1.520,557800778,854133257
2026-03-11,1.544,1.534,1.549,1.533,391644700,603298125
2026-03-12,1.526,1.526,1.540,1.518,356870837,544832995
2026-03-13,1.520,1.517,1.528,1.515,326920943,497387398
2026-03-16,1.517,1.543,1.543,1.510,281137388,429360595
2026-03-17,1.545,1.538,1.560,1.538,316063800,489438160
2026-03-18,1.540,1.547,1.550,1.533,268520300,413682226
2026-03-19,1.521,1.519,1.532,1.517,297945500,453986270
2026-03-20,1.513,1.499,1.521,1.499,333097900,503182028
2026-03-23,1.480,1.448,1.480,1.445,476791486,696571132
2026-03-24,1.468,1.486,1.486,1.461,393553800,579359443
2026-03-25,1.503,1.501,1.512,1.491,457850781,687691738
2026-03-26,1.503,1.485,1.507,1.482,257962845,384979183
2026-03-27,1.481,1.493,1.498,1.477,333478441,496055125
2026-03-30,1.472,1.478,1.482,1.460,343515024,505162529
2026-03-31,1.483,1.478,1.491,1.468,261424612,386521621
2026-04-01,1.508,1.506,1.516,1.500,280953678,423060095
2026-04-02,1.499,1.487,1.500,1.483,262071967,390620169
2026-04-03,1.492,1.489,1.500,1.484,135142066,201723825
2026-04-07,1.491,1.491,1.500,1.490,72701367,108763781
2026-04-08,1.528,1.531,1.533,1.520,442101100,675084833
2026-04-09,1.522,1.525,1.530,1.519,162539700,247812633
2026-04-10,1.530,1.531,1.542,1.529,248522006,381465810
2026-04-13,1.522,1.516,1.522,1.511,178873400,271027399
2026-04-14,1.530,1.529,1.535,1.518,220965900,337461488
2026-04-15,1.543,1.535,1.547,1.533,219852400,338397909
2026-04-16,1.541,1.556,1.558,1.541,167588800,259679471
2026-04-17,1.549,1.543,1.553,1.541,149415958,230925416
2026-04-20,1.545,1.557,1.559,1.544,249337522,387398659
2026-04-21,1.557,1.561,1.565,1.555,156020022,243271645
2026-04-22,1.554,1.549,1.555,1.543,154271277,238602937
2026-04-23,1.545,1.534,1.545,1.530,200549753,307910733
2026-04-24,1.526,1.535,1.538,1.518,221784196,339215436
2026-04-27,1.533,1.528,1.540,1.525,223769100,342769064
2026-04-28,1.522,1.515,1.527,1.512,209950248,319051664
2026-04-29,1.522,1.536,1.540,1.521,189732400,290741944
2026-04-30,1.535,1.527,1.538,1.521,233429200,356478549
2026-05-06,1.535,1.544,1.545,1.527,220382312,338968935
2026-05-07,1.559,1.565,1.567,1.559,264211833,413176622
2026-05-08,1.553,1.554,1.555,1.545,254730059,394560392
2026-05-11,1.548,1.553,1.553,1.541,306979180,474529236
2026-05-12,1.555,1.549,1.562,1.546,318828861,495485675
2026-05-13,1.548,1.548,1.554,1.540,268366341,414886623
2026-05-14,1.572,1.548,1.576,1.548,287642900,449256096
2026-05-15,1.547,1.527,1.549,1.523,325948366,500385217
2026-05-18,1.521,1.509,1.522,1.505,241955400,365625716
2026-05-19,1.509,1.520,1.520,1.509,229793071,348241774
2026-05-20,1.513,1.511,1.516,1.506,215800600,325903378
2026-05-21,1.521,1.496,1.523,1.495,204592000,309091651
2026-05-22,1.508,1.508,1.515,1.501,191135378,288185235
2026-05-25,1.505,1.504,1.509,1.503,76400773,114970740
2026-05-26,1.502,1.507,1.513,1.494,233343894,351330775
2026-05-27,1.505,1.485,1.506,1.484,201067600,300480480
2026-05-28,1.480,1.471,1.482,1.456,232070902,339911013
2026-05-29,1.476,1.480,1.485,1.470,301462700,445680755
2026-06-01,1.477,1.492,1.495,1.475,390356702,580328306
2026-06-02,1.488,1.519,1.522,1.488,302967900,456938483
2026-06-03,1.518,1.505,1.521,1.501,211414400,318719862
2026-06-04,1.496,1.485,1.500,1.480,192483700,286187236
2026-06-05,1.479,1.471,1.484,1.467,199481100,294403790
2026-06-08,1.450,1.447,1.463,1.442,213012300,308809621
2026-06-09,1.447,1.453,1.455,1.439,212890070,308405823
2026-06-10,1.439,1.438,1.442,1.427,310050000,444596647
2026-06-11,1.436,1.424,1.445,1.416,254481700,363137261
2026-06-12,1.440,1.446,1.456,1.436,218672056,316564564
2026-06-15,1.465,1.461,1.471,1.458,174768900,255821457
2026-06-16,1.457,1.436,1.461,1.436,174705200,252345445
2026-06-17,1.439,1.430,1.445,1.427,165272000,237312869
2026-06-18,1.421,1.401,1.425,1.399,266590667,375880283
2026-06-22,1.399,1.407,1.407,1.383,341704900,477230968
2026-06-23,1.405,1.374,1.405,1.372,283909602,394575177
2026-06-24,1.381,1.387,1.393,1.376,243900001,337659443
2026-06-25,1.383,1.361,1.384,1.361,270110568,369546452
2026-06-26,1.352,1.340,1.356,1.332,214196119,287329605
2026-06-29,1.348,1.362,1.369,1.347,295561991,401429444
2026-06-30,1.355,1.347,1.363,1.339,256741200,346092458
2026-07-01,1.349,1.351,1.353,1.346,116328238,157025141
2026-07-02,1.359,1.360,1.381,1.357,308108789,421860206
2026-07-03,1.372,1.380,1.390,1.371,524218843,722740244
2026-07-06,1.381,1.392,1.401,1.371,339681300,472095628
2026-07-07,1.391,1.392,1.409,1.387,285467200,399202240
2026-07-08,1.394,1.432,1.441,1.394,376460050,535569050
2026-07-09,1.435,1.425,1.443,1.418,338732798,484645878
2026-07-10,1.433,1.435,1.448,1.424,339163600,487658560
2026-07-13,1.428,1.433,1.447,1.425,432856360,622472005
2026-07-14,1.430,1.451,1.457,1.417,847122617,1221481611
2026-07-15,1.461,1.468,1.471,1.452,347482100,508516921
2026-07-16,1.478,1.484,1.497,1.478,416853826,619960292
2026-07-17,1.478,1.452,1.494,1.442,357283477,522161927
2026-07-20,1.469,1.490,1.491,1.463,398747894,591492600
2026-07-21,1.503,1.492,1.503,1.482,388518400,579128016
2026-07-22,1.484,1.474,1.485,1.471,297443900,439586772
2026-07-23,1.476,1.494,1.495,1.472,244374078,363457591
2026-07-24,1.478,1.468,1.483,1.467,281389989,415068760
2026-07-27,1.473,1.492,1.492,1.472,238772240,354295627
2026-07-28,1.493,1.496,1.503,1.482,323402800,482602097
2026-07-29,1.512,1.527,1.527,1.507,294979900,448196608
2026-07-30,1.532,1.532,1.538,1.519,276963161,423030336
2026-07-31,1.532,1.522,1.532,1.516,419769100,639248789
2026-08-03,1.528,1.535,1.542,1.524,289304947,443179866
2026-08-04,1.537,1.526,1.547,1.523,262101500,401121113
2026-08-05,1.524,1.528,1.533,1.518,322398999,491848890
2026-08-06,1.513,1.498,1.514,1.497,295376093,443472981
2026-08-07,1.501,1.505,1.506,1.495,811866937,1220241605
2026-08-10,1.514,1.519,1.522,1.510,348808900,529427870
2026-08-11,1.524,1.509,1.532,1.507,226715602,344413276
2026-08-12,1.497,1.494,1.498,1.488,174363080,260152317
2026-08-13,1.484,1.492,1.501,1.481,174741120,260961446
2026-08-14,1.483,1.479,1.488,1.477,155655474,230550690
2026-08-17,1.488,1.501,1.503,1.486,177585933,265669123
2026-08-18,1.491,1.500,1.500,1.485,160754900,239808164
2026-08-19,1.488,1.498,1.502,1.487,125242725,187327154
2026-08-20,1.511,1.516,1.517,1.504,198677100,300191540
2026-08-21,1.514,1.524,1.524,1.513,129317300,196407260
2026-08-24,1.513,1.499,1.516,1.494,171853600,257924258
2026-08-25,1.504,1.498,1.507,1.493,132008545,197804531
2026-08-26,1.503,1.510,1.515,1.503,144439100,218062890
2026-08-27,1.512,1.503,1.513,1.498,157890200,237185160
2026-08-28,1.493,1.503,1.509,1.490,167643600,251929437
2026-08-31,1.491,1.496,1.499,1.485,286819257,427982213
2026-09-01,1.491,1.489,1.495,1.482,158783723,236238640
2026-09-02,1.483,1.483,1.487,1.469,138868800,205221465
2026-09-03,1.494,1.481,1.500,1.479,169377000,252315696
2026-09-04,1.500,1.509,1.515,1.497,220308000,332522506
2026-09-07,1.507,1.495,1.508,1.490,157405042,235307226
2026-09-08,1.483,1.486,1.490,1.480,141604800,210142125
2026-09-09,1.485,1.481,1.485,1.475,103343300,153069833
2026-09-10,1.469,1.466,1.469,1.462,143234342,209826046
2026-09-11,1.452,1.457,1.459,1.443,159154526,230820119
2026-09-14,1.451,1.462,1.464,1.448,106948093,155702780
2026-09-15,1.462,1.452,1.462,1.451,104133300,151679041
2026-09-16,1.456,1.451,1.457,1.444,93294657,135169628
2026-09-17,1.438,1.441,1.444,1.430,136698400,196489193
2026-09-18,1.449,1.452,1.457,1.447,115071929,167192702
2026-09-21,1.448,1.462,1.463,1.447,112268700,163596970
2026-09-22,1.473,1.473,1.480,1.467,182886413,269309970
2026-09-23,1.472,1.460,1.472,1.458,134730700,196887300
2026-09-24,1.451,1.453,1.458,1.449,125142500,181987345
2026-09-28,1.444,1.452,1.457,1.444,131990600,191609219
2026-09-29,1.448,1.444,1.449,1.436,170746440,246117870
2026-09-30,1.434,1.445,1.445,1.429,105501300,151753343
