date,open,high,low,close,volume,turnover
2019-03-22,91.157,100.500,100.580,91.157,162110,16229786
2019-03-25,99.050,100.071,100.519,99.050,6440,645684
2019-03-26,100.071,100.302,100.686,100.071,82050,8260628
2019-03-27,100.251,100.215,100.333,100.215,460,46144
2019-03-28,100.215,100.730,100.730,100.212,97340,9799770
2019-03-29,100.727,100.528,100.730,100.528,940,94586
2019-04-01,100.531,100.576,100.629,100.178,5010,502716
2019-04-02,100.573,100.300,100.573,100.108,1130,113269
2019-04-03,100.300,100.101,100.419,100.019,640,64139
2019-04-04,100.101,100.450,100.450,90.990,3790,380414
2019-04-08,91.002,100.110,100.122,91.002,230,22927
2019-04-09,100.011,100.112,100.112,100.011,90,9006
2019-04-10,100.111,100.111,100.111,100.111,80,8009
2019-04-11,100.027,100.030,100.030,100.027,120,12004
2019-04-12,100.030,100.051,100.051,100.030,110,11005
2019-04-15,100.051,100.100,100.100,100.051,140,14012
2019-04-16,100.020,100.020,100.100,100.020,230,23007
2019-04-17,100.000,100.000,100.000,100.000,50,5000
2019-04-18,100.003,100.003,100.003,100.003,100,10000
2019-04-19,100.000,99.994,100.000,99.994,80,8000
2019-04-22,100.063,99.463,100.063,99.463,4040,404166
2019-04-23,99.463,100.000,100.040,99.463,70,6996
2019-04-24,99.900,99.897,99.900,99.897,50,4995
2019-04-25,99.900,99.778,99.900,99.750,3090,308486
2019-04-26,99.800,100.091,100.091,99.794,6360,634847
2019-04-29,99.800,99.898,99.898,99.800,220,21976
2019-04-30,99.999,99.999,99.999,99.999,800,79999
2019-05-06,99.990,99.899,99.990,99.899,20,1999
2019-05-07,100.200,100.200,100.200,100.200,200,20040
2019-05-08,100.197,99.900,100.197,99.900,20,2001
2019-05-09,99.903,99.850,99.903,99.850,120,11987
2019-05-10,99.800,100.000,100.000,99.800,48010,4791798
2019-05-13,99.977,100.000,100.010,99.977,6950,695020
2019-05-14,100.000,100.000,100.050,100.000,2140,214105
2019-05-15,100.000,100.092,100.092,100.000,11070,1107886
2019-05-16,100.050,100.049,100.050,100.049,20,2001
2019-05-17,99.152,99.800,99.800,99.152,4210,420051
2019-05-20,100.071,100.071,100.071,100.071,10,1001
2019-05-21,100.071,100.071,100.071,100.071,10,1001
2019-05-22,100.071,100.071,100.071,100.071,,
2019-05-23,100.032,100.032,100.032,100.032,10,1000
2019-05-24,100.225,100.225,100.225,100.225,50,5011
2019-05-27,100.225,100.225,100.450,100.225,220,22072
2019-05-28,100.318,100.318,100.318,100.318,30,3010
2019-05-29,100.064,100.064,100.064,100.064,20,2001
2019-05-30,100.100,100.000,100.100,100.000,2310,231210
2019-05-31,100.049,100.049,100.049,100.049,10,1000
2019-06-03,100.074,100.001,100.074,100.000,2160,216155
2019-06-04,99.830,99.830,99.830,99.830,10,998
2019-06-05,100.028,100.028,100.028,100.028,30,3001
2019-06-06,100.014,100.014,100.014,100.014,30,3000
2019-06-10,100.249,100.016,100.249,100.016,2010,201498
2019-06-11,100.100,99.900,100.364,99.900,5130,513537
2019-06-12,100.100,99.900,100.100,99.900,2110,211209
2019-06-13,99.903,99.900,99.903,99.900,110,10989
2019-06-14,100.376,100.376,100.500,100.376,2210,221843
2019-06-17,100.373,100.371,100.380,100.370,3020,303137
2019-06-18,100.290,100.290,100.290,100.290,10,1003
2019-06-19,100.031,100.031,100.031,100.031,50,5002
2019-06-20,100.590,100.590,100.590,100.590,30,3018
2019-06-21,100.610,100.610,100.610,100.610,20,2012
2019-06-24,100.610,100.610,100.610,100.610,,
2019-06-25,100.577,100.620,100.742,100.577,52720,5304190
2019-06-26,100.664,100.702,100.702,100.664,8020,807538
2019-06-27,100.702,100.702,100.702,100.702,30,3021
2019-06-28,100.737,100.737,100.737,100.737,50,5037
2019-07-01,100.740,101.200,101.200,100.700,230,23215
2019-07-02,100.697,101.000,101.190,100.697,4830,487326
2019-07-03,101.000,101.136,101.136,101.000,100,10106
2019-07-04,101.135,101.136,101.630,101.135,450,45659
2019-07-05,101.139,101.136,101.158,101.136,240,24275
2019-07-08,100.883,101.233,101.233,100.883,4350,439662
2019-07-09,101.141,101.141,101.141,101.141,10,1011
2019-07-10,101.144,100.871,101.169,100.871,4340,438406
2019-07-11,101.142,101.620,101.870,101.142,32430,3294547
2019-07-12,101.490,101.191,101.490,101.191,320,32471
2019-07-15,100.294,100.289,100.416,100.289,1810,181739
2019-07-16,100.292,100.200,100.292,100.200,2100,210429
2019-07-17,100.200,100.200,100.200,100.200,,
2019-07-18,100.200,100.200,100.200,100.200,,
2019-07-19,100.102,100.102,100.102,100.102,10,1001
2019-07-22,100.102,100.102,100.102,100.102,,
2019-07-23,100.102,100.102,100.102,100.102,,
2019-07-24,100.071,100.091,100.400,100.071,210,21050
2019-07-25,100.094,100.399,100.399,100.090,210,21050
2019-07-26,100.396,100.003,100.396,100.003,110,11040
2019-07-29,100.002,100.007,100.400,100.002,420,42121
2019-07-30,100.010,100.399,100.399,100.010,200,20041
2019-07-31,100.396,100.399,100.399,100.300,2300,230710
2019-08-01,100.396,100.392,100.400,100.000,11030,1104760
2019-08-02,100.389,100.389,100.389,100.001,6600,661443
2019-08-05,100.386,100.400,100.400,100.386,2300,230919
2019-08-06,100.400,100.400,100.400,100.400,4200,421680
2019-08-07,100.400,100.400,100.400,100.400,,
2019-08-08,100.403,100.587,100.587,100.403,210,21103
2019-08-09,100.584,100.500,100.590,100.201,1010,101564
2019-08-12,100.503,100.631,100.780,100.503,3410,343602
2019-08-13,100.634,100.631,100.830,100.631,510,51382
2019-08-14,100.634,100.601,100.830,100.601,2610,263106
2019-08-15,100.604,100.799,100.799,100.604,200,20140
2019-08-16,100.796,100.899,100.899,100.750,220,22185
2019-08-19,100.896,100.601,100.896,100.601,2210,222776
2019-08-20,100.604,100.501,100.799,100.501,660,66490
2019-08-21,100.504,100.504,100.504,100.504,100,10050
2019-08-22,100.507,100.699,100.699,100.507,310,31187
2019-08-23,100.696,100.601,100.899,100.601,420,42323
2019-08-26,100.604,100.898,100.898,100.601,520,52343
2019-08-27,100.895,100.898,100.898,100.700,310,31256
2019-08-28,100.895,100.803,100.899,100.803,500,50439
2019-08-29,100.806,100.898,100.898,100.600,310,31236
2019-08-30,100.895,100.503,100.895,100.502,120,12100
2019-09-02,100.503,100.510,100.899,100.503,3790,382333
2019-09-03,100.513,100.508,100.898,100.507,280,28182
2019-09-04,100.511,100.699,100.899,100.511,1400,141140
2019-09-05,100.702,100.898,100.898,100.699,440,44328
2019-09-06,100.895,100.701,100.895,100.701,110,11097
2019-09-09,100.704,100.788,100.899,100.700,2600,262298
2019-09-10,100.791,100.700,100.791,100.700,130,13100
2019-09-11,100.703,100.898,100.898,100.699,310,31257
2019-09-12,100.895,100.700,100.895,100.700,120,12104
2019-09-16,100.703,100.900,100.900,100.703,3030,305688
2019-09-17,100.900,101.221,101.221,100.900,15550,1570818
2019-09-18,101.224,101.498,101.498,101.200,2330,235837
2019-09-19,101.495,101.200,101.495,101.200,2210,223889
2019-09-20,101.203,101.296,101.300,101.203,5010,507499
2019-09-23,101.250,101.252,101.252,101.250,20,2025
2019-09-24,101.255,101.251,101.255,101.251,710,71889
2019-09-25,101.253,101.349,101.349,101.253,4000,405120
2019-09-26,101.346,101.300,101.352,101.300,4180,423543
2019-09-27,101.303,101.298,101.419,101.297,2530,256297
2019-09-30,101.301,101.300,101.439,101.300,7200,729439
2019-10-08,101.539,101.539,101.539,101.539,100,10154
2019-10-09,101.536,101.331,101.536,101.331,200,20287
2019-10-10,101.334,101.351,101.520,101.334,2460,249693
2019-10-11,101.354,101.421,101.518,101.354,1200,121795
2019-10-14,101.424,101.431,101.520,101.424,2220,225363
2019-10-15,101.434,101.431,101.498,101.413,1210,122798
2019-10-16,101.434,101.595,101.595,101.430,280,28429
2019-10-17,101.592,101.592,101.601,101.592,4200,426704
2019-10-18,101.595,101.590,101.700,101.590,1400,142359
2019-10-21,101.593,101.601,101.601,101.587,1210,122936
2019-10-22,101.511,101.501,101.511,101.501,7000,710532
2019-10-23,101.530,101.699,101.699,101.530,610,61950
2019-10-24,101.696,101.402,101.696,101.402,200,20310
2019-10-25,101.405,101.410,101.499,101.405,610,61871
2019-10-28,101.413,101.599,101.599,101.407,610,61889
2019-10-29,101.596,101.301,101.596,101.301,600,60888
2019-10-30,101.304,101.695,101.695,101.304,200,20300
2019-10-31,101.692,101.696,101.696,101.401,270,27437
2019-11-01,101.400,101.690,101.695,101.400,710,72200
2019-11-04,101.687,101.687,101.693,101.687,120,12203
2019-11-05,101.401,101.401,101.401,101.401,10,1014
2019-11-06,101.404,101.404,101.404,101.404,100,10140
2019-11-07,101.407,101.397,101.407,101.397,200,20280
2019-11-08,101.400,101.689,101.689,101.400,300,30449
2019-11-11,101.686,101.686,101.686,101.686,100,10169
2019-11-12,101.683,101.688,101.688,101.497,480,48756
2019-11-13,101.685,101.699,101.699,101.685,200,20338
2019-11-14,101.696,101.497,101.696,101.497,110,11185
2019-11-15,101.500,101.497,101.699,101.497,240,24380
2019-11-18,101.500,101.497,101.500,101.497,110,11165
2019-11-19,101.497,101.497,101.695,101.496,710,72082
2019-11-20,101.500,101.501,101.699,101.500,2610,265386
2019-11-21,101.504,101.505,101.505,101.504,110,11165
2019-11-22,101.508,101.508,101.508,101.508,100,10151
2019-11-25,101.511,101.511,101.511,101.511,100,10151
2019-11-26,101.514,101.699,101.699,101.514,210,21337
2019-11-27,101.696,101.699,101.699,101.502,210,21355
2019-11-28,101.699,101.699,101.699,101.699,,
2019-11-29,101.696,101.696,101.696,101.696,100,10170
2019-12-02,101.693,101.602,101.693,101.602,200,20330
2019-12-03,101.605,101.699,101.699,101.602,210,21346
2019-12-04,101.696,101.702,101.801,101.602,3230,328787
2019-12-05,101.705,101.800,101.900,101.701,3300,335653
2019-12-06,101.797,101.800,101.800,101.502,210,21375
2019-12-09,101.797,101.797,101.797,101.797,100,10180
2019-12-10,101.794,101.794,101.794,101.794,100,10179
2019-12-11,101.791,101.791,101.791,101.791,100,10179
2019-12-12,101.788,101.793,101.793,101.602,220,22390
2019-12-13,101.790,101.790,101.790,101.790,110,11197
2019-12-16,101.787,101.792,101.792,101.602,230,23406
2019-12-17,101.789,101.636,101.801,101.636,790,80406
2019-12-18,101.639,101.650,101.904,101.639,720,73311
2019-12-19,101.660,101.664,101.804,101.660,920,93642
2019-12-20,101.667,101.671,101.671,101.667,250,25417
2019-12-23,101.674,101.701,101.805,101.674,2430,247370
2019-12-24,101.704,101.699,101.704,101.699,200,20340
2019-12-25,101.702,101.804,101.804,101.702,1300,132245
2019-12-26,101.801,101.804,101.804,101.801,300,30541
2019-12-27,101.801,101.804,101.804,101.601,410,41718
2019-12-30,101.801,101.805,101.805,101.551,3020,307445
2019-12-31,101.802,101.808,101.808,101.802,110,11199
2020-01-02,101.706,101.706,101.706,101.706,30,3051
2020-01-03,101.706,101.726,101.904,101.706,2540,258379
2020-01-06,101.806,101.806,101.806,101.806,30,3054
2020-01-07,101.899,101.900,101.900,101.899,1200,122280
2020-01-08,101.806,101.806,101.806,101.806,20,2036
2020-01-09,101.905,101.805,101.905,101.705,10920,1111541
2020-01-10,101.801,101.900,101.911,101.801,54900,5593179
2020-01-13,101.895,101.895,101.895,101.895,4300,438149
2020-01-14,101.895,101.896,101.896,101.895,30,3057
2020-01-15,101.896,101.896,101.896,101.896,,
2020-01-16,101.948,101.948,101.948,101.948,10,1019
2020-01-17,101.895,101.895,101.895,101.895,30,3057
2020-01-20,101.895,101.895,101.895,101.895,,
2020-01-21,101.895,101.895,101.895,101.895,,
2020-01-22,102.001,102.001,102.001,102.001,120,12240
2020-01-23,102.101,102.101,102.101,102.101,2100,214412
2020-02-03,102.501,102.601,102.601,102.501,2600,266603
2020-02-04,102.501,102.501,102.501,102.501,4200,430504
2020-02-05,102.501,102.601,102.601,102.501,2400,246222
2020-02-06,102.503,102.601,102.601,102.503,2110,216487
2020-02-07,102.601,102.601,102.601,102.600,6520,668959
2020-02-10,102.601,102.701,102.801,102.601,4240,435661
2020-02-11,102.805,102.805,102.805,102.805,300,30842
2020-02-12,102.805,102.805,102.805,102.805,,
2020-02-13,102.701,102.701,102.701,102.701,2100,215672
2020-02-14,102.701,102.901,102.901,102.701,3510,360950
2020-02-17,102.901,102.901,102.901,102.901,2300,236672
2020-02-18,102.991,103.100,103.101,102.991,5000,515450
2020-02-19,103.100,103.200,103.200,103.100,110,11351
2020-02-20,103.200,103.200,103.200,103.200,200,20640
2020-02-21,103.100,103.105,103.105,103.100,210,21652
2020-02-24,103.100,103.200,103.200,103.100,410,42311
2020-02-25,103.300,103.300,103.300,103.300,220,22726
2020-02-26,103.400,103.400,103.400,103.400,800,82720
2020-02-27,103.400,103.703,103.703,103.400,107300,11121284
2020-02-28,103.704,103.715,103.904,103.695,133100,13801855
2020-03-02,103.894,103.890,103.894,103.798,10300,1069751
2020-03-03,103.894,103.850,103.894,103.701,2710,281336
2020-03-04,103.594,103.794,104.200,103.594,13210,1372494
2020-03-05,103.880,103.875,103.880,103.875,1110,115303
2020-03-06,103.876,103.875,103.876,103.875,8100,841388
2020-03-09,103.894,103.870,103.894,103.794,8210,852875
2020-03-10,103.794,103.794,103.794,103.794,1000,103794
2020-03-11,103.694,103.297,103.694,103.297,9210,953923
2020-03-12,103.487,103.487,103.487,103.487,100,10349
2020-03-13,103.294,103.294,103.294,103.294,100,10329
2020-03-16,103.294,103.487,103.487,103.294,510,52776
2020-03-17,103.288,103.390,103.390,103.288,200,20668
2020-03-18,103.194,103.394,103.394,103.194,610,63068
2020-03-19,103.194,102.801,103.194,102.799,9300,957288
2020-03-20,102.674,103.047,103.241,102.674,6509,669499
2020-03-23,103.241,103.250,103.260,103.241,2720,280822
2020-03-24,103.041,103.141,103.241,103.041,4220,435674
2020-03-25,103.141,103.041,103.141,103.041,2400,247508
2020-03-26,103.241,103.241,103.241,103.041,4500,464545
2020-03-27,103.241,103.241,103.241,103.241,2100,216806
2020-03-30,103.241,103.241,103.241,103.241,,
2020-03-31,103.441,104.200,105.306,103.441,19100,1992200
2020-04-01,103.614,104.200,104.400,103.614,2300,238508
2020-04-02,104.343,104.600,104.600,104.343,5600,585246
2020-04-03,104.513,104.700,104.700,104.513,110,11515
2020-04-07,104.524,104.700,104.700,104.524,110,11515
2020-04-08,104.525,104.525,104.525,104.525,400,41810
2020-04-09,105.008,104.994,105.008,104.975,6300,661461
2020-04-10,105.781,104.700,105.781,104.600,7920,832451
2020-04-13,104.500,104.500,104.500,104.500,300,31350
2020-04-14,104.500,104.500,104.500,104.500,1000,104500
2020-04-15,104.300,104.400,104.400,104.300,200,20870
2020-04-16,104.400,104.600,104.600,104.400,3110,324835
2020-04-17,104.600,104.600,104.600,104.600,,
2020-04-20,104.600,104.550,104.750,104.550,5420,566976
2020-04-21,104.450,104.450,104.450,104.450,1010,105495
2020-04-22,104.498,104.501,104.501,104.498,2200,229902
2020-04-23,104.502,104.502,104.502,104.502,10,1045
2020-04-24,104.702,104.820,104.820,104.702,3300,345658
2020-04-27,104.800,104.800,104.800,104.800,300,31440
2020-04-28,104.902,104.802,104.902,104.702,200,20960
2020-04-29,104.902,105.870,105.870,104.902,186878,19690527
2020-04-30,105.850,105.850,105.850,105.699,2000,211670
2020-05-06,105.800,105.800,105.800,105.800,110,11638
2020-05-07,105.800,105.699,105.800,105.699,610,64498
2020-05-08,105.699,105.699,105.799,105.699,2200,232548
2020-05-11,105.699,105.699,105.699,105.699,,
2020-05-12,105.799,105.799,105.799,105.799,300,31740
2020-05-13,105.699,105.400,105.699,105.400,2400,253618
2020-05-14,105.199,105.199,105.199,105.199,10,1052
2020-05-15,105.499,105.399,105.694,105.399,6600,696669
2020-05-18,106.045,105.699,106.165,105.699,6200,656958
2020-05-19,105.299,105.299,105.299,105.299,10,1053
2020-05-20,105.299,105.299,105.299,105.299,,
2020-05-21,105.599,105.399,105.599,105.399,2300,242458
2020-05-22,105.399,105.399,105.399,105.399,200,21080
2020-05-25,105.399,104.799,105.399,104.799,3000,315236
2020-05-26,104.599,104.599,104.599,104.599,10,1046
2020-05-27,104.599,104.599,104.599,104.599,,
2020-05-28,104.599,104.599,104.599,104.399,4300,449756
2020-05-29,104.799,105.015,105.099,104.799,202690,21277899
2020-06-01,105.000,105.000,105.000,105.000,1400,147000
2020-06-02,105.000,104.700,105.000,104.700,2010,210747
2020-06-03,104.800,104.201,104.800,104.200,3800,396940
2020-06-04,103.960,103.960,103.960,103.960,200,20792
2020-06-05,104.201,104.201,104.201,104.201,100,10420
2020-06-08,103.901,103.901,103.901,103.901,10,1039
2020-06-09,104.001,104.050,104.301,104.001,7200,749110
2020-06-10,103.999,103.999,103.999,103.999,2100,218398
2020-06-11,103.999,103.999,103.999,103.999,,
2020-06-12,104.199,104.663,104.663,104.199,3300,344351
2020-06-15,104.800,104.900,104.900,104.800,810,84938
2020-06-16,104.800,104.700,104.800,104.700,3300,345720
2020-06-17,104.700,104.700,104.700,104.700,,
2020-06-18,104.700,104.700,104.700,104.700,,
2020-06-19,104.700,104.700,104.700,104.700,,
2020-06-22,104.500,104.500,104.500,104.500,500,52250
2020-06-23,104.500,104.500,104.500,104.500,500,52250
2020-06-24,104.205,104.205,104.205,104.205,10,1042
2020-06-29,104.000,104.300,104.300,104.000,410,42691
2020-06-30,104.000,104.000,104.000,104.000,10,1040
2020-07-01,104.100,104.100,104.100,104.100,1620,168642
2020-07-02,104.150,104.038,104.150,104.038,2610,271830
2020-07-03,104.300,104.200,104.400,104.200,2610,272202
2020-07-06,104.200,104.200,104.200,104.013,2320,241740
2020-07-07,103.990,103.990,103.990,103.990,10,1040
2020-07-08,103.900,103.900,103.900,103.900,2500,259750
2020-07-09,103.899,103.899,103.899,103.899,2200,228578
2020-07-10,103.898,103.898,103.898,103.898,2000,207796
2020-07-13,103.898,103.898,103.898,103.898,,
2020-07-14,103.600,103.908,103.908,103.600,200,20751
2020-07-15,104.100,103.909,104.100,103.909,110,11449
2020-07-16,104.063,104.063,104.063,104.063,100,10406
2020-07-17,103.600,103.900,103.900,103.600,1100,114260
2020-07-20,104.000,104.200,104.200,104.000,2200,228820
2020-07-21,104.500,104.500,104.500,104.500,100,10450
2020-07-22,104.600,103.999,104.600,103.999,2600,271660
2020-07-23,103.999,103.999,103.999,103.999,,
2020-07-24,103.999,103.999,103.999,103.999,,
2020-07-27,104.199,104.001,104.199,104.001,400,41640
2020-07-28,104.001,104.001,104.001,104.001,10,1040
2020-07-29,104.103,104.103,104.103,104.103,100,10410
2020-07-30,104.103,104.103,104.103,104.103,,
2020-07-31,104.500,104.500,104.500,104.500,200,20900
2020-08-03,104.400,104.400,104.400,104.400,200,20880
2020-08-04,104.500,104.500,104.500,104.500,2100,219450
2020-08-05,104.700,104.400,104.700,104.400,400,41840
2020-08-06,104.100,104.100,104.100,104.100,20,2082
2020-08-07,104.300,104.300,104.300,104.300,100,10430
2020-08-10,104.200,104.200,104.200,104.200,300,31260
2020-08-11,104.200,104.200,104.200,104.200,,
2020-08-12,104.200,104.200,104.200,104.200,,
2020-08-13,104.200,104.200,104.200,104.200,,
2020-08-14,103.814,104.299,104.299,103.814,4210,437238
2020-08-17,104.399,104.399,104.399,104.399,100,10440
2020-08-18,104.067,104.400,104.400,103.831,4700,488910
2020-08-19,104.075,104.598,104.599,104.075,1200,125382
2020-08-20,104.600,104.551,104.600,104.328,1100,115006
2020-08-21,104.600,104.600,104.600,104.600,500,52300
2020-08-24,104.600,104.600,104.600,104.600,,
2020-08-25,104.066,104.299,104.299,104.066,3500,364332
2020-08-26,104.349,104.599,104.599,104.349,400,41815
2020-08-27,104.599,104.599,104.599,104.599,,
2020-08-28,104.398,104.200,104.398,103.950,2500,260040
2020-08-31,103.987,104.439,104.439,103.987,1910,199118
2020-09-01,104.359,104.359,104.461,104.359,1400,146133
2020-09-02,104.086,104.163,104.200,104.063,1410,146837
2020-09-03,104.350,104.350,104.350,104.350,100,10435
2020-09-04,104.499,104.499,104.499,104.499,100,10450
2020-09-07,104.458,104.445,104.458,104.431,4000,417778
2020-09-08,104.203,104.203,104.203,104.203,100,10420
2020-09-09,104.203,104.203,104.203,104.203,,
2020-09-10,104.010,104.299,104.299,104.010,2000,208130
2020-09-11,104.299,104.299,104.299,104.299,,
2020-09-14,104.327,104.327,104.327,104.327,300,31298
2020-09-15,104.300,104.300,104.300,104.300,100,10430
2020-09-16,104.000,104.000,104.000,104.000,10,1040
2020-09-17,104.200,104.200,104.200,104.200,100,10420
2020-09-18,104.299,104.299,104.299,104.299,100,10430
2020-09-21,104.299,104.299,104.299,104.299,,
2020-09-22,104.100,104.100,104.100,104.100,10,1041
2020-09-23,104.150,104.299,104.299,104.150,300,31275
2020-09-24,104.299,104.299,104.299,104.299,,
2020-09-25,104.201,104.201,104.201,104.201,200,20840
2020-09-28,104.201,104.201,104.201,104.201,,
2020-09-29,104.200,103.880,104.200,103.880,2520,261860
2020-09-30,104.100,104.100,104.100,104.100,200,20820
2020-10-09,104.100,104.100,104.100,104.100,,
2020-10-12,104.100,104.200,104.200,104.100,1200,125030
2020-10-13,104.100,104.100,104.100,104.100,110,11451
2020-10-14,104.249,104.249,104.249,104.249,100,10425
2020-10-15,104.289,104.590,104.590,104.289,310,32418
2020-10-16,104.500,104.500,104.500,104.500,10,1045
2020-10-19,104.800,104.800,104.800,104.800,300,31440
2020-10-20,104.072,104.417,104.580,103.900,6300,656651
2020-10-21,104.261,104.561,104.561,104.261,110,11499
2020-10-22,104.800,104.799,104.800,104.500,400,41890
2020-10-23,104.800,104.800,104.800,104.800,100,10480
2020-10-26,105.800,105.100,105.800,105.100,4600,485531
2020-10-27,105.089,105.089,105.089,105.089,10,1051
2020-10-28,105.089,105.089,105.089,105.089,,
2020-10-29,105.389,105.300,105.389,105.300,600,63225
2020-10-30,105.200,105.200,105.200,105.200,1400,147280
2020-11-02,105.100,105.400,105.400,105.100,110,11591
2020-11-03,105.300,105.300,105.300,105.300,300,31590
2020-11-04,105.299,105.299,105.299,105.299,100,10530
2020-11-05,105.200,104.701,105.200,104.700,11010,1155118
2020-11-06,104.799,104.799,104.799,104.799,100,10480
2020-11-09,104.799,104.603,104.799,104.603,200,20940
2020-11-10,104.653,104.653,104.653,104.653,100,10465
2020-11-11,105.151,105.149,105.151,105.100,2100,220812
2020-11-12,105.101,105.054,105.101,105.054,2100,220707
2020-11-13,105.000,105.000,105.000,105.000,300,31500
2020-11-16,105.000,105.000,105.000,105.000,,
2020-11-17,104.800,104.800,104.800,104.800,10,1048
2020-11-18,104.511,104.511,104.511,104.511,100,10451
2020-11-19,104.834,104.614,104.834,104.612,2200,230591
2020-11-20,104.500,104.501,104.501,104.500,110,11495
2020-11-23,104.371,104.371,104.371,104.371,100,10437
2020-11-24,104.600,104.600,104.600,104.600,10,1046
2020-11-25,104.603,104.600,104.620,104.600,400,41842
2020-11-26,104.600,104.600,104.600,104.600,,
2020-11-27,104.600,104.600,104.600,104.600,,
2020-11-30,104.310,104.310,104.310,104.310,210,21905
2020-12-01,104.310,104.310,104.310,104.310,,
2020-12-02,104.900,104.972,104.972,104.900,300,31477
2020-12-03,104.972,104.972,104.972,104.972,,
2020-12-04,105.000,105.000,105.000,105.000,100,10500
2020-12-07,104.681,104.500,104.681,104.500,5210,544507
2020-12-08,104.674,104.674,104.674,104.674,800,83739
2020-12-09,105.191,105.200,105.200,105.191,2100,220902
2020-12-10,104.900,104.700,104.900,104.700,4700,492510
2020-12-11,105.039,104.900,105.039,104.900,200,20994
2020-12-14,104.600,104.700,104.842,104.600,500,52368
2020-12-15,104.846,104.899,105.044,104.846,2600,273022
2020-12-16,104.909,104.701,105.000,104.701,4610,483580
2020-12-17,101.620,101.620,101.620,101.620,100,10162
2020-12-18,101.624,101.624,101.624,101.624,100,10162
2020-12-21,101.392,102.100,102.100,101.392,300,30488
2020-12-22,101.870,101.870,101.870,101.870,400,40748
2020-12-23,102.300,102.300,102.300,102.300,100,10230
2020-12-24,101.782,101.785,101.785,101.782,200,20357
2020-12-25,101.900,101.900,101.900,101.900,100,10190
2020-12-28,102.418,102.384,102.418,102.350,200,20477
2020-12-29,103.014,102.600,103.014,102.600,4600,473515
2020-12-30,102.600,102.600,102.600,102.600,,
2020-12-31,102.600,102.600,102.600,102.600,,
2021-01-04,102.101,102.226,102.226,102.101,200,20433
2021-01-05,101.863,101.850,101.900,101.850,4700,478801
2021-01-06,101.539,101.892,102.155,101.155,30900,3139203
2021-01-07,101.977,101.771,102.500,101.505,32000,3262571
2021-01-08,101.771,101.771,101.771,101.771,,
2021-01-11,10.150,10.210,10.210,10.150,20900,213326
2021-01-12,10.240,10.225,10.240,10.216,103200,1054635
2021-01-13,10.223,10.260,10.351,10.223,118000,1215001
2021-01-14,10.302,10.250,10.302,10.248,114000,1170224
2021-01-15,10.254,10.264,10.283,10.166,708500,7260478
2021-01-18,10.259,10.264,10.386,10.186,190500,1958966
2021-01-19,10.264,10.268,10.429,10.180,146200,1503102
2021-01-20,10.280,10.266,10.400,10.210,343600,3535079
2021-01-21,10.251,10.263,10.328,10.246,128300,1318154
2021-01-22,10.267,10.299,10.900,10.260,106000,1093952
2021-01-25,10.304,10.290,10.520,10.277,222500,2301710
2021-01-26,10.291,10.260,10.349,10.260,73200,753528
2021-01-27,10.284,10.281,10.400,10.266,279200,2877195
2021-01-28,10.271,10.294,10.370,10.271,167900,1732281
2021-01-29,10.300,10.309,10.450,10.300,207400,2144112
2021-02-01,10.334,10.290,10.334,10.282,51400,529183
2021-02-02,10.300,10.254,10.300,10.246,49300,505792
2021-02-03,10.273,10.254,10.274,10.231,32000,327684
2021-02-04,10.250,10.236,10.294,10.201,127300,1303770
2021-02-05,10.255,10.242,10.288,10.214,83800,859147
2021-02-08,10.233,10.240,10.447,10.206,65500,671437
2021-02-09,10.245,10.263,10.347,10.245,202500,2081860
2021-02-10,10.260,10.267,10.340,10.182,197000,2021269
2021-02-18,10.245,10.249,10.250,10.232,12400,127057
2021-02-19,10.242,10.250,10.250,10.239,17300,177158
2021-02-22,10.240,10.254,10.267,10.240,2700,27672
2021-02-23,10.270,10.276,10.276,10.249,24400,250637
2021-02-24,10.290,10.290,10.290,10.273,21900,225257
2021-02-25,10.280,10.279,10.287,10.279,25600,263171
2021-02-26,10.254,10.279,10.280,10.254,15300,157259
2021-03-01,10.276,10.286,10.286,10.276,800,8222
2021-03-02,10.276,10.277,10.278,10.276,900,9249
2021-03-03,10.287,10.286,10.287,10.286,3600,37031
2021-03-04,10.289,10.281,10.289,10.281,5900,60691
2021-03-05,10.282,10.280,10.282,10.280,12800,131587
2021-03-08,10.275,10.280,10.299,10.275,2500,25702
2021-03-09,10.281,10.290,10.290,10.280,5200,53479
2021-03-10,10.299,10.299,10.299,10.299,21000,216279
2021-03-11,10.324,10.301,10.330,10.301,3600,37129
2021-03-12,10.291,10.315,10.349,10.291,3900,40275
2021-03-15,10.292,10.304,10.441,10.292,89200,924554
2021-03-16,10.302,10.313,10.480,10.302,196000,2035561
2021-03-17,10.313,10.340,10.440,10.301,101000,1046483
2021-03-18,10.348,10.349,10.424,10.321,124500,1289189
2021-03-19,10.373,10.347,10.395,10.326,52800,546600
2021-03-22,10.353,10.345,10.395,10.324,66800,691612
2021-03-23,10.350,10.348,10.368,10.330,19900,205890
2021-03-24,10.350,10.320,10.379,10.303,84700,874791
2021-03-25,10.324,10.303,10.326,10.303,28000,288965
2021-03-26,10.305,10.325,10.325,10.305,3700,38154
2021-03-29,10.325,10.339,10.359,10.301,115200,1189218
2021-03-30,10.374,10.331,10.374,10.331,13100,135583
2021-03-31,10.321,10.356,10.379,10.314,66300,686084
2021-04-01,10.380,10.355,10.430,10.334,228400,2365390
2021-04-02,10.355,10.359,10.418,10.296,138500,1434724
2021-04-06,10.370,10.350,10.388,10.331,34200,354289
2021-04-07,10.353,10.338,10.358,10.338,10600,109666
2021-04-08,10.340,10.336,10.347,10.330,1200,12404
2021-04-09,10.330,10.358,10.404,10.311,108700,1125755
2021-04-12,10.376,10.374,10.447,10.350,210600,2184683
2021-04-13,10.400,10.379,10.425,10.355,152100,1578303
2021-04-14,10.380,10.377,10.425,10.350,200200,2077014
2021-04-15,10.377,10.358,10.389,10.355,60400,626148
2021-04-16,10.365,10.350,10.369,10.350,43300,448420
2021-04-19,10.358,10.342,10.359,10.340,16900,174850
2021-04-20,10.335,10.337,10.350,10.334,16200,167500
2021-04-21,10.350,10.351,10.429,10.336,119500,1238255
2021-04-22,10.360,10.358,10.395,10.341,122400,1267638
2021-04-23,10.394,10.364,10.394,10.356,52300,542472
2021-04-26,10.375,10.378,10.378,10.360,12100,125387
2021-04-27,10.394,10.369,10.394,10.368,30300,314232
2021-04-28,10.362,10.376,10.379,10.362,23300,241465
2021-04-29,10.377,10.372,10.377,10.372,2700,28007
2021-04-30,10.376,10.374,10.380,10.373,2600,26980
2021-05-06,10.371,10.371,10.380,10.371,4500,46672
2021-05-07,10.380,10.381,10.386,10.380,36100,374761
2021-05-10,10.381,10.390,10.390,10.381,5300,55045
2021-05-11,10.390,10.390,10.393,10.387,2500,25976
2021-05-12,10.391,10.391,10.391,10.390,5300,55068
2021-05-13,10.393,10.398,10.399,10.393,6800,70710
2021-05-14,10.406,10.398,10.406,10.397,7500,78030
2021-05-17,10.391,10.396,10.409,10.391,400,4161
2021-05-18,10.410,10.409,10.410,10.398,2500,26021
2021-05-19,10.400,10.414,10.414,10.400,2700,28112
2021-05-20,10.405,10.400,10.411,10.393,35600,370238
2021-05-21,10.478,10.411,10.478,10.411,40700,424882
2021-05-24,10.411,10.413,10.413,10.410,27000,281102
2021-05-25,10.430,10.430,10.430,10.430,500,5215
2021-05-26,10.402,10.422,10.422,10.400,1400,14576
2021-05-27,10.422,10.420,10.422,10.420,400,4168
2021-05-28,10.405,10.425,10.450,10.405,45000,469201
2021-05-31,10.406,10.415,10.422,10.405,13800,143735
2021-06-01,10.415,10.414,10.415,10.414,7100,73946
2021-06-02,10.415,10.420,10.420,10.415,53000,552218
2021-06-03,10.435,10.420,10.445,10.420,83000,865840
2021-06-04,10.425,10.422,10.429,10.421,3200,33359
2021-06-07,10.400,10.409,10.412,10.400,8000,83278
2021-06-08,10.394,10.405,10.410,10.394,90100,937203
2021-06-09,10.416,10.410,10.416,10.406,3600,37487
2021-06-10,10.432,10.407,10.432,10.407,20600,214884
2021-06-11,10.405,10.391,10.405,10.382,93400,970798
2021-06-15,10.385,10.380,10.385,10.380,34000,353086
2021-06-16,10.394,10.397,10.400,10.393,6700,69667
2021-06-17,10.383,10.406,10.416,10.383,12200,127062
2021-06-18,10.402,10.402,10.402,10.401,5200,54088
2021-06-21,10.413,10.401,10.413,10.401,4400,45774
2021-06-22,10.425,10.416,10.425,10.415,10600,110487
2021-06-23,10.407,10.408,10.424,10.407,1900,19775
2021-06-24,10.408,10.420,10.420,10.408,1700,17700
2021-06-25,10.418,10.418,10.418,10.418,100,1042
2021-06-28,10.417,10.416,10.417,10.415,16400,170837
2021-06-29,10.416,10.417,10.417,10.409,23300,242640
2021-06-30,10.420,10.427,10.427,10.411,2300,23968
2021-07-01,10.420,10.439,10.439,10.417,35300,368273
2021-07-02,10.439,10.440,10.443,10.439,26800,279774
2021-07-05,10.428,10.441,10.441,10.427,3100,32346
2021-07-06,10.441,10.450,10.489,10.441,521100,5450667
2021-07-07,10.446,10.450,10.599,10.446,1464000,15376500
2021-07-08,10.459,10.464,10.700,10.459,137200,1435456
2021-07-09,10.453,10.473,10.523,10.453,345200,3614006
2021-07-12,10.473,10.483,10.485,10.472,6900,72281
2021-07-13,10.499,10.480,10.499,10.480,3600,37743
2021-07-14,10.492,10.495,10.495,10.488,2300,24135
2021-07-15,10.490,10.491,10.497,10.490,29400,308441
2021-07-16,10.496,10.496,10.503,10.495,21100,221468
2021-07-19,10.502,10.500,10.502,10.493,1600,16800
2021-07-20,10.500,10.507,10.507,10.500,1600,16808
2021-07-21,10.496,10.507,10.507,10.493,900,9452
2021-07-22,10.509,10.510,10.510,10.508,1700,17866
2021-07-23,10.499,10.512,10.523,10.499,1200,12606
2021-07-26,10.515,10.525,10.547,10.515,158200,1665697
2021-07-27,10.522,10.510,10.522,10.510,56600,595046
2021-07-28,10.515,10.531,10.558,10.512,69700,733419
2021-07-29,10.531,10.535,10.535,10.521,47000,494869
2021-07-30,10.535,10.535,10.535,10.527,6200,65315
2021-08-02,10.400,10.355,10.489,10.339,346100,3606372
2021-08-03,10.340,10.365,10.480,10.339,241300,2500359
2021-08-04,10.366,10.363,10.385,10.342,196500,2033989
2021-08-05,10.350,10.320,10.460,10.265,838500,8668612
2021-08-06,10.314,10.315,10.400,10.271,508400,5247161
2021-08-09,10.325,10.311,10.325,10.301,188100,1938787
2021-08-10,10.300,10.296,10.308,10.291,245000,2523045
2021-08-11,10.305,10.314,10.370,10.298,1086200,11205271
2021-08-12,10.319,10.316,10.353,10.310,133600,1378678
2021-08-13,10.314,10.325,10.417,10.308,420300,4339959
2021-08-16,10.317,10.326,10.368,10.317,473100,4887285
2021-08-17,10.320,10.325,10.354,10.314,149770,1546977
2021-08-18,10.321,10.332,10.334,10.306,107700,1111892
2021-08-19,10.324,10.334,10.399,10.317,281700,2912754
2021-08-20,10.321,10.340,10.361,10.321,102100,1055893
2021-08-23,10.354,10.349,10.354,10.326,68200,704645
2021-08-24,10.359,10.350,10.396,10.343,252600,2615228
2021-08-25,10.352,10.359,10.365,10.342,2180500,22574515
2021-08-26,10.368,10.357,10.368,10.354,64800,671052
2021-08-27,10.362,10.367,10.369,10.355,34800,360637
2021-08-30,10.375,10.375,10.402,10.361,507000,5261294
2021-08-31,10.385,10.385,10.460,10.361,645900,6707286
2021-09-01,10.394,10.378,10.448,10.361,536300,5566568
2021-09-02,10.385,10.382,10.420,10.372,431000,4474710
2021-09-03,10.381,10.367,10.381,10.355,132700,1375869
2021-09-06,10.365,10.359,10.366,10.358,21800,225883
2021-09-07,10.359,10.371,10.371,10.357,38970,403832
2021-09-08,10.365,10.372,10.390,10.360,298700,3098289
2021-09-09,10.366,10.371,10.384,10.361,590600,6125195
2021-09-10,10.374,10.383,10.415,10.369,438670,4554444
2021-09-13,10.384,10.382,10.388,10.377,57400,596017
2021-09-14,10.382,10.383,10.384,10.378,5200,53988
2021-09-15,10.391,10.381,10.391,10.376,4000,41546
2021-09-16,10.381,10.367,10.381,10.360,60600,628235
2021-09-17,10.371,10.360,10.371,10.359,8300,85997
2021-09-22,10.364,10.359,10.367,10.351,23900,247547
2021-09-23,10.369,10.359,10.372,10.351,120700,1250908
2021-09-24,10.357,10.361,10.365,10.357,15900,164789
2021-09-27,10.361,10.356,10.361,10.352,18000,186387
2021-09-28,10.352,10.351,10.353,10.351,49900,516543
2021-09-29,10.345,10.349,10.386,10.345,382100,3957505
2021-09-30,10.343,10.352,10.352,10.343,15200,157280
2021-10-08,10.344,10.348,10.382,10.344,286700,2969048
2021-10-11,10.350,10.353,10.353,10.350,18400,190473
2021-10-12,10.350,10.351,10.375,10.350,178500,1848166
2021-10-13,10.351,10.352,10.353,10.351,25500,263953
2021-10-14,10.349,10.349,10.349,10.349,30100,311505
2021-10-15,10.349,10.344,10.349,10.342,30300,313428
2021-10-18,10.337,10.338,10.376,10.337,162000,1676115
2021-10-19,10.345,10.343,10.347,10.343,35100,363070
2021-10-20,10.344,10.344,10.345,10.341,3000,31032
2021-10-21,10.341,10.345,10.346,10.341,4300,44483
2021-10-22,10.346,10.348,10.348,10.346,12900,133466
2021-10-25,10.351,10.353,10.359,10.348,313400,3245449
2021-10-26,10.354,10.351,10.355,10.350,295100,3054931
2021-10-27,10.352,10.352,10.355,10.351,121900,1261830
2021-10-28,10.357,10.362,10.362,10.354,133000,1377964
2021-10-29,10.365,10.366,10.368,10.365,26400,273659
2021-11-01,10.368,10.370,10.370,10.368,56000,580675
2021-11-02,10.374,10.374,10.375,10.370,46100,478236
2021-11-03,10.375,10.384,10.469,10.375,295900,3072177
2021-11-04,10.387,10.386,10.387,10.384,25200,261724
2021-11-05,10.391,10.393,10.393,10.389,57700,599553
2021-11-08,10.398,10.398,10.398,10.395,6900,71742
2021-11-09,10.399,10.399,10.399,10.398,27900,290124
2021-11-10,10.392,10.397,10.398,10.363,166700,1731454
2021-11-11,10.387,10.396,10.398,10.387,6500,67578
2021-11-12,10.391,10.395,10.395,10.391,4400,45727
2021-11-15,10.392,10.395,10.450,10.392,274500,2855458
2021-11-16,10.398,10.398,10.398,10.396,21300,221437
2021-11-17,10.393,10.398,10.398,10.393,1700,17676
2021-11-18,10.398,10.399,10.399,10.398,32400,336901
2021-11-19,10.399,10.403,10.403,10.399,8000,83193
2021-11-22,10.403,10.406,10.406,10.403,9800,101961
2021-11-23,10.408,10.406,10.408,10.406,1400,14570
2021-11-24,10.406,10.413,10.413,10.406,7300,76003
2021-11-25,10.410,10.412,10.413,10.400,139800,1455049
2021-11-26,10.411,10.413,10.414,10.411,78700,819484
2021-11-29,10.418,10.418,10.418,10.415,18500,192721
2021-11-30,10.417,10.422,10.422,10.417,167400,1744266
2021-12-01,10.422,10.423,10.423,10.419,4000,41690
2021-12-02,10.421,10.423,10.423,10.421,69600,725386
2021-12-03,10.427,10.427,10.427,10.424,8400,87568
2021-12-06,10.432,10.437,10.438,10.432,76500,798338
2021-12-07,10.439,10.431,10.439,10.430,110400,1151837
2021-12-08,10.430,10.432,10.449,10.430,333900,3483839
2021-12-09,10.433,10.433,10.433,10.430,51500,537245
2021-12-10,10.430,10.434,10.435,10.430,27700,288998
2021-12-13,10.438,10.455,10.455,10.435,987900,10318698
2021-12-14,10.437,10.454,10.548,10.437,2007300,20992579
2021-12-15,10.380,10.361,10.380,10.353,2226500,23066834
2021-12-16,10.360,10.361,10.361,10.360,31600,327401
2021-12-17,10.361,10.363,10.369,10.360,281100,2913124
2021-12-20,10.350,10.364,10.373,10.350,1429300,14815884
2021-12-21,10.361,10.365,10.387,10.361,1027600,10653838
2021-12-22,10.366,10.368,10.368,10.366,36300,376315
2021-12-23,10.368,10.367,10.368,10.363,50400,522366
2021-12-24,10.367,10.367,10.369,10.367,4800,49766
2021-12-27,10.370,10.368,10.370,10.367,29300,303791
2021-12-28,10.368,10.371,10.373,10.368,57100,592187
2021-12-29,10.373,10.375,10.376,10.373,131600,1365253
2021-12-30,10.377,10.381,10.381,10.377,53900,559394
2021-12-31,10.382,10.381,10.383,10.380,909900,9446044
2022-01-04,10.379,10.382,10.386,10.379,456700,4741388
2022-01-05,10.382,10.387,10.448,10.382,874000,9082383
2022-01-06,10.386,10.386,10.386,10.384,85300,885809
2022-01-07,10.385,10.386,10.386,10.384,113100,1174566
2022-01-10,10.385,10.385,10.386,10.383,1298600,13485238
2022-01-11,10.384,10.390,10.390,10.384,103100,1071132
2022-01-12,10.390,10.392,10.400,10.384,785800,8165459
2022-01-13,10.390,10.392,10.394,10.390,214900,2233495
2022-01-14,10.395,10.400,10.402,10.394,1267200,13176263
2022-01-17,10.401,10.405,10.409,10.400,1640200,17067013
2022-01-18,10.405,10.410,10.410,10.403,182700,1901471
2022-01-19,10.408,10.407,10.408,10.406,224200,2333276
2022-01-20,10.408,10.411,10.412,10.408,202700,2110127
2022-01-21,10.411,10.415,10.420,10.411,767100,7990007
2022-01-24,10.417,10.419,10.419,10.417,87800,914738
2022-01-25,10.419,10.423,10.425,10.419,104400,1088131
2022-01-26,10.423,10.428,10.442,10.423,957800,9990302
2022-01-27,10.425,10.422,10.428,10.409,729000,7597804
2022-01-28,10.420,10.427,10.458,10.420,1855800,19347718
2022-02-07,10.426,10.430,10.431,10.426,265900,2772939
2022-02-08,10.435,10.448,10.449,10.435,756900,7906304
2022-02-09,10.440,10.439,10.446,10.437,549900,5740471
2022-02-10,10.438,10.438,10.440,10.435,539500,5631033
2022-02-11,10.438,10.437,10.440,10.436,553000,5772086
2022-02-14,10.433,10.428,10.433,10.427,1122000,11702049
2022-02-15,10.427,10.430,10.431,10.427,520500,5428545
2022-02-16,10.430,10.429,10.430,10.428,57900,603803
2022-02-17,10.428,10.430,10.432,10.428,332100,3463723
2022-02-18,10.430,10.428,10.432,10.428,636600,6639367
2022-02-21,10.428,10.429,10.431,10.428,278500,2904537
2022-02-22,10.427,10.425,10.427,10.423,732400,7635431
2022-02-23,10.421,10.417,10.422,10.411,746100,7772440
2022-02-24,10.412,10.416,10.424,10.412,1243400,12952886
2022-02-25,10.412,10.408,10.422,10.407,595900,6203802
2022-02-28,10.401,10.394,10.409,10.383,2669600,27754701
2022-03-01,10.393,10.378,10.399,10.368,3487300,36196715
2022-03-02,10.380,10.362,10.385,10.361,2089700,21676935
2022-03-03,10.361,10.346,10.369,10.336,3656500,37860834
2022-03-04,10.342,10.350,10.370,10.342,2786600,28839854
2022-03-07,10.350,10.352,10.366,10.346,387400,4012007
2022-03-08,10.348,10.359,10.363,10.348,1392800,14423586
2022-03-09,10.355,10.348,10.369,10.348,1029300,10657877
2022-03-10,10.345,10.342,10.348,10.337,926600,9584364
2022-03-11,10.340,10.337,10.340,10.336,584100,6038165
2022-03-14,10.339,10.335,10.339,10.332,894200,9243957
2022-03-15,10.335,10.337,10.339,10.333,40400,417564
2022-03-16,10.334,10.330,10.337,10.319,1187800,12266709
2022-03-17,10.326,10.326,10.327,10.324,132900,1372303
2022-03-18,10.326,10.329,10.329,10.325,157200,1623527
2022-03-21,10.330,10.330,10.359,10.321,991100,10238387
2022-03-22,10.331,10.333,10.342,10.320,439500,4540618
2022-03-23,10.329,10.330,10.334,10.329,20700,213835
2022-03-24,10.329,10.329,10.331,10.328,137800,1423420
2022-03-25,10.321,10.325,10.333,10.281,923700,9536767
2022-03-28,10.329,10.329,10.344,10.329,537400,5552201
2022-03-29,10.333,10.332,10.357,10.329,193600,2001632
2022-03-30,10.336,10.335,10.337,10.332,271300,2803801
2022-03-31,10.337,10.337,10.345,10.313,451500,4664990
2022-04-01,10.341,10.340,10.346,10.330,751000,7763895
2022-04-06,10.340,10.342,10.345,10.339,27100,280272
2022-04-07,10.342,10.353,10.356,10.342,217100,2247422
2022-04-08,10.355,10.358,10.367,10.355,367500,3806935
2022-04-11,10.360,10.360,10.365,10.357,359000,3719661
2022-04-12,10.362,10.365,10.367,10.362,279400,2895861
2022-04-13,10.365,10.366,10.366,10.365,222100,2302222
2022-04-14,10.368,10.376,10.387,10.368,1828000,18965842
2022-04-15,10.375,10.377,10.377,10.375,112900,1171458
2022-04-18,10.378,10.381,10.405,10.378,485800,5043541
2022-04-19,10.381,10.381,10.386,10.379,622700,6463915
2022-04-20,10.380,10.380,10.391,10.380,652800,6777432
2022-04-21,10.380,10.375,10.381,10.370,624300,6477381
2022-04-22,10.374,10.379,10.385,10.374,793600,8236804
2022-04-25,10.380,10.388,10.397,10.380,1269300,13185917
2022-04-26,10.388,10.388,10.408,10.387,418900,4352352
2022-04-27,10.389,10.390,10.398,10.387,706558,7341683
2022-04-28,10.392,10.385,10.398,10.372,957200,9943154
2022-04-29,10.387,10.388,10.390,10.385,812092,8435735
2022-05-05,10.388,10.385,10.388,10.375,821800,8533726
2022-05-06,10.387,10.393,10.394,10.386,2000600,20784887
2022-05-09,10.394,10.390,10.396,10.373,3057600,31771065
2022-05-10,10.390,10.393,10.397,10.386,272100,2828379
2022-05-11,10.396,10.395,10.396,10.391,37100,385628
2022-05-12,10.396,10.396,10.398,10.394,480400,4994367
2022-05-13,10.397,10.404,10.412,10.397,820500,8537063
2022-05-16,10.403,10.408,10.415,10.403,1212900,12623389
2022-05-17,10.408,10.426,10.430,10.404,3244800,33795950
2022-05-18,10.426,10.428,10.442,10.426,364500,3802549
2022-05-19,10.431,10.434,10.437,10.430,563500,5879171
2022-05-20,10.437,10.437,10.447,10.435,550000,5741343
2022-05-23,10.437,10.439,10.455,10.437,490400,5120121
2022-05-24,10.441,10.446,10.446,10.441,326500,3410079
2022-05-25,10.443,10.449,10.462,10.443,793700,8292230
2022-05-26,10.449,10.453,10.455,10.447,824000,8611073
2022-05-27,10.453,10.454,10.454,10.448,200200,2092156
2022-05-30,10.449,10.452,10.453,10.449,292200,3053814
2022-05-31,10.452,10.446,10.452,10.443,868600,9073775
2022-06-01,10.446,10.442,10.447,10.441,980700,10242483
2022-06-02,10.440,10.443,10.443,10.439,154000,1607955
2022-06-06,10.440,10.411,10.441,10.393,3184000,33191871
2022-06-07,10.411,10.412,10.423,10.404,3363600,35018177
2022-06-08,10.412,10.414,10.427,10.410,968300,10083711
2022-06-09,10.412,10.419,10.425,10.412,1456500,15173568
2022-06-10,10.419,10.428,10.430,10.419,261500,2726314
2022-06-13,10.428,10.407,10.428,10.325,3010600,31337342
2022-06-14,10.410,10.408,10.417,10.405,405900,4224752
2022-06-15,10.408,10.408,10.417,10.401,122500,1274628
2022-06-16,10.409,10.406,10.410,10.375,441700,4595786
2022-06-17,10.406,10.403,10.409,10.392,1029200,10704765
2022-06-20,10.405,10.412,10.419,10.404,275300,2865816
2022-06-21,10.418,10.419,10.420,10.412,297900,3102522
2022-06-22,10.420,10.426,10.430,10.419,434200,4526133
2022-06-23,10.428,10.429,10.431,10.410,846900,8830970
2022-06-24,10.334,10.327,10.334,10.322,2393600,24716697
2022-06-27,10.323,10.325,10.329,10.316,1753100,18099063
2022-06-28,10.325,10.326,10.330,10.317,155000,1600250
2022-06-29,10.326,10.327,10.329,10.325,786500,8122177
2022-06-30,10.325,10.326,10.328,10.321,872700,9010339
2022-07-01,10.323,10.325,10.328,10.323,274500,2833978
2022-07-04,10.325,10.325,10.327,10.320,656000,6772026
2022-07-05,10.326,10.323,10.326,10.322,359000,3706260
2022-07-06,10.324,10.327,10.330,10.324,1202900,12422362
2022-07-07,10.322,10.324,10.328,10.312,1122300,11585205
2022-07-08,10.321,10.321,10.325,10.319,307900,3178055
2022-07-11,10.325,10.326,10.331,10.323,118600,1224589
2022-07-12,10.326,10.335,10.343,10.326,1503400,15539643
2022-07-13,10.339,10.334,10.339,10.331,857600,8863388
2022-07-14,10.337,10.342,10.353,10.332,2998200,31007272
2022-07-15,10.346,10.348,10.366,10.343,1018600,10542106
2022-07-18,10.350,10.354,10.358,10.348,425700,4407527
2022-07-19,10.359,10.360,10.360,10.355,20700,214425
2022-07-20,10.360,10.361,10.367,10.358,1524600,15797155
2022-07-21,10.363,10.365,10.371,10.360,1315500,13634735
2022-07-22,10.365,10.370,10.372,10.365,1966400,20387002
2022-07-25,10.367,10.356,10.368,10.351,2556200,26485810
2022-07-26,10.359,10.357,10.359,10.353,198100,2051539
2022-07-27,10.356,10.357,10.378,10.356,2094400,21699385
2022-07-28,10.357,10.358,10.362,10.357,632100,6547963
2022-07-29,10.360,10.359,10.360,10.356,611400,6333266
2022-08-01,10.359,10.365,10.375,10.359,1583800,16415418
2022-08-02,10.364,10.364,10.369,10.363,733300,7601399
2022-08-03,10.365,10.369,10.371,10.365,791300,8203740
2022-08-04,10.368,10.361,10.368,10.360,896000,9284850
2022-08-05,10.363,10.363,10.370,10.361,1466100,15196316
2022-08-08,10.364,10.369,10.379,10.364,3005700,31164148
2022-08-09,10.368,10.365,10.371,10.301,2408000,24956871
2022-08-10,10.365,10.362,10.368,10.360,2195100,22748723
2022-08-11,10.362,10.358,10.362,10.355,500900,5188477
2022-08-12,10.356,10.351,10.360,10.351,706600,7317781
2022-08-15,10.351,10.356,10.360,10.339,1450300,15012439
2022-08-16,10.355,10.366,10.375,10.326,2657400,27531933
2022-08-17,10.366,10.366,10.431,10.362,5091600,52830919
2022-08-18,10.366,10.366,10.371,10.360,83300,863467
2022-08-19,10.363,10.361,10.370,10.351,1831700,18974576
2022-08-22,10.364,10.362,10.364,10.359,181500,1880517
2022-08-23,10.362,10.360,10.367,10.359,319700,3312664
2022-08-24,10.360,10.358,10.360,10.356,71800,743823
2022-08-25,10.356,10.357,10.360,10.354,1984800,20556250
2022-08-26,10.356,10.350,10.363,10.348,1920400,19876234
2022-08-29,10.349,10.342,10.349,10.340,1394200,14420849
2022-08-30,10.342,10.344,10.345,10.342,2024000,20935835
2022-08-31,10.344,10.349,10.349,10.344,6138900,63525340
2022-09-01,10.350,10.353,10.357,10.348,10334900,106988850
2022-09-02,10.353,10.352,10.357,10.351,7491600,77568021
2022-09-05,10.350,10.356,10.357,10.350,8338600,86347382
2022-09-06,10.355,10.355,10.360,10.354,9883800,102356876
2022-09-07,10.354,10.363,10.367,10.354,11907900,123395763
2022-09-08,10.364,10.364,10.374,10.359,15125100,156772369
2022-09-09,10.365,10.365,10.368,10.363,7743900,80262406
2022-09-13,10.365,10.364,10.368,10.361,9294300,96326464
2022-09-14,10.365,10.348,10.365,10.343,11191300,115899967
2022-09-15,10.349,10.355,10.362,10.348,9361000,96967824
2022-09-16,10.355,10.320,10.388,10.311,24485700,253340921
2022-09-19,10.330,10.320,10.340,10.313,7681300,79319839
2022-09-20,10.321,10.275,10.324,10.270,20172800,207926140
2022-09-21,10.275,10.305,10.315,10.270,11045200,113565939
2022-09-22,10.305,10.322,10.332,10.301,20066500,207184892
2022-09-23,10.322,10.315,10.339,10.305,17352000,179060662
2022-09-26,10.317,10.312,10.323,10.306,13291900,137088051
2022-09-27,10.310,10.304,10.319,10.295,25501800,262747808
2022-09-28,10.304,10.299,10.308,10.296,7947100,81870360
2022-09-29,10.299,10.250,10.303,10.000,18889800,193770841
2022-09-30,10.253,10.245,10.255,10.240,5182600,53100005
2022-10-10,10.250,10.244,10.258,10.241,3078300,31547369
2022-10-11,10.241,10.249,10.249,10.233,2960900,30320922
2022-10-12,10.249,10.263,10.280,10.246,6294800,64603663
2022-10-13,10.268,10.260,10.268,10.258,4295700,44070169
2022-10-14,10.260,10.263,10.277,10.260,6040700,62004095
2022-10-17,10.263,10.275,10.289,10.259,8734500,89778830
2022-10-18,10.276,10.282,10.298,10.273,5214000,53606906
2022-10-19,10.279,10.276,10.280,10.271,13123600,134846909
2022-10-20,10.277,10.273,10.277,10.272,3799900,39047422
2022-10-21,10.273,10.272,10.281,10.267,9561800,98223566
2022-10-24,10.271,10.260,10.276,10.260,18923100,194296841
2022-10-25,10.259,10.247,10.267,10.244,9047800,92780059
2022-10-26,10.247,10.248,10.250,10.245,11989100,122859384
2022-10-27,10.246,10.241,10.248,10.240,8849100,90631819
2022-10-28,10.241,10.243,10.262,10.237,11452500,117368915
2022-10-31,10.243,10.231,10.245,10.216,17930600,183452132
2022-11-01,10.231,10.223,10.233,10.216,6223900,63653210
2022-11-02,10.224,10.224,10.237,10.221,10881300,111252736
2022-11-03,10.225,10.220,10.226,10.220,3562700,36420156
2022-11-04,10.220,10.175,10.232,10.155,17676300,180248523
2022-11-07,10.177,10.113,10.186,10.111,25770600,260959660
2022-11-08,10.118,10.098,10.128,10.040,29163600,293741098
2022-11-09,10.100,10.168,10.196,10.092,31217400,317158317
2022-11-10,10.168,10.177,10.290,10.147,31369400,319981439
2022-11-11,10.176,10.242,10.266,10.176,30932700,316651666
2022-11-14,10.242,10.204,10.242,10.183,25861900,263887610
2022-11-15,10.204,10.219,10.291,10.199,23479373,240875333
2022-11-16,10.219,10.127,10.223,10.080,35134187,355998213
2022-11-17,10.131,10.020,10.147,10.009,24099600,242131290
2022-11-18,10.023,10.035,10.040,9.993,15662200,156953809
2022-11-21,10.041,10.020,10.048,10.000,12849200,128809374
2022-11-22,10.026,10.003,10.046,9.997,14076800,140886801
2022-11-23,10.008,10.023,10.030,10.001,11669600,116920295
2022-11-24,10.028,10.082,10.134,10.028,15438300,155584200
2022-11-25,10.082,10.084,10.102,10.078,10207200,102936189
2022-11-28,10.082,10.060,10.102,10.046,23548100,236926255
2022-11-29,10.060,10.067,10.099,10.040,16306500,164158683
2022-11-30,10.069,10.232,10.279,10.066,27872300,284301075
2022-12-01,10.229,10.228,10.234,10.161,8444500,86216910
2022-12-02,10.228,10.242,10.250,10.200,11980100,122648351
2022-12-05,10.247,10.253,10.265,10.231,18301200,187591288
2022-12-06,10.258,10.230,10.258,10.210,11215400,114737734
2022-12-07,10.230,10.231,10.234,10.226,9466400,96823862
2022-12-08,10.229,10.217,10.240,10.215,11071577,113227805
2022-12-09,10.215,10.203,10.219,10.201,7860200,80279566
2022-12-12,10.198,10.073,10.207,10.073,23100100,233637284
2022-12-13,10.073,10.016,10.076,10.001,13264800,132916125
2022-12-14,10.012,10.009,10.029,9.997,12406600,124191854
2022-12-15,10.006,10.028,10.034,10.006,9091700,91086807
2022-12-16,10.024,10.026,10.031,10.024,7349300,73680576
2022-12-19,10.026,9.980,10.029,9.952,17012800,169921363
2022-12-20,9.994,9.980,10.010,9.962,10940500,109191507
2022-12-21,9.984,9.985,9.987,9.963,10419200,103928098
2022-12-22,9.980,9.991,9.993,9.980,6787000,67805360
2022-12-23,9.988,9.965,9.999,9.957,9627100,96020447
2022-12-26,9.975,9.906,9.975,9.800,15248400,150643736
2022-12-27,9.901,9.984,9.998,9.894,14008700,139676202
2022-12-28,9.979,10.082,10.142,9.967,16670200,167963454
2022-12-29,10.078,10.095,10.159,10.074,8725600,88380043
2022-12-30,10.096,10.096,10.169,10.090,11963500,120903475
2023-01-03,10.096,10.083,10.100,10.067,7597200,76593791
2023-01-04,10.085,10.084,10.088,10.078,17456600,175970985
2023-01-05,10.089,10.103,10.150,10.081,23703598,239435296
2023-01-06,10.098,10.071,10.131,10.051,32674500,329846711
2023-01-09,10.075,10.051,10.075,10.032,32102400,322491818
2023-01-10,10.053,10.029,10.055,10.016,24160000,242470517
2023-01-11,10.034,10.024,10.034,10.018,25207200,252646208
2023-01-12,10.028,10.025,10.040,10.020,22603400,226647561
2023-01-13,10.027,10.021,10.036,10.014,19198000,192447865
2023-01-16,10.023,10.002,10.025,9.993,14331900,143503390
2023-01-17,9.998,10.001,10.012,9.992,24376700,243804079
2023-01-18,9.997,9.997,10.012,9.991,33514600,335147285
2023-01-19,9.994,10.001,10.018,9.994,39776800,397791552
2023-01-20,10.000,9.997,10.023,9.996,21246900,212493535
2023-01-30,9.998,10.020,10.038,9.998,19731900,197791843
2023-01-31,10.020,10.063,10.065,10.018,28359300,284462537
2023-02-01,10.065,10.085,10.105,10.062,22046600,222279234
2023-02-02,10.083,10.116,10.140,10.083,31169500,315074316
2023-02-03,10.112,10.129,10.152,10.111,38738800,392203944
2023-02-06,10.131,10.148,10.151,10.131,21044300,213499601
2023-02-07,10.147,10.167,10.184,10.144,29614000,301014690
2023-02-08,10.163,10.129,10.181,10.116,30364800,308472869
2023-02-09,10.125,10.150,10.165,10.122,37229500,377343062
2023-02-10,10.150,10.172,10.189,10.149,26180700,266083044
2023-02-13,10.171,10.209,10.222,10.171,19908200,203017500
2023-02-14,10.210,10.232,10.240,10.172,39952500,407238611
2023-02-15,10.227,10.229,10.252,10.222,28512777,291699161
2023-02-16,10.224,10.227,10.234,10.219,10985000,112359447
2023-02-17,10.225,10.227,10.230,10.218,19599600,200462058
2023-02-20,10.225,10.228,10.255,10.185,29932558,305719171
2023-02-21,10.225,10.229,10.239,10.214,22836100,233600621
2023-02-22,10.221,10.227,10.233,10.221,20410400,208740864
2023-02-23,10.225,10.225,10.230,10.217,16433500,168053888
2023-02-24,10.224,10.234,10.247,10.223,21801128,223146881
2023-02-27,10.224,10.211,10.237,10.201,31235400,319237164
2023-02-28,10.208,10.219,10.221,10.201,31020078,316667301
2023-03-01,10.211,10.214,10.229,10.204,33400900,341218864
2023-03-02,10.209,10.216,10.229,10.208,47163200,482058612
2023-03-03,10.212,10.233,10.239,10.212,50638854,517802942
2023-03-06,10.230,10.238,10.259,10.230,25954500,265697531
2023-03-07,10.237,10.245,10.248,10.235,29039400,297504963
2023-03-08,10.246,10.280,10.283,10.245,18393781,188805237
2023-03-09,10.281,10.261,10.331,10.238,36898100,380267216
2023-03-10,10.265,10.284,10.300,10.253,24101010,247910940
2023-03-13,10.289,10.282,10.314,10.275,19802100,203748726
2023-03-14,10.282,10.231,10.295,10.207,16247700,166743369
2023-03-15,10.231,10.264,10.265,10.220,32967640,337283045
2023-03-16,10.258,10.277,10.294,10.256,19600800,201552037
2023-03-17,10.277,10.333,10.520,10.271,6927610,71476553
2023-03-20,10.333,10.389,10.430,10.324,13424229,139319702
2023-03-21,10.384,10.392,10.498,10.360,12577900,130703896
2023-03-22,10.396,10.395,10.396,10.384,5291900,55005468
2023-03-23,10.390,10.373,10.396,10.373,20887800,216805810
2023-03-24,10.377,10.380,10.398,10.370,17566800,182374389
2023-03-27,10.379,10.385,10.399,10.378,16559700,172017259
2023-03-28,10.388,10.393,10.403,10.372,3100275,32216215
2023-03-29,10.394,10.388,10.398,10.380,30943300,321443049
2023-03-30,10.387,10.387,10.398,10.383,19547100,203126978
2023-03-31,10.387,10.390,10.404,10.384,15107200,157021019
2023-04-03,10.390,10.391,10.410,10.388,9960100,103555332
2023-04-04,10.392,10.398,10.409,10.387,13243800,137667451
2023-04-06,10.398,10.415,10.437,10.381,22051300,229543141
2023-04-07,10.415,10.419,10.435,10.400,20261800,210939404
2023-04-10,10.417,10.374,10.422,10.356,21630200,224711531
2023-04-11,10.369,10.366,10.387,10.350,30028400,311110977
2023-04-12,10.364,10.377,10.399,10.362,22287400,231402569
2023-04-13,10.374,10.380,10.390,10.374,18603700,193129605
2023-04-14,10.378,10.385,10.390,10.377,18143090,188366550
2023-04-17,10.388,10.402,10.412,10.384,21419860,222626229
2023-04-18,10.402,10.404,10.422,10.399,14437200,150234091
2023-04-19,10.406,10.403,10.406,10.401,8796800,91513280
2023-04-20,10.407,10.445,10.457,10.407,4523480,47203170
2023-04-21,10.448,10.445,10.450,10.441,5507200,57528631
2023-04-24,10.448,10.451,10.454,10.445,8901000,93015882
2023-04-25,10.452,10.419,10.453,10.405,11084900,115679845
2023-04-26,10.419,10.392,10.437,10.370,14889300,154752762
2023-04-27,10.397,10.451,10.456,10.390,12533500,130746430
2023-04-28,10.451,10.460,10.479,10.446,17028740,178165014
2023-05-04,10.464,10.465,10.497,10.456,5411700,56665927
2023-05-05,10.465,10.476,10.480,10.453,12953300,135580632
2023-05-08,10.472,10.456,10.490,10.443,5154400,53934597
2023-05-09,10.454,10.457,10.461,10.443,19124600,199920866
2023-05-10,10.457,10.455,10.458,10.453,9968600,104241217
2023-05-11,10.453,10.463,10.464,10.453,14473800,151324911
2023-05-12,10.468,10.469,10.505,10.459,14276600,149576251
2023-05-15,10.470,10.464,10.473,10.464,11990100,125500857
2023-05-16,10.466,10.457,10.478,10.440,13197900,138071377
2023-05-17,10.460,10.459,10.465,10.448,12318600,128846724
2023-05-18,10.464,10.452,10.483,10.451,12955200,135501768
2023-05-19,10.450,10.460,10.466,10.450,7291400,76270919
2023-05-22,10.465,10.475,10.479,10.463,10668500,111689279
2023-05-23,10.475,10.496,10.500,10.475,10749000,112752838
2023-05-24,10.496,10.493,10.499,10.486,17328200,181837742
2023-05-25,10.489,10.488,10.498,10.488,17462200,183180554
2023-05-26,10.488,10.487,10.494,10.484,11892400,124749247
2023-05-29,10.485,10.491,10.506,10.484,10015500,105105006
2023-05-30,10.494,10.487,10.495,10.481,28427400,298241184
2023-05-31,10.486,10.483,10.498,10.483,9183900,96336173
2023-06-01,10.488,10.506,10.509,10.484,12663100,132902256
2023-06-02,10.501,10.509,10.512,10.491,25517400,268062396
2023-06-05,10.514,10.506,10.526,10.504,18259100,191949334
2023-06-06,10.508,10.506,10.515,10.503,4022600,42271504
2023-06-07,10.508,10.519,10.519,10.507,17352500,182426954
2023-06-08,10.520,10.510,10.525,10.505,15973100,168078996
2023-06-09,10.514,10.516,10.523,10.511,11005800,115779046
2023-06-12,10.521,10.520,10.523,10.518,11977400,125991036
2023-06-13,10.520,10.519,10.523,10.516,9720700,102271193
2023-06-14,10.518,10.528,10.538,10.518,9213500,97050553
2023-06-15,10.528,10.519,10.543,10.513,5784700,60911868
2023-06-16,10.513,10.495,10.523,10.489,4742400,49804518
2023-06-19,10.500,10.492,10.502,10.484,3071700,32223279
2023-06-20,10.492,10.484,10.496,10.481,5969300,62601272
2023-06-21,10.484,10.492,10.513,10.480,5013600,52598133
2023-06-26,10.494,10.487,10.495,10.487,10543100,110586551
2023-06-27,10.491,10.486,10.491,10.485,12730800,133495609
2023-06-28,10.487,10.493,10.497,10.483,12468600,130785704
2023-06-29,10.493,10.499,10.500,10.490,8838200,92789396
2023-06-30,10.504,10.525,10.559,10.499,11131400,117200134
2023-07-03,10.521,10.514,10.522,10.501,5461800,57384754
2023-07-04,10.513,10.509,10.517,10.506,2334300,24535549
2023-07-05,10.259,10.258,10.260,10.252,1895300,19435780
2023-07-06,10.258,10.263,10.264,10.257,13268800,136174055
2023-07-07,10.265,10.275,10.279,10.262,11435900,117475899
2023-07-10,10.273,10.281,10.282,10.273,8517400,87541914
2023-07-11,10.281,10.295,10.299,10.281,14397400,148246631
2023-07-12,10.295,10.299,10.300,10.294,12019600,123755414
2023-07-13,10.301,10.298,10.340,10.292,10471300,107882361
2023-07-14,10.298,10.308,10.308,10.298,10036900,103375316
2023-07-17,10.307,10.306,10.339,10.300,13800400,142209984
2023-07-18,10.304,10.307,10.308,10.304,9461000,97514723
2023-07-19,10.308,10.315,10.319,10.308,10685100,110165054
2023-07-20,10.314,10.313,10.314,10.310,6000800,61879789
2023-07-21,10.313,10.315,10.315,10.308,11075100,114218858
2023-07-24,10.315,10.313,10.316,10.313,11179500,115306859
2023-07-25,10.309,10.306,10.310,10.306,13291100,137016002
2023-07-26,10.302,10.307,10.308,10.302,31212700,321715954
2023-07-27,10.304,10.303,10.305,10.303,30068500,309843674
2023-07-28,10.306,10.306,10.307,10.305,33267600,342855634
2023-07-31,10.305,10.307,10.307,10.304,29834900,307454884
2023-08-01,10.306,10.302,10.306,10.302,31348700,322985631
2023-08-02,10.302,10.303,10.303,10.301,33465600,344762781
2023-08-03,10.303,10.304,10.304,10.302,29425700,303149117
2023-08-04,10.302,10.304,10.304,10.296,29115800,299925220
2023-08-07,10.303,10.306,10.307,10.303,29303500,302022787
2023-08-08,10.310,10.335,10.366,10.308,30727000,316842753
2023-08-09,10.318,10.315,10.318,10.312,29601100,305305907
2023-08-10,10.313,10.314,10.317,10.313,31436600,324271998
2023-08-11,10.317,10.319,10.319,10.316,29931100,308804236
2023-08-14,10.320,10.320,10.322,10.318,32050500,330728761
2023-08-15,10.322,10.333,10.333,10.321,30742600,317576687
2023-08-16,10.330,10.334,10.334,10.325,30095200,310962356
2023-08-17,10.332,10.329,10.332,10.328,29178900,301389334
2023-08-18,10.328,10.333,10.334,10.328,30436200,314466900
2023-08-21,10.329,10.340,10.340,10.329,30831170,318660129
2023-08-22,10.337,10.341,10.344,10.337,29514200,305181752
2023-08-23,10.341,10.341,10.342,10.339,30050700,310747341
2023-08-24,10.341,10.342,10.342,10.338,31710900,327861944
2023-08-25,10.340,10.342,10.345,10.339,37566000,388478188
2023-08-28,10.332,10.339,10.341,10.305,31887900,329714113
2023-08-29,10.339,10.337,10.339,10.335,30892900,319368625
2023-08-30,10.336,10.329,10.336,10.328,29399800,303683645
2023-08-31,10.329,10.330,10.332,10.328,30434400,314393090
2023-09-01,10.329,10.324,10.331,10.324,11795300,121829964
2023-09-04,10.324,10.320,10.324,10.317,29756000,307125579
2023-09-05,10.324,10.320,10.324,10.318,30715100,316955248
2023-09-06,10.319,10.318,10.320,10.317,29432600,303693146
2023-09-07,10.317,10.312,10.317,10.312,30117800,310582515
2023-09-08,10.302,10.301,10.302,10.300,29451500,303379996
2023-09-11,10.291,10.304,10.304,10.290,29579400,304740276
2023-09-12,10.304,10.299,10.304,10.298,29528100,304109824
2023-09-13,10.301,10.303,10.303,10.300,30060600,309678278
2023-09-14,10.303,10.308,10.320,10.303,30571000,315126556
2023-09-15,10.311,10.312,10.313,10.310,34488500,355623682
2023-09-18,10.312,10.310,10.314,10.310,30782300,317451041
2023-09-19,10.312,10.309,10.312,10.309,30334300,312770867
2023-09-20,10.311,10.308,10.311,10.307,29669400,305903314
2023-09-21,10.310,10.311,10.312,10.310,29767600,306933453
2023-09-22,10.313,10.313,10.314,10.311,30472000,314256346
2023-09-25,10.311,10.312,10.315,10.311,34316500,353938275
2023-09-26,10.312,10.313,10.319,10.312,36784800,379410275
2023-09-27,10.316,10.309,10.316,10.308,14756300,152138339
2023-09-28,10.311,10.318,10.320,10.311,12771000,131764822
2023-10-09,10.310,10.315,10.319,10.309,31335100,323283080
2023-10-10,10.320,10.325,10.325,10.320,32515500,335690376
2023-10-11,10.323,10.323,10.327,10.323,30057700,310363090
2023-10-12,10.320,10.320,10.323,10.319,32968600,340287270
2023-10-13,10.322,10.321,10.323,10.319,32116000,331443833
2023-10-16,10.315,10.317,10.323,10.315,30738100,317177203
2023-10-17,10.317,10.316,10.318,10.316,29034200,299545969
2023-10-18,10.312,10.316,10.316,10.312,30655400,316210545
2023-10-19,10.313,10.311,10.313,10.311,30191100,311330619
2023-10-20,10.294,10.299,10.303,10.294,26587700,273839406
2023-10-23,10.290,10.291,10.292,10.290,29064000,299097682
2023-10-24,10.286,10.280,10.288,10.278,29095300,299074759
2023-10-25,10.275,10.280,10.280,10.272,29317600,301373168
2023-10-26,10.285,10.282,10.285,10.280,30049100,308965436
2023-10-27,10.283,10.282,10.284,10.281,29767700,306071477
2023-10-30,10.283,10.283,10.290,10.283,28550700,293670625
2023-10-31,10.285,10.290,10.290,10.285,29674300,305318736
2023-11-01,10.292,10.290,10.292,10.288,29641500,304981512
2023-11-02,10.288,10.291,10.292,10.288,31311900,322178338
2023-11-03,10.291,10.295,10.296,10.291,29213100,300748849
2023-11-06,10.295,10.295,10.295,10.293,38924700,400700585
2023-11-07,10.293,10.298,10.298,10.293,29926000,308148225
2023-11-08,10.297,10.297,10.301,10.295,30184700,310801946
2023-11-09,10.300,10.298,10.300,10.296,30060400,309531939
2023-11-10,10.298,10.298,10.300,10.298,33971100,349868321
2023-11-13,10.298,10.301,10.301,10.298,32513600,334869245
2023-11-14,10.301,10.302,10.305,10.301,33617499,346394318
2023-11-15,10.299,10.305,10.307,10.299,29958270,308726197
2023-11-16,10.303,10.307,10.308,10.303,31934300,329124735
2023-11-17,10.308,10.312,10.312,10.308,28997200,298990152
2023-11-20,10.314,10.314,10.314,10.310,33298500,343407399
2023-11-21,10.311,10.314,10.314,10.311,32220600,332315366
2023-11-22,10.311,10.311,10.316,10.310,39003200,402300236
2023-11-23,10.312,10.313,10.315,10.311,36896500,380522617
2023-11-24,10.312,10.313,10.315,10.312,29159300,300738175
2023-11-27,10.313,10.313,10.314,10.309,32993900,340265985
2023-11-28,10.307,10.308,10.310,10.307,43450300,447927963
2023-11-29,10.307,10.307,10.308,10.305,38089700,392590422
2023-11-30,10.307,10.308,10.308,10.306,33890300,349307061
2023-12-01,10.308,10.308,10.311,10.307,35481600,365805162
2023-12-04,10.306,10.309,10.310,10.306,32817200,338319388
2023-12-05,10.309,10.308,10.309,10.306,37187000,383286483
2023-12-06,10.305,10.303,10.305,10.302,34012200,350451383
2023-12-07,10.303,10.301,10.303,10.301,33526200,345392841
2023-12-08,10.299,10.305,10.305,10.299,35025900,360892545
2023-12-11,10.306,10.304,10.307,10.302,31565300,325226725
2023-12-12,10.304,10.305,10.305,10.303,38957800,401421050
2023-12-13,10.303,10.305,10.305,10.303,37955300,391091655
2023-12-14,10.304,10.309,10.310,10.304,30720400,316696912
2023-12-15,10.309,10.316,10.316,10.309,34979500,360814436
2023-12-18,10.316,10.321,10.323,10.316,56873500,586963322
2023-12-19,10.321,10.326,10.327,10.321,40558000,418763434
2023-12-20,10.334,10.328,10.334,10.326,35364000,365239532
2023-12-21,10.326,10.330,10.330,10.326,63173375,652547072
2023-12-22,10.331,10.332,10.335,10.331,34819700,359756933
2023-12-25,10.340,10.336,10.340,10.334,31930100,330029690
2023-12-26,10.340,10.338,10.340,10.337,40260900,416211544
2023-12-27,10.338,10.342,10.342,10.338,48222500,498712567
2023-12-28,10.344,10.347,10.449,10.344,40348577,417555761
2023-12-29,10.355,10.357,10.358,10.355,42895200,444265106
2024-01-02,10.362,10.363,10.363,10.362,35070700,363429386
2024-01-03,10.358,10.362,10.364,10.358,50417314,522458378
2024-01-04,10.363,10.361,10.363,10.361,13437100,139234726
2024-01-05,10.358,10.362,10.362,10.358,2500586,25910840
2024-01-08,10.362,10.365,10.366,10.362,53575057,555289312
2024-01-09,10.368,10.369,10.369,10.368,28110900,291479348
2024-01-10,10.370,10.371,10.371,10.370,41859243,434121503
2024-01-11,10.371,10.372,10.373,10.371,52406343,543551487
2024-01-12,10.372,10.372,10.373,10.372,36633400,379997818
2024-01-15,10.372,10.372,10.374,10.371,36250700,376028360
2024-01-16,10.373,10.373,10.373,10.372,40121000,416169595
2024-01-17,10.373,10.373,10.373,10.371,35142100,364528842
2024-01-18,10.374,10.373,10.374,10.372,67773400,703021566
2024-01-19,10.373,10.376,10.377,10.373,39348900,408284011
2024-01-22,10.376,10.378,10.380,10.376,36470100,378525540
2024-01-23,10.379,10.382,10.383,10.379,32580300,338248649
2024-01-24,10.382,10.381,10.386,10.381,36649900,380498952
2024-01-25,10.383,10.383,10.383,10.381,35807000,371783604
2024-01-26,10.385,10.388,10.388,10.385,38987900,404967491
2024-01-29,10.388,10.387,10.388,10.387,17326900,179977294
2024-01-30,10.387,10.390,10.395,10.387,43942600,456563190
2024-01-31,10.395,10.396,10.396,10.394,43157400,448620327
2024-02-01,10.397,10.400,10.401,10.397,41191900,428393098
2024-02-02,10.400,10.405,10.406,10.400,40390900,420262235
2024-02-05,10.409,10.413,10.413,10.409,33515500,348962482
2024-02-06,10.409,10.410,10.411,10.409,21337700,222121004
2024-02-07,10.410,10.412,10.412,10.405,36432000,379272815
2024-02-08,10.422,10.424,10.425,10.416,26939800,280671765
2024-02-19,10.424,10.425,10.426,10.420,30551700,318480640
2024-02-20,10.427,10.425,10.427,10.424,34296700,357541885
2024-02-21,10.426,10.428,10.429,10.426,35175400,366788780
2024-02-22,10.435,10.432,10.435,10.428,34497800,359877853
2024-02-23,10.436,10.439,10.439,10.436,36678600,382851672
2024-02-26,10.441,10.445,10.446,10.440,32615100,340644215
2024-02-27,10.446,10.449,10.449,10.445,35469300,370585204
2024-02-28,10.450,10.448,10.452,10.443,38150200,398555694
2024-02-29,10.451,10.454,10.454,10.451,35027800,366147385
2024-03-01,10.457,10.452,10.457,10.452,47011700,491544671
2024-03-04,10.454,10.457,10.457,10.453,33555800,350860207
2024-03-05,10.457,10.455,10.457,10.454,33462500,349818249
2024-03-06,10.456,10.458,10.458,10.454,28649300,299585820
2024-03-07,10.459,10.456,10.461,10.456,28912300,302387621
2024-03-08,10.459,10.462,10.462,10.458,33200000,347306536
2024-03-11,10.463,10.464,10.464,10.462,31563400,330249554
2024-03-12,10.464,10.460,10.465,10.460,38629700,404105616
2024-03-13,10.460,10.461,10.464,10.459,37141700,388608923
2024-03-14,10.461,10.463,10.464,10.461,34343800,359338665
2024-03-15,10.471,10.466,10.471,10.463,32286700,337880692
2024-03-18,10.466,10.469,10.469,10.464,35031500,366723287
2024-03-19,10.467,10.469,10.469,10.467,43273100,452986233
2024-03-20,10.469,10.470,10.470,10.465,40372800,422665021
2024-03-21,10.471,10.474,10.474,10.470,21698600,227250957
2024-03-22,10.475,10.480,10.480,10.475,29025500,304159083
2024-03-25,10.484,10.479,10.484,10.478,28514300,298801967
2024-03-26,10.479,10.481,10.481,10.477,27811700,291493891
2024-03-27,10.480,10.485,10.485,10.479,32880500,344747260
2024-03-28,10.485,10.483,10.485,10.481,4742400,49711426
2024-03-29,10.484,10.487,10.487,10.484,25117400,263376089
2024-04-01,10.487,10.483,10.487,10.481,41403500,433994609
2024-04-02,10.487,10.488,10.489,10.486,37323000,391443451
2024-04-03,10.491,10.495,10.495,10.491,40967600,429888120
2024-04-08,10.494,10.498,10.498,10.492,31539300,331067802
2024-04-09,10.498,10.501,10.502,10.498,37031900,388869551
2024-04-10,10.502,10.503,10.503,10.495,90731900,952856023
2024-04-11,10.506,10.508,10.509,10.505,72862100,765632149
2024-04-12,10.510,10.516,10.516,10.509,46830200,492409172
2024-04-15,10.517,10.520,10.521,10.514,71838300,755710973
2024-04-16,10.520,10.524,10.525,10.519,61222200,644301769
2024-04-17,10.524,10.524,10.525,10.521,44544500,468783424
2024-04-18,10.524,10.527,10.528,10.524,66539100,700359715
2024-04-19,10.529,10.535,10.536,10.529,75508100,795347099
2024-04-22,10.536,10.541,10.541,10.535,49177500,518315296
2024-04-23,10.541,10.548,10.550,10.541,59472900,627102333
2024-04-24,10.541,10.543,10.545,10.532,39558300,417112418
2024-04-25,10.543,10.543,10.545,10.541,44757000,471902156
2024-04-26,10.543,10.534,10.543,10.533,59693800,629079882
2024-04-29,10.535,10.523,10.537,10.500,31239000,328793067
2024-04-30,10.535,10.538,10.540,10.535,49645200,523178313
2024-05-06,10.528,10.533,10.537,10.527,40764100,429340876
2024-05-07,10.534,10.538,10.539,10.534,41241400,434538766
2024-05-08,10.538,10.545,10.549,10.538,46566900,491019159
2024-05-09,10.543,10.546,10.548,10.540,36083500,380570132
2024-05-10,10.546,10.548,10.552,10.544,33279400,351105610
2024-05-13,10.550,10.551,10.552,10.547,50734500,535289909
2024-05-14,10.550,10.550,10.552,10.543,45739600,482604988
2024-05-15,10.553,10.554,10.554,10.552,50134600,529077240
2024-05-16,10.552,10.553,10.555,10.552,57348700,605278076
2024-05-17,10.550,10.554,10.554,10.550,41357300,436449642
2024-05-20,10.553,10.555,10.556,10.552,46329300,489003014
2024-05-21,10.555,10.554,10.556,10.553,32889700,347138017
2024-05-22,10.555,10.556,10.557,10.554,43151500,455476798
2024-05-23,10.558,10.559,10.561,10.557,58822400,621120417
2024-05-24,10.562,10.562,10.563,10.561,49886000,526890594
2024-05-27,10.562,10.562,10.564,10.560,61981200,654670860
2024-05-28,10.562,10.562,10.563,10.560,54876200,579554655
2024-05-29,10.563,10.565,10.565,10.562,37321000,394274207
2024-05-30,10.565,10.566,10.566,10.562,41946600,443137103
2024-05-31,10.566,10.566,10.569,10.565,41751100,441196096
2024-06-03,10.567,10.568,10.570,10.566,45459600,480423843
2024-06-04,10.569,10.571,10.572,10.569,38005600,401720415
2024-06-05,10.572,10.575,10.575,10.571,50116490,529932150
2024-06-06,10.575,10.579,10.579,10.575,32291200,341529918
2024-06-07,10.583,10.584,10.584,10.579,56241390,595105197
2024-06-11,10.583,10.582,10.583,10.581,57967893,613400802
2024-06-12,10.480,10.476,10.480,10.476,5893600,61744352
2024-06-13,10.476,10.473,10.479,10.472,40041600,419503120
2024-06-14,10.477,10.477,10.478,10.475,49898600,522763250
2024-06-17,10.478,10.478,10.479,10.476,31322100,328185690
2024-06-18,10.477,10.478,10.480,10.477,42227400,442483895
2024-06-19,10.479,10.478,10.480,10.476,46997300,492395485
2024-06-20,10.477,10.481,10.481,10.466,48156000,504357646
2024-06-21,10.480,10.483,10.484,10.479,41180800,431612114
2024-06-24,10.484,10.484,10.486,10.480,51163000,536314309
2024-06-25,10.483,10.486,10.486,10.482,39996000,419295765
2024-06-26,10.486,10.485,10.487,10.483,25340800,265681882
2024-06-27,10.485,10.485,10.487,10.484,54238300,568664195
2024-06-28,10.487,10.489,10.490,10.487,39550000,414838575
2024-07-01,10.490,10.490,10.492,10.489,30003400,314765528
2024-07-02,10.490,10.491,10.491,10.488,27811400,291741503
2024-07-03,10.491,10.492,10.492,10.490,42785197,448861197
2024-07-04,10.493,10.493,10.493,10.491,42581100,446782409
2024-07-05,10.494,10.497,10.497,10.494,32205000,338023441
2024-07-08,10.496,10.492,10.496,10.491,41205500,432329459
2024-07-09,10.492,10.494,10.496,10.492,46320901,486122141
2024-07-10,10.495,10.494,10.496,10.493,40218800,422064381
2024-07-11,10.495,10.496,10.497,10.494,43765397,459345390
2024-07-12,10.497,10.500,10.502,10.497,45695700,479820289
2024-07-15,10.501,10.500,10.502,10.499,35627000,374114624
2024-07-16,10.501,10.500,10.502,10.499,55490000,582699187
2024-07-17,10.502,10.502,10.503,10.500,24619600,258545438
2024-07-18,10.502,10.503,10.503,10.501,24424600,256506440
2024-07-19,10.504,10.506,10.506,10.504,17881000,187846352
2024-07-22,10.507,10.509,10.510,10.507,34565800,363245560
2024-07-23,10.510,10.513,10.513,10.510,44667100,469526448
2024-07-24,10.514,10.514,10.514,10.512,22527900,236837366
2024-07-25,10.515,10.514,10.515,10.513,37827800,397725166
2024-07-26,10.517,10.516,10.518,10.514,35471700,373018554
2024-07-29,10.517,10.520,10.521,10.517,42020900,442008910
2024-07-30,10.521,10.525,10.527,10.521,61823100,650734151
2024-07-31,10.525,10.527,10.528,10.524,62852500,661571580
2024-08-01,10.526,10.526,10.527,10.525,89783900,945068001
2024-08-02,10.527,10.527,10.530,10.526,68708300,723384499
2024-08-05,10.528,10.529,10.530,10.527,122433097,1289008951
2024-08-06,10.528,10.529,10.530,10.524,66641300,701599423
2024-08-07,10.528,10.530,10.531,10.528,69638100,733281904
2024-08-08,10.529,10.529,10.532,10.528,63440800,668022738
2024-08-09,10.529,10.529,10.530,10.526,62333000,656241306
2024-08-12,10.526,10.512,10.526,10.512,66363200,697836493
2024-08-13,10.517,10.518,10.519,10.517,53894300,566858684
2024-08-14,10.518,10.523,10.527,10.518,67816504,713604717
2024-08-15,10.525,10.524,10.526,10.523,50018600,526396446
2024-08-16,10.524,10.526,10.528,10.524,69511000,731674484
2024-08-19,10.526,10.527,10.527,10.525,33546300,353107910
2024-08-20,10.525,10.526,10.528,10.523,63896300,672574041
2024-08-21,10.525,10.515,10.526,10.515,59271200,623617936
2024-08-22,10.521,10.519,10.523,10.517,62486400,657301649
2024-08-23,10.520,10.519,10.521,10.515,48862800,513870725
2024-08-26,10.518,10.515,10.522,10.451,47537200,499949113
2024-08-27,10.515,10.499,10.516,10.498,54088500,568389746
2024-08-28,10.498,10.505,10.508,10.497,32900954,345539577
2024-08-29,10.504,10.509,10.511,10.504,63668200,669056305
2024-08-30,10.519,10.515,10.519,10.510,32652100,343303703
2024-09-02,10.516,10.517,10.518,10.515,43563914,458120169
2024-09-03,10.517,10.514,10.519,10.513,57028700,599614288
2024-09-04,10.515,10.518,10.521,10.515,49185800,517389209
2024-09-05,10.519,10.522,10.523,10.519,46482100,489107311
2024-09-06,10.524,10.522,10.524,10.521,45534100,479111200
2024-09-09,10.523,10.523,10.526,10.521,56580600,595456401
2024-09-10,10.523,10.521,10.525,10.520,20877200,219703770
2024-09-11,10.521,10.524,10.524,10.518,53970000,567818021
2024-09-12,10.523,10.527,10.528,10.523,58452200,615267480
2024-09-13,10.529,10.531,10.532,10.529,60111700,633008784
2024-09-18,10.532,10.533,10.536,10.531,64666900,681153738
2024-09-19,10.533,10.530,10.535,10.529,45380300,477921341
2024-09-20,10.531,10.534,10.534,10.531,38502900,405513935
2024-09-23,10.539,10.533,10.539,10.532,59886300,630812393
2024-09-24,10.533,10.530,10.536,10.528,15759500,165978481
2024-09-25,10.528,10.538,10.539,10.527,19775400,208243157
2024-09-26,10.540,10.537,10.540,10.536,25601100,269778678
2024-09-27,10.533,10.518,10.536,10.092,11726300,123297068
2024-09-30,10.413,10.501,10.504,10.411,9138400,95636483
2024-10-08,10.502,10.452,10.503,10.433,13733500,143791477
2024-10-09,10.453,10.420,10.459,10.413,18784600,196150178
2024-10-10,10.430,10.482,10.483,10.420,41694200,436828123
2024-10-11,10.491,10.515,10.515,10.491,30593955,321623607
2024-10-14,10.533,10.526,10.534,10.524,63665600,670292821
2024-10-15,10.527,10.534,10.535,10.527,65978797,695019499
2024-10-16,10.534,10.535,10.538,10.534,53346700,562041081
2024-10-17,10.538,10.539,10.539,10.533,41091600,432963371
2024-10-18,10.542,10.540,10.548,10.539,9129300,96225648
2024-10-21,10.540,10.542,10.545,10.539,44947200,473792874
2024-10-22,10.542,10.542,10.545,10.539,60371200,636375204
2024-10-23,10.542,10.528,10.543,10.528,38359147,404186364
2024-10-24,10.531,10.533,10.535,10.531,41550800,437612002
2024-10-25,10.532,10.534,10.534,10.532,28147300,296475498
2024-10-28,10.533,10.530,10.533,10.530,28896300,304311293
2024-10-29,10.529,10.535,10.535,10.528,36839300,387898615
2024-10-30,10.538,10.534,10.538,10.532,25568500,269336775
2024-10-31,10.538,10.535,10.538,10.532,27673949,291516999
2024-11-01,10.533,10.538,10.539,10.533,7310400,77031750
2024-11-04,10.538,10.540,10.543,10.537,46899800,494258739
2024-11-05,10.540,10.540,10.542,10.539,41187613,434152565
2024-11-06,10.538,10.543,10.544,10.538,13817800,145668438
2024-11-07,10.544,10.545,10.547,10.544,23609430,248965705
2024-11-08,10.547,10.551,10.551,10.547,17577200,185424205
2024-11-11,10.551,10.551,10.552,10.550,26651700,281202873
2024-11-12,10.551,10.555,10.555,10.551,39679000,418739984
2024-11-13,10.555,10.556,10.556,10.554,47242400,498657245
2024-11-14,10.557,10.556,10.557,10.554,14402647,152024821
2024-11-15,10.557,10.557,10.559,10.556,40133100,423670639
2024-11-18,10.557,10.557,10.559,10.556,25905400,273506294
2024-11-19,10.557,10.559,10.561,10.557,52658700,555980268
2024-11-20,10.560,10.561,10.561,10.559,39530800,417444250
2024-11-21,10.561,10.561,10.562,10.559,13704500,144723450
2024-11-22,10.562,10.562,10.564,10.561,27892200,294625114
2024-11-25,10.562,10.565,10.566,10.562,10294100,108756783
2024-11-26,10.566,10.566,10.568,10.565,64832500,685073872
2024-11-27,10.567,10.568,10.569,10.566,42923300,453580627
2024-11-28,10.568,10.570,10.570,10.568,53425000,564654460
2024-11-29,10.571,10.572,10.574,10.570,49002400,518064359
2024-12-02,10.575,10.580,10.581,10.575,62566800,661952068
2024-12-03,10.581,10.582,10.589,10.580,48082700,508781082
2024-12-04,10.584,10.589,10.590,10.583,42839800,453614746
2024-12-05,10.590,10.590,10.592,10.587,42715844,452370136
2024-12-06,10.592,10.595,10.597,10.590,62903600,666347577
2024-12-09,10.595,10.596,10.597,10.593,54058000,572777143
2024-12-10,10.596,10.601,10.602,10.595,55080900,583772538
2024-12-11,10.601,10.601,10.603,10.598,43320800,459255321
2024-12-12,10.602,10.606,10.607,10.601,40153000,425791482
2024-12-13,10.611,10.615,10.624,10.607,39473789,419008167
2024-12-16,10.616,10.619,10.620,10.610,77432937,822182487
2024-12-17,10.620,10.614,10.622,10.605,71567311,759460612
2024-12-18,10.614,10.605,10.620,10.598,18937194,200955865
2024-12-19,10.611,10.604,10.614,10.600,46705436,495362473
2024-12-20,10.611,10.616,10.616,10.607,45192404,479531487
2024-12-23,10.621,10.620,10.623,10.617,28465700,302314802
2024-12-24,10.519,10.513,10.519,10.508,32777800,344506035
2024-12-25,10.513,10.506,10.513,10.506,29615712,311178257
2024-12-26,10.508,10.503,10.509,10.500,41428867,435142964
2024-12-27,10.508,10.509,10.510,10.505,33663104,353738133
2024-12-30,10.512,10.514,10.515,10.505,49552800,520865470
2024-12-31,10.517,10.510,10.524,10.509,20945814,220315882
2025-01-02,10.520,10.525,10.825,10.520,28285006,297977938
2025-01-03,10.530,10.535,10.535,10.529,17924900,188790378
2025-01-06,10.534,10.542,10.542,10.534,32392032,341379170
2025-01-07,10.544,10.543,10.549,10.538,29996400,316229638
2025-01-08,10.542,10.542,10.543,10.539,47197800,497528920
2025-01-09,10.542,10.539,10.544,10.538,34017526,358610513
2025-01-10,10.533,10.536,10.538,10.522,32981377,347336649
2025-01-13,10.530,10.527,10.536,10.526,36754087,386957664
2025-01-14,10.527,10.521,10.529,10.520,38603701,406189218
2025-01-15,10.525,10.528,10.529,10.525,38037153,400455868
2025-01-16,10.528,10.513,10.528,10.512,52984797,557274877
2025-01-17,10.514,10.523,10.523,10.514,25181254,264904504
2025-01-20,10.521,10.520,10.524,10.517,43100677,453421636
2025-01-21,10.520,10.522,10.524,10.520,13951399,146794284
2025-01-22,10.522,10.523,10.524,10.522,10382799,109253727
2025-01-23,10.523,10.520,10.524,10.520,30153800,317269577
2025-01-24,10.522,10.524,10.524,10.520,16291600,171426851
2025-01-27,10.527,10.531,10.532,10.527,7799300,82130633
2025-02-05,10.531,10.534,10.534,10.530,20577700,216737317
2025-02-06,10.534,10.538,10.540,10.534,29977733,315883934
2025-02-07,10.538,10.544,10.547,10.538,47691695,502903256
2025-02-10,10.544,10.544,10.547,10.537,46133300,486390334
2025-02-11,10.545,10.542,10.545,10.540,15933500,167970165
2025-02-12,10.542,10.543,10.544,10.542,33672003,355003731
2025-02-13,10.543,10.542,10.547,10.541,34370783,362349895
2025-02-14,10.543,10.538,10.543,10.538,50992100,537449333
2025-02-17,10.539,10.534,10.540,10.532,17182000,180994220
2025-02-18,10.532,10.530,10.533,10.527,23418963,246600416
2025-02-19,10.532,10.530,10.532,10.527,26658100,280709849
2025-02-20,10.532,10.521,10.532,10.517,50457369,531115552
2025-02-21,10.522,10.501,10.522,10.492,12751204,134013792
2025-02-24,10.501,10.477,10.501,10.474,20080888,210495943
2025-02-25,10.485,10.501,10.512,10.485,35423713,372001370
2025-02-26,10.501,10.503,10.505,10.501,42835585,449921639
2025-02-27,10.504,10.502,10.507,10.501,55190235,579796366
2025-02-28,10.505,10.498,10.513,10.496,53055686,557260862
2025-03-03,10.498,10.509,10.510,10.495,52987123,556449905
2025-03-04,10.508,10.507,10.512,10.502,22730027,238830008
2025-03-05,10.508,10.509,10.509,10.506,43993525,462243074
2025-03-06,10.509,10.502,10.509,10.502,67049418,704293280
2025-03-07,10.501,10.497,10.501,10.495,38732699,406541596
2025-03-10,10.495,10.494,10.496,10.491,51771600,543187305
2025-03-11,10.497,10.489,10.499,10.487,41331272,433500511
2025-03-12,10.488,10.495,10.496,10.480,35494926,372170215
2025-03-13,10.494,10.500,10.501,10.491,62241578,653403382
2025-03-14,10.500,10.500,10.501,10.497,53386900,560559066
2025-03-17,10.500,10.497,10.500,10.493,57157113,599873215
2025-03-18,10.498,10.495,10.498,10.490,56479222,592727213
2025-03-19,104.946,105.001,105.046,104.946,2067385,217071615
2025-03-20,104.991,105.076,105.120,104.978,12417280,1304437427
2025-03-21,105.078,105.112,105.115,105.078,6470040,680052383
2025-03-24,105.112,105.163,105.177,105.097,4641392,487974483
2025-03-25,105.173,105.202,105.223,105.173,8661189,911193513
2025-03-26,105.197,105.211,105.239,105.186,9478355,997148229
2025-03-27,105.221,105.286,105.348,105.188,13407911,1411319466
2025-03-28,105.299,105.330,105.336,105.250,13237180,1394301200
2025-03-31,105.330,105.335,105.379,105.306,13693980,1442297809
2025-04-01,105.325,105.317,105.325,105.292,20146900,2121580032
2025-04-02,105.317,105.383,105.400,105.317,27118121,2856706630
2025-04-03,105.409,105.543,106.436,105.350,26854057,2832022915
2025-04-07,105.605,105.803,105.817,105.605,21099952,2231928909
2025-04-08,105.780,105.621,105.780,105.090,20695230,2186079023
2025-04-09,105.641,105.625,105.702,105.585,21390620,2259346572
2025-04-10,105.594,105.615,105.682,105.512,20785870,2194183216
2025-04-11,105.650,105.624,105.650,105.600,21484400,2269472751
2025-04-14,105.583,105.599,105.613,105.486,3544210,374091240
2025-04-15,105.594,105.612,105.642,105.593,22269550,2351868257
2025-04-16,105.606,105.619,105.640,105.577,19805570,2091940362
2025-04-17,105.586,105.511,105.622,105.480,17029296,1797970903
2025-04-18,105.501,105.497,105.551,105.444,5113030,539386331
2025-04-21,105.538,105.459,105.538,105.450,15697357,1656077143
2025-04-22,105.479,105.494,105.495,105.445,16963243,1789147568
2025-04-23,105.489,105.410,105.489,105.400,18675250,1969139864
2025-04-24,105.410,105.439,105.460,105.405,2579246,271953587
2025-04-25,105.460,105.435,105.460,105.411,18760610,1977712201
2025-04-28,105.453,105.424,105.454,105.419,20076493,2116470429
2025-04-29,105.411,105.506,105.509,105.411,4952345,522425292
2025-04-30,105.506,105.563,105.585,105.506,2733662,288601217
2025-05-06,105.540,105.532,105.540,105.484,16830735,1775908252
2025-05-07,105.599,105.597,105.617,105.500,15033410,1587114008
2025-05-08,105.625,105.656,105.670,105.568,20962430,2213902280
2025-05-09,105.645,105.666,105.678,105.644,28644580,3026613433
2025-05-12,105.684,105.645,105.710,105.634,12938880,1366845059
2025-05-13,105.655,105.644,105.655,105.613,9537496,1007516618
2025-05-14,105.663,105.710,105.727,105.626,23980401,2533808708
2025-05-15,105.727,105.717,105.735,105.678,32570670,3443244369
2025-05-16,105.734,105.649,105.734,105.601,3953146,417638649
2025-05-19,105.650,105.686,105.686,105.626,16034482,1694079716
2025-05-20,105.704,105.721,105.740,105.685,13996862,1479914419
2025-05-21,105.702,105.732,105.753,105.702,11055432,1168884610
2025-05-22,105.739,105.774,105.787,105.711,15278330,1615971110
2025-05-23,105.794,105.776,105.844,105.766,15748620,1665961927
2025-05-26,105.790,105.800,105.830,105.760,19624940,2076419769
2025-05-27,105.814,105.818,105.850,105.772,18160240,1921796966
2025-05-28,105.819,105.783,105.819,105.771,4015580,424794256
2025-05-29,105.794,105.761,105.829,105.753,16398776,1734635844
2025-05-30,105.762,105.814,105.840,105.760,22879510,2420674205
2025-06-03,105.889,105.808,105.889,105.800,17430000,1844409854
2025-06-04,105.827,105.836,105.860,105.803,12259860,1297407437
2025-06-05,105.850,105.893,105.899,105.819,15396288,1630202151
2025-06-06,105.907,105.876,105.907,105.860,21873100,2315980510
2025-06-09,105.879,105.887,105.915,105.851,26778900,2835414722
2025-06-10,105.888,105.921,105.936,105.888,28550320,3023921445
2025-06-11,105.923,105.935,105.945,105.894,23783050,2519525648
2025-06-12,105.925,105.940,105.967,105.921,11372100,1204779438
2025-06-13,105.940,105.956,105.975,105.939,29862680,3164079955
2025-06-16,105.960,105.972,105.980,105.928,22367620,2370122757
2025-06-17,105.972,106.017,106.020,105.967,22215915,2355126026
2025-06-18,106.019,106.012,106.069,106.004,24144800,2559804597
2025-06-19,106.021,106.026,106.036,106.016,17678062,1874377038
2025-06-20,106.024,106.056,106.067,106.021,33009250,3500878641
2025-06-23,106.074,106.055,106.078,106.051,26126578,2770949798
2025-06-24,106.060,106.067,106.093,106.050,24534720,2602475315
2025-06-25,106.084,106.076,106.095,106.010,22540060,2390792561
2025-06-26,106.088,106.071,106.088,106.016,8949589,949165086
2025-06-27,106.088,106.108,106.110,106.067,12660010,1343241979
2025-06-30,106.149,106.106,106.149,106.100,27906450,2961166991
2025-07-01,106.116,106.086,106.122,106.067,23120880,2452771908
2025-07-02,106.085,106.131,106.139,106.080,26052740,2764517007
2025-07-03,106.144,106.150,106.221,106.114,11075100,1175694718
2025-07-04,106.160,106.228,106.235,106.160,22477290,2387316043
2025-07-07,106.219,106.263,106.331,106.213,28340790,3011015995
2025-07-08,106.266,106.255,106.320,106.219,25267921,2684592357
2025-07-09,106.253,106.250,106.282,106.220,21353526,2268593860
2025-07-10,106.239,106.234,106.267,106.210,22287940,2367936945
2025-07-11,106.250,106.195,106.250,106.157,8682070,922001403
2025-07-14,106.202,106.161,106.202,106.117,25230440,2679028576
2025-07-15,106.166,106.218,106.249,106.166,19624506,2084308517
2025-07-16,106.234,106.254,106.260,106.218,32580900,3461482961
2025-07-17,106.274,106.290,106.291,106.258,10098088,1073184515
2025-07-18,106.304,106.310,106.350,106.284,22679960,2410710082
2025-07-21,106.309,106.216,106.309,106.203,32817280,3486056505
2025-07-22,106.259,106.154,106.259,106.130,17766380,1886108412
2025-07-23,106.137,106.134,106.150,105.900,10436520,1106303354
2025-07-24,106.149,105.940,106.149,105.830,14801970,1568141288
2025-07-25,105.960,105.949,105.980,105.893,12047915,1276174600
2025-07-28,105.951,106.050,106.073,105.951,21808026,2311766497
2025-07-29,106.088,105.930,106.099,105.930,10035200,1063640929
2025-07-30,105.930,105.991,106.062,105.902,4478560,474620611
2025-07-31,106.000,106.112,106.160,105.991,19791800,2100196454
2025-08-01,106.073,106.189,106.210,106.073,16151050,1713963804
2025-08-04,106.209,106.223,106.270,106.178,20346120,2161858998
2025-08-05,106.250,106.239,106.282,106.189,24422517,2593954717
2025-08-06,106.254,106.268,106.300,106.223,22508570,2391984006
2025-08-07,106.268,106.300,106.321,106.241,18761033,1994471853
2025-08-08,106.311,106.306,106.330,106.272,19350140,2056598744
2025-08-11,106.300,106.225,106.300,106.180,21486490,2282858021
2025-08-12,106.244,106.143,106.244,106.121,10233553,1086179349
2025-08-13,106.142,106.193,106.256,106.089,18944104,2011198249
2025-08-14,106.214,106.195,106.224,106.122,25662720,2725089095
2025-08-15,106.228,106.164,106.228,106.143,16977250,1803055804
2025-08-18,106.137,106.050,106.137,105.940,20503270,2173449358
2025-08-19,106.095,106.085,106.186,105.889,21277030,2255983735
2025-08-20,106.130,106.039,106.141,106.023,2761831,292933791
2025-08-21,106.065,106.065,106.113,105.944,21752368,2305578839
2025-08-22,106.098,106.069,106.123,106.001,21002530,2227398100
2025-08-25,106.075,106.126,106.148,106.028,15514319,1646171044
2025-08-26,106.105,106.087,106.186,106.084,19783500,2098850159
2025-08-27,106.087,106.150,106.219,106.059,19376570,2056004166
2025-08-28,106.124,106.101,106.156,106.093,26234730,2784070251
2025-08-29,106.074,106.112,106.170,106.071,21746001,2307749052
2025-09-01,106.139,106.175,106.175,106.095,17671550,1875664096
2025-09-02,106.219,106.180,106.219,106.156,26890370,2855217776
2025-09-03,106.222,106.225,106.232,106.157,22547320,2394750374
2025-09-04,106.244,106.244,106.280,106.226,18300420,1944184247
2025-09-05,106.216,106.205,106.247,106.186,23521440,2498212098
2025-09-08,106.178,106.145,106.205,106.104,20066030,2130680937
2025-09-09,106.164,106.105,106.180,106.094,21352790,2266311075
2025-09-10,106.105,106.103,106.154,106.065,19997574,2121740862
2025-09-11,106.103,106.120,106.146,105.994,23908297,2536037700
2025-09-12,106.094,106.061,106.184,106.016,21797600,2312599450
2025-09-15,106.065,106.086,106.106,106.063,15941970,1691345999
2025-09-16,106.086,106.113,106.113,106.011,18990260,2014570528
2025-09-17,106.143,106.145,106.172,106.075,21119400,2241150103
2025-09-18,106.096,106.116,106.129,106.094,20567600,2182433488
2025-09-19,106.113,106.083,106.149,106.040,20828900,2210447986
2025-09-22,106.115,106.060,106.129,106.043,13441740,1425912172
2025-09-23,106.060,106.043,106.078,106.006,20296720,2151887482
2025-09-24,106.077,106.000,106.077,105.950,17522390,1857114505
2025-09-25,106.000,105.970,106.035,105.860,17018320,1802841449
2025-09-26,105.941,105.982,106.023,105.935,23788994,2521050518
2025-09-29,106.039,105.961,106.040,105.921,5732751,607563948
2025-09-30,105.961,106.192,106.198,105.961,20168730,2140467029
2025-10-09,106.174,106.120,106.174,106.040,23135390,2454392657
2025-10-10,106.121,106.120,106.162,106.102,24588920,2609405561
2025-10-13,106.104,106.123,106.150,106.104,20662310,2192793064
2025-10-14,106.078,106.144,106.155,106.050,19451660,2063861985
2025-10-15,106.170,106.095,106.170,106.083,24626570,2612778570
2025-10-16,106.080,106.139,106.145,106.080,20705050,2197349984
2025-10-17,106.169,106.252,106.294,106.142,18211120,1934351735
2025-10-20,106.227,106.220,106.250,106.211,21534410,2287386315
2025-10-21,106.234,106.222,106.275,106.182,19468590,2067995503
2025-10-22,106.240,106.216,106.259,106.191,22666470,2407576344
2025-10-23,106.255,106.287,106.371,106.218,13334670,1417457937
2025-10-24,106.287,106.323,106.346,106.287,21730920,2310618789
2025-10-27,106.280,106.355,106.375,106.280,21588820,2295877540
2025-10-28,106.450,106.423,106.481,106.368,20757440,2208880655
2025-10-29,106.382,106.459,106.468,106.371,21189386,2255470251
2025-10-30,106.488,106.474,106.498,106.430,19616582,2088419458
2025-10-31,106.501,106.525,106.534,106.495,19088000,2033307322
2025-11-03,106.578,106.560,106.578,106.514,18504439,1971910486
2025-11-04,106.560,106.580,106.585,106.528,20284850,2161557372
2025-11-05,106.594,106.605,106.622,106.565,22309884,2378300258
2025-11-06,106.596,106.576,106.623,106.535,19683900,2097628809
2025-11-07,106.568,106.543,106.584,106.529,20222110,2154487612
2025-11-10,106.512,106.586,106.596,106.512,16724955,1782311757
2025-11-11,106.622,106.582,106.622,106.551,24744400,2637206737
2025-11-12,106.587,106.576,106.610,106.553,29270790,3119477073
2025-11-13,106.582,106.581,106.602,106.536,16767699,1786463026
2025-11-14,106.584,106.616,106.619,106.529,22308092,2377852959
2025-11-17,106.616,106.635,106.638,106.595,16738700,1784893086
2025-11-18,106.655,106.621,106.656,106.603,22353650,2383449108
2025-11-19,106.631,106.602,106.648,106.577,22785800,2429476995
2025-11-20,106.614,106.625,106.630,106.602,30406150,3241776445
2025-11-21,106.625,106.580,106.655,106.573,27160830,2896208880
2025-11-24,106.639,106.610,106.639,106.581,19927700,2124650771
2025-11-25,106.616,106.621,106.635,106.567,19061100,2031964177
2025-11-26,106.657,106.523,106.657,106.480,11140810,1186815430
2025-11-27,106.495,106.577,106.590,106.469,12383380,1319240401
2025-11-28,106.577,106.575,106.595,106.530,19379560,2064670192
2025-12-01,106.575,106.587,106.593,106.514,21416331,2282214575
2025-12-02,106.549,106.585,106.593,106.549,24406460,2601256669
2025-12-03,106.587,106.580,106.595,106.554,25456100,2713236127
2025-12-04,106.579,106.521,106.579,106.480,19200692,2045553528
2025-12-05,106.553,106.552,106.591,106.506,26870751,2863267416
2025-12-08,106.540,106.514,106.549,106.490,25494160,2715183069
2025-12-09,106.532,106.555,106.572,106.508,27058710,2882409265
2025-12-10,106.521,106.578,106.605,106.521,17157040,1827918632
2025-12-11,106.550,106.597,106.600,106.550,22311340,2378165234
2025-12-12,106.589,106.613,106.620,106.565,28758106,3065314994
2025-12-15,106.613,106.565,106.625,105.622,16811615,1791875715
2025-12-16,106.605,106.585,106.605,106.542,31573530,3365007923
2025-12-17,106.599,106.607,106.610,106.558,34167770,3642150079
2025-12-18,106.600,106.630,106.636,106.593,14891645,1587866281
2025-12-19,106.621,106.679,106.679,106.621,23327914,2488247952
2025-12-22,106.661,106.705,106.743,106.628,13703661,1462279600
2025-12-23,106.705,106.729,106.740,106.680,21787220,2325128554
2025-12-24,106.727,106.739,106.750,106.690,22875346,2441545325
2025-12-25,106.750,106.770,106.800,106.737,15292150,1632691655
2025-12-26,106.784,106.788,106.795,106.746,22539200,2406797920
2025-12-29,106.776,106.785,106.799,106.760,16078200,1717066467
2025-12-30,106.810,106.816,106.832,106.795,26260400,2804975315
2025-12-31,106.857,106.854,106.896,106.818,18188530,1943392367
2026-01-05,106.834,106.706,106.834,106.637,13360010,1425341228
2026-01-06,106.750,106.606,106.750,106.591,9326499,994402727
2026-01-07,106.606,106.632,106.705,106.553,23484731,2504365912
2026-01-08,106.630,106.690,106.694,106.630,12706200,1355020300
2026-01-09,106.692,106.742,106.745,106.667,18861810,2012493877
2026-01-12,106.710,106.748,106.799,106.648,5206903,555748882
2026-01-13,106.748,106.766,106.789,106.712,1195367,127629801
2026-01-14,106.796,106.762,106.796,106.731,25369040,2708170976
2026-01-15,106.728,106.741,106.779,106.728,38850010,4147986914
2026-01-16,106.735,106.763,106.788,106.735,39325600,4197970400
2026-01-19,106.774,106.768,106.813,106.751,30669480,3275108488
2026-01-20,106.745,106.790,106.799,106.745,44729243,4776594497
2026-01-21,106.790,106.821,106.826,106.774,21841210,2332493669
2026-01-22,106.801,106.800,106.837,106.790,34574530,3692503828
2026-01-23,106.800,106.912,106.981,106.790,29874300,3192115799
2026-01-26,106.912,106.900,106.942,106.830,1690908,180724758
2026-01-27,106.890,106.890,106.957,106.868,33782761,3612381889
2026-01-28,106.872,106.881,106.927,106.870,31566580,3374364215
2026-01-29,106.937,106.901,106.937,106.880,43896200,4692756055
2026-01-30,106.901,106.912,106.930,106.880,24438300,2612841354
2026-02-02,106.938,106.910,106.938,106.900,29615930,3166112936
2026-02-03,106.910,106.901,106.926,106.873,27400590,2928721118
2026-02-04,106.915,106.950,106.980,106.864,35454170,3789706910
2026-02-05,106.949,106.935,106.949,106.888,28302870,3025972144
2026-02-06,106.939,106.951,106.955,106.922,20844050,2229191067
2026-02-09,106.961,106.984,106.999,106.919,38266100,4093107723
2026-02-10,106.984,107.031,107.048,106.965,16337967,1748419204
2026-02-11,107.030,107.070,107.087,107.005,32934987,3525800503
2026-02-12,107.050,107.107,107.115,107.050,26653628,2854722806
2026-02-13,107.130,107.158,107.174,107.124,31446101,3369660622
2026-02-24,107.167,107.148,107.168,107.121,25812100,2765471755
2026-02-25,107.155,107.049,107.155,107.024,21742715,2328434338
2026-02-26,107.040,107.032,107.050,106.970,12481200,1335781202
2026-02-27,107.060,107.075,107.080,107.021,18267342,1955353059
2026-03-02,107.109,107.131,107.173,107.066,3360810,360051837
2026-03-03,107.113,107.165,107.165,107.113,21222421,2273536615
2026-03-04,107.149,107.168,107.181,107.125,38109340,4083359584
2026-03-05,107.160,107.178,107.194,107.150,24763640,2653762499
2026-03-06,107.181,107.232,107.241,107.178,51044390,5472403417
2026-03-09,107.215,107.176,107.230,107.142,22997880,2464775246
2026-03-10,107.210,107.224,107.228,107.152,31706035,3398443798
2026-03-11,107.215,107.225,107.235,107.185,16339391,1752010310
2026-03-12,107.244,107.242,107.245,107.196,23556330,2525791995
2026-03-13,107.245,107.252,107.268,107.224,22063330,2366416647
2026-03-16,107.241,107.199,107.256,107.178,38315100,4106821159
2026-03-17,107.199,107.242,107.249,107.183,28880770,3096090357
2026-03-18,107.240,107.266,107.298,107.240,27914150,2994193949
2026-03-19,107.248,107.287,107.290,107.248,20979030,2250604214
2026-03-20,107.284,107.290,107.299,107.281,30346910,3255808197
2026-03-23,107.292,107.273,107.304,107.234,17283330,1853811237
2026-03-24,107.285,107.287,107.290,107.255,22587010,2422988477
2026-03-25,107.289,107.312,107.315,107.278,30084262,3227736344
2026-03-26,107.307,107.329,107.332,107.289,23930260,2568146159
2026-03-27,107.323,107.360,107.377,107.323,6537470,701851923
2026-03-30,107.361,107.406,107.417,107.361,25581281,2747170207
2026-03-31,107.407,107.420,107.450,107.407,28927810,3107690029
2026-04-01,107.420,107.400,107.450,107.374,23009400,2470880773
2026-04-02,107.407,107.430,107.432,107.373,19606730,2105940215
2026-04-03,107.432,107.467,107.476,107.431,26342300,2830459667
2026-04-07,107.483,107.503,107.505,107.471,17463660,1877178543
2026-04-08,107.475,107.531,107.542,107.464,7763620,834645427
2026-04-09,107.528,107.549,107.560,107.510,27319490,2938032328
2026-04-10,107.554,107.563,107.581,107.525,19502610,2097628242
2026-04-13,107.570,107.562,107.588,107.550,23071610,2481915067
2026-04-14,107.540,107.579,107.588,107.505,43812236,4711434553
2026-04-15,107.584,107.587,107.599,107.555,25917120,2787807098
2026-04-16,107.595,107.589,107.599,107.576,23859830,2567035367
2026-04-17,107.597,107.589,107.617,107.584,23235559,2500329845
2026-04-20,107.597,107.595,107.627,107.549,29573700,3182231804
2026-04-21,107.595,107.610,107.625,107.592,26416100,2842708502
2026-04-22,107.625,107.626,107.642,107.617,29972200,3226138099
2026-04-23,107.631,107.625,107.648,107.581,17206721,1851893156
2026-04-24,107.630,107.668,107.671,107.630,20170700,2171619784
2026-04-27,107.669,107.630,107.694,107.624,31841120,3427883493
2026-04-28,107.633,107.668,107.681,107.610,16699600,1797554137
2026-04-29,107.668,107.695,107.720,107.660,34528080,3717875823
2026-04-30,107.735,107.710,107.735,107.688,29090340,3133415505
2026-05-06,107.695,107.655,107.695,107.618,23523120,2532492245
2026-05-07,107.655,107.670,107.678,107.642,32341366,3481927858
2026-05-08,107.662,107.683,107.700,107.650,28036850,3019102199
2026-05-11,107.681,107.673,107.683,107.660,27597300,2971494957
2026-05-12,107.674,107.679,107.685,107.662,22708538,2445215284
2026-05-13,107.679,107.704,107.715,107.679,38891656,4188748539
2026-05-14,107.715,107.712,107.725,107.695,25273690,2722323379
2026-05-15,107.722,107.744,107.749,107.720,27274200,2938620789
2026-05-18,107.747,107.752,107.756,107.712,34127800,3676628761
2026-05-19,107.770,107.814,107.821,107.753,34543600,3722834782
2026-05-20,107.832,107.815,107.832,107.786,21018200,2265971487
2026-05-21,107.812,107.816,107.840,107.775,19722990,2126336778
2026-05-22,107.820,107.845,107.864,107.807,18976600,2046065846
2026-05-25,107.836,107.857,107.871,107.826,11821840,1274981081
2026-05-26,107.854,107.870,107.876,107.842,24048900,2593903918
2026-05-27,107.878,107.892,107.905,107.862,25800210,2783517259
2026-05-28,107.906,107.923,107.940,107.893,26253525,2833388295
2026-05-29,107.898,107.940,107.970,107.898,19850191,2142703775
2026-06-01,107.948,107.984,108.000,107.948,30361341,3278133246
2026-06-02,107.995,108.029,108.038,107.995,31279750,3379113083
2026-06-03,108.030,108.039,108.086,108.027,31511125,3404606740
2026-06-04,108.066,108.077,108.090,108.031,23369300,2525692183
2026-06-05,108.111,108.093,108.111,108.076,31402180,3394449444
2026-06-08,108.080,108.066,108.087,108.052,10778395,1164858834
2026-06-09,108.078,108.013,108.078,108.004,24412912,2636950623
2026-06-10,108.024,107.967,108.036,107.919,36861686,3981756148
2026-06-11,107.960,107.801,107.960,107.761,16457870,1774431497
2026-06-12,107.827,107.887,107.896,107.772,18777000,2025251072
2026-06-15,107.863,107.911,107.911,107.841,45685180,4929581651
2026-06-16,107.911,107.943,107.953,107.893,26934735,2906397261
2026-06-17,107.945,107.976,107.986,107.934,33014038,3564644651
2026-06-18,107.995,108.007,108.030,107.990,39843700,4303515111
2026-06-22,108.007,107.994,108.010,107.987,19297646,2084033643
2026-06-23,108.022,107.961,108.024,107.959,37312668,4028426286
2026-06-24,107.959,107.957,107.980,107.945,19978473,2157053897
2026-06-25,107.957,107.980,107.999,107.957,51570450,5568818982
2026-06-26,107.995,108.030,108.034,107.984,41131300,4443208762
2026-06-29,108.032,108.050,108.078,108.027,32920503,3556928275
2026-06-30,108.052,108.059,108.071,108.034,29364639,3172646566
2026-07-01,108.048,108.045,108.055,107.995,25679338,2773882329
2026-07-02,108.063,108.064,108.069,108.005,18268300,1973578527
2026-07-03,108.051,108.060,108.060,108.026,16919555,1828199081
2026-07-06,108.060,108.070,108.080,108.051,44041134,4759524591
2026-07-07,108.070,108.073,108.088,108.059,40895200,4419629065
2026-07-08,108.078,108.093,108.096,108.065,26711300,2887030568
2026-07-09,108.115,108.105,108.115,108.077,31320592,3385748659
2026-07-10,108.102,108.119,108.120,108.090,26712100,2887905161
2026-07-13,108.120,108.113,108.133,108.108,37338800,4037275631
2026-07-14,108.102,108.117,108.125,108.102,27752620,3000269861
2026-07-15,108.116,108.118,108.129,108.105,19181851,2073903769
2026-07-16,108.128,108.115,108.139,108.098,38490200,4161435305
2026-07-17,108.116,108.120,108.134,108.102,32943200,3561700048
2026-07-20,108.118,108.131,108.142,108.108,51634781,5583757539
2026-07-21,108.131,108.133,108.141,108.110,33319443,3602474314
2026-07-22,108.133,108.150,108.163,108.103,32038020,3464411443
2026-07-23,108.158,108.153,108.170,108.130,33233828,3594075630
2026-07-24,108.153,108.170,108.193,108.153,31739640,3433140927
2026-07-27,108.170,108.176,108.190,108.160,24255192,2623507577
2026-07-28,108.194,108.189,108.194,108.158,19198230,2076853875
2026-07-29,108.188,108.171,108.230,108.160,28330260,3064835103
2026-07-30,108.153,108.150,108.172,108.150,31275695,3382779248
2026-07-31,108.168,108.162,108.168,108.141,24851769,2687906263
2026-08-03,108.161,108.170,108.186,108.158,43291090,4683224512
2026-08-04,108.173,108.192,108.199,108.169,35491300,3839547545
2026-08-05,108.192,108.187,108.202,108.185,21226271,2296554386
2026-08-06,108.199,108.202,108.213,108.180,39068661,4226985590
2026-08-07,108.198,108.213,108.221,108.195,45472894,4920558263
2026-08-10,108.203,108.227,108.227,108.203,34491101,3732708439
2026-08-11,108.227,108.240,108.257,108.205,22860787,2474310010
2026-08-12,108.238,108.249,108.250,108.235,28123950,3044242628
2026-08-13,108.249,108.270,108.270,108.226,36686385,3971644780
2026-08-14,108.268,108.285,108.290,108.256,18422600,1994774542
2026-08-17,108.285,108.294,108.302,108.277,30921700,3348569843
2026-08-18,108.303,108.303,108.310,108.285,29673920,3213658490
2026-08-19,108.303,108.303,108.318,108.295,44166897,4783576744
2026-08-20,108.303,108.294,108.316,108.284,35693060,3865272294
2026-08-21,108.300,108.296,108.320,108.291,29088549,3150362300
2026-08-24,108.301,108.304,108.310,108.294,26862500,2909331474
2026-08-25,108.319,108.325,108.329,108.304,21614380,2341121010
2026-08-26,108.325,108.324,108.350,108.301,20595710,2230747656
2026-08-27,108.319,108.296,108.320,108.284,29569010,3202630507
2026-08-28,108.296,108.295,108.298,108.275,22809120,2470037690
2026-08-31,108.277,108.294,108.308,108.277,29021800,3142914141
2026-09-01,108.307,108.307,108.315,108.288,35236860,3815972053
2026-09-02,108.312,108.301,108.313,108.289,35583386,3853398311
2026-09-03,108.307,108.324,108.326,108.302,27791800,3010146699
2026-09-04,108.326,108.353,108.357,108.323,20365846,2206373576
2026-09-07,108.370,108.361,108.370,108.346,22255700,2411366118
2026-09-08,108.411,108.373,108.411,108.369,30228360,3276021716
2026-09-09,108.370,108.398,108.399,108.370,31130520,3374005282
2026-09-10,108.398,108.383,108.409,108.380,18885153,2046986397
2026-09-11,108.387,108.396,108.400,108.387,20028349,2170932783
2026-09-14,108.395,108.407,108.408,108.395,28804941,3122655986
2026-09-15,108.420,108.429,108.430,108.406,19435010,2107111965
2026-09-16,108.421,108.421,108.438,108.413,32140188,3484652437
2026-09-17,108.422,108.431,108.434,108.419,33551542,3637800613
2026-09-18,108.460,108.449,108.465,108.440,28801600,3123308461
2026-09-21,108.451,108.472,108.483,108.450,38484800,4174136131
2026-09-22,108.468,108.510,108.523,108.465,35990240,3905212897
2026-09-23,108.510,108.519,108.520,108.500,26264090,2850062889
2026-09-24,108.522,108.521,108.529,108.518,38243925,4150406151
2026-09-28,108.522,108.532,108.550,108.522,25810240,2801232195
2026-09-29,108.534,108.550,108.555,108.534,19419171,2107865445
2026-09-30,108.572,108.591,108.636,108.572,24314400,2640317668
