date,open,high,low,close,volume,turnover
2016-06-01,101.156,101.164,101.149,101.158,70731353,7154876129
2016-06-02,101.161,101.174,101.161,101.167,67272864,6805785789
2016-06-03,101.176,101.184,101.175,101.182,89567942,9062400976
2016-06-06,101.180,101.195,101.179,101.194,85257505,8627223474
2016-06-07,101.205,101.208,101.198,101.207,82092670,8307972421
2016-06-08,101.229,101.250,101.227,101.249,72323311,7321917034
2016-06-13,101.254,101.256,101.247,101.249,68739811,6960013610
2016-06-14,101.255,101.258,101.252,101.253,65937181,6676440034
2016-06-15,101.259,101.261,101.252,101.254,67842320,6869568894
2016-06-16,101.260,101.262,101.254,101.259,81387838,8241144903
2016-06-17,101.279,101.286,101.276,101.284,73024208,7395856908
2016-06-20,101.287,101.294,101.287,101.292,50387496,5103799305
2016-06-21,101.295,101.298,101.287,101.296,56276812,5700463509
2016-06-22,101.303,101.304,101.294,101.299,50364667,5101899340
2016-06-23,101.304,101.308,101.297,101.305,70536951,7145445516
2016-06-24,101.317,101.325,101.313,101.320,72030173,7298050736
2016-06-27,101.326,101.327,101.294,101.299,81180602,8224647152
2016-06-28,101.312,101.328,101.303,101.316,86722107,8785785946
2016-06-29,101.326,101.327,101.272,101.315,88554495,8972129588
2016-06-30,101.320,101.364,101.319,101.360,66855272,6774548791
2016-07-01,101.377,101.396,101.375,101.392,65969068,6688245179
2016-07-04,101.392,101.398,101.388,101.394,65204989,6611341747
2016-07-05,101.391,101.397,101.384,101.395,47641760,4830459507
2016-07-06,101.397,101.414,101.397,101.411,50652332,5136453710
2016-07-07,101.413,101.424,101.412,101.423,65521773,6645046899
2016-07-08,101.430,101.448,101.430,101.446,54451694,5523531626
2016-07-11,101.446,101.455,101.445,101.453,38588096,3914747692
2016-07-12,101.456,101.461,101.454,101.458,53788431,5457232635
2016-07-13,101.459,101.464,101.457,101.460,52396217,5316111773
2016-07-14,101.465,101.477,101.463,101.476,40475471,4106949965
2016-07-15,101.480,101.494,101.480,101.491,57748843,5860891721
2016-07-18,101.495,101.967,101.494,101.506,47339738,4805197073
2016-07-19,101.511,101.518,101.510,101.516,47133252,4784667388
2016-07-20,101.520,101.523,101.516,101.521,37502268,3807209443
2016-07-21,101.525,101.526,101.519,101.524,46351076,4705669343
2016-07-22,101.540,101.542,101.532,101.540,49434709,5019542257
2016-07-25,101.549,101.555,101.543,101.555,61444073,6239483494
2016-07-26,101.559,101.559,101.547,101.548,58529150,5943800002
2016-07-27,101.551,101.571,101.551,101.569,69549866,7063461794
2016-07-28,101.569,101.584,101.567,101.583,58715707,5963940819
2016-07-29,101.594,101.605,101.594,101.603,59006166,5994910753
2016-08-01,101.603,101.612,101.601,101.609,53418199,5427672044
2016-08-02,101.612,101.618,101.610,101.616,50722844,5154217527
2016-08-03,101.618,101.626,101.617,101.622,38650119,3927707682
2016-08-04,101.626,101.634,101.623,101.627,51100853,5193417468
2016-08-05,101.640,101.652,101.639,101.651,74086370,7530779073
2016-08-08,101.655,101.658,101.652,101.655,68157494,6928541569
2016-08-09,101.660,101.663,101.659,101.661,54681331,5558956804
2016-08-10,101.666,101.669,101.664,101.668,56904365,5785204440
2016-08-11,101.675,101.678,101.663,101.677,58376166,5935255343
2016-08-12,101.689,101.691,101.684,101.686,68571284,6972918551
2016-08-15,101.692,101.693,101.660,101.687,80091967,8144117099
2016-08-16,101.686,101.695,101.680,101.693,63988511,6506841060
2016-08-17,101.697,101.707,101.697,101.706,50651548,5151373262
2016-08-18,101.711,101.716,101.702,101.704,77790380,7912182611
2016-08-19,101.727,101.736,101.723,101.735,61323453,6238316039
2016-08-22,101.737,101.747,101.733,101.745,51745295,5264583505
2016-08-23,101.748,101.751,101.744,101.749,52635313,5355537441
2016-08-24,101.752,101.755,101.746,101.749,62448040,6354031049
2016-08-25,101.755,101.762,101.751,101.760,59418723,6046142341
2016-08-26,101.775,101.785,101.775,101.784,53129384,5407478343
2016-08-29,101.787,101.797,101.786,101.797,47878035,4873584941
2016-08-30,101.803,101.807,101.798,101.806,49829668,5072747797
2016-08-31,101.809,101.815,101.808,101.812,48956377,4984336065
2016-09-01,101.814,101.824,101.813,101.822,53149973,5411728584
2016-09-02,101.831,101.839,101.830,101.836,58981574,6006355940
2016-09-05,101.839,101.843,101.838,101.842,49510756,5042193321
2016-09-06,101.849,101.854,101.847,101.853,47928458,4881476168
2016-09-07,101.855,101.863,101.852,101.862,46811142,4768002643
2016-09-08,101.866,101.870,101.864,101.867,37600638,3830223969
2016-09-09,101.875,101.883,101.875,101.879,51340603,5230558541
2016-09-12,101.884,101.895,101.884,101.894,52849426,5384713112
2016-09-13,101.896,101.922,101.890,101.919,56978937,5806033440
2016-09-14,101.930,101.955,101.928,101.950,63963012,6520751823
2016-09-19,101.950,101.951,101.940,101.943,55068367,5613891543
2016-09-20,101.947,101.948,101.936,101.939,42449792,4327487767
2016-09-21,101.946,101.947,101.933,101.944,57011032,5811675598
2016-09-22,101.945,101.947,101.903,101.934,58101714,5923037911
2016-09-23,101.953,101.969,101.950,101.953,64360719,6562330106
2016-09-26,101.969,101.973,101.955,101.962,70155269,7153314274
2016-09-27,101.968,101.973,101.951,101.965,70834196,7222487565
2016-09-28,101.971,101.988,101.955,101.986,61878468,6309539609
2016-09-29,101.988,102.009,101.980,101.996,64743973,6603542105
2016-09-30,102.065,102.076,102.050,102.063,78631659,8025887317
2016-10-10,102.070,102.076,102.063,102.071,64532412,6586881482
2016-10-11,102.075,102.076,102.070,102.074,57292722,5848019055
2016-10-12,102.079,102.099,102.077,102.097,46314418,4727955638
2016-10-13,102.096,102.108,102.095,102.107,54954036,5610831385
2016-10-14,102.113,102.137,102.113,102.133,54995186,5616188707
2016-10-17,102.130,102.135,102.125,102.131,59572476,6084033729
2016-10-18,102.135,102.135,102.118,102.120,65282756,6667269163
2016-10-19,102.124,102.137,102.124,102.134,50351899,5142411809
2016-10-20,102.140,102.143,102.126,102.128,52783285,5391189335
2016-10-21,102.152,102.158,102.143,102.150,66693929,6812795405
2016-10-24,102.160,102.162,102.144,102.149,82161380,8393041885
2016-10-25,102.153,102.158,102.148,102.155,70983596,7251275701
2016-10-26,102.169,102.170,102.155,102.163,74763280,7638104321
2016-10-27,102.164,102.166,102.143,102.164,56328792,5754127186
2016-10-28,102.195,102.204,102.179,102.191,72577832,7417019287
2016-10-31,102.202,102.212,102.201,102.211,48550733,4962144693
2016-11-01,102.219,102.228,102.217,102.223,59807492,6113546571
2016-11-02,102.229,102.253,102.228,102.249,80915671,8272628049
2016-11-03,102.248,102.254,102.246,102.252,86493858,8843952238
2016-11-04,102.259,102.275,102.258,102.273,67007811,6852820275
2016-11-07,102.272,102.279,102.271,102.279,71242978,7286499609
2016-11-08,102.283,102.286,102.278,102.285,78664361,8046037605
2016-11-09,102.286,102.290,102.282,102.286,80139067,8197139611
2016-11-10,102.284,102.291,102.282,102.289,139647924,14283898377
2016-11-11,102.301,102.307,102.287,102.289,90399094,9247429705
2016-11-14,102.289,102.302,102.289,102.300,107844862,11032182645
2016-11-15,102.308,102.322,102.303,102.319,65928150,6745219780
2016-11-16,102.323,102.327,102.320,102.323,77084622,7887605160
2016-11-17,102.327,102.336,102.326,102.331,115365560,11805182640
2016-11-18,102.344,102.357,102.337,102.354,77340098,7915572956
2016-11-21,102.359,102.365,102.357,102.359,82199601,8414033733
2016-11-22,102.365,102.369,102.362,102.367,88525911,9062050235
2016-11-23,102.370,102.378,102.368,102.374,208225199,21316368616
2016-11-24,102.378,102.382,102.375,102.378,141392271,14475545995
2016-11-25,102.388,102.398,102.388,102.394,105099513,10761507300
2016-11-28,102.399,102.408,102.397,102.406,180047182,18437018631
2016-11-29,102.410,102.413,102.397,102.405,155751211,15949767525
2016-11-30,102.413,102.414,102.374,102.402,161867946,16573817593
2016-12-01,102.403,102.415,102.394,102.411,139355002,14270703959
2016-12-02,102.427,102.452,102.426,102.451,178362337,18272132151
2016-12-05,102.452,102.474,102.451,102.471,132273235,13552856092
2016-12-06,102.472,102.477,102.464,102.473,97210490,9961240978
2016-12-07,102.475,102.476,102.470,102.474,110216181,11294225586
2016-12-08,102.475,102.489,102.474,102.488,110646188,11338767556
2016-12-09,102.499,102.501,102.492,102.495,143851116,14744039760
2016-12-12,102.502,102.504,102.499,102.501,113411411,11624867238
2016-12-13,102.508,102.509,102.501,102.507,102744670,10531807608
2016-12-14,102.511,102.511,102.504,102.507,99602877,10210073790
2016-12-15,102.498,102.499,102.088,102.412,109392699,11200660125
2016-12-16,102.426,102.495,102.420,102.454,120492661,12344326862
2016-12-19,102.469,102.504,102.448,102.485,121310058,12432493618
2016-12-20,102.509,102.527,102.488,102.525,143359586,14693819942
2016-12-21,102.527,102.555,102.527,102.538,139318877,14286010413
2016-12-22,102.556,102.569,102.546,102.562,126629375,12986625704
2016-12-23,102.574,102.589,102.572,102.583,110929037,11379061848
2016-12-26,102.583,102.587,102.570,102.576,117889042,12092883896
2016-12-27,102.579,102.579,102.533,102.554,132882053,13630009989
2016-12-28,102.561,102.582,102.528,102.576,105649563,10833409216
2016-12-29,102.560,102.648,102.544,102.645,101912033,10453954750
2016-12-30,100.105,100.440,100.095,100.228,85482752,8561380095
2017-01-03,100.132,100.223,100.100,100.125,38896585,3895505243
2017-01-04,100.129,100.134,100.117,100.127,29022757,2905947168
2017-01-05,100.122,100.131,100.118,100.127,40417710,4046800706
2017-01-06,100.138,100.163,100.132,100.155,49240419,4931194827
2017-01-09,100.152,100.159,100.151,100.158,31863978,3191310439
2017-01-10,100.158,100.183,100.157,100.177,31490975,3154421662
2017-01-11,100.170,100.182,100.169,100.181,34646287,3470800346
2017-01-12,100.179,100.182,100.174,100.177,42371940,4244752553
2017-01-13,100.184,100.198,100.183,100.192,36855748,3692702709
2017-01-16,100.199,100.204,100.185,100.193,44036225,4412276410
2017-01-17,100.195,100.198,100.180,100.184,48807834,4890006936
2017-01-18,100.197,100.200,100.184,100.190,45598484,4568588878
2017-01-19,100.189,100.190,100.164,100.172,42220967,4229437747
2017-01-20,100.213,100.226,100.205,100.214,44006249,4410082875
2017-01-23,100.232,100.253,100.231,100.251,40371668,4046828102
2017-01-24,100.256,100.267,100.254,100.265,34595400,3468538668
2017-01-25,100.284,100.326,100.284,100.308,42822959,4295544353
2017-01-26,100.349,100.375,100.300,100.332,41055405,4119706520
2017-02-03,100.350,100.363,100.349,100.355,28072762,2817259879
2017-02-06,100.359,100.380,100.359,100.378,30548552,3066142812
2017-02-07,100.378,100.416,100.375,100.412,37561082,3770630140
2017-02-08,100.402,100.418,100.401,100.410,36515447,3666591918
2017-02-09,100.405,100.411,100.401,100.406,39560193,3972079631
2017-02-10,100.409,100.421,100.408,100.413,43278762,4345846030
2017-02-13,100.417,100.422,100.408,100.419,48840604,4904407965
2017-02-14,100.422,100.425,100.413,100.416,44605809,4479152370
2017-02-15,100.423,100.426,100.419,100.425,45404772,4559653158
2017-02-16,100.430,100.443,100.429,100.439,48417141,4862784100
2017-02-17,100.453,100.461,100.439,100.443,64542937,6483629485
2017-02-20,100.463,100.464,100.452,100.456,81647771,8202112664
2017-02-21,100.463,100.464,100.455,100.459,75031667,7537548539
2017-02-22,100.471,100.482,100.470,100.481,59063415,5934567069
2017-02-23,100.487,100.509,100.487,100.505,69389291,6973376439
2017-02-24,100.518,100.521,100.509,100.515,76810014,7720689033
2017-02-27,100.525,100.538,100.521,100.536,69140177,6950424115
2017-02-28,100.539,100.545,100.536,100.540,78524140,7894723199
2017-03-01,100.550,100.559,100.548,100.551,66258099,6662319010
2017-03-02,100.558,100.573,100.558,100.570,55422597,5573690356
2017-03-03,100.588,100.604,100.578,100.602,90026065,9055506097
2017-03-06,100.600,100.611,100.597,100.608,66270730,6667126327
2017-03-07,100.613,100.631,100.613,100.629,73639166,7409640640
2017-03-08,100.629,100.642,100.629,100.640,75408733,7588877926
2017-03-09,100.647,100.669,100.647,100.666,78059680,7857010823
2017-03-10,100.670,100.700,100.670,100.698,98761544,9944066503
2017-03-13,100.707,100.707,100.689,100.690,84298932,8488754606
2017-03-14,100.695,100.696,100.675,100.680,72156834,7265335860
2017-03-15,100.686,100.686,100.673,100.676,87590049,8818417780
2017-03-16,100.681,100.684,100.643,100.650,105005081,10570776730
2017-03-17,100.679,100.690,100.654,100.677,107144037,10786649537
2017-03-20,100.700,100.705,100.680,100.703,98365064,9905103157
2017-03-21,100.707,100.712,100.701,100.711,88469132,8909513575
2017-03-22,100.726,100.747,100.724,100.745,108422412,10921694815
2017-03-23,100.751,100.762,100.746,100.760,98388094,9913138561
2017-03-24,100.768,100.777,100.757,100.760,108782324,10961938874
2017-03-27,100.775,100.781,100.772,100.779,119178562,12010207289
2017-03-28,100.789,100.792,100.781,100.783,110669265,11153837500
2017-03-29,100.789,100.794,100.764,100.772,98048050,9881817137
2017-03-30,100.775,100.794,100.766,100.792,132946904,13397894087
2017-03-31,100.850,100.855,100.830,100.846,108230000,10913932348
2017-04-05,100.849,100.869,100.849,100.864,67047888,6762606639
2017-04-06,100.875,100.900,100.872,100.899,70880417,7150592123
2017-04-07,100.911,100.938,100.911,100.932,93121068,9398378198
2017-04-10,100.936,100.947,100.933,100.945,73927900,7462304233
2017-04-11,100.948,100.991,100.948,100.981,74848644,7556802561
2017-04-12,100.970,100.974,100.963,100.964,77929218,7868335392
2017-04-13,100.966,100.975,100.966,100.973,86113316,8695107458
2017-04-14,100.987,100.997,100.984,100.994,74829592,7557033372
2017-04-17,100.997,101.006,100.997,101.005,68280162,6896461589
2017-04-18,101.022,101.022,101.012,101.015,71715553,7244384622
2017-04-19,101.021,101.025,101.015,101.024,92865056,9381273233
2017-04-20,101.029,101.044,101.027,101.041,83503810,8436604365
2017-04-21,101.049,101.074,101.048,101.070,95018949,9602713705
2017-04-24,101.074,101.078,101.061,101.071,94393037,9540368195
2017-04-25,101.073,101.079,101.055,101.065,107796280,10894365058
2017-04-26,101.076,101.080,101.071,101.079,97430719,9847912961
2017-04-27,101.080,101.098,101.080,101.096,125156359,12651721070
2017-04-28,101.130,101.137,101.121,101.131,127051379,12848769107
2017-05-02,101.143,101.154,101.143,101.149,90851672,9189408789
2017-05-03,101.156,101.162,101.153,101.160,76772584,7766040411
2017-05-04,101.170,101.175,101.168,101.173,105076533,10630805959
2017-05-05,101.194,101.202,101.189,101.199,93432100,9455192464
2017-05-08,101.208,101.217,101.208,101.215,101094182,10232138802
2017-05-09,101.223,101.251,101.223,101.247,112204872,11358042570
2017-05-10,101.246,101.247,101.237,101.242,87090088,8817160290
2017-05-11,101.243,101.247,101.242,101.244,105322093,10663260676
2017-05-12,101.261,101.272,101.255,101.268,94955327,9615518810
2017-05-15,101.275,101.284,101.275,101.280,68986744,6987058925
2017-05-16,101.290,101.292,101.273,101.277,76784719,7777060237
2017-05-17,101.281,101.290,101.281,101.289,82520331,8358153232
2017-05-18,101.298,101.312,101.291,101.310,100907504,10221777675
2017-05-19,101.330,101.331,101.311,101.314,81974771,8306083615
2017-05-22,101.335,101.347,101.335,101.345,76338173,7736125066
2017-05-23,101.354,101.356,101.349,101.355,77905522,7895917673
2017-05-24,101.360,101.368,101.358,101.367,78089140,7915311764
2017-05-25,101.370,101.392,101.370,101.389,106360650,10783174477
2017-05-26,101.403,101.411,101.398,101.404,119192457,12086439252
2017-05-31,101.411,101.434,101.000,101.404,102398991,10386031937
2017-06-01,101.440,101.449,101.424,101.448,76318355,7741703128
2017-06-02,101.461,101.470,101.453,101.459,80255498,8142609614
2017-06-05,101.466,101.483,101.466,101.482,85203711,8646237561
2017-06-06,101.489,101.499,101.489,101.498,68115347,6913320661
2017-06-07,101.502,101.507,101.501,101.507,71770675,7284976079
2017-06-08,101.511,101.522,101.511,101.521,82766564,8402118267
2017-06-09,101.536,101.538,101.528,101.531,84323479,8561519120
2017-06-12,101.550,101.556,101.549,101.553,77210961,7840950742
2017-06-13,101.563,101.565,101.558,101.560,72407373,7353798244
2017-06-14,101.569,101.571,101.563,101.570,79169685,8041036010
2017-06-15,101.580,101.586,101.567,101.583,81582562,8286574973
2017-06-16,101.594,101.602,101.594,101.597,73802409,7498082685
2017-06-19,101.613,101.621,101.612,101.617,75453093,7667221236
2017-06-20,101.624,101.625,101.609,101.612,81959010,8328505725
2017-06-21,101.625,101.644,101.615,101.642,98703409,10030572599
2017-06-22,101.638,101.665,101.633,101.663,81606418,8294831170
2017-06-23,101.671,101.687,101.668,101.685,83821086,8522170456
2017-06-26,101.681,101.688,101.681,101.683,104011891,10576349883
2017-06-27,101.693,101.697,101.690,101.695,84738107,8617378094
2017-06-28,101.700,101.709,101.691,101.706,84801821,8624535410
2017-06-29,101.705,101.711,101.699,101.709,94602542,9621613953
2017-06-30,101.744,101.754,101.735,101.751,109972240,11188760469
2017-07-03,101.770,101.779,101.767,101.778,77753344,7913198510
2017-07-04,101.790,101.809,101.788,101.808,64183364,6533697057
2017-07-05,101.806,101.859,101.804,101.853,58526209,5959307744
2017-07-06,101.848,101.864,101.822,101.862,87061348,8866179660
2017-07-07,101.860,101.867,101.847,101.856,72232169,7357323663
2017-07-10,101.858,101.868,101.858,101.866,70128723,7143668807
2017-07-11,101.869,101.880,101.869,101.875,55147523,5618156859
2017-07-12,101.886,101.887,101.884,101.885,54020424,5503864758
2017-07-13,101.891,101.897,101.888,101.894,59432662,6055791957
2017-07-14,101.904,101.914,101.901,101.911,89544547,9125457881
2017-07-17,101.930,101.934,101.928,101.932,65063356,6631993473
2017-07-18,101.936,101.939,101.931,101.933,77187826,7867987022
2017-07-19,101.940,101.942,101.933,101.936,64508276,6575652275
2017-07-20,101.934,101.956,101.934,101.949,73038396,7445893029
2017-07-21,101.974,101.982,101.972,101.981,65889588,6719396430
2017-07-24,101.995,101.999,101.990,101.995,65895555,6721012939
2017-07-25,102.003,102.012,102.001,102.009,58934235,6011540219
2017-07-26,102.015,102.034,102.014,102.033,60272743,6148901848
2017-07-27,102.035,102.050,102.029,102.048,63668242,6496269791
2017-07-28,102.054,102.067,102.053,102.060,56266443,5742542993
2017-07-31,102.064,102.100,102.055,102.065,64523631,6585362444
2017-08-01,102.070,102.080,102.068,102.074,71937774,7342852787
2017-08-02,102.080,102.105,102.080,102.104,66612203,6800434810
2017-08-03,102.104,102.119,102.103,102.115,73676558,7523318260
2017-08-04,102.137,102.150,102.131,102.147,88065996,8995268968
2017-08-07,102.150,102.161,102.150,102.158,56234103,5744819869
2017-08-08,102.161,102.178,102.161,102.171,58412426,5968028843
2017-08-09,102.180,102.181,102.177,102.179,46765336,4778444315
2017-08-10,102.187,102.192,102.184,102.191,63010409,6438906646
2017-08-11,102.210,102.214,102.206,102.213,60746980,6209004597
2017-08-14,102.225,102.230,102.221,102.225,75563801,7724638740
2017-08-15,102.231,102.233,102.223,102.227,55235715,5646512579
2017-08-16,102.235,102.236,102.229,102.233,53493741,5468846433
2017-08-17,102.236,102.245,102.229,102.243,59549814,6088325575
2017-08-18,102.268,102.295,102.264,102.276,54035694,5526075474
2017-08-21,102.277,102.293,102.277,102.285,67479708,6901933950
2017-08-22,102.293,102.300,102.292,102.298,48269582,4937658869
2017-08-23,102.303,102.306,102.302,102.305,43952360,4496506471
2017-08-24,102.313,102.329,102.312,102.328,55132600,5641173265
2017-08-25,102.348,102.355,102.335,102.344,74374051,7611903629
2017-08-28,102.355,102.358,102.341,102.344,60497138,6191792419
2017-08-29,102.349,102.361,102.342,102.355,63053192,6453247552
2017-08-30,102.357,102.363,102.350,102.361,116043905,11877915644
2017-08-31,102.363,102.400,102.362,102.397,74715585,7649273464
2017-09-01,102.412,102.424,102.410,102.421,72026779,7376792344
2017-09-04,102.431,102.451,102.430,102.449,71415199,7315744899
2017-09-05,102.455,102.471,102.449,102.462,75653710,7751373856
2017-09-06,102.469,102.474,102.466,102.473,69117249,7082505427
2017-09-07,102.478,102.485,102.476,102.484,66204830,6784702992
2017-09-08,102.495,102.502,102.495,102.500,68078012,6977892722
2017-09-11,102.513,102.516,102.510,102.512,70445000,7221534714
2017-09-12,102.521,102.534,102.516,102.530,68843433,7057905710
2017-09-13,102.534,102.540,102.533,102.539,65607332,6727109519
2017-09-14,102.544,102.562,102.544,102.560,82781602,8489344548
2017-09-15,102.573,102.575,102.559,102.568,66271510,6797205777
2017-09-18,102.577,102.584,102.568,102.581,68668859,7043803501
2017-09-19,102.585,102.587,102.574,102.583,62489041,6410232345
2017-09-20,102.588,102.618,102.587,102.611,67252561,6899575477
2017-09-21,102.612,102.690,102.606,102.660,65607152,6732450859
2017-09-22,102.652,102.706,102.651,102.696,63478989,6517659592
2017-09-25,102.691,102.696,102.643,102.683,62284150,6394917669
2017-09-26,102.669,102.693,102.669,102.691,76589750,7864468315
2017-09-27,102.690,102.696,102.636,102.650,62038271,6368479779
2017-09-28,102.660,102.668,102.614,102.647,59091802,6066313991
2017-09-29,102.775,102.818,102.751,102.773,62794793,6453748795
2017-10-09,102.791,102.801,102.783,102.791,54487284,5600752541
2017-10-10,102.809,102.835,102.797,102.831,61296909,6301683917
2017-10-11,102.835,102.854,102.829,102.853,71887666,7393131547
2017-10-12,102.855,102.877,102.850,102.872,68477074,7043573687
2017-10-13,102.885,102.924,102.800,102.905,66998054,6893201206
2017-10-16,102.898,103.000,102.898,102.915,65682898,6759171340
2017-10-17,102.916,102.945,102.916,102.943,74544297,7672591776
2017-10-18,102.940,102.946,102.934,102.936,87444609,9001445156
2017-10-19,102.939,102.942,102.938,102.939,68458971,7047099778
2017-10-20,102.950,102.961,102.949,102.958,84248842,8673763959
2017-10-23,102.966,102.974,102.963,102.969,96532131,9939840220
2017-10-24,102.975,102.980,102.974,102.978,83522118,8600821163
2017-10-25,102.986,102.988,102.981,102.984,98109744,10103757254
2017-10-26,102.981,102.990,102.978,102.988,106829412,11001925932
2017-10-27,103.009,103.011,103.000,103.001,105009632,10816595604
2017-10-30,103.018,103.020,103.002,103.016,100048236,10305939346
2017-10-31,103.031,103.038,103.017,103.037,112128981,11551830485
2017-11-01,103.050,103.067,103.049,103.064,114909232,11842440088
2017-11-02,103.070,103.091,103.068,103.088,122973112,12675644744
2017-11-03,103.100,103.137,103.090,103.134,129899562,13393973068
2017-11-06,103.129,103.132,103.124,103.129,108434821,11182832767
2017-11-07,103.128,103.135,103.127,103.133,132679057,13683479340
2017-11-08,103.135,103.143,103.135,103.143,133217957,13740141074
2017-11-09,103.150,103.154,103.148,103.150,134359993,13859287686
2017-11-10,103.161,103.167,103.159,103.162,132829503,13703072650
2017-11-13,103.180,103.181,103.164,103.171,118526280,12228393622
2017-11-14,103.175,103.181,103.169,103.174,117793248,12153584837
2017-11-15,103.185,103.200,103.183,103.198,117458703,12120823334
2017-11-16,103.201,103.218,103.200,103.216,126086902,13013139939
2017-11-17,103.231,103.300,103.225,103.244,165264096,17061079513
2017-11-20,103.250,103.253,103.244,103.250,140222252,14477815967
2017-11-21,103.258,103.267,103.256,103.264,155886862,16096741167
2017-11-22,103.266,103.272,103.264,103.270,106222596,10969330314
2017-11-23,103.277,103.303,103.272,103.295,111439658,11509226454
2017-11-24,103.305,103.329,103.302,103.321,141702187,14639406183
2017-11-27,103.325,103.339,103.312,103.335,106304954,10983887370
2017-11-28,103.333,103.341,103.332,103.337,129419833,13373771837
2017-11-29,103.345,103.350,103.338,103.342,116029260,11991248285
2017-11-30,103.355,103.382,103.348,103.381,129211052,13355645461
2017-12-01,103.392,103.403,103.391,103.399,141568088,14637563384
2017-12-04,103.410,103.428,103.406,103.427,143587629,14849953885
2017-12-05,103.433,103.460,103.433,103.448,136432645,14112558186
2017-12-06,103.460,103.463,103.450,103.453,125308493,12963985759
2017-12-07,103.460,103.478,103.457,103.474,159700390,16524158752
2017-12-08,103.490,103.490,103.483,103.487,138464058,14329292842
2017-12-11,103.495,103.506,103.485,103.488,164649522,17040279243
2017-12-12,103.498,103.501,103.495,103.498,138652631,14350198482
2017-12-13,103.507,103.515,103.506,103.510,153513056,15890045047
2017-12-14,103.521,103.532,103.516,103.529,177139567,18337996340
2017-12-15,103.541,103.560,103.540,103.558,200772174,20791139206
2017-12-18,103.563,103.566,103.546,103.552,178101941,18444410477
2017-12-19,103.559,103.566,103.550,103.557,181876963,18834899187
2017-12-20,103.566,103.577,103.498,103.576,190171118,19694386947
2017-12-21,103.578,103.610,103.578,103.607,172569865,17876794354
2017-12-22,103.618,103.626,103.613,103.620,187954054,19475946228
2017-12-25,103.633,103.641,103.627,103.640,143828662,14905219609
2017-12-26,103.641,103.641,103.601,103.608,136606218,14157359673
2017-12-27,103.620,103.627,103.521,103.610,100886198,10449886796
2017-12-28,103.530,103.575,103.442,103.473,125095570,12951274673
2017-12-29,100.094,100.142,100.093,100.138,179561698,17978422291
2018-01-02,100.162,100.188,100.151,100.180,51600600,5168604514
2018-01-03,100.200,100.202,100.175,100.196,72253765,7238401312
2018-01-04,100.210,100.362,100.195,100.307,77101344,7727383919
2018-01-05,100.250,100.377,100.240,100.342,70612124,7082726761
2018-01-08,100.302,100.387,100.302,100.359,54320067,5451688097
2018-01-09,100.360,100.376,100.262,100.268,79906012,8014149169
2018-01-10,100.262,100.279,100.257,100.275,61128009,6129257176
2018-01-11,100.279,100.284,100.272,100.275,67189126,6737535158
2018-01-12,100.295,100.313,100.293,100.308,71268086,7148231184
2018-01-15,100.312,100.320,100.310,100.318,56964241,5714501534
2018-01-16,100.324,100.329,100.321,100.326,62091999,6229340938
2018-01-17,100.332,100.335,100.321,100.330,60266890,6046391398
2018-01-18,100.335,100.344,100.332,100.342,55602737,5579082952
2018-01-19,100.361,100.370,100.344,100.368,70597383,7085292244
2018-01-22,100.375,100.398,100.370,100.395,67000787,6726038174
2018-01-23,100.400,100.401,100.392,100.397,53291564,5350289299
2018-01-24,100.405,100.413,100.402,100.408,58635110,5887393094
2018-01-25,100.410,100.425,100.409,100.423,48730517,4893427384
2018-01-26,100.440,100.460,100.439,100.456,52016965,5224803680
2018-01-29,100.459,100.484,100.459,100.480,51434321,5167464913
2018-01-30,100.479,100.512,100.479,100.501,47148198,4738100914
2018-01-31,100.501,100.546,100.495,100.537,50781372,5104236878
2018-02-01,100.520,100.578,100.519,100.570,56177993,5647664273
2018-02-02,100.558,100.639,100.554,100.628,55241568,5556234686
2018-02-05,100.566,100.631,100.566,100.620,61958250,6233522554
2018-02-06,100.620,100.628,100.586,100.591,66106763,6650442834
2018-02-07,100.580,100.590,100.556,100.561,67189055,6757480223
2018-02-08,100.570,100.584,100.559,100.581,81129191,8159317229
2018-02-09,100.589,100.612,100.000,100.609,78604953,7906874173
2018-02-12,100.613,100.646,100.606,100.643,68344315,6876760169
2018-02-13,100.644,100.703,100.609,100.699,69199895,6965689353
2018-02-14,100.744,100.870,100.727,100.841,51272198,5166743236
2018-02-22,100.762,100.773,100.747,100.753,62351656,6282770618
2018-02-23,100.766,100.794,100.765,100.788,56532677,5697534761
2018-02-26,100.792,100.804,100.782,100.795,60011264,6048818831
2018-02-27,100.800,100.807,100.798,100.801,51957834,5237490633
2018-02-28,100.813,100.816,100.803,100.815,61995997,6249859035
2018-03-01,100.826,100.837,100.822,100.828,61105602,6161209104
2018-03-02,100.850,100.864,100.847,100.859,65670636,6623289845
2018-03-05,100.869,100.879,100.868,100.876,53645716,5411444084
2018-03-06,100.884,100.889,100.882,100.885,71884045,7252080954
2018-03-07,100.889,100.893,100.888,100.892,63698179,6426570735
2018-03-08,100.900,100.909,100.900,100.907,63225718,6379709838
2018-03-09,100.923,100.926,100.920,100.921,64489624,6508473580
2018-03-12,100.925,100.929,100.912,100.927,99890182,10081213812
2018-03-13,100.942,100.955,100.931,100.952,93467970,9434679373
2018-03-14,100.956,100.970,100.956,100.968,66333176,6697252019
2018-03-15,100.976,100.982,100.971,100.978,62875591,6349072972
2018-03-16,100.998,101.006,100.995,101.001,70787560,7149473196
2018-03-19,101.009,101.016,101.008,101.014,77481606,7826633753
2018-03-20,101.030,101.033,101.023,101.033,65013193,6568034694
2018-03-21,101.034,101.038,101.032,101.035,78414792,7922575563
2018-03-22,101.041,101.104,101.041,101.057,82449543,8331526670
2018-03-23,101.073,101.204,101.062,101.108,95535104,9656209835
2018-03-26,101.098,101.103,101.079,101.090,80940163,8182653843
2018-03-27,101.089,101.097,101.074,101.095,97040944,9809216077
2018-03-28,101.091,101.105,101.085,101.102,99823538,10091469945
2018-03-29,101.104,101.110,101.056,101.076,87860487,8882160595
2018-03-30,101.128,101.147,101.124,101.144,83124743,8406605021
2018-04-02,101.151,101.181,101.151,101.178,85864748,8687118651
2018-04-03,101.186,101.247,101.184,101.241,79192372,8014883061
2018-04-04,101.265,101.303,101.247,101.279,82215101,8326618078
2018-04-09,101.261,101.320,101.260,101.315,88147587,8927702995
2018-04-10,101.300,101.342,101.300,101.340,79635486,8068713674
2018-04-11,101.320,101.328,101.294,101.305,98081210,9936832094
2018-04-12,101.305,101.310,101.294,101.304,77472006,7848096793
2018-04-13,101.320,101.331,101.315,101.328,81605814,8268322271
2018-04-16,101.331,101.339,101.326,101.328,82771774,8387366260
2018-04-17,101.333,101.339,101.329,101.332,83255785,8436718056
2018-04-18,101.334,101.342,101.331,101.337,101880074,10324353157
2018-04-19,101.344,101.344,101.307,101.325,83797771,8490356421
2018-04-20,101.355,101.360,101.330,101.352,78484643,7954535661
2018-04-23,101.355,101.363,101.295,101.340,96675493,9796649362
2018-04-24,101.312,101.349,101.307,101.344,83605166,8471670541
2018-04-25,101.365,101.392,101.364,101.385,77609283,7868330380
2018-04-26,101.392,101.419,101.387,101.416,84742363,8592958836
2018-04-27,101.469,101.501,101.457,101.497,96940734,9836179554
2018-05-02,101.492,101.548,101.489,101.539,70601551,7167005636
2018-05-03,101.544,101.566,101.520,101.544,80522474,8176759943
2018-05-04,101.552,101.580,101.546,101.577,81940235,8321909269
2018-05-07,101.567,101.603,101.550,101.591,85861548,8721143293
2018-05-08,101.579,101.580,101.554,101.566,89924844,9133151315
2018-05-09,101.561,101.573,101.558,101.568,75375667,7655470797
2018-05-10,101.569,101.574,101.564,101.569,78458904,7969131127
2018-05-11,101.580,101.603,101.580,101.598,88726606,9013783791
2018-05-14,101.604,101.606,101.587,101.592,98656509,10023423099
2018-05-15,101.600,101.621,101.595,101.618,97031080,9859007202
2018-05-16,101.622,101.634,101.620,101.631,90649701,9212551690
2018-05-17,101.641,101.646,101.636,101.642,94392489,9594269513
2018-05-18,101.664,101.674,101.660,101.673,98082805,9971625378
2018-05-21,101.673,101.677,101.664,101.675,64059906,6513222885
2018-05-22,101.685,101.704,101.683,101.702,87706885,8919120850
2018-05-23,101.709,101.724,101.703,101.723,83737405,8517065630
2018-05-24,101.722,101.734,101.721,101.730,96573299,9824302127
2018-05-25,101.747,101.747,101.730,101.734,103288351,10508217577
2018-05-28,101.740,101.746,101.730,101.741,98326965,10003610400
2018-05-29,101.746,101.747,101.728,101.740,85827860,8731915298
2018-05-30,101.734,101.741,101.726,101.739,100552659,10229862187
2018-05-31,101.730,101.766,101.730,101.762,90407890,9199522746
2018-06-01,101.801,101.806,101.796,101.800,87246004,8881870717
2018-06-04,101.817,101.830,101.816,101.828,85384182,8694207031
2018-06-05,101.833,101.841,101.832,101.839,74894397,7626956708
2018-06-06,101.846,101.853,101.843,101.849,78441331,7989041314
2018-06-07,101.858,101.863,101.857,101.861,66764152,6800583213
2018-06-08,101.878,101.891,101.878,101.886,87587092,8923729513
2018-06-11,101.896,101.908,101.896,101.904,79811768,8132978564
2018-06-12,101.913,101.915,101.905,101.909,85446646,8707970240
2018-06-13,101.914,101.915,101.906,101.909,70684516,7203504913
2018-06-14,101.919,101.937,101.911,101.928,115763582,11799336299
2018-06-15,101.957,101.967,101.953,101.958,91639941,9343317521
2018-06-19,101.957,101.966,101.954,101.963,126560147,12904298837
2018-06-20,101.970,102.002,101.962,101.997,131739900,13433266778
2018-06-21,101.989,102.010,101.988,102.008,109911253,11210401616
2018-06-22,102.027,102.027,102.006,102.013,122260118,12472215363
2018-06-25,102.000,102.035,102.000,102.029,115992756,11833747513
2018-06-26,102.038,102.047,102.037,102.041,136918597,13971358290
2018-06-27,102.048,102.051,102.033,102.037,122450074,12494762696
2018-06-28,102.020,102.055,101.975,102.049,146077328,14900346689
2018-06-29,102.080,102.104,102.075,102.097,135991005,13884009848
2018-07-02,102.121,102.150,102.121,102.147,92865265,9485108788
2018-07-03,102.151,102.210,102.151,102.207,78919861,8063432108
2018-07-04,102.188,102.400,102.188,102.306,92747272,9482313910
2018-07-05,102.290,102.399,102.261,102.379,95114782,9731739553
2018-07-06,102.312,102.427,102.312,102.422,78871252,8074203404
2018-07-09,102.400,102.435,102.375,102.408,87109054,8920624390
2018-07-10,102.388,102.403,102.370,102.387,91669172,9385628032
2018-07-11,102.380,102.392,102.361,102.374,65193412,6674736377
2018-07-12,102.370,102.373,102.210,102.221,83564576,8545799958
2018-07-13,102.244,102.274,102.244,102.265,71031697,7263774959
2018-07-16,102.273,102.284,102.269,102.278,68326562,6988154124
2018-07-17,102.285,102.304,102.284,102.300,75094346,7681729099
2018-07-18,102.304,102.316,102.298,102.302,79603233,8144335035
2018-07-19,102.315,102.322,102.305,102.319,82662323,8457462437
2018-07-20,102.336,102.339,102.318,102.331,66820756,6837866476
2018-07-23,102.345,102.346,102.333,102.341,79710636,8157531988
2018-07-24,102.346,102.347,102.320,102.332,99619269,10193946935
2018-07-25,102.336,102.356,102.330,102.349,69743296,7137750960
2018-07-26,102.357,102.373,102.355,102.371,61274975,6272394647
2018-07-27,102.383,102.392,102.383,102.389,63689784,6521127807
2018-07-30,102.394,102.411,102.394,102.408,70004411,7168733299
2018-07-31,102.416,102.440,102.416,102.426,61207786,6269245924
2018-08-01,102.427,102.448,102.427,102.440,68454331,7012264635
2018-08-02,102.449,102.467,102.449,102.460,75984537,7785093834
2018-08-03,102.478,102.490,102.475,102.489,61587229,6311564205
2018-08-06,102.494,102.502,102.491,102.493,74510418,7637130068
2018-08-07,102.500,102.502,102.492,102.494,75315642,7719680986
2018-08-08,102.496,102.503,102.495,102.502,59861435,6135697313
2018-08-09,102.509,102.514,102.494,102.506,74153604,7601119274
2018-08-10,102.527,102.532,102.514,102.531,58687062,6016818866
2018-08-13,102.536,102.547,102.535,102.544,62752464,6434743534
2018-08-14,102.553,102.557,102.540,102.547,63373371,6499044426
2018-08-15,102.558,102.568,102.554,102.565,70667634,7247731791
2018-08-16,102.573,102.578,102.567,102.574,81333452,8342481464
2018-08-17,102.586,102.600,102.583,102.595,66511380,6823595000
2018-08-20,102.607,102.609,102.600,102.605,82218135,8435876900
2018-08-21,102.608,102.618,102.602,102.617,83361635,8553595902
2018-08-22,102.620,102.642,102.615,102.634,77991124,8003684359
2018-08-23,102.634,102.679,102.632,102.675,83690780,8591269054
2018-08-24,102.680,102.699,102.672,102.680,77354349,7943342486
2018-08-27,102.682,102.684,102.656,102.660,81980344,8417087540
2018-08-28,102.665,102.678,102.656,102.675,72556165,7449069902
2018-08-29,102.680,102.705,102.678,102.700,95754484,9833237960
2018-08-30,102.703,102.723,102.703,102.719,80365095,8254435941
2018-08-31,102.730,102.753,102.730,102.748,104205275,10706275231
2018-09-03,102.755,102.758,102.720,102.739,113023153,11611300155
2018-09-04,102.742,102.745,102.737,102.744,63784141,6553294652
2018-09-05,102.748,102.760,102.733,102.736,89076535,9152859875
2018-09-06,102.752,102.754,102.744,102.753,96514923,9916820621
2018-09-07,102.764,102.774,102.733,102.743,117766547,12101587678
2018-09-10,102.754,102.786,102.754,102.783,117493627,12074812848
2018-09-11,102.792,102.793,102.761,102.767,115488100,11870019909
2018-09-12,102.778,102.794,102.774,102.793,99081976,10184378727
2018-09-13,102.789,102.797,102.788,102.793,82512949,8481716869
2018-09-14,102.808,102.817,102.804,102.814,96363698,9907075838
2018-09-17,102.823,102.833,102.821,102.830,75136176,7726072756
2018-09-18,102.838,102.840,102.827,102.830,93738728,9639874833
2018-09-19,102.838,102.840,102.826,102.830,101364419,10423321913
2018-09-20,102.835,102.846,102.833,102.841,97774311,10055135045
2018-09-21,102.866,102.868,102.827,102.833,109912114,11304663064
2018-09-25,102.855,102.863,102.831,102.862,98327849,10113221854
2018-09-26,102.862,102.873,102.847,102.866,86570334,8904762432
2018-09-27,102.867,102.890,102.840,102.886,90015817,9259131311
2018-09-28,102.966,102.995,102.953,102.976,94115067,9690958571
2018-10-08,102.988,103.022,102.988,103.018,82212206,8467939612
2018-10-09,103.019,103.034,103.016,103.027,80925997,8337200676
2018-10-10,103.028,103.033,103.017,103.032,79944791,8236369679
2018-10-11,103.032,103.034,103.018,103.024,81354338,8381543607
2018-10-12,103.029,103.051,103.026,103.051,82090207,8458481819
2018-10-15,103.053,103.066,103.051,103.062,80393760,8284983930
2018-10-16,103.065,103.070,103.054,103.058,66702810,6874682119
2018-10-17,103.053,103.069,103.053,103.066,89496148,9223751661
2018-10-18,103.074,103.083,103.071,103.081,71788134,7399619132
2018-10-19,103.090,103.095,103.075,103.086,81074565,8357555114
2018-10-22,103.040,103.086,103.030,103.069,124548968,12837396624
2018-10-23,103.089,103.101,103.082,103.097,85059279,8768900880
2018-10-24,103.110,103.117,103.107,103.115,83031490,8561564798
2018-10-25,103.118,103.127,103.115,103.124,75109623,7745415540
2018-10-26,103.134,103.142,103.133,103.140,83770406,8639869338
2018-10-29,103.148,103.156,103.145,103.154,83802834,8644396095
2018-10-30,103.160,103.161,103.151,103.159,75720884,7811191984
2018-10-31,103.163,103.169,103.153,103.167,77927751,8039000897
2018-11-01,103.166,103.171,103.160,103.163,76863529,7929610508
2018-11-02,103.044,103.168,103.044,103.164,105612128,10894204687
2018-11-05,103.171,103.203,103.171,103.196,96939380,10002892191
2018-11-06,103.207,103.209,103.202,103.207,70435965,7269500774
2018-11-07,103.213,103.214,103.208,103.210,58846846,6073653023
2018-11-08,103.212,103.222,103.211,103.219,79011491,8155337126
2018-11-09,103.236,103.239,103.233,103.238,69364750,7160860194
2018-11-12,103.247,103.248,103.230,103.236,61826743,6383211106
2018-11-13,103.247,103.248,103.231,103.238,82772671,8545347396
2018-11-14,103.250,103.251,103.201,103.240,89599280,9250180626
2018-11-15,103.245,103.258,103.241,103.254,83004072,8570151256
2018-11-16,103.267,103.281,103.255,103.273,111571296,11522065681
2018-11-19,103.293,103.297,103.278,103.291,104597916,10803638224
2018-11-20,103.295,103.305,103.292,103.303,77129846,7967326160
2018-11-21,103.305,103.329,103.305,103.326,64374267,6650694422
2018-11-22,103.320,103.349,103.320,103.344,67139789,6937893129
2018-11-23,103.350,103.381,103.349,103.374,82579066,8535696514
2018-11-26,103.370,103.385,103.370,103.382,79653805,8234485879
2018-11-27,103.382,103.391,103.369,103.384,74633357,7715790611
2018-11-28,103.380,103.381,103.352,103.355,77784070,8040490048
2018-11-29,103.350,103.368,103.349,103.367,68084621,7037194529
2018-11-30,103.389,103.390,103.376,103.380,66759634,6901799107
2018-12-03,103.376,103.391,103.373,103.379,122536765,12667870365
2018-12-04,103.395,103.406,103.394,103.403,80726412,8347238006
2018-12-05,103.413,103.419,103.401,103.409,81127814,8389338148
2018-12-06,103.416,103.435,103.415,103.431,73009451,7550870021
2018-12-07,103.443,103.491,103.441,103.477,90323479,9344948531
2018-12-10,103.477,103.494,103.461,103.469,81885496,8472674825
2018-12-11,103.473,103.475,103.461,103.463,61268529,6339368534
2018-12-12,103.469,103.474,103.463,103.465,84066061,8698160090
2018-12-13,103.474,103.475,103.300,103.446,121652374,12585658246
2018-12-14,103.470,103.471,103.460,103.468,80318054,8310140202
2018-12-17,103.485,103.493,103.480,103.482,77944096,8066319210
2018-12-18,103.490,103.505,103.486,103.498,96424427,9979062420
2018-12-19,103.503,103.512,103.494,103.498,82941219,8584878585
2018-12-20,103.504,103.508,103.485,103.489,104419265,10807098923
2018-12-21,103.506,103.521,103.503,103.515,121993251,12627866363
2018-12-24,103.529,103.534,103.516,103.527,127521758,13201445836
2018-12-25,103.530,103.532,103.516,103.521,137762467,14262000443
2018-12-26,103.532,103.547,103.000,103.498,105124674,10883951832
2018-12-27,103.500,103.533,103.446,103.520,84960576,8790957650
2018-12-28,100.080,100.113,100.072,100.104,154001713,15413559581
2019-01-02,100.124,100.145,100.110,100.116,85565902,8567757767
2019-01-03,100.136,100.183,100.136,100.179,43329495,4339441944
2019-01-04,100.178,100.290,100.177,100.261,54824592,5495182738
2019-01-07,100.260,100.340,100.220,100.319,62810978,6297203118
2019-01-08,100.270,100.284,100.243,100.270,55323498,5546808169
2019-01-09,100.218,100.226,100.186,100.205,82566157,8273356895
2019-01-10,100.202,100.211,100.200,100.204,66528031,6666569173
2019-01-11,100.220,100.231,100.219,100.222,46683576,4678889894
2019-01-14,100.227,100.235,100.227,100.232,49046372,4916009871
2019-01-15,100.241,100.243,100.233,100.235,39171111,3926464994
2019-01-16,100.241,100.250,100.233,100.245,37690949,3778234093
2019-01-17,100.253,100.255,100.244,100.246,32286307,3236748457
2019-01-18,100.271,100.273,100.251,100.255,44933561,4505265689
2019-01-21,100.270,100.274,100.262,100.265,56308212,5645926636
2019-01-22,100.275,100.281,100.272,100.278,65224741,6540475576
2019-01-23,100.282,100.298,100.282,100.295,37582305,3769154236
2019-01-24,100.301,100.304,100.294,100.298,40767727,4088947062
2019-01-25,100.321,100.329,100.311,100.317,32117930,3221939604
2019-01-28,100.318,100.322,100.312,100.320,54345091,5451731749
2019-01-29,100.327,100.350,100.326,100.346,41510008,4165027373
2019-01-30,100.349,100.359,100.335,100.340,40443511,4058522958
2019-01-31,100.352,100.364,100.334,100.359,49040593,4921220750
2019-02-01,100.470,100.470,100.427,100.456,44078600,4427805579
2019-02-11,100.451,100.456,100.441,100.446,51959629,5219156702
2019-02-12,100.451,100.455,100.449,100.451,47389394,4760336724
2019-02-13,100.457,100.460,100.455,100.458,55053066,5530481727
2019-02-14,100.465,100.470,100.464,100.469,40667265,4085699181
2019-02-15,100.482,100.485,100.479,100.482,43942293,4415412830
2019-02-18,100.486,100.490,100.481,100.487,70458133,7080111852
2019-02-19,100.494,100.508,100.490,100.507,69109980,6945304359
2019-02-20,100.508,100.516,100.507,100.515,48285677,4853305709
2019-02-21,100.518,100.523,100.514,100.521,52407722,5267976857
2019-02-22,100.531,100.536,100.517,100.524,56358149,5665722528
2019-02-25,100.043,100.524,100.043,100.510,94402024,9486322746
2019-02-26,100.490,100.531,100.427,100.522,68326240,6866007647
2019-02-27,100.530,100.572,100.521,100.568,54789150,5508792146
2019-02-28,100.566,100.645,100.566,100.622,43914391,4417673453
2019-03-01,100.620,100.688,100.200,100.671,40189660,4044826537
2019-03-04,100.630,100.648,100.587,100.617,70312244,7074604128
2019-03-05,100.610,100.616,100.598,100.607,68269453,6868348184
2019-03-06,100.610,100.630,100.604,100.620,60767296,6114293449
2019-03-07,100.617,100.642,100.617,100.639,52852438,5318357409
2019-03-08,100.640,100.660,100.358,100.649,68028145,6845901199
2019-03-11,100.629,100.658,100.625,100.655,57673092,5804483036
2019-03-12,100.655,100.661,100.651,100.657,59760981,6015256276
2019-03-13,100.663,100.704,100.662,100.699,50632162,5097520309
2019-03-14,100.688,100.728,100.688,100.699,43085176,4339104769
2019-03-15,100.699,100.718,100.688,100.703,48972770,4931643915
2019-03-18,100.701,100.706,100.698,100.701,55079842,5546644016
2019-03-19,100.700,100.709,100.692,100.708,47563130,4789760149
2019-03-20,100.712,100.720,100.711,100.717,47980510,4832420204
2019-03-21,100.721,100.734,100.717,100.733,56817218,5722821319
2019-03-22,100.735,100.758,100.735,100.754,38897464,3918812437
2019-03-25,100.755,100.786,100.754,100.781,40256485,4056341968
2019-03-26,100.780,100.802,100.772,100.790,55583751,5601802247
2019-03-27,100.785,100.804,100.783,100.785,46830910,4720196265
2019-03-28,100.791,100.793,100.755,100.765,77418584,7801485436
2019-03-29,100.795,100.800,100.765,100.782,70111739,7066232831
2019-04-01,100.790,100.798,100.779,100.791,74995032,7558629888
2019-04-02,100.791,100.824,100.790,100.819,54915751,5535877919
2019-04-03,100.828,100.854,100.822,100.849,55050618,5551189338
2019-04-04,100.847,100.919,100.844,100.907,59772511,6029841793
2019-04-08,100.880,100.924,100.861,100.922,60769847,6131365302
2019-04-09,100.915,100.918,100.890,100.911,56753606,5726696165
2019-04-10,100.899,100.900,100.796,100.882,54336357,5482066693
2019-04-11,100.892,100.892,100.881,100.888,58013092,5852836452
2019-04-12,100.901,100.911,100.896,100.901,54420024,5491194770
2019-04-15,100.898,100.916,100.861,100.914,64635030,6522056307
2019-04-16,100.920,100.923,100.894,100.897,68993056,6961983759
2019-04-17,100.908,100.918,100.900,100.915,58665364,5919862251
2019-04-18,100.920,100.930,100.919,100.925,50752900,5122234692
2019-04-19,100.941,100.945,100.935,100.938,62333776,6291953388
2019-04-22,100.946,100.962,100.942,100.960,54941818,5546423618
2019-04-23,100.960,100.971,100.960,100.969,52032160,5253574881
2019-04-24,100.975,100.977,100.970,100.973,48590741,4906404540
2019-04-25,100.978,100.982,100.969,100.971,47572488,4803782177
2019-04-26,100.989,100.993,100.980,100.986,51510784,5201848257
2019-04-29,100.990,100.998,100.973,100.979,77055954,7781782969
2019-04-30,101.031,101.038,101.010,101.033,63290300,6394039382
2019-05-06,101.039,101.063,101.035,101.060,73204147,7397240124
2019-05-07,101.060,101.076,101.059,101.073,59630038,6026705743
2019-05-08,101.076,101.083,101.071,101.078,68219258,6895391502
2019-05-09,101.085,101.089,101.082,101.088,52379737,5294773019
2019-05-10,101.092,101.097,101.081,101.093,71497287,7227666141
2019-05-13,101.100,101.110,101.100,101.108,59424906,6008228244
2019-05-14,101.107,101.116,101.107,101.115,52195666,5277617878
2019-05-15,101.118,101.123,101.115,101.120,49089892,4963956529
2019-05-16,101.122,101.125,101.119,101.120,43174798,4365903020
2019-05-17,101.135,101.174,101.133,101.150,54665819,5529119117
2019-05-20,101.154,101.157,101.143,101.148,62276844,6299125768
2019-05-21,101.154,101.163,101.151,101.161,51246316,5183919425
2019-05-22,101.167,101.172,101.161,101.163,55823801,5647516648
2019-05-23,101.171,101.172,101.165,101.166,57283531,5795268249
2019-05-24,101.182,101.185,101.176,101.183,51905466,5251893900
2019-05-27,101.192,101.192,101.186,101.192,58041721,5873201966
2019-05-28,101.194,101.205,101.192,101.204,60920138,6164951349
2019-05-29,101.206,101.207,101.200,101.204,59243234,5995642202
2019-05-30,101.208,101.221,101.207,101.220,58844698,5955879003
2019-05-31,101.231,101.238,101.230,101.237,38668082,3914538538
2019-06-03,101.238,101.250,101.237,101.244,52130169,5277909172
2019-06-04,101.252,101.261,101.252,101.256,48702966,4931449990
2019-06-05,101.263,101.268,101.255,101.259,62612472,6340285264
2019-06-06,101.281,101.283,101.275,101.280,59169604,5992632450
2019-06-10,101.285,101.292,101.284,101.291,46675057,4727612589
2019-06-11,101.295,101.298,101.285,101.291,79253434,8027690616
2019-06-12,101.293,101.304,101.292,101.303,58649034,5940927386
2019-06-13,101.308,101.313,101.306,101.311,45375088,4596897455
2019-06-14,101.325,101.338,101.322,101.333,56055943,5680025689
2019-06-17,101.335,101.341,101.332,101.339,66805276,6769855502
2019-06-18,101.344,101.346,101.341,101.345,51177168,5186478113
2019-06-19,101.300,101.337,101.240,101.333,100395140,10172638208
2019-06-20,101.346,101.352,101.292,101.334,105997143,10740802707
2019-06-21,101.334,101.363,101.305,101.361,106252960,10767906890
2019-06-24,101.365,101.376,101.363,101.373,58611521,5941445926
2019-06-25,101.384,101.390,101.379,101.389,66637993,6756050363
2019-06-26,101.392,101.397,101.390,101.395,47944812,4861278382
2019-06-27,101.397,101.399,101.384,101.391,66738619,6766639755
2019-06-28,101.405,101.418,101.405,101.413,65136866,6605591334
2019-07-01,101.408,101.415,101.400,101.408,86717620,8793991959
2019-07-02,101.415,101.436,101.410,101.435,66432586,6737879824
2019-07-03,101.443,101.462,101.443,101.454,61535534,6242818676
2019-07-04,101.458,101.468,101.453,101.466,55754351,5656843400
2019-07-05,101.471,101.486,101.470,101.485,54054410,5485409033
2019-07-08,101.487,101.494,101.483,101.492,65826814,6680611321
2019-07-09,101.495,101.496,101.485,101.489,58762319,5963961709
2019-07-10,101.494,101.496,101.491,101.495,45574643,4625572182
2019-07-11,101.499,101.503,101.497,101.499,62695377,6363608520
2019-07-12,101.512,101.515,101.509,101.511,56245193,5709532784
2019-07-15,101.517,101.519,101.506,101.514,56678006,5753671069
2019-07-16,101.522,101.527,101.521,101.525,64695792,6568159145
2019-07-17,101.532,101.540,101.531,101.535,61371077,6231240131
2019-07-18,101.542,101.546,101.541,101.545,56529315,5740166770
2019-07-19,101.556,101.564,101.555,101.557,52744916,5356671648
2019-07-22,101.560,101.563,101.556,101.558,71122080,7223129234
2019-07-23,101.568,101.574,101.566,101.573,66743201,6779090743
2019-07-24,101.577,101.578,101.571,101.577,62228196,6320780380
2019-07-25,101.583,101.584,101.579,101.581,53732489,5458229145
2019-07-26,101.595,101.604,101.592,101.600,64728766,6576175032
2019-07-29,101.606,101.607,101.599,101.604,80622945,8191529842
2019-07-30,101.611,101.612,101.602,101.607,74544030,7574212785
2019-07-31,101.611,101.623,101.610,101.620,64944521,6599440007
2019-08-01,101.626,101.632,101.619,101.631,70755306,7190519870
2019-08-02,101.636,101.647,101.635,101.645,68185969,6930535413
2019-08-05,101.648,101.656,101.647,101.653,67156960,6826548215
2019-08-06,101.654,101.664,101.650,101.661,90065995,9155589410
2019-08-07,101.661,101.673,101.660,101.671,66252104,6735624369
2019-08-08,101.673,101.681,101.672,101.675,74800788,7605497801
2019-08-09,101.689,101.698,101.686,101.695,66119036,6723831405
2019-08-12,101.697,101.707,101.694,101.704,88351248,8985284999
2019-08-13,101.707,101.715,101.707,101.710,63056742,6413552389
2019-08-14,101.710,101.718,101.706,101.713,71308075,7252766929
2019-08-15,101.719,101.721,101.712,101.714,69387681,7057945844
2019-08-16,101.727,101.732,101.727,101.729,66041559,6718295230
2019-08-19,101.731,101.739,101.723,101.724,80046564,8143189287
2019-08-20,101.723,101.740,101.723,101.736,75819509,7713361915
2019-08-21,101.746,101.754,101.746,101.752,46284780,4709528359
2019-08-22,101.758,101.766,101.757,101.764,67516952,6870528842
2019-08-23,101.776,101.779,101.772,101.773,66853760,6804122285
2019-08-26,101.772,101.784,101.770,101.782,70773856,7203304488
2019-08-27,101.789,101.790,101.780,101.783,66733578,6792465003
2019-08-28,101.794,101.796,101.789,101.792,64277056,6542959168
2019-08-29,101.798,101.810,101.798,101.809,68107551,6933508097
2019-08-30,101.817,101.832,101.816,101.826,58098643,5915729116
2019-09-02,101.831,101.835,101.827,101.833,62184350,6332373198
2019-09-03,101.839,101.843,101.837,101.841,45207574,4603957568
2019-09-04,101.842,101.847,101.839,101.840,67842544,6909339495
2019-09-05,101.832,101.844,101.826,101.842,83585044,8511775756
2019-09-06,101.854,101.868,101.851,101.864,72463024,7380846094
2019-09-09,101.865,101.871,101.861,101.864,70197612,7150827547
2019-09-10,101.872,101.875,101.869,101.874,59093277,6019942595
2019-09-11,101.881,101.892,101.878,101.890,63608318,6480604866
2019-09-12,101.906,101.923,101.905,101.920,50956742,5193167834
2019-09-16,101.919,101.930,101.917,101.928,57312344,5841333479
2019-09-17,101.933,101.953,101.931,101.952,59870640,6103263976
2019-09-18,101.959,101.963,101.946,101.952,67947108,6927522454
2019-09-19,101.952,101.954,101.940,101.943,56562136,5766301532
2019-09-20,101.957,101.961,101.954,101.957,66317059,6761503329
2019-09-23,101.962,101.965,101.956,101.959,62166697,6338583016
2019-09-24,101.965,101.968,101.959,101.966,75164262,7664038902
2019-09-25,101.973,101.986,101.971,101.983,62834906,6407757107
2019-09-26,101.986,101.991,101.983,101.987,65186921,6648190941
2019-09-27,102.000,102.016,101.994,102.014,60448018,6165815383
2019-09-30,102.061,102.102,102.057,102.094,64239294,6557188712
2019-10-08,102.073,102.096,102.072,102.094,62749881,6405683021
2019-10-09,102.091,102.094,102.050,102.071,55489993,5664813205
2019-10-10,102.080,102.085,102.076,102.078,59980326,6122843165
2019-10-11,102.096,102.098,102.090,102.095,65095355,6645895878
2019-10-14,102.094,102.099,102.090,102.098,74437304,7599662539
2019-10-15,102.108,102.125,102.106,102.123,70148255,7163153355
2019-10-16,102.124,102.134,102.123,102.131,55034399,5620548028
2019-10-17,102.140,102.140,102.128,102.129,54339992,5549844550
2019-10-18,102.143,102.173,102.142,102.172,74090662,7568388176
2019-10-21,102.163,102.172,102.159,102.166,85485448,8733703586
2019-10-22,102.166,102.171,102.162,102.166,58974968,6025226532
2019-10-23,102.170,102.170,102.159,102.161,60068562,6136990785
2019-10-24,102.167,102.175,102.166,102.169,61356624,6268864627
2019-10-25,102.187,102.189,102.175,102.176,55463416,5667545921
2019-10-28,102.116,102.187,102.116,102.181,68323152,6981224334
2019-10-29,102.190,102.199,102.184,102.197,69292971,7081225213
2019-10-30,102.204,102.213,102.202,102.210,52604687,5376663684
2019-10-31,102.215,102.224,102.215,102.221,67208374,6869918906
2019-11-01,102.236,102.239,102.226,102.229,55701513,5694553241
2019-11-04,102.238,102.239,102.230,102.235,61960737,6334530030
2019-11-05,102.244,102.244,102.225,102.233,78558289,8031438153
2019-11-06,102.241,102.251,102.237,102.250,71083746,7267958222
2019-11-07,102.258,102.259,102.253,102.258,68138616,6967555459
2019-11-08,102.268,102.287,102.265,102.285,75765395,7749062889
2019-11-11,102.290,102.313,102.289,102.305,69302990,7089627730
2019-11-12,102.309,102.312,102.298,102.308,63514660,6497897446
2019-11-13,102.310,102.310,102.299,102.305,60173149,6155995862
2019-11-14,102.310,102.312,102.303,102.308,60906114,6231092225
2019-11-15,102.323,102.327,102.315,102.316,60290230,6168973733
2019-11-18,102.325,102.330,102.320,102.328,64730715,6623585312
2019-11-19,102.333,102.339,102.331,102.337,65012524,6652973363
2019-11-20,102.341,102.352,102.339,102.348,60175560,6158656573
2019-11-21,102.350,102.354,102.346,102.347,65661876,6720612198
2019-11-22,102.363,102.366,102.355,102.365,78167529,8001266232
2019-11-25,102.369,102.373,102.364,102.370,77253523,7908378966
2019-11-26,102.378,102.379,102.371,102.375,63831698,6534692477
2019-11-27,102.382,102.415,102.380,102.410,82321174,8429141551
2019-11-28,102.405,102.412,102.393,102.396,73082886,7483716214
2019-11-29,102.414,102.422,102.408,102.419,67842552,6947932227
2019-12-02,102.421,102.428,102.412,102.423,55422279,5676485929
2019-12-03,102.429,102.435,102.427,102.428,66679663,6830053605
2019-12-04,102.434,102.435,102.426,102.435,70689964,7240824096
2019-12-05,102.440,102.440,102.431,102.433,83068064,8509140192
2019-12-06,102.441,102.449,102.441,102.446,70374065,7209472744
2019-12-09,102.458,102.466,102.453,102.464,78174560,8009759434
2019-12-10,102.467,102.471,102.458,102.465,66466401,6810496453
2019-12-11,102.471,102.472,102.458,102.468,77492897,7940252313
2019-12-12,102.474,102.481,102.467,102.479,70495004,7223883008
2019-12-13,102.480,102.486,102.475,102.481,75440304,7731159268
2019-12-16,102.484,102.504,102.483,102.500,90905143,9317059853
2019-12-17,102.500,102.505,102.481,102.498,82966321,8503762990
2019-12-18,102.501,102.511,102.497,102.506,74768250,7664008650
2019-12-19,102.510,102.528,102.508,102.522,62366093,6393565071
2019-12-20,102.533,102.542,102.530,102.541,63281321,6488692843
2019-12-23,102.543,102.564,102.536,102.559,83161710,8528522477
2019-12-24,102.561,102.580,102.560,102.578,68075074,6982163015
2019-12-25,102.578,102.586,102.573,102.584,105765269,10849038634
2019-12-26,102.584,102.584,102.571,102.575,74323615,7623846557
2019-12-27,102.585,102.587,102.576,102.583,86361446,8859228961
2019-12-30,102.586,102.589,102.556,102.564,93491071,9589483689
2019-12-31,100.052,100.104,100.052,100.101,58426943,5847287608
2020-01-02,100.106,100.116,100.098,100.113,70724510,7080166882
2020-01-03,100.122,101.000,100.119,100.148,54298241,5436875103
2020-01-06,100.147,100.156,100.139,100.152,65501315,6559796087
2020-01-07,100.155,100.168,100.152,100.164,50440590,5052154724
2020-01-08,100.167,100.177,100.165,100.176,46758481,4683781773
2020-01-09,100.173,100.183,100.170,100.181,53231048,5332450787
2020-01-10,100.187,100.203,100.187,100.201,41976799,4205894087
2020-01-13,100.206,100.215,100.167,100.209,48293040,4839360445
2020-01-14,100.211,100.225,100.204,100.224,44198051,4429227061
2020-01-15,100.228,100.234,100.225,100.232,37786654,3787382802
2020-01-16,100.230,100.238,100.229,100.234,44238900,4434219867
2020-01-17,100.241,100.278,100.241,100.271,45151679,4526742675
2020-01-20,100.262,100.276,100.257,100.260,56254555,5640411214
2020-01-21,100.266,100.303,100.261,100.272,64508807,6468471064
2020-01-22,100.271,100.329,100.269,100.302,74983000,7519872546
2020-01-23,100.333,100.405,100.333,100.391,60137510,6036473089
2020-02-03,100.311,100.359,100.265,100.353,84960699,8522990905
2020-02-04,100.330,100.366,100.320,100.362,108578578,10895457730
2020-02-05,100.362,100.404,100.362,100.393,74902576,7518940194
2020-02-06,100.395,100.409,100.390,100.402,82062119,8238915981
2020-02-07,100.406,100.428,100.406,100.425,58779487,5902339957
2020-02-10,100.427,100.432,100.408,100.420,61914642,6217311374
2020-02-11,100.414,100.419,100.401,100.410,60135746,6038554173
2020-02-12,100.419,100.421,100.412,100.416,63235942,6350021968
2020-02-13,100.422,100.426,100.417,100.424,62934743,6320071843
2020-02-14,100.433,100.443,100.433,100.442,61160563,6142815782
2020-02-17,100.446,100.449,100.417,100.434,77576615,7791928758
2020-02-18,100.436,100.455,100.436,100.453,71511639,7183083790
2020-02-19,100.461,100.470,100.456,100.468,65032856,6533289662
2020-02-20,100.470,100.475,100.438,100.464,80147517,8052371951
2020-02-21,100.477,100.482,100.463,100.474,87068326,8748005935
2020-02-24,100.481,100.495,100.481,100.493,77052994,7742851050
2020-02-25,100.491,100.499,100.489,100.497,74138370,7450442083
2020-02-26,100.500,100.522,100.499,100.521,73747997,7412416029
2020-02-27,100.519,100.544,100.516,100.527,67258131,6760942798
2020-02-28,100.526,100.599,100.525,100.580,70170428,7055396682
2020-03-02,100.561,100.580,100.545,100.565,78413411,7885159048
2020-03-03,100.549,100.574,100.549,100.569,82147237,8260726240
2020-03-04,100.570,100.576,100.565,100.571,84598085,8508118722
2020-03-05,100.567,100.574,100.557,100.571,118014912,11868247689
2020-03-06,100.580,100.598,100.579,100.594,80161164,8063415007
2020-03-09,100.596,100.619,100.595,100.606,93464372,9403097329
2020-03-10,100.600,100.603,100.576,100.586,110990556,11164416504
2020-03-11,100.590,100.615,100.589,100.611,95265427,9584144133
2020-03-12,100.611,100.633,100.610,100.621,80249946,8075023591
2020-03-13,100.617,100.627,100.605,100.625,89322387,8987317559
2020-03-16,100.625,100.650,100.625,100.643,92961748,9355348903
2020-03-17,100.636,100.655,100.630,100.651,94667316,9527210596
2020-03-18,100.646,100.658,100.645,100.656,91451258,9204844452
2020-03-19,100.656,100.663,100.651,100.660,105121672,10581276108
2020-03-20,100.660,100.684,100.659,100.679,85027820,8560009377
2020-03-23,100.678,100.694,100.676,100.692,92320219,9295483555
2020-03-24,100.679,100.690,100.678,100.681,87878812,8847925622
2020-03-25,100.680,100.686,100.672,100.682,92528956,9315831247
2020-03-26,100.689,100.693,100.680,100.684,91347876,9197576135
2020-03-27,100.690,100.703,100.690,100.700,94591752,9525198642
2020-03-30,100.703,100.708,100.692,100.698,94861201,9552648149
2020-03-31,100.702,100.709,100.695,100.708,75566626,7609680347
2020-04-01,100.715,100.719,100.714,100.718,87542644,8817005731
2020-04-02,100.720,100.726,100.716,100.719,85080546,8569463323
2020-04-03,100.731,100.746,100.731,100.745,85832878,8646650283
2020-04-07,100.740,100.748,100.739,100.746,97675257,9840084553
2020-04-08,100.752,100.756,100.748,100.754,73502301,7405511015
2020-04-09,100.755,100.764,100.754,100.761,73915128,7447495584
2020-04-10,100.772,100.783,100.771,100.781,82643970,8328506848
2020-04-13,100.781,100.787,100.779,100.786,73999156,7457954151
2020-04-14,100.787,100.792,100.786,100.788,69362912,6991008486
2020-04-15,100.792,100.793,100.785,100.787,70736125,7129534915
2020-04-16,100.791,100.793,100.787,100.791,76170836,7677228091
2020-04-17,100.792,100.794,100.781,100.791,90384540,9109897440
2020-04-20,100.797,100.802,100.797,100.801,69093348,6964584525
2020-04-21,100.806,100.815,100.804,100.813,72851978,7344137180
2020-04-22,100.815,100.821,100.814,100.819,65334948,6586785764
2020-04-23,100.819,100.825,100.819,100.821,70952466,7153568019
2020-04-24,100.829,100.837,100.829,100.834,66409050,6696305486
2020-04-27,100.837,100.839,100.834,100.838,62760260,6328495187
2020-04-28,100.840,100.842,100.837,100.842,67933355,6850351423
2020-04-29,100.843,100.845,100.810,100.829,90060757,9081468056
2020-04-30,100.855,100.867,100.823,100.845,101493995,10234362509
2020-05-06,100.831,100.858,100.814,100.852,105625187,10652263990
2020-05-07,100.852,100.869,100.852,100.864,86331970,8707646328
2020-05-08,100.880,100.888,100.875,100.879,88217869,8899342834
2020-05-11,100.883,100.892,100.881,100.888,79104811,7980581926
2020-05-12,100.893,100.902,100.892,100.901,63873392,6444624510
2020-05-13,100.903,100.909,100.902,100.907,58130069,5865664723
2020-05-14,100.908,100.911,100.907,100.909,56950796,5746861483
2020-05-15,100.914,100.920,100.911,100.919,80221601,8095533499
2020-05-18,100.924,100.925,100.917,100.920,85772592,8656173607
2020-05-19,100.920,100.926,100.905,100.923,83340752,8410793358
2020-05-20,100.927,100.930,100.924,100.928,62417191,6299607010
2020-05-21,100.932,100.933,100.930,100.932,66772031,6739417723
2020-05-22,100.941,100.950,100.940,100.943,79899116,8065418427
2020-05-25,100.946,100.952,100.946,100.949,68637577,6928882614
2020-05-26,100.954,100.955,100.948,100.949,71582814,7226350999
2020-05-27,100.954,100.957,100.951,100.953,72471030,7316226506
2020-05-28,100.954,100.957,100.948,100.951,64663661,6527944994
2020-05-29,100.960,100.970,100.959,100.968,67490113,6814194466
2020-06-01,100.971,100.972,100.960,100.966,106982731,10801563706
2020-06-02,100.966,100.974,100.964,100.973,83347148,8415532648
2020-06-03,100.973,100.982,100.973,100.981,84290592,8511442627
2020-06-04,100.981,100.990,100.980,100.986,62156691,6276902110
2020-06-05,100.995,101.007,100.995,101.005,63448356,6408449845
2020-06-08,101.000,101.010,101.000,101.009,71241930,7195858791
2020-06-09,101.010,101.013,101.008,101.011,64973143,6562998900
2020-06-10,101.012,101.015,101.005,101.006,78046006,7883459187
2020-06-11,101.011,101.020,101.006,101.015,90172391,9108524841
2020-06-12,101.022,101.030,101.013,101.029,102026588,10306795419
2020-06-15,101.026,101.041,101.025,101.039,80530132,8136188545
2020-06-16,101.035,101.037,101.032,101.033,74373692,7514312399
2020-06-17,101.035,101.038,101.033,101.035,81530933,8237517895
2020-06-18,101.039,101.048,101.038,101.044,80073003,8090674454
2020-06-19,101.054,101.060,101.000,101.027,116913534,11813565878
2020-06-22,101.027,101.049,101.027,101.041,116772530,11798326382
2020-06-23,101.044,101.050,101.029,101.044,93845835,9482051632
2020-06-24,101.064,101.089,101.057,101.081,101024647,10210510285
2020-06-29,101.081,101.081,101.058,101.067,110609371,11178745798
2020-06-30,101.066,101.078,101.047,101.072,114606525,11582001049
2020-07-01,101.076,101.093,101.073,101.091,103281597,10439728742
2020-07-02,101.085,101.090,101.058,101.085,107884260,10904818829
2020-07-03,101.082,101.120,101.051,101.103,114157810,11538626762
2020-07-06,101.070,101.091,101.052,101.078,140411993,14192180901
2020-07-07,101.053,101.129,101.050,101.127,121146537,12246660868
2020-07-08,101.120,101.159,101.100,101.151,100840832,10198410551
2020-07-09,101.140,101.160,101.130,101.157,84009826,8497175499
2020-07-10,101.148,101.210,101.148,101.208,72668691,7351564735
2020-07-13,101.158,101.200,101.151,101.194,85406438,8640452676
2020-07-14,101.167,101.250,101.167,101.241,92141942,9323978031
2020-07-15,101.240,101.288,101.196,101.282,76429235,7738151380
2020-07-16,101.220,101.300,101.217,101.259,102969668,10425303535
2020-07-17,101.240,101.250,101.203,101.236,126208770,12775739174
2020-07-20,101.225,101.225,101.191,101.199,113072470,11443937170
2020-07-21,101.192,101.213,101.191,101.210,105682361,10695260856
2020-07-22,101.207,101.210,101.191,101.196,115035632,11641788975
2020-07-23,101.204,101.215,101.192,101.213,103840759,10509306847
2020-07-24,101.220,101.244,101.215,101.229,99857210,10108436201
2020-07-27,101.221,101.239,101.216,101.231,96151170,9733302293
2020-07-28,101.231,101.236,101.225,101.230,91798426,9292861477
2020-07-29,101.235,101.235,101.209,101.214,129370200,13095027925
2020-07-30,101.209,101.238,101.209,101.233,97738290,9893656110
2020-07-31,101.246,101.248,101.220,101.241,120726436,12221937176
2020-08-03,101.240,101.247,101.238,101.243,110946181,11232381484
2020-08-04,101.246,101.298,101.244,101.266,93617249,9479104659
2020-08-05,101.270,101.271,101.259,101.264,82882100,8392966061
2020-08-06,101.269,101.287,101.264,101.283,89782965,9092344663
2020-08-07,101.295,101.499,101.280,101.285,92563139,9375605510
2020-08-10,101.287,101.292,101.280,101.291,83195396,8426426621
2020-08-11,101.290,101.309,101.286,101.297,90046818,9121285836
2020-08-12,101.299,101.308,101.294,101.296,78562880,7958570879
2020-08-13,101.301,101.312,101.298,101.308,67172860,6804858748
2020-08-14,101.312,101.317,101.296,101.301,81886212,8295760248
2020-08-17,101.300,101.308,101.297,101.305,117213565,11874045478
2020-08-18,101.310,101.317,101.304,101.315,79809831,8085431264
2020-08-19,101.320,101.330,101.316,101.324,82094496,8317951423
2020-08-20,101.315,101.347,101.315,101.343,83077341,8418193442
2020-08-21,101.343,101.356,101.341,101.351,78633851,7969311342
2020-08-24,101.352,101.355,101.345,101.350,81170782,8226627548
2020-08-25,101.351,101.362,101.349,101.358,80828782,8192256782
2020-08-26,101.361,101.375,101.357,101.372,85276786,8643978648
2020-08-27,101.375,101.388,101.365,101.368,101439704,10283562483
2020-08-28,101.375,101.379,101.348,101.360,108028647,10950689954
2020-08-31,101.369,101.383,101.348,101.375,120216437,12186043020
2020-09-01,101.383,101.390,101.378,101.389,79454210,8055431953
2020-09-02,101.390,101.413,101.388,101.407,86812981,8802611991
2020-09-03,101.409,101.416,101.395,101.400,85775810,8698341286
2020-09-04,101.412,101.414,101.400,101.406,102917937,10436720021
2020-09-07,101.411,101.429,101.411,101.428,83218085,8439925936
2020-09-08,101.424,101.430,101.420,101.424,98735597,10014233428
2020-09-09,101.433,101.440,101.425,101.429,82299330,8347708743
2020-09-10,101.435,101.443,101.430,101.442,88504247,8977620172
2020-09-11,101.450,101.457,101.440,101.456,89838320,9114009560
2020-09-14,101.453,101.471,101.452,101.467,71151480,7218988216
2020-09-15,101.471,101.478,101.467,101.469,85906090,8717034945
2020-09-16,101.470,101.473,101.468,101.471,66779073,6776121326
2020-09-17,101.473,101.476,101.458,101.474,85321312,8657652732
2020-09-18,101.480,101.483,101.468,101.477,107017543,10859928766
2020-09-21,101.480,101.492,101.477,101.490,92679899,9405574489
2020-09-22,101.496,101.518,101.485,101.516,106703237,10829959945
2020-09-23,101.505,101.540,101.504,101.524,91224660,9261066718
2020-09-24,101.524,101.531,101.513,101.520,104887380,10648206895
2020-09-25,101.528,101.543,101.517,101.534,126412002,12834375231
2020-09-28,101.535,101.545,101.529,101.543,129182237,13116885527
2020-09-29,101.543,101.571,101.537,101.559,113773142,11553486037
2020-09-30,101.590,101.638,101.581,101.621,120099692,12203116245
2020-10-09,101.608,101.632,101.590,101.624,126773635,12880746829
2020-10-12,101.618,101.623,101.613,101.616,134205083,13637494524
2020-10-13,101.618,101.623,101.611,101.615,99976650,10159645913
2020-10-14,101.625,101.637,101.622,101.635,107642801,10939568524
2020-10-15,101.635,101.639,101.632,101.636,86808484,8822867721
2020-10-16,101.650,101.668,101.644,101.662,101144607,10281929649
2020-10-19,101.668,101.679,101.662,101.672,101261320,10295125819
2020-10-20,101.680,101.685,101.669,101.677,100934444,10262678994
2020-10-21,101.679,101.689,101.674,101.680,105009804,10677180083
2020-10-22,101.690,101.690,101.678,101.681,98527683,10018579513
2020-10-23,101.691,101.696,101.677,101.682,105244350,10702388814
2020-10-26,101.696,101.698,101.686,101.689,108388546,11022252034
2020-10-27,101.695,101.699,101.690,101.695,100082136,10177822175
2020-10-28,101.708,101.708,101.695,101.701,103465248,10522275316
2020-10-29,101.701,101.713,101.693,101.711,133210376,13547439215
2020-10-30,101.723,101.744,101.719,101.734,115403961,11739820091
2020-11-02,101.742,101.766,101.739,101.763,98927583,10065759878
2020-11-03,101.762,101.762,101.745,101.752,117291288,11934423672
2020-11-04,101.755,101.788,101.752,101.781,119280162,12138470388
2020-11-05,101.768,101.778,101.754,101.774,131134589,13345573194
2020-11-06,101.795,101.804,101.780,101.800,110094482,11206474151
2020-11-09,101.791,101.795,101.779,101.789,163631242,16655611076
2020-11-10,101.785,101.823,101.783,101.814,156783274,15960443842
2020-11-11,101.810,101.836,101.808,101.835,116393432,11851780285
2020-11-12,101.840,101.853,101.823,101.851,105316837,10725487393
2020-11-13,101.850,101.859,101.839,101.841,123399510,12568343295
2020-11-16,101.841,101.845,101.815,101.825,114182862,11628189535
2020-11-17,101.837,101.846,101.832,101.840,131286194,13370328265
2020-11-18,101.841,101.847,101.836,101.841,123541803,12581633140
2020-11-19,101.847,101.852,101.835,101.838,118771760,12096327882
2020-11-20,101.855,101.858,101.847,101.850,121175621,12342172474
2020-11-23,101.858,101.863,101.850,101.859,140000475,14260206940
2020-11-24,101.866,101.869,101.861,101.868,126593942,12895446130
2020-11-25,101.871,101.890,101.869,101.883,147627533,15039949803
2020-11-26,101.887,101.889,101.878,101.884,130102137,13255396372
2020-11-27,101.895,101.906,101.881,101.896,132599953,13511994263
2020-11-30,101.906,101.914,101.860,101.913,167443084,17062406100
2020-12-01,101.915,101.918,101.911,101.912,151820294,15472663807
2020-12-02,101.913,101.924,101.913,101.920,138148731,14079830785
2020-12-03,101.926,101.935,101.920,101.933,157831307,16087361495
2020-12-04,101.946,101.977,101.941,101.960,128407880,13091700624
2020-12-07,101.960,101.971,101.957,101.966,138866914,14159290054
2020-12-08,101.966,101.977,101.965,101.969,127939293,13045905463
2020-12-09,101.976,101.976,101.966,101.970,138693981,14142790716
2020-12-10,101.978,101.979,101.971,101.973,121071262,12346327770
2020-12-11,101.991,101.997,101.981,101.994,131164061,13377399636
2020-12-14,102.001,102.007,101.999,102.003,117734050,12009270040
2020-12-15,102.006,102.017,102.004,102.014,138369004,14114978306
2020-12-16,102.017,102.020,102.015,102.018,131439769,13409185129
2020-12-17,102.022,102.023,101.981,101.990,170088485,17349412530
2020-12-18,102.000,102.021,101.977,102.016,145480881,14839602942
2020-12-21,102.032,102.034,102.006,102.023,140004577,14283211762
2020-12-22,102.023,102.058,102.013,102.050,154562776,15771690733
2020-12-23,102.052,102.063,102.045,102.059,152049487,15517537200
2020-12-24,102.061,102.083,102.054,102.077,142518642,14546280209
2020-12-25,102.090,102.090,102.072,102.081,112733001,11507881380
2020-12-28,102.087,102.098,102.073,102.090,152842834,15602951340
2020-12-29,102.087,102.108,102.084,102.104,138736206,14163961608
2020-12-30,102.109,102.113,102.083,102.098,139707277,14263568185
2020-12-31,100.119,100.138,100.103,100.135,124404927,12455094661
2021-01-04,100.136,100.145,100.127,100.144,113022674,11317587725
2021-01-05,100.149,100.165,100.141,100.160,115849115,11602633057
2021-01-06,100.160,100.202,100.156,100.201,94134257,9429893495
2021-01-07,100.198,100.224,100.191,100.223,82407244,8258134337
2021-01-08,100.210,100.219,100.176,100.217,122673528,12291471945
2021-01-11,100.211,100.222,100.194,100.211,98718169,9892033867
2021-01-12,100.208,100.248,100.199,100.228,97049688,9725446415
2021-01-13,100.215,100.229,100.207,100.210,115112268,11536034116
2021-01-14,100.210,100.215,100.207,100.209,122145482,12240380787
2021-01-15,100.211,100.230,100.210,100.228,126802213,12708083469
2021-01-18,100.229,100.240,100.226,100.239,142361466,14269449192
2021-01-19,100.239,100.242,100.234,100.236,111579378,11184507010
2021-01-20,100.244,100.251,100.241,100.245,105286039,10554474921
2021-01-21,100.250,100.250,100.238,100.246,144330424,14468315756
2021-01-22,100.260,100.272,100.259,100.269,86349961,8658054178
2021-01-25,100.274,100.276,100.268,100.273,115639379,11595387296
2021-01-26,100.278,100.280,100.265,100.276,112952019,11326269847
2021-01-27,100.281,100.284,100.272,100.279,102111244,10239513714
2021-01-28,100.275,100.284,100.271,100.275,132136751,13250298911
2021-01-29,100.293,100.307,100.271,100.305,133435981,13381545762
2021-02-01,100.310,100.316,100.303,100.314,104230599,10455330668
2021-02-02,100.319,100.331,100.315,100.327,109479148,10983213477
2021-02-03,100.333,100.356,100.329,100.349,91113368,9142396902
2021-02-04,100.346,100.355,100.345,100.352,106707724,10708219292
2021-02-05,100.360,100.384,100.354,100.380,132839588,13332433985
2021-02-08,100.379,100.391,100.373,100.377,117659554,11810723181
2021-02-09,100.380,100.405,100.373,100.399,118217012,11867674465
2021-02-10,100.411,100.470,100.410,100.449,112512824,11301942146
2021-02-18,100.433,100.448,100.427,100.445,178328821,17910462593
2021-02-19,100.448,100.473,100.446,100.461,132535449,13314436447
2021-02-22,100.460,100.468,100.460,100.464,124624852,12520402728
2021-02-23,100.469,100.492,100.466,100.488,127037123,12763806350
2021-02-24,100.487,100.502,100.478,100.488,122722287,12332329815
2021-02-25,100.491,100.500,100.485,100.497,118774380,11935673155
2021-02-26,100.503,100.519,100.497,100.506,123422110,12404868801
2021-03-01,100.507,100.524,100.504,100.518,113578680,11415738302
2021-03-02,100.517,100.537,100.515,100.533,126407509,12707152306
2021-03-03,100.533,100.548,100.532,100.547,127052294,12773824820
2021-03-04,100.551,100.552,100.513,100.521,137675683,13842263587
2021-03-05,100.541,100.548,100.537,100.544,138659490,13941188083
2021-03-08,100.545,100.556,100.545,100.550,132753857,13348460345
2021-03-09,100.551,100.554,100.521,100.551,183250599,18424935028
2021-03-10,100.554,100.564,100.534,100.561,170048328,17098632921
2021-03-11,100.561,100.569,100.557,100.568,146057310,14688335495
2021-03-12,100.574,100.590,100.574,100.587,107641572,10826829428
2021-03-15,100.587,100.621,100.585,100.618,110480658,11113596476
2021-03-16,100.608,100.620,100.600,100.606,108077933,10873454729
2021-03-17,100.608,100.609,100.594,100.600,120018024,12073661916
2021-03-18,100.603,100.607,100.590,100.599,128152411,12892234287
2021-03-19,100.612,100.625,100.610,100.616,119649362,12038757664
2021-03-22,100.623,100.632,100.621,100.627,140140756,14101954427
2021-03-23,100.633,100.637,100.631,100.635,126438539,12724091163
2021-03-24,100.638,100.645,100.636,100.641,126641660,12745277421
2021-03-25,100.644,100.646,100.636,100.643,127997469,12881925863
2021-03-26,100.654,100.658,100.520,100.651,129733859,13057805220
2021-03-29,100.661,100.663,100.649,100.658,162723458,16379214434
2021-03-30,100.661,100.665,100.653,100.658,166153252,16725440447
2021-03-31,100.664,100.684,100.662,100.682,126546795,12739803841
2021-04-01,100.682,100.693,100.681,100.690,117143334,11794944785
2021-04-02,100.706,100.711,100.700,100.708,133908579,13485389788
2021-04-06,100.714,100.718,100.708,100.716,150450827,15152548170
2021-04-07,100.719,100.727,100.719,100.725,160008609,16116599349
2021-04-08,100.730,100.730,100.723,100.725,132620522,13358542271
2021-04-09,100.738,100.748,100.737,100.745,117327721,11819883169
2021-04-12,100.751,100.767,100.749,100.757,168506887,16977613598
2021-04-13,100.760,100.763,100.759,100.762,129101587,13008338619
2021-04-14,100.764,100.769,100.762,100.767,130347450,13134400908
2021-04-15,100.768,100.782,100.768,100.779,128408178,12939805806
2021-04-16,100.785,100.787,100.782,100.783,102806267,10361319544
2021-04-19,100.789,100.791,100.779,100.782,138355331,13943949407
2021-04-20,100.782,100.798,100.781,100.796,233182338,23501621567
2021-04-21,100.798,100.804,100.797,100.800,111583358,11247644354
2021-04-22,100.802,100.808,100.802,100.807,107632952,10849824124
2021-04-23,100.819,100.825,100.817,100.821,88822538,8955200027
2021-04-26,100.818,100.824,100.815,100.822,122618221,12362309969
2021-04-27,100.825,100.832,100.823,100.828,123173170,12419079869
2021-04-28,100.831,100.838,100.829,100.832,119530323,12052515188
2021-04-29,100.835,100.858,100.833,100.857,136889915,13804139440
2021-04-30,100.870,100.884,100.870,100.879,140604145,14183741741
2021-05-06,100.881,100.882,100.873,100.876,154745930,15610317329
2021-05-07,100.890,100.898,100.887,100.896,107460062,10842134325
2021-05-10,100.900,100.907,100.900,100.906,146112931,14743500839
2021-05-11,100.911,100.919,100.911,100.917,174513221,17610838195
2021-05-12,100.915,100.922,100.914,100.921,136706427,13796083894
2021-05-13,100.925,100.927,100.922,100.923,124672477,12582609812
2021-05-14,100.936,100.938,100.905,100.909,145625622,14698325287
2021-05-17,100.934,100.935,100.910,100.930,152044640,15345217558
2021-05-18,100.934,100.949,100.928,100.948,181782494,18349171221
2021-05-19,100.955,100.958,100.951,100.956,189256572,19106446566
2021-05-20,100.962,100.963,100.950,100.954,100537436,10149859247
2021-05-21,100.960,100.974,100.956,100.972,134091205,13538244258
2021-05-24,100.974,100.985,100.970,100.984,111774577,11286659686
2021-05-25,100.985,100.986,100.948,100.965,142559410,14394216494
2021-05-26,100.960,100.991,100.959,100.989,110194092,11127190310
2021-05-27,100.991,100.993,100.981,100.986,106866084,10792199057
2021-05-28,101.000,101.010,100.993,101.006,105540211,10659433565
2021-05-31,101.007,101.012,101.003,101.006,88660615,8955368638
2021-06-01,101.011,101.023,101.008,101.017,123872470,12512990358
2021-06-02,101.020,101.030,101.015,101.027,160260894,16190176483
2021-06-03,101.027,101.039,101.025,101.032,124904429,12618901001
2021-06-04,101.040,101.057,101.040,101.053,124099356,12539673521
2021-06-07,101.053,101.063,101.051,101.061,127920063,12927149144
2021-06-08,101.063,101.077,101.061,101.072,120547270,12183193798
2021-06-09,101.069,101.070,101.062,101.065,116958887,11820489276
2021-06-10,101.065,101.069,101.056,101.067,150108730,15170897863
2021-06-11,101.080,101.089,101.076,101.085,152269159,15391591831
2021-06-15,101.087,101.102,101.087,101.100,141670915,14321865082
2021-06-16,101.101,101.117,101.097,101.115,148394350,15003079705
2021-06-17,101.107,101.142,101.107,101.132,140910308,14248455224
2021-06-18,101.127,101.148,101.126,101.134,114995434,11629862900
2021-06-21,101.133,101.136,101.131,101.132,126430968,12786362762
2021-06-22,101.135,101.139,101.132,101.134,109023782,11026141487
2021-06-23,101.136,101.143,101.135,101.140,112746860,11403077641
2021-06-24,101.143,101.153,101.142,101.151,121006889,12239555447
2021-06-25,101.160,101.167,101.154,101.162,131395338,13292205821
2021-06-28,101.163,101.171,101.150,101.156,146456753,14816256380
2021-06-29,101.161,101.179,101.159,101.178,195349280,19762811365
2021-06-30,101.184,101.195,101.174,101.192,212268341,21477978447
2021-07-01,101.194,101.230,101.191,101.224,99884634,10108379081
2021-07-02,101.226,101.229,101.216,101.222,100817130,10205145650
2021-07-05,101.223,101.232,101.219,101.230,101003528,10224104805
2021-07-06,101.230,101.235,101.226,101.234,107204368,10852248440
2021-07-07,101.231,101.240,101.230,101.236,103942169,10522474358
2021-07-08,101.237,101.250,101.236,101.245,104071198,10536368768
2021-07-09,101.253,101.261,101.250,101.258,105484612,10680924049
2021-07-12,101.259,101.266,101.256,101.261,116095136,11755840865
2021-07-13,101.264,101.271,101.264,101.270,110651495,11205353255
2021-07-14,101.273,101.300,101.270,101.296,113136589,11458252932
2021-07-15,101.284,101.284,101.270,101.276,144407561,14625348731
2021-07-16,101.285,101.304,101.285,101.298,126519576,12815691877
2021-07-19,101.296,101.306,101.296,101.303,111880897,11333740938
2021-07-20,101.305,101.308,101.301,101.304,126620750,12827364196
2021-07-21,101.306,101.312,101.305,101.310,107068520,10846958274
2021-07-22,101.318,101.320,101.305,101.311,142153329,14402351594
2021-07-23,101.329,101.330,101.315,101.320,137766001,13958837884
2021-07-26,101.326,101.338,101.323,101.334,164309853,16649193713
2021-07-27,101.339,101.345,101.336,101.342,148180032,15016405505
2021-07-28,101.339,101.350,101.293,101.348,175399379,17773020534
2021-07-29,101.333,101.356,101.332,101.349,139509154,14138257131
2021-07-30,101.361,101.395,101.358,101.385,170457275,17278565486
2021-08-02,101.380,101.382,101.371,101.374,149921858,15198669067
2021-08-03,101.377,101.405,101.377,101.395,114173012,11575504756
2021-08-04,101.393,101.402,101.387,101.389,132904560,13475503188
2021-08-05,101.395,101.406,101.393,101.404,131150680,13298510570
2021-08-06,101.410,101.439,101.408,101.434,120444330,12215328910
2021-08-09,101.426,101.433,101.421,101.431,103239990,10471141406
2021-08-10,101.430,101.431,101.425,101.428,116294350,11795598384
2021-08-11,101.431,101.440,101.430,101.437,114301903,11594182166
2021-08-12,101.440,101.464,101.438,101.462,106886508,10843353356
2021-08-13,101.456,101.469,101.454,101.463,104735300,10626516969
2021-08-16,101.459,101.467,101.455,101.459,104789052,10631927013
2021-08-17,101.463,101.468,101.462,101.464,138806326,14084079790
2021-08-18,101.464,101.470,101.462,101.467,145129350,14725881798
2021-08-19,101.473,101.474,101.466,101.470,160009199,16236406171
2021-08-20,101.483,101.501,101.482,101.490,138074088,14013116093
2021-08-23,101.490,101.491,101.479,101.482,126094964,12796877020
2021-08-24,101.486,101.490,101.473,101.484,169426270,17193780751
2021-08-25,101.487,101.501,101.484,101.500,142774725,14490686684
2021-08-26,101.503,101.509,101.495,101.506,130688934,13265303088
2021-08-27,101.518,101.523,101.505,101.513,99982275,10150072562
2021-08-30,101.521,101.522,101.514,101.520,136627150,13870047511
2021-08-31,101.523,101.536,101.521,101.535,124602112,12650792828
2021-09-01,101.542,101.552,101.538,101.549,126910210,12887079504
2021-09-02,101.545,101.560,101.545,101.556,89809394,9120319097
2021-09-03,101.557,101.590,101.556,101.584,134743938,13685510154
2021-09-06,101.581,101.581,101.572,101.576,127262900,12926870579
2021-09-07,101.578,101.589,101.578,101.584,145733747,14804055620
2021-09-08,101.586,101.589,101.584,101.587,133338934,13545398275
2021-09-09,101.589,101.598,101.587,101.594,177577988,18040502692
2021-09-10,101.600,101.611,101.599,101.607,133414372,13555760244
2021-09-13,101.610,101.613,101.602,101.607,171679326,17444430486
2021-09-14,101.611,101.625,101.611,101.623,169097292,17183414566
2021-09-15,101.634,101.634,101.623,101.625,149278302,15170730495
2021-09-16,101.630,101.637,101.628,101.633,158762507,16135412148
2021-09-17,101.654,101.669,101.639,101.660,215056446,21860422290
2021-09-22,101.660,101.663,101.654,101.655,150522252,15301752830
2021-09-23,101.658,101.664,101.656,101.661,159540081,16218928151
2021-09-24,101.670,101.681,101.670,101.678,200955411,20432193600
2021-09-27,101.684,101.687,101.675,101.682,159638623,16232546559
2021-09-28,101.680,101.703,101.672,101.702,149104868,15162098752
2021-09-29,101.700,101.745,101.680,101.721,165510517,16832377572
2021-09-30,101.742,101.799,101.742,101.791,160314487,16314258422
2021-10-08,101.770,101.780,101.769,101.773,141904560,14442214860
2021-10-11,101.774,101.782,101.770,101.779,155894983,15866191443
2021-10-12,101.781,101.797,101.779,101.791,125494939,12773526980
2021-10-13,101.794,101.808,101.791,101.804,123744860,12596845459
2021-10-14,101.802,101.830,101.800,101.828,126234303,12851824373
2021-10-15,101.826,101.835,101.822,101.834,120939250,12314785590
2021-10-18,101.830,101.832,101.806,101.817,139902280,14245456161
2021-10-19,101.819,101.822,101.805,101.812,115014513,11710423805
2021-10-20,101.818,101.829,101.816,101.826,140333464,14288974957
2021-10-21,101.829,101.834,101.827,101.828,121955448,12418853172
2021-10-22,101.842,101.852,101.839,101.845,136369466,13888646409
2021-10-25,101.847,101.857,101.847,101.855,168703204,17182835026
2021-10-26,101.857,101.863,101.856,101.862,148732851,15149895436
2021-10-27,101.862,101.881,101.861,101.876,115511890,11766734758
2021-10-28,101.872,101.877,101.600,101.858,112805159,11491439444
2021-10-29,101.876,101.883,101.875,101.878,134998909,13753502038
2021-11-01,101.881,101.886,101.880,101.882,129486270,13192528966
2021-11-02,101.891,101.893,101.885,101.890,148100674,15089869734
2021-11-03,101.894,101.898,101.892,101.896,116699289,11891096604
2021-11-04,101.901,101.907,101.900,101.903,192032289,19568709140
2021-11-05,101.917,101.918,101.900,101.911,131822557,13434164161
2021-11-08,101.926,101.928,101.915,101.919,161442647,16454093567
2021-11-09,101.925,101.931,101.921,101.929,139249055,14193122484
2021-11-10,101.935,101.948,101.933,101.944,137712310,14038399155
2021-11-11,101.948,101.949,101.933,101.937,108958628,11107711079
2021-11-12,101.953,101.953,101.933,101.944,151282594,15423167740
2021-11-15,101.956,101.961,101.953,101.958,107521348,10962621949
2021-11-16,101.967,101.973,101.965,101.970,118432236,12076359952
2021-11-17,101.974,101.979,101.973,101.977,119711402,12207604949
2021-11-18,101.978,102.012,101.977,101.990,128445632,13099150934
2021-11-19,101.998,102.000,101.989,101.994,131901205,13453216666
2021-11-22,101.998,102.000,101.996,101.999,130559410,13316789514
2021-11-23,102.003,102.007,102.002,102.005,104208852,10629771469
2021-11-24,102.007,102.011,102.007,102.010,117060680,11941205084
2021-11-25,102.016,102.019,102.015,102.018,93841070,9573414103
2021-11-26,102.029,102.037,102.025,102.033,125176133,12771540875
2021-11-29,102.036,102.037,102.018,102.022,147665089,15066111708
2021-11-30,102.025,102.040,102.018,102.036,175645860,17920971583
2021-12-01,102.042,102.056,102.040,102.054,170735835,17423562473
2021-12-02,102.051,102.060,102.049,102.057,136981996,13979901023
2021-12-03,102.073,102.073,102.066,102.069,120848590,12335023996
2021-12-06,102.078,102.084,102.077,102.082,156424702,15967871775
2021-12-07,102.087,102.099,102.085,102.098,167367006,17086613741
2021-12-08,102.098,102.100,102.085,102.089,200019022,20421397516
2021-12-09,102.097,102.098,102.085,102.087,227968050,23273537661
2021-12-10,102.099,102.112,102.099,102.107,181001088,18480789142
2021-12-13,102.115,102.119,102.114,102.116,171024592,17464365610
2021-12-14,102.125,102.131,102.123,102.129,166027640,16955933169
2021-12-15,102.137,102.138,102.131,102.133,158224658,16159995798
2021-12-16,102.139,102.139,102.133,102.137,161650184,16510276868
2021-12-17,102.150,102.163,102.149,102.159,158845735,16226637365
2021-12-20,102.160,102.166,102.159,102.164,133647301,13653543619
2021-12-21,102.166,102.167,102.148,102.157,162237574,16574753168
2021-12-22,102.160,102.175,102.157,102.173,179592803,18347907061
2021-12-23,102.175,102.180,102.172,102.177,122642384,12531171895
2021-12-24,102.186,102.200,102.184,102.195,122866947,12555543238
2021-12-27,102.199,102.200,102.195,102.197,129961519,13281839444
2021-12-28,102.199,102.209,102.198,102.207,147909411,15116733293
2021-12-29,102.210,102.219,102.206,102.211,152954918,15633463038
2021-12-30,102.214,102.220,102.201,102.216,132717788,13564989692
2021-12-31,100.100,100.129,100.069,100.123,142518986,14266068484
2022-01-04,100.114,100.120,100.103,100.116,137330190,13748012492
2022-01-05,100.113,100.117,100.104,100.111,115289660,11542070225
2022-01-06,100.117,100.128,100.115,100.126,139876445,14004454125
2022-01-07,100.132,100.150,100.132,100.146,90448277,9057635865
2022-01-10,100.146,100.155,100.146,100.153,85782234,8591152399
2022-01-11,100.154,100.180,100.153,100.166,116269560,11645495656
2022-01-12,100.167,100.171,100.165,100.170,88820380,8896960929
2022-01-13,100.172,100.183,100.170,100.176,117603061,11781233005
2022-01-14,100.182,100.195,100.182,100.192,106301982,10650345917
2022-01-17,100.195,100.207,100.193,100.203,93437503,9362131659
2022-01-18,100.208,100.212,100.206,100.210,89047904,8923438387
2022-01-19,100.207,100.210,100.200,100.201,111202092,11143197079
2022-01-20,100.208,100.211,100.193,100.196,123398020,12365134770
2022-01-21,100.211,100.241,100.211,100.223,130293160,13057783123
2022-01-24,100.232,100.232,100.210,100.224,129842460,13013436400
2022-01-25,100.227,100.245,100.225,100.237,140163327,14049101800
2022-01-26,100.239,100.253,100.236,100.247,152807660,15317971105
2022-01-27,100.248,100.295,100.247,100.267,191045906,19154047539
2022-01-28,100.310,100.349,100.308,100.330,209896022,21057261713
2022-02-07,100.319,100.359,100.313,100.355,92453154,9276258495
2022-02-08,100.350,100.362,100.346,100.357,102262353,10262686831
2022-02-09,100.355,100.357,100.333,100.335,121989600,12240786259
2022-02-10,100.332,100.335,100.323,100.327,145381560,14586109384
2022-02-11,100.331,100.349,100.331,100.343,118067142,11847147901
2022-02-14,100.350,100.351,100.341,100.345,99323768,9966950632
2022-02-15,100.352,100.358,100.352,100.358,113196630,11359866739
2022-02-16,100.359,100.363,100.358,100.362,91351355,9168047279
2022-02-17,100.364,100.371,100.357,100.366,123669000,12411771890
2022-02-18,100.379,100.386,100.377,100.379,122112080,12257901285
2022-02-21,100.379,100.386,100.377,100.380,134562288,13507819852
2022-02-22,100.387,100.389,100.383,100.384,100787502,10117730271
2022-02-23,100.390,100.392,100.383,100.384,106837423,10725119578
2022-02-24,100.393,100.397,100.390,100.392,131468333,13198646366
2022-02-25,100.404,100.407,100.358,100.402,166712985,16737399514
2022-02-28,100.404,100.413,100.403,100.408,109476289,10992504342
2022-03-01,100.422,100.424,100.415,100.420,108314750,10876920182
2022-03-02,100.428,100.431,100.425,100.429,85893670,8626084882
2022-03-03,100.433,100.445,100.429,100.443,104534630,10498977169
2022-03-04,100.451,100.463,100.448,100.454,102010974,10247707931
2022-03-07,100.459,100.464,100.456,100.462,104900800,10538449355
2022-03-08,100.465,100.471,100.465,100.468,107984198,10848917223
2022-03-09,100.472,100.501,100.471,100.478,115083610,11562885530
2022-03-10,100.468,100.485,100.464,100.478,148004358,14870807565
2022-03-11,100.490,100.496,100.487,100.493,119041780,11962924332
2022-03-14,100.500,100.518,100.497,100.509,110128329,11068218981
2022-03-15,100.508,100.512,100.501,100.505,135299042,13598535897
2022-03-16,100.504,100.511,100.478,100.495,157583501,15837070364
2022-03-17,100.500,100.516,100.482,100.505,181838712,18274795689
2022-03-18,100.516,100.529,100.506,100.512,135898689,13660452768
2022-03-21,100.528,100.551,100.527,100.543,113879324,11448950293
2022-03-22,100.543,100.567,100.533,100.535,154552370,15539204518
2022-03-23,100.542,100.545,100.538,100.541,124717143,12539259560
2022-03-24,100.547,100.565,100.547,100.561,107626620,10822056700
2022-03-25,100.566,100.573,100.564,100.567,106689954,10729544184
2022-03-28,100.571,100.574,100.558,100.562,116446650,11710640011
2022-03-29,100.568,100.580,100.564,100.579,93004650,9353542588
2022-03-30,100.577,100.579,100.558,100.563,119373550,12005138330
2022-03-31,100.569,100.618,100.565,100.610,98369286,9894442615
2022-04-01,100.621,100.630,100.610,100.613,139307567,14017316001
2022-04-06,100.619,100.633,100.619,100.628,106625495,10729099494
2022-04-07,100.629,100.644,100.629,100.640,109002002,10969136934
2022-04-08,100.645,100.658,100.642,100.654,91076360,9166869757
2022-04-11,100.656,100.663,100.655,100.661,98271050,9891766635
2022-04-12,100.662,100.664,100.654,100.656,129728727,13058376126
2022-04-13,100.662,100.669,100.658,100.661,135176727,13607169299
2022-04-14,100.667,100.672,100.663,100.668,130445546,13131682976
2022-04-15,100.681,100.694,100.681,100.686,129180010,13006593432
2022-04-18,100.692,100.695,100.682,100.685,123760589,12461313298
2022-04-19,100.690,100.697,100.689,100.696,123734032,12459121456
2022-04-20,100.699,100.700,100.693,100.695,108310460,10906540082
2022-04-21,100.701,100.702,100.695,100.699,102477390,10319383627
2022-04-22,100.700,100.714,100.700,100.705,142249496,14325510106
2022-04-25,100.710,100.714,100.704,100.709,160969741,16211375749
2022-04-26,100.715,100.723,100.711,100.719,137473988,13846001651
2022-04-27,100.724,100.731,100.718,100.726,151541671,15264126114
2022-04-28,100.734,100.758,100.732,100.750,141467569,14251521726
2022-04-29,100.771,100.787,100.437,100.779,146622040,14775766918
2022-05-05,100.770,100.777,100.767,100.769,120986111,12192058280
2022-05-06,100.786,100.797,100.780,100.794,104340240,10516125919
2022-05-09,100.797,100.803,100.797,100.801,102279960,10309823462
2022-05-10,100.803,100.812,100.801,100.808,139912708,14103973603
2022-05-11,100.811,100.813,100.803,100.806,138665251,13978316813
2022-05-12,100.812,100.817,100.809,100.813,100156109,10097097096
2022-05-13,100.825,100.837,100.819,100.836,124464163,12549595091
2022-05-16,100.833,100.844,100.833,100.842,95428568,9622814489
2022-05-17,100.845,100.846,100.837,100.839,93025557,9380739793
2022-05-18,100.844,100.846,100.842,100.845,86761061,8749297681
2022-05-19,100.845,100.851,100.845,100.851,114486958,11545828735
2022-05-20,100.861,100.863,100.848,100.852,103719171,10460690582
2022-05-23,100.855,100.862,100.855,100.860,102135106,10301223710
2022-05-24,100.865,100.877,100.861,100.873,117081933,11809894696
2022-05-25,100.875,100.878,100.870,100.875,88811360,8958853508
2022-05-26,100.878,100.887,100.875,100.883,88412856,8919076014
2022-05-27,100.889,100.895,100.880,100.893,127918527,12905439337
2022-05-30,100.894,100.896,100.885,100.887,122804340,12389931971
2022-05-31,100.893,100.895,100.885,100.891,129772210,13092943554
2022-06-01,100.895,100.903,100.891,100.900,142103310,14337774719
2022-06-02,100.915,100.916,100.894,100.896,150550277,15192044451
2022-06-06,100.916,100.917,100.897,100.914,198006411,19980496453
2022-06-07,100.914,100.927,100.910,100.926,117617182,11869931503
2022-06-08,100.938,100.938,100.926,100.930,155073386,15651490702
2022-06-09,100.936,100.941,100.932,100.937,110707156,11174437326
2022-06-10,100.947,100.949,100.917,100.924,164199931,16574253407
2022-06-13,100.942,100.960,100.940,100.958,167815088,16940916269
2022-06-14,100.960,100.971,100.958,100.970,124142630,12533816942
2022-06-15,100.965,100.969,100.957,100.967,151962241,15342639628
2022-06-16,100.964,100.972,100.954,100.970,155717476,15721865117
2022-06-17,100.971,100.982,100.971,100.981,172346222,17402618947
2022-06-20,100.982,100.991,100.981,100.990,152541098,15404501659
2022-06-21,100.994,100.996,100.990,100.994,167110381,16876947116
2022-06-22,100.999,101.010,100.996,101.009,163024906,16465867294
2022-06-23,101.005,101.008,100.851,100.995,176080712,17784458708
2022-06-24,101.001,101.010,101.001,101.006,157065334,15864431842
2022-06-27,101.014,101.018,101.001,101.016,185038409,18691094498
2022-06-28,101.011,101.029,101.011,101.028,160134910,16177151021
2022-06-29,101.026,101.040,101.022,101.038,182590863,18446826377
2022-06-30,101.028,101.045,100.993,101.040,184772899,18665500979
2022-07-01,101.049,101.063,101.047,101.061,130484521,13186302841
2022-07-04,101.059,101.069,101.058,101.068,124427944,12575172104
2022-07-05,101.069,101.094,101.069,101.092,102113188,10321148144
2022-07-06,101.089,101.102,101.075,101.100,107735349,10890409550
2022-07-07,101.092,101.096,101.085,101.094,97886290,9895333991
2022-07-08,101.094,101.103,101.093,101.102,96773110,9783634461
2022-07-11,101.103,101.111,101.101,101.109,111357040,11258813803
2022-07-12,101.110,101.118,101.109,101.114,99903498,10101494117
2022-07-13,101.115,101.116,101.110,101.112,91966210,9298916125
2022-07-14,101.116,101.118,101.107,101.111,120268710,12160989471
2022-07-15,101.121,101.133,101.100,101.130,170956590,17288333699
2022-07-18,101.132,101.136,101.129,101.135,151152563,15286563101
2022-07-19,101.136,101.143,101.136,101.140,104983655,10617965090
2022-07-20,101.142,101.143,101.138,101.139,118296838,11964577328
2022-07-21,101.145,101.147,101.141,101.146,114169377,11547594908
2022-07-22,101.157,101.165,101.156,101.162,127190140,12866382947
2022-07-25,101.170,101.178,101.165,101.174,92749825,9383516044
2022-07-26,101.175,101.175,101.166,101.170,138435120,14005522417
2022-07-27,101.172,101.175,101.169,101.173,120673782,12208755285
2022-07-28,101.175,101.179,101.170,101.178,146368806,14808658166
2022-07-29,101.185,101.194,101.183,101.192,113092895,11443792555
2022-08-01,101.196,101.199,101.194,101.197,122112768,12357378367
2022-08-02,101.200,101.201,101.194,101.197,171754000,17380987059
2022-08-03,101.201,101.210,101.193,101.208,150189681,15199322433
2022-08-04,101.209,101.218,101.207,101.218,115805070,11721056731
2022-08-05,101.221,101.225,101.220,101.222,110510325,11186127709
2022-08-08,101.224,101.228,101.224,101.227,109822728,11116939925
2022-08-09,101.231,101.234,101.228,101.233,115409510,11682994608
2022-08-10,101.236,101.238,101.235,101.237,87608630,8869213789
2022-08-11,101.238,101.240,101.229,101.233,147184369,14900069017
2022-08-12,101.245,101.250,101.242,101.248,152528437,15442718828
2022-08-15,101.254,101.257,101.251,101.255,107269330,10861398367
2022-08-16,101.257,101.258,101.253,101.258,153250752,15517481828
2022-08-17,101.260,101.261,101.256,101.258,110228278,11161500123
2022-08-18,101.260,101.268,101.254,101.266,127601300,12921038228
2022-08-19,101.275,101.282,101.272,101.281,124506625,12609580650
2022-08-22,101.282,101.282,101.277,101.279,138276160,14004574666
2022-08-23,101.279,101.290,101.278,101.287,111682873,11311596046
2022-08-24,101.288,101.421,101.287,101.298,126521060,12815817076
2022-08-25,101.298,101.302,101.289,101.291,161746504,16383914311
2022-08-26,101.297,101.301,101.295,101.299,144547261,14642470439
2022-08-29,101.301,101.302,101.295,101.301,148936663,15087181341
2022-08-30,101.304,101.314,101.301,101.311,125859765,12750644810
2022-08-31,101.309,101.324,101.309,101.318,111475137,11294184258
2022-09-01,101.318,101.322,101.317,101.322,152951548,15497145413
2022-09-02,101.325,101.335,101.325,101.329,133518449,13529264952
2022-09-05,101.334,101.337,101.333,101.335,121911126,12353851033
2022-09-06,101.338,101.341,101.336,101.337,114030950,11555727453
2022-09-07,101.342,101.343,101.337,101.338,158189600,16030843652
2022-09-08,101.341,101.345,101.339,101.343,95489208,9676993270
2022-09-09,101.358,101.359,101.342,101.348,149720068,15174358028
2022-09-13,101.354,101.358,101.351,101.357,156687178,15881036389
2022-09-14,101.357,101.365,101.357,101.364,97509441,9883623261
2022-09-15,101.364,101.380,101.363,101.379,106965334,10843202541
2022-09-16,101.381,101.398,101.381,101.396,91705845,9297832899
2022-09-19,101.395,101.405,101.384,101.397,89274370,9051727311
2022-09-20,101.392,101.409,101.386,101.398,81875628,8301681084
2022-09-21,101.398,101.407,101.398,101.403,57746839,5855696882
2022-09-22,101.404,101.406,101.398,101.403,109660288,11119749616
2022-09-23,101.408,101.422,101.406,101.418,110449193,11200897756
2022-09-26,101.410,101.418,101.404,101.415,101342668,10277324555
2022-09-27,101.413,101.415,101.398,101.404,150930560,15305422534
2022-09-28,101.410,101.427,101.407,101.418,204106690,20699901027
2022-09-29,101.417,101.422,101.393,101.405,189220839,19190118276
2022-09-30,101.501,101.504,101.460,101.485,176405823,17901093598
2022-10-10,101.472,101.484,101.471,101.481,127988939,12988082903
2022-10-11,101.482,101.496,101.480,101.491,108449350,11005828646
2022-10-12,101.491,101.500,101.489,101.493,121806502,12362599871
2022-10-13,101.492,101.499,101.490,101.499,109624813,11126213493
2022-10-14,101.500,101.505,101.497,101.500,104549071,10611746700
2022-10-17,101.504,101.507,101.500,101.504,110585422,11224940033
2022-10-18,101.506,101.511,101.505,101.511,113209025,11491557661
2022-10-19,101.512,101.518,101.512,101.514,100792832,10231801469
2022-10-20,101.515,101.521,101.514,101.519,110300209,11197435092
2022-10-21,101.526,101.531,101.525,101.528,87814710,8915709324
2022-10-24,101.531,101.537,101.528,101.534,113545261,11528417363
2022-10-25,101.532,101.536,101.516,101.525,133063835,13510042269
2022-10-26,101.530,101.533,101.511,101.528,204963206,20809151265
2022-10-27,101.531,101.538,101.521,101.536,141785592,14395441079
2022-10-28,101.546,101.558,101.543,101.557,139230632,14138501069
2022-10-31,101.557,101.561,101.552,101.558,133533600,13561169528
2022-11-01,101.559,101.560,101.550,101.552,156012155,15843820931
2022-11-02,101.553,101.570,101.552,101.567,146177333,14845993473
2022-11-03,101.568,101.577,101.567,101.572,127862600,12987040374
2022-11-04,101.580,101.585,101.575,101.578,150020503,15239015481
2022-11-07,101.578,101.579,101.574,101.577,123660112,12561014425
2022-11-08,101.582,101.588,101.578,101.585,126789004,12879586094
2022-11-09,101.585,101.594,101.584,101.591,143283162,14555998166
2022-11-10,101.592,101.607,101.592,101.605,118724680,12062036090
2022-11-11,101.590,101.603,101.581,101.601,184305648,18724496702
2022-11-14,101.597,101.601,101.590,101.593,181330668,18422716414
2022-11-15,101.595,101.605,101.583,101.592,128502292,13055024943
2022-11-16,101.585,101.617,101.585,101.614,131978754,13409180093
2022-11-17,101.612,101.615,101.607,101.612,150041000,15245854257
2022-11-18,101.618,101.625,101.613,101.622,152501700,15496854623
2022-11-21,101.626,101.631,101.625,101.629,111609902,11342675000
2022-11-22,101.629,101.641,101.627,101.637,108655145,11043022408
2022-11-23,101.635,101.639,101.631,101.632,123019933,12503160039
2022-11-24,101.636,101.645,101.628,101.642,124824218,12686671161
2022-11-25,101.642,101.660,101.642,101.650,117550812,11949077623
2022-11-28,101.650,101.658,101.644,101.649,114211950,11609974192
2022-11-29,101.649,101.653,101.629,101.647,128998836,13112019662
2022-11-30,101.648,101.672,101.648,101.665,138039102,14032778354
2022-12-01,101.651,101.659,101.650,101.654,156065030,15864747902
2022-12-02,101.666,101.673,101.663,101.666,155700636,15829649712
2022-12-05,101.670,101.675,101.668,101.672,140898474,14325318412
2022-12-06,101.676,101.682,101.673,101.681,185884948,18900245317
2022-12-07,101.681,101.687,101.675,101.686,134941167,13720802792
2022-12-08,101.685,101.693,101.684,101.687,120998954,12304195571
2022-12-09,101.693,101.701,101.692,101.696,137403868,13973390828
2022-12-12,101.699,101.703,101.696,101.699,109842718,11170982606
2022-12-13,101.702,101.705,101.699,101.701,113907825,11584715704
2022-12-14,101.704,101.709,101.702,101.706,105299045,10709477772
2022-12-15,101.711,101.739,101.708,101.731,115464270,11744298896
2022-12-16,101.728,101.755,101.727,101.744,111707460,11365008037
2022-12-19,101.742,101.751,101.736,101.746,102139460,10391774444
2022-12-20,101.746,101.750,101.741,101.749,108102289,10998820494
2022-12-21,101.747,101.751,101.740,101.743,111070430,11300800765
2022-12-22,101.745,101.748,101.741,101.744,94015210,9565504587
2022-12-23,101.752,101.764,101.736,101.755,189423690,19274290339
2022-12-26,101.760,101.762,101.742,101.750,134909594,13727103957
2022-12-27,101.751,101.766,101.731,101.763,189525706,19283785251
2022-12-28,101.761,101.770,101.758,101.767,154478854,15720409616
2022-12-29,101.760,101.770,101.720,101.729,181400121,18458627780
2022-12-30,100.070,100.157,100.070,100.152,183347786,18352556901
2023-01-03,100.135,100.135,100.106,100.112,150033928,15021607867
2023-01-04,100.112,100.130,100.102,100.115,122141980,12228080528
2023-01-05,100.107,100.111,100.100,100.109,146690074,14684643158
2023-01-06,100.114,100.129,100.113,100.128,133241432,13340432917
2023-01-09,100.126,100.134,100.124,100.132,115709370,11585743560
2023-01-10,100.142,100.149,100.137,100.148,110383587,11053945486
2023-01-11,100.140,100.153,100.140,100.142,162785500,16302462891
2023-01-12,100.146,100.148,100.135,100.139,108477220,10863453405
2023-01-13,100.153,100.160,100.151,100.153,137836150,13805159906
2023-01-16,100.157,100.160,100.140,100.144,185339490,18562061449
2023-01-17,100.152,100.162,100.145,100.160,133767143,13397308045
2023-01-18,100.164,100.186,100.162,100.184,100663128,10083345815
2023-01-19,100.182,100.193,100.175,100.188,142825521,14308561722
2023-01-20,100.230,100.267,100.227,100.235,173010020,17344040835
2023-01-30,100.225,100.231,100.211,100.228,252942247,25350732888
2023-01-31,100.232,100.234,100.226,100.229,144015917,14434611633
2023-02-01,100.234,100.244,100.233,100.242,145473150,14581972698
2023-02-02,100.245,100.278,100.244,100.276,145305947,14567597794
2023-02-03,100.260,100.327,100.259,100.320,130724838,13110564921
2023-02-06,100.320,100.320,100.291,100.318,126476158,12685616980
2023-02-07,100.300,100.307,100.266,100.271,144680517,14508638605
2023-02-08,100.272,100.278,100.271,100.276,113755176,11406837779
2023-02-09,100.277,100.280,100.261,100.271,149354490,14976016510
2023-02-10,100.285,100.296,100.284,100.294,140702578,14111053390
2023-02-13,100.297,100.298,100.288,100.293,133613860,13400519767
2023-02-14,100.296,100.300,100.291,100.299,115909969,11625276150
2023-02-15,100.301,100.310,100.299,100.306,102833098,10314723836
2023-02-16,100.308,100.311,100.298,100.305,233117850,23382348456
2023-02-17,100.320,100.327,100.314,100.326,153067101,15355791689
2023-02-20,100.326,100.334,100.322,100.324,134134880,13457482851
2023-02-21,100.329,100.331,100.325,100.328,112536262,11290616712
2023-02-22,100.331,100.336,100.330,100.333,117314195,11770570408
2023-02-23,100.339,100.345,100.335,100.342,119269543,11967291782
2023-02-24,100.351,100.360,100.350,100.357,115885952,11629879355
2023-02-27,100.359,100.359,100.353,100.354,136315454,13680152018
2023-02-28,100.356,100.358,100.344,100.355,162030932,16260553432
2023-03-01,100.368,100.372,100.364,100.367,159167370,15975032780
2023-03-02,100.370,100.377,100.368,100.376,111364165,11177867685
2023-03-03,100.387,100.392,100.385,100.391,140387610,14093171317
2023-03-06,100.392,100.403,100.390,100.401,101743431,10214504559
2023-03-07,100.403,100.422,100.399,100.415,103404791,10382356989
2023-03-08,100.409,100.415,100.406,100.411,104402492,10483021279
2023-03-09,100.416,100.428,100.412,100.426,94083660,9447561928
2023-03-10,100.426,100.450,100.424,100.438,140504408,14110987161
2023-03-13,100.440,100.443,100.424,100.426,137374523,13796811479
2023-03-14,100.430,100.435,100.425,100.429,107094150,10755419011
2023-03-15,100.432,100.436,100.423,100.435,136943561,13753208027
2023-03-16,100.437,100.440,100.434,100.436,124360160,12490248601
2023-03-17,100.448,100.452,100.441,100.445,218693152,21966923872
2023-03-20,100.453,100.461,100.450,100.454,158336958,15905763704
2023-03-21,100.461,100.462,100.458,100.458,146882880,14755794260
2023-03-22,100.465,100.473,100.463,100.471,110703787,11122129765
2023-03-23,100.472,100.485,100.471,100.484,153962567,15469880302
2023-03-24,100.486,100.500,100.486,100.494,129313007,12995083398
2023-03-27,100.491,100.499,100.489,100.493,120429434,12102295865
2023-03-28,100.493,100.497,100.491,100.496,130564219,13120965836
2023-03-29,100.498,100.501,100.493,100.493,179746750,18063783617
2023-03-30,100.493,100.501,100.479,100.491,141498864,14219190094
2023-03-31,100.512,100.516,100.484,100.488,177783061,17867045727
2023-04-03,100.529,100.531,100.524,100.527,189340307,19034112278
2023-04-04,100.542,100.551,100.541,100.550,148646989,14946009803
2023-04-06,100.557,100.571,100.553,100.569,162463050,16336849979
2023-04-07,100.575,100.585,100.569,100.582,139573485,14037868738
2023-04-10,100.578,100.582,100.573,100.575,169952719,17093374004
2023-04-11,100.579,100.581,100.577,100.579,173912863,17491864293
2023-04-12,100.584,100.591,100.582,100.589,112898905,11356016514
2023-04-13,100.589,100.598,100.589,100.596,133726225,13451993425
2023-04-14,100.602,100.611,100.600,100.606,145050900,14592629101
2023-04-17,100.612,100.618,100.611,100.614,106199228,10684965467
2023-04-18,100.617,100.638,100.617,100.635,136219438,13706504068
2023-04-19,100.627,100.638,100.626,100.636,104716944,10537614098
2023-04-20,100.632,100.636,100.631,100.633,138369310,13924624627
2023-04-21,100.641,100.647,100.638,100.646,169714294,17080306282
2023-04-24,100.650,100.651,100.643,100.645,124652220,12545832327
2023-04-25,100.649,100.650,100.644,100.648,142556006,14347795482
2023-04-26,100.650,100.653,100.645,100.651,154772172,15577512411
2023-04-27,100.649,100.677,100.644,100.671,184864956,18607750650
2023-04-28,100.690,100.699,100.686,100.692,190273432,19159031186
2023-05-04,100.693,100.720,100.693,100.717,135271799,13622143752
2023-05-05,100.713,100.748,100.713,100.742,105282982,10604976699
2023-05-08,100.741,100.742,100.724,100.735,105855821,10663098609
2023-05-09,100.730,100.738,100.729,100.736,99500035,10023050637
2023-05-10,100.736,100.763,100.735,100.754,119880043,12076919000
2023-05-11,100.752,100.786,100.751,100.784,88496382,8917386583
2023-05-12,100.775,100.806,100.775,100.801,81311914,8195385853
2023-05-15,100.793,100.802,100.774,100.787,115983187,11689800160
2023-05-16,100.788,100.789,100.777,100.780,102268769,10307200006
2023-05-17,100.778,100.783,100.769,100.779,134845391,13589177339
2023-05-18,100.776,100.778,100.772,100.775,122295281,12324285831
2023-05-19,100.785,100.788,100.782,100.784,125598887,12658475842
2023-05-22,100.787,100.795,100.786,100.789,130326954,13135582964
2023-05-23,100.795,100.796,100.787,100.790,111349900,11223006410
2023-05-24,100.798,100.800,100.792,100.793,154992248,15622570514
2023-05-25,100.797,100.802,100.792,100.798,143414646,14455789438
2023-05-26,100.811,100.818,100.807,100.815,116728585,11767640279
2023-05-29,100.818,100.822,100.818,100.820,101926726,10276296516
2023-05-30,100.826,100.828,100.818,100.820,138478188,13962109713
2023-05-31,100.826,100.831,100.825,100.830,135687516,13681148866
2023-06-01,100.835,100.838,100.833,100.836,136841904,13798469982
2023-06-02,100.850,100.854,100.848,100.851,127283010,12836604522
2023-06-05,100.857,100.860,100.855,100.857,119675663,12070244385
2023-06-06,100.864,100.867,100.863,100.866,77953159,7862709341
2023-06-07,100.869,100.876,100.869,100.873,112795241,11377841622
2023-06-08,100.876,100.879,100.873,100.878,122195660,12326674516
2023-06-09,100.887,100.888,100.863,100.872,129481649,13062040341
2023-06-12,100.881,100.891,100.881,100.890,130528774,13168699448
2023-06-13,100.896,100.897,100.890,100.892,106486222,10743698551
2023-06-14,100.895,100.898,100.894,100.897,124515490,12563114936
2023-06-15,100.901,100.902,100.886,100.892,191347680,19305764443
2023-06-16,100.907,100.909,100.897,100.904,211220830,21313072776
2023-06-19,100.914,100.919,100.912,100.918,160282033,16175001858
2023-06-20,100.918,100.923,100.913,100.921,181492797,18316014737
2023-06-21,100.941,100.948,100.939,100.943,188368606,19014596962
2023-06-26,100.947,100.949,100.943,100.947,193317287,19514682133
2023-06-27,100.950,100.957,100.947,100.955,141988348,14333779831
2023-06-28,100.953,100.957,100.944,100.950,146291857,14768503573
2023-06-29,100.951,100.951,100.930,100.940,154173348,15561981293
2023-06-30,100.974,100.982,100.966,100.979,166953666,16857789438
2023-07-03,100.989,101.000,100.986,100.995,157199442,15876173021
2023-07-04,101.002,101.004,100.999,101.004,82308014,8313232162
2023-07-05,101.006,101.016,101.004,101.012,103995628,10504548455
2023-07-06,101.015,101.056,101.014,101.037,109006562,11012188876
2023-07-07,101.041,101.058,101.034,101.046,117122469,11833979038
2023-07-10,101.043,101.044,101.030,101.036,99960581,10099621092
2023-07-11,101.038,101.039,101.035,101.037,97226025,9823342279
2023-07-12,101.038,101.041,101.037,101.039,101093905,10214421983
2023-07-13,101.042,101.044,101.038,101.043,161106653,16278289733
2023-07-14,101.054,101.060,101.053,101.057,100621472,10168380457
2023-07-17,101.054,101.068,101.050,101.066,164048521,16579078075
2023-07-18,101.067,101.087,101.067,101.083,143924213,14546902747
2023-07-19,101.080,101.085,101.070,101.072,136363533,13783504895
2023-07-20,101.076,101.082,101.073,101.081,134098991,13554254777
2023-07-21,101.087,101.092,101.086,101.089,109879262,11107518642
2023-07-24,101.091,101.095,101.090,101.094,99508437,10059555361
2023-07-25,101.094,101.096,101.086,101.094,173075974,17496539223
2023-07-26,101.099,101.104,101.095,101.099,159721040,16147826053
2023-07-27,101.106,101.117,101.103,101.110,133042182,13451642303
2023-07-28,101.119,101.120,101.095,101.100,184656443,18670450816
2023-07-31,101.099,101.111,101.093,101.109,225704788,22819550466
2023-08-01,101.123,101.131,101.121,101.129,160227889,16203320450
2023-08-02,101.135,101.142,101.132,101.140,115395689,11670823731
2023-08-03,101.142,101.165,101.142,101.160,105874272,10708858735
2023-08-04,101.151,101.600,101.151,101.174,126384328,12785013433
2023-08-07,101.169,101.172,101.164,101.167,98815017,9996851377
2023-08-08,101.166,101.174,101.166,101.172,81300568,8225020280
2023-08-09,101.171,101.175,101.167,101.172,93193259,9428427307
2023-08-10,101.176,101.179,101.173,101.178,109771798,11106286334
2023-08-11,101.187,101.201,101.186,101.193,112292439,11362912432
2023-08-14,101.194,101.205,101.194,101.203,122085686,12354860234
2023-08-15,101.203,101.218,101.202,101.215,101942577,10317678958
2023-08-16,101.216,101.228,101.216,101.228,89409608,9050281765
2023-08-17,101.220,101.225,101.201,101.204,121757243,12323554557
2023-08-18,101.216,101.225,101.216,101.221,127800600,12936013845
2023-08-21,101.226,101.239,101.225,101.234,125613755,12715750638
2023-08-22,101.238,101.258,101.191,101.224,143963709,14574161651
2023-08-23,101.234,101.237,101.221,101.231,135830199,13750105252
2023-08-24,101.236,101.238,101.231,101.237,143042549,14480885131
2023-08-25,101.248,101.254,101.240,101.242,162885009,16491864326
2023-08-28,101.180,101.245,101.180,101.244,307076086,31084179928
2023-08-29,101.250,101.254,101.237,101.245,238764121,24173672628
2023-08-30,101.246,101.257,101.241,101.254,169751896,17187025747
2023-08-31,101.257,101.267,101.257,101.264,121873391,12341134429
2023-09-01,101.275,101.311,101.273,101.306,126096302,12772022556
2023-09-04,101.296,101.305,101.291,101.299,106037756,10741676902
2023-09-05,101.295,101.300,101.281,101.291,102362546,10368851804
2023-09-06,101.301,101.304,101.289,101.293,151429750,15339141359
2023-09-07,101.299,101.303,101.295,101.301,127556228,12921255459
2023-09-08,101.307,101.315,101.306,101.309,144590593,14648491725
2023-09-11,101.318,101.320,101.311,101.312,130247048,13195883711
2023-09-12,101.319,101.320,101.313,101.314,98714888,10001491057
2023-09-13,101.321,101.337,101.318,101.322,114770761,11629128364
2023-09-14,101.340,101.342,101.310,101.320,138563804,14039981721
2023-09-15,101.333,101.340,101.329,101.331,133350311,13512963812
2023-09-18,101.340,101.340,101.333,101.335,118010400,11958839910
2023-09-19,101.340,101.341,101.337,101.338,114245240,11577521903
2023-09-20,101.343,101.344,101.341,101.342,77628260,7866993157
2023-09-21,101.345,101.347,101.338,101.341,99568460,10090493088
2023-09-22,101.356,101.357,101.342,101.346,172400519,17472624681
2023-09-25,101.357,101.368,101.355,101.367,143539451,14549598878
2023-09-26,101.368,101.371,101.364,101.368,132223880,13403156658
2023-09-27,101.363,101.400,101.316,101.377,200868519,20359321021
2023-09-28,101.430,101.454,101.429,101.446,172090437,17457673707
2023-10-09,101.449,101.474,101.447,101.467,133923830,13586951734
2023-10-10,101.459,101.490,101.459,101.486,104908056,10645013677
2023-10-11,101.479,101.494,101.464,101.472,119037205,12079208228
2023-10-12,101.463,101.475,101.462,101.473,102342703,10384396216
2023-10-13,101.484,101.501,101.482,101.491,109003312,11062558509
2023-10-16,101.491,101.496,101.489,101.491,74587616,7570073734
2023-10-17,101.497,101.501,101.494,101.497,149584182,15182411909
2023-10-18,101.499,101.529,101.499,101.518,120665930,12248811036
2023-10-19,101.515,101.540,101.512,101.529,105817902,10742189032
2023-10-20,101.520,101.528,101.515,101.526,133734303,13576949013
2023-10-23,101.519,101.533,101.518,101.529,98545567,10004793205
2023-10-24,101.525,101.532,101.522,101.529,98099525,9959734258
2023-10-25,101.524,101.527,101.515,101.517,157845030,16024363359
2023-10-26,101.523,101.525,101.514,101.516,114131375,11586713441
2023-10-27,101.535,101.536,101.522,101.530,146098303,14833345741
2023-10-30,101.539,101.540,101.535,101.538,135236844,13731511028
2023-10-31,101.542,101.550,101.540,101.547,113658423,11541578306
2023-11-01,101.552,101.574,101.551,101.572,127533250,12952077981
2023-11-02,101.570,101.587,101.568,101.583,76680606,7788736662
2023-11-03,101.581,101.586,101.570,101.574,154780713,15722099605
2023-11-06,101.578,101.578,101.564,101.570,191317746,19431936398
2023-11-07,101.571,101.589,101.567,101.586,123674946,12562807714
2023-11-08,101.593,101.596,101.587,101.588,110033300,11178293050
2023-11-09,101.595,101.596,101.590,101.593,82740302,8405793353
2023-11-10,101.604,101.610,101.603,101.607,99911690,10151625885
2023-11-13,101.608,101.611,101.608,101.611,84401433,8576013576
2023-11-14,101.618,101.619,101.612,101.614,101751742,10339444219
2023-11-15,101.612,101.615,101.610,101.614,111938948,11374477042
2023-11-16,101.619,101.638,101.616,101.634,85568526,8695995679
2023-11-17,101.642,101.651,101.639,101.642,87816966,8926265767
2023-11-20,101.645,101.668,101.645,101.659,115873067,11778420086
2023-11-21,101.652,101.663,101.649,101.658,110178162,11199899372
2023-11-22,101.660,101.666,101.659,101.663,79596380,8091858115
2023-11-23,101.661,101.675,101.658,101.668,85661568,8708728109
2023-11-24,101.674,101.698,101.674,101.692,76416764,7770550737
2023-11-27,101.683,101.685,101.671,101.684,86727470,8818446718
2023-11-28,101.690,101.695,101.674,101.683,87563809,8904382141
2023-11-29,101.686,101.688,101.676,101.683,122799606,12486348319
2023-11-30,101.686,101.693,101.683,101.691,107378949,10919035753
2023-12-01,101.705,101.728,101.702,101.721,119207597,12125096355
2023-12-04,101.727,101.728,101.721,101.724,127704420,12990469618
2023-12-05,101.728,101.735,101.725,101.727,137654428,14003519958
2023-12-06,101.728,101.731,101.722,101.728,143814723,14629736402
2023-12-07,101.737,101.741,101.730,101.738,147692258,15025380488
2023-12-08,101.749,101.750,101.716,101.723,185890790,18912359227
2023-12-11,101.743,101.749,101.735,101.745,187478415,19074570630
2023-12-12,101.747,101.767,101.744,101.763,140433280,14289644445
2023-12-13,101.760,101.777,101.759,101.776,137551126,13997771987
2023-12-14,101.775,101.778,101.769,101.777,190379883,19375654312
2023-12-15,101.779,101.793,101.773,101.784,235751526,23994926587
2023-12-18,101.787,101.789,101.782,101.785,193070650,19651621715
2023-12-19,101.788,101.795,101.785,101.788,159718080,16257481541
2023-12-20,101.798,101.810,101.794,101.796,227243055,23133697483
2023-12-21,101.803,101.806,101.777,101.792,203983132,20764663493
2023-12-22,101.813,101.824,101.808,101.811,184713258,18806469741
2023-12-25,101.823,101.824,101.818,101.823,164327500,16731936296
2023-12-26,101.823,101.824,101.813,101.822,170935439,17404273513
2023-12-27,101.820,101.829,101.814,101.825,159801582,16271330439
2023-12-28,101.820,101.829,101.799,101.809,178868597,18210692788
2023-12-29,100.081,100.088,100.079,100.083,141067999,14118564778
2024-01-02,100.094,100.113,100.094,100.111,111435401,11154660403
2024-01-03,100.114,100.119,100.107,100.113,113343773,11347331651
2024-01-04,100.113,100.121,100.113,100.120,74800191,7488800830
2024-01-05,100.136,100.144,100.134,100.138,108884960,10903498293
2024-01-08,100.137,100.140,100.134,100.138,91221789,9134624783
2024-01-09,100.138,100.148,100.135,100.142,86574189,8669524788
2024-01-10,100.149,100.152,100.146,100.150,100786260,10093641726
2024-01-11,100.151,100.155,100.143,100.148,155593893,15582534138
2024-01-12,100.165,100.175,100.164,100.170,105463796,10564198629
2024-01-15,100.176,100.181,100.173,100.179,86935950,8708829940
2024-01-16,100.181,100.181,100.176,100.178,89541180,8970092688
2024-01-17,100.179,100.183,100.177,100.182,90718644,9088231477
2024-01-18,100.181,100.199,100.175,100.191,116840759,11705075274
2024-01-19,100.199,100.215,100.198,100.208,122919481,12317343423
2024-01-22,100.209,100.228,100.209,100.224,84231628,8441192657
2024-01-23,100.217,100.222,100.206,100.216,181778598,18216642065
2024-01-24,100.216,100.220,100.209,100.216,142608495,14291502034
2024-01-25,100.218,100.220,100.198,100.205,123860124,12412197573
2024-01-26,100.225,100.236,100.222,100.233,175070594,17547325274
2024-01-29,100.239,100.243,100.236,100.241,113809040,11408182383
2024-01-30,100.246,100.257,100.245,100.254,106180490,10644378512
2024-01-31,100.254,100.262,100.251,100.260,104014808,10428111293
2024-02-01,100.262,100.269,100.256,100.268,109333971,10962067839
2024-02-02,100.275,100.282,100.273,100.280,96442488,9671091951
2024-02-05,100.284,100.289,100.280,100.287,130716009,13108704099
2024-02-06,100.290,100.290,100.265,100.279,151846660,15227743424
2024-02-07,100.281,100.301,100.271,100.297,251269300,25197326642
2024-02-08,100.336,100.396,100.299,100.393,259068096,25994985528
2024-02-19,100.348,100.355,100.339,100.346,247999978,24885602100
2024-02-20,100.350,100.354,100.350,100.353,132387168,13285326240
2024-02-21,100.359,100.360,100.348,100.350,170664240,17126610289
2024-02-22,100.358,100.358,100.353,100.353,130342272,13080531025
2024-02-23,100.370,100.372,100.363,100.369,148378984,14892673189
2024-02-26,100.375,100.377,100.373,100.376,112544208,11296676649
2024-02-27,100.382,100.384,100.374,100.378,119122584,11957646011
2024-02-28,100.381,100.382,100.373,100.377,142863674,14340313065
2024-02-29,100.371,100.381,100.366,100.374,140992504,14152007744
2024-03-01,100.401,100.414,100.401,100.402,151460727,15207647543
2024-03-04,100.415,100.416,100.412,100.413,87934736,8829953081
2024-03-05,100.421,100.425,100.420,100.422,86788481,8715467755
2024-03-06,100.430,100.432,100.424,100.429,113942536,11443049203
2024-03-07,100.431,100.433,100.430,100.432,83465470,8382546178
2024-03-08,100.445,100.447,100.440,100.442,89447373,8984456190
2024-03-11,100.448,100.449,100.444,100.444,99663297,10010756631
2024-03-12,100.451,100.452,100.448,100.449,117510730,11803842048
2024-03-13,100.449,100.455,100.445,100.454,117626860,11815643609
2024-03-14,100.452,100.465,100.440,100.463,86033495,8642368657
2024-03-15,100.478,100.482,100.476,100.478,85709082,8611971181
2024-03-18,100.483,100.485,100.481,100.483,95025400,9548403533
2024-03-19,100.486,100.493,100.484,100.486,99424884,9991029554
2024-03-20,100.490,100.495,100.489,100.492,73211157,7357102089
2024-03-21,100.495,100.502,100.494,100.498,89765792,9021143409
2024-03-22,100.515,100.518,100.512,100.514,87294566,8774390843
2024-03-25,100.517,100.534,100.517,100.532,101844796,10237681889
2024-03-26,100.526,100.535,100.525,100.529,155652064,15647535461
2024-03-27,100.531,100.533,100.517,100.520,108615830,10918923387
2024-03-28,100.519,100.522,100.493,100.513,116995305,11759423928
2024-03-29,100.546,100.575,100.540,100.568,111232680,11184725664
2024-04-01,100.562,100.567,100.557,100.559,111218881,11184312224
2024-04-02,100.566,100.593,100.562,100.590,97175032,9773467430
2024-04-03,100.599,100.629,100.599,100.620,89197840,8974439468
2024-04-08,100.616,100.640,100.611,100.633,83661990,8418136484
2024-04-09,100.617,100.629,100.616,100.622,101760330,10239376016
2024-04-10,100.615,100.623,100.615,100.622,87183793,8772197318
2024-04-11,100.620,100.622,100.598,100.602,113916041,11461415155
2024-04-12,100.617,100.620,100.616,100.618,86567698,8710240397
2024-04-15,100.622,100.623,100.617,100.618,104776402,10542581175
2024-04-16,100.624,100.627,100.623,100.626,102068730,10270616676
2024-04-17,100.628,100.630,100.623,100.624,158472250,15946481153
2024-04-18,100.630,100.634,100.629,100.632,160663822,16167816033
2024-04-19,100.649,100.650,100.643,100.644,87852340,8842160735
2024-04-22,100.650,100.651,100.647,100.648,137092460,13798130251
2024-04-23,100.654,100.655,100.653,100.654,93627836,9423993241
2024-04-24,100.659,100.660,100.652,100.654,139716173,14063294224
2024-04-25,100.659,100.663,100.657,100.662,138903555,13981980480
2024-04-26,100.675,100.677,100.657,100.662,217351270,21880513540
2024-04-29,100.668,100.673,100.661,100.672,226230980,22774036627
2024-04-30,100.698,100.712,100.696,100.705,151150415,15221406006
2024-05-06,100.703,100.709,100.700,100.706,149396174,15044829359
2024-05-07,100.713,100.716,100.712,100.715,86569704,8718760591
2024-05-08,100.719,100.724,100.718,100.721,88435261,8907273315
2024-05-09,100.724,100.725,100.716,100.718,93426020,9409855398
2024-05-10,100.731,100.745,100.730,100.739,110026370,11083719098
2024-05-13,100.739,100.742,100.737,100.738,84025980,8464720423
2024-05-14,100.743,100.745,100.740,100.743,78628500,7921257087
2024-05-15,100.748,100.749,100.746,100.747,58492250,5892967641
2024-05-16,100.751,100.752,100.748,100.749,114702580,11556275982
2024-05-17,100.764,100.765,100.755,100.758,117233400,11812589845
2024-05-20,100.761,100.769,100.760,100.767,148268410,14939840162
2024-05-21,100.767,100.773,100.765,100.770,111751439,11261168301
2024-05-22,100.776,100.777,100.772,100.776,92523110,9323964137
2024-05-23,100.780,100.797,100.778,100.796,87397083,8808407723
2024-05-24,100.797,100.822,100.797,100.818,93668456,9442409791
2024-05-27,100.805,100.816,100.805,100.810,111330380,11223462413
2024-05-28,100.808,100.810,100.805,100.807,116436254,11737613988
2024-05-29,100.810,100.811,100.798,100.800,98081620,9887292365
2024-05-30,100.808,100.818,100.805,100.816,110316330,11121080995
2024-05-31,100.824,100.827,100.813,100.818,133771521,13486741258
2024-06-03,100.825,100.832,100.823,100.831,125992105,12703363064
2024-06-04,100.835,100.842,100.829,100.830,90667845,9142608469
2024-06-05,100.838,100.843,100.837,100.838,81252371,8193462609
2024-06-06,100.844,100.849,100.841,100.846,95569154,9637597548
2024-06-07,100.860,100.866,100.857,100.861,119826130,12085687403
2024-06-11,100.863,100.864,100.859,100.861,85251530,8598702409
2024-06-12,100.865,100.869,100.861,100.863,140934679,14215396404
2024-06-13,100.866,100.868,100.863,100.865,91794425,9258899919
2024-06-14,100.878,100.879,100.869,100.870,108509578,10945867035
2024-06-17,100.881,100.884,100.880,100.882,119742274,12079831981
2024-06-18,100.887,100.888,100.885,100.886,135317940,13651722192
2024-06-19,100.891,100.895,100.889,100.891,125836861,12695954211
2024-06-20,100.897,100.898,100.892,100.896,96588553,9745412774
2024-06-21,100.908,100.909,100.904,100.906,84690621,8545780222
2024-06-24,100.909,100.914,100.908,100.913,126659718,12781253843
2024-06-25,100.916,100.917,100.912,100.913,107869187,10885510787
2024-06-26,100.916,100.917,100.914,100.916,100947179,10187133637
2024-06-27,100.919,100.927,100.915,100.925,114619629,11567415267
2024-06-28,100.934,100.938,100.930,100.933,129960162,13117296299
2024-07-01,100.939,100.948,100.937,100.947,91060967,9191943485
2024-07-02,100.950,100.960,100.949,100.959,63343699,6394713233
2024-07-03,100.967,100.969,100.954,100.954,64761269,6538259614
2024-07-04,100.959,100.965,100.955,100.963,58206038,5876383327
2024-07-05,100.966,100.970,100.965,100.969,95895310,9682324952
2024-07-08,100.971,100.973,100.970,100.972,67672028,6832920387
2024-07-09,100.973,100.974,100.966,100.967,111409595,11248991454
2024-07-10,100.973,100.973,100.970,100.973,75093347,7582296682
2024-07-11,100.974,100.976,100.971,100.974,125892912,12711827755
2024-07-12,100.985,100.988,100.984,100.986,85794807,8664066116
2024-07-15,100.993,100.996,100.991,100.996,94066948,9500113435
2024-07-16,100.998,101.002,100.994,100.995,73397133,7412968541
2024-07-17,101.000,101.001,100.998,100.999,54603930,5514943306
2024-07-18,101.001,101.003,100.998,101.000,83688667,8452637256
2024-07-19,101.013,101.100,101.010,101.017,72275622,7300775151
2024-07-22,101.016,101.017,101.012,101.013,77026096,7780777022
2024-07-23,101.018,101.019,101.016,101.019,95141807,9610962425
2024-07-24,101.023,101.024,101.021,101.022,97732979,9873242019
2024-07-25,101.026,101.027,101.022,101.024,126484718,12778003893
2024-07-26,101.036,101.037,101.034,101.035,99004724,10002941895
2024-07-29,101.038,101.041,101.037,101.040,71506003,7224896222
2024-07-30,101.044,101.046,101.041,101.044,87353870,8826572887
2024-07-31,101.047,101.049,101.031,101.038,182531489,18443118558
2024-08-01,101.045,101.056,101.045,101.053,124273386,12557876618
2024-08-02,101.065,101.069,101.065,101.069,71777493,7254318884
2024-08-05,101.071,101.090,101.067,101.079,100779806,10185881827
2024-08-06,101.076,101.081,101.071,101.079,100015324,10108958584
2024-08-07,101.078,101.088,101.077,101.084,84681739,8559601504
2024-08-08,101.086,101.091,101.078,101.079,68816496,6956287229
2024-08-09,101.091,101.097,101.090,101.095,82896983,8380182392
2024-08-12,101.096,101.100,101.095,101.099,75013868,7583647517
2024-08-13,101.099,101.102,101.097,101.101,95934232,9698846054
2024-08-14,101.103,101.104,101.101,101.103,68357672,6911122353
2024-08-15,101.108,101.111,101.099,101.106,117222504,11851810775
2024-08-16,101.116,101.121,101.115,101.121,93303850,9434714408
2024-08-19,101.123,101.124,101.119,101.122,71521987,7232404762
2024-08-20,101.123,101.134,101.122,101.129,94081129,9513897754
2024-08-21,101.129,101.130,101.127,101.127,74197710,7503488856
2024-08-22,101.133,101.143,101.133,101.140,92136356,9318188750
2024-08-23,101.150,101.150,101.141,101.144,59231980,5991083363
2024-08-26,101.147,101.149,101.145,101.146,65276347,6602500691
2024-08-27,101.151,101.152,101.149,101.150,67240551,6801411730
2024-08-28,101.155,101.156,101.153,101.154,72009406,7284061966
2024-08-29,101.159,101.159,101.150,101.151,119932117,12131683084
2024-08-30,101.166,101.168,101.154,101.159,143859159,14552667608
2024-09-02,101.170,101.193,101.169,101.189,115547460,11690562454
2024-09-03,101.192,101.193,101.176,101.182,87323429,8835374268
2024-09-04,101.181,101.189,101.180,101.187,54499138,5514362666
2024-09-05,101.200,101.200,101.188,101.194,92502970,9360568902
2024-09-06,101.196,101.209,101.196,101.206,72567429,7343913835
2024-09-09,101.205,101.208,101.198,101.199,90032090,9111336224
2024-09-10,101.204,101.205,101.199,101.201,108325971,10962805085
2024-09-11,101.206,101.207,101.203,101.204,83028200,8402837421
2024-09-12,101.209,101.209,101.201,101.203,95281300,9642895364
2024-09-13,101.227,101.230,101.225,101.228,69675619,7053042403
2024-09-18,101.230,101.231,101.214,101.221,117139260,11857390905
2024-09-19,101.225,101.227,101.198,101.222,83937268,8496026345
2024-09-20,101.244,101.249,101.243,101.248,86984283,8806807100
2024-09-23,101.251,101.254,101.247,101.249,121717697,12323920081
2024-09-24,101.252,101.253,101.232,101.235,223489143,22626984404
2024-09-25,101.229,101.256,101.213,101.255,204475782,20700810498
2024-09-26,101.256,101.259,101.244,101.246,173644448,17581418923
2024-09-27,101.210,101.369,101.168,101.315,104392900,10566288470
2024-09-30,101.210,101.334,101.205,101.294,186121251,18848114606
2024-10-08,101.008,101.306,101.000,101.300,245761166,24882297816
2024-10-09,101.309,101.335,101.302,101.318,167935129,17013703554
2024-10-10,101.312,101.386,101.312,101.378,105993870,10739992841
2024-10-11,101.360,101.488,101.357,101.472,87584892,8882946164
2024-10-14,101.390,101.492,101.389,101.488,79896881,8106032032
2024-10-15,101.440,101.464,101.346,101.379,129151996,13094688903
2024-10-16,101.342,101.344,101.335,101.336,138930742,14079089428
2024-10-17,101.336,101.341,101.335,101.341,104815840,10621865690
2024-10-18,101.345,101.349,101.245,101.292,200651334,20329209628
2024-10-21,101.300,101.352,101.300,101.348,125516400,12719515215
2024-10-22,101.351,101.355,101.347,101.355,109655390,11113749613
2024-10-23,101.355,101.358,101.350,101.357,102445363,10383193754
2024-10-24,101.365,101.379,101.363,101.373,113320317,11487040285
2024-10-25,101.378,101.386,101.371,101.372,159160632,16134967614
2024-10-28,101.376,101.379,101.375,101.378,101295042,10268932132
2024-10-29,101.376,101.381,101.372,101.379,119244407,12088512851
2024-10-30,101.383,101.386,101.379,101.385,61587796,6243888123
2024-10-31,101.391,101.397,101.386,101.394,135567559,13745244868
2024-11-01,101.407,101.422,101.402,101.410,107401970,10891681722
2024-11-04,101.418,101.418,101.406,101.413,86128083,8734331098
2024-11-05,101.415,101.415,101.405,101.406,160863438,16312845466
2024-11-06,101.410,101.422,101.408,101.419,157957263,16019216662
2024-11-07,101.422,101.422,101.402,101.407,122085070,12381068190
2024-11-08,101.410,101.432,101.401,101.430,187606504,19026181024
2024-11-11,101.429,101.438,101.423,101.433,80884730,8204120945
2024-11-12,101.435,101.445,101.434,101.441,97547740,9895211395
2024-11-13,101.443,101.450,101.438,101.440,110836370,11243565527
2024-11-14,101.445,101.446,101.441,101.444,89154490,9044193735
2024-11-15,101.452,101.454,101.445,101.448,131238792,13314022513
2024-11-18,101.448,101.451,101.447,101.451,98522090,9994964936
2024-11-19,101.453,101.455,101.449,101.453,88650199,8993759090
2024-11-20,101.461,101.467,101.461,101.465,105355623,10689743897
2024-11-21,101.467,101.474,101.467,101.470,124912195,12674781541
2024-11-22,101.480,101.495,101.478,101.490,114775700,11647944031
2024-11-25,101.485,101.487,101.478,101.480,142398655,14450847915
2024-11-26,101.482,101.486,101.477,101.485,127686168,12957738224
2024-11-27,101.486,101.489,101.479,101.482,86495250,8778002816
2024-11-28,101.490,101.497,101.490,101.495,156692920,15903234311
2024-11-29,101.504,101.506,101.489,101.496,191592416,19446085396
2024-12-02,101.503,101.509,101.501,101.508,196037998,19898752713
2024-12-03,101.514,101.516,101.507,101.513,140561463,14268608365
2024-12-04,101.517,101.527,101.514,101.525,113956492,11568656059
2024-12-05,101.525,101.525,101.518,101.523,111544101,11324220568
2024-12-06,101.529,101.532,101.523,101.524,158539266,16095990055
2024-12-09,101.529,101.533,101.528,101.531,143038449,14522745642
2024-12-10,101.510,101.530,101.508,101.528,300186767,30474514456
2024-12-11,101.535,101.536,101.530,101.533,97942448,9944294902
2024-12-12,101.541,101.545,101.540,101.543,107047409,10869802734
2024-12-13,101.553,101.560,101.550,101.559,98048630,9957327863
2024-12-16,101.557,101.565,101.556,101.563,102277788,10387332639
2024-12-17,101.564,101.567,101.559,101.564,116574774,11839630996
2024-12-18,101.564,101.567,101.560,101.565,77501831,7871338003
2024-12-19,101.570,101.571,101.563,101.566,189215371,19218224143
2024-12-20,101.576,101.577,101.574,101.576,79491210,8074370718
2024-12-23,101.579,101.580,101.577,101.578,95055082,9655537283
2024-12-24,101.581,101.581,101.572,101.578,164758408,16735534573
2024-12-25,101.580,101.587,101.576,101.585,84558039,8589496296
2024-12-26,101.594,101.594,101.585,101.586,164760214,16737625381
2024-12-27,101.600,101.604,101.600,101.602,114771578,11660992120
2024-12-30,101.603,101.615,101.599,101.613,166547140,16921857761
2024-12-31,100.069,100.106,100.062,100.093,113856368,11394798877
2025-01-02,100.081,100.083,100.057,100.071,149463581,14956498711
2025-01-03,100.076,100.082,100.075,100.079,93474100,9354779946
2025-01-06,100.080,100.084,100.079,100.081,85962790,8603238429
2025-01-07,100.083,100.092,100.082,100.089,91151980,9122932029
2025-01-08,100.088,100.124,100.087,100.122,84731490,8481615807
2025-01-09,100.119,100.119,100.096,100.110,96714290,9681230204
2025-01-10,100.111,100.124,100.107,100.119,80142690,8023399209
2025-01-13,100.120,100.120,100.101,100.103,89713750,8980895088
2025-01-14,100.105,100.106,100.090,100.095,159167204,15932048213
2025-01-15,100.101,100.117,100.099,100.114,99031304,9913781558
2025-01-16,100.110,100.111,100.097,100.105,117069593,11718920012
2025-01-17,100.108,100.117,100.105,100.113,118777660,11890907805
2025-01-20,100.113,100.114,100.095,100.107,85111970,8520109723
2025-01-21,100.118,100.125,100.117,100.120,108924660,10905618108
2025-01-22,100.126,100.132,100.124,100.129,107287890,10742524413
2025-01-23,100.129,100.129,100.117,100.123,159769491,15996593452
2025-01-24,100.128,100.142,100.096,100.125,210226610,21047646347
2025-01-27,100.176,100.199,100.173,100.190,165989392,16629793255
2025-02-05,100.182,100.202,100.181,100.200,101947626,10213802758
2025-02-06,100.201,100.201,100.185,100.191,107360495,10756615794
2025-02-07,100.198,100.201,100.193,100.195,139292880,13956534694
2025-02-10,100.198,100.199,100.194,100.196,112330570,11255138835
2025-02-11,100.200,100.206,100.198,100.205,90903466,9108727136
2025-02-12,100.216,100.216,100.197,100.203,81428588,8159754805
2025-02-13,100.208,100.213,100.207,100.210,123512898,12377131413
2025-02-14,100.219,100.231,100.218,100.229,88994220,8919329174
2025-02-17,100.222,100.237,100.222,100.235,92848700,9306058327
2025-02-18,100.242,100.244,100.220,100.224,87168200,8736808019
2025-02-19,100.228,100.231,100.221,100.223,174668205,17506162162
2025-02-20,100.229,100.237,100.225,100.235,138489190,13880757464
2025-02-21,100.241,100.243,100.227,100.232,144169300,14451171828
2025-02-24,100.239,100.246,100.239,100.245,103382395,10363243723
2025-02-25,100.251,100.252,100.247,100.250,114415571,11470099061
2025-02-26,100.252,100.253,100.247,100.249,105352030,10561537895
2025-02-27,100.252,100.259,100.250,100.258,107727068,10800140720
2025-02-28,100.264,100.272,100.262,100.267,103737470,10401454224
2025-03-03,100.270,100.280,100.268,100.276,154596380,15501784203
2025-03-04,100.279,100.283,100.276,100.281,96651247,9692077541
2025-03-05,100.282,100.294,100.281,100.291,87084160,8733419611
2025-03-06,100.289,100.289,100.280,100.282,130929760,13130101629
2025-03-07,100.292,100.294,100.286,100.291,101664853,10196168067
2025-03-10,100.297,100.299,100.295,100.298,98193666,9848543779
2025-03-11,100.302,100.305,100.301,100.305,77467750,7770239540
2025-03-12,100.305,100.310,100.303,100.308,95382472,9567496927
2025-03-13,100.309,100.330,100.309,100.324,86712063,8698461220
2025-03-14,100.332,100.333,100.311,100.312,157743798,15824422077
2025-03-17,100.314,100.316,100.311,100.314,120246186,12062275217
2025-03-18,100.312,100.314,100.302,100.306,152172941,15264251624
2025-03-19,100.313,100.323,100.307,100.321,66656975,6686746517
2025-03-20,100.333,100.342,100.331,100.340,92080696,9239163037
2025-03-21,100.343,100.376,100.343,100.372,105708189,10608054855
2025-03-24,100.370,100.384,100.364,100.380,67610649,6786408368
2025-03-25,100.393,100.397,100.374,100.393,68500909,6876237759
2025-03-26,100.380,100.386,100.362,100.378,93399695,9374892747
2025-03-27,100.365,100.372,100.355,100.365,106886376,10727528244
2025-03-28,100.368,100.371,100.362,100.363,122749283,12319927722
2025-03-31,100.368,100.375,100.363,100.370,97275192,9763269347
2025-04-01,100.383,100.395,100.371,100.391,118792748,11924218198
2025-04-02,100.392,100.411,100.385,100.399,99654740,10004614969
2025-04-03,100.396,100.409,100.396,100.404,94824627,9520610063
2025-04-07,100.394,100.399,100.390,100.395,155629854,15624360894
2025-04-08,100.393,100.405,100.393,100.403,129821172,13033778162
2025-04-09,100.413,100.413,100.403,100.408,134964863,13551420432
2025-04-10,100.406,100.416,100.404,100.411,145406723,14600024550
2025-04-11,100.416,100.424,100.416,100.418,138781210,13936447250
2025-04-14,100.421,100.427,100.420,100.425,126607720,12714388029
2025-04-15,100.434,100.436,100.428,100.434,97800235,9822373555
2025-04-16,100.436,100.440,100.434,100.439,100166209,10060455913
2025-04-17,100.436,100.440,100.433,100.435,161489042,16219323003
2025-04-18,100.441,100.445,100.439,100.442,95901484,9632569393
2025-04-21,100.445,100.447,100.438,100.439,121503799,12204211765
2025-04-22,100.445,100.446,100.443,100.444,99919250,10036378792
2025-04-23,100.448,100.449,100.443,100.444,99034378,9947496842
2025-04-24,100.449,100.452,100.448,100.451,91558309,9197025162
2025-04-25,100.461,100.461,100.455,100.457,144327400,14498801432
2025-04-28,100.455,100.458,100.450,100.455,141828449,14247094093
2025-04-29,100.458,100.459,100.455,100.457,85027508,8541563391
2025-04-30,100.478,100.486,100.478,100.482,149180801,14989900620
2025-05-06,100.486,100.489,100.481,100.482,102176660,10267151707
2025-05-07,100.484,100.489,100.481,100.485,118587715,11916305790
2025-05-08,100.492,100.493,100.486,100.490,128928191,12956009037
2025-05-09,100.502,100.505,100.500,100.502,156154031,15693798833
2025-05-12,100.504,100.505,100.502,100.503,101751160,10226335720
2025-05-13,100.505,100.512,100.504,100.509,94218361,9469624538
2025-05-14,100.512,100.515,100.509,100.511,129355970,13001751107
2025-05-15,100.515,100.525,100.513,100.524,101336281,10186131058
2025-05-16,100.530,100.533,100.527,100.528,119363100,11999531855
2025-05-19,100.532,100.539,100.531,100.536,112010579,11260916837
2025-05-20,100.536,100.537,100.532,100.533,81536869,8197227895
2025-05-21,100.537,100.538,100.534,100.535,66492350,6684883553
2025-05-22,100.540,100.545,100.540,100.543,96971628,9749664396
2025-05-23,100.549,100.553,100.549,100.551,132359770,13308868436
2025-05-26,100.552,100.554,100.548,100.550,125145017,12583538296
2025-05-27,100.551,100.552,100.545,100.549,110177543,11078046181
2025-05-28,100.550,100.555,100.549,100.554,70232726,7062100982
2025-05-29,100.560,100.563,100.554,100.556,175103230,17607931063
2025-05-30,100.571,100.581,100.566,100.579,149091649,14994410430
2025-06-03,100.579,100.580,100.574,100.575,72317880,7273562243
2025-06-04,100.578,100.580,100.576,100.577,76894910,7733975170
2025-06-05,100.582,100.584,100.577,100.579,74158030,7458864655
2025-06-06,100.591,100.593,100.590,100.591,63395171,6377016055
2025-06-09,100.594,100.596,100.590,100.591,104706521,10532603360
2025-06-10,100.594,100.597,100.593,100.596,88186105,8871052628
2025-06-11,100.599,100.601,100.595,100.596,61763200,6213187016
2025-06-12,100.601,100.601,100.597,100.599,72736340,7317216079
2025-06-13,100.612,100.616,100.611,100.613,98834605,9944074355
2025-06-16,100.614,100.616,100.611,100.612,90269770,9082367961
2025-06-17,100.611,100.615,100.610,100.613,104618600,10525769339
2025-06-18,100.618,100.629,100.617,100.627,68854433,6928141746
2025-06-19,100.634,100.645,100.633,100.640,133815804,13467007281
2025-06-20,100.644,100.648,100.635,100.643,76936512,7743355368
2025-06-23,100.643,100.645,100.635,100.637,142270580,14317951947
2025-06-24,100.640,100.640,100.631,100.637,164227950,16527126356
2025-06-25,100.638,100.641,100.633,100.636,154417243,15540313810
2025-06-26,100.640,100.645,100.639,100.644,156366824,15737014570
2025-06-27,100.655,100.666,100.654,100.662,156003720,15702998749
2025-06-30,100.661,100.720,100.659,100.711,97617699,9827393076
2025-07-01,100.689,100.694,100.665,100.671,115816880,11659625944
2025-07-02,100.670,100.671,100.667,100.670,132320860,13320569381
2025-07-03,100.672,100.680,100.671,100.678,89683838,9028885631
2025-07-04,100.686,100.701,100.684,100.700,148127234,14914817127
2025-07-07,100.691,100.700,100.689,100.693,94776251,9543506917
2025-07-08,100.692,100.694,100.680,100.683,87090418,8768647256
2025-07-09,100.682,100.687,100.682,100.684,79042170,7958337395
2025-07-10,100.692,100.694,100.688,100.690,131152945,13205952402
2025-07-11,100.701,100.702,100.694,100.695,160638835,16175961796
2025-07-14,100.697,100.702,100.695,100.701,157739446,15884020192
2025-07-15,100.701,100.709,100.700,100.709,107126795,10788140814
2025-07-16,100.711,100.715,100.709,100.715,123458858,12433636398
2025-07-17,100.717,100.720,100.715,100.718,100481070,10120185352
2025-07-18,100.726,100.726,100.718,100.721,160549333,16171224810
2025-07-21,100.723,100.724,100.720,100.721,111998751,11280740845
2025-07-22,100.717,100.721,100.717,100.720,118619222,11947203176
2025-07-23,100.720,100.727,100.718,100.726,107547388,10832434269
2025-07-24,100.733,100.738,100.732,100.733,157226488,15838106127
2025-07-25,100.742,100.746,100.740,100.745,229876950,23158568718
2025-07-28,100.745,100.750,100.743,100.748,208520234,21007471964
2025-07-29,100.746,100.747,100.741,100.743,100214790,10096017884
2025-07-30,100.745,100.750,100.743,100.749,139559740,14060108358
2025-07-31,100.755,100.778,100.754,100.774,133405087,13442553353
2025-08-01,100.770,100.806,100.767,100.798,159718833,16095597905
2025-08-04,100.788,100.788,100.766,100.778,192554741,19405420049
2025-08-05,100.772,100.772,100.760,100.767,178647658,18001232676
2025-08-06,100.768,100.770,100.764,100.768,106409262,10722530754
2025-08-07,100.778,100.779,100.773,100.776,202655010,20422714291
2025-08-08,100.780,100.783,100.777,100.780,177686650,17907506515
2025-08-11,100.779,100.780,100.772,100.774,142145740,14324711656
2025-08-12,100.773,100.784,100.771,100.784,188560003,19002681889
2025-08-13,100.788,100.790,100.785,100.787,196404894,19794954958
2025-08-14,100.787,100.796,100.783,100.794,155138568,15636190065
2025-08-15,100.804,100.807,100.799,100.801,169544178,17090384389
2025-08-18,100.802,100.803,100.799,100.801,161813601,16310893210
2025-08-19,100.797,100.808,100.793,100.805,189622037,19113529734
2025-08-20,100.805,100.820,100.799,100.817,115419597,11635594424
2025-08-21,100.812,100.850,100.812,100.845,120194968,12118670363
2025-08-22,100.850,100.853,100.821,100.833,205652850,20737487283
2025-08-25,100.823,100.828,100.822,100.827,186282164,18781855308
2025-08-26,100.824,100.833,100.823,100.830,186096433,18763143241
2025-08-27,100.829,100.844,100.827,100.837,127088056,12814849505
2025-08-28,100.843,100.861,100.838,100.859,159079110,16042472270
2025-08-29,100.855,100.886,100.844,100.884,182761809,18433707812
2025-09-01,100.852,100.910,100.852,100.902,122543423,12361689820
2025-09-02,100.885,100.929,100.880,100.924,123750419,12487399417
2025-09-03,100.886,100.895,100.868,100.891,234549858,23662030317
2025-09-04,100.863,100.875,100.862,100.872,280481989,28291318643
2025-09-05,100.870,100.871,100.852,100.854,207258284,20904770212
2025-09-08,100.863,100.864,100.858,100.862,218800559,22068565733
2025-09-09,100.861,100.867,100.857,100.865,203260872,20500889356
2025-09-10,100.864,100.870,100.863,100.869,156485133,15784115427
2025-09-11,100.879,100.881,100.868,100.872,239824970,24192277463
2025-09-12,100.881,100.883,100.878,100.881,197523669,19926372386
2025-09-15,100.882,100.885,100.881,100.885,188289172,18995166557
2025-09-16,100.881,100.883,100.876,100.877,160252650,16166313736
2025-09-17,100.879,100.888,100.878,100.887,135233760,13642737645
2025-09-18,100.896,100.915,100.896,100.912,205093886,20694339860
2025-09-19,100.910,100.917,100.902,100.916,216801400,21877132831
2025-09-22,100.901,100.913,100.901,100.912,145282750,14660014709
2025-09-23,100.909,100.928,100.906,100.925,129076334,13025545111
2025-09-24,100.918,100.933,100.900,100.907,158096389,15954824661
2025-09-25,100.907,100.911,100.903,100.910,171078752,17262883465
2025-09-26,100.926,100.932,100.921,100.925,244933632,24720169965
2025-09-29,100.926,100.931,100.920,100.928,246170127,24845080194
2025-09-30,100.961,100.988,100.954,100.980,218471253,22058801638
2025-10-09,100.961,100.967,100.944,100.948,227206724,22937076637
2025-10-10,100.961,100.977,100.960,100.972,216675334,21876874460
2025-10-13,100.966,100.970,100.961,100.969,240772721,24309854080
2025-10-14,100.970,100.982,100.967,100.980,226820367,22902622947
2025-10-15,100.971,100.976,100.967,100.974,242162896,24451367004
2025-10-16,100.977,100.997,100.976,100.991,158905148,16046685114
2025-10-17,100.997,101.023,100.996,101.013,183188450,18504786864
2025-10-20,101.019,101.036,101.000,101.033,172763468,17452514379
2025-10-21,101.013,101.014,100.995,101.000,279588583,28238933449
2025-10-22,100.995,101.010,100.995,101.007,232066647,23438824878
2025-10-23,101.008,101.017,100.999,101.002,201490764,20352962924
2025-10-24,101.013,101.016,101.008,101.011,270758359,27350021419
2025-10-27,101.010,101.011,101.006,101.007,253574020,25613014545
2025-10-28,101.009,101.011,101.005,101.009,228480600,23078344362
2025-10-29,101.012,101.013,101.008,101.012,173319017,17507037157
2025-10-30,101.019,101.046,101.019,101.041,219231297,22147907054
2025-10-31,101.034,101.038,101.023,101.026,204543467,20665440921
2025-11-03,101.026,101.029,101.024,101.028,172133633,17390035269
2025-11-04,101.028,101.044,101.028,101.043,152921242,15450369878
2025-11-05,101.048,101.049,101.038,101.048,157348650,15899291315
2025-11-06,101.049,101.057,101.044,101.056,190498128,19249261150
2025-11-07,101.059,101.073,101.054,101.058,193342793,19539694361
2025-11-10,101.058,101.064,101.051,101.052,191698129,19372616107
2025-11-11,101.052,101.059,101.051,101.058,145493490,14702911995
2025-11-12,101.059,101.062,101.057,101.059,134245561,13566749380
2025-11-13,101.068,101.071,101.063,101.066,182884222,18483373452
2025-11-14,101.075,101.076,101.073,101.075,124198440,12553304591
2025-11-17,101.077,101.078,101.073,101.074,119350971,12063451099
2025-11-18,101.074,101.083,101.073,101.080,139349846,14085095082
2025-11-19,101.081,101.088,101.081,101.085,199387580,20154945239
2025-11-20,101.090,101.108,101.090,101.105,224679726,22715122038
2025-11-21,101.106,101.109,101.087,101.105,210189947,21250592979
2025-11-24,101.101,101.106,101.095,101.098,199184223,20137745803
2025-11-25,101.101,101.105,101.098,101.104,174223044,17614125006
2025-11-26,101.108,101.108,101.105,101.107,133058964,13453105758
2025-11-27,101.110,101.111,101.104,101.106,159501490,16126782361
2025-11-28,101.115,101.118,101.113,101.114,160909890,16270419536
2025-12-01,101.117,101.119,101.115,101.117,108247342,10945662227
2025-12-02,101.121,101.141,101.121,101.135,119831691,12118650809
2025-12-03,101.134,101.149,101.132,101.146,149139688,15083868057
2025-12-04,101.133,101.138,101.131,101.132,128925350,13038761604
2025-12-05,101.137,101.138,101.129,101.134,130587060,13206704570
2025-12-08,101.133,101.135,101.131,101.133,198180106,20042572158
2025-12-09,101.139,101.141,101.137,101.137,85671890,8664800457
2025-12-10,101.142,101.145,101.140,101.142,119884520,12125446247
2025-12-11,101.146,101.154,101.146,101.153,109254140,11050866015
2025-12-12,101.158,101.161,101.145,101.146,147227059,14892367846
2025-12-15,101.152,101.153,101.149,101.151,107505017,10874229600
2025-12-16,101.150,101.166,101.149,101.164,148645420,15036486907
2025-12-17,101.155,101.168,101.153,101.157,119756100,12114600915
2025-12-18,101.165,101.168,101.161,101.166,146907972,14862014837
2025-12-19,101.173,101.174,101.167,101.170,114295473,11563418253
2025-12-22,101.173,101.174,101.166,101.170,113669630,11499824089
2025-12-23,101.169,101.177,101.166,101.176,147950660,14968238166
2025-12-24,101.174,101.178,101.171,101.177,147161780,14888985837
2025-12-25,101.186,101.191,101.176,101.178,162545308,16446859506
2025-12-26,101.188,101.190,101.182,101.187,168084075,17007834819
2025-12-29,101.190,101.196,101.185,101.195,180437134,18258602610
2025-12-30,101.195,101.196,101.182,101.192,180919802,18306921940
2025-12-31,100.059,100.101,100.057,100.075,150879309,15098554226
2026-01-05,100.065,100.065,100.053,100.055,227458756,22758592539
2026-01-06,100.054,100.054,100.046,100.048,201807070,20190719079
2026-01-07,100.050,100.064,100.047,100.064,137607673,13768775665
2026-01-08,100.071,100.071,100.066,100.068,179222120,17934633432
2026-01-09,100.075,100.076,100.071,100.074,155886630,15600061649
2026-01-12,100.071,100.076,100.066,100.072,149202092,14930573504
2026-01-13,100.072,100.084,100.070,100.084,127855747,12795549465
2026-01-14,100.084,100.089,100.081,100.088,149075230,14920081990
2026-01-15,100.089,100.109,100.085,100.107,181688830,18185652249
2026-01-16,100.104,100.132,100.103,100.128,189304366,18951830762
2026-01-19,100.127,100.127,100.100,100.122,179912484,18010913121
2026-01-20,100.113,100.121,100.105,100.119,107303669,10742276473
2026-01-21,100.111,100.113,100.105,100.107,125584280,12572137710
2026-01-22,100.107,100.116,100.102,100.114,112610310,11273475075
2026-01-23,100.123,100.127,100.116,100.120,209231197,20948469552
2026-01-26,100.124,100.128,100.121,100.127,136327150,13649633036
2026-01-27,100.128,100.135,100.126,100.132,172570828,17279463932
2026-01-28,100.130,100.132,100.128,100.130,194745160,19499843424
2026-01-29,100.132,100.136,100.125,100.129,170446299,17067212254
2026-01-30,100.137,100.139,100.134,100.137,203736060,20401312928
2026-02-02,100.135,100.162,100.131,100.158,219787879,22009576511
2026-02-03,100.147,100.148,100.137,100.145,170345270,17058784017
2026-02-04,100.147,100.154,100.146,100.153,171933136,17219368157
2026-02-05,100.154,100.174,100.153,100.169,109183192,10935623054
2026-02-06,100.178,100.179,100.161,100.170,230118032,23050476571
2026-02-09,100.160,100.164,100.157,100.160,170769001,17104332672
2026-02-10,100.161,100.170,100.159,100.166,133792934,13401159787
2026-02-11,100.168,100.177,100.166,100.176,152802381,15306207557
2026-02-12,100.174,100.195,100.171,100.187,154762698,15503662697
2026-02-13,100.215,100.242,100.215,100.220,255792637,25638031681
2026-02-24,100.205,100.209,100.201,100.207,188794628,18917984237
2026-02-25,100.207,100.209,100.202,100.207,162816814,16315171050
2026-02-26,100.210,100.212,100.205,100.208,166813923,16716059915
2026-02-27,100.217,100.218,100.212,100.214,131217303,13149828846
2026-03-02,100.222,100.227,100.220,100.227,171147536,17152985861
2026-03-03,100.231,100.247,100.228,100.245,198098312,19856574113
2026-03-04,100.243,100.266,100.236,100.263,173017468,17343999838
2026-03-05,100.245,100.260,100.240,100.251,217215150,21775609025
2026-03-06,100.250,100.255,100.237,100.243,212428237,21295338993
2026-03-09,100.236,100.246,100.236,100.245,217305118,21782554214
2026-03-10,100.243,100.247,100.240,100.246,153572635,15394482435
2026-03-11,100.246,100.255,100.244,100.253,177926200,17836897691
2026-03-12,100.253,100.258,100.250,100.256,163322405,16373607815
2026-03-13,100.263,100.272,100.263,100.266,158555640,15897833000
2026-03-16,100.265,100.269,100.261,100.265,183135871,18362162588
2026-03-17,100.266,100.291,100.265,100.287,146294974,14669457837
2026-03-18,100.281,100.287,100.271,100.276,161582867,16203083570
2026-03-19,100.274,100.291,100.274,100.288,153427945,15385564868
2026-03-20,100.288,100.289,100.282,100.285,182308835,18282947477
2026-03-23,100.285,100.287,100.276,100.279,203736909,20431044381
2026-03-24,100.281,100.289,100.280,100.283,202690456,20326428271
2026-03-25,100.287,100.288,100.282,100.285,211959217,21256211390
2026-03-26,100.282,100.301,100.282,100.298,148200985,14863221873
2026-03-27,100.303,100.307,100.295,100.296,220798576,22146148293
2026-03-30,100.298,100.299,100.295,100.296,189925795,19049003166
2026-03-31,100.300,100.318,100.299,100.312,154597960,15506987532
2026-04-01,100.308,100.313,100.305,100.312,247237999,24800122315
2026-04-02,100.313,100.331,100.312,100.327,185355580,18594736082
2026-04-03,100.332,100.379,100.332,100.367,166518720,16710142097
2026-04-07,100.351,100.355,100.347,100.352,137805507,13828868698
2026-04-08,100.328,100.330,100.324,100.325,189178408,18979544909
2026-04-09,100.332,100.339,100.330,100.337,160151332,16068732126
2026-04-10,100.341,100.345,100.339,100.344,96459770,9678960958
2026-04-13,100.346,100.351,100.343,100.350,115945970,11634767317
2026-04-14,100.349,100.359,100.349,100.357,186080433,18673864507
2026-04-15,100.353,100.360,100.352,100.358,199861200,20057078688
2026-04-16,100.356,100.359,100.340,100.351,176796340,17742098002
2026-04-17,100.362,100.366,100.362,100.363,179510360,18016353912
2026-04-20,100.364,100.366,100.362,100.364,151238030,15178705534
2026-04-21,100.365,100.371,100.364,100.367,87997950,8832099741
2026-04-22,100.374,100.375,100.367,100.369,173946330,17459028493
2026-04-23,100.368,100.372,100.364,100.371,164565781,16517359129
2026-04-24,100.382,100.385,100.380,100.382,198933420,19969416673
2026-04-27,100.383,100.384,100.379,100.381,197479560,19823236939
2026-04-28,100.384,100.392,100.383,100.391,155343610,15594286045
2026-04-29,100.400,100.408,100.396,100.404,214543324,21540441994
2026-04-30,100.415,100.426,100.398,100.407,243567640,24458361528
2026-05-06,100.405,100.407,100.397,100.405,236455620,23740757712
2026-05-07,100.407,100.411,100.404,100.410,150470055,15108373172
2026-05-08,100.424,100.425,100.419,100.422,233320330,23430418857
2026-05-11,100.425,100.429,100.424,100.427,165505321,16621163649
2026-05-12,100.429,100.433,100.427,100.431,146234427,14686301767
2026-05-13,100.430,100.434,100.428,100.431,121338110,12185971033
2026-05-14,100.431,100.447,100.430,100.437,90574409,9096928994
2026-05-15,100.446,100.466,100.444,100.455,221099014,22210380172
2026-05-18,100.449,100.453,100.443,100.450,186550461,18738375594
2026-05-19,100.447,100.470,100.446,100.459,133006779,13360937832
2026-05-20,100.455,100.489,100.454,100.475,130865640,13148014902
2026-05-21,100.466,100.504,100.460,100.481,103988170,10447539745
2026-05-22,100.481,100.481,100.464,100.481,216307101,21733207647
2026-05-25,100.476,100.490,100.471,100.473,121426345,12200939161
2026-05-26,100.474,100.478,100.468,100.475,152903159,15362680454
2026-05-27,100.473,100.475,100.468,100.473,158972733,15972319814
2026-05-28,100.476,100.476,100.470,100.471,162932010,16370357784
2026-05-29,100.483,100.488,100.481,100.485,178121300,17898377072
2026-06-01,100.484,100.485,100.478,100.483,134780610,13542855471
2026-06-02,100.484,100.489,100.482,100.488,142459449,14314986988
2026-06-03,100.489,100.503,100.486,100.501,164771440,16558057330
2026-06-04,100.498,100.514,100.496,100.512,110977860,11153556744
2026-06-05,100.512,100.554,100.506,100.523,172007545,17290374690
2026-06-08,100.518,100.521,100.507,100.516,199096781,20011775940
2026-06-09,100.513,100.520,100.512,100.514,165605230,16645775030
2026-06-10,100.517,100.521,100.516,100.517,136240329,13694587452
2026-06-11,100.519,100.528,100.515,100.523,170734231,17162019807
2026-06-12,100.522,100.522,100.515,100.517,197170468,19819178247
2026-06-15,100.517,100.522,100.492,100.519,275892718,27731183170
2026-06-16,100.521,100.525,100.518,100.522,141044042,14178003370
2026-06-17,100.526,100.527,100.521,100.524,162070452,16291924560
2026-06-18,100.533,100.536,100.531,100.533,137578436,13831160386
2026-06-22,100.536,100.542,100.536,100.541,142639199,14340737623
2026-06-23,100.542,100.565,100.540,100.554,139619319,14038113563
2026-06-24,100.550,100.552,100.543,100.544,209065467,21020910821
2026-06-25,100.544,100.548,100.541,100.545,171547547,17248103242
2026-06-26,100.557,100.571,100.556,100.562,257579450,25902323670
2026-06-29,100.557,100.559,100.551,100.555,276215604,27774917122
2026-06-30,100.558,100.561,100.551,100.559,233834680,23513297177
2026-07-01,100.563,100.574,100.559,100.570,281649380,28324422765
2026-07-02,100.567,100.603,100.566,100.587,134324607,13510641070
2026-07-03,100.587,100.621,100.587,100.616,222180221,22350778848
2026-07-06,100.595,100.618,100.592,100.605,190791431,19194168313
2026-07-07,100.600,100.621,100.596,100.620,107637008,10828625848
2026-07-08,100.610,100.650,100.591,100.625,185032562,18616812544
2026-07-09,100.602,100.616,100.594,100.613,143574817,14443525241
2026-07-10,100.612,100.634,100.607,100.630,214154909,21547733817
2026-07-13,100.618,100.630,100.615,100.624,133275020,13410621105
2026-07-14,100.620,100.620,100.609,100.611,124990878,12575753926
2026-07-15,100.610,100.615,100.609,100.612,122362250,12311163427
2026-07-16,100.614,100.619,100.612,100.613,109611360,11028476047
2026-07-17,100.626,100.642,100.621,100.639,287498847,28931399004
2026-07-20,100.628,100.634,100.622,100.628,233769480,23523647570
2026-07-21,100.629,100.631,100.621,100.628,198041952,19928216452
2026-07-22,100.630,100.642,100.628,100.642,132035159,13287133484
2026-07-23,100.638,100.645,100.635,100.643,120720180,12149266229
2026-07-24,100.650,100.664,100.649,100.654,184927108,18614215432
2026-07-27,100.649,100.651,100.629,100.635,247793052,24938839091
2026-07-28,100.645,100.662,100.643,100.654,145493903,14644401291
2026-07-29,100.656,100.669,100.654,100.658,166559820,16765593716
2026-07-30,100.660,100.698,100.655,100.681,178066576,17924752480
2026-07-31,100.665,100.700,100.661,100.693,268389820,27020206937
2026-08-03,100.675,100.697,100.675,100.687,156065398,15713559233
2026-08-04,100.683,100.683,100.661,100.673,159574715,16064665831
2026-08-05,100.675,100.678,100.668,100.669,187096224,18835496930
2026-08-06,100.670,100.674,100.669,100.672,109830295,11056825396
2026-08-07,100.688,100.690,100.679,100.680,174013579,17520593062
2026-08-10,100.684,100.692,100.681,100.687,204602003,20600558081
2026-08-11,100.692,100.705,100.689,100.704,116795338,11760627976
2026-08-12,100.703,100.708,100.698,100.702,146206820,14723585922
2026-08-13,100.702,100.702,100.695,100.700,125242822,12611726422
2026-08-14,100.707,100.714,100.707,100.709,157913456,15903562638
2026-08-17,100.711,100.712,100.703,100.705,132633062,13357027595
2026-08-18,100.706,100.709,100.704,100.707,164378050,16553934263
2026-08-19,100.711,100.718,100.710,100.711,172224142,17345244278
2026-08-20,100.711,100.730,100.705,100.727,134881804,13584813985
2026-08-21,100.728,100.741,100.728,100.731,192758705,19417471063
2026-08-24,100.729,100.748,100.725,100.745,147472330,14855631818
2026-08-25,100.739,100.764,100.739,100.758,120460724,12136701624
2026-08-26,100.753,100.764,100.749,100.753,140914627,14197948366
2026-08-27,100.754,100.754,100.736,100.738,160900124,16209800646
2026-08-28,100.752,100.752,100.746,100.746,172631780,17392558027
2026-08-31,100.753,100.754,100.750,100.751,169351181,17062392271
2026-09-01,100.756,100.766,100.755,100.760,138327803,13938254853
2026-09-02,100.766,100.770,100.764,100.767,153915192,15509543796
2026-09-03,100.765,100.771,100.763,100.767,125705170,12666825621
2026-09-04,100.775,100.785,100.774,100.781,228183070,22995959349
2026-09-07,100.778,100.780,100.768,100.771,167322773,16861484314
2026-09-08,100.773,100.777,100.773,100.775,112327645,11319800603
2026-09-09,100.780,100.780,100.777,100.778,114807940,11570118164
2026-09-10,100.783,100.784,100.781,100.783,128843640,12985153643
2026-09-11,100.794,100.803,100.793,100.794,247483058,24945931841
2026-09-14,100.799,100.803,100.794,100.795,175610928,17701121833
2026-09-15,100.799,100.804,100.793,100.801,146454852,14762205898
2026-09-16,100.804,100.805,100.792,100.794,266906400,26903261152
2026-09-17,100.798,100.801,100.793,100.798,182314320,18376815235
2026-09-18,100.810,100.811,100.800,100.800,271202461,27338836645
2026-09-21,100.807,100.807,100.799,100.801,286474020,28877053901
2026-09-22,100.791,100.809,100.790,100.808,264254552,26637565771
2026-09-23,100.812,100.814,100.810,100.811,288813140,29115667979
2026-09-24,100.823,100.836,100.823,100.829,326990018,32970150784
2026-09-28,100.836,100.857,100.831,100.845,352836477,35579152503
2026-09-29,100.844,100.869,100.839,100.863,283326110,28574376934
2026-09-30,100.880,100.926,100.879,100.901,335213700,33821658622
