date,open,high,low,close,volume,turnover
2016-06-01,99.990,99.994,99.998,99.983,107988158,10797781771
2016-06-02,99.991,99.996,99.997,99.990,76995900,7699127845
2016-06-03,99.995,100.002,100.002,99.994,95452446,9545054861
2016-06-06,99.990,99.999,100.000,99.985,120362764,12035241102
2016-06-07,99.999,99.996,100.000,99.988,104452952,10444671201
2016-06-08,100.008,100.021,100.022,100.007,114769673,11478665884
2016-06-13,99.996,99.995,100.000,99.991,95315688,9531281254
2016-06-14,99.996,99.994,99.999,99.991,89496574,8949283063
2016-06-15,99.994,99.994,99.997,99.988,99390865,9938384664
2016-06-16,99.990,99.994,99.998,99.988,96790430,9678249598
2016-06-17,100.001,100.003,100.005,99.997,109336286,10933720299
2016-06-20,99.993,99.991,99.995,99.989,112135850,11212660521
2016-06-21,99.991,99.989,99.993,99.975,101201508,10118952006
2016-06-22,99.991,99.992,99.994,99.987,79731905,7972387705
2016-06-23,99.990,99.990,99.991,99.982,78248869,7823894088
2016-06-24,99.995,99.997,100.001,99.989,102629375,10262458156
2016-06-27,99.984,99.972,99.988,99.958,112427896,11239674096
2016-06-28,99.970,99.977,99.978,99.955,109237906,10920001462
2016-06-29,99.971,99.963,99.973,99.955,104834238,10479556981
2016-06-30,99.963,99.994,99.995,99.958,87804656,8778160409
2016-07-01,100.001,100.004,100.007,99.999,80644281,8064575173
2016-07-04,99.993,99.988,99.995,99.984,80769845,8076189154
2016-07-05,99.987,99.995,99.997,99.984,81215897,8120774161
2016-07-06,99.991,100.001,100.004,99.988,71677485,7167542264
2016-07-07,99.995,100.000,100.002,99.995,79789621,7978892266
2016-07-08,100.005,100.020,100.024,100.003,67313192,6732100287
2016-07-11,99.996,100.005,100.007,99.996,67823273,6782314735
2016-07-12,100.001,99.999,100.002,99.997,65068828,6506861607
2016-07-13,99.993,99.999,100.000,99.992,73797757,7379458639
2016-07-14,99.998,100.005,100.006,99.995,54469213,5446801941
2016-07-15,100.007,100.006,100.011,100.004,84962126,8496819790
2016-07-18,99.995,100.002,100.006,99.995,70269531,7026943737
2016-07-19,100.000,100.006,100.007,99.999,42921775,4292262695
2016-07-20,100.003,100.003,100.004,100.000,59328338,5932934686
2016-07-21,100.002,99.998,100.002,99.996,69362553,6936156458
2016-07-22,100.006,100.004,100.007,100.000,71034333,7103734433
2016-07-25,99.997,99.999,100.000,99.995,63848815,6384745899
2016-07-26,99.998,99.991,99.998,99.987,58949771,5894555039
2016-07-27,99.990,99.998,99.999,99.989,67962418,6795806217
2016-07-28,99.995,100.003,100.006,99.993,68784758,6878401800
2016-07-29,100.006,100.013,100.014,100.004,71147277,7115394221
2016-08-01,100.001,100.001,100.003,99.995,70369660,7036892581
2016-08-02,99.999,100.002,100.003,99.997,39692929,3969270262
2016-08-03,100.000,100.006,100.007,100.000,49731537,4973268121
2016-08-04,100.002,100.005,100.012,100.001,48078403,4808104872
2016-08-05,100.008,100.014,100.017,100.008,51039300,5104573626
2016-08-08,100.003,100.007,100.010,100.000,60026624,6002900549
2016-08-09,100.004,100.004,100.006,100.002,61761643,6176397190
2016-08-10,100.002,100.005,100.006,100.000,58365216,5836655959
2016-08-11,100.004,100.003,100.006,99.999,72486596,7248830420
2016-08-12,100.006,100.004,100.010,100.001,61114305,6111817263
2016-08-15,99.997,99.992,99.997,99.985,104452653,10444354904
2016-08-16,99.989,99.990,99.996,99.984,79179803,7917189970
2016-08-17,99.993,99.995,99.997,99.991,60835287,6083162352
2016-08-18,99.993,99.994,100.002,99.986,70632910,7063066347
2016-08-19,100.007,100.006,100.009,100.001,69601483,6960427629
2016-08-22,99.992,99.999,100.001,99.990,54241021,5423889043
2016-08-23,99.996,99.994,99.999,99.992,64467189,6446382203
2016-08-24,99.995,99.994,99.995,99.991,57733179,5772889274
2016-08-25,99.988,99.998,100.000,99.987,76148663,7614280713
2016-08-26,100.000,100.007,100.008,100.000,78711437,7871520511
2016-08-29,99.995,100.001,100.003,99.993,62809119,6280778907
2016-08-30,99.999,99.998,100.000,99.995,79085299,7908355420
2016-08-31,99.999,99.998,100.000,99.993,85478046,8547584221
2016-09-01,99.997,100.003,100.004,99.996,56450166,5644942094
2016-09-02,100.003,100.004,100.007,100.001,79591109,7959407547
2016-09-05,99.995,100.001,100.002,99.994,63248780,6324691903
2016-09-06,99.998,99.999,100.001,99.996,75063535,7506218499
2016-09-07,99.997,100.000,100.001,99.996,71822751,7182116047
2016-09-08,99.999,100.003,100.004,99.998,75684478,7568513552
2016-09-09,100.003,100.008,100.009,100.002,54835012,5483756053
2016-09-12,99.995,99.996,99.999,99.994,82101598,8209925850
2016-09-13,99.997,100.002,100.004,99.992,89135355,8913148412
2016-09-14,100.010,100.022,100.028,100.010,75354336,7537094731
2016-09-19,99.998,99.999,100.006,99.996,83887404,8388761123
2016-09-20,99.998,99.995,100.000,99.992,66914671,6691293455
2016-09-21,99.997,99.998,99.999,99.989,69117674,6911329207
2016-09-22,99.995,99.980,99.996,99.970,93343638,9333615237
2016-09-23,100.001,99.996,100.008,99.995,96138007,9614093475
2016-09-26,99.993,99.980,99.997,99.970,106087102,10608072961
2016-09-27,99.989,99.985,99.992,99.967,103754588,10373274523
2016-09-28,99.978,100.001,100.004,99.968,82080997,8206476391
2016-09-29,100.000,99.996,100.015,99.984,92375843,9237623762
2016-09-30,100.048,100.068,100.078,100.043,102289210,10235805941
2016-10-10,99.995,99.993,99.999,99.990,109196420,10919134837
2016-10-11,99.995,99.997,99.997,99.991,90207956,9020197310
2016-10-12,99.995,100.006,100.010,99.993,77198726,7719598929
2016-10-13,99.999,100.003,100.007,99.995,102074160,10207514594
2016-10-14,100.009,100.007,100.013,100.000,106028440,10603745663
2016-10-17,99.997,100.006,100.007,99.996,87475720,8747525219
2016-10-18,99.999,99.992,100.001,99.990,110134385,11013103340
2016-10-19,99.992,99.996,99.997,99.991,122631681,12262355404
2016-10-20,99.996,99.990,99.998,99.988,115844105,11583771833
2016-10-21,100.003,99.994,100.006,99.992,115985787,11598578414
2016-10-24,99.993,99.984,99.993,99.977,97472185,9745798602
2016-10-25,99.980,99.984,99.989,99.973,81583733,8156722854
2016-10-26,99.986,99.976,99.987,99.969,98278881,9825788879
2016-10-27,99.976,99.964,99.976,99.949,109004851,10895908047
2016-10-28,99.990,99.990,99.999,99.987,97306677,9729988804
2016-10-31,99.983,99.993,99.994,99.983,81360969,8134974693
2016-11-01,99.990,99.994,99.996,99.987,90870965,9086211382
2016-11-02,99.992,100.006,100.007,99.992,94895974,9489562682
2016-11-03,100.000,100.007,100.008,100.000,107320837,10732488130
2016-11-04,100.008,100.015,100.018,100.006,83555335,8356654388
2016-11-07,100.002,100.008,100.020,100.000,95499535,9550315831
2016-11-08,100.005,100.004,100.007,99.998,119117765,11912172883
2016-11-09,100.001,100.000,100.003,99.994,106195618,10619419199
2016-11-10,99.994,99.999,100.000,99.992,122401294,12239603604
2016-11-11,100.002,99.991,100.005,99.986,148780353,14877446555
2016-11-14,99.980,99.985,99.987,99.978,106668248,10664841905
2016-11-15,99.985,99.994,99.999,99.980,96981098,9696984324
2016-11-16,99.991,99.988,99.994,99.985,87253001,8724483438
2016-11-17,99.988,99.990,99.994,99.985,121164890,12115131833
2016-11-18,99.995,99.998,100.002,99.990,138246841,13824297771
2016-11-21,99.990,99.990,99.995,99.987,153149240,15313620884
2016-11-22,99.990,99.992,99.994,99.988,250584629,25055984567
2016-11-23,99.990,99.994,99.996,99.985,614359785,61428727225
2016-11-24,99.990,99.985,99.991,99.982,353568821,35353052420
2016-11-25,99.997,99.994,99.997,99.992,632975651,63293630933
2016-11-28,99.984,99.986,99.990,99.976,596679994,59658754681
2016-11-29,99.985,99.976,99.986,99.970,454593384,45449841952
2016-11-30,99.976,99.970,99.979,99.934,524666475,52445791499
2016-12-01,99.966,99.969,99.977,99.955,499386596,49923348196
2016-12-02,99.981,100.004,100.005,99.981,469649342,46965029573
2016-12-05,99.990,99.999,100.004,99.987,396742715,39672562609
2016-12-06,99.997,99.995,99.997,99.993,874059844,87401317893
2016-12-07,99.995,99.996,99.997,99.991,644878192,64482856581
2016-12-08,99.992,100.000,100.000,99.987,287870850,28784593855
2016-12-09,100.002,100.000,100.003,99.997,341555686,34155532784
2016-12-12,99.991,99.988,99.992,99.986,221132139,22110908470
2016-12-13,99.986,99.990,99.992,99.974,299150690,29910479178
2016-12-14,99.985,99.985,99.992,99.974,153890281,15385936911
2016-12-15,99.960,99.881,99.965,99.500,141131082,14096673345
2016-12-16,99.910,99.905,99.958,99.885,158870124,15873970178
2016-12-19,99.918,99.941,99.965,99.905,180764565,18064105353
2016-12-20,99.958,99.962,99.975,99.926,182394293,18228187962
2016-12-21,99.963,99.981,99.994,99.960,206343670,20629600931
2016-12-22,99.989,99.986,99.992,99.970,192683986,19265707942
2016-12-23,99.993,99.997,100.000,99.991,218552099,21854668337
2016-12-26,99.992,99.979,99.994,99.969,146925006,14689760935
2016-12-27,99.979,99.956,99.981,99.933,146315598,14627438497
2016-12-28,99.959,99.966,99.970,99.915,137291051,13720858832
2016-12-29,99.944,100.000,100.007,99.934,117711804,11767481539
2016-12-30,100.005,100.029,100.031,100.005,132779649,13281082304
2017-01-03,99.981,99.981,99.995,99.979,63764886,6375736728
2017-01-04,99.987,99.990,99.997,99.986,66655866,6664972118
2017-01-05,99.990,100.005,100.011,99.987,75839872,7583907490
2017-01-06,100.010,100.016,100.031,100.006,97550937,9756543200
2017-01-09,99.996,100.009,100.012,99.996,70614423,7061556840
2017-01-10,100.002,100.008,100.010,100.000,76094988,7609869313
2017-01-11,100.006,100.010,100.014,100.004,69056745,6906236183
2017-01-12,100.009,100.012,100.014,100.007,74419376,7442737367
2017-01-13,100.002,100.013,100.019,100.001,66531137,6654056619
2017-01-16,100.003,100.000,100.007,99.992,68162714,6816291714
2017-01-17,99.996,100.000,100.001,99.985,47750778,4774628893
2017-01-18,99.997,99.979,99.997,99.971,66675878,6666529134
2017-01-19,99.970,99.958,99.972,99.952,62785406,6276053514
2017-01-20,99.996,99.995,100.004,99.989,73016646,7301378356
2017-01-23,99.990,100.000,100.002,99.982,73927544,7392047311
2017-01-24,99.999,100.009,100.011,99.996,60210111,6021235388
2017-01-25,100.011,100.042,100.055,100.011,73754895,7378179037
2017-01-26,100.066,100.059,100.073,100.055,53297287,5333202507
2017-02-03,100.009,100.009,100.019,100.002,54129718,5413473233
2017-02-06,99.999,100.010,100.012,99.989,64088896,6408796203
2017-02-07,100.001,100.028,100.030,100.001,84268248,8427734598
2017-02-08,100.015,100.015,100.025,100.011,62070305,6208102219
2017-02-09,100.015,100.016,100.022,100.007,82404678,8241543944
2017-02-10,100.016,100.021,100.024,100.016,84668469,8468515867
2017-02-13,100.003,100.001,100.010,99.999,108791135,10879323296
2017-02-14,100.001,99.998,100.002,99.991,104496152,10449204698
2017-02-15,99.994,99.997,99.999,99.991,94418351,9441247309
2017-02-16,99.994,100.000,100.000,99.992,124389128,12438492689
2017-02-17,100.007,99.994,100.011,99.990,143092924,14310013804
2017-02-20,99.992,99.982,99.993,99.981,123792296,12377576321
2017-02-21,99.985,99.983,99.986,99.979,151916041,15188818902
2017-02-22,99.985,99.992,99.992,99.982,190937699,19091687046
2017-02-23,99.991,100.009,100.010,99.991,181774509,18177253926
2017-02-24,100.005,100.010,100.013,100.001,149023401,14903662747
2017-02-27,99.993,100.000,100.001,99.987,199018257,19900059053
2017-02-28,99.996,99.995,99.999,99.989,186471497,18646035843
2017-03-01,99.997,99.998,100.000,99.995,133992537,13398886719
2017-03-02,99.997,100.001,100.006,99.996,131881982,13188571391
2017-03-03,100.013,100.016,100.017,100.000,156801021,15681820971
2017-03-06,99.997,100.009,100.012,99.997,158792493,15879911750
2017-03-07,100.005,100.008,100.009,100.004,106734544,10674084214
2017-03-08,100.008,100.007,100.010,100.006,101806031,10181379134
2017-03-09,100.008,100.001,100.009,99.996,126206214,12621267634
2017-03-10,100.006,100.025,100.026,100.006,153046674,15306833175
2017-03-13,100.006,100.000,100.008,99.999,147774802,14777885365
2017-03-14,100.001,100.003,100.004,99.999,108347534,10834891284
2017-03-15,100.001,99.996,100.002,99.993,175670631,17566517366
2017-03-16,99.993,99.953,99.994,99.952,178283550,17824527613
2017-03-17,99.981,99.981,100.001,99.956,141946026,14191410993
2017-03-20,99.978,99.979,99.983,99.969,152829985,15279184206
2017-03-21,99.978,99.979,99.981,99.969,176426681,17638245843
2017-03-22,99.984,99.991,99.994,99.980,176369806,17634475942
2017-03-23,99.991,99.995,100.002,99.987,169390846,16938122953
2017-03-24,100.008,99.997,100.010,99.993,155567102,15557543306
2017-03-27,99.989,99.991,99.994,99.981,161400991,16137369531
2017-03-28,99.985,99.981,99.988,99.974,149161134,14913240085
2017-03-29,99.981,99.968,99.982,99.953,216863796,21680430543
2017-03-30,99.968,99.969,99.972,99.946,169725259,16965569875
2017-03-31,100.013,100.009,100.020,99.996,217224818,21724003135
2017-04-05,99.986,99.988,99.992,99.982,167640042,16761942477
2017-04-06,99.988,100.007,100.009,99.984,115346085,11533455509
2017-04-07,100.007,100.026,100.030,100.005,146958448,14698732414
2017-04-10,100.003,100.011,100.012,99.999,149049226,14906173170
2017-04-11,100.006,100.024,100.040,100.005,162377396,16239843724
2017-04-12,100.010,100.010,100.018,100.008,118918208,11893412190
2017-04-13,100.009,100.016,100.021,100.006,172846794,17286454424
2017-04-14,100.016,100.020,100.024,100.010,141126471,14115089911
2017-04-17,100.000,100.011,100.013,100.000,122174702,12218074989
2017-04-18,100.010,100.005,100.010,100.003,101967832,10197406023
2017-04-19,100.005,100.004,100.009,99.998,120635253,12063865443
2017-04-20,100.002,100.000,100.007,99.998,136619472,13662242324
2017-04-21,100.008,100.010,100.016,100.008,148196387,14821336986
2017-04-24,100.001,99.998,100.001,99.990,169487350,16947704193
2017-04-25,99.992,99.994,99.995,99.981,121768778,12175449909
2017-04-26,99.994,99.996,99.998,99.991,134494367,13448662049
2017-04-27,99.990,99.996,99.997,99.988,146747622,14673684406
2017-04-28,100.013,100.023,100.028,100.008,148599490,14862961746
2017-05-02,100.000,100.004,100.007,99.996,107483412,10748312548
2017-05-03,100.001,100.006,100.009,99.999,102349972,10235251287
2017-05-04,100.007,100.010,100.011,100.002,100953358,10095920042
2017-05-05,100.014,100.020,100.025,100.014,107710737,10773385101
2017-05-08,100.002,100.015,100.016,100.002,114881542,11489135283
2017-05-09,100.008,100.021,100.030,100.005,114333668,11434705839
2017-05-10,100.020,100.011,100.023,100.008,126244457,12626282740
2017-05-11,100.008,100.014,100.015,100.008,104454948,10446716795
2017-05-12,100.019,100.026,100.029,100.018,104630793,10465519379
2017-05-15,100.008,100.012,100.016,100.005,123824393,12383794479
2017-05-16,100.010,99.996,100.011,99.994,132303798,13230839424
2017-05-17,99.995,99.998,100.001,99.994,148641380,14863745015
2017-05-18,99.995,100.009,100.010,99.995,105900488,10589949786
2017-05-19,100.017,100.005,100.019,100.000,142558713,14257945978
2017-05-22,99.997,100.009,100.011,99.996,112163625,11216367157
2017-05-23,100.004,100.003,100.006,99.999,126890318,12689244870
2017-05-24,99.999,100.004,100.006,99.997,120877209,12087909937
2017-05-25,100.000,100.014,100.017,100.000,135018788,13503287604
2017-05-26,100.028,100.037,100.038,100.018,108573006,10859871409
2017-05-31,99.997,99.990,100.004,99.973,142329107,14232771675
2017-06-01,99.999,100.009,100.010,99.985,125689845,12568888884
2017-06-02,100.010,100.010,100.013,100.003,105590928,10559970232
2017-06-05,99.993,100.001,100.003,99.992,85945583,8594310735
2017-06-06,99.998,100.001,100.005,99.998,93935148,9393635017
2017-06-07,100.000,100.006,100.009,99.998,130006946,13000948595
2017-06-08,100.000,100.007,100.009,99.999,114525943,11453018300
2017-06-09,100.011,100.009,100.014,100.007,113663568,11367471830
2017-06-12,99.999,100.002,100.003,99.998,106910513,10691117256
2017-06-13,100.001,99.999,100.002,99.996,108176237,10817611739
2017-06-14,99.996,99.996,99.999,99.991,128264044,12825762633
2017-06-15,99.996,99.996,99.998,99.986,173988341,17396866526
2017-06-16,100.002,100.001,100.007,99.999,122552847,12255492370
2017-06-19,99.990,99.992,99.995,99.989,137216898,13720525885
2017-06-20,99.990,99.978,99.992,99.976,136832133,13680990433
2017-06-21,99.979,99.989,99.990,99.973,137547339,13751819558
2017-06-22,99.983,99.999,100.000,99.978,179702411,17967586923
2017-06-23,100.002,100.008,100.009,99.999,127567879,12757085171
2017-06-26,99.981,99.984,99.990,99.980,180725703,18069850191
2017-06-27,99.983,99.985,99.987,99.982,150293483,15026876767
2017-06-28,99.984,99.984,99.986,99.970,169704668,16967057697
2017-06-29,99.972,99.975,99.987,99.968,170576131,17053435496
2017-06-30,100.000,100.005,100.008,99.996,122510055,12250892017
2017-07-03,99.994,100.001,100.003,99.993,94878156,9487510194
2017-07-04,100.000,100.010,100.012,99.998,90771300,9077578731
2017-07-05,100.000,100.008,100.010,100.000,92680550,9268726137
2017-07-06,100.004,100.011,100.017,100.003,104247756,10425534700
2017-07-07,100.017,100.023,100.025,100.017,88404356,8842337200
2017-07-10,100.005,100.015,100.020,100.003,118055126,11806744919
2017-07-11,100.010,100.013,100.018,100.009,82894927,8290562134
2017-07-12,100.012,100.016,100.017,100.008,107862958,10787594964
2017-07-13,100.011,100.011,100.015,100.009,103391609,10340320311
2017-07-14,100.015,100.022,100.024,100.014,104639522,10466058930
2017-07-17,100.009,100.007,100.011,100.005,106760088,10676900577
2017-07-18,100.000,99.996,100.002,99.995,89222961,8922047446
2017-07-19,99.996,99.985,99.996,99.981,127834982,12781640684
2017-07-20,99.980,99.996,99.998,99.978,111207364,11119618465
2017-07-21,100.010,100.013,100.017,100.009,103194577,10320871071
2017-07-24,99.997,99.996,99.999,99.992,87103000,8709914337
2017-07-25,99.995,99.998,99.999,99.992,67871741,6786798211
2017-07-26,99.995,100.006,100.009,99.994,90748723,9074700683
2017-07-27,100.000,99.999,100.004,99.993,104333120,10433054257
2017-07-28,100.016,99.993,100.020,99.500,93965095,9397617765
2017-07-31,99.989,99.992,99.993,99.982,105741518,10572778094
2017-08-01,99.990,99.988,99.990,99.982,100187948,10017412613
2017-08-02,99.986,100.001,100.003,99.985,104582736,10457498435
2017-08-03,99.998,100.010,100.011,99.997,95270701,9527558373
2017-08-04,100.015,100.029,100.032,100.015,89603974,8962477453
2017-08-07,100.002,100.011,100.013,100.001,119448799,11946044508
2017-08-08,100.006,100.011,100.014,100.006,84077114,8408508582
2017-08-09,100.008,100.009,100.010,100.005,86112961,8611966003
2017-08-10,100.006,100.011,100.013,100.005,109934800,10994379860
2017-08-11,100.018,100.022,100.025,100.018,93605934,9362671780
2017-08-14,100.005,100.003,100.009,100.001,120969360,12097680168
2017-08-15,100.000,99.998,100.002,99.992,113388676,11338310486
2017-08-16,99.997,99.994,99.997,99.990,84102531,8409765752
2017-08-17,99.992,99.991,99.997,99.979,110119806,11010778258
2017-08-18,100.010,100.009,100.012,100.002,113140844,11314789348
2017-08-21,99.992,99.993,99.996,99.989,102793824,10278488808
2017-08-22,99.992,99.995,99.997,99.989,69125145,6911861843
2017-08-23,99.991,99.991,99.993,99.990,67095129,6708961995
2017-08-24,99.990,100.003,100.005,99.990,102321445,10231869211
2017-08-25,100.015,100.004,100.018,99.998,114445194,11445968292
2017-08-28,99.990,99.980,99.991,99.975,134886354,13486403160
2017-08-29,99.977,99.985,99.987,99.971,87253004,8723094044
2017-08-30,99.974,99.979,99.985,99.968,109958372,10993077672
2017-08-31,99.972,100.000,100.003,99.971,135752167,13572976938
2017-09-01,100.007,100.012,100.015,100.007,109843245,10985493344
2017-09-04,99.992,100.007,100.008,99.992,99475633,9947403860
2017-09-05,100.001,100.005,100.008,99.998,107268177,10727054764
2017-09-06,100.003,100.008,100.009,100.001,93331046,9333400947
2017-09-07,100.002,100.007,100.009,100.000,99406879,9940989018
2017-09-08,100.010,100.013,100.014,100.007,113215976,11322804421
2017-09-11,99.999,99.996,100.000,99.993,114508969,11450376988
2017-09-12,99.993,99.998,99.999,99.986,110275078,11026563269
2017-09-13,99.994,99.995,99.997,99.991,84885528,8487990163
2017-09-14,99.992,100.000,100.002,99.992,97089451,9708556607
2017-09-15,100.010,100.005,100.012,99.997,103079082,10308247184
2017-09-18,99.988,99.986,99.990,99.984,85332146,8532038384
2017-09-19,99.985,99.979,99.986,99.970,103782637,10376218125
2017-09-20,99.980,99.984,99.986,99.975,110621569,11059950547
2017-09-21,99.981,99.988,99.989,99.977,121296654,12127267688
2017-09-22,99.999,99.990,100.004,99.986,116303163,11629551653
2017-09-25,99.978,99.985,99.988,99.971,132173720,13214658023
2017-09-26,99.981,99.980,99.985,99.968,127185385,12715351966
2017-09-27,99.973,99.972,99.985,99.955,124604039,12455733601
2017-09-28,99.975,99.935,99.975,99.900,146600369,14654558934
2017-09-29,100.066,100.059,100.079,100.041,120342336,12041987580
2017-10-09,99.976,99.973,99.982,99.968,129942000,12991070640
2017-10-10,99.974,100.005,100.008,99.971,106760273,10673742803
2017-10-11,99.998,100.011,100.012,99.990,115068602,11507235856
2017-10-12,100.003,100.014,100.017,100.002,114452873,11446445700
2017-10-13,100.019,100.025,100.027,100.013,110598597,11062175164
2017-10-16,99.999,100.011,100.012,99.998,101497162,10150233972
2017-10-17,100.006,100.010,100.013,100.003,78266850,7827305535
2017-10-18,100.007,100.011,100.012,100.006,80285239,8029302516
2017-10-19,100.008,100.012,100.015,100.006,146207838,14622309453
2017-10-20,100.015,100.030,100.031,100.013,94008038,9402676882
2017-10-23,100.006,100.010,100.015,100.004,103440240,10344893347
2017-10-24,100.007,100.007,100.009,100.003,103201265,10320819616
2017-10-25,100.004,100.000,100.005,99.999,109321999,10932401565
2017-10-26,99.990,100.001,100.002,99.988,135587416,13558372491
2017-10-27,100.008,100.005,100.011,99.999,130761417,13076585114
2017-10-30,99.989,99.988,99.992,99.971,127861093,12783379815
2017-10-31,99.983,100.000,100.001,99.974,155625656,15559352669
2017-11-01,99.998,100.007,100.011,99.994,108336067,10833866134
2017-11-02,100.003,100.017,100.021,100.002,155384055,15539776622
2017-11-03,100.017,100.041,100.045,100.014,134901922,13493142700
2017-11-06,100.012,100.009,100.013,100.007,120637312,12064980624
2017-11-07,100.005,100.009,100.010,100.003,102204338,10221130267
2017-11-08,100.005,100.011,100.012,100.005,114869877,11487977060
2017-11-09,100.008,100.006,100.009,100.000,108317558,10832188714
2017-11-10,100.010,100.010,100.016,100.007,123302415,12331709849
2017-11-13,100.000,99.997,100.000,99.984,128690781,12867905985
2017-11-14,99.989,99.990,99.992,99.975,127718659,12770313328
2017-11-15,99.984,99.995,99.996,99.984,112699823,11268867388
2017-11-16,99.989,100.006,100.010,99.987,145789540,14578282203
2017-11-17,100.010,100.020,100.023,100.006,149181109,14920211413
2017-11-20,99.996,99.995,99.996,99.988,133309889,13330028821
2017-11-21,99.990,99.991,99.993,99.988,127734050,12772223354
2017-11-22,99.989,99.987,99.992,99.982,116010240,11599636029
2017-11-23,99.985,99.999,100.000,99.983,129426408,12940894196
2017-11-24,100.003,100.006,100.010,100.001,147774765,14778271594
2017-11-27,99.988,99.995,99.997,99.983,228751402,22872267640
2017-11-28,99.988,99.992,99.995,99.986,128144035,12813098888
2017-11-29,99.987,99.980,99.992,99.978,163940337,16392192863
2017-11-30,99.985,100.000,100.008,99.980,124985867,12497126465
2017-12-01,100.009,100.014,100.018,100.008,150683851,15070175313
2017-12-04,99.993,100.003,100.005,99.992,167158867,16715909921
2017-12-05,100.001,100.010,100.011,99.998,162799991,16280577428
2017-12-06,100.005,100.007,100.016,100.004,145813185,14582404577
2017-12-07,100.005,100.010,100.015,100.004,150597077,15060811741
2017-12-08,100.015,100.017,100.022,100.012,144242829,14426654425
2017-12-11,100.002,99.995,100.004,99.994,157980597,15797672416
2017-12-12,99.993,99.996,99.996,99.989,122022508,12201206272
2017-12-13,99.993,99.987,99.994,99.980,146670189,14665821252
2017-12-14,99.988,99.995,99.996,99.986,199872699,19984991766
2017-12-15,100.005,100.005,100.010,100.001,240273291,24028797656
2017-12-18,99.988,99.983,99.989,99.977,193179477,19314961328
2017-12-19,99.980,99.974,99.981,99.955,190785413,19072810421
2017-12-20,99.967,99.981,99.988,99.958,148518840,14847140400
2017-12-21,99.973,99.998,99.999,99.959,166779526,16674546668
2017-12-22,99.998,99.997,100.002,99.991,145999354,14599469928
2017-12-25,99.974,99.986,99.988,99.969,144806559,14476955259
2017-12-26,99.978,99.969,99.979,99.960,137996124,13795832192
2017-12-27,99.955,99.934,99.965,99.800,119077518,11897368159
2017-12-28,99.890,99.859,99.890,99.469,82425802,8231056185
2017-12-29,100.000,100.015,100.018,99.980,163137876,16313716784
2018-01-02,99.990,99.998,100.000,99.986,101466847,10146091902
2018-01-03,99.995,99.999,100.000,99.991,107695678,10768886794
2018-01-04,99.999,100.012,100.015,99.997,112038538,11204471753
2018-01-05,100.013,100.038,100.040,100.013,104328100,10435660371
2018-01-08,100.003,100.021,100.023,100.003,82807006,8281708522
2018-01-09,100.008,100.016,100.018,100.008,67605367,6761391668
2018-01-10,100.004,100.011,100.013,100.004,86674508,8668247198
2018-01-11,100.010,100.016,100.018,100.006,72260176,7226901602
2018-01-12,100.019,100.044,100.062,100.018,69023504,6904235410
2018-01-15,100.009,100.024,100.030,100.008,87364849,8737503520
2018-01-16,100.009,100.010,100.015,100.007,67087442,6709502439
2018-01-17,100.008,100.012,100.020,99.991,77236777,7723572435
2018-01-18,100.004,100.001,100.011,99.995,73618539,7361923642
2018-01-19,100.010,100.019,100.022,100.010,78855351,7886698294
2018-01-22,99.989,100.011,100.013,99.977,98537872,9853815449
2018-01-23,100.005,100.001,100.006,99.998,76638042,7663843407
2018-01-24,99.999,99.994,100.001,99.993,67952101,6795116987
2018-01-25,99.990,100.006,100.007,99.988,67424720,6742308473
2018-01-26,100.013,100.012,100.019,100.010,63348898,6335788207
2018-01-29,99.994,100.010,100.012,99.991,73061911,7306261012
2018-01-30,100.001,100.004,100.009,99.995,80754405,8075690345
2018-01-31,100.003,100.000,100.008,99.998,64241864,6424447937
2018-02-01,100.001,100.010,100.016,99.999,82951105,8295494410
2018-02-02,100.018,100.035,100.037,100.012,68611632,6862702484
2018-02-05,100.003,100.023,100.033,100.002,77831651,7784061082
2018-02-06,100.011,100.036,100.039,100.006,84437333,8444982500
2018-02-07,100.049,100.024,100.049,100.005,70216921,7022784620
2018-02-08,100.010,100.010,100.017,99.993,86932019,8693622935
2018-02-09,100.000,100.035,100.036,99.980,97957918,9796248823
2018-02-12,100.002,100.023,100.140,99.997,84454375,8446024016
2018-02-13,100.004,100.076,100.080,99.978,77725358,7774009369
2018-02-14,100.080,100.109,100.113,100.080,54612115,5466587559
2018-02-22,100.004,100.024,100.028,100.003,77903108,7791579836
2018-02-23,100.022,100.029,100.033,100.022,66541579,6656054060
2018-02-26,100.009,100.011,100.018,100.008,73917269,7392693538
2018-02-27,100.007,100.011,100.017,100.006,66325117,6633226508
2018-02-28,100.010,100.016,100.021,99.999,85333929,8534112341
2018-03-01,100.012,100.011,100.019,100.009,80525476,8053675635
2018-03-02,100.022,100.031,100.037,100.019,75851943,7587172127
2018-03-05,100.012,100.019,100.023,100.012,97259942,9727543330
2018-03-06,100.014,100.010,100.021,100.000,82132296,8214597551
2018-03-07,100.009,100.016,100.017,100.009,66010754,6601931102
2018-03-08,100.012,100.011,100.016,100.004,83830233,8384094728
2018-03-09,100.021,100.017,100.025,100.015,91209078,9122745090
2018-03-12,99.996,100.003,100.006,99.992,111807075,11180407083
2018-03-13,100.002,100.010,100.011,99.994,110791252,11079213361
2018-03-14,100.003,100.011,100.012,100.002,111019242,11102706683
2018-03-15,100.008,100.010,100.016,100.007,103043622,10305601113
2018-03-16,100.020,100.020,100.024,100.018,96472812,9649265554
2018-03-19,100.002,100.010,100.014,100.002,86053065,8605994485
2018-03-20,100.006,100.012,100.013,100.005,96009379,9601655721
2018-03-21,100.005,100.004,100.008,100.001,89696507,8970020051
2018-03-22,100.004,100.012,100.014,100.001,108408076,10841688115
2018-03-23,100.014,100.022,100.024,100.009,136748029,13677077033
2018-03-26,99.998,99.996,100.002,99.990,114636556,11463473603
2018-03-27,99.990,99.988,99.991,99.975,134040915,13401597844
2018-03-28,99.980,99.988,99.990,99.974,107310524,10729078128
2018-03-29,99.977,99.966,99.986,99.911,91815233,9179048039
2018-03-30,100.000,100.005,100.010,99.984,117472643,11746983328
2018-04-02,99.996,100.009,100.010,99.990,112892782,11289465258
2018-04-03,100.006,100.035,100.037,100.006,94957388,9497567848
2018-04-04,100.045,100.057,100.079,100.045,91367473,9142512479
2018-04-09,100.010,100.036,100.045,100.007,104791027,10481237791
2018-04-10,100.021,100.037,100.042,100.021,85855636,8587980158
2018-04-11,100.020,100.024,100.031,100.016,101028552,10105251186
2018-04-12,100.019,100.023,100.025,100.018,99442305,9946318889
2018-04-13,100.028,100.040,100.042,100.027,85747842,8577576582
2018-04-16,100.019,100.016,100.021,100.011,87584172,8759808200
2018-04-17,100.006,100.012,100.015,100.006,81674446,8168271637
2018-04-18,100.006,99.998,100.010,99.995,106318900,10632053603
2018-04-19,99.998,99.979,99.998,99.959,97773099,9774504383
2018-04-20,99.999,99.991,100.005,99.960,109785686,10978203549
2018-04-23,99.977,99.953,99.984,99.931,119230720,11917440930
2018-04-24,99.926,99.952,99.956,99.925,88439481,8838424651
2018-04-25,99.975,99.983,99.998,99.968,83412589,8339685413
2018-04-26,99.985,100.001,100.006,99.975,89574462,8955830040
2018-04-27,100.042,100.035,100.048,100.021,92132785,9216326021
2018-05-02,99.998,100.017,100.019,99.995,99861700,9987204823
2018-05-03,100.013,100.020,100.021,100.008,107696872,10771192485
2018-05-04,100.028,100.035,100.040,100.023,111204681,11123933040
2018-05-07,100.013,100.010,100.019,100.002,142758480,14277373702
2018-05-08,100.009,100.011,100.011,100.002,114145726,11415405122
2018-05-09,100.005,100.011,100.012,100.004,82452244,8245935066
2018-05-10,100.007,100.010,100.012,100.005,79526291,7953389019
2018-05-11,100.022,100.025,100.026,100.014,98119267,9813771983
2018-05-14,100.003,100.001,100.007,99.996,109018449,10901945795
2018-05-15,99.997,100.000,100.003,99.990,107211987,10720865178
2018-05-16,99.995,100.000,100.007,99.993,82550233,8255023636
2018-05-17,100.000,100.010,100.013,99.999,95540143,9554404225
2018-05-18,100.019,100.027,100.033,100.015,98551763,9857156512
2018-05-21,99.996,100.000,100.002,99.994,112479926,11247842965
2018-05-22,99.999,100.006,100.010,99.995,101230677,10123080723
2018-05-23,100.003,100.011,100.014,100.002,71324465,7133001844
2018-05-24,100.008,100.018,100.020,100.007,100528629,10054108967
2018-05-25,100.020,100.019,100.025,100.012,96035730,9605579969
2018-05-28,99.997,100.002,100.004,99.986,104068221,10406269476
2018-05-29,99.992,99.994,99.997,99.977,114658487,11464062977
2018-05-30,99.972,99.982,100.000,99.965,101846716,10182651769
2018-05-31,99.975,99.985,100.004,99.900,114466614,11445000990
2018-06-01,100.015,100.016,100.022,100.010,111593687,11161381189
2018-06-04,100.010,100.005,100.010,100.000,134256136,13426100886
2018-06-05,100.002,100.002,100.005,100.000,112395298,11239790307
2018-06-06,100.002,100.010,100.013,100.001,112515542,11252165290
2018-06-07,100.006,100.012,100.017,100.006,111051102,11106025544
2018-06-08,100.016,100.018,100.024,100.016,119555807,11957768295
2018-06-11,100.004,100.007,100.008,100.002,109706256,10971172306
2018-06-12,100.006,100.000,100.007,99.998,108757624,10875965185
2018-06-13,99.997,99.997,100.000,99.990,90819275,9081433540
2018-06-14,99.997,99.999,100.002,99.993,109111207,10910846488
2018-06-15,100.022,100.020,100.024,100.012,104136138,10415362691
2018-06-19,99.990,99.998,100.000,99.980,117218667,11720194601
2018-06-20,99.985,99.999,100.000,99.977,117386209,11736845337
2018-06-21,99.984,99.998,100.004,99.984,129751836,12974068165
2018-06-22,100.000,100.005,100.006,99.994,144812748,14481349739
2018-06-25,99.971,99.986,99.987,99.971,133674926,13365125460
2018-06-26,99.979,99.983,99.989,99.979,133957026,13393347485
2018-06-27,99.981,99.972,99.981,99.964,161236315,16119108946
2018-06-28,99.942,99.974,99.980,99.903,150787759,15067812922
2018-06-29,100.000,100.004,100.011,99.996,153632553,15363844021
2018-07-02,99.999,100.012,100.015,99.997,104299647,10430792978
2018-07-03,100.012,100.020,100.024,100.010,108803707,10881975345
2018-07-04,100.013,100.063,100.500,100.013,108775685,10879885475
2018-07-05,100.023,100.030,100.043,100.014,134555167,13459006815
2018-07-06,100.028,100.039,100.042,100.023,124481693,12451974303
2018-07-09,100.016,100.023,100.026,100.014,126340594,12636477984
2018-07-10,100.015,100.034,100.041,100.013,130643060,13067007436
2018-07-11,100.020,100.016,100.029,100.012,112358579,11238401229
2018-07-12,100.011,100.014,100.019,100.005,119418233,11943380495
2018-07-13,100.015,100.031,100.032,100.015,112683638,11271063410
2018-07-16,100.010,100.024,100.025,100.008,102754719,10276989114
2018-07-17,100.015,100.025,100.031,100.015,91168261,9118959342
2018-07-18,100.018,100.010,100.025,100.009,108880654,10890258034
2018-07-19,100.009,100.012,100.017,100.008,133716130,13373310346
2018-07-20,100.021,100.023,100.026,100.014,97010660,9703227280
2018-07-23,100.010,100.012,100.017,100.004,122461498,12247274134
2018-07-24,100.005,99.993,100.005,99.981,128301377,12828867979
2018-07-25,99.985,100.000,100.001,99.982,106348524,10633973441
2018-07-26,99.996,100.010,100.011,99.993,118687849,11869248276
2018-07-27,100.011,100.019,100.022,100.011,109442524,10946248471
2018-07-30,100.000,100.007,100.008,99.999,110983793,11098810799
2018-07-31,100.005,100.010,100.013,100.005,84817468,8482475924
2018-08-01,100.000,100.018,100.021,100.000,96556460,9656574397
2018-08-02,100.015,100.015,100.022,100.012,89028891,8904300491
2018-08-03,100.023,100.028,100.030,100.021,101205268,10123002503
2018-08-06,100.013,100.014,100.017,100.011,92502587,9251477481
2018-08-07,100.006,100.013,100.016,100.006,107142556,10715323663
2018-08-08,100.012,100.017,100.021,100.006,113007212,11301991519
2018-08-09,100.014,100.008,100.016,100.003,108851931,10886344023
2018-08-10,100.018,100.019,100.021,100.015,78357597,7837132805
2018-08-13,100.009,100.016,100.018,100.008,103298404,10331292885
2018-08-14,100.013,100.010,100.018,100.007,87312422,8732454170
2018-08-15,100.011,100.012,100.014,100.010,93216578,9322773747
2018-08-16,100.012,100.010,100.013,100.008,88680477,8869041940
2018-08-17,100.016,100.015,100.020,100.012,83065310,8307877805
2018-08-20,100.008,100.005,100.010,99.999,90233561,9023872484
2018-08-21,100.004,100.000,100.005,99.995,93431927,9343134270
2018-08-22,99.998,100.000,100.005,99.993,101151060,10114866144
2018-08-23,99.999,100.004,100.005,99.995,104492782,10449322402
2018-08-24,100.015,100.016,100.019,100.014,89231930,8924642064
2018-08-27,100.000,99.999,100.003,99.997,128469818,12846932015
2018-08-28,99.997,100.007,100.010,99.995,91207349,9120631687
2018-08-29,100.000,100.010,100.011,99.999,62932589,6293565596
2018-08-30,100.007,100.015,100.016,100.006,75290976,7529815094
2018-08-31,100.018,100.028,100.032,100.016,75120964,7513623837
2018-09-03,100.010,100.011,100.017,100.004,90748847,9075743329
2018-09-04,100.009,100.010,100.011,100.006,70981226,7098771593
2018-09-05,100.009,100.011,100.016,100.008,98712450,9872303310
2018-09-06,100.008,100.015,100.016,100.006,89547242,8955735165
2018-09-07,100.017,100.001,100.020,99.995,139570664,13958467221
2018-09-10,99.995,100.005,100.009,99.994,153357753,15335765032
2018-09-11,100.005,99.994,100.006,99.990,122105045,12210150420
2018-09-12,99.994,100.018,100.028,99.992,89673709,8967405381
2018-09-13,100.001,100.009,100.010,99.998,82196099,8219856060
2018-09-14,100.010,100.016,100.016,100.008,94420390,9443194654
2018-09-17,100.000,100.014,100.014,99.999,82809891,8281602025
2018-09-18,100.005,99.999,100.010,99.996,105364122,10536969523
2018-09-19,99.997,99.995,100.002,99.987,111166733,11115975073
2018-09-20,99.988,99.993,99.997,99.986,93717840,9371000394
2018-09-21,100.008,99.976,100.012,99.950,151817376,15180788788
2018-09-25,99.971,99.974,99.985,99.960,136167749,13612812480
2018-09-26,99.964,99.964,99.973,99.952,139331915,13927913807
2018-09-27,99.960,99.983,99.999,99.940,113201174,11315412298
2018-09-28,100.053,100.066,100.070,100.048,171669113,17177033086
2018-10-08,99.999,100.014,100.021,99.999,100013575,10002354711
2018-10-09,100.009,100.032,100.033,100.009,84467399,8448178808
2018-10-10,100.017,100.047,100.100,100.011,88660402,8867738796
2018-10-11,100.019,100.008,100.024,100.002,124241790,12425535885
2018-10-12,100.005,100.031,100.032,100.005,121203053,12122716983
2018-10-15,100.011,100.013,100.016,100.008,102806157,10281799526
2018-10-16,100.010,100.010,100.015,100.007,105822786,10583407480
2018-10-17,100.001,100.007,100.012,100.001,101021222,10102505957
2018-10-18,100.007,100.012,100.014,100.003,99592930,9960057122
2018-10-19,100.018,100.017,100.020,100.005,130563714,13058014271
2018-10-22,99.900,99.991,99.998,99.900,151832660,15180580006
2018-10-23,99.992,100.008,100.010,99.986,101440072,10143756111
2018-10-24,100.008,100.012,100.014,100.004,98379067,9838833079
2018-10-25,100.005,100.011,100.012,100.004,89205466,8921348163
2018-10-26,100.015,100.025,100.032,100.014,99996704,10002116223
2018-10-29,100.011,100.010,100.015,100.007,96571408,9658216687
2018-10-30,100.008,100.010,100.011,100.001,115052327,11505870964
2018-10-31,100.007,100.008,100.010,99.996,97253639,9725606105
2018-11-01,100.000,99.995,100.002,99.988,136172448,13616423406
2018-11-02,99.963,99.981,99.997,99.960,186983599,18695503532
2018-11-05,99.982,100.002,100.003,99.975,131986487,13197799973
2018-11-06,100.001,100.008,100.009,99.999,88934838,8893869407
2018-11-07,100.005,99.999,100.007,99.998,89092741,8909470087
2018-11-08,99.999,100.002,100.004,99.997,90875366,9087607646
2018-11-09,100.012,100.012,100.020,100.009,95623499,9563471035
2018-11-12,100.003,99.992,100.005,99.989,80484637,8048538230
2018-11-13,99.997,99.987,99.997,99.985,99108679,9910002054
2018-11-14,99.987,100.000,100.001,99.987,87810619,8780424377
2018-11-15,99.992,99.991,99.999,99.990,86566055,8656149953
2018-11-16,100.000,100.000,100.004,99.960,112481917,11247767405
2018-11-19,99.991,99.995,99.996,99.988,85055772,8504975942
2018-11-20,99.995,100.003,100.006,99.991,96823395,9681997344
2018-11-21,100.000,100.009,100.009,99.998,87034234,8703713829
2018-11-22,100.003,100.007,100.009,100.002,74562087,7456664985
2018-11-23,100.015,100.020,100.021,100.012,68967823,6897844497
2018-11-26,100.005,100.004,100.090,100.001,75358718,7536213407
2018-11-27,100.004,100.003,100.007,100.000,69325399,6932810323
2018-11-28,100.001,99.994,100.004,99.993,80586051,8058507569
2018-11-29,99.985,99.998,100.000,99.981,93481631,9347207999
2018-11-30,100.010,100.010,100.014,100.000,109015925,10902509136
2018-12-03,99.983,99.991,99.997,99.980,155954908,15593358658
2018-12-04,99.995,99.997,100.001,99.994,111966862,11196386371
2018-12-05,99.999,99.994,99.999,99.990,116657575,11665039060
2018-12-06,99.993,99.996,99.999,99.992,105264161,10525976877
2018-12-07,100.005,100.006,100.009,100.001,110116658,11012190348
2018-12-10,100.000,100.001,100.004,99.997,86394953,8639425340
2018-12-11,100.002,99.999,100.003,99.997,62588896,6258829145
2018-12-12,99.995,99.991,99.998,99.990,75642635,7563838920
2018-12-13,99.992,99.989,99.994,99.969,115704525,11568724091
2018-12-14,99.993,99.992,99.998,99.987,93439962,9343197851
2018-12-17,99.986,99.983,99.988,99.980,80340026,8032759396
2018-12-18,99.980,99.993,99.996,99.978,107533432,10751413986
2018-12-19,99.986,99.981,99.993,99.974,128318994,12829879451
2018-12-20,99.975,99.992,100.100,99.963,104155814,10413125841
2018-12-21,99.982,99.987,99.990,99.975,122854560,12283261052
2018-12-24,99.972,99.971,99.976,99.962,115382376,11534529861
2018-12-25,99.969,99.963,99.971,99.961,95198960,9516551673
2018-12-26,99.963,99.950,99.973,99.944,95827889,9579150813
2018-12-27,99.923,99.951,99.975,99.903,98160970,9808547754
2018-12-28,100.005,100.022,100.026,99.996,148515975,14852520416
2019-01-02,99.998,99.985,100.001,99.976,82993676,8299087920
2019-01-03,99.993,100.013,100.015,99.993,74089691,7409175655
2019-01-04,100.014,100.029,100.031,100.012,97700579,9772083479
2019-01-07,100.003,100.044,100.047,100.002,92105636,9212729646
2019-01-08,100.020,100.048,100.050,100.018,56122702,5614270480
2019-01-09,100.027,100.016,100.033,100.004,95669105,9568158104
2019-01-10,100.013,100.015,100.015,99.999,85657760,8566428371
2019-01-11,100.018,100.023,100.025,100.017,60815688,6082894777
2019-01-14,100.003,100.008,100.012,100.003,53476441,5348105152
2019-01-15,100.009,100.004,100.013,100.002,86047508,8605354593
2019-01-16,100.000,100.006,100.009,99.995,58074334,5807437172
2019-01-17,100.003,100.003,100.007,100.000,50932557,5093373324
2019-01-18,100.014,100.003,100.016,100.000,69188865,6919619992
2019-01-21,99.995,99.994,99.998,99.989,63107444,6310333324
2019-01-22,99.991,99.994,99.996,99.990,54981262,5497776966
2019-01-23,99.993,99.996,99.999,99.992,57687756,5768534596
2019-01-24,99.994,99.996,99.997,99.991,68021234,6801699093
2019-01-25,100.007,100.003,100.007,99.999,74532167,7453330991
2019-01-28,99.986,99.993,99.995,99.981,75931143,7592054440
2019-01-29,99.990,99.995,99.996,99.987,55288171,5528413892
2019-01-30,99.995,99.995,100.001,99.985,74082574,7407813224
2019-01-31,99.990,100.003,100.008,99.980,57138101,5713420902
2019-02-01,100.051,100.073,100.077,100.048,88191867,8824716738
2019-02-11,100.003,100.001,100.006,99.998,103848976,10385079183
2019-02-12,100.000,100.001,100.002,99.998,65889399,6588967059
2019-02-13,99.999,100.002,100.004,99.998,78841836,7884206648
2019-02-14,99.999,100.001,100.004,99.996,65984132,6598458957
2019-02-15,100.006,100.011,100.013,100.006,76798023,7680551621
2019-02-18,99.993,99.998,99.998,99.992,94073445,9406910693
2019-02-19,99.995,100.008,100.012,99.993,78029152,7802803219
2019-02-20,100.003,100.008,100.010,100.001,85049273,8505488103
2019-02-21,100.003,100.012,100.014,100.001,59666518,5967027984
2019-02-22,100.013,100.001,100.014,99.994,69000094,6900528354
2019-02-25,99.970,99.957,99.975,99.800,150431168,15036807940
2019-02-26,99.939,99.984,99.992,99.900,94552212,9450109482
2019-02-27,99.971,99.997,99.999,99.956,118361906,11833614280
2019-02-28,99.991,100.009,100.010,99.989,76300251,7630095247
2019-03-01,100.008,100.011,100.019,100.006,85811933,8582264460
2019-03-04,99.996,99.998,100.004,99.977,155235061,15521970708
2019-03-05,99.991,99.995,99.997,99.990,99664107,9965782902
2019-03-06,99.992,100.003,100.005,99.988,93242334,9323971363
2019-03-07,99.990,100.007,100.010,99.990,87226879,8722488173
2019-03-08,100.008,99.991,100.012,99.980,135902200,13589790420
2019-03-11,99.982,99.999,100.000,99.980,97858047,9784931527
2019-03-12,99.992,99.999,100.001,99.990,90878731,9087363651
2019-03-13,99.996,100.004,100.007,99.995,97417389,9741557498
2019-03-14,99.999,99.995,100.000,99.994,93942068,9393984319
2019-03-15,99.998,100.003,100.004,99.995,99562190,9956066578
2019-03-18,99.993,99.989,99.996,99.985,96326077,9631723040
2019-03-19,99.980,99.990,99.991,99.978,74260597,7425029483
2019-03-20,99.990,99.995,99.998,99.988,67222650,6721750763
2019-03-21,99.992,99.982,99.995,99.970,85930118,8592099765
2019-03-22,99.996,100.001,100.004,99.993,90319804,9031726661
2019-03-25,99.990,99.991,99.995,99.985,82641051,8263248801
2019-03-26,99.988,99.993,99.994,99.986,80993474,8098555382
2019-03-27,99.989,99.989,99.991,99.986,73180882,7317320932
2019-03-28,99.985,99.986,99.991,99.968,82717207,8269931871
2019-03-29,99.998,99.979,99.999,99.970,113245353,11322895371
2019-04-01,99.980,99.978,99.985,99.970,121782461,12175553786
2019-04-02,99.976,99.994,99.995,99.973,90608742,9059323427
2019-04-03,99.994,100.000,100.001,99.990,99794409,9978974171
2019-04-04,99.997,100.026,100.030,99.997,128253948,12827399992
2019-04-08,99.994,100.010,100.014,99.992,100087268,10009018042
2019-04-09,100.003,100.012,100.014,99.999,64649803,6465256264
2019-04-10,100.002,99.999,100.004,99.996,68157498,6815821300
2019-04-11,99.997,100.002,100.003,99.993,81532006,8153068320
2019-04-12,100.005,100.015,100.024,100.004,66419125,6642562758
2019-04-15,99.991,100.005,100.009,99.989,85159726,8515667448
2019-04-16,100.000,99.985,100.000,99.978,138450685,13843383440
2019-04-17,99.985,99.993,99.996,99.984,93435893,9342632800
2019-04-18,99.993,99.994,100.000,99.989,94086286,9408126882
2019-04-19,100.002,100.016,100.017,100.001,85925043,8593209674
2019-04-22,99.993,100.006,100.007,99.990,123565607,12355967198
2019-04-23,99.997,100.004,100.005,99.996,70521067,7052149531
2019-04-24,99.999,99.997,100.003,99.991,78870930,7886938043
2019-04-25,99.994,99.996,99.998,99.987,74520940,7451704603
2019-04-26,100.000,100.000,100.004,99.998,74978971,7497935229
2019-04-29,99.990,99.981,99.991,99.977,108521803,10850598933
2019-04-30,100.020,100.031,100.032,100.009,87711475,8772828023
2019-05-06,99.990,100.005,100.006,99.983,157372912,15736256209
2019-05-07,99.997,100.012,100.014,99.994,98492119,9849602181
2019-05-08,100.004,100.016,100.018,100.002,72898384,7290467116
2019-05-09,100.008,100.043,100.050,100.007,85703024,8571589086
2019-05-10,100.017,100.030,100.040,100.003,108036203,10805400776
2019-05-13,100.005,100.011,100.014,100.002,92582352,9259068542
2019-05-14,100.004,100.007,100.011,100.003,70244107,7024886777
2019-05-15,100.004,100.007,100.008,100.000,72032728,7203628143
2019-05-16,100.003,100.001,100.005,99.998,63131838,6313270991
2019-05-17,100.009,100.016,100.019,100.009,74187096,7419732384
2019-05-20,100.005,100.003,100.006,99.995,98617109,9861737719
2019-05-21,100.000,100.005,100.010,99.999,92774972,9277772977
2019-05-22,100.003,100.011,100.012,100.002,60659031,6066343621
2019-05-23,100.005,100.013,100.016,100.004,79924150,7992977376
2019-05-24,100.013,100.010,100.015,100.006,87879650,8788917798
2019-05-27,100.000,99.998,100.001,99.994,94875204,9487309185
2019-05-28,99.994,100.003,100.007,99.993,76753347,7675240823
2019-05-29,100.000,99.997,100.001,99.994,88683594,8868143048
2019-05-30,99.996,100.007,100.008,99.996,99176851,9917666623
2019-05-31,100.010,100.012,100.016,100.009,64709197,6471713022
2019-06-03,99.999,100.002,100.007,99.998,79426080,7942911298
2019-06-04,100.003,100.002,100.009,99.999,87423604,8742811009
2019-06-05,100.003,100.004,100.022,100.000,91651498,9165580203
2019-06-06,100.018,100.016,100.020,100.013,77568950,7758140804
2019-06-10,100.000,100.004,100.005,99.998,81642049,8164287434
2019-06-11,100.002,100.002,100.005,99.996,93589432,9359010913
2019-06-12,99.998,100.007,100.008,99.998,77436760,7743746087
2019-06-13,100.001,100.007,100.010,99.999,64034101,6403643887
2019-06-14,100.012,100.016,100.016,100.010,62443164,6245154846
2019-06-17,100.000,100.007,100.009,99.999,81560988,8156401936
2019-06-18,100.004,100.008,100.010,100.004,56861856,5686584777
2019-06-19,99.950,99.997,99.999,99.950,113374472,11335918924
2019-06-20,99.999,99.986,99.999,99.900,129337645,12931786533
2019-06-21,99.977,100.005,100.011,99.965,140706734,14068769083
2019-06-24,99.988,99.997,100.001,99.988,102606628,10260009729
2019-06-25,99.996,100.000,100.006,99.994,108902194,10890129094
2019-06-26,100.000,99.998,100.002,99.994,61934013,6193277179
2019-06-27,99.993,99.982,99.996,99.972,129637507,12961630353
2019-06-28,99.998,100.006,100.009,99.995,83761789,8376342331
2019-07-01,99.982,99.973,99.984,99.930,181069997,18102790056
2019-07-02,99.980,100.001,100.002,99.974,129415797,12939954635
2019-07-03,99.999,100.003,100.006,99.998,92985345,9298673933
2019-07-04,100.001,100.004,100.006,100.000,87702890,8770493298
2019-07-05,100.007,100.012,100.015,100.003,71542904,7154951006
2019-07-08,100.003,100.008,100.010,100.001,81171028,8117570904
2019-07-09,100.005,100.005,100.008,100.002,71149424,7115267422
2019-07-10,100.004,100.003,100.005,99.999,69872101,6987344966
2019-07-11,100.000,100.006,100.008,99.999,76044113,7604686730
2019-07-12,100.011,100.010,100.014,100.009,60846459,6085341676
2019-07-15,100.000,100.000,100.002,99.994,79164299,7916335710
2019-07-16,99.999,99.999,100.001,99.996,55861801,5586094211
2019-07-17,100.001,100.004,100.009,99.997,62157485,6215795393
2019-07-18,100.001,100.000,100.002,99.998,57763882,5776387669
2019-07-19,100.009,100.008,100.011,100.004,65990981,6599612475
2019-07-22,99.992,100.001,100.002,99.991,52223266,5222213924
2019-07-23,99.999,100.002,100.003,99.998,60953331,6095326201
2019-07-24,100.000,100.000,100.001,99.995,76587146,7658581788
2019-07-25,100.002,99.997,100.002,99.993,65289163,6528856734
2019-07-26,100.006,100.010,100.011,100.005,71402342,7140735101
2019-07-29,99.998,99.999,100.000,99.996,56591702,5659069349
2019-07-30,99.998,99.992,99.999,99.990,99927962,9992138403
2019-07-31,99.992,99.992,99.999,99.991,80078167,8007442964
2019-08-01,99.995,99.997,99.999,99.992,82456185,8245228861
2019-08-02,100.002,100.003,100.006,99.999,87203984,8720634474
2019-08-05,99.996,99.996,99.997,99.989,83589500,8358512577
2019-08-06,99.993,99.995,99.996,99.985,103151245,10314274068
2019-08-07,99.993,99.999,99.999,99.991,64448177,6444479567
2019-08-08,99.995,99.999,100.003,99.994,78612319,7860999621
2019-08-09,100.003,100.010,100.012,100.003,83055844,8306212764
2019-08-12,99.995,100.003,100.005,99.995,80559139,8055884233
2019-08-13,99.998,100.000,100.001,99.996,81889464,8188778296
2019-08-14,99.994,100.001,100.004,99.993,75666752,7566410013
2019-08-15,99.996,99.999,100.002,99.995,74341493,7434023943
2019-08-16,100.003,100.004,100.007,100.002,77967270,7797072081
2019-08-19,99.993,99.990,99.995,99.982,117036849,11702431596
2019-08-20,99.984,99.995,99.997,99.983,73768461,7376103345
2019-08-21,99.996,99.996,99.998,99.994,64344371,6434199589
2019-08-22,99.996,100.002,100.005,99.994,61507524,6150600307
2019-08-23,100.007,100.005,100.008,99.998,89178949,8918123568
2019-08-26,99.991,99.998,99.998,99.988,73235572,7323109703
2019-08-27,99.997,99.989,99.998,99.987,99720495,9971241234
2019-08-28,99.993,99.995,99.995,99.990,68242146,6823716698
2019-08-29,99.993,99.997,100.000,99.993,71450830,7144776444
2019-08-30,100.003,100.007,100.010,100.002,73235809,7323928188
2019-09-02,99.995,99.992,99.997,99.988,86218188,8621221905
2019-09-03,99.993,99.994,99.995,99.991,70434936,7043006078
2019-09-04,99.993,99.992,99.995,99.990,91187084,9118025030
2019-09-05,99.986,99.990,99.992,99.973,124270525,12425051206
2019-09-06,99.994,99.999,100.000,99.990,104723161,10471660888
2019-09-09,99.983,99.989,99.992,99.983,87449057,8743918627
2019-09-10,99.988,99.993,99.995,99.986,80238009,8022941996
2019-09-11,99.990,99.994,99.995,99.988,77474626,7746862922
2019-09-12,100.004,100.015,100.016,100.004,82024796,8203175109
2019-09-16,99.993,99.994,99.996,99.991,76578918,7657348760
2019-09-17,99.994,99.995,99.997,99.992,81084909,8108026180
2019-09-18,99.994,100.001,100.001,99.993,71954181,7195171088
2019-09-19,99.997,100.000,100.000,99.996,56566556,5656544533
2019-09-20,100.001,100.020,100.023,100.001,76877018,7688283890
2019-09-23,99.995,99.998,100.000,99.994,86272933,8627045456
2019-09-24,99.996,100.001,100.007,99.993,101278523,10127555730
2019-09-25,99.997,99.998,99.999,99.985,84729986,8472602231
2019-09-26,99.996,99.993,99.996,99.988,99918588,9991040259
2019-09-27,99.995,100.016,100.018,99.995,91341062,9134377201
2019-09-30,100.041,100.060,100.066,100.035,70866933,7090046684
2019-10-08,99.997,100.004,100.010,99.994,113233054,11323287044
2019-10-09,100.000,100.000,100.007,99.999,90156791,9015862439
2019-10-10,99.998,100.004,100.007,99.997,68337082,6833670554
2019-10-11,100.008,100.008,100.012,100.003,77739514,7774581971
2019-10-14,99.993,99.996,99.998,99.990,91803403,9179751551
2019-10-15,99.995,100.007,100.009,99.994,85834088,8583388821
2019-10-16,100.002,100.008,100.009,99.999,61930284,6193283445
2019-10-17,100.003,100.002,100.007,100.001,57270402,5727229309
2019-10-18,100.010,100.044,100.500,100.008,84880028,8489612376
2019-10-21,100.003,100.006,100.013,100.002,75173465,7517814062
2019-10-22,100.004,99.998,100.005,99.997,79847813,7984865043
2019-10-23,99.999,100.000,100.001,99.998,49588653,4958831556
2019-10-24,99.998,99.997,100.001,99.996,56513348,5651289164
2019-10-25,100.009,99.996,100.010,99.973,79030061,7903327426
2019-10-28,99.950,99.989,99.991,99.950,105205434,10518971790
2019-10-29,99.990,99.996,99.999,99.987,58289981,5828553791
2019-10-30,99.995,99.997,99.999,99.992,82898773,8289472655
2019-10-31,99.995,99.997,99.999,99.993,68760857,6875786604
2019-11-01,100.008,99.995,100.009,99.990,114487190,11448924574
2019-11-04,99.993,99.993,99.994,99.989,87419568,8741236771
2019-11-05,99.993,99.983,99.993,99.978,119095277,11907804448
2019-11-06,99.985,99.996,99.996,99.985,83565771,8355848194
2019-11-07,99.994,99.992,99.995,99.986,74825379,7482034454
2019-11-08,99.996,100.002,100.004,99.994,100614716,10061460945
2019-11-11,99.995,99.997,99.998,99.993,86499489,8649502092
2019-11-12,99.995,99.996,99.997,99.993,69962325,6995840044
2019-11-13,99.994,99.996,99.999,99.994,93222083,9321846903
2019-11-14,99.995,99.993,99.996,99.991,85944786,8593884884
2019-11-15,100.002,99.998,100.004,99.995,87302583,8730282410
2019-11-18,99.990,99.992,99.994,99.988,74434318,7442764244
2019-11-19,99.990,99.993,99.994,99.990,65427140,6542187051
2019-11-20,99.991,99.992,99.993,99.990,55431743,5542723560
2019-11-21,99.991,99.991,99.997,99.988,72893242,7288755789
2019-11-22,99.999,100.005,100.005,99.995,93117152,9311719292
2019-11-25,99.991,99.990,99.992,99.985,93138114,9312728007
2019-11-26,99.990,99.992,99.993,99.987,100292800,10028184930
2019-11-27,99.989,99.997,99.998,99.989,82533376,8252832514
2019-11-28,99.991,99.990,99.996,99.986,84613874,8460531738
2019-11-29,100.000,99.999,100.001,99.996,88705411,8870379125
2019-12-02,99.988,99.990,99.991,99.988,70119352,7011167290
2019-12-03,99.990,99.988,99.990,99.987,61775354,6176833470
2019-12-04,99.986,99.993,99.993,99.984,77089176,7707967327
2019-12-05,99.989,99.984,99.990,99.918,66274082,6626555395
2019-12-06,99.992,99.993,100.000,99.990,74987262,7498338088
2019-12-09,99.982,99.988,99.988,99.982,79207124,7919549687
2019-12-10,99.986,99.984,99.988,99.981,75388170,7537582613
2019-12-11,99.983,99.983,99.984,99.975,97284568,9726402418
2019-12-12,99.980,99.986,99.988,99.973,67755809,6774074729
2019-12-13,99.980,99.978,99.983,99.974,86076383,8605803524
2019-12-16,99.973,99.979,99.980,99.967,81752419,8173025694
2019-12-17,99.971,99.969,99.976,99.957,95450006,9542006125
2019-12-18,99.966,99.974,99.975,99.965,84503114,8447707733
2019-12-19,99.968,99.983,99.985,99.965,88854216,8882973900
2019-12-20,99.985,99.992,99.994,99.984,77851801,7784377267
2019-12-23,99.972,99.987,99.988,99.971,113924239,11390190240
2019-12-24,99.983,99.986,99.987,99.982,79969168,7995684490
2019-12-25,99.983,99.988,99.989,99.983,71976967,7196684516
2019-12-26,99.985,99.984,99.987,99.981,69964670,6995332391
2019-12-27,99.986,99.978,99.989,99.976,106587054,10656795987
2019-12-30,99.970,99.946,99.981,99.937,111154931,11110337674
2019-12-31,99.951,99.994,99.995,99.951,78867013,7884496470
2020-01-02,99.980,99.975,99.981,99.970,133093599,13306016125
2020-01-03,99.982,99.996,100.000,99.980,102743539,10273108703
2020-01-06,99.984,99.997,100.003,99.984,91828385,9181884172
2020-01-07,99.990,99.998,100.003,99.989,88417309,8841315913
2020-01-08,99.992,100.003,100.006,99.991,81422608,8142164107
2020-01-09,99.994,100.008,100.018,99.993,69202859,6920124464
2020-01-10,100.001,100.024,100.028,100.001,62022435,6202891448
2020-01-13,99.999,99.995,100.004,99.900,74147048,7414639645
2020-01-14,99.992,99.998,99.999,99.984,87897936,8789136780
2020-01-15,99.993,100.003,100.011,99.993,81515545,8151394873
2020-01-16,99.998,100.026,100.600,99.995,68497050,6850293266
2020-01-17,100.006,100.053,100.060,100.006,71417852,7143818962
2020-01-20,100.004,100.006,100.031,99.998,89948380,8995879542
2020-01-21,100.005,100.026,100.030,99.997,69381833,6939018977
2020-01-22,100.005,100.060,100.063,100.004,74106776,7412399543
2020-01-23,100.060,100.146,100.152,100.056,67268084,6733416511
2020-02-03,99.956,99.990,99.996,99.936,163017525,16297203014
2020-02-04,99.972,100.005,100.012,99.968,94313985,9430213101
2020-02-05,99.999,100.068,100.075,99.997,64506137,6452064089
2020-02-06,100.017,100.037,100.054,100.017,62814709,6283584001
2020-02-07,100.031,100.038,100.045,100.031,56930585,5695288197
2020-02-10,100.020,100.012,100.025,100.007,76502718,7651220082
2020-02-11,100.005,100.012,100.014,100.002,58078046,5808252726
2020-02-12,100.008,100.008,100.010,100.003,76720658,7672545276
2020-02-13,100.003,100.006,100.008,100.002,57243348,5724664636
2020-02-14,100.008,100.014,100.016,100.003,72205286,7221258579
2020-02-17,100.000,99.987,100.003,99.982,90898558,9089308418
2020-02-18,99.986,99.997,99.999,99.983,84105840,8409807210
2020-02-19,99.995,100.002,100.003,99.993,66305081,6630333250
2020-02-20,99.999,99.999,100.005,99.992,77060353,7706037481
2020-02-21,100.000,100.002,100.008,99.995,85040245,8504106896
2020-02-24,99.990,99.999,99.999,99.987,79702630,7969657258
2020-02-25,99.988,99.994,99.996,99.986,79453156,7944656840
2020-02-26,99.991,100.003,100.006,99.989,87726412,8772398187
2020-02-27,99.998,100.007,100.008,99.996,81219496,8122000932
2020-02-28,100.000,100.016,100.020,99.998,106558574,10657084247
2020-03-02,99.999,100.004,100.006,99.997,92373492,9237451533
2020-03-03,99.995,100.009,100.012,99.991,100778069,10077959688
2020-03-04,100.005,100.017,100.021,100.001,76903562,7691049076
2020-03-05,100.002,100.017,100.040,100.002,103887075,10390076507
2020-03-06,100.014,100.028,100.033,100.013,77643926,7766271834
2020-03-09,100.010,100.008,100.036,99.999,98610355,9862811113
2020-03-10,100.003,100.008,100.010,99.989,105043120,10504388779
2020-03-11,99.996,100.011,100.015,99.996,82683514,8268983612
2020-03-12,100.005,100.012,100.023,100.005,105888768,10590457876
2020-03-13,100.000,100.007,100.010,99.982,127640282,12764219860
2020-03-16,99.995,100.008,100.013,99.995,104601353,10460750138
2020-03-17,100.000,100.008,100.009,99.989,96515069,9651736758
2020-03-18,100.001,100.015,100.016,100.001,107370848,10737908303
2020-03-19,100.007,100.022,100.025,100.006,84363929,8437443805
2020-03-20,100.008,100.039,100.043,100.008,74599108,7461646038
2020-03-23,100.010,100.021,100.033,100.010,104444660,10446422705
2020-03-24,100.008,100.019,100.022,100.005,110803993,11081748828
2020-03-25,100.002,100.008,100.011,99.999,100037370,10004309231
2020-03-26,100.006,100.009,100.011,100.004,72652376,7265824901
2020-03-27,100.006,100.014,100.016,100.004,104487837,10449854496
2020-03-30,100.004,99.996,100.009,99.990,106353495,10635314162
2020-03-31,99.998,100.007,100.008,99.989,81088651,8108763693
2020-04-01,100.005,100.008,100.011,100.004,92690559,9269715195
2020-04-02,100.008,100.002,100.011,99.999,90853181,9086070773
2020-04-03,100.010,100.019,100.027,100.010,82050751,8206668019
2020-04-07,99.998,100.004,100.006,99.998,131431728,13143454924
2020-04-08,100.004,100.004,100.006,100.000,85617027,8562045811
2020-04-09,100.003,100.005,100.007,100.002,90184911,9018914698
2020-04-10,100.012,100.014,100.017,100.010,102649068,10266323051
2020-04-13,100.006,100.008,100.011,100.005,90866518,9087369320
2020-04-14,100.006,100.013,100.016,100.006,77833337,7784103588
2020-04-15,100.008,100.004,100.009,100.002,109467697,10947413927
2020-04-16,100.003,100.003,100.005,100.001,73448233,7345030696
2020-04-17,100.002,99.999,100.004,99.970,119623740,11962271901
2020-04-20,99.994,99.996,99.997,99.992,90266156,9026153448
2020-04-21,99.993,100.002,100.003,99.992,95243784,9524108584
2020-04-22,99.999,100.002,100.003,99.998,77222277,7722278541
2020-04-23,99.999,100.001,100.004,99.998,83937200,8393811945
2020-04-24,100.005,100.010,100.014,100.004,98272042,9828152070
2020-04-27,100.002,99.999,100.003,99.996,98485534,9848439414
2020-04-28,99.999,100.001,100.002,99.997,70458927,7045802687
2020-04-29,100.000,99.991,100.001,99.985,105267478,10526162291
2020-04-30,100.005,99.997,100.060,99.978,140044695,14003147133
2020-05-06,99.979,99.988,99.992,99.975,111733787,11171671683
2020-05-07,99.982,99.994,99.996,99.980,84285159,8427706141
2020-05-08,99.999,99.996,100.003,99.994,115474602,11547304127
2020-05-11,99.990,99.995,99.997,99.989,103470295,10346269937
2020-05-12,99.995,99.999,100.000,99.994,83054250,8305227213
2020-05-13,100.000,100.002,100.004,99.998,71494258,7149534112
2020-05-14,100.000,100.003,100.003,100.000,63594980,6359582245
2020-05-15,100.001,100.012,100.013,100.001,85479880,8548319232
2020-05-18,100.000,100.000,100.004,99.995,83497709,8349633012
2020-05-19,99.995,100.000,100.001,99.993,77131073,7712862251
2020-05-20,99.999,100.003,100.004,99.997,62734821,6273510587
2020-05-21,100.000,100.004,100.006,99.999,66824910,6682563652
2020-05-22,100.005,100.010,100.014,100.004,64936231,6494288769
2020-05-25,99.997,100.003,100.006,99.997,76883053,7688218337
2020-05-26,99.999,99.996,100.000,99.996,87467857,8746617252
2020-05-27,99.997,99.997,100.000,99.993,75812939,7581025476
2020-05-28,99.995,99.991,99.995,99.980,116562130,11654894045
2020-05-29,99.995,100.001,100.005,99.993,97597637,9759868323
2020-06-01,99.993,99.986,99.995,99.983,112739637,11272638851
2020-06-02,99.984,99.988,99.990,99.982,94644712,9463071028
2020-06-03,99.988,99.989,99.992,99.984,100343513,10033127304
2020-06-04,99.987,99.990,99.994,99.986,89105403,8909705016
2020-06-05,99.999,100.004,100.008,99.999,101126174,10112971625
2020-06-08,99.993,100.002,100.005,99.991,93333222,9333045968
2020-06-09,100.000,99.998,100.002,99.997,77716624,7771569731
2020-06-10,99.998,99.996,100.001,99.995,87197487,8719586313
2020-06-11,99.997,99.998,100.001,99.991,105789701,10578527529
2020-06-12,100.000,99.997,100.003,99.993,143669929,14366881662
2020-06-15,99.993,100.006,100.007,99.993,112224644,11222263756
2020-06-16,99.997,99.996,99.999,99.994,108341070,10833814982
2020-06-17,99.994,99.998,99.999,99.993,101646797,10164312627
2020-06-18,99.997,99.998,99.999,99.992,94985655,9498127893
2020-06-19,100.001,99.991,100.002,99.988,112793702,11279083964
2020-06-22,99.981,99.982,99.991,99.976,118772636,11874977628
2020-06-23,99.981,99.979,99.985,99.968,105920040,10589394601
2020-06-24,99.994,100.002,100.005,99.987,160164446,16015998180
2020-06-29,99.983,99.975,99.987,99.961,110462498,11043170819
2020-06-30,99.970,99.974,99.976,99.943,118311411,11826327844
2020-07-01,99.974,99.976,99.982,99.964,149914904,14987514766
2020-07-02,99.966,99.970,99.979,99.955,134986673,13494121846
2020-07-03,99.961,99.986,99.994,99.935,150851007,15079865418
2020-07-06,99.950,99.952,99.963,99.935,159128217,15904532499
2020-07-07,99.921,99.979,99.987,99.920,145220566,14515537522
2020-07-08,99.965,100.013,100.018,99.960,117035078,11702158640
2020-07-09,99.993,100.004,100.014,99.984,120901804,12089969112
2020-07-10,100.000,100.031,100.053,99.999,120388627,12040222593
2020-07-13,99.993,100.010,100.016,99.990,117747756,11774658965
2020-07-14,99.998,100.065,100.069,99.998,107357907,10738431975
2020-07-15,100.008,100.042,100.051,100.008,82964494,8299132769
2020-07-16,100.014,100.046,100.056,99.993,128415150,12843529005
2020-07-17,100.010,100.018,100.045,100.010,104459187,10448855772
2020-07-20,100.009,100.017,100.023,100.005,114878450,11489671108
2020-07-21,100.005,100.019,100.021,100.005,116285700,11630235656
2020-07-22,100.010,100.011,100.015,100.000,132892079,13290299286
2020-07-23,100.006,100.011,100.013,100.004,111573388,11158144126
2020-07-24,100.012,100.026,100.035,100.008,169427502,16946357579
2020-07-27,100.002,100.013,100.021,100.002,119194138,11920914833
2020-07-28,100.006,100.011,100.015,100.006,89918048,8992822385
2020-07-29,100.009,99.988,100.014,99.979,143827772,14382062541
2020-07-30,99.983,100.004,100.007,99.974,133876707,13386826407
2020-07-31,100.007,100.011,100.015,99.983,151505623,15150909316
2020-08-03,99.995,99.996,99.999,99.991,117009837,11700296570
2020-08-04,99.992,100.000,100.007,99.992,121166963,12116504177
2020-08-05,100.000,100.004,100.005,99.996,102362638,10236348259
2020-08-06,100.001,100.007,100.010,99.999,106805508,10680828147
2020-08-07,100.010,100.012,100.019,100.007,129574589,12959087445
2020-08-10,100.003,100.008,100.011,99.998,100373304,10037759433
2020-08-11,100.004,100.017,100.019,100.002,82928584,8293793794
2020-08-12,100.005,100.012,100.019,100.004,118139143,11815246955
2020-08-13,100.010,100.024,100.025,100.007,105406809,10542046168
2020-08-14,100.016,100.005,100.018,99.999,116005984,11601984016
2020-08-17,99.992,99.994,99.998,99.986,149766638,14975569762
2020-08-18,99.995,99.998,99.999,99.987,114188462,11418077883
2020-08-19,99.997,100.005,100.011,99.994,125602993,12560304705
2020-08-20,100.001,100.010,100.011,99.999,102633057,10263806561
2020-08-21,100.011,100.018,100.026,100.006,135596563,13561410287
2020-08-24,100.003,100.004,100.010,100.000,111681272,11168508610
2020-08-25,100.002,100.005,100.010,100.000,122615483,12261984584
2020-08-26,100.003,100.011,100.014,100.001,116617722,11662451111
2020-08-27,100.007,100.012,100.020,100.006,130912112,13092733214
2020-08-28,100.012,100.008,100.018,99.997,124160171,12417115407
2020-08-31,99.986,100.000,100.005,99.974,134160533,13414652945
2020-09-01,99.998,100.009,100.010,99.996,118191340,11819291668
2020-09-02,100.003,100.011,100.013,100.002,122652458,12266265357
2020-09-03,100.009,100.007,100.013,100.004,120178813,12018910796
2020-09-04,100.011,100.013,100.017,100.002,119900804,11991235299
2020-09-07,100.001,100.008,100.012,100.001,108789957,10879790548
2020-09-08,100.007,100.012,100.015,100.000,98515482,9852246584
2020-09-09,100.008,100.006,100.016,100.003,103372088,10338074443
2020-09-10,100.006,100.011,100.014,100.001,121276337,12128672206
2020-09-11,100.013,100.013,100.018,100.007,104003721,10401732830
2020-09-14,100.003,100.010,100.012,100.001,130201834,13021095807
2020-09-15,100.008,100.008,100.012,100.006,107385946,10739557370
2020-09-16,100.008,100.005,100.011,100.004,99563075,9957036556
2020-09-17,100.007,100.004,100.008,100.001,93694136,9369832740
2020-09-18,100.008,100.000,100.011,99.995,147136804,14714099508
2020-09-21,99.995,100.003,100.004,99.991,103030547,10302853221
2020-09-22,100.002,100.011,100.015,99.993,147411634,14741414396
2020-09-23,100.008,100.008,100.010,100.002,140923142,14093087466
2020-09-24,100.002,100.006,100.009,99.997,138599781,13860489410
2020-09-25,100.009,100.005,100.011,100.003,125661096,12566775147
2020-09-28,99.993,100.006,100.010,99.987,154567366,15456509867
2020-09-29,99.999,100.009,100.014,99.997,164149610,16415851631
2020-09-30,100.031,100.045,100.059,100.031,167035756,16712029405
2020-10-09,99.999,100.006,100.008,99.990,157234321,15723262813
2020-10-12,99.997,99.991,100.002,99.987,183575538,18356416838
2020-10-13,99.994,99.994,100.001,99.991,141996440,14199010758
2020-10-14,99.997,100.002,100.008,99.994,123103112,12310246000
2020-10-15,99.999,100.001,100.003,99.995,130547875,13054625720
2020-10-16,100.006,100.012,100.015,100.006,120231639,12024363080
2020-10-19,100.001,100.012,100.014,99.999,122734262,12274175085
2020-10-20,100.008,100.004,100.013,100.003,105029937,10503836902
2020-10-21,100.003,100.006,100.007,100.002,100278082,10028313749
2020-10-22,100.004,100.004,100.007,100.002,102311860,10231695695
2020-10-23,100.008,100.000,100.014,99.997,119436181,11944730539
2020-10-26,100.000,99.994,100.001,99.988,126980137,12697352545
2020-10-27,99.992,99.992,99.995,99.983,120756321,12074145907
2020-10-28,99.991,99.993,99.994,99.985,105815705,10580327609
2020-10-29,99.985,99.997,100.000,99.979,130479699,13046066967
2020-10-30,100.003,100.017,100.024,99.997,147499982,14750590202
2020-11-02,100.000,100.003,100.008,99.998,191255153,19125940945
2020-11-03,100.001,100.002,100.003,99.994,135246307,13524225979
2020-11-04,100.000,100.012,100.014,99.997,183008896,18301664072
2020-11-05,100.001,100.008,100.012,99.991,144665395,14466961125
2020-11-06,100.010,100.023,100.025,100.007,117705335,11772103894
2020-11-09,100.000,99.999,100.004,99.994,203825893,20382459985
2020-11-10,99.997,100.013,100.014,99.995,160888269,16089561737
2020-11-11,100.006,100.019,100.024,100.006,141269189,14129163725
2020-11-12,100.012,100.019,100.025,100.007,122322362,12234280908
2020-11-13,100.015,100.021,100.026,100.015,127033489,12706191975
2020-11-16,100.006,100.013,100.021,100.006,161842679,16186559779
2020-11-17,100.011,100.018,100.039,100.011,138127480,13815503636
2020-11-18,100.021,100.003,100.022,100.000,149213742,14923576174
2020-11-19,100.006,100.005,100.010,100.002,110651620,11065925823
2020-11-20,100.011,100.006,100.015,100.003,106814652,10682715959
2020-11-23,99.998,99.999,100.002,99.996,127901458,12789981862
2020-11-24,99.998,99.996,99.999,99.995,111116661,11111358544
2020-11-25,99.994,100.006,100.010,99.994,117077913,11708039490
2020-11-26,100.001,100.002,100.005,99.994,126742812,12674359446
2020-11-27,100.006,100.010,100.016,100.001,125383739,12539832810
2020-11-30,99.998,100.001,100.003,99.989,154317734,15431067159
2020-12-01,100.000,99.998,100.000,99.996,131540305,13153762979
2020-12-02,99.995,100.004,100.007,99.988,146268264,14626902884
2020-12-03,99.996,100.002,100.007,99.996,140224924,14022775552
2020-12-04,100.007,100.017,100.020,100.006,152106975,15212649513
2020-12-07,100.004,100.007,100.010,100.000,142943409,14295229615
2020-12-08,100.005,100.004,100.008,100.002,145120775,14512860042
2020-12-09,100.001,100.003,100.006,99.998,146670316,14667412117
2020-12-10,100.005,99.999,100.008,99.997,154785461,15478927036
2020-12-11,100.010,100.012,100.014,100.005,154122055,15413439097
2020-12-14,100.000,100.005,100.008,99.999,151153552,15115675791
2020-12-15,100.001,100.006,100.008,99.998,155356934,15536091668
2020-12-16,100.003,100.001,100.006,99.997,152788776,15279162637
2020-12-17,99.997,99.963,100.000,99.957,203094620,20305314849
2020-12-18,99.979,99.983,99.990,99.941,208301440,20824252178
2020-12-21,99.981,99.966,99.983,99.949,175708771,17564872087
2020-12-22,99.970,99.999,100.006,99.955,157601882,15757731218
2020-12-23,99.990,99.988,99.996,99.983,188197793,18817855252
2020-12-24,99.987,100.002,100.012,99.983,163966021,16395232600
2020-12-25,100.002,100.002,100.006,99.982,171439040,17143557620
2020-12-28,99.989,99.993,100.000,99.970,148476887,14845006025
2020-12-29,99.972,99.980,99.992,99.970,194198731,19415558260
2020-12-30,99.972,99.999,100.010,99.972,142372167,14234949393
2020-12-31,100.000,100.014,100.020,99.997,192719601,19273070063
2021-01-04,99.986,99.997,99.999,99.986,165199758,16518624504
2021-01-05,99.995,100.008,100.010,99.989,186788981,18678667219
2021-01-06,100.002,100.006,100.022,99.996,157675340,15768571603
2021-01-07,100.005,100.005,100.019,100.001,163090266,16310401872
2021-01-08,100.010,100.014,100.015,100.001,166037787,16605243603
2021-01-11,100.001,100.008,100.013,99.998,183836529,18384433020
2021-01-12,100.004,100.009,100.012,100.002,154398156,15440704134
2021-01-13,100.004,100.007,100.008,100.000,152307598,15231519832
2021-01-14,100.002,99.996,100.004,99.994,186280848,18628009267
2021-01-15,99.994,100.018,100.018,99.994,144521728,14453080554
2021-01-18,100.000,100.006,100.007,99.999,165966544,16597236062
2021-01-19,100.002,100.001,100.005,99.995,136548204,13654967501
2021-01-20,100.002,100.007,100.009,99.998,121600688,12160323294
2021-01-21,100.002,100.004,100.005,99.994,126722917,12672185812
2021-01-22,100.006,100.015,100.019,100.005,124764050,12477669672
2021-01-25,100.003,100.000,100.004,99.998,128504752,12850499684
2021-01-26,100.000,100.000,100.002,99.986,125518695,12551560508
2021-01-27,99.997,99.999,100.003,99.981,137972133,13796197931
2021-01-28,99.990,99.993,99.999,99.980,119995112,11997953357
2021-01-29,100.000,100.005,100.006,99.977,143814419,14379923266
2021-02-01,99.993,99.997,99.999,99.980,195349992,19532785067
2021-02-02,99.991,100.003,100.006,99.989,150519213,15051433694
2021-02-03,100.001,100.003,100.013,99.998,174541662,17455238602
2021-02-04,100.004,100.014,100.017,100.000,164680573,16468868002
2021-02-05,100.012,100.037,100.047,100.000,123058805,12308521795
2021-02-08,100.011,100.020,100.029,100.006,126162725,12618497397
2021-02-09,100.006,100.036,100.049,100.002,172778915,17280929052
2021-02-10,100.043,100.072,100.096,100.038,156757759,15687086993
2021-02-18,99.997,100.020,100.036,99.996,180959474,18096783750
2021-02-19,100.010,100.026,100.030,100.009,139165391,13919267513
2021-02-22,100.003,100.004,100.010,100.001,162764086,16277432214
2021-02-23,100.002,100.006,100.010,99.999,159678376,15968522323
2021-02-24,100.004,100.005,100.010,100.004,153176030,15318652331
2021-02-25,100.005,100.013,100.023,100.001,139651276,13966108343
2021-02-26,100.015,100.014,100.025,99.976,169908622,16992981848
2021-03-01,100.002,100.009,100.012,99.998,168360355,16836607877
2021-03-02,100.004,100.013,100.019,100.003,142383261,14239862810
2021-03-03,100.011,100.021,100.027,100.007,150041553,15006413864
2021-03-04,100.015,100.014,100.030,100.007,149314133,14933938707
2021-03-05,100.015,100.017,100.019,100.001,143180484,14320174404
2021-03-08,99.999,100.005,100.009,99.998,143207569,14321404071
2021-03-09,100.000,99.999,100.003,99.977,167902170,16789613109
2021-03-10,99.998,100.006,100.007,99.990,134646878,13464624009
2021-03-11,100.001,100.006,100.007,100.000,155566453,15557364710
2021-03-12,100.010,100.019,100.021,100.007,119087493,11910628444
2021-03-15,100.002,100.005,100.008,100.001,154042073,15404993942
2021-03-16,100.005,100.007,100.009,100.004,143564395,14357358564
2021-03-17,100.007,100.007,100.008,99.998,143410255,14341514987
2021-03-18,100.003,100.006,100.011,100.000,139897542,13990338255
2021-03-19,100.008,100.019,100.021,100.007,124035673,12405254133
2021-03-22,100.007,100.005,100.008,100.003,164705889,16471473313
2021-03-23,100.004,100.006,100.008,100.001,136351409,13635753322
2021-03-24,100.003,100.007,100.008,100.000,158735157,15874341273
2021-03-25,100.003,99.999,100.005,99.997,136285900,13628863544
2021-03-26,100.005,100.000,100.008,99.993,171640110,17164279486
2021-03-29,99.995,100.003,100.005,99.987,217286592,21727087477
2021-03-30,99.995,99.991,99.999,99.982,147902377,14789210695
2021-03-31,99.990,100.005,100.009,99.900,148882693,14887964212
2021-04-01,100.000,100.013,100.020,100.000,146466701,14647467318
2021-04-02,100.017,100.019,100.028,100.011,162934393,16296446936
2021-04-06,100.004,100.006,100.009,99.998,124454163,12445958191
2021-04-07,100.002,100.014,100.016,100.002,168741909,16875511923
2021-04-08,100.008,100.005,100.011,100.003,142162658,14217338530
2021-04-09,100.009,100.019,100.021,100.009,181869116,18189566243
2021-04-12,100.006,100.006,100.019,100.004,169767787,16978529352
2021-04-13,100.008,100.008,100.011,100.006,151869287,15188094804
2021-04-14,100.007,100.005,100.009,100.002,171168169,17117830726
2021-04-15,100.005,100.009,100.012,100.005,142959457,14296958927
2021-04-16,100.013,100.013,100.020,100.011,116053812,11607211856
2021-04-19,100.004,100.000,100.006,99.996,137060713,13706242766
2021-04-20,100.000,100.006,100.008,99.997,116215686,11621620729
2021-04-21,100.002,100.003,100.007,100.001,149274025,14927985000
2021-04-22,100.000,100.006,100.008,99.999,89936241,8993883601
2021-04-23,100.014,100.005,100.016,100.001,116880507,11689261297
2021-04-26,99.998,99.997,99.999,99.989,195973273,19596326709
2021-04-27,99.995,99.996,99.997,99.991,133145415,13313792257
2021-04-28,99.993,99.995,100.004,99.992,163165631,16315775994
2021-04-29,99.995,100.009,100.019,99.994,172643168,17264485126
2021-04-30,100.024,100.032,100.040,100.023,134730773,13477424210
2021-05-06,100.001,100.002,100.005,99.993,155960253,15595775807
2021-05-07,100.008,100.015,100.022,100.006,134332679,13434759806
2021-05-10,100.000,100.004,100.006,99.999,171653130,17165643350
2021-05-11,100.003,100.006,100.007,100.001,144183596,14419046434
2021-05-12,100.002,100.003,100.006,100.001,151378562,15138313502
2021-05-13,100.003,100.005,100.007,100.002,174658020,17466510508
2021-05-14,100.010,99.986,100.013,99.980,166396143,16640995159
2021-05-17,99.998,99.993,99.998,99.973,170305298,17028550816
2021-05-18,99.986,100.002,100.004,99.986,136544748,13654183969
2021-05-19,100.006,100.002,100.006,99.998,160022792,16002375836
2021-05-20,99.999,99.997,100.002,99.984,188380673,18836745049
2021-05-21,99.997,99.998,100.008,99.993,151084519,15108348010
2021-05-24,99.991,100.001,100.005,99.988,162075397,16206651928
2021-05-25,99.998,99.980,99.999,99.954,164401360,16437390327
2021-05-26,99.976,99.993,99.995,99.959,120469793,12045256936
2021-05-27,99.992,99.991,99.993,99.980,155869090,15584975032
2021-05-28,99.997,100.001,100.008,99.991,139092638,13909010067
2021-05-31,99.987,99.982,99.991,99.978,124544132,12452500881
2021-06-01,99.987,99.990,99.995,99.981,145755953,14573975374
2021-06-02,99.990,99.994,99.996,99.981,153482859,15347090548
2021-06-03,99.993,99.996,99.998,99.986,213064310,21304467768
2021-06-04,99.999,100.008,100.010,99.996,247323146,24732899860
2021-06-07,99.993,100.003,100.006,99.991,142254583,14225236732
2021-06-08,99.999,99.999,100.001,99.994,191297621,19129284235
2021-06-09,99.996,99.989,99.997,99.979,219685309,21966061657
2021-06-10,99.990,99.981,99.991,99.976,173792206,17376903772
2021-06-11,99.997,100.002,100.005,99.995,179555361,17955606282
2021-06-15,99.987,99.991,99.996,99.987,194717821,19470039097
2021-06-16,99.990,99.991,99.994,99.988,177561432,17754510239
2021-06-17,99.988,99.999,100.003,99.987,212550622,21253710235
2021-06-18,100.003,100.011,100.012,99.995,216211224,21621569293
2021-06-21,99.995,99.996,99.999,99.991,202853401,20284202363
2021-06-22,99.993,99.996,99.997,99.990,222337462,22232098845
2021-06-23,99.990,99.989,99.993,99.985,189212420,18919288019
2021-06-24,99.989,99.994,99.995,99.987,233837319,23381707580
2021-06-25,99.998,99.996,100.004,99.982,200455491,20044938789
2021-06-28,99.986,99.982,99.989,99.977,274823548,27478127629
2021-06-29,99.977,99.993,100.001,99.977,232044800,23201369538
2021-06-30,99.994,99.993,99.998,99.983,187693796,18767552001
2021-07-01,99.994,100.006,100.030,99.990,191116586,19111757482
2021-07-02,100.008,100.010,100.021,100.004,125033510,12504630415
2021-07-05,99.999,100.015,100.023,99.999,148575386,14858416131
2021-07-06,100.003,100.004,100.009,99.998,135983056,13598657919
2021-07-07,100.004,100.006,100.007,100.001,142906764,14291222457
2021-07-08,100.001,100.013,100.016,100.001,134448309,13445725738
2021-07-09,100.012,100.015,100.017,100.009,119176768,11919167037
2021-07-12,100.000,100.001,100.002,99.991,145635696,14563406371
2021-07-13,99.999,100.004,100.005,99.997,137170335,13717141113
2021-07-14,100.001,100.004,100.010,100.000,176170428,17617691202
2021-07-15,100.002,99.999,100.006,99.997,150299394,15030140249
2021-07-16,100.002,100.016,100.020,100.002,133526906,13354087711
2021-07-19,100.000,100.003,100.008,100.000,154137629,15414386125
2021-07-20,100.001,100.000,100.003,99.998,126997098,12699819919
2021-07-21,99.996,100.001,100.006,99.996,134296180,13429721829
2021-07-22,100.002,99.999,100.005,99.996,155799594,15580066680
2021-07-23,100.006,99.998,100.008,99.996,175001629,17500258231
2021-07-26,99.990,99.990,99.996,99.984,204651380,20462949343
2021-07-27,99.991,99.989,99.995,99.986,186668292,18664924524
2021-07-28,99.988,99.982,99.989,99.953,266052587,26599115948
2021-07-29,99.974,99.998,100.001,99.971,276727338,27667438778
2021-07-30,100.001,100.016,100.100,99.998,205939044,20595154579
2021-08-02,100.001,100.001,100.005,99.992,201785421,20178229916
2021-08-03,99.996,100.002,100.004,99.994,184248741,18424705299
2021-08-04,100.000,99.999,100.003,99.997,135216273,13521572896
2021-08-05,99.999,100.005,100.006,99.997,139774702,13977380913
2021-08-06,100.006,100.017,100.022,100.005,150648224,15066785450
2021-08-09,100.002,100.011,100.013,100.000,185939392,18595024477
2021-08-10,100.004,100.013,100.013,100.002,148350609,14836106300
2021-08-11,100.004,100.012,100.013,100.002,162949236,16295931015
2021-08-12,100.007,100.015,100.016,100.004,182367255,18238405407
2021-08-13,100.012,100.013,100.018,100.008,121471154,12148785567
2021-08-16,100.001,100.001,100.005,99.998,189926853,18992954626
2021-08-17,100.000,100.003,100.004,99.998,143727964,14372897643
2021-08-18,99.995,99.998,100.002,99.995,129477919,12947681664
2021-08-19,100.000,100.000,100.002,99.997,114009720,11400942122
2021-08-20,100.006,100.010,100.018,100.005,136371802,13638603218
2021-08-23,99.999,99.989,100.000,99.985,204673514,20465572110
2021-08-24,99.991,99.985,99.991,99.976,204930380,20489660052
2021-08-25,99.980,99.998,100.002,99.980,149445540,14943076600
2021-08-26,99.996,99.996,99.999,99.982,163129557,16311761186
2021-08-27,100.002,99.996,100.007,99.985,166375566,16637752959
2021-08-30,99.987,99.978,99.990,99.970,211934315,21190042656
2021-08-31,99.983,99.993,99.995,99.981,209725615,20969927039
2021-09-01,99.997,99.998,99.999,99.989,202861295,20285126933
2021-09-02,99.992,100.004,100.007,99.991,208323036,20831741139
2021-09-03,100.005,100.016,100.017,99.998,221925568,22194106816
2021-09-06,100.000,100.001,100.004,99.998,144994531,14499492666
2021-09-07,100.000,100.001,100.007,99.999,153714846,15372051336
2021-09-08,100.000,100.001,100.003,99.997,120524740,12052511368
2021-09-09,99.999,100.005,100.007,99.996,127754592,12775595396
2021-09-10,100.006,100.008,100.011,100.006,126797859,12680950781
2021-09-13,99.997,100.002,100.003,99.995,147038253,14703703642
2021-09-14,99.999,100.006,100.007,99.997,153489495,15349384396
2021-09-15,100.002,100.002,100.005,100.000,155615798,15561909869
2021-09-16,99.997,100.003,100.009,99.996,167132804,16713589119
2021-09-17,100.022,100.022,100.025,100.005,229940544,22997197632
2021-09-22,99.995,99.992,99.998,99.991,240333306,24032089783
2021-09-23,99.990,99.990,99.995,99.989,296539427,29651504133
2021-09-24,99.995,100.001,100.006,99.995,234565781,23456614856
2021-09-27,99.991,99.984,99.999,99.975,245323825,24529372528
2021-09-28,99.951,99.989,99.996,99.951,268923534,26887876524
2021-09-29,99.988,99.971,99.991,99.950,317277204,31722653672
2021-09-30,100.030,100.045,100.051,100.024,254621699,25471788450
2021-10-08,100.003,100.003,100.009,99.990,255226358,25522828187
2021-10-11,99.994,100.007,100.008,99.993,202755093,20275195351
2021-10-12,100.000,100.007,100.008,100.000,158459057,15846754459
2021-10-13,100.005,100.009,100.015,100.002,220088624,22010489371
2021-10-14,100.007,100.010,100.012,100.004,162921550,16293309816
2021-10-15,100.011,100.015,100.017,100.011,125438951,12545662857
2021-10-18,100.004,100.006,100.007,99.995,172849506,17285289801
2021-10-19,100.000,99.983,100.002,99.978,220708397,22069631011
2021-10-20,99.991,99.997,99.998,99.981,226675856,22665548194
2021-10-21,99.995,100.001,100.002,99.993,205264250,20526023430
2021-10-22,100.005,100.002,100.008,100.000,254829877,25484225692
2021-10-25,99.993,100.001,100.002,99.992,175684958,17568166501
2021-10-26,99.998,100.006,100.012,99.997,192450307,19245257275
2021-10-27,99.999,100.012,100.012,99.999,150855775,15086018749
2021-10-28,100.002,99.986,100.004,99.985,198169628,19816538421
2021-10-29,100.002,100.003,100.011,100.000,178501303,17851004100
2021-11-01,99.990,99.992,99.997,99.989,247100744,24708404053
2021-11-02,99.993,99.989,99.995,99.986,213058163,21303865621
2021-11-03,99.990,99.996,99.996,99.989,186157361,18614500675
2021-11-04,99.996,99.994,100.000,99.991,147929907,14792440727
2021-11-05,100.006,99.999,100.007,99.992,178407569,17840619971
2021-11-08,99.995,99.995,99.996,99.988,207238824,20722083171
2021-11-09,99.993,99.996,99.998,99.989,158815785,15880589347
2021-11-10,99.994,100.003,100.005,99.993,153068757,15306596349
2021-11-11,99.998,99.995,100.003,99.991,194778036,19477045189
2021-11-12,100.002,99.997,100.004,99.993,156102833,15610321907
2021-11-15,99.990,99.996,99.997,99.988,129782021,12977287975
2021-11-16,99.994,100.002,100.002,99.993,128196062,12819169075
2021-11-17,99.999,99.995,100.001,99.993,153279245,15327464926
2021-11-18,99.991,99.999,99.999,99.991,163187869,16318158741
2021-11-19,100.005,99.999,100.006,99.996,158428473,15843186343
2021-11-22,99.991,99.993,99.995,99.991,152580413,15256888082
2021-11-23,99.993,99.995,99.996,99.989,194646366,19462967423
2021-11-24,99.991,99.989,99.994,99.988,199015521,19899699092
2021-11-25,99.992,99.992,99.995,99.988,155390027,15537809749
2021-11-26,99.998,99.998,100.000,99.995,174933980,17492923691
2021-11-29,99.990,99.975,99.990,99.957,259771449,25971083175
2021-11-30,99.975,99.988,99.998,99.958,183427757,18338229990
2021-12-01,99.981,99.993,99.994,99.981,201476599,20145619559
2021-12-02,99.986,99.994,99.995,99.985,204343701,20432474653
2021-12-03,100.001,99.996,100.002,99.995,210426431,21042478519
2021-12-06,99.990,99.995,99.996,99.989,177716210,17770262258
2021-12-07,99.994,99.993,99.996,99.992,210185391,21017155995
2021-12-08,99.994,99.991,99.995,99.990,135811080,13580126462
2021-12-09,99.990,99.986,99.992,99.975,181642191,18161417333
2021-12-10,99.993,99.997,99.999,99.986,228956966,22894010689
2021-12-13,99.985,99.993,99.995,99.985,264115243,26409039006
2021-12-14,99.992,99.993,99.995,99.989,156092878,15608069258
2021-12-15,99.993,99.997,99.999,99.991,156689836,15667995243
2021-12-16,99.994,99.994,99.995,99.990,228904472,22888640677
2021-12-17,100.000,100.003,100.004,99.996,196478976,19647762680
2021-12-20,99.992,99.992,99.993,99.988,180994093,18097657388
2021-12-21,99.991,99.995,99.996,99.985,200527427,20050450961
2021-12-22,99.979,99.995,99.997,99.979,280693906,28065186746
2021-12-23,99.990,99.991,99.995,99.985,254583565,25455847386
2021-12-24,99.996,99.994,99.998,99.991,191757826,19174684419
2021-12-27,99.990,99.983,99.991,99.981,296654401,29661123911
2021-12-28,99.982,99.992,99.998,99.981,215071009,21504175445
2021-12-29,99.988,99.996,100.001,99.985,166244098,16622492223
2021-12-30,99.987,99.997,99.999,99.978,202153568,20212487262
2021-12-31,100.008,100.032,100.038,99.998,242905116,24292811520
2022-01-04,99.991,100.000,100.005,99.986,247351883,24733281286
2022-01-05,99.994,100.005,100.023,99.992,140133036,14012774890
2022-01-06,100.004,100.000,100.004,99.970,174693571,17468787555
2022-01-07,100.002,100.011,100.022,100.001,174290317,17430350177
2022-01-10,99.999,100.002,100.004,99.997,131222872,13122368592
2022-01-11,100.000,100.005,100.010,99.999,120708835,12071413208
2022-01-12,100.004,100.004,100.007,99.999,139840905,13984311684
2022-01-13,100.000,100.004,100.019,99.999,133522374,13352821243
2022-01-14,100.006,100.009,100.012,100.005,146123542,14613424025
2022-01-17,99.998,99.992,100.000,99.988,154360497,15435715523
2022-01-18,99.997,100.004,100.011,99.994,175246519,17524732370
2022-01-19,100.000,100.000,100.005,99.990,203223172,20322060549
2022-01-20,99.998,99.994,100.001,99.988,156894853,15688786688
2022-01-21,100.003,100.002,100.009,99.998,156235787,15624039913
2022-01-24,99.996,99.992,99.998,99.991,133100325,13309412682
2022-01-25,99.993,100.003,100.006,99.989,164396702,16438920771
2022-01-26,99.994,100.004,100.007,99.994,150035752,15003578261
2022-01-27,99.997,100.020,100.029,99.997,121051512,12106915970
2022-01-28,100.050,100.106,100.120,100.049,185405959,18554184119
2022-02-07,100.004,100.011,100.015,99.996,205349969,20536181154
2022-02-08,100.006,100.009,100.012,100.001,153195972,15320803960
2022-02-09,100.006,100.005,100.007,100.001,151223890,15123042243
2022-02-10,100.001,100.005,100.008,100.001,136513442,13651946455
2022-02-11,100.005,100.020,100.030,100.005,130329027,13034529058
2022-02-14,100.005,100.006,100.007,100.002,108387954,10839311539
2022-02-15,100.001,100.004,100.006,100.001,104189828,10419367934
2022-02-16,100.001,100.005,100.005,100.000,122026993,12202955221
2022-02-17,100.002,100.005,100.010,99.998,134690811,13469339843
2022-02-18,100.009,100.011,100.018,100.009,146930271,14694901220
2022-02-21,99.988,100.000,100.001,99.988,121708527,12170742556
2022-02-22,99.999,100.004,100.006,99.998,95357630,9535873577
2022-02-23,100.001,99.986,100.002,99.983,122310988,12230524172
2022-02-24,99.995,99.994,99.998,99.991,125850695,12584519502
2022-02-25,100.001,99.996,100.015,99.990,198125310,19811963662
2022-02-28,99.985,99.990,99.993,99.985,182328467,18230764255
2022-03-01,99.995,99.992,99.996,99.990,143988130,14397725949
2022-03-02,99.995,99.995,99.997,99.991,124264429,12425727199
2022-03-03,99.995,100.000,100.002,99.991,143404054,14339771748
2022-03-04,100.005,100.011,100.015,100.004,114489633,11449858583
2022-03-07,99.999,100.005,100.006,99.999,102843839,10284648977
2022-03-08,100.000,100.006,100.009,100.000,157507112,15751105692
2022-03-09,100.001,100.002,100.004,99.999,154937291,15494022795
2022-03-10,99.992,100.006,100.007,99.992,174427546,17442499150
2022-03-11,100.009,100.010,100.015,100.006,138912778,13892800798
2022-03-14,100.001,100.004,100.006,100.000,111156934,11116070115
2022-03-15,100.003,99.998,100.050,99.993,131384539,13138651879
2022-03-16,99.996,99.990,99.999,99.971,187742777,18772515002
2022-03-17,99.984,99.994,99.999,99.972,207258940,20723060572
2022-03-18,99.998,99.993,100.007,99.919,191985696,19198611668
2022-03-21,99.995,100.000,100.003,99.993,170644903,17064078594
2022-03-22,99.999,99.998,100.002,99.997,112651523,11265076174
2022-03-23,99.995,99.990,99.998,99.987,171052490,17104105567
2022-03-24,99.994,99.994,99.997,99.991,137745208,13773814024
2022-03-25,100.003,100.000,100.003,99.997,145778054,14577786508
2022-03-28,99.993,99.983,99.994,99.979,176844933,17681981896
2022-03-29,99.984,99.986,99.988,99.981,165408096,16538201032
2022-03-30,99.986,99.963,99.986,99.957,161380956,16133848712
2022-03-31,99.974,99.990,100.000,99.969,137199433,13717546901
2022-04-01,100.020,100.012,100.021,100.009,165352895,16538071121
2022-04-06,99.994,99.998,100.000,99.994,125511676,12550780771
2022-04-07,99.996,100.004,100.006,99.994,119196887,11919433407
2022-04-08,100.005,100.016,100.017,100.004,138461937,13847487696
2022-04-11,100.002,100.005,100.010,99.998,130371675,13037672093
2022-04-12,100.000,99.999,100.004,99.993,217540875,21753728334
2022-04-13,99.999,100.005,100.006,99.997,122911550,12291267708
2022-04-14,100.000,100.006,100.008,99.996,186578161,18657859834
2022-04-15,100.008,100.015,100.019,100.006,126593832,12660778710
2022-04-18,100.002,99.998,100.005,99.997,127548724,12754991523
2022-04-19,99.994,100.002,100.004,99.993,126219122,12621765494
2022-04-20,100.000,100.001,100.003,99.999,100301934,10030315667
2022-04-21,100.000,99.999,100.002,99.997,118041409,11804018780
2022-04-22,99.998,100.003,100.004,99.997,166485820,16648703214
2022-04-25,99.993,99.994,99.996,99.980,164640280,16462665244
2022-04-26,99.987,99.997,99.997,99.980,154391593,15437324635
2022-04-27,99.991,99.999,100.002,99.987,178001497,17798970691
2022-04-28,99.997,100.004,100.007,99.993,213028879,21302519769
2022-04-29,100.013,100.014,100.025,100.000,318478778,31853109777
2022-05-05,99.990,99.985,99.993,99.984,235664577,23564034750
2022-05-06,99.995,99.999,100.002,99.992,162641858,16263637393
2022-05-09,99.995,99.997,99.998,99.991,140223199,14021709244
2022-05-10,99.995,99.998,100.000,99.994,174700232,17469426410
2022-05-11,99.997,99.997,99.999,99.992,163448067,16344072507
2022-05-12,99.995,99.998,100.000,99.994,110487704,11048471299
2022-05-13,100.005,100.008,100.010,100.002,197415285,19742609873
2022-05-16,99.995,100.005,100.005,99.995,124565319,12456394057
2022-05-17,99.998,99.997,100.001,99.994,104987998,10498605233
2022-05-18,99.996,99.996,99.998,99.993,109869530,10986502160
2022-05-19,99.991,99.991,99.995,99.989,151934478,15192415881
2022-05-20,100.002,99.993,100.002,99.990,188359183,18835307836
2022-05-23,99.988,99.996,99.998,99.988,135018637,13500910645
2022-05-24,99.995,100.003,100.006,99.993,95502661,9550111320
2022-05-25,99.998,99.997,100.001,99.993,146732510,14672905383
2022-05-26,99.993,100.001,100.002,99.993,145031810,14502808820
2022-05-27,100.002,100.006,100.007,99.992,198246427,19824696559
2022-05-30,99.997,99.991,99.997,99.989,141703716,14169476416
2022-05-31,99.991,99.923,99.993,99.681,146804730,14678518607
2022-06-01,99.983,99.991,99.993,99.980,202123410,20209546693
2022-06-02,99.998,99.993,100.003,99.987,169517948,16951640414
2022-06-06,99.985,99.987,99.991,99.969,176947505,17691535714
2022-06-07,99.982,99.995,99.997,99.975,164729990,16470867263
2022-06-08,99.994,99.992,99.996,99.987,133596292,13358515272
2022-06-09,99.992,99.994,99.997,99.990,145208031,14519838737
2022-06-10,100.000,99.973,100.001,99.968,215471172,21544274442
2022-06-13,99.980,99.991,99.996,99.973,162327468,16230698668
2022-06-14,99.991,99.991,99.994,99.988,144229610,14421670269
2022-06-15,99.989,99.983,99.992,99.980,188143404,18811905029
2022-06-16,99.984,99.986,99.993,99.975,173201806,17317118852
2022-06-17,99.990,99.997,99.997,99.986,150190627,15018039955
2022-06-20,99.982,99.993,99.996,99.981,150824306,15080553709
2022-06-21,99.991,99.990,99.993,99.989,118433502,11842284343
2022-06-22,99.991,100.001,100.003,99.989,169504018,16949410315
2022-06-23,99.992,99.982,99.998,99.970,210553543,21052484435
2022-06-24,99.987,99.988,99.995,99.982,168677225,16865725138
2022-06-27,99.984,99.983,99.985,99.947,194899158,19485611369
2022-06-28,99.980,99.986,99.990,99.978,159813345,15978777956
2022-06-29,99.981,99.988,99.991,99.976,196518620,19648346474
2022-06-30,99.975,99.999,100.002,99.907,288788519,28868552065
2022-07-01,99.995,100.005,100.009,99.994,237696512,23769602461
2022-07-04,99.994,99.999,100.000,99.992,166045333,16604060560
2022-07-05,99.997,100.002,100.005,99.994,193636346,19363240812
2022-07-06,99.999,100.003,100.005,99.998,134554700,13455566767
2022-07-07,100.000,99.998,100.001,99.992,160822743,16081678086
2022-07-08,100.002,100.008,100.012,100.001,163347901,16335416461
2022-07-11,99.998,100.001,100.004,99.996,138440817,13844162147
2022-07-12,100.000,100.003,100.007,100.000,129263725,12926725442
2022-07-13,100.000,100.003,100.003,99.997,174495681,17449447501
2022-07-14,100.001,99.999,100.004,99.996,151998743,15199870769
2022-07-15,100.003,100.014,100.015,100.002,149136357,14914782410
2022-07-18,100.000,99.999,100.003,99.996,203809943,20380771495
2022-07-19,99.998,100.000,100.004,99.997,116947093,11694710114
2022-07-20,99.999,99.997,100.000,99.995,128006649,12800357086
2022-07-21,99.998,99.999,100.000,99.996,108146245,10814396623
2022-07-22,100.003,100.006,100.006,100.001,153805567,15381122440
2022-07-25,99.999,100.003,100.004,99.997,125773030,12577341081
2022-07-26,100.000,99.997,100.001,99.995,106081762,10608012041
2022-07-27,99.995,99.998,99.999,99.994,96297646,9629425430
2022-07-28,99.996,99.996,99.997,99.981,176410549,17639661024
2022-07-29,100.002,100.006,100.009,100.002,128496579,12850360567
2022-08-01,99.999,99.998,100.002,99.996,139352124,13935087374
2022-08-02,99.998,99.997,100.000,99.994,166457798,16645302780
2022-08-03,99.995,100.000,100.002,99.980,214651548,21463545130
2022-08-04,99.996,100.004,100.004,99.993,140303784,14030317059
2022-08-05,100.005,100.008,100.009,100.003,78994669,7899991908
2022-08-08,99.998,99.999,100.000,99.996,89220432,8921949295
2022-08-09,99.999,100.006,100.018,99.997,100942868,10094373598
2022-08-10,100.001,100.002,100.005,100.000,92462077,9246478647
2022-08-11,100.000,99.997,100.003,99.990,178330847,17832368988
2022-08-12,100.003,100.007,100.007,100.000,136483020,13648677325
2022-08-15,99.997,99.995,99.999,99.992,168846610,16883785226
2022-08-16,99.995,99.995,99.996,99.990,194998003,19498403086
2022-08-17,99.993,99.993,99.995,99.990,108564205,10855564708
2022-08-18,99.990,99.997,99.998,99.986,126775058,12676632836
2022-08-19,100.003,100.005,100.009,100.001,162135536,16214174755
2022-08-22,99.998,99.995,99.998,99.992,171123283,17111589171
2022-08-23,99.994,99.997,99.998,99.991,158669126,15865932145
2022-08-24,99.994,100.005,100.010,99.994,187247558,18724791995
2022-08-25,100.000,99.996,100.002,99.995,162013496,16201003245
2022-08-26,99.996,99.999,100.002,99.996,184842362,18484089054
2022-08-29,99.994,99.989,99.996,99.982,187741467,18772309636
2022-08-30,99.988,99.999,100.000,99.987,206380341,20636924895
2022-08-31,99.995,100.000,100.002,99.995,145218237,14521732317
2022-09-01,99.997,99.997,100.000,99.995,162753465,16274971626
2022-09-02,100.004,100.005,100.009,100.002,128716992,12872332576
2022-09-05,99.996,100.002,100.003,99.996,122184194,12218421309
2022-09-06,99.999,99.995,100.000,99.995,230616342,23061216504
2022-09-07,99.997,99.994,99.998,99.992,106088627,10608445165
2022-09-08,99.993,99.995,99.997,99.992,187151425,18714127815
2022-09-09,100.006,99.992,100.008,99.982,188502242,18849892174
2022-09-13,99.987,99.985,99.991,99.981,180157835,18013146408
2022-09-14,99.984,99.988,99.989,99.982,202369654,20233872669
2022-09-15,99.983,99.996,99.999,99.983,170843562,17082813930
2022-09-16,100.000,100.001,100.003,99.996,210386231,21038666758
2022-09-19,99.993,99.993,99.994,99.984,166783973,16676701744
2022-09-20,99.990,99.988,99.997,99.982,193701944,19367828879
2022-09-21,99.989,99.993,99.995,99.985,159150251,15913305898
2022-09-22,99.994,99.996,99.998,99.991,136900968,13689255421
2022-09-23,100.000,99.990,100.003,99.800,191093256,19109138758
2022-09-26,99.988,99.981,99.990,99.979,231973490,23193297788
2022-09-27,99.982,99.983,99.985,99.972,159954185,15991763217
2022-09-28,99.984,100.000,100.006,99.981,154550022,15454197201
2022-09-29,99.983,99.988,100.008,99.970,245255387,24522093610
2022-09-30,100.050,100.077,100.093,100.034,151594336,15168361784
2022-10-10,99.995,100.015,100.020,99.994,172471240,17247707574
2022-10-11,100.001,99.999,100.005,99.998,192190291,19219150602
2022-10-12,100.000,100.003,100.009,99.999,201214711,20121959628
2022-10-13,100.000,100.007,100.007,99.999,193753477,19375642002
2022-10-14,100.007,100.006,100.009,100.001,225525221,22553514114
2022-10-17,99.997,100.001,100.004,99.995,142832021,14283292735
2022-10-18,99.997,100.001,100.003,99.997,149789143,14979009846
2022-10-19,100.000,100.004,100.005,99.999,189965771,18996763258
2022-10-20,100.000,100.004,100.005,99.999,169903111,16990506283
2022-10-21,100.004,100.007,100.009,100.003,151602927,15161097546
2022-10-24,99.999,100.003,100.005,99.990,189694700,18969203321
2022-10-25,99.992,99.992,99.998,99.985,162111907,16210173274
2022-10-26,99.993,99.991,99.995,99.970,287956785,28791662479
2022-10-27,99.988,99.995,99.995,99.975,214537688,21450962643
2022-10-28,99.996,100.007,100.010,99.994,200052515,20005255932
2022-10-31,99.999,99.993,99.999,99.989,140212820,14020336729
2022-11-01,99.994,99.982,99.994,99.975,209480486,20945188538
2022-11-02,99.982,99.994,99.995,99.982,205728808,20570630252
2022-11-03,99.991,99.996,99.999,99.990,235862638,23584805951
2022-11-04,100.002,99.996,100.003,99.992,223804760,22380345847
2022-11-07,99.988,99.987,99.994,99.979,236224284,23619707889
2022-11-08,99.987,99.997,100.000,99.986,190445878,19043188079
2022-11-09,99.992,99.996,100.001,99.992,132033865,13203096423
2022-11-10,99.996,100.003,100.005,99.992,204784929,20477760012
2022-11-11,99.995,99.995,99.998,99.986,224369110,22435104269
2022-11-14,99.982,99.977,99.985,99.975,195593788,19555638383
2022-11-15,99.977,99.968,99.986,99.964,170742308,17070000063
2022-11-16,99.970,99.997,99.998,99.970,224741341,22470415043
2022-11-17,99.991,99.988,99.997,99.986,204614151,20459934749
2022-11-18,99.993,100.002,100.007,99.993,176338573,17633706732
2022-11-21,99.994,99.992,99.998,99.988,168566789,16855671722
2022-11-22,99.991,100.004,100.006,99.991,140605185,14060222798
2022-11-23,99.996,99.993,99.999,99.989,191659440,19164874361
2022-11-24,99.994,99.993,99.997,99.986,148147063,14813587751
2022-11-25,99.997,100.001,100.006,99.997,163030242,16303335483
2022-11-28,99.993,99.989,99.999,99.986,269358948,26934216360
2022-11-29,99.988,99.974,99.989,99.967,305534734,30546459417
2022-11-30,99.979,99.993,99.998,99.976,257823329,25779557142
2022-12-01,99.985,99.986,99.989,99.977,232915268,23287897545
2022-12-02,99.995,99.997,100.003,99.994,188029770,18802719688
2022-12-05,99.985,99.993,99.997,99.983,172813773,17279861072
2022-12-06,99.993,99.991,99.997,99.990,123690199,12368302604
2022-12-07,99.993,99.992,99.994,99.989,154525935,15451225923
2022-12-08,99.990,99.994,99.997,99.988,132217202,13220678420
2022-12-09,99.999,99.998,100.003,99.997,161355231,16135526741
2022-12-12,99.993,99.993,99.997,99.991,114705602,11469919933
2022-12-13,99.989,99.995,99.996,99.989,96810476,9680400628
2022-12-14,99.992,99.989,99.997,99.986,126177554,12616841107
2022-12-15,99.992,99.990,99.995,99.987,114407356,11439876279
2022-12-16,100.000,99.996,100.005,99.994,180202678,18020523532
2022-12-19,99.994,99.992,99.999,99.987,175922965,17591175444
2022-12-20,99.994,99.992,99.995,99.989,183587356,18357348794
2022-12-21,99.993,99.999,100.004,99.990,156656659,15664854615
2022-12-22,99.994,99.978,99.998,99.964,185041160,18502368846
2022-12-23,99.996,99.990,100.000,99.984,165168567,16515930616
2022-12-26,99.986,99.978,99.988,99.970,172551940,17251279170
2022-12-27,99.976,99.987,99.989,99.966,170412324,17037267421
2022-12-28,99.983,99.985,99.986,99.974,125320923,12529590768
2022-12-29,99.970,99.972,99.981,99.964,124499928,12446394814
2022-12-30,100.002,100.014,100.020,99.998,221360271,22137663773
2023-01-03,99.995,99.997,99.999,99.991,152431173,15242505152
2023-01-04,99.995,99.996,99.997,99.990,162508386,16249741700
2023-01-05,99.993,99.987,99.994,99.985,149755273,14973968290
2023-01-06,99.994,100.001,100.005,99.992,167939253,16793603136
2023-01-09,99.993,99.998,99.999,99.986,153849853,15383784838
2023-01-10,99.995,100.000,100.001,99.994,159011936,15900730602
2023-01-11,99.995,99.999,100.000,99.994,146940320,14693571266
2023-01-12,99.997,99.996,99.999,99.991,148844747,14883702755
2023-01-13,100.001,99.998,100.005,99.995,145689676,14569040681
2023-01-16,99.990,99.981,99.992,99.979,149810946,14978917435
2023-01-17,99.981,99.984,99.989,99.971,115962678,11594104731
2023-01-18,99.985,99.996,99.998,99.985,121023212,12101061475
2023-01-19,100.000,99.993,100.004,99.990,170674519,17067058077
2023-01-20,100.046,100.048,100.057,100.044,277337259,27747425856
2023-01-30,99.991,100.009,100.046,99.975,217000800,21697950636
2023-01-31,99.999,99.994,100.000,99.988,119330890,11932209969
2023-02-01,99.991,100.003,100.010,99.991,100660113,10065623569
2023-02-02,99.994,100.010,100.012,99.993,141207075,14120972124
2023-02-03,100.001,100.017,100.023,100.001,156560980,15658432730
2023-02-06,100.001,100.010,100.090,100.001,94162415,9416868123
2023-02-07,100.004,99.999,100.010,99.992,140392482,14039234982
2023-02-08,99.998,100.001,100.006,99.995,103701993,10370370641
2023-02-09,99.999,99.985,100.001,99.977,188992602,18897098693
2023-02-10,100.001,100.012,100.013,99.999,199727885,19973635043
2023-02-13,99.997,99.995,99.999,99.991,128305809,12829918359
2023-02-14,99.991,99.993,99.994,99.990,109413280,10940491323
2023-02-15,99.992,99.993,99.999,99.992,106561563,10655666921
2023-02-16,99.994,99.996,100.000,99.986,169407588,16939252043
2023-02-17,100.003,100.006,100.009,99.999,148357083,14836074642
2023-02-20,99.997,99.996,100.005,99.993,151641531,15163890216
2023-02-21,99.996,100.004,100.005,99.992,118663542,11866153348
2023-02-22,99.998,100.000,100.004,99.995,75863197,7586258447
2023-02-23,99.997,99.997,100.000,99.995,95408627,9540616954
2023-02-24,100.004,100.010,100.013,100.002,118854753,11886239438
2023-02-27,99.997,99.992,100.000,99.990,106380087,10637490362
2023-02-28,99.991,99.982,99.994,99.974,101104829,10109353165
2023-03-01,99.994,99.993,99.997,99.991,105962211,10595536369
2023-03-02,99.992,99.999,100.005,99.990,132228949,13222493248
2023-03-03,100.003,100.000,100.006,99.994,164404787,16440743006
2023-03-06,99.994,99.996,99.997,99.988,139809102,13980071799
2023-03-07,99.995,100.003,100.006,99.994,128909359,12890709721
2023-03-08,99.999,99.997,100.000,99.994,131456960,13145402684
2023-03-09,99.997,100.005,100.010,99.997,115624156,11562560765
2023-03-10,100.006,100.018,100.018,100.005,153292418,15330496823
2023-03-13,100.001,99.996,100.004,99.994,130309968,13030575744
2023-03-14,99.995,99.995,99.997,99.993,104074807,10406947230
2023-03-15,99.992,99.994,99.996,99.982,142303720,14228784728
2023-03-16,99.993,99.997,99.999,99.991,108871056,10886518615
2023-03-17,100.003,100.000,100.006,99.996,169051893,16905373748
2023-03-20,99.992,99.996,99.998,99.988,139910211,13990090558
2023-03-21,99.995,99.997,99.998,99.993,105458000,10545295740
2023-03-22,99.995,99.996,99.999,99.993,109959424,10995421070
2023-03-23,99.994,99.998,100.000,99.994,133591937,13358765492
2023-03-24,100.004,100.002,100.008,100.001,124394219,12440004960
2023-03-27,99.993,99.990,99.994,99.987,130920723,13090861835
2023-03-28,99.989,99.992,99.994,99.988,112920475,11291012181
2023-03-29,99.990,99.987,99.991,99.985,118783085,11876880717
2023-03-30,99.983,99.976,99.985,99.970,114841206,11481524132
2023-03-31,99.995,99.970,99.998,99.965,125150204,12513068659
2023-04-03,99.991,99.992,99.997,99.990,163444136,16343234189
2023-04-04,99.995,100.004,100.006,99.995,155712227,15571131858
2023-04-06,99.998,99.997,100.000,99.993,142471318,14246506930
2023-04-07,100.005,100.002,100.006,100.001,152636321,15264106732
2023-04-10,99.994,99.995,99.997,99.992,150553854,15054606762
2023-04-11,99.994,99.995,99.996,99.993,105552179,10554660945
2023-04-12,99.994,100.000,100.004,99.993,140806590,14080258077
2023-04-13,99.996,100.005,100.006,99.996,90940245,9094104848
2023-04-14,100.004,100.004,100.011,100.001,123129745,12313423409
2023-04-17,99.996,99.996,99.999,99.995,127101649,12709762868
2023-04-18,99.996,100.004,100.004,99.995,122133293,12213123551
2023-04-19,99.998,100.000,100.001,99.997,121729255,12172730610
2023-04-20,99.997,100.001,100.020,99.996,111306923,11130564212
2023-04-21,100.005,100.010,100.015,100.004,117365270,11737312865
2023-04-24,99.998,99.999,100.001,99.996,133717264,13371468942
2023-04-25,99.996,100.000,100.003,99.995,131576359,13157322394
2023-04-26,99.996,99.989,99.997,99.977,170477142,17045572154
2023-04-27,99.984,100.010,100.014,99.982,130494118,13048826124
2023-04-28,100.019,100.015,100.026,100.013,199599499,19964015884
2023-05-04,99.994,100.005,100.008,99.992,153753022,15375362555
2023-05-05,100.004,100.025,100.031,100.004,113960814,11397620786
2023-05-08,100.002,100.003,100.015,100.000,118034451,11803748604
2023-05-09,100.001,100.004,100.008,100.000,125978663,12598290776
2023-05-10,100.003,99.998,100.008,99.997,196017390,19601749452
2023-05-11,99.996,100.009,100.010,99.996,164386504,16439079712
2023-05-12,100.008,100.014,100.016,99.999,149634087,14964576045
2023-05-15,100.001,100.005,100.012,100.001,74768705,7477224482
2023-05-16,100.003,100.003,100.009,100.002,83062397,8306611041
2023-05-17,100.004,100.000,100.006,99.998,135552702,13555398919
2023-05-18,100.001,100.005,100.006,99.999,113846506,11384899241
2023-05-19,100.006,100.013,100.016,100.005,77540087,7754911910
2023-05-22,100.002,100.004,100.007,100.001,109493805,10949835911
2023-05-23,100.002,100.002,100.004,99.994,103290277,10329022340
2023-05-24,100.000,99.999,100.003,99.996,123129855,12313000175
2023-05-25,99.995,100.002,100.005,99.989,125755509,12575431059
2023-05-26,100.004,100.003,100.008,100.001,130417865,13042436055
2023-05-29,99.995,100.001,100.002,99.995,130236067,13023405887
2023-05-30,99.998,99.990,100.001,99.988,118904587,11890217004
2023-05-31,99.995,99.996,100.000,99.993,145924098,14591819539
2023-06-01,99.997,99.998,100.003,99.994,136766732,13676438066
2023-06-02,100.006,100.007,100.014,100.005,127700158,12771066160
2023-06-05,99.999,100.001,100.002,99.998,91325904,9132521323
2023-06-06,99.999,100.004,100.007,99.999,83419796,8342088652
2023-06-07,100.001,100.005,100.006,99.997,127436925,12743701940
2023-06-08,100.000,100.005,100.008,99.999,113563220,11356707134
2023-06-09,100.007,99.989,100.011,99.978,144489531,14449023884
2023-06-12,99.991,100.002,100.003,99.990,138762617,13875903691
2023-06-13,100.000,99.995,100.002,99.993,140574159,14057033791
2023-06-14,99.993,99.994,99.999,99.985,153967988,15395852339
2023-06-15,99.994,99.985,99.996,99.972,155412534,15539726891
2023-06-16,99.996,99.996,100.000,99.989,151763497,15175794973
2023-06-19,99.990,99.995,99.997,99.988,123996869,12398993030
2023-06-20,99.992,99.994,99.996,99.985,141032924,14102084096
2023-06-21,100.011,100.019,100.020,100.009,159179699,15920340132
2023-06-26,99.993,99.989,99.995,99.987,135330518,13532012300
2023-06-27,99.988,99.989,99.991,99.984,124042847,12402758292
2023-06-28,99.987,99.977,99.988,99.976,138786920,13876251560
2023-06-29,99.975,99.974,99.976,99.961,130744487,13070181614
2023-06-30,99.995,99.996,100.000,99.989,160231569,16022186978
2023-07-03,99.993,100.000,100.003,99.992,154511786,15450844749
2023-07-04,99.999,100.001,100.003,99.998,87150240,8715013226
2023-07-05,99.999,100.006,100.008,99.998,76447095,7644938970
2023-07-06,100.001,100.014,100.016,100.001,73832534,7383839227
2023-07-07,100.011,100.015,100.018,100.011,104085108,10410099921
2023-07-10,100.003,100.006,100.009,100.000,103833788,10383670229
2023-07-11,100.003,100.000,100.004,99.998,123304186,12330611776
2023-07-12,99.999,99.999,100.002,99.996,107409335,10740799205
2023-07-13,99.998,99.994,99.999,99.990,186148072,18613553467
2023-07-14,100.001,100.007,100.009,100.001,131353814,13135802779
2023-07-17,99.991,100.008,100.009,99.988,265414033,26541155766
2023-07-18,100.002,100.008,100.011,100.002,127824437,12783135632
2023-07-19,100.004,100.003,100.010,100.000,92730980,9273612298
2023-07-20,100.001,99.999,100.003,99.998,94685508,9468603849
2023-07-21,100.005,100.003,100.007,100.002,123760227,12376514119
2023-07-24,99.997,100.000,100.001,99.996,83734673,8373370589
2023-07-25,99.996,99.999,100.000,99.990,218341846,21832815146
2023-07-26,99.997,100.003,100.010,99.991,140117570,14011777888
2023-07-27,100.000,99.997,100.001,99.994,177017922,17701336933
2023-07-28,100.005,99.988,100.006,99.982,186782447,18677167570
2023-07-31,99.975,99.980,99.984,99.970,193066994,19302565981
2023-08-01,99.988,99.995,99.998,99.986,170203273,17019309107
2023-08-02,99.995,99.999,100.003,99.993,103812124,10381064610
2023-08-03,99.996,99.999,100.000,99.994,103291111,10328874143
2023-08-04,100.000,100.004,100.006,99.998,123341341,12334444058
2023-08-07,99.998,99.999,100.003,99.997,100762566,10076205610
2023-08-08,99.998,100.002,100.003,99.998,89563006,8956298229
2023-08-09,99.999,100.001,100.003,99.997,75698503,7569770339
2023-08-10,99.999,100.002,100.005,99.997,102384338,10238371514
2023-08-11,100.005,100.011,100.018,100.005,91629197,9163782086
2023-08-14,99.999,100.003,100.007,99.999,84313176,8431599492
2023-08-15,100.002,100.005,100.009,100.001,98434562,9843874502
2023-08-16,100.003,100.013,100.015,100.002,68377890,6838195780
2023-08-17,100.005,100.000,100.008,99.995,138347377,13834942176
2023-08-18,100.006,100.015,100.016,100.006,72018872,7202656565
2023-08-21,100.005,100.004,100.010,100.001,86960078,8696431261
2023-08-22,100.005,99.996,100.011,99.995,119917924,11992238461
2023-08-23,99.999,100.007,100.010,99.996,106680434,10668172733
2023-08-24,100.001,100.001,100.005,99.996,140600857,14060042509
2023-08-25,100.006,100.005,100.012,100.004,134425752,13443664894
2023-08-28,99.940,99.993,99.999,99.940,146024257,14599441632
2023-08-29,99.994,99.985,99.996,99.977,197462480,19743518891
2023-08-30,99.982,99.990,99.997,99.973,137068323,13705051893
2023-08-31,99.990,100.007,100.010,99.989,103462740,10345930989
2023-09-01,100.007,100.039,100.091,100.006,111260265,11128732310
2023-09-04,100.003,100.006,100.016,100.003,100809543,10081731258
2023-09-05,100.003,100.009,100.013,100.003,100354700,10036059358
2023-09-06,100.006,100.002,100.010,100.001,100106563,10011192937
2023-09-07,100.001,100.012,100.016,100.001,61799259,6180435695
2023-09-08,100.008,100.009,100.012,100.004,163006441,16301939378
2023-09-11,100.004,100.005,100.005,99.999,100312372,10031425071
2023-09-12,100.004,100.002,100.005,100.001,98496328,9849931358
2023-09-13,100.002,100.001,100.008,100.000,94748872,9475262670
2023-09-14,100.004,99.997,100.010,99.991,110965306,11096807530
2023-09-15,100.007,100.005,100.013,100.002,89409039,8941709396
2023-09-18,100.002,99.997,100.003,99.996,86612941,8661232027
2023-09-19,99.998,99.995,99.999,99.994,91285503,9128249720
2023-09-20,99.995,99.996,99.996,99.991,86056581,8605140082
2023-09-21,99.993,99.991,99.996,99.985,80833226,8082706411
2023-09-22,100.002,99.988,100.003,99.983,144008275,14399956801
2023-09-25,99.982,99.993,99.994,99.982,150755890,15073961899
2023-09-26,99.990,99.989,99.993,99.985,128782053,12876828821
2023-09-27,99.986,100.002,100.008,99.941,163782092,16374310129
2023-09-28,100.050,100.053,100.070,100.048,106944805,10700836155
2023-10-09,100.001,100.010,100.027,99.998,133150368,13315543342
2023-10-10,100.000,100.010,100.015,100.000,135446232,13545273123
2023-10-11,100.006,100.001,100.010,99.997,155092725,15509593750
2023-10-12,99.997,99.999,100.000,99.991,115317136,11531402441
2023-10-13,100.008,100.010,100.021,100.006,106802194,10681469871
2023-10-16,100.004,100.011,100.017,100.002,83903295,8390820419
2023-10-17,100.006,100.007,100.013,100.004,54129599,5413473396
2023-10-18,100.006,100.012,100.025,100.006,121773527,12178891027
2023-10-19,100.009,100.021,100.025,99.991,153023245,15303543683
2023-10-20,100.012,100.017,100.020,100.007,134053952,13407194068
2023-10-23,100.005,100.013,100.017,100.002,120964492,12097331785
2023-10-24,100.003,100.004,100.008,99.996,158918065,15892030283
2023-10-25,99.998,100.004,100.007,99.994,139521107,13951825966
2023-10-26,99.998,99.996,100.001,99.995,127370845,12736868590
2023-10-27,100.005,99.994,100.009,99.988,143050263,14304969460
2023-10-30,99.990,99.990,99.992,99.986,122839209,12282553755
2023-10-31,99.990,99.996,99.997,99.990,76359755,7635501431
2023-11-01,99.996,100.005,100.007,99.994,134380654,13437997992
2023-11-02,99.997,100.004,100.006,99.997,112003561,11200366047
2023-11-03,100.008,100.001,100.010,99.996,197399026,19740241342
2023-11-06,99.993,99.989,99.995,99.983,168977782,16895942637
2023-11-07,99.989,99.998,99.999,99.985,111036776,11103069946
2023-11-08,99.999,100.001,100.003,99.997,104790449,10478954193
2023-11-09,100.000,99.999,100.001,99.998,95412221,9541133111
2023-11-10,100.005,100.006,100.008,100.004,80520024,8052528620
2023-11-13,99.999,99.998,100.000,99.997,79507389,7950653914
2023-11-14,99.999,99.991,100.000,99.900,108061969,10805864614
2023-11-15,99.988,99.993,99.994,99.987,98242696,9823441546
2023-11-16,99.990,100.000,100.001,99.990,79840099,7983685153
2023-11-17,100.007,100.013,100.018,100.006,121709390,12172288738
2023-11-20,99.999,100.003,100.011,99.999,131039462,13104248103
2023-11-21,100.000,100.003,100.007,99.997,114650611,11465108695
2023-11-22,100.003,100.005,100.009,99.998,122267786,12226826012
2023-11-23,100.000,99.995,100.002,99.990,116165292,11616135344
2023-11-24,100.004,100.015,100.018,100.003,165276610,16529189661
2023-11-27,100.000,100.004,100.008,99.997,109442581,10944348609
2023-11-28,100.002,99.997,100.005,99.996,119429227,11943028482
2023-11-29,99.997,99.992,99.997,99.989,126231242,12622132569
2023-11-30,99.990,99.992,99.994,99.985,125400220,12538808400
2023-12-01,100.003,100.009,100.017,100.003,177853048,17786833684
2023-12-04,100.003,100.006,100.008,100.001,136913729,13691852924
2023-12-05,100.001,100.005,100.007,100.001,153422918,15342865395
2023-12-06,100.000,99.999,100.002,99.994,189515405,18951087238
2023-12-07,99.997,100.002,100.005,99.996,185423190,18542410017
2023-12-08,100.007,99.995,100.008,99.985,227224473,22722680383
2023-12-11,99.993,99.994,99.998,99.985,202150878,20213669101
2023-12-12,99.992,100.001,100.003,99.991,182818242,18281386219
2023-12-13,99.999,100.001,100.002,99.995,160438529,16043676134
2023-12-14,99.999,100.004,100.006,99.998,184111620,18411377360
2023-12-15,100.005,100.009,100.011,100.000,281032153,28104821748
2023-12-18,99.999,99.996,100.000,99.994,197872173,19786503493
2023-12-19,99.992,99.997,99.999,99.991,227352325,22733882443
2023-12-20,99.997,99.999,100.003,99.994,263025727,26301965813
2023-12-21,99.998,99.987,99.998,99.983,272876083,27284947229
2023-12-22,100.000,99.998,100.011,99.994,291940590,29195084927
2023-12-25,99.993,99.988,99.994,99.985,221098218,22107283656
2023-12-26,99.984,99.987,99.990,99.981,171300167,17127323210
2023-12-27,99.976,99.981,99.985,99.974,151637972,15160926288
2023-12-28,99.978,99.971,99.983,99.938,280724345,28062748551
2023-12-29,100.005,100.008,100.013,100.005,182796056,18281095758
2024-01-02,99.996,100.002,100.006,99.994,172492389,17249139507
2024-01-03,100.000,100.001,100.003,99.998,129275936,12927661874
2024-01-04,99.999,100.009,100.011,99.998,68211322,6821321432
2024-01-05,100.009,100.013,100.015,100.009,88006515,8801728000
2024-01-08,100.000,100.006,100.010,99.997,153140383,15314008571
2024-01-09,100.000,100.005,100.008,99.997,120146987,12014862837
2024-01-10,100.000,100.007,100.009,100.000,129873332,12987683951
2024-01-11,100.002,99.998,100.003,99.989,179736953,17973392110
2024-01-12,100.007,100.015,100.018,100.006,131527777,13154398115
2024-01-15,100.003,100.005,100.008,100.002,106540817,10654565612
2024-01-16,100.004,100.004,100.007,100.001,137279498,13728449547
2024-01-17,100.002,100.005,100.008,100.001,110723196,11072852025
2024-01-18,100.002,100.007,100.010,99.989,137626277,13762152065
2024-01-19,100.008,100.017,100.018,100.008,157460556,15748128993
2024-01-22,100.006,100.006,100.012,100.005,102930322,10293973583
2024-01-23,100.003,99.999,100.005,99.996,182453425,18245332911
2024-01-24,99.998,100.005,100.005,99.995,182676725,18267578605
2024-01-25,99.998,99.991,99.999,99.975,193434620,19341533877
2024-01-26,100.004,100.005,100.007,99.997,227344646,22735397390
2024-01-29,99.998,100.006,100.007,99.995,159939527,15993852954
2024-01-30,100.000,100.005,100.007,99.999,108601015,10860433863
2024-01-31,100.001,100.003,100.005,100.000,140631175,14063485888
2024-02-01,100.002,100.006,100.006,99.993,209370545,20936994222
2024-02-02,100.007,100.009,100.014,100.003,156700627,15671513732
2024-02-05,100.000,100.011,100.028,100.000,167246941,16725562318
2024-02-06,100.003,100.004,100.006,99.999,163309702,16331389210
2024-02-07,99.995,100.014,100.030,99.984,192826816,19282296028
2024-02-08,100.041,100.085,100.090,100.013,304560251,30468811888
2024-02-19,100.000,100.001,100.005,99.992,234125010,23412429730
2024-02-20,99.998,100.005,100.007,99.998,117240471,11724357069
2024-02-21,100.003,99.995,100.006,99.991,241285827,24127831593
2024-02-22,99.996,99.997,100.000,99.993,139139544,13913477237
2024-02-23,100.003,100.005,100.007,100.002,109887189,10989232471
2024-02-26,99.997,99.998,100.000,99.995,101961383,10195962787
2024-02-27,99.998,99.996,99.999,99.994,118103674,11809962359
2024-02-28,99.992,99.989,99.994,99.986,120484399,12047238577
2024-02-29,99.981,99.976,99.990,99.970,241371258,24132306060
2024-03-01,100.000,100.001,100.009,99.999,210114990,21012435560
2024-03-04,99.997,99.999,100.000,99.996,118836100,11883407183
2024-03-05,99.999,100.003,100.005,99.998,87408951,8740951821
2024-03-06,100.001,99.999,100.003,99.998,92326114,9232693477
2024-03-07,100.000,100.004,100.005,99.997,92795005,9279445829
2024-03-08,100.008,100.003,100.010,100.001,98906184,9891214535
2024-03-11,99.999,99.996,100.000,99.996,192998872,19299367033
2024-03-12,99.997,99.993,99.998,99.991,122040787,12203426811
2024-03-13,99.991,99.993,99.993,99.985,181270315,18125121699
2024-03-14,99.988,99.997,99.998,99.978,225821845,22580165697
2024-03-15,100.006,100.008,100.009,100.004,114063296,11407005460
2024-03-18,99.998,99.996,100.000,99.995,147613475,14761089850
2024-03-19,99.996,99.997,100.000,99.995,95010028,9500749299
2024-03-20,99.996,99.994,99.997,99.993,103652314,10364760610
2024-03-21,99.996,100.008,100.029,99.994,139317342,13931585464
2024-03-22,100.009,100.009,100.011,100.006,135307494,13531806200
2024-03-25,99.999,99.999,100.003,99.997,113015925,11301579832
2024-03-26,99.999,99.996,100.000,99.994,133834457,13383148899
2024-03-27,99.995,99.990,99.996,99.987,119598270,11959069698
2024-03-28,99.986,99.965,100.001,99.959,164127853,16409354585
2024-03-29,100.004,100.014,100.025,100.001,175952873,17597101269
2024-04-01,99.999,100.009,100.012,99.998,159342296,15934656221
2024-04-02,100.004,100.018,100.021,100.003,103882269,10389506286
2024-04-03,100.031,100.043,100.048,100.028,104554826,10459111151
2024-04-08,100.006,100.005,100.017,100.002,159354221,15936499030
2024-04-09,100.003,100.001,100.005,99.996,220198696,22020215238
2024-04-10,100.001,100.002,100.005,99.999,160922736,16092720940
2024-04-11,100.003,99.998,100.004,99.996,138047970,13804917883
2024-04-12,100.008,100.008,100.012,100.007,114117858,11412822400
2024-04-15,100.002,100.001,100.003,100.000,87398071,8739928567
2024-04-16,100.002,100.002,100.003,99.998,108710383,10871066335
2024-04-17,99.999,99.997,100.001,99.994,208900142,20889467923
2024-04-18,99.996,99.997,99.999,99.996,100833729,10083086513
2024-04-19,100.008,100.007,100.010,100.006,127001537,12701172868
2024-04-22,100.000,99.999,100.001,99.997,157852722,15785070005
2024-04-23,99.999,99.999,100.000,99.997,139233670,13923130214
2024-04-24,99.998,99.997,99.999,99.996,171051215,17104639737
2024-04-25,99.997,99.999,100.001,99.995,221119891,22111450935
2024-04-26,100.007,99.994,100.008,99.989,214525022,21452382530
2024-04-29,99.990,99.993,99.996,99.982,190472078,19045019566
2024-04-30,100.015,100.018,100.026,100.014,197633987,19767438071
2024-05-06,99.997,99.999,100.002,99.996,129128922,12912723020
2024-05-07,100.000,100.002,100.002,99.999,94761712,9476260960
2024-05-08,100.002,100.005,100.006,100.001,77341783,7734428246
2024-05-09,100.002,99.996,100.003,99.994,106192974,10619144466
2024-05-10,100.006,100.013,100.017,100.003,133405724,13341864052
2024-05-13,100.002,99.998,100.004,99.997,85373228,8537309901
2024-05-14,99.999,100.000,100.001,99.998,58994293,5899388653
2024-05-15,100.000,99.999,100.002,99.997,93440148,9343984171
2024-05-16,99.998,99.999,100.000,99.997,66242357,6624110648
2024-05-17,100.007,100.002,100.009,100.000,85954575,8595890133
2024-05-20,99.993,99.994,99.997,99.992,118435001,11842826276
2024-05-21,99.994,99.997,99.999,99.993,91472087,9146894085
2024-05-22,99.997,100.000,100.003,99.997,80128508,8012752783
2024-05-23,99.999,100.011,100.013,99.999,132826391,13283378361
2024-05-24,100.012,100.015,100.020,100.010,98111017,9812598422
2024-05-27,100.003,100.007,100.010,100.002,92956556,9296144692
2024-05-28,100.004,100.004,100.006,100.001,68455471,6845754709
2024-05-29,100.003,100.002,100.005,100.001,69954537,6995657744
2024-05-30,100.000,100.008,100.009,99.998,82790125,8279256665
2024-05-31,100.010,100.006,100.011,100.002,68533500,6853783340
2024-06-03,100.000,100.005,100.006,99.999,82169942,8217247836
2024-06-04,100.003,100.001,100.008,100.000,83380129,8338383409
2024-06-05,100.002,100.004,100.005,100.002,76035166,7603789013
2024-06-06,100.003,100.005,100.007,100.001,106464474,10646822582
2024-06-07,100.011,100.012,100.016,100.011,112653366,11266828325
2024-06-11,100.002,100.004,100.005,100.001,88695544,8869830981
2024-06-12,100.002,100.003,100.004,100.002,63631351,6363332187
2024-06-13,100.002,100.003,100.004,100.000,80008099,8001015226
2024-06-14,100.007,100.001,100.009,100.000,109037927,10904410162
2024-06-17,99.998,100.001,100.005,99.998,128772896,12877384555
2024-06-18,100.001,100.001,100.003,99.999,102313770,10231524490
2024-06-19,100.001,100.004,100.008,100.000,84507025,8450948753
2024-06-20,100.002,100.005,100.007,100.001,76909791,7691203006
2024-06-21,100.006,100.008,100.008,100.003,72257265,7226171474
2024-06-24,100.001,100.006,100.009,99.999,119811247,11981523040
2024-06-25,100.001,100.000,100.007,99.996,122737497,12273947959
2024-06-26,99.999,99.997,100.005,99.996,171155359,17115584859
2024-06-27,99.996,100.005,100.012,99.991,160964510,16096153756
2024-06-28,100.008,100.009,100.010,100.003,184248700,18426072703
2024-07-01,100.002,100.009,100.010,100.001,114229654,11423492292
2024-07-02,100.003,100.006,100.008,100.002,128398281,12840427706
2024-07-03,100.007,100.005,100.008,100.003,84060320,8406536243
2024-07-04,100.004,100.011,100.013,100.003,87595135,8760095105
2024-07-05,100.010,100.011,100.014,100.009,104213772,10422582900
2024-07-08,100.005,100.011,100.013,100.004,132766102,13277494084
2024-07-09,100.006,100.000,100.007,99.999,126530419,12653327878
2024-07-10,100.002,100.002,100.004,99.999,165787047,16578993599
2024-07-11,100.000,100.004,100.005,99.997,211247644,21124852687
2024-07-12,100.007,100.009,100.012,100.006,84764662,8477228517
2024-07-15,100.004,100.008,100.010,99.977,136938076,13694416266
2024-07-16,100.005,100.004,100.011,100.002,121807471,12181461840
2024-07-17,100.006,100.004,100.006,100.002,126746580,12675162500
2024-07-18,100.004,100.004,100.005,100.002,76685125,7668741947
2024-07-19,100.008,100.007,100.010,100.005,96377270,9638581245
2024-07-22,100.004,99.999,100.004,99.997,87083764,8708600808
2024-07-23,100.002,100.002,100.004,100.000,123504188,12350647110
2024-07-24,100.004,100.004,100.006,100.002,68248584,6825141592
2024-07-25,100.003,100.004,100.006,100.001,129828666,12983367688
2024-07-26,100.008,100.010,100.011,100.007,70144447,7015032187
2024-07-29,100.003,100.000,100.005,99.999,78820272,7882231897
2024-07-30,100.002,100.006,100.027,100.000,92043146,9204614860
2024-07-31,100.006,99.995,100.006,99.991,232151523,23214450307
2024-08-01,99.998,100.003,100.006,99.991,167507854,16750823843
2024-08-02,100.012,100.010,100.012,100.008,69613269,6962030758
2024-08-05,100.003,100.005,100.008,100.001,85868468,8587156236
2024-08-06,100.003,100.003,100.007,100.000,100269671,10027224774
2024-08-07,100.003,100.005,100.006,100.002,146518295,14652381431
2024-08-08,100.004,100.006,100.010,100.003,87573443,8757872865
2024-08-09,100.009,100.011,100.014,100.008,66120227,6612685000
2024-08-12,100.004,100.005,100.007,100.003,67935429,6793851258
2024-08-13,100.004,100.006,100.011,100.003,76155735,7615963466
2024-08-14,100.004,100.004,100.006,100.003,69511830,6951493165
2024-08-15,100.004,99.999,100.008,99.998,131424254,13142582298
2024-08-16,100.008,100.010,100.011,100.006,69298410,6930440174
2024-08-19,100.004,99.997,100.004,99.996,130359343,13035953051
2024-08-20,99.998,99.999,100.001,99.998,102346646,10234576501
2024-08-21,99.999,100.000,100.001,99.998,49944908,4994488503
2024-08-22,100.001,100.002,100.006,100.000,70223135,7022418169
2024-08-23,100.009,100.005,100.010,100.004,79912899,7991789518
2024-08-26,100.001,99.998,100.001,99.998,54264225,5426411094
2024-08-27,100.000,99.998,100.001,99.998,56049562,5604919677
2024-08-28,100.000,100.000,100.005,99.999,91527342,9152817599
2024-08-29,100.000,99.993,100.002,99.992,64401572,6440029570
2024-08-30,100.005,99.993,100.006,99.988,160818534,16080949846
2024-09-02,99.993,100.003,100.005,99.993,171777978,17177793827
2024-09-03,100.001,99.996,100.002,99.995,113924741,11392190942
2024-09-04,99.997,99.998,99.999,99.996,59152119,5915086238
2024-09-05,100.000,99.999,100.005,99.999,119443073,11944441063
2024-09-06,100.007,100.013,100.014,100.005,95877211,9588679626
2024-09-09,100.005,100.001,100.005,99.999,104756451,10475792968
2024-09-10,100.001,99.997,100.002,99.995,124970066,12496856828
2024-09-11,99.998,99.998,100.001,99.997,90952181,9095071444
2024-09-12,99.999,99.995,100.000,99.993,120422658,12041917016
2024-09-13,100.012,100.017,100.018,100.010,99038888,9905170042
2024-09-18,99.999,99.996,100.001,99.990,107287843,10728316668
2024-09-19,99.995,99.991,99.998,99.980,97092255,9708573310
2024-09-20,100.004,100.006,100.007,100.002,106616806,10662200515
2024-09-23,100.000,99.996,100.001,99.995,95357113,9535485590
2024-09-24,99.996,99.977,99.997,99.975,195294012,19526795867
2024-09-25,99.970,99.980,99.990,99.950,219825352,21976556611
2024-09-26,99.982,99.938,99.987,99.924,199067663,19900492590
2024-09-27,99.926,99.967,99.974,99.903,103091615,10302506976
2024-09-30,99.920,99.970,99.993,99.720,271359673,27121423624
2024-10-08,99.723,99.983,99.990,99.722,246755472,24656945768
2024-10-09,99.990,100.006,100.028,99.986,192625005,19262271221
2024-10-10,99.994,100.109,100.190,99.994,215182830,21519709676
2024-10-11,100.111,100.081,100.111,100.017,79229117,7928604934
2024-10-14,100.012,100.044,100.055,100.008,102084823,10211364567
2024-10-15,100.005,100.025,100.040,100.005,178925604,17894625816
2024-10-16,100.014,100.002,100.014,100.001,138493413,13849927216
2024-10-17,99.996,100.004,100.007,99.996,80238081,8024015673
2024-10-18,100.005,99.992,100.009,99.955,159028448,15901272693
2024-10-21,99.967,100.007,100.009,99.967,115358208,11535557450
2024-10-22,100.001,99.998,100.003,99.994,107284092,10728160210
2024-10-23,99.998,99.998,99.999,99.991,94678493,9467380628
2024-10-24,100.000,100.006,100.008,99.998,132260171,13226262479
2024-10-25,100.008,100.006,100.011,100.003,104426167,10443300581
2024-10-28,99.998,99.999,100.001,99.997,96996130,9699530029
2024-10-29,99.996,100.000,100.000,99.994,93656138,9365368412
2024-10-30,100.000,100.004,100.020,99.995,61252830,6125432130
2024-10-31,100.006,100.005,100.008,99.998,104924734,10492709691
2024-11-01,100.010,100.015,100.018,100.006,92484316,9249557380
2024-11-04,100.003,100.009,100.014,100.000,80214723,8021904288
2024-11-05,100.006,99.998,100.007,99.995,129861376,12986097039
2024-11-06,99.998,100.004,100.008,99.997,113579392,11358267662
2024-11-07,100.002,99.992,100.004,99.986,106289252,10628697430
2024-11-08,99.990,100.010,100.014,99.984,146099814,14609947841
2024-11-11,100.000,100.009,100.010,99.999,52599452,5260126194
2024-11-12,100.002,100.006,100.009,100.002,77450845,7745540925
2024-11-13,100.005,100.001,100.006,99.999,98726433,9872923800
2024-11-14,100.003,100.005,100.006,100.002,60719261,6072151619
2024-11-15,100.007,100.005,100.010,100.003,93142631,9314777693
2024-11-18,99.998,100.002,100.002,99.998,89097338,8909706756
2024-11-19,99.998,100.000,100.001,99.995,62162261,6216124804
2024-11-20,100.001,100.005,100.010,100.001,76641150,7664417585
2024-11-21,100.003,100.009,100.011,100.003,57965276,5796885455
2024-11-22,100.010,100.018,100.020,100.010,109332122,10934819605
2024-11-25,100.004,100.003,100.005,99.997,190395201,19039631810
2024-11-26,100.000,100.002,100.004,99.998,98965174,9896592303
2024-11-27,100.002,99.999,100.004,99.997,72203094,7220363787
2024-11-28,100.002,100.007,100.008,100.001,115294598,11530044700
2024-11-29,100.009,100.000,100.011,99.997,207865685,20787094396
2024-12-02,99.999,100.003,100.004,99.998,130893349,13089444656
2024-12-03,100.003,100.001,100.005,99.999,85513726,8551584636
2024-12-04,100.002,100.005,100.006,100.002,63901632,6390402367
2024-12-05,100.004,100.006,100.006,100.002,46374608,4637658803
2024-12-06,100.008,100.006,100.014,100.001,87385228,8739154277
2024-12-09,100.000,100.003,100.005,100.000,74371438,7437327806
2024-12-10,99.992,99.998,100.000,99.970,237091173,23706248709
2024-12-11,99.996,99.996,99.998,99.994,84696307,8469299123
2024-12-12,100.000,100.001,100.004,99.999,132274185,13227582147
2024-12-13,100.010,100.014,100.016,100.006,94450630,9446070777
2024-12-16,100.002,100.010,100.019,100.002,84387486,8439346383
2024-12-17,100.006,100.004,100.008,100.000,89399563,8940370697
2024-12-18,100.004,100.001,100.004,99.997,110477573,11047703438
2024-12-19,100.004,99.997,100.005,99.996,131409271,13141150220
2024-12-20,100.006,100.009,100.010,100.005,102754830,10276210480
2024-12-23,100.001,100.000,100.005,99.999,95409014,9541015214
2024-12-24,100.000,99.999,100.002,99.989,214778702,21476959452
2024-12-25,99.996,99.995,99.999,99.992,59468083,5946546506
2024-12-26,100.000,99.994,100.001,99.992,98070259,9806572072
2024-12-27,100.002,100.004,100.006,99.999,153567924,15357247445
2024-12-30,99.997,99.995,100.000,99.993,138522021,13851473633
2024-12-31,100.003,100.008,100.009,99.999,146786696,14679140673
2025-01-02,100.000,100.009,100.016,99.991,220792538,22078824908
2025-01-03,100.007,100.011,100.013,100.006,62375247,6238162786
2025-01-06,100.002,100.000,100.003,99.997,134859703,13485878321
2025-01-07,99.999,100.004,100.005,99.998,102387527,10238765421
2025-01-08,100.001,100.008,100.020,99.999,116338849,11634319364
2025-01-09,100.004,100.005,100.007,100.002,89144757,8914802724
2025-01-10,100.009,100.009,100.011,100.008,71022395,7102894427
2025-01-13,100.003,99.996,100.003,99.993,110903876,11090118804
2025-01-14,99.997,99.989,99.998,99.984,151758043,15174325878
2025-01-15,99.993,100.005,100.006,99.990,108321729,10832094960
2025-01-16,99.998,100.002,100.005,99.988,99171881,9916447674
2025-01-17,100.000,99.999,100.003,99.998,64451562,6445213962
2025-01-20,99.990,99.982,99.992,99.976,118644489,11862513758
2025-01-21,99.991,99.998,99.998,99.990,128803153,12879663422
2025-01-22,99.998,99.998,100.002,99.996,103160435,10315936702
2025-01-23,99.997,99.996,99.998,99.987,123147247,12313899834
2025-01-24,99.997,99.994,99.999,99.941,256096363,25604068110
2025-01-27,100.040,100.045,100.064,100.034,159234020,15930976003
2025-02-05,99.999,100.009,100.010,99.996,141672095,14167569323
2025-02-06,100.002,99.998,100.005,99.994,148983658,14898193578
2025-02-07,100.006,100.002,100.007,100.000,112990246,11299371397
2025-02-10,99.997,99.999,99.999,99.995,90912767,9090985620
2025-02-11,99.997,100.002,100.003,99.997,70981075,7098133609
2025-02-12,100.000,99.994,100.003,99.989,87214974,8721253279
2025-02-13,99.998,100.001,100.002,99.998,99130561,9912963897
2025-02-14,100.006,100.006,100.012,100.005,116240133,11624929306
2025-02-17,99.998,100.008,100.009,99.998,128169897,12817309444
2025-02-18,100.002,100.000,100.004,99.999,118719773,11872072987
2025-02-19,100.000,99.997,100.001,99.994,196110056,19610345779
2025-02-20,99.997,99.998,100.002,99.995,102360391,10235867623
2025-02-21,100.005,99.995,100.006,99.990,134540355,13454135360
2025-02-24,99.995,100.001,100.002,99.995,144106522,14410435992
2025-02-25,100.000,100.004,100.006,99.999,88668720,8867002403
2025-02-26,100.001,99.997,100.002,99.995,90528535,9052665336
2025-02-27,99.997,100.002,100.003,99.996,63419334,6341863439
2025-02-28,100.005,100.007,100.009,100.001,72093618,7209783419
2025-03-03,100.000,100.005,100.007,99.999,102518232,10252055019
2025-03-04,100.002,100.009,100.016,100.001,68781862,6878514973
2025-03-05,100.002,100.012,100.015,100.001,74068808,7407417502
2025-03-06,100.003,100.002,100.005,99.998,108759450,10876078859
2025-03-07,100.007,100.009,100.015,100.003,85956603,8596268195
2025-03-10,100.002,100.005,100.006,99.999,77648855,7765157735
2025-03-11,100.003,100.002,100.005,100.000,94901632,9490364364
2025-03-12,100.001,100.004,100.005,100.000,62695406,6269717847
2025-03-13,100.003,100.010,100.015,100.001,70222136,7022601873
2025-03-14,100.008,99.997,100.011,99.996,201899586,20190379239
2025-03-17,99.995,100.001,100.002,99.990,115587040,11558232168
2025-03-18,99.996,99.986,99.997,99.982,107811006,10780124943
2025-03-19,99.988,99.993,99.994,99.988,45496174,4549218665
2025-03-20,100.000,100.003,100.005,99.997,136992315,13699310275
2025-03-21,100.007,100.008,100.015,100.005,126605145,12661484362
2025-03-24,100.001,100.001,100.005,99.998,91587080,9158871001
2025-03-25,100.002,100.004,100.008,99.999,115146363,11515071873
2025-03-26,100.002,100.003,100.007,100.001,118341537,11834560583
2025-03-27,100.003,100.002,100.004,99.996,105690182,10569032487
2025-03-28,100.005,100.008,100.009,100.003,81794730,8179895950
2025-03-31,100.001,100.005,100.008,99.995,94663978,9466333252
2025-04-01,100.002,100.004,100.006,100.000,87987225,8798979855
2025-04-02,100.003,100.010,100.010,100.001,81255748,8125992095
2025-04-03,100.011,100.016,100.019,100.009,91885103,9189881275
2025-04-07,100.000,100.004,109.002,99.995,123353683,12345550058
2025-04-08,99.998,100.010,101.780,99.997,88088380,8809838246
2025-04-09,100.003,100.003,100.040,100.001,99377931,9938359601
2025-04-10,100.000,100.010,100.038,99.000,95157866,9515712621
2025-04-11,100.008,100.011,100.025,100.005,114052083,11406723225
2025-04-14,100.003,100.009,100.017,100.001,89969951,8997539921
2025-04-15,100.005,100.006,100.010,100.004,94289130,9429630730
2025-04-16,100.006,100.012,100.014,100.005,80610559,8061617646
2025-04-17,100.007,100.003,100.008,100.001,96819098,9682298987
2025-04-18,100.008,100.012,100.014,100.007,106343149,10635362030
2025-04-21,100.004,100.002,100.006,100.000,84463589,8446618490
2025-04-22,100.002,100.003,100.005,100.001,77674084,7767629980
2025-04-23,100.001,99.998,100.003,99.995,117986734,11798429837
2025-04-24,100.000,100.001,100.002,99.998,86588031,8658823290
2025-04-25,100.006,100.002,100.007,100.000,125842218,12584616286
2025-04-28,99.993,99.995,99.996,99.991,119664223,11965666411
2025-04-29,99.993,99.996,99.997,99.993,69644373,6964080609
2025-04-30,100.018,100.014,100.018,100.013,122324589,12234422686
2025-05-06,100.000,99.998,100.001,99.997,93751984,9375073845
2025-05-07,99.996,99.999,99.999,99.994,77858899,7785700140
2025-05-08,99.999,99.998,100.000,99.997,68399050,6839798566
2025-05-09,100.006,100.005,100.007,100.004,106844463,10684995895
2025-05-12,99.998,99.999,99.999,99.997,74677549,7467613866
2025-05-13,99.997,100.000,100.001,99.996,68299684,6829915136
2025-05-14,99.999,99.998,100.001,99.997,83833220,8383277876
2025-05-15,99.998,99.999,100.000,99.998,64975293,6497464887
2025-05-16,100.006,100.003,100.006,100.002,70304521,7030781600
2025-05-19,99.999,100.000,100.001,99.998,76971347,7697116257
2025-05-20,100.000,100.000,100.002,99.999,51986629,5198687931
2025-05-21,100.000,100.001,100.002,99.999,59562062,5956245690
2025-05-22,100.001,100.004,100.004,100.001,74709898,7471208695
2025-05-23,100.006,100.011,100.013,100.005,59771319,5977719702
2025-05-26,100.000,99.999,100.002,99.996,68774308,6877437610
2025-05-27,99.997,99.999,100.000,99.995,63173974,6317224398
2025-05-28,99.995,100.003,100.004,99.994,41983636,4198311730
2025-05-29,100.002,99.999,100.002,99.993,162942210,16293735191
2025-05-30,100.007,100.013,100.014,100.006,128914312,12892624967
2025-06-03,100.001,100.000,100.002,99.999,87463694,8746392359
2025-06-04,100.000,100.000,100.001,99.998,55619065,5561881463
2025-06-05,100.000,100.000,100.001,99.998,70270007,7026969627
2025-06-06,100.006,100.007,100.008,100.005,63385961,6339005798
2025-06-09,100.000,99.999,100.000,99.998,57428201,5742751416
2025-06-10,99.999,100.001,100.002,99.998,49172887,4917258847
2025-06-11,99.999,99.999,100.000,99.996,70483802,7048236689
2025-06-12,99.998,100.001,100.002,99.997,51247744,5124709569
2025-06-13,100.006,100.008,100.010,100.005,119252830,11926177158
2025-06-16,99.999,100.000,100.002,99.998,97618840,9761841452
2025-06-17,99.997,100.004,100.010,99.997,63502017,6350088294
2025-06-18,99.998,100.006,100.009,99.998,50139086,5014012051
2025-06-19,100.006,100.011,100.013,100.003,72027255,7203244759
2025-06-20,100.007,100.008,100.012,100.007,65672411,6567822786
2025-06-23,100.001,99.999,100.002,99.996,101042507,10104134510
2025-06-24,99.998,99.995,100.000,99.989,114525093,11451902999
2025-06-25,99.993,99.991,99.996,99.989,97008141,9700158801
2025-06-26,99.991,100.000,100.001,99.991,117494270,11748749990
2025-06-27,100.002,100.003,100.006,100.001,146526132,14653097920
2025-06-30,99.998,100.006,100.010,99.997,123038547,12304115742
2025-07-01,100.001,100.000,100.004,99.999,142496143,14249832500
2025-07-02,100.001,100.002,100.004,100.000,77244882,7724618059
2025-07-03,100.001,100.003,100.005,100.001,68024821,6802648180
2025-07-04,100.008,100.008,100.009,100.006,106741326,10674954133
2025-07-07,100.001,100.005,100.006,100.001,84046740,8404871997
2025-07-08,100.001,99.997,100.003,99.995,88403109,8840174717
2025-07-09,99.996,99.997,100.000,99.996,52719620,5271836914
2025-07-10,100.000,100.003,100.004,99.999,96273084,9627385040
2025-07-11,100.007,99.999,100.008,99.998,112529699,11253264246
2025-07-14,99.997,99.997,99.997,99.994,81371857,8136844022
2025-07-15,99.996,100.003,100.004,99.996,65674783,6567415779
2025-07-16,100.000,100.002,100.003,99.999,53694524,5369490909
2025-07-17,100.001,100.001,100.003,99.999,119550484,11955186471
2025-07-18,100.006,100.003,100.007,100.001,151606723,15161221885
2025-07-21,99.997,99.997,99.998,99.995,131122316,13111777216
2025-07-22,99.995,99.993,99.997,99.991,95567100,9556157617
2025-07-23,99.988,99.995,99.995,99.988,75812453,7580691470
2025-07-24,100.000,99.996,100.001,99.994,138221837,13821992220
2025-07-25,100.001,100.004,100.006,100.001,168081631,16808769745
2025-07-28,99.997,100.000,100.001,99.996,141686436,14168368351
2025-07-29,99.998,99.997,99.999,99.994,83942713,8393974525
2025-07-30,99.995,100.000,100.002,99.995,94953113,9495060193
2025-07-31,100.000,100.013,100.016,99.999,124757281,12476236247
2025-08-01,100.006,100.011,100.013,100.006,121870429,12188092807
2025-08-04,100.001,99.997,100.002,99.995,95012899,9501231497
2025-08-05,99.996,99.999,100.000,99.995,123408389,12340384250
2025-08-06,99.996,99.997,99.999,99.994,97392807,9738967511
2025-08-07,100.001,100.007,100.009,100.000,179796867,17980194800
2025-08-08,100.006,100.006,100.008,100.004,123307483,12331550650
2025-08-11,99.996,99.991,99.998,99.989,128874515,12886554410
2025-08-12,99.990,99.996,99.996,99.990,91621745,9161528186
2025-08-13,99.996,99.994,99.998,99.992,97472322,9746786780
2025-08-14,99.991,99.995,99.996,99.986,137573923,13756277846
2025-08-15,100.006,99.996,100.006,99.995,185456740,18545830289
2025-08-18,99.991,99.989,99.995,99.981,160149262,16013289437
2025-08-19,99.988,99.991,99.993,99.982,135327560,13530775726
2025-08-20,99.987,99.996,99.998,99.986,154462266,15445456046
2025-08-21,99.998,100.007,100.008,99.997,198055948,19806017925
2025-08-22,100.005,99.999,100.008,99.997,147467859,14747242316
2025-08-25,99.994,99.998,99.998,99.989,217405433,21739117248
2025-08-26,99.994,99.999,100.001,99.993,83424197,8341958799
2025-08-27,99.994,100.003,100.005,99.994,95845604,9584488030
2025-08-28,100.001,100.008,100.010,100.001,122435795,12244192380
2025-08-29,100.006,100.034,100.044,100.005,110158403,11017429399
2025-09-01,100.004,100.018,100.034,100.003,120901471,12091147961
2025-09-02,100.008,100.017,100.019,100.006,147567560,14758651678
2025-09-03,100.007,100.018,100.022,100.007,100737528,10074790082
2025-09-04,100.016,100.008,100.016,100.004,104025724,10403539431
2025-09-05,100.007,100.000,100.011,99.993,122904218,12291140745
2025-09-08,99.995,100.002,100.003,99.995,135157765,13515544693
2025-09-09,99.997,100.000,100.001,99.995,114245316,11424262835
2025-09-10,99.995,100.004,100.005,99.995,85479312,8547859898
2025-09-11,100.002,99.998,100.006,99.996,107942775,10794463630
2025-09-12,100.003,100.002,100.005,100.001,153522568,15352781493
2025-09-15,99.996,100.002,100.004,99.995,139570059,13956747678
2025-09-16,99.997,99.995,99.997,99.993,110385310,11037972468
2025-09-17,99.992,99.996,99.997,99.987,122314746,12230577286
2025-09-18,100.001,100.003,100.004,99.998,187338390,18734094938
2025-09-19,100.004,100.006,100.008,100.002,134745757,13475191221
2025-09-22,99.996,99.999,100.000,99.994,119024069,11902006577
2025-09-23,99.995,100.004,100.005,99.994,114039545,11403734043
2025-09-24,99.999,99.995,100.000,99.990,120952542,12094819036
2025-09-25,99.993,99.989,99.995,99.880,82347995,8234158367
2025-09-26,100.004,100.004,100.006,100.001,144504925,14450969380
2025-09-29,99.998,99.999,100.003,99.988,162755921,16275067201
2025-09-30,100.024,100.042,100.045,100.023,190032399,19009268510
2025-10-09,99.999,99.995,99.999,99.991,245881185,24586849926
2025-10-10,100.003,100.014,100.016,100.002,181474597,18148740206
2025-10-13,99.998,100.003,100.005,99.996,161585816,16158356300
2025-10-14,99.999,100.004,100.005,99.996,149895585,14989572453
2025-10-15,99.996,99.998,99.999,99.995,131880190,13187651869
2025-10-16,99.994,100.004,100.005,99.994,148277477,14827896989
2025-10-17,100.007,100.014,100.019,100.007,169888190,16991158637
2025-10-20,100.003,100.003,100.007,99.999,310646395,31065371934
2025-10-21,100.001,100.003,100.005,99.988,217203316,21720212148
2025-10-22,99.996,100.004,100.005,99.996,140950545,14095169155
2025-10-23,100.000,99.998,100.005,99.997,147127560,14713059604
2025-10-24,100.007,100.005,100.009,100.003,166444621,16645380883
2025-10-27,99.998,99.996,99.999,99.994,197683904,19767548491
2025-10-28,99.995,99.995,99.996,99.991,142141796,14213269824
2025-10-29,99.994,99.993,99.995,99.991,111646480,11163842799
2025-10-30,99.998,100.008,100.009,99.996,197725402,19772635060
2025-10-31,100.006,99.999,100.007,99.998,214634843,21464085050
2025-11-03,99.993,99.997,99.998,99.992,164967214,16495714171
2025-11-04,99.993,100.007,100.008,99.993,158621614,15862120970
2025-11-05,100.001,100.004,100.006,99.999,129494160,12949520508
2025-11-06,100.000,100.004,100.005,99.998,85013524,8501407535
2025-11-07,100.006,100.006,100.009,100.004,125253151,12526145317
2025-11-10,99.996,99.998,100.000,99.996,122877824,12287559537
2025-11-11,99.994,99.997,99.998,99.994,142621816,14261593117
2025-11-12,99.995,99.997,99.998,99.994,91029572,9102615428
2025-11-13,100.001,100.000,100.003,99.998,158153599,15815365865
2025-11-14,100.006,100.005,100.007,100.003,118170893,11817685007
2025-11-17,99.998,100.000,100.000,99.997,74052394,7405090578
2025-11-18,99.995,99.998,100.002,99.995,91028922,9102687651
2025-11-19,99.997,99.999,100.000,99.997,66298354,6629722427
2025-11-20,100.001,100.002,100.004,100.001,97594293,9759643748
2025-11-21,100.006,100.001,100.007,100.000,130262708,13026714421
2025-11-24,99.999,99.998,100.002,99.996,108828424,10882725430
2025-11-25,99.998,100.004,100.005,99.997,92206192,9220537357
2025-11-26,100.001,100.003,100.004,99.999,88610039,8861118877
2025-11-27,100.001,99.999,100.002,99.998,70257043,7025663196
2025-11-28,100.005,100.002,100.005,99.999,118729861,11873206465
2025-12-01,99.998,99.999,100.000,99.997,91207721,9120604082
2025-12-02,99.999,100.001,100.002,99.998,74349820,7435006497
2025-12-03,100.000,99.998,100.001,99.998,57116254,5711613483
2025-12-04,100.000,99.998,100.000,99.997,68905824,6890465297
2025-12-05,100.004,100.000,100.004,99.996,120116005,12011663762
2025-12-08,99.997,99.997,99.998,99.996,89327945,8932512318
2025-12-09,99.998,100.000,100.000,99.997,82268523,8226749976
2025-12-10,99.999,100.004,100.005,99.998,83022597,8302314367
2025-12-11,100.001,100.004,100.006,99.999,92894193,9289555438
2025-12-12,100.005,99.999,100.006,99.997,99748025,9974929202
2025-12-15,99.997,99.997,99.997,99.993,96447480,9644291270
2025-12-16,99.994,100.000,100.002,99.993,123962453,12395892866
2025-12-17,99.996,99.994,99.999,99.987,93705293,9370041780
2025-12-18,99.998,100.000,100.000,99.996,100011320,10000938792
2025-12-19,100.003,99.999,100.003,99.996,143129570,14312842302
2025-12-22,99.992,99.994,99.995,99.990,87729119,8772235881
2025-12-23,99.992,99.995,99.998,99.990,106124107,10611693469
2025-12-24,99.993,99.998,99.999,99.992,87967006,8796211777
2025-12-25,99.999,99.994,100.000,99.993,112702848,11269934425
2025-12-26,100.001,99.999,100.002,99.997,123461739,12346108531
2025-12-29,99.993,99.997,99.999,99.991,115507533,11550233758
2025-12-30,99.995,100.002,100.007,99.984,156269284,15625603648
2025-12-31,100.010,100.022,100.023,100.009,127641561,12766140968
2026-01-05,99.998,99.994,99.998,99.992,209468081,20945545097
2026-01-06,99.991,99.987,99.995,99.978,203672294,20364801081
2026-01-07,99.985,99.998,99.999,99.981,132582648,13257405497
2026-01-08,99.999,99.999,100.005,99.996,128662422,12866235934
2026-01-09,100.000,99.997,100.003,99.995,168761641,16875737129
2026-01-12,99.986,99.991,99.992,99.986,110765229,11075254751
2026-01-13,99.988,99.996,99.998,99.988,123772503,12376533736
2026-01-14,99.995,99.997,99.998,99.985,247388420,24736687630
2026-01-15,99.996,100.002,100.005,99.994,129574055,12957254058
2026-01-16,100.001,100.009,100.010,100.001,174647337,17465761346
2026-01-19,99.998,100.000,100.001,99.994,134844835,13483946413
2026-01-20,99.996,100.003,100.005,99.995,114095550,11409539124
2026-01-21,99.997,99.994,100.001,99.991,148949146,14894308552
2026-01-22,99.993,99.995,99.998,99.991,88835449,8883144129
2026-01-23,100.004,100.002,100.007,100.001,158089231,15809483612
2026-01-26,99.998,100.003,100.004,99.996,127907225,12790634814
2026-01-27,100.000,99.999,100.003,99.998,103697184,10369789416
2026-01-28,99.999,99.999,100.000,99.997,96087464,9608614294
2026-01-29,99.999,99.992,99.999,99.990,154143286,15413445527
2026-01-30,99.999,100.001,100.003,99.996,170695214,17069304938
2026-02-02,99.993,100.004,100.006,99.985,213507805,21349985067
2026-02-03,99.995,99.996,99.998,99.991,153138239,15312822587
2026-02-04,99.995,100.004,100.005,99.994,120971098,12097140928
2026-02-05,99.998,100.004,100.005,99.998,79254769,7925654078
2026-02-06,100.006,100.005,100.008,100.002,125783059,12578935163
2026-02-09,99.995,99.995,99.998,99.993,144964704,14495776797
2026-02-10,99.994,100.000,100.002,99.992,105721854,10571747283
2026-02-11,99.995,100.001,100.005,99.995,96413670,9641257926
2026-02-12,99.998,100.019,100.031,99.998,70885576,7088988265
2026-02-13,100.036,100.045,100.052,100.036,85288650,8532738632
2026-02-24,99.996,100.001,100.003,99.995,121623334,12162139542
2026-02-25,99.997,99.999,99.999,99.995,105899153,10589579706
2026-02-26,99.997,99.997,99.999,99.994,95701197,9569762352
2026-02-27,100.001,100.000,100.003,99.999,86226858,8622689389
2026-03-02,99.998,100.003,100.004,99.997,102807847,10280707781
2026-03-03,100.001,100.004,100.006,100.000,93128995,9313204073
2026-03-04,100.004,100.002,100.004,99.999,123926243,12392823816
2026-03-05,100.000,100.004,100.006,100.000,115116621,11511924200
2026-03-06,100.003,100.004,100.006,100.000,119782612,11978578344
2026-03-09,99.994,99.997,99.998,99.992,106757125,10675226092
2026-03-10,99.996,99.995,99.997,99.993,124116597,12411009827
2026-03-11,99.995,100.000,100.000,99.994,80900214,8089694680
2026-03-12,99.996,100.000,100.000,99.996,70033982,7003277842
2026-03-13,100.003,100.005,100.007,100.002,98787896,9879239424
2026-03-16,99.997,99.997,100.000,99.996,101616477,10161419552
2026-03-17,99.996,100.000,100.001,99.996,68102995,6810181949
2026-03-18,99.999,99.999,100.001,99.996,115622479,11562023308
2026-03-19,99.998,100.004,100.006,99.998,77869588,7787006647
2026-03-20,100.004,100.004,100.007,100.002,122108922,12211432493
2026-03-23,99.997,99.997,100.001,99.994,146870485,14686592734
2026-03-24,99.995,99.999,100.000,99.995,120649981,12064666294
2026-03-25,99.997,99.998,99.999,99.992,146736412,14672967051
2026-03-26,99.994,99.999,100.000,99.994,92492058,9248924421
2026-03-27,100.004,99.996,100.005,99.991,137319475,13732125012
2026-03-30,99.994,99.993,99.996,99.991,114699367,11469228485
2026-03-31,99.993,99.997,99.998,99.990,145343893,14533544940
2026-04-01,99.994,99.998,99.999,99.993,150887728,15088213367
2026-04-02,99.997,100.005,100.006,99.997,103039188,10304025376
2026-04-03,100.008,100.012,100.015,100.008,151206855,15122480084
2026-04-07,99.999,100.000,100.002,99.997,92191839,9219071964
2026-04-08,99.994,99.994,99.996,99.986,146398160,14638711987
2026-04-09,99.995,100.003,100.006,99.995,113105837,11310431840
2026-04-10,100.002,100.006,100.007,100.001,68232494,6823427978
2026-04-13,99.998,100.003,100.006,99.995,71867634,7186687192
2026-04-14,99.997,100.001,100.002,99.996,95294787,9529386623
2026-04-15,99.997,99.997,100.000,99.996,98349014,9834722899
2026-04-16,99.996,99.995,99.998,99.993,115543713,11553826231
2026-04-17,100.003,100.000,100.004,99.999,137628155,13763143334
2026-04-20,99.996,99.997,99.998,99.995,106173351,10616919951
2026-04-21,99.996,99.997,99.999,99.996,45107961,4510669507
2026-04-22,99.997,99.993,99.999,99.992,95391967,9538881868
2026-04-23,99.994,99.997,99.999,99.993,87868854,8786562766
2026-04-24,100.003,99.999,100.004,99.997,161166707,16116752247
2026-04-27,99.995,99.994,99.996,99.992,102491419,10248584159
2026-04-28,99.994,99.999,100.000,99.993,96623036,9661985985
2026-04-29,100.000,100.012,100.018,100.000,137500293,13750566991
2026-04-30,100.012,100.016,100.020,100.012,135627986,13564957696
2026-05-06,99.995,99.996,99.997,99.953,235286213,23526417266
2026-05-07,99.994,99.998,99.999,99.993,95481587,9547717224
2026-05-08,100.004,100.004,100.005,100.000,162561474,16256560586
2026-05-11,99.998,100.002,100.003,99.996,125451090,12545097535
2026-05-12,99.999,100.003,100.003,99.998,102672675,10267303697
2026-05-13,99.998,99.997,100.000,99.996,87645783,8764379812
2026-05-14,99.995,99.999,100.001,99.995,59578828,5957773308
2026-05-15,100.003,100.006,100.008,100.002,136759730,13676655543
2026-05-18,99.997,100.006,100.009,99.996,73890959,7389031550
2026-05-19,99.998,100.005,100.023,99.997,71420775,7142181658
2026-05-20,100.000,100.005,100.006,99.999,72178126,7217938048
2026-05-21,100.000,100.002,100.003,99.998,70433480,7043360001
2026-05-22,100.003,100.014,100.019,100.000,155074759,15508074801
2026-05-25,99.999,100.004,100.019,99.997,110416865,11041945703
2026-05-26,99.999,100.001,100.003,99.998,92082568,9208275391
2026-05-27,99.999,100.000,100.001,99.997,83814591,8381344857
2026-05-28,100.000,99.998,100.000,99.996,81663748,8166229109
2026-05-29,100.003,100.003,100.005,100.002,116982178,11698589838
2026-06-01,99.997,99.996,99.998,99.990,110316054,11031116313
2026-06-02,99.996,99.999,100.000,99.995,79886439,7988482646
2026-06-03,99.997,100.000,100.001,99.995,106318760,10631654043
2026-06-04,99.998,100.001,100.003,99.998,65576856,6557716021
2026-06-05,100.005,100.007,100.010,100.004,92374789,9238080565
2026-06-08,100.002,100.002,100.002,99.998,105573756,10557385171
2026-06-09,100.000,100.003,100.003,99.999,73305910,7330672820
2026-06-10,100.001,100.002,100.003,100.000,78777031,7877814192
2026-06-11,100.001,100.002,100.002,99.998,93686206,9368677769
2026-06-12,100.003,100.003,100.004,100.000,124455502,12445726759
2026-06-15,99.997,99.994,99.998,99.986,168472960,16845886239
2026-06-16,99.993,99.996,99.997,99.990,104771200,10476496849
2026-06-17,99.996,99.996,100.000,99.994,95601278,9559761406
2026-06-18,100.002,100.000,100.004,99.998,97767007,9776810239
2026-06-22,99.993,99.994,99.997,99.992,86609483,8660471892
2026-06-23,99.994,100.000,100.000,99.993,87039366,8703552137
2026-06-24,99.999,99.996,100.000,99.994,100589687,10058632424
2026-06-25,99.990,99.994,99.996,99.990,87366422,8736049938
2026-06-26,100.001,100.002,100.003,99.999,133493366,13349411089
2026-06-29,99.993,99.990,99.995,99.986,137411690,13739881789
2026-06-30,99.991,99.991,99.993,99.980,138263509,13824713164
2026-07-01,99.991,99.998,99.999,99.988,157490090,15748170139
2026-07-02,99.994,100.006,100.008,99.994,88985746,8898620754
2026-07-03,100.003,100.008,100.009,100.001,116651704,11665758923
2026-07-06,99.997,100.002,100.003,99.997,98762422,9876191641
2026-07-07,100.000,100.009,100.012,99.998,70238439,7024012399
2026-07-08,100.001,100.000,100.003,99.998,94194088,9419414106
2026-07-09,99.995,99.999,100.000,99.994,84288452,8428603029
2026-07-10,100.003,100.004,100.007,100.003,104528929,10453368178
2026-07-13,99.998,100.006,100.011,99.998,86230662,8623174895
2026-07-14,100.001,99.999,100.002,99.996,87256820,8725549373
2026-07-15,99.997,100.000,100.001,99.997,91573510,9157262888
2026-07-16,100.000,100.000,100.001,99.997,78565218,7856427246
2026-07-17,100.003,100.004,100.005,100.001,167955989,16796103548
2026-07-20,99.998,99.996,99.999,99.995,132695398,13269071362
2026-07-21,99.996,99.993,99.997,99.969,145953386,14594325884
2026-07-22,99.994,100.003,100.003,99.993,129203563,12920183841
2026-07-23,99.999,100.007,100.008,99.999,69015358,6901711191
2026-07-24,100.004,100.006,100.007,100.004,105562865,10556860154
2026-07-27,99.996,99.995,99.997,99.992,112008759,11200389656
2026-07-28,99.995,100.002,100.002,99.994,75804879,7580425511
2026-07-29,99.999,99.999,100.001,99.997,112487080,11248565200
2026-07-30,99.999,100.002,100.002,99.997,110169977,11016913030
2026-07-31,100.001,100.002,100.004,99.995,203810355,20381158034
2026-08-03,99.996,99.995,100.000,99.995,102870455,10286751864
2026-08-04,99.996,99.994,99.997,99.992,81999793,8199551457
2026-08-05,99.995,99.996,99.996,99.994,83530905,8352697634
2026-08-06,99.995,99.997,99.998,99.995,64188844,6418636974
2026-08-07,100.001,100.003,100.003,100.000,124483997,12448602387
2026-08-10,99.996,100.001,100.001,99.995,90306081,9030338336
2026-08-11,99.997,100.000,100.001,99.997,59848974,5984830399
2026-08-12,99.999,100.002,100.002,99.998,67192920,6719237075
2026-08-13,99.998,100.001,100.003,99.998,66171200,6617087579
2026-08-14,100.003,100.008,100.008,100.002,108762972,10876840292
2026-08-17,99.998,99.998,100.000,99.995,101756466,10175425978
2026-08-18,99.997,100.002,100.002,99.997,68678452,6867774682
2026-08-19,99.998,99.999,100.002,99.996,94129099,9412855433
2026-08-20,99.999,100.006,100.006,99.998,92469694,9247044809
2026-08-21,100.005,100.007,100.007,100.004,94835946,9484122177
2026-08-24,99.998,100.003,100.003,99.998,83205747,8320585732
2026-08-25,99.999,100.002,100.002,99.998,86258237,8625826250
2026-08-26,100.000,100.000,100.002,99.999,80611461,8061146925
2026-08-27,99.999,99.998,100.000,99.996,82745689,8274418127
2026-08-28,100.003,100.003,100.006,100.002,106436188,10644028481
2026-08-31,99.998,100.000,100.000,99.997,100585100,10058330087
2026-09-01,99.998,100.006,100.006,99.998,149407362,14940937445
2026-09-02,100.001,100.007,100.014,99.999,107914300,10791745589
2026-09-03,100.000,100.004,100.004,99.999,76271185,7627169580
2026-09-04,100.004,100.004,100.005,100.001,190515903,19052275512
2026-09-07,99.999,99.998,99.999,99.995,137373466,13736944461
2026-09-08,99.998,99.999,100.000,99.995,81266385,8126431138
2026-09-09,99.999,100.000,100.000,99.997,75140031,7513881949
2026-09-10,99.999,100.002,100.002,99.998,108008991,10800879405
2026-09-11,100.005,100.007,100.007,100.004,78632762,7863672408
2026-09-14,99.999,100.000,100.001,99.998,97821714,9782070364
2026-09-15,99.998,100.003,100.004,99.998,78084063,7808396691
2026-09-16,99.999,99.998,100.000,99.994,105868889,10586667702
2026-09-17,99.997,99.999,100.000,99.994,100336200,10033407077
2026-09-18,100.004,99.999,100.004,99.999,153114014,15311669558
2026-09-21,99.996,99.996,99.997,99.994,99322668,9931786560
2026-09-22,99.994,99.995,99.996,99.992,110596676,11058935064
2026-09-23,99.995,99.996,99.997,99.993,131809164,13180236266
2026-09-24,100.002,100.004,100.005,100.001,157979753,15798454602
2026-09-28,99.997,100.001,100.004,99.996,198696637,19869507552
2026-09-29,99.999,100.015,100.018,99.998,143357236,14336451275
2026-09-30,100.021,100.026,100.031,100.020,234699416,23476044130
