date,open,high,low,close,volume,turnover
2016-09-14,0.980,0.980,0.985,0.977,117724090,115431402
2016-09-19,0.979,0.982,0.985,0.979,23491531,23072514
2016-09-20,0.982,0.980,0.983,0.978,17201235,16855033
2016-09-21,0.979,0.989,0.994,0.979,52039781,51417210
2016-09-22,0.998,0.989,0.998,0.988,26447076,26239881
2016-09-23,0.988,0.983,0.991,0.982,10420735,10280193
2016-09-26,0.983,0.962,0.983,0.960,6695017,6523214
2016-09-27,0.964,0.976,0.976,0.964,7508563,7298807
2016-09-28,0.976,0.970,0.976,0.970,3131505,3046418
2016-09-29,0.971,0.983,0.993,0.971,16064010,15833643
2016-09-30,0.979,0.981,0.986,0.976,4255474,4181051
2016-10-10,0.990,0.997,0.999,0.986,24451218,24309785
2016-10-11,0.998,0.999,1.002,0.994,32603168,32563116
2016-10-12,0.995,0.997,1.000,0.994,4191183,4178756
2016-10-13,0.997,0.999,1.002,0.994,17727388,17724293
2016-10-14,0.997,0.995,0.999,0.990,4752054,4727264
2016-10-17,0.995,0.984,0.998,0.983,3432573,3405221
2016-10-18,0.982,1.005,1.007,0.982,36433189,36497088
2016-10-19,1.005,0.998,1.006,0.995,9295393,9309512
2016-10-20,0.998,0.996,1.002,0.996,4278939,4273400
2016-10-21,0.997,1.002,1.013,0.995,28340973,28512522
2016-10-24,1.001,1.025,1.044,1.000,58977779,60524536
2016-10-25,1.024,1.019,1.024,1.015,4257741,4336009
2016-10-26,1.019,1.016,1.026,1.014,5662643,5775667
2016-10-27,1.014,1.017,1.018,1.011,8023950,8150097
2016-10-28,1.019,1.024,1.055,1.019,23516274,24469800
2016-10-31,1.021,1.024,1.029,1.005,5375639,5466240
2016-11-01,1.021,1.031,1.036,1.021,11875076,12244970
2016-11-02,1.024,1.028,1.044,1.024,7171334,7420197
2016-11-03,1.025,1.050,1.070,1.023,27171609,28636764
2016-11-04,1.047,1.045,1.058,1.043,7197175,7560790
2016-11-07,1.045,1.048,1.055,1.043,4574890,4797290
2016-11-08,1.051,1.049,1.063,1.048,3101050,3267453
2016-11-09,1.049,1.037,1.049,1.028,5338066,5535990
2016-11-10,1.041,1.053,1.063,1.041,7499320,7916237
2016-11-11,1.055,1.088,1.096,1.053,25168182,27198399
2016-11-14,1.090,1.097,1.124,1.080,31278642,34723787
2016-11-15,1.097,1.089,1.104,1.085,6528760,7139513
2016-11-16,1.090,1.093,1.097,1.082,10068840,10986504
2016-11-17,1.090,1.092,1.096,1.080,8758940,9536830
2016-11-18,1.091,1.072,1.091,1.070,5148260,5563540
2016-11-21,1.073,1.078,1.089,1.067,7114716,7669588
2016-11-22,1.080,1.088,1.096,1.080,7838830,8545066
2016-11-23,1.086,1.081,1.094,1.076,4697014,5090053
2016-11-24,1.078,1.087,1.107,1.076,12375350,13522481
2016-11-25,1.087,1.092,1.095,1.072,9015500,9769925
2016-11-28,1.100,1.087,1.124,1.087,5650700,6192213
2016-11-29,1.086,1.090,1.103,1.075,12158160,13239083
2016-11-30,1.090,1.082,1.101,1.070,8630332,9400978
2016-12-01,1.082,1.091,1.093,1.073,6594717,7171502
2016-12-02,1.091,1.075,1.091,1.069,8384627,9062538
2016-12-05,1.064,1.034,1.064,1.033,12162800,12701964
2016-12-06,1.035,1.032,1.038,1.030,5925870,6130296
2016-12-07,1.031,1.037,1.037,1.028,4216700,4358345
2016-12-08,1.038,1.026,1.039,1.026,3728700,3843829
2016-12-09,1.025,1.029,1.036,1.025,3660081,3770559
2016-12-12,1.029,1.001,1.029,0.994,13180271,13224160
2016-12-13,0.998,1.001,1.005,0.993,2770600,2764057
2016-12-14,1.001,0.988,1.001,0.987,3156500,3131396
2016-12-15,0.976,0.982,0.993,0.976,6003800,5909276
2016-12-16,0.983,0.983,0.989,0.981,2680800,2640242
2016-12-19,0.981,0.976,0.981,0.973,1296700,1265307
2016-12-20,0.975,0.975,0.976,0.969,6761300,6576007
2016-12-21,0.975,0.981,0.990,0.975,7336700,7207871
2016-12-22,0.980,0.974,0.980,0.972,5813800,5673597
2016-12-23,0.975,0.963,0.975,0.962,8512900,8233105
2016-12-26,0.961,0.972,0.975,0.953,14427800,13941650
2016-12-27,0.972,0.969,0.976,0.968,3145700,3059550
2016-12-28,0.967,0.967,0.974,0.964,3024700,2930202
2016-12-29,0.966,0.965,0.970,0.963,1108800,1071800
2016-12-30,0.965,0.969,0.969,0.963,3546411,3417777
2017-01-03,0.968,0.978,0.982,0.968,7559611,7383685
2017-01-04,0.978,0.981,0.983,0.976,2450411,2402412
2017-01-05,0.982,0.979,0.983,0.978,2185000,2141643
2017-01-06,0.980,0.970,0.980,0.969,2611600,2542562
2017-01-09,0.969,0.970,0.974,0.968,2105311,2042221
2017-01-10,0.970,0.972,0.976,0.970,1857600,1807760
2017-01-11,0.972,0.969,0.977,0.969,2884100,2807048
2017-01-12,0.969,0.971,0.978,0.969,2764569,2693990
2017-01-13,0.970,0.971,0.978,0.963,1694700,1647973
2017-01-16,0.965,0.971,0.975,0.949,13667700,13167398
2017-01-17,0.964,0.963,0.965,0.955,4425300,4252027
2017-01-18,0.964,0.965,0.970,0.963,2767169,2675073
2017-01-19,0.963,0.965,0.972,0.963,8047282,7780675
2017-01-20,0.964,0.973,0.975,0.954,2349982,2285033
2017-01-23,0.973,0.975,0.980,0.972,2184700,2132471
2017-01-24,0.975,0.970,0.975,0.969,1199700,1165561
2017-01-25,0.967,0.971,0.972,0.967,578090,560651
2017-01-26,0.972,0.977,0.979,0.972,1034964,1010763
2017-02-03,0.977,0.969,0.977,0.969,1438474,1398779
2017-02-06,0.969,0.969,0.972,0.966,1253800,1213410
2017-02-07,0.969,0.963,0.969,0.962,841700,811302
2017-02-08,0.963,0.982,0.983,0.959,8598100,8389108
2017-02-09,0.980,0.982,0.988,0.977,4751400,4676501
2017-02-10,0.983,0.986,0.991,0.980,11273300,11114867
2017-02-13,0.988,0.991,0.998,0.985,6571800,6525512
2017-02-14,0.992,0.990,0.996,0.988,2036400,2020738
2017-02-15,0.988,0.985,0.998,0.985,7291389,7247120
2017-02-16,0.988,0.994,0.997,0.984,4789700,4744848
2017-02-17,0.998,0.994,1.023,0.994,15059500,15206172
2017-02-20,0.995,1.002,1.004,0.990,3752400,3742180
2017-02-21,1.004,1.007,1.019,1.004,10334911,10474997
2017-02-22,1.009,1.005,1.009,1.002,4318441,4339182
2017-02-23,1.004,0.999,1.006,0.995,2356900,2361049
2017-02-24,0.998,0.999,1.003,0.996,9000700,8989082
2017-02-27,1.000,0.991,1.003,0.990,5585200,5554946
2017-02-28,0.992,0.992,0.997,0.990,2886500,2865211
2017-03-01,0.993,0.990,0.997,0.989,2412000,2396382
2017-03-02,0.992,0.990,1.004,0.989,7034000,7018059
2017-03-03,0.990,0.983,0.990,0.981,4665400,4589211
2017-03-06,0.983,0.989,0.990,0.983,2760041,2722525
2017-03-07,0.990,0.990,0.991,0.987,1856216,1835458
2017-03-08,0.989,0.986,0.991,0.985,4256960,4198374
2017-03-09,0.986,0.980,0.986,0.975,6402960,6273616
2017-03-10,0.980,0.981,0.984,0.979,981860,963139
2017-03-13,0.978,0.983,0.985,0.974,2688660,2631308
2017-03-14,0.982,0.983,0.988,0.980,6418400,6315888
2017-03-15,0.983,0.983,0.986,0.980,1565300,1537839
2017-03-16,0.995,1.001,1.003,0.985,13839500,13809859
2017-03-17,0.999,0.987,1.005,0.984,3951600,3923935
2017-03-20,0.986,0.979,0.987,0.975,4987900,4885621
2017-03-21,0.982,0.974,0.982,0.973,2049200,2000216
2017-03-22,0.974,0.962,0.974,0.962,4587370,4429612
2017-03-23,0.963,0.965,0.972,0.961,2773300,2682096
2017-03-24,0.965,0.976,0.981,0.963,3574283,3477739
2017-03-27,0.974,0.975,0.982,0.973,3286000,3213622
2017-03-28,0.975,0.970,0.976,0.970,1265400,1231480
2017-03-29,0.973,0.960,0.973,0.960,3284700,3165317
2017-03-30,0.961,0.959,0.968,0.955,3676400,3532663
2017-03-31,0.957,0.959,0.960,0.955,1595410,1528405
2017-04-05,0.965,0.972,0.974,0.960,3457300,3351260
2017-04-06,0.972,0.971,0.975,0.970,1708000,1659624
2017-04-07,0.971,0.975,0.977,0.970,3081100,2997867
2017-04-10,0.974,0.967,0.976,0.965,2227900,2163137
2017-04-11,0.966,0.968,0.969,0.953,5980400,5744725
2017-04-12,0.970,0.974,0.984,0.967,13424400,13134816
2017-04-13,0.972,0.970,0.973,0.970,1039700,1009872
2017-04-14,0.970,0.960,0.970,0.957,8740500,8389992
2017-04-17,0.958,0.962,0.963,0.951,9041900,8662988
2017-04-18,0.957,0.951,0.960,0.950,1684000,1606260
2017-04-19,0.950,0.944,0.950,0.938,3883500,3658604
2017-04-20,0.945,0.942,0.946,0.932,7225300,6781068
2017-04-21,0.942,0.946,0.948,0.940,9011000,8510832
2017-04-24,0.941,0.947,0.948,0.935,5443100,5125265
2017-04-25,0.947,0.943,0.949,0.942,989500,935391
2017-04-26,0.944,0.945,0.953,0.939,6437700,6111738
2017-04-27,0.941,0.943,0.945,0.934,5764100,5403484
2017-04-28,0.940,0.943,0.945,0.940,2547400,2399414
2017-05-02,0.942,0.937,0.943,0.936,1010800,948222
2017-05-03,0.939,0.932,0.939,0.928,3152060,2938333
2017-05-04,0.932,0.926,0.932,0.923,1807100,1675231
2017-05-05,0.926,0.906,0.926,0.900,6170805,5604404
2017-05-08,0.907,0.907,0.910,0.891,4601300,4144777
2017-05-09,0.905,0.906,0.909,0.901,5015600,4536910
2017-05-10,0.903,0.898,0.907,0.897,3668500,3305112
2017-05-11,0.887,0.900,0.903,0.887,2160800,1931496
2017-05-12,0.900,0.909,0.916,0.897,3957300,3599635
2017-05-15,0.912,0.914,0.918,0.906,5542100,5065135
2017-05-16,0.914,0.917,0.917,0.904,3646500,3317778
2017-05-17,0.917,0.915,0.929,0.914,7979200,7364673
2017-05-18,0.915,0.907,0.918,0.906,4099900,3729665
2017-05-19,0.905,0.906,0.909,0.904,593200,537190
2017-05-22,0.906,0.893,0.907,0.887,4410700,3938712
2017-05-23,0.893,0.894,0.896,0.889,4061100,3624227
2017-05-24,0.896,0.899,0.899,0.891,4594665,4114111
2017-05-25,0.899,0.932,0.938,0.894,14680160,13438431
2017-05-26,0.933,0.932,0.940,0.921,8770500,8197609
2017-05-31,0.942,0.938,0.947,0.931,7053600,6625037
2017-06-01,0.938,0.934,0.944,0.931,3783494,3542981
2017-06-02,0.934,0.935,0.937,0.927,1486700,1386881
2017-06-05,0.936,0.932,0.936,0.928,1258500,1172213
2017-06-06,0.930,0.934,0.935,0.929,2007500,1869937
2017-06-07,0.935,0.941,0.943,0.931,2779200,2610952
2017-06-08,0.942,0.941,0.942,0.936,1353200,1272061
2017-06-09,0.941,0.939,0.949,0.934,4367600,4120209
2017-06-12,0.942,0.928,0.942,0.925,3932300,3662726
2017-06-13,0.928,0.932,0.935,0.923,3386730,3150201
2017-06-14,0.932,0.930,0.935,0.927,3829700,3566166
2017-06-15,0.934,0.941,0.944,0.929,7497300,7030133
2017-06-16,0.940,0.939,0.946,0.938,13247700,12489857
2017-06-19,0.939,0.956,0.958,0.939,10304800,9801086
2017-06-20,0.958,0.955,0.960,0.951,2505800,2396408
2017-06-21,0.965,0.956,0.971,0.952,3649600,3505042
2017-06-22,0.957,0.958,0.970,0.952,7052700,6797658
2017-06-23,0.957,0.955,0.957,0.944,5486900,5219085
2017-06-26,0.957,0.965,0.969,0.953,3337400,3211911
2017-06-27,0.965,0.963,0.968,0.962,1806100,1741214
2017-06-28,0.961,0.961,0.966,0.959,2302065,2216794
2017-06-29,0.965,0.961,0.965,0.957,920200,883214
2017-06-30,0.961,0.961,0.961,0.952,3272551,3130410
2017-07-03,0.961,0.956,0.961,0.950,2996457,2859951
2017-07-04,0.956,0.949,0.956,0.948,2337357,2221028
2017-07-05,0.949,0.953,0.954,0.947,1453200,1381385
2017-07-06,0.954,0.952,0.955,0.944,1598100,1518450
2017-07-07,0.952,0.964,0.966,0.943,7534200,7210344
2017-07-10,0.958,0.969,0.983,0.958,8591700,8333275
2017-07-11,0.970,0.974,0.986,0.970,7134088,6991062
2017-07-12,0.975,0.969,0.981,0.964,5514288,5354500
2017-07-13,0.970,0.985,0.989,0.970,7710000,7571313
2017-07-14,0.985,0.986,0.992,0.980,3382924,3341967
2017-07-17,0.982,0.960,0.992,0.960,12623100,12260834
2017-07-18,0.962,0.951,0.962,0.943,8178600,7760479
2017-07-19,0.950,1.008,1.008,0.947,21657369,21327371
2017-07-20,1.007,1.005,1.017,1.000,7324344,7375717
2017-07-21,1.003,0.998,1.012,0.995,6979900,6987387
2017-07-24,0.998,0.998,1.006,0.996,3609981,3614179
2017-07-25,0.999,0.989,1.001,0.988,3305300,3279976
2017-07-26,0.995,0.994,0.997,0.983,5659700,5598529
2017-07-27,0.993,1.001,1.006,0.981,8602204,8563252
2017-07-28,0.998,0.993,0.998,0.992,2908904,2894390
2017-07-31,0.995,0.998,1.006,0.987,5976744,5962193
2017-08-01,0.999,1.010,1.020,0.999,8421846,8526756
2017-08-02,1.012,1.019,1.030,1.008,14338370,14621155
2017-08-03,1.021,1.011,1.024,1.011,5437300,5535652
2017-08-04,1.011,1.019,1.033,1.008,8350020,8548064
2017-08-07,1.018,1.007,1.018,1.000,9916220,9980027
2017-08-08,1.007,1.007,1.015,0.995,9599500,9642568
2017-08-09,1.007,0.996,1.007,0.994,5723100,5708220
2017-08-10,0.996,0.996,1.007,0.987,9081621,9047494
2017-08-11,0.994,0.974,0.994,0.970,10250250,10057268
2017-08-14,0.973,0.986,0.988,0.970,6893120,6747321
2017-08-15,0.991,0.982,0.991,0.980,3438019,3391676
2017-08-16,0.985,0.982,0.988,0.977,4402900,4329192
2017-08-17,0.983,0.990,0.992,0.982,6386400,6303462
2017-08-18,0.985,0.983,0.990,0.982,2625200,2586683
2017-08-21,0.982,0.988,0.989,0.982,2316200,2280987
2017-08-22,0.988,0.986,0.994,0.981,4072300,4026195
2017-08-23,0.986,0.996,1.006,0.984,11249124,11200116
2017-08-24,0.995,0.981,0.996,0.980,4423600,4364693
2017-08-25,0.979,1.005,1.010,0.978,12394545,12381343
2017-08-28,1.009,1.062,1.074,1.009,29342376,30852195
2017-08-29,1.063,1.054,1.068,1.047,10055110,10644985
2017-08-30,1.054,1.056,1.080,1.053,11466901,12273622
2017-08-31,1.055,1.066,1.072,1.052,14304254,15232969
2017-09-01,1.066,1.075,1.079,1.066,9043630,9705701
2017-09-04,1.079,1.071,1.079,1.060,6381300,6822263
2017-09-05,1.071,1.068,1.079,1.066,7548192,8091698
2017-09-06,1.065,1.063,1.067,1.054,5602793,5937660
2017-09-07,1.063,1.053,1.072,1.051,8337192,8870916
2017-09-08,1.052,1.048,1.055,1.043,7616292,7987011
2017-09-11,1.045,1.049,1.055,1.043,2977800,3123641
2017-09-12,1.049,1.059,1.074,1.049,11511893,12222526
2017-09-13,1.053,1.055,1.063,1.052,3560193,3760674
2017-09-14,1.054,1.054,1.069,1.052,6245700,6618614
2017-09-15,1.049,1.056,1.063,1.047,8809700,9309936
2017-09-18,1.060,1.069,1.075,1.060,9318200,9959635
2017-09-19,1.070,1.055,1.070,1.050,6287300,6658514
2017-09-20,1.055,1.056,1.057,1.050,3157800,3329708
2017-09-21,1.057,1.054,1.068,1.053,7235600,7677302
2017-09-22,1.051,1.049,1.053,1.039,9219200,9641610
2017-09-25,1.049,1.041,1.049,1.040,5613996,5858889
2017-09-26,1.046,1.042,1.046,1.040,3064471,3196290
2017-09-27,1.044,1.042,1.047,1.041,2417596,2523664
2017-09-28,1.045,1.039,1.045,1.039,1376900,1432139
2017-09-29,1.040,1.051,1.058,1.040,6918100,7273824
2017-10-09,1.083,1.052,1.088,1.052,12029000,12803964
2017-10-10,1.053,1.051,1.056,1.042,6719820,7037142
2017-10-11,1.051,1.046,1.052,1.046,3784619,3967518
2017-10-12,1.048,1.042,1.049,1.039,5407200,5636081
2017-10-13,1.042,1.043,1.047,1.040,3794200,3956891
2017-10-16,1.043,1.039,1.052,1.038,10739200,11201511
2017-10-17,1.038,1.030,1.038,1.028,7394400,7624457
2017-10-18,1.039,1.030,1.039,1.026,5084427,5239702
2017-10-19,1.029,1.008,1.029,1.003,12429800,12571330
2017-10-20,1.007,1.011,1.012,1.005,2430570,2452881
2017-10-23,1.012,1.004,1.012,1.002,5935800,5963010
2017-10-24,1.004,1.015,1.017,1.003,7937900,8031898
2017-10-25,1.016,1.015,1.020,1.012,4058800,4120984
2017-10-26,1.015,1.020,1.027,1.011,5655670,5775339
2017-10-27,1.025,1.010,1.025,1.009,5516100,5602939
2017-10-30,1.010,0.987,1.010,0.974,16809984,16551451
2017-10-31,0.986,0.981,0.986,0.976,7982000,7829312
2017-11-01,0.981,0.976,0.988,0.975,6555200,6436539
2017-11-02,0.975,0.980,0.987,0.967,8286200,8089142
2017-11-03,0.979,0.977,0.979,0.967,10324000,10032542
2017-11-06,0.975,0.975,0.976,0.969,5526900,5373242
2017-11-07,0.975,0.987,0.992,0.975,7791707,7679417
2017-11-08,0.987,1.005,1.025,0.986,17024966,17140692
2017-11-09,1.000,1.006,1.012,1.000,4175466,4198500
2017-11-10,1.007,1.009,1.015,1.000,9412400,9473174
2017-11-13,1.011,1.004,1.021,1.004,6219000,6295936
2017-11-14,1.004,0.994,1.005,0.990,10372300,10318554
2017-11-15,0.994,0.991,0.998,0.988,6133100,6096666
2017-11-16,0.987,0.975,0.990,0.975,8788500,8628983
2017-11-17,0.984,0.981,0.985,0.966,11675200,11384783
2017-11-20,0.979,0.972,0.979,0.959,11010300,10654267
2017-11-21,0.971,1.009,1.025,0.970,27401309,27602754
2017-11-22,1.002,1.010,1.024,1.002,11723600,11873446
2017-11-23,1.010,0.985,1.021,0.984,14644900,14705317
2017-11-24,0.983,0.988,0.990,0.977,11043300,10852655
2017-11-27,0.985,0.988,0.996,0.977,8794200,8688093
2017-11-28,0.990,0.989,0.992,0.978,5040300,4955318
2017-11-29,0.989,0.988,0.989,0.973,9097900,8929847
2017-11-30,0.987,0.987,1.003,0.981,8569600,8514774
2017-12-01,0.987,0.985,0.990,0.980,9743696,9593830
2017-12-04,0.985,0.973,0.985,0.969,14915320,14541589
2017-12-05,0.973,0.983,0.987,0.971,16265496,15953477
2017-12-06,0.983,0.982,0.983,0.973,5327900,5201993
2017-12-07,0.984,0.970,0.984,0.968,10584100,10301809
2017-12-08,0.970,0.968,0.975,0.966,7050200,6833410
2017-12-11,0.969,0.970,0.971,0.964,9502600,9186658
2017-12-12,0.971,0.953,0.971,0.952,12755700,12246810
2017-12-13,0.953,0.955,0.958,0.949,11936000,11358839
2017-12-14,0.954,0.939,0.955,0.937,16692800,15720427
2017-12-15,0.939,0.932,0.939,0.929,11765000,10984531
2017-12-18,0.932,0.928,0.936,0.925,8260900,7679760
2017-12-19,0.930,0.932,0.934,0.927,9252200,8615370
2017-12-20,0.933,0.917,0.933,0.913,14871800,13682025
2017-12-21,0.916,0.923,0.928,0.910,11087600,10204186
2017-12-22,0.923,0.916,0.923,0.914,8134000,7473096
2017-12-25,0.917,0.902,0.920,0.901,15285200,13869681
2017-12-26,0.901,0.909,0.909,0.900,13080330,11835983
2017-12-27,0.909,0.899,0.909,0.896,9718530,8760427
2017-12-28,0.899,0.904,0.916,0.894,11008700,9959341
2017-12-29,0.904,0.904,0.908,0.901,5951430,5377672
2018-01-02,0.906,0.916,0.919,0.905,8854130,8087194
2018-01-03,0.917,0.930,0.935,0.915,16734616,15521908
2018-01-04,0.930,0.928,0.932,0.925,7816300,7250945
2018-01-05,0.927,0.932,0.940,0.925,10160400,9488989
2018-01-08,0.932,0.950,0.964,0.930,24516686,23218189
2018-01-09,0.950,0.944,0.958,0.940,9860717,9346171
2018-01-10,0.945,0.940,0.952,0.934,18726000,17638517
2018-01-11,0.940,0.937,0.941,0.932,9253200,8664559
2018-01-12,0.939,0.935,0.946,0.933,10514700,9878073
2018-01-15,0.936,0.920,0.937,0.919,20085500,18626817
2018-01-16,0.920,0.941,0.942,0.917,14595500,13506386
2018-01-17,0.944,0.973,0.996,0.944,44747795,43594501
2018-01-18,0.976,0.980,0.988,0.967,24258186,23757921
2018-01-19,0.977,1.002,1.020,0.977,38434327,38402075
2018-01-22,1.002,1.000,1.010,0.990,20051578,20017556
2018-01-23,1.000,1.005,1.014,0.994,30634300,30766927
2018-01-24,1.006,1.043,1.047,0.998,45454323,46640880
2018-01-25,1.040,1.022,1.042,1.020,30084123,31004037
2018-01-26,1.016,1.021,1.031,1.016,20132502,20646934
2018-01-29,1.023,1.005,1.029,1.001,22946947,23321869
2018-01-30,1.000,0.989,1.009,0.989,17735709,17709133
2018-01-31,0.982,0.970,0.988,0.962,17517646,17111619
2018-02-01,0.973,0.958,0.976,0.952,21000146,20267444
2018-02-02,0.955,0.957,0.960,0.940,40422800,38415046
2018-02-05,0.950,0.962,0.966,0.940,35067700,33228068
2018-02-06,0.942,0.919,0.950,0.918,25335800,23795877
2018-02-07,0.931,0.905,0.940,0.905,21872500,20130914
2018-02-08,0.905,0.901,0.915,0.896,22816000,20616077
2018-02-09,0.889,0.837,0.889,0.822,41306900,35021955
2018-02-12,0.839,0.833,0.844,0.831,17892250,14973633
2018-02-13,0.840,0.841,0.855,0.840,12984600,11004753
2018-02-14,0.843,0.839,0.844,0.832,11997000,10044986
2018-02-22,0.847,0.849,0.854,0.843,14992000,12724379
2018-02-23,0.852,0.852,0.859,0.846,21893900,18674569
2018-02-26,0.859,0.875,0.879,0.851,22045800,19034808
2018-02-27,0.874,0.865,0.875,0.861,16776300,14533735
2018-02-28,0.857,0.859,0.871,0.847,28043778,24022994
2018-03-01,0.851,0.862,0.863,0.851,16030900,13775467
2018-03-02,0.856,0.854,0.862,0.853,21765100,18660846
2018-03-05,0.855,0.852,0.859,0.849,12058500,10285681
2018-03-06,0.857,0.869,0.873,0.855,23725700,20515430
2018-03-07,0.871,0.861,0.875,0.859,18481500,16035805
2018-03-08,0.862,0.864,0.867,0.860,7366300,6356260
2018-03-09,0.865,0.877,0.881,0.863,23051341,20120672
2018-03-12,0.882,0.891,0.897,0.882,25598841,22747400
2018-03-13,0.892,0.877,0.892,0.876,16757200,14791080
2018-03-14,0.874,0.870,0.880,0.869,16142400,14099528
2018-03-15,0.870,0.867,0.871,0.862,15969800,13834449
2018-03-16,0.867,0.857,0.872,0.856,15432900,13357369
2018-03-19,0.857,0.858,0.863,0.852,15440500,13258919
2018-03-20,0.853,0.857,0.860,0.849,14311700,12214246
2018-03-21,0.857,0.860,0.879,0.857,30130700,26190524
2018-03-22,0.862,0.858,0.871,0.856,13733400,11862643
2018-03-23,0.840,0.814,0.840,0.798,55871600,45929004
2018-03-26,0.803,0.818,0.819,0.797,20142800,16253010
2018-03-27,0.825,0.828,0.833,0.823,18754500,15529065
2018-03-28,0.819,0.820,0.831,0.818,12056900,9927312
2018-03-29,0.826,0.837,0.840,0.819,22100700,18430625
2018-03-30,0.839,0.843,0.846,0.837,15095700,12699335
2018-04-02,0.844,0.853,0.868,0.841,30479133,26129790
2018-04-03,0.843,0.853,0.859,0.840,26683800,22678266
2018-04-04,0.855,0.845,0.863,0.844,20231400,17301727
2018-04-09,0.844,0.849,0.851,0.836,20048600,16954283
2018-04-10,0.850,0.863,0.867,0.850,29637767,25458830
2018-04-11,0.862,0.859,0.865,0.856,23189800,19962787
2018-04-12,0.858,0.852,0.866,0.850,19713700,16945915
2018-04-13,0.857,0.843,0.858,0.842,17416300,14783545
2018-04-16,0.838,0.824,0.843,0.823,21486100,17870868
2018-04-17,0.826,0.825,0.842,0.824,28306478,23582433
2018-04-18,0.835,0.837,0.838,0.826,15585100,12982610
2018-04-19,0.839,0.841,0.847,0.835,22002500,18521441
2018-04-20,0.839,0.814,0.840,0.813,27640000,22761422
2018-04-23,0.815,0.820,0.824,0.814,16806100,13756767
2018-04-24,0.820,0.841,0.843,0.820,23405600,19554785
2018-04-25,0.836,0.838,0.841,0.834,12088900,10125733
2018-04-26,0.838,0.820,0.842,0.819,14215900,11810051
2018-04-27,0.825,0.832,0.838,0.822,17045000,14135813
2018-05-02,0.845,0.835,0.846,0.832,20101300,16847881
2018-05-03,0.836,0.855,0.858,0.834,35074800,29757435
2018-05-04,0.852,0.849,0.855,0.848,14508900,12352328
2018-05-07,0.857,0.858,0.859,0.853,19208800,16452296
2018-05-08,0.858,0.862,0.864,0.853,24877400,21349427
2018-05-09,0.860,0.853,0.861,0.851,18761200,16030211
2018-05-10,0.855,0.858,0.859,0.850,37963100,32455660
2018-05-11,0.858,0.848,0.860,0.847,15795100,13460626
2018-05-14,0.849,0.852,0.856,0.849,16398500,13984557
2018-05-15,0.852,0.849,0.853,0.841,24654100,20839262
2018-05-16,0.846,0.839,0.847,0.838,22310800,18792981
2018-05-17,0.839,0.832,0.841,0.831,15548900,12998277
2018-05-18,0.832,0.842,0.843,0.830,24339000,20341287
2018-05-21,0.847,0.848,0.853,0.845,23186200,19670794
2018-05-22,0.847,0.843,0.847,0.837,24979700,20999074
2018-05-23,0.840,0.834,0.841,0.833,16024700,13408287
2018-05-24,0.834,0.826,0.836,0.825,22196200,18432577
2018-05-25,0.829,0.819,0.830,0.818,18441900,15201863
2018-05-28,0.817,0.816,0.823,0.814,17318900,14178281
2018-05-29,0.817,0.806,0.819,0.804,26002900,21061693
2018-05-30,0.800,0.776,0.800,0.774,41372200,32588126
2018-05-31,0.782,0.786,0.788,0.777,32120000,25108848
2018-06-01,0.784,0.790,0.800,0.779,31628200,24911169
2018-06-04,0.792,0.785,0.795,0.785,11582800,9157059
2018-06-05,0.787,0.791,0.791,0.781,13878500,10919295
2018-06-06,0.791,0.789,0.794,0.783,23673200,18664537
2018-06-07,0.792,0.796,0.806,0.790,37106900,29628539
2018-06-08,0.796,0.777,0.797,0.772,36479800,28454031
2018-06-11,0.775,0.779,0.784,0.772,18782500,14630170
2018-06-12,0.780,0.782,0.783,0.773,15471700,12061237
2018-06-13,0.782,0.770,0.782,0.769,24577900,19022348
2018-06-14,0.769,0.773,0.779,0.767,38151100,29527185
2018-06-15,0.778,0.766,0.778,0.764,47567700,36598109
2018-06-19,0.760,0.715,0.760,0.701,81598200,59853239
2018-06-20,0.711,0.710,0.717,0.698,36961700,26241051
2018-06-21,0.711,0.689,0.713,0.686,42307300,29664288
2018-06-22,0.683,0.697,0.698,0.680,46281200,32022578
2018-06-25,0.702,0.692,0.705,0.689,27791900,19368681
2018-06-26,0.685,0.695,0.698,0.680,37134319,25633107
2018-06-27,0.695,0.691,0.697,0.687,28943900,20021272
2018-06-28,0.691,0.697,0.714,0.690,37749919,26437325
2018-06-29,0.697,0.715,0.717,0.696,30781000,21774545
2018-07-02,0.714,0.697,0.714,0.690,31286600,21952932
2018-07-03,0.700,0.706,0.706,0.692,27090700,18967643
2018-07-04,0.705,0.696,0.706,0.694,29826500,20827771
2018-07-05,0.698,0.689,0.705,0.688,37605800,26196864
2018-07-06,0.692,0.694,0.705,0.677,54223500,37523033
2018-07-09,0.694,0.706,0.707,0.693,27460700,19277846
2018-07-10,0.707,0.706,0.709,0.701,27117500,19097806
2018-07-11,0.697,0.684,0.697,0.679,31753200,21818066
2018-07-12,0.685,0.706,0.709,0.684,37367600,26192063
2018-07-13,0.706,0.704,0.707,0.701,28383500,19989851
2018-07-16,0.707,0.702,0.707,0.698,20871700,14628504
2018-07-17,0.702,0.696,0.702,0.692,20423400,14217752
2018-07-18,0.697,0.691,0.702,0.691,15318100,10668624
2018-07-19,0.691,0.688,0.697,0.685,20492300,14143209
2018-07-20,0.690,0.709,0.712,0.685,59025500,41366852
2018-07-23,0.706,0.720,0.721,0.703,34373400,24537985
2018-07-24,0.718,0.733,0.741,0.717,45421000,33271855
2018-07-25,0.735,0.727,0.735,0.724,23477600,17068015
2018-07-26,0.728,0.722,0.732,0.721,26376200,19111842
2018-07-27,0.721,0.718,0.723,0.716,27236800,19587380
2018-07-30,0.718,0.714,0.723,0.710,31001200,22171798
2018-07-31,0.714,0.716,0.719,0.710,22753600,16249669
2018-08-01,0.717,0.700,0.722,0.700,27611800,19684470
2018-08-02,0.697,0.681,0.699,0.672,37487700,25639301
2018-08-03,0.679,0.675,0.684,0.674,20670300,14045677
2018-08-06,0.677,0.667,0.683,0.664,29453100,19806518
2018-08-07,0.668,0.686,0.687,0.666,32438300,21925154
2018-08-08,0.686,0.676,0.686,0.675,27036700,18394647
2018-08-09,0.676,0.688,0.691,0.673,30022800,20560683
2018-08-10,0.688,0.688,0.690,0.683,24525900,16846926
2018-08-13,0.681,0.685,0.687,0.675,35494100,24127680
2018-08-14,0.685,0.682,0.686,0.680,24498600,16725293
2018-08-15,0.683,0.671,0.684,0.670,24003400,16225698
2018-08-16,0.668,0.676,0.687,0.661,45112800,30344494
2018-08-17,0.679,0.671,0.684,0.669,35267300,23947553
2018-08-20,0.674,0.680,0.681,0.669,25778400,17420647
2018-08-21,0.680,0.685,0.689,0.680,26413100,18059143
2018-08-22,0.682,0.681,0.685,0.680,18382800,12534565
2018-08-23,0.682,0.687,0.691,0.678,26422700,18095712
2018-08-24,0.686,0.689,0.695,0.681,36983800,25437471
2018-08-27,0.690,0.699,0.700,0.689,34452700,23951108
2018-08-28,0.699,0.696,0.701,0.694,21477800,14965995
2018-08-29,0.695,0.690,0.695,0.689,24961400,17261271
2018-08-30,0.690,0.682,0.692,0.681,22253100,15281554
2018-08-31,0.683,0.682,0.688,0.680,19763400,13500506
2018-09-03,0.681,0.681,0.684,0.677,21775200,14801627
2018-09-04,0.681,0.689,0.690,0.679,36184945,24768398
2018-09-05,0.686,0.677,0.688,0.677,63073844,43180833
2018-09-06,0.677,0.676,0.681,0.673,14935200,10112791
2018-09-07,0.676,0.677,0.684,0.671,22674200,15369891
2018-09-10,0.676,0.656,0.676,0.656,45776300,30372426
2018-09-11,0.659,0.659,0.663,0.655,26320800,17329832
2018-09-12,0.661,0.662,0.668,0.658,24371600,16165994
2018-09-13,0.668,0.671,0.672,0.665,21767300,14547385
2018-09-14,0.671,0.668,0.674,0.667,17061418,11424377
2018-09-17,0.667,0.666,0.669,0.661,22230100,14799697
2018-09-18,0.666,0.677,0.678,0.663,27487200,18452349
2018-09-19,0.674,0.682,0.687,0.674,39160900,26613527
2018-09-20,0.681,0.680,0.685,0.679,22738700,15504312
2018-09-21,0.681,0.696,0.696,0.677,39291700,27052226
2018-09-25,0.689,0.688,0.692,0.686,24798800,17070851
2018-09-26,0.689,0.692,0.700,0.687,33346300,23161516
2018-09-27,0.690,0.688,0.692,0.686,16909000,11656268
2018-09-28,0.688,0.695,0.696,0.688,24937800,17282190
2018-10-08,0.683,0.670,0.689,0.668,32998925,22340381
2018-10-09,0.670,0.667,0.673,0.665,35546400,23767297
2018-10-10,0.668,0.668,0.672,0.665,19743000,13195036
2018-10-11,0.656,0.619,0.656,0.615,58772100,37443161
2018-10-12,0.618,0.611,0.620,0.600,66370300,40529749
2018-10-15,0.614,0.603,0.615,0.601,37888200,23095784
2018-10-16,0.603,0.596,0.612,0.592,54517981,32813940
2018-10-17,0.603,0.603,0.607,0.593,31951300,19202692
2018-10-18,0.601,0.592,0.604,0.592,32746000,19610317
2018-10-19,0.588,0.610,0.614,0.584,43729800,26179955
2018-10-22,0.620,0.671,0.671,0.615,74610324,48754376
2018-10-23,0.701,0.679,0.715,0.666,115929181,80006066
2018-10-24,0.665,0.688,0.708,0.661,118652224,81415134
2018-10-25,0.664,0.718,0.719,0.664,107072614,74086681
2018-10-26,0.718,0.692,0.719,0.690,99670400,69976718
2018-10-29,0.695,0.688,0.705,0.680,61947811,43073934
2018-10-30,0.689,0.725,0.742,0.681,149413924,106968479
2018-10-31,0.719,0.715,0.727,0.705,90944445,65107390
2018-11-01,0.721,0.723,0.764,0.721,159401205,118034323
2018-11-02,0.750,0.741,0.755,0.729,130583805,96414890
2018-11-05,0.742,0.742,0.745,0.727,101730135,75158457
2018-11-06,0.739,0.737,0.751,0.728,100903100,74652309
2018-11-07,0.730,0.722,0.736,0.721,78026000,56758527
2018-11-08,0.729,0.710,0.731,0.709,71605500,51592086
2018-11-09,0.707,0.711,0.721,0.704,56550279,40347262
2018-11-12,0.710,0.725,0.725,0.709,82500751,59186500
2018-11-13,0.719,0.742,0.756,0.713,142495572,104741095
2018-11-14,0.740,0.730,0.748,0.728,98926872,72941976
2018-11-15,0.731,0.750,0.755,0.728,111897781,83265176
2018-11-16,0.753,0.771,0.790,0.749,183214772,141197690
2018-11-19,0.765,0.795,0.803,0.765,162735600,128047924
2018-11-20,0.787,0.760,0.796,0.758,139950900,108806587
2018-11-21,0.749,0.761,0.767,0.745,103038700,78100726
2018-11-22,0.763,0.752,0.764,0.741,80387800,60465015
2018-11-23,0.752,0.729,0.760,0.724,104578200,77347061
2018-11-26,0.725,0.724,0.737,0.719,79885200,58165739
2018-11-27,0.730,0.728,0.736,0.720,67785143,49419456
2018-11-28,0.725,0.748,0.749,0.723,140257462,103576579
2018-11-29,0.752,0.723,0.758,0.721,113675680,84329262
2018-11-30,0.719,0.734,0.736,0.713,80391490,58144502
2018-12-03,0.777,0.756,0.777,0.752,148961167,113503655
2018-12-04,0.752,0.762,0.763,0.751,89344493,67752254
2018-12-05,0.750,0.752,0.759,0.748,73225060,55108370
2018-12-06,0.745,0.733,0.750,0.731,72233200,53336956
2018-12-07,0.738,0.736,0.742,0.733,42269300,31158454
2018-12-10,0.729,0.726,0.732,0.719,55589900,40323726
2018-12-11,0.730,0.728,0.731,0.723,43622300,31682310
2018-12-12,0.733,0.731,0.741,0.728,61919800,45399731
2018-12-13,0.732,0.738,0.745,0.724,92371000,67998436
2018-12-14,0.736,0.716,0.737,0.716,65808900,47795190
2018-12-17,0.714,0.721,0.724,0.711,59282300,42583527
2018-12-18,0.718,0.708,0.723,0.705,68520152,48779688
2018-12-19,0.711,0.703,0.712,0.702,74724300,52816679
2018-12-20,0.701,0.709,0.714,0.696,82165100,58008497
2018-12-21,0.705,0.695,0.707,0.690,73817100,51547734
2018-12-24,0.693,0.691,0.699,0.687,54113200,37442112
2018-12-25,0.681,0.675,0.687,0.663,115908600,77819227
2018-12-26,0.674,0.671,0.679,0.667,75645600,50823058
2018-12-27,0.680,0.671,0.684,0.669,55996100,37974962
2018-12-28,0.674,0.684,0.691,0.672,80212100,54723945
2019-01-02,0.684,0.681,0.685,0.675,46222900,31421769
2019-01-03,0.682,0.696,0.712,0.680,114532000,80071204
2019-01-04,0.689,0.747,0.763,0.689,239025600,174190467
2019-01-07,0.749,0.745,0.753,0.737,151308052,112778222
2019-01-08,0.742,0.745,0.757,0.736,122538552,91449723
2019-01-09,0.745,0.748,0.761,0.744,166587800,125149803
2019-01-10,0.750,0.736,0.752,0.736,85746600,63849622
2019-01-11,0.737,0.744,0.750,0.736,96584700,71671948
2019-01-14,0.750,0.741,0.752,0.738,46258900,34431273
2019-01-15,0.740,0.760,0.764,0.738,148950700,112451423
2019-01-16,0.760,0.753,0.760,0.749,69708100,52524518
2019-01-17,0.753,0.744,0.759,0.743,61084100,45753332
2019-01-18,0.745,0.754,0.755,0.744,57603968,43197397
2019-01-21,0.754,0.749,0.760,0.745,112198500,84451478
2019-01-22,0.747,0.738,0.751,0.735,65467700,48658740
2019-01-23,0.736,0.736,0.742,0.730,42778300,31508613
2019-01-24,0.738,0.749,0.758,0.738,91297400,68252334
2019-01-25,0.748,0.748,0.754,0.746,67884500,50922474
2019-01-28,0.757,0.743,0.762,0.741,105219900,79058195
2019-01-29,0.742,0.737,0.743,0.723,102808200,75383788
2019-01-30,0.736,0.728,0.740,0.727,59467400,43693272
2019-01-31,0.733,0.737,0.745,0.730,72410618,53392990
2019-02-01,0.749,0.756,0.757,0.746,107749697,80980363
2019-02-11,0.760,0.769,0.770,0.754,89826800,68455123
2019-02-12,0.770,0.774,0.781,0.764,106740779,82400802
2019-02-13,0.774,0.801,0.804,0.770,165092379,130512172
2019-02-14,0.799,0.799,0.806,0.793,137452900,109852740
2019-02-15,0.797,0.782,0.801,0.780,117476100,93077567
2019-02-18,0.790,0.827,0.830,0.790,156761723,126918923
2019-02-19,0.829,0.834,0.861,0.824,271895295,227811839
2019-02-20,0.834,0.836,0.846,0.824,156619972,130652843
2019-02-21,0.835,0.843,0.875,0.827,248523972,210157899
2019-02-22,0.849,0.927,0.927,0.837,404834983,356094966
2019-02-25,0.981,1.020,1.020,0.952,474694967,468945213
2019-02-26,1.052,0.998,1.071,0.994,661982984,684254155
2019-02-27,0.989,0.989,1.024,0.964,445702886,442513170
2019-02-28,0.988,0.956,0.988,0.942,361837310,346930676
2019-03-01,0.966,0.987,0.998,0.950,444392708,433437524
2019-03-04,0.997,0.995,1.049,0.971,542730681,544881187
2019-03-05,0.980,0.995,0.998,0.976,344174800,339747981
2019-03-06,0.995,1.051,1.077,0.994,588548420,600160818
2019-03-07,1.060,1.104,1.130,1.039,580869418,625277639
2019-03-08,1.035,0.995,1.063,0.994,603307966,621020547
2019-03-11,0.992,1.010,1.025,0.970,517635480,517257612
2019-03-12,1.016,1.020,1.046,1.009,500946980,514407688
2019-03-13,1.019,1.002,1.026,0.990,363374656,365430714
2019-03-14,0.990,0.968,1.008,0.957,491977043,482479666
2019-03-15,0.976,0.981,0.996,0.966,388030851,381273351
2019-03-18,0.980,1.005,1.005,0.961,470492451,462606064
2019-03-19,1.005,0.994,1.009,0.988,322980705,322785234
2019-03-20,0.991,1.008,1.020,0.988,420938051,422287757
2019-03-21,1.012,1.022,1.047,0.999,553241456,566260818
2019-03-22,1.016,1.011,1.024,0.992,332890251,335773825
2019-03-25,0.990,0.973,1.004,0.971,380937700,376344985
2019-03-26,0.979,0.943,0.984,0.937,344509476,330406528
2019-03-27,0.950,0.948,0.958,0.939,277791800,263594224
2019-03-28,0.942,0.940,0.961,0.931,282660366,267080327
2019-03-29,0.945,1.020,1.022,0.944,710352361,702480325
2019-04-01,1.022,1.035,1.053,1.007,536414538,552237756
2019-04-02,1.035,1.031,1.058,1.024,411683625,428845317
2019-04-03,1.020,1.084,1.088,1.018,563685883,594316994
2019-04-04,1.088,1.085,1.095,1.068,448741782,484983659
2019-04-08,1.091,1.059,1.101,1.042,444250844,474281681
2019-04-09,1.058,1.059,1.073,1.039,321655272,339782817
2019-04-10,1.060,1.044,1.064,1.022,433853207,450361927
2019-04-11,1.036,1.023,1.043,1.020,366553000,377660890
2019-04-12,1.020,1.027,1.037,1.015,365486717,375148580
2019-04-15,1.048,1.005,1.053,1.003,372483980,383901809
2019-04-16,0.995,1.031,1.032,0.984,483754090,487932300
2019-04-17,1.024,1.023,1.034,1.019,314360500,322413381
2019-04-18,1.023,1.015,1.029,1.012,239483460,244264696
2019-04-19,1.017,1.027,1.034,1.014,272102693,278681496
2019-04-22,1.039,1.004,1.042,1.000,289932325,294869462
2019-04-23,1.000,1.009,1.031,0.994,338518500,342182029
2019-04-24,1.008,1.017,1.020,1.004,226691200,229825268
2019-04-25,1.017,0.989,1.027,0.987,335808068,338666031
2019-04-26,0.987,0.995,1.010,0.980,319565638,317820999
2019-04-29,0.996,0.952,0.996,0.948,429946200,414581322
2019-04-30,0.953,0.957,0.966,0.950,180182014,172634099
2019-05-06,0.900,0.864,0.919,0.861,479976746,427287096
2019-05-07,0.871,0.877,0.882,0.850,370953463,322908716
2019-05-08,0.859,0.866,0.881,0.854,288832700,250778169
2019-05-09,0.852,0.854,0.874,0.850,248950117,214161830
2019-05-10,0.866,0.892,0.896,0.851,475498217,418968032
2019-05-13,0.878,0.873,0.883,0.868,207690184,181830619
2019-05-14,0.863,0.862,0.880,0.861,202158900,175962832
2019-05-15,0.870,0.876,0.881,0.868,215761600,188656730
2019-05-16,0.874,0.879,0.882,0.870,144709584,126856728
2019-05-17,0.879,0.843,0.880,0.836,292793684,250742183
2019-05-20,0.833,0.850,0.861,0.830,225159898,190643481
2019-05-21,0.849,0.862,0.871,0.847,218772004,188390469
2019-05-22,0.862,0.853,0.867,0.848,130287334,111658203
2019-05-23,0.850,0.851,0.867,0.844,196446400,167881741
2019-05-24,0.852,0.852,0.860,0.849,129779700,110854783
2019-05-27,0.854,0.876,0.880,0.845,281455200,243754568
2019-05-28,0.872,0.872,0.883,0.867,175717600,153512475
2019-05-29,0.869,0.873,0.882,0.867,150200800,131281411
2019-05-30,0.868,0.861,0.870,0.854,162313500,139486862
2019-05-31,0.861,0.855,0.867,0.854,140180200,120563503
2019-06-03,0.862,0.856,0.874,0.853,204568900,176211007
2019-06-04,0.855,0.853,0.857,0.847,130301800,111028996
2019-06-05,0.863,0.860,0.871,0.857,193619248,167239927
2019-06-06,0.858,0.851,0.868,0.850,154501848,132642549
2019-06-10,0.850,0.841,0.852,0.823,195918000,164088169
2019-06-11,0.841,0.884,0.887,0.840,415830900,361712755
2019-06-12,0.879,0.875,0.888,0.872,197661100,173544031
2019-06-13,0.871,0.881,0.887,0.871,198577000,174754891
2019-06-14,0.879,0.864,0.885,0.861,150846800,131637673
2019-06-17,0.864,0.870,0.873,0.863,109412500,95048810
2019-06-18,0.871,0.868,0.872,0.859,106968500,92617172
2019-06-19,0.918,0.886,0.928,0.886,364907154,329845093
2019-06-20,0.885,0.940,0.960,0.882,588224812,544626519
2019-06-21,0.948,0.952,0.964,0.941,338405640,322511800
2019-06-24,0.968,0.950,0.968,0.945,199910396,191223372
2019-06-25,0.950,0.952,0.957,0.924,297936609,281113799
2019-06-26,0.934,0.932,0.943,0.925,171707592,160302896
2019-06-27,0.934,0.947,0.961,0.934,238682313,226698740
2019-06-28,0.944,0.943,0.947,0.934,180767520,169942448
2019-07-01,0.972,0.964,0.978,0.959,348404903,336668029
2019-07-02,0.960,0.954,0.960,0.951,202307057,193288098
2019-07-03,0.952,0.937,0.953,0.932,201613633,189217408
2019-07-04,0.939,0.938,0.950,0.931,161343000,151703441
2019-07-05,0.937,0.937,0.942,0.930,142799863,133671693
2019-07-08,0.933,0.914,0.938,0.906,257300463,237117213
2019-07-09,0.913,0.920,0.924,0.905,172239800,157571701
2019-07-10,0.920,0.917,0.929,0.913,144651915,133150817
2019-07-11,0.925,0.919,0.933,0.911,167335082,154365001
2019-07-12,0.916,0.922,0.927,0.910,151223200,139231458
2019-07-15,0.918,0.939,0.952,0.911,281638754,262807898
2019-07-16,0.935,0.936,0.941,0.933,106442454,99676362
2019-07-17,0.933,0.934,0.942,0.932,142900746,133714426
2019-07-18,0.930,0.920,0.930,0.920,149290100,138060996
2019-07-19,0.924,0.939,0.945,0.924,231603246,216932640
2019-07-22,0.942,0.920,0.945,0.918,221821484,205348346
2019-07-23,0.920,0.922,0.926,0.917,129079300,118884293
2019-07-24,0.924,0.930,0.939,0.924,223934256,208650050
2019-07-25,0.928,0.932,0.933,0.924,129424156,120139459
2019-07-26,0.927,0.929,0.930,0.924,106416800,98649422
2019-07-29,0.929,0.915,0.930,0.912,199916700,183392804
2019-07-30,0.916,0.923,0.933,0.916,206411100,190937023
2019-07-31,0.921,0.917,0.921,0.915,112071100,102833075
2019-08-01,0.912,0.906,0.917,0.903,178596159,162269638
2019-08-02,0.885,0.878,0.885,0.873,273893600,240839068
2019-08-05,0.872,0.858,0.879,0.857,220977800,191624370
2019-08-06,0.839,0.854,0.864,0.828,372884021,314998206
2019-08-07,0.855,0.841,0.858,0.840,150253300,127411436
2019-08-08,0.861,0.851,0.866,0.850,220109500,188686557
2019-08-09,0.856,0.840,0.858,0.838,180459500,152950928
2019-08-12,0.849,0.859,0.860,0.849,248833648,212699238
2019-08-13,0.851,0.850,0.853,0.847,126182627,107203784
2019-08-14,0.862,0.852,0.865,0.851,174717794,149961051
2019-08-15,0.833,0.850,0.853,0.830,252057358,211441110
2019-08-16,0.848,0.854,0.864,0.847,194925023,166867947
2019-08-19,0.867,0.912,0.913,0.860,568404120,505138963
2019-08-20,0.912,0.904,0.917,0.902,253912850,230809361
2019-08-21,0.902,0.900,0.909,0.899,145542300,131382753
2019-08-22,0.904,0.899,0.905,0.892,130992050,117601020
2019-08-23,0.899,0.897,0.909,0.894,168442800,151908866
2019-08-26,0.873,0.882,0.888,0.873,178614400,157543432
2019-08-27,0.887,0.900,0.915,0.886,259648159,233897854
2019-08-28,0.897,0.888,0.897,0.886,130367177,116062196
2019-08-29,0.894,0.883,0.894,0.882,141829100,125594046
2019-08-30,0.890,0.880,0.899,0.875,188536500,167336268
2019-09-02,0.880,0.899,0.903,0.878,259572938,232099444
2019-09-03,0.899,0.901,0.902,0.893,158154256,141865677
2019-09-04,0.899,0.915,0.921,0.896,367281238,334520601
2019-09-05,0.933,0.940,0.973,0.933,601291271,572170677
2019-09-06,0.952,0.950,0.957,0.939,256014029,242524035
2019-09-09,0.968,0.963,0.974,0.955,372042019,358724323
2019-09-10,0.963,0.964,0.973,0.948,277099410,265699264
2019-09-11,0.978,0.972,0.989,0.965,425960141,415964885
2019-09-12,0.975,0.986,0.988,0.966,283386363,277060210
2019-09-16,0.989,0.971,0.989,0.967,277467462,271252092
2019-09-17,0.966,0.944,0.969,0.940,384695275,366803333
2019-09-18,0.948,0.939,0.950,0.937,161931094,152613370
2019-09-19,0.944,0.944,0.945,0.936,180672586,170070478
2019-09-20,0.944,0.939,0.949,0.932,236532425,222185620
2019-09-23,0.933,0.926,0.934,0.920,253760100,234676139
2019-09-24,0.929,0.928,0.940,0.924,213200521,198650943
2019-09-25,0.923,0.922,0.932,0.918,228735200,211328886
2019-09-26,0.926,0.910,0.930,0.908,253024387,232370659
2019-09-27,0.909,0.916,0.917,0.908,155374423,141854863
2019-09-30,0.916,0.896,0.917,0.895,205234932,186087563
2019-10-08,0.893,0.890,0.900,0.887,176125392,157269059
2019-10-09,0.885,0.891,0.891,0.878,197999335,175217721
2019-10-10,0.890,0.898,0.900,0.888,193777225,173460130
2019-10-11,0.900,0.914,0.922,0.891,351594435,319636086
2019-10-14,0.927,0.928,0.941,0.921,412548652,384450425
2019-10-15,0.926,0.916,0.926,0.915,171144295,157246696
2019-10-16,0.917,0.911,0.929,0.909,166352868,152706094
2019-10-17,0.910,0.907,0.917,0.903,152629945,138737395
2019-10-18,0.908,0.888,0.910,0.887,214785998,192497712
2019-10-21,0.883,0.878,0.885,0.869,211914043,185451610
2019-10-22,0.880,0.883,0.884,0.875,147200141,129519159
2019-10-23,0.884,0.875,0.886,0.874,164868500,144935427
2019-10-24,0.876,0.880,0.886,0.873,189289173,166456984
2019-10-25,0.879,0.890,0.892,0.875,246002300,217733142
2019-10-28,0.895,0.904,0.906,0.887,263688841,236389392
2019-10-29,0.903,0.885,0.903,0.884,216748266,193328176
2019-10-30,0.882,0.878,0.886,0.876,147476886,129677965
2019-10-31,0.878,0.875,0.883,0.873,153421700,134585644
2019-11-01,0.872,0.887,0.890,0.870,204498192,180440940
2019-11-04,0.888,0.888,0.895,0.885,230691356,205268992
2019-11-05,0.889,0.902,0.909,0.889,383303846,344977037
2019-11-06,0.899,0.891,0.901,0.888,184273437,164869416
2019-11-07,0.889,0.895,0.900,0.888,255827279,228939774
2019-11-08,0.903,0.884,0.906,0.883,278774700,249321034
2019-11-11,0.881,0.868,0.881,0.866,333393099,291258712
2019-11-12,0.868,0.868,0.871,0.862,165694581,143656356
2019-11-13,0.867,0.861,0.868,0.858,182143820,157085769
2019-11-14,0.861,0.862,0.868,0.858,205061683,176878532
2019-11-15,0.862,0.852,0.865,0.852,257304700,220550891
2019-11-18,0.851,0.863,0.866,0.850,237767465,204755967
2019-11-19,0.861,0.870,0.871,0.861,256034365,221612737
2019-11-20,0.868,0.857,0.869,0.856,230295772,198507355
2019-11-21,0.854,0.856,0.860,0.851,153247600,131176059
2019-11-22,0.857,0.855,0.865,0.851,238561827,204470253
2019-11-25,0.856,0.858,0.858,0.850,167084124,142793543
2019-11-26,0.860,0.856,0.861,0.854,138048700,118271652
2019-11-27,0.854,0.852,0.857,0.851,164588018,140407077
2019-11-28,0.851,0.851,0.855,0.849,172443900,146837202
2019-11-29,0.851,0.855,0.860,0.850,244340888,208969957
2019-12-02,0.868,0.861,0.872,0.860,290302229,251324210
2019-12-03,0.858,0.867,0.867,0.855,189714273,163397387
2019-12-04,0.863,0.863,0.865,0.861,174946100,150927154
2019-12-05,0.866,0.878,0.879,0.866,426599899,372564708
2019-12-06,0.879,0.881,0.882,0.873,255198112,224081787
2019-12-09,0.883,0.881,0.885,0.877,213870300,188300926
2019-12-10,0.878,0.879,0.880,0.873,188083677,164833711
2019-12-11,0.880,0.879,0.889,0.875,252832389,222847362
2019-12-12,0.878,0.875,0.879,0.874,196076789,171816335
2019-12-13,0.885,0.910,0.917,0.885,813733142,730592298
2019-12-16,0.912,0.925,0.929,0.903,549631242,503629518
2019-12-17,0.924,0.950,0.979,0.920,879540871,834342962
2019-12-18,0.949,0.953,0.967,0.946,549154120,525322795
2019-12-19,0.950,0.947,0.955,0.942,364584464,345407418
2019-12-20,0.950,0.953,0.972,0.949,678190348,651507370
2019-12-23,0.952,0.926,0.962,0.924,509614238,481290092
2019-12-24,0.930,0.935,0.937,0.925,336480843,312887534
2019-12-25,0.931,0.939,0.949,0.927,369841339,346280963
2019-12-26,0.939,0.963,0.964,0.938,494596475,468496847
2019-12-27,0.961,0.942,0.975,0.940,673333010,646946033
2019-12-30,0.937,0.999,1.004,0.932,1022666823,998498679
2019-12-31,0.994,0.991,1.000,0.981,582105614,577239949
2020-01-02,1.011,0.999,1.017,0.994,707439611,712182390
2020-01-03,0.999,0.997,1.008,0.991,470271359,469171813
2020-01-06,0.989,0.996,1.013,0.981,712031048,710203483
2020-01-07,0.999,1.002,1.008,0.988,560226174,558666651
2020-01-08,0.993,0.971,0.995,0.968,970175474,953690840
2020-01-09,0.987,0.986,0.995,0.980,477020700,470811126
2020-01-10,1.002,0.989,1.005,0.982,525102600,522163748
2020-01-13,0.983,1.000,1.001,0.971,698187450,687283815
2020-01-14,1.002,0.989,1.004,0.988,510884100,509590027
2020-01-15,0.987,0.984,0.991,0.980,339908175,334782372
2020-01-16,0.985,0.979,0.988,0.977,323116861,316919083
2020-01-17,0.982,0.983,0.996,0.981,426515073,421085099
2020-01-20,0.985,0.997,0.998,0.977,540959312,535531006
2020-01-21,0.993,0.980,0.998,0.978,671383904,662073565
2020-01-22,0.975,0.988,0.993,0.958,775378784,754869895
2020-01-23,0.976,0.947,0.978,0.936,944633865,906828144
2020-02-03,0.852,0.852,0.854,0.852,488265063,416021972
2020-02-04,0.837,0.851,0.856,0.830,1550539270,1308939282
2020-02-05,0.853,0.861,0.884,0.845,1071219966,923979601
2020-02-06,0.861,0.885,0.893,0.854,1026546353,896457906
2020-02-07,0.879,0.888,0.891,0.874,715742141,631784934
2020-02-10,0.881,0.895,0.901,0.878,597129298,532582279
2020-02-11,0.901,0.894,0.914,0.893,744103525,670590396
2020-02-12,0.891,0.907,0.912,0.889,625691777,563460643
2020-02-13,0.909,0.893,0.911,0.890,560690886,503695444
2020-02-14,0.890,0.909,0.919,0.888,742907629,673149570
2020-02-17,0.932,0.955,0.958,0.924,1042031935,977350715
2020-02-18,0.956,0.948,0.959,0.940,757668880,719299914
2020-02-19,0.947,0.955,0.970,0.943,882431052,846712721
2020-02-20,0.955,1.012,1.015,0.951,1516879529,1491458339
2020-02-21,1.013,1.014,1.044,0.998,1390132181,1411900667
2020-02-24,1.012,1.013,1.025,0.998,1010269136,1021794796
2020-02-25,0.994,1.020,1.023,0.973,1519386968,1520620891
2020-02-26,1.006,1.001,1.032,0.995,1224873667,1243738707
2020-02-27,1.008,1.003,1.025,0.999,920676060,929595302
2020-02-28,0.973,0.938,0.982,0.934,1392554939,1336465419
2020-03-02,0.953,0.987,0.997,0.944,1170167357,1137209319
2020-03-03,1.008,0.996,1.020,0.984,1242339391,1245718355
2020-03-04,0.989,1.022,1.023,0.988,1243837723,1251537942
2020-03-05,1.035,1.056,1.069,1.016,1664128765,1735273583
2020-03-06,1.037,1.016,1.041,1.015,1503023502,1541266515
2020-03-09,0.997,0.982,1.007,0.971,1619514594,1605626790
2020-03-10,0.984,1.016,1.022,0.972,1450475720,1450807839
2020-03-11,1.015,0.988,1.015,0.986,1008590089,1009556347
2020-03-12,0.971,0.975,0.987,0.965,1005789698,980446662
2020-03-13,0.931,0.969,0.980,0.924,1441481991,1367156591
2020-03-16,0.970,0.913,0.970,0.910,1185162919,1115694743
2020-03-17,0.926,0.915,0.936,0.892,986530094,902829640
2020-03-18,0.922,0.886,0.927,0.885,919230955,836683939
2020-03-19,0.888,0.897,0.906,0.870,1413343594,1254047721
2020-03-20,0.902,0.907,0.907,0.888,710997006,639380459
2020-03-23,0.879,0.867,0.892,0.866,776912765,682401266
2020-03-24,0.886,0.887,0.889,0.864,833239021,733241021
2020-03-25,0.905,0.904,0.910,0.897,969870728,876780311
2020-03-26,0.895,0.891,0.902,0.890,483625253,433061312
2020-03-27,0.900,0.895,0.914,0.893,623210802,561603631
2020-03-30,0.882,0.885,0.890,0.875,460320932,405717708
2020-03-31,0.893,0.881,0.896,0.880,439425100,390527464
2020-04-01,0.880,0.878,0.894,0.877,487796000,431574962
2020-04-02,0.875,0.894,0.895,0.874,506488401,447665099
2020-04-03,0.889,0.881,0.891,0.878,415680819,367514100
2020-04-07,0.896,0.901,0.905,0.891,749739381,672572250
2020-04-08,0.894,0.897,0.903,0.892,374032890,335259984
2020-04-09,0.905,0.906,0.920,0.904,752473337,685520798
2020-04-10,0.907,0.893,0.908,0.891,500098437,449395267
2020-04-13,0.887,0.885,0.889,0.880,391436550,346328025
2020-04-14,0.890,0.907,0.918,0.887,719777474,647905403
2020-04-15,0.902,0.898,0.916,0.897,524699280,474872092
2020-04-16,0.893,0.906,0.916,0.892,610069824,553141906
2020-04-17,0.912,0.905,0.914,0.903,619119134,563224494
2020-04-20,0.906,0.908,0.908,0.903,355405200,321901674
2020-04-21,0.903,0.892,0.904,0.886,529979523,473269625
2020-04-22,0.886,0.894,0.895,0.884,350704500,312082107
2020-04-23,0.893,0.886,0.894,0.885,330569700,293811401
2020-04-24,0.884,0.870,0.887,0.867,529675541,464007478
2020-04-27,0.872,0.869,0.878,0.868,428467348,374099301
2020-04-28,0.877,0.879,0.886,0.862,644525084,565902742
2020-04-29,0.874,0.881,0.886,0.872,338533042,298122172
2020-04-30,0.887,0.902,0.903,0.886,645905907,579201476
2020-05-06,0.889,0.904,0.904,0.885,649074810,579430429
2020-05-07,0.902,0.898,0.909,0.897,547150903,493482517
2020-05-08,0.906,0.915,0.924,0.901,893946426,815949601
2020-05-11,0.917,0.907,0.919,0.902,557817900,508028199
2020-05-12,0.910,0.905,0.913,0.897,406589040,367849381
2020-05-13,0.898,0.905,0.908,0.898,332562897,300309945
2020-05-14,0.901,0.894,0.902,0.892,471889369,423385472
2020-05-15,0.898,0.895,0.902,0.894,439750859,394788640
2020-05-18,0.895,0.890,0.899,0.888,418739485,374180380
2020-05-19,0.899,0.896,0.901,0.894,400051479,358647329
2020-05-20,0.895,0.890,0.898,0.888,421528023,375968931
2020-05-21,0.892,0.883,0.893,0.880,523193313,464063457
2020-05-22,0.882,0.860,0.882,0.860,908999491,790270470
2020-05-25,0.859,0.857,0.864,0.853,384097300,329524379
2020-05-26,0.861,0.867,0.867,0.860,362556140,313062252
2020-05-27,0.866,0.857,0.866,0.855,356166224,306361282
2020-05-28,0.858,0.868,0.878,0.858,684292183,594079960
2020-05-29,0.862,0.863,0.867,0.861,393706494,339934372
2020-06-01,0.883,0.900,0.905,0.879,1284996555,1146583247
2020-06-02,0.899,0.898,0.904,0.894,478408788,429896034
2020-06-03,0.901,0.889,0.905,0.888,580579175,520736885
2020-06-04,0.893,0.885,0.894,0.884,417321551,370442003
2020-06-05,0.885,0.893,0.895,0.881,563308486,499813772
2020-06-08,0.900,0.889,0.900,0.888,435318800,388739819
2020-06-09,0.891,0.899,0.906,0.888,642376335,577133826
2020-06-10,0.897,0.892,0.897,0.889,384618000,342957874
2020-06-11,0.891,0.887,0.904,0.886,697677430,623004107
2020-06-12,0.875,0.885,0.888,0.871,504444847,444023928
2020-06-15,0.887,0.883,0.902,0.882,674951801,602516559
2020-06-16,0.890,0.892,0.895,0.887,385181554,342951093
2020-06-17,0.892,0.889,0.893,0.884,345157400,306366959
2020-06-18,0.888,0.899,0.904,0.886,644808155,578237984
2020-06-19,0.898,0.927,0.938,0.896,1489403568,1365609052
2020-06-22,0.930,0.954,0.985,0.929,1554147073,1492462933
2020-06-23,0.950,0.962,0.963,0.943,820412333,783190851
2020-06-24,0.965,0.963,0.980,0.958,600186354,579272042
2020-06-29,0.951,0.932,0.953,0.930,805651559,756403259
2020-06-30,0.936,0.963,0.975,0.935,870919443,830240496
2020-07-01,0.963,0.982,0.983,0.957,1005578108,976477458
2020-07-02,0.981,1.060,1.066,0.978,2152865509,2203610756
2020-07-03,1.080,1.160,1.165,1.062,2460947218,2709382964
2020-07-06,1.199,1.276,1.276,1.171,2595237817,3184735711
2020-07-07,1.295,1.218,1.298,1.195,2873148417,3558485701
2020-07-08,1.210,1.300,1.335,1.202,2410965720,3045861102
2020-07-09,1.276,1.297,1.329,1.253,2183258428,2828057969
2020-07-10,1.268,1.268,1.304,1.261,1544858213,1980770769
2020-07-13,1.257,1.293,1.321,1.244,1715133314,2200932636
2020-07-14,1.276,1.292,1.303,1.261,1262831519,1617795286
2020-07-15,1.307,1.256,1.313,1.254,1185472972,1517463812
2020-07-16,1.250,1.184,1.282,1.182,2480944052,3054379603
2020-07-17,1.199,1.154,1.204,1.131,1306274585,1523507666
2020-07-20,1.183,1.216,1.228,1.165,1250070250,1494713089
2020-07-21,1.216,1.194,1.222,1.186,854675536,1025470039
2020-07-22,1.200,1.208,1.254,1.192,1429432204,1748939145
2020-07-23,1.186,1.214,1.218,1.174,1212624752,1450988344
2020-07-24,1.201,1.134,1.208,1.124,1657662404,1924202561
2020-07-27,1.135,1.133,1.145,1.107,940421040,1061137173
2020-07-28,1.145,1.131,1.154,1.120,663746694,752131801
2020-07-29,1.128,1.179,1.182,1.124,1183805702,1378279822
2020-07-30,1.182,1.168,1.185,1.163,822966085,965927945
2020-07-31,1.163,1.186,1.208,1.162,1184605424,1404950769
2020-08-03,1.205,1.212,1.214,1.186,952167057,1144772121
2020-08-04,1.216,1.205,1.229,1.200,981991003,1189965753
2020-08-05,1.201,1.199,1.210,1.184,678840894,811885495
2020-08-06,1.199,1.239,1.256,1.175,1316220528,1590304706
2020-08-07,1.210,1.199,1.241,1.175,1602146194,1927863014
2020-08-10,1.186,1.213,1.238,1.180,1986789296,2412467038
2020-08-11,1.209,1.174,1.227,1.169,980449396,1178075247
2020-08-12,1.166,1.166,1.178,1.142,906394834,1051925891
2020-08-13,1.169,1.172,1.190,1.160,608693434,714174630
2020-08-14,1.164,1.188,1.189,1.161,577480437,679086603
2020-08-17,1.210,1.249,1.278,1.208,1771659350,2192988156
2020-08-18,1.246,1.241,1.258,1.231,834030889,1037057514
2020-08-19,1.237,1.219,1.250,1.215,756968641,933892650
2020-08-20,1.207,1.196,1.212,1.191,663958809,797455515
2020-08-21,1.205,1.215,1.222,1.197,584428084,706922307
2020-08-24,1.220,1.208,1.223,1.204,555215989,672234264
2020-08-25,1.211,1.202,1.226,1.198,619116385,750689076
2020-08-26,1.197,1.171,1.205,1.170,889243736,1053167943
2020-08-27,1.170,1.177,1.184,1.162,603724000,708452689
2020-08-28,1.175,1.210,1.214,1.171,868919408,1036805649
2020-08-31,1.220,1.207,1.244,1.203,1018406653,1250475061
2020-09-01,1.200,1.211,1.212,1.196,546729040,658328260
2020-09-02,1.215,1.209,1.224,1.193,688266662,831888959
2020-09-03,1.207,1.201,1.227,1.197,642764471,777961597
2020-09-04,1.179,1.190,1.193,1.176,576066913,683508070
2020-09-07,1.186,1.151,1.190,1.150,867347665,1016017352
2020-09-08,1.155,1.173,1.182,1.146,843149533,980652001
2020-09-09,1.157,1.149,1.166,1.141,732156592,846612382
2020-09-10,1.160,1.125,1.163,1.124,779918953,892740409
2020-09-11,1.120,1.127,1.130,1.112,559703681,628586225
2020-09-14,1.132,1.128,1.134,1.119,460776729,519186473
2020-09-15,1.127,1.130,1.134,1.122,390122448,440253984
2020-09-16,1.131,1.126,1.142,1.122,476262078,539360726
2020-09-17,1.122,1.116,1.129,1.106,619663764,691617938
2020-09-18,1.114,1.177,1.179,1.113,1187405256,1364145776
2020-09-21,1.210,1.175,1.218,1.174,1194450825,1422804437
2020-09-22,1.159,1.174,1.207,1.155,861454557,1017558888
2020-09-23,1.174,1.162,1.179,1.159,541351993,630997324
2020-09-24,1.154,1.148,1.169,1.148,562755009,650309032
2020-09-25,1.152,1.167,1.175,1.147,894290747,1039419623
2020-09-28,1.161,1.165,1.173,1.161,519331800,605426701
2020-09-29,1.170,1.169,1.178,1.166,503661825,590257004
2020-09-30,1.170,1.153,1.174,1.145,666010160,772123474
2020-10-09,1.169,1.170,1.173,1.163,504667013,589823812
2020-10-12,1.180,1.217,1.219,1.178,1138201161,1372446701
2020-10-13,1.201,1.201,1.204,1.190,805419709,964291229
2020-10-14,1.198,1.187,1.199,1.183,661606491,786280721
2020-10-15,1.189,1.185,1.204,1.183,523741903,623916223
2020-10-16,1.185,1.189,1.195,1.182,485246345,576640418
2020-10-19,1.198,1.176,1.208,1.175,781541754,930566988
2020-10-20,1.171,1.177,1.178,1.161,574149910,671855855
2020-10-21,1.175,1.172,1.179,1.165,428775596,501952530
2020-10-22,1.169,1.178,1.189,1.165,564111831,662223968
2020-10-23,1.174,1.159,1.185,1.158,619357487,726881673
2020-10-26,1.150,1.121,1.150,1.116,1057687933,1192729074
2020-10-27,1.117,1.120,1.123,1.111,528454796,590683379
2020-10-28,1.119,1.127,1.132,1.113,494305700,555040697
2020-10-29,1.114,1.137,1.146,1.113,691139413,780504145
2020-10-30,1.134,1.100,1.141,1.099,872554221,974988498
2020-11-02,1.100,1.092,1.121,1.080,764124053,840343225
2020-11-03,1.096,1.122,1.132,1.095,816057915,911115309
2020-11-04,1.122,1.116,1.124,1.104,587377350,654937303
2020-11-05,1.131,1.132,1.142,1.122,765140883,865636112
2020-11-06,1.132,1.137,1.148,1.126,850773505,967184869
2020-11-09,1.145,1.180,1.196,1.140,1480219426,1731318964
2020-11-10,1.187,1.161,1.187,1.156,934132141,1093950040
2020-11-11,1.158,1.136,1.162,1.135,662104988,758244117
2020-11-12,1.137,1.130,1.144,1.128,553965600,627532904
2020-11-13,1.126,1.118,1.126,1.111,806455644,900852270
2020-11-16,1.126,1.125,1.129,1.114,570376200,640220393
2020-11-17,1.124,1.130,1.132,1.111,652196583,729454425
2020-11-18,1.130,1.132,1.146,1.127,798768642,908175352
2020-11-19,1.123,1.134,1.139,1.111,779828997,876167544
2020-11-20,1.130,1.136,1.138,1.128,544147720,616700680
2020-11-23,1.128,1.157,1.176,1.125,1448877869,1669757366
2020-11-24,1.152,1.148,1.163,1.145,711473080,819958360
2020-11-25,1.157,1.130,1.163,1.129,839128825,961961617
2020-11-26,1.127,1.133,1.139,1.123,553344836,625690654
2020-11-27,1.133,1.160,1.161,1.132,933009052,1068425043
2020-11-30,1.170,1.166,1.209,1.162,2046855742,2430973558
2020-12-01,1.162,1.209,1.219,1.156,1636832366,1946038193
2020-12-02,1.207,1.207,1.230,1.198,1119077295,1354779296
2020-12-03,1.201,1.209,1.221,1.196,984278677,1189423190
2020-12-04,1.202,1.191,1.202,1.181,890852576,1059233571
2020-12-07,1.190,1.170,1.192,1.168,753041402,887468746
2020-12-08,1.169,1.171,1.181,1.166,606289354,711279325
2020-12-09,1.172,1.135,1.178,1.130,1221556068,1413165108
2020-12-10,1.129,1.128,1.136,1.118,982629067,1108794528
2020-12-11,1.127,1.113,1.129,1.103,1260997477,1407144822
2020-12-14,1.114,1.114,1.117,1.104,644811641,716546103
2020-12-15,1.111,1.116,1.121,1.105,682479414,758791745
2020-12-16,1.117,1.106,1.118,1.104,702730189,780181367
2020-12-17,1.103,1.134,1.137,1.097,1450195221,1622305517
2020-12-18,1.129,1.122,1.135,1.118,702435056,790115264
2020-12-21,1.119,1.130,1.136,1.111,849517793,956198676
2020-12-22,1.125,1.086,1.127,1.083,1439818080,1591881336
2020-12-23,1.088,1.093,1.101,1.081,923605277,1007151208
2020-12-24,1.091,1.083,1.102,1.081,907461180,987839136
2020-12-25,1.080,1.097,1.103,1.074,1053464451,1148972634
2020-12-28,1.092,1.091,1.108,1.085,916562458,1003871897
2020-12-29,1.095,1.096,1.115,1.094,1066974092,1177399505
2020-12-30,1.091,1.117,1.117,1.090,1088573050,1204293121
2020-12-31,1.127,1.167,1.176,1.127,2472990233,2864680118
2021-01-04,1.181,1.177,1.189,1.153,1661048024,1948027885
2021-01-05,1.168,1.176,1.188,1.155,1362866495,1596358837
2021-01-06,1.174,1.174,1.196,1.161,1325985826,1560769513
2021-01-07,1.177,1.186,1.187,1.152,1527421800,1792069981
2021-01-08,1.186,1.179,1.195,1.173,1077064198,1272192993
2021-01-11,1.185,1.151,1.188,1.150,1670786066,1951289982
2021-01-12,1.143,1.229,1.235,1.139,3073025075,3651903660
2021-01-13,1.222,1.199,1.234,1.191,1733423287,2100740190
2021-01-14,1.191,1.170,1.194,1.168,1453188120,1713259375
2021-01-15,1.167,1.167,1.190,1.159,1161464218,1362242262
2021-01-18,1.162,1.178,1.195,1.158,1237610030,1459537120
2021-01-19,1.176,1.176,1.199,1.170,1248314852,1476774236
2021-01-20,1.178,1.178,1.195,1.173,1012457772,1197064599
2021-01-21,1.182,1.195,1.218,1.176,1880562357,2247420712
2021-01-22,1.189,1.172,1.194,1.166,1551932804,1825449610
2021-01-25,1.172,1.164,1.182,1.159,1401828427,1637357438
2021-01-26,1.157,1.122,1.163,1.120,2135281457,2431522619
2021-01-27,1.122,1.123,1.133,1.118,890471059,1001978225
2021-01-28,1.112,1.115,1.130,1.108,1211822866,1352035193
2021-01-29,1.122,1.106,1.125,1.088,1260599533,1395536355
2021-02-01,1.111,1.100,1.117,1.097,894593433,988767330
2021-02-02,1.101,1.102,1.104,1.088,1115983569,1223222441
2021-02-03,1.100,1.087,1.103,1.086,989526431,1083145954
2021-02-04,1.080,1.062,1.083,1.051,1388527308,1480828159
2021-02-05,1.065,1.053,1.075,1.052,992098655,1054798760
2021-02-08,1.054,1.056,1.064,1.040,1018231142,1072080118
2021-02-09,1.056,1.087,1.088,1.045,1424606411,1523002091
2021-02-10,1.082,1.086,1.090,1.075,989987527,1071191080
2021-02-18,1.103,1.091,1.108,1.089,1169397561,1283318766
2021-02-19,1.085,1.110,1.111,1.082,1086636045,1190566565
2021-02-22,1.112,1.079,1.119,1.078,1473492688,1623412429
2021-02-23,1.075,1.072,1.090,1.068,911334825,983340570
2021-02-24,1.074,1.067,1.083,1.058,1057199601,1133481550
2021-02-25,1.072,1.068,1.082,1.061,979576586,1050973936
2021-02-26,1.051,1.050,1.061,1.045,1142180148,1203024181
2021-03-01,1.051,1.042,1.052,1.034,1102497176,1146242637
2021-03-02,1.045,1.031,1.049,1.028,969507544,1004883702
2021-03-03,1.029,1.048,1.048,1.028,945793769,984774061
2021-03-04,1.041,1.026,1.043,1.023,1044037019,1077011343
2021-03-05,1.020,1.046,1.055,1.017,1454919476,1516795859
2021-03-08,1.053,1.027,1.059,1.026,1065015652,1111672075
2021-03-09,1.025,0.999,1.031,0.993,1229494285,1243124076
2021-03-10,1.009,0.995,1.010,0.993,795290951,794670884
2021-03-11,0.996,1.009,1.011,0.995,787416474,790658000
2021-03-12,1.008,1.010,1.022,0.993,1290038631,1299856953
2021-03-15,1.000,0.989,1.000,0.984,846489638,839858101
2021-03-16,0.991,0.991,0.993,0.982,512762612,507292998
2021-03-17,0.989,0.994,0.999,0.986,597448253,593545926
2021-03-18,0.995,0.997,1.005,0.993,666232777,665397823
2021-03-19,0.989,0.986,0.991,0.982,706801823,697078699
2021-03-22,0.989,1.002,1.011,0.987,792403228,791457931
2021-03-23,1.000,1.009,1.017,0.994,959894069,964908366
2021-03-24,1.004,1.014,1.038,1.002,1158680408,1183501658
2021-03-25,1.007,1.005,1.017,1.005,547524492,552696992
2021-03-26,1.007,1.011,1.014,1.003,594792100,600296084
2021-03-29,1.010,1.008,1.020,1.006,508757184,514946582
2021-03-30,1.007,1.008,1.012,1.005,478320193,482125300
2021-03-31,1.005,0.992,1.006,0.992,702992496,700298941
2021-04-01,0.994,0.999,1.001,0.990,594256533,591349489
2021-04-02,1.002,1.003,1.008,0.998,610322964,611738855
2021-04-06,1.007,1.001,1.010,1.000,492591400,494723198
2021-04-07,0.999,0.998,1.004,0.994,552945388,551516704
2021-04-08,0.995,1.003,1.012,0.994,837048402,841329211
2021-04-09,1.000,0.992,1.001,0.991,656136400,652982895
2021-04-12,0.990,0.971,0.992,0.970,806363314,792755207
2021-04-13,0.970,0.969,0.974,0.963,612580222,593660322
2021-04-14,0.969,0.980,0.983,0.969,626526355,612419346
2021-04-15,0.978,0.972,0.978,0.968,509020613,494181317
2021-04-16,0.973,0.978,0.982,0.970,564730793,551313669
2021-04-19,0.976,1.004,1.005,0.973,1130732513,1122359970
2021-04-20,1.001,0.994,1.009,0.993,643009954,643301421
2021-04-21,0.990,0.992,0.999,0.988,432095570,428893595
2021-04-22,0.996,0.995,1.004,0.993,542790529,541541299
2021-04-23,0.992,0.993,1.000,0.990,507266998,504086237
2021-04-26,0.994,0.977,1.004,0.975,846164739,839349819
2021-04-27,0.974,0.971,0.979,0.961,903061075,874967381
2021-04-28,0.968,0.974,0.978,0.966,496412200,482815078
2021-04-29,0.974,0.996,1.005,0.973,1437636546,1429218072
2021-04-30,0.994,0.987,0.999,0.982,721792660,714576438
2021-05-06,0.995,0.979,1.000,0.978,625500227,617109521
2021-05-07,0.977,0.963,0.979,0.962,991180800,961236089
2021-05-10,0.962,0.956,0.963,0.948,714429568,681716405
2021-05-11,0.950,0.968,0.976,0.948,762256999,732262096
2021-05-12,0.963,0.967,0.969,0.960,547569666,528215045
2021-05-13,0.962,0.964,0.970,0.960,512502136,494785165
2021-05-14,0.967,1.033,1.040,0.966,3028045259,3048463924
2021-05-17,1.020,1.018,1.030,1.010,1196989324,1220876152
2021-05-18,1.016,1.020,1.035,1.013,924702659,946149581
2021-05-19,1.016,1.020,1.033,1.014,596867814,610187768
2021-05-20,1.018,1.033,1.045,1.018,1095011675,1129571578
2021-05-21,1.033,1.013,1.034,1.012,851419127,869341028
2021-05-24,1.020,1.034,1.044,1.019,1155006906,1195345190
2021-05-25,1.032,1.076,1.084,1.031,2313348726,2470712153
2021-05-26,1.085,1.076,1.098,1.075,1187990046,1291732700
2021-05-27,1.072,1.077,1.088,1.068,894218116,961857545
2021-05-28,1.075,1.093,1.112,1.073,1296287133,1414939829
2021-05-31,1.093,1.094,1.097,1.082,629203736,685056270
2021-06-01,1.088,1.079,1.089,1.068,838165364,902727181
2021-06-02,1.078,1.058,1.085,1.055,737959446,787600663
2021-06-03,1.058,1.057,1.076,1.056,694873199,741209675
2021-06-04,1.052,1.065,1.098,1.050,1056753536,1129315572
2021-06-07,1.066,1.069,1.083,1.060,624682141,669065519
2021-06-08,1.068,1.075,1.088,1.066,699947808,754022877
2021-06-09,1.076,1.062,1.079,1.058,741456726,790200423
2021-06-10,1.061,1.066,1.080,1.060,727356618,777850590
2021-06-11,1.067,1.048,1.071,1.047,770514346,816039240
2021-06-15,1.048,1.032,1.049,1.032,720118400,747075258
2021-06-16,1.030,1.025,1.038,1.019,753277293,773259492
2021-06-17,1.025,1.029,1.034,1.022,634310381,652152725
2021-06-18,1.028,1.039,1.044,1.024,695810820,720445493
2021-06-21,1.040,1.037,1.049,1.034,572733447,595424801
2021-06-22,1.041,1.034,1.044,1.030,581273654,602091633
2021-06-23,1.034,1.039,1.045,1.027,697080745,722210050
2021-06-24,1.040,1.042,1.054,1.038,745505987,779088699
2021-06-25,1.046,1.075,1.086,1.041,1575447002,1682642272
2021-06-28,1.077,1.066,1.079,1.060,737110138,785728124
2021-06-29,1.064,1.050,1.067,1.049,768027389,811090760
2021-06-30,1.052,1.062,1.065,1.047,730535410,770860948
2021-07-01,1.077,1.032,1.082,1.030,1227152573,1290787946
2021-07-02,1.028,1.003,1.028,1.003,1036313197,1050099337
2021-07-05,1.003,1.004,1.008,0.995,592806452,593838472
2021-07-06,1.005,1.009,1.010,0.998,652427491,654854350
2021-07-07,1.002,1.012,1.016,0.999,626873146,633603268
2021-07-08,1.018,1.011,1.024,1.009,638549701,649276456
2021-07-09,1.008,1.014,1.018,1.004,585494637,592233555
2021-07-12,1.028,1.035,1.044,1.019,1167890246,1207033144
2021-07-13,1.034,1.030,1.038,1.025,502543450,518036713
2021-07-14,1.030,1.020,1.032,1.018,621263035,635965800
2021-07-15,1.018,1.034,1.035,1.017,711669605,731074165
2021-07-16,1.039,1.035,1.048,1.031,913575557,949090071
2021-07-19,1.028,1.029,1.031,1.020,681963730,699359839
2021-07-20,1.022,1.027,1.034,1.021,468628120,480867752
2021-07-21,1.028,1.041,1.052,1.028,1085877433,1131397216
2021-07-22,1.041,1.058,1.061,1.038,1122327678,1180810350
2021-07-23,1.059,1.065,1.094,1.048,1573237015,1684122952
2021-07-26,1.067,1.036,1.072,1.033,1223869278,1288829256
2021-07-27,1.033,1.002,1.041,1.000,1243676544,1268484235
2021-07-28,1.001,0.993,1.009,0.990,1020992732,1017819464
2021-07-29,1.005,1.006,1.015,0.998,837778872,841654565
2021-07-30,1.000,0.985,1.001,0.983,922096026,911981161
2021-08-02,0.981,1.020,1.038,0.971,1502457851,1515089533
2021-08-03,1.014,1.024,1.049,1.011,1135895565,1169479008
2021-08-04,1.022,1.026,1.030,1.018,644028862,659474659
2021-08-05,1.021,1.008,1.030,1.006,790758551,803457233
2021-08-06,1.010,1.012,1.019,1.007,624432216,632381589
2021-08-09,1.009,1.034,1.043,1.007,1157437238,1195779026
2021-08-10,1.031,1.049,1.050,1.024,977668677,1014979200
2021-08-11,1.047,1.039,1.056,1.038,772855228,808832498
2021-08-12,1.037,1.032,1.044,1.031,511461043,529708370
2021-08-13,1.032,1.034,1.042,1.027,528840761,546274688
2021-08-16,1.037,1.043,1.058,1.036,945046999,991094010
2021-08-17,1.039,1.036,1.075,1.033,1472181800,1554045320
2021-08-18,1.034,1.107,1.109,1.033,2980376815,3230103457
2021-08-19,1.107,1.085,1.125,1.082,1659518685,1827302149
2021-08-20,1.080,1.086,1.098,1.068,1089343976,1180033093
2021-08-23,1.093,1.089,1.105,1.081,830362795,906087672
2021-08-24,1.089,1.111,1.124,1.081,1366460208,1510940305
2021-08-25,1.102,1.095,1.109,1.090,1008490099,1106764733
2021-08-26,1.093,1.080,1.101,1.078,884772816,962568467
2021-08-27,1.079,1.077,1.094,1.073,746902770,807165178
2021-08-30,1.083,1.059,1.085,1.054,1114405388,1185348662
2021-08-31,1.055,1.083,1.092,1.049,1347646666,1440326164
2021-09-01,1.078,1.122,1.148,1.073,2115033898,2359539309
2021-09-02,1.120,1.140,1.146,1.116,1703823485,1934284851
2021-09-03,1.185,1.128,1.193,1.128,1991809779,2302657527
2021-09-06,1.129,1.164,1.174,1.129,1642487211,1904938954
2021-09-07,1.156,1.195,1.197,1.144,1591798375,1866735196
2021-09-08,1.189,1.189,1.223,1.184,1526990816,1834467472
2021-09-09,1.176,1.180,1.185,1.165,983319364,1155282869
2021-09-10,1.187,1.195,1.234,1.184,1583380842,1910611446
2021-09-13,1.191,1.201,1.219,1.191,853308939,1026387589
2021-09-14,1.199,1.166,1.203,1.160,1143381496,1346952429
2021-09-15,1.161,1.162,1.175,1.150,889175516,1033251358
2021-09-16,1.162,1.136,1.167,1.133,1043385409,1196939094
2021-09-17,1.136,1.150,1.152,1.131,835790443,955298199
2021-09-22,1.132,1.140,1.149,1.131,741245644,843024490
2021-09-23,1.148,1.155,1.167,1.141,889979351,1026808353
2021-09-24,1.154,1.140,1.163,1.138,814242418,935651067
2021-09-27,1.140,1.107,1.146,1.102,1195751801,1347234256
2021-09-28,1.111,1.125,1.134,1.110,770229324,865623757
2021-09-29,1.115,1.111,1.119,1.095,1001961993,1110237582
2021-09-30,1.113,1.109,1.115,1.101,654061970,724474842
2021-10-08,1.119,1.120,1.126,1.112,716283234,801605375
2021-10-11,1.121,1.112,1.128,1.111,625108045,700063949
2021-10-12,1.106,1.078,1.107,1.066,1326010030,1439199951
2021-10-13,1.078,1.085,1.089,1.068,637385523,688653916
2021-10-14,1.081,1.082,1.086,1.073,605561116,654492636
2021-10-15,1.076,1.081,1.087,1.074,685694239,741051724
2021-10-18,1.082,1.082,1.086,1.075,503898276,544498469
2021-10-19,1.081,1.090,1.097,1.079,687868770,748952608
2021-10-20,1.089,1.084,1.094,1.084,549985980,598734706
2021-10-21,1.085,1.087,1.099,1.078,797852437,868238148
2021-10-22,1.088,1.089,1.097,1.082,664068229,723235959
2021-10-25,1.090,1.103,1.108,1.079,1047612192,1142873462
2021-10-26,1.099,1.092,1.106,1.092,640564507,702929200
2021-10-27,1.086,1.064,1.089,1.062,1078339129,1156041992
2021-10-28,1.059,1.056,1.068,1.052,715214975,758010230
2021-10-29,1.055,1.064,1.070,1.039,1027427205,1082943756
2021-11-01,1.059,1.068,1.076,1.058,736101283,786637132
2021-11-02,1.066,1.046,1.071,1.038,963228736,1013294744
2021-11-03,1.047,1.049,1.055,1.045,523742015,549613784
2021-11-04,1.055,1.050,1.062,1.048,556527365,586297621
2021-11-05,1.049,1.048,1.057,1.044,591347292,620980522
2021-11-08,1.047,1.059,1.064,1.044,651407239,686597420
2021-11-09,1.060,1.065,1.067,1.055,660887933,701551604
2021-11-10,1.062,1.062,1.067,1.053,675539861,715388646
2021-11-11,1.061,1.094,1.098,1.060,1485223036,1609683125
2021-11-12,1.091,1.091,1.095,1.081,630880627,685810428
2021-11-15,1.091,1.084,1.095,1.080,615803445,668235820
2021-11-16,1.082,1.069,1.086,1.066,908404793,976131200
2021-11-17,1.067,1.068,1.073,1.065,536089900,572657494
2021-11-18,1.066,1.056,1.066,1.055,720058500,762383204
2021-11-19,1.054,1.075,1.083,1.053,976404150,1043561242
2021-11-22,1.073,1.083,1.090,1.071,924923042,1001000954
2021-11-23,1.080,1.085,1.099,1.079,982632802,1073144884
2021-11-24,1.085,1.083,1.090,1.079,599058706,649298164
2021-11-25,1.082,1.079,1.085,1.077,518650400,560083458
2021-11-26,1.077,1.071,1.079,1.070,582654500,625561476
2021-11-29,1.065,1.061,1.066,1.057,798746000,847618060
2021-11-30,1.064,1.061,1.072,1.057,617356685,657137752
2021-12-01,1.059,1.076,1.077,1.058,724253866,775722787
2021-12-02,1.073,1.084,1.090,1.070,902963959,977978281
2021-12-03,1.086,1.090,1.093,1.076,794457924,863019493
2021-12-06,1.097,1.104,1.137,1.097,1996589412,2232889630
2021-12-07,1.118,1.108,1.121,1.100,963341825,1069084257
2021-12-08,1.110,1.123,1.123,1.101,916146769,1021420673
2021-12-09,1.120,1.145,1.164,1.119,1666441850,1904466848
2021-12-10,1.133,1.129,1.138,1.126,812730749,919235534
2021-12-13,1.148,1.134,1.167,1.131,1421628512,1634062597
2021-12-14,1.128,1.128,1.140,1.126,810520216,916661743
2021-12-15,1.128,1.133,1.146,1.127,764661488,868755837
2021-12-16,1.137,1.144,1.144,1.131,651291188,741107110
2021-12-17,1.143,1.133,1.150,1.131,756882188,862974318
2021-12-20,1.128,1.114,1.136,1.110,751368707,843998631
2021-12-21,1.113,1.128,1.129,1.109,759167111,850337887
2021-12-22,1.126,1.118,1.127,1.116,461902380,517795385
2021-12-23,1.119,1.116,1.123,1.108,614871736,685380003
2021-12-24,1.117,1.110,1.125,1.108,561551100,626055618
2021-12-27,1.110,1.112,1.117,1.106,431383346,479266358
2021-12-28,1.114,1.119,1.120,1.109,619927684,691004272
2021-12-29,1.119,1.107,1.120,1.106,562664033,625917404
2021-12-30,1.106,1.124,1.129,1.103,862412526,965902481
2021-12-31,1.126,1.127,1.135,1.122,626302361,705568562
2022-01-04,1.127,1.123,1.129,1.113,597142623,668605036
2022-01-05,1.121,1.111,1.124,1.108,732229804,816202193
2022-01-06,1.105,1.089,1.108,1.088,918331235,1005046200
2022-01-07,1.094,1.090,1.100,1.090,567050000,620733090
2022-01-10,1.092,1.091,1.098,1.089,525696570,574396748
2022-01-11,1.090,1.091,1.102,1.088,714375993,781869453
2022-01-12,1.094,1.095,1.097,1.086,774218193,844867168
2022-01-13,1.099,1.089,1.103,1.087,969167817,1061478023
2022-01-14,1.078,1.060,1.078,1.058,1140812265,1218557167
2022-01-17,1.057,1.069,1.073,1.057,630595680,672372244
2022-01-18,1.068,1.072,1.079,1.064,633628362,678900637
2022-01-19,1.072,1.076,1.085,1.071,625096691,673925407
2022-01-20,1.075,1.092,1.101,1.073,1063694632,1159492593
2022-01-21,1.089,1.083,1.093,1.081,609199566,661047622
2022-01-24,1.079,1.076,1.086,1.075,503394205,543362563
2022-01-25,1.071,1.049,1.075,1.046,792145953,841173739
2022-01-26,1.050,1.065,1.068,1.047,775452076,818788091
2022-01-27,1.060,1.041,1.062,1.040,804478632,844634268
2022-01-28,1.047,1.031,1.060,1.030,751492045,784730140
2022-02-07,1.045,1.045,1.052,1.038,791811200,826676952
2022-02-08,1.045,1.061,1.061,1.038,727802426,764292911
2022-02-09,1.059,1.063,1.066,1.056,522040759,554012448
2022-02-10,1.062,1.064,1.065,1.056,461016001,489270131
2022-02-11,1.062,1.064,1.079,1.060,800348053,855742335
2022-02-14,1.056,1.017,1.056,1.011,1614660390,1663563274
2022-02-15,1.014,1.017,1.018,1.010,644674290,653573925
2022-02-16,1.022,1.020,1.027,1.016,464418723,474408826
2022-02-17,1.017,1.012,1.021,1.010,593181822,601695551
2022-02-18,1.007,1.014,1.016,1.005,535727330,541275826
2022-02-21,1.014,1.013,1.016,1.007,545091532,550860104
2022-02-22,1.006,0.993,1.007,0.991,888242727,886645885
2022-02-23,0.996,1.005,1.006,0.993,696766732,697708321
2022-02-24,1.000,0.978,1.004,0.968,1004401657,989633375
2022-02-25,0.986,0.979,0.992,0.976,621140823,610825165
2022-02-28,0.978,0.976,0.981,0.967,526420900,512256591
2022-03-01,0.979,0.986,0.987,0.977,639195559,627567344
2022-03-02,0.980,0.980,0.983,0.978,440903923,432264648
2022-03-03,0.984,0.981,0.988,0.978,463737123,455801124
2022-03-04,0.976,0.969,0.976,0.964,653119700,633851053
2022-03-07,0.963,0.943,0.964,0.941,786325700,748550926
2022-03-08,0.942,0.924,0.950,0.923,797625234,748786960
2022-03-09,0.929,0.901,0.930,0.865,1076058740,969574079
2022-03-10,0.917,0.897,0.919,0.896,808847762,733864913
2022-03-11,0.881,0.916,0.922,0.870,1099914901,983368533
2022-03-14,0.900,0.902,0.919,0.898,644329758,585248649
2022-03-15,0.895,0.871,0.913,0.869,905363489,806802347
2022-03-16,0.881,0.925,0.930,0.867,1467673697,1321356205
2022-03-17,0.936,0.921,0.944,0.918,1143771806,1061867026
2022-03-18,0.918,0.930,0.934,0.915,880060719,813181753
2022-03-21,0.925,0.916,0.926,0.911,653135427,599866100
2022-03-22,0.912,0.917,0.926,0.910,612555043,561718124
2022-03-23,0.918,0.916,0.920,0.914,420713628,385884949
2022-03-24,0.911,0.906,0.914,0.904,488045921,443572849
2022-03-25,0.906,0.897,0.915,0.896,633904481,573293134
2022-03-28,0.888,0.897,0.905,0.885,572963481,512152960
2022-03-29,0.900,0.889,0.903,0.888,493573067,441740355
2022-03-30,0.895,0.924,0.926,0.895,1142227166,1044930973
2022-03-31,0.918,0.917,0.924,0.915,485509947,446102084
2022-04-01,0.911,0.929,0.933,0.911,762245747,704769699
2022-04-06,0.923,0.929,0.932,0.922,509141926,472075034
2022-04-07,0.927,0.913,0.936,0.912,610041727,563464258
2022-04-08,0.913,0.925,0.930,0.905,689337278,632893916
2022-04-11,0.921,0.898,0.921,0.895,730669600,661667050
2022-04-12,0.896,0.925,0.935,0.893,924997310,847067007
2022-04-13,0.918,0.918,0.932,0.914,660565447,608921951
2022-04-14,0.925,0.931,0.938,0.920,1029324172,959420806
2022-04-15,0.925,0.925,0.939,0.919,693068599,643053942
2022-04-18,0.912,0.902,0.913,0.894,857610203,773116231
2022-04-19,0.900,0.895,0.904,0.891,637618996,572003899
2022-04-20,0.895,0.880,0.897,0.876,826246029,732432859
2022-04-21,0.875,0.877,0.894,0.872,751499456,662737386
2022-04-22,0.873,0.879,0.885,0.870,629925337,554172081
2022-04-25,0.861,0.853,0.881,0.849,958057380,828435291
2022-04-26,0.851,0.811,0.852,0.808,1093740354,906506705
2022-04-27,0.795,0.823,0.829,0.794,896186586,728554944
2022-04-28,0.815,0.806,0.819,0.798,825272691,667203130
2022-04-29,0.825,0.843,0.855,0.814,1522673676,1269190351
2022-05-05,0.830,0.830,0.837,0.826,568686766,472725197
2022-05-06,0.818,0.808,0.821,0.806,853633499,694669663
2022-05-09,0.805,0.809,0.815,0.803,412184403,333822296
2022-05-10,0.802,0.821,0.827,0.800,713480382,582044880
2022-05-11,0.821,0.826,0.846,0.819,1054955677,879279207
2022-05-12,0.822,0.827,0.841,0.821,646318105,534758390
2022-05-13,0.831,0.833,0.838,0.826,631593906,524628694
2022-05-16,0.841,0.824,0.842,0.824,493810697,409565499
2022-05-17,0.826,0.830,0.834,0.820,495395416,409450271
2022-05-18,0.833,0.832,0.839,0.828,610231335,508752679
2022-05-19,0.822,0.830,0.832,0.820,478851949,395430150
2022-05-20,0.834,0.846,0.847,0.833,879606568,740856067
2022-05-23,0.844,0.848,0.851,0.838,500110850,422282666
2022-05-24,0.847,0.825,0.852,0.824,620198060,519440914
2022-05-25,0.823,0.828,0.830,0.823,480040100,396749304
2022-05-26,0.829,0.842,0.850,0.822,779549170,653562395
2022-05-27,0.845,0.839,0.850,0.835,741750973,626242828
2022-05-30,0.842,0.837,0.843,0.832,481708507,403584963
2022-05-31,0.836,0.847,0.848,0.833,737288720,621190216
2022-06-01,0.846,0.844,0.849,0.838,592905135,500479362
2022-06-02,0.840,0.848,0.852,0.836,616629753,521454851
2022-06-06,0.847,0.868,0.869,0.844,970676732,834315886
2022-06-07,0.865,0.868,0.884,0.864,864379377,755302148
2022-06-08,0.869,0.882,0.887,0.867,1110221794,974012737
2022-06-09,0.886,0.883,0.906,0.879,1351566997,1205352031
2022-06-10,0.877,0.905,0.909,0.874,1151320545,1026780864
2022-06-13,0.893,0.894,0.906,0.886,780189512,698541279
2022-06-14,0.883,0.942,0.945,0.874,1540280979,1396217105
2022-06-15,0.947,0.971,1.008,0.947,2796436078,2739686363
2022-06-16,0.969,0.931,0.969,0.929,1804414654,1707721333
2022-06-17,0.920,0.927,0.942,0.906,1334468294,1230705468
2022-06-20,0.924,0.922,0.938,0.918,868847613,803701998
2022-06-21,0.922,0.918,0.928,0.911,870973705,801767247
2022-06-22,0.920,0.904,0.927,0.903,959286927,878183487
2022-06-23,0.902,0.937,0.943,0.902,1214293841,1124199964
2022-06-24,0.941,0.937,0.945,0.928,882449835,826000658
2022-06-27,0.943,0.938,0.950,0.936,1068317200,1006019397
2022-06-28,0.937,0.947,0.954,0.926,857071444,802577639
2022-06-29,0.942,0.926,0.953,0.924,1008104907,949008515
2022-06-30,0.929,0.934,0.945,0.928,738695550,692114076
2022-07-01,0.935,0.924,0.937,0.920,681106906,632184164
2022-07-04,0.923,0.926,0.928,0.911,655791612,602852286
2022-07-05,0.929,0.915,0.933,0.909,971543188,891302947
2022-07-06,0.914,0.906,0.916,0.902,893873443,812362653
2022-07-07,0.904,0.903,0.912,0.902,682824397,618753254
2022-07-08,0.907,0.895,0.911,0.894,868553636,783360932
2022-07-11,0.894,0.886,0.894,0.885,648441430,576748232
2022-07-12,0.889,0.890,0.901,0.884,752361982,670559906
2022-07-13,0.889,0.888,0.895,0.884,581428896,517278034
2022-07-14,0.885,0.882,0.890,0.880,580661741,513320885
2022-07-15,0.879,0.859,0.882,0.857,899428734,784196595
2022-07-18,0.862,0.877,0.881,0.862,723558539,631720451
2022-07-19,0.877,0.884,0.887,0.873,570252300,501240641
2022-07-20,0.887,0.883,0.889,0.881,470412529,416301987
2022-07-21,0.882,0.876,0.885,0.876,471646016,415121177
2022-07-22,0.879,0.876,0.887,0.870,598936065,526119020
2022-07-25,0.876,0.867,0.877,0.866,457309638,398170414
2022-07-26,0.868,0.871,0.877,0.866,408273016,355741126
2022-07-27,0.869,0.870,0.874,0.866,381655192,332226996
2022-07-28,0.875,0.877,0.886,0.873,697714900,614353364
2022-07-29,0.878,0.869,0.883,0.867,509853813,445674864
2022-08-01,0.866,0.860,0.868,0.856,627437424,539642633
2022-08-02,0.852,0.835,0.852,0.825,920803277,770148967
2022-08-03,0.835,0.831,0.844,0.829,556620304,465651027
2022-08-04,0.836,0.836,0.840,0.831,508496013,424911771
2022-08-05,0.838,0.857,0.858,0.835,842817833,714115240
2022-08-08,0.853,0.858,0.860,0.851,416548880,356809129
2022-08-09,0.856,0.855,0.862,0.853,374394631,320792040
2022-08-10,0.853,0.852,0.863,0.849,471497500,403273389
2022-08-11,0.858,0.898,0.898,0.856,1538695794,1356813191
2022-08-12,0.891,0.894,0.902,0.888,674294645,603845662
2022-08-15,0.889,0.888,0.898,0.886,497850447,443550276
2022-08-16,0.890,0.888,0.895,0.886,423205500,376567217
2022-08-17,0.890,0.903,0.908,0.884,902092782,812122432
2022-08-18,0.900,0.897,0.904,0.895,519281000,466792488
2022-08-19,0.896,0.892,0.904,0.891,460648400,413681697
2022-08-22,0.890,0.890,0.895,0.887,541484500,481966517
2022-08-23,0.889,0.893,0.905,0.884,655380200,585963600
2022-08-24,0.891,0.881,0.911,0.880,808638846,724703807
2022-08-25,0.882,0.896,0.900,0.881,688918267,612725875
2022-08-26,0.896,0.889,0.898,0.886,541503690,482780348
2022-08-29,0.879,0.884,0.885,0.876,528041867,465149617
2022-08-30,0.883,0.883,0.891,0.874,695289339,612712761
2022-08-31,0.880,0.887,0.899,0.879,780610222,692876693
2022-09-01,0.886,0.879,0.890,0.877,547358127,483560150
2022-09-02,0.878,0.875,0.885,0.871,490459500,429963698
2022-09-05,0.874,0.881,0.882,0.871,488533313,428341458
2022-09-06,0.885,0.891,0.893,0.883,578044208,513267231
2022-09-07,0.888,0.886,0.889,0.884,484996836,429740409
2022-09-08,0.888,0.883,0.892,0.882,431395899,382528480
2022-09-09,0.884,0.899,0.903,0.883,807047715,722557257
2022-09-13,0.901,0.896,0.909,0.896,590051632,531526025
2022-09-14,0.887,0.886,0.891,0.882,745239959,660841603
2022-09-15,0.889,0.883,0.895,0.878,650259200,577030160
2022-09-16,0.880,0.834,0.881,0.830,1493300081,1259471155
2022-09-19,0.830,0.823,0.832,0.820,598102781,493665859
2022-09-20,0.826,0.823,0.830,0.821,403963500,333471450
2022-09-21,0.820,0.824,0.827,0.811,514763251,421273275
2022-09-22,0.817,0.821,0.826,0.815,440659987,361774705
2022-09-23,0.820,0.821,0.828,0.815,547797416,450355958
2022-09-26,0.815,0.804,0.818,0.802,614456501,497644483
2022-09-27,0.805,0.811,0.811,0.801,484337611,390437289
2022-09-28,0.807,0.796,0.808,0.795,546369923,438194050
2022-09-29,0.801,0.786,0.803,0.781,637208600,503973846
2022-09-30,0.785,0.783,0.792,0.781,492095530,387514812
2022-10-10,0.783,0.775,0.788,0.774,451514095,352769152
2022-10-11,0.777,0.782,0.791,0.773,470722499,367492446
2022-10-12,0.782,0.799,0.800,0.778,577598834,455260059
2022-10-13,0.794,0.796,0.801,0.793,396714122,315804765
2022-10-14,0.803,0.809,0.814,0.801,593330058,479390156
2022-10-17,0.805,0.812,0.814,0.803,421801294,341877488
2022-10-18,0.816,0.810,0.818,0.808,452182662,367265281
2022-10-19,0.809,0.802,0.812,0.800,400623688,322622378
2022-10-20,0.798,0.805,0.817,0.798,503410978,405348576
2022-10-21,0.823,0.808,0.827,0.806,683232073,557490292
2022-10-24,0.810,0.792,0.826,0.789,795234591,642568480
2022-10-25,0.790,0.778,0.793,0.770,715543919,557956661
2022-10-26,0.779,0.784,0.793,0.777,622754532,488398967
2022-10-27,0.785,0.787,0.796,0.782,531950912,419803572
2022-10-28,0.782,0.770,0.790,0.767,699209264,544827171
2022-10-31,0.766,0.770,0.780,0.763,585932246,451412277
2022-11-01,0.772,0.793,0.794,0.771,770508785,604374073
2022-11-02,0.789,0.795,0.801,0.788,668166754,530776328
2022-11-03,0.791,0.791,0.794,0.788,409659372,324030098
2022-11-04,0.791,0.816,0.820,0.791,1164197581,942055089
2022-11-07,0.809,0.815,0.819,0.807,619850649,503916376
2022-11-08,0.814,0.810,0.817,0.806,460291600,373001605
2022-11-09,0.810,0.807,0.814,0.806,358430800,289870065
2022-11-10,0.803,0.812,0.816,0.801,580134640,469432219
2022-11-11,0.834,0.833,0.846,0.821,1360941253,1131789300
2022-11-14,0.836,0.838,0.856,0.835,1108363674,934173747
2022-11-15,0.835,0.869,0.880,0.834,1443531916,1243586033
2022-11-16,0.865,0.855,0.869,0.853,581246018,499799559
2022-11-17,0.852,0.859,0.860,0.849,672115919,574131806
2022-11-18,0.858,0.848,0.860,0.846,687716950,586403757
2022-11-21,0.842,0.832,0.842,0.827,615032300,511459374
2022-11-22,0.831,0.834,0.843,0.828,538789586,450180273
2022-11-23,0.833,0.834,0.842,0.830,477667272,399015966
2022-11-24,0.842,0.831,0.845,0.830,447535100,374106856
2022-11-25,0.829,0.839,0.845,0.829,554231898,464446423
2022-11-28,0.826,0.827,0.828,0.813,653095212,535983165
2022-11-29,0.828,0.858,0.863,0.827,1413930801,1199067000
2022-11-30,0.853,0.855,0.868,0.853,684664466,588658698
2022-12-01,0.871,0.862,0.888,0.860,1205926481,1055412129
2022-12-02,0.859,0.857,0.867,0.853,441159770,378781439
2022-12-05,0.867,0.885,0.887,0.865,1058478240,930959944
2022-12-06,0.879,0.881,0.895,0.879,778810131,690167672
2022-12-07,0.880,0.876,0.887,0.869,763983529,669592057
2022-12-08,0.875,0.875,0.877,0.869,419885053,366314228
2022-12-09,0.875,0.879,0.884,0.867,776457997,678022487
2022-12-12,0.874,0.859,0.874,0.858,760855390,657887852
2022-12-13,0.859,0.859,0.865,0.857,318902900,274295308
2022-12-14,0.862,0.865,0.870,0.857,518999603,448023464
2022-12-15,0.863,0.859,0.867,0.857,421357000,362102627
2022-12-16,0.854,0.856,0.862,0.853,428231649,366630836
2022-12-19,0.858,0.833,0.863,0.829,633388428,533469527
2022-12-20,0.831,0.829,0.836,0.824,504083100,418598108
2022-12-21,0.830,0.828,0.834,0.824,333202666,276093798
2022-12-22,0.833,0.827,0.839,0.823,438863066,364809063
2022-12-23,0.821,0.826,0.833,0.821,508386500,420525900
2022-12-26,0.827,0.825,0.829,0.820,420298300,346657092
2022-12-27,0.831,0.836,0.839,0.827,574615700,479443123
2022-12-28,0.832,0.832,0.837,0.829,343031700,285491843
2022-12-29,0.829,0.828,0.832,0.822,630303857,521429954
2022-12-30,0.831,0.832,0.836,0.830,431337536,359116883
2023-01-03,0.825,0.829,0.830,0.808,734421619,600182394
2023-01-04,0.826,0.830,0.835,0.826,558285498,463564530
2023-01-05,0.835,0.846,0.850,0.835,918309086,773721693
2023-01-06,0.844,0.846,0.855,0.843,1287628181,1092903564
2023-01-09,0.851,0.862,0.870,0.851,852260450,733925638
2023-01-10,0.863,0.859,0.874,0.858,573484512,496297008
2023-01-11,0.861,0.855,0.864,0.853,437549334,375719097
2023-01-12,0.857,0.862,0.863,0.851,594501863,509834570
2023-01-13,0.865,0.879,0.880,0.860,723073258,629364672
2023-01-16,0.883,0.909,0.927,0.880,1803388641,1641290727
2023-01-17,0.904,0.918,0.919,0.902,762116735,694731473
2023-01-18,0.916,0.914,0.924,0.912,598818185,549025950
2023-01-19,0.912,0.934,0.935,0.911,806108006,745420160
2023-01-20,0.936,0.929,0.937,0.920,864493017,801343197
2023-01-30,0.944,0.921,0.947,0.920,1072845990,996011639
2023-01-31,0.920,0.918,0.927,0.908,939939319,860648031
2023-02-01,0.917,0.939,0.940,0.914,1054701367,973774832
2023-02-02,0.955,0.921,0.957,0.920,1350305400,1255126171
2023-02-03,0.915,0.914,0.921,0.904,993526483,905766440
2023-02-06,0.905,0.896,0.907,0.895,670137100,603126701
2023-02-07,0.900,0.900,0.904,0.895,446772355,401831458
2023-02-08,0.901,0.891,0.902,0.890,525642900,470357213
2023-02-09,0.889,0.906,0.906,0.889,593502123,533951789
2023-02-10,0.902,0.898,0.904,0.894,521226200,468540114
2023-02-13,0.894,0.903,0.903,0.892,490578030,441195727
2023-02-14,0.906,0.900,0.907,0.895,440912209,396758241
2023-02-15,0.900,0.892,0.901,0.892,431634900,386036284
2023-02-16,0.892,0.888,0.910,0.880,1058958852,952872140
2023-02-17,0.884,0.872,0.889,0.871,730452893,642661549
2023-02-20,0.880,0.906,0.907,0.878,1162160773,1039927924
2023-02-21,0.903,0.908,0.911,0.900,701414928,635118895
2023-02-22,0.904,0.899,0.912,0.898,622729757,562875681
2023-02-23,0.900,0.906,0.917,0.900,698364662,634902258
2023-02-24,0.907,0.893,0.908,0.890,562883722,504351517
2023-02-27,0.884,0.881,0.888,0.879,576772234,509224289
2023-02-28,0.885,0.889,0.890,0.880,494128759,437335711
2023-03-01,0.888,0.900,0.904,0.886,685772409,615055143
2023-03-02,0.899,0.899,0.902,0.896,430753629,387149973
2023-03-03,0.901,0.905,0.907,0.895,684015860,616840010
2023-03-06,0.907,0.891,0.907,0.891,624307669,559214186
2023-03-07,0.890,0.876,0.899,0.873,894094986,792049049
2023-03-08,0.872,0.874,0.875,0.870,454738638,396880785
2023-03-09,0.875,0.871,0.876,0.868,393054572,342804253
2023-03-10,0.865,0.860,0.869,0.858,649078877,559669812
2023-03-13,0.859,0.863,0.865,0.856,446529280,384391724
2023-03-14,0.861,0.855,0.861,0.846,620820169,530498322
2023-03-15,0.860,0.860,0.865,0.859,462389403,398529791
2023-03-16,0.855,0.853,0.860,0.851,388039900,331956772
2023-03-17,0.860,0.868,0.875,0.859,741665462,643283808
2023-03-20,0.868,0.859,0.873,0.857,481236300,415891413
2023-03-21,0.862,0.866,0.867,0.859,507040500,437732107
2023-03-22,0.867,0.860,0.870,0.855,723051500,623404590
2023-03-23,0.855,0.869,0.870,0.854,658130385,568357456
2023-03-24,0.871,0.873,0.877,0.868,564372910,492606831
2023-03-27,0.871,0.876,0.881,0.868,574683300,502586573
2023-03-28,0.875,0.868,0.877,0.867,490433148,426794088
2023-03-29,0.870,0.865,0.871,0.859,527468400,455750725
2023-03-30,0.863,0.868,0.871,0.853,714461400,615953947
2023-03-31,0.867,0.867,0.871,0.865,497838213,431748858
2023-04-03,0.867,0.902,0.904,0.866,1843065627,1641079720
2023-04-04,0.903,0.906,0.911,0.901,885394749,802479219
2023-04-06,0.902,0.899,0.905,0.896,542844282,488448495
2023-04-07,0.901,0.910,0.913,0.897,812838488,737174030
2023-04-10,0.920,0.901,0.922,0.900,812154515,739800996
2023-04-11,0.906,0.910,0.924,0.905,892220067,814904210
2023-04-12,0.911,0.913,0.919,0.905,578902837,527660900
2023-04-13,0.907,0.902,0.908,0.898,579950400,523607622
2023-04-14,0.903,0.900,0.906,0.895,639257622,575908772
2023-04-17,0.902,0.926,0.928,0.901,1261287319,1159217473
2023-04-18,0.924,0.923,0.934,0.918,911539902,842273168
2023-04-19,0.920,0.909,0.920,0.907,650188729,593606846
2023-04-20,0.907,0.912,0.913,0.901,559620203,507220798
2023-04-21,0.911,0.877,0.911,0.875,1060190198,945040907
2023-04-24,0.874,0.862,0.878,0.857,805206740,697900976
2023-04-25,0.864,0.866,0.872,0.857,682558714,589719057
2023-04-26,0.862,0.864,0.867,0.859,485946822,419557995
2023-04-27,0.862,0.871,0.873,0.859,743188978,644018883
2023-04-28,0.874,0.888,0.896,0.869,891616501,788664975
2023-05-04,0.883,0.899,0.901,0.879,778812692,696148198
2023-05-05,0.900,0.912,0.931,0.899,1449140712,1331821143
2023-05-08,0.913,0.932,0.942,0.904,1923941446,1781358042
2023-05-09,0.936,0.941,0.984,0.932,2608514758,2502459780
2023-05-10,0.932,0.915,0.940,0.912,880760085,814519802
2023-05-11,0.917,0.914,0.926,0.913,776075502,713004310
2023-05-12,0.912,0.902,0.918,0.901,574656504,521967884
2023-05-15,0.902,0.915,0.918,0.883,1076322796,965173825
2023-05-16,0.913,0.908,0.925,0.906,592766402,542074822
2023-05-17,0.906,0.904,0.913,0.901,483431600,437648184
2023-05-18,0.907,0.902,0.912,0.899,486100333,440097214
2023-05-19,0.900,0.889,0.901,0.887,1055551521,940423280
2023-05-22,0.888,0.887,0.892,0.884,457053644,405344650
2023-05-23,0.888,0.874,0.889,0.874,624969500,549818298
2023-05-24,0.872,0.862,0.873,0.861,779761200,676064033
2023-05-25,0.859,0.863,0.864,0.852,703469939,604148095
2023-05-26,0.861,0.865,0.867,0.857,572880879,493922317
2023-05-29,0.866,0.857,0.867,0.856,772962806,664875990
2023-05-30,0.857,0.860,0.861,0.848,631396461,539786116
2023-05-31,0.858,0.854,0.859,0.851,526907800,450594330
2023-06-01,0.854,0.856,0.864,0.851,594412459,510278416
2023-06-02,0.859,0.862,0.863,0.857,524287559,451266150
2023-06-05,0.862,0.857,0.863,0.855,432041633,370967854
2023-06-06,0.856,0.844,0.862,0.843,623164680,531455229
2023-06-07,0.845,0.847,0.854,0.844,419628694,356050431
2023-06-08,0.847,0.857,0.860,0.842,744140975,634504953
2023-06-09,0.857,0.854,0.857,0.851,437920865,373911427
2023-06-12,0.852,0.847,0.853,0.844,506122600,428582177
2023-06-13,0.845,0.851,0.851,0.844,392553592,333121804
2023-06-14,0.852,0.852,0.862,0.850,584436345,500192698
2023-06-15,0.853,0.864,0.865,0.852,760364148,653625923
2023-06-16,0.865,0.869,0.870,0.860,700683824,606566983
2023-06-19,0.866,0.861,0.867,0.860,511554700,441101952
2023-06-20,0.861,0.858,0.864,0.856,498460353,428539045
2023-06-21,0.856,0.843,0.859,0.842,636552472,540719359
2023-06-26,0.837,0.823,0.837,0.822,789862200,654088773
2023-06-27,0.824,0.830,0.832,0.823,393790586,326088034
2023-06-28,0.830,0.831,0.832,0.823,370745700,306872244
2023-06-29,0.829,0.828,0.833,0.826,362429100,300320513
2023-06-30,0.828,0.842,0.845,0.827,603692850,506305562
2023-07-03,0.842,0.855,0.858,0.842,685568739,583405106
2023-07-04,0.853,0.853,0.858,0.850,325502892,277932253
2023-07-05,0.854,0.849,0.855,0.848,283453300,241123210
2023-07-06,0.848,0.847,0.853,0.844,323566072,274197052
2023-07-07,0.845,0.852,0.857,0.843,419734055,357139348
2023-07-10,0.857,0.852,0.859,0.851,351974325,300878455
2023-07-11,0.855,0.858,0.858,0.852,391234300,334995076
2023-07-12,0.858,0.849,0.861,0.848,444476680,379521101
2023-07-13,0.854,0.865,0.867,0.853,738309617,637717207
2023-07-14,0.866,0.863,0.867,0.862,311875450,269509665
2023-07-17,0.862,0.858,0.863,0.855,307143700,263486488
2023-07-18,0.860,0.860,0.865,0.857,346336894,298166217
2023-07-19,0.859,0.866,0.867,0.859,408789647,352784334
2023-07-20,0.868,0.859,0.870,0.859,428165400,370355457
2023-07-21,0.860,0.862,0.867,0.858,482105100,415449384
2023-07-24,0.858,0.861,0.866,0.856,418349172,360141895
2023-07-25,0.888,0.908,0.911,0.883,2089349056,1872850593
2023-07-26,0.902,0.904,0.909,0.896,954367911,862281209
2023-07-27,0.904,0.897,0.910,0.896,720970380,650838292
2023-07-28,0.895,0.973,0.974,0.894,2666961918,2515354622
2023-07-31,0.982,0.974,1.004,0.972,2460985265,2429339245
2023-08-01,0.960,0.965,0.989,0.959,1433723325,1393821808
2023-08-02,0.962,0.973,0.995,0.962,1405704321,1377011776
2023-08-03,0.984,1.011,1.015,0.967,1697250816,1686608008
2023-08-04,1.035,1.022,1.066,1.016,3176653926,3297595483
2023-08-07,1.000,1.020,1.022,0.996,1281768034,1295314445
2023-08-08,1.012,1.012,1.035,0.984,1514883410,1532310461
2023-08-09,1.004,1.009,1.022,1.003,833125502,842894508
2023-08-10,1.008,1.030,1.031,1.007,1077461684,1097403551
2023-08-11,1.022,0.985,1.023,0.984,1587522752,1585363867
2023-08-14,0.964,0.975,0.990,0.960,1133187281,1105245132
2023-08-15,0.969,0.992,0.993,0.969,937404616,922055540
2023-08-16,0.981,0.995,1.019,0.969,1407073961,1401321672
2023-08-17,0.985,0.995,1.001,0.976,1007020250,996908868
2023-08-18,0.995,0.977,1.009,0.976,856068684,850133373
2023-08-21,0.969,0.944,0.976,0.943,1212163446,1159914517
2023-08-22,0.949,0.959,0.969,0.942,979797204,934907576
2023-08-23,0.952,0.938,0.955,0.935,776562614,733474943
2023-08-24,0.941,0.950,0.966,0.941,824461971,785718487
2023-08-25,0.947,0.957,0.965,0.945,737458841,705940558
2023-08-28,1.053,0.981,1.053,0.976,2762122507,2820463460
2023-08-29,0.967,0.975,0.983,0.946,1808354930,1745959964
2023-08-30,0.967,0.946,0.967,0.943,1180349021,1124637999
2023-08-31,0.944,0.927,0.951,0.926,1096205931,1024238953
2023-09-01,0.933,0.928,0.938,0.926,603615947,561706545
2023-09-04,0.932,0.936,0.940,0.924,785982791,734115982
2023-09-05,0.934,0.926,0.934,0.924,563731309,522381059
2023-09-06,0.922,0.924,0.926,0.917,544759400,501745055
2023-09-07,0.922,0.919,0.929,0.915,696616982,642094258
2023-09-08,0.916,0.923,0.928,0.911,708299793,650474543
2023-09-11,0.925,0.938,0.944,0.917,982594124,916085385
2023-09-12,0.933,0.927,0.935,0.926,474141400,441179925
2023-09-13,0.926,0.917,0.928,0.914,528835152,486391855
2023-09-14,0.918,0.922,0.924,0.916,493397782,453463494
2023-09-15,0.924,0.917,0.926,0.912,566968481,520982054
2023-09-18,0.911,0.915,0.918,0.906,414139730,378360874
2023-09-19,0.916,0.916,0.921,0.912,392014998,359151604
2023-09-20,0.914,0.913,0.918,0.910,378030619,345973007
2023-09-21,0.910,0.906,0.918,0.905,512410445,466506491
2023-09-22,0.904,0.933,0.934,0.903,996882596,918708050
2023-09-25,0.927,0.912,0.928,0.910,699993018,640474411
2023-09-26,0.910,0.912,0.916,0.909,318626005,290740277
2023-09-27,0.911,0.913,0.916,0.910,514292057,469708783
2023-09-28,0.914,0.908,0.916,0.905,528809030,480108546
2023-10-09,0.902,0.896,0.904,0.885,594203571,530888938
2023-10-10,0.899,0.893,0.903,0.892,408131993,366294517
2023-10-11,0.897,0.890,0.901,0.888,499313700,446321835
2023-10-12,0.904,0.902,0.907,0.898,500844438,451399362
2023-10-13,0.895,0.892,0.896,0.891,365044926,326000878
2023-10-16,0.892,0.890,0.896,0.885,619235332,551178947
2023-10-17,0.892,0.903,0.910,0.887,596311842,537105611
2023-10-18,0.898,0.902,0.907,0.897,483735400,436448339
2023-10-19,0.896,0.897,0.911,0.895,616589200,556053777
2023-10-20,0.891,0.899,0.904,0.890,501957194,450759439
2023-10-23,0.894,0.877,0.894,0.872,782179800,688475763
2023-10-24,0.880,0.905,0.908,0.879,831469310,742315688
2023-10-25,0.912,0.905,0.915,0.902,778158516,706380139
2023-10-26,0.902,0.903,0.905,0.894,558857581,503212622
2023-10-27,0.899,0.908,0.910,0.894,710267363,640460625
2023-10-30,0.902,0.903,0.905,0.895,819415200,737263964
2023-10-31,0.903,0.903,0.909,0.900,564174198,510095373
2023-11-01,0.909,0.903,0.911,0.902,456896017,413706569
2023-11-02,0.903,0.897,0.909,0.895,482508700,435057170
2023-11-03,0.898,0.906,0.909,0.895,539071100,487117477
2023-11-06,0.930,0.942,0.946,0.923,1406601818,1314343473
2023-11-07,0.938,0.946,0.950,0.935,823330122,778609927
2023-11-08,0.944,0.938,0.949,0.930,801208629,751136483
2023-11-09,0.934,0.934,0.938,0.929,561448700,523832755
2023-11-10,0.930,0.934,0.939,0.929,617166947,576827368
2023-11-13,0.934,0.929,0.934,0.925,419817329,389623000
2023-11-14,0.929,0.940,0.954,0.929,926583797,871924167
2023-11-15,0.950,0.942,0.956,0.940,756756437,717050991
2023-11-16,0.940,0.933,0.946,0.933,551762318,518578377
2023-11-17,0.932,0.937,0.938,0.931,497569300,465220470
2023-11-20,0.937,0.933,0.937,0.924,709724209,660366164
2023-11-21,0.935,0.933,0.949,0.930,700794129,658326738
2023-11-22,0.928,0.923,0.933,0.922,489209720,453893682
2023-11-23,0.923,0.926,0.926,0.917,505695200,465917159
2023-11-24,0.924,0.919,0.925,0.915,430350676,395216694
2023-11-27,0.912,0.906,0.913,0.901,593714614,537689009
2023-11-28,0.906,0.905,0.909,0.900,527100100,476611885
2023-11-29,0.905,0.897,0.906,0.894,463592800,416638773
2023-11-30,0.896,0.898,0.903,0.894,421134000,378471442
2023-12-01,0.899,0.905,0.906,0.896,503211350,453486178
2023-12-04,0.905,0.904,0.909,0.902,461310487,417413969
2023-12-05,0.901,0.891,0.904,0.890,589232400,528789960
2023-12-06,0.889,0.887,0.894,0.886,446251647,396975244
2023-12-07,0.886,0.892,0.894,0.883,532376700,473791163
2023-12-08,0.892,0.886,0.895,0.885,494792500,439947113
2023-12-11,0.882,0.901,0.903,0.873,705763703,626335410
2023-12-12,0.897,0.897,0.902,0.895,447263100,401571856
2023-12-13,0.896,0.887,0.897,0.887,383035546,341564999
2023-12-14,0.892,0.885,0.894,0.883,360059925,319863177
2023-12-15,0.886,0.884,0.894,0.882,502643300,445865186
2023-12-18,0.884,0.880,0.891,0.877,477434500,421995916
2023-12-19,0.880,0.880,0.884,0.872,505538266,444385877
2023-12-20,0.879,0.855,0.879,0.854,899546433,777492623
2023-12-21,0.851,0.854,0.859,0.848,643762106,549771128
2023-12-22,0.854,0.855,0.860,0.848,596360499,509122717
2023-12-25,0.850,0.847,0.853,0.845,582370166,493326830
2023-12-26,0.847,0.838,0.848,0.836,549307958,461334707
2023-12-27,0.838,0.844,0.851,0.830,695784268,584933791
2023-12-28,0.841,0.863,0.868,0.840,755409411,647459067
2023-12-29,0.862,0.864,0.868,0.860,563519583,486869986
2024-01-02,0.864,0.854,0.865,0.853,559372225,479793531
2024-01-03,0.853,0.855,0.859,0.851,414234900,354017494
2024-01-04,0.853,0.847,0.855,0.841,602676239,509849108
2024-01-05,0.845,0.840,0.855,0.836,474622908,401471387
2024-01-08,0.837,0.825,0.840,0.824,554833500,460437709
2024-01-09,0.826,0.823,0.831,0.817,468489842,385965031
2024-01-10,0.821,0.818,0.827,0.814,464878200,381559634
2024-01-11,0.817,0.826,0.829,0.815,504897500,415469840
2024-01-12,0.824,0.818,0.830,0.818,447602566,368727606
2024-01-15,0.813,0.817,0.826,0.811,454912643,371720503
2024-01-16,0.815,0.826,0.826,0.811,661669281,541689378
2024-01-17,0.823,0.811,0.824,0.811,581475591,476399663
2024-01-18,0.805,0.818,0.821,0.793,994363790,798861637
2024-01-19,0.812,0.812,0.817,0.809,532336440,432579242
2024-01-22,0.811,0.795,0.816,0.786,697284845,562687608
2024-01-23,0.791,0.810,0.818,0.786,786056100,632333002
2024-01-24,0.814,0.848,0.852,0.801,1236234781,1021227731
2024-01-25,0.838,0.854,0.862,0.835,1214274100,1031559870
2024-01-26,0.847,0.854,0.863,0.845,1046443366,891406717
2024-01-29,0.853,0.839,0.856,0.839,563696039,477151013
2024-01-30,0.833,0.828,0.844,0.827,552311366,461807997
2024-01-31,0.824,0.820,0.833,0.815,732007200,602905318
2024-02-01,0.814,0.817,0.831,0.809,685710800,561889874
2024-02-02,0.816,0.799,0.819,0.776,948822504,759063717
2024-02-05,0.789,0.781,0.803,0.767,821632946,644781597
2024-02-06,0.775,0.826,0.832,0.773,1020671344,822125859
2024-02-07,0.825,0.838,0.841,0.822,761028532,634965097
2024-02-08,0.847,0.846,0.858,0.838,715016423,606564067
2024-02-19,0.843,0.835,0.843,0.824,656456436,545678067
2024-02-20,0.831,0.846,0.852,0.828,637272733,536546920
2024-02-21,0.840,0.854,0.874,0.836,940548130,806425316
2024-02-22,0.849,0.863,0.867,0.847,615092684,527605994
2024-02-23,0.863,0.865,0.869,0.857,668778648,577471424
2024-02-26,0.863,0.857,0.866,0.856,449024852,386505831
2024-02-27,0.856,0.873,0.873,0.855,608545817,525787231
2024-02-28,0.877,0.859,0.894,0.858,1133750067,997825946
2024-02-29,0.855,0.876,0.877,0.853,682438724,590983744
2024-03-01,0.875,0.881,0.886,0.869,725026704,635299325
2024-03-04,0.877,0.870,0.879,0.866,502874890,437784184
2024-03-05,0.866,0.864,0.870,0.860,465073359,402275127
2024-03-06,0.863,0.863,0.875,0.858,642550608,556952432
2024-03-07,0.863,0.854,0.869,0.851,592942212,509828579
2024-03-08,0.854,0.856,0.857,0.850,386456209,329974974
2024-03-11,0.856,0.867,0.868,0.855,496876545,428371710
2024-03-12,0.870,0.873,0.876,0.865,602708285,524708921
2024-03-13,0.872,0.861,0.872,0.859,584708407,505104018
2024-03-14,0.859,0.854,0.865,0.849,555627855,476042679
2024-03-15,0.851,0.858,0.860,0.848,484871932,413926329
2024-03-18,0.862,0.878,0.884,0.861,979210773,855956517
2024-03-19,0.877,0.862,0.877,0.861,553340376,480357923
2024-03-20,0.862,0.865,0.868,0.858,447403388,386130291
2024-03-21,0.867,0.869,0.877,0.865,561802267,488976804
2024-03-22,0.867,0.854,0.868,0.852,676854729,580458928
2024-03-25,0.845,0.829,0.845,0.826,728319087,608851722
2024-03-26,0.828,0.831,0.833,0.824,449396396,372071746
2024-03-27,0.828,0.816,0.829,0.815,503294000,413925930
2024-03-28,0.817,0.818,0.827,0.814,495881067,406379465
2024-03-29,0.816,0.822,0.822,0.811,503065041,410740072
2024-04-01,0.830,0.833,0.834,0.828,602745875,501393405
2024-04-02,0.832,0.827,0.837,0.825,391258100,324695050
2024-04-03,0.827,0.822,0.830,0.820,384487033,316588199
2024-04-08,0.815,0.808,0.817,0.806,483320400,391746843
2024-04-09,0.808,0.809,0.812,0.806,343242590,277658270
2024-04-10,0.809,0.794,0.809,0.790,604173000,482432072
2024-04-11,0.790,0.791,0.799,0.789,452024400,358852216
2024-04-12,0.792,0.778,0.793,0.775,593291900,464594177
2024-04-15,0.773,0.791,0.798,0.766,770777104,604795863
2024-04-16,0.785,0.777,0.791,0.774,517123461,405435576
2024-04-17,0.778,0.792,0.792,0.773,586228030,459340316
2024-04-18,0.790,0.798,0.809,0.787,711509782,568728576
2024-04-19,0.794,0.792,0.800,0.791,454427431,361253644
2024-04-22,0.790,0.794,0.802,0.790,434032600,345201180
2024-04-23,0.795,0.792,0.797,0.790,476993198,378749727
2024-04-24,0.794,0.793,0.796,0.788,420768198,333229230
2024-04-25,0.792,0.792,0.797,0.787,366493398,290258994
2024-04-26,0.812,0.843,0.844,0.803,1678348800,1380963670
2024-04-29,0.842,0.853,0.859,0.840,1092115339,928113513
2024-04-30,0.847,0.837,0.851,0.835,801241920,674411591
2024-05-06,0.847,0.843,0.854,0.838,749073900,633685237
2024-05-07,0.840,0.838,0.843,0.835,639007800,535783752
2024-05-08,0.836,0.826,0.837,0.825,572003800,474458025
2024-05-09,0.827,0.833,0.838,0.827,532033800,443195439
2024-05-10,0.835,0.840,0.842,0.831,577639700,483043823
2024-05-13,0.836,0.841,0.848,0.828,639651600,535766652
2024-05-14,0.839,0.846,0.847,0.834,640707300,538155515
2024-05-15,0.851,0.825,0.853,0.824,798091929,665607172
2024-05-16,0.825,0.823,0.833,0.821,543843400,449681405
2024-05-17,0.822,0.835,0.836,0.820,624544897,517208499
2024-05-20,0.834,0.836,0.846,0.832,692037900,581044509
2024-05-21,0.833,0.830,0.837,0.828,439748355,366012134
2024-05-22,0.829,0.834,0.836,0.828,419400100,349357716
2024-05-23,0.831,0.816,0.831,0.816,786489372,646676472
2024-05-24,0.815,0.806,0.818,0.805,519757863,421652778
2024-05-27,0.807,0.812,0.813,0.804,397442600,321339544
2024-05-28,0.811,0.805,0.815,0.804,534830144,432079316
2024-05-29,0.804,0.806,0.814,0.803,446773063,361160548
2024-05-30,0.804,0.805,0.809,0.801,423009700,340180149
2024-05-31,0.807,0.804,0.812,0.803,409712815,330558698
2024-06-03,0.801,0.794,0.801,0.790,671400500,533817413
2024-06-04,0.793,0.801,0.801,0.793,547053300,436648335
2024-06-05,0.800,0.797,0.803,0.796,402605500,321604115
2024-06-06,0.798,0.787,0.799,0.785,666896200,527125850
2024-06-07,0.789,0.781,0.791,0.771,749917500,585424283
2024-06-11,0.778,0.782,0.787,0.776,449597909,351807442
2024-06-12,0.781,0.782,0.785,0.779,358809700,280531001
2024-06-13,0.782,0.781,0.785,0.779,430955400,336548619
2024-06-14,0.781,0.799,0.805,0.778,1053312300,833220650
2024-06-17,0.790,0.797,0.800,0.787,567071888,450662204
2024-06-18,0.797,0.804,0.809,0.797,644033188,517665149
2024-06-19,0.805,0.795,0.806,0.793,479260488,382505762
2024-06-20,0.793,0.787,0.795,0.785,496541700,391824680
2024-06-21,0.787,0.789,0.793,0.784,453681700,357517587
2024-06-24,0.785,0.780,0.788,0.779,597563900,467745654
2024-06-25,0.780,0.768,0.781,0.763,744476300,574023632
2024-06-26,0.766,0.777,0.778,0.764,562414100,434024444
2024-06-27,0.775,0.768,0.775,0.767,407662000,314261347
2024-06-28,0.767,0.752,0.775,0.749,809641000,617177405
2024-07-01,0.750,0.753,0.755,0.742,578484381,433201746
2024-07-02,0.752,0.749,0.758,0.747,443778000,333974069
2024-07-03,0.747,0.750,0.754,0.745,396074200,296808766
2024-07-04,0.751,0.736,0.753,0.736,556466600,413212726
2024-07-05,0.737,0.738,0.744,0.731,507710000,374093759
2024-07-08,0.734,0.718,0.735,0.716,649877532,470627025
2024-07-09,0.719,0.732,0.735,0.713,688125749,498591114
2024-07-10,0.728,0.733,0.744,0.727,487459500,358449830
2024-07-11,0.742,0.744,0.749,0.737,520800801,387471389
2024-07-12,0.743,0.743,0.746,0.739,375688669,278881752
2024-07-15,0.741,0.742,0.745,0.739,275785100,204540986
2024-07-16,0.742,0.748,0.751,0.740,455060700,340080785
2024-07-17,0.748,0.753,0.756,0.748,469007400,352915543
2024-07-18,0.752,0.758,0.758,0.744,553891259,416106210
2024-07-19,0.755,0.767,0.768,0.754,611490259,466772534
2024-07-22,0.776,0.773,0.780,0.763,669785300,516377902
2024-07-23,0.768,0.755,0.774,0.753,546466000,417684827
2024-07-24,0.752,0.745,0.755,0.744,452588800,339114571
2024-07-25,0.746,0.754,0.759,0.744,534636394,402774421
2024-07-26,0.755,0.767,0.774,0.754,555993428,426209461
2024-07-29,0.763,0.761,0.770,0.761,322252100,246318936
2024-07-30,0.759,0.764,0.766,0.757,373024100,284606939
2024-07-31,0.765,0.806,0.817,0.764,1434331353,1140358259
2024-08-01,0.799,0.800,0.807,0.798,534229200,428314371
2024-08-02,0.796,0.785,0.804,0.782,512721000,406103917
2024-08-05,0.780,0.780,0.796,0.779,498928900,392635088
2024-08-06,0.787,0.781,0.790,0.773,487860900,380257717
2024-08-07,0.780,0.777,0.786,0.775,370551000,288431716
2024-08-08,0.777,0.781,0.791,0.774,436002900,340896348
2024-08-09,0.787,0.774,0.788,0.773,362497800,282713890
2024-08-12,0.771,0.772,0.775,0.768,287183400,221397973
2024-08-13,0.771,0.781,0.782,0.767,376468600,291636253
2024-08-14,0.779,0.775,0.783,0.774,281545288,219078988
2024-08-15,0.773,0.784,0.791,0.773,495284529,388240303
2024-08-16,0.783,0.779,0.785,0.777,331784700,258983650
2024-08-19,0.778,0.778,0.785,0.776,285480800,222598668
2024-08-20,0.779,0.772,0.780,0.769,377936700,292234535
2024-08-21,0.771,0.768,0.774,0.767,247322800,190398863
2024-08-22,0.772,0.757,0.774,0.755,409965500,312449154
2024-08-23,0.755,0.763,0.768,0.755,320618700,243872808
2024-08-26,0.763,0.763,0.768,0.759,235108900,179492444
2024-08-27,0.762,0.755,0.763,0.753,238548500,180337040
2024-08-28,0.755,0.757,0.760,0.753,219794600,166280958
2024-08-29,0.755,0.761,0.768,0.755,353969100,269968928
2024-08-30,0.760,0.780,0.787,0.759,748621445,582481750
2024-09-02,0.777,0.760,0.778,0.760,480221400,368212336
2024-09-03,0.760,0.766,0.770,0.759,311082700,238039359
2024-09-04,0.763,0.766,0.772,0.763,276201800,211925529
2024-09-05,0.765,0.772,0.773,0.764,337583723,259724058
2024-09-06,0.795,0.778,0.798,0.777,2507954723,1971067576
2024-09-09,0.770,0.777,0.784,0.768,374086623,290667803
2024-09-10,0.776,0.772,0.778,0.763,412036200,317019112
2024-09-11,0.770,0.772,0.776,0.768,273952574,211430291
2024-09-12,0.772,0.770,0.775,0.768,282957654,218431730
2024-09-13,0.771,0.772,0.780,0.770,341475000,264552173
2024-09-18,0.770,0.772,0.775,0.764,275955000,212313191
2024-09-19,0.775,0.783,0.792,0.771,485041400,379267006
2024-09-20,0.780,0.782,0.783,0.776,317547100,247606148
2024-09-23,0.783,0.782,0.787,0.778,244938300,191682737
2024-09-24,0.792,0.830,0.830,0.785,1620669214,1316776911
2024-09-25,0.848,0.845,0.869,0.843,1860908148,1590793993
2024-09-26,0.839,0.904,0.905,0.838,1755953826,1529974667
2024-09-27,0.930,0.994,0.994,0.912,1864578761,1754838120
2024-09-30,1.092,1.093,1.093,1.040,2802184970,3033811487
2024-10-08,1.202,1.202,1.202,1.202,1009874434,1213869070
2024-10-09,1.190,1.134,1.260,1.083,5271974951,6252875752
2024-10-10,1.173,1.068,1.173,1.051,2898423358,3157696302
2024-10-11,1.045,1.069,1.098,1.045,1997753360,2128952666
2024-10-14,1.077,1.076,1.083,1.015,1962665673,2069163100
2024-10-15,1.054,1.037,1.076,1.035,1051559736,1113412234
2024-10-16,1.020,1.044,1.071,1.017,1343812484,1404545433
2024-10-17,1.049,1.038,1.073,1.037,1046474456,1105011152
2024-10-18,1.037,1.114,1.142,1.028,2305550266,2505687285
2024-10-21,1.095,1.088,1.102,1.076,1473573661,1605111524
2024-10-22,1.083,1.095,1.105,1.081,1031713204,1125913268
2024-10-23,1.099,1.089,1.120,1.083,1208701046,1331430711
2024-10-24,1.081,1.087,1.094,1.074,795781704,864104770
2024-10-25,1.088,1.097,1.113,1.083,866919000,951049793
2024-10-28,1.095,1.098,1.103,1.090,674007600,738219080
2024-10-29,1.105,1.085,1.116,1.083,839894650,921810897
2024-10-30,1.081,1.083,1.095,1.071,763465319,826107885
2024-10-31,1.079,1.114,1.142,1.075,1696380568,1893893377
2024-11-01,1.110,1.102,1.135,1.099,1094477666,1221388794
2024-11-04,1.108,1.142,1.144,1.105,1111952264,1251208455
2024-11-05,1.145,1.207,1.219,1.129,1931622039,2292018582
2024-11-06,1.220,1.202,1.265,1.191,1881532907,2301862866
2024-11-07,1.180,1.318,1.320,1.176,2417124391,3012899648
2024-11-08,1.333,1.264,1.342,1.257,2260031940,2913825274
2024-11-11,1.238,1.263,1.271,1.231,1628850498,2040758117
2024-11-12,1.264,1.233,1.272,1.217,1516668501,1887161725
2024-11-13,1.222,1.230,1.242,1.206,1225133100,1499102119
2024-11-14,1.225,1.208,1.243,1.207,1106635600,1357389839
2024-11-15,1.207,1.160,1.219,1.159,1244433274,1477166087
2024-11-18,1.160,1.146,1.176,1.135,1135741600,1309474111
2024-11-19,1.149,1.167,1.172,1.137,1190778964,1373629143
2024-11-20,1.161,1.169,1.180,1.153,938100100,1095359566
2024-11-21,1.167,1.182,1.192,1.163,965477269,1136636975
2024-11-22,1.179,1.125,1.182,1.124,1063914008,1227636757
2024-11-25,1.125,1.115,1.130,1.097,850527589,945795655
2024-11-26,1.112,1.114,1.137,1.112,658441700,739688256
2024-11-27,1.112,1.143,1.145,1.109,926167500,1044299731
2024-11-28,1.143,1.131,1.147,1.129,660534000,751212905
2024-11-29,1.130,1.162,1.198,1.126,1431349734,1663132263
2024-12-02,1.153,1.174,1.182,1.151,927967300,1086336018
2024-12-03,1.171,1.175,1.185,1.159,810430200,948596961
2024-12-04,1.171,1.160,1.181,1.155,707143990,826389438
2024-12-05,1.158,1.174,1.182,1.156,766114200,897745390
2024-12-06,1.172,1.191,1.204,1.165,1145620628,1361397401
2024-12-09,1.185,1.176,1.193,1.164,744457407,877527242
2024-12-10,1.250,1.188,1.250,1.185,1640426652,1993447294
2024-12-11,1.184,1.184,1.197,1.177,673764900,799389351
2024-12-12,1.186,1.202,1.214,1.180,1056514057,1262325824
2024-12-13,1.190,1.165,1.190,1.163,1077544663,1267234018
2024-12-16,1.163,1.148,1.164,1.143,646538300,744765733
2024-12-17,1.146,1.150,1.160,1.143,635152300,730818732
2024-12-18,1.152,1.147,1.155,1.144,505707891,581024338
2024-12-19,1.135,1.146,1.148,1.132,641520200,731665115
2024-12-20,1.143,1.150,1.158,1.142,636752250,732866906
2024-12-23,1.146,1.136,1.159,1.134,719558050,824102601
2024-12-24,1.137,1.155,1.157,1.136,769409963,883476649
2024-12-25,1.156,1.149,1.157,1.138,698542863,801102519
2024-12-26,1.147,1.151,1.154,1.146,689407313,793039517
2024-12-27,1.151,1.159,1.179,1.150,1196603894,1390291551
2024-12-30,1.157,1.169,1.170,1.154,710280814,826634384
2024-12-31,1.170,1.120,1.171,1.118,1234500581,1410224841
2025-01-02,1.112,1.058,1.115,1.046,1448473686,1564539015
2025-01-03,1.058,1.029,1.061,1.027,993022298,1034682758
2025-01-06,1.021,1.028,1.034,1.019,719475500,738218713
2025-01-07,1.030,1.040,1.042,1.024,655913928,677501932
2025-01-08,1.036,1.029,1.040,1.008,834828400,853306370
2025-01-09,1.025,1.026,1.036,1.022,477984695,491837832
2025-01-10,1.024,1.007,1.032,1.006,710860500,725732281
2025-01-13,0.995,1.010,1.015,0.994,567274109,571146583
2025-01-14,1.015,1.054,1.055,1.014,1243009281,1291836197
2025-01-15,1.048,1.043,1.050,1.041,607922800,634982062
2025-01-16,1.049,1.043,1.061,1.033,736895981,771158459
2025-01-17,1.038,1.045,1.052,1.035,563763954,589222373
2025-01-20,1.057,1.051,1.064,1.047,644018052,679586560
2025-01-21,1.060,1.053,1.060,1.042,577761300,607585535
2025-01-22,1.050,1.049,1.054,1.042,889646500,930495234
2025-01-23,1.069,1.054,1.090,1.052,1022482129,1095101133
2025-01-24,1.050,1.065,1.072,1.049,684917800,727196103
2025-01-27,1.068,1.038,1.069,1.037,737659800,774805979
2025-02-05,1.045,1.037,1.046,1.034,470093500,489052838
2025-02-06,1.036,1.055,1.057,1.034,701403899,734212391
2025-02-07,1.055,1.077,1.094,1.051,1561900185,1677399272
2025-02-10,1.077,1.080,1.085,1.072,823329563,887137072
2025-02-11,1.079,1.070,1.079,1.062,680900300,727481475
2025-02-12,1.068,1.088,1.090,1.067,996422211,1072277182
2025-02-13,1.085,1.081,1.100,1.077,1442690184,1565198022
2025-02-14,1.078,1.083,1.089,1.075,799165200,864343961
2025-02-17,1.094,1.087,1.098,1.080,1061398500,1157443214
2025-02-18,1.083,1.059,1.086,1.056,987116900,1057807850
2025-02-19,1.056,1.072,1.076,1.056,838147893,895617101
2025-02-20,1.069,1.070,1.075,1.063,578364842,618467049
2025-02-21,1.072,1.092,1.095,1.062,1489532623,1613374940
2025-02-24,1.090,1.085,1.096,1.078,1365482200,1485619445
2025-02-25,1.072,1.069,1.080,1.066,769412200,825763804
2025-02-26,1.070,1.098,1.099,1.067,1449016056,1565017005
2025-02-27,1.090,1.093,1.101,1.073,1563462295,1700021595
2025-02-28,1.086,1.060,1.102,1.057,1253804314,1352472213
2025-03-03,1.061,1.057,1.069,1.051,1021461200,1083227063
2025-03-04,1.051,1.062,1.065,1.050,1101754955,1168319391
2025-03-05,1.061,1.063,1.068,1.053,712254661,755919443
2025-03-06,1.069,1.087,1.092,1.068,1356339629,1469350968
2025-03-07,1.082,1.071,1.083,1.068,885079064,952070926
2025-03-10,1.069,1.062,1.070,1.058,622102429,660496674
2025-03-11,1.053,1.065,1.065,1.050,531973601,563134927
2025-03-12,1.068,1.072,1.088,1.064,1009009800,1084050156
2025-03-13,1.070,1.065,1.080,1.059,750066155,801124076
2025-03-14,1.068,1.101,1.114,1.066,1928101900,2108927019
2025-03-17,1.103,1.089,1.105,1.087,868405900,948310475
2025-03-18,1.094,1.090,1.096,1.086,732906530,798965460
2025-03-19,1.090,1.089,1.096,1.086,628521900,684971585
2025-03-20,1.088,1.080,1.089,1.078,655536400,710111554
2025-03-21,1.077,1.062,1.083,1.059,953030718,1019397197
2025-03-24,1.061,1.061,1.064,1.052,563882400,596680201
2025-03-25,1.062,1.057,1.064,1.055,460948631,487653776
2025-03-26,1.057,1.056,1.062,1.056,391657651,414520049
2025-03-27,1.056,1.059,1.067,1.049,552731924,585190842
2025-03-28,1.059,1.059,1.063,1.055,502749819,532319498
2025-03-31,1.056,1.038,1.059,1.033,846941900,883751938
2025-04-01,1.040,1.036,1.046,1.033,686748900,712576647
2025-04-02,1.035,1.040,1.045,1.034,397676875,413849278
2025-04-03,1.033,1.039,1.046,1.032,498634975,518638769
2025-04-07,1.000,0.935,1.007,0.935,1526568368,1462640469
2025-04-08,0.941,0.949,0.954,0.937,1165876086,1102344809
2025-04-09,0.939,0.968,0.977,0.929,1244381656,1190838662
2025-04-10,0.983,0.982,0.994,0.971,876030170,863388828
2025-04-11,0.977,0.985,0.994,0.977,591183873,581883420
2025-04-14,0.989,0.987,0.991,0.983,516085471,509253443
2025-04-15,0.985,0.981,0.985,0.977,371813066,364314508
2025-04-16,0.979,0.979,0.981,0.966,538137300,524001705
2025-04-17,0.974,0.979,0.984,0.974,433741700,424908059
2025-04-18,0.979,0.986,0.989,0.976,528097896,519008192
2025-04-21,0.982,0.992,0.993,0.980,457402443,452576088
2025-04-22,0.990,0.991,0.996,0.989,366274300,363243335
2025-04-23,0.995,0.992,0.997,0.988,417629700,414372898
2025-04-24,0.991,0.987,0.995,0.983,393180601,388713924
2025-04-25,0.989,0.994,0.999,0.988,656032100,652303461
2025-04-28,0.993,0.986,0.993,0.982,421443600,415758327
2025-04-29,0.986,0.985,0.992,0.984,305112679,301063736
2025-04-30,0.987,0.988,0.995,0.986,357380200,353755944
2025-05-06,0.993,1.002,1.003,0.990,579686948,578760802
2025-05-07,1.030,1.008,1.036,1.004,1097755682,1116424968
2025-05-08,1.002,1.011,1.015,1.002,479444235,484449795
2025-05-09,1.010,1.000,1.010,0.997,363730822,364308868
2025-05-12,1.005,1.023,1.026,1.002,774586596,785788044
2025-05-13,1.030,1.015,1.030,1.014,541820146,552552502
2025-05-14,1.015,1.051,1.070,1.012,1595796014,1661504468
2025-05-15,1.041,1.032,1.048,1.031,572554896,593742463
2025-05-16,1.029,1.020,1.032,1.017,643160310,656987281
2025-05-19,1.019,1.021,1.024,1.014,311096500,316982087
2025-05-20,1.022,1.021,1.025,1.017,363380600,371090875
2025-05-21,1.020,1.018,1.023,1.017,300436000,306355232
2025-05-22,1.016,1.010,1.017,1.009,436547985,441834794
2025-05-23,1.010,0.998,1.016,0.997,539860400,543455216
2025-05-26,0.995,0.996,1.001,0.992,347345900,345923090
2025-05-27,0.997,0.995,0.998,0.991,270963653,269587306
2025-05-28,0.995,0.991,0.997,0.989,264898900,262926133
2025-05-29,0.992,1.003,1.004,0.991,425791600,425682104
2025-05-30,0.999,0.997,0.999,0.991,392325482,390578047
2025-06-03,0.993,1.005,1.011,0.991,433181088,434695427
2025-06-04,1.006,1.018,1.023,1.004,640219647,650846029
2025-06-05,1.020,1.028,1.033,1.017,685563700,702404320
2025-06-06,1.028,1.021,1.032,1.019,312859640,320132629
2025-06-09,1.027,1.035,1.041,1.026,559022821,579045454
2025-06-10,1.035,1.022,1.037,1.015,572795719,587548416
2025-06-11,1.023,1.041,1.053,1.023,842619366,878358754
2025-06-12,1.036,1.040,1.051,1.034,536525897,558674652
2025-06-13,1.035,1.029,1.039,1.026,599588900,618302705
2025-06-16,1.027,1.044,1.045,1.026,865226300,899399166
2025-06-17,1.044,1.047,1.048,1.040,404971468,422822500
2025-06-18,1.045,1.035,1.046,1.029,564244022,583448572
2025-06-19,1.032,1.015,1.033,1.013,876156800,893465322
2025-06-20,1.016,1.013,1.020,1.012,311922939,316681662
2025-06-23,1.006,1.025,1.028,1.006,517028539,526948552
2025-06-24,1.026,1.050,1.059,1.026,1083536211,1134984558
2025-06-25,1.056,1.108,1.115,1.054,2283515616,2474747862
2025-06-26,1.109,1.088,1.110,1.086,1654598152,1814315106
2025-06-27,1.089,1.088,1.124,1.086,1454248156,1603537709
2025-06-30,1.088,1.086,1.091,1.075,775349200,839950919
2025-07-01,1.086,1.080,1.087,1.072,518195100,558791921
2025-07-02,1.080,1.074,1.083,1.071,447555800,481562707
2025-07-03,1.076,1.082,1.085,1.075,566513744,612094543
2025-07-04,1.081,1.082,1.100,1.072,888226263,964342151
2025-07-07,1.078,1.083,1.087,1.076,393295945,425720694
2025-07-08,1.082,1.095,1.098,1.081,730019509,797380298
2025-07-09,1.096,1.090,1.105,1.088,723467301,793720453
2025-07-10,1.089,1.104,1.110,1.087,739067118,813976031
2025-07-11,1.108,1.130,1.152,1.105,1723187956,1952425103
2025-07-14,1.134,1.119,1.135,1.117,741037222,831792902
2025-07-15,1.119,1.113,1.127,1.106,791880769,882504414
2025-07-16,1.111,1.108,1.118,1.102,661866203,733559837
2025-07-17,1.108,1.115,1.117,1.105,694409789,770991589
2025-07-18,1.115,1.119,1.122,1.112,674531312,753970938
2025-07-21,1.118,1.134,1.137,1.114,875980890,988832584
2025-07-22,1.134,1.136,1.140,1.120,958871428,1084288471
2025-07-23,1.139,1.146,1.168,1.139,1533050028,1766072461
2025-07-24,1.144,1.179,1.180,1.141,1376787350,1608859227
2025-07-25,1.181,1.175,1.185,1.170,981612068,1154754833
2025-07-28,1.175,1.185,1.199,1.167,987991995,1169267291
2025-07-29,1.179,1.188,1.188,1.159,1053795233,1235698332
2025-07-30,1.183,1.171,1.188,1.161,943658103,1110961399
2025-07-31,1.164,1.146,1.177,1.139,1268479072,1466764164
2025-08-01,1.143,1.138,1.153,1.134,838537586,957507499
2025-08-04,0.565,0.572,0.572,0.565,850449984,483481460
2025-08-05,0.572,0.576,0.578,0.571,1157284767,664446238
2025-08-06,0.575,0.578,0.579,0.573,1238080235,713743371
2025-08-07,0.578,0.578,0.584,0.575,1236059716,715913643
2025-08-08,0.577,0.573,0.578,0.572,1026787684,589840560
2025-08-11,0.574,0.581,0.584,0.572,1704027121,988714066
2025-08-12,0.581,0.584,0.585,0.578,1497354699,871585846
2025-08-13,0.587,0.594,0.600,0.581,3120200856,1846141416
2025-08-14,0.595,0.593,0.607,0.592,2729359778,1633448941
2025-08-15,0.590,0.622,0.628,0.590,4480320162,2747424306
2025-08-18,0.627,0.629,0.640,0.614,5133305903,3229025014
2025-08-19,0.625,0.617,0.630,0.616,2385642039,1483844326
2025-08-20,0.614,0.623,0.624,0.608,2391933600,1471636882
2025-08-21,0.628,0.618,0.630,0.614,2763999600,1717909740
2025-08-22,0.615,0.639,0.640,0.615,3658374016,2302268321
2025-08-25,0.646,0.646,0.655,0.636,5012341268,3226060525
2025-08-26,0.642,0.638,0.646,0.636,2382160945,1527618994
2025-08-27,0.637,0.622,0.645,0.621,4549923479,2886735570
2025-08-28,0.620,0.633,0.634,0.615,2837508432,1769877112
2025-08-29,0.635,0.634,0.643,0.631,3236691333,2057843380
2025-09-01,0.636,0.628,0.637,0.625,2548459700,1603221255
2025-09-02,0.628,0.620,0.629,0.615,2905806645,1804805062
2025-09-03,0.622,0.598,0.625,0.593,3458186185,2098505648
2025-09-04,0.598,0.597,0.603,0.588,2916594758,1738141847
2025-09-05,0.598,0.601,0.602,0.591,2490976086,1486202928
2025-09-08,0.600,0.596,0.601,0.594,1872785274,1117868035
2025-09-09,0.596,0.596,0.603,0.594,2456395112,1468812263
2025-09-10,0.597,0.595,0.601,0.593,1744888011,1039985438
2025-09-11,0.593,0.614,0.615,0.591,4060683469,2462875156
2025-09-12,0.613,0.606,0.616,0.603,2483381604,1512691772
2025-09-15,0.604,0.603,0.610,0.601,2082828399,1260318789
2025-09-16,0.603,0.604,0.610,0.598,2884975465,1740813775
2025-09-17,0.604,0.606,0.612,0.602,2813892478,1707004262
2025-09-18,0.605,0.588,0.605,0.583,4765991230,2836567883
2025-09-19,0.587,0.584,0.589,0.582,2361738477,1382339198
2025-09-22,0.585,0.589,0.590,0.582,1746810494,1024154562
2025-09-23,0.587,0.580,0.587,0.573,2676169917,1548856834
2025-09-24,0.577,0.585,0.589,0.576,2366651451,1379299136
2025-09-25,0.584,0.585,0.590,0.583,1922554622,1127655053
2025-09-26,0.584,0.583,0.589,0.582,1692174418,990102628
2025-09-29,0.582,0.611,0.625,0.581,6215946336,3761681953
2025-09-30,0.608,0.604,0.612,0.601,3004974469,1818573113
2025-10-09,0.601,0.606,0.610,0.594,3211488916,1934248521
2025-10-10,0.603,0.607,0.619,0.601,2924337992,1785968620
2025-10-13,0.595,0.600,0.602,0.592,2924515500,1743622291
2025-10-14,0.600,0.596,0.611,0.594,3303353185,1987302851
2025-10-15,0.598,0.603,0.604,0.592,3171824530,1898814839
2025-10-16,0.601,0.601,0.607,0.598,2341207895,1410199084
2025-10-17,0.602,0.590,0.607,0.589,3015294662,1801604192
2025-10-20,0.595,0.590,0.597,0.588,2272791727,1344912194
2025-10-21,0.591,0.595,0.604,0.591,2684538905,1602406391
2025-10-22,0.593,0.590,0.593,0.588,1745391623,1029592437
2025-10-23,0.590,0.595,0.596,0.584,2307938458,1360853393
2025-10-24,0.596,0.600,0.601,0.594,2413847518,1442418263
2025-10-27,0.607,0.608,0.612,0.603,3977418017,2416609496
2025-10-28,0.606,0.605,0.610,0.603,2224255432,1346488248
2025-10-29,0.604,0.617,0.620,0.603,4711168144,2893351366
2025-10-30,0.614,0.606,0.616,0.605,3124378246,1908303277
2025-10-31,0.607,0.600,0.610,0.599,2367793773,1426432257
2025-11-03,0.598,0.597,0.599,0.589,2289216421,1359153985
2025-11-04,0.595,0.593,0.598,0.591,2039544146,1211901317
2025-11-05,0.590,0.593,0.595,0.590,1219564551,723121147
2025-11-06,0.594,0.600,0.604,0.593,2479094955,1486658547
2025-11-07,0.598,0.595,0.599,0.593,1688004645,1004850600
2025-11-10,0.594,0.602,0.605,0.593,2068839344,1239989303
2025-11-11,0.602,0.595,0.604,0.594,1499570231,895547233
2025-11-12,0.595,0.591,0.596,0.588,2091770761,1237713354
2025-11-13,0.590,0.596,0.597,0.589,2044200376,1213544031
2025-11-14,0.593,0.589,0.595,0.589,1433885084,848897548
2025-11-17,0.588,0.582,0.588,0.581,1964956288,1147141484
2025-11-18,0.582,0.583,0.588,0.581,1389702158,812054164
2025-11-19,0.583,0.583,0.588,0.580,1247647555,728234559
2025-11-20,0.593,0.581,0.595,0.580,2364455326,1389331314
2025-11-21,0.576,0.561,0.580,0.560,3018659719,1715007042
2025-11-24,0.563,0.562,0.566,0.559,1839901197,1033577238
2025-11-25,0.564,0.564,0.567,0.562,1377805954,777846152
2025-11-26,0.564,0.562,0.565,0.561,1550655835,872966995
2025-11-27,0.561,0.562,0.566,0.560,1632155392,919593771
2025-11-28,0.561,0.564,0.565,0.558,1661766892,934730989
2025-12-01,0.562,0.566,0.567,0.562,1692258077,956303240
2025-12-02,0.565,0.560,0.566,0.560,1287275429,722840210
2025-12-03,0.562,0.555,0.563,0.554,1561037761,869583156
2025-12-04,0.555,0.557,0.560,0.553,1268732183,706065953
2025-12-05,0.556,0.571,0.576,0.556,3175235308,1800998867
2025-12-08,0.579,0.583,0.591,0.579,4409648310,2582866948
2025-12-09,0.578,0.574,0.581,0.573,2281020574,1315722683
2025-12-10,0.573,0.576,0.578,0.569,1735091086,994693750
2025-12-11,0.576,0.569,0.577,0.568,1237861774,707689943
2025-12-12,0.569,0.571,0.576,0.566,1693980708,967622791
2025-12-15,0.569,0.574,0.582,0.568,1958820057,1129453164
2025-12-16,0.573,0.571,0.577,0.570,1411353886,807636432
2025-12-17,0.571,0.582,0.588,0.568,2789436504,1610911298
2025-12-18,0.580,0.576,0.583,0.576,1466323651,847259762
2025-12-19,0.576,0.578,0.583,0.574,1533722100,888454125
2025-12-22,0.578,0.578,0.581,0.577,1143978715,662198758
2025-12-23,0.578,0.577,0.582,0.576,1307072896,756449683
2025-12-24,0.576,0.581,0.583,0.575,1425495025,826322005
2025-12-25,0.581,0.583,0.585,0.580,1725873406,1006242936
2025-12-26,0.583,0.588,0.594,0.582,3108354359,1830268684
2025-12-29,0.587,0.583,0.588,0.582,1808237005,1057252075
2025-12-30,0.581,0.582,0.587,0.580,1241281255,723024810
2025-12-31,0.583,0.579,0.587,0.579,1358214307,791085407
2026-01-05,0.581,0.590,0.590,0.580,2351151991,1378563559
2026-01-06,0.590,0.614,0.616,0.588,5593851799,3393325593
2026-01-07,0.615,0.605,0.615,0.601,2496506282,1516436132
2026-01-08,0.601,0.590,0.601,0.587,3754131874,2222361824
2026-01-09,0.589,0.591,0.595,0.587,2614217790,1542879693
2026-01-12,0.591,0.599,0.600,0.587,4168738316,2474055163
2026-01-13,0.601,0.595,0.608,0.593,2759731951,1657088137
2026-01-14,0.594,0.591,0.610,0.587,5625608749,3374541762
2026-01-15,0.588,0.581,0.592,0.580,3201934998,1872180943
2026-01-16,0.585,0.577,0.587,0.575,2634644433,1526606571
2026-01-19,0.575,0.575,0.577,0.572,2153382953,1235963641
2026-01-20,0.576,0.577,0.579,0.574,1632188398,940378196
2026-01-21,0.576,0.573,0.578,0.572,1943015188,1116354188
2026-01-22,0.574,0.575,0.579,0.573,1223717094,704296326
2026-01-23,0.575,0.574,0.577,0.572,2011398162,1155431898
2026-01-26,0.573,0.579,0.586,0.573,2578053061,1492024914
2026-01-27,0.578,0.573,0.578,0.567,2457187585,1406866323
2026-01-28,0.573,0.573,0.577,0.571,1704867399,977950859
2026-01-29,0.571,0.579,0.580,0.565,3196304665,1827006786
2026-01-30,0.576,0.570,0.579,0.568,2021420406,1157092861
2026-02-02,0.568,0.563,0.577,0.561,2369214076,1347960088
2026-02-03,0.565,0.561,0.567,0.555,2462446583,1378735392
2026-02-04,0.559,0.569,0.570,0.558,2158149719,1220758292
2026-02-05,0.568,0.570,0.574,0.564,1696439518,965308684
2026-02-06,0.567,0.567,0.571,0.565,1139152507,646995356
2026-02-09,0.570,0.572,0.573,0.568,1075176823,614052311
2026-02-10,0.572,0.571,0.574,0.570,943452120,539380181
2026-02-11,0.571,0.571,0.572,0.569,851016804,485575424
2026-02-12,0.570,0.567,0.571,0.566,1054310701,598184486
2026-02-13,0.567,0.562,0.569,0.561,1333604202,753003869
2026-02-24,0.564,0.560,0.564,0.559,1123562800,630107990
2026-02-25,0.561,0.563,0.568,0.560,1870082700,1056411838
2026-02-26,0.563,0.558,0.563,0.556,1694275280,946031052
2026-02-27,0.556,0.558,0.561,0.555,1444045459,804929969
2026-03-02,0.554,0.551,0.555,0.547,1929720157,1063415752
2026-03-03,0.551,0.546,0.557,0.545,2268905420,1249103587
2026-03-04,0.543,0.533,0.543,0.532,2306577016,1237751590
2026-03-05,0.538,0.534,0.539,0.532,1135049842,607448220
2026-03-06,0.532,0.540,0.543,0.531,1552785208,835776574
2026-03-09,0.534,0.531,0.534,0.528,1709955573,907465875
2026-03-10,0.534,0.535,0.538,0.533,1307497400,699569404
2026-03-11,0.535,0.536,0.538,0.533,1121987600,601023821
2026-03-12,0.535,0.536,0.538,0.533,1110121252,594361532
2026-03-13,0.534,0.531,0.538,0.530,1644675547,877196332
2026-03-16,0.531,0.529,0.532,0.526,1504167013,794302124
2026-03-17,0.530,0.534,0.545,0.529,2718628068,1463298055
2026-03-18,0.534,0.533,0.534,0.529,1596369941,848118285
2026-03-19,0.529,0.525,0.531,0.524,2230498940,1175191438
2026-03-20,0.526,0.517,0.527,0.516,2437105482,1269284044
2026-03-23,0.510,0.495,0.511,0.492,3321407556,1666858601
2026-03-24,0.499,0.500,0.504,0.494,1902833877,950114305
2026-03-25,0.502,0.506,0.510,0.500,1901095283,960541388
2026-03-26,0.505,0.495,0.506,0.493,1800105399,896254134
2026-03-27,0.492,0.499,0.500,0.491,1248417227,620345201
2026-03-30,0.493,0.496,0.497,0.490,1578241700,779405249
2026-03-31,0.495,0.492,0.502,0.491,1385619458,686816255
2026-04-01,0.497,0.499,0.500,0.495,1261626067,628278483
2026-04-02,0.497,0.490,0.498,0.488,1703061473,838266966
2026-04-03,0.492,0.485,0.493,0.485,1325842500,647564152
2026-04-07,0.486,0.484,0.488,0.482,908488298,440723783
2026-04-08,0.493,0.504,0.505,0.493,2613153897,1303440620
2026-04-09,0.500,0.493,0.500,0.492,1411366184,698937054
2026-04-10,0.499,0.510,0.522,0.499,4071555125,2089438952
2026-04-13,0.506,0.514,0.518,0.505,1689819297,867658800
2026-04-14,0.518,0.517,0.519,0.510,1772925500,910797905
2026-04-15,0.519,0.514,0.519,0.512,1346112664,693083829
2026-04-16,0.515,0.516,0.520,0.514,1725437976,891569205
2026-04-17,0.515,0.514,0.517,0.511,1632770509,839024674
2026-04-20,0.516,0.514,0.517,0.512,1338031413,688194132
2026-04-21,0.513,0.509,0.513,0.508,1249779055,637563329
2026-04-22,0.508,0.514,0.519,0.507,1886016933,969389056
2026-04-23,0.513,0.509,0.515,0.508,2063765482,1053703127
2026-04-24,0.508,0.504,0.508,0.502,1433417942,723110542
2026-04-27,0.505,0.506,0.512,0.504,1425659252,723030425
2026-04-28,0.506,0.512,0.517,0.505,2432873652,1248004907
2026-04-29,0.510,0.514,0.515,0.509,1793306934,918057040
2026-04-30,0.513,0.516,0.524,0.513,2148192534,1111518276
2026-05-06,0.517,0.523,0.526,0.516,2523128221,1316365761
2026-05-07,0.525,0.521,0.526,0.517,2107128184,1094376249
2026-05-08,0.518,0.517,0.521,0.515,1357463351,702246309
2026-05-11,0.515,0.525,0.528,0.513,3855547141,2010595815
2026-05-12,0.524,0.527,0.531,0.521,3453782486,1818977633
2026-05-13,0.524,0.523,0.527,0.518,1987754200,1036132676
2026-05-14,0.524,0.512,0.526,0.512,2104031443,1090948608
2026-05-15,0.512,0.501,0.513,0.499,2523999907,1276229561
2026-05-18,0.500,0.500,0.505,0.497,1742903466,872744169
2026-05-19,0.501,0.505,0.506,0.496,2117795200,1060488266
2026-05-20,0.502,0.501,0.506,0.500,1728282391,867681094
2026-05-21,0.505,0.503,0.522,0.502,4295520634,2209897538
2026-05-22,0.504,0.496,0.506,0.494,2432604243,1208814988
2026-05-25,0.498,0.499,0.503,0.494,1992528243,992288620
2026-05-26,0.498,0.504,0.510,0.496,2543749730,1282125771
2026-05-27,0.502,0.499,0.510,0.495,2298060853,1151207822
2026-05-28,0.498,0.488,0.499,0.485,2847124400,1394146050
2026-05-29,0.488,0.493,0.501,0.488,2608350181,1292565309
2026-06-01,0.493,0.494,0.498,0.490,1544187050,763178119
2026-06-02,0.493,0.495,0.498,0.490,2291526955,1131420134
2026-06-03,0.494,0.495,0.500,0.490,2597470604,1286156815
2026-06-04,0.492,0.488,0.497,0.485,2262551668,1107612349
2026-06-05,0.488,0.485,0.494,0.485,1788298088,874300699
2026-06-08,0.481,0.477,0.486,0.476,2456959715,1181679789
2026-06-09,0.478,0.480,0.481,0.474,1661446100,793881329
2026-06-10,0.478,0.487,0.488,0.477,2127896303,1027472995
2026-06-11,0.485,0.482,0.491,0.477,1837021485,886805382
2026-06-12,0.483,0.499,0.501,0.480,3497320894,1725802273
2026-06-15,0.501,0.512,0.526,0.500,5048604246,2597111244
2026-06-16,0.508,0.517,0.520,0.507,2759854792,1421302078
2026-06-17,0.517,0.517,0.522,0.513,2633930847,1360343907
2026-06-18,0.515,0.502,0.516,0.501,2628024900,1332273814
2026-06-22,0.500,0.539,0.540,0.499,5962516671,3118644981
2026-06-23,0.539,0.540,0.555,0.537,4700898945,2571227194
2026-06-24,0.536,0.531,0.550,0.528,3149300952,1687596003
2026-06-25,0.529,0.550,0.554,0.526,4665520331,2525894682
2026-06-26,0.545,0.529,0.553,0.528,4458969350,2401738701
2026-06-29,0.533,0.536,0.543,0.529,2841131977,1520900550
2026-06-30,0.533,0.537,0.542,0.530,2663257150,1425855550
2026-07-01,0.537,0.564,0.569,0.535,6113739917,3401650045
2026-07-02,0.561,0.549,0.563,0.547,4071634557,2246776306
2026-07-03,0.552,0.552,0.554,0.544,3541611340,1943430812
2026-07-06,0.560,0.553,0.563,0.548,2761192285,1527240523
2026-07-07,0.551,0.537,0.552,0.535,2652204000,1437391954
2026-07-08,0.536,0.530,0.542,0.530,2344589339,1253277254
2026-07-09,0.532,0.542,0.544,0.529,2603334920,1393908958
2026-07-10,0.540,0.532,0.540,0.530,2719867181,1451683057
2026-07-13,0.529,0.525,0.533,0.524,2236561792,1179412000
2026-07-14,0.525,0.528,0.528,0.518,2770624962,1450634443
2026-07-15,0.527,0.540,0.545,0.526,2714121478,1455314175
2026-07-16,0.537,0.532,0.539,0.530,2875715700,1531984221
2026-07-17,0.530,0.524,0.537,0.523,2947367616,1563675351
2026-07-20,0.528,0.533,0.539,0.526,2605730248,1388533866
2026-07-21,0.538,0.536,0.541,0.529,2404724697,1285590473
2026-07-22,0.533,0.532,0.535,0.527,1697505969,902333943
2026-07-23,0.533,0.539,0.541,0.531,1908272084,1023139107
2026-07-24,0.535,0.526,0.537,0.525,2193849430,1163002453
2026-07-27,0.528,0.528,0.529,0.520,1390443100,730081688
2026-07-28,0.525,0.519,0.525,0.517,2099455758,1091849601
2026-07-29,0.520,0.529,0.532,0.519,2283781323,1200967262
2026-07-30,0.527,0.529,0.534,0.524,1935635098,1023214118
2026-07-31,0.531,0.529,0.534,0.528,1691866758,897639325
2026-08-03,0.525,0.527,0.529,0.523,1185364540,623887198
2026-08-04,0.529,0.527,0.531,0.526,1427679800,753354930
2026-08-05,0.527,0.530,0.532,0.525,1697996800,899428583
2026-08-06,0.529,0.524,0.530,0.522,1870174408,981420381
2026-08-07,0.523,0.524,0.524,0.520,2668255791,1392387773
2026-08-10,0.525,0.525,0.528,0.524,1414971001,743991665
2026-08-11,0.525,0.522,0.528,0.522,1525103016,800057084
2026-08-12,0.522,0.524,0.526,0.520,1928308269,1008555177
2026-08-13,0.524,0.526,0.532,0.524,2267359739,1198361321
2026-08-14,0.525,0.520,0.528,0.519,2243098219,1170560364
2026-08-17,0.519,0.522,0.523,0.517,1487692257,774243103
2026-08-18,0.521,0.515,0.522,0.513,2063795100,1064485023
2026-08-19,0.514,0.509,0.517,0.507,1966732361,1004370738
2026-08-20,0.510,0.508,0.511,0.505,2077049867,1052993865
2026-08-21,0.508,0.508,0.510,0.505,1884114819,956304107
2026-08-24,0.508,0.510,0.513,0.507,2104816461,1073320239
2026-08-25,0.510,0.509,0.512,0.507,1257022500,640056004
2026-08-26,0.510,0.523,0.525,0.509,3146112122,1636695229
2026-08-27,0.522,0.529,0.530,0.521,2696897004,1418566671
2026-08-28,0.528,0.528,0.531,0.525,1686186706,890008020
2026-08-31,0.527,0.528,0.530,0.521,1890195627,992953813
2026-09-01,0.527,0.532,0.534,0.525,2052409532,1090287542
2026-09-02,0.530,0.521,0.530,0.521,1743431259,912268139
2026-09-03,0.522,0.526,0.531,0.521,1814421624,956627509
2026-09-04,0.527,0.528,0.535,0.527,2134123716,1134127693
2026-09-07,0.530,0.523,0.531,0.521,1750394906,916898749
2026-09-08,0.523,0.520,0.525,0.518,1554490600,809637655
2026-09-09,0.518,0.518,0.519,0.515,1412349604,730388593
2026-09-10,0.517,0.521,0.523,0.515,1603435390,833523752
2026-09-11,0.519,0.506,0.519,0.504,2639096566,1338459982
2026-09-14,0.504,0.503,0.505,0.501,1034495160,520738986
2026-09-15,0.504,0.501,0.505,0.500,1617061257,811380064
2026-09-16,0.501,0.503,0.506,0.496,1629686120,816636385
2026-09-17,0.501,0.499,0.504,0.498,1985482204,991674068
2026-09-18,0.501,0.505,0.507,0.500,1577433500,794895344
2026-09-21,0.506,0.510,0.512,0.505,1503294640,763229242
2026-09-22,0.512,0.511,0.515,0.510,1362237950,698086213
2026-09-23,0.511,0.510,0.513,0.508,1062146178,541563038
2026-09-24,0.508,0.501,0.508,0.499,1414178900,710375052
2026-09-28,0.499,0.490,0.500,0.489,2055915829,1012531174
2026-09-29,0.490,0.491,0.493,0.490,1315642616,646427984
2026-09-30,0.491,0.492,0.493,0.490,1058089703,520153899
