date,open,high,low,close,volume,turnover
2016-08-08,0.995,1.004,1.006,0.988,153492108,153164739
2016-08-09,1.002,1.012,1.016,1.002,45656067,46082947
2016-08-10,1.013,1.010,1.021,1.008,29543368,29975006
2016-08-11,1.010,1.014,1.029,1.009,37019624,37790066
2016-08-12,1.013,1.037,1.041,1.009,36498955,37355020
2016-08-15,1.044,1.097,1.132,1.040,108427801,117707931
2016-08-16,1.100,1.086,1.102,1.084,62083760,67776092
2016-08-17,1.095,1.080,1.106,1.072,40260190,43826593
2016-08-18,1.071,1.068,1.085,1.062,45597235,48873984
2016-08-19,1.068,1.068,1.073,1.060,36301312,38746370
2016-08-22,1.071,1.045,1.071,1.044,34605840,36569456
2016-08-23,1.048,1.056,1.062,1.044,24477575,25778161
2016-08-24,1.058,1.049,1.060,1.045,19764000,20780326
2016-08-25,1.045,1.054,1.058,1.038,24633332,25890452
2016-08-26,1.051,1.048,1.057,1.046,17801757,18724561
2016-08-29,1.048,1.049,1.053,1.042,12260053,12835434
2016-08-30,1.050,1.054,1.062,1.047,23384259,24691966
2016-08-31,1.051,1.061,1.067,1.050,27296587,28945104
2016-09-01,1.060,1.044,1.060,1.044,25067000,26393289
2016-09-02,1.041,1.051,1.063,1.039,23398195,24635967
2016-09-05,1.050,1.054,1.067,1.050,38431002,40671241
2016-09-06,1.053,1.057,1.060,1.040,25749077,27041171
2016-09-07,1.057,1.056,1.064,1.053,21027732,22267356
2016-09-08,1.055,1.054,1.057,1.050,14973145,15783936
2016-09-09,1.053,1.049,1.059,1.048,28409100,29982672
2016-09-12,1.040,1.023,1.040,1.011,42578338,43491163
2016-09-13,1.021,1.020,1.026,1.015,14943200,15221765
2016-09-14,1.015,1.012,1.018,1.009,13102200,13274348
2016-09-19,1.012,1.015,1.018,1.012,10762100,10918142
2016-09-20,1.015,1.013,1.016,1.010,23259931,23539946
2016-09-21,1.012,1.020,1.027,1.012,38803144,39474500
2016-09-22,1.026,1.020,1.029,1.020,15386044,15754393
2016-09-23,1.020,1.016,1.023,1.015,14765020,15052047
2016-09-26,1.016,0.998,1.016,0.996,20983120,21080177
2016-09-27,0.997,1.008,1.008,0.996,19371420,19416929
2016-09-28,1.006,1.002,1.008,1.002,6918844,6950766
2016-09-29,1.004,1.016,1.025,1.004,15085047,15329279
2016-09-30,1.014,1.017,1.018,1.012,12053971,12237644
2016-10-10,1.020,1.030,1.032,1.019,21597353,22168751
2016-10-11,1.029,1.032,1.035,1.027,14053201,14472926
2016-10-12,1.030,1.029,1.034,1.025,15680624,16159167
2016-10-13,1.027,1.030,1.034,1.026,13465500,13866866
2016-10-14,1.030,1.030,1.032,1.021,15834500,16238533
2016-10-17,1.030,1.013,1.032,1.013,14166035,14497419
2016-10-18,1.013,1.036,1.042,1.013,27449353,28215858
2016-10-19,1.037,1.032,1.039,1.030,14633300,15135889
2016-10-20,1.032,1.031,1.035,1.028,14964160,15430752
2016-10-21,1.029,1.035,1.047,1.028,21480556,22264784
2016-10-24,1.035,1.061,1.078,1.035,47401085,50354094
2016-10-25,1.060,1.054,1.060,1.050,10030579,10565683
2016-10-26,1.055,1.051,1.063,1.049,14251900,15025009
2016-10-27,1.049,1.053,1.054,1.047,19831205,20828317
2016-10-28,1.056,1.060,1.090,1.056,24529671,26369783
2016-10-31,1.055,1.060,1.065,1.042,16811311,17694036
2016-11-01,1.058,1.070,1.074,1.058,27260346,29110591
2016-11-02,1.067,1.064,1.083,1.063,18021672,19337187
2016-11-03,1.060,1.089,1.109,1.060,81183345,88598029
2016-11-04,1.088,1.083,1.098,1.080,16280694,17781190
2016-11-07,1.085,1.089,1.094,1.084,8455491,9202719
2016-11-08,1.095,1.091,1.106,1.089,14595913,15996541
2016-11-09,1.093,1.078,1.093,1.067,23586966,25395638
2016-11-10,1.090,1.095,1.105,1.087,30267507,33253742
2016-11-11,1.098,1.133,1.143,1.095,56521385,63486357
2016-11-14,1.130,1.142,1.170,1.124,69124807,79892319
2016-11-15,1.141,1.132,1.148,1.127,16890091,19217640
2016-11-16,1.138,1.140,1.142,1.126,27671088,31461495
2016-11-17,1.135,1.136,1.141,1.124,28057718,31798115
2016-11-18,1.130,1.119,1.133,1.114,29109000,32743143
2016-11-21,1.113,1.119,1.134,1.112,31463944,35488548
2016-11-22,1.124,1.135,1.141,1.124,22712227,25719705
2016-11-23,1.137,1.126,1.143,1.122,16324397,18482306
2016-11-24,1.124,1.137,1.153,1.123,35681731,40706223
2016-11-25,1.134,1.141,1.145,1.117,55584823,62944812
2016-11-28,1.156,1.136,1.156,1.135,26760123,30562693
2016-11-29,1.134,1.139,1.153,1.122,40098105,45528378
2016-11-30,1.136,1.130,1.151,1.126,21378326,24384075
2016-12-01,1.128,1.141,1.145,1.128,19292500,21941118
2016-12-02,1.141,1.119,1.143,1.116,23881300,26873102
2016-12-05,1.109,1.083,1.113,1.080,25532119,27850884
2016-12-06,1.082,1.082,1.089,1.079,16021020,17370985
2016-12-07,1.082,1.089,1.089,1.079,14914985,16179957
2016-12-08,1.091,1.078,1.091,1.077,14402600,15580062
2016-12-09,1.077,1.082,1.090,1.075,16332400,17689360
2016-12-12,1.079,1.051,1.083,1.045,24173185,25573401
2016-12-13,1.048,1.053,1.058,1.044,14025400,14765215
2016-12-14,1.055,1.041,1.055,1.040,11775200,12330893
2016-12-15,1.042,1.037,1.047,1.032,15161100,15742687
2016-12-16,1.038,1.037,1.043,1.034,11995500,12437164
2016-12-19,1.037,1.028,1.037,1.027,10260400,10561413
2016-12-20,1.028,1.030,1.033,1.023,12057500,12389437
2016-12-21,1.034,1.037,1.044,1.033,11384000,11829613
2016-12-22,1.038,1.032,1.038,1.029,10257300,10590625
2016-12-23,1.032,1.022,1.032,1.020,11811681,12084871
2016-12-26,1.021,1.033,1.035,1.011,12561297,12875513
2016-12-27,1.030,1.027,1.035,1.025,4960600,5111259
2016-12-28,1.027,1.025,1.031,1.022,8782913,9011484
2016-12-29,1.025,1.024,1.030,1.022,11453940,11747963
2016-12-30,1.027,1.027,1.030,1.020,11112232,11383583
2017-01-03,1.028,1.040,1.043,1.028,8804000,9135084
2017-01-04,1.038,1.044,1.045,1.036,9018400,9398174
2017-01-05,1.045,1.040,1.045,1.039,9841373,10244076
2017-01-06,1.042,1.030,1.042,1.028,9537600,9855754
2017-01-09,1.028,1.031,1.035,1.027,9804900,10113932
2017-01-10,1.032,1.033,1.039,1.030,9092680,9419041
2017-01-11,1.033,1.031,1.040,1.030,9132800,9442238
2017-01-12,1.028,1.032,1.039,1.027,10407500,10769423
2017-01-13,1.031,1.035,1.040,1.024,9514300,9827620
2017-01-16,1.030,1.031,1.037,1.011,17377100,17837389
2017-01-17,1.027,1.027,1.029,1.016,7869400,8052109
2017-01-18,1.026,1.026,1.033,1.023,13201700,13575457
2017-01-19,1.026,1.030,1.036,1.023,8986900,9247765
2017-01-20,1.030,1.039,1.040,1.028,12042800,12477033
2017-01-23,1.037,1.038,1.047,1.035,6428000,6681525
2017-01-24,1.040,1.033,1.040,1.033,5293600,5476622
2017-01-25,1.033,1.035,1.036,1.030,3500400,3617663
2017-01-26,1.037,1.041,1.042,1.036,3897400,4051308
2017-02-03,1.041,1.031,1.042,1.030,3059300,3165761
2017-02-06,1.032,1.031,1.035,1.029,8289300,8547266
2017-02-07,1.031,1.026,1.032,1.023,8296200,8512144
2017-02-08,1.027,1.045,1.048,1.020,22290600,23106952
2017-02-09,1.042,1.044,1.052,1.041,10142300,10612651
2017-02-10,1.046,1.050,1.057,1.042,9811700,10308158
2017-02-13,1.050,1.058,1.063,1.050,23711564,25090447
2017-02-14,1.058,1.056,1.061,1.052,17332664,18350492
2017-02-15,1.055,1.049,1.062,1.048,14346147,15135066
2017-02-16,1.048,1.059,1.062,1.045,9026047,9504261
2017-02-17,1.062,1.059,1.088,1.058,51725900,55679260
2017-02-20,1.054,1.067,1.068,1.052,12395578,13164538
2017-02-21,1.068,1.072,1.085,1.066,16322800,17579630
2017-02-22,1.074,1.069,1.074,0.965,10955400,11590887
2017-02-23,1.069,1.059,1.070,1.054,8705060,9244596
2017-02-24,1.058,1.063,1.065,1.056,6457160,6849026
2017-02-27,1.062,1.052,1.062,1.050,8196360,8657032
2017-02-28,1.051,1.052,1.057,1.050,6129500,6450677
2017-03-01,1.052,1.052,1.060,1.051,4019700,4239700
2017-03-02,1.055,1.051,1.067,1.050,6889600,7296201
2017-03-03,1.048,1.042,1.049,1.040,12093800,12615619
2017-03-06,1.042,1.051,1.051,1.040,8405000,8797222
2017-03-07,1.051,1.050,1.052,1.046,3600054,3777296
2017-03-08,1.051,1.047,1.054,1.045,5804500,6078445
2017-03-09,1.045,1.043,1.046,1.037,15424900,16053850
2017-03-10,1.042,1.039,1.045,1.038,2360900,2458331
2017-03-13,1.036,1.042,1.043,1.031,10424738,10827454
2017-03-14,1.042,1.041,1.047,1.039,11506938,11995641
2017-03-15,1.042,1.042,1.045,1.039,9002510,9370233
2017-03-16,1.044,1.063,1.063,1.041,18541410,19623987
2017-03-17,1.062,1.044,1.066,1.043,11651400,12278291
2017-03-20,1.043,1.037,1.047,1.033,9796791,10167434
2017-03-21,1.039,1.032,1.039,1.030,8294638,8570297
2017-03-22,1.029,1.017,1.030,1.016,18928900,19313515
2017-03-23,1.017,1.020,1.027,1.017,21894760,22397541
2017-03-24,1.020,1.035,1.040,1.018,16267324,16676583
2017-03-27,1.032,1.033,1.041,1.030,11976700,12400591
2017-03-28,1.032,1.028,1.033,1.026,7256491,7471974
2017-03-29,1.029,1.019,1.029,1.017,10208300,10437942
2017-03-30,1.020,1.016,1.023,1.013,11714773,11924330
2017-03-31,1.015,1.016,1.018,1.012,5899400,5985970
2017-04-05,1.018,1.031,1.032,1.016,11348100,11656842
2017-04-06,1.031,1.030,1.033,1.027,7028100,7238814
2017-04-07,1.030,1.033,1.035,1.027,6645089,6857884
2017-04-10,1.029,1.024,1.033,1.023,7547600,7745317
2017-04-11,1.022,1.024,1.027,1.011,14611400,14875799
2017-04-12,1.025,1.031,1.043,1.025,32807032,33978317
2017-04-13,1.030,1.028,1.032,1.026,9225732,9489483
2017-04-14,1.028,1.019,1.028,1.014,16165000,16490974
2017-04-17,1.017,1.018,1.021,1.007,14100400,14294432
2017-04-18,1.016,1.007,1.016,1.006,12639500,12771798
2017-04-19,1.007,0.999,1.007,0.993,19424700,19381273
2017-04-20,0.999,0.998,1.002,0.988,9581500,9524616
2017-04-21,0.998,1.005,1.007,0.994,12394700,12391747
2017-04-24,1.001,1.003,1.005,0.991,17047800,16985740
2017-04-25,1.001,0.997,1.004,0.997,7464500,7459126
2017-04-26,0.998,1.001,1.009,0.995,9018100,9039996
2017-04-27,0.998,0.998,1.001,0.990,7154500,7113297
2017-04-28,0.997,0.999,1.000,0.993,10986700,10950408
2017-05-02,1.000,0.992,1.000,0.991,5633500,5594779
2017-05-03,0.992,0.985,0.994,0.981,10591700,10457641
2017-05-04,0.983,0.977,0.983,0.975,11202534,10963374
2017-05-05,0.974,0.960,0.974,0.951,27122200,25990724
2017-05-08,0.955,0.958,0.962,0.944,29703134,28241892
2017-05-09,0.955,0.956,0.960,0.953,5937200,5679977
2017-05-10,0.956,0.949,0.958,0.946,12044200,11469358
2017-05-11,0.940,0.950,0.953,0.940,10704500,10095125
2017-05-12,0.949,0.960,0.968,0.947,11711100,11254302
2017-05-15,0.961,0.965,0.969,0.959,10736100,10359187
2017-05-16,0.964,0.970,0.970,0.957,9032900,8709682
2017-05-17,0.969,0.968,0.981,0.967,10691600,10400170
2017-05-18,0.964,0.960,0.966,0.956,10634000,10216207
2017-05-19,0.957,0.956,0.960,0.953,10748875,10277779
2017-05-22,0.955,0.942,0.955,0.937,20705400,19561588
2017-05-23,0.941,0.945,0.947,0.936,19316300,18189375
2017-05-24,0.944,0.949,0.950,0.938,9816200,9281786
2017-05-25,0.944,0.987,0.990,0.944,28820200,28030054
2017-05-26,0.983,0.984,0.994,0.980,12475400,12323892
2017-05-31,0.992,0.990,1.002,0.984,14981900,14868608
2017-06-01,0.990,0.985,0.995,0.981,12728200,12592865
2017-06-02,0.985,0.987,0.990,0.979,9047400,8904662
2017-06-05,0.989,0.982,0.989,0.979,9509700,9344247
2017-06-06,0.983,0.986,0.988,0.981,11108102,10921830
2017-06-07,0.986,0.995,0.997,0.984,25625502,25463468
2017-06-08,0.995,0.994,0.996,0.990,8283400,8225280
2017-06-09,0.993,0.990,1.002,0.987,13039835,12943881
2017-06-12,0.988,0.977,0.990,0.975,13048635,12824512
2017-06-13,0.976,0.982,0.987,0.973,8250800,8088390
2017-06-14,0.982,0.983,0.986,0.978,10739900,10560338
2017-06-15,0.982,0.993,0.997,0.981,19534800,19380325
2017-06-16,0.994,0.990,0.998,0.989,13469800,13391414
2017-06-19,0.990,1.008,1.012,0.988,26941300,27115548
2017-06-20,1.012,1.007,1.015,1.003,15660700,15815522
2017-06-21,1.019,1.008,1.025,1.003,14550600,14709483
2017-06-22,1.005,1.009,1.025,1.003,27716900,28177146
2017-06-23,1.008,1.007,1.008,0.995,13877600,13899047
2017-06-26,1.007,1.020,1.022,1.006,21751100,22111982
2017-06-27,1.019,1.018,1.021,1.015,12004200,12219621
2017-06-28,1.015,1.014,1.019,1.011,7183500,7287571
2017-06-29,1.015,1.012,1.018,1.010,7827400,7925873
2017-06-30,1.012,1.011,1.013,1.005,9423585,9521982
2017-07-03,1.011,1.007,1.013,1.003,9655800,9720894
2017-07-04,1.007,0.998,1.007,0.998,11147700,11167110
2017-07-05,0.999,1.006,1.007,0.998,11676000,11685643
2017-07-06,1.006,1.004,1.007,0.997,7588192,7599785
2017-07-07,1.004,1.017,1.020,0.995,24333600,24528260
2017-07-10,1.012,1.024,1.036,1.010,29924500,30725330
2017-07-11,1.025,1.028,1.041,1.023,31392092,32470436
2017-07-12,1.027,1.022,1.035,1.017,15485800,15900721
2017-07-13,1.025,1.041,1.043,1.022,25957400,26844635
2017-07-14,1.042,1.041,1.048,1.036,15187600,15822020
2017-07-17,1.040,1.011,1.045,1.011,32292300,33150057
2017-07-18,1.012,1.002,1.014,0.993,22143700,22222434
2017-07-19,1.004,1.065,1.068,0.999,52039556,53982755
2017-07-20,1.067,1.061,1.072,1.056,37384531,39754464
2017-07-21,1.055,1.054,1.067,1.048,17616400,18639967
2017-07-24,1.053,1.055,1.064,1.050,21291300,22507051
2017-07-25,1.056,1.044,1.064,1.042,11489000,12044632
2017-07-26,1.048,1.048,1.053,1.038,24356800,25410690
2017-07-27,1.049,1.056,1.062,1.034,28539000,29997343
2017-07-28,1.053,1.049,1.055,1.047,12214200,12822484
2017-07-31,1.049,1.055,1.062,1.041,26306100,27650211
2017-08-01,1.055,1.068,1.078,1.052,37215441,39781412
2017-08-02,1.069,1.075,1.090,1.065,41099332,44303489
2017-08-03,1.076,1.071,1.082,1.065,14635098,15729126
2017-08-04,1.068,1.074,1.092,1.064,25849730,27938588
2017-08-07,1.072,1.060,1.072,1.056,23196200,24664669
2017-08-08,1.060,1.064,1.072,1.051,35754100,37919666
2017-08-09,1.062,1.052,1.062,1.049,24312800,25603934
2017-08-10,1.051,1.054,1.063,1.042,32058600,33768657
2017-08-11,1.044,1.025,1.046,1.021,37630800,38962740
2017-08-14,1.024,1.042,1.044,1.023,22654900,23417537
2017-08-15,1.039,1.038,1.046,1.034,12165400,12648445
2017-08-16,1.036,1.039,1.044,1.032,10812500,11230440
2017-08-17,1.039,1.048,1.048,1.036,24834300,25888629
2017-08-18,1.042,1.039,1.046,1.036,21645900,22525822
2017-08-21,1.037,1.042,1.044,1.037,12570641,13079805
2017-08-22,1.044,1.042,1.050,1.037,21469400,22431529
2017-08-23,1.043,1.050,1.062,1.040,45769900,48212126
2017-08-24,1.050,1.036,1.052,1.035,24539541,25616653
2017-08-25,1.034,1.065,1.067,1.034,65606500,69288628
2017-08-28,1.068,1.127,1.137,1.068,94596620,105073436
2017-08-29,1.123,1.115,1.130,1.113,41914400,46929050
2017-08-30,1.115,1.116,1.144,1.113,70855700,80252131
2017-08-31,1.120,1.129,1.133,1.117,58484300,65862898
2017-09-01,1.130,1.136,1.142,1.128,32780500,37172835
2017-09-04,1.136,1.133,1.141,1.126,29251000,33114161
2017-09-05,1.132,1.131,1.141,1.128,23571500,26771713
2017-09-06,1.127,1.125,1.131,1.112,35737600,40035710
2017-09-07,1.124,1.114,1.135,1.111,32762700,36837948
2017-09-08,1.114,1.107,1.117,1.103,35473220,39348874
2017-09-11,1.103,1.110,1.117,1.102,28712720,31887478
2017-09-12,1.113,1.120,1.136,1.112,66110119,74415041
2017-09-13,1.119,1.117,1.124,1.112,17331132,19361055
2017-09-14,1.118,1.115,1.130,1.112,27703000,31048820
2017-09-15,1.113,1.118,1.124,1.106,46920000,52421809
2017-09-18,1.116,1.131,1.138,1.116,47041800,53182002
2017-09-19,1.134,1.114,1.134,1.109,28338000,31724439
2017-09-20,1.114,1.116,1.118,1.109,16164300,18009132
2017-09-21,1.116,1.114,1.129,1.113,25216700,28337783
2017-09-22,1.110,1.110,1.114,1.098,31412215,34730239
2017-09-25,1.108,1.102,1.108,1.098,19167620,21142061
2017-09-26,1.101,1.103,1.105,1.100,13508895,14904003
2017-09-27,1.103,1.101,1.106,1.101,13818600,15244418
2017-09-28,1.103,1.100,1.104,1.098,11665000,12837191
2017-09-29,1.102,1.112,1.119,1.101,21782400,24223417
2017-10-09,1.138,1.112,1.140,1.111,19500900,21861125
2017-10-10,1.113,1.111,1.115,1.100,21463800,23781525
2017-10-11,1.110,1.104,1.112,1.104,9837500,10897070
2017-10-12,1.104,1.100,1.109,1.098,15265100,16815064
2017-10-13,1.102,1.104,1.105,1.099,17156181,18911227
2017-10-16,1.104,1.096,1.111,1.095,25687800,28385944
2017-10-17,1.095,1.086,1.096,1.084,21640100,23548911
2017-10-18,1.088,1.085,1.092,1.083,18867500,20529087
2017-10-19,1.085,1.065,1.086,1.059,44880748,47953469
2017-10-20,1.063,1.067,1.068,1.061,12872748,13712054
2017-10-23,1.066,1.062,1.068,1.059,16734600,17767080
2017-10-24,1.061,1.071,1.074,1.060,35243200,37693445
2017-10-25,1.071,1.072,1.076,1.067,12098400,12967082
2017-10-26,1.070,1.076,1.087,1.068,29030100,31336681
2017-10-27,1.076,1.066,1.079,1.064,23121300,24774024
2017-10-30,1.065,1.041,1.065,1.027,66748553,69332441
2017-10-31,1.039,1.035,1.040,1.030,15782253,16330168
2017-11-01,1.034,1.029,1.043,1.028,35132300,36397802
2017-11-02,1.030,1.033,1.042,1.021,54762960,56492314
2017-11-03,1.030,1.031,1.032,1.021,41213119,42300950
2017-11-06,1.028,1.030,1.031,1.022,17005684,17454375
2017-11-07,1.030,1.044,1.048,1.029,45666500,47462749
2017-11-08,1.044,1.062,1.084,1.040,73245395,77999581
2017-11-09,1.061,1.064,1.068,1.057,12221100,12981523
2017-11-10,1.065,1.066,1.072,1.056,34336700,36525368
2017-11-13,1.065,1.060,1.077,1.059,25427884,27165542
2017-11-14,1.058,1.050,1.061,1.047,39358600,41456690
2017-11-15,1.050,1.046,1.055,1.043,24286500,25492486
2017-11-16,1.045,1.028,1.045,1.027,50715600,52536781
2017-11-17,1.029,1.036,1.039,1.020,71494900,73683104
2017-11-20,1.031,1.021,1.031,1.012,69834600,71240475
2017-11-21,1.024,1.062,1.076,1.022,206241300,218756936
2017-11-22,1.060,1.065,1.078,1.058,82609884,88203840
2017-11-23,1.065,1.040,1.079,1.036,44462100,47117083
2017-11-24,1.036,1.042,1.043,1.030,41044110,42468400
2017-11-27,1.039,1.040,1.050,1.031,83299247,86682714
2017-11-28,1.040,1.043,1.044,1.032,30952000,32096187
2017-11-29,1.043,1.041,1.044,1.027,43494500,45013374
2017-11-30,1.039,1.039,1.059,1.034,51115562,53576443
2017-12-01,1.038,1.036,1.045,1.034,43480400,45170115
2017-12-04,1.035,1.026,1.036,1.022,42418900,43580841
2017-12-05,1.024,1.036,1.041,1.024,70374200,72764943
2017-12-06,1.035,1.037,1.037,1.024,19759600,20343173
2017-12-07,1.034,1.022,1.036,1.021,36800200,37771957
2017-12-08,1.023,1.021,1.027,1.019,28824400,29463648
2017-12-11,1.021,1.023,1.025,1.017,45169500,46078723
2017-12-12,1.022,1.004,1.023,1.004,58915800,59656952
2017-12-13,1.004,1.006,1.010,0.999,33476700,33618204
2017-12-14,1.006,0.991,1.008,0.988,72698000,72266443
2017-12-15,0.990,0.982,0.991,0.979,59294600,58380668
2017-12-18,0.982,0.977,0.988,0.975,32302800,31645416
2017-12-19,0.981,0.980,0.984,0.978,40929000,40173763
2017-12-20,0.982,0.967,0.982,0.962,87133600,84518238
2017-12-21,0.967,0.973,0.980,0.960,71668900,69501215
2017-12-22,0.973,0.964,0.974,0.963,25082400,24307538
2017-12-25,0.964,0.951,0.966,0.950,42163600,40305051
2017-12-26,0.951,0.957,0.960,0.950,40472143,38641356
2017-12-27,0.958,0.947,0.958,0.944,31936609,30347131
2017-12-28,0.946,0.953,0.965,0.942,39446900,37673605
2017-12-29,0.954,0.953,0.958,0.950,32832500,31284758
2018-01-02,0.956,0.966,0.969,0.953,45872410,44187261
2018-01-03,0.967,0.981,0.986,0.965,59023210,57747307
2018-01-04,0.981,0.980,0.983,0.974,29521600,28876567
2018-01-05,0.978,0.983,0.990,0.975,43998310,43338652
2018-01-08,0.983,1.004,1.017,0.981,85643620,85728216
2018-01-09,1.003,0.996,1.009,0.993,37270810,37199837
2018-01-10,0.997,0.993,1.005,0.985,64368100,63942216
2018-01-11,0.991,0.989,0.992,0.983,40617200,40085901
2018-01-12,0.989,0.986,0.998,0.985,41740400,41351387
2018-01-15,0.987,0.970,0.988,0.969,66571700,65049917
2018-01-16,0.969,0.991,0.995,0.967,54058930,52818225
2018-01-17,0.998,1.027,1.052,0.997,200679124,206142702
2018-01-18,1.028,1.033,1.043,1.022,52498230,54323781
2018-01-19,1.030,1.061,1.077,1.030,93975800,99029698
2018-01-22,1.056,1.057,1.066,1.045,59195900,62362148
2018-01-23,1.062,1.061,1.072,1.051,78280900,83040588
2018-01-24,1.067,1.099,1.104,1.054,159088857,172401148
2018-01-25,1.091,1.077,1.095,1.076,75227872,81813415
2018-01-26,1.076,1.078,1.090,1.075,73054500,79121412
2018-01-29,1.081,1.060,1.087,1.057,69837192,74996995
2018-01-30,1.061,1.046,1.066,1.044,49340400,52031235
2018-01-31,1.043,1.023,1.044,1.015,93257000,96194590
2018-02-01,1.025,1.013,1.031,1.000,77087100,78460234
2018-02-02,1.010,1.010,1.013,0.991,67617400,67790479
2018-02-05,0.994,1.014,1.020,0.991,55918900,56078445
2018-02-06,0.997,0.967,1.003,0.965,83623400,82714452
2018-02-07,0.984,0.956,0.990,0.954,90347188,87690823
2018-02-08,0.954,0.951,0.963,0.945,79462098,75741289
2018-02-09,0.931,0.881,0.935,0.868,143747800,129233837
2018-02-12,0.886,0.877,0.890,0.876,80250000,70805937
2018-02-13,0.886,0.887,0.903,0.885,84063252,75040588
2018-02-14,0.888,0.885,0.889,0.878,48295100,42670112
2018-02-22,0.895,0.893,0.901,0.889,60213900,53894134
2018-02-23,0.894,0.900,0.907,0.892,72330800,65122111
2018-02-26,0.906,0.921,0.929,0.897,88619200,81022106
2018-02-27,0.923,0.913,0.924,0.908,49713600,45438150
2018-02-28,0.902,0.906,0.919,0.894,115726800,105046962
2018-03-01,0.900,0.909,0.911,0.897,57826900,52437453
2018-03-02,0.902,0.900,0.910,0.899,58065400,52509484
2018-03-05,0.900,0.900,0.906,0.897,40693076,36664866
2018-03-06,0.906,0.918,0.923,0.902,113391476,103614116
2018-03-07,0.918,0.908,0.923,0.907,63234232,57902289
2018-03-08,0.910,0.911,0.915,0.907,33382900,30390870
2018-03-09,0.913,0.926,0.930,0.911,106561176,98075721
2018-03-12,0.934,0.941,0.947,0.929,94092600,88230691
2018-03-13,0.940,0.925,0.940,0.924,57717300,53766455
2018-03-14,0.920,0.918,0.929,0.917,48084200,44354488
2018-03-15,0.917,0.915,0.920,0.910,71174400,65061100
2018-03-16,0.915,0.904,0.921,0.904,72365100,66119075
2018-03-19,0.906,0.905,0.912,0.899,48696400,44101830
2018-03-20,0.898,0.904,0.908,0.896,56883900,51233291
2018-03-21,0.906,0.908,0.928,0.905,127467400,117024858
2018-03-22,0.908,0.906,0.920,0.904,75155500,68568216
2018-03-23,0.880,0.856,0.886,0.843,153828700,133674312
2018-03-26,0.849,0.863,0.864,0.841,67737100,57730372
2018-03-27,0.872,0.875,0.879,0.868,64661300,56505789
2018-03-28,0.866,0.864,0.877,0.860,46203575,40161572
2018-03-29,0.870,0.885,0.887,0.865,71116400,62633436
2018-03-30,0.889,0.889,0.893,0.884,49982300,44401823
2018-04-02,0.893,0.900,0.916,0.889,96656999,87406107
2018-04-03,0.890,0.900,0.908,0.886,86287499,77415173
2018-04-04,0.902,0.891,0.911,0.891,67458399,60843814
2018-04-09,0.889,0.896,0.899,0.885,62757799,56047668
2018-04-10,0.899,0.912,0.915,0.896,97425900,88297643
2018-04-11,0.911,0.905,0.915,0.905,65994000,60007649
2018-04-12,0.906,0.899,0.914,0.897,72344000,65559375
2018-04-13,0.904,0.890,0.908,0.890,52561000,47155264
2018-04-16,0.885,0.870,0.890,0.869,79520800,69892358
2018-04-17,0.871,0.871,0.888,0.870,106751200,93804996
2018-04-18,0.880,0.882,0.885,0.872,73753500,64842981
2018-04-19,0.884,0.887,0.896,0.882,60140100,53503036
2018-04-20,0.886,0.858,0.886,0.857,84737700,73887706
2018-04-23,0.860,0.867,0.870,0.859,62493700,54020160
2018-04-24,0.867,0.890,0.890,0.867,84528300,74551304
2018-04-25,0.885,0.884,0.888,0.882,42290400,37427310
2018-04-26,0.885,0.866,0.888,0.864,49397100,43239839
2018-04-27,0.871,0.878,0.885,0.868,51471066,45163526
2018-05-02,0.889,0.882,0.893,0.879,58162700,51508530
2018-05-03,0.881,0.904,0.907,0.880,107051800,95916380
2018-05-04,0.903,0.896,0.905,0.895,70499900,63427943
2018-05-07,0.903,0.907,0.909,0.901,66748300,60412631
2018-05-08,0.908,0.912,0.912,0.901,77578600,70344784
2018-05-09,0.908,0.901,0.909,0.899,76516500,69054676
2018-05-10,0.903,0.906,0.907,0.899,76279100,68860800
2018-05-11,0.907,0.896,0.909,0.895,47744200,43003047
2018-05-14,0.896,0.898,0.904,0.896,42745200,38511510
2018-05-15,0.899,0.897,0.901,0.888,58862068,52572780
2018-05-16,0.893,0.886,0.894,0.885,68741668,61143100
2018-05-17,0.886,0.878,0.888,0.876,67482200,59563412
2018-05-18,0.879,0.889,0.890,0.878,65540427,57948308
2018-05-21,0.894,0.896,0.901,0.893,63785127,57186664
2018-05-22,0.897,0.889,0.897,0.884,88739092,78770631
2018-05-23,0.887,0.879,0.889,0.878,61673611,54484897
2018-05-24,0.880,0.872,0.882,0.871,54625700,47889127
2018-05-25,0.872,0.865,0.875,0.864,63072447,54824969
2018-05-28,0.865,0.864,0.870,0.860,52407832,45295898
2018-05-29,0.863,0.848,0.864,0.848,80615132,68874613
2018-05-30,0.841,0.819,0.843,0.817,126436300,105060562
2018-05-31,0.825,0.829,0.830,0.820,51071300,42162624
2018-06-01,0.826,0.834,0.844,0.822,85121710,70924704
2018-06-04,0.835,0.831,0.838,0.830,34024210,28350311
2018-06-05,0.832,0.835,0.835,0.823,68255032,56661083
2018-06-06,0.832,0.833,0.838,0.826,88821300,73829815
2018-06-07,0.836,0.838,0.851,0.834,102139832,86133981
2018-06-08,0.835,0.819,0.837,0.814,105201300,86528224
2018-06-11,0.816,0.822,0.826,0.814,46675900,38333819
2018-06-12,0.822,0.824,0.825,0.815,43609088,35835690
2018-06-13,0.822,0.810,0.823,0.810,64441200,52548254
2018-06-14,0.810,0.814,0.821,0.808,70101032,57108314
2018-06-15,0.814,0.807,0.818,0.804,87182915,70630932
2018-06-19,0.800,0.747,0.800,0.737,227387900,174661533
2018-06-20,0.746,0.747,0.754,0.733,106429100,79465253
2018-06-21,0.748,0.722,0.749,0.722,119473000,88021791
2018-06-22,0.720,0.734,0.735,0.716,89782100,65328165
2018-06-25,0.739,0.725,0.739,0.724,62588800,45867242
2018-06-26,0.717,0.732,0.736,0.716,55192673,40129449
2018-06-27,0.730,0.727,0.733,0.720,54559241,39603510
2018-06-28,0.726,0.734,0.752,0.724,100443041,74258488
2018-06-29,0.735,0.752,0.755,0.734,77975800,58171886
2018-07-02,0.750,0.733,0.750,0.726,93477300,69087181
2018-07-03,0.733,0.744,0.744,0.728,82223200,60569637
2018-07-04,0.743,0.733,0.743,0.731,57497700,42311616
2018-07-05,0.734,0.724,0.743,0.724,67540800,49467254
2018-07-06,0.724,0.732,0.742,0.712,118722600,86332072
2018-07-09,0.732,0.744,0.744,0.730,81779493,60528414
2018-07-10,0.745,0.743,0.746,0.737,60366800,44754386
2018-07-11,0.730,0.720,0.730,0.714,101918600,73672746
2018-07-12,0.722,0.741,0.746,0.720,112774600,83099906
2018-07-13,0.742,0.739,0.743,0.736,54103400,40027858
2018-07-16,0.743,0.737,0.744,0.734,59974900,44290411
2018-07-17,0.737,0.732,0.737,0.727,84735200,62057359
2018-07-18,0.733,0.727,0.738,0.726,57296100,41975495
2018-07-19,0.727,0.724,0.733,0.721,55108900,40012790
2018-07-20,0.723,0.746,0.750,0.721,132911200,97965660
2018-07-23,0.741,0.757,0.760,0.738,164094000,123208307
2018-07-24,0.756,0.771,0.780,0.755,152346700,117472571
2018-07-25,0.771,0.764,0.771,0.762,92107600,70493459
2018-07-26,0.765,0.760,0.769,0.757,58433700,44535889
2018-07-27,0.757,0.754,0.762,0.753,57100400,43199069
2018-07-30,0.754,0.750,0.760,0.747,71174500,53577921
2018-07-31,0.749,0.752,0.755,0.747,40698000,30545721
2018-08-01,0.753,0.737,0.760,0.735,68944400,51574288
2018-08-02,0.735,0.714,0.735,0.706,143698100,103236948
2018-08-03,0.713,0.708,0.719,0.707,53084934,37850652
2018-08-06,0.710,0.701,0.718,0.698,101481434,71779236
2018-08-07,0.702,0.721,0.722,0.700,80372034,57076555
2018-08-08,0.719,0.709,0.719,0.709,55653000,39748889
2018-08-09,0.709,0.724,0.726,0.707,70782500,51019710
2018-08-10,0.722,0.724,0.726,0.717,37966800,27415488
2018-08-13,0.717,0.721,0.722,0.710,89218500,63860047
2018-08-14,0.718,0.716,0.721,0.715,45350000,32535707
2018-08-15,0.717,0.703,0.718,0.703,70933200,50335322
2018-08-16,0.698,0.711,0.722,0.694,126044678,89330306
2018-08-17,0.715,0.704,0.719,0.702,71722034,51092792
2018-08-20,0.705,0.714,0.715,0.703,49607000,35229451
2018-08-21,0.715,0.720,0.723,0.712,63175300,45430597
2018-08-22,0.719,0.716,0.719,0.714,31593800,22631503
2018-08-23,0.716,0.722,0.727,0.712,61082800,43966054
2018-08-24,0.720,0.725,0.732,0.716,55422500,40142100
2018-08-27,0.726,0.735,0.736,0.725,65603400,47995658
2018-08-28,0.734,0.732,0.737,0.729,51089600,37406903
2018-08-29,0.730,0.726,0.731,0.724,58936500,42840036
2018-08-30,0.724,0.717,0.728,0.716,62262100,44913366
2018-08-31,0.716,0.717,0.722,0.714,55975200,40199325
2018-09-03,0.717,0.717,0.719,0.710,48576200,34717884
2018-09-04,0.717,0.723,0.725,0.713,119764400,86308289
2018-09-05,0.721,0.712,0.722,0.711,74087000,53168364
2018-09-06,0.710,0.709,0.715,0.708,44840400,31884711
2018-09-07,0.710,0.711,0.719,0.707,67804000,48255759
2018-09-10,0.708,0.688,0.709,0.688,122783100,85481195
2018-09-11,0.689,0.692,0.696,0.687,72043132,49777195
2018-09-12,0.691,0.695,0.701,0.690,94639900,65882448
2018-09-13,0.701,0.704,0.706,0.697,63402300,44465331
2018-09-14,0.706,0.700,0.707,0.699,73505885,51629519
2018-09-17,0.697,0.698,0.703,0.695,40994227,28665932
2018-09-18,0.699,0.711,0.712,0.697,86292542,60845890
2018-09-19,0.710,0.716,0.721,0.709,74681974,53426215
2018-09-20,0.717,0.715,0.720,0.713,47769148,34210066
2018-09-21,0.715,0.732,0.732,0.712,85411526,61767900
2018-09-25,0.724,0.724,0.727,0.720,55150206,39887525
2018-09-26,0.725,0.726,0.735,0.722,95100800,69321254
2018-09-27,0.724,0.722,0.727,0.721,41987500,30383337
2018-09-28,0.723,0.729,0.731,0.723,78842580,57368339
2018-10-08,0.717,0.702,0.720,0.700,104569328,74276481
2018-10-09,0.702,0.700,0.706,0.698,58273700,40883524
2018-10-10,0.700,0.702,0.705,0.698,47513000,33339915
2018-10-11,0.687,0.649,0.687,0.644,215828231,144103388
2018-10-12,0.649,0.640,0.650,0.631,202300500,129711009
2018-10-15,0.642,0.631,0.646,0.630,105596000,67478772
2018-10-16,0.633,0.624,0.642,0.622,102981200,65070704
2018-10-17,0.633,0.633,0.637,0.622,95289400,60143336
2018-10-18,0.632,0.623,0.634,0.622,108305700,68024040
2018-10-19,0.613,0.641,0.645,0.613,149419900,94428894
2018-10-22,0.651,0.705,0.705,0.651,270374908,185152991
2018-10-23,0.734,0.706,0.738,0.697,333156074,240465085
2018-10-24,0.693,0.722,0.743,0.692,293982504,211431335
2018-10-25,0.696,0.750,0.752,0.693,346162086,251360103
2018-10-26,0.751,0.730,0.752,0.725,243175610,179438086
2018-10-29,0.729,0.723,0.741,0.717,143721100,104869619
2018-10-30,0.723,0.761,0.778,0.714,310666100,232997582
2018-10-31,0.754,0.752,0.763,0.739,238508179,179184196
2018-11-01,0.758,0.759,0.799,0.756,335566472,260738534
2018-11-02,0.782,0.778,0.796,0.763,231941590,179708413
2018-11-05,0.773,0.778,0.781,0.762,241538500,187222106
2018-11-06,0.775,0.771,0.788,0.764,246025590,190633231
2018-11-07,0.768,0.759,0.770,0.755,208600279,158976096
2018-11-08,0.765,0.744,0.768,0.743,263038700,198518890
2018-11-09,0.741,0.745,0.755,0.739,150919470,112949153
2018-11-12,0.748,0.759,0.761,0.744,149214555,112512770
2018-11-13,0.750,0.781,0.794,0.749,360448807,278191534
2018-11-14,0.776,0.767,0.784,0.765,331307430,256208210
2018-11-15,0.766,0.790,0.792,0.765,346050511,270261797
2018-11-16,0.791,0.810,0.828,0.787,505851950,409110194
2018-11-19,0.804,0.834,0.842,0.804,480735592,396757713
2018-11-20,0.826,0.795,0.834,0.794,302727069,246430183
2018-11-21,0.788,0.798,0.805,0.782,491227413,390558501
2018-11-22,0.801,0.789,0.803,0.777,249348013,196866406
2018-11-23,0.789,0.764,0.797,0.760,264053109,205077241
2018-11-26,0.764,0.761,0.773,0.754,172796300,131990166
2018-11-27,0.766,0.765,0.772,0.757,167524270,128267909
2018-11-28,0.761,0.785,0.786,0.759,343660600,266781267
2018-11-29,0.788,0.759,0.794,0.756,264783600,205558871
2018-11-30,0.755,0.769,0.772,0.748,242846427,184155160
2018-12-03,0.804,0.794,0.812,0.788,435234868,347694343
2018-12-04,0.790,0.798,0.800,0.787,195846347,155778436
2018-12-05,0.786,0.791,0.798,0.784,210420068,166385664
2018-12-06,0.781,0.768,0.782,0.765,225642615,174448251
2018-12-07,0.773,0.771,0.778,0.769,142273800,110049525
2018-12-10,0.765,0.760,0.768,0.755,139176063,105920294
2018-12-11,0.763,0.764,0.766,0.758,100248733,76318088
2018-12-12,0.767,0.766,0.777,0.764,154668833,119009638
2018-12-13,0.767,0.775,0.783,0.760,189591623,146497010
2018-12-14,0.772,0.752,0.774,0.751,181094300,137810487
2018-12-17,0.751,0.757,0.759,0.745,158067368,118937793
2018-12-18,0.753,0.742,0.758,0.740,202848200,151304000
2018-12-19,0.745,0.736,0.747,0.735,113786500,84345505
2018-12-20,0.735,0.743,0.748,0.730,285979098,211873555
2018-12-21,0.740,0.729,0.742,0.723,191643300,140340350
2018-12-24,0.727,0.725,0.733,0.720,136930600,99253362
2018-12-25,0.717,0.708,0.717,0.695,184594900,130024370
2018-12-26,0.707,0.703,0.712,0.700,87383215,61613072
2018-12-27,0.716,0.700,0.717,0.700,124098600,88248266
2018-12-28,0.705,0.717,0.725,0.705,208270353,149126448
2019-01-02,0.719,0.714,0.719,0.708,97459200,69475072
2019-01-03,0.712,0.729,0.745,0.712,231008800,169554867
2019-01-04,0.722,0.784,0.795,0.722,649016408,496076660
2019-01-07,0.784,0.781,0.791,0.774,467941765,365839569
2019-01-08,0.779,0.782,0.794,0.771,300431625,235469364
2019-01-09,0.785,0.786,0.799,0.780,430922305,339932258
2019-01-10,0.785,0.773,0.788,0.771,293292721,228938895
2019-01-11,0.775,0.779,0.788,0.772,288377521,224598752
2019-01-14,0.785,0.777,0.788,0.775,137840391,107577864
2019-01-15,0.777,0.798,0.803,0.776,362328131,286610002
2019-01-16,0.797,0.789,0.798,0.785,206989260,163763157
2019-01-17,0.791,0.781,0.796,0.780,193915464,152552250
2019-01-18,0.782,0.791,0.793,0.780,149039300,117298418
2019-01-21,0.792,0.787,0.798,0.782,247123423,195210961
2019-01-22,0.783,0.774,0.788,0.772,159001900,124081647
2019-01-23,0.773,0.773,0.779,0.770,108533300,84068599
2019-01-24,0.775,0.786,0.795,0.774,273148000,214544813
2019-01-25,0.784,0.785,0.792,0.783,186449800,146753981
2019-01-28,0.791,0.780,0.800,0.777,219571558,173157502
2019-01-29,0.778,0.774,0.780,0.760,217151449,167442772
2019-01-30,0.770,0.764,0.776,0.763,143924700,111079807
2019-01-31,0.768,0.773,0.782,0.767,253447546,196166478
2019-02-01,0.784,0.794,0.795,0.782,272367981,215111032
2019-02-11,0.797,0.808,0.809,0.786,223231756,178565297
2019-02-12,0.807,0.814,0.819,0.801,232790056,188804145
2019-02-13,0.813,0.841,0.843,0.807,521779400,433439198
2019-02-14,0.838,0.840,0.845,0.832,316094600,265145655
2019-02-15,0.835,0.820,0.840,0.817,405842991,336945439
2019-02-18,0.829,0.868,0.871,0.829,576965500,490778360
2019-02-19,0.872,0.875,0.902,0.862,838405061,738486913
2019-02-20,0.874,0.878,0.888,0.866,513622474,449657097
2019-02-21,0.873,0.883,0.917,0.866,705490118,628323358
2019-02-22,0.891,0.971,0.971,0.880,1192371086,1101853001
2019-02-25,1.022,1.068,1.068,1.002,1417410138,1471834709
2019-02-26,1.085,1.044,1.119,1.040,1738491617,1879980765
2019-02-27,1.035,1.036,1.073,1.010,1149234983,1197522958
2019-02-28,1.027,1.004,1.029,0.990,1066938272,1074781201
2019-03-01,1.013,1.038,1.047,0.997,1053956538,1078977682
2019-03-04,1.050,1.044,1.101,1.018,1221807768,1286268222
2019-03-05,1.028,1.043,1.048,1.025,675774389,699952200
2019-03-06,1.045,1.102,1.129,1.040,1125440860,1204920416
2019-03-07,1.111,1.153,1.185,1.090,1340284179,1514270793
2019-03-08,1.080,1.040,1.113,1.039,1364251344,1473995167
2019-03-11,1.041,1.056,1.075,1.015,1075224256,1125528197
2019-03-12,1.067,1.071,1.098,1.057,981797869,1058867436
2019-03-13,1.071,1.050,1.076,1.036,849551172,897105981
2019-03-14,1.038,1.014,1.057,1.003,858049953,884080941
2019-03-15,1.026,1.029,1.048,1.015,755904147,779821913
2019-03-18,1.029,1.054,1.056,1.008,746204716,770066753
2019-03-19,1.055,1.042,1.059,1.036,567694881,595419790
2019-03-20,1.039,1.061,1.071,1.034,826397600,871116983
2019-03-21,1.062,1.071,1.099,1.049,992549422,1068137494
2019-03-22,1.067,1.061,1.076,1.042,734014027,776872465
2019-03-25,1.040,1.022,1.054,1.018,631737266,655205868
2019-03-26,1.029,0.989,1.032,0.983,870977884,876724285
2019-03-27,0.999,0.995,1.006,0.986,700439356,697980994
2019-03-28,0.987,0.988,1.009,0.977,679374338,674542666
2019-03-29,0.992,1.077,1.080,0.991,1379225097,1431120516
2019-04-01,1.079,1.088,1.106,1.058,1429697323,1546531575
2019-04-02,1.090,1.081,1.111,1.075,1024640866,1121574310
2019-04-03,1.075,1.136,1.142,1.069,1516277214,1675691855
2019-04-04,1.141,1.138,1.151,1.120,1114083973,1264494992
2019-04-08,1.145,1.114,1.153,1.092,1025025633,1148432607
2019-04-09,1.110,1.113,1.128,1.090,827732007,917698045
2019-04-10,1.111,1.094,1.117,1.071,1012882975,1104459515
2019-04-11,1.088,1.073,1.095,1.070,728909051,788169339
2019-04-12,1.070,1.077,1.089,1.067,702628915,756942820
2019-04-15,1.101,1.053,1.108,1.050,742338525,802661705
2019-04-16,1.045,1.082,1.083,1.032,970020644,1027294673
2019-04-17,1.076,1.074,1.086,1.069,561670834,604780092
2019-04-18,1.071,1.065,1.081,1.062,365859824,392033205
2019-04-19,1.069,1.080,1.085,1.064,512105069,550627795
2019-04-22,1.092,1.052,1.096,1.048,592416443,632076743
2019-04-23,1.047,1.059,1.083,1.042,642089530,682452674
2019-04-24,1.058,1.069,1.072,1.052,517370209,550544266
2019-04-25,1.064,1.036,1.080,1.035,682368186,723234834
2019-04-26,1.030,1.045,1.061,1.028,759932037,794509995
2019-04-29,1.043,1.000,1.045,0.996,1308209059,1322417310
2019-04-30,1.001,1.004,1.013,0.999,449031791,451590097
2019-05-06,0.952,0.905,0.966,0.904,972255678,908331781
2019-05-07,0.916,0.923,0.928,0.895,809280913,740937981
2019-05-08,0.905,0.910,0.926,0.898,540320592,492623301
2019-05-09,0.900,0.896,0.916,0.896,563096176,508948561
2019-05-10,0.911,0.938,0.940,0.895,978905213,905979980
2019-05-13,0.921,0.916,0.927,0.912,351290680,323149298
2019-05-14,0.907,0.907,0.925,0.905,433085405,396089048
2019-05-15,0.915,0.921,0.925,0.912,431194909,396019285
2019-05-16,0.918,0.925,0.926,0.913,337413914,310673197
2019-05-17,0.925,0.885,0.930,0.877,708300219,637619462
2019-05-20,0.881,0.893,0.905,0.876,535848721,476543795
2019-05-21,0.890,0.906,0.915,0.889,425739983,385048088
2019-05-22,0.908,0.896,0.910,0.891,295694270,266263870
2019-05-23,0.891,0.894,0.911,0.887,415671287,373539037
2019-05-24,0.894,0.894,0.904,0.890,250437196,224689345
2019-05-27,0.894,0.920,0.924,0.890,621177351,566286019
2019-05-28,0.916,0.916,0.929,0.910,421097313,386558480
2019-05-29,0.912,0.917,0.928,0.910,374740400,344035100
2019-05-30,0.912,0.904,0.913,0.897,387306593,349531552
2019-05-31,0.902,0.899,0.911,0.899,318869300,288390231
2019-06-03,0.906,0.899,0.918,0.896,413632114,374508424
2019-06-04,0.898,0.895,0.900,0.890,345870600,309612183
2019-06-05,0.906,0.904,0.916,0.900,501089530,454668581
2019-06-06,0.902,0.895,0.911,0.893,481250495,434315437
2019-06-10,0.895,0.883,0.897,0.864,535301313,470538036
2019-06-11,0.883,0.931,0.933,0.882,1008049124,921812857
2019-06-12,0.925,0.916,0.932,0.916,514311441,474080926
2019-06-13,0.917,0.925,0.932,0.915,552263164,510403894
2019-06-14,0.924,0.906,0.929,0.905,436285446,400189858
2019-06-17,0.906,0.912,0.917,0.904,322198942,293756442
2019-06-18,0.913,0.912,0.916,0.901,306301699,278710797
2019-06-19,0.965,0.931,0.976,0.930,991921491,941940389
2019-06-20,0.931,0.988,1.008,0.928,1554212041,1510640498
2019-06-21,0.997,1.001,1.011,0.989,1148073386,1149195925
2019-06-24,1.015,0.998,1.017,0.993,636824981,639262634
2019-06-25,0.995,0.999,1.006,0.971,946220415,937835825
2019-06-26,0.980,0.978,0.989,0.971,546230362,535390113
2019-06-27,0.983,0.991,1.009,0.982,864776106,861928666
2019-06-28,0.990,0.990,0.995,0.980,585660210,578135284
2019-07-01,1.021,1.012,1.025,1.007,917644019,930700748
2019-07-02,1.011,1.002,1.011,0.999,521904344,523520951
2019-07-03,0.999,0.984,0.999,0.979,630093742,620757508
2019-07-04,0.984,0.985,0.998,0.978,466509188,460218579
2019-07-05,0.985,0.985,0.989,0.977,405680653,398870170
2019-07-08,0.980,0.958,0.984,0.951,683076704,661082614
2019-07-09,0.959,0.965,0.969,0.950,506070986,485977523
2019-07-10,0.968,0.963,0.975,0.959,399052592,385762748
2019-07-11,0.968,0.964,0.979,0.955,486094601,470663434
2019-07-12,0.962,0.968,0.972,0.955,414287598,400442436
2019-07-15,0.962,0.986,1.001,0.955,848487677,830434563
2019-07-16,0.982,0.983,0.988,0.980,339705237,334114957
2019-07-17,0.980,0.979,0.989,0.978,392782531,385740598
2019-07-18,0.973,0.967,0.975,0.966,381902540,370675733
2019-07-19,0.971,0.986,0.992,0.971,606231536,596064939
2019-07-22,0.990,0.965,0.993,0.963,607584701,590503176
2019-07-23,0.965,0.968,0.973,0.963,264294734,255827876
2019-07-24,0.973,0.977,0.986,0.972,436704348,427523526
2019-07-25,0.975,0.980,0.981,0.970,350297924,341820536
2019-07-26,0.975,0.976,0.978,0.972,308458958,300730551
2019-07-29,0.975,0.960,0.975,0.958,517236248,498424141
2019-07-30,0.962,0.970,0.980,0.961,594719535,577946289
2019-07-31,0.968,0.965,0.968,0.962,287922800,277652987
2019-08-01,0.960,0.951,0.964,0.950,508390909,485490722
2019-08-02,0.926,0.923,0.931,0.917,685041862,632849319
2019-08-05,0.917,0.904,0.924,0.903,561513515,512589484
2019-08-06,0.885,0.897,0.908,0.871,1051954000,934000802
2019-08-07,0.899,0.883,0.901,0.882,418379849,372446868
2019-08-08,0.906,0.894,0.911,0.892,694936419,625534833
2019-08-09,0.900,0.884,0.901,0.883,448519605,400032731
2019-08-12,0.893,0.904,0.904,0.893,568291068,510657547
2019-08-13,0.895,0.893,0.896,0.890,280017687,250173853
2019-08-14,0.908,0.896,0.909,0.894,386663400,348935132
2019-08-15,0.877,0.893,0.896,0.871,570330238,503636796
2019-08-16,0.892,0.898,0.910,0.890,496031295,446733763
2019-08-19,0.910,0.960,0.961,0.905,1299469622,1213916371
2019-08-20,0.956,0.951,0.964,0.948,513292403,490442506
2019-08-21,0.949,0.948,0.955,0.945,294625508,279553034
2019-08-22,0.950,0.946,0.952,0.939,309099379,292086569
2019-08-23,0.946,0.942,0.956,0.938,438392949,414808683
2019-08-26,0.924,0.929,0.934,0.922,459761428,426554666
2019-08-27,0.934,0.944,0.961,0.932,601550451,570546724
2019-08-28,0.941,0.934,0.943,0.932,328334261,307287363
2019-08-29,0.935,0.928,0.936,0.927,292453100,272201301
2019-08-30,0.936,0.924,0.945,0.920,503635300,469435710
2019-09-02,0.924,0.944,0.949,0.924,644607462,605870710
2019-09-03,0.944,0.945,0.949,0.939,471010213,444369661
2019-09-04,0.944,0.964,0.969,0.942,911044661,872805450
2019-09-05,0.977,0.990,1.024,0.976,1428093090,1428798554
2019-09-06,1.000,0.999,1.005,0.988,711623222,708731366
2019-09-09,1.017,1.013,1.024,1.004,925447444,938761414
2019-09-10,1.011,1.014,1.023,0.996,768243476,774621051
2019-09-11,1.030,1.021,1.039,1.014,1061579923,1089939726
2019-09-12,1.026,1.037,1.039,1.015,653981951,672549149
2019-09-16,1.039,1.023,1.039,1.016,565565068,581237546
2019-09-17,1.016,0.993,1.019,0.990,865305406,867307497
2019-09-18,0.996,0.987,0.998,0.985,481729898,477317793
2019-09-19,0.991,0.994,0.995,0.983,464751604,459848306
2019-09-20,0.993,0.986,0.994,0.980,577467500,570160088
2019-09-23,0.981,0.973,0.981,0.967,653733050,635480364
2019-09-24,0.976,0.976,0.989,0.970,651416653,637745796
2019-09-25,0.970,0.970,0.980,0.965,561470102,545317342
2019-09-26,0.973,0.957,0.977,0.955,702996119,678606714
2019-09-27,0.957,0.962,0.964,0.955,437348878,419696683
2019-09-30,0.961,0.941,0.963,0.940,455860000,434292989
2019-10-08,0.941,0.934,0.946,0.931,408999765,383840788
2019-10-09,0.929,0.936,0.937,0.924,410476333,382056154
2019-10-10,0.937,0.944,0.945,0.934,466923101,439519565
2019-10-11,0.946,0.960,0.968,0.938,900009459,859113227
2019-10-14,0.975,0.975,0.989,0.968,957999621,937950874
2019-10-15,0.973,0.964,0.974,0.962,346196414,334445858
2019-10-16,0.967,0.957,0.976,0.956,446358669,430987601
2019-10-17,0.956,0.955,0.963,0.950,325070073,310749977
2019-10-18,0.956,0.932,0.957,0.931,671704750,632967135
2019-10-21,0.926,0.923,0.926,0.913,534452615,491511652
2019-10-22,0.925,0.928,0.930,0.920,370395231,342695786
2019-10-23,0.929,0.919,0.932,0.919,323452086,299005380
2019-10-24,0.921,0.925,0.932,0.918,441969554,408825284
2019-10-25,0.924,0.937,0.937,0.920,613148635,569940839
2019-10-28,0.941,0.950,0.953,0.934,609178059,575078729
2019-10-29,0.948,0.931,0.949,0.930,550724307,516656249
2019-10-30,0.927,0.921,0.931,0.919,525670621,485646584
2019-10-31,0.922,0.920,0.928,0.918,363350672,335070781
2019-11-01,0.919,0.933,0.936,0.916,557073732,516693911
2019-11-04,0.934,0.934,0.941,0.931,478726565,447980308
2019-11-05,0.936,0.947,0.955,0.934,962885981,911281761
2019-11-06,0.947,0.937,0.947,0.934,425202055,400009106
2019-11-07,0.935,0.941,0.947,0.934,597131531,561636896
2019-11-08,0.949,0.928,0.952,0.928,711932026,669532327
2019-11-11,0.926,0.911,0.926,0.910,807611900,741741087
2019-11-12,0.911,0.913,0.916,0.906,446287099,406612460
2019-11-13,0.910,0.905,0.912,0.902,417267454,378335376
2019-11-14,0.905,0.907,0.912,0.902,462245913,419051772
2019-11-15,0.905,0.896,0.909,0.895,566535210,510280327
2019-11-18,0.894,0.907,0.910,0.893,562639436,509231092
2019-11-19,0.905,0.914,0.915,0.905,532599398,484629617
2019-11-20,0.912,0.900,0.913,0.898,497905492,451244374
2019-11-21,0.895,0.900,0.904,0.893,430347029,387247459
2019-11-22,0.901,0.899,0.910,0.894,525415438,473528190
2019-11-25,0.898,0.903,0.904,0.893,376390484,338156069
2019-11-26,0.904,0.899,0.906,0.897,273885289,246578993
2019-11-27,0.898,0.895,0.900,0.894,304388300,272784403
2019-11-28,0.894,0.895,0.899,0.892,296155726,265008550
2019-11-29,0.894,0.898,0.904,0.893,469923500,422335845
2019-12-02,0.911,0.904,0.916,0.904,666385237,606297877
2019-12-03,0.900,0.910,0.910,0.898,478587213,432883890
2019-12-04,0.905,0.907,0.908,0.903,324270164,293653978
2019-12-05,0.910,0.921,0.923,0.910,855951052,785402346
2019-12-06,0.922,0.926,0.927,0.917,543803117,501622800
2019-12-09,0.929,0.924,0.930,0.922,411545597,380804624
2019-12-10,0.921,0.923,0.925,0.916,365133027,336197447
2019-12-11,0.925,0.924,0.933,0.920,577551150,534754497
2019-12-12,0.923,0.919,0.925,0.917,443039383,408012277
2019-12-13,0.933,0.957,0.963,0.930,1778612812,1678364001
2019-12-16,0.957,0.969,0.976,0.948,1513889812,1455029483
2019-12-17,0.970,0.999,1.026,0.965,1896030522,1885222035
2019-12-18,0.997,0.998,1.015,0.993,1457653754,1463243621
2019-12-19,0.996,0.993,1.002,0.987,1073191184,1066912796
2019-12-20,0.997,1.000,1.021,0.995,1678102072,1691121090
2019-12-23,0.997,0.972,1.010,0.970,1442284273,1429068874
2019-12-24,0.975,0.983,0.984,0.970,848032406,828122521
2019-12-25,0.977,0.985,0.996,0.973,942237371,925893091
2019-12-26,0.984,1.008,1.010,0.982,1223128006,1215654442
2019-12-27,1.010,0.989,1.024,0.987,1558966648,1573271367
2019-12-30,0.983,1.046,1.054,0.980,2219702870,2272345371
2019-12-31,1.041,1.040,1.050,1.031,1315452754,1369125300
2020-01-02,1.061,1.049,1.067,1.045,1395811390,1474289709
2020-01-03,1.047,1.045,1.057,1.040,1060671074,1111262359
2020-01-06,1.037,1.045,1.068,1.032,1328032835,1391825750
2020-01-07,1.048,1.053,1.059,1.037,1099468288,1151244030
2020-01-08,1.043,1.021,1.043,1.017,1852387823,1910873885
2020-01-09,1.036,1.036,1.044,1.030,1071229099,1110250800
2020-01-10,1.052,1.038,1.055,1.030,1119346534,1167206439
2020-01-13,1.031,1.050,1.051,1.019,1627089539,1681039995
2020-01-14,1.051,1.036,1.054,1.035,1174246379,1228355471
2020-01-15,1.033,1.031,1.040,1.028,850667928,878638296
2020-01-16,1.034,1.026,1.034,1.025,671749447,691366396
2020-01-17,1.030,1.031,1.046,1.029,1180433639,1223348986
2020-01-20,1.031,1.046,1.048,1.026,1071849302,1113824300
2020-01-21,1.040,1.028,1.047,1.026,1115706898,1155100122
2020-01-22,1.020,1.035,1.042,1.003,1591216324,1625051351
2020-01-23,1.020,0.994,1.025,0.982,1767009605,1776972279
2020-02-03,0.895,0.895,0.899,0.895,873652000,782087956
2020-02-04,0.875,0.892,0.899,0.871,2764857798,2450376171
2020-02-05,0.896,0.905,0.928,0.888,2083951097,1887759211
2020-02-06,0.902,0.928,0.935,0.895,1929203568,1767315174
2020-02-07,0.920,0.929,0.935,0.917,1453968657,1346519490
2020-02-10,0.922,0.938,0.945,0.921,1371475760,1283555739
2020-02-11,0.945,0.937,0.959,0.936,1640557560,1550498946
2020-02-12,0.933,0.953,0.957,0.933,1331651293,1259504042
2020-02-13,0.950,0.937,0.957,0.933,1102893398,1039313776
2020-02-14,0.934,0.954,0.965,0.933,1745827711,1660758938
2020-02-17,0.980,1.004,1.007,0.970,2256825685,2224697191
2020-02-18,1.003,0.997,1.007,0.988,1354257879,1349768722
2020-02-19,0.996,0.999,1.020,0.993,1611729191,1625513594
2020-02-20,1.000,1.068,1.069,1.000,2646199005,2729011598
2020-02-21,1.066,1.064,1.097,1.047,3265784774,3493794533
2020-02-24,1.058,1.065,1.079,1.047,2123327338,2256141905
2020-02-25,1.048,1.073,1.076,1.021,2959501778,3113867280
2020-02-26,1.051,1.053,1.084,1.045,2254892741,2405857963
2020-02-27,1.059,1.055,1.077,1.046,1964112330,2083164799
2020-02-28,1.025,0.987,1.032,0.982,2767060174,2786168053
2020-03-02,1.001,1.036,1.045,0.991,2514581474,2567095422
2020-03-03,1.055,1.046,1.073,1.033,2119792138,2232646982
2020-03-04,1.040,1.075,1.076,1.037,2328516630,2461078052
2020-03-05,1.091,1.108,1.124,1.066,3314683934,3626344263
2020-03-06,1.088,1.067,1.093,1.066,2244218434,2418711723
2020-03-09,1.044,1.034,1.058,1.022,2468008036,2571034975
2020-03-10,1.038,1.068,1.073,1.023,2447777386,2572280686
2020-03-11,1.063,1.037,1.066,1.036,1489474588,1566761953
2020-03-12,1.021,1.025,1.037,1.013,1568893726,1607243615
2020-03-13,0.978,1.016,1.030,0.971,2422327525,2416869510
2020-03-16,1.015,0.959,1.018,0.955,2332997007,2307577250
2020-03-17,0.976,0.961,0.985,0.937,1622277122,1560814819
2020-03-18,0.964,0.930,0.975,0.929,1580257478,1511489078
2020-03-19,0.932,0.942,0.953,0.913,2305305914,2153130480
2020-03-20,0.949,0.954,0.955,0.933,1328574592,1256608159
2020-03-23,0.922,0.912,0.937,0.911,1365918133,1261825944
2020-03-24,0.931,0.936,0.937,0.909,1682349810,1555062081
2020-03-25,0.957,0.951,0.960,0.941,1951251657,1855620866
2020-03-26,0.943,0.934,0.948,0.933,953476718,897295176
2020-03-27,0.945,0.941,0.958,0.938,1414177289,1339380290
2020-03-30,0.925,0.932,0.936,0.920,891627871,826049492
2020-03-31,0.940,0.927,0.941,0.926,842917969,787476120
2020-04-01,0.922,0.922,0.940,0.921,972639732,904759855
2020-04-02,0.919,0.940,0.941,0.918,952760943,885461888
2020-04-03,0.934,0.926,0.936,0.923,699871976,650499614
2020-04-07,0.942,0.948,0.951,0.936,1615844533,1523455061
2020-04-08,0.941,0.943,0.948,0.938,719548407,677583077
2020-04-09,0.951,0.952,0.967,0.950,1543837561,1478626006
2020-04-10,0.954,0.939,0.956,0.937,981249408,927458063
2020-04-13,0.931,0.929,0.934,0.924,926786247,861427952
2020-04-14,0.935,0.954,0.965,0.931,1510585547,1429156199
2020-04-15,0.949,0.944,0.962,0.942,1063552988,1011927059
2020-04-16,0.938,0.952,0.963,0.937,1260409089,1201238109
2020-04-17,0.959,0.950,0.961,0.949,1019803559,974978712
2020-04-20,0.953,0.954,0.954,0.948,588391832,559693658
2020-04-21,0.949,0.936,0.949,0.931,851129227,798056073
2020-04-22,0.930,0.939,0.940,0.929,596631172,557488004
2020-04-23,0.939,0.931,0.940,0.930,573634837,535741111
2020-04-24,0.928,0.915,0.931,0.911,910533344,838012780
2020-04-27,0.915,0.913,0.923,0.911,679684510,623913317
2020-04-28,0.922,0.925,0.930,0.906,1211560098,1117234180
2020-04-29,0.918,0.926,0.931,0.917,776110407,718150783
2020-04-30,0.931,0.947,0.949,0.931,1428528411,1345201024
2020-05-06,0.931,0.950,0.950,0.930,1461013519,1370175587
2020-05-07,0.947,0.943,0.955,0.941,1027533110,973411529
2020-05-08,0.950,0.961,0.970,0.945,2015456970,1928812106
2020-05-11,0.963,0.954,0.966,0.947,1058147859,1013073934
2020-05-12,0.957,0.951,0.959,0.943,767664445,729571903
2020-05-13,0.945,0.951,0.954,0.943,739240366,701368995
2020-05-14,0.946,0.938,0.947,0.937,887031952,835855536
2020-05-15,0.944,0.940,0.947,0.939,753318335,710136139
2020-05-18,0.939,0.936,0.944,0.932,772686839,725127591
2020-05-19,0.945,0.941,0.946,0.938,819509501,771786631
2020-05-20,0.939,0.934,0.943,0.933,1009980393,946630506
2020-05-21,0.936,0.926,0.938,0.925,833233993,776419898
2020-05-22,0.925,0.905,0.926,0.903,1480161122,1351169867
2020-05-25,0.902,0.900,0.907,0.897,849744806,765743229
2020-05-26,0.904,0.909,0.910,0.903,768498421,696974225
2020-05-27,0.908,0.899,0.909,0.898,615587480,555789113
2020-05-28,0.900,0.911,0.923,0.900,1241020857,1131795303
2020-05-29,0.905,0.907,0.910,0.904,555545507,503887879
2020-06-01,0.930,0.946,0.950,0.924,2208864732,2070539522
2020-06-02,0.943,0.943,0.950,0.939,861550753,813101765
2020-06-03,0.946,0.934,0.950,0.932,984915203,927883114
2020-06-04,0.937,0.929,0.939,0.928,827289169,771419910
2020-06-05,0.930,0.939,0.940,0.924,1077597438,1004675947
2020-06-08,0.943,0.934,0.943,0.933,783743685,735176268
2020-06-09,0.935,0.943,0.951,0.934,1195506390,1128223842
2020-06-10,0.941,0.936,0.941,0.933,685912385,642376599
2020-06-11,0.936,0.930,0.949,0.930,1283265802,1203275353
2020-06-12,0.916,0.929,0.933,0.914,939077316,868254599
2020-06-15,0.930,0.927,0.948,0.926,1250434451,1172653440
2020-06-16,0.935,0.936,0.940,0.931,813295989,760507111
2020-06-17,0.936,0.933,0.937,0.927,844916273,787087167
2020-06-18,0.932,0.943,0.950,0.930,1234593240,1163027658
2020-06-19,0.943,0.975,0.985,0.941,2720016391,2620407630
2020-06-22,0.976,1.002,1.035,0.975,2560719435,2579231466
2020-06-23,0.997,1.010,1.012,0.990,1646125143,1649072934
2020-06-24,1.014,1.011,1.029,1.003,1280620485,1297149738
2020-06-29,0.998,0.979,1.002,0.974,2100662197,2067763767
2020-06-30,0.984,1.012,1.024,0.982,1908825652,1910686980
2020-07-01,1.010,1.031,1.032,1.005,1971459693,2008427029
2020-07-02,1.030,1.116,1.118,1.026,3600699936,3872691365
2020-07-03,1.128,1.228,1.228,1.115,4721688470,5455384112
2020-07-06,1.258,1.351,1.351,1.231,6394959542,8251578222
2020-07-07,1.355,1.280,1.357,1.251,6320843770,8195282220
2020-07-08,1.271,1.353,1.394,1.267,5186884549,6865287391
2020-07-09,1.339,1.360,1.395,1.319,4499221912,6115415111
2020-07-10,1.330,1.331,1.369,1.322,3199129393,4299294633
2020-07-13,1.315,1.351,1.386,1.306,3930240896,5285610302
2020-07-14,1.333,1.356,1.368,1.322,3121793264,4196685491
2020-07-15,1.371,1.315,1.384,1.310,2654490464,3565836849
2020-07-16,1.313,1.246,1.346,1.241,2968407113,3858485864
2020-07-17,1.258,1.207,1.268,1.188,3300846867,4037401639
2020-07-20,1.231,1.276,1.293,1.224,2674731453,3357120393
2020-07-21,1.275,1.254,1.281,1.243,1602875716,2017432326
2020-07-22,1.258,1.265,1.316,1.250,2856735471,3670697670
2020-07-23,1.244,1.270,1.278,1.230,2614832868,3282170334
2020-07-24,1.256,1.191,1.267,1.175,3051827106,3707800297
2020-07-27,1.193,1.188,1.201,1.163,1764860754,2089739822
2020-07-28,1.202,1.188,1.206,1.174,1458475005,1732905535
2020-07-29,1.183,1.236,1.242,1.179,2983875206,3647846056
2020-07-30,1.237,1.226,1.244,1.220,1518334664,1868512947
2020-07-31,1.223,1.245,1.268,1.222,2294373835,2856561033
2020-08-03,1.267,1.272,1.274,1.245,2156572857,2718176207
2020-08-04,1.272,1.264,1.290,1.258,1872547134,2379678280
2020-08-05,1.259,1.258,1.268,1.242,1296944613,1626930866
2020-08-06,1.259,1.302,1.318,1.235,2692316312,3412767172
2020-08-07,1.270,1.257,1.302,1.230,3317998037,4190951744
2020-08-10,1.242,1.271,1.299,1.237,3162122724,4023647335
2020-08-11,1.268,1.228,1.287,1.226,2124082988,2680755447
2020-08-12,1.221,1.221,1.236,1.197,1909527654,2324228813
2020-08-13,1.227,1.229,1.249,1.217,1347456607,1659217599
2020-08-14,1.221,1.249,1.250,1.218,1592953198,1967844402
2020-08-17,1.279,1.311,1.345,1.268,4635742441,6021798580
2020-08-18,1.302,1.301,1.320,1.291,1821623336,2375620086
2020-08-19,1.297,1.276,1.311,1.272,1725670372,2233035504
2020-08-20,1.265,1.253,1.272,1.250,1216911159,1532331632
2020-08-21,1.264,1.275,1.283,1.256,1253501742,1590641699
2020-08-24,1.279,1.266,1.285,1.263,1113150834,1413882525
2020-08-25,1.270,1.261,1.286,1.256,1274817434,1621716537
2020-08-26,1.256,1.229,1.264,1.226,1843869936,2287919306
2020-08-27,1.228,1.233,1.242,1.220,1232631855,1517523500
2020-08-28,1.231,1.269,1.273,1.228,1959036902,2454933640
2020-08-31,1.279,1.266,1.304,1.262,2205295224,2841107392
2020-09-01,1.258,1.272,1.273,1.253,935211590,1181153815
2020-09-02,1.276,1.268,1.283,1.251,1544957742,1959985462
2020-09-03,1.266,1.258,1.288,1.255,1280200453,1625445542
2020-09-04,1.237,1.246,1.251,1.234,1080437338,1344220319
2020-09-07,1.244,1.208,1.248,1.205,1432938618,1758041796
2020-09-08,1.211,1.231,1.241,1.202,1491494982,1821402177
2020-09-09,1.215,1.206,1.224,1.200,1267466015,1537395400
2020-09-10,1.216,1.182,1.218,1.178,1584363762,1902161669
2020-09-11,1.176,1.181,1.186,1.166,1025753775,1208021403
2020-09-14,1.188,1.182,1.190,1.174,805212278,951598939
2020-09-15,1.181,1.186,1.190,1.177,732331082,866977668
2020-09-16,1.186,1.181,1.198,1.176,954584448,1134147475
2020-09-17,1.179,1.170,1.185,1.160,1027704443,1203667146
2020-09-18,1.169,1.234,1.238,1.167,2471359287,2978255158
2020-09-21,1.264,1.225,1.270,1.225,2160225746,2687063418
2020-09-22,1.211,1.230,1.266,1.210,2058375364,2546657941
2020-09-23,1.228,1.218,1.235,1.216,994805002,1216067415
2020-09-24,1.210,1.204,1.227,1.203,1093271608,1325209464
2020-09-25,1.207,1.223,1.232,1.203,1678149332,2046925522
2020-09-28,1.216,1.221,1.229,1.214,1143290756,1397391329
2020-09-29,1.226,1.225,1.236,1.223,1134873484,1394310578
2020-09-30,1.227,1.208,1.229,1.200,1130222820,1373201386
2020-10-09,1.228,1.228,1.231,1.220,1028689972,1260997555
2020-10-12,1.237,1.277,1.279,1.235,2320803226,2931925814
2020-10-13,1.260,1.258,1.261,1.247,2074017650,2602227492
2020-10-14,1.256,1.243,1.257,1.238,1412581570,1759083258
2020-10-15,1.245,1.240,1.262,1.240,1156693382,1444906604
2020-10-16,1.244,1.247,1.252,1.239,1117103139,1391261989
2020-10-19,1.257,1.232,1.266,1.231,1621908290,2024964112
2020-10-20,1.228,1.234,1.235,1.216,1005670064,1233010531
2020-10-21,1.233,1.226,1.236,1.220,968557522,1187702100
2020-10-22,1.222,1.235,1.246,1.219,1171951025,1441887185
2020-10-23,1.233,1.215,1.242,1.214,1287847556,1585309238
2020-10-26,1.208,1.177,1.208,1.168,1888945813,2231791753
2020-10-27,1.172,1.174,1.177,1.164,1025011180,1200711419
2020-10-28,1.172,1.181,1.185,1.166,1020986601,1201213221
2020-10-29,1.168,1.191,1.201,1.166,1656394267,1960638335
2020-10-30,1.184,1.149,1.194,1.148,1585129643,1854581873
2020-11-02,1.150,1.146,1.174,1.130,1580824211,1820588522
2020-11-03,1.149,1.174,1.187,1.147,1686656342,1973669855
2020-11-04,1.173,1.168,1.178,1.157,1084007376,1265763536
2020-11-05,1.186,1.186,1.196,1.176,1649836969,1955591168
2020-11-06,1.187,1.190,1.203,1.180,1637832188,1950758750
2020-11-09,1.199,1.236,1.252,1.194,3063137660,3756280402
2020-11-10,1.238,1.216,1.240,1.211,1584916021,1942670348
2020-11-11,1.214,1.190,1.217,1.189,1215585667,1457998571
2020-11-12,1.190,1.184,1.199,1.182,889837375,1056291041
2020-11-13,1.180,1.172,1.180,1.163,1417435086,1658362216
2020-11-16,1.178,1.179,1.183,1.166,1058250008,1244367895
2020-11-17,1.177,1.181,1.181,1.163,1104643356,1294234964
2020-11-18,1.182,1.187,1.201,1.180,1597316106,1903054403
2020-11-19,1.177,1.188,1.193,1.161,1582945785,1863065742
2020-11-20,1.184,1.189,1.193,1.182,1249614805,1484247815
2020-11-23,1.185,1.212,1.232,1.178,3179759480,3842872322
2020-11-24,1.206,1.202,1.217,1.198,1498033140,1808296329
2020-11-25,1.211,1.183,1.218,1.181,1701948222,2042975068
2020-11-26,1.180,1.188,1.194,1.176,1175563870,1391872069
2020-11-27,1.189,1.214,1.216,1.186,1903054212,2283288207
2020-11-30,1.223,1.222,1.267,1.218,3904670428,4859629902
2020-12-01,1.218,1.268,1.277,1.213,3210386870,4000212516
2020-12-02,1.265,1.265,1.288,1.255,2474974970,3137928239
2020-12-03,1.260,1.267,1.279,1.253,1730785520,2190507051
2020-12-04,1.260,1.248,1.260,1.237,1847915942,2301647633
2020-12-07,1.247,1.223,1.248,1.223,1528699293,1885709119
2020-12-08,1.224,1.226,1.237,1.221,1295767459,1592058578
2020-12-09,1.228,1.187,1.234,1.182,2278442171,2757443199
2020-12-10,1.181,1.181,1.190,1.171,1707153017,2017179126
2020-12-11,1.181,1.167,1.183,1.155,2067066192,2415174697
2020-12-14,1.168,1.166,1.170,1.156,1320139682,1535467599
2020-12-15,1.163,1.169,1.173,1.156,1260410554,1466245565
2020-12-16,1.170,1.156,1.171,1.155,1261148486,1465754432
2020-12-17,1.155,1.187,1.190,1.148,2723227548,3188213527
2020-12-18,1.180,1.173,1.187,1.169,1316038425,1548762552
2020-12-21,1.173,1.185,1.189,1.163,1721188916,2027072463
2020-12-22,1.178,1.135,1.181,1.133,2648504440,3063397425
2020-12-23,1.138,1.144,1.152,1.131,1928682839,2200577864
2020-12-24,1.142,1.133,1.154,1.130,1548858666,1764043040
2020-12-25,1.130,1.147,1.154,1.123,2112946204,2411150149
2020-12-28,1.143,1.141,1.160,1.137,1770120509,2028391632
2020-12-29,1.145,1.147,1.168,1.143,2034598292,2349104686
2020-12-30,1.142,1.169,1.170,1.140,2208461648,2555877582
2020-12-31,1.180,1.222,1.232,1.180,4696784702,5690329374
2021-01-04,1.235,1.232,1.244,1.206,3081342309,3778916843
2021-01-05,1.221,1.229,1.242,1.207,2725415646,3338472731
2021-01-06,1.230,1.229,1.253,1.215,2423354642,2985447343
2021-01-07,1.232,1.241,1.242,1.205,2831725121,3475369371
2021-01-08,1.241,1.231,1.250,1.227,2478486774,3061578852
2021-01-11,1.237,1.202,1.243,1.201,2676947419,3271542471
2021-01-12,1.197,1.286,1.293,1.190,5416773171,6735155498
2021-01-13,1.280,1.253,1.290,1.245,3091178428,3918412773
2021-01-14,1.246,1.222,1.249,1.221,2575705994,3174153957
2021-01-15,1.220,1.221,1.244,1.211,2179418209,2672655805
2021-01-18,1.214,1.233,1.251,1.211,2378499800,2935220796
2021-01-19,1.230,1.231,1.255,1.223,2229012116,2756421035
2021-01-20,1.233,1.231,1.250,1.227,1942581404,2402153355
2021-01-21,1.236,1.251,1.273,1.230,3087930983,3861601696
2021-01-22,1.245,1.224,1.248,1.219,2752955180,3385143881
2021-01-25,1.225,1.215,1.236,1.211,2493263691,3045305528
2021-01-26,1.208,1.171,1.216,1.170,2730856343,3250342649
2021-01-27,1.172,1.174,1.184,1.169,1489957790,1752824788
2021-01-28,1.163,1.168,1.180,1.158,1977095944,2305440217
2021-01-29,1.174,1.156,1.177,1.138,1924930319,2228624799
2021-02-01,1.162,1.151,1.167,1.148,1484350230,1715843213
2021-02-02,1.152,1.153,1.154,1.138,2205787961,2527778725
2021-02-03,1.150,1.137,1.154,1.136,1847339137,2114109363
2021-02-04,1.132,1.109,1.132,1.097,2826605952,3150276570
2021-02-05,1.112,1.101,1.124,1.099,1880670382,2091163363
2021-02-08,1.104,1.102,1.113,1.087,1917088596,2110497802
2021-02-09,1.103,1.134,1.137,1.091,3081214332,3448025511
2021-02-10,1.130,1.133,1.139,1.123,1786641478,2019944484
2021-02-18,1.153,1.139,1.159,1.138,2196956708,2521484046
2021-02-19,1.134,1.162,1.163,1.131,1820450442,2086356235
2021-02-22,1.163,1.127,1.170,1.126,2552975602,2939421142
2021-02-23,1.123,1.123,1.140,1.116,1606562462,1812369114
2021-02-24,1.123,1.115,1.133,1.106,1801254287,2018709151
2021-02-25,1.120,1.116,1.132,1.110,1875486053,2104365208
2021-02-26,1.100,1.098,1.109,1.092,1827337071,2012423009
2021-03-01,1.099,1.090,1.100,1.081,1900106564,2064865509
2021-03-02,1.091,1.077,1.096,1.073,1665232428,1803906203
2021-03-03,1.075,1.097,1.097,1.073,2008929548,2185597588
2021-03-04,1.088,1.071,1.091,1.069,1832150546,1975135516
2021-03-05,1.063,1.093,1.102,1.062,2584591601,2813655138
2021-03-08,1.100,1.073,1.108,1.072,1835950189,2004935964
2021-03-09,1.073,1.045,1.077,1.037,1826401997,1930858107
2021-03-10,1.055,1.039,1.056,1.038,1171412848,1224092470
2021-03-11,1.040,1.056,1.057,1.039,1426259963,1497464518
2021-03-12,1.054,1.056,1.068,1.038,1981006616,2084501938
2021-03-15,1.046,1.032,1.046,1.029,1442472935,1495015488
2021-03-16,1.034,1.037,1.039,1.027,1062890705,1099562953
2021-03-17,1.034,1.039,1.045,1.032,1130361441,1173982329
2021-03-18,1.041,1.041,1.051,1.038,1048012951,1094127066
2021-03-19,1.031,1.030,1.035,1.026,1133604079,1168192243
2021-03-22,1.034,1.049,1.057,1.032,1459578674,1524607595
2021-03-23,1.046,1.054,1.064,1.039,1616098393,1698546295
2021-03-24,1.049,1.060,1.085,1.047,2136040371,2280818393
2021-03-25,1.052,1.051,1.064,1.050,931242461,982796836
2021-03-26,1.052,1.057,1.061,1.048,1100542437,1161811245
2021-03-29,1.056,1.056,1.067,1.052,1025905772,1085407256
2021-03-30,1.053,1.052,1.058,1.050,930568723,980287327
2021-03-31,1.051,1.037,1.052,1.036,1024516773,1066227102
2021-04-01,1.039,1.045,1.046,1.034,1557134635,1619624533
2021-04-02,1.047,1.048,1.054,1.043,1141039349,1195138791
2021-04-06,1.054,1.046,1.056,1.046,976061464,1024950179
2021-04-07,1.045,1.043,1.049,1.038,1007469532,1050253057
2021-04-08,1.040,1.048,1.059,1.038,1868536616,1962728050
2021-04-09,1.044,1.036,1.047,1.035,927299896,964138247
2021-04-12,1.034,1.015,1.037,1.014,1229334207,1263212814
2021-04-13,1.013,1.013,1.018,1.007,1076366448,1090380152
2021-04-14,1.013,1.025,1.028,1.012,1070382690,1093744733
2021-04-15,1.021,1.015,1.021,1.012,793303100,805364346
2021-04-16,1.017,1.022,1.027,1.014,889544624,907821167
2021-04-19,1.019,1.049,1.052,1.017,1787944492,1855350937
2021-04-20,1.045,1.039,1.055,1.038,911114547,952557083
2021-04-21,1.035,1.037,1.044,1.033,658965109,683667768
2021-04-22,1.042,1.040,1.050,1.038,907704992,946779155
2021-04-23,1.036,1.038,1.045,1.035,797559785,828563451
2021-04-26,1.040,1.020,1.051,1.020,1290862154,1338399968
2021-04-27,1.017,1.014,1.023,1.005,1503969149,1522137418
2021-04-28,1.011,1.017,1.022,1.010,875188960,889584399
2021-04-29,1.018,1.042,1.050,1.017,2202481363,2287667613
2021-04-30,1.038,1.031,1.044,1.027,1343627998,1390274841
2021-05-06,1.040,1.022,1.045,1.021,1015853206,1047481682
2021-05-07,1.021,1.007,1.023,1.005,1456613045,1474271644
2021-05-10,1.007,0.998,1.007,0.992,1356928977,1353454701
2021-05-11,0.993,1.013,1.019,0.990,1479539941,1485504600
2021-05-12,1.008,1.010,1.013,1.003,869181358,876127860
2021-05-13,1.004,1.006,1.014,1.002,778747152,785282337
2021-05-14,1.010,1.081,1.087,1.010,4567532351,4804391524
2021-05-17,1.063,1.066,1.076,1.056,2113672667,2252407737
2021-05-18,1.061,1.065,1.083,1.059,1514681881,1619904635
2021-05-19,1.060,1.064,1.079,1.060,1271052461,1357576846
2021-05-20,1.063,1.079,1.092,1.063,1875845216,2020517118
2021-05-21,1.079,1.060,1.081,1.058,1442142949,1538183308
2021-05-24,1.066,1.080,1.092,1.066,1966175672,2126126464
2021-05-25,1.078,1.127,1.133,1.076,3616967615,4040635592
2021-05-26,1.133,1.124,1.148,1.122,2452220170,2787495913
2021-05-27,1.120,1.125,1.138,1.117,1425528617,1602782972
2021-05-28,1.125,1.142,1.162,1.121,2167460270,2469905284
2021-05-31,1.142,1.144,1.147,1.131,1274004907,1449849556
2021-06-01,1.138,1.129,1.138,1.116,1568411840,1763974226
2021-06-02,1.126,1.105,1.134,1.103,1621625076,1808567183
2021-06-03,1.106,1.105,1.124,1.102,1309727186,1458951834
2021-06-04,1.099,1.111,1.146,1.097,1931000273,2155242949
2021-06-07,1.111,1.120,1.132,1.107,1259354046,1409807498
2021-06-08,1.116,1.122,1.136,1.114,1333981541,1500778873
2021-06-09,1.122,1.109,1.126,1.105,1133290771,1260505612
2021-06-10,1.109,1.113,1.129,1.107,1219929778,1363471549
2021-06-11,1.116,1.093,1.119,1.092,1408942998,1558165467
2021-06-15,1.094,1.078,1.095,1.077,1144372925,1239179502
2021-06-16,1.076,1.070,1.084,1.064,1265084532,1356353722
2021-06-17,1.071,1.074,1.080,1.068,1164625185,1250603869
2021-06-18,1.073,1.085,1.090,1.070,1298921130,1404546982
2021-06-21,1.086,1.084,1.096,1.080,1098327079,1192539943
2021-06-22,1.088,1.080,1.091,1.076,1067297247,1154695494
2021-06-23,1.080,1.085,1.091,1.072,1307553735,1415815004
2021-06-24,1.086,1.089,1.101,1.083,1290951877,1408810944
2021-06-25,1.092,1.123,1.134,1.087,2801578598,3126190115
2021-06-28,1.126,1.112,1.129,1.108,1488619059,1657433314
2021-06-29,1.111,1.097,1.114,1.094,1329502283,1466534129
2021-06-30,1.098,1.109,1.112,1.094,1386706030,1529390794
2021-07-01,1.125,1.077,1.131,1.075,1907631660,2099328035
2021-07-02,1.073,1.046,1.073,1.045,1535304035,1622990469
2021-07-05,1.047,1.048,1.052,1.038,930519758,972641990
2021-07-06,1.049,1.054,1.056,1.042,961070297,1007629972
2021-07-07,1.048,1.057,1.061,1.046,1105445974,1167627390
2021-07-08,1.064,1.055,1.070,1.054,1107373216,1176688932
2021-07-09,1.049,1.060,1.064,1.048,1142756972,1207523507
2021-07-12,1.074,1.083,1.091,1.065,1934928922,2090064387
2021-07-13,1.078,1.077,1.085,1.071,915419711,985732158
2021-07-14,1.075,1.064,1.078,1.062,1029459373,1100980190
2021-07-15,1.062,1.080,1.082,1.061,1338591000,1437078466
2021-07-16,1.086,1.080,1.096,1.076,1783225902,1933758031
2021-07-19,1.074,1.076,1.077,1.065,1114990851,1194211808
2021-07-20,1.067,1.071,1.079,1.066,884505597,947608142
2021-07-21,1.074,1.088,1.099,1.073,1959305750,2133061512
2021-07-22,1.088,1.106,1.109,1.084,2125484766,2335833778
2021-07-23,1.107,1.111,1.143,1.095,2623444947,2930963702
2021-07-26,1.111,1.080,1.120,1.079,1948683670,2143096947
2021-07-27,1.080,1.049,1.086,1.044,1813527493,1932416805
2021-07-28,1.045,1.037,1.054,1.032,1324091198,1379023934
2021-07-29,1.048,1.051,1.060,1.042,1478399393,1551389221
2021-07-30,1.044,1.028,1.046,1.026,1430688264,1476924275
2021-08-02,1.025,1.069,1.084,1.015,2486605081,2618296392
2021-08-03,1.060,1.070,1.096,1.057,1866997796,2007488819
2021-08-04,1.067,1.072,1.076,1.063,1157531619,1237710014
2021-08-05,1.067,1.053,1.077,1.050,1180027884,1252809847
2021-08-06,1.053,1.057,1.064,1.051,1000155857,1057734902
2021-08-09,1.051,1.080,1.090,1.051,1882334714,2031465057
2021-08-10,1.077,1.096,1.097,1.070,1858556557,2016637173
2021-08-11,1.094,1.086,1.104,1.085,1331915661,1456132521
2021-08-12,1.083,1.079,1.090,1.077,891681261,964708417
2021-08-13,1.077,1.079,1.089,1.072,929520052,1003080389
2021-08-16,1.083,1.089,1.105,1.082,1644140464,1801028641
2021-08-17,1.086,1.082,1.124,1.080,2260942699,2492528462
2021-08-18,1.078,1.157,1.159,1.077,4662187494,5270225865
2021-08-19,1.154,1.133,1.175,1.131,3121012206,3587032014
2021-08-20,1.129,1.135,1.149,1.116,1903181598,2155381084
2021-08-23,1.142,1.139,1.154,1.129,1624459876,1851945357
2021-08-24,1.138,1.161,1.175,1.129,2702676427,3119255580
2021-08-25,1.153,1.143,1.158,1.138,1699089230,1946060237
2021-08-26,1.140,1.129,1.150,1.127,1630177026,1852677722
2021-08-27,1.126,1.125,1.143,1.121,1616535900,1823644999
2021-08-30,1.130,1.105,1.132,1.100,2264450329,2514663667
2021-08-31,1.102,1.130,1.140,1.095,3118745241,3481894655
2021-09-01,1.125,1.170,1.198,1.121,4495869172,5230316914
2021-09-02,1.170,1.191,1.196,1.164,3080116499,3650663167
2021-09-03,1.240,1.178,1.244,1.177,3572125271,4311095744
2021-09-06,1.179,1.215,1.227,1.178,2504603439,3034622449
2021-09-07,1.205,1.244,1.250,1.195,3012297507,3687195924
2021-09-08,1.239,1.243,1.277,1.234,2545687527,3190735445
2021-09-09,1.226,1.233,1.239,1.217,1778570043,2183068069
2021-09-10,1.240,1.249,1.289,1.236,2906473031,3660344926
2021-09-13,1.247,1.253,1.274,1.244,1659640802,2084309326
2021-09-14,1.253,1.215,1.257,1.211,2194060417,2696725312
2021-09-15,1.210,1.211,1.228,1.203,1520647240,1847482587
2021-09-16,1.213,1.186,1.218,1.182,1900875279,2274756929
2021-09-17,1.187,1.200,1.204,1.181,1569947672,1875189394
2021-09-22,1.188,1.191,1.199,1.181,1451857245,1725020003
2021-09-23,1.200,1.206,1.219,1.192,1640754677,1977385237
2021-09-24,1.206,1.189,1.214,1.188,1503479096,1804080913
2021-09-27,1.188,1.157,1.198,1.150,2112275469,2484495280
2021-09-28,1.160,1.175,1.184,1.159,1261813787,1480766006
2021-09-29,1.166,1.159,1.168,1.143,1715589832,1985045469
2021-09-30,1.163,1.157,1.164,1.149,1107449314,1280466217
2021-10-08,1.165,1.169,1.176,1.161,1079636983,1261655452
2021-10-11,1.171,1.162,1.178,1.159,1025189810,1198599749
2021-10-12,1.156,1.125,1.156,1.112,2363846742,2675975701
2021-10-13,1.124,1.131,1.137,1.115,1301051872,1466804826
2021-10-14,1.128,1.128,1.133,1.120,1082041958,1219862510
2021-10-15,1.121,1.129,1.136,1.121,1080050445,1219068250
2021-10-18,1.130,1.130,1.133,1.123,797703022,900000939
2021-10-19,1.127,1.136,1.146,1.127,1105585103,1257696755
2021-10-20,1.136,1.132,1.143,1.131,1172695663,1332889896
2021-10-21,1.133,1.135,1.147,1.126,1702101487,1933781616
2021-10-22,1.137,1.137,1.145,1.130,1229629536,1398547355
2021-10-25,1.136,1.152,1.157,1.126,1757520776,2002901940
2021-10-26,1.146,1.140,1.155,1.139,1242681200,1423945707
2021-10-27,1.135,1.110,1.137,1.108,1903258763,2128810839
2021-10-28,1.107,1.102,1.115,1.099,1148508569,1271108901
2021-10-29,1.100,1.110,1.118,1.085,2006829070,2209323661
2021-11-01,1.105,1.114,1.124,1.103,1299904744,1450055430
2021-11-02,1.113,1.091,1.118,1.084,1820431786,1999080666
2021-11-03,1.092,1.095,1.102,1.090,900450831,986358899
2021-11-04,1.102,1.096,1.109,1.094,956597576,1051648918
2021-11-05,1.094,1.093,1.103,1.090,1082434471,1186665349
2021-11-08,1.091,1.104,1.111,1.090,1245758013,1371887368
2021-11-09,1.106,1.111,1.115,1.101,1269377597,1406314478
2021-11-10,1.108,1.109,1.114,1.099,1274151098,1408075690
2021-11-11,1.106,1.141,1.147,1.106,2803938584,3173481033
2021-11-12,1.141,1.135,1.143,1.129,1193089261,1353158747
2021-11-15,1.137,1.131,1.142,1.127,1030828464,1167058099
2021-11-16,1.128,1.115,1.134,1.112,1799621798,2019104101
2021-11-17,1.114,1.114,1.120,1.112,972241876,1083867674
2021-11-18,1.112,1.102,1.113,1.101,1205093200,1331730110
2021-11-19,1.100,1.124,1.130,1.100,2101000603,2346383891
2021-11-22,1.121,1.130,1.138,1.118,1711384436,1933742756
2021-11-23,1.127,1.133,1.148,1.127,1868546375,2129858416
2021-11-24,1.132,1.131,1.138,1.127,1080997729,1223782490
2021-11-25,1.130,1.125,1.134,1.123,1108105301,1249158739
2021-11-26,1.124,1.117,1.126,1.116,1257646638,1409238635
2021-11-29,1.108,1.107,1.112,1.103,1354556706,1499810022
2021-11-30,1.110,1.108,1.119,1.104,988614807,1098689667
2021-12-01,1.106,1.123,1.126,1.105,1321344641,1478535197
2021-12-02,1.120,1.131,1.138,1.118,1478911886,1672737619
2021-12-03,1.132,1.137,1.141,1.123,1370932692,1554260054
2021-12-06,1.145,1.153,1.187,1.144,3238563043,3779035746
2021-12-07,1.167,1.158,1.170,1.149,1569321001,1818005190
2021-12-08,1.159,1.174,1.174,1.150,1750676423,2039172692
2021-12-09,1.170,1.193,1.215,1.168,2668946978,3182158290
2021-12-10,1.183,1.178,1.187,1.175,1325816861,1564977052
2021-12-13,1.198,1.185,1.218,1.181,2523595270,3028097944
2021-12-14,1.177,1.178,1.190,1.174,1071626156,1264616983
2021-12-15,1.179,1.185,1.197,1.178,993710166,1179626510
2021-12-16,1.188,1.193,1.194,1.181,974534290,1157854173
2021-12-17,1.193,1.181,1.201,1.180,1202559380,1431186998
2021-12-20,1.176,1.161,1.186,1.159,1406750475,1646193551
2021-12-21,1.161,1.177,1.179,1.158,1185543268,1386537858
2021-12-22,1.177,1.167,1.177,1.165,757731710,886547995
2021-12-23,1.168,1.165,1.173,1.157,1126684906,1311717437
2021-12-24,1.165,1.158,1.174,1.156,909972551,1058789225
2021-12-27,1.158,1.160,1.165,1.155,684536926,793761643
2021-12-28,1.164,1.169,1.170,1.157,988945372,1150638941
2021-12-29,1.169,1.155,1.169,1.154,1038465623,1205855288
2021-12-30,1.154,1.174,1.179,1.152,1369947579,1602484352
2021-12-31,1.177,1.176,1.182,1.170,996882889,1171842079
2022-01-04,1.176,1.170,1.177,1.161,873372950,1020139601
2022-01-05,1.169,1.160,1.173,1.157,1125338567,1309650630
2022-01-06,1.154,1.137,1.156,1.134,1521866044,1737943086
2022-01-07,1.141,1.139,1.149,1.138,915499253,1046094270
2022-01-10,1.141,1.138,1.146,1.135,880935691,1004140993
2022-01-11,1.138,1.139,1.150,1.135,1103452328,1260406764
2022-01-12,1.141,1.143,1.145,1.134,1189656839,1355426516
2022-01-13,1.147,1.136,1.152,1.135,1257844725,1438847267
2022-01-14,1.127,1.105,1.127,1.104,1866995577,2082954870
2022-01-17,1.103,1.116,1.120,1.101,1052249502,1170873171
2022-01-18,1.115,1.118,1.126,1.111,1133663347,1268253302
2022-01-19,1.120,1.122,1.133,1.117,1039995591,1170674905
2022-01-20,1.122,1.141,1.149,1.118,1858633662,2112811543
2022-01-21,1.137,1.131,1.140,1.129,1186580426,1344515938
2022-01-24,1.127,1.123,1.133,1.122,917478174,1033862590
2022-01-25,1.119,1.093,1.122,1.092,1612905537,1788907740
2022-01-26,1.094,1.112,1.114,1.093,1336255740,1474307789
2022-01-27,1.106,1.087,1.111,1.085,1502371241,1647602602
2022-01-28,1.094,1.076,1.108,1.075,1403786193,1530459664
2022-02-07,1.091,1.092,1.098,1.084,1290477509,1407062657
2022-02-08,1.090,1.107,1.108,1.084,1208642999,1324856634
2022-02-09,1.106,1.110,1.113,1.102,890136698,986307333
2022-02-10,1.110,1.110,1.114,1.102,810517825,898466580
2022-02-11,1.108,1.111,1.127,1.106,1362071769,1521403880
2022-02-14,1.102,1.060,1.103,1.055,2506117146,2692414700
2022-02-15,1.058,1.062,1.063,1.055,1033921369,1094916115
2022-02-16,1.067,1.064,1.073,1.061,762543231,813034056
2022-02-17,1.062,1.056,1.066,1.055,940749499,996609494
2022-02-18,1.050,1.058,1.061,1.049,957948435,1010472423
2022-02-21,1.060,1.057,1.061,1.051,935778913,986683586
2022-02-22,1.049,1.036,1.050,1.032,1327870745,1381497521
2022-02-23,1.039,1.050,1.050,1.036,1078102503,1126570942
2022-02-24,1.043,1.020,1.049,1.011,1712464488,1760823087
2022-02-25,1.029,1.022,1.036,1.019,974682394,1000962687
2022-02-28,1.020,1.019,1.024,1.010,968434727,983587947
2022-03-01,1.023,1.028,1.030,1.020,1049137521,1075341561
2022-03-02,1.023,1.024,1.027,1.021,616435248,631206325
2022-03-03,1.029,1.024,1.032,1.022,734942726,754208285
2022-03-04,1.018,1.010,1.019,1.007,1117357132,1131613064
2022-03-07,1.005,0.985,1.006,0.981,1393117288,1384815051
2022-03-08,0.985,0.960,0.993,0.955,1624020977,1586146206
2022-03-09,0.968,0.937,0.970,0.902,2378183167,2231637928
2022-03-10,0.955,0.935,0.958,0.934,1622637735,1533973454
2022-03-11,0.921,0.956,0.963,0.907,2041006873,1904799940
2022-03-14,0.939,0.940,0.960,0.937,1181126151,1120101935
2022-03-15,0.932,0.909,0.952,0.906,1755543317,1633095189
2022-03-16,0.919,0.967,0.972,0.905,2681215926,2519700233
2022-03-17,0.974,0.963,0.986,0.959,2123918777,2059454573
2022-03-18,0.960,0.972,0.975,0.955,1352564535,1306477278
2022-03-21,0.965,0.955,0.967,0.951,1164900962,1116573671
2022-03-22,0.951,0.956,0.967,0.950,1192485150,1141731334
2022-03-23,0.959,0.957,0.961,0.953,747612806,715651149
2022-03-24,0.950,0.946,0.954,0.943,846515051,803011206
2022-03-25,0.947,0.935,0.955,0.934,1001334786,945214091
2022-03-28,0.927,0.936,0.945,0.920,980277790,914530636
2022-03-29,0.940,0.930,0.942,0.926,711101935,663992520
2022-03-30,0.936,0.965,0.967,0.935,1903247527,1818089481
2022-03-31,0.960,0.957,0.965,0.955,818081126,784395015
2022-04-01,0.951,0.970,0.974,0.950,1416166041,1366689512
2022-04-06,0.962,0.971,0.973,0.962,843640761,816534091
2022-04-07,0.968,0.951,0.977,0.950,1004104443,967398232
2022-04-08,0.952,0.966,0.971,0.945,1110741586,1065417904
2022-04-11,0.960,0.936,0.961,0.933,1190281435,1124455212
2022-04-12,0.936,0.967,0.977,0.933,1543573529,1476797922
2022-04-13,0.958,0.958,0.973,0.953,1088098395,1046277530
2022-04-14,0.965,0.972,0.980,0.960,1594747565,1551332403
2022-04-15,0.965,0.966,0.980,0.961,1111686682,1077647367
2022-04-18,0.953,0.940,0.953,0.933,1324503647,1246371102
2022-04-19,0.938,0.933,0.944,0.931,885247950,829216257
2022-04-20,0.933,0.918,0.937,0.916,1170100591,1082875722
2022-04-21,0.913,0.916,0.934,0.911,1353256239,1245909698
2022-04-22,0.910,0.917,0.924,0.909,1168994370,1073475493
2022-04-25,0.901,0.889,0.920,0.885,1962002132,1772067190
2022-04-26,0.888,0.849,0.890,0.842,2143505435,1851784598
2022-04-27,0.834,0.860,0.866,0.831,1970229663,1671171217
2022-04-28,0.851,0.844,0.855,0.832,1452120314,1225464143
2022-04-29,0.862,0.879,0.888,0.849,2603612073,2265379143
2022-05-05,0.867,0.867,0.873,0.862,1045474844,906987701
2022-05-06,0.852,0.844,0.856,0.842,1207396715,1025623770
2022-05-09,0.840,0.845,0.851,0.839,699548770,591312236
2022-05-10,0.838,0.858,0.862,0.836,1345989633,1147226981
2022-05-11,0.857,0.863,0.882,0.855,1997957430,1738132042
2022-05-12,0.858,0.865,0.874,0.857,1053980140,910227355
2022-05-13,0.869,0.870,0.875,0.862,995383169,863971361
2022-05-16,0.877,0.860,0.879,0.860,848174749,734512224
2022-05-17,0.861,0.866,0.870,0.856,1051138949,906767999
2022-05-18,0.869,0.868,0.876,0.864,1182770102,1029048137
2022-05-19,0.857,0.867,0.867,0.855,949664186,818128622
2022-05-20,0.872,0.884,0.885,0.870,1772656151,1559158633
2022-05-23,0.880,0.885,0.888,0.874,1006767088,886828406
2022-05-24,0.883,0.861,0.889,0.860,1160129400,1014428350
2022-05-25,0.860,0.864,0.865,0.859,833889385,719308286
2022-05-26,0.865,0.878,0.888,0.857,1487561475,1300965993
2022-05-27,0.883,0.877,0.887,0.871,1251808177,1102471116
2022-05-30,0.878,0.873,0.881,0.869,867403580,758236369
2022-05-31,0.872,0.884,0.886,0.869,1389865885,1221688875
2022-06-01,0.883,0.880,0.887,0.875,968909948,853824669
2022-06-02,0.877,0.886,0.890,0.872,1158145055,1021770327
2022-06-06,0.883,0.906,0.907,0.881,1878735878,1686970343
2022-06-07,0.903,0.908,0.923,0.901,1654504047,1509828664
2022-06-08,0.908,0.922,0.926,0.905,2249363877,2059913566
2022-06-09,0.924,0.922,0.945,0.918,2140310435,1991005879
2022-06-10,0.915,0.945,0.949,0.911,1988865132,1850481136
2022-06-13,0.933,0.932,0.945,0.923,1525091245,1424331778
2022-06-14,0.920,0.985,0.987,0.911,2459355807,2328256712
2022-06-15,0.990,1.015,1.052,0.990,4623178313,4725762243
2022-06-16,1.011,0.969,1.012,0.967,3237659258,3198018860
2022-06-17,0.960,0.966,0.982,0.946,2360908948,2272733092
2022-06-20,0.962,0.960,0.978,0.956,1656464261,1597140536
2022-06-21,0.961,0.959,0.967,0.951,1784795657,1712826322
2022-06-22,0.958,0.943,0.967,0.942,1587946232,1515929297
2022-06-23,0.942,0.977,0.985,0.941,2289993657,2212772134
2022-06-24,0.980,0.979,0.985,0.968,1682811887,1643796677
2022-06-27,0.983,0.980,0.992,0.977,1811479014,1781121304
2022-06-28,0.977,0.987,0.997,0.966,1862938335,1820491763
2022-06-29,0.981,0.967,0.994,0.965,1797413269,1765233426
2022-06-30,0.968,0.976,0.986,0.968,1753683411,1715070582
2022-07-01,0.977,0.963,0.978,0.960,1286669579,1246412587
2022-07-04,0.962,0.967,0.968,0.950,1200628060,1152609854
2022-07-05,0.968,0.954,0.973,0.948,1504889804,1440497324
2022-07-06,0.953,0.943,0.956,0.941,1459544722,1383487883
2022-07-07,0.942,0.941,0.952,0.940,1078970109,1019266458
2022-07-08,0.946,0.935,0.951,0.934,1208444986,1137714882
2022-07-11,0.932,0.924,0.934,0.923,1322846083,1227417429
2022-07-12,0.927,0.929,0.941,0.923,1330149315,1238092704
2022-07-13,0.928,0.927,0.934,0.924,957509826,889391273
2022-07-14,0.924,0.920,0.929,0.918,1112000818,1026131059
2022-07-15,0.917,0.896,0.921,0.894,1492427569,1357225602
2022-07-18,0.900,0.915,0.920,0.899,1253449278,1142203543
2022-07-19,0.914,0.923,0.927,0.911,1030199983,946828444
2022-07-20,0.926,0.923,0.929,0.920,764907979,706909329
2022-07-21,0.920,0.914,0.924,0.913,821900530,754838727
2022-07-22,0.917,0.916,0.926,0.909,1038816296,953469227
2022-07-25,0.915,0.905,0.916,0.905,830253700,754325247
2022-07-26,0.906,0.911,0.915,0.904,763991253,695110592
2022-07-27,0.908,0.908,0.912,0.905,663845686,603046893
2022-07-28,0.914,0.915,0.926,0.913,1254694602,1153684571
2022-07-29,0.916,0.907,0.922,0.906,1002941421,915272013
2022-08-01,0.904,0.900,0.905,0.894,931438619,836550703
2022-08-02,0.890,0.871,0.891,0.861,1651011388,1442562413
2022-08-03,0.872,0.866,0.881,0.865,1082049977,944780975
2022-08-04,0.872,0.874,0.879,0.868,1013114211,884147136
2022-08-05,0.875,0.895,0.896,0.873,1653777619,1463424133
2022-08-08,0.892,0.895,0.898,0.889,686324532,613949958
2022-08-09,0.893,0.892,0.899,0.890,710532200,635406215
2022-08-10,0.890,0.889,0.901,0.887,789520934,705304290
2022-08-11,0.896,0.938,0.938,0.893,2771200603,2552633485
2022-08-12,0.929,0.935,0.942,0.926,1259344126,1177608145
2022-08-15,0.929,0.927,0.938,0.924,931384206,866117869
2022-08-16,0.930,0.925,0.935,0.924,838774652,778933951
2022-08-17,0.927,0.944,0.949,0.922,1675447532,1574279736
2022-08-18,0.940,0.936,0.945,0.934,933866584,876379466
2022-08-19,0.935,0.931,0.944,0.930,943927846,884654280
2022-08-22,0.930,0.929,0.934,0.926,976167700,907045266
2022-08-23,0.927,0.931,0.945,0.923,1161939644,1083436599
2022-08-24,0.929,0.919,0.952,0.917,1606928552,1501981692
2022-08-25,0.920,0.937,0.941,0.920,1505323396,1398482930
2022-08-26,0.936,0.927,0.939,0.925,882926568,821694140
2022-08-29,0.918,0.922,0.924,0.914,861187805,791600669
2022-08-30,0.921,0.923,0.931,0.914,1048613525,965295410
2022-08-31,0.919,0.929,0.938,0.918,1277659525,1184509600
2022-09-01,0.926,0.917,0.929,0.915,960642403,885940268
2022-09-02,0.916,0.913,0.924,0.909,929128806,850224390
2022-09-05,0.912,0.920,0.921,0.909,832145000,761839680
2022-09-06,0.924,0.931,0.932,0.921,1047003661,970559609
2022-09-07,0.927,0.925,0.929,0.923,737141218,681836021
2022-09-08,0.927,0.922,0.931,0.922,745538193,690378606
2022-09-09,0.923,0.939,0.943,0.922,1369123151,1280119526
2022-09-13,0.940,0.937,0.949,0.936,795209459,748587372
2022-09-14,0.925,0.923,0.930,0.921,1117717408,1034482210
2022-09-15,0.927,0.922,0.934,0.916,1103037421,1022357067
2022-09-16,0.918,0.869,0.919,0.866,2467400702,2172365332
2022-09-19,0.867,0.859,0.868,0.856,965976730,832011668
2022-09-20,0.863,0.859,0.866,0.857,714573730,615450757
2022-09-21,0.856,0.860,0.863,0.846,937831656,801075816
2022-09-22,0.853,0.855,0.862,0.851,705134053,604127104
2022-09-23,0.855,0.856,0.865,0.850,842650008,722930015
2022-09-26,0.851,0.838,0.854,0.836,919206788,776826159
2022-09-27,0.841,0.845,0.846,0.836,815525347,685924958
2022-09-28,0.842,0.831,0.844,0.830,867432567,726032434
2022-09-29,0.836,0.820,0.837,0.815,1090329229,901053920
2022-09-30,0.819,0.816,0.827,0.816,809551913,665031095
2022-10-10,0.816,0.808,0.823,0.807,823540211,671331596
2022-10-11,0.811,0.816,0.826,0.807,787531444,642186015
2022-10-12,0.815,0.835,0.835,0.812,1051556564,865166507
2022-10-13,0.830,0.830,0.836,0.827,661395162,549313016
2022-10-14,0.838,0.845,0.850,0.835,1062448284,895809937
2022-10-17,0.840,0.849,0.850,0.838,638884948,540503684
2022-10-18,0.853,0.845,0.854,0.844,714180624,605135041
2022-10-19,0.844,0.837,0.847,0.836,606577620,509810088
2022-10-20,0.833,0.840,0.852,0.832,920151936,773165659
2022-10-21,0.859,0.844,0.863,0.841,1191301560,1014729901
2022-10-24,0.844,0.826,0.863,0.823,1376716425,1163988639
2022-10-25,0.826,0.811,0.828,0.801,1210089463,983594513
2022-10-26,0.812,0.818,0.829,0.811,1045802569,856861951
2022-10-27,0.818,0.822,0.833,0.817,856523373,705988920
2022-10-28,0.818,0.804,0.824,0.800,1182687977,961252590
2022-10-31,0.799,0.805,0.815,0.797,999567293,804573544
2022-11-01,0.806,0.830,0.830,0.805,1284965410,1053684816
2022-11-02,0.825,0.832,0.837,0.823,1147477639,951722434
2022-11-03,0.826,0.827,0.830,0.822,720328341,594888083
2022-11-04,0.827,0.850,0.857,0.826,1946907463,1643582131
2022-11-07,0.844,0.848,0.854,0.843,964085715,817906038
2022-11-08,0.849,0.845,0.852,0.841,721902374,609799800
2022-11-09,0.845,0.842,0.849,0.841,607757300,513004728
2022-11-10,0.839,0.848,0.852,0.836,904788640,764601011
2022-11-11,0.874,0.869,0.883,0.858,2102561205,1825902489
2022-11-14,0.872,0.876,0.893,0.870,1899258893,1672646738
2022-11-15,0.870,0.908,0.918,0.870,2353525979,2117510927
2022-11-16,0.902,0.892,0.907,0.890,1019371982,915190885
2022-11-17,0.888,0.896,0.897,0.885,1064924278,949042162
2022-11-18,0.896,0.884,0.897,0.883,1058537069,941395632
2022-11-21,0.879,0.869,0.879,0.863,989172318,859068975
2022-11-22,0.868,0.870,0.880,0.865,961461519,838636491
2022-11-23,0.869,0.871,0.879,0.867,756276497,659575009
2022-11-24,0.878,0.867,0.882,0.866,740046220,645576408
2022-11-25,0.865,0.876,0.882,0.864,973335983,850842277
2022-11-28,0.861,0.862,0.863,0.849,1059822149,907811740
2022-11-29,0.863,0.894,0.900,0.863,2310091377,2045633379
2022-11-30,0.890,0.894,0.906,0.890,1052720251,944474085
2022-12-01,0.910,0.897,0.929,0.897,2049969723,1872255874
2022-12-02,0.898,0.894,0.905,0.890,695986796,623824350
2022-12-05,0.905,0.926,0.927,0.903,1781840351,1634692917
2022-12-06,0.920,0.921,0.933,0.918,905794791,837325197
2022-12-07,0.918,0.912,0.926,0.906,1420671951,1297846599
2022-12-08,0.912,0.910,0.915,0.906,688836690,626946367
2022-12-09,0.912,0.918,0.923,0.903,1084556706,989498279
2022-12-12,0.912,0.896,0.912,0.895,1162491971,1047878183
2022-12-13,0.897,0.897,0.902,0.894,605010228,542934965
2022-12-14,0.899,0.903,0.908,0.894,781712106,704352849
2022-12-15,0.900,0.896,0.904,0.894,709984042,636675301
2022-12-16,0.891,0.893,0.900,0.890,862209465,770017548
2022-12-19,0.895,0.868,0.900,0.864,1227348300,1078471895
2022-12-20,0.865,0.863,0.872,0.860,777196079,672973714
2022-12-21,0.866,0.863,0.870,0.859,592140800,511735860
2022-12-22,0.869,0.862,0.875,0.858,813254116,705272547
2022-12-23,0.857,0.865,0.869,0.856,587945343,507584694
2022-12-26,0.865,0.862,0.866,0.856,696891500,600074220
2022-12-27,0.867,0.873,0.876,0.863,930863218,810938867
2022-12-28,0.869,0.867,0.873,0.865,638243662,554107141
2022-12-29,0.863,0.865,0.868,0.858,996228800,859915438
2022-12-30,0.867,0.869,0.873,0.866,559267490,486002834
2023-01-03,0.861,0.864,0.866,0.842,1616058299,1377505857
2023-01-04,0.861,0.866,0.871,0.861,1044310557,905089795
2023-01-05,0.871,0.883,0.888,0.871,1399841904,1230910632
2023-01-06,0.881,0.884,0.891,0.879,1175190060,1039780129
2023-01-09,0.887,0.899,0.909,0.887,1435572367,1290592668
2023-01-10,0.900,0.898,0.912,0.896,1013645436,915545430
2023-01-11,0.900,0.892,0.903,0.890,905159539,810683531
2023-01-12,0.894,0.900,0.900,0.888,796100449,712167876
2023-01-13,0.903,0.918,0.918,0.897,1298242509,1179206356
2023-01-16,0.921,0.947,0.968,0.918,2559788288,2426676738
2023-01-17,0.942,0.959,0.960,0.940,1747080889,1662339368
2023-01-18,0.957,0.955,0.965,0.954,851952902,815777268
2023-01-19,0.951,0.975,0.976,0.950,1193783146,1151367559
2023-01-20,0.977,0.969,0.977,0.960,1187010300,1147974610
2023-01-30,0.985,0.961,0.990,0.960,1801777263,1747317535
2023-01-31,0.960,0.956,0.968,0.949,1223459270,1169925808
2023-02-01,0.957,0.981,0.982,0.954,1447500309,1397044432
2023-02-02,0.995,0.961,0.997,0.959,2098964700,2034991984
2023-02-03,0.951,0.953,0.960,0.943,1416054937,1347737713
2023-02-06,0.945,0.935,0.946,0.934,1047521626,983236825
2023-02-07,0.939,0.938,0.942,0.933,727506240,682297473
2023-02-08,0.940,0.929,0.941,0.928,773704100,722581441
2023-02-09,0.929,0.944,0.945,0.927,1103352747,1036049835
2023-02-10,0.941,0.936,0.944,0.933,796006728,746472039
2023-02-13,0.933,0.942,0.943,0.930,1001439061,939608810
2023-02-14,0.943,0.940,0.944,0.934,688287415,646023592
2023-02-15,0.938,0.931,0.940,0.930,742413134,692819621
2023-02-16,0.932,0.926,0.949,0.918,1753862401,1645101983
2023-02-17,0.923,0.909,0.927,0.908,1097116405,1005797961
2023-02-20,0.919,0.946,0.947,0.915,1914229412,1783400373
2023-02-21,0.942,0.948,0.950,0.939,1046492452,988721297
2023-02-22,0.943,0.939,0.951,0.936,988541161,932085010
2023-02-23,0.939,0.947,0.956,0.939,1167253099,1107327187
2023-02-24,0.946,0.931,0.947,0.928,1017531498,950923832
2023-02-27,0.923,0.919,0.926,0.917,709777887,653805415
2023-02-28,0.923,0.927,0.928,0.917,711950130,657300869
2023-03-01,0.927,0.940,0.943,0.924,1145874040,1072633378
2023-03-02,0.938,0.937,0.942,0.935,679492104,637081856
2023-03-03,0.940,0.944,0.947,0.933,981929186,924055917
2023-03-06,0.944,0.930,0.945,0.929,1023339721,956341521
2023-03-07,0.928,0.914,0.938,0.913,1285440832,1190548749
2023-03-08,0.911,0.913,0.913,0.908,715500465,651602104
2023-03-09,0.913,0.908,0.915,0.906,627760536,571258099
2023-03-10,0.903,0.896,0.906,0.896,876795702,789163109
2023-03-13,0.896,0.900,0.903,0.892,667695460,599366104
2023-03-14,0.898,0.891,0.899,0.882,846805983,754253173
2023-03-15,0.898,0.896,0.903,0.895,723572018,650828171
2023-03-16,0.891,0.890,0.897,0.888,628145928,560586073
2023-03-17,0.897,0.905,0.914,0.897,1214100519,1099166292
2023-03-20,0.904,0.895,0.911,0.894,884988292,797930249
2023-03-21,0.899,0.903,0.905,0.896,727875612,655820159
2023-03-22,0.904,0.898,0.907,0.893,1029323290,925423514
2023-03-23,0.893,0.909,0.909,0.892,1066543794,962398506
2023-03-24,0.909,0.911,0.916,0.906,875191182,797572910
2023-03-27,0.911,0.916,0.919,0.906,996996927,910337011
2023-03-28,0.913,0.906,0.916,0.905,700750379,636479210
2023-03-29,0.909,0.901,0.910,0.897,806940882,727788915
2023-03-30,0.901,0.906,0.909,0.890,1091217590,981833007
2023-03-31,0.905,0.905,0.909,0.902,809667550,732869592
2023-04-03,0.905,0.942,0.943,0.903,2762542877,2565941760
2023-04-04,0.942,0.946,0.951,0.940,1426538205,1349156951
2023-04-06,0.943,0.939,0.946,0.934,998302269,937697099
2023-04-07,0.940,0.949,0.953,0.936,1420166427,1344020526
2023-04-10,0.958,0.939,0.962,0.938,1643681575,1561792842
2023-04-11,0.946,0.949,0.964,0.945,1367594844,1303748815
2023-04-12,0.950,0.952,0.959,0.945,977063600,929219520
2023-04-13,0.947,0.940,0.948,0.937,1135243963,1069821864
2023-04-14,0.942,0.941,0.945,0.934,1099862800,1033636156
2023-04-17,0.941,0.967,0.968,0.940,2007313914,1925078992
2023-04-18,0.966,0.962,0.974,0.958,1297764977,1251135727
2023-04-19,0.959,0.947,0.960,0.945,1288328687,1226462949
2023-04-20,0.945,0.951,0.951,0.940,1035947843,979319764
2023-04-21,0.950,0.916,0.951,0.913,1662877480,1546439220
2023-04-24,0.911,0.900,0.916,0.895,1307676120,1183193470
2023-04-25,0.902,0.904,0.910,0.894,1171930044,1056005945
2023-04-26,0.900,0.902,0.905,0.896,778171054,700825202
2023-04-27,0.900,0.908,0.911,0.896,1142665949,1032665864
2023-04-28,0.912,0.928,0.935,0.907,1586630049,1465368779
2023-05-04,0.922,0.939,0.941,0.918,1127464938,1051274128
2023-05-05,0.939,0.953,0.972,0.939,2187057971,2099344296
2023-05-08,0.951,0.972,0.983,0.944,1871699487,1808500222
2023-05-09,0.976,0.983,1.027,0.971,3578252751,3581015793
2023-05-10,0.973,0.955,0.981,0.952,1423378682,1372328799
2023-05-11,0.958,0.954,0.966,0.953,789265513,756727335
2023-05-12,0.954,0.941,0.958,0.940,841745852,797699952
2023-05-15,0.941,0.955,0.958,0.922,1501704122,1407256226
2023-05-16,0.954,0.946,0.965,0.944,969923701,925253803
2023-05-17,0.945,0.944,0.952,0.941,673011725,635980825
2023-05-18,0.946,0.941,0.952,0.938,795893935,751716964
2023-05-19,0.938,0.928,0.939,0.926,942732498,876872732
2023-05-22,0.926,0.926,0.931,0.922,762234800,705398024
2023-05-23,0.927,0.913,0.928,0.912,1069780509,982423025
2023-05-24,0.910,0.899,0.911,0.898,1480520378,1339027035
2023-05-25,0.896,0.901,0.901,0.889,1309142473,1172521244
2023-05-26,0.898,0.903,0.905,0.894,986888865,887579667
2023-05-29,0.905,0.894,0.905,0.893,922203135,828375618
2023-05-30,0.894,0.897,0.898,0.885,1078740961,961882985
2023-05-31,0.895,0.891,0.896,0.888,841392336,750564030
2023-06-01,0.891,0.893,0.902,0.888,988285588,885247559
2023-06-02,0.896,0.899,0.900,0.894,1045360818,938832196
2023-06-05,0.899,0.894,0.901,0.892,770015922,689967275
2023-06-06,0.893,0.882,0.899,0.881,1169297361,1041109440
2023-06-07,0.882,0.883,0.891,0.881,771774698,683026943
2023-06-08,0.883,0.894,0.897,0.878,1200865305,1066817340
2023-06-09,0.893,0.892,0.894,0.888,788709065,702725497
2023-06-12,0.889,0.883,0.890,0.880,908524593,802719964
2023-06-13,0.882,0.888,0.888,0.881,785519095,695612303
2023-06-14,0.889,0.889,0.900,0.888,950295865,848751505
2023-06-15,0.890,0.902,0.903,0.888,1470018183,1318405245
2023-06-16,0.903,0.906,0.908,0.898,1339853763,1210309458
2023-06-19,0.905,0.898,0.905,0.897,856879428,771069617
2023-06-20,0.897,0.895,0.901,0.895,861243000,772905432
2023-06-21,0.894,0.879,0.896,0.878,1195762595,1059379297
2023-06-26,0.872,0.858,0.873,0.858,1238433775,1070012116
2023-06-27,0.860,0.866,0.868,0.859,660524368,570703596
2023-06-28,0.865,0.866,0.868,0.859,725824078,626826817
2023-06-29,0.864,0.863,0.869,0.861,741305976,640544019
2023-06-30,0.862,0.879,0.882,0.862,1084345044,948483264
2023-07-03,0.879,0.891,0.895,0.879,1002928321,890177496
2023-07-04,0.890,0.891,0.895,0.886,644760400,574167946
2023-07-05,0.890,0.885,0.892,0.885,478063874,424321881
2023-07-06,0.884,0.885,0.890,0.881,553995422,490094319
2023-07-07,0.881,0.890,0.894,0.880,829462624,736490547
2023-07-10,0.894,0.890,0.897,0.887,653796800,583107304
2023-07-11,0.893,0.895,0.896,0.890,609351477,544343956
2023-07-12,0.895,0.889,0.899,0.886,683955835,610140933
2023-07-13,0.892,0.903,0.905,0.892,1214906927,1095335318
2023-07-14,0.904,0.901,0.905,0.900,577349975,520865215
2023-07-17,0.900,0.896,0.900,0.893,622394590,557610643
2023-07-18,0.898,0.899,0.902,0.895,495462600,445243556
2023-07-19,0.897,0.904,0.905,0.896,910388745,820200414
2023-07-20,0.907,0.896,0.909,0.896,760201624,686970025
2023-07-21,0.894,0.899,0.904,0.894,683463062,614686575
2023-07-24,0.895,0.898,0.903,0.893,620159493,556926716
2023-07-25,0.929,0.949,0.952,0.922,3341923923,3125045902
2023-07-26,0.942,0.946,0.949,0.935,1280376161,1206936556
2023-07-27,0.944,0.936,0.950,0.935,1026796195,966883731
2023-07-28,0.933,1.017,1.018,0.932,4196440441,4133506835
2023-07-31,1.026,1.013,1.045,1.011,3426204826,3523649483
2023-08-01,1.001,1.011,1.032,1.001,2317738670,2353033750
2023-08-02,1.006,1.018,1.039,1.005,1811517262,1852062624
2023-08-03,1.027,1.054,1.059,1.008,2800412096,2907133770
2023-08-04,1.080,1.063,1.113,1.059,4402229960,4764738037
2023-08-07,1.041,1.066,1.067,1.040,1888443674,1991189742
2023-08-08,1.056,1.059,1.081,1.027,2149621941,2267948212
2023-08-09,1.047,1.053,1.066,1.047,1278363319,1349670499
2023-08-10,1.053,1.074,1.075,1.050,1858348624,1973236817
2023-08-11,1.066,1.027,1.066,1.026,2964014615,3090182916
2023-08-14,1.006,1.017,1.033,1.005,1819832754,1852987834
2023-08-15,1.011,1.036,1.037,1.011,1772864698,1818754759
2023-08-16,1.024,1.038,1.064,1.013,1967295406,2046001727
2023-08-17,1.028,1.038,1.045,1.019,1595241199,1646860233
2023-08-18,1.038,1.021,1.053,1.020,1248198441,1292544737
2023-08-21,1.010,0.985,1.019,0.984,1879141259,1876326590
2023-08-22,0.989,1.004,1.010,0.983,2044527164,2033985773
2023-08-23,0.995,0.977,0.996,0.976,1095454352,1080360527
2023-08-24,0.983,0.992,1.009,0.983,1683396364,1672052091
2023-08-25,0.988,0.998,1.006,0.987,1329669937,1327355157
2023-08-28,1.098,1.023,1.098,1.018,4283547691,4563548260
2023-08-29,1.011,1.016,1.025,0.987,2890584770,2910176323
2023-08-30,1.008,0.987,1.008,0.985,1874502769,1865023964
2023-08-31,0.986,0.968,0.991,0.966,1415041508,1380494209
2023-09-01,0.975,0.969,0.980,0.966,1162483440,1130188786
2023-09-04,0.973,0.976,0.981,0.965,1144676277,1115838900
2023-09-05,0.973,0.967,0.974,0.963,926958155,896221364
2023-09-06,0.962,0.964,0.967,0.957,928280616,892537521
2023-09-07,0.963,0.959,0.970,0.956,1198943112,1154161790
2023-09-08,0.956,0.964,0.967,0.950,1071008900,1026706261
2023-09-11,0.964,0.979,0.985,0.958,1474030359,1434172438
2023-09-12,0.973,0.968,0.977,0.967,800318178,777476432
2023-09-13,0.966,0.957,0.969,0.953,894402548,857847376
2023-09-14,0.958,0.961,0.965,0.955,775274106,743670634
2023-09-15,0.965,0.957,0.967,0.951,885431563,848961546
2023-09-18,0.951,0.955,0.958,0.946,660794519,630007039
2023-09-19,0.955,0.956,0.961,0.952,869401900,831443568
2023-09-20,0.954,0.952,0.959,0.950,508825800,486108758
2023-09-21,0.951,0.945,0.959,0.945,740754500,704115276
2023-09-22,0.943,0.974,0.975,0.942,1537081758,1479129260
2023-09-25,0.969,0.950,0.969,0.950,1046712155,999412358
2023-09-26,0.949,0.952,0.956,0.948,496006093,472467408
2023-09-27,0.951,0.953,0.956,0.949,777109274,740733614
2023-09-28,0.955,0.947,0.957,0.945,823115900,779883296
2023-10-09,0.941,0.935,0.941,0.925,979731615,913680617
2023-10-10,0.939,0.932,0.943,0.932,523690256,490510775
2023-10-11,0.936,0.930,0.940,0.928,703777907,657177330
2023-10-12,0.944,0.941,0.946,0.937,777418664,731441741
2023-10-13,0.932,0.931,0.935,0.929,610988988,569286608
2023-10-16,0.930,0.929,0.935,0.924,755258358,701900085
2023-10-17,0.931,0.942,0.950,0.927,1098576722,1032843899
2023-10-18,0.938,0.941,0.946,0.936,712756925,671248790
2023-10-19,0.936,0.935,0.951,0.934,1117495723,1052097658
2023-10-20,0.930,0.938,0.943,0.929,983334175,921433033
2023-10-23,0.934,0.914,0.934,0.911,1249764295,1148746459
2023-10-24,0.919,0.945,0.948,0.917,1487259922,1388155061
2023-10-25,0.958,0.944,0.958,0.942,1504462642,1426270861
2023-10-26,0.935,0.943,0.945,0.933,859970333,808103540
2023-10-27,0.939,0.947,0.951,0.933,1345772511,1268552667
2023-10-30,0.942,0.943,0.945,0.934,1368022447,1285460816
2023-10-31,0.941,0.945,0.949,0.939,1037012409,978953891
2023-11-01,0.951,0.942,0.953,0.941,904173286,854485233
2023-11-02,0.943,0.935,0.949,0.934,921727087,867502170
2023-11-03,0.937,0.946,0.949,0.935,999800100,943225713
2023-11-06,0.972,0.984,0.987,0.962,2544390774,2481472896
2023-11-07,0.978,0.987,0.992,0.975,1437376813,1418646039
2023-11-08,0.984,0.979,0.990,0.970,1202052419,1176450326
2023-11-09,0.975,0.975,0.979,0.970,986793264,961231599
2023-11-10,0.968,0.975,0.980,0.968,1191586033,1162521579
2023-11-13,0.975,0.970,0.976,0.966,886132406,858562516
2023-11-14,0.970,0.983,0.997,0.969,1798221558,1767687327
2023-11-15,0.993,0.984,0.998,0.982,1376419802,1360955805
2023-11-16,0.982,0.975,0.989,0.974,836113318,820641685
2023-11-17,0.973,0.979,0.981,0.972,770890510,752614040
2023-11-20,0.979,0.975,0.979,0.963,983224870,953955165
2023-11-21,0.977,0.973,0.991,0.972,1167710518,1146142750
2023-11-22,0.970,0.964,0.975,0.963,767766287,743463846
2023-11-23,0.964,0.967,0.967,0.957,802311734,772068409
2023-11-24,0.965,0.957,0.965,0.954,697518813,668571615
2023-11-27,0.952,0.946,0.953,0.941,876962313,828608799
2023-11-28,0.946,0.945,0.949,0.940,595392855,562496129
2023-11-29,0.946,0.936,0.947,0.933,783014578,734869661
2023-11-30,0.936,0.938,0.942,0.934,789764815,740927435
2023-12-01,0.938,0.945,0.945,0.935,898429400,844874212
2023-12-04,0.944,0.942,0.949,0.941,823647967,778022229
2023-12-05,0.940,0.930,0.944,0.929,995002573,932032180
2023-12-06,0.929,0.927,0.933,0.925,810621079,752812793
2023-12-07,0.925,0.932,0.934,0.922,795958428,739633360
2023-12-08,0.931,0.925,0.934,0.925,1214358857,1128253792
2023-12-11,0.921,0.940,0.943,0.911,1438700853,1333203868
2023-12-12,0.936,0.936,0.941,0.934,721085659,675578043
2023-12-13,0.936,0.925,0.936,0.924,721429682,670719151
2023-12-14,0.931,0.921,0.932,0.920,770391150,713159887
2023-12-15,0.925,0.921,0.933,0.919,940462344,869726776
2023-12-18,0.921,0.920,0.929,0.916,858792500,791894114
2023-12-19,0.919,0.918,0.923,0.910,1002877391,920012368
2023-12-20,0.917,0.893,0.918,0.892,1476755217,1332833794
2023-12-21,0.889,0.893,0.897,0.885,945147446,842653526
2023-12-22,0.892,0.890,0.897,0.885,940553344,837703462
2023-12-25,0.889,0.885,0.890,0.882,557469220,493414589
2023-12-26,0.885,0.874,0.885,0.872,760346200,666743114
2023-12-27,0.875,0.882,0.887,0.866,1123960756,986214983
2023-12-28,0.878,0.902,0.906,0.877,1511627000,1352515770
2023-12-29,0.900,0.902,0.906,0.898,957496281,863488999
2024-01-02,0.901,0.891,0.902,0.890,702092212,628027345
2024-01-03,0.889,0.892,0.896,0.887,770960909,687244285
2024-01-04,0.891,0.884,0.891,0.877,1030382955,909063930
2024-01-05,0.882,0.877,0.891,0.872,912306000,805473867
2024-01-08,0.873,0.860,0.876,0.860,833301900,721630284
2024-01-09,0.862,0.858,0.866,0.852,758185379,652016817
2024-01-10,0.855,0.854,0.863,0.849,693530300,593389992
2024-01-11,0.853,0.862,0.865,0.851,773119448,663825690
2024-01-12,0.859,0.853,0.866,0.853,678807511,583351597
2024-01-15,0.849,0.852,0.861,0.847,618658550,527870414
2024-01-16,0.850,0.863,0.864,0.846,996475266,851511369
2024-01-17,0.859,0.847,0.859,0.846,914090033,780706532
2024-01-18,0.841,0.855,0.857,0.827,1608589278,1348863496
2024-01-19,0.849,0.846,0.852,0.843,962390421,815880411
2024-01-22,0.845,0.828,0.852,0.821,1247477640,1050574463
2024-01-23,0.826,0.845,0.853,0.820,1449817810,1216343438
2024-01-24,0.849,0.887,0.889,0.837,2217446262,1909663392
2024-01-25,0.873,0.890,0.899,0.870,2125625575,1880441233
2024-01-26,0.884,0.890,0.901,0.881,1451936192,1291647520
2024-01-29,0.888,0.875,0.892,0.873,1094274466,965849871
2024-01-30,0.869,0.864,0.881,0.863,1027136300,896220120
2024-01-31,0.860,0.855,0.869,0.850,1338180850,1149959748
2024-02-01,0.849,0.852,0.866,0.844,1127966318,963719658
2024-02-02,0.852,0.833,0.855,0.809,1666468450,1389016461
2024-02-05,0.824,0.815,0.837,0.800,1662056814,1361064224
2024-02-06,0.808,0.863,0.868,0.806,1710286397,1438263158
2024-02-07,0.858,0.873,0.878,0.857,1384915402,1204470493
2024-02-08,0.883,0.881,0.895,0.876,1168265202,1034916497
2024-02-19,0.878,0.871,0.878,0.860,1116676513,969061546
2024-02-20,0.868,0.882,0.889,0.864,1369501069,1202733737
2024-02-21,0.875,0.891,0.911,0.871,1945200329,1739203893
2024-02-22,0.886,0.901,0.905,0.884,1374109745,1230385113
2024-02-23,0.901,0.902,0.906,0.894,1300495584,1171402690
2024-02-26,0.900,0.895,0.903,0.894,980914291,881102470
2024-02-27,0.893,0.909,0.910,0.893,1112880483,1003054811
2024-02-28,0.916,0.895,0.931,0.894,2158753354,1981063318
2024-02-29,0.892,0.913,0.914,0.891,1486759894,1343828592
2024-03-01,0.911,0.920,0.924,0.907,1382945523,1264946108
2024-03-04,0.918,0.908,0.918,0.904,1169098526,1061965622
2024-03-05,0.902,0.901,0.908,0.898,1161370388,1047341232
2024-03-06,0.901,0.902,0.913,0.895,1121828183,1013545115
2024-03-07,0.899,0.890,0.907,0.887,1333512934,1195504002
2024-03-08,0.890,0.892,0.895,0.887,788686812,702706572
2024-03-11,0.893,0.906,0.906,0.892,1311208110,1179841187
2024-03-12,0.909,0.912,0.915,0.902,1602269410,1456009555
2024-03-13,0.911,0.898,0.911,0.897,1158804853,1045015838
2024-03-14,0.896,0.891,0.902,0.886,1080596808,965186255
2024-03-15,0.888,0.896,0.898,0.884,1114943401,992889593
2024-03-18,0.901,0.917,0.923,0.899,1964528480,1792480546
2024-03-19,0.913,0.900,0.913,0.899,1172652771,1061630196
2024-03-20,0.898,0.902,0.906,0.896,1085634403,977897156
2024-03-21,0.905,0.906,0.915,0.903,1208153983,1097703067
2024-03-22,0.904,0.890,0.906,0.888,1450622935,1297543607
2024-03-25,0.881,0.864,0.882,0.863,1602884632,1398481473
2024-03-26,0.864,0.866,0.869,0.860,823282635,711509645
2024-03-27,0.864,0.851,0.865,0.850,912523708,782895376
2024-03-28,0.852,0.853,0.863,0.850,1021046444,873335208
2024-03-29,0.852,0.856,0.857,0.846,986538716,840507607
2024-04-01,0.867,0.869,0.870,0.864,1008260071,874934068
2024-04-02,0.869,0.863,0.873,0.861,747274989,647027659
2024-04-03,0.861,0.856,0.866,0.856,636786586,546980803
2024-04-08,0.850,0.842,0.852,0.841,874644990,739461576
2024-04-09,0.843,0.845,0.847,0.841,565051605,476902042
2024-04-10,0.844,0.829,0.844,0.824,1170524991,974878814
2024-04-11,0.824,0.826,0.833,0.824,797752252,661073410
2024-04-12,0.826,0.811,0.828,0.809,1020210600,833222747
2024-04-15,0.806,0.824,0.833,0.800,1498203745,1224974185
2024-04-16,0.818,0.809,0.826,0.808,1050346896,859017238
2024-04-17,0.810,0.825,0.827,0.806,1336243644,1092886147
2024-04-18,0.823,0.832,0.844,0.821,1537378756,1282143403
2024-04-19,0.828,0.827,0.835,0.825,848030447,703538339
2024-04-22,0.825,0.829,0.838,0.824,828738154,687716432
2024-04-23,0.831,0.827,0.833,0.824,748447200,620108488
2024-04-24,0.828,0.828,0.830,0.822,805285537,665708775
2024-04-25,0.825,0.827,0.831,0.821,830156300,685743269
2024-04-26,0.846,0.878,0.879,0.838,2926420888,2508240990
2024-04-29,0.877,0.889,0.897,0.874,2395407682,2123549457
2024-04-30,0.884,0.873,0.886,0.871,1273929132,1117969036
2024-05-06,0.884,0.878,0.892,0.874,1398386400,1234143725
2024-05-07,0.876,0.875,0.880,0.870,1027053566,898461099
2024-05-08,0.872,0.862,0.873,0.861,1027053766,889127167
2024-05-09,0.863,0.870,0.875,0.863,1307203984,1135703477
2024-05-10,0.870,0.876,0.879,0.866,1408469782,1228811515
2024-05-13,0.872,0.878,0.885,0.864,1217929107,1065758916
2024-05-14,0.877,0.883,0.883,0.870,1229080502,1076962547
2024-05-15,0.888,0.859,0.889,0.859,1705966646,1483355772
2024-05-16,0.861,0.858,0.870,0.857,1051463523,907244001
2024-05-17,0.858,0.871,0.872,0.855,1087104476,939067439
2024-05-20,0.869,0.872,0.882,0.868,1425762280,1248666298
2024-05-21,0.870,0.866,0.874,0.864,855712350,742912453
2024-05-22,0.866,0.869,0.873,0.863,935272990,811786261
2024-05-23,0.866,0.851,0.867,0.850,1200727999,1028345993
2024-05-24,0.849,0.840,0.853,0.839,962787100,814167863
2024-05-27,0.843,0.848,0.849,0.838,794755035,670246074
2024-05-28,0.846,0.840,0.850,0.839,812874100,684727199
2024-05-29,0.839,0.841,0.849,0.838,707168500,596646621
2024-05-30,0.838,0.840,0.843,0.835,708065699,593815123
2024-05-31,0.842,0.839,0.847,0.838,803143800,675716623
2024-06-03,0.836,0.828,0.836,0.824,1147682114,951771818
2024-06-04,0.828,0.834,0.836,0.827,948551909,789554212
2024-06-05,0.833,0.831,0.838,0.830,856698545,714012944
2024-06-06,0.832,0.820,0.834,0.818,1352996600,1115561202
2024-06-07,0.822,0.815,0.825,0.804,1474242802,1200864467
2024-06-11,0.813,0.816,0.822,0.810,919310310,750425327
2024-06-12,0.815,0.816,0.818,0.813,713403700,581946313
2024-06-13,0.817,0.815,0.819,0.812,921256698,750699779
2024-06-14,0.814,0.833,0.840,0.812,2080461326,1717560546
2024-06-17,0.824,0.832,0.834,0.821,1003034600,831213763
2024-06-18,0.832,0.838,0.844,0.831,1237413500,1037467476
2024-06-19,0.839,0.827,0.840,0.826,1026244500,853257531
2024-06-20,0.826,0.820,0.829,0.818,959510029,789077681
2024-06-21,0.822,0.821,0.826,0.818,984993000,809576668
2024-06-24,0.818,0.813,0.821,0.812,950437200,775760328
2024-06-25,0.812,0.799,0.814,0.795,1753772500,1409235603
2024-06-26,0.797,0.810,0.811,0.797,1315684129,1057778041
2024-06-27,0.807,0.801,0.807,0.801,779594800,626576951
2024-06-28,0.800,0.783,0.808,0.781,1738892681,1381172737
2024-07-01,0.780,0.784,0.787,0.773,1107079446,863989650
2024-07-02,0.783,0.782,0.790,0.779,884047499,693744813
2024-07-03,0.781,0.782,0.786,0.776,754347700,589250262
2024-07-04,0.783,0.767,0.785,0.767,1040071700,805180828
2024-07-05,0.767,0.768,0.775,0.763,963182550,739740937
2024-07-08,0.766,0.748,0.766,0.746,1094598972,826092128
2024-07-09,0.749,0.763,0.766,0.743,1294004300,976822269
2024-07-10,0.758,0.764,0.776,0.757,1074016700,823448855
2024-07-11,0.772,0.776,0.781,0.769,1005914300,780045465
2024-07-12,0.775,0.775,0.778,0.770,623909700,482808619
2024-07-15,0.772,0.773,0.777,0.770,539155654,416895662
2024-07-16,0.774,0.780,0.783,0.771,818401099,637682154
2024-07-17,0.780,0.786,0.788,0.779,813569000,638384550
2024-07-18,0.784,0.790,0.790,0.776,918417800,719896023
2024-07-19,0.787,0.799,0.801,0.787,1087116653,864896784
2024-07-22,0.809,0.805,0.813,0.795,1106549300,889496579
2024-07-23,0.801,0.786,0.806,0.786,924167700,736037408
2024-07-24,0.784,0.777,0.787,0.776,782409732,611170087
2024-07-25,0.776,0.787,0.792,0.776,898580105,706160424
2024-07-26,0.788,0.801,0.807,0.785,935207375,747042895
2024-07-29,0.797,0.793,0.803,0.793,600066900,478498583
2024-07-30,0.792,0.797,0.799,0.789,720033600,572835643
2024-07-31,0.798,0.841,0.849,0.798,2520496500,2089873845
2024-08-01,0.834,0.835,0.841,0.831,1056769600,883241683
2024-08-02,0.830,0.819,0.838,0.816,994995400,821213783
2024-08-05,0.814,0.812,0.830,0.812,989822500,812208812
2024-08-06,0.821,0.815,0.824,0.806,852436225,692698776
2024-08-07,0.814,0.810,0.819,0.808,737484125,598808751
2024-08-08,0.809,0.813,0.825,0.807,883062694,719905167
2024-08-09,0.818,0.806,0.821,0.806,775197125,630194569
2024-08-12,0.803,0.804,0.808,0.800,583122800,468579678
2024-08-13,0.805,0.815,0.816,0.800,803976327,649606142
2024-08-14,0.812,0.808,0.816,0.807,617813148,501006560
2024-08-15,0.806,0.817,0.825,0.805,1050200081,858168268
2024-08-16,0.815,0.812,0.818,0.810,611693100,497703550
2024-08-19,0.810,0.811,0.818,0.808,489251100,397692159
2024-08-20,0.813,0.805,0.813,0.802,683630685,551049014
2024-08-21,0.803,0.800,0.807,0.799,457257846,366943475
2024-08-22,0.804,0.788,0.806,0.786,757233000,601290071
2024-08-23,0.786,0.795,0.801,0.786,700760351,555711196
2024-08-26,0.795,0.795,0.801,0.791,499370654,397515978
2024-08-27,0.794,0.788,0.795,0.785,384205700,302842781
2024-08-28,0.787,0.789,0.792,0.785,408671600,322335335
2024-08-29,0.787,0.794,0.800,0.786,660723290,525427148
2024-08-30,0.792,0.814,0.821,0.791,1331769889,1081251524
2024-09-02,0.809,0.793,0.811,0.792,877858625,702102692
2024-09-03,0.792,0.799,0.803,0.791,566959700,452257947
2024-09-04,0.794,0.798,0.805,0.794,510213500,408106140
2024-09-05,0.798,0.806,0.806,0.797,634400008,508951601
2024-09-06,0.822,0.809,0.826,0.808,1468354745,1199549688
2024-09-09,0.801,0.808,0.817,0.800,855589750,692680194
2024-09-10,0.809,0.805,0.810,0.795,743841294,596609778
2024-09-11,0.804,0.804,0.809,0.801,522843829,420623145
2024-09-12,0.805,0.803,0.809,0.801,581256460,467954924
2024-09-13,0.804,0.805,0.813,0.803,648685837,523822283
2024-09-18,0.803,0.806,0.808,0.797,639377071,513007965
2024-09-19,0.809,0.816,0.825,0.804,1099486622,896773102
2024-09-20,0.813,0.816,0.816,0.809,595942188,484399827
2024-09-23,0.816,0.816,0.820,0.812,642035900,523852272
2024-09-24,0.825,0.866,0.867,0.818,3128328771,2642177599
2024-09-25,0.884,0.882,0.905,0.878,3083614523,2746062952
2024-09-26,0.875,0.938,0.940,0.874,3403000968,3089546335
2024-09-27,0.966,1.006,1.008,0.948,2547927862,2477682110
2024-09-30,1.100,1.107,1.107,1.076,4557521809,5015074842
2024-10-08,1.218,1.218,1.218,1.218,1496078629,1822223770
2024-10-09,1.217,1.179,1.297,1.140,9228539842,11375262032
2024-10-10,1.200,1.113,1.200,1.098,5359103648,6074938829
2024-10-11,1.095,1.116,1.145,1.093,3624426364,4036513622
2024-10-14,1.127,1.124,1.135,1.063,3713624671,4087779888
2024-10-15,1.103,1.087,1.126,1.086,1997321366,2214938402
2024-10-16,1.067,1.094,1.122,1.065,1996428569,2184560509
2024-10-17,1.097,1.088,1.123,1.086,1488213654,1643842345
2024-10-18,1.083,1.169,1.197,1.076,3691042441,4203983466
2024-10-21,1.145,1.137,1.153,1.127,2509201896,2860041779
2024-10-22,1.134,1.146,1.156,1.131,1772848742,2024813412
2024-10-23,1.148,1.140,1.172,1.134,2175377100,2509842451
2024-10-24,1.132,1.138,1.145,1.125,1578480468,1793811567
2024-10-25,1.140,1.147,1.164,1.134,1770097582,2032447279
2024-10-28,1.146,1.149,1.155,1.140,1183706058,1357180903
2024-10-29,1.155,1.136,1.168,1.133,1646758538,1890111021
2024-10-30,1.131,1.133,1.146,1.120,1278310115,1448231854
2024-10-31,1.129,1.166,1.194,1.125,2806969848,3279074205
2024-11-01,1.160,1.153,1.188,1.150,1599155365,1866009495
2024-11-04,1.159,1.198,1.199,1.157,1877823183,2213493905
2024-11-05,1.200,1.265,1.277,1.182,3542451198,4399340435
2024-11-06,1.275,1.257,1.325,1.246,3773809557,4832009649
2024-11-07,1.236,1.364,1.374,1.231,4239026985,5552459819
2024-11-08,1.393,1.320,1.397,1.314,3392838944,4575118388
2024-11-11,1.300,1.321,1.331,1.288,2349442017,3082586305
2024-11-12,1.323,1.289,1.332,1.272,2187001300,2848769138
2024-11-13,1.277,1.286,1.300,1.262,1707118500,2185299785
2024-11-14,1.282,1.265,1.301,1.264,1615748784,2076010388
2024-11-15,1.266,1.215,1.276,1.214,1834061454,2279364689
2024-11-18,1.215,1.199,1.230,1.189,1728934670,2085945570
2024-11-19,1.205,1.225,1.227,1.189,1673832685,2021163728
2024-11-20,1.216,1.225,1.236,1.207,1572614900,1921106504
2024-11-21,1.223,1.237,1.248,1.217,1812504337,2233968111
2024-11-22,1.233,1.178,1.237,1.176,1721445600,2081482924
2024-11-25,1.177,1.167,1.182,1.148,1416774700,1649092706
2024-11-26,1.164,1.167,1.191,1.163,1016141800,1195319644
2024-11-27,1.165,1.196,1.197,1.160,1519708337,1791791312
2024-11-28,1.196,1.184,1.200,1.181,1128001400,1343246293
2024-11-29,1.183,1.216,1.253,1.179,2531494204,3081136360
2024-12-02,1.208,1.230,1.237,1.200,1493375215,1830947934
2024-12-03,1.228,1.229,1.240,1.213,1484765794,1819071829
2024-12-04,1.223,1.214,1.237,1.208,1054519369,1289236614
2024-12-05,1.212,1.228,1.238,1.211,1277257090,1567565281
2024-12-06,1.226,1.244,1.259,1.219,2087953800,2597186520
2024-12-09,1.240,1.232,1.248,1.219,1232670600,1520748827
2024-12-10,1.302,1.244,1.309,1.241,2590997749,3299411806
2024-12-11,1.240,1.241,1.252,1.232,1015630148,1261254812
2024-12-12,1.241,1.259,1.270,1.235,1678302640,2102311515
2024-12-13,1.247,1.219,1.247,1.218,1578647440,1943649621
2024-12-16,1.218,1.201,1.218,1.196,901975241,1086618077
2024-12-17,1.200,1.203,1.214,1.196,949246400,1143338205
2024-12-18,1.206,1.202,1.209,1.197,812921300,977573738
2024-12-19,1.188,1.198,1.201,1.185,982696929,1172801877
2024-12-20,1.195,1.203,1.213,1.195,1033574389,1244857139
2024-12-23,1.201,1.188,1.212,1.186,1077512810,1290854021
2024-12-24,1.187,1.209,1.211,1.187,1373772214,1649993115
2024-12-25,1.209,1.201,1.211,1.191,1270223900,1524961250
2024-12-26,1.200,1.204,1.208,1.198,917425700,1103730390
2024-12-27,1.204,1.213,1.233,1.202,1883148245,2291249818
2024-12-30,1.209,1.225,1.226,1.207,1497954758,1824302400
2024-12-31,1.225,1.170,1.225,1.167,1969973479,2354513225
2025-01-02,1.163,1.106,1.166,1.095,2068158296,2334990992
2025-01-03,1.106,1.076,1.110,1.075,1554134100,1692733949
2025-01-06,1.069,1.077,1.081,1.066,1066197100,1145180951
2025-01-07,1.079,1.089,1.090,1.071,1019333200,1101444829
2025-01-08,1.085,1.077,1.089,1.054,1305711900,1397272764
2025-01-09,1.073,1.073,1.085,1.070,695869400,749380134
2025-01-10,1.072,1.054,1.081,1.054,915198200,977482939
2025-01-13,1.041,1.057,1.062,1.040,824909900,868944467
2025-01-14,1.062,1.103,1.104,1.061,1816547079,1975227957
2025-01-15,1.095,1.090,1.099,1.089,890370100,973175904
2025-01-16,1.097,1.092,1.110,1.081,1108659400,1213517057
2025-01-17,1.086,1.094,1.101,1.084,939882074,1028252488
2025-01-20,1.107,1.099,1.114,1.096,1042354274,1151141422
2025-01-21,1.108,1.103,1.109,1.091,908375043,999324962
2025-01-22,1.100,1.097,1.103,1.090,858229335,939787230
2025-01-23,1.119,1.101,1.141,1.100,1962403123,2200067040
2025-01-24,1.098,1.114,1.121,1.095,1248864400,1387580204
2025-01-27,1.118,1.086,1.118,1.085,1083168599,1189833454
2025-02-05,1.095,1.086,1.097,1.082,787664500,857462673
2025-02-06,1.086,1.104,1.106,1.082,1347781576,1477151200
2025-02-07,1.103,1.128,1.145,1.100,2664633406,2994857733
2025-02-10,1.128,1.130,1.135,1.121,1335906000,1506889343
2025-02-11,1.129,1.120,1.129,1.112,1293487716,1446702806
2025-02-12,1.117,1.139,1.140,1.116,1494964000,1685189965
2025-02-13,1.135,1.131,1.150,1.127,1892210700,2151004201
2025-02-14,1.127,1.133,1.139,1.124,1355438700,1534011837
2025-02-17,1.145,1.139,1.149,1.131,1474930300,1683667027
2025-02-18,1.134,1.108,1.137,1.104,1719403100,1929024308
2025-02-19,1.107,1.122,1.126,1.105,1627082720,1820538365
2025-02-20,1.120,1.119,1.125,1.112,1244442500,1392780475
2025-02-21,1.122,1.141,1.147,1.112,3168155443,3592798652
2025-02-24,1.140,1.135,1.146,1.127,1787612653,2034333123
2025-02-25,1.124,1.117,1.130,1.115,1435733588,1611921448
2025-02-26,1.119,1.149,1.150,1.116,2813381588,3185619570
2025-02-27,1.138,1.144,1.152,1.122,3325501068,3779746755
2025-02-28,1.136,1.109,1.153,1.106,2318332185,2618025436
2025-03-03,1.111,1.105,1.120,1.099,3077785664,3419970110
2025-03-04,1.101,1.112,1.116,1.100,1212845651,1347703334
2025-03-05,1.113,1.112,1.118,1.102,1460417750,1621688742
2025-03-06,1.119,1.140,1.143,1.118,2596869986,2943362402
2025-03-07,1.133,1.120,1.133,1.117,1749354400,1969187782
2025-03-10,1.119,1.111,1.120,1.106,1204791300,1338085454
2025-03-11,1.102,1.114,1.115,1.100,1135112689,1257354563
2025-03-12,1.117,1.121,1.139,1.113,1871018153,2104484334
2025-03-13,1.120,1.114,1.130,1.108,1266406200,1414642505
2025-03-14,1.116,1.152,1.165,1.115,3571387743,4086409647
2025-03-17,1.154,1.139,1.155,1.138,1911100776,2182443499
2025-03-18,1.144,1.140,1.146,1.136,1301709200,1483838928
2025-03-19,1.139,1.139,1.147,1.136,1218309271,1388928720
2025-03-20,1.138,1.130,1.139,1.128,1166612500,1322263622
2025-03-21,1.128,1.111,1.134,1.108,1555053200,1740025324
2025-03-24,1.111,1.110,1.112,1.100,1211765099,1341233330
2025-03-25,1.110,1.107,1.112,1.103,870745393,963535150
2025-03-26,1.106,1.106,1.111,1.105,777146000,860546963
2025-03-27,1.105,1.107,1.116,1.098,1136707251,1259252187
2025-03-28,1.108,1.107,1.112,1.103,1052663000,1165750933
2025-03-31,1.104,1.085,1.108,1.081,1395817334,1524712976
2025-04-01,1.088,1.083,1.094,1.081,1195935835,1298829882
2025-04-02,1.083,1.088,1.093,1.081,864201700,940980920
2025-04-03,1.081,1.088,1.094,1.080,902953594,982486813
2025-04-07,1.040,0.979,1.050,0.979,2512060000,2518613268
2025-04-08,0.985,0.993,0.999,0.981,1652802991,1635594750
2025-04-09,0.982,1.014,1.023,0.972,2016643248,2020005149
2025-04-10,1.029,1.027,1.040,1.018,1535521761,1583468622
2025-04-11,1.023,1.031,1.040,1.022,1284736390,1322881830
2025-04-14,1.035,1.031,1.037,1.028,916687071,946179432
2025-04-15,1.030,1.026,1.031,1.022,748050817,766457690
2025-04-16,1.024,1.024,1.026,1.010,984666600,1002529626
2025-04-17,1.019,1.024,1.030,1.016,801872567,821585734
2025-04-18,1.022,1.031,1.035,1.021,1004460400,1032676099
2025-04-21,1.027,1.037,1.039,1.025,802908491,831013172
2025-04-22,1.034,1.035,1.042,1.033,846194637,877613822
2025-04-23,1.040,1.036,1.042,1.033,895600000,929057758
2025-04-24,1.036,1.032,1.040,1.029,865472001,895347413
2025-04-25,1.034,1.041,1.045,1.034,1121271889,1166166457
2025-04-28,1.039,1.033,1.039,1.028,683352766,705509322
2025-04-29,1.032,1.030,1.038,1.029,653594944,674835843
2025-04-30,1.032,1.033,1.041,1.031,690924776,715552712
2025-05-06,1.038,1.048,1.049,1.036,1044355219,1091357397
2025-05-07,1.078,1.055,1.086,1.050,1782928514,1899411828
2025-05-08,1.049,1.059,1.062,1.048,917032977,969718917
2025-05-09,1.057,1.046,1.057,1.043,864397650,905808145
2025-05-12,1.051,1.070,1.074,1.048,1697249996,1799273127
2025-05-13,1.076,1.062,1.079,1.060,1302818758,1390041460
2025-05-14,1.063,1.099,1.119,1.058,3494595175,3807905666
2025-05-15,1.089,1.079,1.096,1.078,1124474552,1219426176
2025-05-16,1.076,1.067,1.079,1.064,1048300848,1119774634
2025-05-19,1.066,1.068,1.071,1.060,582704082,620611569
2025-05-20,1.068,1.068,1.073,1.064,810926695,866309000
2025-05-21,1.068,1.065,1.071,1.064,720329395,768643378
2025-05-22,1.062,1.057,1.064,1.055,712199600,754410447
2025-05-23,1.056,1.043,1.063,1.042,1052853900,1108204451
2025-05-26,1.042,1.042,1.046,1.038,565638107,589255232
2025-05-27,1.042,1.042,1.043,1.036,579890600,603255095
2025-05-28,1.042,1.036,1.043,1.035,553036200,574182763
2025-05-29,1.037,1.049,1.051,1.036,1139486143,1192649964
2025-05-30,1.045,1.043,1.046,1.037,720722900,750613068
2025-06-03,1.038,1.052,1.058,1.037,983665270,1033148950
2025-06-04,1.049,1.065,1.070,1.049,1316949384,1400539407
2025-06-05,1.066,1.075,1.081,1.064,1479836203,1585870102
2025-06-06,1.075,1.068,1.079,1.066,712244400,762194851
2025-06-09,1.074,1.084,1.090,1.073,1445693956,1567834381
2025-06-10,1.084,1.070,1.084,1.062,1205496371,1294795577
2025-06-11,1.071,1.089,1.103,1.071,1764271624,1924321803
2025-06-12,1.083,1.087,1.100,1.081,1038635700,1131806381
2025-06-13,1.082,1.076,1.087,1.073,1022606200,1103171760
2025-06-16,1.073,1.092,1.093,1.072,1276252133,1385980590
2025-06-17,1.090,1.095,1.096,1.087,1030272977,1125735648
2025-06-18,1.094,1.082,1.094,1.076,1334157290,1443136521
2025-06-19,1.079,1.061,1.081,1.060,1370952800,1462680693
2025-06-20,1.062,1.059,1.067,1.059,567637200,602905707
2025-06-23,1.053,1.072,1.076,1.052,1060115152,1129547272
2025-06-24,1.073,1.099,1.108,1.073,2090669566,2291565382
2025-06-25,1.102,1.158,1.166,1.102,4268190000,4844540783
2025-06-26,1.159,1.138,1.159,1.136,2302416162,2640309914
2025-06-27,1.140,1.138,1.176,1.137,2451842831,2830523591
2025-06-30,1.139,1.136,1.141,1.125,1664068074,1886118012
2025-07-01,1.137,1.130,1.137,1.121,1185723821,1337006050
2025-07-02,1.129,1.124,1.132,1.121,1038879723,1169506972
2025-07-03,1.126,1.131,1.135,1.125,1088154239,1229794953
2025-07-04,1.130,1.131,1.152,1.121,1926628920,2187076180
2025-07-07,1.127,1.132,1.137,1.125,933173996,1056884302
2025-07-08,1.132,1.146,1.148,1.131,1576162141,1800398657
2025-07-09,1.146,1.141,1.156,1.138,1711589092,1963016322
2025-07-10,1.138,1.155,1.161,1.137,1675271078,1929070231
2025-07-11,1.159,1.181,1.206,1.155,3677984123,4360841728
2025-07-14,1.186,1.170,1.188,1.168,1683814544,1978247858
2025-07-15,1.172,1.164,1.180,1.158,1716963800,2002375115
2025-07-16,1.162,1.160,1.169,1.152,1289744700,1495512262
2025-07-17,1.160,1.166,1.168,1.156,1581106090,1836861570
2025-07-18,1.167,1.171,1.174,1.164,1404323834,1641528552
2025-07-21,1.169,1.187,1.190,1.165,2045147886,2414330346
2025-07-22,1.186,1.189,1.193,1.173,1891723309,2237733156
2025-07-23,1.192,1.199,1.222,1.192,3275874610,3945593247
2025-07-24,1.194,1.232,1.235,1.192,2884331435,3526718586
2025-07-25,1.233,1.227,1.240,1.224,1922325464,2365317384
2025-07-28,1.227,1.238,1.254,1.221,1835462399,2272824772
2025-07-29,1.233,1.243,1.244,1.213,2173684692,2669901497
2025-07-30,1.239,1.225,1.243,1.215,1926994510,2374194204
2025-07-31,1.218,1.198,1.231,1.192,2256878512,2734022539
2025-08-01,1.197,1.191,1.206,1.186,1686848285,2014661749
2025-08-04,1.186,1.193,1.194,1.184,1381573518,1642411621
2025-08-05,1.196,1.205,1.209,1.194,1791504876,2151252651
2025-08-06,1.204,1.210,1.212,1.200,1610921652,1943163023
2025-08-07,1.210,1.209,1.222,1.203,1688038496,2045713163
2025-08-08,1.207,1.199,1.208,1.196,1354539380,1627619165
2025-08-11,1.198,1.215,1.221,1.197,1906282600,2314334071
2025-08-12,1.216,1.221,1.222,1.211,1636432041,1992544852
2025-08-13,1.226,1.242,1.254,1.216,3180926730,3934486703
2025-08-14,1.243,1.241,1.268,1.238,2850282778,3566859398
2025-08-15,1.236,1.300,1.313,1.236,4083998919,5239395363
2025-08-18,1.309,1.317,1.340,1.286,3640979263,4784817712
2025-08-19,1.307,1.291,1.317,1.289,2360422191,3071948997
2025-08-20,1.284,1.303,1.304,1.271,2655956146,3423331204
2025-08-21,1.315,1.293,1.318,1.287,2343499894,3052625458
2025-08-22,1.288,1.338,1.340,1.287,3889650050,5125079068
2025-08-25,1.355,1.352,1.370,1.331,5015109371,6760891476
2025-08-26,1.343,1.335,1.351,1.332,2478037089,3325763929
2025-08-27,1.332,1.300,1.350,1.299,4085087662,5427564925
2025-08-28,1.300,1.326,1.327,1.288,3264593845,4264959201
2025-08-29,1.331,1.328,1.345,1.320,3703068906,4928544780
2025-09-01,1.331,1.314,1.334,1.308,2543071428,3348303077
2025-09-02,1.313,1.296,1.315,1.289,3507171682,4557034100
2025-09-03,1.303,1.250,1.305,1.242,3609472633,4584986158
2025-09-04,1.250,1.248,1.261,1.232,3234905391,4038285140
2025-09-05,1.250,1.257,1.260,1.236,2975882493,3715674437
2025-09-08,1.254,1.248,1.257,1.242,2071264074,2586810376
2025-09-09,1.248,1.247,1.261,1.244,2689459112,3363117155
2025-09-10,1.248,1.245,1.255,1.240,1738675380,2168659157
2025-09-11,1.241,1.284,1.285,1.238,4209790061,5334840542
2025-09-12,1.282,1.266,1.288,1.262,2711873072,3458111919
2025-09-15,1.266,1.262,1.275,1.257,2252819946,2853327538
2025-09-16,1.265,1.263,1.275,1.251,2669438680,3369172115
2025-09-17,1.263,1.269,1.280,1.260,3084986990,3915676711
2025-09-18,1.267,1.232,1.267,1.221,5423767180,6759573790
2025-09-19,1.226,1.221,1.232,1.218,2519449038,3085110222
2025-09-22,1.223,1.234,1.234,1.218,2126453933,2607596966
2025-09-23,1.226,1.212,1.227,1.200,3046000877,3689773040
2025-09-24,1.206,1.224,1.233,1.205,2809468291,3424415490
2025-09-25,1.222,1.224,1.233,1.220,2119086382,2599998440
2025-09-26,1.221,1.219,1.231,1.218,2004987251,2454590928
2025-09-29,1.216,1.280,1.309,1.215,6240516641,7891888990
2025-09-30,1.273,1.263,1.281,1.259,2942175854,3726644802
2025-10-09,1.258,1.267,1.276,1.244,3641087593,4590388782
2025-10-10,1.260,1.270,1.294,1.258,3329035559,4253964648
2025-10-13,1.241,1.254,1.258,1.240,3110521454,3881825653
2025-10-14,1.257,1.248,1.278,1.243,2821021789,3552663190
2025-10-15,1.252,1.265,1.265,1.238,3087127726,3866818336
2025-10-16,1.259,1.259,1.270,1.253,2499107984,3149885547
2025-10-17,1.259,1.233,1.269,1.231,3004188334,3754794699
2025-10-20,1.243,1.235,1.247,1.230,2031873398,2515499437
2025-10-21,1.237,1.246,1.263,1.236,3241904321,4047641681
2025-10-22,1.241,1.234,1.241,1.230,1698351258,2096095601
2025-10-23,1.234,1.245,1.246,1.221,2360978974,2909074339
2025-10-24,1.247,1.257,1.258,1.242,2588219917,3235565121
2025-10-27,1.270,1.272,1.279,1.262,3833471894,4872389284
2025-10-28,1.268,1.264,1.276,1.261,2349115462,2975580534
2025-10-29,1.263,1.292,1.297,1.262,4032398920,5174660601
2025-10-30,1.287,1.267,1.288,1.266,3691574085,4717239566
2025-10-31,1.272,1.254,1.274,1.254,2735295877,3449455246
2025-11-03,1.251,1.249,1.252,1.235,2483907085,3087754121
2025-11-04,1.245,1.243,1.250,1.237,2598076599,3230601911
2025-11-05,1.236,1.240,1.245,1.234,1807016366,2242872478
2025-11-06,1.242,1.254,1.262,1.242,2312382175,2897924203
2025-11-07,1.250,1.244,1.252,1.243,1824266241,2273793236
2025-11-10,1.243,1.260,1.265,1.240,2875732170,3601909743
2025-11-11,1.260,1.245,1.263,1.244,1755176979,2193258125
2025-11-12,1.245,1.238,1.246,1.231,1728731130,2141379198
2025-11-13,1.235,1.248,1.249,1.233,2106230368,2616441070
2025-11-14,1.240,1.232,1.245,1.232,1523031801,1887136590
2025-11-17,1.230,1.218,1.231,1.216,2090480791,2553181562
2025-11-18,1.218,1.220,1.229,1.217,1496824649,1829062723
2025-11-19,1.220,1.221,1.230,1.215,1572459022,1922002540
2025-11-20,1.243,1.217,1.247,1.216,4384711833,5396038309
2025-11-21,1.206,1.173,1.212,1.172,3098961406,3687336346
2025-11-24,1.178,1.175,1.182,1.169,1556749048,1829998549
2025-11-25,1.178,1.179,1.186,1.176,1518386323,1792576054
2025-11-26,1.179,1.176,1.182,1.173,1416594932,1668110290
2025-11-27,1.176,1.175,1.184,1.172,1487800743,1752794870
2025-11-28,1.173,1.180,1.181,1.168,1750585658,2058513909
2025-12-01,1.176,1.183,1.186,1.175,1639845259,1936857216
2025-12-02,1.181,1.172,1.183,1.171,1136875401,1335450547
2025-12-03,1.175,1.161,1.178,1.159,1455245970,1697594174
2025-12-04,1.161,1.164,1.171,1.157,1126846206,1311804836
2025-12-05,1.164,1.194,1.203,1.163,2998874996,3554658694
2025-12-08,1.210,1.217,1.236,1.210,4152395130,5084128597
2025-12-09,1.209,1.201,1.215,1.199,1418826609,1710795753
2025-12-10,1.199,1.206,1.209,1.191,1600304076,1920248238
2025-12-11,1.206,1.190,1.208,1.188,1354072022,1620036820
2025-12-12,1.191,1.196,1.205,1.185,1584940840,1893536053
2025-12-15,1.190,1.202,1.217,1.189,1692564547,2039824741
2025-12-16,1.200,1.193,1.206,1.192,1441690356,1725808872
2025-12-17,1.193,1.218,1.229,1.188,2321874390,2803687760
2025-12-18,1.217,1.206,1.217,1.204,1463828151,1769475198
2025-12-19,1.205,1.211,1.219,1.201,1384723957,1677256100
2025-12-22,1.209,1.211,1.215,1.206,1203512759,1457919230
2025-12-23,1.211,1.207,1.218,1.205,1273788784,1542732392
2025-12-24,1.205,1.218,1.219,1.204,1538170880,1866236652
2025-12-25,1.216,1.221,1.225,1.214,1458868823,1780834566
2025-12-26,1.219,1.229,1.242,1.219,2066264130,2544238417
2025-12-29,1.227,1.222,1.230,1.218,1407141154,1722097797
2025-12-30,1.218,1.216,1.227,1.215,1458722329,1777374081
2025-12-31,1.218,1.211,1.228,1.211,1472740621,1794838136
2026-01-05,1.215,1.235,1.235,1.214,2372722500,2912131061
2026-01-06,1.235,1.286,1.288,1.233,4886009770,6201135595
2026-01-07,1.287,1.267,1.287,1.258,2769776086,3521136669
2026-01-08,1.258,1.233,1.258,1.229,3914711544,4849043909
2026-01-09,1.233,1.237,1.243,1.228,2578785208,3185247544
2026-01-12,1.236,1.254,1.255,1.230,3265140568,4059436730
2026-01-13,1.259,1.246,1.272,1.241,2408005492,3025200443
2026-01-14,1.244,1.237,1.275,1.230,3745812236,4694708202
2026-01-15,1.231,1.218,1.239,1.214,2779154313,3401085771
2026-01-16,1.224,1.208,1.228,1.205,2093877308,2541254299
2026-01-19,1.205,1.203,1.208,1.198,1935889990,2326263634
2026-01-20,1.202,1.207,1.210,1.200,1831061010,2207463316
2026-01-21,1.204,1.201,1.209,1.198,1705334696,2050937669
2026-01-22,1.202,1.203,1.212,1.200,1554791484,1871610743
2026-01-23,1.205,1.200,1.208,1.197,1808281951,2173364060
2026-01-26,1.200,1.211,1.225,1.198,2750051483,3332134828
2026-01-27,1.209,1.197,1.209,1.189,1897201968,2272880201
2026-01-28,1.199,1.197,1.206,1.195,1684893572,2022013726
2026-01-29,1.194,1.212,1.214,1.182,2628319323,3143989238
2026-01-30,1.207,1.194,1.211,1.190,1910400492,2289540707
2026-02-02,1.192,1.178,1.207,1.175,2130048681,2536826014
2026-02-03,1.185,1.174,1.186,1.163,2032244777,2381236498
2026-02-04,1.171,1.191,1.193,1.170,2023635583,2393347827
2026-02-05,1.185,1.193,1.200,1.182,1609912566,1917192584
2026-02-06,1.186,1.186,1.195,1.183,1178919563,1401587307
2026-02-09,1.192,1.197,1.198,1.189,1241763316,1484224562
2026-02-10,1.198,1.196,1.200,1.194,848931272,1016271526
2026-02-11,1.196,1.194,1.198,1.190,856631891,1022721283
2026-02-12,1.193,1.185,1.194,1.184,988356605,1173270355
2026-02-13,1.186,1.174,1.191,1.173,1275963881,1507505844
2026-02-24,1.178,1.172,1.180,1.171,907896678,1065768107
2026-02-25,1.173,1.179,1.189,1.172,1818547504,2149859482
2026-02-26,1.178,1.166,1.179,1.163,1679406811,1962662123
2026-02-27,1.165,1.169,1.172,1.161,1276414797,1488485142
2026-03-02,1.160,1.154,1.162,1.145,1772643597,2045465816
2026-03-03,1.155,1.144,1.165,1.141,1956086721,2254801455
2026-03-04,1.137,1.115,1.137,1.114,2115301452,2376903704
2026-03-05,1.125,1.117,1.127,1.114,1310727433,1468057562
2026-03-06,1.114,1.131,1.135,1.113,1397200158,1573379272
2026-03-09,1.115,1.112,1.117,1.105,1555897796,1728872781
2026-03-10,1.118,1.120,1.126,1.116,1102632438,1234941869
2026-03-11,1.121,1.123,1.126,1.115,1100389093,1233913351
2026-03-12,1.119,1.121,1.126,1.116,890337037,997930427
2026-03-13,1.117,1.112,1.125,1.111,1327370127,1482433329
2026-03-16,1.110,1.106,1.112,1.100,1504926475,1662033766
2026-03-17,1.107,1.118,1.140,1.107,2572628300,2896485813
2026-03-18,1.116,1.114,1.118,1.108,1382438936,1536868608
2026-03-19,1.105,1.101,1.110,1.097,1786515187,1970709398
2026-03-20,1.102,1.083,1.104,1.081,1635380378,1784450197
2026-03-23,1.069,1.036,1.069,1.031,2543259649,2669918668
2026-03-24,1.045,1.047,1.055,1.033,1538565934,1607215270
2026-03-25,1.051,1.059,1.067,1.048,1527308146,1614004003
2026-03-26,1.055,1.035,1.058,1.033,1367989300,1426105505
2026-03-27,1.029,1.041,1.047,1.027,1139388704,1183988544
2026-03-30,1.029,1.037,1.039,1.025,1116913868,1154199948
2026-03-31,1.037,1.029,1.049,1.027,1396964216,1447753677
2026-04-01,1.040,1.045,1.046,1.035,1309417270,1364398682
2026-04-02,1.041,1.025,1.041,1.022,1240146700,1277492968
2026-04-03,1.028,1.016,1.031,1.016,1034509548,1057174276
2026-04-07,1.016,1.015,1.021,1.010,817692066,830074551
2026-04-08,1.032,1.054,1.056,1.031,2392383840,2498756095
2026-04-09,1.044,1.031,1.045,1.029,1424506978,1475119051
2026-04-10,1.043,1.068,1.091,1.043,4059279419,4357001779
2026-04-13,1.060,1.075,1.084,1.058,1691118557,1817034647
2026-04-14,1.083,1.081,1.086,1.067,1440783162,1550549952
2026-04-15,1.084,1.073,1.086,1.072,1171114299,1261625410
2026-04-16,1.077,1.081,1.089,1.075,1569104794,1696207779
2026-04-17,1.078,1.076,1.081,1.070,1083969087,1164918020
2026-04-20,1.078,1.075,1.080,1.072,1115646039,1200542488
2026-04-21,1.072,1.066,1.073,1.064,1077791620,1150286825
2026-04-22,1.062,1.075,1.085,1.062,1712578726,1840994766
2026-04-23,1.073,1.066,1.078,1.062,1383705848,1478372420
2026-04-24,1.063,1.056,1.064,1.050,1207591956,1273891705
2026-04-27,1.057,1.057,1.070,1.055,1478365490,1568147013
2026-04-28,1.058,1.070,1.082,1.058,1964160991,2105828179
2026-04-29,1.067,1.076,1.077,1.065,1351580409,1447058496
2026-04-30,1.074,1.078,1.095,1.074,1972446204,2134179756
2026-05-06,1.080,1.094,1.100,1.080,2248811412,2454774563
2026-05-07,1.100,1.089,1.101,1.082,2096449485,2278904683
2026-05-08,1.084,1.080,1.089,1.076,1332152865,1440539648
2026-05-11,1.077,1.097,1.104,1.073,3058299784,3334951982
2026-05-12,1.097,1.102,1.111,1.090,2625639736,2891713808
2026-05-13,1.097,1.095,1.102,1.084,1865663096,2034955285
2026-05-14,1.096,1.071,1.098,1.071,2003356063,2173890535
2026-05-15,1.070,1.048,1.072,1.044,2234819180,2363821021
2026-05-18,1.045,1.047,1.055,1.041,1456350957,1525665819
2026-05-19,1.047,1.056,1.059,1.039,1580041757,1657412200
2026-05-20,1.050,1.049,1.057,1.046,1165004202,1224156374
2026-05-21,1.056,1.054,1.092,1.052,3651656595,3931361091
2026-05-22,1.055,1.037,1.060,1.034,2198977426,2286674222
2026-05-25,1.041,1.045,1.052,1.034,1621501656,1689914741
2026-05-26,1.043,1.056,1.067,1.039,2350140597,2478195656
2026-05-27,1.051,1.043,1.065,1.037,2016245819,2113670911
2026-05-28,1.041,1.021,1.043,1.015,2431996901,2491566922
2026-05-29,1.023,1.033,1.048,1.022,2744345380,2846651872
2026-06-01,1.031,1.035,1.042,1.025,1339632740,1385419087
2026-06-02,1.033,1.037,1.042,1.025,1911499496,1974212819
2026-06-03,1.033,1.035,1.044,1.025,2005198697,2075978583
2026-06-04,1.028,1.022,1.040,1.015,1865661993,1911844432
2026-06-05,1.022,1.016,1.033,1.014,1757909361,1798315874
2026-06-08,1.006,1.001,1.017,0.996,2161111221,2173942352
2026-06-09,1.001,1.005,1.005,0.993,1527782033,1527536448
2026-06-10,1.000,1.018,1.021,0.997,2275161620,2298897524
2026-06-11,1.015,1.008,1.028,0.999,1736306694,1755159423
2026-06-12,1.009,1.045,1.048,1.005,3416633001,3526136090
2026-06-15,1.050,1.072,1.099,1.048,4310304417,4635689629
2026-06-16,1.063,1.082,1.088,1.060,2156485837,2321922435
2026-06-17,1.079,1.081,1.092,1.075,2120140777,2292862175
2026-06-18,1.076,1.050,1.079,1.048,2526933745,2679254414
2026-06-22,1.045,1.131,1.132,1.045,5112703846,5604924670
2026-06-23,1.127,1.131,1.160,1.123,4349564356,4972808788
2026-06-24,1.124,1.111,1.150,1.106,3088978861,3457818554
2026-06-25,1.109,1.149,1.157,1.100,3698637079,4191767414
2026-06-26,1.142,1.107,1.157,1.105,3857875751,4350107811
2026-06-29,1.114,1.123,1.137,1.107,2793949318,3128267243
2026-06-30,1.116,1.126,1.132,1.109,2589612572,2900529822
2026-07-01,1.122,1.176,1.191,1.119,4877862882,5673226696
2026-07-02,1.175,1.150,1.177,1.145,3454319339,3986951361
2026-07-03,1.154,1.155,1.159,1.139,2695120258,3096736116
2026-07-06,1.174,1.160,1.177,1.148,2775579968,3213293655
2026-07-07,1.157,1.123,1.157,1.120,2900215644,3286962037
2026-07-08,1.123,1.111,1.133,1.110,2212882097,2475706523
2026-07-09,1.114,1.132,1.136,1.108,2653328566,2972534780
2026-07-10,1.128,1.110,1.128,1.110,2741098784,3060637128
2026-07-13,1.107,1.098,1.115,1.094,2402187981,2650344348
2026-07-14,1.098,1.104,1.104,1.085,2151160181,2355456162
2026-07-15,1.102,1.130,1.139,1.100,2961231428,3318140924
2026-07-16,1.122,1.113,1.127,1.109,2531703771,2820376217
2026-07-17,1.110,1.097,1.123,1.094,3548924667,3938886957
2026-07-20,1.100,1.118,1.126,1.100,2696208405,3005524368
2026-07-21,1.123,1.123,1.131,1.106,2644764254,2957274724
2026-07-22,1.115,1.114,1.119,1.103,2076473376,2309127598
2026-07-23,1.115,1.128,1.131,1.111,2188663497,2452830869
2026-07-24,1.121,1.099,1.123,1.098,2214777353,2457657971
2026-07-27,1.102,1.104,1.106,1.087,1407654716,1546022906
2026-07-28,1.098,1.085,1.098,1.081,1802555263,1961468910
2026-07-29,1.087,1.106,1.111,1.084,2340037752,2571429213
2026-07-30,1.101,1.106,1.116,1.097,1717035527,1899414891
2026-07-31,1.107,1.107,1.116,1.105,1665094212,1848579577
2026-08-03,1.097,1.105,1.106,1.095,1207493668,1329647958
2026-08-04,1.107,1.104,1.110,1.100,1514533106,1671614612
2026-08-05,1.103,1.109,1.114,1.099,2166376445,2401502876
2026-08-06,1.104,1.096,1.108,1.092,1921890653,2109803529
2026-08-07,1.093,1.096,1.096,1.089,1634394305,1785007481
2026-08-10,1.097,1.099,1.105,1.096,1369495421,1506296692
2026-08-11,1.099,1.093,1.104,1.092,1383602484,1518742463
2026-08-12,1.092,1.097,1.099,1.088,1425745880,1559926418
2026-08-13,1.098,1.101,1.113,1.097,2282006736,2523425808
2026-08-14,1.099,1.087,1.105,1.086,2252724144,2460773404
2026-08-17,1.085,1.093,1.094,1.081,1457882341,1586933639
2026-08-18,1.091,1.077,1.092,1.073,2065187500,2228529594
2026-08-19,1.074,1.062,1.081,1.060,1881389741,2009590618
2026-08-20,1.065,1.063,1.068,1.057,1297345844,1376685592
2026-08-21,1.062,1.063,1.067,1.056,1060498974,1126079249
2026-08-24,1.063,1.067,1.073,1.061,1402946064,1496886965
2026-08-25,1.066,1.067,1.070,1.061,952558664,1014453356
2026-08-26,1.066,1.096,1.098,1.065,2998729418,3263379118
2026-08-27,1.092,1.106,1.108,1.089,2445391661,2689721813
2026-08-28,1.105,1.104,1.109,1.099,1738862383,1919491996
2026-08-31,1.101,1.105,1.108,1.090,1682311613,1847881081
2026-09-01,1.103,1.113,1.117,1.100,1815822470,2017332622
2026-09-02,1.108,1.090,1.109,1.089,1670955743,1828875696
2026-09-03,1.092,1.098,1.111,1.090,1778568976,1960710626
2026-09-04,1.102,1.105,1.117,1.102,2238888799,2487065471
2026-09-07,1.106,1.091,1.110,1.090,1521612126,1667626748
2026-09-08,1.093,1.085,1.097,1.083,1394775097,1519259169
2026-09-09,1.084,1.085,1.086,1.078,1173773800,1269943044
2026-09-10,1.081,1.091,1.094,1.078,1471910575,1601203062
2026-09-11,1.085,1.058,1.086,1.054,2204665315,2339147393
2026-09-14,1.053,1.052,1.056,1.048,1131486376,1190770738
2026-09-15,1.053,1.047,1.056,1.047,964153467,1012549331
2026-09-16,1.047,1.054,1.058,1.038,1365153486,1430885122
2026-09-17,1.049,1.042,1.054,1.042,1143691264,1196124183
2026-09-18,1.047,1.057,1.059,1.047,1379691413,1453471501
2026-09-21,1.059,1.068,1.070,1.056,1332142179,1414051281
2026-09-22,1.071,1.069,1.077,1.068,1255622993,1346019783
2026-09-23,1.069,1.065,1.073,1.062,883895044,942633836
2026-09-24,1.062,1.046,1.063,1.043,1241579260,1304745989
2026-09-28,1.043,1.025,1.044,1.022,1426155823,1469233899
2026-09-29,1.025,1.025,1.030,1.024,790282229,811818821
2026-09-30,1.028,1.029,1.031,1.024,961656900,988006776
