date,open,high,low,close,volume,turnover
2016-06-01,1.577,1.577,1.582,1.576,721700,1138848
2016-06-02,1.571,1.571,1.576,1.570,923800,1453308
2016-06-03,1.575,1.571,1.576,1.569,720500,1132053
2016-06-06,1.565,1.560,1.565,1.560,1067900,1667918
2016-06-07,1.570,1.566,1.571,1.562,763000,1194289
2016-06-08,1.565,1.560,1.565,1.560,791400,1236007
2016-06-13,1.555,1.540,1.555,1.536,1817800,2800094
2016-06-14,1.538,1.539,1.541,1.533,550300,845327
2016-06-15,1.539,1.550,1.550,1.536,600800,927418
2016-06-16,1.548,1.548,1.548,1.541,275200,425037
2016-06-17,1.548,1.550,1.554,1.546,584800,905572
2016-06-20,1.550,1.554,1.555,1.537,376800,583430
2016-06-21,1.556,1.546,1.561,1.538,1517600,2344054
2016-06-22,1.548,1.541,1.548,1.541,261300,403484
2016-06-23,1.546,1.544,1.551,1.541,338500,522996
2016-06-24,1.554,1.530,1.559,1.500,2837297,4342549
2016-06-27,1.509,1.525,1.530,1.492,2132000,3204882
2016-06-28,1.511,1.522,1.523,1.495,1859375,2815901
2016-06-29,1.530,1.525,1.534,1.521,3217000,4904580
2016-06-30,1.534,1.537,1.538,1.532,2042100,3134984
2016-07-01,1.545,1.550,1.554,1.545,3483000,5400813
2016-07-04,1.552,1.557,1.560,1.548,2310050,3588059
2016-07-05,1.556,1.555,1.556,1.551,315450,489974
2016-07-06,1.550,1.551,1.552,1.545,1422800,2201685
2016-07-07,1.559,1.568,1.569,1.557,3066550,4796713
2016-07-08,1.570,1.567,1.575,1.566,1265550,1985754
2016-07-11,1.584,1.597,1.597,1.584,2236000,3560183
2016-07-12,1.599,1.603,1.607,1.599,2655794,4259354
2016-07-13,1.609,1.610,1.615,1.609,668400,1077618
2016-07-14,1.608,1.608,1.612,1.606,1711966,2752032
2016-07-15,1.612,1.621,1.623,1.612,907800,1470878
2016-07-18,1.620,1.619,1.620,1.613,1002694,1620675
2016-07-19,1.623,1.633,1.633,1.623,1964259,3200063
2016-07-20,1.632,1.631,1.632,1.625,792200,1290235
2016-07-21,1.643,1.644,1.649,1.641,1391800,2290063
2016-07-22,1.646,1.637,1.646,1.637,415600,681487
2016-07-25,1.642,1.643,1.655,1.641,528200,868566
2016-07-26,1.642,1.647,1.648,1.637,485600,798694
2016-07-27,1.648,1.649,1.651,1.645,765772,1261580
2016-07-28,1.651,1.656,1.656,1.651,538900,892027
2016-07-29,1.659,1.665,1.665,1.659,1055600,1754066
2016-08-01,1.742,1.670,1.742,1.665,850200,1423337
2016-08-02,1.671,1.678,1.684,1.671,700900,1174009
2016-08-03,1.663,1.654,1.664,1.654,1510100,2502615
2016-08-04,1.660,1.656,1.662,1.653,536166,888488
2016-08-05,1.660,1.668,1.669,1.660,981071,1633364
2016-08-08,1.678,1.688,1.729,1.678,648100,1092094
2016-08-09,1.685,1.695,1.695,1.681,600200,1013616
2016-08-10,1.704,1.700,1.707,1.692,1506200,2553400
2016-08-11,1.700,1.693,1.700,1.688,818400,1384433
2016-08-12,1.697,1.702,1.706,1.694,1521600,2585621
2016-08-15,1.701,1.698,1.702,1.690,742100,1261366
2016-08-16,1.708,1.702,1.713,1.699,486700,828085
2016-08-17,1.698,1.688,1.698,1.685,707300,1193459
2016-08-18,1.690,1.692,1.693,1.686,505200,853080
2016-08-19,1.692,1.691,1.692,1.688,413275,698288
2016-08-22,1.689,1.691,1.694,1.687,325200,549912
2016-08-23,1.694,1.703,1.703,1.694,287200,488219
2016-08-24,1.705,1.707,1.708,1.703,529400,902793
2016-08-25,1.698,1.695,1.698,1.686,831600,1406660
2016-08-26,1.695,1.699,1.699,1.695,463900,786926
2016-08-29,1.699,1.694,1.699,1.690,257700,436865
2016-08-30,1.698,1.703,1.704,1.698,472500,804359
2016-08-31,1.703,1.693,1.703,1.691,658500,1114747
2016-09-01,1.693,1.695,1.696,1.688,256600,434507
2016-09-02,1.694,1.694,1.695,1.691,161500,273338
2016-09-05,1.709,1.704,1.709,1.698,788001,1342274
2016-09-06,1.704,1.710,1.711,1.701,766600,1308507
2016-09-07,1.719,1.722,1.722,1.710,680600,1169497
2016-09-08,1.722,1.717,1.728,1.710,1600200,2743079
2016-09-09,1.714,1.715,1.715,1.703,394300,673519
2016-09-12,1.680,1.661,1.685,1.651,2082566,3458650
2016-09-13,1.686,1.685,1.695,1.682,949032,1600848
2016-09-14,1.667,1.672,1.674,1.663,744760,1243597
2016-09-19,1.686,1.712,1.712,1.686,851800,1449340
2016-09-20,1.709,1.701,1.709,1.697,504500,857383
2016-09-21,1.718,1.701,1.718,1.697,445500,756884
2016-09-22,1.712,1.728,1.730,1.712,848600,1463392
2016-09-23,1.735,1.773,1.775,1.735,970800,1706771
2016-09-26,1.736,1.745,1.760,1.720,1516900,2629664
2016-09-27,1.727,1.722,1.738,1.716,1827600,3155273
2016-09-28,1.740,1.724,1.743,1.720,1884900,3252543
2016-09-29,1.726,1.724,1.728,1.723,1266500,2184219
2016-09-30,1.720,1.707,1.720,1.706,1592700,2720684
2016-10-10,1.714,1.721,1.723,1.714,965601,1659314
2016-10-11,1.730,1.743,1.745,1.729,2320801,4031479
2016-10-12,1.720,1.740,1.749,1.718,1187800,2061178
2016-10-13,1.740,1.735,1.743,1.720,1823800,3152447
2016-10-14,1.732,1.734,1.736,1.722,460700,796939
2016-10-17,1.734,1.717,1.734,1.713,2879100,4939080
2016-10-18,1.717,1.717,1.724,1.712,954700,1637263
2016-10-19,1.718,1.725,1.726,1.718,509600,878257
2016-10-20,1.725,1.733,1.733,1.723,1085100,1875678
2016-10-21,1.731,1.728,1.731,1.725,869300,1502693
2016-10-24,1.729,1.739,1.739,1.729,990201,1719340
2016-10-25,1.754,1.762,1.763,1.753,1154600,2031555
2016-10-26,1.759,1.751,1.759,1.747,1137900,1991352
2016-10-27,1.749,1.738,1.749,1.735,959300,1667562
2016-10-28,1.738,1.737,1.738,1.730,384300,666882
2016-10-31,1.733,1.734,1.735,1.728,945500,1636608
2016-11-01,1.735,1.738,1.738,1.730,562100,974534
2016-11-02,1.725,1.719,1.725,1.712,1532600,2631266
2016-11-03,1.710,1.702,1.710,1.698,2005900,3416937
2016-11-04,1.683,1.706,1.706,1.679,2304400,3893920
2016-11-07,1.709,1.727,1.728,1.709,1024100,1762384
2016-11-08,1.738,1.723,1.750,1.721,2258000,3905161
2016-11-09,1.727,1.674,1.731,1.630,5490599,9280700
2016-11-10,1.719,1.732,1.739,1.712,5888399,10170075
2016-11-11,1.723,1.709,1.723,1.706,2205600,3773172
2016-11-14,1.713,1.719,1.720,1.713,1300867,2233445
2016-11-15,1.718,1.703,1.718,1.695,1637001,2794046
2016-11-16,1.718,1.733,1.733,1.718,1848300,3195756
2016-11-17,1.734,1.739,1.742,1.733,9222400,16043887
2016-11-18,1.749,1.759,1.760,1.747,23553866,41278336
2016-11-21,1.753,1.752,1.760,1.751,25641100,44996466
2016-11-22,1.769,1.778,1.780,1.769,5303100,9429084
2016-11-23,1.780,1.779,1.782,1.776,10576100,18824051
2016-11-24,1.780,1.782,1.782,1.771,3878200,6884068
2016-11-25,1.782,1.800,1.849,1.773,3072300,5585855
2016-11-28,1.800,1.814,1.824,1.792,1096500,1990696
2016-11-29,1.808,1.797,1.808,1.780,2634900,4722353
2016-11-30,1.797,1.790,1.797,1.783,1901700,3401284
2016-12-01,1.783,1.768,1.783,1.758,2995300,5286249
2016-12-02,1.745,1.755,1.755,1.744,1448401,2533291
2016-12-05,1.755,1.753,1.756,1.730,2137800,3720789
2016-12-06,1.785,1.769,1.785,1.761,2435000,4313081
2016-12-07,1.775,1.767,1.784,1.759,6141301,10870664
2016-12-08,1.784,1.801,1.810,1.774,4565269,8162124
2016-12-09,1.804,1.784,1.804,1.780,4517500,8107260
2016-12-12,1.790,1.794,1.815,1.790,7871300,14159921
2016-12-13,1.793,1.794,1.796,1.782,9975000,17844336
2016-12-14,1.822,1.808,1.822,1.807,3721200,6737251
2016-12-15,1.800,1.810,1.815,1.793,3563961,6415400
2016-12-16,1.818,1.818,1.828,1.817,2539200,4625939
2016-12-19,1.817,1.813,1.818,1.810,5677600,10303911
2016-12-20,1.814,1.816,1.822,1.813,2875301,5224444
2016-12-21,1.821,1.846,1.846,1.821,14773401,27027681
2016-12-22,1.834,1.838,1.846,1.828,102718200,189159589
2016-12-23,1.825,1.836,1.844,1.825,13060400,24004702
2016-12-26,1.839,1.865,1.887,1.838,5211800,9735886
2016-12-27,1.872,1.834,1.880,1.825,3926800,7254098
2016-12-28,1.851,1.843,1.851,1.834,9517800,17490164
2016-12-29,1.830,1.825,1.832,1.823,8453400,15447422
2016-12-30,1.821,1.817,1.825,1.813,5549166,10100661
2017-01-03,1.806,1.801,1.806,1.784,4852198,8713022
2017-01-04,1.813,1.812,1.814,1.808,2705700,4901184
2017-01-05,1.820,1.811,1.831,1.811,1892400,3438999
2017-01-06,1.811,1.812,1.814,1.809,1323500,2396898
2017-01-09,1.822,1.823,1.825,1.817,2614800,4759966
2017-01-10,1.828,1.832,1.832,1.822,1983700,3627216
2017-01-11,1.838,1.842,1.844,1.838,1660000,3057784
2017-01-12,1.849,1.840,1.850,1.840,1249700,2305919
2017-01-13,1.835,1.837,1.839,1.832,1526000,2799051
2017-01-16,1.839,1.845,1.847,1.839,2229100,4109495
2017-01-17,1.845,1.836,1.845,1.834,1723800,3169381
2017-01-18,1.827,1.832,1.833,1.823,2288900,4182459
2017-01-19,1.827,1.833,1.841,1.826,1305600,2393210
2017-01-20,1.830,1.833,1.835,1.828,769700,1409408
2017-01-23,1.830,1.830,1.836,1.827,1387600,2539000
2017-01-24,1.829,1.836,1.836,1.827,580800,1063802
2017-01-25,1.839,1.851,1.852,1.839,1694800,3132277
2017-01-26,1.865,1.881,1.881,1.865,3329500,6241888
2017-02-03,1.864,1.868,1.870,1.856,1885200,3515013
2017-02-06,1.871,1.874,1.880,1.864,1998600,3738904
2017-02-07,1.872,1.874,1.876,1.869,1253500,2346471
2017-02-08,1.883,1.889,1.889,1.879,1842900,3473989
2017-02-09,1.889,1.894,1.897,1.883,1949300,3692507
2017-02-10,1.897,1.913,1.913,1.897,3077700,5863140
2017-02-13,1.918,1.916,1.918,1.910,2870900,5494623
2017-02-14,1.932,1.915,1.933,1.913,1875000,3606183
2017-02-15,1.925,1.929,1.930,1.917,3241200,6241262
2017-02-16,1.937,1.938,1.943,1.937,2726400,5287710
2017-02-17,1.937,1.931,1.938,1.924,2020400,3899333
2017-02-20,1.935,1.937,1.940,1.932,3583600,6938783
2017-02-21,1.940,1.939,1.943,1.937,2126100,4122890
2017-02-22,1.947,1.965,1.965,1.947,3150100,6161421
2017-02-23,1.966,1.963,1.969,1.955,2202600,4319007
2017-02-24,1.952,1.957,1.966,1.951,2744200,5367793
2017-02-27,1.958,1.947,1.958,1.945,2161300,4213727
2017-02-28,1.952,1.955,1.957,1.949,2584100,5046491
2017-03-01,1.947,1.947,1.948,1.941,2382800,4633385
2017-03-02,1.977,1.989,2.054,1.965,11853801,23451360
2017-03-03,1.975,1.978,1.981,1.966,7962600,15705342
2017-03-06,1.977,2.020,2.022,1.972,8258000,16500351
2017-03-07,2.000,1.993,2.016,1.971,6838400,13665871
2017-03-08,1.984,1.978,1.986,1.971,3677100,7267591
2017-03-09,1.980,1.979,1.988,1.965,4773300,9424124
2017-03-10,1.979,1.995,1.996,1.975,3939700,7822566
2017-03-13,2.004,2.010,2.015,2.000,3761100,7548086
2017-03-14,2.014,2.025,2.027,2.013,2483518,5016013
2017-03-15,2.015,2.019,2.019,2.002,1678709,3376971
2017-03-16,2.030,2.040,2.049,2.030,3452500,7047141
2017-03-17,2.040,2.034,2.040,2.026,3378000,6862948
2017-03-20,2.034,2.028,2.035,2.024,2519900,5109712
2017-03-21,2.030,2.040,2.040,2.026,1466700,2983199
2017-03-22,1.999,1.977,1.999,1.975,7153600,14215531
2017-03-23,1.987,1.982,1.995,1.978,2331700,4630402
2017-03-24,1.982,1.955,1.982,1.945,5260302,10292726
2017-03-27,1.953,1.936,1.953,1.934,4549700,8835952
2017-03-28,1.940,1.959,1.960,1.940,2557200,4997039
2017-03-29,1.977,1.990,1.990,1.977,2340400,4645448
2017-03-30,2.006,1.992,2.007,1.982,4120100,8192957
2017-03-31,2.000,2.007,2.008,1.991,3001200,6009840
2017-04-05,2.000,1.990,2.000,1.987,3872300,7711554
2017-04-06,1.972,1.969,1.986,1.963,3179000,6259509
2017-04-07,1.974,1.963,1.974,1.963,3037637,5978726
2017-04-10,1.964,1.972,1.975,1.963,1661300,3271461
2017-04-11,1.975,1.969,1.976,1.966,1579300,3110727
2017-04-12,1.970,1.968,1.970,1.960,965334,1895545
2017-04-13,1.963,1.954,1.963,1.952,1354800,2647448
2017-04-14,1.949,1.935,1.949,1.933,2999100,5811119
2017-04-17,1.932,1.936,1.937,1.907,1837700,3539329
2017-04-18,1.951,1.964,1.968,1.951,3358500,6577888
2017-04-19,1.960,1.952,1.963,1.950,1526000,2981430
2017-04-20,1.955,1.949,1.956,1.945,2368200,4616994
2017-04-21,1.970,1.968,1.973,1.966,4221500,8311299
2017-04-24,1.970,1.984,1.987,1.969,3980392,7882278
2017-04-25,1.998,2.000,2.001,1.993,4669100,9324239
2017-04-26,2.012,2.020,2.024,2.011,8809854,17776305
2017-04-27,2.020,2.006,2.020,2.001,4352125,8732222
2017-04-28,2.018,2.019,2.024,2.014,2397100,4838356
2017-05-02,2.035,2.042,2.043,2.035,3962425,8084564
2017-05-03,2.043,2.039,2.049,2.037,3755000,7662927
2017-05-04,2.033,2.033,2.035,2.027,2868800,5825511
2017-05-05,2.033,2.027,2.038,2.024,2109000,4284700
2017-05-08,2.040,2.063,2.067,2.036,5664700,11653309
2017-05-09,2.063,2.072,2.076,2.063,6184200,12800485
2017-05-10,2.079,2.071,2.080,2.066,4307400,8919641
2017-05-11,2.069,2.070,2.078,2.067,2562500,5304643
2017-05-12,2.061,2.051,2.062,2.050,5542902,11383422
2017-05-15,2.054,2.060,2.062,2.054,2682763,5522520
2017-05-16,2.072,2.073,2.076,2.070,3752800,7781628
2017-05-17,2.073,2.064,2.073,2.060,3235198,6679546
2017-05-18,2.001,2.020,2.025,1.999,11991000,24157194
2017-05-19,2.039,2.033,2.040,2.029,3260900,6627712
2017-05-22,2.042,2.050,2.050,2.039,5192800,10605792
2017-05-23,2.062,2.070,2.071,2.062,3455400,7143132
2017-05-24,2.071,2.069,2.072,2.062,3198796,6614057
2017-05-25,2.074,2.082,2.082,2.073,2365900,4917731
2017-05-26,2.089,2.108,2.109,2.089,4941100,10395310
2017-05-31,2.108,2.107,2.109,2.099,2498900,5264156
2017-06-01,2.100,2.087,2.100,2.078,4967800,10363612
2017-06-02,2.105,2.117,2.128,2.104,4404718,9317803
2017-06-05,2.140,2.135,2.148,2.134,3372894,7214421
2017-06-06,2.121,2.123,2.125,2.114,3420300,7248940
2017-06-07,2.117,2.112,2.117,2.105,5909589,12463159
2017-06-08,2.122,2.119,2.122,2.114,2311370,4896613
2017-06-09,2.128,2.123,2.128,2.116,4095069,8694587
2017-06-12,2.076,2.097,2.100,2.067,7305570,15244882
2017-06-13,2.080,2.079,2.087,2.067,6354112,13171458
2017-06-14,2.093,2.078,2.094,2.074,4056608,8450365
2017-06-15,2.068,2.044,2.068,2.040,7350202,15055874
2017-06-16,2.032,2.052,2.055,2.030,2918318,5971484
2017-06-19,2.049,2.051,2.051,2.036,2626499,5365244
2017-06-20,2.079,2.079,2.080,2.069,4528917,9391656
2017-06-21,2.054,2.054,2.058,2.048,4066600,8344385
2017-06-22,2.058,2.072,2.076,2.058,4746200,9824769
2017-06-23,2.072,2.072,2.073,2.068,2185900,4526977
2017-06-26,2.078,2.084,2.085,2.078,3464160,7211502
2017-06-27,2.078,2.073,2.079,2.069,3846700,7969793
2017-06-28,2.035,2.034,2.039,2.030,10735167,21819239
2017-06-29,2.059,2.049,2.062,2.034,7648900,15687424
2017-06-30,2.016,2.013,2.018,2.007,8717717,17528745
2017-07-03,2.012,2.017,2.017,2.006,8351909,16785634
2017-07-04,2.001,1.993,2.001,1.991,5615600,11195594
2017-07-05,1.993,2.000,2.000,1.992,2745200,5479952
2017-07-06,2.010,2.013,2.016,2.007,3070157,6174163
2017-07-07,1.992,1.998,2.004,1.992,3350012,6693086
2017-07-10,2.013,2.021,2.024,2.011,3614600,7301621
2017-07-11,2.026,2.026,2.035,2.023,3307800,6707158
2017-07-12,2.030,2.032,2.034,2.027,3422094,6949428
2017-07-13,2.059,2.060,2.061,2.056,4200115,8649481
2017-07-14,2.062,2.056,2.065,2.056,3205700,6603270
2017-07-17,2.069,2.070,2.077,2.067,4894660,10142961
2017-07-18,2.063,2.073,2.074,2.062,4618200,9565728
2017-07-19,2.082,2.089,2.092,2.082,4124900,8615938
2017-07-20,2.100,2.098,2.103,2.094,3181800,6677507
2017-07-21,2.095,2.095,2.098,2.092,2876200,6022848
2017-07-24,2.094,2.094,2.094,2.086,2321800,4855123
2017-07-25,2.096,2.098,2.100,2.096,1935299,4061278
2017-07-26,2.096,2.098,2.100,2.095,2639000,5533569
2017-07-27,2.105,2.116,2.116,2.102,2558361,5391159
2017-07-28,2.091,2.079,2.091,2.077,4233412,8823859
2017-07-31,2.081,2.077,2.082,2.074,4018900,8347762
2017-08-01,2.072,2.081,2.081,2.060,4803400,9949874
2017-08-02,2.088,2.098,2.098,2.085,2976200,6225965
2017-08-03,2.094,2.083,2.094,2.081,2073200,4320852
2017-08-04,2.079,2.075,2.079,2.072,2299499,4768532
2017-08-07,2.077,2.087,2.088,2.077,2171799,4524659
2017-08-08,2.096,2.092,2.100,2.087,2951069,6174767
2017-08-09,2.077,2.075,2.084,2.074,1615143,3354541
2017-08-10,2.072,2.066,2.073,2.064,2508300,5183716
2017-08-11,2.030,2.031,2.034,2.020,3647100,7393535
2017-08-14,2.040,2.044,2.053,2.040,2573700,5268334
2017-08-15,2.069,2.075,2.076,2.068,2800970,5804968
2017-08-16,2.070,2.063,2.074,2.062,3197200,6605617
2017-08-17,2.069,2.062,2.069,2.060,2580800,5322506
2017-08-18,2.022,2.044,2.044,2.022,2093900,4258799
2017-08-21,2.041,2.040,2.046,2.033,849300,1731559
2017-08-22,2.038,2.053,2.054,2.033,1596298,3257714
2017-08-23,2.069,2.062,2.072,2.061,1349600,2786787
2017-08-24,2.060,2.045,2.060,2.044,1116100,2287065
2017-08-25,2.046,2.050,2.055,2.038,1645400,3364745
2017-08-28,2.049,2.039,2.049,2.035,2620070,5339911
2017-08-29,2.037,2.030,2.040,2.022,1715200,3483788
2017-08-30,2.039,2.038,2.042,2.035,1603300,3266025
2017-08-31,2.057,2.056,2.059,2.052,2564700,5272482
2017-09-01,2.068,2.069,2.070,2.065,2456870,5080564
2017-09-04,2.059,2.056,2.067,2.055,1857600,3823331
2017-09-05,2.056,2.055,2.058,2.054,639900,1315080
2017-09-06,2.042,2.041,2.042,2.036,1328155,2706950
2017-09-07,2.041,2.036,2.044,2.035,1261100,2569661
2017-09-08,2.038,2.039,2.048,2.038,1093700,2232150
2017-09-11,2.035,2.036,2.037,2.025,1523500,3094761
2017-09-12,2.048,2.048,2.060,2.043,2787000,5710236
2017-09-13,2.052,2.048,2.052,2.045,1834300,3755918
2017-09-14,2.050,2.059,2.059,2.047,2710600,5564925
2017-09-15,2.050,2.050,2.052,2.044,1589400,3254253
2017-09-18,2.051,2.058,2.058,2.051,1820900,3742952
2017-09-19,2.053,2.058,2.058,2.052,1036100,2128888
2017-09-20,2.059,2.060,2.061,2.058,1082000,2227833
2017-09-21,2.059,2.058,2.060,2.055,922400,1897447
2017-09-22,2.058,2.051,2.058,2.049,1247800,2562077
2017-09-25,2.055,2.048,2.055,2.048,888000,1819653
2017-09-26,2.038,2.033,2.038,2.028,3188132,6475806
2017-09-27,2.038,2.044,2.044,2.036,1869200,3814856
2017-09-28,2.057,2.062,2.063,2.056,1954900,4028789
2017-09-29,2.064,2.070,2.071,2.062,2626100,5430104
2017-10-09,2.104,2.093,2.109,2.080,4270649,8986872
2017-10-10,2.096,2.092,2.101,2.092,1539300,3229580
2017-10-11,2.094,2.101,2.104,2.094,1056990,2220489
2017-10-12,2.103,2.104,2.105,2.099,1849000,3886465
2017-10-13,2.103,2.102,2.103,2.098,1737093,3651330
2017-10-16,2.106,2.112,2.112,2.102,1332700,2811398
2017-10-17,2.120,2.122,2.122,2.113,885425,1876315
2017-10-18,2.123,2.119,2.128,2.118,1833425,3891029
2017-10-19,2.126,2.123,2.126,2.120,1175600,2496559
2017-10-20,2.115,2.123,2.124,2.106,3765900,7976234
2017-10-23,2.125,2.128,2.129,2.123,1044094,2219966
2017-10-24,2.123,2.119,2.123,2.112,1076500,2279511
2017-10-25,2.118,2.123,2.124,2.115,1200900,2547170
2017-10-26,2.123,2.113,2.123,2.111,1411400,2982312
2017-10-27,2.113,2.125,2.128,2.113,4055299,8604873
2017-10-30,2.162,2.168,2.170,2.162,2261325,4900017
2017-10-31,2.168,2.172,2.176,2.168,1274999,2769531
2017-11-01,2.178,2.183,2.198,2.177,1885193,4111424
2017-11-02,2.185,2.176,2.185,2.172,929194,2022065
2017-11-03,2.176,2.179,2.182,2.170,1670900,3634863
2017-11-06,2.186,2.186,2.193,2.179,1603400,3502734
2017-11-07,2.193,2.191,2.196,2.190,1796100,3939374
2017-11-08,2.189,2.195,2.196,2.182,2685000,5882240
2017-11-09,2.207,2.202,2.207,2.192,1156800,2545526
2017-11-10,2.193,2.196,2.197,2.193,1373600,3014984
2017-11-13,2.194,2.197,2.197,2.186,5584996,12229639
2017-11-14,2.196,2.200,2.200,2.196,1165296,2562113
2017-11-15,2.197,2.185,2.197,2.184,1815400,3972908
2017-11-16,2.180,2.177,2.180,2.171,1949468,4242302
2017-11-17,2.197,2.203,2.206,2.197,2055690,4529969
2017-11-20,2.200,2.194,2.200,2.191,1076890,2363948
2017-11-21,2.197,2.198,2.200,2.194,1445490,3176571
2017-11-22,2.211,2.215,2.222,2.211,2205200,4892716
2017-11-23,2.218,2.208,2.218,2.207,1838157,4062476
2017-11-24,2.211,2.208,2.214,2.203,1742299,3842837
2017-11-27,2.210,2.219,2.219,2.210,2234300,4950302
2017-11-28,2.218,2.224,2.224,2.217,1416499,3146399
2017-11-29,2.229,2.246,2.247,2.229,4353399,9736253
2017-11-30,2.218,2.214,2.218,2.206,2718382,6014940
2017-12-01,2.232,2.241,2.243,2.228,1846200,4131523
2017-12-04,2.241,2.262,2.289,2.235,4849300,10950434
2017-12-05,2.229,2.200,2.229,2.195,4801500,10608990
2017-12-06,2.194,2.175,2.208,2.169,4789600,10425308
2017-12-07,2.189,2.190,2.194,2.179,1763850,3863973
2017-12-08,2.200,2.210,2.210,2.200,3072725,6775583
2017-12-11,2.211,2.220,2.220,2.210,2135300,4726131
2017-12-12,2.229,2.235,2.235,2.227,2342625,5229578
2017-12-13,2.231,2.237,2.238,2.228,1421700,3175739
2017-12-14,2.240,2.243,2.245,2.235,1877000,4207338
2017-12-15,2.231,2.232,2.242,2.227,1001000,2233305
2017-12-18,2.257,2.266,2.266,2.253,2012600,4548779
2017-12-19,2.289,2.280,2.295,2.270,2362600,5387485
2017-12-20,2.270,2.276,2.277,2.265,1838300,4168332
2017-12-21,2.273,2.262,2.275,2.260,2503200,5669498
2017-12-22,2.262,2.269,2.270,2.260,909600,2058704
2017-12-25,2.265,2.262,2.268,2.252,1716200,3879792
2017-12-26,2.261,2.261,2.264,2.253,1847800,4173059
2017-12-27,2.256,2.234,2.256,2.229,2890600,6473126
2017-12-28,2.234,2.227,2.239,2.221,2888000,6430790
2017-12-29,2.228,2.229,2.231,2.222,1851400,4123673
2018-01-02,2.219,2.218,2.219,2.206,3203700,7093731
2018-01-03,2.243,2.248,2.251,2.240,3503600,7863530
2018-01-04,2.260,2.256,2.264,2.248,3151800,7107021
2018-01-05,2.256,2.250,2.257,2.248,3180300,7162616
2018-01-08,2.263,2.268,2.269,2.259,4248600,9610597
2018-01-09,2.270,2.274,2.275,2.266,3511500,7977034
2018-01-10,2.273,2.285,2.287,2.271,4115800,9378827
2018-01-11,2.279,2.283,2.289,2.275,4368900,9967423
2018-01-12,2.295,2.312,2.317,2.291,4155300,9563087
2018-01-15,2.311,2.309,2.319,2.305,2701600,6242462
2018-01-16,2.311,2.306,2.311,2.300,2416000,5565465
2018-01-17,2.296,2.293,2.296,2.284,3104000,7105117
2018-01-18,2.309,2.313,2.316,2.308,2965309,6859781
2018-01-19,2.309,2.310,2.314,2.305,2599424,5999014
2018-01-22,2.318,2.300,2.318,2.300,2819300,6495969
2018-01-23,2.317,2.326,2.328,2.316,3873700,8991010
2018-01-24,2.330,2.344,2.344,2.330,4715800,11023323
2018-01-25,2.328,2.324,2.328,2.320,2015600,4681552
2018-01-26,2.324,2.320,2.324,2.314,3226300,7482064
2018-01-29,2.341,2.344,2.345,2.340,2889500,6766962
2018-01-30,2.333,2.320,2.333,2.318,3082100,7164461
2018-01-31,2.303,2.309,2.309,2.293,2697000,6212475
2018-02-01,2.311,2.305,2.320,2.304,2603300,6018640
2018-02-02,2.293,2.294,2.300,2.290,4184000,9595170
2018-02-05,2.245,2.227,2.245,2.201,7125458,15846142
2018-02-06,2.090,2.095,2.126,2.090,12070000,25377299
2018-02-07,2.160,2.164,2.190,2.158,8865000,19272738
2018-02-08,2.160,2.169,2.174,2.142,2314000,5002576
2018-02-09,2.079,2.092,2.095,2.058,11113967,23154357
2018-02-12,2.114,2.131,2.132,2.103,4636000,9810794
2018-02-13,2.161,2.164,2.172,2.155,2418500,5230367
2018-02-14,2.177,2.193,2.193,2.174,1690900,3693896
2018-02-22,2.231,2.232,2.236,2.223,3421900,7630247
2018-02-23,2.243,2.249,2.257,2.236,4502002,10120874
2018-02-26,2.282,2.292,2.298,2.282,2679900,6143799
2018-02-27,2.323,2.320,2.325,2.317,2335000,5417973
2018-02-28,2.283,2.286,2.289,2.279,3863900,8818159
2018-03-01,2.281,2.288,2.288,2.266,2791057,6361562
2018-03-02,2.263,2.253,2.263,2.248,3158990,7112372
2018-03-05,2.271,2.268,2.273,2.263,1634400,3707801
2018-03-06,2.298,2.298,2.299,2.292,1233000,2830498
2018-03-07,2.295,2.284,2.295,2.281,1708700,3908335
2018-03-08,2.297,2.302,2.304,2.297,1323200,3043616
2018-03-09,2.311,2.319,2.321,2.311,1534100,3556566
2018-03-12,2.370,2.368,2.380,2.361,3352300,7931256
2018-03-13,2.369,2.368,2.373,2.363,2549300,6033214
2018-03-14,2.340,2.338,2.342,2.333,1024400,2392670
2018-03-15,2.332,2.337,2.346,2.322,1960600,4582972
2018-03-16,2.338,2.338,2.341,2.334,1319300,3083192
2018-03-19,2.338,2.333,2.340,2.333,987200,2306253
2018-03-20,2.296,2.293,2.296,2.282,2486600,5692903
2018-03-21,2.293,2.294,2.307,2.293,842700,1933996
2018-03-22,2.294,2.288,2.294,2.287,874300,2002522
2018-03-23,2.218,2.204,2.218,2.198,4786400,10561585
2018-03-26,2.162,2.187,2.200,2.162,3586157,7799212
2018-03-27,2.238,2.270,2.277,2.231,3073757,6918950
2018-03-28,2.191,2.185,2.200,2.175,3950000,8650640
2018-03-29,2.176,2.186,2.187,2.160,2875500,6237978
2018-03-30,2.195,2.194,2.207,2.186,1862800,4087402
2018-04-02,2.189,2.177,2.189,2.172,1659800,3619382
2018-04-03,2.133,2.126,2.133,2.119,3888100,8257612
2018-04-04,2.133,2.130,2.137,2.130,1906600,4066468
2018-04-09,2.132,2.143,2.145,2.131,3359600,7187951
2018-04-10,2.156,2.186,2.187,2.153,4203700,9113555
2018-04-11,2.199,2.185,2.210,2.183,2438800,5346321
2018-04-12,2.182,2.181,2.183,2.175,2130101,4641067
2018-04-13,2.195,2.203,2.203,2.194,1918400,4216635
2018-04-16,2.195,2.189,2.195,2.185,2050600,4487786
2018-04-17,2.197,2.208,2.209,2.197,1961900,4324809
2018-04-18,2.262,2.247,2.262,2.242,3451400,7761097
2018-04-19,2.249,2.249,2.253,2.249,2062800,4644107
2018-04-20,2.237,2.236,2.245,2.230,1336600,2987056
2018-04-23,2.209,2.202,2.228,2.198,2808700,6193016
2018-04-24,2.194,2.215,2.215,2.185,3500001,7709492
2018-04-25,2.167,2.171,2.173,2.166,3146695,6824957
2018-04-26,2.174,2.171,2.178,2.167,2443795,5306277
2018-04-27,2.201,2.233,2.235,2.201,5127987,11375584
2018-05-02,2.235,2.231,2.235,2.217,1553600,3462095
2018-05-03,2.219,2.221,2.225,2.211,2112396,4688944
2018-05-04,2.219,2.228,2.228,2.216,1355300,3014106
2018-05-07,2.270,2.270,2.273,2.262,3830300,8687698
2018-05-08,2.277,2.274,2.285,2.273,3272000,7453549
2018-05-09,2.274,2.272,2.279,2.271,1462400,3323916
2018-05-10,2.305,2.304,2.306,2.298,1817000,4182904
2018-05-11,2.325,2.317,2.330,2.316,2215000,5139640
2018-05-14,2.317,2.315,2.320,2.309,2262600,5233606
2018-05-15,2.315,2.311,2.315,2.302,5459400,12595976
2018-05-16,2.292,2.289,2.308,2.285,1665100,3812375
2018-05-17,2.303,2.309,2.312,2.303,2146318,4953652
2018-05-18,2.304,2.308,2.310,2.304,978600,2258587
2018-05-21,2.310,2.324,2.327,2.308,3084234,7159345
2018-05-22,2.323,2.316,2.323,2.308,1760265,4078153
2018-05-23,2.312,2.298,2.312,2.297,1543000,3549912
2018-05-24,2.336,2.323,2.336,2.312,1895900,4395971
2018-05-25,2.323,2.327,2.328,2.322,1708200,3971382
2018-05-28,2.327,2.337,2.340,2.325,1110900,2592082
2018-05-29,2.337,2.335,2.342,2.327,1569100,3668454
2018-05-30,2.320,2.319,2.324,2.312,2120900,4917897
2018-05-31,2.335,2.350,2.350,2.335,1635300,3837236
2018-06-01,2.345,2.341,2.348,2.333,1936400,4526530
2018-06-04,2.375,2.384,2.384,2.375,3169000,7545583
2018-06-05,2.394,2.414,2.415,2.391,5394300,12991675
2018-06-06,2.415,2.420,2.429,2.415,2749600,6651052
2018-06-07,2.433,2.439,2.441,2.433,4007200,9769358
2018-06-08,2.422,2.405,2.423,2.404,3190600,7690247
2018-06-11,2.405,2.431,2.440,2.405,2759600,6702166
2018-06-12,2.437,2.438,2.438,2.421,2465500,5990719
2018-06-13,2.449,2.451,2.466,2.449,2246455,5527051
2018-06-14,2.443,2.436,2.443,2.430,3141400,7646994
2018-06-15,2.452,2.472,2.476,2.452,3310001,8157968
2018-06-19,2.472,2.442,2.472,2.435,4849600,11895225
2018-06-20,2.440,2.458,2.470,2.440,4377200,10711242
2018-06-21,2.475,2.505,2.513,2.475,6901300,17255276
2018-06-22,2.464,2.488,2.493,2.464,7777700,19237447
2018-06-25,2.470,2.471,2.486,2.462,5913300,14623987
2018-06-26,2.420,2.431,2.442,2.410,8892900,21537862
2018-06-27,2.449,2.413,2.449,2.412,8298800,20160924
2018-06-28,2.388,2.396,2.397,2.385,5401696,12920898
2018-06-29,2.427,2.449,2.449,2.422,5790000,14120565
2018-07-02,2.448,2.437,2.448,2.434,3792700,9264634
2018-07-03,2.465,2.503,2.506,2.465,8027600,20008209
2018-07-04,2.471,2.459,2.480,2.451,6076500,14976771
2018-07-05,2.451,2.460,2.463,2.445,2814400,6915359
2018-07-06,2.492,2.497,2.500,2.480,4974200,12392082
2018-07-09,2.539,2.574,2.574,2.527,8322800,21263686
2018-07-10,2.592,2.604,2.620,2.570,6332400,16432241
2018-07-11,2.570,2.554,2.585,2.539,14630000,37442230
2018-07-12,2.559,2.578,2.578,2.550,11452370,29396726
2018-07-13,2.600,2.603,2.616,2.591,11747300,30585529
2018-07-16,2.600,2.584,2.600,2.580,5417800,14034811
2018-07-17,2.577,2.559,2.578,2.555,12086796,30959309
2018-07-18,2.594,2.595,2.597,2.584,8573700,22215169
2018-07-19,2.596,2.607,2.608,2.590,5951400,15474539
2018-07-20,2.598,2.610,2.614,2.596,7115300,18548598
2018-07-23,2.596,2.602,2.604,2.594,5700400,14809373
2018-07-24,2.622,2.641,2.642,2.622,8307200,21886736
2018-07-25,2.633,2.650,2.651,2.626,9736500,25719657
2018-07-26,2.666,2.656,2.666,2.651,11918200,31696990
2018-07-27,2.651,2.658,2.691,2.646,14806700,39520963
2018-07-30,2.613,2.646,2.648,2.609,8783000,23086090
2018-07-31,2.610,2.584,2.615,2.572,18834370,48752976
2018-08-01,2.603,2.617,2.618,2.593,11610900,30228949
2018-08-02,2.618,2.623,2.636,2.615,11547200,30336054
2018-08-03,2.657,2.702,2.708,2.653,16939200,45335876
2018-08-06,2.691,2.768,2.773,2.683,29437700,80220538
2018-08-07,2.764,2.754,2.819,2.741,36186000,100692349
2018-08-08,2.758,2.710,2.758,2.692,30065903,81581111
2018-08-09,2.700,2.673,2.700,2.659,43557400,116557303
2018-08-10,2.663,2.667,2.680,2.653,24703300,65815319
2018-08-13,2.649,2.660,2.673,2.635,25911325,68950216
2018-08-14,2.668,2.679,2.682,2.663,14667125,39207309
2018-08-15,2.698,2.710,2.720,2.694,26322725,71270326
2018-08-16,2.666,2.662,2.685,2.661,21291065,56904726
2018-08-17,2.673,2.668,2.675,2.667,16366700,43692568
2018-08-20,2.672,2.655,2.672,2.643,20140425,53452958
2018-08-21,2.649,2.638,2.649,2.632,24257000,63989149
2018-08-22,2.640,2.636,2.643,2.632,16328400,43061997
2018-08-23,2.646,2.665,2.668,2.646,18570900,49426016
2018-08-24,2.663,2.666,2.670,2.661,12468700,33242879
2018-08-27,2.678,2.678,2.686,2.672,21066900,56384252
2018-08-28,2.700,2.705,2.713,2.695,21672800,58638847
2018-08-29,2.707,2.708,2.711,2.701,12551500,33977297
2018-08-30,2.731,2.748,2.755,2.731,25435000,69819463
2018-08-31,2.740,2.740,2.746,2.733,20279900,55544892
2018-09-03,2.743,2.742,2.752,2.739,13357000,36673744
2018-09-04,2.747,2.754,2.754,2.743,12248830,33659577
2018-09-05,2.743,2.728,2.743,2.724,16840100,45999887
2018-09-06,2.690,2.684,2.693,2.683,19077100,51287047
2018-09-07,2.662,2.662,2.665,2.658,18618300,49547832
2018-09-10,2.660,2.680,2.681,2.660,13622660,36406337
2018-09-11,2.686,2.693,2.696,2.684,19139865,51548070
2018-09-12,2.728,2.722,2.728,2.706,15769700,42845763
2018-09-13,2.710,2.695,2.710,2.690,14238200,38378664
2018-09-14,2.712,2.722,2.723,2.710,14277200,38782802
2018-09-17,2.714,2.709,2.715,2.709,9694300,26283879
2018-09-18,2.663,2.673,2.673,2.658,21769100,57972777
2018-09-19,2.695,2.696,2.699,2.686,21801100,58758380
2018-09-20,2.691,2.691,2.697,2.689,14755300,39739480
2018-09-21,2.722,2.720,2.723,2.713,21535900,58496169
2018-09-25,2.702,2.709,2.710,2.701,12552000,33947896
2018-09-26,2.713,2.726,2.742,2.707,28132070,76593720
2018-09-27,2.714,2.721,2.723,2.714,13428500,36514468
2018-09-28,2.745,2.754,2.759,2.745,23149800,63730947
2018-10-08,2.662,2.677,2.688,2.662,12880100,34516485
2018-10-09,2.676,2.675,2.682,2.667,10018102,26788292
2018-10-10,2.679,2.685,2.685,2.676,9936000,26626122
2018-10-11,2.550,2.510,2.550,2.503,52798412,132898462
2018-10-12,2.510,2.564,2.566,2.506,27164400,68851531
2018-10-15,2.575,2.555,2.587,2.554,20247900,51989741
2018-10-16,2.559,2.559,2.567,2.558,8055300,20638982
2018-10-17,2.636,2.647,2.648,2.630,12997750,34271194
2018-10-18,2.630,2.619,2.634,2.617,11855100,31080496
2018-10-19,2.579,2.599,2.599,2.550,19500050,50512278
2018-10-22,2.576,2.587,2.589,2.564,23185900,59768193
2018-10-23,2.576,2.544,2.580,2.542,27912100,71355952
2018-10-24,2.562,2.560,2.578,2.556,24447500,62699892
2018-10-25,2.459,2.477,2.480,2.453,24710244,61009597
2018-10-26,2.496,2.490,2.497,2.476,27033144,67272610
2018-10-29,2.490,2.483,2.502,2.483,13392970,33334309
2018-10-30,2.448,2.449,2.461,2.438,28282744,69221175
2018-10-31,2.468,2.486,2.486,2.468,17076300,42269420
2018-11-01,2.528,2.514,2.535,2.513,15049700,38034532
2018-11-02,2.532,2.547,2.559,2.527,22632500,57448273
2018-11-05,2.509,2.505,2.509,2.496,10821200,27067968
2018-11-06,2.504,2.499,2.509,2.494,21835100,54607008
2018-11-07,2.525,2.528,2.542,2.525,17276000,43744404
2018-11-08,2.594,2.588,2.604,2.585,12624200,32721680
2018-11-09,2.580,2.575,2.583,2.573,10388956,26783697
2018-11-12,2.548,2.568,2.568,2.544,9142300,23382028
2018-11-13,2.481,2.491,2.493,2.475,20338056,50517868
2018-11-14,2.485,2.483,2.489,2.479,10243500,25435886
2018-11-15,2.458,2.464,2.469,2.455,25925970,63746329
2018-11-16,2.489,2.474,2.489,2.472,56638000,140490942
2018-11-19,2.472,2.484,2.485,2.472,20512918,50878594
2018-11-20,2.404,2.396,2.410,2.393,27702090,66429429
2018-11-21,2.360,2.379,2.380,2.360,21341100,50540135
2018-11-22,2.380,2.377,2.385,2.368,8659810,20573838
2018-11-23,2.370,2.361,2.370,2.360,12472500,29495240
2018-11-26,2.363,2.382,2.382,2.360,27977600,66462524
2018-11-27,2.405,2.410,2.411,2.399,8941548,21503298
2018-11-28,2.422,2.435,2.440,2.422,24665100,60014107
2018-11-29,2.499,2.483,2.499,2.483,27736650,69074700
2018-11-30,2.481,2.493,2.496,2.477,20530798,51167918
2018-12-03,2.556,2.558,2.560,2.541,24258700,61950577
2018-12-04,2.544,2.513,2.544,2.504,17660812,44542140
2018-12-05,2.421,2.444,2.445,2.421,11173000,27251823
2018-12-06,2.418,2.404,2.420,2.399,33537648,80659133
2018-12-07,2.450,2.440,2.451,2.440,9213700,22509509
2018-12-10,2.368,2.368,2.379,2.363,19829000,46957652
2018-12-11,2.389,2.399,2.429,2.389,93153500,223986759
2018-12-12,2.420,2.429,2.442,2.412,95870200,232721615
2018-12-13,2.440,2.443,2.456,2.434,67856400,165812721
2018-12-14,2.427,2.411,2.427,2.408,22318200,53934478
2018-12-17,2.385,2.387,2.388,2.370,26359700,62871147
2018-12-18,2.339,2.337,2.343,2.329,14777400,34517048
2018-12-19,2.345,2.336,2.346,2.334,15352800,35912101
2018-12-20,2.300,2.272,2.300,2.266,22756400,51878397
2018-12-21,2.261,2.267,2.268,2.250,26536800,59931647
2018-12-24,2.202,2.194,2.208,2.186,46744370,102475197
2018-12-25,2.132,2.123,2.133,2.118,23588490,50084487
2018-12-26,2.124,2.120,2.127,2.116,33378280,70773627
2018-12-27,2.234,2.236,2.257,2.229,71595040,160522112
2018-12-28,2.253,2.243,2.259,2.243,13135400,29559364
2019-01-02,2.268,2.233,2.274,2.232,16245400,36570533
2019-01-03,2.229,2.225,2.238,2.222,28802600,64309182
2019-01-04,2.183,2.224,2.226,2.182,39962400,88170188
2019-01-07,2.305,2.296,2.308,2.289,65274300,150081463
2019-01-08,2.313,2.328,2.336,2.312,66779200,155387284
2019-01-09,2.345,2.341,2.358,2.338,28996900,68151871
2019-01-10,2.341,2.322,2.342,2.322,50788700,118273882
2019-01-11,2.339,2.328,2.342,2.326,6276500,14633962
2019-01-14,2.319,2.302,2.319,2.300,54308300,125148880
2019-01-15,2.307,2.322,2.322,2.301,38472300,89049135
2019-01-16,2.348,2.351,2.360,2.347,31278600,73654371
2019-01-17,2.344,2.334,2.346,2.334,48168700,112828006
2019-01-18,2.370,2.378,2.381,2.370,8625700,20499640
2019-01-21,2.384,2.392,2.397,2.384,48350197,115679167
2019-01-22,2.392,2.379,2.392,2.377,33316600,79471451
2019-01-23,2.364,2.353,2.366,2.350,41108500,96955816
2019-01-24,2.357,2.355,2.360,2.352,15534700,36596607
2019-01-25,2.361,2.371,2.375,2.359,53103802,125667960
2019-01-28,2.394,2.370,2.394,2.366,18482000,43888448
2019-01-29,2.349,2.345,2.351,2.340,7738000,18148180
2019-01-30,2.339,2.339,2.342,2.334,11985100,28028976
2019-01-31,2.387,2.395,2.395,2.386,15559800,37195365
2019-02-01,2.406,2.427,2.427,2.401,42398704,102144337
2019-02-11,2.422,2.439,2.439,2.422,8765300,21331390
2019-02-12,2.446,2.459,2.460,2.445,26065098,63987316
2019-02-13,2.478,2.488,2.489,2.478,11159300,27724036
2019-02-14,2.481,2.480,2.481,2.471,18214700,45071622
2019-02-15,2.470,2.458,2.474,2.458,10118805,24945080
2019-02-18,2.480,2.491,2.491,2.480,27508200,68408265
2019-02-19,2.492,2.493,2.498,2.491,26322000,65670121
2019-02-20,2.488,2.475,2.488,2.471,51256692,127000174
2019-02-21,2.465,2.476,2.479,2.465,9965500,24654051
2019-02-22,2.343,2.463,2.469,2.343,77514500,190775293
2019-02-25,2.475,2.476,2.483,2.469,74947300,185349127
2019-02-26,2.470,2.462,2.471,2.460,78989868,194713045
2019-02-27,2.468,2.465,2.474,2.464,113107100,279584142
2019-02-28,2.465,2.461,2.470,2.459,60729200,149800578
2019-03-01,2.468,2.487,2.488,2.468,50156198,124372449
2019-03-04,2.504,2.501,2.507,2.495,42508998,106326816
2019-03-05,2.488,2.486,2.491,2.485,25160000,62566087
2019-03-06,2.485,2.491,2.499,2.485,73465603,182920122
2019-03-07,2.477,2.471,2.479,2.470,65768396,162680271
2019-03-08,2.456,2.442,2.456,2.440,83473632,204535797
2019-03-11,2.447,2.458,2.459,2.447,38231716,93814882
2019-03-12,2.503,2.508,2.517,2.501,83508500,209666676
2019-03-13,2.510,2.509,2.516,2.503,68480600,171828234
2019-03-14,2.524,2.535,2.540,2.523,28111598,71187024
2019-03-15,2.535,2.541,2.545,2.533,21366074,54244769
2019-03-18,2.547,2.558,2.569,2.547,25464000,65177112
2019-03-19,2.565,2.565,2.571,2.563,20764400,53303537
2019-03-20,2.566,2.563,2.568,2.562,25126890,64455821
2019-03-21,2.572,2.564,2.573,2.563,69404894,178337011
2019-03-22,2.608,2.615,2.615,2.607,104527600,273131369
2019-03-25,2.544,2.538,2.552,2.538,25112800,63918949
2019-03-26,2.558,2.558,2.566,2.552,20213700,51789621
2019-03-27,2.567,2.576,2.577,2.562,29201348,75079363
2019-03-28,2.548,2.548,2.555,2.543,46676224,119045183
2019-03-29,2.558,2.569,2.570,2.558,48853280,125368925
2019-04-01,2.587,2.604,2.604,2.587,69436576,180430108
2019-04-02,2.633,2.613,2.633,2.611,150324500,394126158
2019-04-03,2.620,2.633,2.638,2.620,39608068,104150204
2019-04-04,2.640,2.636,2.648,2.633,78223300,206340150
2019-04-08,2.648,2.645,2.652,2.644,44807300,118667338
2019-04-09,2.656,2.648,2.657,2.645,64393000,170670130
2019-04-10,2.638,2.645,2.646,2.634,77394900,204311347
2019-04-11,2.659,2.659,2.667,2.654,34731300,92388569
2019-04-12,2.658,2.654,2.659,2.653,48673300,129294232
2019-04-15,2.660,2.662,2.669,2.660,34701800,92481153
2019-04-16,2.667,2.677,2.679,2.663,75023368,200193236
2019-04-17,2.678,2.679,2.687,2.677,32134300,86186812
2019-04-18,2.680,2.670,2.687,2.669,58860276,157719335
2019-04-19,2.676,2.676,2.690,2.672,87314700,234104032
2019-04-22,2.681,2.679,2.690,2.675,125564337,336463066
2019-04-23,2.690,2.699,2.703,2.687,39539300,106609007
2019-04-24,2.736,2.741,2.743,2.727,45021000,123136620
2019-04-25,2.745,2.760,2.764,2.742,32792500,90314633
2019-04-26,2.762,2.778,2.808,2.747,57927100,161487197
2019-04-29,2.788,2.814,2.819,2.776,24741900,69415257
2019-04-30,2.814,2.807,2.832,2.772,20398300,57216043
2019-05-06,2.781,2.727,2.785,2.722,23860401,65829585
2019-05-07,2.753,2.757,2.766,2.743,38736000,106560143
2019-05-08,2.703,2.704,2.713,2.698,69062501,187117738
2019-05-09,2.701,2.686,2.702,2.685,62667900,168901554
2019-05-10,2.688,2.689,2.708,2.677,114995900,309358499
2019-05-13,2.677,2.679,2.684,2.671,73040303,195629346
2019-05-14,2.610,2.624,2.648,2.610,53547200,140547323
2019-05-15,2.647,2.658,2.660,2.647,119089044,316111566
2019-05-16,2.688,2.678,2.688,2.675,40648100,108932634
2019-05-17,2.707,2.709,2.722,2.706,22524945,61125335
2019-05-20,2.696,2.696,2.703,2.693,36825000,99388657
2019-05-21,2.670,2.670,2.671,2.658,41943820,111676984
2019-05-22,2.683,2.664,2.686,2.664,24036344,64238879
2019-05-23,2.653,2.639,2.655,2.639,26121756,69114546
2019-05-24,2.624,2.632,2.632,2.624,23156112,60834329
2019-05-27,2.615,2.618,2.618,2.612,11244100,29401840
2019-05-28,2.618,2.624,2.632,2.618,18848400,49483320
2019-05-29,2.603,2.598,2.604,2.595,29753500,77387516
2019-05-30,2.589,2.596,2.598,2.585,9476400,24542146
2019-05-31,2.580,2.573,2.586,2.571,27377600,70623293
2019-06-03,2.544,2.538,2.544,2.532,13335000,33837115
2019-06-04,2.507,2.503,2.508,2.501,25693800,64356086
2019-06-05,2.563,2.573,2.581,2.563,32593244,83904489
2019-06-06,2.585,2.585,2.590,2.580,61431903,158938351
2019-06-10,2.663,2.670,2.671,2.659,26940608,71839710
2019-06-11,2.688,2.695,2.697,2.688,10039200,27038113
2019-06-12,2.688,2.674,2.689,2.674,27034300,72493475
2019-06-13,2.677,2.667,2.681,2.656,57345800,152664719
2019-06-14,2.682,2.679,2.687,2.676,15646100,41984513
2019-06-17,2.681,2.684,2.689,2.681,17932100,48155202
2019-06-18,2.698,2.698,2.699,2.693,25097900,67671987
2019-06-19,2.740,2.730,2.742,2.725,106822189,291496810
2019-06-20,2.745,2.757,2.760,2.745,66400376,182798007
2019-06-21,2.759,2.748,2.759,2.740,24887656,68359179
2019-06-24,2.742,2.757,2.757,2.742,51200200,140942019
2019-06-25,2.751,2.734,2.751,2.732,58453556,160353229
2019-06-26,2.695,2.702,2.706,2.695,26750150,72273997
2019-06-27,2.713,2.727,2.728,2.713,29375500,79865373
2019-06-28,2.725,2.718,2.731,2.717,36894400,100542700
2019-07-01,2.753,2.774,2.775,2.750,30532000,84371887
2019-07-02,2.769,2.762,2.770,2.758,23967600,66259321
2019-07-03,2.780,2.777,2.784,2.774,45932250,127567983
2019-07-04,2.798,2.792,2.798,2.790,24125600,67422237
2019-07-05,2.796,2.804,2.804,2.796,56148700,157309899
2019-07-08,2.791,2.777,2.791,2.775,108123722,300659681
2019-07-09,2.777,2.756,2.777,2.751,39138900,108057533
2019-07-10,2.784,2.787,2.791,2.782,44214900,123246435
2019-07-11,2.817,2.822,2.822,2.813,46053522,129748378
2019-07-12,2.819,2.817,2.819,2.813,32335600,91034360
2019-07-15,2.831,2.840,2.840,2.824,14841660,42034343
2019-07-16,2.843,2.849,2.853,2.841,29142400,83004967
2019-07-17,2.832,2.834,2.858,2.825,67712800,192222293
2019-07-18,2.815,2.802,2.822,2.801,58511398,164692959
2019-07-19,2.824,2.835,2.838,2.824,30570100,86633318
2019-07-22,2.802,2.804,2.813,2.797,22503000,63056035
2019-07-23,2.827,2.835,2.835,2.823,58158200,164574753
2019-07-24,2.847,2.847,2.850,2.844,22693100,64615778
2019-07-25,2.870,2.870,2.873,2.865,15348300,44020799
2019-07-26,2.843,2.854,2.859,2.843,19205000,54742652
2019-07-29,2.875,2.866,2.877,2.862,19043500,54571024
2019-07-30,2.859,2.861,2.868,2.857,25543900,73162411
2019-07-31,2.856,2.854,2.857,2.851,24329100,69449389
2019-08-01,2.815,2.813,2.824,2.813,19676400,55470642
2019-08-02,2.797,2.818,2.819,2.797,27905200,78388002
2019-08-05,2.797,2.789,2.803,2.784,17292200,48294764
2019-08-06,2.702,2.734,2.735,2.688,28958800,78400982
2019-08-07,2.741,2.754,2.754,2.736,12501000,34277009
2019-08-08,2.773,2.784,2.786,2.765,11383898,31588344
2019-08-09,2.816,2.822,2.832,2.816,19721172,55746556
2019-08-12,2.816,2.823,2.824,2.810,9341800,26334875
2019-08-13,2.790,2.775,2.790,2.772,18783898,52291611
2019-08-14,2.827,2.827,2.829,2.821,39612594,111888955
2019-08-15,2.756,2.764,2.769,2.740,29726300,81880900
2019-08-16,2.756,2.762,2.763,2.750,27434600,75624794
2019-08-19,2.790,2.808,2.809,2.785,20989500,58673992
2019-08-20,2.820,2.823,2.835,2.813,45279300,128002126
2019-08-21,2.815,2.809,2.815,2.808,7165100,20144050
2019-08-22,2.835,2.828,2.835,2.825,11055300,31270841
2019-08-23,2.827,2.840,2.840,2.825,12194000,34554781
2019-08-26,2.765,2.777,2.900,2.740,25353598,70010079
2019-08-27,2.795,2.807,2.811,2.795,15384449,43170997
2019-08-28,2.801,2.804,2.807,2.801,39210549,109977799
2019-08-29,2.805,2.798,2.806,2.797,43879500,122932716
2019-08-30,2.836,2.841,2.846,2.835,59221100,168251099
2019-09-02,2.836,2.835,2.836,2.827,24457750,69226752
2019-09-03,2.837,2.829,2.838,2.827,19460700,55151220
2019-09-04,2.820,2.847,2.848,2.813,32970600,93393770
2019-09-05,2.853,2.866,2.872,2.853,33020200,94667042
2019-09-06,2.903,2.894,2.903,2.889,34109500,98825096
2019-09-09,2.894,2.903,2.904,2.890,22761500,65892009
2019-09-10,2.891,2.876,2.894,2.875,27465000,79233716
2019-09-11,2.876,2.875,2.877,2.865,8982200,25797904
2019-09-12,2.905,2.903,2.912,2.899,17628010,51212368
2019-09-16,2.874,2.871,2.874,2.857,10955600,31390518
2019-09-17,2.875,2.874,2.881,2.872,13443700,38668466
2019-09-18,2.892,2.890,2.896,2.886,39389800,113881435
2019-09-19,2.893,2.888,2.895,2.887,37595700,108687604
2019-09-20,2.901,2.896,2.902,2.892,20714200,60023920
2019-09-23,2.891,2.883,2.891,2.875,18346900,52896693
2019-09-24,2.886,2.880,2.888,2.878,9253900,26675294
2019-09-25,2.843,2.838,2.844,2.836,13526100,38401565
2019-09-26,2.861,2.859,2.866,2.851,12592916,36030456
2019-09-27,2.844,2.855,2.856,2.844,5750700,16401937
2019-09-30,2.845,2.834,2.845,2.833,8885800,25201212
2019-10-08,2.840,2.847,2.849,2.840,27349800,77839849
2019-10-09,2.807,2.806,2.819,2.803,30309076,85164831
2019-10-10,2.815,2.819,2.821,2.809,42396200,119416176
2019-10-11,2.837,2.848,2.849,2.834,15477684,43956933
2019-10-14,2.876,2.868,2.876,2.864,11246000,32253992
2019-10-15,2.869,2.879,2.881,2.868,18025500,51769108
2019-10-16,2.904,2.904,2.906,2.900,9216327,26752600
2019-10-17,2.900,2.903,2.905,2.899,13986300,40602646
2019-10-18,2.905,2.899,2.905,2.897,6920800,20068058
2019-10-21,2.880,2.882,2.895,2.879,4100900,11820612
2019-10-22,2.904,2.907,2.909,2.904,14008200,40722589
2019-10-23,2.880,2.872,2.880,2.870,19710900,56639800
2019-10-24,2.883,2.888,2.889,2.883,9908400,28586132
2019-10-25,2.902,2.896,2.903,2.893,14359300,41573193
2019-10-28,2.923,2.932,2.932,2.923,11954000,35008635
2019-10-29,2.956,2.953,2.959,2.952,5729412,16927677
2019-10-30,2.938,2.934,2.938,2.933,36177000,106191002
2019-10-31,2.955,2.950,2.955,2.940,7150600,21100143
2019-11-01,2.947,2.956,2.956,2.947,8238048,24320676
2019-11-04,2.975,2.977,2.986,2.975,5601800,16675517
2019-11-05,2.987,2.992,2.993,2.987,8622300,25784703
2019-11-06,2.986,2.974,2.989,2.971,11581600,34460358
2019-11-07,2.978,2.970,2.978,2.968,7308300,21713259
2019-11-08,2.971,2.961,2.971,2.959,10486000,31050691
2019-11-11,2.975,2.978,2.981,2.972,21740416,64740277
2019-11-12,2.975,2.993,2.993,2.973,21542916,64284179
2019-11-13,2.993,2.994,2.999,2.988,7849148,23509294
2019-11-14,2.996,3.001,3.004,2.994,7190716,21577581
2019-11-15,3.001,3.014,3.015,3.001,14389500,43279192
2019-11-18,3.028,3.028,3.031,3.022,26751465,80895011
2019-11-19,3.030,3.044,3.046,3.030,8079900,24564064
2019-11-20,3.042,3.030,3.046,3.028,13002000,39495540
2019-11-21,3.018,3.017,3.018,3.010,4518200,13616405
2019-11-22,3.015,3.023,3.026,3.015,8633000,26094437
2019-11-25,3.031,3.042,3.043,3.031,6175400,18750057
2019-11-26,3.070,3.090,3.095,3.070,9892500,30431377
2019-11-27,3.088,3.081,3.109,3.080,8316300,25718116
2019-11-28,3.099,3.099,3.102,3.090,18512100,57333743
2019-11-29,3.094,3.095,3.102,3.094,6889400,21345202
2019-12-02,3.095,3.120,3.124,3.090,9316000,28967348
2019-12-03,3.068,3.084,3.098,3.062,7430500,22883306
2019-12-04,3.063,3.047,3.063,3.034,13386000,40856135
2019-12-05,3.060,3.061,3.078,3.049,21609400,66079522
2019-12-06,3.063,3.058,3.067,3.053,11996700,36680926
2019-12-09,3.076,3.086,3.086,3.072,14976740,46118293
2019-12-10,3.070,3.069,3.070,3.064,6873860,21084903
2019-12-11,3.064,3.064,3.064,3.058,8594100,26307893
2019-12-12,3.071,3.086,3.087,3.070,13367840,41155954
2019-12-13,3.108,3.109,3.112,3.100,9916600,30800735
2019-12-16,3.102,3.129,3.130,3.102,15571466,48442095
2019-12-17,3.139,3.161,3.171,3.130,17474228,54997975
2019-12-18,3.161,3.132,3.161,3.132,9148600,28764902
2019-12-19,3.135,3.121,3.140,3.119,9496600,29684902
2019-12-20,3.141,3.155,3.157,3.140,14649200,46072532
2019-12-23,3.168,3.170,3.174,3.160,19882800,62990311
2019-12-24,3.171,3.185,3.192,3.171,15502000,49385477
2019-12-25,3.188,3.168,3.189,3.155,15316900,48530002
2019-12-26,3.173,3.189,3.195,3.168,38861300,123580586
2019-12-27,3.209,3.217,3.235,3.192,20218900,65053388
2019-12-30,3.210,3.210,3.222,3.197,13449500,43159892
2019-12-31,3.187,3.193,3.195,3.175,16156400,51430903
2020-01-02,3.201,3.240,3.243,3.201,16067819,51681636
2020-01-03,3.270,3.254,3.270,3.233,23283000,75798968
2020-01-06,3.228,3.212,3.232,3.196,18845100,60602918
2020-01-07,3.231,3.257,3.280,3.231,18746475,60875890
2020-01-08,3.226,3.219,3.243,3.194,20436560,65796354
2020-01-09,3.253,3.290,3.290,3.253,22201010,72674922
2020-01-10,3.330,3.366,3.369,3.311,16884474,56502645
2020-01-13,3.349,3.359,3.370,3.327,35864020,120071113
2020-01-14,3.401,3.401,3.415,3.369,28778359,97677665
2020-01-15,3.397,3.410,3.411,3.380,9873800,33497122
2020-01-16,3.416,3.441,3.448,3.416,19194744,65878507
2020-01-17,3.493,3.483,3.503,3.475,17474600,60921067
2020-01-20,3.482,3.424,3.482,3.419,29252700,100630192
2020-01-21,3.424,3.397,3.436,3.354,25327200,85927142
2020-01-22,3.391,3.436,3.440,3.388,20614900,70626962
2020-01-23,3.412,3.478,3.480,3.400,17618979,60494215
2020-02-03,3.300,3.303,3.370,3.299,31360400,104496622
2020-02-04,3.357,3.422,3.430,3.324,31894300,108110676
2020-02-05,3.500,3.570,3.575,3.497,32921601,116554090
2020-02-06,3.576,3.682,3.705,3.575,28980656,106085215
2020-02-07,3.720,3.709,3.795,3.673,41431332,154851561
2020-02-10,3.668,3.732,3.738,3.634,27271901,101014271
2020-02-11,3.824,3.871,3.880,3.807,26713280,102527461
2020-02-12,3.880,3.971,3.989,3.831,47823050,188628177
2020-02-13,4.060,4.197,4.239,4.045,53774129,221056488
2020-02-14,4.135,4.010,4.162,3.999,67422900,274210397
2020-02-17,4.010,3.976,4.010,3.818,84955257,334636775
2020-02-18,3.967,3.837,3.967,3.824,70231694,272338753
2020-02-19,3.791,3.799,3.907,3.787,65103993,250750208
2020-02-20,3.862,3.820,3.890,3.804,42258262,161995101
2020-02-21,3.746,3.719,3.796,3.718,60926884,228071069
2020-02-24,3.626,3.558,3.626,3.547,52995136,189777435
2020-02-25,3.485,3.686,3.690,3.440,85148661,305355868
2020-02-26,3.537,3.619,3.650,3.536,53437581,192827505
2020-02-27,3.640,3.570,3.656,3.550,53580464,192551483
2020-02-28,3.430,3.392,3.468,3.383,58661534,200899681
2020-03-02,3.424,3.541,3.549,3.421,62528600,218251701
2020-03-03,3.669,3.565,3.721,3.542,81149595,294356579
2020-03-04,3.502,3.567,3.575,3.450,39870716,139664866
2020-03-05,3.650,3.571,3.666,3.553,57700660,207550248
2020-03-06,3.508,3.493,3.540,3.468,31256244,109251091
2020-03-09,3.402,3.258,3.402,3.255,46830155,156558560
2020-03-10,3.282,3.413,3.430,3.234,77368685,258711515
2020-03-11,3.392,3.294,3.400,3.286,59649928,199858710
2020-03-12,3.238,3.176,3.238,3.166,47283441,150685535
2020-03-13,3.000,3.217,3.322,2.940,117820910,372430792
2020-03-16,3.140,3.015,3.217,3.003,60488662,189201864
2020-03-17,3.100,3.081,3.180,3.001,99091403,304251202
2020-03-18,3.101,2.998,3.150,2.990,81117978,251455611
2020-03-19,3.048,3.061,3.065,2.982,48733150,147274628
2020-03-20,3.093,3.161,3.169,3.073,73337892,229118934
2020-03-23,3.010,3.019,3.133,3.002,53825374,164116292
2020-03-24,3.106,3.181,3.185,3.095,93561969,293528367
2020-03-25,3.320,3.302,3.329,3.254,78161866,257807085
2020-03-26,3.265,3.220,3.266,3.213,49139604,159693163
2020-03-27,3.275,3.159,3.290,3.151,63537577,205716545
2020-03-30,3.066,3.094,3.135,3.057,49705391,153513451
2020-03-31,3.152,3.099,3.160,3.096,38977880,121765470
2020-04-01,3.068,3.066,3.107,3.058,29170300,90015207
2020-04-02,3.050,3.123,3.127,3.049,31904555,98531984
2020-04-03,3.116,3.077,3.116,3.066,31812800,98292245
2020-04-07,3.190,3.175,3.203,3.153,41673546,132233521
2020-04-08,3.160,3.156,3.183,3.152,24391000,77208606
2020-04-09,3.190,3.168,3.196,3.167,27089999,86115539
2020-04-10,3.169,3.126,3.175,3.120,27095876,85296989
2020-04-13,3.116,3.095,3.116,3.080,13893922,43079399
2020-04-14,3.110,3.165,3.169,3.110,24793200,78136626
2020-04-15,3.201,3.237,3.253,3.200,36361842,117571653
2020-04-16,3.220,3.262,3.274,3.200,22148800,71532292
2020-04-17,3.340,3.375,3.395,3.333,44494226,149562581
2020-04-20,3.378,3.375,3.395,3.351,26569398,89719802
2020-04-21,3.363,3.348,3.375,3.299,34831400,116133522
2020-04-22,3.289,3.423,3.436,3.281,46847211,157667610
2020-04-23,3.435,3.465,3.503,3.434,42539974,147535464
2020-04-24,3.460,3.446,3.490,3.430,28977500,100512281
2020-04-27,3.490,3.567,3.575,3.489,39806388,141063682
2020-04-28,3.580,3.656,3.670,3.580,43023800,156558512
2020-04-29,3.652,3.722,3.775,3.652,54488900,203411934
2020-04-30,3.835,3.737,3.882,3.650,72377858,274149857
2020-05-06,3.727,3.748,3.788,3.710,42528688,159148088
2020-05-07,3.768,3.764,3.776,3.728,38474056,144468979
2020-05-08,3.826,3.789,3.835,3.787,38024400,144936591
2020-05-11,3.818,3.726,3.825,3.717,33103701,124988334
2020-05-12,3.722,3.656,3.758,3.630,45661585,167671877
2020-05-13,3.620,3.644,3.657,3.582,37017964,133778545
2020-05-14,3.610,3.586,3.613,3.584,25140440,90554409
2020-05-15,3.620,3.610,3.646,3.605,28550124,103480384
2020-05-18,3.640,3.651,3.657,3.630,20022756,72995297
2020-05-19,3.702,3.748,3.749,3.702,29954499,111562274
2020-05-20,3.735,3.721,3.737,3.714,13668900,50897703
2020-05-21,3.772,3.720,3.783,3.700,18469148,69162000
2020-05-22,3.713,3.596,3.713,3.595,29460914,107328802
2020-05-25,3.625,3.713,3.718,3.615,22590700,82830329
2020-05-26,3.777,3.797,3.820,3.744,31905271,120537387
2020-05-27,3.755,3.772,3.840,3.751,33323334,126315780
2020-05-28,3.790,3.757,3.838,3.753,39152500,148637492
2020-05-29,3.744,3.730,3.773,3.724,26154300,97969294
2020-06-01,3.770,3.744,3.781,3.736,29104776,109204398
2020-06-02,3.755,3.738,3.756,3.731,19140096,71627199
2020-06-03,3.751,3.771,3.776,3.746,25910884,97497525
2020-06-04,3.797,3.793,3.810,3.778,21728515,82377167
2020-06-05,3.794,3.792,3.795,3.778,13752400,52104792
2020-06-08,3.821,3.796,3.850,3.790,18332981,70064500
2020-06-09,3.820,3.802,3.830,3.788,20079719,76422056
2020-06-10,3.827,3.788,3.829,3.772,16800519,63777271
2020-06-11,3.800,3.786,3.841,3.776,29540209,112377829
2020-06-12,3.652,3.724,3.757,3.647,34496203,128163736
2020-06-15,3.710,3.665,3.737,3.663,20998100,77794421
2020-06-16,3.742,3.806,3.807,3.738,27307153,103283060
2020-06-17,3.811,3.820,3.840,3.806,21925186,83766800
2020-06-18,3.811,3.794,3.812,3.785,13524901,51349338
2020-06-19,3.795,3.802,3.818,3.795,16013740,60965555
2020-06-22,3.794,3.786,3.794,3.779,10806400,40903943
2020-06-23,3.785,3.819,3.836,3.785,21683781,82713903
2020-06-24,3.830,3.829,3.853,3.824,12100200,46393948
2020-06-29,3.757,3.760,3.773,3.738,18090928,67997614
2020-06-30,3.793,3.770,3.800,3.763,14570368,55059499
2020-07-01,3.810,3.786,3.815,3.776,13699906,51903016
2020-07-02,3.800,3.803,3.805,3.784,18220730,69179745
2020-07-03,3.791,3.802,3.821,3.791,22385280,85208601
2020-07-06,3.802,3.828,3.850,3.801,23008644,87788734
2020-07-07,3.863,3.839,3.867,3.823,25052551,96213808
2020-07-08,3.825,3.821,3.825,3.808,26344524,100554642
2020-07-09,3.837,3.839,3.851,3.833,28002546,107506268
2020-07-10,3.845,3.847,3.865,3.840,24800913,95471148
2020-07-13,3.903,3.925,3.950,3.888,22815692,89268682
2020-07-14,3.825,3.872,3.875,3.825,25459753,98097871
2020-07-15,3.886,3.882,3.899,3.880,11263353,43751499
2020-07-16,3.888,3.820,3.888,3.819,20405880,78492992
2020-07-17,3.825,3.868,3.874,3.817,19958900,76809089
2020-07-20,3.870,3.849,3.870,3.840,19956500,76784151
2020-07-21,3.942,3.983,4.007,3.934,30268580,120159112
2020-07-22,3.955,3.944,3.965,3.894,20954048,82517014
2020-07-23,3.950,3.956,3.966,3.945,11420100,45151290
2020-07-24,3.867,3.837,3.887,3.835,18261268,70622933
2020-07-27,3.830,3.849,3.864,3.830,10573036,40706413
2020-07-28,3.885,3.877,3.903,3.863,16944076,65819321
2020-07-29,3.848,3.864,3.868,3.836,11625600,44697202
2020-07-30,3.875,3.859,3.883,3.859,9215400,35662357
2020-07-31,3.910,3.920,3.945,3.906,29320568,114933686
2020-08-03,3.940,3.918,3.947,3.901,31326376,122934347
2020-08-04,3.960,3.973,3.974,3.948,23164820,91783341
2020-08-05,3.975,3.967,3.977,3.958,10749800,42644716
2020-08-06,3.976,3.958,3.980,3.951,14249376,56481854
2020-08-07,3.999,4.004,4.016,3.985,17479076,69956960
2020-08-10,3.979,3.994,4.003,3.961,16144056,64421542
2020-08-11,4.002,3.992,4.003,3.986,6792932,27113585
2020-08-12,3.955,3.981,3.984,3.924,13527700,53377428
2020-08-13,4.099,4.065,4.099,3.997,21972766,89091030
2020-08-14,4.062,4.058,4.070,4.046,13156520,53392391
2020-08-17,4.058,4.063,4.064,4.045,8179792,33177953
2020-08-18,4.076,4.059,4.089,4.056,8346700,34021592
2020-08-19,4.076,4.111,4.114,4.066,14300840,58408794
2020-08-20,4.100,4.106,4.128,4.068,15167684,62078495
2020-08-21,4.145,4.210,4.228,4.141,16320746,68249378
2020-08-24,4.260,4.391,4.429,4.242,23616648,103106379
2020-08-25,4.427,4.591,4.599,4.427,30300900,137407266
2020-08-26,4.698,4.503,4.699,4.400,37672136,170601520
2020-08-27,4.590,4.697,4.700,4.590,27756800,129555303
2020-08-28,4.690,4.797,4.888,4.609,46562923,223256676
2020-08-31,4.854,5.058,5.077,4.854,33455131,166586150
2020-09-01,5.058,4.990,5.314,4.930,82030937,422752935
2020-09-02,5.148,5.193,5.198,5.018,62338571,318115523
2020-09-03,5.283,5.305,5.400,5.240,70109988,372838546
2020-09-04,5.000,4.846,5.030,4.781,75682698,372068496
2020-09-07,4.780,4.484,4.800,4.419,80688100,370697391
2020-09-08,4.496,4.724,4.735,4.496,86686839,399391524
2020-09-09,4.397,4.482,4.607,4.350,90385461,405236326
2020-09-10,4.610,4.609,4.680,4.558,56600507,262801604
2020-09-11,4.499,4.529,4.545,4.412,63036576,282667357
2020-09-14,4.533,4.654,4.660,4.471,58829592,267915788
2020-09-15,4.704,4.811,4.848,4.680,71122837,340002197
2020-09-16,4.890,4.802,4.992,4.720,81760325,401581368
2020-09-17,4.698,4.604,4.790,4.600,75473449,352878284
2020-09-18,4.549,4.761,4.765,4.532,81248700,378106497
2020-09-21,4.740,4.667,4.796,4.640,77861200,366293514
2020-09-22,4.667,4.593,4.708,4.579,47579881,221376753
2020-09-23,4.710,4.655,4.718,4.620,61503691,287017325
2020-09-24,4.500,4.481,4.550,4.448,60164041,270379183
2020-09-25,4.540,4.445,4.560,4.433,43001326,193477663
2020-09-28,4.534,4.520,4.540,4.459,57998126,261555361
2020-09-29,4.579,4.546,4.612,4.538,48427328,222012109
2020-09-30,4.555,4.555,4.564,4.501,28272821,128172258
2020-10-09,4.688,4.644,4.689,4.612,33136163,154008504
2020-10-12,4.683,4.673,4.692,4.661,25270543,118166492
2020-10-13,4.722,4.722,4.760,4.713,40281027,190462363
2020-10-14,4.730,4.707,4.730,4.692,15939116,75021457
2020-10-15,4.660,4.586,4.668,4.581,18968700,87715225
2020-10-16,4.600,4.582,4.615,4.571,12960100,59523115
2020-10-19,4.607,4.636,4.642,4.591,11282400,51976675
2020-10-20,4.572,4.605,4.613,4.537,12641600,57836593
2020-10-21,4.612,4.604,4.621,4.590,12361500,56949219
2020-10-22,4.545,4.556,4.568,4.540,12501800,56942022
2020-10-23,4.560,4.509,4.568,4.443,13024600,58860233
2020-10-26,4.510,4.429,4.510,4.423,15994900,71160071
2020-10-27,4.370,4.402,4.422,4.339,24052710,105195064
2020-10-28,4.389,4.364,4.399,4.358,11886214,51966175
2020-10-29,4.250,4.312,4.323,4.231,21366885,91308490
2020-10-30,4.310,4.251,4.310,4.232,14038929,59954030
2020-11-02,4.251,4.253,4.272,4.233,12365662,52580446
2020-11-03,4.257,4.420,4.438,4.257,27151356,118307667
2020-11-04,4.445,4.635,4.820,4.445,75830694,350190090
2020-11-05,4.821,4.650,4.858,4.638,73157124,344615112
2020-11-06,4.700,4.483,4.719,4.465,65352288,297539283
2020-11-09,4.580,4.602,4.650,4.526,38824217,177538298
2020-11-10,4.500,4.469,4.500,4.458,19794910,88604001
2020-11-11,4.448,4.407,4.448,4.401,13247084,58507588
2020-11-12,4.470,4.419,4.473,4.413,11134706,49377201
2020-11-13,4.390,4.385,4.390,4.356,10361618,45318285
2020-11-16,4.413,4.400,4.430,4.395,12782300,56387778
2020-11-17,4.399,4.324,4.402,4.320,20889120,90565974
2020-11-18,4.323,4.284,4.323,4.282,9860900,42286450
2020-11-19,4.270,4.276,4.287,4.246,11724887,50019148
2020-11-20,4.283,4.305,4.312,4.282,10952700,47062136
2020-11-23,4.302,4.271,4.302,4.246,11005600,46928189
2020-11-24,4.287,4.281,4.287,4.270,8959710,38333104
2020-11-25,4.337,4.312,4.337,4.305,13162193,56881982
2020-11-26,4.318,4.325,4.365,4.313,15806700,68558716
2020-11-27,4.320,4.312,4.320,4.290,10500100,45165507
2020-11-30,4.315,4.317,4.359,4.302,12591100,54665787
2020-12-01,4.341,4.364,4.369,4.330,12453000,54253892
2020-12-02,4.440,4.394,4.440,4.350,12602070,55413029
2020-12-03,4.393,4.371,4.393,4.361,17403400,76029544
2020-12-04,4.371,4.349,4.371,4.338,11725891,51005562
2020-12-07,4.349,4.299,4.359,4.294,12952324,55926720
2020-12-08,4.304,4.293,4.309,4.285,10987600,47183062
2020-12-09,4.297,4.290,4.307,4.288,13107600,56336708
2020-12-10,4.233,4.220,4.233,4.182,17640497,74192397
2020-12-11,4.248,4.207,4.248,4.185,12364900,52060659
2020-12-14,4.207,4.204,4.230,4.196,7744300,32602010
2020-12-15,4.204,4.212,4.214,4.202,12573972,52899713
2020-12-16,4.239,4.281,4.282,4.239,16831326,71783105
2020-12-17,4.300,4.283,4.306,4.267,14565900,62383083
2020-12-18,4.290,4.303,4.304,4.286,10505288,45129777
2020-12-21,4.301,4.341,4.344,4.293,15490782,66969589
2020-12-22,4.324,4.299,4.342,4.290,10482421,45237389
2020-12-23,4.282,4.315,4.323,4.282,10490110,45225340
2020-12-24,4.309,4.298,4.309,4.295,13768300,59206949
2020-12-25,4.294,4.321,4.330,4.294,6921000,29833606
2020-12-28,4.323,4.346,4.348,4.322,8833700,38292520
2020-12-29,4.365,4.383,4.385,4.363,10346700,45271203
2020-12-30,4.358,4.382,4.385,4.351,11974600,52311578
2020-12-31,4.382,4.375,4.382,4.360,14092288,61580330
2021-01-04,4.369,4.333,4.369,4.320,17143700,74369278
2021-01-05,4.280,4.275,4.290,4.254,15363100,65525084
2021-01-06,4.285,4.256,4.295,4.254,18123702,77372007
2021-01-07,4.242,4.243,4.260,4.239,12164510,51688693
2021-01-08,4.302,4.318,4.323,4.300,16523120,71249958
2021-01-11,4.342,4.331,4.352,4.330,14496800,62979977
2021-01-12,4.320,4.299,4.320,4.288,15047600,64637761
2021-01-13,4.293,4.281,4.293,4.277,12514000,53576959
2021-01-14,4.298,4.297,4.310,4.294,8311100,35750536
2021-01-15,4.284,4.268,4.284,4.257,11531354,49225975
2021-01-18,4.255,4.244,4.255,4.235,18080928,76670070
2021-01-19,4.266,4.291,4.302,4.261,26988892,115696032
2021-01-20,4.328,4.324,4.328,4.306,13846107,59781438
2021-01-21,4.410,4.435,4.440,4.400,26269824,116079356
2021-01-22,4.443,4.432,4.448,4.415,18391229,81552813
2021-01-25,4.444,4.471,4.476,4.444,16937500,75677883
2021-01-26,4.459,4.443,4.459,4.440,10964218,48782856
2021-01-27,4.480,4.513,4.517,4.480,23005530,103400184
2021-01-28,4.369,4.333,4.387,4.323,31591615,137720755
2021-01-29,4.366,4.327,4.389,4.307,31911653,138646441
2021-02-01,4.265,4.310,4.314,4.255,11926600,51066953
2021-02-02,4.408,4.441,4.443,4.391,18455223,81598835
2021-02-03,4.521,4.493,4.521,4.470,12976178,58212472
2021-02-04,4.455,4.449,4.477,4.431,14056164,62647028
2021-02-05,4.492,4.508,4.513,4.492,12091032,54472351
2021-02-08,4.526,4.537,4.546,4.525,13083600,59407953
2021-02-09,4.549,4.536,4.550,4.535,9735671,44205944
2021-02-10,4.538,4.553,4.555,4.530,12730600,57817897
2021-02-18,4.520,4.532,4.540,4.520,25347221,114769984
2021-02-19,4.525,4.527,4.528,4.505,11995900,54144183
2021-02-22,4.524,4.487,4.524,4.479,16795206,75518477
2021-02-23,4.386,4.416,4.434,4.383,19016823,83936733
2021-02-24,4.397,4.339,4.399,4.323,22978598,100189161
2021-02-25,4.400,4.422,4.423,4.392,14702899,64817392
2021-02-26,4.251,4.246,4.294,4.237,34892964,148577776
2021-03-01,4.309,4.342,4.355,4.309,18608300,80731125
2021-03-02,4.428,4.396,4.450,4.387,14514000,63944248
2021-03-03,4.350,4.376,4.383,4.321,14995300,65333173
2021-03-04,4.265,4.234,4.266,4.215,22238700,94120632
2021-03-05,4.157,4.182,4.186,4.124,18598000,77254187
2021-03-08,4.230,4.189,4.249,4.185,15701920,66169208
2021-03-09,4.137,4.153,4.177,4.117,19880300,82384359
2021-03-10,4.271,4.261,4.278,4.254,14808500,63106767
2021-03-11,4.258,4.297,4.298,4.252,20658437,88191100
2021-03-12,4.346,4.324,4.358,4.322,15286935,66418806
2021-03-15,4.334,4.306,4.348,4.296,9868691,42599389
2021-03-16,4.360,4.387,4.388,4.353,15950140,69737558
2021-03-17,4.385,4.380,4.385,4.366,13116000,57378745
2021-03-18,4.407,4.413,4.418,4.395,10217900,45043798
2021-03-19,4.278,4.267,4.284,4.258,18002362,76885037
2021-03-22,4.274,4.308,4.313,4.274,10313900,44352032
2021-03-23,4.351,4.349,4.356,4.332,12329094,53580474
2021-03-24,4.346,4.351,4.360,4.346,12712136,55343263
2021-03-25,4.288,4.285,4.296,4.272,11395300,48832985
2021-03-26,4.285,4.322,4.326,4.283,12059200,51925732
2021-03-29,4.310,4.322,4.331,4.300,13353500,57657824
2021-03-30,4.338,4.331,4.345,4.329,10270400,44573415
2021-03-31,4.339,4.329,4.348,4.321,7289500,31558521
2021-04-01,4.399,4.430,4.432,4.392,15405200,67928485
2021-04-02,4.487,4.479,4.489,4.476,10904300,48882278
2021-04-06,4.559,4.549,4.559,4.538,15701114,71436554
2021-04-07,4.547,4.545,4.548,4.529,12647500,57373024
2021-04-08,4.554,4.592,4.598,4.554,12497814,57261712
2021-04-09,4.624,4.605,4.635,4.596,16354120,75474397
2021-04-12,4.631,4.635,4.644,4.626,14648087,67835406
2021-04-13,4.625,4.625,4.642,4.622,10980525,50858595
2021-04-14,4.668,4.685,4.688,4.668,11951800,55966919
2021-04-15,4.637,4.638,4.639,4.618,15553000,71958091
2021-04-16,4.673,4.681,4.683,4.673,13237725,61934973
2021-04-19,4.690,4.690,4.701,4.682,9509100,44613619
2021-04-20,4.639,4.620,4.650,4.618,14673700,68018392
2021-04-21,4.577,4.585,4.588,4.559,13554800,61925127
2021-04-22,4.617,4.627,4.630,4.615,7848700,36286211
2021-04-23,4.578,4.572,4.584,4.570,9614943,44007202
2021-04-26,4.628,4.619,4.632,4.615,10874800,50280887
2021-04-27,4.648,4.656,4.659,4.647,13142200,61163041
2021-04-28,4.635,4.640,4.648,4.634,6838700,31727359
2021-04-29,4.645,4.653,4.659,4.645,11989443,55749184
2021-04-30,4.620,4.619,4.621,4.600,15708162,72404746
2021-05-06,4.500,4.512,4.515,4.490,18232500,82031150
2021-05-07,4.525,4.502,4.536,4.499,21087850,95258593
2021-05-10,4.530,4.537,4.540,4.519,24291900,110083144
2021-05-11,4.408,4.405,4.412,4.377,18379230,80745952
2021-05-12,4.393,4.406,4.408,4.385,10948200,48149075
2021-05-13,4.322,4.346,4.349,4.322,12647100,54821056
2021-05-14,4.371,4.394,4.397,4.365,17353300,75887550
2021-05-17,4.426,4.439,4.446,4.421,15371100,68071290
2021-05-18,4.439,4.453,4.457,4.420,8968300,39763525
2021-05-19,4.381,4.371,4.382,4.363,11343600,49606381
2021-05-20,4.378,4.382,4.389,4.373,8284100,36306163
2021-05-21,4.460,4.470,4.471,4.458,12821500,57231506
2021-05-24,4.449,4.448,4.455,4.437,7550000,33562675
2021-05-25,4.497,4.516,4.516,4.493,11530500,51944039
2021-05-26,4.512,4.510,4.515,4.501,8291800,37369161
2021-05-27,4.509,4.485,4.509,4.481,10862600,48815214
2021-05-28,4.492,4.483,4.497,4.478,10621628,47702731
2021-05-31,4.483,4.475,4.490,4.471,13045908,58389919
2021-06-01,4.475,4.483,4.484,4.458,9660922,43164444
2021-06-02,4.458,4.462,4.480,4.457,8553424,38166326
2021-06-03,4.472,4.473,4.479,4.465,5830100,26085927
2021-06-04,4.430,4.439,4.441,4.423,8008400,35505323
2021-06-07,4.498,4.501,4.514,4.490,10969500,49342260
2021-06-08,4.530,4.517,4.531,4.516,9172008,41487550
2021-06-09,4.524,4.523,4.525,4.500,7798800,35261472
2021-06-10,4.518,4.509,4.521,4.505,6962756,31441684
2021-06-11,4.558,4.563,4.567,4.555,9924848,45264522
2021-06-15,4.606,4.633,4.633,4.606,14279800,66077095
2021-06-16,4.595,4.603,4.628,4.595,8065100,37095044
2021-06-17,4.580,4.588,4.589,4.563,11639100,53291263
2021-06-18,4.672,4.684,4.686,4.661,19473020,91083220
2021-06-21,4.639,4.641,4.653,4.620,26727900,123928337
2021-06-22,4.665,4.671,4.679,4.665,16696650,78012582
2021-06-23,4.726,4.743,4.748,4.726,17012400,80606808
2021-06-24,4.743,4.742,4.746,4.732,10051000,47665167
2021-06-25,4.762,4.756,4.763,4.753,11127100,52957702
2021-06-28,4.750,4.767,4.771,4.736,10245020,48745266
2021-06-29,4.801,4.803,4.810,4.801,10372200,49846347
2021-06-30,4.820,4.837,4.839,4.820,6196200,29935438
2021-07-01,4.837,4.827,4.837,4.822,7033000,33960748
2021-07-02,4.830,4.828,4.833,4.819,8074300,38961481
2021-07-05,4.872,4.883,4.887,4.868,7735300,37745553
2021-07-06,4.884,4.887,4.888,4.879,7291803,35604655
2021-07-07,4.898,4.919,4.922,4.898,7374088,36238041
2021-07-08,4.923,4.910,4.925,4.905,9841533,48379711
2021-07-09,4.879,4.903,4.905,4.862,16322263,79697588
2021-07-12,4.919,4.934,4.941,4.919,15410600,76023460
2021-07-13,4.948,4.940,4.954,4.938,12603800,62336002
2021-07-14,4.932,4.938,4.940,4.930,9154600,45193077
2021-07-15,4.933,4.948,4.950,4.933,7778082,38437793
2021-07-16,4.902,4.903,4.921,4.893,11352300,55659095
2021-07-19,4.863,4.874,4.876,4.852,11207500,54456673
2021-07-20,4.851,4.863,4.865,4.851,11163420,54245040
2021-07-21,4.892,4.893,4.900,4.878,14272240,69790401
2021-07-22,4.919,4.938,4.939,4.919,9992000,49260645
2021-07-23,4.962,4.975,4.976,4.960,9837000,48874042
2021-07-26,5.011,5.041,5.049,5.010,20373000,102402697
2021-07-27,5.030,5.030,5.045,5.028,14213400,71573959
2021-07-28,5.000,4.980,5.000,4.963,24000500,119429397
2021-07-29,4.990,4.996,4.999,4.979,17753099,88555223
2021-07-30,4.940,4.912,4.942,4.908,16745500,82535423
2021-08-02,4.962,4.980,4.983,4.962,16841200,83736994
2021-08-03,4.960,4.968,4.970,4.954,7763799,38518310
2021-08-04,4.992,5.001,5.005,4.990,15382914,76860520
2021-08-05,5.003,4.996,5.003,4.992,6502130,32495556
2021-08-06,5.036,5.033,5.045,5.029,13674310,68846740
2021-08-09,4.998,5.008,5.017,4.993,10365600,51883975
2021-08-10,5.019,5.031,5.031,5.019,7355500,36966994
2021-08-11,5.019,5.006,5.019,5.002,11320100,56687937
2021-08-12,4.993,4.992,4.996,4.987,8685601,43346735
2021-08-13,5.010,5.010,5.012,5.005,7771000,38924121
2021-08-16,5.016,5.022,5.035,5.012,12172600,61158428
2021-08-17,5.016,5.039,5.041,5.016,13013700,65488528
2021-08-18,5.012,5.009,5.013,4.995,16223796,81196315
2021-08-19,4.976,4.922,4.976,4.920,21679600,107280845
2021-08-20,4.965,4.968,4.972,4.960,18108324,89937923
2021-08-23,5.030,5.050,5.052,5.021,14448279,72789561
2021-08-24,5.106,5.123,5.126,5.106,27731300,141874901
2021-08-25,5.122,5.118,5.123,5.107,8795300,44994301
2021-08-26,5.116,5.111,5.118,5.105,10634500,54363392
2021-08-27,5.086,5.115,5.119,5.086,17506866,89500864
2021-08-30,5.146,5.154,5.160,5.146,22203700,114441614
2021-08-31,5.195,5.224,5.224,5.188,17389623,90611529
2021-09-01,5.198,5.200,5.203,5.180,25317000,131428092
2021-09-02,5.200,5.193,5.201,5.186,25487100,132317576
2021-09-03,5.191,5.182,5.191,5.176,15065119,78100830
2021-09-06,5.185,5.195,5.199,5.185,14677165,76244201
2021-09-07,5.193,5.200,5.200,5.192,9882700,51351432
2021-09-08,5.196,5.193,5.199,5.190,9115904,47357222
2021-09-09,5.174,5.165,5.174,5.151,15460200,79798368
2021-09-10,5.151,5.148,5.158,5.146,13925300,71716841
2021-09-13,5.099,5.122,5.125,5.094,22810700,116376954
2021-09-14,5.112,5.092,5.114,5.090,11814100,60308524
2021-09-15,5.080,5.081,5.086,5.068,8606645,43686517
2021-09-16,5.117,5.106,5.118,5.103,11691600,59759313
2021-09-17,5.113,5.135,5.136,5.111,14436119,73974027
2021-09-22,4.998,5.009,5.015,4.980,24558900,122737117
2021-09-23,5.051,5.055,5.057,5.043,13491900,68106109
2021-09-24,5.083,5.065,5.091,5.064,14451300,73374448
2021-09-27,5.082,5.096,5.100,5.082,15047300,76599478
2021-09-28,5.034,5.005,5.040,5.004,19531100,98112826
2021-09-29,4.900,4.934,4.936,4.894,26398900,129722769
2021-09-30,4.922,4.944,4.945,4.910,11308300,55756988
2021-10-08,4.958,4.937,4.966,4.934,16605100,82156390
2021-10-11,4.901,4.881,4.906,4.876,24469616,119478384
2021-10-12,4.854,4.840,4.854,4.838,15320099,74234096
2021-10-13,4.835,4.852,4.853,4.833,8515108,41225489
2021-10-14,4.880,4.917,4.918,4.880,11853514,58062247
2021-10-15,4.973,4.986,4.998,4.966,16260014,81050129
2021-10-18,4.990,4.982,4.991,4.978,8000200,39881649
2021-10-19,5.039,5.039,5.040,5.027,13032300,65588232
2021-10-20,5.050,5.048,5.055,5.042,10348500,52261325
2021-10-21,5.042,5.047,5.050,5.027,38725390,195287424
2021-10-22,5.057,5.065,5.068,5.051,31882000,161460431
2021-10-25,5.025,5.040,5.042,5.023,8672500,43661191
2021-10-26,5.091,5.103,5.106,5.089,10067145,51278644
2021-10-27,5.100,5.095,5.100,5.080,7865307,40022758
2021-10-28,5.109,5.116,5.122,5.107,8490108,43440259
2021-10-29,5.140,5.122,5.140,5.117,12735900,65334329
2021-11-01,5.193,5.208,5.214,5.189,13477878,70169645
2021-11-02,5.216,5.218,5.218,5.204,9571346,49872304
2021-11-03,5.238,5.243,5.249,5.238,7816569,40970836
2021-11-04,5.301,5.315,5.318,5.300,17017690,90381638
2021-11-05,5.375,5.380,5.381,5.354,15140821,81364399
2021-11-08,5.377,5.362,5.380,5.357,17015700,91309309
2021-11-09,5.359,5.368,5.371,5.344,17441889,93466797
2021-11-10,5.327,5.316,5.327,5.301,16606700,88157608
2021-11-11,5.248,5.272,5.282,5.247,18581786,97818537
2021-11-12,5.280,5.270,5.291,5.264,11772700,62149290
2021-11-15,5.325,5.336,5.336,5.312,13368800,71187020
2021-11-16,5.325,5.304,5.325,5.295,11995900,63667497
2021-11-17,5.339,5.347,5.357,5.339,11664329,62379128
2021-11-18,5.345,5.359,5.362,5.344,10882200,58227028
2021-11-19,5.400,5.433,5.439,5.400,16652500,90359194
2021-11-22,5.452,5.448,5.464,5.444,13344900,72777433
2021-11-23,5.377,5.359,5.377,5.352,22989000,123348901
2021-11-24,5.348,5.368,5.369,5.343,15839900,84819465
2021-11-25,5.373,5.395,5.396,5.369,12415035,66796664
2021-11-26,5.372,5.340,5.372,5.332,18305400,97951614
2021-11-29,5.288,5.322,5.326,5.288,23034800,122340481
2021-11-30,5.377,5.346,5.387,5.318,23488200,125791996
2021-12-01,5.308,5.350,5.353,5.298,14108400,75182117
2021-12-02,5.227,5.230,5.235,5.216,30960601,161735501
2021-12-03,5.227,5.226,5.233,5.196,19656300,102577270
2021-12-06,5.140,5.153,5.158,5.135,18882531,97180851
2021-12-07,5.191,5.220,5.223,5.186,18428500,95841587
2021-12-08,5.346,5.350,5.358,5.330,18400900,98398782
2021-12-09,5.341,5.329,5.346,5.318,14420607,76900729
2021-12-10,5.270,5.280,5.300,5.270,10739400,56734021
2021-12-13,5.347,5.346,5.353,5.337,9885200,52822249
2021-12-14,5.276,5.261,5.276,5.256,12922607,68006291
2021-12-15,5.228,5.217,5.228,5.207,24502807,127824306
2021-12-16,5.322,5.347,5.348,5.311,20947425,111546517
2021-12-17,5.222,5.191,5.224,5.182,34937900,181672411
2021-12-20,5.120,5.113,5.170,5.105,27329300,140027963
2021-12-21,5.130,5.180,5.183,5.130,20169000,104006770
2021-12-22,5.213,5.206,5.218,5.197,18564400,96697724
2021-12-23,5.270,5.276,5.279,5.261,19499855,102835431
2021-12-24,5.310,5.307,5.316,5.301,12229050,64888429
2021-12-27,5.326,5.331,5.335,5.321,12685200,67604470
2021-12-28,5.393,5.405,5.408,5.390,15871600,85708202
2021-12-29,5.390,5.402,5.403,5.382,14346900,77395295
2021-12-30,5.382,5.372,5.400,5.368,18334000,98563492
2021-12-31,5.355,5.364,5.368,5.339,20998100,112435480
2022-01-04,5.398,5.406,5.407,5.382,17617412,95061728
2022-01-05,5.327,5.297,5.328,5.289,22276500,118143631
2022-01-06,5.150,5.151,5.179,5.122,36062700,185911550
2022-01-07,5.181,5.188,5.191,5.165,17272600,89415607
2022-01-10,5.110,5.142,5.144,5.097,22746787,116407524
2022-01-11,5.127,5.101,5.127,5.094,26752400,136706442
2022-01-12,5.160,5.192,5.197,5.160,21891900,113410233
2022-01-13,5.192,5.192,5.192,5.192,,
2022-01-14,1.010,1.015,1.016,1.007,125644069,126977793
2022-01-17,1.015,1.014,1.017,1.012,84495400,85681333
2022-01-18,1.015,1.008,1.015,1.005,122707900,123867339
2022-01-19,0.990,0.986,0.995,0.982,163215300,161228736
2022-01-20,0.981,0.989,0.990,0.979,126658000,124668997
2022-01-21,0.964,0.960,0.969,0.955,216024299,207732080
2022-01-24,0.948,0.951,0.953,0.944,144031480,136339736
2022-01-25,0.938,0.930,0.943,0.925,284406900,265073903
2022-01-26,0.922,0.925,0.926,0.921,216999200,200515988
2022-01-27,0.912,0.905,0.917,0.903,257177600,233661353
2022-01-28,0.917,0.919,0.924,0.915,247548475,227565967
2022-02-07,0.948,0.956,0.957,0.945,214371502,203752782
2022-02-08,0.950,0.950,0.951,0.946,119095700,112928585
2022-02-09,0.960,0.966,0.967,0.960,123413112,118814160
2022-02-10,0.980,0.980,0.981,0.975,132865200,129956854
2022-02-11,0.958,0.952,0.959,0.949,177886401,169668468
2022-02-14,0.931,0.933,0.935,0.930,156621100,145936506
2022-02-15,0.932,0.933,0.936,0.930,148542900,138578388
2022-02-16,0.948,0.949,0.952,0.947,159283000,151229068
2022-02-17,0.948,0.942,0.949,0.939,150297850,141965089
2022-02-18,0.921,0.933,0.934,0.920,202283624,187810390
2022-02-21,0.920,0.931,0.934,0.918,161946000,149458709
2022-02-22,0.902,0.893,0.911,0.890,363468000,325842050
2022-02-23,0.905,0.908,0.910,0.902,172073200,156003350
2022-02-24,0.875,0.857,0.876,0.854,535979559,464416847
2022-02-25,0.895,0.894,0.898,0.889,469019955,419073494
2022-02-28,0.900,0.896,0.900,0.890,243026494,217527949
2022-03-01,0.914,0.919,0.920,0.913,225111698,206222389
2022-03-02,0.906,0.905,0.910,0.902,137175300,124257126
2022-03-03,0.918,0.920,0.920,0.915,132419852,121485124
2022-03-04,0.896,0.902,0.905,0.895,212072817,190917455
2022-03-07,0.880,0.881,0.883,0.874,297439324,261212442
2022-03-08,0.866,0.852,0.866,0.847,408814900,350416786
2022-03-09,0.856,0.862,0.862,0.852,299040431,256466167
2022-03-10,0.885,0.884,0.888,0.882,199142017,176269211
2022-03-11,0.872,0.879,0.879,0.870,167670763,146530340
2022-03-14,0.868,0.868,0.871,0.863,461177000,399601717
2022-03-15,0.853,0.851,0.859,0.850,221669790,189290792
2022-03-16,0.874,0.883,0.885,0.869,308687290,270713269
2022-03-17,0.904,0.910,0.911,0.903,234725718,212588633
2022-03-18,0.909,0.910,0.912,0.906,152602729,138718603
2022-03-21,0.931,0.930,0.933,0.927,341561900,317695144
2022-03-22,0.927,0.932,0.932,0.927,161685943,150247764
2022-03-23,0.953,0.955,0.956,0.951,176053000,167913454
2022-03-24,0.942,0.946,0.950,0.941,174983875,165394667
2022-03-25,0.960,0.963,0.963,0.959,266644085,256377984
2022-03-28,0.959,0.958,0.961,0.956,170040800,162992086
2022-03-29,0.975,0.978,0.979,0.974,164447175,160428580
2022-03-30,0.992,0.990,0.994,0.988,180703500,179139554
2022-03-31,0.984,0.983,0.985,0.980,267237268,262607892
2022-04-01,0.967,0.973,0.976,0.966,469600162,456108275
2022-04-06,0.964,0.967,0.968,0.963,232076106,223935150
2022-04-07,0.944,0.947,0.948,0.943,244946202,231469579
2022-04-08,0.946,0.953,0.954,0.945,163520704,155102843
2022-04-11,0.934,0.929,0.935,0.926,279102700,259599680
2022-04-12,0.910,0.911,0.912,0.905,491491232,446485306
2022-04-13,0.912,0.917,0.919,0.910,316492813,289520511
2022-04-14,0.927,0.931,0.932,0.927,276754500,257265132
2022-04-15,0.906,0.905,0.908,0.903,337691877,305429654
2022-04-18,0.898,0.900,0.901,0.896,228519900,205325452
2022-04-19,0.909,0.913,0.914,0.908,209456200,190755988
2022-04-20,0.923,0.924,0.925,0.922,329873200,304593612
2022-04-21,0.923,0.928,0.932,0.922,366028039,339424957
2022-04-22,0.901,0.911,0.911,0.900,290495763,262953235
2022-04-25,0.885,0.883,0.893,0.882,491395400,436376715
2022-04-26,0.905,0.904,0.908,0.903,391987600,355020471
2022-04-27,0.875,0.881,0.882,0.872,643972300,564081434
2022-04-28,0.882,0.893,0.894,0.881,386891759,342892067
2022-04-29,0.902,0.905,0.908,0.901,603317800,545703553
2022-05-05,0.915,0.913,0.919,0.912,573678187,525763616
2022-05-06,0.873,0.878,0.882,0.870,554291800,485698587
2022-05-09,0.868,0.866,0.870,0.863,335587120,290470755
2022-05-10,0.840,0.855,0.856,0.838,572165516,484168744
2022-05-11,0.856,0.859,0.861,0.854,583229195,500483630
2022-05-12,0.837,0.830,0.840,0.827,818633700,682099734
2022-05-13,0.838,0.844,0.845,0.837,571960000,480626625
2022-05-16,0.864,0.855,0.865,0.851,645712101,554129782
2022-05-17,0.854,0.859,0.859,0.852,396296201,339108774
2022-05-18,0.867,0.864,0.868,0.862,404410042,349848392
2022-05-19,0.825,0.828,0.831,0.824,639645164,528945726
2022-05-20,0.831,0.833,0.834,0.830,577517598,479878045
2022-05-23,0.832,0.837,0.838,0.828,377369900,313864564
2022-05-24,0.830,0.813,0.831,0.810,449301301,369291255
2022-05-25,0.813,0.818,0.819,0.813,303982262,248255387
2022-05-26,0.823,0.822,0.824,0.819,346554500,284708182
2022-05-27,0.841,0.848,0.849,0.841,526740659,445515897
2022-05-30,0.878,0.875,0.879,0.871,419158169,366190168
2022-05-31,0.871,0.868,0.872,0.867,304673056,264992036
2022-06-01,0.870,0.868,0.871,0.866,234075102,203331254
2022-06-02,0.863,0.860,0.864,0.859,266379700,229395613
2022-06-06,0.858,0.861,0.862,0.855,506240698,434969080
2022-06-07,0.856,0.854,0.857,0.852,317614553,271338831
2022-06-08,0.865,0.866,0.866,0.863,272508301,235720640
2022-06-09,0.862,0.861,0.863,0.859,237320595,204402362
2022-06-10,0.842,0.847,0.848,0.840,377650358,318720697
2022-06-13,0.818,0.804,0.818,0.802,742315964,600739044
2022-06-14,0.788,0.799,0.801,0.788,588483754,467766208
2022-06-15,0.798,0.803,0.805,0.794,774617995,618348741
2022-06-16,0.817,0.798,0.818,0.798,721408267,583968033
2022-06-17,0.778,0.791,0.792,0.776,595808900,467924031
2022-06-20,0.793,0.796,0.796,0.785,513585800,405675724
2022-06-21,0.797,0.805,0.808,0.795,395104089,317021148
2022-06-22,0.808,0.802,0.810,0.802,481873623,387642803
2022-06-23,0.806,0.815,0.816,0.805,465144183,376108149
2022-06-24,0.817,0.824,0.827,0.817,409996385,337400018
2022-06-27,0.840,0.837,0.842,0.836,465797051,390847894
2022-06-28,0.833,0.828,0.834,0.825,657102131,544677524
2022-06-29,0.805,0.806,0.811,0.805,467609576,377666293
2022-06-30,0.806,0.801,0.808,0.800,414441463,333486378
2022-07-01,0.801,0.799,0.802,0.794,409400937,326834325
2022-07-04,0.800,0.802,0.803,0.796,453381020,362410672
2022-07-05,0.806,0.814,0.815,0.805,343310165,278127982
2022-07-06,0.822,0.819,0.825,0.815,455041624,372965189
2022-07-07,0.821,0.829,0.829,0.820,376820800,310772951
2022-07-08,0.839,0.835,0.841,0.834,332803344,278773573
2022-07-11,0.832,0.828,0.835,0.827,341335200,283410744
2022-07-12,0.815,0.816,0.819,0.814,242763300,198114108
2022-07-13,0.815,0.821,0.821,0.814,293281700,239525596
2022-07-14,0.814,0.812,0.816,0.811,348156100,283148001
2022-07-15,0.818,0.821,0.823,0.818,260030242,213505541
2022-07-18,0.834,0.841,0.842,0.832,306670993,256690117
2022-07-19,0.829,0.829,0.832,0.827,251702900,208850023
2022-07-20,0.852,0.856,0.857,0.850,446567004,381017410
2022-07-21,0.861,0.861,0.865,0.860,367139163,316491200
2022-07-22,0.868,0.867,0.870,0.866,341366126,296316907
2022-07-25,0.858,0.854,0.858,0.851,388803800,332327234
2022-07-26,0.847,0.849,0.851,0.846,261577500,221878449
2022-07-27,0.846,0.849,0.852,0.845,299657440,254462598
2022-07-28,0.867,0.864,0.868,0.863,342743848,296358704
2022-07-29,0.884,0.888,0.888,0.884,383910302,340115052
2022-08-01,0.888,0.886,0.888,0.885,244538392,216874470
2022-08-02,0.888,0.886,0.889,0.883,449556570,398254109
2022-08-03,0.886,0.886,0.888,0.884,193918200,171831385
2022-08-04,0.909,0.911,0.911,0.908,251056893,228403533
2022-08-05,0.916,0.915,0.918,0.915,174295390,159756378
2022-08-08,0.907,0.912,0.913,0.905,189823730,172424848
2022-08-09,0.906,0.905,0.908,0.903,208958900,189171903
2022-08-10,0.895,0.892,0.895,0.890,221813470,198015951
2022-08-11,0.920,0.923,0.924,0.918,348449517,320889588
2022-08-12,0.914,0.914,0.915,0.912,189858500,173376187
2022-08-15,0.929,0.931,0.932,0.928,175581909,163425681
2022-08-16,0.941,0.942,0.944,0.941,168046743,158386595
2022-08-17,0.941,0.939,0.942,0.939,141763300,133270871
2022-08-18,0.928,0.926,0.931,0.925,215268786,199941475
2022-08-19,0.933,0.928,0.935,0.927,252330900,235233592
2022-08-22,0.915,0.912,0.916,0.911,312340700,285446563
2022-08-23,0.898,0.895,0.900,0.892,376331700,337404474
2022-08-24,0.896,0.898,0.899,0.892,362756124,324766843
2022-08-25,0.901,0.910,0.910,0.900,219172252,198266543
2022-08-26,0.916,0.915,0.916,0.912,224442784,205226471
2022-08-29,0.872,0.879,0.879,0.870,422742700,369829614
2022-08-30,0.878,0.883,0.884,0.877,214044000,188371535
2022-08-31,0.873,0.875,0.877,0.872,337001600,294519193
2022-09-01,0.859,0.854,0.860,0.852,455147400,389780656
2022-09-02,0.863,0.863,0.864,0.859,384297900,330987321
2022-09-05,0.853,0.856,0.856,0.852,267295400,228188951
2022-09-06,0.861,0.862,0.862,0.858,218543448,187930752
2022-09-07,0.848,0.853,0.854,0.848,363111100,308922897
2022-09-08,0.868,0.870,0.871,0.867,449586420,390457249
2022-09-09,0.874,0.873,0.875,0.871,291393500,254402278
2022-09-13,0.894,0.898,0.899,0.894,331191917,296713490
2022-09-14,0.854,0.856,0.856,0.851,484297100,413635996
2022-09-15,0.859,0.858,0.862,0.858,223570600,192204322
2022-09-16,0.845,0.841,0.845,0.840,195005300,164482098
2022-09-19,0.842,0.840,0.845,0.838,306446259,257919184
2022-09-20,0.851,0.855,0.856,0.850,276275850,235844233
2022-09-21,0.850,0.850,0.852,0.847,298344200,253555116
2022-09-22,0.830,0.834,0.836,0.828,632425080,526428025
2022-09-23,0.829,0.829,0.832,0.828,209359500,173688410
2022-09-26,0.818,0.816,0.822,0.816,421057600,344766913
2022-09-27,0.823,0.831,0.831,0.822,427599900,353155477
2022-09-28,0.826,0.820,0.827,0.817,592321700,485943854
2022-09-29,0.834,0.833,0.837,0.829,439597326,366705994
2022-09-30,0.812,0.812,0.813,0.807,538349608,435943702
2022-10-10,0.799,0.792,0.800,0.792,382266100,304462283
2022-10-11,0.796,0.792,0.797,0.792,314305100,249818049
2022-10-12,0.791,0.797,0.799,0.787,424650008,336267331
2022-10-13,0.789,0.790,0.791,0.787,312628100,246662733
2022-10-14,0.804,0.811,0.813,0.803,602551306,487384047
2022-10-17,0.791,0.793,0.795,0.786,607095300,479432191
2022-10-18,0.816,0.824,0.830,0.814,739138700,606442200
2022-10-19,0.829,0.821,0.830,0.820,490451159,404455723
2022-10-20,0.809,0.812,0.815,0.806,473932600,383888040
2022-10-21,0.810,0.810,0.812,0.808,241070768,195238331
2022-10-24,0.836,0.833,0.838,0.831,799802365,667368573
2022-10-25,0.844,0.848,0.850,0.842,399307551,337787361
2022-10-26,0.847,0.842,0.848,0.841,408050741,344885248
2022-10-27,0.836,0.837,0.840,0.833,325528600,272313026
2022-10-28,0.823,0.811,0.825,0.810,426855347,348243401
2022-10-31,0.845,0.849,0.850,0.844,419760324,355493839
2022-11-01,0.848,0.851,0.852,0.846,407218158,345517353
2022-11-02,0.841,0.838,0.841,0.837,487714000,408799981
2022-11-03,0.812,0.813,0.815,0.811,556574200,452422492
2022-11-04,0.801,0.814,0.815,0.797,888794121,713927749
2022-11-07,0.803,0.815,0.816,0.803,380290500,308151009
2022-11-08,0.820,0.816,0.820,0.813,300939938,245522922
2022-11-09,0.816,0.818,0.822,0.816,353531100,289933655
2022-11-10,0.805,0.808,0.809,0.804,224596815,181172374
2022-11-11,0.856,0.854,0.858,0.847,764368480,650802341
2022-11-14,0.856,0.848,0.857,0.848,334921050,285185492
2022-11-15,0.848,0.855,0.856,0.846,361178636,307613582
2022-11-16,0.854,0.861,0.863,0.852,490985900,421197739
2022-11-17,0.852,0.856,0.856,0.851,255365831,217953465
2022-11-18,0.854,0.853,0.857,0.851,293464142,250649539
2022-11-21,0.850,0.850,0.853,0.849,240632700,204784728
2022-11-22,0.846,0.843,0.848,0.841,210073800,177365381
2022-11-23,0.850,0.853,0.854,0.850,239192898,203725024
2022-11-24,0.863,0.863,0.865,0.862,300554820,259387900
2022-11-25,0.868,0.865,0.868,0.865,154108884,133469877
2022-11-28,0.858,0.854,0.859,0.853,302338286,258766685
2022-11-29,0.851,0.852,0.853,0.848,442679713,376399521
2022-11-30,0.842,0.842,0.843,0.839,302801700,254642387
2022-12-01,0.867,0.868,0.869,0.864,497469030,431078311
2022-12-02,0.862,0.863,0.865,0.861,200865480,173347024
2022-12-05,0.857,0.854,0.858,0.853,311062400,265986199
2022-12-06,0.842,0.844,0.845,0.841,408143000,343878119
2022-12-07,0.830,0.835,0.835,0.829,428277105,356325981
2022-12-08,0.830,0.832,0.832,0.829,292876700,243285731
2022-12-09,0.837,0.833,0.838,0.832,314737300,262379608
2022-12-12,0.825,0.825,0.826,0.824,309283300,255151204
2022-12-13,0.833,0.838,0.838,0.832,358301215,299146823
2022-12-14,0.844,0.848,0.848,0.844,292862820,247540566
2022-12-15,0.840,0.835,0.841,0.835,273227250,228719111
2022-12-16,0.812,0.816,0.817,0.810,440419845,358492060
2022-12-19,0.814,0.813,0.815,0.812,181114700,147278257
2022-12-20,0.806,0.802,0.808,0.800,459364100,369395861
2022-12-21,0.806,0.809,0.810,0.805,319973959,258432855
2022-12-22,0.816,0.811,0.816,0.810,233621342,189955550
2022-12-23,0.798,0.801,0.802,0.796,288029642,230174912
2022-12-26,0.802,0.802,0.803,0.798,147857376,118331562
2022-12-27,0.805,0.808,0.810,0.804,239560552,193493025
2022-12-28,0.797,0.799,0.801,0.796,377584800,301220541
2022-12-29,0.793,0.795,0.796,0.790,243475613,192989862
2022-12-30,0.802,0.799,0.804,0.798,299850150,240251385
2023-01-03,0.797,0.806,0.809,0.795,312332674,250424669
2023-01-04,0.801,0.804,0.805,0.800,180867708,145215892
2023-01-05,0.804,0.805,0.806,0.802,362286200,291206822
2023-01-06,0.799,0.799,0.800,0.796,426590000,340506187
2023-01-09,0.805,0.809,0.809,0.805,306390300,247146635
2023-01-10,0.808,0.805,0.808,0.804,238440400,192202904
2023-01-11,0.810,0.810,0.811,0.809,231791540,187754202
2023-01-12,0.817,0.818,0.819,0.817,226848200,185563507
2023-01-13,0.819,0.815,0.819,0.814,194646300,158791276
2023-01-16,0.817,0.815,0.819,0.814,188586387,154096050
2023-01-17,0.816,0.820,0.821,0.815,240845800,196896242
2023-01-18,0.819,0.821,0.823,0.819,201284614,165301044
2023-01-19,0.811,0.810,0.812,0.806,333704228,270071613
2023-01-20,0.807,0.815,0.816,0.806,262293199,212517405
2023-01-30,0.843,0.844,0.850,0.842,601973817,509438273
2023-01-31,0.835,0.832,0.837,0.832,193552000,161528535
2023-02-01,0.841,0.847,0.847,0.840,262315164,221268472
2023-02-02,0.864,0.862,0.865,0.860,294593482,253835245
2023-02-03,0.873,0.870,0.874,0.870,549983924,479434718
2023-02-06,0.870,0.865,0.873,0.863,757582264,657007541
2023-02-07,0.867,0.866,0.868,0.865,206473600,178993852
2023-02-08,0.878,0.882,0.883,0.878,349205600,307398650
2023-02-09,0.871,0.873,0.874,0.869,379246300,330739731
2023-02-10,0.863,0.860,0.864,0.859,223658784,192579570
2023-02-13,0.856,0.859,0.860,0.855,209100454,179234609
2023-02-14,0.869,0.871,0.872,0.868,287505362,250170998
2023-02-15,0.875,0.873,0.876,0.871,330511767,288749896
2023-02-16,0.888,0.890,0.891,0.888,317199635,282206174
2023-02-17,0.870,0.865,0.872,0.865,362997800,315159101
2023-02-20,0.863,0.868,0.868,0.863,389325702,336701611
2023-02-21,0.865,0.866,0.867,0.864,221860300,191878308
2023-02-22,0.851,0.850,0.854,0.850,349025600,297221986
2023-02-23,0.855,0.857,0.857,0.854,166931500,142880234
2023-02-24,0.860,0.860,0.861,0.857,178302700,153145704
2023-02-27,0.853,0.852,0.854,0.852,152308000,129912644
2023-02-28,0.857,0.855,0.858,0.854,160632000,137493501
2023-03-01,0.850,0.852,0.853,0.849,324083618,275763108
2023-03-02,0.845,0.840,0.846,0.835,509677953,427516730
2023-03-03,0.847,0.849,0.849,0.845,276514364,234284733
2023-03-06,0.865,0.871,0.874,0.864,521506400,452856509
2023-03-07,0.874,0.872,0.875,0.871,290657900,253812613
2023-03-08,0.866,0.864,0.867,0.863,176449500,152523607
2023-03-09,0.866,0.868,0.870,0.865,158941600,137901059
2023-03-10,0.851,0.848,0.853,0.847,355447800,302188872
2023-03-13,0.844,0.854,0.855,0.843,467437500,396522122
2023-03-14,0.846,0.841,0.847,0.839,628986800,529579419
2023-03-15,0.857,0.859,0.860,0.856,471607513,404668502
2023-03-16,0.864,0.863,0.867,0.862,262918300,227465904
2023-03-17,0.884,0.884,0.886,0.882,426888390,377226118
2023-03-20,0.881,0.873,0.883,0.872,393798101,345994951
2023-03-21,0.880,0.882,0.882,0.879,146441902,129060132
2023-03-22,0.893,0.895,0.896,0.893,245124529,219190335
2023-03-23,0.882,0.884,0.884,0.881,362637000,319983686
2023-03-24,0.888,0.891,0.891,0.886,320630313,284914297
2023-03-27,0.897,0.899,0.901,0.896,297449103,267172867
2023-03-28,0.891,0.893,0.894,0.888,214767100,191359360
2023-03-29,0.890,0.893,0.895,0.889,191286301,170648248
2023-03-30,0.902,0.903,0.905,0.902,361707520,326675174
2023-03-31,0.912,0.908,0.913,0.907,252616000,229773424
2023-04-03,0.919,0.920,0.921,0.918,313958238,288770357
2023-04-04,0.921,0.922,0.922,0.919,235249886,216484190
2023-04-06,0.907,0.906,0.908,0.905,237890875,215580344
2023-04-07,0.915,0.914,0.916,0.914,144865745,132538256
2023-04-10,0.914,0.910,0.914,0.909,152295884,138871245
2023-04-11,0.915,0.915,0.916,0.913,155919900,142624219
2023-04-12,0.910,0.908,0.911,0.907,203895091,185254710
2023-04-13,0.899,0.902,0.903,0.898,277289436,249653123
2023-04-14,0.915,0.910,0.915,0.910,197776300,180432451
2023-04-17,0.915,0.914,0.916,0.914,169500970,155048915
2023-04-18,0.914,0.914,0.915,0.913,156865900,143331276
2023-04-19,0.914,0.912,0.915,0.912,126508300,115516077
2023-04-20,0.913,0.912,0.915,0.911,291398900,266041561
2023-04-21,0.910,0.908,0.911,0.908,155952500,141783550
2023-04-24,0.908,0.906,0.911,0.905,249951350,226874648
2023-04-25,0.908,0.906,0.908,0.905,195185775,176962578
2023-04-26,0.907,0.904,0.908,0.904,269685900,244314877
2023-04-27,0.905,0.905,0.907,0.904,183348500,165956480
2023-04-28,0.921,0.923,0.923,0.920,294887900,271874450
2023-05-04,0.916,0.918,0.919,0.914,200071600,183362451
2023-05-05,0.915,0.916,0.916,0.915,87818270,80388627
2023-05-08,0.930,0.930,0.931,0.928,254849310,236840616
2023-05-09,0.931,0.930,0.932,0.930,171802700,160005529
2023-05-10,0.927,0.930,0.930,0.926,128514170,119270336
2023-05-11,0.940,0.942,0.942,0.940,208651400,196339953
2023-05-12,0.947,0.946,0.948,0.946,180740300,171166296
2023-05-15,0.943,0.944,0.944,0.941,145354400,137005361
2023-05-16,0.947,0.947,0.948,0.946,213231300,201929979
2023-05-17,0.954,0.953,0.956,0.953,234354800,223694919
2023-05-18,0.965,0.968,0.969,0.964,253753800,245329037
2023-05-19,0.992,0.990,0.996,0.989,545015004,541216980
2023-05-22,0.985,0.984,0.986,0.981,331928732,326411017
2023-05-23,0.993,0.992,0.996,0.991,311560132,309547101
2023-05-24,0.982,0.977,0.982,0.976,411209600,402691164
2023-05-25,0.987,0.993,0.993,0.986,349645900,345633582
2023-05-26,1.000,0.996,1.001,0.995,312378200,311549389
2023-05-29,1.029,1.032,1.033,1.028,353792400,364438891
2023-05-30,1.032,1.035,1.037,1.029,424779755,439222284
2023-05-31,1.034,1.031,1.036,1.029,320800538,331394948
2023-06-01,1.028,1.030,1.030,1.024,292423060,300526261
2023-06-02,1.041,1.043,1.044,1.039,435042500,453129345
2023-06-05,1.048,1.048,1.048,1.044,276339200,289139215
2023-06-06,1.050,1.049,1.052,1.048,344421473,361702045
2023-06-07,1.050,1.052,1.053,1.049,262282451,275674849
2023-06-08,1.036,1.030,1.038,1.030,473669200,489477471
2023-06-09,1.045,1.047,1.048,1.044,351280102,367573664
2023-06-12,1.055,1.059,1.060,1.054,250996433,265389732
2023-06-13,1.079,1.085,1.086,1.076,656003300,708866735
2023-06-14,1.089,1.086,1.091,1.084,303396000,329643733
2023-06-15,1.093,1.091,1.096,1.091,566478400,619291117
2023-06-16,1.098,1.100,1.101,1.096,551909131,606589834
2023-06-19,1.097,1.096,1.097,1.093,501878700,549571925
2023-06-20,1.096,1.095,1.097,1.094,287869100,315357716
2023-06-21,1.100,1.100,1.102,1.098,376469100,414152896
2023-06-26,1.091,1.091,1.093,1.090,396418900,432681747
2023-06-27,1.077,1.076,1.077,1.073,584611600,628360899
2023-06-28,1.088,1.090,1.091,1.087,347313900,378328884
2023-06-29,1.098,1.099,1.101,1.098,277381100,305009895
2023-06-30,1.099,1.100,1.100,1.098,188385900,207081842
2023-07-03,1.116,1.118,1.120,1.113,501474535,559294621
2023-07-04,1.114,1.112,1.116,1.111,390998822,435622891
2023-07-05,1.112,1.110,1.114,1.110,322573100,358890678
2023-07-06,1.115,1.111,1.116,1.109,325735700,362393974
2023-07-07,1.106,1.106,1.107,1.104,341346571,377423853
2023-07-10,1.101,1.095,1.101,1.095,401941568,441085218
2023-07-11,1.100,1.101,1.102,1.096,343858714,378189881
2023-07-12,1.104,1.102,1.104,1.100,293074373,323008308
2023-07-13,1.113,1.118,1.120,1.112,511885800,571648893
2023-07-14,1.129,1.126,1.130,1.125,396774800,447137169
2023-07-17,1.126,1.132,1.132,1.125,312565100,352685239
2023-07-18,1.140,1.142,1.144,1.139,430085954,490885164
2023-07-19,1.153,1.163,1.164,1.153,543535700,629856534
2023-07-20,1.152,1.147,1.153,1.147,721832325,830628768
2023-07-21,1.124,1.128,1.128,1.122,580808061,653943003
2023-07-24,1.124,1.132,1.134,1.123,408726800,461759302
2023-07-25,1.131,1.128,1.131,1.124,480358373,541073456
2023-07-26,1.130,1.131,1.132,1.129,336560400,380451560
2023-07-27,1.131,1.141,1.143,1.130,578479673,657039986
2023-07-28,1.133,1.134,1.137,1.131,631041274,715486815
2023-07-31,1.146,1.149,1.151,1.142,598807900,686548904
2023-08-01,1.151,1.153,1.155,1.151,337606000,389459491
2023-08-02,1.149,1.137,1.149,1.137,548594898,627599060
2023-08-03,1.121,1.118,1.124,1.118,578883523,649167637
2023-08-04,1.121,1.128,1.130,1.119,614584798,690670547
2023-08-07,1.121,1.118,1.122,1.116,527355000,589762001
2023-08-08,1.123,1.120,1.124,1.120,364620000,409184557
2023-08-09,1.119,1.119,1.120,1.116,416833300,465948809
2023-08-10,1.107,1.109,1.110,1.104,410588923,454389682
2023-08-11,1.111,1.110,1.112,1.107,326562000,362188540
2023-08-14,1.104,1.103,1.105,1.098,504286921,555460100
2023-08-15,1.119,1.124,1.128,1.119,521785880,586836026
2023-08-16,1.113,1.112,1.114,1.110,310689200,345406703
2023-08-17,1.098,1.104,1.104,1.097,495157300,544736359
2023-08-18,1.086,1.083,1.087,1.080,625137666,677229199
2023-08-21,1.084,1.086,1.087,1.084,405742700,440516215
2023-08-22,1.098,1.104,1.104,1.096,402321770,442416058
2023-08-23,1.104,1.104,1.106,1.102,310904551,343276950
2023-08-24,1.127,1.134,1.137,1.127,808191300,915294954
2023-08-25,1.097,1.091,1.098,1.089,512569700,560786790
2023-08-28,1.102,1.105,1.106,1.101,384373403,424034077
2023-08-29,1.113,1.111,1.115,1.111,341034100,379512974
2023-08-30,1.135,1.135,1.137,1.133,526348797,597672372
2023-08-31,1.141,1.140,1.143,1.139,412905900,471300613
2023-09-01,1.138,1.139,1.141,1.137,323287420,368333133
2023-09-04,1.140,1.142,1.143,1.138,264596203,301736039
2023-09-05,1.141,1.141,1.143,1.140,151792100,173293000
2023-09-06,1.146,1.143,1.147,1.143,186619386,213750744
2023-09-07,1.137,1.134,1.138,1.133,322518362,366209444
2023-09-08,1.131,1.141,1.141,1.130,295158100,335141320
2023-09-11,1.136,1.134,1.137,1.132,403239000,457604811
2023-09-12,1.141,1.141,1.142,1.139,233377000,266143006
2023-09-13,1.128,1.128,1.130,1.126,335466200,378459156
2023-09-14,1.133,1.136,1.139,1.132,365659700,415523723
2023-09-15,1.145,1.142,1.145,1.140,333178600,380662485
2023-09-18,1.124,1.124,1.126,1.122,264015600,296802280
2023-09-19,1.126,1.123,1.127,1.122,216408500,243388678
2023-09-20,1.122,1.124,1.124,1.120,330712700,370892218
2023-09-21,1.105,1.103,1.106,1.100,523042100,576471819
2023-09-22,1.085,1.092,1.093,1.084,514059930,559297772
2023-09-25,1.089,1.094,1.095,1.089,291623200,318704232
2023-09-26,1.092,1.085,1.094,1.085,370313500,403515519
2023-09-27,1.078,1.081,1.082,1.076,493765850,532609640
2023-09-28,1.085,1.080,1.085,1.079,394664300,426777016
2023-10-09,1.099,1.096,1.100,1.092,679979921,745196302
2023-10-10,1.109,1.111,1.112,1.108,496692509,551155362
2023-10-11,1.116,1.118,1.120,1.115,376368470,420544394
2023-10-12,1.129,1.128,1.130,1.127,284765100,321384504
2023-10-13,1.122,1.122,1.124,1.119,310462400,348124202
2023-10-16,1.112,1.111,1.112,1.108,379949800,421913645
2023-10-17,1.120,1.119,1.121,1.118,271070421,303480914
2023-10-18,1.115,1.114,1.116,1.114,232191800,258865948
2023-10-19,1.104,1.100,1.105,1.097,503153393,553580663
2023-10-20,1.086,1.086,1.089,1.085,634007732,688765686
2023-10-23,1.076,1.079,1.079,1.075,370554500,399158935
2023-10-24,1.081,1.086,1.087,1.078,414964593,449006206
2023-10-25,1.088,1.082,1.089,1.082,430077800,466954609
2023-10-26,1.053,1.049,1.054,1.048,636909800,668894573
2023-10-27,1.047,1.053,1.056,1.047,540893200,569142414
2023-10-30,1.053,1.055,1.055,1.052,234359000,246903928
2023-10-31,1.057,1.054,1.058,1.052,248581400,262348364
2023-11-01,1.061,1.069,1.070,1.060,519130200,553330394
2023-11-02,1.090,1.091,1.094,1.089,507815400,554284496
2023-11-03,1.102,1.099,1.102,1.098,242342600,266646780
2023-11-06,1.110,1.111,1.112,1.110,293878982,326474591
2023-11-07,1.112,1.110,1.113,1.109,359851789,399810516
2023-11-08,1.122,1.120,1.123,1.120,255567954,286584955
2023-11-09,1.123,1.127,1.127,1.122,307796700,346183536
2023-11-10,1.117,1.116,1.117,1.115,255039794,284596490
2023-11-13,1.140,1.140,1.141,1.137,300123000,341774283
2023-11-14,1.140,1.144,1.145,1.139,317177028,362432460
2023-11-15,1.166,1.164,1.166,1.163,433517600,504904810
2023-11-16,1.159,1.159,1.161,1.158,221715657,257059296
2023-11-17,1.160,1.161,1.163,1.160,273472400,317577031
2023-11-20,1.154,1.145,1.154,1.143,446698600,512805113
2023-11-21,1.159,1.158,1.160,1.157,235581449,272854154
2023-11-22,1.148,1.150,1.151,1.147,247952270,284947010
2023-11-23,1.158,1.156,1.159,1.155,175496031,203015622
2023-11-24,1.157,1.157,1.158,1.156,126372090,146231936
2023-11-27,1.151,1.151,1.152,1.149,145850400,167749200
2023-11-28,1.153,1.154,1.155,1.152,137778251,158990403
2023-11-29,1.155,1.154,1.156,1.153,166750244,192513606
2023-11-30,1.156,1.153,1.156,1.153,291833000,336873559
2023-12-01,1.148,1.148,1.150,1.146,244954644,281214515
2023-12-04,1.148,1.150,1.150,1.148,229266100,263443151
2023-12-05,1.141,1.137,1.142,1.136,308765200,351767285
2023-12-06,1.152,1.153,1.154,1.151,268357598,309251792
2023-12-07,1.143,1.140,1.144,1.140,349822900,399429039
2023-12-08,1.156,1.157,1.157,1.154,331227400,382881582
2023-12-11,1.164,1.164,1.167,1.163,325904070,379606391
2023-12-12,1.177,1.178,1.180,1.176,368437462,434035238
2023-12-13,1.188,1.191,1.191,1.188,421197124,501098575
2023-12-14,1.202,1.204,1.205,1.200,567308048,682505418
2023-12-15,1.193,1.193,1.194,1.191,272183700,324544341
2023-12-18,1.198,1.202,1.203,1.198,476596700,572452290
2023-12-19,1.208,1.209,1.209,1.207,360080582,435066465
2023-12-20,1.213,1.216,1.216,1.213,366537976,445003675
2023-12-21,1.200,1.200,1.201,1.197,558566900,669791816
2023-12-22,1.206,1.206,1.208,1.204,410295400,494881980
2023-12-25,1.210,1.207,1.210,1.206,304472900,367557966
2023-12-26,1.210,1.215,1.215,1.209,406396000,492775816
2023-12-27,1.218,1.219,1.220,1.217,291439700,355233013
2023-12-28,1.221,1.216,1.221,1.215,370830860,451684049
2023-12-29,1.212,1.213,1.213,1.209,283905478,343910746
2024-01-02,1.210,1.210,1.212,1.209,330084796,399605999
2024-01-03,1.193,1.191,1.193,1.189,682674776,813106911
2024-01-04,1.182,1.185,1.185,1.181,430004153,508450592
2024-01-05,1.179,1.176,1.181,1.175,429344300,506328441
2024-01-08,1.180,1.179,1.181,1.177,227668702,268517134
2024-01-09,1.203,1.209,1.209,1.202,817911800,986012899
2024-01-10,1.213,1.209,1.214,1.208,462746200,559959006
2024-01-11,1.221,1.223,1.224,1.220,466658734,570443306
2024-01-12,1.218,1.219,1.220,1.216,390818942,475952467
2024-01-15,1.221,1.227,1.228,1.220,482758099,590704749
2024-01-16,1.221,1.215,1.221,1.214,527647998,642495849
2024-01-17,1.224,1.214,1.224,1.213,566548500,690424567
2024-01-18,1.215,1.217,1.218,1.214,434179900,527906490
2024-01-19,1.237,1.242,1.242,1.237,683256300,847405418
2024-01-22,1.269,1.280,1.283,1.269,1381728546,1761449109
2024-01-23,1.277,1.271,1.277,1.268,628692082,799993786
2024-01-24,1.278,1.278,1.287,1.276,802238702,1027956798
2024-01-25,1.276,1.271,1.277,1.269,587138299,747494223
2024-01-26,1.262,1.261,1.265,1.255,637029448,803115362
2024-01-29,1.261,1.272,1.274,1.261,428316928,542552974
2024-01-30,1.286,1.292,1.296,1.283,711595700,917408956
2024-01-31,1.268,1.264,1.273,1.263,857565000,1087682721
2024-02-01,1.251,1.252,1.255,1.251,325844500,408039919
2024-02-02,1.278,1.283,1.285,1.278,583781341,748757799
2024-02-05,1.295,1.289,1.296,1.286,440470605,568337188
2024-02-06,1.289,1.291,1.291,1.286,541262295,697623439
2024-02-07,1.286,1.279,1.288,1.278,364087800,467258174
2024-02-08,1.298,1.308,1.310,1.296,610748319,795636085
2024-02-19,1.296,1.301,1.303,1.292,586704856,761279749
2024-02-20,1.298,1.299,1.301,1.292,352708689,457049807
2024-02-21,1.285,1.282,1.286,1.281,536271465,688278128
2024-02-22,1.301,1.304,1.304,1.296,497062121,646178243
2024-02-23,1.322,1.321,1.325,1.319,490800538,648578473
2024-02-26,1.311,1.308,1.313,1.308,339388900,444587260
2024-02-27,1.308,1.306,1.311,1.303,458517945,598982715
2024-02-28,1.309,1.309,1.310,1.306,349453480,457204401
2024-02-29,1.301,1.300,1.302,1.298,439180063,570874233
2024-03-01,1.314,1.321,1.322,1.312,686030500,903859342
2024-03-04,1.337,1.339,1.340,1.336,522364727,698788627
2024-03-05,1.326,1.329,1.331,1.326,479219665,636335720
2024-03-06,1.313,1.324,1.325,1.310,731243628,962632964
2024-03-07,1.321,1.315,1.323,1.314,536874100,707757378
2024-03-08,1.337,1.337,1.340,1.336,482551755,645302432
2024-03-11,1.317,1.317,1.318,1.314,585343845,770539656
2024-03-12,1.318,1.322,1.322,1.317,431532469,569181693
2024-03-13,1.335,1.330,1.335,1.327,656225900,873240805
2024-03-14,1.323,1.324,1.325,1.322,340340328,450500096
2024-03-15,1.316,1.316,1.318,1.314,347131128,456799114
2024-03-18,1.307,1.316,1.317,1.306,587470285,770031584
2024-03-19,1.311,1.309,1.312,1.308,568240400,744246103
2024-03-20,1.315,1.314,1.316,1.314,301790000,396776525
2024-03-21,1.337,1.337,1.338,1.332,652655970,871280886
2024-03-22,1.335,1.338,1.340,1.334,636301988,850774249
2024-03-25,1.340,1.334,1.341,1.334,536504072,717310195
2024-03-26,1.334,1.341,1.342,1.334,353079180,472245675
2024-03-27,1.335,1.342,1.342,1.335,276428600,370066268
2024-03-28,1.343,1.339,1.343,1.338,449140500,601758039
2024-03-29,1.338,1.337,1.338,1.335,143801100,192180365
2024-04-01,1.346,1.344,1.348,1.342,381485200,512680950
2024-04-02,1.337,1.340,1.341,1.336,291549624,390391243
2024-04-03,1.327,1.327,1.331,1.326,358786960,476768472
2024-04-08,1.327,1.326,1.331,1.326,266723200,354154760
2024-04-09,1.327,1.328,1.329,1.325,240444821,319058574
2024-04-10,1.331,1.333,1.333,1.330,216970300,288967120
2024-04-11,1.321,1.321,1.323,1.320,276186822,364927643
2024-04-12,1.342,1.341,1.343,1.339,483653580,648527623
2024-04-15,1.323,1.329,1.330,1.322,428297600,567732170
2024-04-16,1.299,1.293,1.301,1.291,795761793,1030676823
2024-04-17,1.297,1.292,1.301,1.290,505244660,654780023
2024-04-18,1.281,1.289,1.289,1.280,423515900,543948439
2024-04-19,1.264,1.264,1.266,1.251,985531800,1239946552
2024-04-22,1.250,1.256,1.257,1.249,449002200,562420676
2024-04-23,1.260,1.259,1.261,1.256,592201200,745047762
2024-04-24,1.287,1.289,1.292,1.285,482176890,621450413
2024-04-25,1.274,1.268,1.274,1.266,428489000,544006678
2024-04-26,1.288,1.290,1.292,1.288,500909805,645980511
2024-04-29,1.301,1.298,1.302,1.297,426804500,554423946
2024-04-30,1.297,1.299,1.301,1.297,393013368,510410268
2024-05-06,1.301,1.302,1.303,1.300,338164500,440118136
2024-05-07,1.314,1.315,1.317,1.314,232961310,306521263
2024-05-08,1.319,1.317,1.319,1.315,241399910,317938960
2024-05-09,1.315,1.314,1.317,1.313,311227300,409268216
2024-05-10,1.319,1.321,1.322,1.318,258398200,340925402
2024-05-13,1.323,1.326,1.328,1.322,227000500,300921920
2024-05-14,1.325,1.326,1.328,1.325,177443600,235260758
2024-05-15,1.336,1.335,1.338,1.334,310927328,415412728
2024-05-16,1.356,1.358,1.359,1.356,452438000,614044858
2024-05-17,1.355,1.355,1.356,1.354,343516959,465506383
2024-05-20,1.357,1.357,1.358,1.356,264668931,359142420
2024-05-21,1.365,1.364,1.366,1.363,298989500,407850667
2024-05-22,1.369,1.369,1.370,1.368,293290100,401619288
2024-05-23,1.375,1.381,1.382,1.374,411585772,567612592
2024-05-24,1.364,1.358,1.365,1.357,682183280,928595408
2024-05-27,1.371,1.374,1.375,1.370,380288400,522033327
2024-05-28,1.377,1.380,1.381,1.376,259090000,357275211
2024-05-29,1.380,1.374,1.381,1.373,386641800,532223326
2024-05-30,1.364,1.359,1.365,1.359,341573581,465068045
2024-05-31,1.348,1.353,1.353,1.347,412582100,557152711
2024-06-03,1.359,1.359,1.361,1.356,553954200,752798428
2024-06-04,1.359,1.355,1.360,1.355,238751900,324230620
2024-06-05,1.364,1.366,1.368,1.362,320443100,437680268
2024-06-06,1.393,1.393,1.394,1.391,470790300,655883712
2024-06-07,1.392,1.394,1.395,1.392,228549060,318464679
2024-06-11,1.396,1.395,1.397,1.395,301305900,420629110
2024-06-12,1.408,1.408,1.409,1.407,318515500,448441885
2024-06-13,1.434,1.436,1.436,1.431,475842300,682101579
2024-06-14,1.434,1.435,1.437,1.434,385072072,552649176
2024-06-17,1.439,1.441,1.442,1.439,389770000,561664880
2024-06-18,1.457,1.460,1.461,1.457,599019600,873510997
2024-06-19,1.461,1.462,1.464,1.460,445511700,651234413
2024-06-20,1.465,1.472,1.473,1.464,618247680,908068890
2024-06-21,1.453,1.450,1.453,1.448,637573300,924377905
2024-06-24,1.443,1.444,1.446,1.441,391529500,565095509
2024-06-25,1.426,1.429,1.431,1.426,580374800,829151771
2024-06-26,1.447,1.456,1.457,1.447,667922000,968954961
2024-06-27,1.450,1.455,1.456,1.449,438167600,637021629
2024-06-28,1.466,1.475,1.479,1.466,699152174,1029961319
2024-07-01,1.467,1.473,1.475,1.463,747112200,1097782092
2024-07-02,1.482,1.474,1.485,1.471,825247300,1219582651
2024-07-03,1.496,1.501,1.504,1.491,846028672,1268117887
2024-07-04,1.520,1.510,1.540,1.500,1156836100,1763045031
2024-07-05,1.512,1.529,1.534,1.512,754103700,1147229187
2024-07-08,1.547,1.552,1.557,1.537,550455600,850396041
2024-07-09,1.559,1.568,1.572,1.558,765547700,1198427326
2024-07-10,1.570,1.548,1.571,1.542,957811300,1486253452
2024-07-11,1.568,1.555,1.570,1.551,790337600,1230531821
2024-07-12,1.505,1.492,1.509,1.491,1042568599,1561380342
2024-07-15,1.505,1.539,1.541,1.505,908223700,1384355021
2024-07-16,1.544,1.536,1.558,1.534,688730872,1064050030
2024-07-17,1.534,1.522,1.534,1.513,504214572,768286837
2024-07-18,1.466,1.495,1.497,1.464,853664094,1262599319
2024-07-19,1.477,1.471,1.483,1.470,499079920,736918893
2024-07-22,1.460,1.463,1.466,1.449,735690400,1071024598
2024-07-23,1.483,1.477,1.488,1.469,556761100,823639124
2024-07-24,1.465,1.448,1.471,1.447,662058791,964919804
2024-07-25,1.410,1.407,1.414,1.398,1032730335,1453392518
2024-07-26,1.396,1.409,1.411,1.396,792486715,1111923067
2024-07-29,1.428,1.437,1.438,1.422,725155700,1035826213
2024-07-30,1.422,1.420,1.426,1.411,747870785,1060686024
2024-07-31,1.412,1.429,1.432,1.409,607625262,862712907
2024-08-01,1.463,1.463,1.472,1.462,675859300,990907955
2024-08-02,1.411,1.396,1.429,1.388,1058402500,1491470874
2024-08-05,1.330,1.287,1.339,1.262,2187290597,2853557071
2024-08-06,1.335,1.332,1.342,1.324,1346569500,1797753586
2024-08-07,1.332,1.334,1.350,1.330,993712287,1332653600
2024-08-08,1.312,1.314,1.319,1.305,925508555,1214313735
2024-08-09,1.355,1.350,1.355,1.341,576241448,778137099
2024-08-12,1.355,1.365,1.366,1.353,446492941,607200654
2024-08-13,1.368,1.379,1.381,1.367,387263700,531395996
2024-08-14,1.412,1.413,1.419,1.404,716526469,1011927916
2024-08-15,1.417,1.422,1.425,1.414,572353300,813304921
2024-08-16,1.462,1.469,1.472,1.457,819191087,1199835449
2024-08-19,1.470,1.442,1.470,1.440,730986481,1062345882
2024-08-20,1.468,1.468,1.471,1.464,547346357,803034720
2024-08-21,1.462,1.469,1.470,1.455,342792700,501187674
2024-08-22,1.477,1.471,1.483,1.466,568427800,837091535
2024-08-23,1.449,1.457,1.459,1.447,557658800,809863436
2024-08-26,1.470,1.460,1.470,1.460,375093200,549032764
2024-08-27,1.447,1.442,1.449,1.440,424309226,612541668
2024-08-28,1.441,1.442,1.446,1.438,527279099,760050936
2024-08-29,1.410,1.407,1.414,1.405,722998583,1018532943
2024-08-30,1.413,1.417,1.418,1.410,488303200,690199689
2024-09-02,1.429,1.429,1.430,1.427,362017400,517278745
2024-09-03,1.431,1.431,1.436,1.429,287521300,411923850
2024-09-04,1.374,1.356,1.377,1.354,1146018600,1567023375
2024-09-05,1.366,1.360,1.369,1.358,418078202,570247808
2024-09-06,1.351,1.372,1.384,1.351,833462300,1141811906
2024-09-09,1.349,1.364,1.366,1.343,548168600,741657926
2024-09-10,1.375,1.368,1.377,1.367,446037240,612238602
2024-09-11,1.381,1.377,1.382,1.369,446167925,613644268
2024-09-12,1.414,1.421,1.423,1.412,653559375,925906001
2024-09-13,1.432,1.435,1.437,1.429,452125900,647791882
2024-09-18,1.433,1.424,1.433,1.423,461349400,658429018
2024-09-19,1.429,1.440,1.441,1.427,501183300,718034473
2024-09-20,1.456,1.443,1.457,1.442,445915200,646890663
2024-09-23,1.450,1.449,1.457,1.448,318035600,461559666
2024-09-24,1.450,1.441,1.450,1.429,529007650,760945961
2024-09-25,1.431,1.430,1.437,1.426,479609300,686141282
2024-09-26,1.445,1.445,1.448,1.438,556366300,802490965
2024-09-27,1.426,1.414,1.431,1.410,495059500,704246568
2024-09-30,1.401,1.409,1.414,1.389,1594940944,2242037868
2024-10-08,1.390,1.403,1.410,1.382,1021480000,1428519780
2024-10-09,1.430,1.427,1.432,1.420,775542151,1106940571
2024-10-10,1.439,1.443,1.446,1.436,733961799,1058464102
2024-10-11,1.445,1.445,1.447,1.442,549246400,793335929
2024-10-14,1.447,1.446,1.447,1.443,385952300,557548997
2024-10-15,1.460,1.476,1.477,1.459,591900900,870387399
2024-10-16,1.455,1.459,1.465,1.453,563418200,821853628
2024-10-17,1.457,1.468,1.470,1.453,524658397,765805597
2024-10-18,1.461,1.459,1.464,1.453,679283398,991092992
2024-10-21,1.464,1.461,1.465,1.459,545312500,797425128
2024-10-22,1.464,1.459,1.464,1.458,350487443,512050570
2024-10-23,1.465,1.465,1.466,1.463,385005635,563887086
2024-10-24,1.452,1.449,1.453,1.447,468262227,678552263
2024-10-25,1.456,1.455,1.457,1.453,284498104,414031455
2024-10-28,1.473,1.473,1.475,1.471,482418500,710771996
2024-10-29,1.466,1.470,1.472,1.464,363815500,533894573
2024-10-30,1.485,1.484,1.488,1.481,599142400,889568947
2024-10-31,1.463,1.459,1.467,1.457,543956601,795604295
2024-11-01,1.433,1.442,1.444,1.433,485435173,698786312
2024-11-04,1.441,1.443,1.449,1.441,423679100,611778158
2024-11-05,1.435,1.438,1.439,1.433,387236700,556210662
2024-11-06,1.463,1.489,1.490,1.457,1408645600,2077444802
2024-11-07,1.515,1.512,1.522,1.510,1150514691,1742505984
2024-11-08,1.525,1.525,1.526,1.520,621573200,946726694
2024-11-11,1.530,1.534,1.535,1.529,455232200,697591571
2024-11-12,1.535,1.536,1.538,1.534,671376500,1031303307
2024-11-13,1.530,1.527,1.530,1.525,534654200,816627578
2024-11-14,1.528,1.529,1.531,1.527,450356234,688877445
2024-11-15,1.514,1.510,1.515,1.507,508226800,768560090
2024-11-18,1.491,1.499,1.499,1.490,585646900,875864387
2024-11-19,1.496,1.504,1.505,1.494,540145900,810715565
2024-11-20,1.517,1.521,1.521,1.516,489366000,742917702
2024-11-21,1.510,1.510,1.512,1.508,469237200,708466317
2024-11-22,1.519,1.521,1.522,1.517,420789600,639541430
2024-11-25,1.533,1.536,1.537,1.532,532524200,817357206
2024-11-26,1.529,1.536,1.537,1.526,331773700,508026515
2024-11-27,1.542,1.540,1.548,1.539,602773600,930677242
2024-11-28,1.530,1.531,1.534,1.529,306671400,469474627
2024-11-29,1.530,1.532,1.534,1.529,301633500,461982240
2024-12-02,1.540,1.540,1.542,1.537,252945605,389465167
2024-12-03,1.559,1.568,1.568,1.559,484422500,757839713
2024-12-04,1.576,1.575,1.578,1.572,445720900,702273612
2024-12-05,1.590,1.589,1.593,1.587,431126300,685444545
2024-12-06,1.581,1.584,1.585,1.580,313298200,495743515
2024-12-09,1.599,1.610,1.611,1.597,557709000,895434989
2024-12-10,1.586,1.597,1.598,1.584,660360886,1051004096
2024-12-11,1.593,1.593,1.597,1.591,422613268,673754807
2024-12-12,1.621,1.617,1.622,1.614,585441853,946682155
2024-12-13,1.616,1.629,1.630,1.614,536946600,869640509
2024-12-16,1.631,1.649,1.650,1.630,611448400,1003760742
2024-12-17,1.676,1.663,1.682,1.661,991497700,1657751841
2024-12-18,1.658,1.674,1.675,1.657,634811799,1057006030
2024-12-19,1.617,1.630,1.640,1.617,958164400,1558778631
2024-12-20,1.620,1.597,1.623,1.591,866210225,1389108651
2024-12-23,1.626,1.652,1.653,1.622,732488917,1200022188
2024-12-24,1.673,1.648,1.675,1.630,912513930,1510353868
2024-12-25,1.667,1.667,1.671,1.656,748298768,1244871688
2024-12-26,1.669,1.674,1.676,1.663,555489350,928055616
2024-12-27,1.664,1.662,1.667,1.660,390261409,648938992
2024-12-30,1.634,1.639,1.651,1.632,585979764,961433051
2024-12-31,1.625,1.629,1.637,1.620,624473300,1017720782
2025-01-02,1.625,1.643,1.645,1.622,656522100,1073799052
2025-01-03,1.639,1.633,1.646,1.631,646881378,1058693329
2025-01-06,1.660,1.669,1.669,1.650,919281560,1526053988
2025-01-07,1.687,1.659,1.689,1.651,1130133590,1895120724
2025-01-08,1.632,1.642,1.649,1.631,724267292,1188142174
2025-01-09,1.640,1.636,1.640,1.635,313639700,513348658
2025-01-10,1.628,1.630,1.648,1.628,537598684,880152322
2025-01-13,1.613,1.592,1.614,1.588,606073600,970168673
2025-01-14,1.609,1.611,1.613,1.599,812975300,1304729516
2025-01-15,1.603,1.601,1.607,1.599,293977000,471020984
2025-01-16,1.640,1.637,1.643,1.628,568660300,929006589
2025-01-17,1.622,1.630,1.631,1.619,437270500,710780733
2025-01-20,1.644,1.646,1.648,1.639,511177316,840066955
2025-01-21,1.641,1.647,1.650,1.638,502373500,826503640
2025-01-22,1.656,1.657,1.660,1.653,519465500,860793938
2025-01-23,1.663,1.643,1.666,1.642,599058300,992590950
2025-01-24,1.650,1.644,1.655,1.639,464167380,764627556
2025-01-27,1.612,1.615,1.621,1.610,511499900,825592977
2025-02-05,1.617,1.612,1.622,1.611,374346000,605623792
2025-02-06,1.625,1.627,1.627,1.618,490854570,796149130
2025-02-07,1.628,1.623,1.630,1.615,638473284,1035946121
2025-02-10,1.611,1.606,1.612,1.602,655202300,1051699011
2025-02-11,1.612,1.607,1.614,1.607,394783300,635608090
2025-02-12,1.609,1.609,1.610,1.603,276862100,444839851
2025-02-13,1.613,1.618,1.619,1.611,307940100,496805634
2025-02-14,1.629,1.629,1.631,1.625,432655268,704742254
2025-02-17,1.629,1.630,1.632,1.624,378669100,616381396
2025-02-18,1.629,1.643,1.643,1.628,414746300,677736026
2025-02-19,1.639,1.636,1.639,1.633,425791200,696400934
2025-02-20,1.630,1.622,1.630,1.621,314234300,510769863
2025-02-21,1.616,1.611,1.618,1.607,533298500,859547131
2025-02-24,1.581,1.590,1.592,1.579,513558400,813957993
2025-02-25,1.568,1.565,1.571,1.563,397546000,622802938
2025-02-26,1.555,1.561,1.563,1.548,484115138,753110166
2025-02-27,1.553,1.571,1.573,1.551,482647300,753189564
2025-02-28,1.530,1.511,1.531,1.510,986276100,1497271535
2025-03-03,1.528,1.542,1.544,1.527,650785902,998516714
2025-03-04,1.505,1.515,1.516,1.499,697073545,1050011766
2025-03-05,1.515,1.533,1.551,1.509,1115506482,1703965426
2025-03-06,1.536,1.534,1.542,1.534,454648100,699104572
2025-03-07,1.505,1.500,1.509,1.498,531224400,798677872
2025-03-10,1.498,1.496,1.503,1.494,354857703,531596757
2025-03-11,1.429,1.428,1.431,1.369,2061257480,2917437259
2025-03-12,1.425,1.432,1.437,1.422,908138700,1298969399
2025-03-13,1.444,1.424,1.445,1.419,984265605,1408128820
2025-03-14,1.419,1.438,1.450,1.417,1210200066,1733721360
2025-03-17,1.452,1.443,1.454,1.442,349738905,506484321
2025-03-18,1.451,1.455,1.457,1.448,425964712,618439805
2025-03-19,1.442,1.443,1.448,1.441,398736900,575795787
2025-03-20,1.461,1.475,1.480,1.458,870511600,1280870151
2025-03-21,1.470,1.468,1.473,1.463,323872232,475567813
2025-03-24,1.485,1.498,1.499,1.483,656039300,980398478
2025-03-25,1.524,1.513,1.528,1.504,567530007,860844403
2025-03-26,1.522,1.508,1.522,1.507,393324000,594966532
2025-03-27,1.478,1.482,1.492,1.478,520262900,772341094
2025-03-28,1.477,1.475,1.479,1.472,275751800,406879271
2025-03-31,1.428,1.411,1.431,1.400,926174901,1311109967
2025-04-01,1.420,1.436,1.437,1.420,498149700,711853710
2025-04-02,1.442,1.442,1.449,1.439,341850900,493495633
2025-04-03,1.409,1.413,1.427,1.407,590746500,835938501
2025-04-07,1.272,1.272,1.272,1.272,372858700,474276266
2025-04-08,1.306,1.319,1.335,1.303,1178464100,1553300165
2025-04-09,1.271,1.300,1.313,1.260,1823609099,2341506606
2025-04-10,1.430,1.429,1.430,1.401,1314844838,1871465439
2025-04-11,1.372,1.413,1.424,1.371,1129048719,1574464588
2025-04-14,1.435,1.432,1.437,1.429,643188350,921138892
2025-04-15,1.425,1.416,1.425,1.415,358572300,508687532
2025-04-16,1.400,1.389,1.406,1.384,419437400,584705519
2025-04-17,1.379,1.390,1.398,1.377,523554700,726435268
2025-04-18,1.381,1.381,1.387,1.376,359087227,495918617
2025-04-21,1.374,1.369,1.376,1.367,323614600,443818043
2025-04-22,1.361,1.371,1.374,1.351,459990700,625172840
2025-04-23,1.401,1.415,1.417,1.391,717415758,1006395403
2025-04-24,1.420,1.398,1.420,1.398,441873400,621762277
2025-04-25,1.436,1.444,1.446,1.436,749668579,1080808243
2025-04-28,1.440,1.448,1.450,1.437,457968700,661337925
2025-04-29,1.451,1.446,1.456,1.445,368010500,534296359
2025-04-30,1.448,1.446,1.452,1.444,362821899,525415764
2025-05-06,1.469,1.457,1.470,1.454,644127205,939843165
2025-05-07,1.463,1.462,1.476,1.459,342379770,501356837
2025-05-08,1.477,1.485,1.486,1.470,459158900,678513366
2025-05-09,1.485,1.486,1.489,1.479,509520975,756114122
2025-05-12,1.513,1.516,1.518,1.506,558463942,844555802
2025-05-13,1.538,1.522,1.539,1.519,629448900,964111051
2025-05-14,1.546,1.566,1.567,1.546,921037700,1435307892
2025-05-15,1.564,1.559,1.572,1.558,587213000,919133468
2025-05-16,1.561,1.561,1.568,1.559,317607600,496405563
2025-05-19,1.550,1.547,1.555,1.546,522457900,810154170
2025-05-20,1.565,1.564,1.569,1.562,465463000,728745837
2025-05-21,1.563,1.549,1.563,1.547,427642300,664518529
2025-05-22,1.540,1.539,1.547,1.534,558507599,859406311
2025-05-23,1.540,1.534,1.544,1.532,243664500,375113192
2025-05-26,1.540,1.543,1.543,1.536,237339700,365072257
2025-05-27,1.540,1.550,1.554,1.538,363293200,561737745
2025-05-28,1.568,1.568,1.572,1.563,319085587,500059139
2025-05-29,1.590,1.589,1.594,1.585,468262396,744436602
2025-05-30,1.554,1.556,1.562,1.553,452324693,704779774
2025-06-03,1.567,1.562,1.568,1.561,337650418,528130783
2025-06-04,1.577,1.575,1.578,1.570,425227000,669322847
2025-06-05,1.575,1.571,1.577,1.571,233241300,367112293
2025-06-06,1.560,1.567,1.569,1.559,387738700,606359852
2025-06-09,1.573,1.571,1.574,1.570,220470000,346454875
2025-06-10,1.581,1.571,1.586,1.569,708625740,1118526443
2025-06-11,1.577,1.577,1.580,1.576,363839700,574223192
2025-06-12,1.570,1.571,1.574,1.568,331156200,520206614
2025-06-13,1.552,1.554,1.559,1.548,641581600,996845781
2025-06-16,1.561,1.567,1.568,1.560,462021846,722547267
2025-06-17,1.573,1.573,1.577,1.570,607435129,955652016
2025-06-18,1.568,1.568,1.572,1.566,322976600,506645671
2025-06-19,1.560,1.559,1.563,1.556,383217300,597707974
2025-06-20,1.559,1.562,1.566,1.557,321434200,501907071
2025-06-23,1.551,1.559,1.559,1.549,303361400,471833777
2025-06-24,1.585,1.595,1.595,1.583,623207500,989391140
2025-06-25,1.596,1.595,1.598,1.594,436605609,696692253
2025-06-26,1.599,1.603,1.603,1.596,428729800,685836528
2025-06-27,1.612,1.619,1.622,1.611,514231097,831251319
2025-06-30,1.625,1.629,1.631,1.624,474714050,772888563
2025-07-01,1.631,1.622,1.631,1.621,504395200,819923182
2025-07-02,1.614,1.623,1.624,1.613,461535401,747016411
2025-07-03,1.630,1.626,1.630,1.625,498540800,811058469
2025-07-04,1.639,1.636,1.640,1.635,318755001,521867889
2025-07-07,1.633,1.635,1.638,1.632,424588231,694133135
2025-07-08,1.633,1.636,1.637,1.631,406049300,663595412
2025-07-09,1.633,1.630,1.634,1.627,446034300,726923367
2025-07-10,1.637,1.639,1.640,1.636,338654000,554832629
2025-07-11,1.634,1.633,1.636,1.632,378041700,617609837
2025-07-14,1.626,1.623,1.627,1.622,391132900,635443593
2025-07-15,1.635,1.648,1.649,1.634,766767332,1259571479
2025-07-16,1.640,1.638,1.643,1.637,349123400,572658501
2025-07-17,1.644,1.650,1.652,1.642,406349369,668885597
2025-07-18,1.658,1.662,1.666,1.658,387766998,644602073
2025-07-21,1.663,1.662,1.665,1.661,231386634,384748031
2025-07-22,1.666,1.663,1.669,1.661,320435518,533359694
2025-07-23,1.657,1.660,1.660,1.655,395570328,655631191
2025-07-24,1.667,1.663,1.668,1.661,301682600,502335769
2025-07-25,1.667,1.666,1.669,1.665,289965400,483387197
2025-07-28,1.677,1.684,1.684,1.677,272406200,457808874
2025-07-29,1.683,1.683,1.685,1.680,326410325,549120980
2025-07-30,1.679,1.680,1.682,1.677,226949112,381179556
2025-07-31,1.703,1.704,1.706,1.701,385239728,656362639
2025-08-01,1.674,1.671,1.678,1.670,585054200,979733465
2025-08-04,1.643,1.648,1.649,1.643,512890500,843930241
2025-08-05,1.672,1.679,1.680,1.670,387061715,647949079
2025-08-06,1.658,1.670,1.671,1.656,530911427,883728903
2025-08-07,1.689,1.684,1.692,1.683,380851520,642683408
2025-08-08,1.691,1.691,1.693,1.688,288685465,488077451
2025-08-11,1.706,1.708,1.708,1.704,383149064,653825071
2025-08-12,1.702,1.703,1.706,1.699,440598501,750223739
2025-08-13,1.721,1.721,1.722,1.715,535596000,920722283
2025-08-14,1.718,1.717,1.719,1.714,328203900,563160183
2025-08-15,1.717,1.722,1.722,1.717,340334171,584968237
2025-08-18,1.715,1.710,1.718,1.708,445491399,763759639
2025-08-19,1.709,1.703,1.710,1.701,342645917,584113636
2025-08-20,1.678,1.684,1.686,1.675,525734200,882667917
2025-08-21,1.676,1.690,1.690,1.676,443889233,747422689
2025-08-22,1.681,1.676,1.687,1.672,489110400,821283280
2025-08-25,1.700,1.698,1.701,1.695,443558410,753339172
2025-08-26,1.691,1.690,1.692,1.688,270055126,456202211
2025-08-27,1.699,1.704,1.705,1.696,278475726,473148811
2025-08-28,1.694,1.693,1.698,1.690,383840900,649940942
2025-08-29,1.700,1.692,1.700,1.691,410497462,695360805
2025-09-01,1.679,1.673,1.680,1.667,628223463,1051094459
2025-09-02,1.676,1.676,1.677,1.672,282884800,473504831
2025-09-03,1.667,1.676,1.678,1.666,409444116,684086898
2025-09-04,1.685,1.682,1.686,1.681,427598500,719796014
2025-09-05,1.698,1.701,1.701,1.696,338491569,574946613
2025-09-08,1.698,1.696,1.699,1.694,248990365,422336578
2025-09-09,1.698,1.701,1.701,1.696,319647804,542998716
2025-09-10,1.704,1.711,1.711,1.704,265763900,453939668
2025-09-11,1.707,1.708,1.709,1.703,289110400,493321883
2025-09-12,1.713,1.714,1.715,1.712,219130300,375506188
2025-09-15,1.719,1.727,1.727,1.718,321437039,553773591
2025-09-16,1.736,1.736,1.741,1.735,348567487,605608362
2025-09-17,1.732,1.729,1.733,1.726,441610530,763310325
2025-09-18,1.734,1.744,1.745,1.733,521469864,907458119
2025-09-19,1.751,1.751,1.755,1.750,421936291,739522444
2025-09-22,1.762,1.771,1.774,1.760,603305650,1066008160
2025-09-23,1.788,1.800,1.800,1.786,548425994,983843041
2025-09-24,1.784,1.785,1.786,1.774,549078139,978019024
2025-09-25,1.779,1.779,1.784,1.776,241678600,430269125
2025-09-26,1.771,1.780,1.782,1.769,310219020,550291947
2025-09-29,1.793,1.800,1.805,1.792,437447847,787243757
2025-09-30,1.802,1.813,1.816,1.802,481868242,871513137
2025-10-09,1.842,1.851,1.855,1.842,459662345,849175124
2025-10-10,1.852,1.860,1.865,1.843,506277599,938819240
2025-10-13,1.807,1.829,1.834,1.806,932049165,1697766422
2025-10-14,1.855,1.810,1.855,1.802,643516916,1176970873
2025-10-15,1.823,1.825,1.836,1.813,613842663,1119518555
2025-10-16,1.823,1.838,1.840,1.818,464792600,848578305
2025-10-17,1.825,1.807,1.830,1.806,438242902,796285489
2025-10-20,1.835,1.859,1.860,1.834,638088262,1178254243
2025-10-21,1.888,1.873,1.890,1.858,451916870,848230926
2025-10-22,1.871,1.883,1.888,1.862,495798881,932400738
2025-10-23,1.868,1.883,1.886,1.866,341184400,639486959
2025-10-24,1.910,1.902,1.911,1.895,320422028,609124626
2025-10-27,1.923,1.956,1.964,1.923,713604464,1383610769
2025-10-28,1.976,1.961,1.991,1.932,736504694,1445738892
2025-10-29,1.984,2.000,2.000,1.969,467759781,930028054
2025-10-30,1.997,1.985,2.001,1.980,584649294,1164800873
2025-10-31,1.981,1.982,1.998,1.969,469785800,931639318
2025-11-03,1.984,1.976,1.989,1.975,314672441,623922202
2025-11-04,1.977,1.940,1.979,1.918,553036645,1076660643
2025-11-05,1.890,1.912,1.927,1.862,691138566,1312596198
2025-11-06,1.923,1.949,1.950,1.919,359496919,697288782
2025-11-07,1.918,1.924,1.938,1.912,487531378,936994575
2025-11-10,1.946,1.951,1.953,1.936,395862628,769495114
2025-11-11,1.975,1.959,1.980,1.950,363748217,714875883
2025-11-12,1.967,1.974,1.975,1.960,345091027,678540381
2025-11-13,1.970,1.975,1.976,1.965,320641826,631787274
2025-11-14,1.935,1.923,1.946,1.920,475928886,920478852
2025-11-17,1.941,1.909,1.942,1.886,512944755,987797579
2025-11-18,1.881,1.844,1.892,1.838,878540939,1636555043
2025-11-19,1.835,1.836,1.863,1.831,714411099,1317560582
2025-11-20,1.879,1.907,1.909,1.879,635834786,1203355917
2025-11-21,1.834,1.848,1.858,1.831,633153850,1169156015
2025-11-24,1.868,1.856,1.876,1.851,539147356,1002630338
2025-11-25,1.896,1.897,1.899,1.890,602163872,1141232503
2025-11-26,1.911,1.927,1.930,1.911,299725291,575439492
2025-11-27,1.941,1.925,1.942,1.922,284643882,549531409
2025-11-28,1.935,1.943,1.944,1.928,238845800,462289776
2025-12-01,1.930,1.936,1.943,1.926,312456701,604420744
2025-12-02,1.945,1.940,1.946,1.933,197198994,382400053
2025-12-03,1.950,1.965,1.966,1.950,326145289,638854275
2025-12-04,1.965,1.965,1.972,1.964,239419100,471018398
2025-12-05,1.968,1.963,1.972,1.956,323655624,635988794
2025-12-08,1.963,1.952,1.969,1.951,269251231,527612125
2025-12-09,1.948,1.928,1.948,1.922,321090267,619646139
2025-12-10,1.928,1.944,1.948,1.924,291171677,564132144
2025-12-11,1.942,1.918,1.952,1.917,373810677,722358250
2025-12-12,1.932,1.921,1.932,1.918,285695782,549497814
2025-12-15,1.890,1.902,1.905,1.888,247052600,469276987
2025-12-16,1.890,1.873,1.895,1.866,329684440,618842757
2025-12-17,1.886,1.899,1.905,1.883,337880700,640773222
2025-12-18,1.873,1.878,1.880,1.870,259650400,487149813
2025-12-19,1.899,1.916,1.917,1.896,288444600,549409166
2025-12-22,1.940,1.945,1.947,1.940,254844401,495178026
2025-12-23,1.946,1.935,1.947,1.932,207278500,401579307
2025-12-24,1.943,1.933,1.944,1.930,178378135,345374070
2025-12-25,1.933,1.930,1.935,1.926,138509400,267162247
2025-12-26,1.935,1.929,1.937,1.928,106452900,205518716
2025-12-29,1.925,1.916,1.925,1.909,197286675,377423282
2025-12-30,1.903,1.914,1.916,1.898,210594493,400985653
2025-12-31,1.905,1.904,1.909,1.901,133582262,254309544
2026-01-05,1.909,1.930,1.930,1.907,274274938,526499130
2026-01-06,1.932,1.925,1.933,1.920,268614114,517079765
2026-01-07,1.930,1.919,1.931,1.917,213980600,411125006
2026-01-08,1.916,1.899,1.918,1.898,251838625,480506535
2026-01-09,1.896,1.903,1.906,1.890,183126872,347682936
2026-01-12,1.904,1.893,1.907,1.892,293808014,557937555
2026-01-13,1.895,1.915,1.917,1.893,260727300,495999372
2026-01-14,1.914,1.909,1.914,1.901,217081668,413816883
2026-01-15,1.898,1.901,1.906,1.891,223463100,424221658
2026-01-16,1.904,1.904,1.906,1.899,152786621,290524176
2026-01-19,1.886,1.887,1.896,1.883,190255560,359432671
2026-01-20,1.887,1.876,1.890,1.871,170040650,319538300
2026-01-21,1.862,1.875,1.879,1.856,233108388,435445341
2026-01-22,1.896,1.901,1.906,1.894,230741577,438507589
2026-01-23,1.908,1.891,1.910,1.890,236709800,449491529
2026-01-26,1.888,1.882,1.888,1.870,237202100,445490355
2026-01-27,1.894,1.894,1.899,1.888,210918429,399852913
2026-01-28,1.902,1.905,1.912,1.894,368399700,701550799
2026-01-29,1.895,1.891,1.898,1.886,190456230,360386656
2026-01-30,1.874,1.881,1.887,1.874,191224000,359283664
2026-02-02,1.858,1.833,1.875,1.831,339912039,628621227
2026-02-03,1.870,1.872,1.873,1.855,251621452,469735418
2026-02-04,1.849,1.853,1.855,1.841,250176751,462537670
2026-02-05,1.835,1.840,1.843,1.831,188489949,345974787
2026-02-06,1.809,1.813,1.818,1.805,279625408,506740548
2026-02-09,1.846,1.847,1.850,1.841,203554566,375820258
2026-02-10,1.851,1.844,1.854,1.842,153611567,284057452
2026-02-11,1.840,1.841,1.843,1.839,109413202,201427474
2026-02-12,1.840,1.836,1.847,1.833,157497058,289696313
2026-02-13,1.810,1.830,1.833,1.807,224111181,407603920
2026-02-24,1.821,1.823,1.824,1.810,158521100,288055017
2026-02-25,1.832,1.825,1.837,1.824,136757767,250206240
2026-02-26,1.839,1.832,1.841,1.831,156080500,286430531
2026-02-27,1.816,1.819,1.823,1.816,123430652,224528674
2026-03-02,1.804,1.802,1.818,1.800,192346534,347670471
2026-03-03,1.810,1.786,1.812,1.783,195769900,351630795
2026-03-04,1.779,1.762,1.783,1.760,231173775,409326432
2026-03-05,1.790,1.800,1.802,1.790,271278081,487045711
2026-03-06,1.794,1.801,1.804,1.790,127610110,229278472
2026-03-09,1.748,1.756,1.772,1.744,330994525,580948578
2026-03-10,1.792,1.788,1.794,1.786,229075300,409837879
2026-03-11,1.792,1.792,1.797,1.790,137090801,245850180
2026-03-12,1.786,1.784,1.793,1.778,133521000,238225204
2026-03-13,1.774,1.767,1.774,1.766,139943790,247757380
2026-03-16,1.763,1.774,1.775,1.759,183402653,323965664
2026-03-17,1.776,1.768,1.784,1.765,149942817,266546120
2026-03-18,1.785,1.789,1.800,1.781,297738416,533140217
2026-03-19,1.763,1.764,1.773,1.760,152405000,269180556
2026-03-20,1.771,1.749,1.771,1.748,97082839,170898652
2026-03-23,1.725,1.680,1.725,1.664,612772047,1035878891
2026-03-24,1.699,1.717,1.729,1.687,371638055,631690928
2026-03-25,1.730,1.734,1.736,1.719,263435400,455724581
2026-03-26,1.730,1.716,1.737,1.710,205267600,353544314
2026-03-27,1.692,1.708,1.711,1.689,213962331,363901756
2026-03-30,1.672,1.683,1.685,1.666,284755714,477196952
2026-03-31,1.680,1.674,1.693,1.672,165562735,278278725
2026-04-01,1.724,1.752,1.756,1.718,396134600,686451168
2026-04-02,1.745,1.721,1.745,1.713,246176975,425047494
2026-04-03,1.737,1.731,1.740,1.728,110810550,192016553
2026-04-07,1.731,1.732,1.742,1.729,148158165,257262205
2026-04-08,1.789,1.833,1.841,1.788,522747331,946950741
2026-04-09,1.833,1.805,1.833,1.780,279219939,502925509
2026-04-10,1.824,1.809,1.840,1.801,256660674,468253583
2026-04-13,1.800,1.798,1.803,1.788,215060383,386330450
2026-04-14,1.833,1.825,1.833,1.824,172953756,316177233
2026-04-15,1.856,1.864,1.874,1.856,304019549,566446479
2026-04-16,1.900,1.907,1.912,1.896,321938433,612687926
2026-04-17,1.902,1.892,1.903,1.885,252215910,477114744
2026-04-20,1.900,1.890,1.902,1.888,228604852,433034701
2026-04-21,1.893,1.892,1.897,1.875,234369426,442159295
2026-04-22,1.890,1.896,1.898,1.884,204704591,386916537
2026-04-23,1.907,1.905,1.917,1.897,304649830,580436973
2026-04-24,1.905,1.907,1.909,1.901,194553831,370705769
2026-04-27,1.930,1.945,1.947,1.929,402762228,780179801
2026-04-28,1.945,1.963,1.967,1.943,349481480,683526736
2026-04-29,1.951,1.962,1.963,1.948,265878190,520035186
2026-04-30,1.975,1.959,1.979,1.955,310462491,610815686
2026-05-06,2.020,2.010,2.029,2.003,571654474,1149096914
2026-05-07,2.030,2.054,2.058,2.030,615707931,1260065242
2026-05-08,2.049,2.065,2.066,2.040,517135178,1059449737
2026-05-11,2.104,2.108,2.110,2.100,476494085,1002953532
2026-05-12,2.098,2.081,2.102,2.080,490250151,1024079834
2026-05-13,2.076,2.093,2.098,2.070,534695166,1113668847
2026-05-14,2.116,2.105,2.117,2.093,431416380,907650113
2026-05-15,2.107,2.100,2.126,2.084,691010975,1454988656
2026-05-18,2.065,2.066,2.090,2.060,535178221,1110449474
2026-05-19,2.058,2.047,2.068,2.034,515328813,1055785730
2026-05-20,2.036,2.058,2.060,2.026,529847139,1080589250
2026-05-21,2.085,2.103,2.114,2.081,630027270,1320517838
2026-05-22,2.120,2.146,2.150,2.120,674648323,1442569270
2026-05-25,2.211,2.231,2.270,2.188,804739172,1791829837
2026-05-26,2.231,2.185,2.231,2.150,470561898,1033840898
2026-05-27,2.215,2.223,2.242,2.209,483697924,1075341617
2026-05-28,2.226,2.214,2.226,2.173,370834487,818979762
2026-05-29,2.235,2.273,2.274,2.235,501062136,1131097727
2026-06-01,2.273,2.365,2.386,2.046,748938403,1758557924
2026-06-02,2.355,2.343,2.375,2.250,589401275,1377066452
2026-06-03,2.577,2.299,2.577,2.277,504705311,1165822545
2026-06-04,2.310,2.240,2.310,2.229,519654002,1166281144
2026-06-05,2.202,2.205,2.249,2.200,491646563,1091973019
2026-06-08,2.116,2.114,2.157,2.106,712907182,1517793773
2026-06-09,2.150,2.200,2.203,2.144,694586623,1506541070
2026-06-10,2.156,2.143,2.165,2.131,416205879,893109627
2026-06-11,2.123,2.130,2.131,2.092,485997021,1026381699
2026-06-12,2.210,2.162,2.215,2.158,479603021,1051537755
2026-06-15,2.231,2.258,2.260,2.220,507286043,1136119824
2026-06-16,2.264,2.280,2.383,2.264,326106498,744435531
2026-06-17,2.251,2.279,2.289,2.249,324119840,734620176
2026-06-18,2.319,2.266,2.319,2.240,367776779,830489104
2026-06-22,2.311,2.250,2.311,2.242,455292922,1024398276
2026-06-23,2.220,2.174,2.227,2.169,578301834,1270069980
2026-06-24,2.154,2.187,2.192,2.154,530993114,1154702339
2026-06-25,2.204,2.208,2.212,2.186,338244740,745484452
2026-06-26,2.206,2.158,2.206,2.133,301996607,650100247
2026-06-29,2.161,2.178,2.180,2.147,312864807,677408210
2026-06-30,2.211,2.204,2.214,2.200,289734795,639505577
2026-07-01,2.227,2.209,2.232,2.204,307888913,682631843
2026-07-02,2.193,2.158,2.196,2.155,341986971,745157741
2026-07-03,2.150,2.167,2.175,2.144,335613800,726284313
2026-07-06,2.168,2.171,2.175,2.147,204496006,441769874
2026-07-07,2.167,2.169,2.176,2.155,211812000,458934885
2026-07-08,2.161,2.141,2.164,2.140,191014196,410933339
2026-07-09,2.157,2.166,2.169,2.147,223530850,482350560
2026-07-10,2.181,2.174,2.189,2.171,184233741,401729423
2026-07-13,2.179,2.168,2.179,2.162,196788700,427107233
2026-07-14,2.157,2.170,2.171,2.136,286152576,617117479
2026-07-15,2.186,2.188,2.192,2.176,302435305,660671613
2026-07-16,2.168,2.167,2.179,2.164,190230546,413194562
2026-07-17,2.134,2.107,2.135,2.103,316657833,670696487
2026-07-20,2.107,2.096,2.118,2.094,171993072,362572160
2026-07-21,2.105,2.130,2.133,2.100,277034439,587261340
2026-07-22,2.139,2.130,2.153,2.126,181891835,389535204
2026-07-23,2.143,2.131,2.148,2.122,142381104,303774392
2026-07-24,2.100,2.104,2.110,2.095,143085380,301019967
2026-07-27,2.105,2.118,2.122,2.104,145359606,307051370
2026-07-28,2.090,2.068,2.096,2.060,123760732,256109955
2026-07-29,2.076,2.074,2.081,2.059,138257200,285841404
2026-07-30,2.050,2.041,2.055,2.035,109489592,223409045
2026-07-31,2.111,2.112,2.119,2.107,168780400,356436918
2026-08-03,2.115,2.127,2.132,2.115,102227600,217353388
2026-08-04,2.170,2.192,2.193,2.165,178782350,389307603
2026-08-05,2.259,2.267,2.268,2.250,225439500,509292413
2026-08-06,2.243,2.244,2.246,2.234,190753692,427162029
2026-08-07,2.244,2.266,2.274,2.238,199149133,448594131
2026-08-10,2.280,2.261,2.292,2.260,192799017,438310384
2026-08-11,2.235,2.215,2.245,2.212,191635574,426988932
2026-08-12,2.211,2.226,2.231,2.203,136582700,303278765
2026-08-13,2.235,2.226,2.244,2.224,130087302,290744504
2026-08-14,2.257,2.264,2.265,2.247,163090410,368068849
2026-08-17,2.264,2.274,2.274,2.262,153535728,348272378
2026-08-18,2.243,2.239,2.247,2.234,111550928,249761026
2026-08-19,2.197,2.200,2.200,2.185,161880420,354981207
2026-08-20,2.217,2.212,2.223,2.210,86163500,190993874
2026-08-21,2.195,2.195,2.200,2.187,136707400,299752862
2026-08-24,2.190,2.166,2.191,2.164,144499332,314261068
2026-08-25,2.159,2.195,2.209,2.154,253651800,553824482
2026-08-26,2.196,2.203,2.209,2.196,120221300,264990842
2026-08-27,2.228,2.229,2.231,2.220,127407528,283759001
2026-08-28,2.244,2.235,2.247,2.229,108671134,243076831
2026-08-31,2.207,2.223,2.229,2.198,133235483,294969761
2026-09-01,2.218,2.233,2.245,2.213,143902167,321201259
2026-09-02,2.204,2.195,2.214,2.191,121684084,268184485
2026-09-03,2.201,2.196,2.208,2.193,116546526,256484483
2026-09-04,2.225,2.222,2.231,2.221,128083712,284996263
2026-09-07,2.229,2.236,2.238,2.228,113815256,254128901
2026-09-08,2.239,2.233,2.244,2.230,88521396,197981402
2026-09-09,2.233,2.234,2.235,2.225,87576004,195292257
2026-09-10,2.218,2.219,2.224,2.216,96507458,214298789
2026-09-11,2.198,2.201,2.207,2.186,151476200,332371204
2026-09-14,2.195,2.191,2.195,2.187,108306329,237192700
2026-09-15,2.195,2.196,2.202,2.185,140304824,307702843
2026-09-16,2.196,2.218,2.220,2.192,122920460,270929541
2026-09-17,2.218,2.220,2.221,2.195,129724021,286636320
2026-09-18,2.240,2.269,2.269,2.237,210746494,474612341
2026-09-21,2.275,2.283,2.287,2.270,212381300,484361671
2026-09-22,2.325,2.316,2.334,2.302,299134150,694168595
2026-09-23,2.325,2.334,2.339,2.317,232656769,541360856
2026-09-24,2.308,2.312,2.321,2.296,167711697,387711863
2026-09-28,2.312,2.304,2.317,2.300,137891784,318267974
2026-09-29,2.291,2.324,2.329,2.287,135532268,311735482
2026-09-30,2.326,2.352,2.354,2.325,254828283,597044697
