date,open,high,low,close,volume,turnover
2016-06-01,1.282,1.279,1.286,1.277,290100,371611
2016-06-02,1.281,1.277,1.281,1.274,145100,185300
2016-06-03,1.278,1.274,1.290,1.263,808600,1033272
2016-06-06,1.274,1.266,1.275,1.263,863300,1094152
2016-06-07,1.272,1.270,1.274,1.265,1065600,1351813
2016-06-08,1.270,1.273,1.274,1.266,568200,721618
2016-06-13,1.265,1.258,1.265,1.255,826400,1039954
2016-06-14,1.251,1.259,1.259,1.251,493600,620217
2016-06-15,1.263,1.265,1.265,1.255,264725,333871
2016-06-16,1.263,1.262,1.263,1.257,202925,255727
2016-06-17,1.267,1.265,1.267,1.261,213450,269560
2016-06-20,1.275,1.275,1.275,1.263,334300,423996
2016-06-21,1.275,1.275,1.275,1.268,167500,213141
2016-06-22,1.275,1.269,1.277,1.269,449700,572445
2016-06-23,1.269,1.272,1.274,1.269,129800,165179
2016-06-24,1.276,1.259,1.285,1.240,1065500,1342265
2016-06-27,1.240,1.260,1.277,1.240,443650,559144
2016-06-28,1.259,1.256,1.260,1.222,1038800,1289639
2016-06-29,1.273,1.264,1.274,1.263,430200,545399
2016-06-30,1.269,1.285,1.285,1.269,752600,961858
2016-07-01,1.290,1.294,1.296,1.289,225600,291731
2016-07-04,1.295,1.283,1.298,1.280,1882200,2418441
2016-07-05,1.282,1.282,1.285,1.281,312300,400709
2016-07-06,1.282,1.283,1.284,1.280,269800,345886
2016-07-07,1.286,1.293,1.295,1.284,381400,490974
2016-07-08,1.293,1.299,1.300,1.287,264400,342318
2016-07-11,1.303,1.319,1.327,1.303,471300,620850
2016-07-12,1.318,1.333,1.338,1.318,557400,741399
2016-07-13,1.333,1.342,1.358,1.333,535100,720116
2016-07-14,1.353,1.337,1.353,1.337,553900,744911
2016-07-15,1.360,1.357,1.400,1.341,537200,731714
2016-07-18,1.359,1.348,1.360,1.345,462500,623853
2016-07-19,1.352,1.365,1.365,1.345,366100,494892
2016-07-20,1.360,1.361,1.365,1.352,240900,327820
2016-07-21,1.380,1.391,1.395,1.369,696600,966350
2016-07-22,1.389,1.378,1.389,1.362,704600,967554
2016-07-25,1.378,1.396,1.398,1.378,419700,584989
2016-07-26,1.392,1.400,1.400,1.375,814800,1137181
2016-07-27,1.405,1.392,1.405,1.361,485100,675104
2016-07-28,1.392,1.381,1.392,1.378,473300,655062
2016-07-29,1.383,1.419,1.419,1.382,487350,677463
2016-08-01,1.420,1.409,1.424,1.402,701100,990403
2016-08-02,1.411,1.420,1.421,1.403,300500,425006
2016-08-03,1.404,1.395,1.404,1.392,398300,555559
2016-08-04,1.398,1.390,1.400,1.388,314900,439002
2016-08-05,1.390,1.387,1.392,1.385,392300,544895
2016-08-08,1.409,1.404,1.409,1.392,478800,670592
2016-08-09,1.403,1.404,1.404,1.396,377000,527810
2016-08-10,1.405,1.400,1.409,1.400,358100,503087
2016-08-11,1.407,1.394,1.407,1.390,820200,1143016
2016-08-12,1.398,1.388,1.405,1.380,508400,709825
2016-08-15,1.389,1.390,1.398,1.388,595400,828248
2016-08-16,1.410,1.386,1.413,1.383,561850,780577
2016-08-17,1.380,1.374,1.383,1.370,1034850,1421115
2016-08-18,1.374,1.376,1.383,1.374,477200,657400
2016-08-19,1.388,1.378,1.388,1.373,373850,514727
2016-08-22,1.374,1.380,1.380,1.373,291800,401901
2016-08-23,1.380,1.380,1.380,1.374,187200,258042
2016-08-24,1.380,1.387,1.387,1.376,273600,378788
2016-08-25,1.387,1.384,1.387,1.376,210400,290967
2016-08-26,1.386,1.385,1.387,1.384,134400,186129
2016-08-29,1.385,1.382,1.385,1.374,100100,138466
2016-08-30,1.382,1.398,1.400,1.382,527800,736747
2016-08-31,1.398,1.405,1.406,1.392,299250,418910
2016-09-01,1.405,1.401,1.406,1.400,312200,437876
2016-09-02,1.405,1.404,1.405,1.399,179500,251481
2016-09-05,1.404,1.419,1.419,1.404,303700,429448
2016-09-06,1.419,1.445,1.450,1.419,446900,642541
2016-09-07,1.445,1.451,1.460,1.445,401900,585143
2016-09-08,1.451,1.449,1.458,1.441,212800,307877
2016-09-09,1.449,1.443,1.449,1.435,267500,385783
2016-09-12,1.430,1.404,1.430,1.391,1021100,1431479
2016-09-13,1.414,1.417,1.439,1.414,336500,478710
2016-09-14,1.425,1.415,1.425,1.402,263749,371886
2016-09-19,1.420,1.424,1.427,1.410,422000,599831
2016-09-20,1.425,1.423,1.425,1.409,149149,211564
2016-09-21,1.421,1.441,1.480,1.421,336400,486787
2016-09-22,1.443,1.453,1.463,1.443,294800,429377
2016-09-23,1.467,1.465,1.467,1.458,336800,492406
2016-09-26,1.459,1.447,1.459,1.442,423800,613954
2016-09-27,1.441,1.446,1.449,1.430,428800,618192
2016-09-28,1.446,1.445,1.457,1.430,229300,331688
2016-09-29,1.445,1.435,1.459,1.433,589400,848156
2016-09-30,1.435,1.449,1.450,1.434,443000,639143
2016-10-10,1.449,1.464,1.464,1.449,687000,1002879
2016-10-11,1.464,1.477,1.484,1.464,497000,733903
2016-10-12,1.466,1.477,1.484,1.460,252100,372429
2016-10-13,1.482,1.508,1.509,1.480,543700,812244
2016-10-14,1.497,1.521,1.525,1.491,628700,950761
2016-10-17,1.521,1.506,1.521,1.492,904700,1363988
2016-10-18,1.505,1.507,1.520,1.501,301700,455502
2016-10-19,1.510,1.510,1.515,1.501,435100,656688
2016-10-20,1.509,1.512,1.517,1.508,560400,848352
2016-10-21,1.512,1.514,1.530,1.512,663500,1009366
2016-10-24,1.514,1.516,1.517,1.510,568200,860324
2016-10-25,1.535,1.521,1.540,1.518,422300,642948
2016-10-26,1.520,1.520,1.524,1.516,661100,1004998
2016-10-27,1.520,1.511,1.520,1.508,462300,699049
2016-10-28,1.511,1.506,1.511,1.502,269600,405798
2016-10-31,1.506,1.510,1.515,1.495,431000,650805
2016-11-01,1.510,1.513,1.517,1.510,447900,677870
2016-11-02,1.512,1.505,1.562,1.503,367800,557830
2016-11-03,1.506,1.498,1.506,1.481,362900,542324
2016-11-04,1.497,1.488,1.498,1.481,426600,636105
2016-11-07,1.485,1.505,1.507,1.476,839900,1254247
2016-11-08,1.511,1.515,1.540,1.505,1557200,2363633
2016-11-09,1.516,1.471,1.523,1.441,2665400,3941426
2016-11-10,1.500,1.503,1.518,1.487,1417100,2127478
2016-11-11,1.503,1.497,1.503,1.477,559300,832900
2016-11-14,1.497,1.495,1.503,1.490,715300,1071588
2016-11-15,1.497,1.499,1.506,1.495,547900,822461
2016-11-16,1.501,1.539,1.584,1.501,1724400,2672375
2016-11-17,1.539,1.549,1.569,1.532,444000,688185
2016-11-18,1.561,1.560,1.570,1.551,19806600,30816927
2016-11-21,1.560,1.558,1.570,1.552,499200,777813
2016-11-22,1.559,1.579,1.581,1.559,1136800,1793067
2016-11-23,1.580,1.595,1.598,1.580,7383200,11767004
2016-11-24,1.594,1.666,1.688,1.594,2199000,3639932
2016-11-25,1.680,1.697,1.832,1.672,3167400,5478257
2016-11-28,1.700,1.666,1.750,1.650,2403900,4027218
2016-11-29,1.666,1.644,1.667,1.633,1823550,3002884
2016-11-30,1.644,1.666,1.679,1.642,936100,1551403
2016-12-01,1.666,1.683,1.685,1.656,943900,1579347
2016-12-02,1.678,1.680,1.682,1.665,673900,1127544
2016-12-05,1.680,1.735,1.739,1.676,1703400,2926444
2016-12-06,1.754,1.779,1.845,1.754,2332200,4158404
2016-12-07,1.783,1.830,1.839,1.783,2845900,5197374
2016-12-08,1.880,1.800,1.925,1.798,5415580,10166673
2016-12-09,1.790,1.760,1.810,1.733,3324300,5878440
2016-12-12,1.761,1.798,1.818,1.761,2608978,4688977
2016-12-13,1.798,1.872,1.899,1.795,2922832,5356978
2016-12-14,1.879,1.842,1.899,1.837,2942400,5493528
2016-12-15,1.840,1.795,1.840,1.741,2495800,4448346
2016-12-16,1.803,1.842,1.855,1.803,2686278,4932954
2016-12-19,1.842,1.876,1.950,1.842,6003650,11288633
2016-12-20,1.918,1.897,1.920,1.878,3718350,7069928
2016-12-21,1.905,1.982,1.996,1.905,15333332,29654694
2016-12-22,1.970,1.970,1.970,1.935,27720300,54385335
2016-12-23,1.962,1.904,1.974,1.900,180422700,354297767
2016-12-26,1.876,1.911,1.946,1.870,2245494,4293699
2016-12-27,1.912,1.840,1.928,1.823,3869894,7215951
2016-12-28,1.812,1.677,1.819,1.656,10448349,17864563
2016-12-29,1.550,1.615,1.640,1.530,4245783,6798477
2016-12-30,1.614,1.577,1.614,1.556,5959300,9398911
2017-01-03,1.435,1.451,1.488,1.435,23893698,34901232
2017-01-04,1.457,1.462,1.464,1.453,17719249,25824142
2017-01-05,1.466,1.462,1.478,1.457,15529100,22703013
2017-01-06,1.457,1.455,1.460,1.452,9350900,13628932
2017-01-09,1.457,1.459,1.462,1.457,4344669,6336156
2017-01-10,1.459,1.452,1.459,1.445,5291000,7666724
2017-01-11,1.452,1.451,1.453,1.447,2857617,4146148
2017-01-12,1.455,1.453,1.458,1.452,3824000,5559594
2017-01-13,1.450,1.454,1.455,1.448,4205400,6107339
2017-01-16,1.452,1.454,1.455,1.450,3235900,4702542
2017-01-17,1.454,1.442,1.454,1.439,3503600,5062078
2017-01-18,1.441,1.447,1.462,1.434,5682100,8210146
2017-01-19,1.449,1.443,1.450,1.442,2667300,3858044
2017-01-20,1.442,1.439,1.442,1.437,2840800,4086172
2017-01-23,1.439,1.433,1.443,1.431,4249900,6103020
2017-01-24,1.434,1.431,1.438,1.430,3072100,4400145
2017-01-25,1.438,1.446,1.451,1.437,4826390,6968992
2017-01-26,1.460,1.458,1.465,1.442,10973261,15963092
2017-02-03,1.447,1.446,1.448,1.440,3721900,5372180
2017-02-06,1.454,1.459,1.459,1.453,3518990,5124574
2017-02-07,1.457,1.456,1.457,1.454,2069500,3012580
2017-02-08,1.457,1.461,1.462,1.455,2980850,4349491
2017-02-09,1.459,1.455,1.460,1.455,2830300,4124434
2017-02-10,1.464,1.472,1.473,1.463,8376700,12299317
2017-02-13,1.476,1.481,1.486,1.474,3464600,5118778
2017-02-14,1.486,1.480,1.487,1.478,4270800,6333770
2017-02-15,1.485,1.488,1.490,1.485,5267000,7836165
2017-02-16,1.498,1.488,1.498,1.486,7884400,11755841
2017-02-17,1.488,1.485,1.488,1.482,2950200,4378487
2017-02-20,1.486,1.490,1.490,1.483,5743300,8536775
2017-02-21,1.492,1.489,1.493,1.487,2347800,3495579
2017-02-22,1.497,1.503,1.503,1.494,6416700,9618750
2017-02-23,1.503,1.507,1.509,1.501,3530001,5315647
2017-02-24,1.510,1.509,1.510,1.506,4312000,6504150
2017-02-27,1.510,1.508,1.510,1.502,1878002,2831386
2017-02-28,1.508,1.519,1.521,1.508,5534800,8389155
2017-03-01,1.514,1.541,1.543,1.511,3971100,6076359
2017-03-02,1.568,1.623,1.688,1.568,19421800,31653065
2017-03-03,1.600,1.630,1.640,1.600,6911300,11216002
2017-03-06,1.630,1.678,1.684,1.630,8246600,13754195
2017-03-07,1.667,1.628,1.694,1.580,14578501,23934401
2017-03-08,1.625,1.595,1.628,1.583,9168700,14631571
2017-03-09,1.595,1.556,1.596,1.546,9382300,14668206
2017-03-10,1.548,1.590,1.614,1.548,8762200,13916238
2017-03-13,1.601,1.603,1.633,1.596,6713300,10799089
2017-03-14,1.607,1.617,1.619,1.607,2813601,4537711
2017-03-15,1.613,1.594,1.613,1.580,4254603,6764274
2017-03-16,1.630,1.613,1.659,1.611,7016600,11418878
2017-03-17,1.609,1.611,1.620,1.601,2364900,3814159
2017-03-20,1.610,1.612,1.616,1.608,1444800,2327440
2017-03-21,1.609,1.615,1.616,1.602,2190901,3525922
2017-03-22,1.579,1.555,1.587,1.549,8516700,13356283
2017-03-23,1.570,1.555,1.572,1.553,2731300,4255524
2017-03-24,1.551,1.542,1.554,1.535,3078900,4742190
2017-03-27,1.541,1.521,1.542,1.518,3650100,5564398
2017-03-28,1.521,1.538,1.541,1.521,1811305,2780710
2017-03-29,1.553,1.553,1.557,1.540,1970600,3059276
2017-03-30,1.555,1.547,1.559,1.541,1820500,2820406
2017-03-31,1.554,1.574,1.593,1.549,4806000,7555641
2017-04-05,1.574,1.564,1.577,1.559,2134761,3340857
2017-04-06,1.564,1.549,1.564,1.532,2459100,3795266
2017-04-07,1.553,1.543,1.553,1.541,2206000,3407659
2017-04-10,1.542,1.546,1.546,1.540,1093200,1687513
2017-04-11,1.549,1.540,1.551,1.534,1652300,2549366
2017-04-12,1.540,1.534,1.540,1.530,1236400,1895806
2017-04-13,1.530,1.529,1.530,1.525,847600,1295018
2017-04-14,1.527,1.515,1.527,1.512,1794300,2721101
2017-04-17,1.515,1.507,1.515,1.498,1586400,2387983
2017-04-18,1.516,1.535,1.542,1.516,1723800,2642287
2017-04-19,1.532,1.522,1.532,1.513,1602300,2437174
2017-04-20,1.522,1.517,1.522,1.509,1679900,2546553
2017-04-21,1.535,1.528,1.535,1.527,2405000,3682870
2017-04-24,1.530,1.536,1.549,1.529,2656190,4082316
2017-04-25,1.549,1.559,1.559,1.543,5780232,8975021
2017-04-26,1.569,1.568,1.585,1.565,2667500,4190712
2017-04-27,1.565,1.541,1.565,1.536,3180600,4916787
2017-04-28,1.550,1.553,1.553,1.540,1506700,2331461
2017-05-02,1.557,1.552,1.557,1.549,2025200,3145183
2017-05-03,1.555,1.550,1.555,1.548,1393500,2163607
2017-05-04,1.550,1.547,1.550,1.542,731400,1130361
2017-05-05,1.549,1.544,1.549,1.539,1039000,1602359
2017-05-08,1.557,1.559,1.560,1.550,3504600,5455034
2017-05-09,1.558,1.553,1.560,1.546,1875800,2911163
2017-05-10,1.554,1.548,1.554,1.546,1398300,2167693
2017-05-11,1.549,1.554,1.557,1.549,841000,1307032
2017-05-12,1.552,1.543,1.552,1.540,1462200,2256175
2017-05-15,1.543,1.544,1.544,1.536,1024000,1578524
2017-05-16,1.552,1.552,1.555,1.550,3069200,4765273
2017-05-17,1.550,1.533,1.550,1.531,3257400,5003108
2017-05-18,1.498,1.507,1.517,1.491,6487090,9747921
2017-05-19,1.509,1.506,1.519,1.505,1791900,2703552
2017-05-22,1.512,1.520,1.522,1.509,3369300,5102906
2017-05-23,1.531,1.523,1.538,1.519,1943100,2961047
2017-05-24,1.524,1.524,1.528,1.516,3469000,5283899
2017-05-25,1.525,1.533,1.535,1.525,1553200,2378433
2017-05-26,1.536,1.546,1.547,1.536,1726100,2666032
2017-05-31,1.546,1.530,1.546,1.526,2625700,4022933
2017-06-01,1.530,1.523,1.531,1.522,2104700,3216197
2017-06-02,1.549,1.542,1.549,1.532,4894356,7538642
2017-06-05,1.548,1.536,1.548,1.533,2605200,4001456
2017-06-06,1.532,1.533,1.534,1.526,1080400,1653323
2017-06-07,1.527,1.529,1.532,1.527,1237300,1891007
2017-06-08,1.529,1.528,1.530,1.525,1000400,1527845
2017-06-09,1.529,1.528,1.529,1.525,1138800,1738881
2017-06-12,1.527,1.524,1.529,1.519,998600,1523234
2017-06-13,1.520,1.529,1.529,1.520,2214900,3375381
2017-06-14,1.529,1.529,1.535,1.527,917900,1404887
2017-06-15,1.530,1.531,1.531,1.525,1570700,2400822
2017-06-16,1.529,1.533,1.533,1.525,1079989,1652133
2017-06-19,1.532,1.534,1.534,1.528,759600,1163027
2017-06-20,1.548,1.547,1.548,1.541,2577800,3985347
2017-06-21,1.538,1.535,1.538,1.532,811000,1243852
2017-06-22,1.535,1.535,1.537,1.528,1400400,2146951
2017-06-23,1.531,1.538,1.538,1.531,311900,479142
2017-06-26,1.539,1.537,1.540,1.535,1407900,2163807
2017-06-27,1.535,1.538,1.539,1.535,531400,816978
2017-06-28,1.529,1.525,1.529,1.519,1428300,2175516
2017-06-29,1.534,1.530,1.539,1.529,3237200,4960935
2017-06-30,1.518,1.521,1.521,1.513,961900,1458615
2017-07-03,1.519,1.520,1.522,1.517,970400,1474046
2017-07-04,1.521,1.521,1.522,1.518,878300,1335117
2017-07-05,1.521,1.523,1.524,1.520,386500,588326
2017-07-06,1.525,1.523,1.525,1.521,402800,613296
2017-07-07,1.518,1.515,1.518,1.508,1059600,1601625
2017-07-10,1.521,1.521,1.522,1.516,857100,1302126
2017-07-11,1.522,1.522,1.525,1.520,410600,625078
2017-07-12,1.522,1.520,1.522,1.517,357900,543775
2017-07-13,1.529,1.530,1.532,1.527,687100,1050875
2017-07-14,1.530,1.528,1.532,1.526,540700,826435
2017-07-17,1.532,1.533,1.535,1.530,1775502,2722925
2017-07-18,1.533,1.534,1.534,1.530,337200,516725
2017-07-19,1.535,1.538,1.543,1.531,2191756,3372713
2017-07-20,1.542,1.545,1.548,1.542,1103400,1703844
2017-07-21,1.541,1.541,1.545,1.538,673400,1038156
2017-07-24,1.539,1.538,1.541,1.529,850000,1305067
2017-07-25,1.537,1.537,1.539,1.533,464700,713832
2017-07-26,1.539,1.540,1.542,1.537,404700,623311
2017-07-27,1.541,1.536,1.541,1.532,1252700,1923380
2017-07-28,1.534,1.535,1.544,1.529,1183600,1817236
2017-07-31,1.535,1.536,1.541,1.529,1007517,1545421
2017-08-01,1.535,1.532,1.539,1.532,1625900,2491771
2017-08-02,1.533,1.535,1.537,1.531,1230256,1886156
2017-08-03,1.535,1.530,1.535,1.529,522900,800612
2017-08-04,1.530,1.527,1.530,1.526,548800,838171
2017-08-07,1.528,1.539,1.543,1.528,1506595,2317012
2017-08-08,1.539,1.539,1.541,1.535,402500,619616
2017-08-09,1.539,1.531,1.539,1.531,787300,1206580
2017-08-10,1.526,1.527,1.530,1.526,469401,716883
2017-08-11,1.515,1.513,1.516,1.505,988400,1494251
2017-08-14,1.518,1.518,1.519,1.511,398300,603826
2017-08-15,1.529,1.523,1.529,1.523,330800,504693
2017-08-16,1.523,1.519,1.528,1.518,1400200,2127592
2017-08-17,1.524,1.518,1.524,1.518,167700,255097
2017-08-18,1.501,1.505,1.510,1.499,1536900,2309070
2017-08-21,1.507,1.503,1.507,1.497,1116500,1675490
2017-08-22,1.502,1.504,1.505,1.498,463000,695388
2017-08-23,1.504,1.510,1.513,1.504,716900,1082044
2017-08-24,1.509,1.502,1.509,1.501,343200,515711
2017-08-25,1.500,1.502,1.503,1.497,593900,891204
2017-08-28,1.500,1.502,1.503,1.496,1240300,1859462
2017-08-29,1.502,1.494,1.502,1.493,1156900,1730604
2017-08-30,1.496,1.494,1.496,1.492,592900,885474
2017-08-31,1.497,1.497,1.499,1.495,1354900,2027890
2017-09-01,1.501,1.504,1.504,1.499,969900,1455652
2017-09-04,1.503,1.503,1.505,1.500,1584100,2379163
2017-09-05,1.503,1.500,1.503,1.498,776200,1164061
2017-09-06,1.497,1.497,1.497,1.490,788400,1177021
2017-09-07,1.497,1.495,1.497,1.492,434100,648396
2017-09-08,1.497,1.493,1.498,1.493,957800,1432748
2017-09-11,1.495,1.495,1.500,1.495,735900,1101655
2017-09-12,1.503,1.503,1.515,1.502,2494900,3764898
2017-09-13,1.505,1.503,1.505,1.501,358500,538581
2017-09-14,1.504,1.505,1.507,1.500,2682100,4030959
2017-09-15,1.501,1.507,1.510,1.501,1337300,2013234
2017-09-18,1.509,1.512,1.515,1.509,954000,1443677
2017-09-19,1.511,1.515,1.515,1.511,506900,767266
2017-09-20,1.515,1.518,1.518,1.515,721600,1094545
2017-09-21,1.519,1.522,1.522,1.518,684800,1041040
2017-09-22,1.525,1.521,1.525,1.518,1336000,2033552
2017-09-25,1.521,1.516,1.524,1.516,512300,778718
2017-09-26,1.516,1.518,1.518,1.512,1746200,2645773
2017-09-27,1.515,1.520,1.522,1.515,646500,982365
2017-09-28,1.527,1.529,1.531,1.527,1122800,1716354
2017-09-29,1.532,1.539,1.539,1.532,510300,784512
2017-10-09,1.561,1.560,1.567,1.552,3088800,4807658
2017-10-10,1.560,1.559,1.563,1.550,927732,1444400
2017-10-11,1.559,1.567,1.571,1.559,1252500,1962759
2017-10-12,1.567,1.569,1.572,1.567,508000,797976
2017-10-13,1.568,1.558,1.568,1.555,749600,1168300
2017-10-16,1.559,1.559,1.562,1.558,380100,593037
2017-10-17,1.559,1.563,1.564,1.559,486100,758777
2017-10-18,1.567,1.561,1.567,1.558,538400,839808
2017-10-19,1.565,1.560,1.565,1.559,752400,1175392
2017-10-20,1.560,1.568,1.570,1.560,1330400,2081989
2017-10-23,1.572,1.574,1.578,1.569,392300,617470
2017-10-24,1.574,1.570,1.574,1.566,437500,686685
2017-10-25,1.570,1.577,1.577,1.570,640105,1008408
2017-10-26,1.569,1.569,1.574,1.567,490800,769712
2017-10-27,1.570,1.576,1.576,1.570,1404500,2210122
2017-10-30,1.585,1.587,1.590,1.581,689400,1093449
2017-10-31,1.590,1.585,1.592,1.584,426900,677392
2017-11-01,1.590,1.591,1.591,1.588,894000,1420946
2017-11-02,1.592,1.591,1.593,1.586,996500,1584045
2017-11-03,1.596,1.600,1.615,1.591,727500,1165601
2017-11-06,1.620,1.606,1.621,1.590,2805700,4505928
2017-11-07,1.605,1.595,1.606,1.591,1455500,2324693
2017-11-08,1.590,1.591,1.595,1.589,750600,1194353
2017-11-09,1.590,1.593,1.599,1.587,1192400,1899290
2017-11-10,1.577,1.583,1.586,1.577,2272900,3593011
2017-11-13,1.582,1.583,1.586,1.579,1633800,2583397
2017-11-14,1.585,1.585,1.588,1.584,986800,1564338
2017-11-15,1.584,1.574,1.585,1.574,919200,1450235
2017-11-16,1.571,1.572,1.573,1.563,1172000,1839718
2017-11-17,1.582,1.584,1.586,1.581,775600,1228374
2017-11-20,1.584,1.579,1.585,1.577,701500,1110560
2017-11-21,1.580,1.584,1.585,1.580,928300,1468470
2017-11-22,1.590,1.589,1.600,1.588,885200,1409145
2017-11-23,1.592,1.586,1.592,1.583,1344500,2135675
2017-11-24,1.584,1.587,1.589,1.577,542600,859717
2017-11-27,1.587,1.587,1.591,1.586,1251940,1989127
2017-11-28,1.587,1.589,1.591,1.583,1161100,1844780
2017-11-29,1.598,1.603,1.605,1.598,4610300,7383263
2017-11-30,1.601,1.602,1.603,1.600,1084000,1735563
2017-12-01,1.619,1.615,1.619,1.611,1952500,3152888
2017-12-04,1.630,1.659,1.680,1.625,7005900,11561591
2017-12-05,1.650,1.630,1.650,1.619,3173400,5182256
2017-12-06,1.627,1.614,1.627,1.605,3059800,4924189
2017-12-07,1.612,1.613,1.620,1.612,1071500,1730503
2017-12-08,1.618,1.628,1.629,1.617,2818400,4570552
2017-12-11,1.634,1.636,1.643,1.629,1577300,2577679
2017-12-12,1.642,1.641,1.645,1.638,832100,1366576
2017-12-13,1.644,1.643,1.648,1.639,1141700,1876839
2017-12-14,1.643,1.644,1.646,1.641,490200,805435
2017-12-15,1.639,1.630,1.639,1.630,898200,1465644
2017-12-18,1.647,1.645,1.647,1.638,1806200,2964895
2017-12-19,1.650,1.659,1.659,1.650,854200,1414614
2017-12-20,1.655,1.651,1.655,1.648,752000,1240154
2017-12-21,1.650,1.644,1.650,1.642,1076200,1768798
2017-12-22,1.647,1.647,1.649,1.644,695600,1145639
2017-12-25,1.647,1.645,1.652,1.640,1084300,1781760
2017-12-26,1.647,1.645,1.648,1.637,1012600,1664997
2017-12-27,1.647,1.644,1.647,1.639,1440400,2366149
2017-12-28,1.645,1.634,1.645,1.633,1628400,2666584
2017-12-29,1.634,1.634,1.636,1.631,1190500,1944347
2018-01-02,1.631,1.627,1.631,1.620,1340950,2178695
2018-01-03,1.637,1.635,1.639,1.632,2419300,3954843
2018-01-04,1.642,1.638,1.643,1.636,1887800,3094072
2018-01-05,1.641,1.639,1.645,1.639,1676400,2750116
2018-01-08,1.647,1.652,1.652,1.645,1517700,2502812
2018-01-09,1.648,1.652,1.652,1.647,3581932,5910198
2018-01-10,1.653,1.657,1.659,1.653,1318600,2184610
2018-01-11,1.657,1.657,1.658,1.654,1302000,2155374
2018-01-12,1.666,1.675,1.675,1.666,1339800,2238260
2018-01-15,1.677,1.682,1.689,1.677,2046200,3443468
2018-01-16,1.682,1.681,1.683,1.679,1089200,1829822
2018-01-17,1.661,1.669,1.680,1.661,2192900,3657110
2018-01-18,1.678,1.681,1.689,1.678,1865300,3137623
2018-01-19,1.677,1.668,1.678,1.667,2092200,3495267
2018-01-22,1.670,1.674,1.677,1.670,1052800,1762921
2018-01-23,1.680,1.692,1.697,1.680,1367100,2309170
2018-01-24,1.693,1.692,1.697,1.689,1165700,1971348
2018-01-25,1.684,1.684,1.689,1.680,1652100,2782010
2018-01-26,1.685,1.684,1.685,1.682,1454400,2449065
2018-01-29,1.692,1.696,1.700,1.692,2798700,4752735
2018-01-30,1.680,1.682,1.688,1.680,1387200,2336472
2018-01-31,1.670,1.666,1.670,1.657,1247300,2074219
2018-02-01,1.665,1.670,1.676,1.665,1653900,2762821
2018-02-02,1.667,1.656,1.667,1.656,981500,1628013
2018-02-05,1.613,1.611,1.617,1.606,4151040,6680532
2018-02-06,1.557,1.518,1.557,1.509,11758440,17834268
2018-02-07,1.551,1.543,1.560,1.540,3832500,5944589
2018-02-08,1.543,1.562,1.570,1.525,3209100,4973285
2018-02-09,1.512,1.513,1.550,1.503,8984001,13599784
2018-02-12,1.530,1.533,1.535,1.517,2629500,4019215
2018-02-13,1.548,1.555,1.565,1.548,1376000,2139032
2018-02-14,1.560,1.564,1.570,1.556,927400,1446534
2018-02-22,1.585,1.577,1.585,1.571,910000,1433039
2018-02-23,1.577,1.588,1.589,1.577,1069100,1694164
2018-02-26,1.610,1.622,1.624,1.609,867100,1401656
2018-02-27,1.640,1.635,1.642,1.630,1230200,2012638
2018-02-28,1.613,1.623,1.623,1.607,991200,1598163
2018-03-01,1.613,1.602,1.613,1.585,2064000,3301388
2018-03-02,1.582,1.576,1.583,1.575,954700,1507640
2018-03-05,1.580,1.579,1.582,1.576,671500,1060459
2018-03-06,1.599,1.596,1.600,1.594,819900,1308902
2018-03-07,1.596,1.589,1.596,1.583,895500,1422683
2018-03-08,1.596,1.599,1.600,1.594,968100,1546108
2018-03-09,1.605,1.610,1.610,1.602,1428300,2292448
2018-03-12,1.637,1.640,1.642,1.632,1284201,2101709
2018-03-13,1.638,1.630,1.638,1.628,656100,1071436
2018-03-14,1.613,1.621,1.621,1.613,423301,684136
2018-03-15,1.614,1.620,1.622,1.611,418001,676858
2018-03-16,1.620,1.611,1.622,1.604,690000,1114538
2018-03-19,1.611,1.610,1.613,1.609,517200,832895
2018-03-20,1.588,1.594,1.595,1.588,696500,1107993
2018-03-21,1.594,1.598,1.600,1.594,609100,973209
2018-03-22,1.596,1.600,1.603,1.594,299400,478383
2018-03-23,1.579,1.558,1.579,1.543,3702300,5754176
2018-03-26,1.527,1.541,1.544,1.520,2510600,3837689
2018-03-27,1.559,1.561,1.565,1.556,1325700,2067558
2018-03-28,1.540,1.535,1.542,1.526,2510100,3855761
2018-03-29,1.534,1.534,1.535,1.524,1490500,2277170
2018-03-30,1.542,1.538,1.545,1.532,1712700,2634154
2018-04-02,1.539,1.538,1.539,1.534,537000,825055
2018-04-03,1.503,1.514,1.525,1.503,1206600,1822782
2018-04-04,1.520,1.520,1.526,1.517,906000,1377613
2018-04-09,1.520,1.526,1.527,1.520,2307000,3514759
2018-04-10,1.526,1.541,1.542,1.524,1676500,2571690
2018-04-11,1.553,1.540,1.555,1.539,1196100,1849929
2018-04-12,1.547,1.538,1.548,1.537,519000,800732
2018-04-13,1.546,1.551,1.552,1.543,1235100,1910734
2018-04-16,1.548,1.543,1.550,1.541,1386700,2141705
2018-04-17,1.555,1.558,1.559,1.550,2687700,4175938
2018-04-18,1.569,1.573,1.575,1.568,3228800,5073121
2018-04-19,1.577,1.570,1.577,1.569,2076200,3265336
2018-04-20,1.567,1.567,1.570,1.561,685100,1072624
2018-04-23,1.568,1.556,1.568,1.554,1092100,1699107
2018-04-24,1.556,1.564,1.565,1.556,262300,409826
2018-04-25,1.555,1.544,1.555,1.540,919100,1418679
2018-04-26,1.546,1.543,1.557,1.542,815400,1262058
2018-04-27,1.559,1.571,1.573,1.552,926400,1444988
2018-05-02,1.560,1.565,1.567,1.557,614700,960220
2018-05-03,1.565,1.560,1.565,1.556,709500,1106754
2018-05-04,1.562,1.561,1.566,1.556,1533000,2391638
2018-05-07,1.569,1.575,1.575,1.569,1334700,2099657
2018-05-08,1.575,1.574,1.579,1.573,1799200,2835109
2018-05-09,1.584,1.573,1.584,1.572,697000,1097692
2018-05-10,1.589,1.587,1.589,1.584,808800,1283737
2018-05-11,1.599,1.596,1.601,1.594,1012600,1616127
2018-05-14,1.596,1.607,1.608,1.596,1563800,2505320
2018-05-15,1.606,1.598,1.606,1.597,885900,1417831
2018-05-16,1.590,1.595,1.598,1.590,822000,1310630
2018-05-17,1.597,1.599,1.602,1.597,400000,639746
2018-05-18,1.600,1.600,1.604,1.600,557400,892995
2018-05-21,1.605,1.628,1.629,1.605,911800,1474511
2018-05-22,1.625,1.623,1.627,1.620,516300,838611
2018-05-23,1.622,1.612,1.622,1.611,1572900,2544480
2018-05-24,1.614,1.620,1.621,1.614,1995300,3230858
2018-05-25,1.623,1.621,1.623,1.615,1512300,2447764
2018-05-28,1.624,1.628,1.630,1.621,681100,1107465
2018-05-29,1.628,1.618,1.628,1.615,229400,371510
2018-05-30,1.614,1.597,1.614,1.558,2354600,3731553
2018-05-31,1.612,1.614,1.616,1.610,413600,666784
2018-06-01,1.614,1.607,1.614,1.601,545600,875754
2018-06-04,1.617,1.629,1.631,1.617,1085600,1767225
2018-06-05,1.633,1.639,1.645,1.632,602100,986812
2018-06-06,1.639,1.636,1.642,1.636,657500,1078104
2018-06-07,1.646,1.648,1.650,1.645,1324400,2181773
2018-06-08,1.648,1.643,1.648,1.632,1378600,2263893
2018-06-11,1.645,1.657,1.657,1.645,1453900,2403337
2018-06-12,1.657,1.668,1.670,1.654,1172400,1951183
2018-06-13,1.667,1.671,1.675,1.664,1047500,1751140
2018-06-14,1.668,1.660,1.668,1.659,1261900,2096415
2018-06-15,1.662,1.673,1.675,1.662,998100,1668268
2018-06-19,1.668,1.638,1.668,1.635,1563400,2578158
2018-06-20,1.635,1.654,1.658,1.635,2006900,3302305
2018-06-21,1.658,1.673,1.676,1.658,1310300,2183363
2018-06-22,1.660,1.664,1.667,1.647,1262600,2096161
2018-06-25,1.664,1.678,1.690,1.659,1314200,2201221
2018-06-26,1.662,1.661,1.662,1.644,1315700,2172476
2018-06-27,1.657,1.647,1.667,1.641,2195000,3623278
2018-06-28,1.637,1.640,1.655,1.637,1326000,2175530
2018-06-29,1.655,1.670,1.683,1.654,1161400,1936199
2018-07-02,1.675,1.660,1.685,1.660,1259600,2105452
2018-07-03,1.677,1.689,1.690,1.677,2393200,4034887
2018-07-04,1.678,1.671,1.678,1.665,673300,1127458
2018-07-05,1.667,1.687,1.698,1.663,1563800,2632438
2018-07-06,1.699,1.702,1.708,1.697,990450,1685372
2018-07-09,1.712,1.718,1.720,1.711,2075400,3562588
2018-07-10,1.723,1.726,1.728,1.722,2307900,3982989
2018-07-11,1.704,1.729,1.731,1.704,3163700,5460540
2018-07-12,1.729,1.741,1.742,1.709,2012400,3490662
2018-07-13,1.745,1.740,1.754,1.725,2310400,4030395
2018-07-16,1.745,1.740,1.745,1.739,904100,1574023
2018-07-17,1.739,1.730,1.741,1.728,1363500,2360437
2018-07-18,1.740,1.748,1.748,1.740,1583000,2762765
2018-07-19,1.750,1.760,1.761,1.748,2917600,5126090
2018-07-20,1.760,1.762,1.763,1.745,2132900,3753480
2018-07-23,1.759,1.755,1.760,1.749,3590400,6295194
2018-07-24,1.761,1.777,1.778,1.761,3154400,5589608
2018-07-25,1.779,1.777,1.785,1.776,2961100,5269560
2018-07-26,1.790,1.789,1.791,1.781,1785800,3191973
2018-07-27,1.791,1.811,1.812,1.790,6618000,11944387
2018-07-30,1.806,1.790,1.806,1.785,4200600,7520522
2018-07-31,1.777,1.761,1.779,1.759,6357000,11238928
2018-08-01,1.775,1.779,1.779,1.773,3348300,5943396
2018-08-02,1.778,1.773,1.782,1.770,2741300,4866266
2018-08-03,1.790,1.804,1.807,1.785,4723300,8499118
2018-08-06,1.815,1.824,1.825,1.807,13852800,25171052
2018-08-07,1.833,1.856,1.880,1.833,9698500,18016618
2018-08-08,1.859,1.830,1.859,1.827,9239500,16963097
2018-08-09,1.818,1.812,1.818,1.809,9023900,16353140
2018-08-10,1.808,1.813,1.815,1.804,6274400,11355727
2018-08-13,1.789,1.800,1.800,1.789,3893300,6989969
2018-08-14,1.796,1.804,1.807,1.796,2805500,5059342
2018-08-15,1.811,1.825,1.825,1.811,8858000,16125451
2018-08-16,1.802,1.800,1.816,1.799,10779600,19496020
2018-08-17,1.817,1.822,1.822,1.813,7917600,14394209
2018-08-20,1.825,1.821,1.830,1.812,15289000,27828952
2018-08-21,1.822,1.816,1.822,1.810,19358100,35134074
2018-08-22,1.818,1.814,1.818,1.812,7445300,13507793
2018-08-23,1.814,1.817,1.820,1.813,7473300,13578224
2018-08-24,1.816,1.814,1.820,1.813,15654700,28427688
2018-08-27,1.822,1.821,1.823,1.816,9615500,17488526
2018-08-28,1.839,1.837,1.841,1.828,16441800,30218409
2018-08-29,1.838,1.842,1.842,1.837,24221900,44557190
2018-08-30,1.844,1.850,1.851,1.844,8816200,16293474
2018-08-31,1.847,1.844,1.847,1.841,3706500,6828483
2018-09-03,1.847,1.836,1.847,1.834,8047500,14790409
2018-09-04,1.840,1.841,1.842,1.836,4349400,8000321
2018-09-05,1.839,1.833,1.839,1.833,3244800,5957023
2018-09-06,1.830,1.826,1.830,1.824,3238900,5918750
2018-09-07,1.820,1.821,1.822,1.814,8508500,15460136
2018-09-10,1.822,1.829,1.829,1.816,5620700,10262386
2018-09-11,1.833,1.835,1.836,1.829,6815900,12495509
2018-09-12,1.842,1.844,1.847,1.842,7581100,13984539
2018-09-13,1.843,1.839,1.843,1.837,3374800,6204008
2018-09-14,1.848,1.850,1.850,1.841,4914500,9075773
2018-09-17,1.848,1.850,1.853,1.848,4535800,8395523
2018-09-18,1.831,1.836,1.837,1.831,6715500,12305122
2018-09-19,1.846,1.845,1.849,1.845,5675400,10479441
2018-09-20,1.848,1.851,1.851,1.848,9580700,17725736
2018-09-21,1.862,1.865,1.866,1.862,8912100,16610054
2018-09-25,1.854,1.859,1.860,1.854,7026700,13042806
2018-09-26,1.858,1.869,1.870,1.857,13256900,24717282
2018-09-27,1.865,1.854,1.865,1.854,5403500,10043461
2018-09-28,1.857,1.858,1.859,1.854,13691500,25410921
2018-10-08,1.839,1.841,1.845,1.825,13135600,24175293
2018-10-09,1.841,1.848,1.849,1.841,9293500,17168115
2018-10-10,1.848,1.853,1.853,1.847,6576900,12170379
2018-10-11,1.780,1.763,1.793,1.748,38841900,68493676
2018-10-12,1.738,1.775,1.778,1.738,16643800,29302009
2018-10-15,1.775,1.759,1.775,1.757,9667200,17070966
2018-10-16,1.759,1.766,1.770,1.755,17835300,31465375
2018-10-17,1.800,1.802,1.804,1.797,8714000,15686787
2018-10-18,1.800,1.793,1.800,1.790,10709800,19208828
2018-10-19,1.771,1.782,1.782,1.771,10250300,18226216
2018-10-22,1.777,1.781,1.782,1.769,9622700,17098327
2018-10-23,1.770,1.755,1.770,1.754,8269300,14568007
2018-10-24,1.753,1.755,1.763,1.749,13058000,22932029
2018-10-25,1.701,1.713,1.720,1.695,18532300,31660876
2018-10-26,1.720,1.718,1.722,1.710,20928600,35909537
2018-10-29,1.712,1.708,1.713,1.705,12158400,20784189
2018-10-30,1.707,1.709,1.723,1.704,30768600,52673792
2018-10-31,1.726,1.735,1.736,1.720,11804904,20446960
2018-11-01,1.754,1.745,1.758,1.744,8332100,14608540
2018-11-02,1.751,1.763,1.764,1.747,19448400,34112291
2018-11-05,1.755,1.744,1.755,1.741,6594100,11496384
2018-11-06,1.747,1.763,1.779,1.747,30290917,53382747
2018-11-07,1.768,1.772,1.778,1.768,18888900,33517483
2018-11-08,1.804,1.807,1.821,1.802,10312200,18638671
2018-11-09,1.806,1.799,1.806,1.788,17111600,30792498
2018-11-12,1.785,1.797,1.798,1.785,5570000,9978466
2018-11-13,1.765,1.759,1.765,1.752,15855800,27870556
2018-11-14,1.759,1.760,1.762,1.758,7001800,12325910
2018-11-15,1.752,1.745,1.752,1.741,15588000,27199933
2018-11-16,1.755,1.749,1.762,1.746,69141400,121336144
2018-11-19,1.755,1.754,1.759,1.754,23292378,40914528
2018-11-20,1.723,1.729,1.735,1.723,24590600,42502281
2018-11-21,1.700,1.704,1.710,1.686,31073200,52770057
2018-11-22,1.704,1.703,1.704,1.701,2204062,3752187
2018-11-23,1.702,1.699,1.705,1.698,9472835,16121709
2018-11-26,1.698,1.703,1.704,1.693,35615200,60563233
2018-11-27,1.716,1.715,1.716,1.709,13783100,23596603
2018-11-28,1.734,1.729,1.737,1.718,36669600,63380754
2018-11-29,1.763,1.753,1.769,1.751,23681820,41700196
2018-11-30,1.753,1.762,1.762,1.753,11647400,20491965
2018-12-03,1.795,1.800,1.803,1.782,29073500,52294069
2018-12-04,1.796,1.769,1.796,1.769,18652100,33179696
2018-12-05,1.730,1.734,1.740,1.729,10215600,17737773
2018-12-06,1.720,1.709,1.720,1.708,33142200,56779534
2018-12-07,1.720,1.721,1.728,1.720,11217600,19341378
2018-12-10,1.699,1.673,1.699,1.671,34702900,58295257
2018-12-11,1.679,1.688,1.691,1.679,141920900,239153657
2018-12-12,1.690,1.696,1.714,1.686,144335000,244869732
2018-12-13,1.706,1.700,1.711,1.695,120062500,204130995
2018-12-14,1.695,1.683,1.700,1.682,34636100,58629337
2018-12-17,1.666,1.669,1.671,1.666,8568100,14296097
2018-12-18,1.636,1.633,1.638,1.627,40519603,66116617
2018-12-19,1.634,1.629,1.634,1.625,50767300,82722655
2018-12-20,1.614,1.593,1.614,1.586,75391100,120347050
2018-12-21,1.583,1.588,1.590,1.576,24308700,38455511
2018-12-24,1.559,1.555,1.560,1.549,74395300,115573974
2018-12-25,1.508,1.499,1.508,1.496,18409600,27611440
2018-12-26,1.503,1.496,1.507,1.487,69518300,103783410
2018-12-27,1.560,1.567,1.580,1.560,152421200,239621901
2018-12-28,1.578,1.576,1.588,1.575,29055600,45935237
2019-01-02,1.593,1.573,1.598,1.572,33915200,53656898
2019-01-03,1.574,1.572,1.580,1.570,22510900,35457375
2019-01-04,1.556,1.570,1.570,1.508,66359100,103504370
2019-01-07,1.607,1.607,1.617,1.602,65427400,105072908
2019-01-08,1.618,1.625,1.629,1.616,36208100,58809162
2019-01-09,1.633,1.639,1.644,1.633,94135970,154403978
2019-01-10,1.636,1.621,1.637,1.620,174387100,283800066
2019-01-11,1.640,1.635,1.640,1.633,23005100,37630119
2019-01-14,1.633,1.621,1.633,1.619,47801300,77520848
2019-01-15,1.627,1.631,1.636,1.623,63587800,103638021
2019-01-16,1.635,1.640,1.640,1.635,35270800,57777197
2019-01-17,1.640,1.632,1.640,1.632,123942300,202833322
2019-01-18,1.655,1.663,1.664,1.655,13016100,21608383
2019-01-21,1.674,1.678,1.682,1.674,51575300,86571199
2019-01-22,1.679,1.672,1.679,1.671,74870300,125347071
2019-01-23,1.660,1.659,1.664,1.656,64524000,107057338
2019-01-24,1.660,1.660,1.663,1.658,97985800,162703443
2019-01-25,1.663,1.665,1.668,1.659,83877000,139467491
2019-01-28,1.667,1.659,1.669,1.656,29028500,48189504
2019-01-29,1.651,1.650,1.654,1.646,20978500,34601178
2019-01-30,1.650,1.649,1.654,1.649,35561100,58750616
2019-01-31,1.667,1.669,1.677,1.667,28686600,47938095
2019-02-01,1.677,1.691,1.692,1.676,39615000,66849971
2019-02-11,1.690,1.698,1.701,1.688,24958800,42318031
2019-02-12,1.704,1.709,1.714,1.704,154155400,263604555
2019-02-13,1.722,1.727,1.729,1.721,43807500,75639947
2019-02-14,1.728,1.731,1.735,1.728,36305200,62876025
2019-02-15,1.722,1.720,1.725,1.718,13621600,23432776
2019-02-18,1.736,1.748,1.749,1.736,24222200,42292768
2019-02-19,1.751,1.748,1.751,1.744,45057634,78786701
2019-02-20,1.749,1.737,1.749,1.735,37151400,64634808
2019-02-21,1.739,1.744,1.745,1.738,42684200,74367505
2019-02-22,1.741,1.739,1.741,1.734,39409600,68437742
2019-02-25,1.747,1.740,1.747,1.738,34999500,60940441
2019-02-26,1.735,1.733,1.736,1.729,75298800,130418846
2019-02-27,1.733,1.732,1.738,1.729,157662000,273296711
2019-02-28,1.732,1.728,1.735,1.727,46911600,81190712
2019-03-01,1.732,1.743,1.744,1.731,71091127,123477164
2019-03-04,1.750,1.750,1.755,1.748,107437300,188077498
2019-03-05,1.739,1.737,1.741,1.734,103947000,180390472
2019-03-06,1.734,1.735,1.737,1.730,121376300,210516866
2019-03-07,1.728,1.721,1.728,1.721,184962405,318851110
2019-03-08,1.715,1.709,1.721,1.708,72627500,124513349
2019-03-11,1.709,1.716,1.716,1.708,87934200,150706517
2019-03-12,1.735,1.739,1.744,1.735,162074200,282163267
2019-03-13,1.741,1.737,1.743,1.734,153884200,267285729
2019-03-14,1.749,1.753,1.758,1.745,86604100,151797501
2019-03-15,1.753,1.755,1.759,1.753,61623300,108184448
2019-03-18,1.758,1.761,1.763,1.756,59335000,104358547
2019-03-19,1.766,1.769,1.769,1.766,42883900,75808481
2019-03-20,1.766,1.765,1.766,1.761,72246000,127388284
2019-03-21,1.760,1.749,1.760,1.747,117009300,205239522
2019-03-22,1.776,1.780,1.782,1.775,190005600,338110418
2019-03-25,1.742,1.740,1.749,1.739,108856100,189759844
2019-03-26,1.746,1.750,1.756,1.746,185255000,324549933
2019-03-27,1.756,1.763,1.765,1.756,49415500,87068693
2019-03-28,1.747,1.750,1.757,1.746,130822100,229076036
2019-03-29,1.758,1.762,1.763,1.758,113769700,200463651
2019-04-01,1.770,1.777,1.782,1.770,103768500,184431910
2019-04-02,1.790,1.788,1.798,1.787,475179300,852237396
2019-04-03,1.792,1.798,1.800,1.790,137879281,247787567
2019-04-04,1.798,1.797,1.808,1.795,282917200,510392657
2019-04-08,1.811,1.819,1.827,1.810,155807300,283393198
2019-04-09,1.827,1.811,1.827,1.808,319405815,581077521
2019-04-10,1.805,1.798,1.805,1.798,64102000,115393945
2019-04-11,1.804,1.806,1.811,1.804,180715277,326532462
2019-04-12,1.807,1.809,1.817,1.806,170637277,308729560
2019-04-15,1.818,1.815,1.821,1.813,70728390,128545997
2019-04-16,1.817,1.825,1.826,1.817,101784600,185432089
2019-04-17,1.822,1.820,1.828,1.818,221834700,404408365
2019-04-18,1.811,1.806,1.826,1.806,111764200,202979736
2019-04-19,1.818,1.816,1.831,1.815,226109400,412107764
2019-04-22,1.821,1.816,1.821,1.812,205289400,372741831
2019-04-23,1.818,1.821,1.823,1.817,110351300,200912807
2019-04-24,1.839,1.838,1.841,1.835,116066100,213408274
2019-04-25,1.837,1.837,1.841,1.836,91567100,168330597
2019-04-26,1.837,1.839,1.839,1.835,188649100,346764684
2019-04-29,1.847,1.853,1.853,1.847,63201688,116987397
2019-04-30,1.854,1.858,1.858,1.851,26872389,49802087
2019-05-06,1.837,1.829,1.843,1.828,103950900,190863569
2019-05-07,1.841,1.849,1.851,1.841,60949789,112399795
2019-05-08,1.815,1.816,1.824,1.815,92319200,168062488
2019-05-09,1.816,1.816,1.826,1.815,139281350,253419156
2019-05-10,1.819,1.817,1.827,1.815,176123277,320885302
2019-05-13,1.818,1.826,1.826,1.818,116577064,212633512
2019-05-14,1.796,1.804,1.806,1.790,78880200,142239561
2019-05-15,1.817,1.819,1.820,1.814,201378500,366118967
2019-05-16,1.826,1.819,1.826,1.817,100318300,182559136
2019-05-17,1.840,1.842,1.847,1.839,25181200,46419042
2019-05-20,1.844,1.841,1.845,1.840,61246200,112839434
2019-05-21,1.838,1.833,1.838,1.830,71696100,131296738
2019-05-22,1.842,1.837,1.842,1.835,62519800,114989758
2019-05-23,1.832,1.824,1.832,1.823,43124100,78798524
2019-05-24,1.821,1.814,1.821,1.813,41706900,75737555
2019-05-27,1.813,1.815,1.816,1.809,57514300,104261030
2019-05-28,1.816,1.821,1.824,1.816,97057303,176764254
2019-05-29,1.803,1.792,1.803,1.792,135019644,242769544
2019-05-30,1.783,1.789,1.801,1.783,220269600,394053567
2019-05-31,1.781,1.774,1.784,1.774,234628200,417502458
2019-06-03,1.758,1.757,1.764,1.755,160004400,281254634
2019-06-04,1.759,1.763,1.767,1.759,66552100,117343885
2019-06-05,1.800,1.803,1.807,1.799,69827100,125978081
2019-06-06,1.812,1.814,1.819,1.811,80849600,146707774
2019-06-10,1.852,1.857,1.858,1.850,132079777,245090165
2019-06-11,1.858,1.858,1.860,1.857,66023875,122698782
2019-06-12,1.855,1.847,1.855,1.847,82618400,152903818
2019-06-13,1.851,1.847,1.853,1.842,133426200,246184692
2019-06-14,1.855,1.856,1.862,1.854,88868500,165252001
2019-06-17,1.859,1.859,1.863,1.858,27469300,51100982
2019-06-18,1.860,1.856,1.861,1.856,104400452,194043923
2019-06-19,1.880,1.872,1.880,1.868,161452000,302177379
2019-06-20,1.880,1.882,1.882,1.872,63150300,118785091
2019-06-21,1.885,1.881,1.886,1.875,41101300,77235188
2019-06-24,1.883,1.886,1.892,1.883,72487400,136696947
2019-06-25,1.883,1.878,1.883,1.876,115524600,216977841
2019-06-26,1.854,1.863,1.867,1.854,51542200,96054244
2019-06-27,1.864,1.870,1.871,1.863,44836529,83671074
2019-06-28,1.871,1.866,1.877,1.865,162375015,304286462
2019-07-01,1.891,1.911,1.914,1.890,84135500,160407059
2019-07-02,1.904,1.903,1.905,1.898,26258200,49961492
2019-07-03,1.917,1.909,1.917,1.906,87945361,168025750
2019-07-04,1.936,1.925,1.936,1.919,31394639,60441552
2019-07-05,1.924,1.922,1.929,1.919,47527163,91343580
2019-07-08,1.920,1.911,1.920,1.909,114257700,218575144
2019-07-09,1.909,1.902,1.909,1.900,90962700,173237704
2019-07-10,1.911,1.908,1.916,1.907,50731100,96993461
2019-07-11,1.919,1.925,1.926,1.919,44811900,86201776
2019-07-12,1.930,1.933,1.933,1.928,96892900,187140128
2019-07-15,1.938,1.942,1.943,1.932,45089230,87424457
2019-07-16,1.942,1.937,1.943,1.936,24262500,47043025
2019-07-17,1.930,1.925,1.936,1.922,117643981,227044296
2019-07-18,1.909,1.907,1.914,1.903,114569700,218882971
2019-07-19,1.920,1.927,1.930,1.920,69084300,133134984
2019-07-22,1.913,1.918,1.919,1.908,66259600,126861422
2019-07-23,1.920,1.926,1.929,1.920,94323800,181617632
2019-07-24,1.936,1.935,1.940,1.930,40163600,77762815
2019-07-25,1.945,1.945,1.946,1.943,20595400,40045445
2019-07-26,1.933,1.939,1.940,1.932,6798800,13176507
2019-07-29,1.949,1.949,1.953,1.943,12406900,24197480
2019-07-30,1.949,1.949,1.959,1.947,43253682,84502460
2019-07-31,1.950,1.947,1.950,1.945,66697800,129940522
2019-08-01,1.921,1.926,1.933,1.921,36694214,70788514
2019-08-02,1.910,1.921,1.921,1.908,17290718,33133927
2019-08-05,1.919,1.920,1.946,1.905,31942100,61293439
2019-08-06,1.878,1.880,1.883,1.847,68813364,128611310
2019-08-07,1.888,1.892,1.893,1.886,21270400,40166990
2019-08-08,1.895,1.905,1.907,1.895,32617000,61986271
2019-08-09,1.925,1.929,1.936,1.925,88633000,171389561
2019-08-12,1.933,1.933,1.933,1.929,43695400,84365160
2019-08-13,1.906,1.903,1.910,1.900,31648000,60296288
2019-08-14,1.933,1.919,1.933,1.916,59760791,114664323
2019-08-15,1.877,1.880,1.883,1.870,28191800,52881003
2019-08-16,1.881,1.884,1.885,1.879,26796000,50416645
2019-08-19,1.901,1.916,1.918,1.901,11315500,21604100
2019-08-20,1.920,1.925,1.929,1.920,38600000,74350906
2019-08-21,1.921,1.912,1.921,1.911,41139100,78707805
2019-08-22,1.928,1.929,1.931,1.926,12629100,24356340
2019-08-23,1.929,1.938,1.939,1.929,17115800,33125739
2019-08-26,1.898,1.899,1.900,1.887,33673200,63698913
2019-08-27,1.910,1.923,1.932,1.910,56537600,108842549
2019-08-28,1.922,1.918,1.922,1.916,87452630,167817961
2019-08-29,1.924,1.926,1.927,1.920,58521500,112572104
2019-08-30,1.947,1.945,1.952,1.941,104131973,202829380
2019-09-02,1.945,1.943,1.947,1.939,55565127,107982039
2019-09-03,1.945,1.940,1.945,1.938,37551800,72937273
2019-09-04,1.938,1.951,1.952,1.935,77870800,151396430
2019-09-05,1.952,1.960,1.968,1.952,79967900,157081671
2019-09-06,1.979,1.972,1.980,1.971,59762900,118125985
2019-09-09,1.973,1.975,1.978,1.971,74781800,147668648
2019-09-10,1.976,1.964,1.976,1.964,56171416,110608867
2019-09-11,1.966,1.968,1.971,1.964,27860484,54798761
2019-09-12,1.982,1.983,1.991,1.981,83585600,166040099
2019-09-16,1.973,1.968,1.973,1.963,10683000,20998217
2019-09-17,1.974,1.975,1.976,1.970,110558800,218183853
2019-09-18,1.979,1.979,1.986,1.977,96541000,191276235
2019-09-19,1.980,1.981,1.985,1.980,24501300,48576980
2019-09-20,1.984,1.982,1.991,1.981,36208800,71893023
2019-09-23,1.981,1.982,1.986,1.980,27419500,54356542
2019-09-24,1.984,1.981,1.989,1.981,8970800,17809182
2019-09-25,1.971,1.966,1.971,1.963,15529100,30537557
2019-09-26,1.974,1.974,1.979,1.970,16212200,31982965
2019-09-27,1.972,1.974,1.975,1.968,14458100,28489706
2019-09-30,1.969,1.970,1.972,1.959,12995800,25572877
2019-10-08,1.964,1.951,1.964,1.950,46508500,90846460
2019-10-09,1.922,1.927,1.929,1.922,32513000,62647457
2019-10-10,1.928,1.930,1.933,1.927,61981300,119648430
2019-10-11,1.942,1.950,1.950,1.941,21510300,41831938
2019-10-14,1.967,1.959,1.969,1.956,71537300,140238527
2019-10-15,1.962,1.963,1.963,1.956,28884721,56585083
2019-10-16,1.974,1.974,1.977,1.970,8752200,17284110
2019-10-17,1.975,1.967,1.976,1.967,39806325,78466222
2019-10-18,1.974,1.968,1.974,1.966,17947374,35333072
2019-10-21,1.968,1.967,1.968,1.964,15021700,29550489
2019-10-22,1.982,1.980,1.983,1.978,37211600,73699513
2019-10-23,1.980,1.968,1.980,1.967,47666750,93883496
2019-10-24,1.978,1.977,1.978,1.970,11582672,22889662
2019-10-25,1.978,1.979,1.980,1.975,22150600,43799200
2019-10-28,1.984,1.989,1.992,1.984,8746200,17396470
2019-10-29,1.998,1.998,2.003,1.996,10624300,21242101
2019-10-30,1.998,1.997,2.000,1.995,32464600,64876992
2019-10-31,2.001,1.999,2.002,1.998,5499000,10994880
2019-11-01,1.994,2.000,2.000,1.993,6426400,12832035
2019-11-04,2.014,2.011,2.015,2.010,8831200,17774090
2019-11-05,2.017,2.015,2.017,2.012,10501600,21156216
2019-11-06,2.013,2.002,2.013,2.000,14365200,28781997
2019-11-07,2.009,2.006,2.010,2.003,8073300,16203247
2019-11-08,2.006,2.004,2.006,1.997,35350700,70766002
2019-11-11,2.004,2.009,2.011,2.004,8120700,16317494
2019-11-12,2.009,2.017,2.017,2.007,22418000,45124346
2019-11-13,2.015,2.016,2.022,2.015,8687200,17539663
2019-11-14,2.022,2.023,2.025,2.021,9809700,19842422
2019-11-15,2.026,2.030,2.039,2.026,18179300,36886929
2019-11-18,2.041,2.058,2.059,2.040,16426600,33639056
2019-11-19,2.058,2.082,2.095,2.058,18191932,37856721
2019-11-20,2.080,2.053,2.083,2.050,11727300,24166314
2019-11-21,2.047,2.035,2.047,2.034,20259800,41248999
2019-11-22,2.034,2.037,2.043,2.034,61788000,125962167
2019-11-25,2.045,2.050,2.052,2.041,11072200,22671724
2019-11-26,2.065,2.065,2.072,2.062,25377800,52421142
2019-11-27,2.067,2.072,2.072,2.067,6399800,13247966
2019-11-28,2.078,2.082,2.084,2.076,38387100,79853426
2019-11-29,2.081,2.084,2.089,2.080,7705400,16062479
2019-12-02,2.084,2.107,2.109,2.078,15970800,33483366
2019-12-03,2.059,2.073,2.082,2.059,15523000,32165869
2019-12-04,2.053,2.049,2.055,2.043,27175400,55672432
2019-12-05,2.053,2.051,2.056,2.050,33622100,69005946
2019-12-06,2.055,2.058,2.058,2.053,27147000,55801999
2019-12-09,2.070,2.077,2.079,2.068,23903500,49507275
2019-12-10,2.071,2.070,2.071,2.065,46097300,95364020
2019-12-11,2.067,2.068,2.068,2.061,17380100,35875046
2019-12-12,2.071,2.080,2.081,2.071,28138800,58427886
2019-12-13,2.089,2.086,2.097,2.085,26656530,55697533
2019-12-16,2.085,2.090,2.092,2.081,34393517,71774539
2019-12-17,2.098,2.102,2.104,2.095,49759900,104501950
2019-12-18,2.099,2.091,2.101,2.090,55264540,115866419
2019-12-19,2.091,2.084,2.094,2.083,34449168,72026928
2019-12-20,2.094,2.097,2.098,2.093,10840936,22707390
2019-12-23,2.108,2.114,2.116,2.105,47040381,99275843
2019-12-24,2.114,2.115,2.118,2.112,37104835,78495843
2019-12-25,2.114,2.107,2.115,2.107,18539768,39156230
2019-12-26,2.109,2.118,2.119,2.109,35329300,74619289
2019-12-27,2.130,2.130,2.144,2.126,22944300,48990786
2019-12-30,2.126,2.125,2.129,2.113,28653534,60789668
2019-12-31,2.115,2.111,2.115,2.106,25610031,53972871
2020-01-02,2.113,2.129,2.129,2.113,32685909,69265892
2020-01-03,2.134,2.151,2.158,2.129,37642598,80600358
2020-01-06,2.130,2.109,2.130,2.109,72132160,152549201
2020-01-07,2.119,2.118,2.124,2.116,71336657,151147063
2020-01-08,2.092,2.092,2.102,2.071,66562904,139372777
2020-01-09,2.115,2.117,2.120,2.113,92698720,196258831
2020-01-10,2.129,2.139,2.143,2.125,24271804,51779958
2020-01-13,2.125,2.133,2.137,2.124,62571318,133328624
2020-01-14,2.144,2.148,2.154,2.140,52409119,112492235
2020-01-15,2.143,2.141,2.143,2.130,50152400,107015865
2020-01-16,2.139,2.129,2.139,2.128,51118800,108975283
2020-01-17,2.143,2.136,2.148,2.135,54167600,115872833
2020-01-20,2.143,2.138,2.144,2.136,40457200,86615744
2020-01-21,2.138,2.138,2.140,2.135,77349000,165401406
2020-01-22,2.138,2.155,2.155,2.138,46801700,100640562
2020-01-23,2.144,2.148,2.154,2.139,85220580,183100501
2020-02-03,2.055,2.115,2.123,2.055,26009730,54962042
2020-02-04,2.130,2.129,2.133,2.116,26674000,56749175
2020-02-05,2.143,2.142,2.150,2.140,45840104,98262546
2020-02-06,2.169,2.180,2.181,2.168,50427300,109705336
2020-02-07,2.179,2.185,2.185,2.175,53605500,116818628
2020-02-10,2.175,2.189,2.189,2.172,29926955,65247135
2020-02-11,2.194,2.219,2.223,2.194,45738610,101232204
2020-02-12,2.226,2.258,2.260,2.222,33664400,75232899
2020-02-13,2.300,2.349,2.368,2.278,63950002,148562350
2020-02-14,2.330,2.248,2.330,2.240,62719500,143374794
2020-02-17,2.252,2.262,2.282,2.232,55627900,125729731
2020-02-18,2.253,2.230,2.256,2.227,38263660,85624104
2020-02-19,2.223,2.223,2.235,2.215,40754500,90804362
2020-02-20,2.239,2.238,2.246,2.226,65322300,145952579
2020-02-21,2.219,2.216,2.248,2.216,87355909,193989669
2020-02-24,2.180,2.168,2.183,2.166,67321800,146230463
2020-02-25,2.127,2.167,2.168,2.127,108357383,232300434
2020-02-26,2.088,2.110,2.128,2.087,46020856,97047799
2020-02-27,2.111,2.098,2.111,2.095,39656800,83298617
2020-02-28,2.023,2.030,2.044,2.016,43572819,88402403
2020-03-02,2.030,2.069,2.088,1.993,151252400,305415892
2020-03-03,2.120,2.059,2.136,2.050,138934999,289265293
2020-03-04,2.020,2.034,2.038,2.007,55358578,111790760
2020-03-05,2.070,2.062,2.076,2.052,56256475,116086180
2020-03-06,2.033,2.017,2.033,2.015,28265875,57100391
2020-03-09,1.964,1.907,1.964,1.900,48657961,94062476
2020-03-10,1.888,1.965,1.970,1.879,63913100,123117829
2020-03-11,1.958,1.929,1.958,1.919,51473866,99515912
2020-03-12,1.885,1.860,1.885,1.831,66192692,122520028
2020-03-13,1.688,1.823,1.888,1.674,96231800,171590771
2020-03-16,1.784,1.779,1.810,1.748,75464972,134831046
2020-03-17,1.764,1.764,1.890,1.750,82421000,146522292
2020-03-18,1.769,1.705,1.785,1.704,50132301,87991411
2020-03-19,1.720,1.700,1.728,1.634,72220212,121464186
2020-03-20,1.710,1.758,1.765,1.704,59395950,102626896
2020-03-23,1.676,1.652,1.703,1.647,55870626,93798651
2020-03-24,1.700,1.717,1.719,1.670,112557969,191094859
2020-03-25,1.770,1.785,1.788,1.758,118424802,209861207
2020-03-26,1.783,1.764,1.783,1.744,50563400,89475901
2020-03-27,1.804,1.768,1.808,1.766,72272832,129463641
2020-03-30,1.733,1.740,1.757,1.712,58299648,101150098
2020-03-31,1.771,1.764,1.777,1.759,40390600,71419325
2020-04-01,1.740,1.725,1.761,1.723,36395835,63506190
2020-04-02,1.722,1.743,1.745,1.701,55731337,95972857
2020-04-03,1.733,1.725,1.741,1.720,28004340,48500757
2020-04-07,1.790,1.810,1.812,1.781,54022374,96889589
2020-04-08,1.798,1.796,1.811,1.788,44602000,80164356
2020-04-09,1.827,1.849,1.853,1.827,88200100,162384224
2020-04-10,1.858,1.847,1.868,1.841,60717609,112715346
2020-04-13,1.838,1.831,1.838,1.824,47116409,86281031
2020-04-14,1.841,1.867,1.868,1.836,45715309,84841053
2020-04-15,1.885,1.882,1.896,1.878,76510000,144483009
2020-04-16,1.851,1.871,1.882,1.845,65469800,121530011
2020-04-17,1.915,1.912,1.922,1.905,98469197,188644240
2020-04-20,1.915,1.912,1.917,1.903,34675900,66273312
2020-04-21,1.902,1.873,1.902,1.862,65320076,122566905
2020-04-22,1.831,1.852,1.859,1.831,83599806,153945525
2020-04-23,1.867,1.871,1.875,1.858,54845800,102383380
2020-04-24,1.853,1.859,1.860,1.847,38582201,71528773
2020-04-27,1.884,1.898,1.912,1.880,46283900,87820314
2020-04-28,1.913,1.916,1.919,1.903,47658300,91166199
2020-04-29,1.928,1.931,1.941,1.923,48932900,94552377
2020-04-30,1.969,1.971,1.979,1.960,53151001,104607514
2020-05-06,1.934,1.947,1.948,1.924,71856300,138804293
2020-05-07,1.934,1.923,1.934,1.917,68896102,132435178
2020-05-08,1.940,1.941,1.948,1.934,82641876,160644204
2020-05-11,1.960,1.962,1.968,1.956,87108630,170846858
2020-05-12,1.951,1.934,1.953,1.933,72045412,139762225
2020-05-13,1.901,1.912,1.915,1.895,67065074,127756292
2020-05-14,1.886,1.883,1.889,1.876,96003512,180691520
2020-05-15,1.905,1.908,1.911,1.900,76874050,146498719
2020-05-18,1.925,1.936,1.937,1.921,37428536,72209607
2020-05-19,1.971,1.986,1.988,1.965,49483500,97586796
2020-05-20,1.969,1.963,1.970,1.958,140023700,275000003
2020-05-21,1.981,1.968,1.982,1.968,93197400,183865680
2020-05-22,1.967,1.954,1.970,1.949,45056300,88246807
2020-05-25,1.970,1.987,1.989,1.969,72941600,144250138
2020-05-26,2.004,2.019,2.020,2.000,47393300,95133831
2020-05-27,2.009,2.019,2.023,2.005,45959600,92477522
2020-05-28,2.040,2.043,2.052,2.039,46355700,94870495
2020-05-29,2.021,2.029,2.032,2.019,59214300,120063213
2020-06-01,2.032,2.033,2.040,2.029,50041800,101810279
2020-06-02,2.034,2.036,2.040,2.030,55570700,113069241
2020-06-03,2.056,2.062,2.065,2.052,48980000,100897093
2020-06-04,2.079,2.070,2.082,2.069,31991000,66394956
2020-06-05,2.070,2.087,2.088,2.067,35239200,73259690
2020-06-08,2.114,2.117,2.120,2.114,36878593,78030587
2020-06-09,2.143,2.147,2.150,2.131,41866820,89760629
2020-06-10,2.145,2.142,2.147,2.135,51534000,110410278
2020-06-11,2.123,2.084,2.123,2.079,78098687,163614744
2020-06-12,2.002,2.020,2.034,2.000,80437790,162379617
2020-06-15,2.000,1.961,2.002,1.958,86069247,170553054
2020-06-16,2.035,2.058,2.073,2.031,78617175,161223219
2020-06-17,2.074,2.079,2.084,2.066,37692900,78282095
2020-06-18,2.050,2.060,2.064,2.046,49837500,102260612
2020-06-19,2.064,2.072,2.072,2.063,114127950,235886672
2020-06-22,2.059,2.049,2.059,2.042,52748600,108065016
2020-06-23,2.050,2.066,2.071,2.045,47475200,97801170
2020-06-24,2.073,2.071,2.075,2.066,38005300,78679950
2020-06-29,2.015,2.006,2.015,1.998,54393750,109047641
2020-06-30,2.021,2.013,2.027,2.008,44984800,90763200
2020-07-01,2.040,2.043,2.043,2.034,43142850,87941081
2020-07-02,2.049,2.059,2.060,2.048,30313200,62234286
2020-07-03,2.064,2.071,2.072,2.061,44424800,91784150
2020-07-06,2.074,2.086,2.087,2.072,67716000,140753994
2020-07-07,2.091,2.068,2.091,2.063,50572900,104853467
2020-07-08,2.066,2.059,2.068,2.059,78973300,162993795
2020-07-09,2.068,2.062,2.078,2.058,172336080,356996391
2020-07-10,2.058,2.037,2.058,2.024,64692800,132303806
2020-07-13,2.076,2.088,2.091,2.070,78198755,162610522
2020-07-14,2.065,2.072,2.073,2.052,63541900,131198803
2020-07-15,2.095,2.103,2.107,2.095,29426690,61822154
2020-07-16,2.118,2.095,2.118,2.091,27930900,58618857
2020-07-17,2.097,2.106,2.109,2.084,30677000,64489982
2020-07-20,2.106,2.097,2.107,2.092,32795500,68764926
2020-07-21,2.121,2.132,2.136,2.117,55239052,117624873
2020-07-22,2.128,2.126,2.139,2.119,59372293,126233272
2020-07-23,2.137,2.148,2.148,2.137,22279258,47719828
2020-07-24,2.118,2.107,2.125,2.102,29808539,62966217
2020-07-27,2.107,2.109,2.122,2.106,39852500,84127881
2020-07-28,2.124,2.121,2.133,2.119,41381800,87943411
2020-07-29,2.113,2.116,2.117,2.106,25538100,53925394
2020-07-30,2.128,2.124,2.133,2.124,17295900,36809047
2020-07-31,2.134,2.134,2.147,2.128,55448568,118438993
2020-08-03,2.142,2.136,2.154,2.135,44298200,94831762
2020-08-04,2.148,2.154,2.157,2.147,36551200,78650174
2020-08-05,2.154,2.161,2.169,2.154,17712200,38258841
2020-08-06,2.173,2.176,2.177,2.168,25760835,55971774
2020-08-07,2.183,2.199,2.200,2.183,25603400,56174298
2020-08-10,2.199,2.213,2.218,2.195,14361600,31721588
2020-08-11,2.212,2.205,2.220,2.202,14706100,32510914
2020-08-12,2.184,2.187,2.190,2.170,36032100,78462110
2020-08-13,2.202,2.212,2.216,2.202,63175600,139569511
2020-08-14,2.210,2.212,2.214,2.205,10044900,22208823
2020-08-17,2.211,2.212,2.214,2.203,21491500,47503519
2020-08-18,2.214,2.209,2.225,2.209,32194600,71302719
2020-08-19,2.213,2.222,2.222,2.213,13925700,30881725
2020-08-20,2.209,2.196,2.209,2.192,29816200,65484405
2020-08-21,2.202,2.206,2.210,2.202,39608400,87418038
2020-08-24,2.217,2.227,2.229,2.214,45082002,100178128
2020-08-25,2.249,2.284,2.294,2.248,35183100,79794965
2020-08-26,2.297,2.259,2.302,2.254,45571600,103498361
2020-08-27,2.290,2.289,2.292,2.271,31417500,71874859
2020-08-28,2.288,2.306,2.326,2.278,24626400,56690662
2020-08-31,2.318,2.326,2.329,2.316,15545301,36144362
2020-09-01,2.327,2.295,2.335,2.280,31473102,72502213
2020-09-02,2.324,2.334,2.334,2.309,26126600,60551013
2020-09-03,2.380,2.465,2.476,2.354,54890815,132702465
2020-09-04,2.300,2.317,2.378,2.280,87206444,203538183
2020-09-07,2.308,2.210,2.308,2.210,60696100,136266285
2020-09-08,2.238,2.251,2.256,2.215,67051300,149729810
2020-09-09,2.155,2.168,2.189,2.152,35091098,76061858
2020-09-10,2.215,2.195,2.216,2.194,58382541,128637555
2020-09-11,2.165,2.173,2.175,2.152,34885600,75481559
2020-09-14,2.170,2.176,2.177,2.162,41873886,90831898
2020-09-15,2.180,2.178,2.186,2.170,55411493,120580539
2020-09-16,2.183,2.189,2.202,2.183,38909900,85238413
2020-09-17,2.175,2.146,2.175,2.144,35852999,77540577
2020-09-18,2.140,2.154,2.155,2.133,32107799,68900605
2020-09-21,2.139,2.126,2.141,2.119,20463400,43614224
2020-09-22,2.112,2.099,2.113,2.095,24174300,50867547
2020-09-23,2.118,2.120,2.123,2.109,19932800,42193130
2020-09-24,2.078,2.072,2.096,2.071,22117300,45933911
2020-09-25,2.085,2.089,2.094,2.085,14441000,30187151
2020-09-28,2.120,2.124,2.131,2.112,64605500,137047720
2020-09-29,2.147,2.147,2.156,2.145,66278400,142540306
2020-09-30,2.147,2.124,2.150,2.115,31026300,66159250
2020-10-09,2.195,2.192,2.195,2.180,35400900,77572175
2020-10-12,2.204,2.207,2.210,2.202,41892400,92417054
2020-10-13,2.236,2.243,2.256,2.231,65611061,147324042
2020-10-14,2.232,2.234,2.236,2.224,63882200,142470741
2020-10-15,2.212,2.199,2.212,2.197,86734700,190909291
2020-10-16,2.205,2.210,2.216,2.204,26611900,58861428
2020-10-19,2.217,2.212,2.223,2.207,46833900,103654385
2020-10-20,2.181,2.176,2.181,2.171,18087400,39323071
2020-10-21,2.176,2.182,2.183,2.172,20068100,43662846
2020-10-22,2.168,2.155,2.168,2.150,54783300,118065093
2020-10-23,2.166,2.173,2.180,2.164,25709100,55889837
2020-10-26,2.171,2.161,2.171,2.156,23730100,51299663
2020-10-27,2.140,2.155,2.156,2.138,47440600,101869719
2020-10-28,2.136,2.126,2.138,2.125,29609300,63049620
2020-10-29,2.081,2.088,2.092,2.080,35023900,73038132
2020-10-30,2.076,2.048,2.076,2.043,50509500,104140510
2020-11-02,2.058,2.068,2.073,2.058,28400300,58673992
2020-11-03,2.091,2.106,2.109,2.091,29123300,61188422
2020-11-04,2.124,2.140,2.177,2.124,102818100,221138483
2020-11-05,2.174,2.167,2.186,2.156,54829200,118942878
2020-11-06,2.186,2.176,2.186,2.170,34108200,74290769
2020-11-09,2.207,2.210,2.223,2.206,51703800,114516514
2020-11-10,2.210,2.200,2.217,2.191,39108100,86236154
2020-11-11,2.199,2.210,2.211,2.190,21803898,48060676
2020-11-12,2.215,2.214,2.225,2.210,20030200,44375432
2020-11-13,2.206,2.212,2.214,2.185,23081100,50778610
2020-11-16,2.234,2.242,2.247,2.234,18363700,41150846
2020-11-17,2.255,2.234,2.256,2.228,26221500,58615528
2020-11-18,2.229,2.212,2.229,2.211,17899898,39739925
2020-11-19,2.203,2.211,2.211,2.197,21433076,47204355
2020-11-20,2.202,2.202,2.220,2.198,17999800,39647223
2020-11-23,2.200,2.199,2.201,2.194,15069700,33102413
2020-11-24,2.216,2.232,2.232,2.215,16670700,37089357
2020-11-25,2.258,2.249,2.261,2.246,50509889,113701413
2020-11-26,2.245,2.249,2.252,2.235,81876800,183768889
2020-11-27,2.246,2.243,2.249,2.236,80601500,180682525
2020-11-30,2.242,2.232,2.246,2.229,15909800,35634686
2020-12-01,2.254,2.256,2.259,2.248,20005000,45107295
2020-12-02,2.254,2.250,2.254,2.245,14925338,33547055
2020-12-03,2.257,2.259,2.270,2.254,33610089,75959975
2020-12-04,2.258,2.253,2.261,2.252,20668800,46629272
2020-12-07,2.264,2.262,2.267,2.260,18683200,42290950
2020-12-08,2.260,2.257,2.260,2.253,17794200,40155561
2020-12-09,2.269,2.277,2.278,2.268,19448300,44216140
2020-12-10,2.255,2.264,2.265,2.254,65454198,148123645
2020-12-11,2.264,2.265,2.271,2.259,56655000,128262230
2020-12-14,2.265,2.272,2.297,2.265,46493600,105918588
2020-12-15,2.261,2.252,2.264,2.243,21524000,48472640
2020-12-16,2.267,2.270,2.274,2.267,10197800,23151042
2020-12-17,2.278,2.278,2.278,2.270,5035100,11452852
2020-12-18,2.285,2.285,2.286,2.270,15487800,35305136
2020-12-21,2.284,2.279,2.299,2.276,13167400,30046448
2020-12-22,2.269,2.258,2.284,2.253,23757069,53844836
2020-12-23,2.257,2.260,2.263,2.250,10534700,23785348
2020-12-24,2.263,2.266,2.276,2.261,23847931,54032064
2020-12-25,2.269,2.272,2.279,2.268,10577200,24030893
2020-12-28,2.273,2.283,2.285,2.273,10575800,24122188
2020-12-29,2.293,2.304,2.305,2.293,13365800,30724876
2020-12-30,2.295,2.289,2.295,2.288,15172500,34756653
2020-12-31,2.290,2.292,2.298,2.283,15407396,35270039
2021-01-04,2.293,2.280,2.297,2.278,43697800,99991782
2021-01-05,2.260,2.245,2.260,2.241,28951600,65093511
2021-01-06,2.249,2.249,2.257,2.246,18865900,42436696
2021-01-07,2.275,2.283,2.285,2.271,16764876,38244635
2021-01-08,2.308,2.318,2.322,2.308,22721100,52640169
2021-01-11,2.318,2.308,2.323,2.306,24013000,55597070
2021-01-12,2.312,2.312,2.317,2.297,14625100,33817940
2021-01-13,2.308,2.306,2.309,2.302,17673200,40745858
2021-01-14,2.310,2.321,2.323,2.310,13172300,30549346
2021-01-15,2.302,2.301,2.309,2.297,9897200,22801179
2021-01-18,2.300,2.294,2.300,2.285,16056500,36777335
2021-01-19,2.304,2.311,2.317,2.304,38949100,90092185
2021-01-20,2.316,2.307,2.325,2.305,20953400,48423469
2021-01-21,2.335,2.347,2.348,2.333,30362600,71019799
2021-01-22,2.344,2.335,2.345,2.331,32382000,75706894
2021-01-25,2.338,2.348,2.353,2.337,22109400,51864194
2021-01-26,2.345,2.327,2.345,2.325,8351100,19480568
2021-01-27,2.336,2.338,2.343,2.330,10061200,23484046
2021-01-28,2.303,2.277,2.303,2.277,12638700,28872777
2021-01-29,2.292,2.281,2.307,2.265,61063500,138934450
2021-02-01,2.255,2.267,2.268,2.239,16710300,37657232
2021-02-02,2.292,2.305,2.307,2.292,17577600,40447426
2021-02-03,2.330,2.331,2.339,2.323,7477800,17420735
2021-02-04,2.329,2.330,2.336,2.315,14540800,33818700
2021-02-05,2.349,2.369,2.369,2.349,16181900,38193949
2021-02-08,2.377,2.370,2.410,2.366,30873200,73391186
2021-02-09,2.398,2.384,2.398,2.372,7546400,17973515
2021-02-10,2.384,2.382,2.385,2.373,12017200,28610802
2021-02-18,2.386,2.385,2.386,2.377,16170800,38520930
2021-02-19,2.382,2.378,2.382,2.366,8080700,19161683
2021-02-22,2.376,2.370,2.380,2.368,15207300,36077288
2021-02-23,2.363,2.370,2.372,2.342,9686600,22883659
2021-02-24,2.370,2.351,2.371,2.349,18861200,44444918
2021-02-25,2.382,2.390,2.398,2.381,41949600,100191691
2021-02-26,2.333,2.326,2.350,2.324,26981400,63038885
2021-03-01,2.362,2.343,2.362,2.333,11521800,27012786
2021-03-02,2.379,2.377,2.379,2.364,13957440,33102650
2021-03-03,2.367,2.376,2.378,2.357,13742800,32591393
2021-03-04,2.359,2.327,2.359,2.322,12146000,28305718
2021-03-05,2.276,2.304,2.310,2.276,14459700,33131716
2021-03-08,2.351,2.353,2.358,2.341,20035600,47063224
2021-03-09,2.356,2.375,2.385,2.352,59438700,140818903
2021-03-10,2.380,2.373,2.391,2.371,10837700,25792025
2021-03-11,2.391,2.411,2.413,2.391,29874600,71854664
2021-03-12,2.435,2.413,2.435,2.411,15571000,37684589
2021-03-15,2.417,2.428,2.431,2.417,16925800,41065442
2021-03-16,2.442,2.443,2.448,2.431,25032700,61033723
2021-03-17,2.439,2.433,2.439,2.425,13745000,33410619
2021-03-18,2.446,2.435,2.450,2.432,15720207,38306987
2021-03-19,2.403,2.405,2.418,2.401,15379600,37020663
2021-03-22,2.399,2.405,2.407,2.386,10148400,24364215
2021-03-23,2.425,2.416,2.427,2.405,15597200,37654909
2021-03-24,2.415,2.400,2.415,2.396,20264300,48631705
2021-03-25,2.382,2.399,2.400,2.382,23564000,56431863
2021-03-26,2.408,2.426,2.426,2.408,8634400,20894159
2021-03-29,2.431,2.444,2.446,2.431,17341306,42292248
2021-03-30,2.450,2.460,2.464,2.446,9159000,22523490
2021-03-31,2.479,2.448,2.479,2.446,8692500,21314655
2021-04-01,2.460,2.473,2.474,2.460,7501200,18504332
2021-04-02,2.497,2.497,2.503,2.488,14396000,35911823
2021-04-06,2.527,2.530,2.535,2.520,23697400,59847136
2021-04-07,2.527,2.526,2.530,2.511,16531100,41652682
2021-04-08,2.531,2.536,2.540,2.531,20835200,52828867
2021-04-09,2.592,2.541,2.592,2.536,23607100,59995769
2021-04-12,2.550,2.558,2.559,2.550,18918700,48336945
2021-04-13,2.557,2.557,2.561,2.550,11824026,30215231
2021-04-14,2.564,2.569,2.569,2.561,18755000,48103736
2021-04-15,2.560,2.564,2.564,2.550,24688000,63100023
2021-04-16,2.578,2.583,2.590,2.576,23929000,61817005
2021-04-19,2.585,2.580,2.590,2.578,17022400,44006701
2021-04-20,2.568,2.560,2.570,2.560,20097800,51566871
2021-04-21,2.533,2.543,2.546,2.527,23793700,60329804
2021-04-22,2.561,2.558,2.563,2.553,10032100,25649884
2021-04-23,2.539,2.535,2.542,2.532,13181300,33445243
2021-04-26,2.557,2.560,2.562,2.554,10041800,25682621
2021-04-27,2.564,2.573,2.574,2.564,11022800,28323636
2021-04-28,2.572,2.569,2.572,2.565,7368500,18912920
2021-04-29,2.572,2.580,2.580,2.572,10216000,26313427
2021-04-30,2.580,2.580,2.582,2.567,18273600,47015398
2021-05-06,2.568,2.566,2.568,2.548,14309300,36594324
2021-05-07,2.585,2.579,2.586,2.569,15492501,39895520
2021-05-10,2.592,2.585,2.595,2.583,21315000,55198281
2021-05-11,2.546,2.546,2.547,2.524,21465900,54427340
2021-05-12,2.525,2.527,2.529,2.513,27371100,68976293
2021-05-13,2.479,2.480,2.485,2.479,22448900,55712319
2021-05-14,2.502,2.518,2.519,2.502,19790000,49671999
2021-05-17,2.537,2.538,2.544,2.531,25753699,65328383
2021-05-18,2.537,2.545,2.548,2.535,13457300,34186369
2021-05-19,2.509,2.504,2.509,2.500,17066800,42732631
2021-05-20,2.500,2.501,2.508,2.495,16331700,40914988
2021-05-21,2.525,2.533,2.537,2.523,14986800,37919294
2021-05-24,2.531,2.537,2.537,2.531,16909100,42854931
2021-05-25,2.554,2.551,2.556,2.545,32930800,83964136
2021-05-26,2.549,2.540,2.549,2.536,20899900,53125503
2021-05-27,2.535,2.522,2.535,2.521,14547709,36794726
2021-05-28,2.530,2.537,2.547,2.530,21197073,53796017
2021-05-31,2.535,2.532,2.540,2.531,17322528,43920989
2021-06-01,2.534,2.534,2.534,2.525,9935533,25129701
2021-06-02,2.535,2.533,2.535,2.531,7851600,19886657
2021-06-03,2.536,2.537,2.539,2.533,8016200,20331704
2021-06-04,2.536,2.533,2.536,2.526,17780601,44971808
2021-06-07,2.545,2.557,2.557,2.544,10438900,26615401
2021-06-08,2.557,2.557,2.561,2.553,12230400,31285153
2021-06-09,2.559,2.558,2.560,2.554,7497300,19173071
2021-06-10,2.558,2.549,2.558,2.546,6605400,16850231
2021-06-11,2.559,2.557,2.562,2.554,6579200,16831720
2021-06-15,2.572,2.573,2.577,2.301,22726800,58318068
2021-06-16,2.567,2.564,2.567,2.561,9440700,24209634
2021-06-17,2.548,2.551,2.559,2.545,8243900,21016377
2021-06-18,2.560,2.563,2.568,2.560,23622484,60566571
2021-06-21,2.535,2.529,2.535,2.520,27968300,70638117
2021-06-22,2.553,2.577,2.577,2.553,25877000,66562812
2021-06-23,2.590,2.600,2.602,2.587,14940100,38760829
2021-06-24,2.597,2.596,2.597,2.593,5657500,14685374
2021-06-25,2.608,2.603,2.612,2.603,8085100,21070547
2021-06-28,2.611,2.608,2.626,2.600,10300000,26878569
2021-06-29,2.615,2.609,2.617,2.607,7160800,18684914
2021-06-30,2.613,2.616,2.618,2.612,4105400,10738063
2021-07-01,2.622,2.623,2.626,2.621,4494147,11789998
2021-07-02,2.633,2.645,2.646,2.633,10000763,26405646
2021-07-05,2.659,2.659,2.666,2.653,35510400,94385701
2021-07-06,2.660,2.664,2.668,2.655,27609600,73470519
2021-07-07,2.660,2.660,2.663,2.653,12432900,33051141
2021-07-08,2.662,2.652,2.669,2.651,11310100,30090346
2021-07-09,2.632,2.654,2.656,2.630,20485900,54135247
2021-07-12,2.667,2.677,2.678,2.667,15310098,40931617
2021-07-13,2.682,2.675,2.687,2.674,16262200,43610965
2021-07-14,2.674,2.671,2.678,2.667,15753700,42115674
2021-07-15,2.665,2.674,2.678,2.665,9485500,25360845
2021-07-16,2.668,2.668,2.669,2.663,16156600,43082283
2021-07-19,2.638,2.646,2.650,2.633,6245700,16496780
2021-07-20,2.635,2.636,2.641,2.614,21549400,56685402
2021-07-21,2.655,2.655,2.659,2.645,13780000,36561789
2021-07-22,2.672,2.671,2.673,2.665,4143000,11060396
2021-07-23,2.675,2.677,2.680,2.675,18627800,49875969
2021-07-26,2.688,2.693,2.699,2.688,15972000,43016832
2021-07-27,2.702,2.706,2.712,2.700,12440800,33679650
2021-07-28,2.705,2.703,2.715,2.698,15137300,40942932
2021-07-29,2.702,2.697,2.702,2.687,11283200,30375040
2021-07-30,2.700,2.680,2.700,2.676,20781700,55714347
2021-08-02,2.695,2.704,2.707,2.692,12421400,33563569
2021-08-03,2.689,2.691,2.693,2.681,18230600,49026540
2021-08-04,2.706,2.700,2.713,2.698,14132800,38197245
2021-08-05,2.694,2.694,2.699,2.689,14416800,38845081
2021-08-06,2.705,2.708,2.710,2.700,12265500,33163080
2021-08-09,2.709,2.715,2.720,2.705,10318300,28001748
2021-08-10,2.715,2.712,2.721,2.706,19629100,53211842
2021-08-11,2.713,2.716,2.721,2.713,8621638,23418204
2021-08-12,2.720,2.718,2.725,2.717,15951100,43402382
2021-08-13,2.729,2.736,2.737,2.724,27112500,73990755
2021-08-16,2.735,2.725,2.737,2.724,20072300,54779334
2021-08-17,2.732,2.731,2.740,2.728,20006717,54707517
2021-08-18,2.722,2.729,2.730,2.716,12158124,33106368
2021-08-19,2.702,2.685,2.706,2.682,18279000,49239284
2021-08-20,2.701,2.700,2.706,2.695,16177300,43696289
2021-08-23,2.723,2.738,2.738,2.723,11333200,30964816
2021-08-24,2.753,2.753,2.755,2.748,14402400,39638119
2021-08-25,2.752,2.744,2.752,2.742,20359600,55893130
2021-08-26,2.745,2.746,2.747,2.743,13154100,36111084
2021-08-27,2.736,2.748,2.752,2.733,16264800,44590567
2021-08-30,2.758,2.758,2.765,2.755,12761900,35202488
2021-08-31,2.769,2.780,2.782,2.766,17208400,47769482
2021-09-01,2.775,2.779,2.780,2.767,13406900,37152674
2021-09-02,2.776,2.762,2.776,2.758,19100700,52760282
2021-09-03,2.768,2.773,2.778,2.767,13461500,37320010
2021-09-06,2.769,2.770,2.773,2.761,14682500,40614335
2021-09-07,2.769,2.770,2.771,2.766,13916700,38541786
2021-09-08,2.763,2.757,2.765,2.755,14353100,39612296
2021-09-09,2.750,2.748,2.750,2.744,15050700,41337797
2021-09-10,2.743,2.749,2.750,2.740,11637300,31940831
2021-09-13,2.728,2.729,2.730,2.719,15385000,41914931
2021-09-14,2.730,2.728,2.736,2.726,38186400,104266393
2021-09-15,2.711,2.711,2.718,2.707,11457892,31062623
2021-09-16,2.729,2.721,2.735,2.717,31769100,86555103
2021-09-17,2.722,2.736,2.737,2.719,13687700,37350789
2021-09-22,2.673,2.680,2.684,2.664,36404900,97294493
2021-09-23,2.704,2.701,2.705,2.695,17508700,47249611
2021-09-24,2.721,2.718,2.725,2.716,23927800,65074318
2021-09-27,2.729,2.735,2.736,2.723,16697100,45598450
2021-09-28,2.720,2.709,2.720,2.702,16862600,45683480
2021-09-29,2.660,2.668,2.677,2.660,35989000,96087379
2021-09-30,2.668,2.683,2.685,2.668,15316800,41023427
2021-10-08,2.697,2.681,2.699,2.681,10819600,29083269
2021-10-11,2.680,2.665,2.681,2.664,19015700,50800177
2021-10-12,2.649,2.638,2.660,2.636,36128000,95660178
2021-10-13,2.643,2.652,2.653,2.641,13652000,36111660
2021-10-14,2.661,2.676,2.677,2.661,11338148,30257657
2021-10-15,2.709,2.710,2.717,2.693,15849500,42930764
2021-10-18,2.714,2.710,2.738,2.708,14571000,39585701
2021-10-19,2.720,2.728,2.730,2.717,16530300,45022922
2021-10-20,2.734,2.735,2.740,2.731,14541200,39762523
2021-10-21,2.740,2.735,2.740,2.733,19668700,53836739
2021-10-22,2.743,2.747,2.749,2.743,8121900,22302464
2021-10-25,2.735,2.747,2.749,2.735,24820700,68074682
2021-10-26,2.762,2.766,2.767,2.762,4877100,13478550
2021-10-27,2.767,2.764,2.768,2.757,8460000,23357951
2021-10-28,2.749,2.753,2.756,2.749,9571600,26355800
2021-10-29,2.772,2.758,2.779,2.758,9950200,27508611
2021-11-01,2.785,2.792,2.796,2.785,9575100,26736153
2021-11-02,2.792,2.786,2.792,2.781,7215700,20095923
2021-11-03,2.797,2.805,2.806,2.796,8142900,22805422
2021-11-04,2.815,2.820,2.821,2.815,6002800,16916933
2021-11-05,2.825,2.832,2.833,2.825,8974300,25402984
2021-11-08,2.832,2.835,2.848,2.830,43896700,124521740
2021-11-09,2.834,2.834,2.851,2.831,66816700,189815558
2021-11-10,2.831,2.822,2.832,2.819,22505500,63589798
2021-11-11,2.811,2.815,2.819,2.810,10990870,30931571
2021-11-12,2.816,2.813,2.821,2.813,7888800,22215219
2021-11-15,2.826,2.832,2.836,2.826,13500700,38241651
2021-11-16,2.832,2.824,2.835,2.822,10743600,30401878
2021-11-17,2.840,2.843,2.843,2.836,7204030,20455534
2021-11-18,2.841,2.833,2.841,2.830,26519500,75078050
2021-11-19,2.840,2.851,2.852,2.840,45204497,128736711
2021-11-22,2.845,2.847,2.850,2.842,18341300,52203637
2021-11-23,2.830,2.822,2.835,2.821,44795700,126663593
2021-11-24,2.833,2.832,2.835,2.828,13144400,37220231
2021-11-25,2.846,2.851,2.852,2.844,10850099,30885757
2021-11-26,2.834,2.808,2.834,2.805,29583500,83344739
2021-11-29,2.790,2.806,2.807,2.783,21905999,61300380
2021-11-30,2.820,2.789,2.824,2.771,47095000,131673155
2021-12-01,2.775,2.778,2.780,2.765,63671600,176601592
2021-12-02,2.733,2.740,2.744,2.728,62637107,171304506
2021-12-03,2.749,2.758,2.763,2.740,21584200,59399423
2021-12-06,2.753,2.750,2.753,2.742,11359100,31201060
2021-12-07,2.772,2.783,2.786,2.767,20169593,55993783
2021-12-08,2.823,2.826,2.830,2.823,12081316,34139378
2021-12-09,2.825,2.826,2.827,2.813,22050800,62227713
2021-12-10,2.814,2.813,2.819,2.809,8916900,25083017
2021-12-13,2.842,2.845,2.848,2.841,11613700,33030118
2021-12-14,2.820,2.812,2.820,2.811,90889500,255792669
2021-12-15,2.786,2.797,2.804,2.786,33523838,93746698
2021-12-16,2.840,2.856,2.857,2.824,62704000,178377701
2021-12-17,2.832,2.807,2.832,2.806,17266600,48583951
2021-12-20,2.780,2.762,2.780,2.760,29241600,81012259
2021-12-21,2.761,2.777,2.821,2.761,64501100,179632708
2021-12-22,2.804,2.800,2.804,2.791,30247900,84657928
2021-12-23,2.823,2.830,2.835,2.823,13388400,37887243
2021-12-24,2.848,2.846,2.848,2.841,9569300,27214789
2021-12-27,2.847,2.851,2.855,2.847,12490800,35591551
2021-12-28,2.880,2.882,2.887,2.878,12864600,37101446
2021-12-29,2.883,2.888,2.891,2.880,28563200,82469785
2021-12-30,2.885,2.887,2.892,2.882,99602600,287665099
2021-12-31,2.881,2.879,2.881,2.862,23972100,68955127
2022-01-04,2.894,2.897,2.898,2.889,14370050,41589242
2022-01-05,2.892,2.886,2.892,2.879,18457300,53198128
2022-01-06,2.832,2.817,2.850,2.815,34103800,96322243
2022-01-07,2.832,2.835,2.840,2.831,18553000,52600420
2022-01-10,2.810,2.816,2.818,2.798,45896600,128987875
2022-01-11,2.815,2.804,2.815,2.801,28506000,80023017
2022-01-12,2.832,2.836,2.836,2.828,39203700,111025442
2022-01-13,2.837,2.829,2.837,2.826,18229900,51572560
2022-01-14,2.788,2.802,2.802,2.788,20927900,58496121
2022-01-17,2.794,2.794,2.800,2.788,18007100,50279908
2022-01-18,2.796,2.783,2.798,2.781,12791300,35663596
2022-01-19,2.754,2.739,2.759,2.734,39400909,108093394
2022-01-20,2.723,2.724,2.726,2.714,105373090,286354818
2022-01-21,2.669,2.670,2.672,2.658,81438586,217050126
2022-01-24,2.653,2.638,2.653,2.636,89051500,235197771
2022-01-25,2.610,2.605,2.615,2.593,72903000,189966114
2022-01-26,2.599,2.601,2.606,2.594,37851400,98475734
2022-01-27,2.588,2.552,2.588,2.546,141460900,362641162
2022-01-28,2.595,2.597,2.603,2.574,90258800,234214486
2022-02-07,2.675,2.693,2.694,2.668,60685200,162822983
2022-02-08,2.684,2.687,2.692,2.680,51235300,137523454
2022-02-09,2.708,2.722,2.724,2.708,47809550,129923733
2022-02-10,2.751,2.754,2.760,2.739,92612907,254481004
2022-02-11,2.696,2.679,2.702,2.673,118055200,316668218
2022-02-14,2.654,2.655,2.657,2.646,80672400,213902458
2022-02-15,2.647,2.638,2.648,2.631,65231000,172173445
2022-02-16,2.670,2.671,2.672,2.665,34109600,91049323
2022-02-17,2.666,2.664,2.675,2.656,57582600,153464109
2022-02-18,2.622,2.628,2.639,2.616,75771900,199425804
2022-02-21,2.612,2.617,2.618,2.601,123124400,321153177
2022-02-22,2.561,2.561,2.568,2.553,94666800,242480960
2022-02-23,2.582,2.574,2.602,2.570,146295100,376855113
2022-02-24,2.500,2.465,2.508,2.460,187426400,465698735
2022-02-25,2.542,2.534,2.545,2.531,172645000,437802920
2022-02-28,2.563,2.553,2.566,2.538,65120800,166028080
2022-03-01,2.594,2.605,2.607,2.594,124806300,324572829
2022-03-02,2.575,2.566,2.575,2.563,83569000,214771605
2022-03-03,2.608,2.612,2.612,2.599,79786300,207904055
2022-03-04,2.573,2.588,2.591,2.568,104231302,269056233
2022-03-07,2.544,2.554,2.563,2.538,74915700,190841515
2022-03-08,2.530,2.473,2.530,2.467,144479692,359116062
2022-03-09,2.489,2.500,2.502,2.482,116253895,289907411
2022-03-10,2.546,2.545,2.551,2.541,38913272,99085152
2022-03-11,2.530,2.544,2.545,2.524,64236600,162830030
2022-03-14,2.530,2.537,2.542,2.525,58359200,147812644
2022-03-15,2.514,2.503,2.517,2.502,142906300,358354412
2022-03-16,2.550,2.570,2.572,2.548,96375300,246211511
2022-03-17,2.614,2.620,2.621,2.599,92463500,241262691
2022-03-18,2.628,2.638,2.641,2.625,58514200,154180977
2022-03-21,2.673,2.675,2.677,2.666,49545900,132415791
2022-03-22,2.667,2.678,2.687,2.667,81705901,218952108
2022-03-23,2.710,2.722,2.724,2.710,168155500,457585069
2022-03-24,2.683,2.688,2.695,2.682,82615700,222046021
2022-03-25,2.712,2.729,2.730,2.712,84856400,230969683
2022-03-28,2.729,2.735,2.742,2.727,179543586,490897868
2022-03-29,2.735,2.735,2.735,2.735,,
2022-03-30,1.395,1.390,1.396,1.385,93696911,130319910
2022-03-31,1.386,1.387,1.392,1.384,139230500,193176001
2022-04-01,1.365,1.371,1.371,1.365,97352700,133194856
2022-04-06,1.360,1.371,1.372,1.360,52980200,72386047
2022-04-07,1.351,1.352,1.353,1.345,72514500,97846124
2022-04-08,1.356,1.365,1.365,1.356,104958200,142793148
2022-04-11,1.355,1.353,1.356,1.349,85706300,115894329
2022-04-12,1.330,1.327,1.333,1.324,138881900,184299794
2022-04-13,1.329,1.338,1.339,1.328,118576800,158249594
2022-04-14,1.345,1.347,1.348,1.340,80567200,108374964
2022-04-15,1.327,1.334,1.335,1.327,80951000,107823836
2022-04-18,1.328,1.324,1.328,1.320,52034900,68879478
2022-04-19,1.334,1.334,1.336,1.331,47694700,63622862
2022-04-20,1.355,1.355,1.355,1.350,99529000,134629415
2022-04-21,1.361,1.372,1.375,1.359,98387100,134718640
2022-04-22,1.336,1.354,1.357,1.336,105502252,142491568
2022-04-25,1.317,1.310,1.319,1.309,211905100,278860658
2022-04-26,1.327,1.334,1.337,1.327,121879500,162619244
2022-04-27,1.299,1.302,1.305,1.298,239658669,311885452
2022-04-28,1.306,1.319,1.321,1.305,109308100,143531960
2022-04-29,1.336,1.340,1.347,1.333,174001200,233425007
2022-05-05,1.354,1.341,1.354,1.340,199744860,268849082
2022-05-06,1.300,1.309,1.315,1.295,236096200,309364739
2022-05-09,1.295,1.302,1.303,1.291,154212900,199806016
2022-05-10,1.272,1.278,1.278,1.269,343721000,437417663
2022-05-11,1.274,1.277,1.280,1.270,182953100,233306881
2022-05-12,1.256,1.255,1.261,1.253,155628496,195707928
2022-05-13,1.268,1.275,1.275,1.267,155655600,197806630
2022-05-16,1.297,1.281,1.299,1.277,210494429,269852607
2022-05-17,1.286,1.287,1.288,1.283,173469900,223039721
2022-05-18,1.302,1.299,1.304,1.297,73386400,95343120
2022-05-19,1.250,1.251,1.258,1.247,310952100,388945606
2022-05-20,1.249,1.243,1.251,1.242,255086500,317890111
2022-05-23,1.246,1.247,1.248,1.241,180133300,224100164
2022-05-24,1.245,1.237,1.246,1.235,195010900,241799542
2022-05-25,1.241,1.248,1.249,1.241,295743600,368371397
2022-05-26,1.256,1.259,1.260,1.253,372927100,468429031
2022-05-27,1.285,1.287,1.295,1.282,203144400,260967437
2022-05-30,1.318,1.309,1.318,1.304,172889100,226547066
2022-05-31,1.303,1.304,1.309,1.301,142559900,186132820
2022-06-01,1.305,1.307,1.309,1.303,120927687,157939699
2022-06-02,1.295,1.292,1.297,1.290,120694724,156096109
2022-06-06,1.289,1.296,1.296,1.286,144531400,186652376
2022-06-07,1.292,1.289,1.292,1.285,101382100,130597471
2022-06-08,1.305,1.305,1.307,1.302,72695900,94833133
2022-06-09,1.296,1.294,1.298,1.292,85681500,110955405
2022-06-10,1.268,1.271,1.273,1.266,137037900,173938837
2022-06-13,1.230,1.218,1.230,1.215,195898852,239416260
2022-06-14,1.200,1.205,1.206,1.196,305558000,367066849
2022-06-15,1.196,1.192,1.196,1.187,291758600,347426660
2022-06-16,1.210,1.188,1.210,1.187,216464200,259934027
2022-06-17,1.166,1.169,1.173,1.160,224681200,262352338
2022-06-20,1.167,1.167,1.168,1.162,176052600,204968305
2022-06-21,1.173,1.181,1.184,1.171,247806300,292227894
2022-06-22,1.186,1.182,1.190,1.179,195471400,231377500
2022-06-23,1.188,1.190,1.191,1.184,235602100,279913628
2022-06-24,1.198,1.209,1.211,1.198,184278802,222113110
2022-06-27,1.230,1.235,1.240,1.229,195425329,241362488
2022-06-28,1.235,1.237,1.238,1.228,131290337,161835751
2022-06-29,1.208,1.208,1.214,1.207,122309000,148026369
2022-06-30,1.207,1.195,1.208,1.193,162030300,194600694
2022-07-01,1.196,1.191,1.198,1.188,138635700,165232776
2022-07-04,1.197,1.206,1.207,1.195,202450900,243543815
2022-07-05,1.213,1.216,1.216,1.210,180927800,219497716
2022-07-06,1.216,1.210,1.218,1.205,178000078,215553295
2022-07-07,1.214,1.221,1.223,1.213,198110300,241355403
2022-07-08,1.236,1.230,1.238,1.228,217595000,267989789
2022-07-11,1.230,1.223,1.230,1.222,165924400,203382821
2022-07-12,1.219,1.217,1.221,1.215,160764100,195748438
2022-07-13,1.215,1.217,1.217,1.212,205309000,249221769
2022-07-14,1.210,1.204,1.210,1.201,161766300,194891743
2022-07-15,1.210,1.209,1.215,1.208,164605400,199349816
2022-07-18,1.229,1.237,1.238,1.228,191684800,236362441
2022-07-19,1.222,1.222,1.224,1.220,181947600,222399656
2022-07-20,1.255,1.259,1.260,1.255,228953700,287928358
2022-07-21,1.261,1.262,1.265,1.258,195463800,246499461
2022-07-22,1.270,1.271,1.272,1.268,150078200,190583090
2022-07-25,1.258,1.260,1.262,1.257,161242400,203040025
2022-07-26,1.259,1.259,1.262,1.257,150424400,189497706
2022-07-27,1.259,1.263,1.263,1.258,204483020,257880636
2022-07-28,1.279,1.277,1.281,1.275,158883800,202903310
2022-07-29,1.300,1.304,1.306,1.299,194037000,252934269
2022-08-01,1.309,1.310,1.313,1.307,303447400,397646153
2022-08-02,1.310,1.306,1.311,1.306,222997600,291656158
2022-08-03,1.306,1.306,1.307,1.303,195440300,255130594
2022-08-04,1.321,1.319,1.324,1.319,189183300,249963417
2022-08-05,1.322,1.324,1.325,1.320,157487300,208375769
2022-08-08,1.320,1.328,1.328,1.317,339102800,448479874
2022-08-09,1.320,1.321,1.323,1.319,144012500,190285688
2022-08-10,1.316,1.313,1.317,1.312,163738500,215162656
2022-08-11,1.341,1.342,1.344,1.339,104664400,140408581
2022-08-12,1.338,1.342,1.343,1.338,89816600,120400914
2022-08-15,1.356,1.361,1.363,1.356,190537300,259179746
2022-08-16,1.372,1.373,1.375,1.371,154776700,212639633
2022-08-17,1.376,1.374,1.378,1.374,128006202,176138669
2022-08-18,1.365,1.365,1.369,1.365,161558400,220870189
2022-08-19,1.373,1.367,1.376,1.367,155722200,213796003
2022-08-22,1.353,1.353,1.357,1.352,189382300,256707522
2022-08-23,1.339,1.335,1.341,1.332,194653700,260273612
2022-08-24,1.334,1.335,1.336,1.327,176817802,235595407
2022-08-25,1.340,1.351,1.352,1.340,143983700,193781906
2022-08-26,1.355,1.358,1.359,1.355,86758100,117705679
2022-08-29,1.311,1.314,1.316,1.300,335463200,439613662
2022-08-30,1.314,1.318,1.319,1.312,179006900,235538895
2022-08-31,1.302,1.305,1.307,1.302,168458000,219688770
2022-09-01,1.284,1.282,1.285,1.277,186829400,239306609
2022-09-02,1.290,1.295,1.295,1.289,129454400,167202243
2022-09-05,1.281,1.291,1.291,1.281,117527300,151175663
2022-09-06,1.294,1.291,1.294,1.287,183514700,236634761
2022-09-07,1.278,1.281,1.282,1.274,437978100,559296212
2022-09-08,1.303,1.304,1.308,1.302,235639400,307364221
2022-09-09,1.312,1.312,1.315,1.310,183664900,241082341
2022-09-13,1.338,1.345,1.345,1.338,175377900,235091545
2022-09-14,1.291,1.290,1.293,1.284,420835500,542604414
2022-09-15,1.290,1.291,1.294,1.290,196601300,253921431
2022-09-16,1.273,1.270,1.274,1.268,329388100,419029840
2022-09-19,1.271,1.267,1.274,1.266,260402100,330500709
2022-09-20,1.281,1.284,1.285,1.279,189530400,243235737
2022-09-21,1.269,1.267,1.272,1.265,322204400,409054361
2022-09-22,1.240,1.245,1.248,1.238,432523100,538335403
2022-09-23,1.244,1.238,1.244,1.236,135824500,168314141
2022-09-26,1.218,1.216,1.225,1.214,256322300,312388661
2022-09-27,1.220,1.231,1.232,1.220,187307900,229490182
2022-09-28,1.223,1.216,1.223,1.212,160975354,195840448
2022-09-29,1.239,1.238,1.242,1.233,167834500,208003811
2022-09-30,1.215,1.215,1.219,1.210,251390546,305236657
2022-10-10,1.210,1.207,1.212,1.203,92362500,111703378
2022-10-11,1.209,1.205,1.214,1.205,363083800,438532172
2022-10-12,1.206,1.212,1.213,1.203,181802738,219330676
2022-10-13,1.202,1.202,1.204,1.200,86429700,103868715
2022-10-14,1.228,1.240,1.242,1.228,143970700,178070346
2022-10-17,1.212,1.216,1.217,1.210,211578100,256675983
2022-10-18,1.243,1.256,1.258,1.240,183021500,228977960
2022-10-19,1.260,1.253,1.264,1.251,199552407,251157041
2022-10-20,1.237,1.242,1.244,1.234,178789200,221536389
2022-10-21,1.232,1.232,1.235,1.229,132189600,162763316
2022-10-24,1.264,1.264,1.271,1.262,235298752,297749271
2022-10-25,1.283,1.288,1.289,1.282,212583900,273364611
2022-10-26,1.292,1.286,1.296,1.283,263809600,340069840
2022-10-27,1.291,1.298,1.299,1.290,299597900,387792972
2022-10-28,1.286,1.275,1.287,1.275,91917200,117737830
2022-10-31,1.315,1.320,1.321,1.315,174364800,229798464
2022-11-01,1.321,1.325,1.326,1.317,216524723,285747751
2022-11-02,1.315,1.313,1.317,1.311,154575800,203101480
2022-11-03,1.285,1.288,1.291,1.283,268761446,346024497
2022-11-04,1.275,1.275,1.278,1.268,558701890,710700847
2022-11-07,1.277,1.284,1.284,1.275,306341000,391915709
2022-11-08,1.297,1.297,1.298,1.294,227969094,295583085
2022-11-09,1.301,1.302,1.312,1.300,265335800,346433406
2022-11-10,1.282,1.283,1.284,1.279,178642000,229121793
2022-11-11,1.349,1.339,1.349,1.328,365379600,489153559
2022-11-14,1.338,1.324,1.340,1.322,238579200,317064535
2022-11-15,1.321,1.326,1.327,1.321,237579600,314639851
2022-11-16,1.321,1.336,1.339,1.320,328241443,436599269
2022-11-17,1.327,1.335,1.336,1.326,198083509,264006148
2022-11-18,1.330,1.326,1.333,1.325,131459300,174708588
2022-11-21,1.328,1.336,1.340,1.327,325534500,434323462
2022-11-22,1.335,1.333,1.341,1.332,166897100,223128398
2022-11-23,1.346,1.351,1.351,1.346,73346966,98995232
2022-11-24,1.362,1.361,1.364,1.360,94617766,128791079
2022-11-25,1.366,1.367,1.367,1.363,92263306,125916987
2022-11-28,1.365,1.361,1.367,1.358,158104100,215241983
2022-11-29,1.349,1.346,1.351,1.342,207236500,278882846
2022-11-30,1.336,1.337,1.339,1.335,174153000,232780322
2022-12-01,1.363,1.363,1.371,1.358,254001852,346037824
2022-12-02,1.354,1.358,1.358,1.354,95830048,130007882
2022-12-05,1.345,1.337,1.348,1.334,199827000,267658353
2022-12-06,1.320,1.316,1.321,1.315,250906700,330666594
2022-12-07,1.299,1.298,1.302,1.297,288695400,375107179
2022-12-08,1.290,1.295,1.295,1.289,175182700,226414225
2022-12-09,1.300,1.305,1.305,1.299,138089995,179775915
2022-12-12,1.292,1.294,1.295,1.292,108782756,140708951
2022-12-13,1.312,1.314,1.315,1.311,136682000,179426001
2022-12-14,1.322,1.325,1.325,1.321,106471600,140917034
2022-12-15,1.314,1.313,1.315,1.310,98104700,128728052
2022-12-16,1.282,1.284,1.285,1.281,192869000,247407881
2022-12-19,1.271,1.270,1.273,1.270,140498600,178594360
2022-12-20,1.260,1.251,1.263,1.246,325035700,407574049
2022-12-21,1.262,1.266,1.267,1.262,178345189,225451241
2022-12-22,1.282,1.281,1.284,1.281,112589200,144390364
2022-12-23,1.261,1.266,1.266,1.261,195069800,246507747
2022-12-26,1.270,1.270,1.272,1.269,70495000,89536036
2022-12-27,1.276,1.274,1.277,1.272,80164967,102176770
2022-12-28,1.260,1.260,1.262,1.258,193551700,243878627
2022-12-29,1.245,1.244,1.248,1.242,205825410,256176093
2022-12-30,1.261,1.255,1.263,1.255,161435300,203266527
2023-01-03,1.250,1.250,1.252,1.246,318296400,397489635
2023-01-04,1.247,1.245,1.249,1.243,255371000,318032859
2023-01-05,1.250,1.246,1.251,1.245,355016100,443052569
2023-01-06,1.237,1.238,1.241,1.235,283518430,350939931
2023-01-09,1.254,1.254,1.255,1.251,197558790,247437439
2023-01-10,1.248,1.248,1.249,1.242,287125800,357545502
2023-01-11,1.255,1.256,1.258,1.254,225407000,283026151
2023-01-12,1.264,1.264,1.266,1.262,204898000,259038965
2023-01-13,1.263,1.261,1.263,1.259,110848795,139741108
2023-01-16,1.263,1.262,1.264,1.260,185925001,234611931
2023-01-17,1.264,1.267,1.268,1.263,119361400,151152514
2023-01-18,1.266,1.273,1.275,1.265,136654766,173665543
2023-01-19,1.250,1.248,1.252,1.248,206032800,257536771
2023-01-20,1.243,1.250,1.251,1.242,169193700,210963045
2023-01-30,1.284,1.284,1.287,1.283,296452015,380899356
2023-01-31,1.276,1.273,1.278,1.272,127952400,163122900
2023-02-01,1.287,1.290,1.290,1.286,155798234,200668242
2023-02-02,1.301,1.303,1.304,1.300,132814435,172868356
2023-02-03,1.315,1.314,1.316,1.313,138246800,181780775
2023-02-06,1.315,1.309,1.318,1.309,124415300,163404771
2023-02-07,1.312,1.311,1.313,1.310,70803000,92867246
2023-02-08,1.321,1.325,1.326,1.321,150143614,198742625
2023-02-09,1.315,1.320,1.321,1.315,258986000,341501559
2023-02-10,1.302,1.302,1.305,1.302,109053700,142110073
2023-02-13,1.304,1.309,1.309,1.304,79724400,104255585
2023-02-14,1.322,1.326,1.326,1.322,116735700,154576510
2023-02-15,1.325,1.323,1.326,1.322,73663117,97497933
2023-02-16,1.336,1.338,1.339,1.335,94028100,125698929
2023-02-17,1.323,1.316,1.324,1.315,73102069,96343402
2023-02-20,1.317,1.317,1.319,1.315,91438900,120418007
2023-02-21,1.312,1.313,1.314,1.311,65934176,86529748
2023-02-22,1.293,1.298,1.300,1.293,94819000,123053977
2023-02-23,1.301,1.300,1.301,1.298,67745500,88022290
2023-02-24,1.303,1.307,1.308,1.302,67353800,87902002
2023-02-27,1.302,1.301,1.304,1.300,73688900,95937977
2023-02-28,1.307,1.301,1.307,1.299,61302201,79766906
2023-03-01,1.293,1.291,1.294,1.290,182218972,235345069
2023-03-02,1.282,1.278,1.282,1.274,168538700,215275438
2023-03-03,1.288,1.292,1.292,1.287,109354900,141078796
2023-03-06,1.312,1.316,1.318,1.311,131797265,173283970
2023-03-07,1.321,1.320,1.324,1.320,110534604,146088268
2023-03-08,1.306,1.304,1.308,1.303,88102504,115014948
2023-03-09,1.305,1.307,1.308,1.303,74465400,97232898
2023-03-10,1.279,1.275,1.280,1.273,175494800,224108587
2023-03-13,1.270,1.277,1.278,1.268,248961400,316623002
2023-03-14,1.251,1.251,1.261,1.246,223136136,279318117
2023-03-15,1.270,1.272,1.272,1.268,153525512,194997831
2023-03-16,1.265,1.264,1.271,1.264,117469500,148922574
2023-03-17,1.283,1.281,1.283,1.278,116335250,149008450
2023-03-20,1.275,1.259,1.276,1.256,178063900,226098640
2023-03-21,1.278,1.281,1.282,1.278,102577426,131321833
2023-03-22,1.293,1.295,1.297,1.293,116689900,151173600
2023-03-23,1.274,1.274,1.277,1.272,187108700,238409885
2023-03-24,1.273,1.276,1.277,1.269,125117000,159369174
2023-03-27,1.287,1.292,1.293,1.287,128223856,165364589
2023-03-28,1.287,1.291,1.292,1.286,82143338,105843648
2023-03-29,1.290,1.296,1.297,1.288,78751300,101781316
2023-03-30,1.306,1.305,1.308,1.304,95971900,125303019
2023-03-31,1.311,1.308,1.311,1.307,101424600,132738109
2023-04-03,1.325,1.326,1.327,1.324,91533826,121353062
2023-04-04,1.331,1.334,1.334,1.331,82766700,110299059
2023-04-06,1.322,1.321,1.322,1.319,83875600,110755302
2023-04-07,1.326,1.326,1.327,1.324,94851900,125722947
2023-04-10,1.326,1.325,1.329,1.324,43884300,58230808
2023-04-11,1.331,1.332,1.332,1.330,53849100,71683614
2023-04-12,1.332,1.330,1.332,1.329,90735235,120727160
2023-04-13,1.323,1.325,1.326,1.321,86856636,114907997
2023-04-14,1.338,1.332,1.339,1.331,75990200,101372327
2023-04-17,1.339,1.339,1.341,1.337,53122790,71140865
2023-04-18,1.340,1.341,1.343,1.340,63217200,84782497
2023-04-19,1.342,1.341,1.342,1.340,54069800,72515360
2023-04-20,1.341,1.340,1.344,1.339,86588500,116224039
2023-04-21,1.336,1.336,1.337,1.334,59406000,79368562
2023-04-24,1.336,1.334,1.339,1.333,82994400,110913656
2023-04-25,1.339,1.339,1.340,1.338,58312357,78074704
2023-04-26,1.333,1.330,1.335,1.330,116187600,154650969
2023-04-27,1.324,1.323,1.325,1.323,79109000,104735970
2023-04-28,1.343,1.343,1.345,1.341,123677426,166126902
2023-05-04,1.327,1.331,1.331,1.325,119671400,158912658
2023-05-05,1.326,1.326,1.327,1.323,66773192,88467383
2023-05-08,1.342,1.344,1.345,1.342,84738304,113807663
2023-05-09,1.344,1.345,1.346,1.344,72154199,97069567
2023-05-10,1.343,1.345,1.345,1.341,69583219,93468987
2023-05-11,1.351,1.352,1.354,1.351,109322400,147855616
2023-05-12,1.354,1.353,1.355,1.352,65495974,88611604
2023-05-15,1.349,1.353,1.354,1.348,75374231,101813188
2023-05-16,1.352,1.352,1.354,1.351,58143831,78632358
2023-05-17,1.353,1.355,1.357,1.353,75127100,101791861
2023-05-18,1.369,1.373,1.373,1.368,91898580,125987315
2023-05-19,1.393,1.394,1.399,1.393,349971700,488620586
2023-05-22,1.385,1.388,1.390,1.385,125997900,174884769
2023-05-23,1.395,1.394,1.399,1.393,110818499,154623071
2023-05-24,1.381,1.381,1.384,1.377,145123700,200277361
2023-05-25,1.377,1.380,1.380,1.375,172310200,237402357
2023-05-26,1.380,1.379,1.381,1.377,88879324,122570791
2023-05-29,1.403,1.407,1.407,1.402,122498200,171992566
2023-05-30,1.404,1.413,1.414,1.403,104751300,147535384
2023-05-31,1.406,1.402,1.410,1.400,127081900,178656324
2023-06-01,1.400,1.404,1.405,1.397,86951700,121787540
2023-06-02,1.414,1.412,1.415,1.408,117240500,165474154
2023-06-05,1.432,1.438,1.439,1.431,143597300,205928531
2023-06-06,1.434,1.433,1.436,1.432,95790000,137359290
2023-06-07,1.436,1.440,1.442,1.435,108660600,156316741
2023-06-08,1.436,1.433,1.439,1.432,128019600,183735789
2023-06-09,1.440,1.441,1.445,1.438,176641400,254633322
2023-06-12,1.448,1.453,1.453,1.448,97743300,141871998
2023-06-13,1.465,1.471,1.472,1.464,198399800,291482207
2023-06-14,1.478,1.476,1.478,1.474,124212114,183331417
2023-06-15,1.478,1.472,1.479,1.469,217284518,320317074
2023-06-16,1.482,1.484,1.487,1.481,165627600,245780511
2023-06-19,1.483,1.484,1.484,1.482,76114500,112866821
2023-06-20,1.484,1.487,1.490,1.484,78751400,117154515
2023-06-21,1.487,1.487,1.490,1.486,120542668,179390533
2023-06-26,1.478,1.482,1.483,1.478,113957900,168754719
2023-06-27,1.478,1.474,1.478,1.472,112617400,166023380
2023-06-28,1.485,1.489,1.490,1.485,110021400,163704799
2023-06-29,1.494,1.496,1.498,1.494,108948500,163063000
2023-06-30,1.506,1.503,1.507,1.502,132865511,199933761
2023-07-03,1.521,1.522,1.523,1.518,162755000,247445772
2023-07-04,1.520,1.516,1.521,1.516,103951300,157947414
2023-07-05,1.517,1.515,1.517,1.514,78243700,118615293
2023-07-06,1.517,1.512,1.518,1.511,101275245,153297610
2023-07-07,1.503,1.502,1.507,1.501,168989600,254041685
2023-07-10,1.494,1.492,1.496,1.492,82614300,123392002
2023-07-11,1.500,1.499,1.502,1.495,83945600,125831930
2023-07-12,1.505,1.506,1.506,1.502,77724000,116907368
2023-07-13,1.513,1.516,1.517,1.512,119861645,181584486
2023-07-14,1.519,1.513,1.519,1.512,113657720,172293529
2023-07-17,1.515,1.521,1.521,1.514,101564888,154184212
2023-07-18,1.525,1.528,1.529,1.524,86837288,132566475
2023-07-19,1.543,1.552,1.553,1.543,169544090,262667172
2023-07-20,1.549,1.541,1.549,1.540,160504467,247848040
2023-07-21,1.531,1.536,1.537,1.530,128421400,196982269
2023-07-24,1.535,1.541,1.542,1.534,133010500,204719275
2023-07-25,1.540,1.538,1.540,1.535,153262200,235640147
2023-07-26,1.541,1.541,1.542,1.539,80548000,124061086
2023-07-27,1.542,1.545,1.546,1.537,152188000,234557145
2023-07-28,1.535,1.534,1.537,1.531,183184500,280991135
2023-07-31,1.542,1.539,1.543,1.537,146614300,225672475
2023-08-01,1.546,1.549,1.550,1.545,115780100,179340860
2023-08-02,1.542,1.537,1.543,1.536,172521600,265534069
2023-08-03,1.525,1.523,1.529,1.523,169561555,258874100
2023-08-04,1.520,1.526,1.529,1.519,134371734,204825892
2023-08-07,1.517,1.518,1.521,1.517,132726181,201557687
2023-08-08,1.528,1.529,1.530,1.526,80695553,123330002
2023-08-09,1.528,1.529,1.529,1.525,77976200,119053853
2023-08-10,1.520,1.521,1.521,1.517,67941300,103234355
2023-08-11,1.521,1.522,1.523,1.519,56634400,86134817
2023-08-14,1.523,1.525,1.525,1.520,107914900,164310360
2023-08-15,1.538,1.541,1.543,1.538,136264200,210011098
2023-08-16,1.528,1.524,1.528,1.522,104273100,158923696
2023-08-17,1.513,1.515,1.517,1.512,133522124,202204468
2023-08-18,1.495,1.497,1.499,1.494,172035000,257391709
2023-08-21,1.497,1.503,1.503,1.496,229125300,343838014
2023-08-22,1.503,1.509,1.510,1.501,210100396,316377723
2023-08-23,1.507,1.510,1.510,1.506,99943300,150749653
2023-08-24,1.528,1.532,1.536,1.527,389114850,596423920
2023-08-25,1.503,1.501,1.504,1.499,115217500,173088603
2023-08-28,1.508,1.515,1.516,1.507,82752388,125195727
2023-08-29,1.523,1.524,1.526,1.521,102996400,156899341
2023-08-30,1.544,1.545,1.547,1.544,108316100,167450217
2023-08-31,1.549,1.553,1.556,1.549,147292124,228790957
2023-09-01,1.542,1.544,1.547,1.541,77200000,119258530
2023-09-04,1.546,1.547,1.549,1.545,80245500,124155903
2023-09-05,1.546,1.548,1.550,1.546,61569200,95314229
2023-09-06,1.548,1.548,1.550,1.546,68122000,105487353
2023-09-07,1.538,1.535,1.539,1.535,71421700,109788928
2023-09-08,1.538,1.544,1.545,1.537,81614200,125779708
2023-09-11,1.543,1.536,1.544,1.531,124870700,191839268
2023-09-12,1.539,1.541,1.542,1.538,59676800,91894098
2023-09-13,1.532,1.530,1.533,1.528,112691200,172364910
2023-09-14,1.533,1.537,1.538,1.532,89151600,136897242
2023-09-15,1.549,1.548,1.550,1.542,114613100,177250631
2023-09-18,1.528,1.531,1.533,1.528,75470512,115535324
2023-09-19,1.531,1.530,1.533,1.529,64151300,98202785
2023-09-20,1.528,1.528,1.530,1.526,68707600,104991679
2023-09-21,1.512,1.512,1.512,1.507,129265030,195069029
2023-09-22,1.489,1.493,1.493,1.488,138695918,206749980
2023-09-25,1.488,1.490,1.491,1.485,115874600,172555291
2023-09-26,1.489,1.483,1.490,1.483,105065100,156163815
2023-09-27,1.473,1.475,1.476,1.470,218276700,321435784
2023-09-28,1.477,1.471,1.477,1.470,131651200,193887436
2023-10-09,1.472,1.470,1.473,1.466,140412200,206162150
2023-10-10,1.489,1.490,1.490,1.487,86784529,129144761
2023-10-11,1.496,1.499,1.500,1.495,72278900,108209114
2023-10-12,1.507,1.510,1.510,1.507,80813700,121905495
2023-10-13,1.500,1.497,1.500,1.496,85712600,128370545
2023-10-16,1.492,1.496,1.496,1.492,97911200,146295118
2023-10-17,1.506,1.507,1.507,1.504,75192100,113195400
2023-10-18,1.504,1.505,1.508,1.502,112960000,170000655
2023-10-19,1.493,1.485,1.494,1.482,116206600,172581928
2023-10-20,1.471,1.467,1.472,1.465,213749700,313750072
2023-10-23,1.455,1.457,1.457,1.453,179547400,261300294
2023-10-24,1.453,1.455,1.456,1.448,146260300,212426433
2023-10-25,1.458,1.456,1.460,1.455,60533400,88245906
2023-10-26,1.433,1.433,1.435,1.430,144744100,207356604
2023-10-27,1.430,1.433,1.433,1.429,103201700,147787861
2023-10-30,1.426,1.427,1.427,1.422,99498800,141695776
2023-10-31,1.432,1.431,1.433,1.428,96718100,138344813
2023-11-01,1.440,1.446,1.447,1.439,108106400,155904984
2023-11-02,1.462,1.463,1.466,1.461,104611700,153153689
2023-11-03,1.485,1.486,1.487,1.484,81032400,120362178
2023-11-06,1.494,1.494,1.496,1.493,78358800,117057745
2023-11-07,1.492,1.492,1.494,1.490,83850900,125072506
2023-11-08,1.497,1.497,1.499,1.495,63519900,95077602
2023-11-09,1.498,1.505,1.505,1.497,74104000,111264734
2023-11-10,1.495,1.493,1.495,1.490,56700100,84601334
2023-11-13,1.512,1.513,1.514,1.510,95923600,144972120
2023-11-14,1.512,1.518,1.518,1.511,97665000,148105059
2023-11-15,1.543,1.539,1.544,1.537,92693800,142647425
2023-11-16,1.538,1.541,1.542,1.535,106385300,163653862
2023-11-17,1.542,1.540,1.544,1.538,242190900,373296843
2023-11-20,1.532,1.524,1.534,1.523,183039500,279585298
2023-11-21,1.530,1.530,1.533,1.529,52408500,80237750
2023-11-22,1.528,1.528,1.528,1.525,134812400,205787769
2023-11-23,1.534,1.533,1.537,1.531,89212300,136818386
2023-11-24,1.534,1.535,1.536,1.533,43963800,67484102
2023-11-27,1.534,1.534,1.534,1.530,64498300,98798698
2023-11-28,1.533,1.535,1.535,1.533,47147300,72330386
2023-11-29,1.532,1.532,1.533,1.530,52549900,80490523
2023-11-30,1.532,1.531,1.535,1.529,69974100,107205923
2023-12-01,1.535,1.539,1.540,1.535,80256100,123446965
2023-12-04,1.544,1.547,1.548,1.543,94006802,145265024
2023-12-05,1.539,1.534,1.539,1.534,47320400,72759454
2023-12-06,1.545,1.546,1.546,1.544,60986200,94254615
2023-12-07,1.536,1.533,1.539,1.533,67472400,103580225
2023-12-08,1.544,1.545,1.547,1.543,84671547,130842642
2023-12-11,1.557,1.559,1.562,1.556,86883000,135457083
2023-12-12,1.566,1.567,1.570,1.565,128646700,201633245
2023-12-13,1.575,1.576,1.579,1.574,103387800,163077527
2023-12-14,1.594,1.593,1.596,1.591,177381700,282561453
2023-12-15,1.587,1.586,1.589,1.584,135444200,214910818
2023-12-18,1.590,1.593,1.593,1.589,72862800,115947167
2023-12-19,1.598,1.601,1.601,1.597,67975444,108695549
2023-12-20,1.605,1.609,1.610,1.605,111970700,180050612
2023-12-21,1.587,1.588,1.589,1.583,296485547,470164680
2023-12-22,1.598,1.597,1.599,1.594,98522212,157222034
2023-12-25,1.600,1.600,1.602,1.598,38799200,62040307
2023-12-26,1.601,1.605,1.606,1.600,117143796,187859736
2023-12-27,1.608,1.608,1.609,1.605,108797599,174885022
2023-12-28,1.610,1.605,1.610,1.603,113178900,181858431
2023-12-29,1.602,1.603,1.605,1.598,138740000,222283371
2024-01-02,1.600,1.607,1.607,1.600,63547500,101959791
2024-01-03,1.597,1.595,1.600,1.595,108467302,173260596
2024-01-04,1.588,1.589,1.590,1.586,68380900,108630401
2024-01-05,1.586,1.582,1.588,1.582,86617200,137329775
2024-01-08,1.586,1.584,1.587,1.583,93161000,147615543
2024-01-09,1.605,1.611,1.611,1.605,197003700,317031260
2024-01-10,1.611,1.610,1.613,1.609,127746000,205829049
2024-01-11,1.620,1.623,1.623,1.619,136857359,221892302
2024-01-12,1.615,1.616,1.616,1.612,92340800,149069908
2024-01-15,1.619,1.624,1.625,1.618,124020300,201070930
2024-01-16,1.619,1.616,1.620,1.616,85398500,138176678
2024-01-17,1.619,1.609,1.620,1.608,217380778,350979166
2024-01-18,1.609,1.610,1.611,1.605,131901304,212185970
2024-01-19,1.623,1.626,1.628,1.622,210883799,342871913
2024-01-22,1.651,1.652,1.655,1.648,326074800,538244701
2024-01-23,1.651,1.656,1.665,1.645,312412074,516504622
2024-01-24,1.660,1.674,1.688,1.658,248681742,416181248
2024-01-25,1.672,1.666,1.672,1.655,158686000,263800332
2024-01-26,1.665,1.654,1.671,1.653,217741000,361309906
2024-01-29,1.654,1.661,1.662,1.654,96807500,160492883
2024-01-30,1.674,1.681,1.681,1.673,139390100,233778745
2024-01-31,1.670,1.674,1.676,1.666,160287867,267863633
2024-02-01,1.655,1.660,1.662,1.649,166066363,274483266
2024-02-02,1.677,1.688,1.689,1.677,127089167,213788705
2024-02-05,1.702,1.695,1.703,1.683,175680700,297280230
2024-02-06,1.692,1.695,1.699,1.686,130172500,220149046
2024-02-07,1.694,1.701,1.705,1.691,124924500,212010190
2024-02-08,1.715,1.745,1.750,1.715,172530700,298901827
2024-02-19,1.739,1.737,1.741,1.719,97014000,168324183
2024-02-20,1.738,1.731,1.739,1.727,73383300,127020254
2024-02-21,1.720,1.717,1.723,1.712,189057900,324557056
2024-02-22,1.729,1.741,1.742,1.728,93638937,162574149
2024-02-23,1.762,1.766,1.775,1.762,118791000,210113441
2024-02-26,1.764,1.755,1.764,1.752,100377730,176391082
2024-02-27,1.751,1.761,1.764,1.747,147556911,259525661
2024-02-28,1.762,1.783,1.786,1.759,167905800,297610305
2024-02-29,1.777,1.772,1.778,1.765,224755300,397959269
2024-03-01,1.782,1.781,1.789,1.780,158604800,282869633
2024-03-04,1.789,1.794,1.796,1.789,125675300,225420086
2024-03-05,1.784,1.789,1.792,1.781,120073700,214805007
2024-03-06,1.776,1.781,1.784,1.772,170049400,302389889
2024-03-07,1.784,1.776,1.788,1.772,154511791,275174455
2024-03-08,1.791,1.800,1.801,1.791,153365700,275511518
2024-03-11,1.790,1.794,1.794,1.780,148865391,266138060
2024-03-12,1.794,1.788,1.799,1.785,139973700,250544879
2024-03-13,1.800,1.783,1.800,1.780,141673400,253649927
2024-03-14,1.784,1.784,1.784,1.778,75182300,133876895
2024-03-15,1.778,1.775,1.782,1.774,107242800,190751816
2024-03-18,1.773,1.781,1.782,1.764,153579500,272051795
2024-03-19,1.775,1.774,1.780,1.772,117759800,209153468
2024-03-20,1.783,1.790,1.792,1.779,126110900,225248737
2024-03-21,1.801,1.826,1.840,1.800,242357266,440845424
2024-03-22,1.827,1.837,1.852,1.819,235989500,434298642
2024-03-25,1.838,1.825,1.846,1.816,222664200,407909894
2024-03-26,1.826,1.832,1.833,1.821,104561900,191047358
2024-03-27,1.827,1.844,1.848,1.825,128363800,235426261
2024-03-28,1.851,1.868,1.877,1.848,302836800,564050725
2024-03-29,1.868,1.856,1.899,1.852,363338924,683046836
2024-04-01,1.863,1.849,1.886,1.845,199697915,371698861
2024-04-02,1.844,1.842,1.848,1.831,272571100,501474728
2024-04-03,1.830,1.802,1.831,1.797,338055200,612744381
2024-04-08,1.807,1.807,1.811,1.791,221078100,398359495
2024-04-09,1.806,1.813,1.819,1.795,260380018,470570689
2024-04-10,1.815,1.810,1.818,1.800,104237100,188859687
2024-04-11,1.790,1.788,1.793,1.783,167223000,299127628
2024-04-12,1.801,1.802,1.807,1.799,127900159,230452366
2024-04-15,1.776,1.783,1.785,1.771,119873600,213407735
2024-04-16,1.760,1.741,1.760,1.740,216022446,377589234
2024-04-17,1.742,1.734,1.747,1.733,125479200,218425316
2024-04-18,1.725,1.730,1.732,1.723,144333700,249246455
2024-04-19,1.710,1.709,1.710,1.693,202928499,345125581
2024-04-22,1.702,1.716,1.716,1.701,169464232,289500589
2024-04-23,1.722,1.728,1.731,1.719,177976500,306957407
2024-04-24,1.750,1.766,1.768,1.750,186981000,329559684
2024-04-25,1.749,1.739,1.753,1.737,127902977,222962829
2024-04-26,1.754,1.746,1.758,1.745,129061800,225996482
2024-04-29,1.758,1.754,1.760,1.750,100710900,176655255
2024-04-30,1.755,1.758,1.760,1.753,82367500,144685815
2024-05-06,1.758,1.759,1.760,1.753,92098800,161668409
2024-05-07,1.772,1.777,1.781,1.771,114703500,203714230
2024-05-08,1.779,1.784,1.785,1.775,109168400,194404807
2024-05-09,1.786,1.779,1.789,1.779,146630971,261538378
2024-05-10,1.789,1.799,1.800,1.788,87881300,157798275
2024-05-13,1.801,1.807,1.810,1.799,78813900,142362760
2024-05-14,1.801,1.807,1.809,1.797,99186400,178681894
2024-05-15,1.817,1.826,1.827,1.816,109208600,199126588
2024-05-16,1.849,1.850,1.858,1.845,123336500,228477271
2024-05-17,1.844,1.844,1.846,1.840,94209000,173663357
2024-05-20,1.844,1.834,1.850,1.829,186396000,342511523
2024-05-21,1.836,1.835,1.840,1.832,111318700,204337625
2024-05-22,1.840,1.844,1.845,1.837,89798500,165358630
2024-05-23,1.843,1.849,1.853,1.841,133157100,246087391
2024-05-24,1.829,1.818,1.829,1.818,158795300,289723851
2024-05-27,1.829,1.834,1.836,1.828,65435200,119941475
2024-05-28,1.836,1.838,1.841,1.834,57204100,105029202
2024-05-29,1.835,1.829,1.835,1.827,50901100,93167502
2024-05-30,1.807,1.806,1.817,1.805,93037500,168493054
2024-05-31,1.793,1.807,1.808,1.793,82300100,148206180
2024-06-03,1.826,1.835,1.836,1.825,87575300,160339675
2024-06-04,1.835,1.838,1.838,1.827,77500600,142122496
2024-06-05,1.841,1.847,1.848,1.840,59044700,108923787
2024-06-06,1.874,1.873,1.880,1.871,98480000,184513785
2024-06-07,1.870,1.882,1.883,1.870,67820000,127227173
2024-06-11,1.884,1.889,1.897,1.884,98943300,187055379
2024-06-12,1.896,1.892,1.898,1.890,114158300,216208726
2024-06-13,1.908,1.909,1.913,1.906,81867300,156262512
2024-06-14,1.907,1.903,1.909,1.900,104815400,199476777
2024-06-17,1.903,1.893,1.907,1.883,163228800,308484825
2024-06-18,1.906,1.902,1.909,1.899,114927900,218732442
2024-06-19,1.904,1.904,1.907,1.902,63429190,120798663
2024-06-20,1.905,1.921,1.922,1.905,75990900,145252308
2024-06-21,1.907,1.914,1.916,1.900,113332000,216565112
2024-06-24,1.912,1.910,1.913,1.904,62139000,118578073
2024-06-25,1.901,1.907,1.910,1.898,99203400,189011969
2024-06-26,1.920,1.933,1.935,1.914,94185200,181025789
2024-06-27,1.933,1.948,1.950,1.927,146885100,285262029
2024-06-28,1.955,1.971,1.985,1.955,208754900,411417226
2024-07-01,1.965,1.967,1.978,1.958,124545500,245424744
2024-07-02,1.975,1.971,1.987,1.969,140508500,277974283
2024-07-03,1.990,1.999,2.000,1.989,112119400,223767306
2024-07-04,2.018,1.977,2.035,1.968,255654200,512772665
2024-07-05,1.974,1.993,1.996,1.973,133906500,265391096
2024-07-08,2.004,1.999,2.008,1.989,112727500,225055158
2024-07-09,2.001,1.996,2.002,1.993,120707000,240932768
2024-07-10,1.995,1.985,1.996,1.970,131503600,260874591
2024-07-11,1.999,2.004,2.004,1.996,98855100,197745919
2024-07-12,1.984,1.974,1.984,1.945,170779600,335666717
2024-07-15,1.983,2.024,2.025,1.983,197892500,397678548
2024-07-16,2.029,2.028,2.045,2.015,125318500,254176798
2024-07-17,2.039,2.053,2.067,2.038,179922790,369343220
2024-07-18,2.002,2.027,2.032,1.984,174814500,351129421
2024-07-19,2.010,1.979,2.014,1.977,158337000,315386066
2024-07-22,1.955,1.956,1.965,1.950,137712400,269304619
2024-07-23,1.979,1.983,1.992,1.978,108170000,214517304
2024-07-24,1.975,1.968,1.980,1.966,77645200,153084792
2024-07-25,1.912,1.911,1.918,1.900,131102135,250565375
2024-07-26,1.901,1.927,1.929,1.901,92901200,177838478
2024-07-29,1.948,1.972,1.973,1.948,106818991,209239324
2024-07-30,1.963,1.962,1.970,1.947,94417500,184836702
2024-07-31,1.959,1.948,1.962,1.940,226801800,442118228
2024-08-01,1.979,1.972,1.980,1.967,134351800,265159446
2024-08-02,1.928,1.912,1.943,1.908,148630800,285775705
2024-08-05,1.840,1.785,1.840,1.773,333679721,603682558
2024-08-06,1.813,1.804,1.826,1.799,272355000,493594092
2024-08-07,1.807,1.811,1.826,1.803,179087500,325373767
2024-08-08,1.793,1.799,1.802,1.782,106880600,191472370
2024-08-09,1.836,1.835,1.847,1.830,128506801,236124039
2024-08-12,1.842,1.860,1.861,1.841,135184297,250633332
2024-08-13,1.862,1.887,1.891,1.861,117196500,219812695
2024-08-14,1.914,1.922,1.925,1.910,127130500,243992675
2024-08-15,1.936,1.948,1.957,1.930,119846000,233038944
2024-08-16,1.994,1.975,1.996,1.962,195754300,386697068
2024-08-19,1.978,1.942,1.978,1.941,139766900,273725415
2024-08-20,1.968,1.966,1.974,1.962,84258200,165657345
2024-08-21,1.957,1.967,1.969,1.948,68983700,135278774
2024-08-22,1.978,1.971,1.993,1.963,148456600,293437622
2024-08-23,1.950,1.964,1.965,1.948,89442800,174893337
2024-08-26,1.988,1.978,1.993,1.970,85183500,168536095
2024-08-27,1.971,1.978,1.980,1.962,66121400,130475260
2024-08-28,1.982,1.997,2.008,1.975,222779600,443932422
2024-08-29,1.971,1.974,1.981,1.961,138117300,272224371
2024-08-30,1.977,1.978,1.983,1.972,76507300,151214193
2024-09-02,1.990,1.999,2.004,1.990,108754864,217328243
2024-09-03,2.001,1.998,2.011,1.992,105945000,212181623
2024-09-04,1.925,1.919,1.943,1.917,179898500,347089858
2024-09-05,1.933,1.929,1.940,1.923,82536306,159293426
2024-09-06,1.920,1.919,1.925,1.912,88555289,169995694
2024-09-09,1.894,1.905,1.906,1.884,145973700,276656954
2024-09-10,1.920,1.895,1.927,1.894,167885048,320438384
2024-09-11,1.908,1.899,1.910,1.893,79031900,150085077
2024-09-12,1.927,1.931,1.937,1.923,131880891,254485023
2024-09-13,1.944,1.941,1.950,1.939,131096800,254941475
2024-09-18,1.950,1.939,1.954,1.935,91849100,178481808
2024-09-19,1.944,1.965,1.967,1.942,101268600,197650366
2024-09-20,1.986,1.970,1.989,1.967,125652998,248683191
2024-09-23,1.974,1.974,1.979,1.969,67194099,132631408
2024-09-24,1.977,1.960,1.978,1.950,120834198,236781221
2024-09-25,1.951,1.945,1.954,1.938,123928170,241033989
2024-09-26,1.949,1.948,1.955,1.938,165033200,321326369
2024-09-27,1.920,1.919,1.934,1.916,98505800,189629055
2024-09-30,1.893,1.908,1.917,1.881,429525000,816931700
2024-10-08,1.886,1.893,1.914,1.879,352808300,668954192
2024-10-09,1.914,1.925,1.929,1.910,296069000,568195657
2024-10-10,1.943,1.956,1.961,1.943,253020600,493894382
2024-10-11,1.955,1.967,1.970,1.951,173069300,339865272
2024-10-14,1.984,1.988,1.992,1.971,208667600,413857000
2024-10-15,2.005,2.047,2.048,2.005,314485900,638535349
2024-10-16,2.025,2.024,2.034,2.005,232886306,471282771
2024-10-17,2.030,2.045,2.048,2.030,203364500,414747360
2024-10-18,2.036,2.027,2.041,2.015,307781800,624928096
2024-10-21,2.027,2.018,2.036,2.015,204837100,414005126
2024-10-22,2.015,2.006,2.015,2.005,153102300,307483169
2024-10-23,2.006,1.999,2.011,1.998,116231690,232829859
2024-10-24,1.986,1.991,1.992,1.982,164682700,327050735
2024-10-25,1.992,1.991,1.998,1.990,101986600,203282530
2024-10-28,2.000,2.012,2.016,1.998,228146800,457702429
2024-10-29,2.005,2.005,2.009,2.000,134607590,269768058
2024-10-30,2.016,2.020,2.023,2.012,139527500,281485234
2024-10-31,2.008,1.996,2.008,1.995,104813583,209557470
2024-11-01,1.965,1.971,1.977,1.957,167620052,329692566
2024-11-04,1.966,1.963,1.972,1.961,153390500,301514919
2024-11-05,1.960,1.961,1.962,1.953,112493600,220171828
2024-11-06,1.996,2.029,2.030,1.988,333098800,668346837
2024-11-07,2.065,2.045,2.079,2.038,381508000,785647567
2024-11-08,2.047,2.063,2.063,2.047,230907860,474479084
2024-11-11,2.065,2.089,2.091,2.065,193511198,402809887
2024-11-12,2.092,2.113,2.126,2.092,280717000,592152067
2024-11-13,2.109,2.095,2.109,2.090,198780200,416707171
2024-11-14,2.097,2.122,2.131,2.097,326090600,690846954
2024-11-15,2.104,2.088,2.105,2.083,232875300,488041641
2024-11-18,2.067,2.102,2.107,2.067,278981151,582560336
2024-11-19,2.102,2.106,2.121,2.098,255881100,540066146
2024-11-20,2.122,2.112,2.123,2.108,173784200,367150693
2024-11-21,2.105,2.107,2.109,2.096,115629600,243073501
2024-11-22,2.121,2.128,2.134,2.115,224405398,476760461
2024-11-25,2.141,2.177,2.178,2.141,343482400,743479420
2024-11-26,2.181,2.181,2.187,2.143,399596300,865450138
2024-11-27,2.197,2.180,2.236,2.174,509992400,1127500408
2024-11-28,2.173,2.178,2.190,2.160,260102400,565729812
2024-11-29,2.182,2.182,2.188,2.170,214740200,468217485
2024-12-02,2.199,2.199,2.202,2.184,238813400,523979093
2024-12-03,2.210,2.217,2.222,2.207,192134832,425336733
2024-12-04,2.220,2.217,2.221,2.208,157098900,347907504
2024-12-05,2.230,2.233,2.235,2.225,156547734,348941541
2024-12-06,2.228,2.228,2.231,2.210,145895401,324657582
2024-12-09,2.233,2.227,2.233,2.225,136598000,304320476
2024-12-10,2.182,2.207,2.210,2.182,224621100,494108240
2024-12-11,2.200,2.227,2.229,2.199,211690610,469439403
2024-12-12,2.248,2.232,2.250,2.226,211551600,473526910
2024-12-13,2.226,2.244,2.246,2.223,150700268,336943663
2024-12-16,2.244,2.274,2.285,2.241,326766910,741900043
2024-12-17,2.501,2.254,2.501,2.047,465567112,1049725544
2024-12-18,2.248,2.229,2.248,2.220,246928527,550314036
2024-12-19,2.149,2.157,2.195,2.149,302456000,655842108
2024-12-20,2.155,2.144,2.174,2.120,284051866,609192968
2024-12-23,2.176,2.194,2.200,2.176,272591588,596921049
2024-12-24,2.213,2.186,2.217,2.181,199619307,439050636
2024-12-25,2.198,2.197,2.205,2.191,103530107,227341259
2024-12-26,2.199,2.200,2.200,2.185,93046276,204243215
2024-12-27,2.197,2.191,2.199,2.190,82459000,180878807
2024-12-30,2.170,2.165,2.172,2.161,116509621,252314636
2024-12-31,2.151,2.162,2.178,2.143,160341986,346082143
2025-01-02,2.163,2.183,2.185,2.160,157955888,343892662
2025-01-03,2.181,2.170,2.186,2.167,114123700,248381322
2025-01-06,2.188,2.211,2.213,2.188,184899500,406253316
2025-01-07,2.220,2.193,2.238,2.180,300040890,664862836
2025-01-08,2.172,2.190,2.197,2.170,141185076,308438227
2025-01-09,2.193,2.186,2.200,2.184,95548300,209257322
2025-01-10,2.181,2.173,2.198,2.172,135275300,295580973
2025-01-13,2.152,2.139,2.160,2.135,112882600,242217021
2025-01-14,2.152,2.162,2.164,2.146,114990767,247714743
2025-01-15,2.161,2.158,2.167,2.152,74916900,161694815
2025-01-16,2.198,2.193,2.200,2.187,118213000,259124857
2025-01-17,2.189,2.191,2.192,2.177,65620300,143488589
2025-01-20,2.202,2.201,2.207,2.197,96015400,211359301
2025-01-21,2.202,2.200,2.203,2.193,66200890,145588046
2025-01-22,2.212,2.218,2.220,2.209,92738323,205164970
2025-01-23,2.225,2.205,2.228,2.204,125912000,279258164
2025-01-24,2.214,2.214,2.220,2.212,99562100,220647070
2025-01-27,2.200,2.196,2.200,2.165,248410800,542361318
2025-02-05,2.191,2.192,2.195,2.178,89492900,196034692
2025-02-06,2.200,2.198,2.203,2.195,71273500,156722141
2025-02-07,2.198,2.192,2.201,2.187,93473901,204945870
2025-02-10,2.180,2.187,2.188,2.170,101311746,220606595
2025-02-11,2.187,2.183,2.192,2.180,66316900,144937696
2025-02-12,2.183,2.175,2.185,2.170,58402600,127052105
2025-02-13,2.179,2.172,2.179,2.165,75659200,164142548
2025-02-14,2.180,2.173,2.184,2.171,91201700,198616671
2025-02-17,2.172,2.170,2.172,2.160,75700490,163890755
2025-02-18,2.170,2.185,2.189,2.167,69309299,150851653
2025-02-19,2.185,2.176,2.185,2.175,59785392,130322495
2025-02-20,2.180,2.174,2.181,2.173,46470500,101094249
2025-02-21,2.168,2.154,2.168,2.150,121786400,262620382
2025-02-24,2.118,2.125,2.138,2.112,148129500,313781187
2025-02-25,2.110,2.094,2.116,2.092,142263900,298776741
2025-02-26,2.092,2.091,2.092,2.077,166649000,347204187
2025-02-27,2.089,2.084,2.089,2.079,136734410,284837163
2025-02-28,2.050,2.032,2.051,2.028,303834310,619549043
2025-03-03,2.052,2.070,2.071,2.052,227909200,470010561
2025-03-04,2.034,2.031,2.034,2.028,163766800,332659212
2025-03-05,2.015,2.024,2.027,2.011,215123700,434704451
2025-03-06,2.031,2.025,2.034,2.022,122919900,248988491
2025-03-07,2.000,2.001,2.006,1.998,143689214,287561166
2025-03-10,1.998,1.999,2.004,1.995,86861100,173702613
2025-03-11,1.937,1.949,1.949,1.931,229853522,446390669
2025-03-12,1.938,1.938,1.941,1.930,165050326,319446678
2025-03-13,1.944,1.932,1.947,1.927,130085536,251960402
2025-03-14,1.920,1.930,1.931,1.917,195437900,375685735
2025-03-17,1.940,1.929,1.943,1.928,164782900,318907564
2025-03-18,1.938,1.948,1.949,1.938,209332900,406509362
2025-03-19,1.935,1.933,1.935,1.928,81449300,157344155
2025-03-20,1.955,1.981,1.983,1.951,317833400,625048370
2025-03-21,1.979,1.973,1.979,1.962,225609900,444398783
2025-03-24,1.984,1.999,1.999,1.983,250726500,498843424
2025-03-25,2.025,2.017,2.026,2.010,245137082,494670766
2025-03-26,2.028,2.011,2.028,2.008,174617267,351534941
2025-03-27,1.980,1.983,1.986,1.980,162204763,321567798
2025-03-28,1.974,1.963,1.976,1.962,156470500,307933305
2025-03-31,1.910,1.907,1.920,1.906,200172210,382813852
2025-04-01,1.917,1.937,1.939,1.917,224876800,433956103
2025-04-02,1.940,1.937,1.942,1.936,196688820,381332128
2025-04-03,1.903,1.897,1.912,1.895,341612079,649805361
2025-04-07,1.707,1.707,1.725,1.707,565543198,967455000
2025-04-08,1.737,1.776,1.793,1.737,508264722,902064322
2025-04-09,1.707,1.722,1.729,1.695,742004800,1270310189
2025-04-10,1.881,1.886,1.888,1.831,670170000,1258236161
2025-04-11,1.807,1.841,1.849,1.802,620956300,1132299293
2025-04-14,1.864,1.872,1.875,1.857,296373100,552969796
2025-04-15,1.868,1.865,1.869,1.863,151508800,282637848
2025-04-16,1.854,1.842,1.854,1.835,215409400,397627015
2025-04-17,1.831,1.835,1.840,1.826,263281400,482965469
2025-04-18,1.826,1.829,1.832,1.823,92876400,169737482
2025-04-21,1.811,1.806,1.815,1.804,184173400,333078425
2025-04-22,1.792,1.803,1.804,1.787,220236800,394712388
2025-04-23,1.846,1.855,1.858,1.842,528281800,976671444
2025-04-24,1.855,1.846,1.859,1.846,313739600,580635067
2025-04-25,1.891,1.895,1.898,1.889,377617500,714619713
2025-04-28,1.892,1.901,1.902,1.889,232921200,440889329
2025-04-29,1.903,1.897,1.907,1.895,213983100,406460194
2025-04-30,1.903,1.900,1.903,1.897,169831410,322624589
2025-05-06,1.922,1.918,1.927,1.915,198892000,381842614
2025-05-07,1.920,1.922,1.925,1.919,131077330,251884332
2025-05-08,1.931,1.940,1.942,1.930,239835800,464530057
2025-05-09,1.940,1.942,1.944,1.937,153470945,297822421
2025-05-12,1.964,1.963,1.966,1.957,237222500,465200929
2025-05-13,1.987,1.977,1.987,1.977,274363798,543744972
2025-05-14,1.998,2.013,2.013,1.998,262804824,527519450
2025-05-15,2.007,1.999,2.007,1.998,174877626,350126886
2025-05-16,2.007,2.012,2.014,2.007,126202500,253887950
2025-05-19,2.009,2.006,2.015,2.006,208689112,419552696
2025-05-20,2.026,2.025,2.032,2.024,162698700,329917246
2025-05-21,2.019,2.010,2.021,2.009,149748150,301800188
2025-05-22,1.989,1.989,1.994,1.985,254522902,506324576
2025-05-23,1.987,1.986,1.993,1.983,156113800,310360084
2025-05-26,1.985,1.991,1.992,1.983,119359700,237213052
2025-05-27,1.990,1.997,1.997,1.987,101154800,201499546
2025-05-28,2.015,2.012,2.017,2.011,157452300,317073426
2025-05-29,2.032,2.032,2.036,2.031,258965800,526612025
2025-05-30,2.001,2.004,2.009,1.999,260574400,522435890
2025-06-03,2.013,2.010,2.016,2.009,137141009,275982174
2025-06-04,2.026,2.029,2.030,2.023,121057900,245333025
2025-06-05,2.025,2.025,2.027,2.023,152479200,308752909
2025-06-06,2.018,2.024,2.025,2.016,85033500,171815580
2025-06-09,2.032,2.035,2.036,2.031,96382300,195963652
2025-06-10,2.042,2.036,2.047,2.033,149392600,304991763
2025-06-11,2.044,2.046,2.046,2.042,104170400,212936476
2025-06-12,2.040,2.040,2.042,2.036,110090200,224477655
2025-06-13,2.020,2.023,2.025,2.011,222111000,448583843
2025-06-16,2.029,2.038,2.038,2.028,114482200,232755129
2025-06-17,2.039,2.038,2.043,2.036,120070700,244912091
2025-06-18,2.033,2.035,2.039,2.032,108906700,221672420
2025-06-19,2.028,2.025,2.030,2.022,158390100,320773947
2025-06-20,2.023,2.027,2.030,2.019,95638900,193698039
2025-06-23,2.015,2.025,2.027,2.014,90697100,183385729
2025-06-24,2.051,2.061,2.062,2.048,204586000,420011976
2025-06-25,2.062,2.065,2.066,2.059,171925705,354755895
2025-06-26,2.063,2.071,2.072,2.061,154259800,318743666
2025-06-27,2.080,2.091,2.093,2.080,272412499,568793085
2025-06-30,2.102,2.102,2.104,2.096,162242600,340760803
2025-07-01,2.102,2.096,2.104,2.095,127513700,267681078
2025-07-02,2.098,2.110,2.111,2.098,139160800,292831012
2025-07-03,2.114,2.114,2.115,2.109,125442300,264905090
2025-07-04,2.125,2.125,2.132,2.122,232559100,494655928
2025-07-07,2.121,2.121,2.127,2.118,157903500,335143449
2025-07-08,2.114,2.121,2.121,2.112,154276279,326431335
2025-07-09,2.118,2.113,2.118,2.112,127714100,269935967
2025-07-10,2.119,2.121,2.128,2.119,189299700,402102400
2025-07-11,2.124,2.124,2.126,2.122,139023800,295298380
2025-07-14,2.115,2.107,2.116,2.107,268767200,567341891
2025-07-15,2.118,2.131,2.131,2.117,178170600,378798895
2025-07-16,2.117,2.115,2.119,2.114,153931600,325773543
2025-07-17,2.123,2.131,2.135,2.123,225125400,478820205
2025-07-18,2.141,2.143,2.146,2.141,103117100,221116721
2025-07-21,2.142,2.140,2.142,2.137,149109971,318907452
2025-07-22,2.138,2.136,2.141,2.135,133690000,285823611
2025-07-23,2.137,2.144,2.144,2.137,125731400,269212290
2025-07-24,2.155,2.153,2.156,2.152,130824599,281799074
2025-07-25,2.157,2.164,2.167,2.156,135597988,293261577
2025-07-28,2.176,2.185,2.187,2.176,182500700,398525387
2025-07-29,2.183,2.184,2.185,2.173,160962000,350776379
2025-07-30,2.175,2.180,2.181,2.174,97419200,212245186
2025-07-31,2.196,2.202,2.203,2.188,144408002,317259941
2025-08-01,2.170,2.172,2.183,2.169,179138200,389956010
2025-08-04,2.148,2.148,2.158,2.137,294003780,631886592
2025-08-05,2.171,2.187,2.187,2.171,174322540,379750388
2025-08-06,2.167,2.174,2.175,2.166,189791207,411725936
2025-08-07,2.185,2.174,2.190,2.173,135470700,295467872
2025-08-08,2.176,2.174,2.181,2.169,98857099,215020382
2025-08-11,2.185,2.192,2.194,2.185,147085898,322205083
2025-08-12,2.188,2.187,2.191,2.183,101130100,221215835
2025-08-13,2.202,2.204,2.207,2.202,83020590,183018098
2025-08-14,2.207,2.203,2.209,2.201,91324800,201366577
2025-08-15,2.208,2.217,2.218,2.205,92301314,204050352
2025-08-18,2.209,2.203,2.211,2.201,145710700,321469548
2025-08-19,2.202,2.197,2.203,2.192,103503700,227386808
2025-08-20,2.182,2.185,2.194,2.178,220080700,480671460
2025-08-21,2.177,2.183,2.194,2.177,190726145,416738825
2025-08-22,2.179,2.170,2.180,2.169,185013600,402171439
2025-08-25,2.197,2.200,2.203,2.194,309122200,679463343
2025-08-26,2.190,2.191,2.193,2.188,83675300,183275193
2025-08-27,2.200,2.206,2.207,2.198,108136300,238003767
2025-08-28,2.201,2.194,2.203,2.192,153802900,337939087
2025-08-29,2.196,2.195,2.201,2.194,91278925,200542341
2025-09-01,2.193,2.185,2.193,2.180,119155500,260374423
2025-09-02,2.185,2.187,2.188,2.182,79973500,174775783
2025-09-03,2.177,2.177,2.180,2.173,106030100,230688514
2025-09-04,2.187,2.189,2.192,2.185,86927500,190254702
2025-09-05,2.210,2.204,2.219,2.203,129675100,285989781
2025-09-08,2.195,2.195,2.197,2.191,95184400,208836035
2025-09-09,2.197,2.198,2.200,2.194,135163810,296827810
2025-09-10,2.202,2.207,2.208,2.202,101654399,224235307
2025-09-11,2.210,2.210,2.211,2.206,106329500,234839312
2025-09-12,2.221,2.222,2.224,2.220,113353451,251905102
2025-09-15,2.223,2.229,2.230,2.222,99988600,222659030
2025-09-16,2.234,2.238,2.239,2.233,123416000,276028433
2025-09-17,2.235,2.230,2.235,2.227,92267000,205754218
2025-09-18,2.231,2.241,2.243,2.231,140503200,314534944
2025-09-19,2.249,2.252,2.254,2.244,184722655,415538204
2025-09-22,2.258,2.269,2.271,2.258,181888600,412369338
2025-09-23,2.283,2.288,2.291,2.282,136479331,311952891
2025-09-24,2.275,2.280,2.280,2.267,138515200,314996646
2025-09-25,2.277,2.270,2.278,2.267,104331200,237136548
2025-09-26,2.264,2.265,2.266,2.256,95678500,216391365
2025-09-29,2.275,2.281,2.282,2.275,111730969,254634215
2025-09-30,2.286,2.284,2.287,2.280,135141300,308672332
2025-10-09,2.304,2.322,2.330,2.304,218795492,506846872
2025-10-10,2.321,2.329,2.333,2.318,156753400,364530745
2025-10-13,2.284,2.294,2.318,2.275,548260983,1254096297
2025-10-14,2.306,2.263,2.320,2.254,340470344,779169082
2025-10-15,2.278,2.289,2.290,2.273,138186855,315208496
2025-10-16,2.289,2.285,2.289,2.275,272640200,621936028
2025-10-17,2.269,2.263,2.280,2.261,226690731,515010125
2025-10-20,2.293,2.321,2.323,2.285,250999912,579052814
2025-10-21,2.342,2.326,2.349,2.313,273763400,638265666
2025-10-22,2.325,2.348,2.351,2.320,177566595,414709461
2025-10-23,2.348,2.352,2.359,2.333,197401569,463589988
2025-10-24,2.367,2.360,2.371,2.352,205090700,483874231
2025-10-27,2.383,2.415,2.418,2.381,254613300,611188346
2025-10-28,2.433,2.421,2.457,2.412,214690120,521970120
2025-10-29,2.435,2.468,2.469,2.430,207564776,508267427
2025-10-30,2.469,2.473,2.504,2.449,350301405,868002797
2025-10-31,2.470,2.454,2.479,2.439,209027590,513387221
2025-11-03,2.454,2.479,2.490,2.454,228102821,565683027
2025-11-04,2.479,2.415,2.479,2.407,234053300,571021789
2025-11-05,2.376,2.388,2.389,2.336,266447300,630792576
2025-11-06,2.400,2.389,2.412,2.385,245536200,589224875
2025-11-07,2.365,2.384,2.399,2.360,194988763,464112012
2025-11-10,2.405,2.424,2.436,2.403,203283100,491738955
2025-11-11,2.451,2.430,2.457,2.413,189539400,461648515
2025-11-12,2.434,2.463,2.464,2.434,204066779,499866109
2025-11-13,2.468,2.488,2.490,2.466,179179065,444674646
2025-11-14,2.447,2.448,2.466,2.441,201330860,493740532
2025-11-17,2.460,2.454,2.488,2.449,210262012,518388874
2025-11-18,2.440,2.399,2.440,2.390,195377119,471412670
2025-11-19,2.388,2.359,2.405,2.317,408081200,963669934
2025-11-20,2.399,2.413,2.417,2.396,193338024,464943581
2025-11-21,2.366,2.355,2.370,2.334,284316700,667176470
2025-11-24,2.382,2.390,2.396,2.359,257587790,611843089
2025-11-25,2.435,2.404,2.435,2.395,215081250,520332369
2025-11-26,2.424,2.447,2.449,2.420,224096226,545226576
2025-11-27,2.460,2.433,2.470,2.430,133025508,326656180
2025-11-28,2.441,2.463,2.467,2.438,175963610,431107474
2025-12-01,2.462,2.460,2.475,2.443,234086412,576541307
2025-12-02,2.459,2.460,2.468,2.454,122592256,301511235
2025-12-03,2.468,2.469,2.480,2.466,187744916,463889674
2025-12-04,2.474,2.461,2.476,2.456,176766200,435409336
2025-12-05,2.464,2.451,2.466,2.445,260521600,638904446
2025-12-08,2.451,2.444,2.452,2.439,143226700,350060356
2025-12-09,2.440,2.420,2.440,2.416,117252907,283732690
2025-12-10,2.420,2.443,2.447,2.420,161349985,393017950
2025-12-11,2.449,2.432,2.460,2.429,153818309,375690745
2025-12-12,2.450,2.453,2.461,2.441,147131038,360817935
2025-12-15,2.437,2.447,2.448,2.429,135379700,330201296
2025-12-16,2.429,2.420,2.438,2.411,123340938,298956198
2025-12-17,2.421,2.435,2.442,2.420,134127782,325954115
2025-12-18,2.412,2.426,2.428,2.410,116228591,281527361
2025-12-19,2.439,2.451,2.456,2.439,151540209,370941332
2025-12-22,2.470,2.456,2.471,2.455,191487300,471557552
2025-12-23,2.463,2.447,2.465,2.444,132927845,326302453
2025-12-24,2.456,2.455,2.459,2.448,111799500,274331495
2025-12-25,2.456,2.458,2.464,2.455,111414700,274121507
2025-12-26,2.461,2.461,2.464,2.453,81791531,201181275
2025-12-29,2.461,2.447,2.465,2.440,113945000,278960675
2025-12-30,2.444,2.439,2.451,2.426,106496600,259660252
2025-12-31,2.436,2.432,2.437,2.426,65588598,159366671
2026-01-05,2.437,2.468,2.469,2.435,133276454,327515740
2026-01-06,2.470,2.467,2.472,2.455,109696813,270270708
2026-01-07,2.470,2.465,2.477,2.462,100302685,247803068
2026-01-08,2.465,2.458,2.465,2.455,60872600,149608354
2026-01-09,2.458,2.460,2.460,2.451,72480073,178078830
2026-01-12,2.460,2.458,2.468,2.446,121319625,298222237
2026-01-13,2.458,2.460,2.461,2.454,104558220,256912010
2026-01-14,2.460,2.452,2.460,2.450,82280568,201788696
2026-01-15,2.440,2.445,2.447,2.434,90969300,221936222
2026-01-16,2.445,2.455,2.456,2.439,84031604,205389208
2026-01-19,2.446,2.441,2.452,2.435,89226600,217940965
2026-01-20,2.440,2.432,2.440,2.430,71874912,174895441
2026-01-21,2.410,2.427,2.437,2.408,146331508,354995055
2026-01-22,2.439,2.459,2.460,2.439,98656836,241793589
2026-01-23,2.463,2.434,2.468,2.431,235476000,575366469
2026-01-26,2.433,2.412,2.433,2.410,114789070,277478262
2026-01-27,2.422,2.424,2.429,2.420,73677518,178696105
2026-01-28,2.432,2.433,2.438,2.426,88987613,216431230
2026-01-29,2.432,2.425,2.437,2.411,86967016,210615271
2026-01-30,2.423,2.439,2.439,2.415,160927374,390528595
2026-02-02,2.435,2.364,2.435,2.358,244996900,585376559
2026-02-03,2.399,2.375,2.405,2.368,245208600,583504312
2026-02-04,2.355,2.375,2.380,2.344,108231613,256084005
2026-02-05,2.369,2.368,2.372,2.352,84309087,199129865
2026-02-06,2.340,2.326,2.348,2.324,165429800,386590793
2026-02-09,2.371,2.383,2.384,2.353,189499876,448827819
2026-02-10,2.384,2.394,2.399,2.378,83906400,200550816
2026-02-11,2.395,2.395,2.397,2.384,57500726,137614929
2026-02-12,2.393,2.389,2.400,2.385,87267700,208980467
2026-02-13,2.363,2.382,2.383,2.360,79642300,189134457
2026-02-24,2.381,2.385,2.391,2.362,94407520,224565635
2026-02-25,2.393,2.382,2.407,2.378,99451600,237869422
2026-02-26,2.391,2.384,2.394,2.379,72344401,172427157
2026-02-27,2.381,2.387,2.391,2.367,67473524,160348302
2026-03-02,2.375,2.358,2.379,2.356,120299511,284646607
2026-03-03,2.360,2.367,2.369,2.359,93460900,220839405
2026-03-04,2.355,2.338,2.355,2.338,85484192,200477593
2026-03-05,2.350,2.361,2.364,2.350,128753920,303551956
2026-03-06,2.358,2.350,2.358,2.335,103913200,243510294
2026-03-09,2.306,2.294,2.310,2.280,144454242,331334253
2026-03-10,2.320,2.311,2.325,2.302,123406235,285001492
2026-03-11,2.312,2.313,2.317,2.309,70604773,163223058
2026-03-12,2.304,2.318,2.327,2.300,105692347,244563895
2026-03-13,2.307,2.286,2.307,2.280,129937500,297833618
2026-03-16,2.284,2.279,2.285,2.270,134641939,306552733
2026-03-17,2.286,2.283,2.294,2.279,99019057,226386446
2026-03-18,2.292,2.284,2.296,2.281,128937944,294979066
2026-03-19,2.259,2.259,2.271,2.255,109260500,247382597
2026-03-20,2.258,2.244,2.270,2.242,103648300,234074387
2026-03-23,2.225,2.149,2.225,2.130,302526472,655501492
2026-03-24,2.171,2.190,2.195,2.161,231915950,503666036
2026-03-25,2.199,2.213,2.236,2.199,227394034,504334465
2026-03-26,2.222,2.219,2.230,2.215,92178029,204841595
2026-03-27,2.190,2.209,2.218,2.182,102602655,225904762
2026-03-30,2.159,2.171,2.180,2.156,186220288,403404287
2026-03-31,2.168,2.164,2.192,2.160,122851628,266858623
2026-04-01,2.217,2.238,2.244,2.203,190597688,423326447
2026-04-02,2.241,2.206,2.241,2.186,156582791,346060998
2026-04-03,2.223,2.206,2.227,2.205,85930550,190245000
2026-04-07,2.209,2.207,2.222,2.206,115843610,256235833
2026-04-08,2.261,2.290,2.292,2.257,197305108,448561585
2026-04-09,2.264,2.275,2.289,2.260,117298300,267149970
2026-04-10,2.300,2.294,2.312,2.290,100799362,231876381
2026-04-13,2.280,2.281,2.290,2.272,100511900,229069452
2026-04-14,2.314,2.313,2.319,2.305,121848334,281563920
2026-04-15,2.334,2.337,2.352,2.330,136340826,318993288
2026-04-16,2.362,2.365,2.366,2.357,144498700,341136313
2026-04-17,2.365,2.361,2.366,2.354,134805404,318013156
2026-04-20,2.372,2.360,2.376,2.358,130451400,308732215
2026-04-21,2.370,2.370,2.370,2.355,88868400,209948363
2026-04-22,2.369,2.373,2.377,2.358,95065056,224895473
2026-04-23,2.378,2.369,2.384,2.365,117981700,279918380
2026-04-24,2.370,2.366,2.372,2.362,65112400,154091129
2026-04-27,2.383,2.384,2.385,2.373,121304743,288834952
2026-04-28,2.385,2.407,2.410,2.384,141857224,340428341
2026-04-29,2.400,2.411,2.432,2.395,134828150,325480773
2026-04-30,2.420,2.419,2.431,2.411,104130817,251959868
2026-05-06,2.455,2.454,2.463,2.448,165096768,404804617
2026-05-07,2.469,2.482,2.483,2.469,150224313,372240031
2026-05-08,2.479,2.483,2.484,2.450,123838358,306273810
2026-05-11,2.493,2.492,2.497,2.483,160548958,399511372
2026-05-12,2.491,2.477,2.491,2.476,117756998,292344100
2026-05-13,2.475,2.488,2.489,2.469,104232912,258669507
2026-05-14,2.499,2.489,2.507,2.486,114681011,285769004
2026-05-15,2.491,2.480,2.505,2.473,181100436,450878665
2026-05-18,2.440,2.440,2.456,2.433,196760839,480784780
2026-05-19,2.441,2.440,2.452,2.432,116510400,284376955
2026-05-20,2.427,2.432,2.439,2.417,129522580,314089872
2026-05-21,2.454,2.452,2.469,2.448,149190406,366944675
2026-05-22,2.465,2.485,2.490,2.465,170167200,422074238
2026-05-25,2.531,2.546,2.548,2.515,296329772,749639938
2026-05-26,2.546,2.529,2.560,2.525,145797000,370062377
2026-05-27,2.545,2.541,2.552,2.535,119064100,302954030
2026-05-28,2.547,2.524,2.548,2.503,185024200,466739421
2026-05-29,2.537,2.557,2.558,2.536,164660600,419622616
2026-06-01,2.562,2.625,2.630,2.562,275565066,717273487
2026-06-02,2.636,2.611,2.671,2.591,366445234,962948706
2026-06-03,2.623,2.602,2.634,2.593,164112090,428875903
2026-06-04,2.564,2.566,2.575,2.555,142835940,366198544
2026-06-05,2.569,2.568,2.588,2.561,177183503,456557101
2026-06-08,2.499,2.515,2.525,2.490,225261900,565643202
2026-06-09,2.522,2.552,2.554,2.522,162088688,411308249
2026-06-10,2.522,2.515,2.540,2.501,140670498,353349269
2026-06-11,2.482,2.498,2.503,2.451,182908306,453590999
2026-06-12,2.550,2.515,2.558,2.512,156436758,396814492
2026-06-15,2.555,2.574,2.575,2.554,204362456,524742744
2026-06-16,2.581,2.586,2.596,2.576,181549010,469277694
2026-06-17,2.581,2.578,2.584,2.571,129394100,333463238
2026-06-18,2.570,2.564,2.570,2.557,142688490,365584594
2026-06-22,2.569,2.565,2.580,2.549,140705010,361067592
2026-06-23,2.540,2.505,2.552,2.496,173987199,438937236
2026-06-24,2.501,2.523,2.534,2.486,168622596,422403058
2026-06-25,2.528,2.518,2.535,2.506,137545501,346327740
2026-06-26,2.500,2.482,2.508,2.461,158690484,393775432
2026-06-29,2.492,2.478,2.498,2.469,232515022,576619649
2026-06-30,2.496,2.483,2.500,2.473,247896996,615749444
2026-07-01,2.498,2.491,2.500,2.486,135113990,336503742
2026-07-02,2.490,2.483,2.502,2.480,142586710,355300454
2026-07-03,2.490,2.503,2.509,2.488,151351130,378185082
2026-07-06,2.507,2.511,2.512,2.496,110843300,277461481
2026-07-07,2.520,2.528,2.529,2.511,153033000,385423570
2026-07-08,2.528,2.503,2.528,2.502,114288900,287046949
2026-07-09,2.497,2.515,2.515,2.497,85705856,214853918
2026-07-10,2.525,2.527,2.530,2.521,122934756,310549419
2026-07-13,2.531,2.522,2.533,2.514,100382705,253261834
2026-07-14,2.510,2.540,2.544,2.504,189197870,477852921
2026-07-15,2.543,2.564,2.566,2.542,167861701,428732483
2026-07-16,2.564,2.577,2.579,2.557,131842300,339076631
2026-07-17,2.548,2.503,2.554,2.500,193023850,487860147
2026-07-20,2.503,2.498,2.522,2.491,135175597,339174396
2026-07-21,2.507,2.526,2.543,2.503,210909200,532903263
2026-07-22,2.538,2.523,2.551,2.514,150388984,380796049
2026-07-23,2.532,2.524,2.533,2.515,127549000,321842733
2026-07-24,2.500,2.506,2.519,2.496,103375200,259097932
2026-07-27,2.508,2.520,2.521,2.504,114222278,287055184
2026-07-28,2.499,2.484,2.503,2.482,144912200,360890154
2026-07-29,2.495,2.511,2.511,2.486,104201500,260550713
2026-07-30,2.490,2.479,2.493,2.473,121102700,300210022
2026-07-31,2.522,2.509,2.523,2.506,154193996,387383537
2026-08-03,2.522,2.533,2.535,2.513,159549617,402746735
2026-08-04,2.563,2.582,2.583,2.562,193429287,497432590
2026-08-05,2.632,2.669,2.671,2.631,323425377,858003234
2026-08-06,2.658,2.690,2.696,2.618,302890848,809923730
2026-08-07,2.682,2.695,2.699,2.675,174322074,468173714
2026-08-10,2.695,2.696,2.719,2.695,186614577,505309481
2026-08-11,2.693,2.716,2.722,2.679,251716311,681583564
2026-08-12,2.705,2.698,2.716,2.681,193234616,520993237
2026-08-13,2.701,2.711,2.738,2.700,147222408,400244073
2026-08-14,2.738,2.778,2.778,2.734,254609025,701615727
2026-08-17,2.778,2.748,2.778,2.732,248673765,682766736
2026-08-18,2.720,2.688,2.721,2.672,209231980,562192950
2026-08-19,2.654,2.642,2.654,2.630,178047300,469993920
2026-08-20,2.665,2.675,2.686,2.662,121162551,324010588
2026-08-21,2.640,2.672,2.680,2.637,85860500,228746612
2026-08-24,2.683,2.672,2.695,2.672,105622880,283014642
2026-08-25,2.668,2.695,2.699,2.658,100577569,270319333
2026-08-26,2.695,2.708,2.720,2.691,102553883,278160896
2026-08-27,2.730,2.708,2.733,2.708,82412900,224475812
2026-08-28,2.714,2.722,2.732,2.714,68919190,187382303
2026-08-31,2.703,2.712,2.721,2.686,133082432,359921145
2026-09-01,2.710,2.716,2.724,2.702,109556347,297502743
2026-09-02,2.679,2.644,2.681,2.642,226667568,602193758
2026-09-03,2.654,2.660,2.665,2.650,121748804,323518576
2026-09-04,2.684,2.698,2.706,2.684,88934178,239315097
2026-09-07,2.693,2.692,2.701,2.687,73565975,197913546
2026-09-08,2.690,2.681,2.700,2.677,70330500,189057641
2026-09-09,2.678,2.682,2.686,2.668,53786894,144082338
2026-09-10,2.670,2.676,2.677,2.669,46144079,123325153
2026-09-11,2.660,2.661,2.667,2.651,69933300,185911741
2026-09-14,2.664,2.656,2.664,2.651,51718100,137566759
2026-09-15,2.658,2.640,2.663,2.639,84291900,223574140
2026-09-16,2.641,2.660,2.664,2.638,73976126,196047980
2026-09-17,2.660,2.658,2.660,2.643,73111400,193886633
2026-09-18,2.679,2.685,2.708,2.678,118571768,319025711
2026-09-21,2.694,2.688,2.723,2.688,118412216,320353422
2026-09-22,2.735,2.727,2.742,2.722,193996011,530084452
2026-09-23,2.725,2.723,2.726,2.714,63945100,173879782
2026-09-24,2.700,2.684,2.709,2.681,105896942,285441535
2026-09-28,2.698,2.684,2.704,2.680,88119800,237194081
2026-09-29,2.679,2.690,2.691,2.658,78124172,208878090
2026-09-30,2.687,2.688,2.711,2.686,99495124,268249988
