date,open,high,low,close,volume,turnover
2016-06-01,2.583,2.579,2.590,2.577,93262967,241001569
2016-06-02,2.572,2.581,2.582,2.570,60755881,156530819
2016-06-03,2.572,2.574,2.575,2.570,58239000,149767188
2016-06-06,2.625,2.621,2.629,2.618,138563896,363242251
2016-06-07,2.626,2.625,2.630,2.622,69357474,182178360
2016-06-08,2.629,2.646,2.646,2.627,78811227,207896250
2016-06-13,2.693,2.724,2.729,2.693,231403741,626773548
2016-06-14,2.722,2.717,2.725,2.710,130261994,354141925
2016-06-15,2.727,2.730,2.735,2.722,106851852,291452880
2016-06-16,2.750,2.777,2.785,2.745,130987818,361593421
2016-06-17,2.718,2.715,2.730,2.711,167567175,455545346
2016-06-20,2.720,2.717,2.724,2.711,74261449,201853519
2016-06-21,2.721,2.712,2.724,2.708,82937779,225474935
2016-06-22,2.693,2.675,2.694,2.670,67045402,179865129
2016-06-23,2.675,2.681,2.690,2.672,107597176,288220270
2016-06-24,2.703,2.805,2.946,2.686,456008754,1267108605
2016-06-27,2.827,2.828,2.835,2.823,126749246,358457614
2016-06-28,2.828,2.817,2.828,2.814,94415501,266386699
2016-06-29,2.820,2.830,2.832,2.819,106775100,301905713
2016-06-30,2.822,2.818,2.824,2.813,118471382,333898485
2016-07-01,2.839,2.858,2.867,2.839,198857568,567387960
2016-07-04,2.904,2.899,2.917,2.884,208950149,605771544
2016-07-05,2.900,2.890,2.902,2.871,104610561,301901606
2016-07-06,2.946,2.947,2.960,2.940,186661905,550636974
2016-07-07,2.946,2.936,2.958,2.934,142208649,419033142
2016-07-08,2.911,2.916,2.926,2.911,131755846,384469471
2016-07-11,2.945,2.942,2.963,2.933,243961465,719447210
2016-07-12,2.928,2.919,2.929,2.915,117135921,342195844
2016-07-13,2.863,2.892,2.893,2.860,121228397,348273631
2016-07-14,2.900,2.872,2.900,2.870,104660300,301490189
2016-07-15,2.866,2.875,2.876,2.859,120689688,346107008
2016-07-18,2.864,2.865,2.874,2.857,121951800,349494411
2016-07-19,2.867,2.870,2.876,2.861,97810935,280757653
2016-07-20,2.870,2.858,2.877,2.857,124887910,358171415
2016-07-21,2.826,2.830,2.833,2.822,107163010,303038308
2016-07-22,2.857,2.844,2.857,2.840,125548637,357518701
2016-07-25,2.826,2.830,2.835,2.821,80434574,227627657
2016-07-26,2.838,2.834,2.840,2.827,70764056,200526737
2016-07-27,2.832,2.836,2.838,2.827,95361300,270159821
2016-07-28,2.873,2.876,2.878,2.862,134634566,386652589
2016-07-29,2.871,2.859,2.872,2.855,73268508,209971247
2016-08-01,2.881,2.877,2.887,2.876,95500300,275225034
2016-08-02,2.884,2.895,2.895,2.879,68389829,197365683
2016-08-03,2.907,2.912,2.916,2.905,124978552,363583722
2016-08-04,2.896,2.881,2.901,2.880,138204300,399537657
2016-08-05,2.902,2.918,2.919,2.902,146666029,426838822
2016-08-08,2.869,2.857,2.870,2.852,129258300,370128728
2016-08-09,2.859,2.855,2.863,2.853,68438400,195635110
2016-08-10,2.876,2.896,2.899,2.876,124349025,358862349
2016-08-11,2.872,2.871,2.875,2.868,70512600,202446406
2016-08-12,2.866,2.870,2.871,2.865,56492625,162024012
2016-08-15,2.864,2.864,2.865,2.857,89518075,256125813
2016-08-16,2.868,2.875,2.880,2.865,112115396,321995156
2016-08-17,2.870,2.861,2.870,2.859,83937800,240412116
2016-08-18,2.881,2.876,2.886,2.874,120309846,346747072
2016-08-19,2.872,2.877,2.885,2.869,73955786,212757477
2016-08-22,2.859,2.855,2.861,2.853,78312584,223802355
2016-08-23,2.861,2.860,2.862,2.855,65806964,188132732
2016-08-24,2.860,2.861,2.863,2.860,45565560,130383274
2016-08-25,2.835,2.837,2.841,2.833,76289893,216419473
2016-08-26,2.831,2.841,2.842,2.831,60493406,171650706
2016-08-29,2.830,2.830,2.833,2.827,52924300,149776841
2016-08-30,2.841,2.836,2.846,2.835,76029129,216076606
2016-08-31,2.829,2.823,2.831,2.822,129435900,366014611
2016-09-01,2.819,2.815,2.823,2.814,77310338,217959982
2016-09-02,2.822,2.821,2.828,2.817,137341800,387901799
2016-09-05,2.843,2.851,2.852,2.843,131857900,375182321
2016-09-06,2.850,2.852,2.854,2.849,75961299,216590831
2016-09-07,2.889,2.891,2.899,2.888,149852275,433559188
2016-09-08,2.884,2.889,2.890,2.883,57854534,166924255
2016-09-09,2.874,2.872,2.877,2.870,59368600,170630736
2016-09-12,2.855,2.852,2.855,2.846,203518902,579846001
2016-09-13,2.855,2.857,2.863,2.854,91280100,260887210
2016-09-14,2.835,2.843,2.845,2.831,87606100,248483362
2016-09-19,2.826,2.826,2.831,2.822,134765800,380846464
2016-09-20,2.828,2.831,2.833,2.827,55211200,156279543
2016-09-21,2.831,2.838,2.841,2.827,115994300,328523252
2016-09-22,2.860,2.859,2.863,2.855,127406600,364224504
2016-09-23,2.866,2.862,2.867,2.861,86501201,247776040
2016-09-26,2.869,2.863,2.870,2.859,116406300,333323069
2016-09-27,2.870,2.858,2.871,2.857,118447515,338982804
2016-09-28,2.841,2.837,2.844,2.836,121164737,344117118
2016-09-29,2.840,2.832,2.843,2.832,88786384,252071276
2016-09-30,2.838,2.843,2.844,2.834,103079837,292685841
2016-10-10,2.729,2.737,2.739,2.720,336163563,918397652
2016-10-11,2.729,2.731,2.733,2.724,140294663,382668514
2016-10-12,2.727,2.725,2.730,2.724,81963400,223540144
2016-10-13,2.726,2.734,2.738,2.726,134422200,367374166
2016-10-14,2.731,2.724,2.734,2.722,92203426,251442176
2016-10-17,2.722,2.734,2.735,2.722,145611042,397392669
2016-10-18,2.737,2.740,2.745,2.734,141136790,386439171
2016-10-19,2.744,2.740,2.746,2.739,110565627,303282832
2016-10-20,2.757,2.761,2.766,2.756,111395651,307674367
2016-10-21,2.754,2.751,2.756,2.749,128181400,352786799
2016-10-24,2.756,2.760,2.764,2.755,176317660,486304045
2016-10-25,2.762,2.770,2.773,2.762,218486639,604559810
2016-10-26,2.784,2.783,2.791,2.782,141044852,393034899
2016-10-27,2.770,2.772,2.775,2.768,132065500,366068200
2016-10-28,2.778,2.775,2.783,2.772,121080200,336449077
2016-10-31,2.787,2.788,2.795,2.786,194485200,542831802
2016-11-01,2.793,2.799,2.803,2.791,180300938,504182519
2016-11-02,2.818,2.824,2.825,2.813,226306100,637679784
2016-11-03,2.833,2.823,2.833,2.819,345698715,977183985
2016-11-04,2.829,2.804,2.832,2.800,303960000,855723426
2016-11-07,2.806,2.792,2.810,2.785,296698000,828752787
2016-11-08,2.778,2.798,2.798,2.778,367000298,1023441385
2016-11-09,2.786,2.865,2.890,2.785,936780927,2664597885
2016-11-10,2.799,2.813,2.815,2.797,295147848,829285871
2016-11-11,2.779,2.769,2.780,2.749,271228396,750070754
2016-11-14,2.675,2.683,2.686,2.675,342814128,918678950
2016-11-15,2.712,2.709,2.713,2.705,269889893,731104098
2016-11-16,2.715,2.722,2.725,2.715,278734490,758600839
2016-11-17,2.722,2.716,2.724,2.714,153261500,416814166
2016-11-18,2.700,2.687,2.700,2.684,256489142,689690891
2016-11-21,2.696,2.709,2.711,2.695,193083951,521697032
2016-11-22,2.720,2.715,2.721,2.713,213722100,580651642
2016-11-23,2.715,2.717,2.723,2.712,439951000,1196001311
2016-11-24,2.686,2.684,2.691,2.682,373477036,1003127866
2016-11-25,2.671,2.662,2.675,2.641,480639904,1276397896
2016-11-28,2.687,2.678,2.692,2.677,404889800,1087289836
2016-11-29,2.680,2.666,2.682,2.665,302806900,809362874
2016-11-30,2.664,2.652,2.667,2.651,384540700,1022256705
2016-12-01,2.625,2.640,2.644,2.619,357559700,940998381
2016-12-02,2.643,2.638,2.644,2.631,303914382,800894653
2016-12-05,2.640,2.629,2.642,2.627,414309996,1091278025
2016-12-06,2.632,2.626,2.636,2.625,413349241,1087667389
2016-12-07,2.623,2.621,2.630,2.621,340960633,894715010
2016-12-08,2.638,2.644,2.650,2.636,462494454,1223170400
2016-12-09,2.642,2.643,2.644,2.633,503371955,1328455676
2016-12-12,2.640,2.630,2.640,2.624,435474494,1145628221
2016-12-13,2.634,2.632,2.643,2.631,418943700,1104671215
2016-12-14,2.636,2.650,2.652,2.634,547207685,1445322694
2016-12-15,2.622,2.615,2.627,2.613,404355020,1059735384
2016-12-16,2.603,2.602,2.607,2.600,319719678,832587854
2016-12-19,2.614,2.615,2.617,2.609,406629700,1062059368
2016-12-20,2.612,2.601,2.616,2.598,348718877,910773435
2016-12-21,2.581,2.595,2.602,2.579,351069706,909646990
2016-12-22,2.589,2.577,2.591,2.575,568855660,1470164722
2016-12-23,2.584,2.583,2.589,2.582,336334518,869828792
2016-12-26,2.586,2.592,2.595,2.584,444794800,1150474023
2016-12-27,2.592,2.595,2.600,2.591,534855100,1388962753
2016-12-28,2.598,2.603,2.609,2.597,423130309,1101763178
2016-12-29,2.612,2.616,2.617,2.608,297308248,776700383
2016-12-30,2.640,2.636,2.642,2.626,301608599,794450349
2017-01-03,2.635,2.626,2.636,2.625,181075000,476438202
2017-01-04,2.632,2.638,2.642,2.632,212835300,561173609
2017-01-05,2.640,2.636,2.641,2.629,354570218,934366066
2017-01-06,2.637,2.633,2.641,2.632,260777900,687845758
2017-01-09,2.638,2.645,2.645,2.638,258229786,682501093
2017-01-10,2.656,2.663,2.666,2.655,377936541,1005428343
2017-01-11,2.665,2.664,2.667,2.661,308698388,822284157
2017-01-12,2.665,2.671,2.671,2.665,278315772,742442021
2017-01-13,2.658,2.662,2.667,2.655,197409900,525206748
2017-01-16,2.667,2.682,2.686,2.666,257864475,690037750
2017-01-17,2.685,2.694,2.699,2.682,327169208,880424131
2017-01-18,2.697,2.685,2.697,2.682,286081700,770078378
2017-01-19,2.669,2.662,2.674,2.655,395254948,1053909932
2017-01-20,2.667,2.668,2.672,2.666,244129252,651831321
2017-01-23,2.686,2.681,2.691,2.681,232755110,625471850
2017-01-24,2.684,2.677,2.685,2.674,187725200,503504304
2017-01-25,2.663,2.651,2.670,2.650,253252137,674733302
2017-01-26,2.645,2.641,2.645,2.639,130353714,344362290
2017-02-03,2.678,2.674,2.680,2.673,129077780,345383599
2017-02-06,2.696,2.701,2.703,2.695,127672372,344649686
2017-02-07,2.712,2.722,2.726,2.712,191113366,519230176
2017-02-08,2.726,2.722,2.732,2.721,219687663,599386273
2017-02-09,2.738,2.740,2.743,2.738,279073549,764871261
2017-02-10,2.709,2.712,2.715,2.706,201598814,546651857
2017-02-13,2.725,2.719,2.728,2.718,265602808,723279658
2017-02-14,2.713,2.720,2.721,2.712,181995206,494214530
2017-02-15,2.712,2.707,2.715,2.705,313300681,849313350
2017-02-16,2.727,2.725,2.731,2.723,221665737,604731202
2017-02-17,2.734,2.737,2.739,2.730,194761200,532662868
2017-02-20,2.730,2.730,2.737,2.726,275224704,751452299
2017-02-21,2.730,2.736,2.737,2.728,348796900,952890152
2017-02-22,2.739,2.735,2.742,2.733,126931100,347664908
2017-02-23,2.739,2.739,2.741,2.736,252002387,690222071
2017-02-24,2.763,2.775,2.779,2.761,207142433,573096222
2017-02-27,2.781,2.784,2.787,2.781,283702072,789760452
2017-02-28,2.774,2.774,2.778,2.773,301758351,837531621
2017-03-01,2.752,2.755,2.764,2.752,379102340,1045728385
2017-03-02,2.763,2.758,2.763,2.758,312689164,863349603
2017-03-03,2.736,2.737,2.741,2.736,300231000,822288615
2017-03-06,2.743,2.739,2.745,2.739,293031694,803679423
2017-03-07,2.733,2.729,2.733,2.729,298208801,814299064
2017-03-08,2.718,2.717,2.722,2.717,275404923,749012585
2017-03-09,2.710,2.708,2.711,2.705,254149999,688503977
2017-03-10,2.695,2.690,2.696,2.688,216490981,582802606
2017-03-13,2.702,2.718,2.719,2.702,240945118,652628488
2017-03-14,2.706,2.709,2.717,2.706,325857500,884186890
2017-03-15,2.708,2.709,2.714,2.705,497124800,1346723709
2017-03-16,2.748,2.750,2.755,2.746,440838053,1212160551
2017-03-17,2.748,2.754,2.755,2.747,252645645,695171605
2017-03-20,2.759,2.766,2.771,2.759,253052786,700273047
2017-03-21,2.764,2.751,2.766,2.749,342563587,944125487
2017-03-22,2.768,2.776,2.779,2.767,271414386,753271979
2017-03-23,2.774,2.779,2.781,2.771,262792700,729253519
2017-03-24,2.771,2.773,2.776,2.769,241971200,671049216
2017-03-27,2.796,2.800,2.802,2.792,306135393,856367478
2017-03-28,2.797,2.793,2.799,2.790,208106253,581916858
2017-03-29,2.783,2.786,2.788,2.782,268546300,747885279
2017-03-30,2.785,2.784,2.787,2.780,233824200,650939088
2017-03-31,2.767,2.761,2.767,2.760,169832700,469312837
2017-04-05,2.784,2.792,2.801,2.781,456001267,1273020216
2017-04-06,2.791,2.794,2.795,2.791,257795381,720240014
2017-04-07,2.809,2.819,2.832,2.807,425401092,1200372506
2017-04-10,2.799,2.808,2.813,2.798,345133703,967833999
2017-04-11,2.809,2.814,2.826,2.806,437335667,1229963266
2017-04-12,2.853,2.842,2.855,2.838,392259902,1117107804
2017-04-13,2.860,2.853,2.863,2.852,447248030,1278429994
2017-04-14,2.860,2.859,2.865,2.854,730981524,2090708512
2017-04-17,2.861,2.852,2.868,2.849,535638411,1533748482
2017-04-18,2.845,2.843,2.848,2.840,563579514,1603213425
2017-04-19,2.846,2.841,2.850,2.840,387814300,1103619313
2017-04-20,2.839,2.836,2.843,2.831,190530700,540422106
2017-04-21,2.836,2.827,2.836,2.826,254897900,721079606
2017-04-24,2.825,2.805,2.827,2.804,260367173,733911105
2017-04-25,2.806,2.807,2.811,2.804,522297232,1466299634
2017-04-26,2.797,2.794,2.800,2.792,509403430,1424421347
2017-04-27,2.801,2.802,2.805,2.800,345790680,969345395
2017-04-28,2.803,2.812,2.814,2.802,222355522,624543768
2017-05-02,2.792,2.788,2.797,2.787,204937459,572407860
2017-05-03,2.790,2.788,2.791,2.786,140222100,391097353
2017-05-04,2.765,2.745,2.767,2.736,486179400,1341891833
2017-05-05,2.732,2.747,2.749,2.731,206251200,564424839
2017-05-08,2.745,2.738,2.748,2.737,123977082,340195379
2017-05-09,2.741,2.741,2.746,2.734,221091033,606207630
2017-05-10,2.731,2.726,2.731,2.723,196083934,534764900
2017-05-11,2.726,2.731,2.735,2.726,270641230,738453701
2017-05-12,2.737,2.739,2.743,2.733,191292700,523800263
2017-05-15,2.740,2.750,2.753,2.739,285646800,784435996
2017-05-16,2.753,2.757,2.759,2.753,306440850,844582407
2017-05-17,2.766,2.768,2.771,2.765,252469250,698856519
2017-05-18,2.803,2.791,2.804,2.790,223546000,625478341
2017-05-19,2.782,2.784,2.787,2.778,194081136,540009999
2017-05-22,2.785,2.790,2.791,2.784,194402036,541805458
2017-05-23,2.802,2.803,2.807,2.799,239645600,672045035
2017-05-24,2.784,2.772,2.785,2.770,233939600,650283681
2017-05-25,2.790,2.784,2.791,2.784,131834425,367533611
2017-05-26,2.776,2.788,2.789,2.775,142931400,397223771
2017-05-31,2.786,2.775,2.788,2.773,189973766,528322640
2017-06-01,2.779,2.777,2.780,2.773,163529076,454076921
2017-06-02,2.767,2.771,2.774,2.767,288869106,800275367
2017-06-05,2.810,2.805,2.818,2.801,257516134,723130141
2017-06-06,2.809,2.822,2.824,2.807,230903572,650162198
2017-06-07,2.823,2.823,2.827,2.822,130614413,368918985
2017-06-08,2.815,2.806,2.816,2.806,292750202,823060387
2017-06-09,2.785,2.780,2.789,2.776,242817543,676061616
2017-06-12,2.770,2.770,2.773,2.767,222177500,615344667
2017-06-13,2.767,2.775,2.777,2.767,167042179,463302589
2017-06-14,2.780,2.782,2.790,2.778,178508350,496961336
2017-06-15,2.781,2.759,2.784,2.758,263557508,730719149
2017-06-16,2.752,2.755,2.764,2.750,283736609,782181881
2017-06-19,2.754,2.753,2.759,2.750,274401700,755977159
2017-06-20,2.744,2.743,2.748,2.740,295482800,810656217
2017-06-21,2.742,2.745,2.751,2.742,251314470,690368641
2017-06-22,2.760,2.760,2.765,2.758,322677800,891227215
2017-06-23,2.758,2.764,2.767,2.757,305384419,843546481
2017-06-26,2.766,2.764,2.769,2.760,404564805,1118456821
2017-06-27,2.742,2.751,2.754,2.741,405555255,1113662879
2017-06-28,2.745,2.747,2.752,2.744,207760200,570925945
2017-06-29,2.744,2.740,2.746,2.736,159141900,436489112
2017-06-30,2.731,2.714,2.731,2.713,243688600,662949041
2017-07-03,2.709,2.707,2.710,2.704,191573100,518631130
2017-07-04,2.687,2.689,2.692,2.681,249095400,669349957
2017-07-05,2.695,2.688,2.696,2.685,181787700,489323509
2017-07-06,2.689,2.694,2.701,2.689,231496238,623687717
2017-07-07,2.688,2.686,2.691,2.685,196593600,528408387
2017-07-10,2.663,2.658,2.671,2.653,268947039,717032712
2017-07-11,2.669,2.667,2.671,2.664,267348300,713166426
2017-07-12,2.682,2.676,2.684,2.676,296629200,794996087
2017-07-13,2.682,2.684,2.687,2.682,230910070,619899012
2017-07-14,2.671,2.675,2.677,2.669,213173300,569367710
2017-07-17,2.698,2.695,2.701,2.695,264807100,714380208
2017-07-18,2.710,2.708,2.713,2.706,230198200,623824307
2017-07-19,2.711,2.709,2.712,2.707,208062814,563886144
2017-07-20,2.709,2.708,2.718,2.707,255257458,691849209
2017-07-21,2.715,2.724,2.726,2.714,191589073,520943656
2017-07-24,2.739,2.727,2.739,2.727,208943387,571551781
2017-07-25,2.728,2.733,2.735,2.727,174617249,476772280
2017-07-26,2.718,2.710,2.720,2.708,282764783,767879074
2017-07-27,2.742,2.739,2.743,2.737,188794111,517510026
2017-07-28,2.738,2.735,2.740,2.734,138660387,379564623
2017-07-31,2.749,2.742,2.749,2.741,227104000,623648538
2017-08-01,2.740,2.745,2.750,2.740,273149100,749945756
2017-08-02,2.742,2.742,2.745,2.740,291707701,799946685
2017-08-03,2.735,2.731,2.739,2.730,368820700,1008841436
2017-08-04,2.741,2.748,2.750,2.741,186423497,511638872
2017-08-07,2.727,2.725,2.738,2.723,206075398,561732575
2017-08-08,2.726,2.720,2.727,2.717,183905700,500685353
2017-08-09,2.727,2.727,2.731,2.726,189100369,515920965
2017-08-10,2.740,2.749,2.751,2.739,300750288,825343717
2017-08-11,2.758,2.763,2.767,2.758,268024800,740661602
2017-08-14,2.761,2.760,2.767,2.758,270339916,746352986
2017-08-15,2.740,2.740,2.741,2.734,224336600,614244459
2017-08-16,2.735,2.733,2.740,2.732,190353600,521083477
2017-08-17,2.764,2.760,2.766,2.758,193589100,534817370
2017-08-18,2.760,2.763,2.764,2.758,194893300,538053260
2017-08-21,2.751,2.752,2.756,2.750,217838648,599768357
2017-08-22,2.754,2.749,2.756,2.748,134779855,371113341
2017-08-23,2.745,2.750,2.752,2.745,141661200,389189867
2017-08-24,2.753,2.751,2.757,2.750,124154146,341740995
2017-08-25,2.748,2.749,2.751,2.746,242966484,667715482
2017-08-28,2.757,2.762,2.766,2.756,300555300,829280148
2017-08-29,2.782,2.792,2.797,2.782,275648588,769525427
2017-08-30,2.778,2.760,2.778,2.758,354088300,981249347
2017-08-31,2.760,2.756,2.763,2.751,235860627,650036772
2017-09-01,2.778,2.775,2.781,2.773,277918668,772272223
2017-09-04,2.794,2.796,2.798,2.789,291057302,813127736
2017-09-05,2.790,2.792,2.795,2.788,324979020,907323559
2017-09-06,2.795,2.795,2.798,2.794,375950665,1050922014
2017-09-07,2.782,2.786,2.790,2.780,349673300,973746750
2017-09-08,2.794,2.794,2.795,2.788,387559316,1082006018
2017-09-11,2.783,2.781,2.784,2.780,273447646,760754336
2017-09-12,2.775,2.769,2.775,2.767,295534192,819265065
2017-09-13,2.774,2.773,2.779,2.773,367809865,1021249324
2017-09-14,2.767,2.768,2.770,2.766,346189200,958111462
2017-09-15,2.783,2.780,2.786,2.780,468300400,1303710611
2017-09-18,2.770,2.758,2.770,2.757,468270563,1293152797
2017-09-19,2.753,2.759,2.764,2.753,506349965,1397177844
2017-09-20,2.761,2.762,2.766,2.761,477897659,1321021965
2017-09-21,2.749,2.733,2.749,2.733,465914692,1277994249
2017-09-22,2.737,2.738,2.738,2.733,557338300,1524243104
2017-09-25,2.735,2.734,2.736,2.732,333994700,913015812
2017-09-26,2.772,2.772,2.779,2.770,483180000,1341054614
2017-09-27,2.753,2.748,2.754,2.746,405637885,1116471965
2017-09-28,2.737,2.732,2.738,2.731,594981900,1627146903
2017-09-29,2.741,2.742,2.745,2.739,323550300,887042249
2017-10-09,2.732,2.729,2.736,2.727,493269600,1348077617
2017-10-10,2.735,2.730,2.735,2.728,564558100,1542378014
2017-10-11,2.731,2.724,2.731,2.723,620864200,1692706286
2017-10-12,2.730,2.734,2.737,2.729,523613180,1430845947
2017-10-13,2.735,2.734,2.737,2.730,446502900,1220213562
2017-10-16,2.742,2.748,2.749,2.740,920993302,2527873646
2017-10-17,2.735,2.735,2.738,2.732,780854386,2135942202
2017-10-18,2.731,2.729,2.733,2.727,797236386,2176611575
2017-10-19,2.727,2.724,2.733,2.720,513583000,1400333915
2017-10-20,2.729,2.723,2.730,2.722,835107400,2275544649
2017-10-23,2.710,2.713,2.717,2.710,917274100,2489948594
2017-10-24,2.722,2.723,2.734,2.721,762449325,2077655729
2017-10-25,2.719,2.712,2.722,2.711,1025123806,2785039572
2017-10-26,2.718,2.723,2.724,2.718,1593489800,4335282918
2017-10-27,2.710,2.706,2.712,2.704,1491488600,4039753412
2017-10-30,2.711,2.711,2.718,2.709,1398672600,3794279097
2017-10-31,2.716,2.718,2.723,2.715,1755616100,4773804273
2017-11-01,2.714,2.711,2.715,2.702,1874814180,5077799161
2017-11-02,2.713,2.712,2.716,2.709,1131182300,3066896999
2017-11-03,2.712,2.713,2.716,2.712,1049606700,2848263390
2017-11-06,2.709,2.707,2.710,2.706,849722800,2300864744
2017-11-07,2.716,2.719,2.722,2.716,1998576873,5436449158
2017-11-08,2.720,2.720,2.728,2.719,1566701706,4264990249
2017-11-09,2.725,2.729,2.731,2.723,2683144905,7312325368
2017-11-10,2.738,2.735,2.740,2.734,767205800,2100756302
2017-11-13,2.728,2.724,2.728,2.723,891936700,2430827150
2017-11-14,2.724,2.719,2.725,2.719,1044141624,2842156040
2017-11-15,2.725,2.724,2.730,2.724,1126098778,3070873459
2017-11-16,2.721,2.719,2.723,2.717,996861800,2711614540
2017-11-17,2.721,2.728,2.729,2.721,817133900,2227299260
2017-11-20,2.742,2.742,2.745,2.740,953651200,2614906338
2017-11-21,2.726,2.726,2.728,2.724,660856502,1801489690
2017-11-22,2.727,2.726,2.728,2.723,568354070,1548843541
2017-11-23,2.732,2.728,2.732,2.727,465487300,1270061940
2017-11-24,2.729,2.732,2.733,2.726,645468095,1761473939
2017-11-27,2.727,2.731,2.732,2.726,455169550,1242200743
2017-11-28,2.740,2.736,2.746,2.736,720347250,1975118382
2017-11-29,2.739,2.738,2.742,2.736,529118353,1449446238
2017-11-30,2.726,2.720,2.726,2.715,588001589,1599612734
2017-12-01,2.709,2.702,2.710,2.701,489774247,1325141024
2017-12-04,2.701,2.700,2.702,2.696,461775817,1246273843
2017-12-05,2.702,2.702,2.705,2.700,448740394,1212601179
2017-12-06,2.684,2.686,2.687,2.682,674718200,1810774561
2017-12-07,2.683,2.668,2.683,2.660,599279200,1604437466
2017-12-08,2.650,2.651,2.653,2.647,794255007,2104402512
2017-12-11,2.650,2.653,2.654,2.649,485740600,1287631525
2017-12-12,2.649,2.649,2.651,2.643,819793366,2169357435
2017-12-13,2.646,2.650,2.654,2.646,573478920,1520164147
2017-12-14,2.672,2.674,2.683,2.672,772202963,2065945925
2017-12-15,2.672,2.673,2.675,2.670,720889500,1926460350
2017-12-18,2.673,2.674,2.676,2.669,713594894,1907203728
2017-12-19,2.680,2.686,2.690,2.679,624408905,1675684335
2017-12-20,2.685,2.680,2.687,2.678,594463420,1595562987
2017-12-21,2.679,2.676,2.680,2.675,877010203,2348958641
2017-12-22,2.676,2.678,2.680,2.676,573722165,1536146022
2017-12-25,2.691,2.693,2.696,2.691,762491785,2053857083
2017-12-26,2.692,2.677,2.692,2.677,857279316,2303826198
2017-12-27,2.688,2.691,2.696,2.685,1107523365,2979307738
2017-12-28,2.698,2.692,2.712,2.691,1442528642,3899335308
2017-12-29,2.703,2.708,2.710,2.700,1258080119,3402792619
2018-01-02,2.722,2.723,2.724,2.720,268039860,729608524
2018-01-03,2.740,2.733,2.744,2.731,354279182,969424736
2018-01-04,2.719,2.719,2.721,2.713,632938221,1719136278
2018-01-05,2.730,2.728,2.733,2.727,542954100,1482382898
2018-01-08,2.730,2.730,2.734,2.729,471453129,1287659383
2018-01-09,2.734,2.736,2.742,2.734,405923883,1110875211
2018-01-10,2.730,2.729,2.736,2.726,572827692,1565606259
2018-01-11,2.739,2.734,2.745,2.733,636679800,1744747729
2018-01-12,2.740,2.774,2.776,2.740,544568806,1506885037
2018-01-15,2.783,2.783,2.790,2.781,424900992,1183267274
2018-01-16,2.783,2.781,2.786,2.780,532178700,1480677737
2018-01-17,2.783,2.774,2.790,2.774,498351476,1386868262
2018-01-18,2.760,2.759,2.763,2.755,453078271,1250024564
2018-01-19,2.755,2.751,2.757,2.750,387418700,1066946566
2018-01-22,2.758,2.754,2.759,2.753,405992232,1119283422
2018-01-23,2.758,2.762,2.765,2.758,477492094,1318830470
2018-01-24,2.767,2.774,2.775,2.766,329331418,911691070
2018-01-25,2.782,2.784,2.789,2.781,505346742,1407225270
2018-01-26,2.767,2.767,2.786,2.763,632817967,1751054457
2018-01-29,2.759,2.754,2.760,2.752,404473300,1114673959
2018-01-30,2.743,2.731,2.745,2.729,475208500,1299930246
2018-01-31,2.734,2.735,2.739,2.732,509417194,1393400836
2018-02-01,2.731,2.729,2.735,2.727,339087446,926041188
2018-02-02,2.733,2.731,2.737,2.729,508966572,1391368086
2018-02-05,2.712,2.705,2.713,2.704,381283005,1032886687
2018-02-06,2.722,2.726,2.743,2.721,320840116,876004305
2018-02-07,2.686,2.689,2.689,2.683,291550802,783049101
2018-02-08,2.674,2.680,2.680,2.667,213313573,570211767
2018-02-09,2.696,2.692,2.699,2.688,235617577,634159377
2018-02-12,2.683,2.694,2.700,2.682,314311600,846225568
2018-02-13,2.701,2.708,2.709,2.696,219308049,592244820
2018-02-14,2.717,2.730,2.735,2.716,181068620,493752135
2018-02-22,2.707,2.704,2.709,2.703,241299445,652812472
2018-02-23,2.712,2.712,2.715,2.710,219833871,596452249
2018-02-26,2.714,2.727,2.728,2.713,289166934,786966152
2018-02-27,2.717,2.712,2.717,2.711,291763905,791643751
2018-02-28,2.695,2.692,2.697,2.691,221450472,596369643
2018-03-01,2.692,2.689,2.697,2.684,228742611,615727965
2018-03-02,2.693,2.700,2.704,2.693,249987450,675152925
2018-03-05,2.710,2.710,2.712,2.706,179883557,487269413
2018-03-06,2.703,2.709,2.709,2.702,363345624,983298187
2018-03-07,2.723,2.719,2.732,2.717,409224062,1114654718
2018-03-08,2.710,2.714,2.715,2.709,184364197,500121376
2018-03-09,2.703,2.700,2.704,2.698,657086832,1774820384
2018-03-12,2.701,2.699,2.706,2.698,422937078,1142810713
2018-03-13,2.701,2.698,2.703,2.696,320114999,864291359
2018-03-14,2.703,2.702,2.710,2.701,242219247,655473126
2018-03-15,2.701,2.699,2.705,2.698,445169279,1202578218
2018-03-16,2.687,2.688,2.692,2.685,458271501,1232577338
2018-03-19,2.682,2.678,2.691,2.674,432844163,1161846420
2018-03-20,2.687,2.689,2.690,2.684,365635261,982684226
2018-03-21,2.685,2.690,2.690,2.684,309106716,830143685
2018-03-22,2.715,2.713,2.716,2.709,324138938,879137258
2018-03-23,2.730,2.741,2.742,2.729,335752003,918154800
2018-03-26,2.743,2.738,2.750,2.736,276735717,759387377
2018-03-27,2.732,2.736,2.737,2.731,431715586,1180057317
2018-03-28,2.727,2.721,2.729,2.718,323802291,882613502
2018-03-29,2.701,2.688,2.705,2.686,344351389,929985826
2018-03-30,2.690,2.692,2.693,2.689,312499045,841145675
2018-04-02,2.698,2.696,2.699,2.694,384201257,1035776874
2018-04-03,2.717,2.716,2.717,2.712,344700034,935773464
2018-04-04,2.703,2.712,2.714,2.701,480182501,1300629736
2018-04-09,2.707,2.707,2.718,2.706,545865934,1479962502
2018-04-10,2.717,2.710,2.720,2.708,639726061,1735734389
2018-04-11,2.717,2.726,2.727,2.716,485658678,1321125084
2018-04-12,2.732,2.735,2.737,2.731,453193111,1238966735
2018-04-13,2.717,2.714,2.725,2.713,352767200,959467480
2018-04-16,2.728,2.725,2.732,2.722,450344224,1228333084
2018-04-17,2.728,2.729,2.731,2.724,429079500,1170548423
2018-04-18,2.726,2.727,2.730,2.724,410878818,1120114973
2018-04-19,2.729,2.734,2.735,2.729,390560282,1066754715
2018-04-20,2.726,2.722,2.726,2.718,352749519,959688215
2018-04-23,2.707,2.708,2.710,2.705,444161563,1203016328
2018-04-24,2.698,2.700,2.705,2.698,508994588,1375662968
2018-04-25,2.704,2.699,2.705,2.697,238489021,644372340
2018-04-26,2.698,2.702,2.704,2.698,554327731,1497289479
2018-04-27,2.691,2.692,2.696,2.690,293302014,790112460
2018-05-02,2.681,2.684,2.687,2.680,465298628,1249022671
2018-05-03,2.690,2.684,2.691,2.683,379977858,1020999456
2018-05-04,2.688,2.687,2.689,2.686,490669400,1318744557
2018-05-07,2.700,2.694,2.701,2.693,347592628,937567247
2018-05-08,2.696,2.692,2.697,2.691,450032130,1212195506
2018-05-09,2.693,2.689,2.693,2.688,401502569,1080635069
2018-05-10,2.693,2.690,2.696,2.689,564085940,1519223089
2018-05-11,2.694,2.693,2.697,2.693,438075484,1180540148
2018-05-14,2.694,2.694,2.696,2.693,373026525,1004948678
2018-05-15,2.685,2.680,2.686,2.680,306499297,822339888
2018-05-16,2.654,2.654,2.656,2.652,463930309,1231226247
2018-05-17,2.646,2.642,2.651,2.641,371192840,982737336
2018-05-18,2.644,2.644,2.652,2.643,500551005,1324801608
2018-05-21,2.649,2.639,2.651,2.638,474601298,1256578754
2018-05-22,2.648,2.646,2.650,2.645,299771500,793872853
2018-05-23,2.652,2.649,2.653,2.649,241767319,640946079
2018-05-24,2.659,2.665,2.667,2.658,366710265,976295541
2018-05-25,2.676,2.678,2.683,2.675,415839200,1113744468
2018-05-28,2.670,2.667,2.676,2.665,557933800,1490148523
2018-05-29,2.678,2.676,2.680,2.676,394176882,1055614950
2018-05-30,2.688,2.683,2.688,2.680,200417432,538060180
2018-05-31,2.684,2.686,2.687,2.682,196129307,526461469
2018-06-01,2.677,2.680,2.682,2.676,202313200,541971938
2018-06-04,2.671,2.665,2.672,2.664,173260702,462374599
2018-06-05,2.662,2.662,2.664,2.659,276100600,734832948
2018-06-06,2.668,2.666,2.670,2.666,523769100,1397343395
2018-06-07,2.664,2.664,2.668,2.663,571769156,1523767313
2018-06-08,2.665,2.664,2.668,2.663,422498400,1126436235
2018-06-11,2.670,2.671,2.678,2.670,300984000,805182488
2018-06-12,2.674,2.669,2.678,2.668,438409300,1171735903
2018-06-13,2.669,2.667,2.671,2.666,481664678,1285134024
2018-06-14,2.669,2.677,2.679,2.668,656293625,1752696913
2018-06-15,2.686,2.682,2.695,2.679,573506240,1540298177
2018-06-19,2.678,2.659,2.678,2.657,683026540,1816821350
2018-06-20,2.656,2.651,2.657,2.650,458422200,1216373197
2018-06-21,2.643,2.641,2.646,2.639,525459700,1388712450
2018-06-22,2.649,2.653,2.654,2.648,374303900,992396651
2018-06-25,2.663,2.658,2.665,2.657,290722400,773730968
2018-06-26,2.659,2.657,2.665,2.657,343864400,915045531
2018-06-27,2.658,2.663,2.663,2.657,255159002,678693529
2018-06-28,2.663,2.655,2.665,2.654,365827900,973286941
2018-06-29,2.660,2.661,2.663,2.658,340827100,906592944
2018-07-02,2.665,2.667,2.669,2.664,231152000,616390889
2018-07-03,2.665,2.665,2.671,2.664,601371900,1604266766
2018-07-04,2.679,2.673,2.684,2.672,326257900,873650061
2018-07-05,2.676,2.675,2.679,2.674,200200052,535788537
2018-07-06,2.678,2.680,2.682,2.676,321201200,860557856
2018-07-09,2.678,2.677,2.680,2.674,241943000,647556561
2018-07-10,2.668,2.668,2.673,2.666,226141100,603637094
2018-07-11,2.674,2.676,2.677,2.674,163048600,436291468
2018-07-12,2.674,2.668,2.676,2.667,278364300,743851170
2018-07-13,2.668,2.665,2.669,2.664,263820100,703686667
2018-07-16,2.668,2.669,2.673,2.668,210601918,562463708
2018-07-17,2.658,2.664,2.665,2.657,347724600,924949830
2018-07-18,2.647,2.639,2.647,2.635,338152000,893513392
2018-07-19,2.644,2.650,2.652,2.644,288456200,763833552
2018-07-20,2.653,2.655,2.658,2.652,377227100,1001564271
2018-07-23,2.667,2.668,2.670,2.666,375675600,1002327146
2018-07-24,2.668,2.666,2.671,2.664,276063100,736680083
2018-07-25,2.669,2.668,2.671,2.666,279890201,746776670
2018-07-26,2.667,2.672,2.673,2.666,410178700,1095118337
2018-07-27,2.670,2.669,2.670,2.666,596535900,1591947745
2018-07-30,2.670,2.671,2.676,2.670,515122200,1376743397
2018-07-31,2.671,2.673,2.675,2.671,387943300,1037209098
2018-08-01,2.672,2.672,2.673,2.667,434403900,1160191539
2018-08-02,2.665,2.664,2.669,2.664,309875100,826275299
2018-08-03,2.661,2.663,2.665,2.659,264859700,704899112
2018-08-06,2.665,2.663,2.669,2.662,381922200,1017735578
2018-08-07,2.661,2.662,2.667,2.660,405645800,1080264293
2018-08-08,2.653,2.658,2.658,2.652,305058777,809776979
2018-08-09,2.659,2.658,2.659,2.655,309142700,821487081
2018-08-10,2.658,2.656,2.660,2.654,189036000,502471368
2018-08-13,2.664,2.664,2.666,2.662,359274100,957317056
2018-08-14,2.641,2.641,2.645,2.640,531743600,1405199600
2018-08-15,2.640,2.637,2.642,2.636,389608700,1028119148
2018-08-16,2.610,2.604,2.639,2.595,645604300,1683257800
2018-08-17,2.602,2.598,2.607,2.598,407896500,1061857834
2018-08-20,2.608,2.615,2.616,2.607,314296300,820884170
2018-08-21,2.620,2.627,2.628,2.619,528785600,1387563077
2018-08-22,2.627,2.626,2.632,2.625,357676300,940204030
2018-08-23,2.628,2.627,2.630,2.627,241076000,633769527
2018-08-24,2.623,2.628,2.630,2.621,357995300,939775591
2018-08-27,2.638,2.641,2.644,2.637,320946000,847287725
2018-08-28,2.644,2.650,2.652,2.644,259108700,685816079
2018-08-29,2.636,2.638,2.640,2.635,394416100,1040526899
2018-08-30,2.643,2.641,2.646,2.640,285422400,754562596
2018-08-31,2.642,2.646,2.649,2.642,334959800,885975394
2018-09-03,2.640,2.635,2.641,2.635,315035700,831248414
2018-09-04,2.637,2.626,2.637,2.626,311586800,820438532
2018-09-05,2.625,2.624,2.628,2.623,314869600,826687876
2018-09-06,2.632,2.633,2.638,2.632,198596008,523266512
2018-09-07,2.638,2.642,2.643,2.638,291121900,768968377
2018-09-10,2.637,2.633,2.638,2.631,546479000,1440202474
2018-09-11,2.637,2.640,2.640,2.636,178637300,471225509
2018-09-12,2.641,2.639,2.645,2.638,261636900,691068810
2018-09-13,2.646,2.650,2.652,2.646,250974850,665080729
2018-09-14,2.649,2.656,2.656,2.648,246267766,652894946
2018-09-17,2.645,2.642,2.645,2.641,201007500,531187415
2018-09-18,2.648,2.646,2.652,2.644,523164800,1385856203
2018-09-19,2.646,2.648,2.650,2.645,147587600,390687213
2018-09-20,2.651,2.651,2.655,2.650,159143500,422237563
2018-09-21,2.654,2.657,2.658,2.654,362960500,964170861
2018-09-25,2.648,2.649,2.650,2.643,455910900,1206111377
2018-09-26,2.652,2.653,2.656,2.652,245120900,650569203
2018-09-27,2.648,2.642,2.649,2.642,476146700,1260030862
2018-09-28,2.635,2.623,2.635,2.619,243587400,640163402
2018-10-08,2.650,2.656,2.657,2.650,222829500,591205980
2018-10-09,2.651,2.652,2.662,2.649,268104700,711207789
2018-10-10,2.651,2.652,2.655,2.651,205685944,545741751
2018-10-11,2.663,2.665,2.666,2.661,380657155,1013868068
2018-10-12,2.700,2.702,2.708,2.698,406349300,1097859446
2018-10-15,2.715,2.728,2.729,2.713,438026200,1190489482
2018-10-16,2.728,2.727,2.731,2.724,523189333,1427236237
2018-10-17,2.715,2.719,2.721,2.715,473428663,1286966833
2018-10-18,2.724,2.722,2.727,2.718,298446632,813159413
2018-10-19,2.738,2.734,2.740,2.732,382399399,1046384367
2018-10-22,2.732,2.730,2.736,2.729,487572828,1332931183
2018-10-23,2.729,2.744,2.745,2.728,425684546,1163706358
2018-10-24,2.754,2.745,2.755,2.745,559755051,1540645980
2018-10-25,2.763,2.759,2.767,2.758,528652200,1460785094
2018-10-26,2.751,2.757,2.763,2.751,424072300,1169855815
2018-10-29,2.758,2.753,2.762,2.752,356000355,982183368
2018-10-30,2.749,2.747,2.751,2.744,419154450,1151971707
2018-10-31,2.735,2.724,2.735,2.723,310166100,846311699
2018-11-01,2.722,2.730,2.731,2.720,500617300,1363595375
2018-11-02,2.733,2.731,2.739,2.728,580979499,1589147514
2018-11-05,2.731,2.732,2.737,2.728,467519700,1277991097
2018-11-06,2.735,2.734,2.737,2.733,376615100,1030080722
2018-11-07,2.730,2.735,2.737,2.729,523227100,1430263387
2018-11-08,2.729,2.724,2.730,2.722,300989600,820427041
2018-11-09,2.722,2.718,2.725,2.717,341781800,930218505
2018-11-12,2.702,2.698,2.705,2.696,409750500,1106854931
2018-11-13,2.696,2.689,2.696,2.687,481083000,1295183956
2018-11-14,2.687,2.688,2.692,2.684,508318600,1366673495
2018-11-15,2.696,2.703,2.704,2.696,554875000,1497877085
2018-11-16,2.705,2.707,2.708,2.704,604428400,1635187316
2018-11-19,2.718,2.714,2.723,2.713,707403100,1923070723
2018-11-20,2.720,2.724,2.727,2.720,579856600,1578555936
2018-11-21,2.723,2.723,2.723,2.720,256473200,698119847
2018-11-22,2.727,2.728,2.731,2.727,333472700,909969867
2018-11-23,2.729,2.731,2.737,2.729,310832672,849653981
2018-11-26,2.727,2.727,2.732,2.726,400785680,1093839145
2018-11-27,2.726,2.722,2.726,2.721,283640520,772564956
2018-11-28,2.715,2.710,2.715,2.706,331109600,897752853
2018-11-29,2.724,2.731,2.734,2.723,555219398,1514866827
2018-11-30,2.732,2.732,2.734,2.730,564752875,1542874027
2018-12-03,2.721,2.720,2.728,2.719,554063400,1509493862
2018-12-04,2.727,2.720,2.729,2.719,482779900,1315121769
2018-12-05,2.722,2.725,2.726,2.721,415521400,1131700225
2018-12-06,2.735,2.735,2.742,2.735,420803557,1152414534
2018-12-07,2.739,2.738,2.742,2.737,375634000,1029011730
2018-12-10,2.758,2.767,2.768,2.758,547519119,1513214763
2018-12-11,2.765,2.763,2.767,2.760,408519000,1128582938
2018-12-12,2.756,2.750,2.756,2.749,379948545,1045782629
2018-12-13,2.749,2.748,2.750,2.745,459343900,1262096935
2018-12-14,2.747,2.745,2.750,2.743,333992550,917725149
2018-12-17,2.744,2.746,2.755,2.744,465013482,1277173586
2018-12-18,2.761,2.761,2.767,2.760,435741301,1204431047
2018-12-19,2.765,2.770,2.772,2.765,485996300,1345584146
2018-12-20,2.761,2.770,2.777,2.761,559565100,1547970115
2018-12-21,2.791,2.788,2.793,2.782,381568900,1063398289
2018-12-24,2.798,2.798,2.804,2.796,448686583,1256184396
2018-12-25,2.809,2.820,2.838,2.808,496249700,1399196046
2018-12-26,2.817,2.819,2.827,2.816,561542240,1585043294
2018-12-27,2.815,2.809,2.816,2.805,266816961,750299093
2018-12-28,2.818,2.826,2.828,2.816,384245016,1084091724
2019-01-02,2.821,2.837,2.840,2.821,271467105,768818289
2019-01-03,2.840,2.868,2.870,2.840,272014302,775940615
2019-01-04,2.881,2.853,2.883,2.853,265619621,761097798
2019-01-07,2.840,2.841,2.843,2.835,254184900,721769862
2019-01-08,2.837,2.828,2.837,2.824,391408991,1107529437
2019-01-09,2.827,2.817,2.830,2.813,453104500,1278462880
2019-01-10,2.828,2.823,2.832,2.822,401473826,1135242328
2019-01-11,2.811,2.805,2.812,2.800,369845800,1037700530
2019-01-14,2.800,2.807,2.809,2.795,533010500,1493152295
2019-01-15,2.805,2.801,2.805,2.798,272275100,762694402
2019-01-16,2.805,2.803,2.809,2.801,310583622,871390809
2019-01-17,2.806,2.810,2.810,2.805,403118400,1131604816
2019-01-18,2.809,2.811,2.813,2.809,289615460,814026022
2019-01-21,2.799,2.800,2.800,2.793,198226960,554309851
2019-01-22,2.797,2.799,2.800,2.791,203367800,568493465
2019-01-23,2.808,2.802,2.810,2.801,186071900,522073968
2019-01-24,2.800,2.800,2.802,2.797,264653817,741042335
2019-01-25,2.800,2.797,2.800,2.795,145219300,406249370
2019-01-28,2.819,2.823,2.825,2.819,253508900,715313952
2019-01-29,2.828,2.833,2.835,2.827,222985100,631256181
2019-01-30,2.839,2.842,2.843,2.837,203295400,577466496
2019-01-31,2.842,2.837,2.843,2.835,239965197,681564666
2019-02-01,2.839,2.852,2.854,2.839,127835350,364228296
2019-02-11,2.847,2.840,2.854,2.839,400450100,1140196756
2019-02-12,2.844,2.851,2.851,2.843,334178200,950977877
2019-02-13,2.845,2.847,2.847,2.843,313033600,890693708
2019-02-14,2.844,2.843,2.846,2.841,303446200,862785646
2019-02-15,2.848,2.861,2.861,2.848,341081200,973550856
2019-02-18,2.872,2.876,2.877,2.872,338256456,972318934
2019-02-19,2.880,2.878,2.883,2.877,294766900,849195987
2019-02-20,2.906,2.898,2.909,2.896,439634100,1276607591
2019-02-21,2.889,2.880,2.891,2.880,276372800,797769388
2019-02-22,2.865,2.860,2.867,2.859,342634700,981431951
2019-02-25,2.853,2.858,2.867,2.853,359299200,1027637333
2019-02-26,2.854,2.856,2.860,2.852,317336502,906260360
2019-02-27,2.856,2.853,2.859,2.851,486555498,1389254564
2019-02-28,2.843,2.833,2.843,2.827,376814500,1067875990
2019-03-01,2.827,2.826,2.830,2.821,299146200,845721646
2019-03-04,2.798,2.784,2.798,2.783,361547401,1008819808
2019-03-05,2.784,2.770,2.784,2.767,945119932,2625261730
2019-03-06,2.773,2.784,2.785,2.773,823241500,2286392624
2019-03-07,2.782,2.773,2.784,2.769,789401900,2193678913
2019-03-08,2.783,2.799,2.800,2.781,349222900,973667553
2019-03-11,2.809,2.808,2.811,2.802,700637222,1966875656
2019-03-12,2.798,2.808,2.810,2.798,643828400,1806186485
2019-03-13,2.818,2.820,2.826,2.818,567751800,1602030912
2019-03-14,2.822,2.815,2.822,2.815,555956100,1566932954
2019-03-15,2.801,2.811,2.816,2.800,624286450,1751427622
2019-03-18,2.807,2.807,2.810,2.803,585919519,1644714593
2019-03-19,2.815,2.823,2.825,2.815,539127800,1521791909
2019-03-20,2.820,2.819,2.823,2.818,694750700,1959281152
2019-03-21,2.833,2.839,2.840,2.832,730728150,2072933691
2019-03-22,2.826,2.833,2.834,2.825,568941400,1608617907
2019-03-25,2.849,2.849,2.852,2.846,574762800,1637461421
2019-03-26,2.855,2.850,2.858,2.849,628462760,1794025353
2019-03-27,2.850,2.848,2.854,2.845,637518700,1817150045
2019-03-28,2.841,2.842,2.844,2.837,625596900,1776752201
2019-03-29,2.809,2.788,2.809,2.786,635224900,1777201668
2019-04-01,2.789,2.788,2.798,2.787,597777800,1669645188
2019-04-02,2.790,2.792,2.797,2.789,739649800,2066145899
2019-04-03,2.797,2.797,2.804,2.795,612837300,1716433161
2019-04-04,2.794,2.798,2.808,2.793,564403133,1579168622
2019-04-08,2.800,2.810,2.814,2.800,720304100,2023052741
2019-04-09,2.816,2.811,2.817,2.810,519789300,1462605046
2019-04-10,2.819,2.825,2.825,2.817,654152471,1844416933
2019-04-11,2.828,2.828,2.832,2.827,635048300,1796288729
2019-04-12,2.804,2.800,2.808,2.799,581057000,1629478296
2019-04-15,2.789,2.785,2.791,2.784,583537300,1627040031
2019-04-16,2.784,2.785,2.788,2.781,696907400,1940707204
2019-04-17,2.772,2.769,2.777,2.768,1160978300,3218472137
2019-04-18,2.759,2.751,2.761,2.749,457560200,1261481583
2019-04-19,2.763,2.762,2.769,2.762,720871100,1994548905
2019-04-22,2.765,2.772,2.775,2.764,655271100,1815867366
2019-04-23,2.771,2.757,2.772,2.755,810683500,2240418327
2019-04-24,2.756,2.754,2.758,2.750,839056600,2310969604
2019-04-25,2.765,2.767,2.769,2.763,664273400,1837607415
2019-04-26,2.774,2.773,2.777,2.769,763719200,2117898049
2019-04-29,2.778,2.769,2.785,2.768,583232700,1620533802
2019-04-30,2.770,2.777,2.780,2.770,464756100,1289350311
2019-05-06,2.798,2.793,2.805,2.788,603640800,1686287008
2019-05-07,2.791,2.787,2.794,2.786,382434300,1067386529
2019-05-08,2.798,2.804,2.805,2.795,440894100,1234787493
2019-05-09,2.800,2.806,2.808,2.798,311959600,874275347
2019-05-10,2.806,2.808,2.820,2.805,347269218,975657855
2019-05-13,2.821,2.826,2.828,2.821,205388161,580144581
2019-05-14,2.863,2.858,2.865,2.857,314489900,899552865
2019-05-15,2.858,2.844,2.858,2.842,456673791,1302810694
2019-05-16,2.852,2.858,2.859,2.852,338677670,967005748
2019-05-17,2.841,2.854,2.855,2.841,208880791,594925147
2019-05-20,2.839,2.835,2.839,2.832,227941806,645981373
2019-05-21,2.835,2.834,2.836,2.830,164771285,466897824
2019-05-22,2.828,2.834,2.838,2.828,254293525,720612151
2019-05-23,2.836,2.841,2.845,2.836,333779085,948211861
2019-05-24,2.855,2.856,2.858,2.852,236942850,676438341
2019-05-27,2.858,2.858,2.861,2.856,422357479,1207268623
2019-05-28,2.853,2.854,2.856,2.851,199726837,569955549
2019-05-29,2.850,2.861,2.862,2.849,245359900,700426918
2019-05-30,2.850,2.847,2.851,2.841,230790213,657129742
2019-05-31,2.876,2.878,2.879,2.872,209625933,602710682
2019-06-03,2.906,2.914,2.917,2.906,273433420,796891162
2019-06-04,2.945,2.944,2.947,2.935,264697900,778752073
2019-06-05,2.943,2.963,2.964,2.942,364983292,1076323167
2019-06-06,2.955,2.962,2.966,2.953,310944463,920683985
2019-06-10,2.960,2.953,2.969,2.948,486804234,1441161352
2019-06-11,2.954,2.937,2.958,2.937,409523865,1207745921
2019-06-12,2.944,2.972,2.979,2.944,392367038,1162103194
2019-06-13,2.966,2.977,2.977,2.964,326014100,969061389
2019-06-14,2.986,3.022,3.024,2.986,318099939,955212332
2019-06-17,3.000,2.983,3.001,2.982,336138686,1006342702
2019-06-18,2.991,3.004,3.012,2.991,463566208,1391008194
2019-06-19,2.980,2.989,2.991,2.978,413338100,1233873685
2019-06-20,3.050,3.054,3.060,3.050,495764951,1515229918
2019-06-21,3.075,3.079,3.107,3.075,408071218,1262082541
2019-06-24,3.109,3.101,3.111,3.100,337802823,1049230406
2019-06-25,3.148,3.166,3.185,3.145,636065395,2008930730
2019-06-26,3.132,3.108,3.134,3.071,330553803,1031677866
2019-06-27,3.113,3.100,3.118,3.097,364054054,1132415713
2019-06-28,3.124,3.109,3.150,3.104,314557194,985513410
2019-07-01,3.050,3.034,3.063,3.029,488079943,1487674236
2019-07-02,3.052,3.066,3.071,3.052,269922222,826330146
2019-07-03,3.172,3.152,3.177,3.138,410295592,1294234607
2019-07-04,3.142,3.119,3.142,3.113,260507200,814497229
2019-07-05,3.130,3.125,3.136,3.120,315912250,988642969
2019-07-08,3.091,3.109,3.111,3.087,287130515,889900323
2019-07-09,3.083,3.081,3.089,3.078,216956600,668839443
2019-07-10,3.084,3.079,3.088,3.075,117133000,361085217
2019-07-11,3.139,3.132,3.148,3.130,297145960,932574020
2019-07-12,3.113,3.111,3.113,3.100,171391800,532503586
2019-07-15,3.118,3.123,3.124,3.113,217680600,678754722
2019-07-16,3.121,3.120,3.127,3.118,170196600,531326638
2019-07-17,3.109,3.103,3.111,3.099,200137800,621189000
2019-07-18,3.147,3.135,3.150,3.131,193447411,607386617
2019-07-19,3.185,3.177,3.190,3.172,172257311,548504191
2019-07-22,3.145,3.153,3.159,3.142,141411900,445721209
2019-07-23,3.130,3.130,3.138,3.125,243241300,761774062
2019-07-24,3.140,3.143,3.144,3.137,183008600,574578953
2019-07-25,3.141,3.147,3.147,3.138,219652900,689904411
2019-07-26,3.130,3.134,3.134,3.123,120810479,377933022
2019-07-29,3.147,3.139,3.148,3.136,231651546,728115306
2019-07-30,3.143,3.152,3.154,3.143,277639200,873733225
2019-07-31,3.158,3.164,3.167,3.155,184705200,583541222
2019-08-01,3.125,3.112,3.126,3.110,208158615,649499987
2019-08-02,3.187,3.184,3.190,3.180,260350110,829518591
2019-08-05,3.239,3.289,3.304,3.238,387473572,1268788016
2019-08-06,3.332,3.296,3.332,3.295,344814092,1141119558
2019-08-07,3.346,3.363,3.374,3.346,420427786,1413084928
2019-08-08,3.383,3.386,3.406,3.369,327716167,1111713433
2019-08-09,3.404,3.403,3.420,3.393,339983606,1159058690
2019-08-12,3.402,3.382,3.402,3.381,250876994,851804044
2019-08-13,3.444,3.465,3.469,3.440,538414533,1858750105
2019-08-14,3.369,3.376,3.405,3.366,433844000,1469483756
2019-08-15,3.435,3.414,3.445,3.397,356056425,1220974235
2019-08-16,3.436,3.419,3.438,3.413,259045200,888487241
2019-08-19,3.394,3.402,3.419,3.393,362706559,1234951724
2019-08-20,3.394,3.388,3.394,3.382,417012311,1412644382
2019-08-21,3.399,3.391,3.403,3.388,346091728,1176275601
2019-08-22,3.395,3.401,3.403,3.395,141758300,481929116
2019-08-23,3.399,3.398,3.400,3.392,215351667,731569416
2019-08-26,3.521,3.520,3.534,3.510,318150249,1121957291
2019-08-27,3.511,3.522,3.526,3.501,236948129,832017518
2019-08-28,3.543,3.524,3.543,3.513,234293665,826649851
2019-08-29,3.530,3.565,3.566,3.529,288905600,1024193293
2019-08-30,3.503,3.508,3.523,3.495,361491818,1267506262
2019-09-02,3.502,3.496,3.505,3.492,282898777,989947602
2019-09-03,3.510,3.511,3.517,3.500,218523874,766862711
2019-09-04,3.557,3.524,3.560,3.522,305799837,1082531656
2019-09-05,3.542,3.539,3.544,3.525,199025129,702496368
2019-09-06,3.464,3.429,3.476,3.424,396414545,1372699101
2019-09-09,3.436,3.442,3.448,3.431,311284400,1071034402
2019-09-10,3.382,3.389,3.392,3.371,290756026,984874418
2019-09-11,3.397,3.404,3.408,3.396,350938726,1193155485
2019-09-12,3.395,3.404,3.404,3.393,198023281,672530660
2019-09-16,3.414,3.407,3.414,3.397,292905251,997866285
2019-09-17,3.405,3.394,3.405,3.392,220324615,749026058
2019-09-18,3.407,3.407,3.413,3.404,276284495,941669454
2019-09-19,3.387,3.401,3.403,3.385,238282800,808880654
2019-09-20,3.407,3.412,3.416,3.406,192641700,657109842
2019-09-23,3.437,3.441,3.461,3.437,347806152,1200413065
2019-09-24,3.463,3.460,3.466,3.454,360332600,1247184176
2019-09-25,3.480,3.480,3.482,3.473,226073379,786273942
2019-09-26,3.444,3.434,3.449,3.429,303687073,1044848719
2019-09-27,3.426,3.404,3.435,3.400,162748549,557748466
2019-09-30,3.400,3.396,3.403,3.386,143680001,488130765
2019-10-08,3.402,3.390,3.405,3.385,157931900,535814094
2019-10-09,3.435,3.440,3.441,3.434,234839800,807219151
2019-10-10,3.440,3.422,3.445,3.413,228907973,784621646
2019-10-11,3.391,3.405,3.406,3.389,142708831,484458493
2019-10-14,3.367,3.356,3.367,3.345,248654138,834301321
2019-10-15,3.363,3.363,3.377,3.361,271436067,914494200
2019-10-16,3.356,3.350,3.359,3.345,287978864,966296988
2019-10-17,3.366,3.374,3.377,3.365,293707318,989209673
2019-10-18,3.367,3.371,3.373,3.365,330803855,1114361265
2019-10-21,3.362,3.369,3.372,3.361,185654731,624574242
2019-10-22,3.349,3.356,3.359,3.349,275427600,924393288
2019-10-23,3.363,3.371,3.372,3.361,295457200,994659364
2019-10-24,3.367,3.364,3.369,3.363,352689875,1187228994
2019-10-25,3.388,3.398,3.400,3.387,491833062,1669143537
2019-10-28,3.394,3.395,3.396,3.388,261459849,887041200
2019-10-29,3.364,3.360,3.365,3.356,192562500,647298171
2019-10-30,3.357,3.356,3.362,3.353,175427800,588922860
2019-10-31,3.365,3.363,3.369,3.362,204958100,689859503
2019-11-01,3.396,3.387,3.398,3.300,276259950,936435869
2019-11-04,3.391,3.383,3.392,3.381,212931000,721047142
2019-11-05,3.374,3.362,3.376,3.359,210859177,710774998
2019-11-06,3.320,3.313,3.320,3.306,345977101,1145951086
2019-11-07,3.329,3.331,3.335,3.325,284447708,947465012
2019-11-08,3.253,3.269,3.271,3.250,292557600,954392840
2019-11-11,3.260,3.266,3.267,3.255,274300774,894066851
2019-11-12,3.250,3.233,3.250,3.228,245390600,795877741
2019-11-13,3.259,3.267,3.270,3.257,333857466,1089149416
2019-11-14,3.266,3.276,3.277,3.265,269470470,881099581
2019-11-15,3.274,3.268,3.276,3.265,186043900,608492903
2019-11-18,3.271,3.269,3.276,3.268,349158352,1142309787
2019-11-19,3.292,3.290,3.294,3.283,307934512,1012471693
2019-11-20,3.297,3.301,3.303,3.296,467298900,1541602281
2019-11-21,3.303,3.294,3.310,3.292,307522203,1014787106
2019-11-22,3.278,3.287,3.288,3.273,234239913,768092234
2019-11-25,3.269,3.264,3.278,3.262,371195751,1213980920
2019-11-26,3.254,3.263,3.264,3.247,278298171,905890745
2019-11-27,3.270,3.268,3.271,3.264,160851982,525599079
2019-11-28,3.264,3.261,3.266,3.260,153670061,501549238
2019-11-29,3.264,3.265,3.271,3.264,372259384,1216519718
2019-12-02,3.271,3.269,3.272,3.268,192269202,628682808
2019-12-03,3.278,3.277,3.283,3.274,279989779,918041546
2019-12-04,3.326,3.337,3.338,3.325,368420476,1227092684
2019-12-05,3.317,3.321,3.322,3.316,182131400,604453426
2019-12-06,3.315,3.297,3.316,3.296,308697801,1022096348
2019-12-09,3.272,3.275,3.279,3.270,403280335,1320433285
2019-12-10,3.278,3.280,3.283,3.276,201343638,660214501
2019-12-11,3.283,3.282,3.288,3.282,263164004,864254603
2019-12-12,3.303,3.300,3.313,3.300,277906578,918837134
2019-12-13,3.260,3.261,3.268,3.259,263320590,859212734
2019-12-16,3.282,3.294,3.297,3.281,248243739,815893887
2019-12-17,3.292,3.292,3.294,3.289,384993837,1267237379
2019-12-18,3.293,3.295,3.297,3.291,383959296,1264642290
2019-12-19,3.291,3.292,3.299,3.291,359961300,1185916390
2019-12-20,3.296,3.302,3.303,3.295,311080320,1026173202
2019-12-23,3.301,3.313,3.315,3.300,344127900,1137762328
2019-12-24,3.318,3.331,3.333,3.317,382142068,1271260919
2019-12-25,3.348,3.352,3.354,3.344,302903084,1015114842
2019-12-26,3.353,3.353,3.357,3.345,335218524,1123859300
2019-12-27,3.364,3.363,3.382,3.360,442596076,1492936084
2019-12-30,3.372,3.361,3.374,3.361,384684900,1295585186
2019-12-31,3.375,3.384,3.386,3.373,402632694,1360969185
2020-01-02,3.371,3.370,3.377,3.368,381843814,1287583746
2020-01-03,3.392,3.422,3.428,3.390,367914983,1254881697
2020-01-06,3.496,3.497,3.510,3.493,460780493,1613494876
2020-01-07,3.472,3.466,3.475,3.447,361056966,1249704636
2020-01-08,3.547,3.531,3.560,3.511,546298189,1926679989
2020-01-09,3.440,3.408,3.451,3.397,445819020,1534083852
2020-01-10,3.413,3.418,3.425,3.413,272050841,930565151
2020-01-13,3.423,3.418,3.435,3.413,430474242,1474214156
2020-01-14,3.368,3.374,3.376,3.363,424502086,1430424559
2020-01-15,3.398,3.403,3.414,3.395,420875401,1434372564
2020-01-16,3.413,3.406,3.420,3.403,491406222,1677270655
2020-01-17,3.402,3.404,3.410,3.400,333220663,1134252856
2020-01-20,3.407,3.405,3.410,3.403,430093563,1465106193
2020-01-21,3.425,3.437,3.449,3.424,509390317,1751478809
2020-01-22,3.409,3.407,3.419,3.401,359960480,1227541567
2020-01-23,3.428,3.430,3.437,3.421,256121000,878069427
2020-02-03,3.510,3.520,3.527,3.510,351086537,1235172492
2020-02-04,3.509,3.492,3.512,3.488,335443599,1174676005
2020-02-05,3.459,3.469,3.476,3.453,391975435,1357974668
2020-02-06,3.448,3.452,3.454,3.439,356182627,1228019964
2020-02-07,3.480,3.468,3.482,3.463,215436733,748690010
2020-02-10,3.491,3.481,3.497,3.479,339872403,1184823780
2020-02-11,3.479,3.472,3.482,3.470,272462207,946956446
2020-02-12,3.466,3.465,3.470,3.459,371946240,1289068425
2020-02-13,3.474,3.490,3.493,3.474,319584440,1113158238
2020-02-14,3.495,3.494,3.498,3.486,198147469,692100247
2020-02-17,3.509,3.505,3.511,3.502,296965567,1041005920
2020-02-18,3.514,3.522,3.523,3.514,411444070,1447726127
2020-02-19,3.563,3.562,3.569,3.555,407130062,1450226368
2020-02-20,3.568,3.574,3.595,3.568,344032467,1232251933
2020-02-21,3.611,3.646,3.648,3.611,447405401,1624586052
2020-02-24,3.728,3.725,3.730,3.707,596541448,2216601413
2020-02-25,3.679,3.648,3.703,3.640,915555049,3373649140
2020-02-26,3.667,3.668,3.678,3.632,777739323,2849456635
2020-02-27,3.665,3.669,3.690,3.665,605671218,2225988931
2020-02-28,3.652,3.623,3.660,3.605,500792209,1823033607
2020-03-02,3.549,3.542,3.556,3.516,604472471,2138388882
2020-03-03,3.532,3.536,3.542,3.530,440703226,1558011433
2020-03-04,3.608,3.612,3.628,3.607,536789980,1940724987
2020-03-05,3.603,3.611,3.612,3.600,380561927,1371411920
2020-03-06,3.677,3.686,3.705,3.672,513592422,1892257669
2020-03-09,3.716,3.659,3.728,3.317,711691432,2624195457
2020-03-10,3.647,3.612,3.656,3.593,535616366,1945663130
2020-03-11,3.621,3.648,3.649,3.621,582121976,2115649910
2020-03-12,3.622,3.608,3.625,3.597,459953530,1658973369
2020-03-13,3.472,3.502,3.519,3.437,597822634,2076825928
2020-03-16,3.400,3.414,3.436,3.382,587541169,2005647215
2020-03-17,3.315,3.255,3.316,3.250,633399975,2080993365
2020-03-18,3.380,3.326,3.390,3.306,795759336,2675879176
2020-03-19,3.295,3.312,3.318,3.253,640338967,2104808503
2020-03-20,3.317,3.346,3.361,3.305,492491948,1636123613
2020-03-23,3.325,3.337,3.355,3.324,481077100,1607791181
2020-03-24,3.550,3.523,3.554,3.489,580565796,2042565440
2020-03-25,3.601,3.581,3.610,3.573,629555198,2261848702
2020-03-26,3.568,3.572,3.594,3.567,528919132,1892239691
2020-03-27,3.605,3.612,3.621,3.599,477157440,1722024450
2020-03-30,3.597,3.583,3.601,3.577,451756034,1622066720
2020-03-31,3.583,3.586,3.590,3.581,486541736,1744376819
2020-04-01,3.505,3.528,3.537,3.503,419471001,1475067658
2020-04-02,3.526,3.543,3.550,3.524,332260141,1173648164
2020-04-03,3.582,3.575,3.599,3.568,285008082,1020595888
2020-04-07,3.686,3.676,3.691,3.671,420795297,1549853233
2020-04-08,3.643,3.641,3.654,3.639,413460942,1508410142
2020-04-09,3.642,3.650,3.651,3.640,332076298,1209831730
2020-04-10,3.681,3.671,3.687,3.664,449865780,1654369092
2020-04-13,3.675,3.670,3.676,3.655,364959800,1336618261
2020-04-14,3.698,3.712,3.736,3.685,439242092,1631108095
2020-04-15,3.713,3.702,3.729,3.700,486799588,1810918111
2020-04-16,3.702,3.730,3.743,3.700,451034200,1673766832
2020-04-17,3.690,3.669,3.696,3.643,426186400,1567021083
2020-04-20,3.634,3.651,3.661,3.633,392433929,1431885123
2020-04-21,3.674,3.684,3.687,3.671,646262863,2376551485
2020-04-22,3.686,3.674,3.690,3.665,407596770,1500164789
2020-04-23,3.735,3.739,3.748,3.730,400188828,1496887215
2020-04-24,3.741,3.769,3.775,3.739,355274966,1332629882
2020-04-27,3.763,3.741,3.763,3.739,345923540,1298209378
2020-04-28,3.717,3.714,3.721,3.694,495536894,1837664210
2020-04-29,3.729,3.733,3.741,3.728,544862579,2034589545
2020-04-30,3.728,3.746,3.751,3.723,282604624,1054720717
2020-05-06,3.748,3.741,3.750,3.734,324289050,1213685972
2020-05-07,3.732,3.723,3.740,3.721,482188055,1800144603
2020-05-08,3.775,3.769,3.779,3.767,444158000,1675371093
2020-05-11,3.751,3.754,3.760,3.747,455091700,1708650073
2020-05-12,3.741,3.746,3.754,3.740,386522300,1448423829
2020-05-13,3.755,3.757,3.759,3.749,402964666,1512529085
2020-05-14,3.772,3.781,3.782,3.771,415694104,1569134514
2020-05-15,3.818,3.834,3.842,3.814,310070368,1185265327
2020-05-18,3.900,3.927,3.939,3.899,471884826,1851676376
2020-05-19,3.868,3.865,3.886,3.852,550857200,2134866473
2020-05-20,3.908,3.906,3.916,3.900,542869223,2120784487
2020-05-21,3.890,3.870,3.894,3.867,453316287,1759790394
2020-05-22,3.846,3.865,3.868,3.834,468965626,1805390176
2020-05-25,3.855,3.858,3.868,3.851,401116823,1548443092
2020-05-26,3.873,3.876,3.887,3.871,318601556,1235692682
2020-05-27,3.845,3.835,3.847,3.830,404343113,1552648212
2020-05-28,3.850,3.863,3.871,3.846,382322800,1475225031
2020-05-29,3.857,3.864,3.869,3.854,418602612,1616722459
2020-06-01,3.881,3.895,3.906,3.881,479072109,1864794597
2020-06-02,3.885,3.888,3.896,3.883,499594675,1943263115
2020-06-03,3.852,3.853,3.866,3.848,451340148,1741442091
2020-06-04,3.815,3.820,3.834,3.813,537853718,2057303489
2020-06-05,3.845,3.817,3.847,3.813,423175661,1620975065
2020-06-08,3.774,3.783,3.788,3.771,469382501,1772433028
2020-06-09,3.793,3.782,3.796,3.778,302404190,1144718341
2020-06-10,3.823,3.821,3.825,3.818,299804900,1145479168
2020-06-11,3.844,3.855,3.856,3.841,492642290,1895236856
2020-06-12,3.850,3.854,3.856,3.841,597308803,2297666454
2020-06-15,3.860,3.844,3.866,3.833,455092000,1752661372
2020-06-16,3.842,3.840,3.852,3.829,618127823,2375174123
2020-06-17,3.842,3.842,3.848,3.837,443191028,1702822217
2020-06-18,3.847,3.836,3.847,3.834,502325771,1929758070
2020-06-19,3.837,3.844,3.849,3.837,634811235,2439085424
2020-06-22,3.891,3.886,3.901,3.885,690726506,2688456172
2020-06-23,3.896,3.882,3.896,3.877,597215211,2321588083
2020-06-24,3.913,3.910,3.915,3.904,466070203,1821625363
2020-06-29,3.917,3.910,3.917,3.907,390606688,1527990063
2020-06-30,3.909,3.914,3.915,3.906,626114822,2448171936
2020-07-01,3.930,3.939,3.942,3.926,501693330,1973363651
2020-07-02,3.901,3.903,3.908,3.898,480973576,1877390730
2020-07-03,3.917,3.915,3.919,3.907,465526388,1822549750
2020-07-06,3.912,3.902,3.915,3.898,547256840,2137196438
2020-07-07,3.909,3.911,3.913,3.904,954624685,3731357393
2020-07-08,3.929,3.928,3.932,3.925,724390201,2845814813
2020-07-09,3.947,3.954,3.959,3.945,895031855,3538580427
2020-07-10,3.936,3.926,3.943,3.924,476430241,1875713037
2020-07-13,3.938,3.939,3.947,3.937,580560314,2287739230
2020-07-14,3.928,3.935,3.940,3.928,682105301,2683461190
2020-07-15,3.948,3.940,3.956,3.939,805515660,3177991255
2020-07-16,3.939,3.927,3.946,3.926,488219613,1923197858
2020-07-17,3.905,3.904,3.905,3.892,517308605,2017444400
2020-07-20,3.916,3.925,3.926,3.916,616189371,2415266627
2020-07-21,3.941,3.951,3.957,3.933,655417603,2581762851
2020-07-22,4.063,4.043,4.065,4.030,603547593,2438544665
2020-07-23,4.056,4.066,4.069,4.051,495540313,2010546698
2020-07-24,4.084,4.109,4.111,4.083,570400997,2337096290
2020-07-27,4.165,4.203,4.253,4.162,862364052,3627208573
2020-07-28,4.290,4.198,4.290,4.167,679015008,2879228119
2020-07-29,4.222,4.206,4.222,4.199,625712417,2632338684
2020-07-30,4.215,4.174,4.218,4.157,526293874,2212740095
2020-07-31,4.181,4.216,4.220,4.172,877114194,3672255014
2020-08-03,4.212,4.200,4.216,4.198,534377030,2248812666
2020-08-04,4.213,4.206,4.217,4.201,583612001,2458616633
2020-08-05,4.299,4.320,4.327,4.274,441331375,1895603438
2020-08-06,4.333,4.353,4.359,4.329,579767957,2517207317
2020-08-07,4.402,4.378,4.415,4.315,468888751,2061162053
2020-08-10,4.335,4.349,4.357,4.334,345233954,1499208439
2020-08-11,4.323,4.253,4.335,4.234,565791572,2433925089
2020-08-12,4.037,3.989,4.037,3.958,418444850,1665711147
2020-08-13,4.068,4.054,4.070,4.040,617483540,2504865076
2020-08-14,4.142,4.088,4.149,4.075,536112482,2215225271
2020-08-17,4.092,4.129,4.133,4.086,484646848,1992328652
2020-08-18,4.202,4.225,4.234,4.202,507940165,2141720540
2020-08-19,4.217,4.177,4.217,4.173,487759444,2047621355
2020-08-20,4.065,4.088,4.108,4.048,562662206,2299308243
2020-08-21,4.089,4.091,4.100,4.073,520151351,2127180210
2020-08-24,4.042,4.056,4.066,4.040,397389412,1611101953
2020-08-25,4.063,4.064,4.075,4.055,446088891,1814616914
2020-08-26,4.062,4.059,4.074,4.055,356876696,1450306260
2020-08-27,4.102,4.108,4.109,4.096,578878757,2375190679
2020-08-28,4.082,4.109,4.115,4.081,350491241,1436103211
2020-08-31,4.138,4.123,4.144,4.119,399255081,1651248010
2020-09-01,4.149,4.169,4.177,4.149,504900595,2103009938
2020-09-02,4.135,4.125,4.136,4.120,434122222,1791382347
2020-09-03,4.085,4.053,4.104,4.045,438240654,1787997524
2020-09-04,4.062,4.065,4.079,4.053,317791904,1292721954
2020-09-07,4.079,4.063,4.087,4.056,412305606,1680162060
2020-09-08,4.060,4.066,4.076,4.050,435512601,1767792104
2020-09-09,4.061,4.068,4.081,4.058,275625175,1121123635
2020-09-10,4.105,4.096,4.108,4.091,371404045,1523254492
2020-09-11,4.098,4.087,4.103,4.071,433153117,1769898690
2020-09-14,4.088,4.086,4.099,4.084,386212419,1580548330
2020-09-15,4.098,4.100,4.112,4.092,604989299,2482483370
2020-09-16,4.077,4.088,4.093,4.075,315032866,1286399284
2020-09-17,4.077,4.060,4.080,4.050,539818128,2191535195
2020-09-18,4.067,4.078,4.079,4.064,373054342,1518793727
2020-09-21,4.085,4.078,4.090,4.075,269480157,1100108730
2020-09-22,3.978,3.985,4.004,3.967,386013831,1539461641
2020-09-23,3.980,3.925,3.989,3.911,368209971,1457738889
2020-09-24,3.920,3.881,3.924,3.869,359490052,1402666714
2020-09-25,3.902,3.928,3.930,3.897,471870023,1845240922
2020-09-28,3.922,3.919,3.925,3.914,358361500,1404661641
2020-09-29,3.968,3.972,3.975,3.950,239432818,950252277
2020-09-30,3.985,3.974,3.989,3.966,279000199,1110412465
2020-10-09,3.962,3.971,3.986,3.959,247649712,984504728
2020-10-12,4.019,4.014,4.030,4.013,324873753,1307228925
2020-10-13,4.012,4.003,4.019,3.995,262227794,1050152625
2020-10-14,3.930,3.958,3.958,3.927,396059016,1562271051
2020-10-15,3.948,3.953,3.960,3.938,351164952,1387034383
2020-10-16,3.972,3.965,3.977,3.962,308477427,1224776331
2020-10-19,3.954,3.968,3.974,3.944,432625159,1711313928
2020-10-20,3.954,3.952,3.955,3.938,347455216,1372011223
2020-10-21,3.972,3.966,3.979,3.963,306367137,1216953581
2020-10-22,3.975,3.970,3.975,3.956,437075940,1732815888
2020-10-23,3.953,3.956,3.957,3.947,313337378,1238522037
2020-10-26,3.947,3.938,3.947,3.926,307890792,1212541291
2020-10-27,3.968,3.972,3.976,3.966,318802122,1266323425
2020-10-28,3.974,3.974,3.985,3.969,228293418,908036534
2020-10-29,3.913,3.920,3.933,3.910,394820038,1548256267
2020-10-30,3.906,3.897,3.908,3.885,236328450,921456436
2020-11-02,3.914,3.930,3.936,3.914,247795993,972412865
2020-11-03,3.940,3.949,3.955,3.939,590569338,2331227604
2020-11-04,3.970,3.967,3.976,3.955,432160074,1714671917
2020-11-05,3.951,3.965,3.966,3.950,297078914,1176200697
2020-11-06,4.002,4.001,4.013,3.990,406735532,1628712310
2020-11-09,4.014,3.990,4.016,3.987,400952687,1607100214
2020-11-10,3.854,3.889,3.894,3.850,410579874,1588928815
2020-11-11,3.884,3.881,3.884,3.866,322929484,1250667967
2020-11-12,3.865,3.873,3.879,3.862,658773788,2551356828
2020-11-13,3.887,3.890,3.892,3.886,266569483,1036880207
2020-11-16,3.905,3.888,3.910,3.885,291587167,1137282701
2020-11-17,3.887,3.881,3.891,3.876,403809896,1568741588
2020-11-18,3.861,3.856,3.865,3.849,287549900,1109294090
2020-11-19,3.852,3.837,3.853,3.828,284481811,1093145548
2020-11-20,3.843,3.843,3.849,3.837,288361800,1108008079
2020-11-23,3.851,3.851,3.855,3.841,271142677,1043150410
2020-11-24,3.772,3.755,3.774,3.746,401833337,1509340300
2020-11-25,3.725,3.714,3.727,3.705,446271594,1658031708
2020-11-26,3.717,3.718,3.720,3.704,355684435,1320656115
2020-11-27,3.716,3.720,3.722,3.711,236994013,880638294
2020-11-30,3.656,3.628,3.656,3.604,477956084,1733729833
2020-12-01,3.640,3.653,3.661,3.638,335691763,1224877717
2020-12-02,3.700,3.707,3.710,3.695,397688813,1473097771
2020-12-03,3.729,3.748,3.754,3.722,404160395,1511482152
2020-12-04,3.752,3.754,3.764,3.743,335235694,1258005577
2020-12-07,3.738,3.745,3.752,3.736,349286903,1308210845
2020-12-08,3.795,3.800,3.809,3.790,370686406,1408387082
2020-12-09,3.798,3.778,3.802,3.771,289868366,1098278328
2020-12-10,3.746,3.740,3.755,3.738,496998867,1862662039
2020-12-11,3.744,3.739,3.749,3.731,358736369,1342644445
2020-12-14,3.742,3.740,3.747,3.734,364495800,1363769785
2020-12-15,3.734,3.769,3.770,3.731,185437051,695589863
2020-12-16,3.782,3.793,3.801,3.778,197229992,747731429
2020-12-17,3.799,3.812,3.818,3.797,403834402,1536954598
2020-12-18,3.824,3.838,3.849,3.824,366577123,1406286180
2020-12-21,3.878,3.879,3.897,3.871,554440000,2152744445
2020-12-22,3.840,3.825,3.852,3.820,402887720,1548357712
2020-12-23,3.822,3.818,3.826,3.811,393032137,1501470210
2020-12-24,3.844,3.832,3.847,3.830,348493494,1338024297
2020-12-25,3.834,3.853,3.856,3.833,336388657,1293013857
2020-12-28,3.875,3.858,3.887,3.827,438746440,1700536378
2020-12-29,3.852,3.837,3.856,3.834,376341212,1447182437
2020-12-30,3.837,3.832,3.845,3.828,164010200,629434510
2020-12-31,3.867,3.850,3.868,3.838,280224200,1079847303
2021-01-04,3.897,3.902,3.909,3.894,355073116,1384874111
2021-01-05,3.923,3.920,3.930,3.914,415591092,1630368946
2021-01-06,3.931,3.931,3.939,3.922,459531490,1806842663
2021-01-07,3.889,3.903,3.904,3.875,430233824,1671592523
2021-01-08,3.890,3.878,3.894,3.876,272133204,1057337389
2021-01-11,3.730,3.777,3.782,3.715,374907646,1407572011
2021-01-12,3.769,3.805,3.808,3.767,369051344,1398000390
2021-01-13,3.803,3.797,3.815,3.790,378137598,1438637832
2021-01-14,3.796,3.772,3.796,3.752,321771322,1215030480
2021-01-15,3.792,3.785,3.798,3.775,181835403,689339096
2021-01-18,3.741,3.775,3.783,3.739,470611086,1768802096
2021-01-19,3.793,3.779,3.793,3.772,310189034,1172521345
2021-01-20,3.790,3.789,3.795,3.780,334562054,1267024864
2021-01-21,3.813,3.825,3.828,3.810,247822500,946259824
2021-01-22,3.811,3.806,3.815,3.798,239215760,910922954
2021-01-25,3.807,3.788,3.808,3.785,380377573,1445368435
2021-01-26,3.796,3.799,3.811,3.792,291652400,1108918523
2021-01-27,3.777,3.779,3.782,3.762,265293791,1000651681
2021-01-28,3.767,3.761,3.771,3.759,299275133,1127119150
2021-01-29,3.763,3.778,3.784,3.763,369825954,1392942800
2021-02-01,3.778,3.820,3.828,3.770,352501600,1340715966
2021-02-02,3.815,3.789,3.821,3.786,261825404,996792743
2021-02-03,3.755,3.750,3.765,3.745,386374796,1451000009
2021-02-04,3.746,3.723,3.746,3.699,302218564,1123940383
2021-02-05,3.680,3.681,3.686,3.673,168134520,618561978
2021-02-08,3.708,3.712,3.715,3.698,192024600,711805158
2021-02-09,3.742,3.752,3.759,3.741,193463184,726035173
2021-02-10,3.742,3.756,3.762,3.738,160992713,603820767
2021-02-18,3.645,3.650,3.653,3.636,338778500,1234795893
2021-02-19,3.629,3.634,3.645,3.616,362058354,1313616520
2021-02-22,3.664,3.675,3.685,3.654,337859541,1238640234
2021-02-23,3.704,3.713,3.727,3.704,350532338,1303146354
2021-02-24,3.709,3.705,3.714,3.700,362548122,1343808308
2021-02-25,3.684,3.670,3.686,3.664,258382272,950092233
2021-02-26,3.650,3.613,3.650,3.606,357941231,1300498652
2021-03-01,3.572,3.595,3.600,3.571,358863084,1286583453
2021-03-02,3.540,3.536,3.546,3.503,433414811,1526297769
2021-03-03,3.554,3.549,3.572,3.545,240128931,853055970
2021-03-04,3.518,3.514,3.521,3.504,409102756,1437289859
2021-03-05,3.467,3.482,3.486,3.463,313466415,1088347996
2021-03-08,3.523,3.519,3.533,3.517,345212756,1217141114
2021-03-09,3.489,3.506,3.509,3.481,414212000,1445989209
2021-03-10,3.547,3.542,3.551,3.533,427472784,1513418801
2021-03-11,3.559,3.573,3.584,3.557,550041800,1964267564
2021-03-12,3.553,3.524,3.554,3.520,309988242,1096930310
2021-03-15,3.573,3.556,3.578,3.554,390433971,1392081734
2021-03-16,3.572,3.562,3.578,3.562,368423423,1315369259
2021-03-17,3.570,3.577,3.581,3.570,282510337,1010342661
2021-03-18,3.612,3.604,3.615,3.599,247447136,892387212
2021-03-19,3.569,3.589,3.599,3.565,171939400,614984379
2021-03-22,3.581,3.570,3.594,3.566,264857017,948515223
2021-03-23,3.571,3.585,3.588,3.570,283520118,1014708511
2021-03-24,3.567,3.578,3.587,3.567,527171217,1887042618
2021-03-25,3.588,3.589,3.603,3.584,279635018,1004255648
2021-03-26,3.581,3.579,3.584,3.567,497276168,1779141353
2021-03-29,3.580,3.579,3.589,3.576,645461516,2312764674
2021-03-30,3.558,3.536,3.558,3.535,308316000,1093295110
2021-03-31,3.501,3.495,3.502,3.480,364266332,1271331379
2021-04-01,3.538,3.565,3.571,3.538,398255531,1415114863
2021-04-02,3.603,3.612,3.615,3.601,597345644,2155954502
2021-04-06,3.607,3.591,3.608,3.589,422970880,1523497410
2021-04-07,3.602,3.607,3.609,3.595,396376516,1426930886
2021-04-08,3.596,3.614,3.624,3.595,361815448,1305090040
2021-04-09,3.641,3.631,3.650,3.627,314581000,1144248473
2021-04-12,3.615,3.612,3.616,3.597,398812464,1438493282
2021-04-13,3.580,3.575,3.598,3.574,271051252,972256988
2021-04-14,3.614,3.615,3.617,3.603,286103675,1033461710
2021-04-15,3.598,3.612,3.614,3.588,473415942,1704804786
2021-04-16,3.645,3.643,3.652,3.640,257720225,939622723
2021-04-19,3.671,3.670,3.676,3.666,283146500,1039667316
2021-04-20,3.645,3.635,3.647,3.630,347781926,1265314558
2021-04-21,3.657,3.673,3.675,3.657,390239100,1430525039
2021-04-22,3.683,3.676,3.692,3.669,218433400,804256034
2021-04-23,3.672,3.668,3.676,3.663,255202900,936769755
2021-04-26,3.651,3.649,3.661,3.644,276853971,1011748942
2021-04-27,3.654,3.653,3.657,3.641,212101790,774231709
2021-04-28,3.636,3.632,3.641,3.627,366612595,1332881675
2021-04-29,3.664,3.643,3.672,3.640,370007824,1354794401
2021-04-30,3.623,3.625,3.630,3.611,257839200,932650616
2021-05-06,3.664,3.676,3.685,3.662,336101714,1233893286
2021-05-07,3.716,3.717,3.724,3.708,432461648,1606628487
2021-05-10,3.724,3.730,3.740,3.720,378766578,1412093325
2021-05-11,3.731,3.725,3.734,3.724,297097438,1108051637
2021-05-12,3.725,3.732,3.734,3.713,335363200,1247957594
2021-05-13,3.719,3.717,3.722,3.707,261015000,969646811
2021-05-14,3.719,3.739,3.742,3.712,378071694,1406686740
2021-05-17,3.781,3.777,3.788,3.772,324302379,1225562254
2021-05-18,3.803,3.802,3.817,3.799,374155082,1424897698
2021-05-19,3.795,3.812,3.812,3.789,379659785,1441935746
2021-05-20,3.806,3.811,3.827,3.794,324058190,1236567825
2021-05-21,3.811,3.816,3.823,3.806,286325966,1092236029
2021-05-24,3.836,3.828,3.844,3.826,337913234,1296490117
2021-05-25,3.790,3.812,3.817,3.790,250507065,952184318
2021-05-26,3.857,3.852,3.865,3.842,296758743,1144307924
2021-05-27,3.823,3.829,3.838,3.821,354656398,1357628550
2021-05-28,3.825,3.800,3.825,3.798,437672154,1668583770
2021-05-31,3.836,3.828,3.842,3.826,369707189,1417762817
2021-06-01,3.839,3.853,3.855,3.838,248864500,957227114
2021-06-02,3.828,3.793,3.830,3.781,349321578,1332071375
2021-06-03,3.802,3.774,3.818,3.766,285499585,1085064404
2021-06-04,3.715,3.732,3.747,3.674,326454400,1208354587
2021-06-07,3.759,3.757,3.770,3.754,423271163,1592064530
2021-06-08,3.799,3.778,3.801,3.771,450507301,1704479283
2021-06-09,3.778,3.775,3.786,3.771,340664756,1286885038
2021-06-10,3.767,3.764,3.781,3.758,357575600,1346631526
2021-06-11,3.795,3.795,3.802,3.792,264591163,1004906044
2021-06-15,3.720,3.730,3.738,3.705,342636707,1275122118
2021-06-16,3.718,3.729,3.734,3.710,330241282,1228981102
2021-06-17,3.673,3.667,3.683,3.655,318993292,1171494563
2021-06-18,3.625,3.625,3.634,3.622,529165861,1920013878
2021-06-21,3.615,3.628,3.631,3.604,384826269,1392157780
2021-06-22,3.642,3.641,3.652,3.631,306757942,1117121211
2021-06-23,3.640,3.645,3.648,3.637,377651386,1375792283
2021-06-24,3.632,3.628,3.636,3.625,470578351,1708404591
2021-06-25,3.623,3.624,3.632,3.621,383013696,1388710891
2021-06-28,3.618,3.629,3.639,3.609,357891027,1296370211
2021-06-29,3.619,3.616,3.625,3.614,256189743,927030422
2021-06-30,3.596,3.584,3.596,3.579,349326516,1253235098
2021-07-01,3.610,3.629,3.635,3.608,228466671,827915860
2021-07-02,3.640,3.632,3.640,3.631,294637663,1071138887
2021-07-05,3.651,3.645,3.654,3.635,337826560,1231073039
2021-07-06,3.651,3.679,3.679,3.651,624889859,2289813422
2021-07-07,3.676,3.676,3.680,3.665,616985605,2265853357
2021-07-08,3.680,3.670,3.680,3.664,574165600,2106907251
2021-07-09,3.684,3.680,3.696,3.674,431140598,1589719659
2021-07-12,3.691,3.674,3.693,3.669,302899521,1114509380
2021-07-13,3.684,3.689,3.694,3.679,522369050,1926948077
2021-07-14,3.683,3.692,3.700,3.683,475923830,1758328649
2021-07-15,3.715,3.721,3.723,3.710,357052302,1326843711
2021-07-16,3.720,3.711,3.724,3.708,403966588,1501665357
2021-07-19,3.700,3.679,3.702,3.677,364769925,1347180078
2021-07-20,3.705,3.709,3.714,3.705,428268087,1588785812
2021-07-21,3.685,3.695,3.696,3.679,369242681,1361224943
2021-07-22,3.667,3.667,3.670,3.660,396398066,1452979168
2021-07-23,3.675,3.684,3.686,3.672,325754067,1198169654
2021-07-26,3.681,3.693,3.697,3.681,355305952,1311213552
2021-07-27,3.675,3.662,3.675,3.657,303668681,1112774948
2021-07-28,3.695,3.698,3.707,3.693,451570684,1671302750
2021-07-29,3.714,3.708,3.716,3.702,221173600,820147761
2021-07-30,3.721,3.720,3.730,3.711,416687677,1549951752
2021-08-02,3.685,3.680,3.689,3.676,382018000,1407341110
2021-08-03,3.682,3.681,3.693,3.678,301014702,1109552592
2021-08-04,3.682,3.689,3.697,3.682,514598757,1899518642
2021-08-05,3.689,3.685,3.691,3.682,412889469,1522168869
2021-08-06,3.666,3.663,3.669,3.661,438159591,1606062042
2021-08-09,3.555,3.568,3.573,3.544,485830451,1729498578
2021-08-10,3.557,3.552,3.557,3.545,627482922,2228324339
2021-08-11,3.542,3.548,3.554,3.541,331284592,1175094769
2021-08-12,3.575,3.580,3.586,3.571,480300263,1717961146
2021-08-13,3.589,3.591,3.595,3.584,401721377,1441677240
2021-08-16,3.635,3.621,3.638,3.620,538369542,1953769924
2021-08-17,3.645,3.658,3.662,3.641,453896333,1655925262
2021-08-18,3.658,3.660,3.663,3.653,565197400,2067509548
2021-08-19,3.653,3.648,3.653,3.630,491820573,1791040682
2021-08-20,3.652,3.659,3.662,3.649,758849289,2774159474
2021-08-23,3.636,3.652,3.660,3.630,448739993,1638677661
2021-08-24,3.677,3.679,3.687,3.676,452878634,1666908092
2021-08-25,3.672,3.658,3.672,3.657,348770481,1277274588
2021-08-26,3.656,3.645,3.656,3.644,674767266,2463395257
2021-08-27,3.665,3.682,3.688,3.664,476584828,1751829009
2021-08-30,3.706,3.691,3.709,3.689,622631875,2302467076
2021-08-31,3.689,3.690,3.697,3.687,470790354,1737776616
2021-09-01,3.690,3.690,3.693,3.680,398621636,1469525072
2021-09-02,3.689,3.687,3.691,3.681,305116642,1124702006
2021-09-03,3.679,3.687,3.692,3.676,366860242,1351912273
2021-09-06,3.710,3.708,3.715,3.707,348771430,1294418408
2021-09-07,3.711,3.696,3.713,3.689,292054000,1081060096
2021-09-08,3.659,3.653,3.668,3.650,438335601,1603468337
2021-09-09,3.638,3.639,3.642,3.634,202617359,737107559
2021-09-10,3.647,3.660,3.662,3.647,291173448,1064288439
2021-09-13,3.640,3.642,3.649,3.631,319974725,1165052144
2021-09-14,3.641,3.646,3.649,3.641,200556365,731140240
2021-09-15,3.664,3.659,3.670,3.658,235085281,861822129
2021-09-16,3.639,3.628,3.647,3.621,267860074,974333279
2021-09-17,3.596,3.592,3.596,3.578,296645465,1063201676
2021-09-22,3.632,3.640,3.642,3.631,232183092,844625942
2021-09-23,3.612,3.605,3.613,3.601,386433859,1393921126
2021-09-24,3.578,3.586,3.588,3.573,186153013,666504848
2021-09-27,3.590,3.590,3.602,3.590,290208200,1043751371
2021-09-28,3.580,3.562,3.585,3.559,201780000,721863807
2021-09-29,3.555,3.557,3.562,3.551,187317800,666402727
2021-09-30,3.550,3.543,3.556,3.542,180952788,642361800
2021-10-08,3.580,3.587,3.591,3.580,222845935,799387454
2021-10-11,3.587,3.573,3.589,3.570,208413749,746336374
2021-10-12,3.580,3.591,3.596,3.580,174994830,628021247
2021-10-13,3.591,3.590,3.594,3.583,207587845,744943229
2021-10-14,3.633,3.636,3.641,3.628,324385204,1179323298
2021-10-15,3.641,3.629,3.645,3.626,180424224,656188589
2021-10-18,3.591,3.580,3.596,3.574,280941978,1007851010
2021-10-19,3.584,3.594,3.594,3.581,150282621,539081475
2021-10-20,3.574,3.584,3.585,3.570,221836965,793487767
2021-10-21,3.596,3.601,3.607,3.596,236326000,851260072
2021-10-22,3.601,3.615,3.617,3.599,252511743,910261834
2021-10-25,3.606,3.606,3.616,3.603,348142968,1256765277
2021-10-26,3.630,3.621,3.630,3.618,279358080,1011781749
2021-10-27,3.596,3.594,3.596,3.580,256299411,919525736
2021-10-28,3.610,3.629,3.631,3.609,287315374,1040715297
2021-10-29,3.623,3.609,3.623,3.608,319884037,1156059252
2021-11-01,3.594,3.594,3.604,3.592,238186300,857363718
2021-11-02,3.605,3.617,3.623,3.605,322180530,1164529696
2021-11-03,3.600,3.589,3.602,3.586,304279399,1092648577
2021-11-04,3.581,3.575,3.586,3.571,225887788,808648031
2021-11-05,3.616,3.624,3.626,3.616,319276410,1155982721
2021-11-08,3.673,3.660,3.673,3.656,252680500,926583351
2021-11-09,3.675,3.671,3.676,3.662,345259700,1266624970
2021-11-10,3.675,3.669,3.679,3.663,242781200,891887677
2021-11-11,3.716,3.721,3.732,3.707,313311834,1165515332
2021-11-12,3.730,3.722,3.732,3.720,288738000,1075628857
2021-11-15,3.729,3.716,3.730,3.709,228239200,848513303
2021-11-16,3.734,3.732,3.741,3.729,287212418,1072405219
2021-11-17,3.717,3.720,3.723,3.711,312973560,1163278870
2021-11-18,3.740,3.735,3.745,3.735,327373170,1224640139
2021-11-19,3.734,3.730,3.739,3.727,235021800,877801327
2021-11-22,3.706,3.696,3.711,3.694,387565600,1436679314
2021-11-23,3.651,3.632,3.651,3.630,407412765,1482337249
2021-11-24,3.615,3.613,3.621,3.606,367865200,1328951961
2021-11-25,3.614,3.611,3.616,3.609,334510349,1208136925
2021-11-26,3.613,3.628,3.631,3.610,354089769,1280335682
2021-11-29,3.618,3.614,3.620,3.610,322855800,1166983205
2021-11-30,3.592,3.605,3.608,3.586,329909366,1186563771
2021-12-01,3.572,3.591,3.599,3.564,405705090,1451130564
2021-12-02,3.582,3.575,3.582,3.569,352135700,1259215959
2021-12-03,3.562,3.566,3.573,3.560,249891900,891271376
2021-12-06,3.586,3.592,3.596,3.585,236670237,849851105
2021-12-07,3.583,3.584,3.585,3.579,274841600,984390806
2021-12-08,3.587,3.589,3.595,3.587,186472000,669566796
2021-12-09,3.578,3.575,3.580,3.571,226660374,810432342
2021-12-10,3.581,3.565,3.584,3.560,272778000,974999087
2021-12-13,3.586,3.585,3.593,3.582,273775618,982251741
2021-12-14,3.592,3.588,3.593,3.586,304986698,1094635906
2021-12-15,3.562,3.552,3.563,3.550,239983515,853686628
2021-12-16,3.573,3.584,3.585,3.573,202661097,725746562
2021-12-17,3.615,3.629,3.632,3.614,298570583,1081658801
2021-12-20,3.623,3.624,3.627,3.619,266726000,966529230
2021-12-21,3.602,3.599,3.605,3.595,226390000,815435714
2021-12-22,3.596,3.591,3.599,3.590,176221517,633529670
2021-12-23,3.620,3.627,3.632,3.620,192107941,696918679
2021-12-24,3.636,3.633,3.640,3.629,192910057,701001557
2021-12-27,3.636,3.630,3.636,3.628,177521800,644955890
2021-12-28,3.630,3.642,3.642,3.628,161402347,586428641
2021-12-29,3.619,3.625,3.629,3.618,178113536,645735255
2021-12-30,3.618,3.606,3.621,3.604,354473601,1281464608
2021-12-31,3.647,3.643,3.648,3.639,275290087,1003120297
2022-01-04,3.618,3.620,3.623,3.615,163067624,590220399
2022-01-05,3.632,3.635,3.643,3.632,143567100,522483398
2022-01-06,3.627,3.614,3.631,3.607,162047300,587181973
2022-01-07,3.598,3.592,3.601,3.590,120621369,433876453
2022-01-10,3.600,3.599,3.607,3.599,139284806,501908315
2022-01-11,3.626,3.629,3.633,3.623,124147668,450348752
2022-01-12,3.649,3.646,3.650,3.644,122301095,445934824
2022-01-13,3.651,3.654,3.658,3.649,133997100,489518934
2022-01-14,3.647,3.650,3.656,3.646,98995393,361495689
2022-01-17,3.635,3.635,3.636,3.626,149243782,542157342
2022-01-18,3.641,3.629,3.641,3.625,133472909,484804485
2022-01-19,3.627,3.625,3.628,3.620,162965165,590819654
2022-01-20,3.678,3.674,3.682,3.668,177327441,651579171
2022-01-21,3.669,3.672,3.677,3.667,194282853,713400269
2022-01-24,3.660,3.662,3.665,3.655,217755431,797020644
2022-01-25,3.669,3.671,3.674,3.666,204852336,751695582
2022-01-26,3.675,3.674,3.680,3.674,131895068,485025214
2022-01-27,3.622,3.606,3.624,3.604,165263262,597667929
2022-01-28,3.592,3.594,3.596,3.591,98904200,355395837
2022-02-07,3.620,3.620,3.623,3.612,116637200,422007429
2022-02-08,3.639,3.641,3.648,3.637,161988818,589998904
2022-02-09,3.653,3.658,3.659,3.652,151799340,554867129
2022-02-10,3.668,3.665,3.670,3.664,83670000,306826813
2022-02-11,3.654,3.645,3.654,3.642,168617110,615148777
2022-02-14,3.714,3.705,3.718,3.701,185670281,688854304
2022-02-15,3.730,3.742,3.746,3.730,232302618,868673704
2022-02-16,3.694,3.692,3.694,3.682,225182464,830411160
2022-02-17,3.712,3.726,3.732,3.712,285144387,1060980266
2022-02-18,3.771,3.760,3.771,3.752,245070027,921248665
2022-02-21,3.763,3.754,3.768,3.752,215087200,808751622
2022-02-22,3.792,3.801,3.805,3.789,241422600,916863540
2022-02-23,3.783,3.772,3.783,3.767,298416867,1125846988
2022-02-24,3.795,3.853,3.866,3.794,364223522,1394901592
2022-02-25,3.800,3.807,3.809,3.766,234336700,889595869
2022-02-28,3.798,3.787,3.800,3.783,159146600,603401298
2022-03-01,3.777,3.786,3.788,3.771,232114964,877013796
2022-03-02,3.826,3.837,3.845,3.825,320705582,1229829580
2022-03-03,3.830,3.827,3.831,3.817,314608408,1203611886
2022-03-04,3.850,3.841,3.853,3.832,283183031,1088923498
2022-03-07,3.937,3.926,3.956,3.913,341822364,1346645675
2022-03-08,3.927,4.015,4.019,3.917,386479669,1524311571
2022-03-09,4.046,4.061,4.077,4.036,367258560,1490473585
2022-03-10,3.890,3.931,3.941,3.890,314022700,1230706252
2022-03-11,3.945,3.937,3.961,3.928,181779899,717367561
2022-03-14,3.921,3.917,3.932,3.913,188426317,739341119
2022-03-15,3.878,3.832,3.878,3.822,256618024,988903524
2022-03-16,3.824,3.796,3.825,3.792,297481656,1133492051
2022-03-17,3.830,3.845,3.850,3.829,211411177,812283931
2022-03-18,3.860,3.851,3.866,3.842,116514355,448801145
2022-03-21,3.839,3.841,3.852,3.834,171004224,657492062
2022-03-22,3.854,3.866,3.874,3.852,223265700,863009022
2022-03-23,3.841,3.835,3.850,3.832,374845795,1440047526
2022-03-24,3.885,3.880,3.889,3.876,180855959,702307836
2022-03-25,3.912,3.907,3.919,3.902,235874900,922453245
2022-03-28,3.906,3.872,3.907,3.868,237784600,923654954
2022-03-29,3.860,3.849,3.860,3.844,249956995,962864157
2022-03-30,3.840,3.839,3.846,3.835,193177200,742055510
2022-03-31,3.843,3.833,3.843,3.818,176016491,674986940
2022-04-01,3.850,3.853,3.863,3.850,163585500,630965155
2022-04-06,3.842,3.836,3.850,3.834,166225673,638630815
2022-04-07,3.838,3.843,3.846,3.834,168092015,645420780
2022-04-08,3.858,3.852,3.861,3.848,173932900,670661880
2022-04-11,3.885,3.886,3.892,3.880,196275443,762718064
2022-04-12,3.901,3.908,3.915,3.900,219834179,859327671
2022-04-13,3.914,3.926,3.931,3.914,184344400,723496734
2022-04-14,3.940,3.931,3.944,3.927,175901500,692445520
2022-04-15,3.938,3.944,3.949,3.938,151036270,595736486
2022-04-18,3.963,3.967,3.969,3.955,137961700,546450391
2022-04-19,3.939,3.936,3.945,3.932,104123756,410136103
2022-04-20,3.897,3.886,3.901,3.880,173160114,674023304
2022-04-21,3.921,3.937,3.939,3.918,173564458,681937235
2022-04-22,3.941,3.951,3.954,3.939,253770904,1000970316
2022-04-25,3.924,3.924,3.941,3.914,371125820,1457212317
2022-04-26,3.896,3.890,3.900,3.877,254565054,990222256
2022-04-27,3.899,3.892,3.902,3.889,330541345,1287676774
2022-04-28,3.871,3.890,3.891,3.864,280239957,1085273232
2022-04-29,3.937,3.942,3.955,3.930,239995300,946981014
2022-05-05,3.926,3.929,3.935,3.921,192314400,755654254
2022-05-06,3.900,3.922,3.927,3.898,210059170,823344680
2022-05-09,3.942,3.939,3.945,3.937,158490851,624445504
2022-05-10,3.919,3.910,3.924,3.908,179023279,700705468
2022-05-11,3.873,3.890,3.893,3.869,201552355,781925393
2022-05-12,3.919,3.928,3.934,3.919,186890046,733700807
2022-05-13,3.886,3.888,3.896,3.881,184164500,716399110
2022-05-16,3.877,3.851,3.880,3.845,200348259,772800195
2022-05-17,3.872,3.877,3.882,3.868,210931100,817720260
2022-05-18,3.841,3.836,3.844,3.834,191304042,734322831
2022-05-19,3.852,3.850,3.858,3.849,158353426,610140238
2022-05-20,3.870,3.872,3.880,3.870,181047035,701382437
2022-05-23,3.875,3.875,3.891,3.872,161297529,626272890
2022-05-24,3.872,3.882,3.885,3.869,155689985,603302252
2022-05-25,3.892,3.887,3.897,3.886,119309785,464405516
2022-05-26,3.888,3.901,3.902,3.888,129415167,504294169
2022-05-27,3.913,3.917,3.918,3.910,174719930,683884638
2022-05-30,3.893,3.885,3.893,3.884,218520508,849343225
2022-05-31,3.873,3.877,3.877,3.867,135881276,526300812
2022-06-01,3.846,3.852,3.857,3.846,118963872,458219241
2022-06-02,3.876,3.877,3.884,3.873,134781800,522724698
2022-06-06,3.867,3.869,3.875,3.863,117723937,455615763
2022-06-07,3.850,3.854,3.856,3.848,150508515,579922086
2022-06-08,3.870,3.872,3.874,3.868,128456178,497175656
2022-06-09,3.891,3.881,3.895,3.877,180125354,699855511
2022-06-10,3.870,3.865,3.879,3.863,188874357,731082245
2022-06-13,3.940,3.926,3.942,3.924,317274961,1246798512
2022-06-14,3.865,3.855,3.866,3.850,255850200,986933474
2022-06-15,3.832,3.834,3.838,3.827,430053450,1647936924
2022-06-16,3.843,3.846,3.851,3.841,191517374,736533348
2022-06-17,3.869,3.874,3.877,3.868,189496605,733751308
2022-06-20,3.868,3.858,3.869,3.856,183926034,710292294
2022-06-21,3.859,3.852,3.860,3.850,168699872,650693391
2022-06-22,3.847,3.849,3.853,3.845,161128219,620251404
2022-06-23,3.859,3.854,3.861,3.851,135935758,524129094
2022-06-24,3.822,3.827,3.834,3.821,171397556,656360015
2022-06-27,3.842,3.853,3.854,3.841,145101544,558673573
2022-06-28,3.835,3.832,3.838,3.830,238235279,913466938
2022-06-29,3.830,3.821,3.835,3.820,244846020,937301479
2022-06-30,3.827,3.818,3.828,3.813,152217148,581324081
2022-07-01,3.798,3.784,3.799,3.779,264339488,1002000348
2022-07-04,3.794,3.801,3.810,3.793,179216799,680982678
2022-07-05,3.799,3.797,3.802,3.795,157148116,596996203
2022-07-06,3.733,3.725,3.733,3.714,179720845,669359602
2022-07-07,3.680,3.676,3.680,3.663,216459815,794797013
2022-07-08,3.670,3.669,3.672,3.663,293402592,1075873589
2022-07-11,3.665,3.669,3.672,3.662,124299200,455953454
2022-07-12,3.654,3.668,3.692,3.653,193139600,708040170
2022-07-13,3.654,3.646,3.660,3.642,213841300,780651218
2022-07-14,3.659,3.647,3.663,3.646,164249600,600571616
2022-07-15,3.635,3.622,3.639,3.615,184145736,668711996
2022-07-18,3.636,3.635,3.641,3.631,192858639,701435234
2022-07-19,3.623,3.627,3.631,3.619,160233113,580981995
2022-07-20,3.628,3.628,3.637,3.626,131900600,478943895
2022-07-21,3.605,3.599,3.607,3.596,214374500,772389526
2022-07-22,3.647,3.650,3.652,3.642,133138539,485574126
2022-07-25,3.656,3.663,3.668,3.654,144963879,530843922
2022-07-26,3.663,3.668,3.670,3.660,138564444,507706264
2022-07-27,3.660,3.659,3.662,3.654,136957100,501065043
2022-07-28,3.691,3.697,3.698,3.679,253315800,934185395
2022-07-29,3.724,3.749,3.753,3.721,191201798,714203179
2022-08-01,3.747,3.743,3.752,3.736,203393000,761373879
2022-08-02,3.790,3.773,3.791,3.769,315722387,1192801548
2022-08-03,3.741,3.759,3.760,3.733,226160220,847491711
2022-08-04,3.752,3.760,3.768,3.750,210209879,789779391
2022-08-05,3.789,3.790,3.794,3.785,158538600,600781852
2022-08-08,3.761,3.769,3.772,3.761,137713029,518815793
2022-08-09,3.786,3.786,3.792,3.784,107716690,408057468
2022-08-10,3.797,3.794,3.808,3.793,143863637,546752786
2022-08-11,3.784,3.777,3.786,3.772,146216385,552607061
2022-08-12,3.783,3.795,3.796,3.782,104551489,395970252
2022-08-15,3.806,3.799,3.812,3.798,296205400,1127626640
2022-08-16,3.789,3.796,3.797,3.786,268964600,1020570638
2022-08-17,3.783,3.779,3.790,3.778,250923400,949524984
2022-08-18,3.762,3.761,3.767,3.759,109743800,412890947
2022-08-19,3.756,3.761,3.762,3.753,126242000,474480701
2022-08-22,3.753,3.753,3.757,3.750,98478600,369696268
2022-08-23,3.760,3.763,3.768,3.757,91785923,345238519
2022-08-24,3.774,3.787,3.801,3.773,144976819,548011658
2022-08-25,3.795,3.797,3.800,3.793,160622257,609697400
2022-08-26,3.795,3.798,3.801,3.787,176740800,670130630
2022-08-29,3.755,3.767,3.770,3.755,156036900,587583183
2022-08-30,3.784,3.783,3.795,3.782,143143600,542323421
2022-08-31,3.769,3.758,3.769,3.757,142313800,535409589
2022-09-01,3.737,3.730,3.739,3.724,162315708,605663173
2022-09-02,3.720,3.726,3.729,3.717,179225700,667006393
2022-09-05,3.750,3.765,3.770,3.749,188072400,707051694
2022-09-06,3.776,3.784,3.786,3.771,154942000,585441847
2022-09-07,3.754,3.759,3.765,3.751,210965700,792719506
2022-09-08,3.786,3.790,3.792,3.782,313698400,1188024146
2022-09-09,3.780,3.785,3.786,3.777,262640300,993434847
2022-09-13,3.782,3.787,3.792,3.781,260943300,987535921
2022-09-14,3.766,3.760,3.767,3.757,279238622,1050294440
2022-09-15,3.752,3.744,3.757,3.742,216886714,813545716
2022-09-16,3.728,3.728,3.738,3.726,252720700,943067961
2022-09-19,3.738,3.741,3.748,3.736,213258454,797722957
2022-09-20,3.759,3.754,3.762,3.750,229400100,861292347
2022-09-21,3.750,3.759,3.766,3.745,204123300,765835702
2022-09-22,3.752,3.753,3.757,3.750,198953800,746582079
2022-09-23,3.769,3.770,3.774,3.767,234852950,885326283
2022-09-26,3.738,3.736,3.743,3.729,222395000,831004420
2022-09-27,3.732,3.746,3.746,3.730,167062700,624669747
2022-09-28,3.743,3.751,3.757,3.743,227618900,854289822
2022-09-29,3.779,3.780,3.785,3.765,250453800,946394475
2022-09-30,3.781,3.783,3.786,3.775,217834700,823691239
2022-10-10,3.833,3.810,3.836,3.808,237453900,907727304
2022-10-11,3.804,3.802,3.809,3.801,272012233,1034999655
2022-10-12,3.802,3.812,3.812,3.798,202373100,770109420
2022-10-13,3.814,3.817,3.818,3.813,178266200,680207601
2022-10-14,3.804,3.813,3.816,3.800,230425800,877507714
2022-10-17,3.800,3.792,3.801,3.789,183920500,697922881
2022-10-18,3.796,3.802,3.812,3.795,212317500,807160717
2022-10-19,3.799,3.793,3.805,3.791,242993100,923635446
2022-10-20,3.775,3.775,3.787,3.773,292783100,1106287598
2022-10-21,3.779,3.771,3.784,3.766,271264900,1023928751
2022-10-24,3.815,3.820,3.823,3.812,267713152,1022118293
2022-10-25,3.832,3.827,3.834,3.827,281999400,1080066123
2022-10-26,3.827,3.824,3.831,3.823,314225900,1202773295
2022-10-27,3.814,3.817,3.822,3.809,452084600,1724780662
2022-10-28,3.822,3.820,3.829,3.818,534903075,2046052046
2022-10-31,3.807,3.807,3.809,3.797,340200400,1294057272
2022-11-01,3.808,3.810,3.814,3.800,361284000,1376137542
2022-11-02,3.816,3.817,3.831,3.816,397623402,1518567384
2022-11-03,3.807,3.805,3.812,3.805,393613900,1498865220
2022-11-04,3.805,3.804,3.810,3.801,359202400,1366887158
2022-11-07,3.834,3.832,3.838,3.826,449914000,1723707397
2022-11-08,3.834,3.839,3.846,3.832,463157600,1779457951
2022-11-09,3.903,3.945,3.985,3.903,417575081,1637157221
2022-11-10,3.937,3.925,3.937,3.918,391211700,1536278713
2022-11-11,3.977,3.952,3.981,3.950,391296300,1553388366
2022-11-14,3.948,3.913,3.948,3.912,345901701,1358824147
2022-11-15,3.927,3.933,3.940,3.927,316056800,1243779606
2022-11-16,3.944,3.954,3.959,3.944,366183700,1447049009
2022-11-17,3.954,3.958,3.965,3.950,308224800,1219591111
2022-11-18,3.953,3.952,3.964,3.949,333308600,1318537482
2022-11-21,3.929,3.936,3.937,3.921,323931300,1274007701
2022-11-22,3.936,3.932,3.940,3.928,313508900,1232947472
2022-11-23,3.930,3.932,3.933,3.927,280276300,1101650545
2022-11-24,3.955,3.947,3.958,3.947,365339600,1444179584
2022-11-25,3.960,3.959,3.966,3.955,301636100,1195000701
2022-11-28,3.974,3.962,3.977,3.958,247936602,983066415
2022-11-29,3.950,3.951,3.959,3.946,286795300,1133596759
2022-11-30,3.945,3.944,3.947,3.938,333646100,1315549571
2022-12-01,3.945,3.956,3.958,3.939,281014100,1109203744
2022-12-02,3.976,3.979,3.982,3.972,246374800,979958404
2022-12-05,3.968,3.940,3.969,3.938,230605100,911600549
2022-12-06,3.905,3.898,3.906,3.894,310295605,1210251288
2022-12-07,3.900,3.898,3.902,3.894,170425000,664393619
2022-12-08,3.907,3.910,3.913,3.904,224801500,878765834
2022-12-09,3.918,3.924,3.931,3.917,152279825,597512038
2022-12-12,3.933,3.921,3.934,3.918,167930700,659318253
2022-12-13,3.919,3.924,3.925,3.917,136218500,534135948
2022-12-14,3.965,3.963,3.968,3.956,268257634,1062618977
2022-12-15,3.943,3.933,3.948,3.926,160851000,632382275
2022-12-16,3.910,3.915,3.917,3.904,135351900,529121028
2022-12-19,3.933,3.942,3.950,3.932,136708100,538965204
2022-12-20,3.936,3.943,3.946,3.930,181134400,713171102
2022-12-21,3.991,3.981,3.991,3.973,168582800,671186285
2022-12-22,3.987,3.981,3.992,3.978,148590600,592297837
2022-12-23,3.952,3.948,3.957,3.942,185656000,732903603
2022-12-26,3.950,3.953,3.957,3.950,243020300,960345233
2022-12-27,3.951,3.963,3.964,3.945,173666300,686705270
2022-12-28,3.978,3.966,3.985,3.964,156525000,622152522
2022-12-29,3.970,3.960,3.974,3.960,123708477,490936957
2022-12-30,3.970,3.986,3.987,3.970,135712938,539947546
2023-01-03,3.983,3.987,3.987,3.972,155397400,618722102
2023-01-04,4.000,4.002,4.006,3.998,164148900,656972571
2023-01-05,4.016,4.001,4.024,3.999,203236600,815712507
2023-01-06,3.970,3.972,3.978,3.969,177023500,703421406
2023-01-09,4.016,4.015,4.022,4.014,214612250,862273144
2023-01-10,4.003,4.013,4.015,4.003,161860700,648856765
2023-01-11,4.017,4.025,4.027,4.013,194267934,780670518
2023-01-12,4.013,4.019,4.023,4.008,219326000,881238449
2023-01-13,4.024,4.027,4.029,4.022,136051600,547805631
2023-01-16,4.058,4.050,4.068,4.047,202729200,822812774
2023-01-17,4.070,4.066,4.073,4.062,176160800,716584799
2023-01-18,4.070,4.056,4.073,4.044,163158859,662708919
2023-01-19,4.051,4.068,4.072,4.051,126350500,513311285
2023-01-20,4.100,4.101,4.112,4.090,150526000,617324548
2023-01-30,4.090,4.096,4.099,4.083,239566400,979751736
2023-01-31,4.087,4.069,4.091,4.065,186889100,763275873
2023-02-01,4.084,4.091,4.094,4.084,150758700,616583968
2023-02-02,4.124,4.125,4.130,4.122,167182268,689717945
2023-02-03,4.079,4.071,4.079,4.068,135288800,551141130
2023-02-06,4.021,4.018,4.030,4.012,193785100,778713453
2023-02-07,4.010,4.010,4.018,4.009,156359600,627177885
2023-02-08,4.010,4.010,4.014,4.007,106461500,426939198
2023-02-09,4.010,4.019,4.021,4.008,165382978,664295300
2023-02-10,3.997,3.993,3.997,3.985,204513400,816166433
2023-02-13,4.030,4.018,4.031,4.005,187026800,750539712
2023-02-14,3.999,4.015,4.017,3.998,137901800,552222541
2023-02-15,4.017,4.002,4.023,3.999,163848200,657293038
2023-02-16,3.995,4.001,4.003,3.995,146516300,586003984
2023-02-17,3.999,3.992,4.001,3.988,196060100,783034882
2023-02-20,4.008,4.010,4.015,4.008,161505687,647993709
2023-02-21,4.010,4.005,4.013,4.004,173510400,695607435
2023-02-22,4.011,4.017,4.018,4.011,132688623,532824295
2023-02-23,4.007,4.008,4.009,4.003,137331573,550202560
2023-02-24,4.013,4.021,4.025,4.013,178816500,718671778
2023-02-27,4.020,4.010,4.020,4.009,168817700,677567593
2023-02-28,4.017,4.015,4.020,4.013,129643797,520780043
2023-03-01,4.029,4.029,4.031,4.024,197570078,795595333
2023-03-02,4.020,4.026,4.027,4.017,203963400,820264186
2023-03-03,4.038,4.044,4.045,4.035,173339100,700113604
2023-03-06,4.063,4.071,4.074,4.063,178253600,725459396
2023-03-07,4.072,4.076,4.079,4.068,242524100,988711669
2023-03-08,4.032,4.033,4.037,4.029,181814410,733466707
2023-03-09,4.032,4.033,4.038,4.031,155499600,627389868
2023-03-10,4.059,4.061,4.062,4.051,249049800,1010584223
2023-03-13,4.106,4.089,4.118,4.088,275924698,1131586472
2023-03-14,4.125,4.142,4.143,4.123,236036000,975517442
2023-03-15,4.140,4.139,4.142,4.132,211296100,874179479
2023-03-16,4.168,4.174,4.184,4.160,321126800,1339712190
2023-03-17,4.178,4.198,4.201,4.175,293501806,1229020089
2023-03-20,4.269,4.327,4.335,4.268,396745862,1706168214
2023-03-21,4.320,4.286,4.320,4.283,254076300,1093232536
2023-03-22,4.226,4.223,4.228,4.211,265272000,1118985082
2023-03-23,4.259,4.253,4.261,4.245,315981144,1345023943
2023-03-24,4.280,4.275,4.286,4.265,280000180,1198618986
2023-03-27,4.267,4.246,4.267,4.244,181397578,771831604
2023-03-28,4.233,4.225,4.238,4.221,220484035,932767179
2023-03-29,4.248,4.240,4.257,4.238,255688004,1086140524
2023-03-30,4.241,4.248,4.251,4.237,292977500,1242687102
2023-03-31,4.262,4.281,4.282,4.258,267238700,1140121120
2023-04-03,4.270,4.221,4.270,4.213,166683500,704108268
2023-04-04,4.260,4.269,4.273,4.256,149978990,639848383
2023-04-06,4.329,4.330,4.337,4.321,195912860,848045764
2023-04-07,4.324,4.328,4.329,4.322,217954215,942729123
2023-04-10,4.301,4.287,4.302,4.276,129692860,555880549
2023-04-11,4.283,4.311,4.311,4.283,132536400,570009956
2023-04-12,4.327,4.341,4.358,4.327,161757560,702812158
2023-04-13,4.335,4.346,4.348,4.333,91332022,396331379
2023-04-14,4.382,4.366,4.383,4.354,142880300,624494974
2023-04-17,4.297,4.324,4.328,4.280,154180300,664877976
2023-04-18,4.301,4.305,4.307,4.292,93359998,401625590
2023-04-19,4.314,4.297,4.319,4.292,127788900,550822088
2023-04-20,4.298,4.308,4.312,4.294,134743737,579849707
2023-04-21,4.313,4.288,4.319,4.280,138381381,595846832
2023-04-24,4.290,4.277,4.290,4.276,240957500,1031947455
2023-04-25,4.310,4.316,4.318,4.305,133221000,574340441
2023-04-26,4.328,4.323,4.334,4.316,159478834,689477077
2023-04-27,4.322,4.333,4.334,4.318,167755114,725727863
2023-04-28,4.300,4.298,4.309,4.292,165786500,713294627
2023-05-04,4.410,4.395,4.412,4.388,169590559,745933036
2023-05-05,4.416,4.415,4.426,4.412,130566800,576787500
2023-05-08,4.358,4.368,4.368,4.352,154297834,672889439
2023-05-09,4.371,4.377,4.388,4.369,140139400,613402815
2023-05-10,4.393,4.398,4.399,4.387,112963800,496234536
2023-05-11,4.403,4.394,4.408,4.393,123637900,544225111
2023-05-12,4.380,4.365,4.380,4.354,158068656,690257188
2023-05-15,4.382,4.382,4.393,4.379,170757078,749178622
2023-05-16,4.385,4.369,4.389,4.361,162113600,710376616
2023-05-17,4.352,4.353,4.357,4.347,146109100,635930495
2023-05-18,4.347,4.345,4.350,4.342,179048400,778129980
2023-05-19,4.327,4.330,4.332,4.320,183524900,794192974
2023-05-22,4.351,4.347,4.357,4.341,144192500,627292770
2023-05-23,4.339,4.330,4.340,4.327,111774100,484085481
2023-05-24,4.363,4.352,4.365,4.351,150093700,654534362
2023-05-25,4.327,4.335,4.342,4.326,125494600,543545743
2023-05-26,4.317,4.310,4.317,4.305,93381600,402611048
2023-05-29,4.310,4.314,4.315,4.306,131625200,567148383
2023-05-30,4.310,4.300,4.316,4.295,130152800,560272664
2023-05-31,4.341,4.365,4.368,4.339,264869900,1153394617
2023-06-01,4.373,4.362,4.373,4.358,113059400,493160403
2023-06-02,4.382,4.375,4.386,4.370,118943700,521012337
2023-06-05,4.330,4.324,4.332,4.321,131087000,566916825
2023-06-06,4.357,4.357,4.362,4.354,141682452,617560049
2023-06-07,4.368,4.363,4.372,4.361,108558200,474221504
2023-06-08,4.341,4.338,4.347,4.333,134429100,583558130
2023-06-09,4.366,4.375,4.377,4.366,116753900,510467246
2023-06-12,4.368,4.378,4.379,4.363,134691800,588555122
2023-06-13,4.383,4.388,4.392,4.380,94452994,414143580
2023-06-14,4.362,4.363,4.369,4.360,104045300,453867440
2023-06-15,4.348,4.329,4.348,4.328,137343653,595942059
2023-06-16,4.360,4.359,4.370,4.358,135448700,591085182
2023-06-19,4.365,4.366,4.370,4.361,137305400,599495770
2023-06-20,4.368,4.374,4.376,4.359,160761285,702493521
2023-06-21,4.360,4.356,4.363,4.349,133654200,582304845
2023-06-26,4.353,4.354,4.356,4.346,239950100,1043902100
2023-06-27,4.358,4.350,4.363,4.345,252240200,1099039569
2023-06-28,4.330,4.335,4.338,4.329,166870600,723136812
2023-06-29,4.335,4.343,4.346,4.335,163457525,709574357
2023-06-30,4.350,4.349,4.360,4.348,103818388,452017279
2023-07-03,4.364,4.358,4.366,4.353,114606600,499529302
2023-07-04,4.358,4.364,4.368,4.358,65454500,285672324
2023-07-05,4.366,4.367,4.369,4.363,84974100,371024605
2023-07-06,4.365,4.365,4.369,4.361,77474700,338157734
2023-07-07,4.345,4.359,4.361,4.345,69889600,304253302
2023-07-10,4.367,4.370,4.374,4.365,66409000,290164158
2023-07-11,4.370,4.374,4.378,4.361,84713200,369998554
2023-07-12,4.375,4.371,4.380,4.368,147994900,647618921
2023-07-13,4.407,4.408,4.413,4.396,236706160,1042531107
2023-07-14,4.399,4.388,4.402,4.383,100155670,439943189
2023-07-17,4.394,4.406,4.410,4.394,62213470,273951378
2023-07-18,4.410,4.422,4.422,4.408,77220500,340991608
2023-07-19,4.463,4.473,4.482,4.461,118958800,531869219
2023-07-20,4.477,4.470,4.478,4.461,305770200,1366343180
2023-07-21,4.443,4.453,4.465,4.442,121077500,538819984
2023-07-24,4.450,4.442,4.450,4.436,67630978,300274079
2023-07-25,4.426,4.420,4.430,4.418,87043700,385130005
2023-07-26,4.425,4.439,4.440,4.425,117254400,519943953
2023-07-27,4.439,4.448,4.453,4.436,93163406,414271319
2023-07-28,4.421,4.404,4.421,4.402,187039300,824808903
2023-07-31,4.408,4.409,4.412,4.401,87396800,385102817
2023-08-01,4.423,4.426,4.430,4.423,69748599,308803878
2023-08-02,4.414,4.425,4.427,4.412,59334597,262269933
2023-08-03,4.410,4.406,4.410,4.404,119269200,525594065
2023-08-04,4.389,4.401,4.405,4.389,119236700,524494894
2023-08-07,4.416,4.410,4.422,4.406,71551410,315817836
2023-08-08,4.410,4.414,4.418,4.409,61191400,270151824
2023-08-09,4.412,4.411,4.415,4.406,48304700,213091447
2023-08-10,4.395,4.396,4.398,4.393,109921602,483145544
2023-08-11,4.401,4.415,4.416,4.401,83544356,368288291
2023-08-14,4.415,4.421,4.424,4.413,85250500,376813387
2023-08-15,4.421,4.431,4.433,4.415,111420900,492750861
2023-08-16,4.433,4.433,4.443,4.431,115340900,511517433
2023-08-17,4.422,4.429,4.438,4.419,116713400,516907773
2023-08-18,4.417,4.421,4.426,4.415,101884300,450434281
2023-08-21,4.422,4.438,4.442,4.422,105259800,466910326
2023-08-22,4.434,4.431,4.434,4.425,104687200,463708796
2023-08-23,4.440,4.452,4.455,4.438,119794300,532655607
2023-08-24,4.461,4.464,4.467,4.458,185027500,825818941
2023-08-25,4.452,4.448,4.458,4.447,174503200,777236317
2023-08-28,4.438,4.450,4.453,4.430,132312810,588151002
2023-08-29,4.459,4.462,4.469,4.458,88021400,392898090
2023-08-30,4.477,4.477,4.484,4.472,204305865,915002017
2023-08-31,4.488,4.494,4.495,4.488,89005100,399743249
2023-09-01,4.472,4.489,4.492,4.472,113797500,510306260
2023-09-04,4.491,4.506,4.516,4.491,117620946,530326940
2023-09-05,4.501,4.508,4.516,4.498,144094650,649844568
2023-09-06,4.504,4.505,4.513,4.504,121733670,548963967
2023-09-07,4.505,4.504,4.511,4.503,60405500,272221466
2023-09-08,4.531,4.536,4.537,4.529,176130900,798426368
2023-09-11,4.534,4.545,4.554,4.530,238589100,1083250172
2023-09-12,4.542,4.546,4.547,4.537,140848700,639805307
2023-09-13,4.546,4.557,4.566,4.545,196316400,893922502
2023-09-14,4.566,4.592,4.606,4.566,247639100,1135944403
2023-09-15,4.636,4.548,4.638,4.520,328324800,1512884386
2023-09-18,4.545,4.524,4.545,4.515,350996499,1591214055
2023-09-19,4.536,4.559,4.563,4.536,182557483,831106224
2023-09-20,4.574,4.594,4.596,4.573,226862226,1041249369
2023-09-21,4.594,4.580,4.602,4.579,158591810,728128695
2023-09-22,4.587,4.561,4.597,4.548,203604568,929395231
2023-09-25,4.555,4.581,4.584,4.554,185234100,847690640
2023-09-26,4.580,4.578,4.590,4.574,109567139,501952626
2023-09-27,4.565,4.511,4.573,4.501,188895843,858009442
2023-09-28,4.463,4.436,4.477,4.400,285637500,1271213358
2023-10-09,4.400,4.405,4.409,4.391,191361000,841402820
2023-10-10,4.400,4.348,4.400,4.343,234304700,1022230615
2023-10-11,4.352,4.355,4.356,4.343,114606600,498371533
2023-10-12,4.368,4.390,4.391,4.368,156506400,685313353
2023-10-13,4.385,4.405,4.407,4.381,144780002,636482029
2023-10-16,4.479,4.460,4.480,4.459,150028600,670811749
2023-10-17,4.476,4.480,4.481,4.468,109473962,489833778
2023-10-18,4.500,4.523,4.524,4.500,138162745,624189637
2023-10-19,4.549,4.547,4.551,4.538,123119918,559552901
2023-10-20,4.591,4.597,4.605,4.591,149181800,685966344
2023-10-23,4.570,4.572,4.591,4.568,218638426,1001449185
2023-10-24,4.574,4.575,4.578,4.565,163076612,745625946
2023-10-25,4.568,4.557,4.574,4.556,189514100,865069058
2023-10-26,4.584,4.590,4.590,4.581,135563374,621452574
2023-10-27,4.590,4.599,4.605,4.585,165079700,758513718
2023-10-30,4.635,4.609,4.642,4.606,161558695,747781248
2023-10-31,4.617,4.620,4.623,4.611,125977303,581577165
2023-11-01,4.596,4.603,4.607,4.595,100379783,461815255
2023-11-02,4.617,4.613,4.617,4.605,85856900,395793607
2023-11-03,4.605,4.610,4.612,4.598,98118700,452154832
2023-11-06,4.607,4.587,4.614,4.581,189539672,870835728
2023-11-07,4.573,4.569,4.579,4.567,150022500,686119803
2023-11-08,4.561,4.551,4.561,4.543,152052600,691928818
2023-11-09,4.534,4.521,4.535,4.518,332592500,1504347399
2023-11-10,4.543,4.554,4.555,4.540,104060752,473311631
2023-11-13,4.523,4.538,4.539,4.522,106862300,484253193
2023-11-14,4.550,4.558,4.560,4.543,130185700,592560802
2023-11-15,4.563,4.577,4.580,4.563,155691300,711862245
2023-11-16,4.566,4.559,4.569,4.554,125500400,572080439
2023-11-17,4.578,4.572,4.582,4.571,199713567,914117354
2023-11-20,4.547,4.522,4.555,4.521,112268700,509203288
2023-11-21,4.516,4.516,4.520,4.511,75809200,342299668
2023-11-22,4.523,4.499,4.527,4.492,164067000,740029671
2023-11-23,4.498,4.495,4.499,4.488,87148700,391566606
2023-11-24,4.494,4.499,4.500,4.490,80749100,363029386
2023-11-27,4.531,4.546,4.549,4.531,151056776,686011713
2023-11-28,4.553,4.560,4.564,4.552,117538974,535651750
2023-11-29,4.600,4.591,4.609,4.590,148273801,681932423
2023-11-30,4.596,4.589,4.600,4.586,137637800,631765338
2023-12-01,4.589,4.589,4.597,4.582,125848000,577198947
2023-12-04,4.668,4.643,4.675,4.638,206679600,962951472
2023-12-05,4.580,4.580,4.589,4.574,148880300,681880775
2023-12-06,4.575,4.578,4.579,4.563,146991801,671853784
2023-12-07,4.585,4.584,4.588,4.577,103517400,474446807
2023-12-08,4.586,4.591,4.594,4.585,96871900,444757680
2023-12-11,4.547,4.557,4.586,4.546,117141000,533675528
2023-12-12,4.543,4.539,4.544,4.521,148713100,673525083
2023-12-13,4.533,4.529,4.542,4.524,106191400,481332103
2023-12-14,4.590,4.598,4.612,4.587,144339600,662857093
2023-12-15,4.590,4.590,4.594,4.585,82393400,378183681
2023-12-18,4.575,4.576,4.585,4.571,195726100,895913704
2023-12-19,4.584,4.589,4.590,4.584,123361400,565941612
2023-12-20,4.596,4.604,4.612,4.596,175001100,805409847
2023-12-21,4.595,4.605,4.609,4.595,160679690,739896764
2023-12-22,4.626,4.627,4.641,4.623,250837800,1162642749
2023-12-25,4.631,4.634,4.643,4.628,225088200,1043077108
2023-12-26,4.638,4.647,4.648,4.634,154955014,719202114
2023-12-27,4.650,4.660,4.664,4.649,180249300,839221108
2023-12-28,4.681,4.662,4.687,4.658,246929400,1153791117
2023-12-29,4.638,4.648,4.649,4.626,270376501,1253860939
2024-01-02,4.643,4.666,4.667,4.643,206278439,960225975
2024-01-03,4.658,4.663,4.666,4.655,111196216,518357486
2024-01-04,4.640,4.651,4.656,4.633,114966300,533852090
2024-01-05,4.659,4.664,4.665,4.656,126749700,590737806
2024-01-08,4.663,4.650,4.667,4.646,116163870,540661255
2024-01-09,4.651,4.649,4.654,4.642,84812800,394312134
2024-01-10,4.647,4.631,4.653,4.628,161504000,749385754
2024-01-11,4.632,4.631,4.637,4.627,97642400,452266238
2024-01-12,4.637,4.646,4.648,4.633,110310200,511759981
2024-01-15,4.664,4.673,4.676,4.664,96455300,450431600
2024-01-16,4.674,4.677,4.680,4.668,83243200,388910853
2024-01-17,4.661,4.631,4.662,4.628,105551500,490679653
2024-01-18,4.624,4.616,4.627,4.613,125071900,577742396
2024-01-19,4.636,4.643,4.643,4.635,87058139,403801393
2024-01-22,4.646,4.625,4.652,4.624,90688300,420913409
2024-01-23,4.623,4.632,4.632,4.609,104269900,481919618
2024-01-24,4.630,4.626,4.630,4.624,67374700,311724352
2024-01-25,4.607,4.605,4.612,4.602,110248900,507829370
2024-01-26,4.623,4.625,4.627,4.618,75676000,349705130
2024-01-29,4.636,4.634,4.638,4.632,80355443,372477165
2024-01-30,4.641,4.647,4.652,4.638,87971900,408610802
2024-01-31,4.654,4.653,4.656,4.648,136735100,636137568
2024-02-01,4.652,4.668,4.670,4.652,119528000,557221065
2024-02-02,4.671,4.679,4.679,4.671,93980600,439432364
2024-02-05,4.659,4.643,4.666,4.638,144854900,673685719
2024-02-06,4.641,4.633,4.642,4.633,85748200,397643970
2024-02-07,4.649,4.642,4.651,4.639,118240761,549202951
2024-02-08,4.655,4.662,4.663,4.653,92397500,430376513
2024-02-19,4.638,4.644,4.645,4.626,130239500,603682077
2024-02-20,4.645,4.642,4.647,4.637,53723200,249301335
2024-02-21,4.648,4.642,4.650,4.641,83090600,386052661
2024-02-22,4.639,4.639,4.641,4.633,103663714,480694902
2024-02-23,4.639,4.630,4.641,4.626,100711902,466861191
2024-02-26,4.647,4.651,4.652,4.647,69138400,321470465
2024-02-27,4.647,4.646,4.651,4.646,58987400,274150148
2024-02-28,4.647,4.645,4.648,4.642,63872600,296713616
2024-02-29,4.650,4.647,4.652,4.645,66413400,308641430
2024-03-01,4.659,4.667,4.668,4.659,86929300,405378152
2024-03-04,4.726,4.725,4.733,4.720,112186657,530228646
2024-03-05,4.782,4.789,4.790,4.773,152085300,727161417
2024-03-06,4.804,4.824,4.824,4.803,131354500,631872576
2024-03-07,4.848,4.885,4.896,4.845,171655340,835868603
2024-03-08,4.885,4.881,4.885,4.865,105000701,511853589
2024-03-11,4.912,4.899,4.921,4.894,138029900,677319004
2024-03-12,4.901,4.879,4.906,4.875,147787590,722925045
2024-03-13,4.861,4.870,4.871,4.860,97119300,472284885
2024-03-14,4.896,4.877,4.901,4.873,114347600,559146124
2024-03-15,4.879,4.899,4.900,4.876,80061300,391228979
2024-03-18,4.879,4.860,4.879,4.857,97031100,472000428
2024-03-19,4.877,4.870,4.884,4.863,72272486,352324616
2024-03-20,4.878,4.880,4.882,4.877,48789027,238059038
2024-03-21,4.970,4.978,4.979,4.961,100369900,498739003
2024-03-22,4.943,4.946,4.959,4.931,97680400,482921343
2024-03-25,4.964,4.956,4.987,4.954,116533350,578841539
2024-03-26,4.959,4.966,4.970,4.956,97052788,481682820
2024-03-27,4.977,4.990,4.992,4.977,120066590,598537647
2024-03-28,5.000,5.029,5.031,4.997,127603000,639140316
2024-03-29,5.100,5.126,5.137,5.085,209701500,1072971466
2024-04-01,5.175,5.155,5.200,5.145,196039414,1010883023
2024-04-02,5.137,5.159,5.163,5.130,152135933,782916589
2024-04-03,5.204,5.231,5.238,5.204,219987750,1149376150
2024-04-08,5.289,5.354,5.427,5.289,469473940,2516202029
2024-04-09,5.383,5.369,5.396,5.365,234093359,1259104562
2024-04-10,5.380,5.388,5.405,5.375,202571735,1091553982
2024-04-11,5.370,5.348,5.379,5.340,242865013,1302119014
2024-04-12,5.456,5.504,5.506,5.455,274712760,1504648256
2024-04-15,5.390,5.417,5.435,5.390,321425498,1742057340
2024-04-16,5.471,5.452,5.496,5.438,335655199,1836558831
2024-04-17,5.469,5.461,5.477,5.441,238128350,1300363996
2024-04-18,5.421,5.445,5.447,5.400,228480500,1238671787
2024-04-19,5.464,5.471,5.547,5.444,443150566,2434190306
2024-04-22,5.447,5.364,5.450,5.357,319657300,1727493380
2024-04-23,5.325,5.232,5.330,5.223,509587331,2676701679
2024-04-24,5.281,5.287,5.301,5.263,345200527,1823643155
2024-04-25,5.275,5.288,5.290,5.250,283203600,1494237455
2024-04-26,5.290,5.329,5.334,5.290,259514300,1378526672
2024-04-29,5.299,5.294,5.310,5.288,226581500,1200650630
2024-04-30,5.296,5.286,5.300,5.271,192094286,1015518866
2024-05-06,5.224,5.254,5.255,5.217,176662446,925928338
2024-05-07,5.278,5.268,5.286,5.261,188053328,990811477
2024-05-08,5.258,5.261,5.279,5.240,235712300,1239904404
2024-05-09,5.252,5.250,5.265,5.242,216345700,1136483149
2024-05-10,5.330,5.369,5.371,5.314,303713600,1620849700
2024-05-13,5.340,5.337,5.358,5.330,280958012,1501938254
2024-05-14,5.330,5.329,5.347,5.316,264956800,1413160940
2024-05-15,5.360,5.370,5.375,5.358,215784240,1158027386
2024-05-16,5.445,5.417,5.450,5.415,258507900,1402789732
2024-05-17,5.406,5.416,5.418,5.397,233681770,1263239949
2024-05-20,5.519,5.550,5.586,5.519,407042990,2258322876
2024-05-21,5.549,5.481,5.549,5.471,349510200,1922435102
2024-05-22,5.500,5.492,5.514,5.480,188794600,1037492410
2024-05-23,5.380,5.366,5.386,5.341,314494390,1689047274
2024-05-24,5.287,5.319,5.321,5.287,227770552,1208676476
2024-05-27,5.323,5.338,5.353,5.323,217956429,1163800944
2024-05-28,5.367,5.334,5.374,5.333,215909600,1157245338
2024-05-29,5.368,5.370,5.384,5.359,243293870,1306488061
2024-05-30,5.330,5.317,5.335,5.295,236136602,1255068736
2024-05-31,5.334,5.343,5.343,5.318,159762600,852282461
2024-06-03,5.319,5.296,5.319,5.274,219875700,1164819444
2024-06-04,5.340,5.346,5.355,5.333,200947528,1074023297
2024-06-05,5.306,5.324,5.338,5.302,203665400,1083539020
2024-06-06,5.396,5.398,5.421,5.387,234728270,1268379883
2024-06-07,5.413,5.399,5.421,5.386,256971900,1388297622
2024-06-11,5.250,5.237,5.259,5.224,326408546,1709839897
2024-06-12,5.253,5.267,5.271,5.253,172498500,907690635
2024-06-13,5.261,5.269,5.270,5.246,180242000,948050505
2024-06-14,5.249,5.271,5.273,5.243,188998500,993324523
2024-06-17,5.302,5.279,5.306,5.275,169069447,894139289
2024-06-18,5.283,5.284,5.296,5.282,171159951,905345426
2024-06-19,5.301,5.305,5.306,5.296,197301200,1046190170
2024-06-20,5.313,5.351,5.354,5.313,282264400,1506017557
2024-06-21,5.383,5.376,5.393,5.374,299447800,1611437614
2024-06-24,5.300,5.290,5.311,5.284,495986700,2625687712
2024-06-25,5.300,5.302,5.303,5.292,284913400,1509273578
2024-06-26,5.287,5.271,5.287,5.253,333700600,1758334548
2024-06-27,5.236,5.242,5.245,5.231,267488200,1401342548
2024-06-28,5.283,5.297,5.299,5.277,275865600,1458430077
2024-07-01,5.297,5.299,5.303,5.281,151231300,801004633
2024-07-02,5.311,5.306,5.317,5.302,156366400,830122651
2024-07-03,5.310,5.340,5.342,5.304,204971900,1090280419
2024-07-04,5.381,5.365,5.386,5.354,198889000,1068750176
2024-07-05,5.365,5.381,5.382,5.363,241057400,1295785258
2024-07-08,5.427,5.384,5.430,5.382,265543945,1435959703
2024-07-09,5.365,5.362,5.372,5.360,252856000,1356850578
2024-07-10,5.374,5.397,5.399,5.373,179495600,966124726
2024-07-11,5.397,5.417,5.422,5.393,256281000,1386798931
2024-07-12,5.464,5.446,5.467,5.442,219604800,1198324247
2024-07-15,5.452,5.442,5.467,5.441,213275500,1163977241
2024-07-16,5.484,5.505,5.507,5.483,237089500,1303552035
2024-07-17,5.599,5.576,5.615,5.553,368744095,2061048522
2024-07-18,5.555,5.573,5.574,5.543,255442400,1419583184
2024-07-19,5.458,5.425,5.471,5.406,331402300,1805186288
2024-07-22,5.427,5.421,5.441,5.417,258675300,1404186176
2024-07-23,5.430,5.394,5.440,5.382,237483400,1284411213
2024-07-24,5.429,5.465,5.466,5.424,245596491,1338315996
2024-07-25,5.388,5.327,5.388,5.320,379314735,2026997952
2024-07-26,5.312,5.350,5.367,5.311,245177000,1310424241
2024-07-29,5.395,5.387,5.399,5.378,181631900,978598543
2024-07-30,5.379,5.394,5.395,5.357,162433400,873324669
2024-07-31,5.410,5.436,5.455,5.405,246379200,1338306085
2024-08-01,5.501,5.480,5.505,5.457,199792182,1095266141
2024-08-02,5.475,5.505,5.506,5.471,335571190,1843472524
2024-08-05,5.390,5.366,5.416,5.343,489632100,2634877831
2024-08-06,5.350,5.327,5.362,5.305,293486900,1566719099
2024-08-07,5.307,5.352,5.355,5.306,195299800,1042230264
2024-08-08,5.345,5.349,5.355,5.328,143153600,764231589
2024-08-09,5.406,5.396,5.414,5.379,180781154,976321769
2024-08-12,5.410,5.437,5.438,5.400,131392897,711951732
2024-08-13,5.476,5.474,5.492,5.466,211070817,1156382992
2024-08-14,5.473,5.456,5.474,5.427,301571600,1642554081
2024-08-15,5.431,5.443,5.450,5.429,284712790,1548205035
2024-08-16,5.465,5.453,5.466,5.441,264349700,1441631449
2024-08-19,5.502,5.513,5.527,5.493,269117000,1482328281
2024-08-20,5.512,5.513,5.519,5.500,292411400,1610462974
2024-08-21,5.514,5.537,5.549,5.512,251875500,1393689574
2024-08-22,5.535,5.523,5.536,5.508,191731500,1058296022
2024-08-23,5.504,5.504,5.513,5.493,135003030,742746901
2024-08-26,5.526,5.538,5.539,5.520,143830100,795075710
2024-08-27,5.528,5.534,5.542,5.515,149404000,825725926
2024-08-28,5.545,5.528,5.548,5.518,152164100,842135211
2024-08-29,5.539,5.535,5.548,5.534,172646400,956916085
2024-08-30,5.528,5.522,5.543,5.510,213925900,1181252478
2024-09-02,5.505,5.491,5.505,5.477,169670252,931403491
2024-09-03,5.486,5.501,5.504,5.482,136756524,751555381
2024-09-04,5.479,5.463,5.492,5.461,130866172,717486288
2024-09-05,5.483,5.502,5.504,5.477,130213792,714702194
2024-09-06,5.510,5.517,5.526,5.507,151267984,834530734
2024-09-09,5.485,5.477,5.500,5.468,167280900,917894050
2024-09-10,5.512,5.513,5.517,5.505,103763822,571869792
2024-09-11,5.536,5.542,5.545,5.526,129344622,715908389
2024-09-12,5.528,5.531,5.537,5.520,142873300,789870166
2024-09-13,5.613,5.611,5.623,5.604,218494000,1226767203
2024-09-18,5.621,5.609,5.626,5.602,292541400,1641767847
2024-09-19,5.591,5.600,5.611,5.578,254086300,1421667469
2024-09-20,5.619,5.663,5.665,5.618,171352400,965779592
2024-09-23,5.685,5.711,5.725,5.684,238092754,1358788606
2024-09-24,5.723,5.697,5.732,5.689,323108700,1846457275
2024-09-25,5.724,5.740,5.771,5.724,280656366,1612395551
2024-09-26,5.760,5.751,5.765,5.740,306137800,1761005963
2024-09-27,5.751,5.708,5.764,5.698,166263100,955602893
2024-09-30,5.644,5.707,5.717,5.630,399224420,2274923666
2024-10-08,5.682,5.714,5.757,5.681,446545969,2558034942
2024-10-09,5.670,5.640,5.679,5.636,369150402,2090099308
2024-10-10,5.647,5.676,5.678,5.642,190258610,1076484414
2024-10-11,5.715,5.739,5.758,5.715,257920870,1480522918
2024-10-14,5.770,5.799,5.806,5.751,316405300,1826801439
2024-10-15,5.776,5.799,5.802,5.773,271211600,1570468649
2024-10-16,5.853,5.884,5.886,5.837,440183155,2579194921
2024-10-17,5.891,5.905,5.912,5.887,356603700,2103708098
2024-10-18,5.961,5.945,5.984,5.910,570444300,3399065573
2024-10-21,5.995,6.020,6.021,5.978,382224400,2292332474
2024-10-22,6.018,6.018,6.027,6.004,267072100,1606508429
2024-10-23,6.042,6.056,6.058,6.020,354670000,2142131777
2024-10-24,6.000,5.995,6.005,5.958,350982100,2100218580
2024-10-25,5.994,5.998,5.999,5.982,280008900,1677550239
2024-10-28,5.986,6.017,6.030,5.985,290528400,1745516363
2024-10-29,6.036,6.068,6.069,6.036,316439000,1916983481
2024-10-30,6.111,6.140,6.146,6.104,388115000,2377859854
2024-10-31,6.140,6.103,6.140,6.102,363724451,2226528542
2024-11-01,6.017,6.051,6.068,6.017,315790200,1909288303
2024-11-04,6.011,6.006,6.023,5.988,320647168,1925632565
2024-11-05,6.003,6.006,6.008,5.967,346522500,2075830791
2024-11-06,6.028,5.994,6.062,5.973,531028205,3204265274
2024-11-07,5.865,5.860,5.881,5.857,497191100,2917410168
2024-11-08,5.925,5.898,5.936,5.888,544198350,3215881384
2024-11-11,5.901,5.905,5.910,5.889,293895478,1733556780
2024-11-12,5.830,5.807,5.841,5.800,361393200,2103738415
2024-11-13,5.805,5.796,5.814,5.795,294570000,1709706841
2024-11-14,5.724,5.680,5.730,5.669,436011000,2487543373
2024-11-15,5.711,5.683,5.712,5.667,410136300,2335976281
2024-11-18,5.748,5.758,5.773,5.738,380796200,2192024051
2024-11-19,5.811,5.858,5.860,5.809,412895600,2409857463
2024-11-20,5.900,5.857,5.900,5.855,393326310,2312028150
2024-11-21,5.914,5.933,5.934,5.909,347102500,2054829695
2024-11-22,5.968,6.010,6.011,5.967,479450110,2871840491
2024-11-25,6.009,5.916,6.013,5.893,773564810,4610155728
2024-11-26,5.835,5.844,5.856,5.825,367569300,2147982061
2024-11-27,5.860,5.899,5.904,5.856,354456000,2084747692
2024-11-28,5.831,5.869,5.877,5.823,351338498,2055069612
2024-11-29,5.879,5.923,5.927,5.878,372669395,2200782924
2024-12-02,5.850,5.872,5.885,5.848,300225600,1762546380
2024-12-03,5.917,5.931,5.942,5.911,290402200,1719827619
2024-12-04,5.915,5.929,5.938,5.913,216982400,1286380652
2024-12-05,5.937,5.927,5.943,5.923,223843600,1327983845
2024-12-06,5.866,5.903,5.910,5.861,291762000,1716909606
2024-12-09,5.941,5.936,5.946,5.925,240632900,1428404072
2024-12-10,5.970,5.961,5.972,5.949,302287000,1801985985
2024-12-11,6.028,6.011,6.030,5.977,368489600,2214470926
2024-12-12,6.038,6.052,6.054,6.025,285029200,1720927816
2024-12-13,6.016,6.001,6.018,5.991,268642400,1613292063
2024-12-16,5.945,5.947,5.950,5.933,251389700,1493426609
2024-12-17,5.957,5.940,5.970,5.936,253857200,1511849582
2024-12-18,5.942,5.932,5.948,5.929,183543592,1089480648
2024-12-19,5.867,5.885,5.906,5.867,362233900,2131258499
2024-12-20,5.877,5.892,5.894,5.866,243382915,1430034217
2024-12-23,5.919,5.951,5.953,5.918,279767800,1661172171
2024-12-24,5.928,5.921,5.931,5.916,227964108,1350515009
2024-12-25,5.932,5.936,5.939,5.929,144513901,857653535
2024-12-26,5.955,5.940,5.957,5.937,183751700,1092478868
2024-12-27,5.950,5.945,5.952,5.939,176506800,1049505975
2024-12-30,5.934,5.923,5.939,5.920,166024900,984288624
2024-12-31,5.914,5.928,5.932,5.900,164833500,974644615
2025-01-02,5.975,5.977,5.981,5.960,233072893,1391842464
2025-01-03,6.020,6.029,6.034,6.012,275912900,1661519900
2025-01-06,6.023,5.990,6.025,5.984,298085000,1789609736
2025-01-07,5.992,6.000,6.009,5.987,217772898,1305979331
2025-01-08,6.010,6.030,6.031,6.010,160473261,965957916
2025-01-09,6.038,6.065,6.066,6.032,156605360,946209476
2025-01-10,6.078,6.105,6.109,6.075,241484690,1470619550
2025-01-13,6.105,6.120,6.133,6.104,353089300,2160358184
2025-01-14,6.070,6.068,6.075,6.062,286920000,1740951031
2025-01-15,6.075,6.102,6.109,6.070,238686400,1452719737
2025-01-16,6.139,6.122,6.141,6.110,241313300,1478521166
2025-01-17,6.146,6.139,6.162,6.136,247982000,1524953624
2025-01-20,6.091,6.127,6.131,6.089,198219500,1210507375
2025-01-21,6.102,6.127,6.131,6.102,195442100,1196663049
2025-01-22,6.170,6.181,6.215,6.169,296770527,1836180883
2025-01-23,6.183,6.187,6.194,6.180,192367943,1190173543
2025-01-24,6.209,6.218,6.225,6.199,227492200,1413858397
2025-01-27,6.218,6.202,6.218,6.181,228818694,1417961910
2025-02-05,6.400,6.439,6.441,6.385,367016108,2354135637
2025-02-06,6.441,6.402,6.454,6.400,305318100,1965257147
2025-02-07,6.430,6.420,6.435,6.414,202194200,1299373106
2025-02-10,6.460,6.518,6.519,6.460,315643190,2046965397
2025-02-11,6.628,6.584,6.645,6.531,688982800,4542010086
2025-02-12,6.542,6.538,6.548,6.511,342637100,2237983355
2025-02-13,6.564,6.570,6.587,6.559,284025229,1866397971
2025-02-14,6.599,6.605,6.607,6.585,246676102,1627112891
2025-02-17,6.477,6.494,6.505,6.470,396972681,2575282904
2025-02-18,6.500,6.555,6.560,6.497,292830130,1913822117
2025-02-19,6.595,6.598,6.624,6.576,315610500,2084378903
2025-02-20,6.610,6.619,6.621,6.598,208220000,1375763005
2025-02-21,6.608,6.568,6.608,6.544,411983897,2707414871
2025-02-24,6.549,6.581,6.586,6.539,246679300,1620085717
2025-02-25,6.605,6.582,6.611,6.575,264729920,1745731792
2025-02-26,6.562,6.519,6.564,6.515,294958637,1929025426
2025-02-27,6.533,6.492,6.541,6.484,303901035,1978797942
2025-02-28,6.479,6.444,6.487,6.435,280864400,1814366434
2025-03-03,6.445,6.451,6.455,6.435,258749948,1668225513
2025-03-04,6.490,6.499,6.507,6.487,265743800,1726309042
2025-03-05,6.523,6.547,6.551,6.521,221884099,1449964026
2025-03-06,6.530,6.535,6.546,6.527,187622976,1226197910
2025-03-07,6.506,6.526,6.529,6.503,212238683,1382860823
2025-03-10,6.531,6.544,6.545,6.526,168135603,1098905803
2025-03-11,6.491,6.505,6.506,6.488,217070800,1409808324
2025-03-12,6.518,6.526,6.534,6.512,133572500,871152793
2025-03-13,6.573,6.575,6.583,6.570,180621750,1187629547
2025-03-14,6.693,6.673,6.693,6.662,337064300,2249855859
2025-03-17,6.674,6.677,6.678,6.659,261227100,1742579560
2025-03-18,6.688,6.727,6.730,6.688,247618300,1662780921
2025-03-19,6.757,6.800,6.806,6.754,332646700,2256310869
2025-03-20,6.820,6.807,6.825,6.799,288580577,1965397258
2025-03-21,6.808,6.774,6.810,6.762,259905579,1763391430
2025-03-24,6.770,6.780,6.782,6.758,152890422,1035354851
2025-03-25,6.758,6.774,6.778,6.751,188173300,1272978958
2025-03-26,6.780,6.795,6.797,6.775,192888100,1309338099
2025-03-27,6.797,6.812,6.817,6.791,224529007,1528152970
2025-03-28,6.912,6.938,6.939,6.894,423633499,2930627896
2025-03-31,6.942,7.012,7.045,6.942,674686354,4717070932
2025-04-01,7.065,7.056,7.098,7.041,718259725,5075882645
2025-04-02,7.070,7.029,7.083,7.019,418580916,2951070225
2025-04-03,7.135,7.094,7.173,7.068,726074050,5174808439
2025-04-07,6.801,6.877,7.060,6.800,1275784486,8819492014
2025-04-08,6.878,6.925,6.938,6.852,623642763,4294930105
2025-04-09,6.890,7.012,7.020,6.888,783359970,5435770622
2025-04-10,7.134,7.164,7.166,7.071,931201615,6642456530
2025-04-11,7.340,7.273,7.340,7.225,969046516,7073077660
2025-04-14,7.301,7.327,7.354,7.301,788278877,5780997530
2025-04-15,7.327,7.325,7.334,7.315,420590242,3081021799
2025-04-16,7.440,7.503,7.506,7.421,749850988,5597029960
2025-04-17,7.655,7.565,7.660,7.541,1007652486,7643429582
2025-04-18,7.564,7.583,7.589,7.533,478054139,3617039900
2025-04-21,7.684,7.724,7.727,7.677,751194584,5780384756
2025-04-22,7.871,7.982,8.033,7.860,1519502089,12093412697
2025-04-23,7.759,7.500,7.759,7.486,2564688817,19562766019
2025-04-24,7.670,7.582,7.707,7.550,1303473358,9946839718
2025-04-25,7.641,7.530,7.656,7.486,998594300,7560930098
2025-04-28,7.499,7.465,7.511,7.443,807300957,6031534039
2025-04-29,7.561,7.517,7.586,7.485,630471289,4749487800
2025-04-30,7.525,7.471,7.529,7.467,437292760,3276215482
2025-05-06,7.596,7.612,7.659,7.570,984527034,7499496274
2025-05-07,7.614,7.671,7.678,7.588,751864933,5748539067
2025-05-08,7.679,7.557,7.732,7.538,1112851087,8503906698
2025-05-09,7.502,7.531,7.555,7.427,887300929,6647216055
2025-05-12,7.341,7.376,7.399,7.341,668199236,4930947745
2025-05-13,7.291,7.332,7.339,7.224,905216614,6588647174
2025-05-14,7.309,7.277,7.322,7.265,548179300,3996673209
2025-05-15,7.165,7.062,7.169,7.010,1290123946,9132430391
2025-05-16,7.195,7.177,7.204,7.157,855274788,6143784727
2025-05-19,7.206,7.222,7.231,7.193,633277100,4567415868
2025-05-20,7.217,7.209,7.238,7.196,460862770,3324544898
2025-05-21,7.381,7.439,7.440,7.376,754386545,5587558730
2025-05-22,7.478,7.450,7.505,7.448,727054800,5439783047
2025-05-23,7.405,7.454,7.457,7.373,605935900,4495380260
2025-05-26,7.438,7.425,7.472,7.423,442308700,3294213684
2025-05-27,7.434,7.366,7.456,7.356,603457313,4472910506
2025-05-28,7.369,7.375,7.389,7.341,304997600,2247365541
2025-05-29,7.263,7.300,7.310,7.260,423281700,3084681573
2025-05-30,7.390,7.369,7.391,7.335,363573703,2675997478
2025-06-03,7.501,7.478,7.519,7.461,606170700,4544989593
2025-06-04,7.488,7.474,7.503,7.459,416157150,3113658616
2025-06-05,7.499,7.483,7.504,7.469,338533600,2534787070
2025-06-06,7.477,7.481,7.492,7.469,375355132,2807696362
2025-06-09,7.364,7.400,7.401,7.331,505825100,3726449040
2025-06-10,7.366,7.405,7.420,7.353,517795889,3822935723
2025-06-11,7.420,7.428,7.436,7.404,360699753,2677639427
2025-06-12,7.505,7.497,7.512,7.474,389463130,2919654502
2025-06-13,7.616,7.588,7.653,7.570,888062400,6764698782
2025-06-16,7.629,7.563,7.634,7.548,663731179,5041475386
2025-06-17,7.525,7.499,7.528,7.470,503152168,3775707856
2025-06-18,7.499,7.503,7.527,7.476,384865270,2886557970
2025-06-19,7.500,7.465,7.506,7.444,366857400,2741981668
2025-06-20,7.460,7.436,7.464,7.423,365250300,2717567425
2025-06-23,7.452,7.464,7.485,7.441,368519740,2750226776
2025-06-24,7.431,7.372,7.440,7.354,581647312,4305391870
2025-06-25,7.378,7.392,7.398,7.376,284710700,2103580236
2025-06-26,7.390,7.405,7.406,7.385,277147880,2049012994
2025-06-27,7.365,7.326,7.375,7.311,455853400,3345234504
2025-06-30,7.300,7.314,7.321,7.274,336657400,2457750199
2025-07-01,7.359,7.397,7.400,7.346,347867947,2564118180
2025-07-02,7.395,7.394,7.418,7.384,291654800,2157429707
2025-07-03,7.407,7.445,7.453,7.407,295990300,2199395168
2025-07-04,7.400,7.407,7.413,7.376,257229100,1902194152
2025-07-07,7.348,7.355,7.367,7.344,281784400,2072584679
2025-07-08,7.397,7.398,7.406,7.389,217899576,1612084341
2025-07-09,7.347,7.314,7.348,7.304,425534100,3116306560
2025-07-10,7.371,7.371,7.380,7.358,302003773,2225855850
2025-07-11,7.375,7.376,7.392,7.372,261655404,1931126841
2025-07-14,7.426,7.440,7.445,7.413,267188547,1983515657
2025-07-15,7.410,7.436,7.445,7.401,268931110,1996432231
2025-07-16,7.394,7.402,7.407,7.378,239071350,1767210158
2025-07-17,7.403,7.397,7.411,7.386,208316994,1541460812
2025-07-18,7.394,7.403,7.407,7.391,184028487,1361500094
2025-07-21,7.430,7.446,7.454,7.420,300457429,2233893918
2025-07-22,7.483,7.474,7.489,7.470,362003425,2707621582
2025-07-23,7.540,7.548,7.549,7.525,314107164,2368464628
2025-07-24,7.459,7.424,7.461,7.415,440510942,3275368218
2025-07-25,7.415,7.409,7.421,7.399,254762663,1887414454
2025-07-28,7.382,7.388,7.398,7.367,284143328,2096675236
2025-07-29,7.350,7.363,7.366,7.345,263161641,1936018254
2025-07-30,7.387,7.377,7.389,7.367,281773628,2078603635
2025-07-31,7.329,7.350,7.356,7.315,304165711,2231589344
2025-08-01,7.343,7.352,7.366,7.331,192399599,1413896110
2025-08-04,7.432,7.446,7.447,7.432,426113592,3170843970
2025-08-05,7.481,7.455,7.486,7.454,322458715,2408802907
2025-08-06,7.472,7.468,7.482,7.460,266181951,1988337088
2025-08-07,7.471,7.484,7.488,7.459,313642201,2344129227
2025-08-08,7.488,7.508,7.513,7.488,338060349,2535544417
2025-08-11,7.452,7.429,7.460,7.423,359688810,2678359430
2025-08-12,7.412,7.399,7.416,7.393,281491669,2084438530
2025-08-13,7.395,7.415,7.416,7.394,230600612,1707832442
2025-08-14,7.431,7.424,7.438,7.413,228780544,1698855241
2025-08-15,7.384,7.401,7.410,7.381,208044000,1538722974
2025-08-18,7.398,7.413,7.430,7.393,228171106,1690072000
2025-08-19,7.386,7.391,7.400,7.386,182699299,1350510204
2025-08-20,7.362,7.374,7.377,7.350,204963900,1509440993
2025-08-21,7.403,7.394,7.408,7.387,223292731,1652146836
2025-08-22,7.395,7.378,7.400,7.373,194928678,1439892466
2025-08-25,7.419,7.427,7.430,7.417,288572434,2141946403
2025-08-26,7.437,7.449,7.450,7.437,293532600,2185176566
2025-08-27,7.461,7.450,7.461,7.444,235912901,1758733831
2025-08-28,7.462,7.468,7.470,7.459,223107284,1665240691
2025-08-29,7.480,7.486,7.488,7.478,217764686,1629642851
2025-09-01,7.546,7.647,7.658,7.542,844514784,6431354808
2025-09-02,7.750,7.670,7.750,7.663,650604808,5006529827
2025-09-03,7.760,7.768,7.787,7.746,535458390,4158516363
2025-09-04,7.795,7.750,7.795,7.694,561861413,4352594756
2025-09-05,7.773,7.775,7.782,7.755,344149544,2674763266
2025-09-08,7.811,7.847,7.848,7.808,413909759,3240893040
2025-09-09,7.934,7.966,7.987,7.928,695908132,5537633289
2025-09-10,7.906,7.947,7.953,7.898,398608908,3160253380
2025-09-11,7.963,7.923,7.968,7.901,410933374,3259869667
2025-09-12,7.932,7.954,7.966,7.932,328766845,2613712618
2025-09-15,7.908,7.931,7.947,7.907,285290527,2262570508
2025-09-16,8.007,8.032,8.034,7.988,339497584,2718705446
2025-09-17,8.010,7.964,8.010,7.955,428296395,3417850247
2025-09-18,7.901,7.862,7.949,7.859,556562627,4399557224
2025-09-19,7.901,7.898,7.917,7.869,323799619,2556742578
2025-09-22,8.005,8.048,8.058,7.984,453251935,3632554944
2025-09-23,8.125,8.143,8.149,8.105,511550370,4158136063
2025-09-24,8.141,8.190,8.204,8.123,439901080,3591418429
2025-09-25,8.160,8.146,8.164,8.116,444111704,3614722212
2025-09-26,8.150,8.160,8.183,8.147,384548100,3138261886
2025-09-29,8.177,8.259,8.268,8.174,532950667,4380687035
2025-09-30,8.324,8.339,8.388,8.324,666956876,5576070203
2025-10-09,8.724,8.729,8.779,8.690,801442472,6996319980
2025-10-10,8.637,8.602,8.651,8.586,641470935,5528015329
2025-10-13,8.770,8.859,8.868,8.770,773948022,6826004392
2025-10-14,9.100,8.976,9.377,8.878,1667960506,15094002873
2025-10-15,9.143,9.187,9.190,9.090,919314119,8404693734
2025-10-16,9.230,9.244,9.288,9.198,1040915876,9625793165
2025-10-17,9.497,9.568,9.587,9.361,1586342550,15083487665
2025-10-20,9.308,9.268,9.367,9.250,1205698499,11239083883
2025-10-21,9.526,9.490,9.526,9.425,999521780,9473507963
2025-10-22,8.986,9.101,9.106,8.950,1407669227,12694570824
2025-10-23,8.980,8.994,9.052,8.920,932066467,8366775476
2025-10-24,9.048,8.950,9.053,8.933,740082055,6652958689
2025-10-27,8.948,8.914,8.949,8.897,675437497,6024338869
2025-10-28,8.790,8.597,8.790,8.591,1085475713,9433291725
2025-10-29,8.680,8.692,8.699,8.622,799957387,6929137801
2025-10-30,8.635,8.704,8.706,8.559,1025527342,8858790469
2025-10-31,8.810,8.794,8.822,8.748,771949636,6782774235
2025-11-03,8.743,8.797,8.801,8.737,465811303,4085511859
2025-11-04,8.745,8.737,8.756,8.705,531122927,4638166862
2025-11-05,8.654,8.706,8.732,8.641,476092329,4136619619
2025-11-06,8.718,8.755,8.757,8.706,409443562,3576860604
2025-11-07,8.769,8.793,8.798,8.755,427264748,3747892162
2025-11-10,8.869,8.936,8.949,8.856,758507494,6751619483
2025-11-11,9.138,9.062,9.138,9.049,828106585,7518834240
2025-11-12,9.058,9.029,9.068,8.984,658718382,5948310393
2025-11-13,9.157,9.175,9.184,9.134,651400798,5968013292
2025-11-14,9.099,9.096,9.180,9.090,716187519,6540777396
2025-11-17,8.922,8.882,8.969,8.842,812669365,7238287561
2025-11-18,8.837,8.777,8.837,8.770,583681281,5133558167
2025-11-19,8.890,8.954,8.968,8.873,604136017,5392419257
2025-11-20,8.959,8.903,8.969,8.865,633776232,5649454182
2025-11-21,8.888,8.828,8.921,8.824,684293990,6071459200
2025-11-24,8.858,8.857,8.865,8.829,468144900,4141386255
2025-11-25,8.990,9.010,9.039,8.990,642314263,5789627417
2025-11-26,9.015,9.011,9.048,9.003,509052124,4596141094
2025-11-27,9.003,9.010,9.017,8.986,380715268,3427665091
2025-11-28,9.084,9.067,9.090,9.051,397292813,3603374123
2025-12-01,9.146,9.161,9.204,9.128,731858399,6708010683
2025-12-02,9.118,9.112,9.145,9.088,447517819,4083289907
2025-12-03,9.118,9.096,9.143,9.084,460723335,4198884820
2025-12-04,9.107,9.064,9.125,9.035,558462141,5070761141
2025-12-05,9.094,9.136,9.148,9.084,415965811,3791528369
2025-12-08,9.107,9.110,9.119,9.078,431705623,3929192887
2025-12-09,9.075,9.046,9.082,9.026,477281632,4322621349
2025-12-10,9.114,9.095,9.118,9.081,341858428,3111335234
2025-12-11,9.157,9.110,9.165,9.095,466634993,4260705305
2025-12-12,9.201,9.227,9.230,9.191,476618809,4388186109
2025-12-15,9.298,9.351,9.360,9.297,567902846,5297510203
2025-12-16,9.272,9.240,9.296,9.199,519626708,4805902569
2025-12-17,9.283,9.310,9.345,9.283,452083592,4209416976
2025-12-18,9.311,9.318,9.327,9.302,317805610,2961343686
2025-12-19,9.290,9.313,9.321,9.273,370300316,3443922186
2025-12-22,9.380,9.511,9.514,9.380,691875423,6534234042
2025-12-23,9.630,9.639,9.689,9.608,902281420,8709327485
2025-12-24,9.719,9.642,9.722,9.613,738436899,7136924986
2025-12-25,9.571,9.566,9.580,9.539,431157619,4123112968
2025-12-26,9.670,9.650,9.680,9.618,489825336,4726243848
2025-12-29,9.640,9.563,9.667,9.550,714496669,6877104094
2025-12-30,9.272,9.363,9.402,9.272,861555822,8058585692
2025-12-31,9.359,9.301,9.392,9.196,887315417,8255346608
2026-01-05,9.421,9.495,9.499,9.421,683271028,6465146234
2026-01-06,9.536,9.577,9.606,9.528,531345738,5085365304
2026-01-07,9.600,9.518,9.601,9.511,616398514,5894333390
2026-01-08,9.555,9.511,9.559,9.474,483834991,4604940099
2026-01-09,9.544,9.592,9.596,9.544,379190390,3629946415
2026-01-12,9.779,9.777,9.791,9.736,493501700,4822414247
2026-01-13,9.790,9.793,9.825,9.771,398236725,3901169996
2026-01-14,9.871,9.922,9.925,9.869,436952117,4321616075
2026-01-15,9.861,9.867,9.883,9.820,554292206,5460435940
2026-01-16,9.851,9.857,9.874,9.828,327843149,3228858975
2026-01-19,9.962,10.006,10.009,9.960,480621154,4797229646
2026-01-20,10.005,10.082,10.095,9.983,533806706,5362959212
2026-01-21,10.365,10.377,10.501,10.322,984509622,10230345643
2026-01-22,10.290,10.341,10.343,10.230,719685837,7398945407
2026-01-23,10.618,10.617,10.643,10.585,729889496,7746553192
2026-01-26,10.886,10.924,10.955,10.848,960474483,10463068625
2026-01-27,10.883,10.934,10.946,10.848,771107250,8395732861
2026-01-28,11.110,11.280,11.288,11.109,1066201004,11961498145
2026-01-29,11.918,11.904,11.977,11.796,1497107926,17799095491
2026-01-30,11.471,11.009,11.533,10.800,2301609692,25777505557
2026-02-02,9.908,9.908,10.245,9.908,1899820420,19145014244
2026-02-03,10.355,10.422,10.461,10.105,2100916676,21613177107
2026-02-04,10.795,10.867,10.904,10.738,1424298936,15412917353
2026-02-05,10.610,10.523,10.695,10.300,1909045495,20057436535
2026-02-06,10.079,10.357,10.523,10.050,1841278975,19034272998
2026-02-09,10.720,10.719,10.750,10.610,1161222745,12418166669
2026-02-10,10.686,10.669,10.733,10.661,702600061,7513073622
2026-02-11,10.704,10.758,10.765,10.700,681826714,7317564815
2026-02-12,10.720,10.720,10.752,10.700,600479350,6445229523
2026-02-13,10.582,10.575,10.617,10.508,769392258,8131354160
2026-02-24,10.920,10.950,10.998,10.903,752313723,8241565507
2026-02-25,10.953,10.959,10.992,10.920,607477346,6656474798
2026-02-26,10.939,10.913,10.944,10.896,437766976,4781387315
2026-02-27,10.920,10.933,10.950,10.911,463126387,5063424364
2026-03-02,11.368,11.417,11.419,11.214,1130097171,12775642356
2026-03-03,11.418,11.259,11.418,11.202,969284941,10968192369
2026-03-04,11.000,10.980,11.085,10.926,997981175,10981117960
2026-03-05,10.980,10.964,11.014,10.889,653680200,7165201084
2026-03-06,10.834,10.873,10.937,10.831,491671193,5356472276
2026-03-09,10.858,10.868,10.950,10.793,801213216,8713281061
2026-03-10,10.963,10.956,10.991,10.943,437932878,4801155476
2026-03-11,11.026,10.974,11.028,10.964,475495727,5230093074
2026-03-12,10.928,10.938,10.956,10.892,389237902,4253167289
2026-03-13,10.852,10.802,10.880,10.791,388524533,4211610423
2026-03-16,10.630,10.664,10.700,10.605,478924660,5100457125
2026-03-17,10.632,10.637,10.696,10.630,353528190,3766972817
2026-03-18,10.638,10.606,10.639,10.570,354427328,3756857569
2026-03-19,10.283,10.126,10.345,10.080,878362147,9006105538
2026-03-20,9.900,9.896,10.066,9.883,1191784092,11878418533
2026-03-23,9.488,8.941,9.500,8.906,1974765911,18231773873
2026-03-24,9.210,9.299,9.303,9.105,1490516464,13716736873
2026-03-25,9.700,9.641,9.772,9.609,1178632201,11438092704
2026-03-26,9.628,9.450,9.637,9.358,1107621274,10525933922
2026-03-27,9.358,9.494,9.528,9.358,748707264,7077216082
2026-03-30,9.496,9.656,9.696,9.473,1046745903,10053472875
2026-03-31,9.751,9.699,9.836,9.697,981801710,9575690405
2026-04-01,9.950,10.024,10.028,9.912,835670818,8316311343
2026-04-02,10.000,9.738,10.000,9.641,1302646746,12814253058
2026-04-03,9.914,9.828,9.914,9.793,424296200,4176219528
2026-04-07,9.845,9.837,9.867,9.781,542784769,5331846502
2026-04-08,10.103,10.113,10.153,10.057,994347975,10051847595
2026-04-09,9.920,9.908,9.950,9.900,655252744,6501536554
2026-04-10,9.995,9.972,10.030,9.954,577695324,5772482719
2026-04-13,9.918,9.924,9.939,9.900,428554392,4251246607
2026-04-14,9.999,10.011,10.012,9.968,422160466,4218777617
2026-04-15,10.127,10.064,10.150,10.062,489769744,4949413437
2026-04-16,10.095,10.097,10.111,10.070,376243713,3796363197
2026-04-17,10.000,10.029,10.071,9.990,357718901,3589199404
2026-04-20,10.040,10.036,10.075,10.013,355833475,3572623672
2026-04-21,10.070,10.010,10.072,10.003,323902876,3250579583
2026-04-22,9.968,10.004,10.008,9.968,364219794,3637270995
2026-04-23,9.935,9.900,9.947,9.865,426785130,4226616551
2026-04-24,9.885,9.826,9.886,9.814,314190201,3091878872
2026-04-27,9.859,9.897,9.917,9.857,255476037,2526051171
2026-04-28,9.850,9.732,9.854,9.714,376104347,3676337287
2026-04-29,9.641,9.637,9.680,9.630,511996833,4943877284
2026-04-30,9.629,9.678,9.679,9.580,404662969,3894564587
2026-05-06,9.698,9.791,9.792,9.698,392697776,3827234550
2026-05-07,9.871,9.909,9.933,9.835,438005730,4322115660
2026-05-08,9.871,9.880,9.897,9.853,340379015,3361489920
2026-05-11,9.827,9.774,9.827,9.714,447587670,4376016747
2026-05-12,9.900,9.806,9.906,9.800,405923015,3997558136
2026-05-13,9.818,9.804,9.834,9.780,298307355,2925864489
2026-05-14,9.780,9.795,9.802,9.761,296882393,2903498943
2026-05-15,9.645,9.554,9.659,9.532,649877683,6233847911
2026-05-18,9.440,9.513,9.534,9.435,476978463,4527932597
2026-05-19,9.519,9.515,9.554,9.485,264376415,2516240589
2026-05-20,9.400,9.367,9.400,9.332,546321491,5114796529
2026-05-21,9.530,9.450,9.543,9.447,337773070,3206814236
2026-05-22,9.460,9.461,9.474,9.424,271569663,2567719896
2026-05-25,9.531,9.512,9.540,9.490,238605940,2269776991
2026-05-26,9.481,9.454,9.487,9.442,220861420,2089349183
2026-05-27,9.419,9.345,9.425,9.336,324668208,3044601314
2026-05-28,9.216,9.132,9.218,9.108,456620753,4181014488
2026-05-29,9.385,9.397,9.400,9.340,348235218,3262565266
2026-06-01,9.398,9.344,9.414,9.343,258640902,2427380926
2026-06-02,9.300,9.410,9.414,9.266,324778050,3034940310
2026-06-03,9.280,9.281,9.327,9.263,325487600,3024667411
2026-06-04,9.301,9.290,9.320,9.274,282172674,2623259392
2026-06-05,9.263,9.252,9.275,9.210,301755305,2788572679
2026-06-08,9.001,8.953,9.024,8.893,495297882,4442538006
2026-06-09,9.010,9.005,9.046,9.004,287000533,2589621005
2026-06-10,8.740,8.736,8.780,8.671,560909257,4889766654
2026-06-11,8.561,8.506,8.580,8.418,649152677,5515478400
2026-06-12,8.670,8.659,8.715,8.639,436740687,3787489191
2026-06-15,8.916,8.928,8.988,8.910,499417455,4468968234
2026-06-16,8.945,8.949,8.968,8.920,275222053,2461164661
2026-06-17,8.978,8.957,8.986,8.933,263405774,2361143262
2026-06-18,8.950,8.908,8.964,8.892,298268213,2663369298
2026-06-22,8.735,8.716,8.742,8.655,440971831,3834546126
2026-06-23,8.668,8.537,8.674,8.525,425630533,3654668516
2026-06-24,8.485,8.515,8.530,8.426,402997039,3418706769
2026-06-25,8.330,8.287,8.330,8.267,508986639,4224829996
2026-06-26,8.365,8.390,8.393,8.293,384807548,3213357332
2026-06-29,8.445,8.449,8.479,8.404,339834907,2870486268
2026-06-30,8.262,8.378,8.389,8.224,419277945,3473352887
2026-07-01,8.284,8.271,8.300,8.253,305289870,2526820875
2026-07-02,8.425,8.475,8.484,8.397,514978977,4346984456
2026-07-03,8.706,8.672,8.726,8.636,467668483,4059995573
2026-07-06,8.696,8.631,8.738,8.620,316270803,2744403494
2026-07-07,8.590,8.597,8.620,8.564,223857697,1924146850
2026-07-08,8.543,8.589,8.605,8.530,241068182,2068067225
2026-07-09,8.495,8.544,8.550,8.446,245420653,2084790591
2026-07-10,8.551,8.541,8.587,8.538,228291524,1953497774
2026-07-13,8.470,8.419,8.497,8.413,302048524,2551745651
2026-07-14,8.302,8.373,8.389,8.302,236212800,1974213700
2026-07-15,8.415,8.369,8.420,8.347,228330952,1912067301
2026-07-16,8.375,8.363,8.395,8.349,180021910,1506556933
2026-07-17,8.291,8.311,8.326,8.256,284476860,2358048522
2026-07-20,8.311,8.318,8.362,8.300,200720800,1671393158
2026-07-21,8.352,8.468,8.477,8.345,321197319,2700615686
2026-07-22,8.555,8.560,8.614,8.546,649427312,5570743361
2026-07-23,8.604,8.560,8.610,8.541,371266198,3180421456
2026-07-24,8.400,8.385,8.420,8.360,369636900,3099445119
2026-07-27,8.503,8.502,8.527,8.476,256733538,2182507755
2026-07-28,8.391,8.400,8.406,8.372,213705679,1793455522
2026-07-29,8.340,8.392,8.399,8.340,271556376,2274588148
2026-07-30,8.463,8.360,8.484,8.350,403331464,3395683596
2026-07-31,8.460,8.433,8.464,8.420,298389517,2518760872
2026-08-03,8.400,8.417,8.430,8.383,322314406,2710491400
2026-08-04,8.394,8.408,8.425,8.391,244289678,2054825165
2026-08-05,8.459,8.640,8.644,8.442,747452212,6399150042
2026-08-06,8.880,8.795,8.905,8.783,820062838,7254680440
2026-08-07,8.775,8.892,8.892,8.774,696389542,6154122280
2026-08-10,8.940,9.005,9.005,8.908,669955011,5999793890
2026-08-11,9.130,9.009,9.163,9.001,926608343,8414200025
2026-08-12,9.070,9.103,9.121,9.051,586195401,5324529499
2026-08-13,9.126,9.042,9.144,9.016,537385711,4877606464
2026-08-14,8.906,8.946,8.949,8.891,525078377,4681877001
2026-08-17,9.090,9.068,9.095,9.048,445054556,4032553610
2026-08-18,9.111,9.078,9.126,9.047,359753054,3266272875
2026-08-19,8.957,8.974,9.011,8.949,400256583,3593183883
2026-08-20,9.251,9.234,9.253,9.200,552273333,5097893331
2026-08-21,9.301,9.388,9.391,9.295,822936717,7684951957
2026-08-24,9.488,9.564,9.582,9.480,913632792,8717758032
2026-08-25,9.607,9.533,9.620,9.497,924973189,8837077964
2026-08-26,9.539,9.517,9.588,9.498,571279384,5450348265
2026-08-27,9.504,9.446,9.540,9.445,572958427,5438577528
2026-08-28,9.437,9.475,9.475,9.398,473701359,4462695029
2026-08-31,9.160,9.135,9.171,9.050,938190765,8556652878
2026-09-01,9.128,9.118,9.156,9.108,451044854,4118875882
2026-09-02,8.900,8.902,8.922,8.833,849701487,7544980786
2026-09-03,9.045,9.105,9.135,9.045,651064968,5923257966
2026-09-04,9.210,9.164,9.218,9.160,461556950,4243476111
2026-09-07,9.021,9.024,9.076,9.009,501577786,4537564249
2026-09-08,9.102,9.047,9.123,9.039,414397829,3766204867
2026-09-09,8.970,9.041,9.052,8.970,448699652,4042974966
2026-09-10,9.060,9.083,9.105,9.051,441013607,4001856207
2026-09-11,8.895,8.943,8.963,8.852,617832329,5504843797
2026-09-14,8.907,8.875,8.950,8.875,454825043,4054072492
2026-09-15,8.849,8.829,8.879,8.814,411399421,3637561796
2026-09-16,8.828,8.905,8.924,8.804,557027113,4945405175
2026-09-17,8.860,8.856,8.888,8.787,572748159,5062606725
2026-09-18,8.950,9.009,9.026,8.896,601308814,5385512314
2026-09-21,8.979,8.930,8.993,8.917,423980512,3795599155
2026-09-22,8.937,8.859,8.941,8.854,584350223,5196451929
2026-09-23,8.910,8.897,8.919,8.886,321210331,2860126761
2026-09-24,8.838,8.788,8.846,8.783,421809212,3716334620
2026-09-28,8.671,8.568,8.677,8.566,474619150,4095411299
2026-09-29,8.500,8.519,8.534,8.484,377557858,3211327254
2026-09-30,8.567,8.633,8.633,8.562,313781398,2695333557
