date,open,high,low,close,volume,amount,turnover
2017-01-03,4.065,4.103,4.065,4.114,3270000,13040000,0
2017-01-04,4.100,4.155,4.100,4.160,5530000,22210000,0
2017-01-05,4.150,4.141,4.141,4.163,1920000,7720000,0
2017-01-06,4.149,4.111,4.109,4.149,2490000,9970000,0
2017-01-09,4.108,4.126,4.069,4.144,3660000,14650000,0
2017-01-10,4.139,4.125,4.122,4.144,1590000,6400000,0
2017-01-11,4.130,4.099,4.098,4.136,1880000,7480000,0
2017-01-12,4.091,4.078,4.073,4.105,1980000,7860000,0
2017-01-13,4.092,4.041,4.035,4.092,3430000,13530000,0
2017-01-16,4.024,3.935,3.863,4.033,6470000,24820000,0
2017-01-17,3.920,3.992,3.909,3.992,5860000,22500000,0
2017-01-18,3.991,3.998,3.965,4.020,5120000,19850000,0
2017-01-19,3.996,3.982,3.976,4.007,1700000,6600000,0
2017-01-20,3.985,4.038,3.985,4.045,3410000,13320000,0
2017-01-23,4.031,4.052,4.031,4.074,2840000,11200000,0
2017-01-24,4.054,4.039,4.035,4.054,1310000,5150000,0
2017-01-25,4.032,4.058,4.031,4.060,1340000,5280000,0
2017-01-26,4.058,4.087,4.058,4.089,2720000,10770000,0
2017-02-03,4.089,4.060,4.050,4.089,1810000,7150000,0
2017-02-06,4.059,4.066,4.048,4.082,2390000,9440000,0
2017-02-07,4.066,4.052,4.043,4.078,2850000,11200000,0
2017-02-08,4.060,4.091,4.040,4.093,3500000,13830000,0
2017-02-09,4.090,4.114,4.082,4.122,9780000,39030000,0
2017-02-10,4.114,4.121,4.107,4.135,3250000,13000000,0
2017-02-13,4.125,4.167,4.121,4.178,4590000,18530000,0
2017-02-14,4.167,4.160,4.153,4.184,2660000,10780000,0
2017-02-15,4.158,4.135,4.130,4.183,2640000,10640000,0
2017-02-16,4.134,4.173,4.134,4.175,2710000,10950000,0
2017-02-17,4.173,4.163,4.154,4.205,8840000,35890000,0
2017-02-20,4.163,4.228,4.163,4.234,6800000,27750000,0
2017-02-21,4.228,4.242,4.222,4.250,4580000,18860000,0
2017-02-22,4.244,4.255,4.236,4.257,3040000,12550000,0
2017-02-23,4.255,4.246,4.232,4.263,3180000,13120000,0
2017-02-24,4.242,4.232,4.221,4.243,9830000,40400000,0
2017-02-27,4.232,4.198,4.192,4.235,3700000,15140000,0
2017-02-28,4.193,4.210,4.193,4.217,1990000,8140000,0
2017-03-01,4.201,4.219,4.201,4.240,3980000,16340000,0
2017-03-02,4.230,4.203,4.201,4.238,3920000,16090000,0
2017-03-03,4.205,4.208,4.185,4.215,6150000,25090000,0
2017-03-06,4.208,4.258,4.192,4.259,7490000,30910000,0
2017-03-07,4.257,4.269,4.252,4.271,3260000,13490000,0
2017-03-08,4.269,4.249,4.246,4.270,2840000,11770000,0
2017-03-09,4.246,4.218,4.214,4.246,4400000,18060000,0
2017-03-10,4.218,4.240,4.217,4.250,5900000,24280000,0
2017-03-13,4.244,4.291,4.228,4.291,9440000,39120000,0
2017-03-14,4.286,4.278,4.275,4.296,2790000,11620000,0
2017-03-15,4.275,4.292,4.261,4.293,3800000,15800000,0
2017-03-16,4.297,4.319,4.297,4.336,3660000,15360000,0
2017-03-17,4.320,4.262,4.260,4.328,5840000,24410000,0
2017-03-20,4.263,4.267,4.237,4.275,14580000,60340000,0
2017-03-21,4.260,4.303,4.258,4.305,3400000,14140000,0
2017-03-22,4.290,4.293,4.271,4.314,6310000,26360000,0
2017-03-23,4.298,4.318,4.275,4.322,5670000,23720000,0
2017-03-24,4.318,4.369,4.318,4.369,5550000,23480000,0
2017-03-27,4.354,4.318,4.318,4.365,4970000,20980000,0
2017-03-28,4.323,4.318,4.306,4.338,11230000,47120000,0
2017-03-29,4.327,4.309,4.293,4.329,4150000,17390000,0
2017-03-30,4.300,4.245,4.235,4.309,11770000,48800000,0
2017-03-31,4.245,4.285,4.245,4.286,5320000,22090000,0
2017-04-05,4.312,4.367,4.312,4.370,5070000,21440000,0
2017-04-06,4.364,4.356,4.341,4.364,2730000,11540000,0
2017-04-07,4.356,4.374,4.351,4.378,2780000,11810000,0
2017-04-10,4.363,4.336,4.333,4.372,2350000,9930000,0
2017-04-11,4.337,4.346,4.274,4.356,6580000,27600000,0
2017-04-12,4.346,4.325,4.314,4.360,3900000,16450000,0
2017-04-13,4.317,4.359,4.317,4.370,5010000,21220000,0
2017-04-14,4.356,4.305,4.300,4.356,7160000,30120000,0
2017-04-17,4.300,4.299,4.281,4.319,6650000,27800000,0
2017-04-18,4.299,4.297,4.292,4.335,5540000,23240000,0
2017-04-19,4.290,4.289,4.241,4.294,13790000,57190000,0
2017-04-20,4.280,4.308,4.276,4.330,7600000,31840000,0
2017-04-21,4.300,4.297,4.279,4.332,8410000,35130000,0
2017-04-24,4.284,4.210,4.190,4.284,15390000,63200000,0
2017-04-25,4.214,4.249,4.214,4.265,8890000,36680000,0
2017-04-26,4.249,4.278,4.249,4.311,9110000,37980000,0
2017-04-27,4.278,4.277,4.206,4.284,15560000,64040000,0
2017-04-28,4.270,4.260,4.241,4.274,7930000,32800000,0
2017-05-02,4.263,4.262,4.239,4.267,7340000,30340000,0
2017-05-03,4.260,4.255,4.239,4.280,6920000,28600000,0
2017-05-04,4.253,4.234,4.228,4.265,7200000,29720000,0
2017-05-05,4.228,4.186,4.186,4.228,14590000,59590000,0
2017-05-08,4.180,4.095,4.095,4.180,15590000,62710000,0
2017-05-09,4.084,4.104,4.045,4.105,12820000,50700000,0
2017-05-10,4.103,4.075,4.073,4.133,6520000,26020000,0
2017-05-11,4.065,4.106,4.019,4.108,14040000,55330000,0
2017-05-12,4.105,4.118,4.086,4.120,5780000,23020000,0
2017-05-15,4.123,4.150,4.123,4.157,5250000,21140000,0
2017-05-16,4.140,4.229,4.121,4.233,8240000,33320000,0
2017-05-17,4.222,4.204,4.195,4.236,6210000,25460000,0
2017-05-18,4.180,4.183,4.170,4.207,6010000,24480000,0
2017-05-19,4.182,4.182,4.165,4.198,4260000,17330000,0
2017-05-22,4.173,4.180,4.166,4.209,4040000,16430000,0
2017-05-23,4.165,4.170,4.162,4.205,9140000,37100000,0
2017-05-24,4.165,4.195,4.115,4.195,9460000,38080000,0
2017-05-25,4.185,4.237,4.159,4.243,11650000,47540000,0
2017-05-26,4.233,4.212,4.200,4.242,4740000,19450000,0
2017-05-31,4.251,4.224,4.206,4.256,5890000,24220000,0
2017-06-01,4.220,4.197,4.192,4.229,3870000,15850000,0
2017-06-02,4.190,4.209,4.161,4.219,7450000,30290000,0
2017-06-05,4.209,4.205,4.203,4.226,3420000,14020000,0
2017-06-06,4.202,4.245,4.200,4.245,5170000,21230000,0
2017-06-07,4.247,4.332,4.244,4.335,8040000,33620000,0
2017-06-08,4.327,4.352,4.325,4.358,10650000,45030000,0
2017-06-09,4.355,4.374,4.355,4.386,6480000,27590000,0
2017-06-12,4.374,4.370,4.352,4.403,7090000,30180000,0
2017-06-13,4.370,4.423,4.365,4.425,7120000,30500000,0
2017-06-14,4.410,4.360,4.356,4.412,7940000,33820000,0
2017-06-15,4.367,4.375,4.341,4.382,4470000,19000000,0
2017-06-16,4.376,4.365,4.360,4.395,2510000,10670000,0
2017-06-19,4.375,4.408,4.373,4.409,3550000,15200000,0
2017-06-20,4.414,4.421,4.409,4.433,8660000,37230000,0
2017-06-21,4.434,4.482,4.425,4.486,6000000,25980000,0
2017-06-22,4.482,4.457,4.455,4.525,18590000,81450000,0
2017-06-23,4.459,4.526,4.446,4.528,12080000,52660000,0
2017-06-26,4.547,4.615,4.540,4.624,10000000,44730000,0
2017-06-27,4.613,4.608,4.575,4.616,6750000,30270000,0
2017-06-28,4.595,4.557,4.552,4.600,6580000,29310000,0
2017-06-29,4.560,4.591,4.560,4.593,4380000,19540000,0
2017-06-30,4.578,4.600,4.563,4.604,4440000,19830000,0
2017-07-03,4.595,4.562,4.543,4.598,4500000,19960000,0
2017-07-04,4.562,4.524,4.511,4.562,5750000,25340000,0
2017-07-05,4.520,4.588,4.514,4.588,8310000,36780000,0
2017-07-06,4.585,4.574,4.536,4.589,9160000,40760000,0
2017-07-07,4.565,4.568,4.548,4.580,5490000,24370000,0
2017-07-10,4.563,4.542,4.539,4.574,4290000,19010000,0
2017-07-11,4.538,4.570,4.535,4.614,6180000,27570000,0
2017-07-12,4.566,4.550,4.525,4.583,5100000,22630000,0
2017-07-13,4.550,4.570,4.546,4.582,2740000,12180000,0
2017-07-14,4.563,4.566,4.525,4.570,3350000,14840000,0
2017-07-17,4.555,4.454,4.410,4.565,12480000,54320000,0
2017-07-18,4.445,4.460,4.400,4.464,10090000,43520000,0
2017-07-19,4.452,4.557,4.442,4.557,8540000,37480000,0
2017-07-20,4.551,4.600,4.551,4.608,4910000,21930000,0
2017-07-21,4.595,4.586,4.574,4.619,5500000,24640000,0
2017-07-24,4.592,4.606,4.572,4.620,3160000,14160000,0
2017-07-25,4.599,4.566,4.560,4.612,3600000,16080000,0
2017-07-26,4.566,4.530,4.516,4.576,3870000,17080000,0
2017-07-27,4.530,4.559,4.491,4.575,4740000,20940000,0
2017-07-28,4.550,4.588,4.535,4.590,2560000,11420000,0
2017-07-31,4.585,4.609,4.560,4.610,3990000,17820000,0
2017-08-01,4.609,4.612,4.595,4.622,4400000,19780000,0
2017-08-02,4.612,4.608,4.604,4.643,4420000,19910000,0
2017-08-03,4.605,4.574,4.564,4.605,3590000,16040000,0
2017-08-04,4.561,4.532,4.530,4.576,4340000,19250000,0
2017-08-07,4.520,4.569,4.520,4.572,3660000,16220000,0
2017-08-08,4.569,4.586,4.560,4.599,4460000,19870000,0
2017-08-09,4.577,4.609,4.564,4.615,2710000,12110000,0
2017-08-10,4.605,4.586,4.575,4.638,3600000,16130000,0
2017-08-11,4.580,4.494,4.492,4.580,4150000,18300000,0
2017-08-14,4.480,4.585,4.480,4.589,6650000,29500000,0
2017-08-15,4.588,4.592,4.575,4.603,2640000,11790000,0
2017-08-16,4.592,4.611,4.568,4.630,4120000,18510000,0
2017-08-17,4.612,4.640,4.603,4.640,2590000,11680000,0
2017-08-18,4.636,4.619,4.598,4.636,3120000,14000000,0
2017-08-21,4.615,4.654,4.610,4.654,2500000,11320000,0
2017-08-22,4.655,4.642,4.638,4.663,2920000,13220000,0
2017-08-23,4.641,4.640,4.629,4.666,1790000,8100000,0
2017-08-24,4.642,4.621,4.616,4.650,2060000,9310000,0
2017-08-25,4.620,4.677,4.620,4.688,4620000,20990000,0
2017-08-28,4.690,4.758,4.679,4.786,7720000,35800000,0
2017-08-29,4.758,4.737,4.723,4.758,3820000,17630000,0
2017-08-30,4.736,4.752,4.734,4.757,2530000,11700000,0
2017-08-31,4.752,4.740,4.722,4.757,11880000,54870000,0
2017-09-01,4.740,4.758,4.735,4.760,13040000,60330000,0
2017-09-04,4.761,4.795,4.740,4.795,5670000,26390000,0
2017-09-05,4.796,4.810,4.785,4.826,2800000,13130000,0
2017-09-06,4.810,4.810,4.788,4.819,2430000,11380000,0
2017-09-07,4.813,4.796,4.795,4.825,4990000,23420000,0
2017-09-08,4.781,4.796,4.772,4.806,1600000,7500000,0
2017-09-11,4.799,4.814,4.789,4.828,1660000,7770000,0
2017-09-12,4.815,4.802,4.798,4.847,3670000,17240000,0
2017-09-13,4.802,4.822,4.792,4.828,2890000,13570000,0
2017-09-14,4.817,4.817,4.802,4.848,3370000,15880000,0
2017-09-15,4.817,4.832,4.804,4.848,4270000,20100000,0
2017-09-18,4.832,4.879,4.832,4.880,2310000,10980000,0
2017-09-19,4.879,4.837,4.826,4.886,2700000,12780000,0
2017-09-20,4.837,4.888,4.835,4.889,3510000,16660000,0
2017-09-21,4.887,4.867,4.862,4.892,2200000,10480000,0
2017-09-22,4.862,4.852,4.836,4.862,1880000,8910000,0
2017-09-25,4.852,4.787,4.780,4.852,3260000,15310000,0
2017-09-26,4.785,4.806,4.785,4.820,2040000,9530000,0
2017-09-27,4.805,4.850,4.803,4.860,2160000,10230000,0
2017-09-28,4.857,4.851,4.836,4.862,1770000,8390000,0
2017-09-29,4.850,4.873,4.850,4.890,2560000,12160000,0
2017-10-09,4.921,4.976,4.921,4.986,4770000,23130000,0
2017-10-10,4.965,4.976,4.939,4.985,3010000,14560000,0
2017-10-11,4.976,5.008,4.965,5.010,2620000,12780000,0
2017-10-12,5.005,5.004,4.975,5.020,3180000,15510000,0
2017-10-13,5.004,5.051,4.999,5.051,9110000,44630000,0
2017-10-16,5.051,5.020,5.005,5.080,5440000,26760000,0
2017-10-17,5.028,5.017,4.990,5.038,2950000,14410000,0
2017-10-18,5.017,5.046,5.017,5.046,2560000,12570000,0
2017-10-19,5.047,5.008,5.004,5.050,4360000,21410000,0
2017-10-20,5.008,5.015,4.978,5.016,2010000,9810000,0
2017-10-23,5.015,5.040,5.006,5.040,2090000,10230000,0
2017-10-24,5.035,5.075,5.022,5.075,3640000,17950000,0
2017-10-25,5.075,5.121,5.073,5.121,7860000,39140000,0
2017-10-26,5.124,5.147,5.116,5.173,4620000,23260000,0
2017-10-27,5.149,5.167,5.129,5.167,2910000,14650000,0
2017-10-30,5.165,5.139,5.074,5.178,8800000,44030000,0
2017-10-31,5.139,5.166,5.116,5.173,9580000,48100000,0
2017-11-01,5.165,5.142,5.142,5.195,4650000,23470000,0
2017-11-02,5.142,5.137,5.111,5.142,7440000,37220000,0
2017-11-03,5.137,5.110,5.090,5.165,8570000,42930000,0
2017-11-06,5.103,5.201,5.101,5.203,7850000,39560000,0
2017-11-07,5.208,5.248,5.208,5.254,5370000,27440000,0
2017-11-08,5.251,5.237,5.232,5.309,7500000,38680000,0
2017-11-09,5.231,5.294,5.213,5.294,5100000,26130000,0
2017-11-10,5.282,5.352,5.278,5.362,6220000,32400000,0
2017-11-13,5.345,5.375,5.345,5.398,4910000,25820000,0
2017-11-14,5.369,5.305,5.290,5.370,11700000,60880000,0
2017-11-15,5.290,5.249,5.210,5.315,13610000,69710000,0
2017-11-16,5.235,5.293,5.221,5.298,12180000,62690000,0
2017-11-17,5.284,5.230,5.227,5.308,13900000,71540000,0
2017-11-20,5.219,5.298,5.130,5.298,13480000,68910000,0
2017-11-21,5.290,5.438,5.285,5.438,19570000,102990000,0
2017-11-22,5.433,5.402,5.351,5.467,12080000,63890000,0
2017-11-23,5.393,5.187,5.180,5.393,22260000,115120000,0
2017-11-24,5.166,5.199,5.123,5.225,12570000,63490000,0
2017-11-27,5.164,5.067,5.051,5.179,14310000,71280000,0
2017-11-28,5.056,5.107,5.046,5.107,11390000,56520000,0
2017-11-29,5.110,5.083,5.022,5.119,13100000,64730000,0
2017-11-30,5.058,5.006,4.991,5.085,8140000,40060000,0
2017-12-01,5.000,5.024,5.000,5.078,7890000,38840000,0
2017-12-04,5.025,5.061,5.020,5.095,8670000,42910000,0
2017-12-05,5.053,5.035,5.015,5.091,10130000,49990000,0
2017-12-06,5.034,5.051,4.958,5.054,11300000,55320000,0
2017-12-07,5.032,4.950,4.950,5.038,11760000,57250000,0
2017-12-08,4.940,5.020,4.940,5.042,12950000,63260000,0
2017-12-11,5.019,5.136,5.019,5.137,10370000,51560000,0
2017-12-12,5.125,5.085,5.085,5.156,10700000,53550000,0
2017-12-13,5.079,5.143,5.079,5.145,10120000,50570000,0
2017-12-14,5.143,5.119,5.100,5.156,6530000,32630000,0
2017-12-15,5.114,5.050,5.044,5.116,11400000,56400000,0
2017-12-18,5.051,5.050,5.026,5.090,7720000,38100000,0
2017-12-19,5.050,5.105,5.050,5.109,9780000,48590000,0
2017-12-20,5.090,5.086,5.080,5.113,7200000,35850000,0
2017-12-21,5.086,5.167,5.073,5.180,15350000,77050000,0
2017-12-22,5.170,5.158,5.147,5.189,10130000,51060000,0
2017-12-25,5.155,5.128,5.106,5.190,10970000,55110000,0
2017-12-26,5.122,5.127,5.074,5.133,15030000,74950000,0
2017-12-27,5.126,5.070,5.065,5.130,11780000,58630000,0
2017-12-28,5.060,5.111,5.040,5.140,14370000,71630000,0
2017-12-29,5.116,5.135,5.106,5.157,25050000,125390000,0
2018-01-02,5.145,5.187,5.135,5.188,26420000,133100000,0
2018-01-03,5.190,5.229,5.181,5.264,32610000,166590000,0
2018-01-04,5.230,5.272,5.221,5.277,15460000,79360000,0
2018-01-05,5.272,5.281,5.251,5.295,11160000,57470000,0
2018-01-08,5.279,5.302,5.256,5.316,11060000,57080000,0
2018-01-09,5.294,5.353,5.282,5.359,9840000,51250000,0
2018-01-10,5.345,5.368,5.323,5.383,19720000,103180000,0
2018-01-11,5.361,5.365,5.332,5.377,12640000,66120000,0
2018-01-12,5.360,5.391,5.351,5.398,16870000,88710000,0
2018-01-15,5.391,5.367,5.355,5.440,16370000,86370000,0
2018-01-16,5.360,5.424,5.357,5.430,22390000,118340000,0
2018-01-17,5.426,5.365,5.327,5.429,24630000,129240000,0
2018-01-18,5.358,5.372,5.350,5.415,20040000,105500000,0
2018-01-19,5.365,5.359,5.350,5.419,15410000,81040000,0
2018-01-22,5.356,5.485,5.356,5.485,19130000,101630000,0
2018-01-23,5.494,5.526,5.486,5.532,13870000,74780000,0
2018-01-24,5.520,5.521,5.458,5.526,16530000,88870000,0
2018-01-25,5.500,5.480,5.459,5.517,12170000,65340000,0
2018-01-26,5.468,5.488,5.451,5.518,7630000,40930000,0
2018-01-29,5.490,5.365,5.343,5.490,15890000,83860000,0
2018-01-30,5.335,5.297,5.292,5.363,13160000,68610000,0
2018-01-31,5.280,5.296,5.264,5.327,11600000,60060000,0
2018-02-01,5.298,5.191,5.160,5.301,15350000,78230000,0
2018-02-02,5.170,5.218,5.110,5.225,15380000,77970000,0
2018-02-05,5.133,5.164,5.115,5.183,12050000,60650000,0
2018-02-06,5.083,4.980,4.957,5.083,16640000,81750000,0
2018-02-07,5.045,4.849,4.847,5.070,21040000,101390000,0
2018-02-08,4.836,4.905,4.830,4.929,11670000,55770000,0
2018-02-09,4.780,4.711,4.642,4.813,16380000,75700000,0
2018-02-12,4.740,4.862,4.740,4.884,10680000,50270000,0
2018-02-13,4.895,4.911,4.895,4.975,10760000,51830000,0
2018-02-14,4.912,4.956,4.894,4.957,7620000,36630000,0
2018-02-22,5.018,5.068,5.002,5.075,8760000,43190000,0
2018-02-23,5.070,5.058,5.025,5.093,6330000,31270000,0
2018-02-26,5.083,5.162,5.048,5.178,10370000,51990000,0
2018-02-27,5.170,5.081,5.075,5.170,7170000,35830000,0
2018-02-28,5.055,5.061,4.990,5.099,5730000,28280000,0
2018-03-01,5.025,5.111,5.022,5.129,5830000,29040000,0
2018-03-02,5.065,5.071,5.060,5.110,5300000,26300000,0
2018-03-05,5.078,5.058,5.040,5.102,3400000,16800000,0
2018-03-06,5.085,5.127,5.047,5.129,5220000,26000000,0
2018-03-07,5.138,5.080,5.076,5.147,4740000,23700000,0
2018-03-08,5.080,5.140,5.060,5.145,6370000,31800000,0
2018-03-09,5.145,5.222,5.145,5.230,9460000,48060000,0
2018-03-12,5.243,5.264,5.243,5.275,5490000,28230000,0
2018-03-13,5.260,5.223,5.220,5.270,4650000,23830000,0
2018-03-14,5.200,5.190,5.120,5.226,3750000,19050000,0
2018-03-15,5.187,5.221,5.150,5.237,4490000,22830000,0
2018-03-16,5.220,5.165,5.152,5.230,3480000,17700000,0
2018-03-19,5.160,5.147,5.120,5.185,3410000,17170000,0
2018-03-20,5.119,5.142,5.080,5.147,6610000,32980000,0
2018-03-21,5.150,5.100,5.100,5.195,5210000,26230000,0
2018-03-22,5.100,5.030,5.026,5.121,8120000,40090000,0
2018-03-23,4.920,4.872,4.771,4.944,16050000,75920000,0
2018-03-26,4.805,4.892,4.760,4.892,9590000,45180000,0
2018-03-27,4.931,4.957,4.903,4.969,8380000,40520000,0
2018-03-28,4.905,4.874,4.851,4.938,6860000,32710000,0
2018-03-29,4.870,4.952,4.820,4.968,8140000,38950000,0
2018-03-30,4.952,4.965,4.931,4.987,5370000,25990000,0
2018-04-02,4.955,4.948,4.940,5.005,6210000,30180000,0
2018-04-03,4.910,4.910,4.880,4.945,6400000,30590000,0
2018-04-04,4.911,4.907,4.888,4.968,4470000,21520000,0
2018-04-09,4.881,4.865,4.848,4.919,4710000,22400000,0
2018-04-10,4.875,4.946,4.865,4.946,5900000,28240000,0
2018-04-11,4.950,4.966,4.950,4.995,5990000,29080000,0
2018-04-12,4.948,4.920,4.918,4.970,4400000,21210000,0
2018-04-13,4.940,4.899,4.885,4.980,3000000,14400000,0
2018-04-16,4.885,4.831,4.805,4.901,6340000,30000000,0
2018-04-17,4.831,4.747,4.740,4.849,5620000,26260000,0
2018-04-18,4.772,4.750,4.661,4.780,7140000,32830000,0
2018-04-19,4.751,4.818,4.720,4.828,7880000,36880000,0
2018-04-20,4.807,4.747,4.736,4.830,4990000,23320000,0
2018-04-23,4.751,4.730,4.686,4.773,3650000,16810000,0
2018-04-24,4.730,4.816,4.730,4.816,8540000,39940000,0
2018-04-25,4.809,4.800,4.788,4.820,7050000,33010000,0
2018-04-26,4.790,4.670,4.670,4.790,5140000,23620000,0
2018-04-27,4.681,4.695,4.658,4.709,3730000,16990000,0
2018-05-02,4.695,4.697,4.670,4.738,3910000,17860000,0
2018-05-03,4.699,4.769,4.657,4.769,5660000,26040000,0
2018-05-04,4.760,4.737,4.735,4.778,4430000,20530000,0
2018-05-07,4.742,4.826,4.741,4.826,6310000,29530000,0
2018-05-08,4.824,4.885,4.824,4.899,6530000,30980000,0
2018-05-09,4.872,4.879,4.855,4.884,5920000,28100000,0
2018-05-10,4.880,4.910,4.866,4.910,3290000,15710000,0
2018-05-11,4.910,4.867,4.863,4.912,2530000,12070000,0
2018-05-14,4.867,4.920,4.867,4.935,7700000,36970000,0
2018-05-15,4.947,4.940,4.898,4.947,3800000,18270000,0
2018-05-16,4.930,4.912,4.910,4.947,3620000,17430000,0
2018-05-17,4.911,4.879,4.871,4.926,3470000,16560000,0
2018-05-18,4.879,4.909,4.846,4.909,2800000,13290000,0
2018-05-21,4.920,4.928,4.920,4.960,4540000,21860000,0
2018-05-22,4.928,4.920,4.883,4.930,5150000,24620000,0
2018-05-23,4.890,4.853,4.852,4.907,2790000,13260000,0
2018-05-24,4.854,4.803,4.803,4.861,2560000,12070000,0
2018-05-25,4.796,4.765,4.763,4.820,2390000,11190000,0
2018-05-28,4.770,4.813,4.760,4.840,2420000,11320000,0
2018-05-29,4.807,4.770,4.760,4.829,2690000,12600000,0
2018-05-30,4.750,4.680,4.661,4.759,5370000,24550000,0
2018-05-31,4.700,4.763,4.694,4.767,2850000,13130000,0
2018-06-01,4.721,4.720,4.711,4.763,2280000,10520000,0
2018-06-04,4.760,4.762,4.732,4.785,3190000,14810000,0
2018-06-05,4.800,4.840,4.741,4.845,6260000,29370000,0
2018-06-06,4.840,4.829,4.818,4.843,1660000,7820000,0
2018-06-07,4.835,4.808,4.806,4.853,4850000,22840000,0
2018-06-08,4.814,4.758,4.725,4.814,4180000,19430000,0
2018-06-11,4.719,4.768,4.719,4.791,5750000,26660000,0
2018-06-12,4.766,4.830,4.755,4.837,5510000,25810000,0
2018-06-13,4.830,4.765,4.760,4.830,2350000,10960000,0
2018-06-14,4.765,4.745,4.720,4.797,4800000,22170000,0
2018-06-15,4.739,4.711,4.681,4.760,3040000,13990000,0
2018-06-19,4.686,4.490,4.467,4.686,11890000,52820000,0
2018-06-20,4.488,4.504,4.435,4.537,6080000,26600000,0
2018-06-21,4.504,4.439,4.435,4.543,3960000,17300000,0
2018-06-22,4.434,4.466,4.381,4.472,4580000,19750000,0
2018-06-25,4.550,4.434,4.432,4.550,4780000,20860000,0
2018-06-26,4.417,4.410,4.358,4.425,8060000,34390000,0
2018-06-27,4.415,4.305,4.296,4.432,11890000,50350000,0
2018-06-28,4.295,4.269,4.266,4.337,13900000,58100000,0
2018-06-29,4.271,4.394,4.271,4.400,16230000,68210000,0
2018-07-02,4.394,4.295,4.264,4.401,17640000,74200000,0
2018-07-03,4.296,4.293,4.169,4.319,50960000,210550000,0
2018-07-04,4.277,4.200,4.186,4.287,18570000,76540000,0
2018-07-05,4.191,4.142,4.122,4.241,25960000,105410000,0
2018-07-06,4.157,4.170,4.100,4.230,49900000,202080000,0
2018-07-09,4.190,4.314,4.180,4.314,17170000,71170000,0
2018-07-10,4.308,4.323,4.281,4.325,18140000,75900000,0
2018-07-11,4.280,4.248,4.195,4.283,26780000,110290000,0
2018-07-12,4.242,4.366,4.242,4.388,17960000,75680000,0
2018-07-13,4.368,4.390,4.342,4.393,9650000,41080000,0
2018-07-16,4.376,4.376,4.360,4.415,11480000,48930000,0
2018-07-17,4.380,4.361,4.315,4.380,13290000,56130000,0
2018-07-18,4.380,4.315,4.313,4.393,12070000,51140000,0
2018-07-19,4.345,4.313,4.298,4.360,13790000,57930000,0
2018-07-20,4.292,4.352,4.259,4.365,32370000,135940000,0
2018-07-23,4.330,4.361,4.308,4.363,18010000,75910000,0
2018-07-24,4.362,4.441,4.362,4.464,26420000,113960000,0
2018-07-25,4.458,4.446,4.431,4.459,19500000,84300000,0
2018-07-26,4.440,4.380,4.370,4.459,13120000,56220000,0
2018-07-27,4.430,4.356,4.338,4.430,12090000,51340000,0
2018-07-30,4.353,4.300,4.283,4.362,14280000,59920000,0
2018-07-31,4.298,4.316,4.291,4.331,10250000,42970000,0
2018-08-01,4.339,4.227,4.225,4.339,12570000,52340000,0
2018-08-02,4.197,4.114,4.050,4.219,25100000,100360000,0
2018-08-03,4.107,4.013,4.004,4.116,15580000,61360000,0
2018-08-06,4.010,3.925,3.913,4.025,21940000,84360000,0
2018-08-07,3.934,4.068,3.921,4.070,30210000,116860000,0
2018-08-08,4.058,3.979,3.965,4.058,16860000,65630000,0
2018-08-09,3.970,4.099,3.955,4.111,29310000,115650000,0
2018-08-10,4.071,4.107,4.071,4.137,10020000,39970000,0
2018-08-13,4.021,4.114,4.021,4.123,10130000,40160000,0
2018-08-14,4.100,4.089,4.068,4.118,6560000,26050000,0
2018-08-15,4.085,3.996,3.985,4.086,17440000,67870000,0
2018-08-16,3.967,3.959,3.920,4.027,25570000,98820000,0
2018-08-17,3.980,3.889,3.883,3.999,17680000,67450000,0
2018-08-20,3.896,3.920,3.850,3.924,16690000,62920000,0
2018-08-21,3.920,4.000,3.920,4.011,16300000,62920000,0
2018-08-22,3.998,3.975,3.962,3.998,7700000,29710000,0
2018-08-23,3.982,3.985,3.938,4.007,19470000,75280000,0
2018-08-24,3.979,3.982,3.947,4.008,9950000,38390000,0
2018-08-27,3.982,4.091,3.982,4.095,19360000,76280000,0
2018-08-28,4.106,4.093,4.071,4.107,10020000,39790000,0
2018-08-29,4.080,4.064,4.057,4.088,8540000,33710000,0
2018-08-30,4.078,4.019,4.011,4.084,20500000,80300000,0
2018-08-31,4.010,3.986,3.966,4.019,8990000,34800000,0
2018-09-03,3.984,3.974,3.936,3.984,9070000,34780000,0
2018-09-04,3.975,4.024,3.955,4.033,9360000,36310000,0
2018-09-05,4.005,3.943,3.941,4.005,11250000,43360000,0
2018-09-06,3.940,3.904,3.890,3.968,14030000,53400000,0
2018-09-07,3.910,3.898,3.876,3.966,13130000,49940000,0
2018-09-10,3.887,3.827,3.822,3.888,12790000,47620000,0
2018-09-11,3.820,3.827,3.810,3.852,14280000,52940000,0
2018-09-12,3.827,3.785,3.784,3.830,19840000,73060000,0
2018-09-13,3.815,3.806,3.756,3.833,20080000,73780000,0
2018-09-14,3.806,3.813,3.785,3.823,21580000,79710000,0
2018-09-17,3.796,3.771,3.761,3.801,18800000,68790000,0
2018-09-18,3.771,3.832,3.749,3.832,24430000,89550000,0
2018-09-19,3.811,3.884,3.808,3.909,21260000,79520000,0
2018-09-20,3.880,3.883,3.872,3.904,16460000,62010000,0
2018-09-21,3.885,3.983,3.879,3.990,22650000,86350000,0
2018-09-25,3.960,3.947,3.935,3.962,11350000,43420000,0
2018-09-26,3.958,3.988,3.945,4.024,14530000,56190000,0
2018-09-27,3.963,3.954,3.950,3.993,10330000,39750000,0
2018-09-28,3.955,3.992,3.950,3.994,14960000,57600000,0
2018-10-08,3.919,3.809,3.802,3.919,23520000,87800000,0
2018-10-09,3.811,3.808,3.790,3.845,20330000,75110000,0
2018-10-10,3.813,3.784,3.756,3.830,16390000,60230000,0
2018-10-11,3.694,3.563,3.555,3.694,40080000,140930000,0
2018-10-12,3.555,3.613,3.525,3.635,38290000,132350000,0
2018-10-15,3.634,3.558,3.549,3.640,13380000,46470000,0
2018-10-16,3.578,3.512,3.491,3.589,21960000,75140000,0
2018-10-17,3.545,3.540,3.477,3.570,18570000,63270000,0
2018-10-18,3.521,3.477,3.476,3.532,21390000,72360000,0
2018-10-19,3.460,3.568,3.443,3.573,28250000,95910000,0
2018-10-22,3.610,3.743,3.608,3.770,33920000,121440000,0
2018-10-23,3.732,3.643,3.624,3.745,23910000,85090000,0
2018-10-24,3.640,3.630,3.596,3.682,19180000,67530000,0
2018-10-25,3.545,3.628,3.528,3.639,16980000,58630000,0
2018-10-26,3.642,3.603,3.590,3.663,9820000,34410000,0
2018-10-29,3.595,3.500,3.487,3.596,19320000,65870000,0
2018-10-30,3.476,3.513,3.434,3.557,21470000,72380000,0
2018-10-31,3.528,3.554,3.509,3.578,15210000,52160000,0
2018-11-01,3.597,3.596,3.596,3.665,21530000,75600000,0
2018-11-02,3.694,3.760,3.681,3.769,33900000,122520000,0
2018-11-05,3.760,3.733,3.680,3.760,26640000,96080000,0
2018-11-06,3.717,3.690,3.647,3.717,28190000,100160000,0
2018-11-07,3.689,3.668,3.661,3.723,13810000,49260000,0
2018-11-08,3.700,3.656,3.648,3.706,22070000,78620000,0
2018-11-09,3.644,3.620,3.613,3.646,21850000,76560000,0
2018-11-12,3.611,3.694,3.603,3.694,28170000,99060000,0
2018-11-13,3.646,3.746,3.640,3.766,44600000,160000000,0
2018-11-14,3.730,3.707,3.700,3.743,15260000,54970000,0
2018-11-15,3.699,3.748,3.691,3.753,14510000,52330000,0
2018-11-16,3.747,3.780,3.725,3.803,25210000,92130000,0
2018-11-19,3.770,3.809,3.760,3.810,15690000,57610000,0
2018-11-20,3.782,3.711,3.704,3.785,19150000,69360000,0
2018-11-21,3.680,3.719,3.665,3.726,18840000,67490000,0
2018-11-22,3.719,3.713,3.692,3.743,28560000,102760000,0
2018-11-23,3.698,3.614,3.609,3.710,34930000,123300000,0
2018-11-26,3.585,3.606,3.585,3.640,24550000,85760000,0
2018-11-27,3.621,3.605,3.588,3.635,23950000,83760000,0
2018-11-28,3.605,3.668,3.589,3.668,32010000,112550000,0
2018-11-29,3.676,3.608,3.605,3.702,26040000,92030000,0
2018-11-30,3.608,3.652,3.591,3.654,40250000,141000000,0
2018-12-03,3.753,3.775,3.722,3.786,47160000,171690000,0
2018-12-04,3.770,3.766,3.741,3.774,20430000,74390000,0
2018-12-05,3.726,3.751,3.707,3.774,40850000,148150000,0
2018-12-06,3.720,3.653,3.647,3.727,46700000,166280000,0
2018-12-07,3.656,3.647,3.640,3.660,29640000,104650000,0
2018-12-10,3.620,3.594,3.581,3.628,29740000,103520000,0
2018-12-11,3.600,3.616,3.591,3.616,33510000,116740000,0
2018-12-12,3.620,3.629,3.616,3.643,31370000,110060000,0
2018-12-13,3.631,3.698,3.624,3.715,46090000,164240000,0
2018-12-14,3.696,3.626,3.622,3.696,36140000,128020000,0
2018-12-17,3.624,3.611,3.576,3.624,49840000,173550000,0
2018-12-18,3.599,3.567,3.545,3.616,51000000,176550000,0
2018-12-19,3.580,3.525,3.519,3.580,44220000,151850000,0
2018-12-20,3.522,3.522,3.492,3.534,56320000,191230000,0
2018-12-21,3.514,3.466,3.444,3.514,46920000,157220000,0
2018-12-24,3.450,3.488,3.440,3.491,36980000,123730000,0
2018-12-25,3.458,3.459,3.403,3.481,53950000,178740000,0
2018-12-26,3.454,3.445,3.439,3.481,31090000,103620000,0
2018-12-27,3.496,3.421,3.420,3.502,37890000,127040000,0
2018-12-28,3.425,3.428,3.400,3.450,45990000,152060000,0
2019-01-02,3.435,3.383,3.361,3.445,47050000,155050000,0
2019-01-03,3.380,3.359,3.356,3.424,36310000,118330000,0
2019-01-04,3.332,3.459,3.329,3.460,57370000,188500000,0
2019-01-07,3.480,3.498,3.468,3.507,53770000,180950000,0
2019-01-08,3.492,3.496,3.478,3.508,46040000,155270000,0
2019-01-09,3.514,3.539,3.512,3.593,67110000,230580000,0
2019-01-10,3.536,3.531,3.519,3.564,36900000,126270000,0
2019-01-11,3.538,3.553,3.520,3.565,42570000,145720000,0
2019-01-14,3.550,3.514,3.509,3.555,37170000,126810000,0
2019-01-15,3.509,3.596,3.505,3.598,50690000,174250000,0
2019-01-16,3.590,3.595,3.575,3.610,32750000,113760000,0
2019-01-17,3.597,3.563,3.560,3.597,38940000,134830000,0
2019-01-18,3.570,3.629,3.570,3.632,51420000,178990000,0
2019-01-21,3.635,3.645,3.621,3.668,41770000,147280000,0
2019-01-22,3.640,3.591,3.580,3.640,39040000,136080000,0
2019-01-23,3.580,3.597,3.575,3.610,30280000,105150000,0
2019-01-24,3.601,3.621,3.572,3.632,36990000,129070000,0
2019-01-25,3.619,3.644,3.611,3.672,42700000,150630000,0
2019-01-28,3.668,3.654,3.646,3.708,40570000,144540000,0
2019-01-29,3.649,3.657,3.600,3.669,40600000,142850000,0
2019-01-30,3.636,3.624,3.622,3.674,43620000,153810000,0
2019-01-31,3.636,3.654,3.631,3.670,40450000,142760000,0
2019-02-01,3.668,3.745,3.666,3.747,52080000,186970000,0
2019-02-11,3.742,3.861,3.738,3.864,56900000,210270000,0
2019-02-12,3.858,3.896,3.846,3.909,59490000,223730000,0
2019-02-13,3.902,3.984,3.902,4.005,59610000,228380000,0
2019-02-14,3.983,4.013,3.969,4.030,60560000,234500000,0
2019-02-15,3.998,3.945,3.940,4.003,63680000,245650000,0
2019-02-18,3.973,4.103,3.973,4.103,70290000,275730000,0
2019-02-19,4.116,4.084,4.051,4.146,86190000,343590000,0
2019-02-20,4.081,4.111,4.065,4.122,61600000,245040000,0
2019-02-21,4.113,4.103,4.081,4.184,72700000,291670000,0
2019-02-22,4.098,4.210,4.075,4.215,74920000,300540000,0
2019-02-25,4.270,4.470,4.265,4.475,68870000,291650000,0
2019-02-26,4.470,4.395,4.363,4.486,67440000,290190000,0
2019-02-27,4.390,4.339,4.295,4.417,74220000,315760000,0
2019-02-28,4.336,4.361,4.320,4.384,64810000,274400000,0
2019-03-01,4.390,4.437,4.350,4.438,54980000,234620000,0
2019-03-04,4.486,4.541,4.478,4.635,76010000,336950000,0
2019-03-05,4.520,4.621,4.514,4.625,60430000,269160000,0
2019-03-06,4.625,4.646,4.568,4.650,80770000,362400000,0
2019-03-07,4.633,4.582,4.540,4.636,81190000,362530000,0
2019-03-08,4.420,4.439,4.420,4.577,69510000,304550000,0
2019-03-11,4.430,4.565,4.428,4.578,65430000,287220000,0
2019-03-12,4.582,4.602,4.538,4.659,64100000,287390000,0
2019-03-13,4.601,4.505,4.480,4.601,56540000,249800000,0
2019-03-14,4.485,4.456,4.420,4.525,60620000,264020000,0
2019-03-15,4.483,4.544,4.481,4.594,70580000,311920000,0
2019-03-18,4.537,4.701,4.524,4.701,71180000,320120000,0
2019-03-19,4.695,4.666,4.637,4.696,44250000,201360000,0
2019-03-20,4.644,4.646,4.576,4.668,54500000,245520000,0
2019-03-21,4.640,4.650,4.622,4.682,43390000,196720000,0
2019-03-22,4.650,4.659,4.567,4.665,45470000,204770000,0
2019-03-25,4.578,4.555,4.554,4.651,45230000,202570000,0
2019-03-26,4.576,4.493,4.485,4.598,53570000,237170000,0
2019-03-27,4.522,4.560,4.504,4.573,68960000,304920000,0
2019-03-28,4.546,4.548,4.527,4.600,46710000,207730000,0
2019-03-29,4.545,4.733,4.545,4.740,69400000,315750000,0
2019-04-01,4.759,4.915,4.759,4.915,57250000,271510000,0
2019-04-02,4.938,4.868,4.851,4.943,56720000,269960000,0
2019-04-03,4.858,4.915,4.825,4.920,63700000,302670000,0
2019-04-04,4.924,4.958,4.900,4.973,60140000,289820000,0
2019-04-08,4.992,4.924,4.870,5.024,65080000,313990000,0
2019-04-09,4.933,4.983,4.903,4.989,127500000,614400000,0
2019-04-10,4.972,4.996,4.935,5.049,69720000,338960000,0
2019-04-11,4.987,4.862,4.853,4.996,63810000,305890000,0
2019-04-12,4.843,4.853,4.812,4.876,37940000,179180000,0
2019-04-15,4.925,4.817,4.814,4.979,50050000,239990000,0
2019-04-16,4.803,4.933,4.761,4.935,67010000,316020000,0
2019-04-17,4.933,4.952,4.907,4.994,57830000,278760000,0
2019-04-18,4.952,4.937,4.926,4.967,33840000,163410000,0
2019-04-19,4.931,5.014,4.901,5.024,60890000,294490000,0
2019-04-22,5.014,4.911,4.893,5.014,56660000,273910000,0
2019-04-23,4.905,4.893,4.868,4.943,51520000,246120000,0
2019-04-24,4.910,4.932,4.832,4.942,73550000,351010000,0
2019-04-25,4.903,4.806,4.800,4.930,63080000,299860000,0
2019-04-26,4.786,4.739,4.730,4.806,73570000,341890000,0
2019-04-29,4.735,4.697,4.683,4.783,66420000,306210000,0
2019-04-30,4.683,4.700,4.671,4.727,43800000,200640000,0
2019-05-06,4.520,4.369,4.330,4.600,80790000,349880000,0
2019-05-07,4.391,4.447,4.375,4.490,60560000,261720000,0
2019-05-08,4.379,4.390,4.356,4.478,42050000,180800000,0
2019-05-09,4.378,4.329,4.304,4.393,51150000,216030000,0
2019-05-10,4.373,4.507,4.320,4.515,71800000,310200000,0
2019-05-13,4.450,4.435,4.416,4.480,41650000,180330000,0
2019-05-14,4.371,4.405,4.371,4.461,43820000,188730000,0
2019-05-15,4.454,4.519,4.445,4.547,55360000,242330000,0
2019-05-16,4.520,4.530,4.491,4.542,44060000,193790000,0
2019-05-17,4.531,4.398,4.384,4.538,52720000,229370000,0
2019-05-20,4.385,4.346,4.309,4.392,54020000,228060000,0
2019-05-21,4.356,4.438,4.344,4.466,56670000,243910000,0
2019-05-22,4.431,4.405,4.381,4.455,38030000,163310000,0
2019-05-23,4.379,4.293,4.284,4.387,55360000,232760000,0
2019-05-24,4.296,4.297,4.273,4.345,39050000,163430000,0
2019-05-27,4.298,4.373,4.262,4.394,62160000,261970000,0
2019-05-28,4.373,4.391,4.370,4.439,45950000,196960000,0
2019-05-29,4.390,4.402,4.371,4.439,41450000,177560000,0
2019-05-30,4.388,4.383,4.338,4.393,64250000,272460000,0
2019-05-31,4.370,4.380,4.360,4.417,60370000,257790000,0
2019-06-03,4.393,4.365,4.345,4.432,52340000,223070000,0
2019-06-04,4.363,4.305,4.283,4.367,52800000,221490000,0
2019-06-05,4.350,4.308,4.299,4.360,48120000,202300000,0
2019-06-06,4.317,4.238,4.227,4.317,55280000,229310000,0
2019-06-10,4.255,4.308,4.245,4.326,62300000,259830000,0
2019-06-11,4.313,4.474,4.313,4.478,86040000,369180000,0
2019-06-12,4.465,4.430,4.420,4.465,63110000,272700000,0
2019-06-13,4.430,4.417,4.375,4.433,48850000,209410000,0
2019-06-14,4.417,4.365,4.360,4.446,43980000,188760000,0
2019-06-17,4.360,4.352,4.338,4.405,31460000,133560000,0
2019-06-18,4.355,4.366,4.318,4.384,53090000,225130000,0
2019-06-19,4.495,4.426,4.422,4.514,82210000,357610000,0
2019-06-20,4.426,4.539,4.415,4.569,68570000,301160000,0
2019-06-21,4.565,4.550,4.520,4.584,58930000,261180000,0
2019-06-24,4.545,4.548,4.520,4.572,47010000,208260000,0
2019-06-25,4.548,4.506,4.450,4.548,45600000,199430000,0
2019-06-26,4.470,4.517,4.470,4.534,39370000,172990000,0
2019-06-27,4.520,4.583,4.520,4.601,56140000,250250000,0
2019-06-28,4.578,4.576,4.548,4.587,51650000,229650000,0
2019-07-01,4.675,4.774,4.661,4.774,80210000,368920000,0
2019-07-02,4.767,4.783,4.721,4.790,52920000,246130000,0
2019-07-03,4.774,4.710,4.685,4.774,55390000,255120000,0
2019-07-04,4.710,4.681,4.654,4.735,43030000,196770000,0
2019-07-05,4.681,4.739,4.680,4.751,65490000,300870000,0
2019-07-08,4.711,4.636,4.590,4.719,55170000,250160000,0
2019-07-09,4.630,4.626,4.594,4.647,38830000,174940000,0
2019-07-10,4.643,4.634,4.621,4.657,31370000,141780000,0
2019-07-11,4.653,4.625,4.611,4.696,42600000,193410000,0
2019-07-12,4.620,4.667,4.611,4.680,47760000,216800000,0
2019-07-15,4.650,4.701,4.588,4.731,58840000,266940000,0
2019-07-16,4.700,4.670,4.661,4.704,35770000,163050000,0
2019-07-17,4.653,4.692,4.650,4.718,63190000,288800000,0
2019-07-18,4.678,4.625,4.625,4.692,53480000,241990000,0
2019-07-19,4.639,4.665,4.639,4.695,48370000,220080000,0
2019-07-22,4.665,4.637,4.608,4.685,42760000,193850000,0
2019-07-23,4.632,4.650,4.620,4.655,31580000,142700000,0
2019-07-24,4.666,4.692,4.666,4.718,58490000,267820000,0
2019-07-25,4.689,4.740,4.681,4.740,33910000,155700000,0
2019-07-26,4.724,4.754,4.720,4.762,52710000,243680000,0
2019-07-29,4.755,4.748,4.723,4.755,45210000,208900000,0
2019-07-30,4.749,4.768,4.749,4.805,62150000,289800000,0
2019-07-31,4.740,4.721,4.715,4.754,50440000,232620000,0
2019-08-01,4.697,4.690,4.670,4.723,52590000,240620000,0
2019-08-02,4.520,4.621,4.520,4.629,61590000,275810000,0
2019-08-05,4.580,4.533,4.529,4.625,71200000,317370000,0
2019-08-06,4.480,4.500,4.412,4.523,73640000,319450000,0
2019-08-07,4.530,4.485,4.482,4.542,43960000,193300000,0
2019-08-08,4.530,4.550,4.512,4.561,38860000,171500000,0
2019-08-09,4.569,4.482,4.475,4.576,47980000,211320000,0
2019-08-12,4.487,4.579,4.487,4.579,38800000,170940000,0
2019-08-13,4.550,4.536,4.520,4.573,34450000,152270000,0
2019-08-14,4.598,4.571,4.566,4.615,44230000,198020000,0
2019-08-15,4.510,4.590,4.481,4.594,56830000,250730000,0
2019-08-16,4.581,4.608,4.577,4.656,46950000,211030000,0
2019-08-19,4.675,4.737,4.631,4.751,62360000,284970000,0
2019-08-20,4.734,4.720,4.708,4.741,51030000,235020000,0
2019-08-21,4.693,4.719,4.693,4.735,36560000,168210000,0
2019-08-22,4.729,4.732,4.703,4.738,40920000,188230000,0
2019-08-23,4.735,4.751,4.721,4.767,55110000,255160000,0
2019-08-26,4.668,4.685,4.661,4.705,59410000,271200000,0
2019-08-27,4.710,4.784,4.710,4.815,63630000,295960000,0
2019-08-28,4.777,4.769,4.741,4.789,37870000,175850000,0
2019-08-29,4.775,4.750,4.734,4.778,37990000,176140000,0
2019-08-30,4.788,4.762,4.740,4.814,45430000,212300000,0
2019-09-02,4.770,4.849,4.770,4.859,53400000,250740000,0
2019-09-03,4.849,4.863,4.830,4.863,41400000,195830000,0
2019-09-04,4.861,4.895,4.841,4.900,52370000,248690000,0
2019-09-05,4.913,4.926,4.913,4.984,56900000,274860000,0
2019-09-06,4.952,4.947,4.910,4.958,43760000,210670000,0
2019-09-09,4.990,5.005,4.956,5.005,52240000,253890000,0
2019-09-10,4.998,4.990,4.963,5.005,40170000,195280000,0
2019-09-11,4.994,4.918,4.908,5.006,37720000,182080000,0
2019-09-12,4.922,4.965,4.922,4.972,29910000,144400000,0
2019-09-16,4.980,4.950,4.934,4.985,33010000,159580000,0
2019-09-17,4.941,4.869,4.843,4.941,37020000,176620000,0
2019-09-18,4.876,4.890,4.876,4.911,27900000,133160000,0
2019-09-19,4.910,4.935,4.888,4.937,32360000,155120000,0
2019-09-20,4.945,4.953,4.938,4.963,18990000,91720000,0
2019-09-23,4.940,4.908,4.872,4.970,37240000,177770000,0
2019-09-24,4.905,4.919,4.899,4.962,30200000,145130000,0
2019-09-25,4.895,4.871,4.864,4.907,28330000,134780000,0
2019-09-26,4.876,4.794,4.793,4.886,40140000,189390000,0
2019-09-27,4.784,4.831,4.784,4.841,29250000,137480000,0
2019-09-30,4.831,4.775,4.772,4.842,29200000,137030000,0
2019-10-08,4.790,4.813,4.790,4.848,36220000,170550000,0
2019-10-09,4.787,4.808,4.762,4.813,26870000,125320000,0
2019-10-10,4.799,4.878,4.792,4.882,29950000,141510000,0
2019-10-11,4.885,4.904,4.859,4.922,35350000,168840000,0
2019-10-14,4.945,4.954,4.936,4.985,30910000,149550000,0
2019-10-15,4.951,4.915,4.909,4.951,24250000,116490000,0
2019-10-16,4.915,4.903,4.900,4.946,22420000,107780000,0
2019-10-17,4.908,4.911,4.899,4.924,17350000,83140000,0
2019-10-18,4.925,4.862,4.848,4.950,42900000,204870000,0
2019-10-21,4.852,4.888,4.847,4.888,28520000,135450000,0
2019-10-22,4.892,4.928,4.888,4.929,21680000,103690000,0
2019-10-23,4.920,4.891,4.879,4.933,20020000,95870000,0
2019-10-24,4.890,4.894,4.868,4.918,22900000,109460000,0
2019-10-25,4.897,4.953,4.872,4.958,33540000,160770000,0
2019-10-28,5.006,4.995,4.954,5.008,38090000,185230000,0
2019-10-29,5.015,5.000,4.989,5.027,31910000,156110000,0
2019-10-30,4.991,4.974,4.950,4.991,18000000,87340000,0
2019-10-31,4.989,4.963,4.958,5.001,27090000,131730000,0
2019-11-01,4.954,5.087,4.954,5.091,45910000,226360000,0
2019-11-04,5.089,5.113,5.089,5.131,32440000,162040000,0
2019-11-05,5.128,5.146,5.108,5.184,33020000,165850000,0
2019-11-06,5.151,5.115,5.098,5.156,21310000,106820000,0
2019-11-07,5.110,5.134,5.107,5.157,29830000,149480000,0
2019-11-08,5.194,5.128,5.123,5.194,39400000,198150000,0
2019-11-11,5.115,5.030,5.020,5.115,35460000,175170000,0
2019-11-12,5.020,5.021,4.979,5.040,35270000,172540000,0
2019-11-13,5.020,5.041,4.999,5.045,32140000,157600000,0
2019-11-14,5.039,5.058,5.031,5.068,18480000,91060000,0
2019-11-15,5.049,5.000,4.999,5.069,29520000,144990000,0
2019-11-18,4.984,5.030,4.984,5.038,33970000,166160000,0
2019-11-19,5.030,5.114,5.029,5.115,31160000,154480000,0
2019-11-20,5.110,5.056,5.048,5.110,22900000,113710000,0
2019-11-21,5.050,5.029,5.010,5.055,28270000,138770000,0
2019-11-22,5.034,4.934,4.907,5.083,51530000,250710000,0
2019-11-25,4.933,4.960,4.894,4.962,36000000,173340000,0
2019-11-26,4.973,4.981,4.953,5.003,38920000,189220000,0
2019-11-27,4.975,4.970,4.940,4.995,28490000,138120000,0
2019-11-28,4.970,4.965,4.951,4.994,20170000,97910000,0
2019-11-29,4.964,4.910,4.873,4.964,32310000,154950000,0
2019-12-02,4.920,4.931,4.919,4.949,19060000,91780000,0
2019-12-03,4.913,4.955,4.897,4.957,22820000,109620000,0
2019-12-04,4.929,4.977,4.929,4.982,30710000,148780000,0
2019-12-05,4.986,5.030,4.986,5.042,31720000,155480000,0
2019-12-06,5.042,5.061,5.025,5.063,29410000,144850000,0
2019-12-09,5.065,5.034,5.020,5.074,22230000,109390000,0
2019-12-10,5.031,5.049,5.014,5.050,17270000,84890000,0
2019-12-11,5.050,5.023,5.014,5.050,22120000,108570000,0
2019-12-12,5.024,5.008,5.003,5.033,13060000,63980000,0
2019-12-13,5.037,5.110,5.037,5.117,29470000,146150000,0
2019-12-16,5.110,5.155,5.097,5.159,24690000,123540000,0
2019-12-17,5.149,5.235,5.146,5.267,31870000,162470000,0
2019-12-18,5.237,5.218,5.210,5.269,25620000,131270000,0
2019-12-19,5.210,5.219,5.200,5.231,22290000,113660000,0
2019-12-20,5.224,5.215,5.209,5.251,15250000,77930000,0
2019-12-23,5.211,5.126,5.122,5.227,31870000,160860000,0
2019-12-24,5.131,5.172,5.130,5.178,17190000,86560000,0
2019-12-25,5.172,5.186,5.162,5.197,16990000,85970000,0
2019-12-26,5.189,5.233,5.189,5.234,25350000,129110000,0
2019-12-27,5.234,5.205,5.203,5.273,30520000,156510000,0
2019-12-30,5.185,5.294,5.166,5.295,24500000,125570000,0
2019-12-31,5.286,5.328,5.281,5.328,18450000,95690000,0
2020-01-02,5.359,5.417,5.356,5.440,30320000,160250000,0
2020-01-03,5.424,5.408,5.382,5.443,37770000,200180000,0
2020-01-06,5.380,5.400,5.359,5.457,36010000,190480000,0
2020-01-07,5.401,5.456,5.401,5.456,23030000,122380000,0
2020-01-08,5.436,5.405,5.393,5.475,33830000,179790000,0
2020-01-09,5.453,5.521,5.453,5.521,20080000,107950000,0
2020-01-10,5.523,5.512,5.494,5.535,29810000,160750000,0
2020-01-13,5.512,5.593,5.508,5.593,30360000,164860000,0
2020-01-14,5.599,5.542,5.536,5.607,35420000,192910000,0
2020-01-15,5.540,5.525,5.494,5.560,22570000,122000000,0
2020-01-16,5.530,5.517,5.500,5.539,17010000,91860000,0
2020-01-17,5.537,5.526,5.514,5.568,29750000,161210000,0
2020-01-20,5.528,5.602,5.512,5.602,27900000,151830000,0
2020-01-21,5.588,5.492,5.486,5.588,27450000,148080000,0
2020-01-22,5.443,5.550,5.383,5.570,37480000,200090000,0
2020-01-23,5.478,5.343,5.292,5.499,35720000,188600000,0
2020-02-03,4.912,4.821,4.821,5.015,55700000,266900000,0
2020-02-04,4.830,5.082,4.830,5.084,64150000,313740000,0
2020-02-05,5.095,5.190,5.093,5.248,35960000,181670000,0
2020-02-06,5.187,5.299,5.134,5.325,21810000,111450000,0
2020-02-07,5.277,5.286,5.220,5.288,19200000,98620000,0
2020-02-10,5.233,5.328,5.230,5.333,21050000,108920000,0
2020-02-11,5.328,5.390,5.325,5.420,23440000,123440000,0
2020-02-12,5.388,5.439,5.330,5.444,15270000,80620000,0
2020-02-13,5.430,5.407,5.370,5.447,18690000,98870000,0
2020-02-14,5.404,5.443,5.399,5.485,14960000,79580000,0
2020-02-17,5.448,5.580,5.444,5.580,25420000,137360000,0
2020-02-18,5.570,5.557,5.494,5.572,20860000,113120000,0
2020-02-19,5.549,5.547,5.542,5.614,21410000,116730000,0
2020-02-20,5.544,5.732,5.544,5.738,33510000,184640000,0
2020-02-21,5.720,5.762,5.702,5.802,25120000,141410000,0
2020-02-24,5.755,5.785,5.692,5.809,36520000,205880000,0
2020-02-25,5.699,5.825,5.600,5.829,42450000,238520000,0
2020-02-26,5.725,5.670,5.639,5.788,51150000,286680000,0
2020-02-27,5.717,5.686,5.657,5.757,30940000,172900000,0
2020-02-28,5.601,5.448,5.437,5.614,37460000,202380000,0
2020-03-02,5.502,5.650,5.480,5.704,35150000,192820000,0
2020-03-03,5.730,5.692,5.647,5.804,56650000,317880000,0
2020-03-04,5.695,5.694,5.606,5.695,31360000,173660000,0
2020-03-05,5.756,5.855,5.720,5.862,25780000,146430000,0
2020-03-06,5.784,5.762,5.750,5.819,24110000,136450000,0
2020-03-09,5.657,5.550,5.548,5.666,34290000,187990000,0
2020-03-10,5.546,5.691,5.472,5.700,41530000,228260000,0
2020-03-11,5.698,5.586,5.582,5.701,18680000,103240000,0
2020-03-12,5.528,5.458,5.396,5.528,52280000,278670000,0
2020-03-13,5.161,5.385,5.141,5.450,63210000,327050000,0
2020-03-16,5.400,5.082,4.930,5.405,50860000,258710000,0
2020-03-17,5.100,5.051,4.891,5.194,70210000,344840000,0
2020-03-18,5.055,4.967,4.961,5.176,35110000,174600000,0
2020-03-19,4.975,4.920,4.768,4.995,69190000,328850000,0
2020-03-20,4.971,5.001,4.896,5.006,34270000,166020000,0
2020-03-23,4.820,4.787,4.771,4.877,57490000,270060000,0
2020-03-24,4.881,4.909,4.780,4.920,36540000,173780000,0
2020-03-25,5.012,5.093,5.011,5.102,61600000,304460000,0
2020-03-26,5.053,5.054,5.024,5.105,50150000,248200000,0
2020-03-27,5.120,5.043,5.042,5.132,43740000,217510000,0
2020-03-30,4.969,4.965,4.906,4.995,32480000,156780000,0
2020-03-31,5.000,5.010,4.990,5.053,32150000,157620000,0
2020-04-01,5.000,5.013,4.990,5.098,30270000,149030000,0
2020-04-02,5.003,5.099,4.977,5.101,35250000,172970000,0
2020-04-03,5.069,5.059,5.042,5.111,27770000,137700000,0
2020-04-07,5.158,5.203,5.147,5.219,39820000,201630000,0
2020-04-08,5.177,5.178,5.160,5.197,27050000,136960000,0
2020-04-09,5.201,5.195,5.185,5.233,29590000,150440000,0
2020-04-10,5.195,5.167,5.143,5.251,33180000,168270000,0
2020-04-13,5.121,5.144,5.117,5.175,20480000,102870000,0
2020-04-14,5.164,5.240,5.160,5.240,24770000,125800000,0
2020-04-15,5.230,5.198,5.198,5.258,25860000,132100000,0
2020-04-16,5.179,5.201,5.167,5.211,20910000,105950000,0
2020-04-17,5.240,5.242,5.235,5.281,30310000,155770000,0
2020-04-20,5.252,5.265,5.218,5.269,24370000,125210000,0
2020-04-21,5.243,5.207,5.156,5.250,18870000,95830000,0
2020-04-22,5.160,5.271,5.160,5.274,26170000,133870000,0
2020-04-23,5.274,5.266,5.257,5.302,17510000,90430000,0
2020-04-24,5.249,5.224,5.211,5.278,19750000,101210000,0
2020-04-27,5.232,5.265,5.208,5.294,33730000,173620000,0
2020-04-28,5.269,5.322,5.175,5.335,29480000,151930000,0
2020-04-29,5.321,5.317,5.293,5.349,30120000,156720000,0
2020-04-30,5.335,5.403,5.335,5.416,30550000,161110000,0
2020-05-06,5.390,5.460,5.340,5.464,21010000,111100000,0
2020-05-07,5.460,5.443,5.425,5.470,22360000,119210000,0
2020-05-08,5.458,5.514,5.458,5.548,31570000,170160000,0
2020-05-11,5.532,5.493,5.468,5.570,30950000,167310000,0
2020-05-12,5.499,5.514,5.458,5.519,22030000,118510000,0
2020-05-13,5.495,5.545,5.466,5.551,18530000,100030000,0
2020-05-14,5.530,5.490,5.487,5.530,18280000,98510000,0
2020-05-15,5.500,5.475,5.457,5.518,18100000,97160000,0
2020-05-18,5.475,5.482,5.448,5.520,16870000,90500000,0
2020-05-19,5.518,5.538,5.512,5.546,17980000,97330000,0
2020-05-20,5.530,5.505,5.490,5.538,12970000,69970000,0
2020-05-21,5.508,5.469,5.458,5.532,15270000,82170000,0
2020-05-22,5.470,5.336,5.331,5.470,26290000,138270000,0
2020-05-25,5.326,5.341,5.301,5.355,27070000,141020000,0
2020-05-26,5.361,5.440,5.361,5.440,23180000,122380000,0
2020-05-27,5.435,5.374,5.355,5.440,20970000,110490000,0
2020-05-28,5.380,5.369,5.300,5.418,30200000,158390000,0
2020-05-29,5.359,5.401,5.332,5.416,23610000,124400000,0
2020-06-01,5.437,5.590,5.437,5.602,24420000,132500000,0
2020-06-02,5.590,5.605,5.576,5.620,27980000,153230000,0
2020-06-03,5.618,5.595,5.593,5.642,20410000,112190000,0
2020-06-04,5.610,5.630,5.600,5.635,22730000,125050000,0
2020-06-05,5.624,5.662,5.607,5.665,21590000,119120000,0
2020-06-08,5.690,5.696,5.686,5.765,27050000,151440000,0
2020-06-09,5.699,5.730,5.687,5.745,15590000,87320000,0
2020-06-10,5.738,5.768,5.720,5.768,15080000,84830000,0
2020-06-11,5.760,5.706,5.679,5.788,19160000,107650000,0
2020-06-12,5.624,5.719,5.611,5.745,20880000,116150000,0
2020-06-15,5.700,5.669,5.666,5.752,28310000,158130000,0
2020-06-16,5.738,5.760,5.706,5.760,20890000,117450000,0
2020-06-17,5.776,5.761,5.723,5.788,20040000,112800000,0
2020-06-18,5.758,5.825,5.747,5.825,25410000,143950000,0
2020-06-19,5.826,5.935,5.825,5.948,46220000,267970000,0
2020-06-22,5.940,5.945,5.921,5.979,34680000,202210000,0
2020-06-23,5.945,6.014,5.921,6.020,27580000,161500000,0
2020-06-24,6.016,6.026,5.988,6.047,21010000,123810000,0
2020-06-29,6.008,5.993,5.968,6.028,26190000,153780000,0
2020-06-30,6.020,6.119,6.020,6.140,24910000,148890000,0
2020-07-01,6.139,6.217,6.116,6.225,37160000,225100000,0
2020-07-02,6.215,6.284,6.185,6.294,26600000,163010000,0
2020-07-03,6.317,6.388,6.256,6.393,33160000,205160000,0
2020-07-06,6.401,6.683,6.401,6.718,47390000,304160000,0
2020-07-07,6.734,6.747,6.658,6.885,53050000,354840000,0
2020-07-08,6.737,6.800,6.669,6.835,36930000,244750000,0
2020-07-09,6.803,7.014,6.768,7.015,39140000,266440000,0
2020-07-10,6.950,6.919,6.897,6.995,41470000,283370000,0
2020-07-13,6.909,7.167,6.885,7.200,28910000,201400000,0
2020-07-14,7.186,7.093,6.956,7.188,34470000,239580000,0
2020-07-15,7.110,7.040,6.999,7.178,41890000,292920000,0
2020-07-16,7.040,6.663,6.633,7.095,60510000,408980000,0
2020-07-17,6.657,6.737,6.633,6.842,59070000,389890000,0
2020-07-20,6.798,6.881,6.676,6.885,29780000,198860000,0
2020-07-21,6.891,6.941,6.857,6.959,25380000,172460000,0
2020-07-22,6.941,7.000,6.910,7.102,36870000,254340000,0
2020-07-23,6.960,7.022,6.840,7.044,36520000,249560000,0
2020-07-24,6.980,6.671,6.623,6.980,43610000,290680000,0
2020-07-27,6.668,6.687,6.631,6.757,26620000,175130000,0
2020-07-28,6.752,6.794,6.708,6.813,26830000,178390000,0
2020-07-29,6.780,7.018,6.754,7.022,33150000,225250000,0
2020-07-30,7.070,6.957,6.941,7.070,25900000,178040000,0
2020-07-31,6.949,7.029,6.905,7.109,34120000,235670000,0
2020-08-03,7.098,7.169,7.080,7.178,27390000,192130000,0
2020-08-04,7.178,7.121,7.087,7.200,21840000,153450000,0
2020-08-05,7.118,7.154,7.030,7.180,28310000,197840000,0
2020-08-06,7.159,7.065,6.982,7.170,25030000,173750000,0
2020-08-07,7.054,6.962,6.859,7.066,36790000,252140000,0
2020-08-10,6.940,6.950,6.810,7.001,26310000,178240000,0
2020-08-11,6.960,6.885,6.885,7.075,25260000,173680000,0
2020-08-12,6.879,6.812,6.694,6.904,32540000,216780000,0
2020-08-13,6.826,6.794,6.773,6.875,18140000,121590000,0
2020-08-14,6.786,6.940,6.774,6.940,25580000,172580000,0
2020-08-17,6.951,7.045,6.935,7.065,81830000,564140000,0
2020-08-18,7.041,7.040,6.998,7.065,22040000,152360000,0
2020-08-19,7.029,6.912,6.896,7.032,27880000,190970000,0
2020-08-20,6.880,6.839,6.812,6.905,29310000,197180000,0
2020-08-21,6.865,6.939,6.865,6.971,25290000,172420000,0
2020-08-24,6.970,7.051,6.930,7.070,21980000,151670000,0
2020-08-25,7.066,7.072,7.051,7.136,21490000,149880000,0
2020-08-26,7.061,6.976,6.951,7.126,26230000,181220000,0
2020-08-27,6.982,7.033,6.941,7.033,14620000,100490000,0
2020-08-28,7.015,7.240,6.996,7.246,38770000,272850000,0
2020-08-31,7.265,7.162,7.151,7.316,34900000,248730000,0
2020-09-01,7.155,7.205,7.120,7.206,16510000,116350000,0
2020-09-02,7.230,7.232,7.152,7.263,25390000,180260000,0
2020-09-03,7.225,7.180,7.149,7.265,26720000,189350000,0
2020-09-04,7.038,7.093,7.006,7.112,28630000,198290000,0
2020-09-07,7.052,6.871,6.850,7.106,30350000,207870000,0
2020-09-08,6.873,6.872,6.799,6.910,27620000,185910000,0
2020-09-09,6.804,6.653,6.599,6.804,35580000,233590000,0
2020-09-10,6.700,6.650,6.634,6.776,23340000,154060000,0
2020-09-11,6.646,6.750,6.625,6.750,15600000,102430000,0
2020-09-14,6.768,6.766,6.722,6.809,14320000,95170000,0
2020-09-15,6.760,6.824,6.743,6.838,15080000,100650000,0
2020-09-16,6.830,6.760,6.731,6.833,15740000,104930000,0
2020-09-17,6.743,6.741,6.684,6.800,22240000,147010000,0
2020-09-18,6.740,6.871,6.725,6.881,24820000,165790000,0
2020-09-21,6.896,6.791,6.791,6.902,18120000,121740000,0
2020-09-22,6.773,6.737,6.723,6.842,20920000,139610000,0
2020-09-23,6.745,6.802,6.721,6.822,16300000,108400000,0
2020-09-24,6.739,6.674,6.670,6.763,20300000,133680000,0
2020-09-25,6.685,6.685,6.662,6.735,23360000,153580000,0
2020-09-28,6.700,6.680,6.669,6.731,9700000,63800000,0
2020-09-29,6.713,6.750,6.683,6.779,20260000,134030000,0
2020-09-30,6.778,6.752,6.721,6.833,15120000,100620000,0
2020-10-09,6.879,6.945,6.875,6.966,19520000,132860000,0
2020-10-12,6.970,7.162,6.970,7.163,66480000,461680000,0
2020-10-13,7.150,7.229,7.115,7.249,20920000,147660000,0
2020-10-14,7.229,7.181,7.162,7.230,12070000,85320000,0
2020-10-15,7.170,7.161,7.160,7.219,15670000,110720000,0
2020-10-16,7.150,7.113,7.067,7.196,20080000,140750000,0
2020-10-19,7.145,7.062,7.046,7.194,16250000,113790000,0
2020-10-20,7.040,7.175,7.040,7.175,15640000,109360000,0
2020-10-21,7.178,7.136,7.092,7.190,22460000,157480000,0
2020-10-22,7.121,7.098,7.021,7.121,14280000,99390000,0
2020-10-23,7.091,6.958,6.940,7.140,28220000,194860000,0
2020-10-26,6.925,6.988,6.838,7.017,21480000,146430000,0
2020-10-27,6.964,7.045,6.964,7.050,16020000,110470000,0
2020-10-28,7.045,7.130,7.012,7.158,18830000,131350000,0
2020-10-29,7.060,7.265,7.027,7.282,26290000,185880000,0
2020-10-30,7.244,7.090,7.072,7.260,26770000,188590000,0
2020-11-02,7.089,7.215,7.089,7.251,19510000,137880000,0
2020-11-03,7.231,7.283,7.209,7.294,18820000,134310000,0
2020-11-04,7.292,7.367,7.260,7.370,20400000,146980000,0
2020-11-05,7.440,7.477,7.395,7.485,34690000,254230000,0
2020-11-06,7.484,7.466,7.383,7.500,30920000,226370000,0
2020-11-09,7.490,7.622,7.490,7.651,32980000,246470000,0
2020-11-10,7.620,7.527,7.488,7.627,27770000,206170000,0
2020-11-11,7.473,7.388,7.383,7.524,23910000,175190000,0
2020-11-12,7.396,7.435,7.396,7.461,18910000,138250000,0
2020-11-13,7.415,7.396,7.326,7.416,22210000,160970000,0
2020-11-16,7.436,7.425,7.334,7.450,17910000,130140000,0
2020-11-17,7.425,7.395,7.332,7.430,24600000,178450000,0
2020-11-18,7.399,7.332,7.295,7.405,31340000,226560000,0
2020-11-19,7.315,7.427,7.300,7.446,29780000,216690000,0
2020-11-20,7.428,7.438,7.414,7.461,25000000,183000000,0
2020-11-23,7.445,7.479,7.402,7.511,27670000,203060000,0
2020-11-24,7.460,7.426,7.400,7.484,14550000,106340000,0
2020-11-25,7.431,7.302,7.301,7.462,17900000,129840000,0
2020-11-26,7.302,7.275,7.196,7.327,22460000,160380000,0
2020-11-27,7.280,7.358,7.270,7.358,21750000,156400000,0
2020-11-30,7.350,7.345,7.330,7.425,30150000,218790000,0
2020-12-01,7.326,7.478,7.323,7.500,20380000,148910000,0
2020-12-02,7.490,7.506,7.442,7.522,16160000,119130000,0
2020-12-03,7.505,7.511,7.462,7.527,13940000,102860000,0
2020-12-04,7.510,7.550,7.466,7.559,17580000,129970000,0
2020-12-07,7.539,7.500,7.495,7.557,14870000,110050000,0
2020-12-08,7.507,7.487,7.477,7.536,14360000,106060000,0
2020-12-09,7.497,7.347,7.347,7.523,22860000,166840000,0
2020-12-10,7.308,7.362,7.306,7.404,14160000,102290000,0
2020-12-11,7.365,7.272,7.220,7.388,24890000,178250000,0
2020-12-14,7.280,7.365,7.258,7.365,17220000,123810000,0
2020-12-15,7.364,7.416,7.313,7.422,13040000,94420000,0
2020-12-16,7.437,7.427,7.399,7.456,13530000,98890000,0
2020-12-17,7.423,7.499,7.416,7.509,31450000,231080000,0
2020-12-18,7.516,7.488,7.466,7.532,17020000,125530000,0
2020-12-21,7.481,7.649,7.454,7.649,19460000,144960000,0
2020-12-22,7.638,7.540,7.540,7.699,25320000,189710000,0
2020-12-23,7.540,7.619,7.540,7.673,25300000,189540000,0
2020-12-24,7.609,7.614,7.573,7.667,15510000,116300000,0
2020-12-25,7.597,7.670,7.564,7.670,23570000,177020000,0
2020-12-28,7.675,7.717,7.645,7.747,19300000,146330000,0
2020-12-29,7.721,7.666,7.638,7.730,26060000,197150000,0
2020-12-30,7.629,7.817,7.629,7.824,31450000,240870000,0
2020-12-31,7.817,7.978,7.817,7.978,32340000,252540000,0
2021-01-04,8.010,8.170,7.982,8.198,27550000,220420000,0
2021-01-05,8.170,8.429,8.117,8.467,27640000,226360000,0
2021-01-06,8.435,8.458,8.345,8.540,35020000,291060000,0
2021-01-07,8.445,8.646,8.429,8.646,26990000,226770000,0
2021-01-08,8.640,8.579,8.481,8.700,36200000,305670000,0
2021-01-11,8.582,8.453,8.405,8.639,31440000,264420000,0
2021-01-12,8.429,8.700,8.411,8.700,31170000,263310000,0
2021-01-13,8.720,8.638,8.572,8.800,38950000,334000000,0
2021-01-14,8.611,8.417,8.406,8.618,32160000,269150000,0
2021-01-15,8.404,8.401,8.240,8.451,33270000,273990000,0
2021-01-18,8.348,8.505,8.308,8.546,26210000,218690000,0
2021-01-19,8.479,8.338,8.312,8.479,23720000,196340000,0
2021-01-20,8.335,8.475,8.319,8.498,26800000,223000000,0
2021-01-21,8.495,8.675,8.445,8.725,28510000,242210000,0
2021-01-22,8.676,8.754,8.583,8.754,31780000,271610000,0
2021-01-25,8.742,8.836,8.690,8.934,24190000,210300000,0
2021-01-26,8.809,8.616,8.609,8.809,31550000,270320000,0
2021-01-27,8.600,8.659,8.465,8.676,19110000,161730000,0
2021-01-28,8.550,8.345,8.332,8.550,32350000,268780000,0
2021-01-29,8.393,8.314,8.199,8.449,27490000,226020000,0
2021-02-01,8.320,8.467,8.306,8.471,21810000,180960000,0
2021-02-02,8.479,8.672,8.444,8.672,23720000,200530000,0
2021-02-03,8.672,8.631,8.621,8.740,23930000,204890000,0
2021-02-04,8.585,8.609,8.501,8.675,30220000,256030000,0
2021-02-05,8.613,8.585,8.570,8.698,26600000,226710000,0
2021-02-08,8.592,8.746,8.545,8.754,21600000,184630000,0
2021-02-09,8.770,8.973,8.730,8.973,25060000,219540000,0
2021-02-10,9.020,9.212,8.980,9.234,26750000,241120000,0
2021-02-18,9.367,8.969,8.938,9.380,39350000,353040000,0
2021-02-19,8.920,8.964,8.738,8.985,31590000,276120000,0
2021-02-22,8.940,8.585,8.585,8.962,40690000,349990000,0
2021-02-23,8.543,8.531,8.472,8.633,22760000,191850000,0
2021-02-24,8.545,8.265,8.172,8.573,35780000,294900000,0
2021-02-25,8.320,8.267,8.238,8.395,25180000,206210000,0
2021-02-26,8.120,8.069,7.988,8.263,31010000,247010000,0
2021-03-01,8.140,8.283,8.130,8.283,18950000,153460000,0
2021-03-02,8.322,8.203,8.120,8.370,24870000,202340000,0
2021-03-03,8.168,8.304,8.104,8.306,21950000,177450000,0
2021-03-04,8.239,7.974,7.948,8.239,29550000,234240000,0
2021-03-05,7.890,7.960,7.777,8.044,43710000,341760000,0
2021-03-08,8.000,7.423,7.423,8.055,43080000,329030000,0
2021-03-09,7.538,7.384,7.265,7.593,48980000,359370000,0
2021-03-11,7.600,7.656,7.571,7.700,23120000,174080000,0
2021-03-12,7.683,7.676,7.569,7.693,16710000,125740000,0
2021-03-15,7.603,7.418,7.342,7.620,28900000,212010000,0
2021-03-16,7.450,7.495,7.381,7.500,19070000,140090000,0
2021-03-17,7.460,7.610,7.409,7.640,22570000,167790000,0
2021-03-18,7.620,7.716,7.620,7.747,18310000,138720000,0
2021-03-19,7.532,7.473,7.420,7.625,15670000,115940000,0
2021-03-22,7.467,7.537,7.424,7.565,14020000,103530000,0
2021-03-23,7.540,7.461,7.393,7.563,16360000,120050000,0
2021-03-24,7.400,7.339,7.328,7.491,19500000,141500000,0
2021-03-25,7.310,7.335,7.242,7.375,14280000,102670000,0
2021-03-26,7.370,7.558,7.370,7.583,22580000,166560000,0
2021-03-29,7.562,7.552,7.506,7.640,18170000,135600000,0
2021-03-30,7.544,7.641,7.536,7.679,19240000,144250000,0
2021-03-31,7.612,7.580,7.521,7.619,12360000,92040000,0
2021-04-01,7.603,7.700,7.592,7.708,14260000,107500000,0
2021-04-02,7.720,7.807,7.720,7.838,19700000,151000000,0
2021-04-06,7.820,7.745,7.722,7.849,11110000,85000000,0
2021-04-07,7.745,7.662,7.592,7.765,13630000,102530000,0
2021-04-08,7.630,7.664,7.574,7.691,10630000,80050000,0
2021-04-09,7.661,7.531,7.512,7.661,16310000,121270000,0
2021-04-12,7.516,7.378,7.330,7.572,45450000,165710000,0
2021-04-13,7.362,7.412,7.358,7.488,44760000,163560000,0
2021-04-14,7.416,7.548,7.416,7.552,43830000,161930000,0
2021-04-15,7.516,7.500,7.420,7.526,30320000,111540000,0
2021-04-16,7.514,7.500,7.432,7.536,32100000,118290000,0
2021-04-19,7.498,7.774,7.464,7.782,53100000,200530000,0
2021-04-20,7.756,7.746,7.708,7.820,39480000,150880000,0
2021-04-21,7.680,7.798,7.680,7.818,32610000,124540000,0
2021-04-22,7.814,7.832,7.750,7.842,34030000,130670000,0
2021-04-23,7.820,7.954,7.814,7.976,45490000,177520000,0
2021-04-26,7.970,7.840,7.840,8.058,64320000,251750000,0
2021-04-27,7.834,7.902,7.800,7.904,39510000,152620000,0
2021-04-28,7.872,8.010,7.858,8.010,34050000,133190000,0
2021-04-29,8.010,8.068,7.962,8.094,36010000,142650000,0
2021-04-30,8.048,8.018,7.982,8.088,41990000,166190000,0
2021-05-06,7.994,7.850,7.780,7.994,59330000,229640000,0
2021-05-07,7.850,7.674,7.674,7.894,43060000,165190000,0
2021-05-10,7.668,7.668,7.596,7.728,40700000,153530000,0
2021-05-11,7.620,7.716,7.544,7.728,44810000,168470000,0
2021-05-12,7.684,7.750,7.652,7.760,33330000,126350000,0
2021-05-13,7.660,7.666,7.622,7.714,32910000,124160000,0
2021-05-14,7.694,7.864,7.640,7.866,52600000,201970000,0
2021-05-17,7.914,8.020,7.882,8.080,48220000,190390000,0
2021-05-18,8.010,8.020,7.952,8.052,27010000,106390000,0
2021-05-19,8.000,8.040,7.962,8.088,30730000,121620000,0
2021-05-20,8.024,8.100,8.024,8.120,34340000,136760000,0
2021-05-21,8.104,8.006,7.986,8.160,39410000,156270000,0
2021-05-24,8.016,8.078,7.936,8.078,33880000,133830000,0
2021-05-25,8.094,8.312,8.064,8.316,54960000,222200000,0
2021-05-26,8.336,8.244,8.228,8.336,39270000,159940000,0
2021-05-27,8.240,8.280,8.180,8.344,37170000,151280000,0
2021-05-28,8.260,8.242,8.206,8.320,48400000,197160000,0
2021-05-31,8.240,8.316,8.218,8.316,33800000,137640000,0
2021-06-01,8.310,8.344,8.202,8.344,48260000,197200000,0
2021-06-02,8.344,8.254,8.212,8.356,38990000,159070000,0
2021-06-03,8.242,8.202,8.194,8.302,31660000,128660000,0
2021-06-04,8.142,8.272,8.142,8.342,34060000,138410000,0
2021-06-07,8.246,8.230,8.166,8.270,25560000,103310000,0
2021-06-08,8.210,8.142,8.090,8.302,38100000,153520000,0
2021-06-09,8.136,8.140,8.100,8.170,27300000,109330000,0
2021-06-10,8.124,8.218,8.124,8.272,34080000,138120000,0
2021-06-11,8.230,8.162,8.120,8.244,32980000,132690000,0
2021-06-15,8.120,8.096,8.020,8.186,36100000,143970000,0
2021-06-16,8.080,7.872,7.868,8.100,44790000,175530000,0
2021-06-17,7.866,7.964,7.862,7.996,35580000,139250000,0
2021-06-18,7.976,8.058,7.940,8.072,40360000,159180000,0
2021-06-21,8.006,8.044,7.950,8.096,34950000,138100000,0
2021-06-22,8.068,8.066,7.988,8.070,35270000,139660000,0
2021-06-23,8.062,8.154,8.030,8.180,39440000,157800000,0
2021-06-24,8.190,8.142,8.088,8.192,31280000,125270000,0
2021-06-25,8.160,8.270,8.148,8.294,38210000,154680000,0
2021-06-28,8.274,8.372,8.274,8.384,43310000,178140000,0
2021-06-29,8.396,8.274,8.270,8.396,43570000,178400000,0
2021-06-30,8.270,8.380,8.256,8.390,42070000,172870000,0
2021-07-01,8.380,8.324,8.292,8.410,45890000,188830000,0
2021-07-02,8.266,8.088,8.076,8.286,43910000,176340000,0
2021-07-05,8.070,8.102,8.026,8.142,34710000,138030000,0
2021-07-06,8.100,8.082,7.972,8.126,35280000,139780000,0
2021-07-07,8.050,8.244,8.024,8.262,60530000,244370000,0
2021-07-08,8.306,8.192,8.178,8.306,47500000,192590000,0
2021-07-09,8.136,8.158,8.018,8.178,48610000,194350000,0
2021-07-12,8.194,8.356,8.156,8.384,55940000,229030000,0
2021-07-13,8.354,8.350,8.284,8.380,40150000,164890000,0
2021-07-14,8.346,8.266,8.244,8.354,42030000,171900000,0
2021-07-15,8.258,8.366,8.212,8.366,62230000,255030000,0
2021-07-16,8.342,8.218,8.216,8.356,49120000,200270000,0
2021-07-19,8.170,8.262,8.160,8.266,59880000,243010000,0
2021-07-20,8.200,8.260,8.174,8.286,65080000,264250000,0
2021-07-21,8.264,8.364,8.264,8.394,49310000,203170000,0
2021-07-22,8.370,8.370,8.330,8.428,36420000,150240000,0
2021-07-23,8.340,8.218,8.190,8.354,39660000,160960000,0
2021-07-26,8.206,7.938,7.826,8.206,61600000,243050000,0
2021-07-27,7.930,7.614,7.606,7.994,56940000,219630000,0
2021-07-28,7.602,7.656,7.430,7.698,46780000,174490000,0
2021-07-29,7.814,7.884,7.760,7.902,44810000,172940000,0
2021-07-30,7.874,7.804,7.720,7.874,53340000,204480000,0
2021-08-02,7.780,8.010,7.754,8.022,48790000,189870000,0
2021-08-03,7.962,7.992,7.926,8.046,31600000,124290000,0
2021-08-04,7.990,8.134,7.962,8.140,38560000,153410000,0
2021-08-05,8.080,8.046,8.022,8.128,32490000,129290000,0
2021-08-06,8.064,8.024,7.966,8.076,32150000,126960000,0
2021-08-09,7.980,8.074,7.924,8.108,32910000,130220000,0
2021-08-10,8.086,8.160,8.008,8.160,34410000,136950000,0
2021-08-11,8.176,8.098,8.084,8.178,27180000,108840000,0
2021-08-12,8.084,8.004,7.982,8.098,24750000,97870000,0
2021-08-13,7.970,7.932,7.892,8.060,29540000,115770000,0
2021-08-16,7.916,7.876,7.854,7.936,33110000,128730000,0
2021-08-17,7.854,7.694,7.674,7.918,42590000,163980000,0
2021-08-18,7.694,7.762,7.664,7.808,30560000,116330000,0
2021-08-19,7.744,7.768,7.724,7.826,29710000,113860000,0
2021-08-20,7.740,7.610,7.540,7.740,40370000,151630000,0
2021-08-23,7.612,7.796,7.612,7.804,33690000,128250000,0
2021-08-24,7.790,7.864,7.774,7.884,34690000,134000000,0
2021-08-25,7.836,7.856,7.796,7.870,32030000,123590000,0
2021-08-26,7.852,7.690,7.690,7.872,33340000,127270000,0
2021-08-27,7.664,7.694,7.664,7.794,32190000,122410000,0
2021-08-30,7.726,7.650,7.606,7.732,37190000,140400000,0
2021-08-31,7.640,7.592,7.502,7.672,30910000,115230000,0
2021-09-01,7.570,7.646,7.482,7.722,37320000,139410000,0
2021-09-02,7.632,7.578,7.552,7.654,31190000,116710000,0
2021-09-03,7.560,7.530,7.498,7.588,33360000,123690000,0
2021-09-06,7.530,7.764,7.498,7.772,44010000,166300000,0
2021-09-07,7.764,7.826,7.718,7.836,33320000,127350000,0
2021-09-08,7.812,7.762,7.744,7.876,34670000,133180000,0
2021-09-09,7.740,7.762,7.674,7.788,27950000,106430000,0
2021-09-10,7.752,7.810,7.724,7.830,33330000,127610000,0
2021-09-13,7.796,7.742,7.702,7.826,29170000,111370000,0
2021-09-14,7.742,7.716,7.696,7.828,29590000,113130000,0
2021-09-15,7.700,7.634,7.592,7.704,32450000,122010000,0
2021-09-16,7.622,7.500,7.490,7.630,40340000,149710000,0
2021-09-17,7.506,7.588,7.454,7.608,39150000,144710000,0
2021-09-22,7.476,7.510,7.456,7.552,38340000,141550000,0
2021-09-23,7.540,7.562,7.536,7.588,24880000,92580000,0
2021-09-24,7.550,7.598,7.540,7.670,30850000,115520000,0
2021-09-27,7.616,7.710,7.616,7.766,36880000,139910000,0
2021-09-28,7.760,7.654,7.638,7.760,30480000,115240000,0
2021-09-29,7.616,7.608,7.554,7.646,35170000,131440000,0
2021-09-30,7.616,7.710,7.616,7.730,34310000,129880000,0
2021-10-08,7.760,7.804,7.750,7.828,31290000,120120000,0
2021-10-11,7.820,7.760,7.746,7.870,28790000,110740000,0
2021-10-12,7.754,7.642,7.592,7.762,37270000,141150000,0
2021-10-13,7.642,7.802,7.638,7.816,31750000,120810000,0
2021-10-14,7.802,7.770,7.748,7.838,23070000,88520000,0
2021-10-15,7.772,7.828,7.714,7.846,24390000,93690000,0
2021-10-18,7.812,7.778,7.704,7.824,25190000,96030000,0
2021-10-19,7.768,7.864,7.768,7.868,21920000,84600000,0
2021-10-20,7.880,7.822,7.808,7.908,21670000,83730000,0
2021-10-21,7.822,7.840,7.772,7.856,20370000,78410000,0
2021-10-22,7.840,7.916,7.840,7.962,26840000,104490000,0
2021-10-25,7.922,7.946,7.878,7.952,22770000,88750000,0
2021-10-26,7.960,7.906,7.896,8.000,22470000,87840000,0
2021-10-27,7.900,7.824,7.796,7.900,23650000,91140000,0
2021-10-28,7.790,7.776,7.736,7.868,22250000,85490000,0
2021-10-29,7.762,7.872,7.744,7.886,27000000,104030000,0
2021-11-01,7.856,7.872,7.798,7.926,23250000,90050000,0
2021-11-02,7.860,7.814,7.754,7.916,23520000,90870000,0
2021-11-03,7.800,7.792,7.758,7.866,19950000,76710000,0
2021-11-04,7.840,7.900,7.828,7.906,31060000,120570000,0
2021-11-05,7.894,7.858,7.844,7.942,21650000,84160000,0
2021-11-08,7.840,7.878,7.820,7.906,20440000,79120000,0
2021-11-09,7.880,7.882,7.832,7.914,24210000,93970000,0
2021-11-10,7.878,7.834,7.720,7.878,27560000,105700000,0
2021-11-11,7.800,7.960,7.800,7.960,27580000,107590000,0
2021-11-12,7.960,7.924,7.890,7.978,20510000,80010000,0
2021-11-15,7.926,7.892,7.846,7.936,20390000,79150000,0
2021-11-16,7.888,7.904,7.880,7.960,27190000,106080000,0
2021-11-17,7.902,7.930,7.886,7.936,18840000,73460000,0
2021-11-18,7.924,7.844,7.840,7.924,21870000,84730000,0
2021-11-19,7.832,7.950,7.832,7.956,29290000,114030000,0
2021-11-22,7.938,8.036,7.938,8.036,25650000,101140000,0
2021-11-23,8.020,8.002,7.976,8.028,19990000,78710000,0
2021-11-24,8.002,7.986,7.976,8.024,14850000,58490000,0
2021-11-25,7.988,7.958,7.942,7.994,15100000,59270000,0
2021-11-26,7.960,7.908,7.904,7.976,30230000,117970000,0
2021-11-29,7.868,7.918,7.846,7.948,74740000,291500000,0
2021-11-30,7.926,7.910,7.860,7.960,19810000,77130000,0
2021-12-01,7.898,7.890,7.860,7.914,21710000,84230000,0
2021-12-02,7.872,7.900,7.856,7.926,20520000,79830000,0
2021-12-03,7.906,7.974,7.892,7.974,23810000,93020000,0
2021-12-06,7.974,7.908,7.908,8.012,30400000,119230000,0
2021-12-07,7.932,7.902,7.868,7.968,23890000,92950000,0
2021-12-08,7.898,8.042,7.898,8.044,31810000,125170000,0
2021-12-09,8.042,8.188,8.036,8.220,32400000,129960000,0
2021-12-10,8.178,8.162,8.122,8.178,20970000,84180000,0
2021-12-13,8.182,8.218,8.170,8.282,34360000,139480000,0
2021-12-14,8.190,8.174,8.152,8.206,21380000,86130000,0
2021-12-15,8.160,8.102,8.090,8.188,23360000,93550000,0
2021-12-16,8.102,8.142,8.046,8.142,18770000,74800000,0
2021-12-17,8.126,7.986,7.986,8.126,35750000,141450000,0
2021-12-20,7.984,7.812,7.810,8.018,42050000,163340000,0
2021-12-21,7.812,7.864,7.788,7.878,30790000,118850000,0
2021-12-22,7.874,7.898,7.870,7.930,43620000,169950000,0
2021-12-23,7.914,7.962,7.904,7.970,25070000,97990000,0
2021-12-24,7.962,7.890,7.862,7.978,21450000,83480000,0
2021-12-27,7.886,7.924,7.844,7.930,42960000,166980000,0
2021-12-28,7.924,7.964,7.884,7.978,30900000,120750000,0
2021-12-29,7.962,7.844,7.840,7.968,20900000,81080000,0
2021-12-30,7.844,7.920,7.832,7.950,43950000,170910000,0
2021-12-31,7.942,7.930,7.894,7.958,24970000,97470000,0
2022-01-04,7.960,7.898,7.826,7.976,25240000,97930000,0
2022-01-05,7.874,7.766,7.742,7.894,25680000,98740000,0
2022-01-06,7.722,7.678,7.622,7.752,27500000,104010000,0
2022-01-07,7.686,7.660,7.650,7.724,20070000,75970000,0
2022-01-10,7.656,7.674,7.574,7.702,19590000,73780000,0
2022-01-11,7.668,7.578,7.570,7.684,24380000,91490000,0
2022-01-12,7.612,7.682,7.610,7.688,23440000,88200000,0
2022-01-13,7.682,7.536,7.530,7.700,28850000,107770000,0
2022-01-14,7.526,7.512,7.478,7.568,28390000,105230000,0
2022-01-17,7.494,7.618,7.494,7.638,27140000,101450000,0
2022-01-18,7.620,7.664,7.582,7.696,25890000,97580000,0
2022-01-19,7.668,7.574,7.528,7.696,31650000,118360000,0
2022-01-20,7.548,7.614,7.548,7.660,25840000,96810000,0
2022-01-21,7.600,7.548,7.506,7.616,25000000,93000000,0
2022-01-24,7.544,7.574,7.492,7.594,23420000,86990000,0
2022-01-25,7.544,7.406,7.398,7.576,27640000,102020000,0
2022-01-26,7.428,7.440,7.348,7.466,21380000,78050000,0
2022-01-27,7.436,7.272,7.256,7.442,25720000,93020000,0
2022-01-28,7.318,7.226,7.192,7.346,22270000,79710000,0
2022-02-07,7.334,7.282,7.260,7.392,19490000,70160000,0
2022-02-08,7.268,7.154,7.012,7.268,24190000,84660000,0
2022-02-09,7.150,7.238,7.118,7.252,22150000,78300000,0
2022-02-10,7.238,7.182,7.126,7.242,19770000,69750000,0
2022-02-11,7.140,7.080,7.066,7.198,20330000,71320000,0
2022-02-14,7.020,7.008,6.962,7.086,21260000,73380000,0
2022-02-15,7.016,7.128,7.008,7.136,18620000,64840000,0
2022-02-16,7.146,7.142,7.132,7.192,20610000,72580000,0
2022-02-17,7.114,7.178,7.114,7.212,17960000,63310000,0
2022-02-18,7.152,7.188,7.124,7.192,14220000,50020000,0
2022-02-21,7.182,7.170,7.132,7.206,14180000,49930000,0
2022-02-22,7.100,7.062,7.024,7.112,18450000,63890000,0
2022-02-23,7.068,7.194,7.068,7.194,17380000,60970000,0
2022-02-24,7.140,7.028,6.960,7.170,23740000,82380000,0
2022-02-25,7.072,7.118,7.072,7.190,21630000,75910000,0
2022-02-28,7.098,7.120,7.044,7.144,18170000,63350000,0
2022-03-01,7.164,7.172,7.118,7.176,29960000,105460000,0
2022-03-02,7.138,7.084,7.030,7.138,18270000,63470000,0
2022-03-03,7.116,6.990,6.984,7.120,18460000,63730000,0
2022-03-04,6.930,6.876,6.856,6.980,22610000,76800000,0
2022-03-07,6.800,6.610,6.590,6.814,23680000,77770000,0
2022-03-08,6.636,6.468,6.440,6.662,39630000,127190000,0
2022-03-09,6.490,6.414,6.160,6.512,31900000,99690000,0
2022-03-10,6.556,6.556,6.528,6.616,26640000,85960000,0
2022-03-11,6.478,6.588,6.372,6.604,26170000,83140000,0
2022-03-14,6.474,6.376,6.372,6.528,19080000,60450000,0
2022-03-15,6.320,6.124,6.122,6.394,31530000,96720000,0
2022-03-16,6.192,6.388,6.038,6.400,44110000,134130000,0
2022-03-17,6.480,6.520,6.480,6.666,40160000,129460000,0
2022-03-18,6.516,6.582,6.462,6.592,25760000,82290000,0
2022-03-21,6.584,6.562,6.508,6.628,19490000,62890000,0
2022-03-22,6.526,6.536,6.508,6.578,13810000,44320000,0
2022-03-23,6.556,6.594,6.522,6.608,17870000,57660000,0
2022-03-24,6.550,6.546,6.474,6.576,14730000,47130000,0
2022-03-25,6.540,6.406,6.400,6.548,18400000,58440000,0
2022-03-28,6.340,6.308,6.270,6.370,24600000,76110000,0
2022-03-29,6.310,6.302,6.272,6.368,22170000,68710000,0
2022-03-30,6.326,6.502,6.324,6.506,19170000,60370000,0
2022-03-31,6.470,6.440,6.426,6.496,17310000,54830000,0
2022-04-01,6.406,6.526,6.392,6.556,23330000,74480000,0
2022-04-06,6.496,6.488,6.462,6.544,16230000,51710000,0
2022-04-07,6.434,6.400,6.400,6.514,20210000,64010000,0
2022-04-08,6.400,6.420,6.342,6.440,21360000,67080000,0
2022-04-11,6.372,6.226,6.188,6.372,29510000,90280000,0
2022-04-12,6.224,6.320,6.166,6.326,22400000,68610000,0
2022-04-13,6.278,6.248,6.180,6.324,17990000,55410000,0
2022-04-14,6.298,6.308,6.246,6.352,22970000,70920000,0
2022-04-15,6.244,6.288,6.220,6.332,17710000,54520000,0
2022-04-18,6.250,6.318,6.188,6.318,18100000,55590000,0
2022-04-19,6.290,6.262,6.240,6.356,16560000,51120000,0
2022-04-20,6.272,6.142,6.118,6.280,23270000,70470000,0
2022-04-21,6.090,6.006,5.972,6.150,31070000,92340000,0
2022-04-22,5.982,6.004,5.916,6.056,24330000,71330000,0
2022-04-25,5.920,5.716,5.696,5.934,32970000,94350000,0
2022-04-26,5.770,5.660,5.636,5.804,28920000,80740000,0
2022-04-27,5.650,5.864,5.612,5.864,35800000,100300000,0
2022-04-28,5.820,5.864,5.804,5.920,27630000,79280000,0
2022-04-29,5.910,6.078,5.846,6.080,37670000,110580000,0
2022-05-05,6.018,6.040,5.982,6.106,22820000,67540000,0
2022-05-06,5.950,5.896,5.874,5.960,35340000,102460000,0
2022-05-09,5.850,5.834,5.794,5.912,21140000,60500000,0
2022-05-10,5.770,5.908,5.720,5.926,26320000,75360000,0
2022-05-11,5.852,6.024,5.852,6.144,35200000,104160000,0
2022-05-12,5.994,6.014,5.978,6.054,31560000,93020000,0
2022-05-13,6.038,6.044,5.986,6.078,13630000,40280000,0
2022-05-16,6.086,5.994,5.992,6.126,15010000,44410000,0
2022-05-17,6.018,6.092,5.996,6.104,22670000,67440000,0
2022-05-18,6.096,6.072,6.034,6.116,18100000,53920000,0
2022-05-19,5.988,6.086,5.980,6.092,17750000,52570000,0
2022-05-20,6.096,6.206,6.096,6.206,28880000,87120000,0
2022-05-23,6.206,6.150,6.110,6.208,21840000,65760000,0
2022-05-24,6.150,5.994,5.992,6.150,20420000,60810000,0
2022-05-25,5.994,6.010,5.954,6.020,14100000,41380000,0
2022-05-26,6.010,6.032,5.924,6.084,26300000,77550000,0
2022-05-27,6.066,6.026,6.000,6.144,20920000,62330000,0
2022-05-30,6.062,6.096,6.040,6.112,22420000,66820000,0
2022-05-31,6.096,6.230,6.068,6.236,30910000,93410000,0
2022-06-01,6.220,6.228,6.190,6.252,18350000,56010000,0
2022-06-02,6.190,6.284,6.190,6.288,21590000,66270000,0
2022-06-06,6.278,6.446,6.240,6.446,25470000,79750000,0
2022-06-07,6.480,6.432,6.408,6.484,22890000,72290000,0
2022-06-08,6.432,6.506,6.392,6.530,34500000,109430000,0
2022-06-09,6.500,6.374,6.370,6.500,28500000,90020000,0
2022-06-10,6.352,6.526,6.346,6.530,25810000,81470000,0
2022-06-13,6.476,6.454,6.408,6.508,21750000,68980000,0
2022-06-14,6.406,6.490,6.288,6.490,28130000,88070000,0
2022-06-15,6.490,6.578,6.484,6.686,59590000,191510000,0
2022-06-16,6.588,6.562,6.532,6.632,30980000,100060000,0
2022-06-17,6.516,6.676,6.500,6.684,25070000,81270000,0
2022-06-20,6.710,6.774,6.678,6.842,25730000,85420000,0
2022-06-21,6.774,6.760,6.698,6.814,22200000,73750000,0
2022-06-22,6.774,6.672,6.662,6.774,20130000,66410000,0
2022-06-23,6.670,6.800,6.634,6.802,24210000,79940000,0
2022-06-24,6.820,6.898,6.796,6.906,31800000,107080000,0
2022-06-27,6.912,6.984,6.912,7.040,25930000,89030000,0
2022-06-28,6.986,7.078,6.924,7.092,22150000,76130000,0
2022-06-29,7.036,6.916,6.914,7.098,26330000,90620000,0
2022-06-30,6.930,7.038,6.930,7.082,39570000,136660000,0
2022-07-01,7.038,7.018,6.982,7.070,30960000,106840000,0
2022-07-04,6.990,7.110,6.956,7.114,35160000,121740000,0
2022-07-05,7.110,7.078,6.980,7.164,28960000,100470000,0
2022-07-06,7.040,6.988,6.942,7.100,34670000,119860000,0
2022-07-07,6.974,7.074,6.958,7.082,34450000,119230000,0
2022-07-08,7.100,7.034,7.030,7.122,22390000,77850000,0
2022-07-11,7.006,6.898,6.856,7.006,22810000,77360000,0
2022-07-12,6.890,6.792,6.772,6.926,22950000,77140000,0
2022-07-13,6.796,6.864,6.746,6.890,21410000,71700000,0
2022-07-14,6.856,6.898,6.826,6.964,27090000,91940000,0
2022-07-15,6.870,6.796,6.794,6.950,18730000,63400000,0
2022-07-18,6.804,6.834,6.708,6.860,30380000,101290000,0
2022-07-19,6.812,6.770,6.728,6.824,23910000,79550000,0
2022-07-20,6.810,6.784,6.754,6.844,25250000,84390000,0
2022-07-21,6.770,6.710,6.710,6.804,22120000,73390000,0
2022-07-22,6.730,6.704,6.652,6.790,20450000,67570000,0
2022-07-25,6.700,6.666,6.640,6.704,16040000,52500000,0
2022-07-26,6.676,6.718,6.666,6.752,17280000,56960000,0
2022-07-27,6.708,6.694,6.664,6.724,15320000,50340000,0
2022-07-28,6.740,6.700,6.696,6.786,19560000,64720000,0
2022-07-29,6.690,6.592,6.578,6.726,25750000,83930000,0
2022-08-01,6.560,6.674,6.534,6.690,20230000,65790000,0
2022-08-02,6.620,6.558,6.494,6.624,20860000,67170000,0
2022-08-03,6.562,6.464,6.446,6.644,21250000,68210000,0
2022-08-04,6.496,6.500,6.442,6.532,19660000,62580000,0
2022-08-05,6.510,6.598,6.500,6.606,22300000,71640000,0
2022-08-08,6.562,6.590,6.562,6.608,24770000,80170000,0
2022-08-09,6.570,6.602,6.556,6.618,20850000,67480000,0
2022-08-10,6.586,6.534,6.498,6.602,14070000,45210000,0
2022-08-11,6.556,6.686,6.536,6.686,19640000,63850000,0
2022-08-12,6.686,6.654,6.640,6.688,16250000,53160000,0
2022-08-15,6.626,6.674,6.626,6.736,20730000,68170000,0
2022-08-16,6.698,6.668,6.652,6.722,15240000,50030000,0
2022-08-17,6.662,6.768,6.622,6.768,21920000,72130000,0
2022-08-18,6.762,6.704,6.696,6.762,20640000,68170000,0
2022-08-19,6.708,6.626,6.626,6.712,20050000,65600000,0
2022-08-22,6.624,6.708,6.598,6.712,20880000,68430000,0
2022-08-23,6.700,6.698,6.652,6.728,19510000,64050000,0
2022-08-24,6.712,6.506,6.498,6.718,29980000,96700000,0
2022-08-25,6.506,6.520,6.436,6.542,22050000,70190000,0
2022-08-26,6.516,6.500,6.490,6.566,18040000,57790000,0
2022-08-29,6.452,6.446,6.412,6.484,18260000,57780000,0
2022-08-30,6.446,6.430,6.376,6.460,16800000,52890000,0
2022-08-31,6.390,6.374,6.344,6.446,21490000,67340000,0
2022-09-01,6.376,6.350,6.332,6.430,17500000,54800000,0
2022-09-02,6.368,6.314,6.282,6.382,23420000,72610000,0
2022-09-05,6.292,6.280,6.240,6.304,18210000,55960000,0
2022-09-06,6.300,6.322,6.228,6.324,21450000,65980000,0
2022-09-07,6.286,6.332,6.280,6.354,14970000,46440000,0
2022-09-08,6.320,6.276,6.274,6.348,15290000,47320000,0
2022-09-09,6.300,6.366,6.282,6.370,15130000,47010000,0
2022-09-13,6.398,6.402,6.368,6.428,13360000,41970000,0
2022-09-14,6.358,6.316,6.284,6.364,17700000,54940000,0
2022-09-15,6.318,6.210,6.178,6.360,22170000,68110000,0
2022-09-16,6.192,6.094,6.090,6.210,21320000,64150000,0
2022-09-19,6.096,6.076,6.046,6.126,18350000,54700000,0
2022-09-20,6.096,6.098,6.076,6.138,13050000,39030000,0
2022-09-21,6.066,6.032,6.000,6.070,17040000,50410000,0
2022-09-22,6.010,5.964,5.952,6.030,16620000,48670000,0
2022-09-23,5.958,5.922,5.866,5.982,19810000,57550000,0
2022-09-26,5.920,5.938,5.884,6.012,17570000,51280000,0
2022-09-27,5.962,6.040,5.922,6.044,17020000,49820000,0
2022-09-28,6.020,5.928,5.924,6.020,17580000,51400000,0
2022-09-29,5.970,5.918,5.900,5.992,20870000,60820000,0
2022-09-30,5.900,5.854,5.852,5.942,16460000,47520000,0
2022-10-10,5.870,5.714,5.706,5.872,19650000,55590000,0
2022-10-11,5.712,5.744,5.704,5.764,19880000,55800000,0
2022-10-12,5.740,5.870,5.654,5.870,26780000,75120000,0
2022-10-13,5.868,5.830,5.824,5.894,19940000,57140000,0
2022-10-14,5.866,5.998,5.866,6.024,24890000,72660000,0
2022-10-17,5.960,5.988,5.934,6.014,24150000,70710000,0
2022-10-18,6.030,5.994,5.976,6.046,20300000,59730000,0
2022-10-19,5.984,5.896,5.892,6.004,17270000,50250000,0
2022-10-20,5.864,5.854,5.788,5.926,23460000,67190000,0
2022-10-21,5.864,5.832,5.802,5.870,15620000,44680000,0
2022-10-24,5.862,5.660,5.636,5.866,25320000,71200000,0
2022-10-25,5.660,5.618,5.572,5.706,28960000,79800000,0
2022-10-26,5.632,5.696,5.632,5.774,22230000,62050000,0
2022-10-27,5.700,5.656,5.654,5.738,19260000,53730000,0
2022-10-28,5.650,5.490,5.478,5.650,26380000,71830000,0
2022-10-31,5.492,5.444,5.430,5.526,24510000,65460000,0
2022-11-01,5.476,5.660,5.446,5.660,32590000,88690000,0
2022-11-02,5.640,5.750,5.632,5.782,27630000,77320000,0
2022-11-03,5.722,5.698,5.656,5.724,19900000,55420000,0
2022-11-04,5.678,5.910,5.678,5.920,29650000,84860000,0
2022-11-07,5.880,5.904,5.864,5.942,14950000,43210000,0
2022-11-08,5.916,5.860,5.814,5.920,18270000,52370000,0
2022-11-09,5.866,5.784,5.778,5.876,34170000,97350000,0
2022-11-10,5.750,5.692,5.664,5.754,27070000,75540000,0
2022-11-11,5.858,5.860,5.804,5.934,50960000,146200000,0
2022-11-14,5.886,5.846,5.828,5.968,47900000,138330000,0
2022-11-15,5.830,5.982,5.816,5.988,41100000,119200000,0
2022-11-16,5.964,5.914,5.904,5.994,28150000,81970000,0
2022-11-17,5.896,5.888,5.810,5.896,31370000,89810000,0
2022-11-18,5.890,5.876,5.870,5.934,30310000,87680000,0
2022-11-21,5.846,5.834,5.776,5.854,25820000,73460000,0
2022-11-22,5.822,5.766,5.748,5.840,30900000,87640000,0
2022-11-23,5.760,5.756,5.700,5.784,27760000,78050000,0
2022-11-24,5.760,5.752,5.730,5.806,25970000,73200000,0
2022-11-25,5.736,5.730,5.708,5.760,25140000,70590000,0
2022-11-28,5.656,5.686,5.580,5.686,40840000,112490000,0
2022-11-29,5.696,5.834,5.696,5.844,46480000,131950000,0
2022-11-30,5.820,5.844,5.804,5.870,30810000,88160000,0
2022-12-01,5.960,5.950,5.940,6.006,38660000,113210000,0
2022-12-02,5.950,5.926,5.918,5.972,36290000,105640000,0
2022-12-05,5.972,5.998,5.956,6.006,37280000,109190000,0
2022-12-06,5.980,6.060,5.970,6.104,34040000,101030000,0
2022-12-07,6.052,6.082,6.046,6.136,34370000,102550000,0
2022-12-08,6.088,6.084,6.044,6.100,46950000,139790000,0
2022-12-09,6.086,6.154,6.062,6.162,44550000,133220000,0
2022-12-12,6.160,6.082,6.078,6.160,74400000,222970000,0
2022-12-13,6.080,6.050,6.040,6.088,69320000,206000000,0
2022-12-14,6.054,6.074,6.036,6.094,52680000,156510000,0
2022-12-15,6.078,6.086,6.032,6.100,34700000,103100000,0
2022-12-16,6.078,6.050,6.034,6.080,38260000,113450000,0
2022-12-19,6.050,5.990,5.974,6.100,46840000,138540000,0
2022-12-20,5.968,5.884,5.866,5.978,50110000,145250000,0
2022-12-21,5.884,5.882,5.866,5.922,40240000,116060000,0
2022-12-22,5.896,5.902,5.874,5.970,43200000,125310000,0
2022-12-23,5.862,5.890,5.850,5.924,41080000,118470000,0
2022-12-26,5.892,5.926,5.888,5.946,52950000,153570000,0
2022-12-27,5.962,6.014,5.944,6.014,38390000,112510000,0
2022-12-28,5.994,5.954,5.930,5.994,35460000,103480000,0
2022-12-29,5.938,5.946,5.918,5.972,37670000,109670000,0
2022-12-30,5.960,5.956,5.954,5.996,40230000,117680000,0
2023-01-03,5.956,5.970,5.878,5.988,50040000,145380000,0
2023-01-04,5.966,5.960,5.928,5.996,74700000,218200000,0
2023-01-05,5.982,6.132,5.982,6.140,75410000,224760000,0
2023-01-06,6.140,6.154,6.122,6.188,62340000,187880000,0
2023-01-09,6.170,6.194,6.158,6.214,51080000,154980000,0
2023-01-10,6.194,6.220,6.176,6.242,49630000,151200000,0
2023-01-11,6.226,6.200,6.196,6.268,33610000,102610000,0
2023-01-12,6.210,6.222,6.198,6.260,38830000,118510000,0
2023-01-13,6.226,6.326,6.226,6.326,40500000,124600000,0
2023-01-16,6.338,6.428,6.330,6.496,74640000,235730000,0
2023-01-17,6.422,6.436,6.410,6.462,39770000,125710000,0
2023-01-18,6.442,6.440,6.428,6.468,38010000,120190000,0
2023-01-19,6.430,6.496,6.406,6.496,53150000,168550000,0
2023-01-20,6.512,6.516,6.488,6.536,64350000,205760000,0
2023-01-30,6.672,6.592,6.586,6.686,57120000,185830000,0
2023-01-31,6.590,6.512,6.494,6.602,91990000,295010000,0
2023-02-01,6.516,6.582,6.484,6.582,60860000,195320000,0
2023-02-02,6.594,6.544,6.528,6.598,39000000,125650000,0
2023-02-03,6.510,6.500,6.426,6.520,92060000,292630000,0
2023-02-06,6.472,6.396,6.354,6.472,63990000,200740000,0
2023-02-07,6.404,6.400,6.370,6.430,47410000,149080000,0
2023-02-08,6.420,6.362,6.358,6.426,29940000,93830000,0
2023-02-09,6.332,6.468,6.332,6.472,53580000,169020000,0
2023-02-10,6.468,6.416,6.390,6.468,33740000,106370000,0
2023-02-13,6.386,6.490,6.386,6.496,86700000,274950000,0
2023-02-14,6.494,6.478,6.444,6.514,42330000,134370000,0
2023-02-15,6.478,6.446,6.434,6.500,35950000,113910000,0
2023-02-16,6.462,6.362,6.336,6.514,55910000,176840000,0
2023-02-17,6.348,6.264,6.254,6.384,66510000,206720000,0
2023-02-20,6.264,6.400,6.242,6.406,82080000,255020000,0
2023-02-21,6.398,6.386,6.352,6.418,62760000,196770000,0
2023-02-22,6.362,6.338,6.322,6.384,58450000,181820000,0
2023-02-23,6.338,6.348,6.318,6.382,49680000,154770000,0
2023-02-24,6.340,6.272,6.248,6.340,41900000,129050000,0
2023-02-27,6.246,6.240,6.214,6.276,35870000,109910000,0
2023-02-28,6.244,6.288,6.212,6.288,31850000,97720000,0
2023-03-01,6.280,6.352,6.258,6.370,49090000,152300000,0
2023-03-02,6.354,6.324,6.308,6.366,27120000,84310000,0
2023-03-03,6.344,6.322,6.278,6.358,34930000,108270000,0
2023-03-06,6.312,6.302,6.248,6.320,91350000,281680000,0
2023-03-07,6.298,6.180,6.180,6.304,57620000,176810000,0
2023-03-08,6.170,6.156,6.126,6.180,45210000,136380000,0
2023-03-09,6.176,6.156,6.122,6.190,43270000,130720000,0
2023-03-10,6.126,6.084,6.080,6.138,56130000,167970000,0
2023-03-13,6.080,6.116,6.068,6.130,32020000,95730000,0
2023-03-14,6.116,6.068,6.002,6.116,43650000,129650000,0
2023-03-15,6.096,6.060,6.056,6.140,36270000,108370000,0
2023-03-16,6.040,5.972,5.952,6.060,48760000,143400000,0
2023-03-17,6.030,5.978,5.952,6.050,59830000,175990000,0
2023-03-20,5.978,5.968,5.952,6.024,55110000,161600000,0
2023-03-21,6.000,6.044,5.978,6.058,51690000,152500000,0
2023-03-22,6.060,6.094,6.060,6.118,97840000,291910000,0
2023-03-23,6.074,6.146,6.062,6.152,37040000,111220000,0
2023-03-24,6.146,6.164,6.128,6.170,36830000,111050000,0
2023-03-27,6.160,6.166,6.116,6.174,58820000,177420000,0
2023-03-28,6.174,6.122,6.120,6.174,34090000,102700000,0
2023-03-29,6.140,6.154,6.138,6.174,37110000,112020000,0
2023-03-30,6.158,6.214,6.120,6.214,41520000,125770000,0
2023-03-31,6.230,6.230,6.214,6.252,29630000,90560000,0
2023-04-03,6.236,6.308,6.236,6.314,38760000,119360000,0
2023-04-04,6.312,6.286,6.246,6.314,39380000,121160000,0
2023-04-06,6.264,6.266,6.230,6.274,33770000,103560000,0
2023-04-07,6.266,6.322,6.262,6.340,38610000,119650000,0
2023-04-10,6.338,6.272,6.260,6.338,38330000,118270000,0
2023-04-11,6.280,6.268,6.244,6.308,35760000,110120000,0
2023-04-12,6.274,6.244,6.234,6.274,44530000,136490000,0
2023-04-13,6.250,6.178,6.164,6.250,55600000,168730000,0
2023-04-14,6.190,6.200,6.184,6.214,28750000,87370000,0
2023-04-17,6.198,6.250,6.194,6.250,32810000,100190000,0
2023-04-18,6.246,6.250,6.238,6.288,29630000,90960000,0
2023-04-19,6.246,6.186,6.180,6.258,27240000,82960000,0
2023-04-20,6.176,6.154,6.128,6.188,35480000,107170000,0
2023-04-21,6.162,6.040,6.032,6.180,44820000,134150000,0
2023-04-24,6.010,5.950,5.914,6.038,63910000,187590000,0
2023-04-25,5.970,5.874,5.826,5.972,58010000,167080000,0
2023-04-26,5.868,5.904,5.844,5.930,81390000,235250000,0
2023-04-27,5.906,5.934,5.888,5.954,34110000,99010000,0
2023-04-28,5.962,5.986,5.952,5.992,42450000,124190000,0
2023-05-04,5.972,5.926,5.914,5.976,39220000,114090000,0
2023-05-05,5.932,5.906,5.858,5.932,29490000,85250000,0
2023-05-08,5.938,5.928,5.876,5.938,37610000,108860000,0
2023-05-09,5.930,5.882,5.874,5.958,44580000,129100000,0
2023-05-10,5.872,5.890,5.836,5.912,45090000,129610000,0
2023-05-11,5.896,5.902,5.894,5.944,35500000,102890000,0
2023-05-12,5.904,5.824,5.824,5.924,42220000,121440000,0
2023-05-15,5.828,5.936,5.824,5.938,63760000,183970000,0
2023-05-16,5.958,5.898,5.880,5.958,47480000,137530000,0
2023-05-17,5.896,5.884,5.858,5.910,48800000,140600000,0
2023-05-18,5.896,5.846,5.820,5.898,52320000,150370000,0
2023-05-19,5.840,5.856,5.820,5.888,44840000,128560000,0
2023-05-22,5.856,5.892,5.830,5.914,52110000,149980000,0
2023-05-23,5.906,5.828,5.828,5.906,46760000,134460000,0
2023-05-24,5.826,5.770,5.768,5.830,79570000,225980000,0
2023-05-25,5.768,5.758,5.712,5.788,49950000,140760000,0
2023-05-26,5.762,5.750,5.684,5.762,40660000,113970000,0
2023-05-29,5.744,5.670,5.648,5.768,42420000,118070000,0
2023-05-30,5.660,5.676,5.604,5.692,43720000,121010000,0
2023-05-31,5.674,5.632,5.598,5.674,45920000,126530000,0
2023-06-01,5.632,5.666,5.608,5.696,46320000,128440000,0
2023-06-02,5.692,5.764,5.686,5.766,46400000,130370000,0
2023-06-05,5.760,5.718,5.696,5.760,34330000,96100000,0
2023-06-06,5.716,5.642,5.638,5.730,46040000,128070000,0
2023-06-07,5.650,5.600,5.586,5.672,40880000,112470000,0
2023-06-08,5.594,5.630,5.588,5.660,46050000,126480000,0
2023-06-09,5.634,5.654,5.612,5.658,38390000,105900000,0
2023-06-12,5.648,5.696,5.630,5.734,42710000,118960000,0
2023-06-13,5.688,5.756,5.686,5.762,34780000,97540000,0
2023-06-14,5.768,5.774,5.764,5.808,56290000,159440000,0
2023-06-15,5.800,5.904,5.788,5.912,57380000,164550000,0
2023-06-16,5.914,5.966,5.904,5.984,51770000,150750000,0
2023-06-19,5.960,5.924,5.908,5.966,37610000,109230000,0
2023-06-20,5.902,5.946,5.902,5.974,41150000,119850000,0
2023-06-21,5.934,5.838,5.838,5.948,52460000,151150000,0
2023-06-26,5.804,5.778,5.752,5.824,52820000,149540000,0
2023-06-27,5.780,5.838,5.770,5.840,55630000,158290000,0
2023-06-28,5.832,5.806,5.752,5.834,38780000,109990000,0
2023-06-29,5.800,5.792,5.770,5.816,29890000,84760000,0
2023-06-30,5.780,5.848,5.772,5.866,39610000,113090000,0
2023-07-03,5.848,5.894,5.848,5.920,40070000,115630000,0
2023-07-04,5.886,5.900,5.870,5.914,28160000,81280000,0
2023-07-05,5.906,5.848,5.836,5.908,34110000,97920000,0
2023-07-06,5.834,5.808,5.800,5.868,36160000,103160000,0
2023-07-07,5.814,5.780,5.760,5.814,28300000,80030000,0
2023-07-10,5.794,5.816,5.792,5.848,32710000,93290000,0
2023-07-11,5.828,5.858,5.808,5.860,25380000,72550000,0
2023-07-12,5.864,5.812,5.802,5.864,29650000,84790000,0
2023-07-13,5.830,5.906,5.830,5.914,43020000,124230000,0
2023-07-14,5.912,5.894,5.892,5.922,27400000,79220000,0
2023-07-17,5.890,5.862,5.834,5.890,41260000,118230000,0
2023-07-18,5.874,5.840,5.824,5.878,33890000,96990000,0
2023-07-19,5.830,5.820,5.792,5.850,32340000,92130000,0
2023-07-20,5.832,5.776,5.766,5.876,46180000,131850000,0
2023-07-21,5.788,5.774,5.756,5.822,28640000,81100000,0
2023-07-24,5.752,5.736,5.722,5.778,48210000,135420000,0
2023-07-25,5.798,5.894,5.798,5.912,70170000,201790000,0
2023-07-26,5.894,5.882,5.872,5.900,57430000,165600000,0
2023-07-27,5.882,5.884,5.860,5.930,59010000,170530000,0
2023-07-28,5.856,6.002,5.852,6.014,61640000,179730000,0
2023-07-31,6.040,6.040,6.030,6.116,73160000,217700000,0
2023-08-01,6.060,6.002,5.978,6.066,38680000,114190000,0
2023-08-02,5.994,5.980,5.956,6.030,46230000,135620000,0
2023-08-03,5.960,6.026,5.960,6.028,34720000,102030000,0
2023-08-04,6.060,6.054,6.034,6.106,52560000,156560000,0
2023-08-07,6.028,5.998,5.982,6.036,54830000,161580000,0
2023-08-08,5.996,5.986,5.968,6.014,44910000,131810000,0
2023-08-09,5.966,5.970,5.956,5.986,27670000,80920000,0
2023-08-10,5.968,5.974,5.924,5.982,35060000,102310000,0
2023-08-11,5.976,5.830,5.830,5.978,57390000,165490000,0
2023-08-14,5.800,5.774,5.704,5.800,46440000,130750000,0
2023-08-15,5.770,5.746,5.692,5.784,54400000,152850000,0
2023-08-16,5.720,5.692,5.688,5.752,29880000,83680000,0
2023-08-17,5.680,5.724,5.632,5.736,39550000,109980000,0
2023-08-18,5.718,5.640,5.636,5.728,38100000,106000000,0
2023-08-21,5.630,5.556,5.556,5.640,63660000,174510000,0
2023-08-22,5.564,5.574,5.488,5.598,52550000,142540000,0
2023-08-23,5.554,5.468,5.468,5.564,56810000,153280000,0
2023-08-24,5.492,5.536,5.480,5.576,39770000,107520000,0
2023-08-25,5.512,5.498,5.484,5.546,44970000,121120000,0
2023-08-28,5.804,5.558,5.540,5.818,66810000,184730000,0
2023-08-29,5.558,5.656,5.550,5.696,53860000,148470000,0
2023-08-30,5.668,5.662,5.652,5.720,41880000,116510000,0
2023-08-31,5.660,5.636,5.626,5.670,37420000,103420000,0
2023-09-01,5.650,5.654,5.642,5.694,35300000,97940000,0
2023-09-04,5.682,5.738,5.670,5.752,38330000,107280000,0
2023-09-05,5.720,5.696,5.684,5.736,21910000,61190000,0
2023-09-06,5.680,5.670,5.640,5.684,28680000,79370000,0
2023-09-07,5.666,5.564,5.560,5.666,31310000,85760000,0
2023-09-08,5.544,5.526,5.496,5.556,33290000,89910000,0
2023-09-11,5.536,5.562,5.502,5.602,46810000,127020000,0
2023-09-12,5.560,5.560,5.546,5.592,27190000,74030000,0
2023-09-13,5.560,5.510,5.484,5.568,36820000,99330000,0
2023-09-14,5.508,5.464,5.444,5.508,40300000,107820000,0
2023-09-15,5.474,5.432,5.416,5.494,42470000,113130000,0
2023-09-18,5.430,5.470,5.406,5.504,42600000,113890000,0
2023-09-19,5.462,5.440,5.410,5.464,25300000,67180000,0
2023-09-20,5.424,5.416,5.410,5.436,21040000,55760000,0
2023-09-21,5.402,5.356,5.350,5.416,37640000,98920000,0
2023-09-22,5.338,5.462,5.338,5.464,46830000,123940000,0
2023-09-25,5.462,5.422,5.414,5.462,34870000,92550000,0
2023-09-26,5.422,5.390,5.388,5.436,25580000,67630000,0
2023-09-27,5.390,5.418,5.382,5.460,42730000,113110000,0
2023-09-28,5.420,5.396,5.380,5.434,43070000,113810000,0
2023-10-09,5.396,5.404,5.316,5.418,70620000,184840000,0
2023-10-10,5.406,5.358,5.354,5.432,43870000,115650000,0
2023-10-11,5.380,5.382,5.372,5.428,30160000,79640000,0
2023-10-12,5.414,5.424,5.390,5.438,29310000,77630000,0
2023-10-13,5.396,5.358,5.334,5.398,35720000,93550000,0
2023-10-16,5.362,5.274,5.258,5.366,71370000,184500000,0
2023-10-17,5.280,5.286,5.268,5.306,38260000,98820000,0
2023-10-18,5.270,5.246,5.238,5.282,37320000,95810000,0
2023-10-19,5.218,5.144,5.136,5.226,79160000,199980000,0
2023-10-20,5.120,5.106,5.084,5.150,56980000,142250000,0
2023-10-23,5.080,5.052,5.014,5.094,59950000,147720000,0
2023-10-24,5.054,5.068,5.016,5.092,43740000,107870000,0
2023-10-25,5.120,5.078,5.078,5.138,46770000,116780000,0
2023-10-26,5.054,5.102,5.022,5.102,47680000,117570000,0
2023-10-27,5.076,5.214,5.072,5.230,84910000,214170000,0
2023-10-30,5.184,5.300,5.184,5.310,72170000,185960000,0
2023-10-31,5.280,5.258,5.224,5.288,44570000,114310000,0
2023-11-01,5.280,5.234,5.224,5.288,41680000,106840000,0
2023-11-02,5.236,5.188,5.188,5.276,39330000,100520000,0
2023-11-03,5.204,5.248,5.200,5.270,41980000,107520000,0
2023-11-06,5.276,5.378,5.276,5.380,54490000,142450000,0
2023-11-07,5.370,5.356,5.328,5.370,28400000,74230000,0
2023-11-08,5.350,5.346,5.310,5.374,36070000,94250000,0
2023-11-09,5.322,5.342,5.322,5.366,26820000,70070000,0
2023-11-10,5.326,5.304,5.282,5.326,32420000,83960000,0
2023-11-13,5.320,5.286,5.260,5.332,26890000,69420000,0
2023-11-14,5.286,5.286,5.262,5.320,37680000,97300000,0
2023-11-15,5.328,5.324,5.306,5.354,46450000,120990000,0
2023-11-16,5.316,5.254,5.252,5.322,46300000,119330000,0
2023-11-17,5.238,5.252,5.224,5.260,45330000,116060000,0
2023-11-20,5.246,5.264,5.214,5.288,49360000,126540000,0
2023-11-21,5.280,5.262,5.248,5.328,40250000,104060000,0
2023-11-22,5.250,5.192,5.188,5.250,42710000,108870000,0
2023-11-23,5.190,5.222,5.168,5.226,32590000,82770000,0
2023-11-24,5.212,5.186,5.172,5.216,33500000,84920000,0
2023-11-27,5.174,5.146,5.122,5.190,40540000,101830000,0
2023-11-28,5.138,5.166,5.130,5.174,31030000,78140000,0
2023-11-29,5.164,5.116,5.100,5.168,28650000,71660000,0
2023-11-30,5.110,5.110,5.090,5.130,22510000,56140000,0
2023-12-01,5.120,5.080,5.030,5.120,43910000,108570000,0
2023-12-04,5.092,5.030,5.028,5.092,35050000,86360000,0
2023-12-05,5.020,4.932,4.928,5.022,64330000,156270000,0
2023-12-06,4.936,4.978,4.924,5.002,51320000,124400000,0
2023-12-07,4.968,4.960,4.924,4.978,29910000,72190000,0
2023-12-08,4.960,4.962,4.944,4.984,22300000,54080000,0
2023-12-11,4.940,5.008,4.886,5.016,41670000,100530000,0
2023-12-12,4.996,4.996,4.980,5.004,25420000,61920000,0
2023-12-13,4.986,4.900,4.898,4.990,44300000,106550000,0
2023-12-14,4.916,4.880,4.876,4.964,35020000,83960000,0
2023-12-15,4.898,4.876,4.866,4.938,42450000,101300000,0
2023-12-18,4.866,4.830,4.808,4.872,34670000,81890000,0
2023-12-19,4.818,4.838,4.800,4.854,35350000,83050000,0
2023-12-20,4.848,4.770,4.770,4.848,46590000,109080000,0
2023-12-21,4.748,4.836,4.744,4.852,46520000,108930000,0
2023-12-22,4.820,4.824,4.794,4.874,49340000,116180000,0
2023-12-25,4.824,4.854,4.812,4.856,29690000,70060000,0
2023-12-26,4.844,4.812,4.790,4.846,42490000,99620000,0
2023-12-27,4.808,4.822,4.784,4.836,52260000,122610000,0
2023-12-28,4.820,4.982,4.810,4.996,89030000,213870000,0
2023-12-29,4.976,5.006,4.960,5.016,57110000,139120000,0
2024-01-02,5.010,4.924,4.914,5.010,43500000,104940000,0
2024-01-03,4.910,4.866,4.848,4.918,49580000,117920000,0
2024-01-04,4.866,4.800,4.776,4.866,42690000,99950000,0
2024-01-05,4.786,4.778,4.750,4.846,46520000,108970000,0
2024-01-08,4.760,4.698,4.696,4.792,81800000,188160000,0
2024-01-09,4.710,4.718,4.678,4.752,42710000,98040000,0
2024-01-10,4.704,4.696,4.662,4.754,38020000,87120000,0
2024-01-11,4.692,4.756,4.678,4.782,54420000,125640000,0
2024-01-12,4.742,4.714,4.714,4.770,36270000,83760000,0
2024-01-15,4.700,4.690,4.666,4.740,39900000,91240000,0
2024-01-16,4.680,4.736,4.660,4.738,51780000,118760000,0
2024-01-17,4.720,4.618,4.616,4.720,49190000,111690000,0
2024-01-18,4.580,4.680,4.554,4.712,76230000,171670000,0
2024-01-19,4.650,4.666,4.650,4.712,46770000,106690000,0
2024-01-22,4.650,4.588,4.532,4.680,75310000,169430000,0
2024-01-23,4.574,4.612,4.530,4.638,58340000,130430000,0
2024-01-24,4.640,4.648,4.516,4.658,54950000,122780000,0
2024-01-25,4.636,4.710,4.612,4.718,62380000,141920000,0
2024-01-26,4.690,4.666,4.650,4.712,70500000,160630000,0
2024-01-29,4.666,4.580,4.580,4.686,50530000,113870000,0
2024-01-30,4.566,4.484,4.480,4.578,52470000,115700000,0
2024-01-31,4.478,4.448,4.432,4.514,52860000,114960000,0
2024-02-01,4.432,4.492,4.424,4.534,48160000,105070000,0
2024-02-02,4.480,4.408,4.308,4.504,55600000,119740000,0
2024-02-05,4.360,4.446,4.280,4.500,121770000,261820000,0
2024-02-06,4.410,4.640,4.366,4.642,75160000,166330000,0
2024-02-07,4.638,4.680,4.608,4.704,57910000,131690000,0
2024-02-08,4.712,4.732,4.696,4.752,51040000,117480000,0
2024-02-19,4.784,4.760,4.722,4.870,55370000,128180000,0
2024-02-20,4.744,4.764,4.718,4.784,43840000,101460000,0
2024-02-21,4.744,4.838,4.728,4.904,57800000,136450000,0
2024-02-22,4.832,4.866,4.816,4.868,39680000,93690000,0
2024-02-23,4.852,4.858,4.826,4.882,34610000,81880000,0
2024-02-26,4.850,4.842,4.834,4.888,39020000,92440000,0
2024-02-27,4.832,4.942,4.826,4.942,37950000,90340000,0
2024-02-28,4.940,4.850,4.848,4.990,56490000,136170000,0
2024-02-29,4.840,4.990,4.834,4.992,52550000,126280000,0
2024-03-01,4.980,5.032,4.952,5.052,90020000,220600000,0
2024-03-04,5.036,5.016,4.988,5.058,50050000,122540000,0
2024-03-05,4.990,5.032,4.970,5.038,47050000,115100000,0
2024-03-06,5.004,5.012,4.982,5.062,45300000,110960000,0
2024-03-07,4.992,4.956,4.950,5.036,41880000,102120000,0
2024-03-08,4.948,4.984,4.928,4.998,46330000,112310000,0
2024-03-11,4.988,5.116,4.978,5.116,61320000,151500000,0
2024-03-12,5.124,5.152,5.098,5.174,149310000,375750000,0
2024-03-13,5.148,5.128,5.118,5.168,78370000,196830000,0
2024-03-14,5.118,5.118,5.078,5.172,55170000,138050000,0
2024-03-15,5.100,5.106,5.036,5.112,49040000,121400000,0
2024-03-18,5.122,5.172,5.122,5.176,38590000,97050000,0
2024-03-19,5.170,5.146,5.144,5.196,41070000,103750000,0
2024-03-20,5.146,5.148,5.128,5.166,51170000,128680000,0
2024-03-21,5.148,5.136,5.126,5.178,32360000,81420000,0
2024-03-22,5.126,5.084,5.052,5.134,46280000,114890000,0
2024-03-25,5.062,5.030,5.030,5.108,35010000,86600000,0
2024-03-26,5.032,5.068,5.030,5.082,36610000,90350000,0
2024-03-27,5.060,4.974,4.972,5.064,58090000,142070000,0
2024-03-28,4.974,5.018,4.960,5.068,62350000,152830000,0
2024-03-29,5.008,5.024,4.984,5.034,38400000,93900000,0
2024-04-01,5.042,5.158,5.042,5.164,55280000,138770000,0
2024-04-02,5.158,5.124,5.108,5.158,39170000,98120000,0
2024-04-03,5.124,5.106,5.086,5.124,33470000,83390000,0
2024-04-08,5.084,5.030,5.028,5.094,43430000,107310000,0
2024-04-09,5.024,5.040,5.004,5.056,46570000,114290000,0
2024-04-10,5.044,4.964,4.942,5.044,38990000,94750000,0
2024-04-11,4.948,4.960,4.932,4.992,34070000,82490000,0
2024-04-12,4.950,4.906,4.896,4.978,30800000,74140000,0
2024-04-15,4.914,5.016,4.912,5.036,49270000,120000000,0
2024-04-16,5.008,4.956,4.950,5.010,39080000,94960000,0
2024-04-17,4.958,5.034,4.952,5.036,31270000,76180000,0
2024-04-18,5.020,5.030,4.992,5.080,29310000,72170000,0
2024-04-19,5.016,4.966,4.932,5.016,30290000,73440000,0
2024-04-22,4.966,4.964,4.954,5.004,32500000,78900000,0
2024-04-23,4.966,4.936,4.920,4.984,46830000,112850000,0
2024-04-24,4.940,4.954,4.910,4.956,50440000,121340000,0
2024-04-25,4.920,4.958,4.916,4.988,25510000,61680000,0
2024-04-26,4.948,5.064,4.948,5.068,65780000,161610000,0
2024-04-29,5.070,5.172,5.064,5.216,46740000,117490000,0
2024-04-30,5.180,5.130,5.128,5.180,33420000,84090000,0
2024-05-06,5.206,5.238,5.206,5.256,56040000,143230000,0
2024-05-07,5.234,5.230,5.214,5.244,44100000,112690000,0
2024-05-08,5.214,5.166,5.162,5.220,38430000,97340000,0
2024-05-09,5.158,5.238,5.158,5.248,41960000,107080000,0
2024-05-10,5.230,5.218,5.182,5.248,48290000,122780000,0
2024-05-13,5.198,5.194,5.132,5.216,42280000,107080000,0
2024-05-14,5.190,5.180,5.166,5.226,26710000,67700000,0
2024-05-15,5.176,5.156,5.150,5.196,90970000,229480000,0
2024-05-16,5.164,5.180,5.144,5.214,57090000,144550000,0
2024-05-17,5.174,5.230,5.150,5.232,37410000,94730000,0
2024-05-20,5.236,5.236,5.214,5.264,35570000,91100000,0
2024-05-21,5.214,5.204,5.192,5.232,29730000,75720000,0
2024-05-22,5.204,5.226,5.192,5.238,47190000,120160000,0
2024-05-23,5.216,5.168,5.158,5.226,36020000,91160000,0
2024-05-24,5.164,5.108,5.102,5.182,33970000,85190000,0
2024-05-27,5.120,5.142,5.084,5.142,24130000,60230000,0
2024-05-28,5.140,5.068,5.066,5.140,27500000,68340000,0
2024-05-29,5.066,5.076,5.066,5.110,26160000,65000000,0
2024-05-30,5.068,5.072,5.060,5.098,21280000,52710000,0
2024-05-31,5.080,5.058,5.050,5.106,34210000,84780000,0
2024-06-03,5.058,5.074,5.024,5.094,43160000,106740000,0
2024-06-04,5.058,5.126,5.058,5.144,40100000,100010000,0
2024-06-05,5.120,5.108,5.100,5.156,43360000,108720000,0
2024-06-06,5.110,5.100,5.086,5.146,26360000,65890000,0
2024-06-07,5.100,5.036,4.994,5.110,41240000,101480000,0
2024-06-11,5.012,5.020,4.978,5.028,38540000,94080000,0
2024-06-12,5.002,5.012,5.002,5.036,27270000,66800000,0
2024-06-13,5.022,4.990,4.980,5.040,31550000,77070000,0
2024-06-14,4.990,5.018,4.954,5.034,32670000,79620000,0
2024-06-17,5.000,5.034,4.994,5.050,29240000,71790000,0
2024-06-18,5.026,5.054,5.026,5.064,34480000,84940000,0
2024-06-19,5.054,5.008,5.008,5.070,21840000,53540000,0
2024-06-20,5.008,4.954,4.946,5.016,31640000,76770000,0
2024-06-21,4.954,4.948,4.902,4.956,67090000,161380000,0
2024-06-24,4.916,4.902,4.898,4.948,49430000,118620000,0
2024-06-25,4.906,4.866,4.842,4.912,50770000,121020000,0
2024-06-26,4.862,4.920,4.852,4.934,57640000,137470000,0
2024-06-27,4.906,4.874,4.866,4.914,40700000,96950000,0
2024-06-28,4.862,4.856,4.844,4.912,39100000,93060000,0
2024-07-01,4.852,4.858,4.798,4.870,28560000,67380000,0
2024-07-02,4.840,4.814,4.808,4.862,23900000,56350000,0
2024-07-03,4.814,4.804,4.786,4.836,27600000,64610000,0
2024-07-04,4.814,4.780,4.780,4.846,31330000,73400000,0
2024-07-05,4.776,4.774,4.712,4.790,46190000,106940000,0
2024-07-08,4.754,4.720,4.706,4.762,33410000,77100000,0
2024-07-09,4.720,4.774,4.692,4.792,45220000,104420000,0
2024-07-10,4.762,4.776,4.762,4.810,56490000,131790000,0
2024-07-11,4.826,4.860,4.800,4.882,48260000,114100000,0
2024-07-12,4.850,4.870,4.836,4.880,35300000,83590000,0
2024-07-15,4.848,4.848,4.838,4.866,31010000,73330000,0
2024-07-16,4.834,4.896,4.832,4.898,44110000,104820000,0
2024-07-17,4.892,4.892,4.864,4.914,41700000,99440000,0
2024-07-18,4.860,4.928,4.856,4.930,45160000,107860000,0
2024-07-19,4.912,4.958,4.902,4.966,41400000,99770000,0
2024-07-22,4.968,4.930,4.910,4.974,46730000,112720000,0
2024-07-23,4.930,4.796,4.790,4.934,62510000,147860000,0
2024-07-24,4.796,4.724,4.706,4.808,55370000,128110000,0
2024-07-25,4.698,4.720,4.696,4.740,47040000,108110000,0
2024-07-26,4.736,4.780,4.736,4.796,42920000,99800000,0
2024-07-29,4.788,4.728,4.722,4.788,29600000,68340000,0
2024-07-30,4.716,4.686,4.664,4.718,39390000,89790000,0
2024-07-31,4.678,4.824,4.672,4.826,79320000,184770000,0
2024-08-01,4.836,4.778,4.764,4.838,43270000,101090000,0
2024-08-02,4.748,4.712,4.700,4.776,52720000,121610000,0
2024-08-05,4.682,4.642,4.640,4.762,72160000,165140000,0
2024-08-06,4.670,4.662,4.626,4.712,49420000,112240000,0
2024-08-07,4.656,4.648,4.632,4.678,35030000,79480000,0
2024-08-08,4.644,4.652,4.608,4.688,36540000,82660000,0
2024-08-09,4.666,4.628,4.622,4.698,78240000,177280000,0
2024-08-12,4.618,4.618,4.602,4.640,76270000,171550000,0
2024-08-13,4.612,4.628,4.592,4.638,33530000,75280000,0
2024-08-14,4.624,4.576,4.576,4.626,26970000,60350000,0
2024-08-15,4.572,4.616,4.568,4.648,43470000,97680000,0
2024-08-16,4.614,4.608,4.598,4.636,40040000,90030000,0
2024-08-19,4.606,4.610,4.606,4.658,29670000,66880000,0
2024-08-20,4.620,4.572,4.558,4.626,47770000,106430000,0
2024-08-21,4.562,4.560,4.544,4.596,38530000,85770000,0
2024-08-22,4.550,4.534,4.522,4.572,40160000,88720000,0
2024-08-23,4.522,4.552,4.520,4.568,39000000,86360000,0
2024-08-26,4.552,4.560,4.538,4.572,31720000,70350000,0
2024-08-27,4.550,4.514,4.502,4.550,41250000,90740000,0
2024-08-28,4.512,4.490,4.466,4.514,52340000,114190000,0
2024-08-29,4.460,4.518,4.460,4.540,73100000,160270000,0
2024-08-30,4.514,4.640,4.514,4.690,115940000,260750000,0
2024-09-02,4.634,4.540,4.536,4.634,45490000,101470000,0
2024-09-03,4.534,4.592,4.534,4.608,47640000,106210000,0
2024-09-04,4.578,4.572,4.556,4.610,36630000,81720000,0
2024-09-05,4.570,4.574,4.566,4.602,48020000,107050000,0
2024-09-06,4.578,4.516,4.510,4.584,35200000,77840000,0
2024-09-09,4.508,4.470,4.452,4.518,49130000,107140000,0
2024-09-10,4.478,4.476,4.440,4.502,37190000,80810000,0
2024-09-11,4.472,4.492,4.456,4.520,41960000,91840000,0
2024-09-12,4.512,4.468,4.468,4.532,47870000,104960000,0
2024-09-13,4.474,4.446,4.444,4.494,39920000,86780000,0
2024-09-18,4.460,4.456,4.414,4.468,39600000,85500000,0
2024-09-19,4.464,4.496,4.426,4.536,72020000,157110000,0
2024-09-20,4.478,4.508,4.460,4.512,43930000,95800000,0
2024-09-23,4.496,4.510,4.490,4.548,58160000,128110000,0
2024-09-24,4.540,4.704,4.508,4.710,125520000,280800000,0
2024-09-25,4.764,4.772,4.760,4.874,109720000,257520000,0
2024-09-26,4.768,5.004,4.752,5.004,110900000,262370000,0
2024-09-27,5.084,5.356,5.084,5.418,319250000,822120000,0
2024-09-30,5.586,5.880,5.494,5.880,205000000,567070000,0
2024-10-08,6.456,6.456,6.006,6.456,183470000,572000000,0
2024-10-09,6.420,5.864,5.822,6.420,219710000,650350000,0
2024-10-10,5.864,5.822,5.726,6.008,156410000,450410000,0
2024-10-11,5.802,5.618,5.538,5.802,165850000,458960000,0
2024-10-14,5.636,5.732,5.564,5.750,131430000,364960000,0
2024-10-15,5.720,5.570,5.564,5.748,91110000,252460000,0
2024-10-16,5.484,5.484,5.448,5.564,116130000,311950000,0
2024-10-17,5.500,5.422,5.420,5.560,83520000,224100000,0
2024-10-18,5.420,5.688,5.410,5.872,165270000,453850000,0
2024-10-21,5.732,5.722,5.654,5.804,114080000,319820000,0
2024-10-22,5.718,5.778,5.686,5.790,70650000,198750000,0
2024-10-23,5.760,5.772,5.732,5.860,93740000,265980000,0
2024-10-24,5.746,5.698,5.686,5.766,95870000,268710000,0
2024-10-25,5.702,5.794,5.702,5.866,89910000,254270000,0
2024-10-28,5.794,5.802,5.720,5.802,185800000,525270000,0
2024-10-29,5.810,5.716,5.712,5.826,71990000,203220000,0
2024-10-30,5.700,5.676,5.626,5.720,60170000,167280000,0
2024-10-31,5.664,5.688,5.620,5.750,76650000,213490000,0
2024-11-01,5.656,5.644,5.630,5.722,64020000,177930000,0
2024-11-04,5.644,5.766,5.642,5.766,78940000,220750000,0
2024-11-05,5.764,5.938,5.714,5.942,136880000,391550000,0
2024-11-06,5.940,5.866,5.838,6.014,123350000,357920000,0
2024-11-07,5.824,6.060,5.816,6.060,93670000,271980000,0
2024-11-08,6.168,5.990,5.968,6.172,94880000,281400000,0
2024-11-11,5.912,6.106,5.910,6.106,103260000,303310000,0
2024-11-12,6.104,6.084,6.030,6.218,109660000,329530000,0
2024-11-13,6.050,6.130,6.000,6.132,53320000,158310000,0
2024-11-14,6.120,5.964,5.956,6.120,79090000,234390000,0
2024-11-15,5.928,5.818,5.816,5.978,78480000,227220000,0
2024-11-18,5.820,5.740,5.696,5.870,98350000,278420000,0
2024-11-19,5.760,5.816,5.656,5.822,76990000,216420000,0
2024-11-20,5.798,5.832,5.780,5.856,73920000,210380000,0
2024-11-21,5.820,5.826,5.794,5.848,35710000,101760000,0
2024-11-22,5.808,5.636,5.632,5.836,63570000,178750000,0
2024-11-25,5.636,5.624,5.560,5.680,63270000,174230000,0
2024-11-26,5.618,5.592,5.582,5.660,47070000,129350000,0
2024-11-27,5.580,5.710,5.540,5.710,105250000,289980000,0
2024-11-28,5.716,5.624,5.618,5.716,63270000,175020000,0
2024-11-29,5.616,5.720,5.612,5.792,89280000,249780000,0
2024-12-02,5.718,5.780,5.694,5.796,49800000,140340000,0
2024-12-03,5.780,5.754,5.710,5.780,49550000,139410000,0
2024-12-04,5.734,5.694,5.678,5.756,33760000,94490000,0
2024-12-05,5.694,5.690,5.670,5.718,47190000,131500000,0
2024-12-06,5.700,5.786,5.696,5.828,107070000,302900000,0
2024-12-09,5.786,5.766,5.730,5.808,52930000,149420000,0
2024-12-10,5.990,5.818,5.804,6.000,88000000,254460000,0
2024-12-11,5.818,5.808,5.790,5.840,51820000,147600000,0
2024-12-12,5.810,5.878,5.798,5.884,51300000,146790000,0
2024-12-13,5.840,5.728,5.720,5.840,64040000,180990000,0
2024-12-16,5.730,5.664,5.644,5.732,54140000,150490000,0
2024-12-17,5.650,5.692,5.650,5.756,63450000,177360000,0
2024-12-18,5.696,5.698,5.690,5.728,35370000,98800000,0
2024-12-19,5.680,5.730,5.636,5.748,57560000,160840000,0
2024-12-20,5.732,5.712,5.698,5.756,41420000,116010000,0
2024-12-23,5.712,5.692,5.682,5.748,42870000,119990000,0
2024-12-24,5.678,5.768,5.678,5.768,70450000,197650000,0
2024-12-25,5.768,5.744,5.724,5.782,34750000,97810000,0
2024-12-26,5.738,5.762,5.722,5.774,40330000,113700000,0
2024-12-27,5.770,5.748,5.728,5.800,48550000,136810000,0
2024-12-30,5.740,5.770,5.740,5.788,30730000,86770000,0
2024-12-31,5.776,5.660,5.660,5.776,68010000,189990000,0
2025-01-02,5.656,5.496,5.456,5.658,63790000,173630000,0
2025-01-03,5.496,5.426,5.418,5.524,83770000,224100000,0
2025-01-06,5.424,5.418,5.388,5.456,64860000,171960000,0
2025-01-07,5.410,5.460,5.370,5.462,54470000,144460000,0
2025-01-08,5.432,5.426,5.336,5.464,62940000,166060000,0
2025-01-09,5.400,5.442,5.400,5.462,42860000,114000000,0
2025-01-10,5.424,5.358,5.358,5.442,42890000,113190000,0
2025-01-13,5.340,5.338,5.314,5.378,45350000,118370000,0
2025-01-14,5.348,5.524,5.330,5.532,85610000,228010000,0
2025-01-15,5.506,5.462,5.448,5.506,54790000,146690000,0
2025-01-16,5.476,5.480,5.428,5.552,57130000,153320000,0
2025-01-17,5.466,5.508,5.454,5.544,43800000,117840000,0
2025-01-20,5.538,5.568,5.538,5.610,43510000,118920000,0
2025-01-21,5.600,5.594,5.554,5.618,35360000,96710000,0
2025-01-22,5.580,5.546,5.516,5.586,44080000,119540000,0
2025-01-23,5.584,5.540,5.538,5.644,104470000,285460000,0
2025-01-24,5.534,5.590,5.500,5.612,48330000,131840000,0
2025-01-27,5.598,5.524,5.524,5.604,41180000,112010000,0
2025-02-05,5.554,5.494,5.476,5.560,42700000,114990000,0
2025-02-06,5.488,5.602,5.480,5.602,37570000,102020000,0
2025-02-07,5.598,5.704,5.594,5.744,66940000,185880000,0
2025-02-10,5.714,5.698,5.660,5.718,43810000,121880000,0
2025-02-11,5.700,5.656,5.642,5.710,32330000,89610000,0
2025-02-12,5.652,5.730,5.622,5.732,46920000,130230000,0
2025-02-13,5.724,5.692,5.690,5.746,44530000,124630000,0
2025-02-14,5.690,5.756,5.682,5.766,39340000,110450000,0
2025-02-17,5.778,5.782,5.744,5.796,55650000,157360000,0
2025-02-18,5.782,5.712,5.700,5.812,48950000,138090000,0
2025-02-19,5.708,5.770,5.700,5.774,81320000,228170000,0
2025-02-20,5.758,5.766,5.738,5.784,35050000,98840000,0
2025-02-21,5.770,5.860,5.766,5.866,52490000,149860000,0
2025-02-24,5.860,5.840,5.806,5.892,45520000,130380000,0
2025-02-25,5.784,5.774,5.754,5.826,44760000,126870000,0
2025-02-26,5.774,5.814,5.758,5.818,54310000,153980000,0
2025-02-27,5.816,5.822,5.760,5.854,54470000,154970000,0
2025-02-28,5.800,5.670,5.654,5.814,61640000,172740000,0
2025-03-03,5.672,5.690,5.652,5.754,49530000,138200000,0
2025-03-04,5.656,5.670,5.618,5.682,34500000,95410000,0
2025-03-05,5.664,5.676,5.648,5.684,32400000,89910000,0
2025-03-06,5.694,5.766,5.694,5.780,44950000,126380000,0
2025-03-07,5.770,5.732,5.712,5.770,34690000,97420000,0
2025-03-10,5.730,5.712,5.668,5.746,29310000,81820000,0
2025-03-11,5.660,5.710,5.648,5.710,36650000,101840000,0
2025-03-12,5.720,5.704,5.684,5.744,26740000,74830000,0
2025-03-13,5.694,5.660,5.640,5.718,31350000,87050000,0
2025-03-14,5.660,5.802,5.660,5.820,65290000,184280000,0
2025-03-17,5.824,5.776,5.768,5.836,35690000,101170000,0
2025-03-18,5.798,5.810,5.778,5.826,37830000,107510000,0
2025-03-19,5.810,5.818,5.778,5.838,37000000,105200000,0
2025-03-20,5.818,5.760,5.752,5.818,77960000,221140000,0
2025-03-21,5.752,5.658,5.644,5.774,34090000,95060000,0
2025-03-24,5.654,5.682,5.636,5.696,30010000,83240000,0
2025-03-25,5.682,5.682,5.660,5.706,26890000,74730000,0
2025-03-26,5.680,5.666,5.666,5.702,40490000,112570000,0
2025-03-27,5.662,5.694,5.636,5.728,38720000,107690000,0
2025-03-28,5.686,5.664,5.652,5.694,37660000,104640000,0
2025-03-31,5.652,5.616,5.594,5.684,31550000,86920000,0
2025-04-01,5.630,5.610,5.600,5.648,31370000,86240000,0
2025-04-02,5.620,5.608,5.594,5.634,18190000,49960000,0
2025-04-03,5.572,5.526,5.512,5.580,37560000,101830000,0
2025-04-07,5.284,5.046,4.986,5.284,87730000,219280000,0
2025-04-08,5.072,5.094,5.028,5.116,58770000,145220000,0
2025-04-09,5.020,5.126,4.976,5.154,53340000,132580000,0
2025-04-10,5.222,5.232,5.212,5.296,41690000,106870000,0
2025-04-11,5.200,5.276,5.182,5.306,33160000,84960000,0
2025-04-14,5.312,5.280,5.270,5.338,23090000,59800000,0
2025-04-15,5.280,5.278,5.248,5.282,17480000,44970000,0
2025-04-16,5.266,5.250,5.180,5.266,33060000,84260000,0
2025-04-17,5.220,5.246,5.212,5.266,18800000,48190000,0
2025-04-18,5.246,5.256,5.222,5.260,22120000,56590000,0
2025-04-21,5.252,5.294,5.230,5.306,20930000,54010000,0
2025-04-22,5.280,5.302,5.278,5.318,45270000,117360000,0
2025-04-23,5.332,5.330,5.312,5.368,32630000,85110000,0
2025-04-24,5.322,5.312,5.298,5.362,14840000,38660000,0
2025-04-25,5.316,5.336,5.316,5.360,42690000,111320000,0
2025-04-28,5.340,5.308,5.302,5.342,17550000,45610000,0
2025-04-29,5.302,5.288,5.276,5.310,12880000,33330000,0
2025-04-30,5.290,5.300,5.288,5.324,15470000,40140000,0
2025-05-06,5.326,5.380,5.326,5.380,20030000,52450000,0
2025-05-07,5.446,5.398,5.372,5.476,31390000,83130000,0
2025-05-08,5.390,5.456,5.380,5.470,26300000,69960000,0
2025-05-09,5.448,5.428,5.406,5.448,18810000,49920000,0
2025-05-12,5.472,5.522,5.462,5.522,30180000,81040000,0
2025-05-13,5.592,5.520,5.512,5.592,23960000,64830000,0
2025-05-14,5.510,5.570,5.500,5.608,33190000,90080000,0
2025-05-15,5.570,5.496,5.496,5.570,20950000,56570000,0
2025-05-16,5.484,5.484,5.472,5.506,23880000,64170000,0
2025-05-19,5.490,5.480,5.444,5.490,16250000,43420000,0
2025-05-20,5.480,5.530,5.472,5.544,20850000,56210000,0
2025-05-21,5.528,5.562,5.528,5.584,29540000,80360000,0
2025-05-22,5.552,5.542,5.534,5.560,20700000,56170000,0
2025-05-23,5.528,5.498,5.498,5.580,25440000,69020000,0
2025-05-26,5.496,5.442,5.430,5.498,32860000,87580000,0
2025-05-27,5.432,5.414,5.398,5.446,28990000,76790000,0
2025-05-28,5.418,5.404,5.396,5.434,34190000,90540000,0
2025-05-29,5.406,5.454,5.400,5.462,22440000,59630000,0
2025-05-30,5.436,5.414,5.388,5.436,35020000,92620000,0
2025-06-03,5.402,5.408,5.390,5.424,12120000,32050000,0
2025-06-04,5.412,5.446,5.412,5.460,24690000,65740000,0
2025-06-05,5.448,5.472,5.432,5.486,20200000,53890000,0
2025-06-06,5.480,5.466,5.456,5.486,22620000,60440000,0
2025-06-09,5.474,5.486,5.464,5.510,34520000,92670000,0
2025-06-10,5.492,5.440,5.414,5.494,32560000,86760000,0
2025-06-11,5.448,5.498,5.448,5.526,29820000,80170000,0
2025-06-12,5.490,5.494,5.470,5.516,33550000,90060000,0
2025-06-13,5.466,5.448,5.428,5.486,26470000,70630000,0
2025-06-16,5.442,5.454,5.432,5.462,20160000,53700000,0
2025-06-17,5.456,5.448,5.438,5.472,24390000,65010000,0
2025-06-18,5.446,5.468,5.438,5.476,22210000,59280000,0
2025-06-19,5.454,5.410,5.402,5.466,20460000,54360000,0
2025-06-20,5.410,5.406,5.400,5.430,18200000,48150000,0
2025-06-23,5.380,5.408,5.374,5.416,21930000,57800000,0
2025-06-24,5.418,5.480,5.418,5.490,43820000,117210000,0
2025-06-25,5.482,5.584,5.482,5.594,58780000,159160000,0
2025-06-26,5.584,5.546,5.546,5.600,42590000,116040000,0
2025-06-27,5.562,5.546,5.542,5.594,46730000,127200000,0
2025-06-30,5.562,5.588,5.548,5.588,39200000,106830000,0
2025-07-01,5.592,5.582,5.552,5.592,26200000,71430000,0
2025-07-02,5.578,5.564,5.548,5.580,19840000,54010000,0
2025-07-03,5.568,5.650,5.568,5.658,42920000,117860000,0
2025-07-04,5.642,5.654,5.630,5.700,33170000,91750000,0
2025-07-07,5.644,5.596,5.590,5.646,63220000,173230000,0
2025-07-08,5.594,5.672,5.590,5.676,28230000,78030000,0
2025-07-09,5.660,5.674,5.660,5.716,33470000,93220000,0
2025-07-10,5.678,5.702,5.664,5.726,27560000,76840000,0
2025-07-11,5.708,5.736,5.698,5.776,34410000,96780000,0
2025-07-14,5.732,5.728,5.716,5.742,21440000,60130000,0
2025-07-15,5.730,5.772,5.724,5.798,32840000,92750000,0
2025-07-16,5.780,5.752,5.746,5.806,28230000,79870000,0
2025-07-17,5.752,5.832,5.750,5.834,42010000,119390000,0
2025-07-18,5.842,5.870,5.838,5.886,28480000,81830000,0
2025-07-21,5.866,5.916,5.866,5.916,30500000,88030000,0
2025-07-22,5.918,5.972,5.890,5.976,57750000,168140000,0
2025-07-23,5.976,5.962,5.956,6.014,43270000,126890000,0
2025-07-24,5.958,6.012,5.958,6.014,38330000,112480000,0
2025-07-25,6.008,5.984,5.974,6.018,30650000,90020000,0
2025-07-28,5.980,6.010,5.956,6.012,45950000,134990000,0
2025-07-29,5.998,6.056,5.972,6.056,58360000,172030000,0
2025-07-30,6.042,6.006,5.976,6.076,42370000,125280000,0
2025-07-31,6.006,5.888,5.868,6.018,70950000,206700000,0
2025-08-01,5.878,5.874,5.836,5.914,47710000,137450000,0
2025-08-04,5.842,5.892,5.832,5.892,36640000,105050000,0
2025-08-05,5.900,5.920,5.874,5.920,24460000,70640000,0
2025-08-06,5.912,5.934,5.902,5.938,17890000,51910000,0
2025-08-07,5.938,5.920,5.890,5.970,28920000,83910000,0
2025-08-08,5.910,5.906,5.896,5.942,16550000,47990000,0
2025-08-11,5.910,5.988,5.910,6.004,53530000,156680000,0
2025-08-12,6.000,6.030,5.970,6.036,34190000,100720000,0
2025-08-13,6.046,6.146,6.042,6.152,73090000,218840000,0
2025-08-14,6.152,6.104,6.092,6.190,49260000,148330000,0
2025-08-15,6.086,6.190,6.084,6.200,34500000,104020000,0
2025-08-18,6.194,6.296,6.182,6.354,59450000,182900000,0
2025-08-19,6.290,6.282,6.268,6.336,57280000,176850000,0
2025-08-20,6.256,6.362,6.202,6.362,57990000,178740000,0
2025-08-21,6.360,6.368,6.340,6.414,60780000,190270000,0
2025-08-22,6.352,6.536,6.352,6.536,69110000,218410000,0
2025-08-25,6.576,6.674,6.560,6.700,108320000,351890000,0
2025-08-26,6.634,6.668,6.612,6.724,67210000,220070000,0
2025-08-27,6.666,6.590,6.590,6.786,107900000,355500000,0
2025-08-28,6.550,6.758,6.546,6.758,91550000,298040000,0
2025-08-29,6.752,6.850,6.696,6.894,112840000,375890000,0
2025-09-01,6.854,6.912,6.816,6.918,66580000,224280000,0
2025-09-02,6.896,6.778,6.724,6.940,66950000,224620000,0
2025-09-03,6.778,6.740,6.706,6.844,93860000,312250000,0
2025-09-04,6.780,6.572,6.512,6.840,90280000,295250000,0
2025-09-05,6.554,6.840,6.554,6.842,77640000,255940000,0
2025-09-08,6.846,6.844,6.764,6.876,77850000,260620000,0
2025-09-09,6.794,6.748,6.706,6.838,66650000,221710000,0
2025-09-10,6.740,6.768,6.704,6.810,67220000,223320000,0
2025-09-11,6.760,7.022,6.754,7.022,110850000,376180000,0
2025-09-12,7.020,6.944,6.934,7.026,72690000,249330000,0
2025-09-15,6.952,7.020,6.952,7.078,84970000,293600000,0
2025-09-16,7.056,7.020,6.928,7.056,62890000,216430000,0
2025-09-17,7.000,7.114,6.990,7.116,74800000,259640000,0
2025-09-18,7.112,7.044,6.954,7.160,114960000,400080000,0
2025-09-19,7.036,7.070,7.022,7.118,80690000,280380000,0
2025-09-22,7.090,7.108,7.022,7.122,73300000,254980000,0
2025-09-23,7.144,7.108,6.982,7.204,115520000,402520000,0
2025-09-24,7.042,7.230,7.042,7.230,118570000,416500000,0
2025-09-25,7.220,7.310,7.186,7.352,78220000,280010000,0
2025-09-26,7.264,7.178,7.178,7.314,55790000,199170000,0
2025-09-29,7.150,7.336,7.150,7.370,71540000,256400000,0
2025-09-30,7.342,7.350,7.296,7.376,62290000,224710000,0
2025-10-09,7.350,7.440,7.350,7.508,75630000,276360000,0
2025-10-10,7.404,7.214,7.182,7.404,57180000,205090000,0
2025-10-13,6.934,7.124,6.932,7.136,92510000,321760000,0
2025-10-14,7.188,6.946,6.934,7.226,123410000,429530000,0
2025-10-15,6.940,7.092,6.926,7.100,78320000,269800000,0
2025-10-16,7.060,7.110,7.046,7.172,48410000,169000000,0
2025-10-17,7.080,6.906,6.892,7.104,61880000,211730000,0
2025-10-20,6.992,6.970,6.930,7.054,81000000,278600000,0
2025-10-21,7.010,7.144,6.982,7.154,76870000,268520000,0
2025-10-22,7.108,7.106,7.062,7.144,48130000,168030000,0
2025-10-23,7.080,7.116,6.992,7.118,35560000,123280000,0
2025-10-24,7.150,7.258,7.144,7.260,49500000,175240000,0
2025-10-27,7.350,7.354,7.282,7.368,45830000,165380000,0
2025-10-28,7.320,7.330,7.308,7.420,56820000,205380000,0
2025-10-29,7.356,7.474,7.356,7.474,46040000,167900000,0
2025-10-30,7.472,7.370,7.362,7.480,38490000,140540000,0
2025-10-31,7.372,7.252,7.246,7.398,34970000,125630000,0
2025-11-03,7.236,7.262,7.132,7.276,32730000,115870000,0
2025-11-04,7.236,7.158,7.106,7.272,56120000,198100000,0
2025-11-05,7.040,7.172,7.030,7.206,46700000,163670000,0
2025-11-06,7.194,7.300,7.194,7.320,37160000,132920000,0
2025-11-07,7.284,7.254,7.220,7.308,38640000,138090000,0
2025-11-10,7.260,7.270,7.182,7.300,60070000,213520000,0
2025-11-11,7.290,7.170,7.170,7.306,60990000,216390000,0
2025-11-12,7.152,7.176,7.112,7.198,42510000,149470000,0
2025-11-13,7.134,7.288,7.134,7.288,77250000,274250000,0
2025-11-14,7.242,7.142,7.138,7.242,85480000,302630000,0
2025-11-17,7.144,7.090,7.060,7.146,70890000,241110000,0
2025-11-18,7.068,7.050,7.020,7.120,71430000,242050000,0
2025-11-19,7.046,7.058,7.044,7.120,90090000,305450000,0
2025-11-20,7.130,7.016,7.010,7.150,66240000,224750000,0
2025-11-21,6.952,6.834,6.828,6.970,119820000,395190000,0
2025-11-24,6.868,6.828,6.768,6.874,84540000,276670000,0
2025-11-25,6.884,6.916,6.884,6.986,77990000,258800000,0
2025-11-26,6.922,7.030,6.910,7.080,120160000,404000000,0
2025-11-27,7.032,7.006,6.992,7.122,73280000,248140000,0
2025-11-28,7.004,7.030,6.968,7.056,77130000,259400000,0
2025-12-01,7.050,7.126,7.024,7.128,59060000,200660000,0
2025-12-02,7.132,7.092,7.066,7.140,56320000,191730000,0
2025-12-03,7.116,7.052,7.032,7.140,78710000,267230000,0
2025-12-04,7.050,7.088,7.008,7.102,92470000,312990000,0
2025-12-05,7.090,7.154,7.060,7.170,101090000,344440000,0
2025-12-08,7.182,7.244,7.164,7.286,96850000,336090000,0
2025-12-09,7.230,7.224,7.194,7.294,77680000,270100000,0
2025-12-10,7.202,7.240,7.124,7.252,70280000,241730000,0
2025-12-11,7.232,7.148,7.136,7.282,58320000,202340000,0
2025-12-12,7.148,7.188,7.102,7.208,48830000,167690000,0
2025-12-15,7.134,7.104,7.104,7.188,49410000,169590000,0
2025-12-16,7.098,7.024,6.992,7.122,71110000,239930000,0
2025-12-17,7.024,7.192,7.024,7.202,66110000,224960000,0
2025-12-18,7.130,7.072,7.070,7.146,62740000,213760000,0
2025-12-19,7.094,7.112,7.080,7.162,71830000,245540000,0
2025-12-22,7.146,7.202,7.146,7.214,79980000,276050000,0
2025-12-23,7.204,7.226,7.190,7.262,79490000,275470000,0
2025-12-24,7.220,7.246,7.182,7.250,97610000,338410000,0
2025-12-25,7.246,7.240,7.182,7.272,54620000,189430000,0
2025-12-26,7.226,7.260,7.224,7.304,66300000,231220000,0
2025-12-29,7.246,7.230,7.204,7.290,72150000,251010000,0
2025-12-30,7.192,7.260,7.188,7.280,74200000,258060000,0
2025-12-31,7.268,7.194,7.180,7.284,54820000,190210000,0
2026-01-05,7.216,7.320,7.206,7.326,83700000,292750000,0
2026-01-06,7.314,7.396,7.302,7.400,76300000,269810000,0
2026-01-07,7.398,7.374,7.320,7.418,63050000,223240000,0
2026-01-08,7.336,7.294,7.266,7.344,64340000,225760000,0
2026-01-09,7.270,7.348,7.250,7.354,66120000,232380000,0
2026-01-12,7.348,7.394,7.268,7.418,74360000,262210000,0
2026-01-13,7.394,7.314,7.290,7.474,84960000,301600000,0
2026-01-14,7.322,7.322,7.260,7.422,121540000,428800000,0
2026-01-15,7.286,7.376,7.280,7.380,82830000,291720000,0
2026-01-16,7.410,7.366,7.348,7.452,68930000,245120000,0
2026-01-19,7.356,7.352,7.330,7.420,72540000,256830000,0
2026-01-20,7.350,7.284,7.230,7.362,75760000,265330000,0
2026-01-21,7.260,7.296,7.252,7.360,74100000,260700000,0
2026-01-22,7.314,7.324,7.262,7.360,76110000,267120000,0
2026-01-23,7.326,7.294,7.272,7.336,69980000,245290000,0
2026-01-26,7.296,7.258,7.232,7.322,75070000,261960000,0
2026-01-27,7.262,7.258,7.176,7.304,72920000,253710000,0
2026-01-28,7.258,7.230,7.194,7.280,86750000,301410000,0
2026-01-29,7.216,7.242,7.196,7.278,47900000,166330000,0
2026-01-30,7.234,7.246,7.110,7.284,73370000,254600000,0
2026-02-02,7.228,7.120,7.104,7.310,57630000,199840000,0
2026-02-03,7.170,7.216,7.082,7.216,54120000,186110000,0
2026-02-04,7.182,7.230,7.130,7.250,48680000,167530000,0
2026-02-05,7.222,7.190,7.146,7.222,52120000,179500000,0
2026-02-06,7.150,7.144,7.076,7.216,69880000,239290000,0
2026-02-09,7.210,7.278,7.196,7.278,48560000,168910000,0
2026-02-10,7.276,7.282,7.256,7.298,42150000,147250000,0
2026-02-11,7.266,7.214,7.212,7.274,34930000,121340000,0
2026-02-12,7.216,7.254,7.216,7.266,38670000,134500000,0
2026-02-13,7.228,7.176,7.176,7.238,50960000,176390000,0
2026-02-24,7.238,7.288,7.238,7.320,46730000,163480000,0
2026-02-25,7.288,7.342,7.286,7.372,47020000,165500000,0
2026-02-26,7.336,7.348,7.304,7.362,44160000,155470000,0
2026-02-27,7.270,7.278,7.240,7.308,64310000,224310000,0
2026-03-02,7.226,7.276,7.188,7.296,80430000,279740000,0
2026-03-03,7.294,7.144,7.130,7.322,82070000,285260000,0
2026-03-04,7.094,7.060,7.024,7.136,74020000,251250000,0
2026-03-05,7.136,7.160,7.122,7.222,66020000,227270000,0
2026-03-06,7.126,7.214,7.098,7.224,40500000,139330000,0
2026-03-09,7.172,7.136,6.982,7.172,71220000,241180000,0
2026-03-10,7.204,7.290,7.200,7.294,70820000,246870000,0
2026-03-11,7.290,7.374,7.288,7.404,47760000,168570000,0
2026-03-12,7.376,7.324,7.268,7.380,51440000,180780000,0
2026-03-13,7.292,7.340,7.280,7.380,51550000,181970000,0
2026-03-16,7.336,7.372,7.256,7.386,47590000,167360000,0
2026-03-17,7.402,7.312,7.276,7.454,79300000,281290000,0
2026-03-18,7.306,7.346,7.228,7.356,71470000,249910000,0
2026-03-19,7.258,7.254,7.232,7.348,55560000,194570000,0
2026-03-20,7.286,7.298,7.286,7.418,56980000,201610000,0
2026-03-23,7.238,7.084,7.036,7.246,69410000,238240000,0
2026-03-24,7.146,7.130,6.976,7.154,67150000,227250000,0
2026-03-25,7.180,7.266,7.180,7.268,61800000,214570000,0
2026-03-26,7.236,7.168,7.150,7.294,45900000,159180000,0
2026-03-27,7.128,7.220,7.082,7.260,74620000,257660000,0
2026-03-30,7.160,7.178,7.102,7.194,44480000,152490000,0
2026-03-31,7.172,7.086,7.086,7.232,74990000,257260000,0
2026-04-01,7.170,7.182,7.120,7.196,41640000,143150000,0
2026-04-02,7.170,7.090,7.060,7.178,45210000,154400000,0
2026-04-03,7.100,7.036,7.034,7.134,46520000,157760000,0
2026-04-07,7.036,7.026,6.978,7.070,57400000,193260000,0
2026-04-08,7.136,7.334,7.136,7.334,42230000,147210000,0
2026-04-09,7.304,7.312,7.262,7.332,43110000,151120000,0
2026-04-10,7.332,7.522,7.332,7.554,69200000,248170000,0
2026-04-13,7.514,7.568,7.466,7.584,55470000,201390000,0
2026-04-14,7.634,7.676,7.582,7.678,86680000,318420000,0
2026-04-15,7.708,7.606,7.580,7.740,51950000,191260000,0
2026-04-16,7.616,7.770,7.616,7.778,91990000,342220000,0
2026-04-17,7.784,7.808,7.760,7.824,62100000,232920000,0
2026-04-20,7.798,7.836,7.764,7.858,79370000,299080000,0
2026-04-21,7.818,7.868,7.742,7.890,56870000,214010000,0
2026-04-22,7.836,7.992,7.834,7.996,68020000,260640000,0
2026-04-23,8.000,7.958,7.894,8.048,82730000,318170000,0
2026-04-24,7.894,7.884,7.804,7.936,45850000,173800000,0
2026-04-27,7.884,7.894,7.870,7.946,48600000,185200000,0
2026-04-28,7.872,7.820,7.794,7.876,76310000,287850000,0
2026-04-29,7.816,7.964,7.790,7.976,78510000,298370000,0
2026-04-30,7.954,7.948,7.924,8.016,87790000,337230000,0
2026-05-06,8.060,8.068,7.982,8.120,70030000,271940000,0
2026-05-07,8.074,8.144,8.028,8.152,112600000,439750000,0
2026-05-08,8.102,8.076,8.052,8.134,75940000,296660000,0
2026-05-11,8.106,8.254,8.104,8.280,119720000,473480000,0
2026-05-12,8.286,8.244,8.198,8.306,154220000,615180000,0
2026-05-13,8.204,8.398,8.190,8.398,189330000,755150000,0
2026-05-14,8.426,8.248,8.214,8.458,109270000,439110000,0
2026-05-15,8.262,8.182,8.106,8.314,196770000,779370000,0
2026-05-18,8.130,8.124,8.072,8.202,90400000,355430000,0
2026-05-19,8.074,8.112,7.954,8.130,159470000,617580000,0
2026-05-20,8.068,8.118,8.038,8.154,143360000,559410000,0
2026-05-21,8.158,8.008,7.988,8.322,191150000,755480000,0
2026-05-22,8.028,8.192,8.028,8.198,156410000,610600000,0
2026-05-25,8.220,8.340,8.170,8.344,168500000,670700000,0
2026-05-26,8.308,8.412,8.280,8.420,208390000,840620000,0
2026-05-27,8.410,8.362,8.328,8.514,245700000,1000530000,0
2026-05-28,8.352,8.464,8.230,8.476,146720000,588980000,0
2026-05-29,8.474,8.382,8.348,8.540,112400000,458660000,0
2026-06-01,8.392,8.242,8.222,8.438,99100000,397970000,0
2026-06-02,8.242,8.432,8.202,8.454,114310000,458650000,0
2026-06-03,8.454,8.506,8.406,8.650,98060000,405000000,0
2026-06-04,8.430,8.466,8.390,8.532,80570000,329680000,0
2026-06-05,8.446,8.254,8.210,8.506,110790000,449300000,0
2026-06-08,8.090,8.034,7.960,8.182,97950000,381850000,0
2026-06-09,8.090,8.250,8.036,8.256,94490000,369960000,0
2026-06-10,8.142,8.070,8.008,8.186,83470000,326240000,0
2026-06-11,8.018,7.988,7.892,8.144,77580000,299740000,0
2026-06-12,8.090,8.046,8.024,8.138,93880000,365820000,0
2026-06-15,8.126,8.300,8.046,8.300,98720000,388170000,0
2026-06-16,8.314,8.344,8.284,8.388,77060000,310000000,0
2026-06-17,8.290,8.456,8.282,8.456,80600000,326550000,0
2026-06-18,8.430,8.548,8.424,8.578,84650000,348270000,0
2026-06-22,8.578,8.704,8.482,8.716,97690000,405310000,0
2026-06-23,8.692,8.424,8.366,8.700,95490000,393960000,0
2026-06-24,8.412,8.472,8.310,8.492,122980000,499550000,0
2026-06-25,8.490,8.678,8.480,8.680,112670000,466840000,0
2026-06-26,8.630,8.344,8.312,8.630,110040000,448840000,0
2026-06-29,8.312,8.358,8.194,8.398,123960000,495770000,0
2026-06-30,8.348,8.594,8.336,8.604,124940000,513230000,0
2026-07-01,8.594,8.478,8.410,8.612,99210000,409280000,0
2026-07-02,8.406,8.134,8.130,8.424,116870000,465640000,0
2026-07-03,8.098,8.222,8.098,8.342,113610000,451130000,0
2026-07-06,8.252,8.144,8.072,8.290,109400000,432510000,0
2026-07-07,8.114,8.070,7.984,8.176,110420000,431130000,0
2026-07-08,8.084,7.970,7.960,8.148,114490000,444060000,0
2026-07-09,8.002,8.238,7.936,8.248,107020000,416010000,0
2026-07-10,8.240,7.972,7.970,8.294,127810000,506330000,0
2026-07-13,7.930,7.796,7.756,8.004,119070000,453720000,0
2026-07-14,7.796,8.056,7.764,8.056,145810000,553400000,0
2026-07-15,8.040,8.018,7.998,8.140,130520000,507420000,0
2026-07-16,7.908,7.890,7.846,8.042,116120000,445380000,0
2026-07-17,7.830,7.530,7.436,7.832,164520000,605430000,0
2026-07-20,7.596,7.570,7.426,7.706,138730000,505590000,0
2026-07-21,7.570,7.910,7.464,7.910,153480000,566590000,0
2026-07-22,7.820,7.782,7.724,7.926,117150000,443380000,0
2026-07-23,7.770,7.806,7.742,7.848,75490000,283570000,0
2026-07-24,7.724,7.638,7.638,7.780,107080000,398320000,0
2026-07-27,7.626,7.812,7.602,7.822,94680000,351560000,0
2026-07-28,7.718,7.450,7.414,7.718,148460000,539990000,0
2026-07-29,7.440,7.530,7.312,7.582,116390000,416210000,0
2026-07-30,7.452,7.338,7.176,7.492,148870000,526780000,0
2026-07-31,7.490,7.446,7.446,7.604,114410000,413950000,0
2026-08-03,7.400,7.370,7.348,7.446,96920000,344620000,0
2026-08-04,7.422,7.610,7.420,7.642,83050000,300920000,0
2026-08-05,7.474,7.688,7.466,7.750,105950000,387450000,0
2026-08-06,7.598,7.636,7.540,7.730,101960000,374050000,0
2026-08-07,7.630,7.714,7.630,7.778,100920000,374440000,0
2026-08-10,7.714,7.680,7.576,7.730,120830000,444010000,0
2026-08-11,7.640,7.674,7.632,7.756,105950000,392090000,0
2026-08-12,7.658,7.744,7.648,7.770,87170000,323920000,0
2026-08-13,7.782,7.698,7.696,7.834,88000000,330410000,0
2026-08-14,7.710,7.720,7.660,7.738,81780000,303260000,0
2026-08-17,7.734,7.904,7.698,7.904,73310000,274430000,0
2026-08-18,7.890,7.844,7.774,7.910,105610000,398540000,0
2026-08-19,7.774,7.516,7.482,7.774,132070000,483810000,0
2026-08-20,7.550,7.536,7.492,7.604,93620000,340460000,0
2026-08-21,7.518,7.628,7.518,7.662,95200000,348770000,0
2026-08-24,7.630,7.472,7.390,7.646,116840000,422100000,0
2026-08-25,7.394,7.438,7.380,7.498,92920000,332060000,0
2026-08-26,7.430,7.496,7.418,7.540,88140000,316860000,0
2026-08-27,7.518,7.552,7.466,7.552,61880000,223510000,0
2026-08-28,7.552,7.520,7.486,7.598,68780000,249330000,0
2026-08-31,7.448,7.496,7.378,7.500,71960000,256760000,0
2026-09-01,7.480,7.448,7.412,7.512,93520000,334920000,0
2026-09-02,7.396,7.300,7.270,7.396,85060000,298600000,0
2026-09-03,7.322,7.294,7.256,7.362,68130000,239200000,0
2026-09-04,7.326,7.270,7.234,7.380,74560000,262420000,0
2026-09-07,7.306,7.404,7.300,7.422,71560000,253210000,0
2026-09-08,7.390,7.342,7.328,7.428,80090000,284020000,0
2026-09-09,7.370,7.372,7.316,7.396,64220000,227210000,0
2026-09-10,7.322,7.314,7.294,7.368,76090000,267890000,0
2026-09-11,7.274,7.280,7.182,7.298,114940000,399230000,0
2026-09-14,7.220,7.206,7.170,7.272,67880000,235140000,0
2026-09-15,7.190,7.130,7.116,7.242,67900000,234080000,0
2026-09-16,7.130,7.186,7.058,7.206,74910000,256000000,0
2026-09-17,7.152,7.170,7.152,7.236,67500000,232960000,0
2026-09-18,7.222,7.286,7.190,7.314,99310000,345230000,0
2026-09-21,7.312,7.320,7.270,7.356,74200000,260570000,0
2026-09-22,7.354,7.330,7.302,7.430,76910000,272500000,0
2026-09-23,7.308,7.272,7.264,7.336,73270000,256500000,0
2026-09-24,7.248,7.120,7.112,7.250,103560000,356430000,0
2026-09-28,7.088,6.876,6.850,7.100,131790000,437810000,0
2026-09-29,6.844,6.890,6.844,6.906,80310000,264390000,0
2026-09-30,6.890,6.888,6.858,6.912,89040000,293800000,0
