date,open,high,low,close,volume,amount,turnover
2017-01-03,1.456,1.461,1.456,1.470,30000,40000,0
2017-01-04,1.469,1.483,1.456,1.483,80000,110000,0
2017-01-05,1.463,1.482,1.463,1.490,30000,40000,0
2017-01-06,1.476,1.494,1.476,1.496,60000,90000,0
2017-01-09,1.524,1.494,1.494,1.524,220000,330000,0
2017-01-10,1.511,1.500,1.494,1.511,30000,50000,0
2017-01-11,1.500,1.500,1.480,1.501,210000,310000,0
2017-01-12,1.501,1.500,1.480,1.505,20000,40000,0
2017-01-13,1.472,1.479,1.472,1.480,20000,30000,0
2017-01-16,1.479,1.440,1.440,1.490,120000,170000,0
2017-01-17,1.455,1.451,1.436,1.455,40000,60000,0
2017-01-18,1.451,1.464,1.450,1.480,50000,80000,0
2017-01-19,1.452,1.462,1.452,1.470,40000,70000,0
2017-01-20,1.478,1.466,1.461,1.478,40000,60000,0
2017-01-23,1.482,1.487,1.482,1.489,10000,10000,0
2017-01-24,1.494,1.477,1.473,1.494,80000,120000,0
2017-01-25,1.489,1.486,1.467,1.489,30000,40000,0
2017-01-26,1.486,1.495,1.475,1.495,40000,60000,0
2017-02-03,1.495,1.495,1.485,1.495,20000,30000,0
2017-02-06,1.511,1.501,1.482,1.540,40000,60000,0
2017-02-07,1.501,1.486,1.485,1.510,40000,60000,0
2017-02-08,1.500,1.488,1.481,1.500,30000,50000,0
2017-02-09,1.500,1.500,1.483,1.500,60000,80000,0
2017-02-10,1.500,1.502,1.491,1.502,40000,60000,0
2017-02-13,1.490,1.521,1.490,1.521,210000,310000,0
2017-02-14,1.522,1.506,1.506,1.523,50000,80000,0
2017-02-15,1.520,1.501,1.501,1.520,70000,100000,0
2017-02-16,1.501,1.493,1.490,1.515,40000,60000,0
2017-02-17,1.505,1.510,1.505,1.517,80000,120000,0
2017-02-20,1.492,1.530,1.490,1.542,250000,380000,0
2017-02-21,1.540,1.556,1.540,1.565,170000,260000,0
2017-02-22,1.563,1.572,1.558,1.580,140000,220000,0
2017-02-23,1.599,1.587,1.554,1.599,140000,210000,0
2017-02-24,1.580,1.570,1.559,1.580,210000,330000,0
2017-02-27,1.570,1.562,1.551,1.570,140000,220000,0
2017-02-28,1.562,1.560,1.555,1.571,300000,470000,0
2017-03-01,1.558,1.562,1.558,1.588,60000,90000,0
2017-03-02,1.562,1.554,1.550,1.562,30000,50000,0
2017-03-03,1.566,1.556,1.553,1.578,130000,210000,0
2017-03-06,1.565,1.561,1.543,1.565,90000,140000,0
2017-03-07,1.561,1.568,1.556,1.568,150000,230000,0
2017-03-08,1.570,1.559,1.549,1.570,150000,240000,0
2017-03-09,1.550,1.554,1.549,1.556,50000,80000,0
2017-03-10,1.561,1.560,1.554,1.570,40000,60000,0
2017-03-13,1.568,1.572,1.555,1.573,30000,50000,0
2017-03-14,1.574,1.563,1.563,1.574,70000,100000,0
2017-03-15,1.563,1.569,1.562,1.569,30000,50000,0
2017-03-16,1.569,1.576,1.569,1.580,80000,120000,0
2017-03-17,1.577,1.577,1.568,1.581,70000,120000,0
2017-03-20,1.577,1.578,1.568,1.579,70000,110000,0
2017-03-21,1.581,1.615,1.571,1.615,240000,390000,0
2017-03-22,1.618,1.615,1.596,1.618,160000,260000,0
2017-03-23,1.620,1.627,1.605,1.628,260000,420000,0
2017-03-24,1.631,1.635,1.623,1.636,80000,140000,0
2017-03-27,1.635,1.648,1.627,1.665,410000,670000,0
2017-03-28,1.652,1.650,1.632,1.653,160000,260000,0
2017-03-29,1.655,1.630,1.624,1.655,120000,200000,0
2017-03-30,1.650,1.635,1.611,1.650,80000,140000,0
2017-03-31,1.662,1.646,1.636,1.662,40000,60000,0
2017-04-05,1.650,1.655,1.605,1.662,170000,280000,0
2017-04-06,1.654,1.644,1.600,1.655,380000,620000,0
2017-04-07,1.644,1.622,1.620,1.644,270000,440000,0
2017-04-10,1.611,1.615,1.610,1.647,200000,330000,0
2017-04-11,1.615,1.623,1.606,1.625,60000,100000,0
2017-04-12,1.623,1.622,1.600,1.638,60000,110000,0
2017-04-13,1.625,1.630,1.602,1.630,430000,700000,0
2017-04-14,1.630,1.628,1.615,1.631,120000,190000,0
2017-04-17,1.630,1.600,1.598,1.630,160000,260000,0
2017-04-18,1.616,1.618,1.610,1.625,110000,180000,0
2017-04-19,1.626,1.618,1.611,1.626,70000,120000,0
2017-04-20,1.623,1.645,1.623,1.649,240000,390000,0
2017-04-21,1.650,1.641,1.632,1.650,130000,210000,0
2017-04-24,1.638,1.618,1.613,1.638,90000,150000,0
2017-04-25,1.618,1.635,1.615,1.645,240000,390000,0
2017-04-26,1.640,1.642,1.635,1.654,220000,360000,0
2017-04-27,1.649,1.640,1.621,1.649,50000,80000,0
2017-04-28,1.649,1.624,1.620,1.649,100000,170000,0
2017-05-02,1.631,1.623,1.615,1.640,100000,170000,0
2017-05-03,1.628,1.613,1.600,1.628,140000,230000,0
2017-05-04,1.616,1.612,1.580,1.619,190000,300000,0
2017-05-05,1.617,1.596,1.582,1.617,150000,240000,0
2017-05-08,1.603,1.588,1.581,1.603,170000,270000,0
2017-05-09,1.593,1.579,1.560,1.593,100000,160000,0
2017-05-10,1.583,1.582,1.571,1.591,70000,110000,0
2017-05-11,1.570,1.574,1.550,1.574,140000,220000,0
2017-05-12,1.580,1.595,1.576,1.600,70000,100000,0
2017-05-15,1.599,1.595,1.584,1.604,120000,190000,0
2017-05-16,1.599,1.630,1.581,1.630,200000,330000,0
2017-05-17,1.649,1.622,1.620,1.649,30000,50000,0
2017-05-18,1.626,1.618,1.610,1.626,110000,190000,0
2017-05-19,1.628,1.632,1.620,1.632,150000,240000,0
2017-05-22,1.640,1.632,1.632,1.646,190000,310000,0
2017-05-23,1.640,1.645,1.633,1.649,120000,200000,0
2017-05-24,1.645,1.642,1.623,1.645,100000,160000,0
2017-05-25,1.646,1.648,1.638,1.649,70000,110000,0
2017-05-26,1.653,1.653,1.636,1.653,70000,110000,0
2017-05-31,1.657,1.646,1.642,1.659,120000,200000,0
2017-06-01,1.651,1.646,1.645,1.652,60000,90000,0
2017-06-02,1.652,1.646,1.640,1.652,50000,80000,0
2017-06-05,1.650,1.640,1.636,1.650,70000,120000,0
2017-06-06,1.644,1.646,1.640,1.649,50000,70000,0
2017-06-07,1.646,1.674,1.646,1.676,140000,230000,0
2017-06-08,1.678,1.700,1.667,1.700,260000,450000,0
2017-06-09,1.713,1.716,1.712,1.728,180000,310000,0
2017-06-12,1.729,1.742,1.729,1.750,150000,260000,0
2017-06-13,1.748,1.750,1.711,1.795,110000,190000,0
2017-06-14,1.754,1.751,1.739,1.778,160000,280000,0
2017-06-15,1.750,1.731,1.730,1.750,120000,200000,0
2017-06-16,1.729,1.716,1.710,1.729,80000,130000,0
2017-06-19,1.719,1.728,1.719,1.731,110000,200000,0
2017-06-20,1.733,1.742,1.733,1.777,80000,150000,0
2017-06-21,1.749,1.758,1.742,1.776,520000,910000,0
2017-06-22,1.763,1.755,1.751,1.771,210000,360000,0
2017-06-23,1.764,1.752,1.750,1.768,130000,230000,0
2017-06-26,1.760,1.781,1.760,1.785,170000,290000,0
2017-06-27,1.780,1.799,1.780,1.810,60000,110000,0
2017-06-28,1.800,1.795,1.782,1.803,200000,360000,0
2017-06-29,1.795,1.800,1.780,1.890,160000,290000,0
2017-06-30,1.802,1.795,1.790,1.819,90000,160000,0
2017-07-03,1.797,1.803,1.781,1.815,230000,410000,0
2017-07-04,1.785,1.774,1.771,1.802,190000,330000,0
2017-07-05,1.774,1.790,1.774,1.796,30000,60000,0
2017-07-06,1.765,1.797,1.765,1.800,110000,200000,0
2017-07-07,1.782,1.783,1.780,1.800,30000,50000,0
2017-07-10,1.799,1.769,1.765,1.819,70000,120000,0
2017-07-11,1.766,1.764,1.764,1.770,250000,450000,0
2017-07-12,1.755,1.756,1.740,1.760,260000,450000,0
2017-07-13,1.756,1.748,1.745,1.767,180000,310000,0
2017-07-14,1.746,1.733,1.700,1.746,290000,500000,0
2017-07-17,1.745,1.710,1.653,1.745,260000,450000,0
2017-07-18,1.700,1.714,1.677,1.715,250000,420000,0
2017-07-19,1.713,1.734,1.713,1.734,120000,200000,0
2017-07-20,1.734,1.745,1.725,1.745,50000,90000,0
2017-07-21,1.746,1.750,1.746,1.761,100000,180000,0
2017-07-24,1.760,1.792,1.758,1.795,270000,480000,0
2017-07-25,1.793,1.785,1.782,1.809,170000,310000,0
2017-07-26,1.799,1.755,1.750,1.799,70000,120000,0
2017-07-27,1.765,1.750,1.745,1.765,140000,250000,0
2017-07-28,1.747,1.782,1.746,1.782,120000,210000,0
2017-07-31,1.782,1.787,1.779,1.810,210000,390000,0
2017-08-01,1.781,1.793,1.770,1.809,150000,270000,0
2017-08-02,1.794,1.797,1.794,1.804,190000,340000,0
2017-08-03,1.801,1.784,1.782,1.801,50000,80000,0
2017-08-04,1.790,1.773,1.772,1.790,50000,90000,0
2017-08-07,1.773,1.800,1.770,1.806,170000,300000,0
2017-08-08,1.805,1.815,1.790,1.817,260000,480000,0
2017-08-09,1.815,1.860,1.800,1.868,250000,470000,0
2017-08-10,1.867,1.870,1.860,1.948,260000,490000,0
2017-08-11,1.866,1.813,1.804,1.870,170000,310000,0
2017-08-14,1.811,1.865,1.811,1.870,100000,180000,0
2017-08-15,1.847,1.884,1.847,1.885,160000,300000,0
2017-08-16,1.882,1.910,1.857,1.929,370000,700000,0
2017-08-17,1.922,1.888,1.886,1.922,110000,220000,0
2017-08-18,1.882,1.873,1.860,1.882,40000,70000,0
2017-08-21,1.866,1.894,1.858,1.916,120000,230000,0
2017-08-22,1.895,1.878,1.876,1.895,60000,110000,0
2017-08-23,1.915,1.872,1.860,1.915,240000,450000,0
2017-08-24,1.879,1.859,1.859,1.879,140000,250000,0
2017-08-25,1.843,1.867,1.843,1.906,330000,620000,0
2017-08-28,1.867,1.865,1.860,1.875,330000,610000,0
2017-08-29,1.866,1.867,1.860,1.873,80000,140000,0
2017-08-30,1.867,1.874,1.860,1.878,90000,160000,0
2017-08-31,1.874,1.869,1.862,1.888,100000,180000,0
2017-09-01,1.868,1.872,1.868,1.874,160000,290000,0
2017-09-04,1.872,1.873,1.860,1.875,510000,950000,0
2017-09-05,1.872,1.895,1.866,1.895,180000,330000,0
2017-09-06,1.885,1.883,1.880,1.896,100000,180000,0
2017-09-07,1.883,1.873,1.869,1.894,140000,260000,0
2017-09-08,1.862,1.866,1.862,1.881,40000,80000,0
2017-09-11,1.861,1.874,1.861,1.879,80000,150000,0
2017-09-12,1.864,1.870,1.864,1.886,110000,200000,0
2017-09-13,1.870,1.884,1.869,1.884,100000,190000,0
2017-09-14,1.884,1.883,1.873,1.884,60000,110000,0
2017-09-15,1.874,1.898,1.872,1.900,80000,150000,0
2017-09-18,1.909,1.938,1.909,1.945,210000,410000,0
2017-09-19,1.938,1.928,1.922,1.950,270000,520000,0
2017-09-20,1.937,1.937,1.924,1.941,130000,260000,0
2017-09-21,1.936,1.937,1.929,1.940,50000,100000,0
2017-09-22,1.922,1.984,1.922,2.012,240000,470000,0
2017-09-25,1.958,2.008,1.939,2.023,330000,650000,0
2017-09-26,2.017,2.001,1.989,2.031,380000,760000,0
2017-09-27,2.001,2.001,1.986,2.015,270000,540000,0
2017-09-28,1.974,1.997,1.970,2.000,290000,590000,0
2017-09-29,1.997,2.020,1.997,2.037,310000,620000,0
2017-10-09,2.038,2.029,2.001,2.059,470000,960000,0
2017-10-10,2.037,2.056,2.021,2.058,210000,430000,0
2017-10-11,2.056,2.137,2.052,2.179,450000,940000,0
2017-10-12,2.136,2.145,2.100,2.155,340000,720000,0
2017-10-13,2.146,2.141,2.128,2.150,700000,1500000,0
2017-10-16,2.140,2.119,2.108,2.140,400000,840000,0
2017-10-17,2.110,2.090,2.081,2.140,480000,990000,0
2017-10-18,2.114,2.103,2.091,2.114,220000,470000,0
2017-10-19,2.103,2.155,2.098,2.166,540000,1150000,0
2017-10-20,2.155,2.137,2.128,2.155,480000,1030000,0
2017-10-23,2.134,2.147,2.125,2.166,660000,1410000,0
2017-10-24,2.147,2.153,2.135,2.158,320000,690000,0
2017-10-25,2.155,2.148,2.141,2.159,540000,1160000,0
2017-10-26,2.170,2.201,2.170,2.253,1360000,3000000,0
2017-10-27,2.199,2.275,2.173,2.287,620000,1400000,0
2017-10-30,2.269,2.223,2.200,2.272,2270000,5050000,0
2017-10-31,2.223,2.204,2.180,2.238,900000,1990000,0
2017-11-01,2.204,2.199,2.195,2.249,1170000,2580000,0
2017-11-02,2.189,2.185,2.179,2.206,690000,1500000,0
2017-11-03,2.172,2.214,2.172,2.220,940000,2070000,0
2017-11-06,2.214,2.266,2.214,2.288,1180000,2680000,0
2017-11-07,2.275,2.323,2.275,2.329,2840000,6600000,0
2017-11-08,2.328,2.384,2.312,2.440,1510000,3600000,0
2017-11-09,2.320,2.290,2.263,2.360,3850000,8820000,0
2017-11-10,2.290,2.296,2.244,2.315,3590000,8190000,0
2017-11-13,2.310,2.299,2.280,2.310,3000000,6880000,0
2017-11-14,2.300,2.265,2.262,2.301,2240000,5100000,0
2017-11-15,2.246,2.281,2.245,2.288,1040000,2360000,0
2017-11-16,2.269,2.340,2.269,2.343,1820000,4230000,0
2017-11-17,2.319,2.309,2.280,2.340,1820000,4200000,0
2017-11-20,2.283,2.307,2.235,2.311,1130000,2580000,0
2017-11-21,2.301,2.320,2.301,2.338,1870000,4350000,0
2017-11-22,2.320,2.298,2.285,2.335,1650000,3800000,0
2017-11-23,2.294,2.239,2.238,2.294,2180000,4910000,0
2017-11-24,2.230,2.202,2.168,2.240,1780000,3910000,0
2017-11-27,2.200,2.172,2.149,2.200,1060000,2290000,0
2017-11-28,2.170,2.188,2.163,2.221,740000,1630000,0
2017-11-29,2.186,2.148,2.132,2.202,1340000,2900000,0
2017-11-30,2.158,2.127,2.091,2.166,430000,930000,0
2017-12-01,2.130,2.131,2.110,2.151,700000,1490000,0
2017-12-04,2.129,2.170,2.121,2.173,1300000,2800000,0
2017-12-05,2.163,2.155,2.137,2.188,1130000,2450000,0
2017-12-06,2.155,2.158,2.130,2.178,900000,1950000,0
2017-12-07,2.161,2.112,2.112,2.161,1690000,3610000,0
2017-12-08,2.112,2.166,2.112,2.180,860000,1850000,0
2017-12-11,2.166,2.257,2.166,2.268,1830000,4070000,0
2017-12-12,2.258,2.249,2.231,2.291,1300000,2930000,0
2017-12-13,2.248,2.310,2.240,2.310,1190000,2710000,0
2017-12-14,2.313,2.315,2.300,2.320,1640000,3780000,0
2017-12-15,2.327,2.325,2.304,2.365,2560000,5920000,0
2017-12-18,2.311,2.298,2.282,2.349,1840000,4250000,0
2017-12-19,2.297,2.305,2.286,2.310,620000,1440000,0
2017-12-20,2.318,2.350,2.302,2.358,1280000,3000000,0
2017-12-21,2.350,2.356,2.319,2.360,930000,2190000,0
2017-12-22,2.356,2.360,2.350,2.364,590000,1390000,0
2017-12-25,2.360,2.383,2.360,2.389,1040000,2480000,0
2017-12-26,2.384,2.398,2.384,2.404,1660000,3980000,0
2017-12-27,2.396,2.325,2.309,2.405,2700000,6350000,0
2017-12-28,2.301,2.355,2.300,2.369,1300000,3030000,0
2017-12-29,2.355,2.332,2.326,2.384,2150000,5050000,0
2018-01-02,2.333,2.349,2.328,2.368,830000,1950000,0
2018-01-03,2.341,2.373,2.341,2.380,1040000,2450000,0
2018-01-04,2.373,2.418,2.373,2.420,1530000,3680000,0
2018-01-05,2.417,2.421,2.400,2.430,1780000,4300000,0
2018-01-08,2.417,2.451,2.407,2.480,1560000,3790000,0
2018-01-09,2.451,2.507,2.449,2.510,2210000,5480000,0
2018-01-10,2.515,2.530,2.481,2.530,2720000,6810000,0
2018-01-11,2.525,2.515,2.494,2.525,1910000,4800000,0
2018-01-12,2.510,2.547,2.506,2.548,1180000,2970000,0
2018-01-15,2.549,2.535,2.532,2.578,2540000,6490000,0
2018-01-16,2.538,2.577,2.506,2.650,2620000,6730000,0
2018-01-17,2.579,2.563,2.519,2.595,3550000,9110000,0
2018-01-18,2.560,2.552,2.520,2.575,2880000,7340000,0
2018-01-19,2.548,2.478,2.470,2.548,4770000,11880000,0
2018-01-22,2.456,2.554,2.456,2.559,3780000,9530000,0
2018-01-23,2.554,2.567,2.538,2.570,3180000,8130000,0
2018-01-24,2.560,2.539,2.520,2.570,2700000,6840000,0
2018-01-25,2.536,2.521,2.490,2.536,2180000,5470000,0
2018-01-26,2.520,2.526,2.506,2.530,1540000,3880000,0
2018-01-29,2.526,2.459,2.450,2.539,2890000,7190000,0
2018-01-30,2.455,2.426,2.410,2.455,1350000,3280000,0
2018-01-31,2.430,2.469,2.430,2.473,1380000,3390000,0
2018-02-01,2.472,2.437,2.419,2.472,1890000,4610000,0
2018-02-02,2.430,2.426,2.400,2.445,1620000,3920000,0
2018-02-05,2.420,2.363,2.350,2.420,2300000,5450000,0
2018-02-06,2.325,2.260,2.250,2.325,2740000,6260000,0
2018-02-07,2.283,2.215,2.211,2.312,1940000,4390000,0
2018-02-08,2.217,2.225,2.200,2.255,1300000,2880000,0
2018-02-09,2.110,2.161,2.110,2.188,2380000,5100000,0
2018-02-12,2.162,2.264,2.162,2.264,2210000,4920000,0
2018-02-13,2.270,2.281,2.266,2.304,1480000,3390000,0
2018-02-14,2.300,2.300,2.272,2.300,820000,1870000,0
2018-02-22,2.316,2.380,2.316,2.380,1410000,3330000,0
2018-02-23,2.390,2.376,2.360,2.399,2590000,6140000,0
2018-02-26,2.398,2.370,2.351,2.398,1560000,3690000,0
2018-02-27,2.372,2.346,2.336,2.378,1850000,4370000,0
2018-02-28,2.322,2.322,2.292,2.345,1970000,4550000,0
2018-03-01,2.310,2.326,2.308,2.339,1840000,4260000,0
2018-03-02,2.312,2.304,2.291,2.314,1050000,2420000,0
2018-03-05,2.293,2.271,2.266,2.307,1340000,3050000,0
2018-03-06,2.275,2.275,2.218,2.279,1870000,4200000,0
2018-03-07,2.271,2.255,2.252,2.291,1360000,3090000,0
2018-03-08,2.252,2.299,2.250,2.300,1260000,2860000,0
2018-03-09,2.296,2.327,2.296,2.339,1490000,3440000,0
2018-03-12,2.330,2.315,2.308,2.349,1930000,4460000,0
2018-03-13,2.318,2.287,2.277,2.318,890000,2030000,0
2018-03-14,2.285,2.300,2.245,2.303,1050000,2390000,0
2018-03-15,2.295,2.330,2.286,2.330,1630000,3790000,0
2018-03-16,2.348,2.295,2.295,2.348,1060000,2450000,0
2018-03-19,2.290,2.308,2.276,2.316,1070000,2460000,0
2018-03-20,2.295,2.286,2.264,2.295,1140000,2590000,0
2018-03-21,2.299,2.267,2.263,2.303,1610000,3670000,0
2018-03-22,2.272,2.232,2.230,2.275,1190000,2670000,0
2018-03-23,2.184,2.185,2.142,2.229,1500000,3270000,0
2018-03-26,2.171,2.180,2.150,2.194,1410000,3050000,0
2018-03-27,2.200,2.180,2.170,2.208,910000,2000000,0
2018-03-28,2.153,2.126,2.115,2.165,1180000,2530000,0
2018-03-29,2.126,2.177,2.081,2.180,1130000,2420000,0
2018-03-30,2.173,2.171,2.153,2.184,630000,1360000,0
2018-04-02,2.158,2.148,2.143,2.175,700000,1520000,0
2018-04-03,2.131,2.164,2.131,2.170,1970000,4250000,0
2018-04-04,2.164,2.213,2.164,2.238,2390000,5270000,0
2018-04-09,2.218,2.199,2.189,2.237,1440000,3160000,0
2018-04-10,2.206,2.215,2.174,2.215,1120000,2450000,0
2018-04-11,2.215,2.222,2.214,2.234,670000,1490000,0
2018-04-12,2.222,2.208,2.201,2.222,510000,1130000,0
2018-04-13,2.209,2.193,2.186,2.217,350000,770000,0
2018-04-16,2.188,2.175,2.168,2.191,580000,1250000,0
2018-04-17,2.177,2.153,2.150,2.182,660000,1430000,0
2018-04-18,2.155,2.146,2.123,2.160,680000,1460000,0
2018-04-19,2.146,2.187,2.145,2.189,780000,1700000,0
2018-04-20,2.197,2.170,2.170,2.207,890000,1960000,0
2018-04-23,2.180,2.163,2.146,2.180,780000,1690000,0
2018-04-24,2.165,2.218,2.165,2.230,1310000,2890000,0
2018-04-25,2.217,2.219,2.202,2.227,780000,1720000,0
2018-04-26,2.228,2.170,2.163,2.228,1060000,2320000,0
2018-04-27,2.171,2.152,2.140,2.175,950000,2040000,0
2018-05-02,2.151,2.154,2.125,2.154,790000,1700000,0
2018-05-03,2.154,2.187,2.130,2.187,890000,1920000,0
2018-05-04,2.187,2.180,2.178,2.194,520000,1130000,0
2018-05-07,2.180,2.270,2.172,2.275,2120000,4760000,0
2018-05-08,2.277,2.294,2.252,2.313,2310000,5290000,0
2018-05-09,2.291,2.285,2.270,2.294,650000,1480000,0
2018-05-10,2.284,2.317,2.284,2.318,1880000,4320000,0
2018-05-11,2.329,2.294,2.290,2.336,1420000,3280000,0
2018-05-14,2.295,2.334,2.295,2.339,1270000,2960000,0
2018-05-15,2.340,2.350,2.310,2.350,1030000,2410000,0
2018-05-16,2.348,2.352,2.341,2.379,1910000,4510000,0
2018-05-17,2.357,2.346,2.325,2.357,930000,2180000,0
2018-05-18,2.335,2.350,2.302,2.350,1130000,2640000,0
2018-05-21,2.355,2.362,2.354,2.377,1060000,2500000,0
2018-05-22,2.363,2.376,2.355,2.401,850000,2030000,0
2018-05-23,2.376,2.323,2.319,2.376,2270000,5290000,0
2018-05-24,2.317,2.288,2.281,2.325,1330000,3070000,0
2018-05-25,2.289,2.299,2.284,2.309,900000,2060000,0
2018-05-28,2.299,2.362,2.291,2.375,1720000,4030000,0
2018-05-29,2.360,2.338,2.329,2.419,3560000,8500000,0
2018-05-30,2.292,2.360,2.288,2.397,2650000,6200000,0
2018-05-31,2.369,2.480,2.353,2.480,4160000,10120000,0
2018-06-01,2.462,2.450,2.421,2.470,2860000,6980000,0
2018-06-04,2.450,2.476,2.432,2.489,2850000,7030000,0
2018-06-05,2.476,2.483,2.458,2.485,3140000,7770000,0
2018-06-06,2.481,2.474,2.458,2.485,1660000,4100000,0
2018-06-07,2.472,2.450,2.437,2.482,1590000,3900000,0
2018-06-08,2.449,2.413,2.399,2.453,1970000,4750000,0
2018-06-11,2.401,2.394,2.388,2.416,1120000,2680000,0
2018-06-12,2.394,2.474,2.394,2.478,2710000,6640000,0
2018-06-13,2.461,2.446,2.438,2.483,2200000,5400000,0
2018-06-14,2.444,2.430,2.407,2.457,1770000,4310000,0
2018-06-15,2.420,2.415,2.400,2.426,1500000,3610000,0
2018-06-19,2.370,2.295,2.278,2.412,2750000,6440000,0
2018-06-20,2.295,2.356,2.295,2.363,2080000,4850000,0
2018-06-21,2.355,2.345,2.340,2.390,2600000,6160000,0
2018-06-22,2.343,2.352,2.310,2.353,1250000,2910000,0
2018-06-25,2.366,2.353,2.353,2.383,2710000,6410000,0
2018-06-26,2.339,2.325,2.302,2.361,1770000,4110000,0
2018-06-27,2.337,2.240,2.165,2.337,2670000,6070000,0
2018-06-28,2.225,2.198,2.179,2.230,1050000,2320000,0
2018-06-29,2.200,2.263,2.185,2.264,2900000,6490000,0
2018-07-02,2.252,2.209,2.189,2.281,2680000,5950000,0
2018-07-03,2.207,2.164,2.091,2.215,3060000,6580000,0
2018-07-04,2.160,2.144,2.135,2.175,1370000,2950000,0
2018-07-05,2.135,2.128,2.115,2.185,1790000,3830000,0
2018-07-06,2.130,2.161,2.100,2.175,2140000,4580000,0
2018-07-09,2.168,2.224,2.168,2.224,6390000,14050000,0
2018-07-10,2.228,2.223,2.190,2.239,2430000,5370000,0
2018-07-11,2.207,2.186,2.163,2.215,3100000,6760000,0
2018-07-12,2.187,2.249,2.187,2.264,3720000,8300000,0
2018-07-13,2.260,2.294,2.241,2.297,2940000,6690000,0
2018-07-16,2.305,2.297,2.276,2.316,2870000,6580000,0
2018-07-17,2.280,2.260,2.245,2.298,2810000,6350000,0
2018-07-18,2.255,2.249,2.239,2.281,2480000,5610000,0
2018-07-19,2.260,2.244,2.222,2.260,3100000,6940000,0
2018-07-20,2.231,2.248,2.210,2.252,2410000,5370000,0
2018-07-23,2.248,2.233,2.208,2.248,1950000,4330000,0
2018-07-24,2.225,2.296,2.207,2.297,3400000,7690000,0
2018-07-25,2.288,2.284,2.270,2.295,1970000,4500000,0
2018-07-26,2.284,2.260,2.260,2.284,900000,2040000,0
2018-07-27,2.259,2.260,2.249,2.274,870000,1980000,0
2018-07-30,2.258,2.221,2.218,2.260,1300000,2900000,0
2018-07-31,2.221,2.223,2.200,2.225,1130000,2520000,0
2018-08-01,2.225,2.197,2.190,2.230,880000,1940000,0
2018-08-02,2.189,2.143,2.135,2.189,2030000,4370000,0
2018-08-03,2.140,2.117,2.116,2.154,840000,1800000,0
2018-08-06,2.116,2.047,2.032,2.123,1610000,3340000,0
2018-08-07,2.049,2.076,2.030,2.076,1430000,2950000,0
2018-08-08,2.084,2.044,2.035,2.084,840000,1720000,0
2018-08-09,2.043,2.091,2.036,2.098,2780000,5790000,0
2018-08-10,2.092,2.103,2.085,2.117,2050000,4310000,0
2018-08-13,2.090,2.078,2.038,2.090,1870000,3850000,0
2018-08-14,2.086,2.078,2.060,2.099,910000,1890000,0
2018-08-15,2.080,2.020,2.013,2.081,2170000,4410000,0
2018-08-16,2.004,1.993,1.970,2.025,1050000,2100000,0
2018-08-17,1.995,1.960,1.956,2.002,970000,1910000,0
2018-08-20,1.912,1.965,1.912,1.966,1280000,2480000,0
2018-08-21,1.962,2.030,1.962,2.030,1840000,3700000,0
2018-08-22,2.026,2.010,1.996,2.027,1170000,2340000,0
2018-08-23,2.012,2.034,1.998,2.080,2110000,4260000,0
2018-08-24,2.026,2.005,1.993,2.028,1920000,3860000,0
2018-08-27,2.014,2.071,2.009,2.072,1910000,3900000,0
2018-08-28,2.073,2.061,2.047,2.080,1400000,2890000,0
2018-08-29,2.058,2.058,2.037,2.058,790000,1620000,0
2018-08-30,2.051,2.038,2.037,2.069,980000,2000000,0
2018-08-31,2.040,2.016,1.988,2.040,830000,1660000,0
2018-09-03,1.998,2.012,1.990,2.016,630000,1260000,0
2018-09-04,2.009,2.016,1.992,2.020,460000,930000,0
2018-09-05,2.015,1.996,1.993,2.016,520000,1050000,0
2018-09-06,1.985,1.970,1.961,1.994,1010000,2000000,0
2018-09-07,1.973,1.963,1.945,1.992,770000,1520000,0
2018-09-10,1.951,1.931,1.788,1.961,1250000,2410000,0
2018-09-11,1.933,1.933,1.918,1.952,1130000,2180000,0
2018-09-12,1.933,1.895,1.891,1.933,1940000,3690000,0
2018-09-13,1.916,1.903,1.867,1.927,1510000,2850000,0
2018-09-14,1.912,1.928,1.894,1.940,1810000,3460000,0
2018-09-17,1.926,1.926,1.911,1.944,1050000,2020000,0
2018-09-18,1.922,1.978,1.913,1.992,1770000,3460000,0
2018-09-19,1.965,2.018,1.962,2.026,2350000,4690000,0
2018-09-20,2.015,2.010,2.002,2.024,1060000,2130000,0
2018-09-21,2.024,2.076,2.022,2.080,2220000,4570000,0
2018-09-25,2.060,2.069,2.052,2.078,2040000,4210000,0
2018-09-26,2.073,2.135,2.073,2.150,3550000,7550000,0
2018-09-27,2.134,2.146,2.107,2.150,1850000,3950000,0
2018-09-28,2.155,2.164,2.130,2.174,2240000,4820000,0
2018-10-08,2.140,2.082,2.064,2.140,2630000,5490000,0
2018-10-09,2.082,2.043,2.036,2.093,2080000,4280000,0
2018-10-10,2.044,2.014,2.006,2.060,1820000,3700000,0
2018-10-11,1.957,1.933,1.920,1.995,2350000,4610000,0
2018-10-12,1.938,1.991,1.935,1.995,1550000,3040000,0
2018-10-15,1.991,1.966,1.957,1.991,1940000,3830000,0
2018-10-16,1.960,1.936,1.935,1.973,1300000,2530000,0
2018-10-17,1.960,1.936,1.920,1.974,1350000,2620000,0
2018-10-18,1.942,1.904,1.903,1.944,1190000,2280000,0
2018-10-19,1.868,1.954,1.867,1.957,1480000,2840000,0
2018-10-22,1.966,2.064,1.966,2.068,3850000,7830000,0
2018-10-23,2.065,1.994,1.955,2.065,3010000,6060000,0
2018-10-24,1.986,1.951,1.925,1.986,2810000,5450000,0
2018-10-25,1.899,1.906,1.856,1.910,2450000,4610000,0
2018-10-26,1.923,1.830,1.822,1.923,4130000,7650000,0
2018-10-29,1.796,1.664,1.651,1.800,7640000,12950000,0
2018-10-30,1.652,1.658,1.616,1.678,5010000,8270000,0
2018-10-31,1.666,1.698,1.666,1.707,3830000,6490000,0
2018-11-01,1.717,1.734,1.714,1.767,4210000,7320000,0
2018-11-02,1.790,1.825,1.752,1.827,4770000,8560000,0
2018-11-05,1.819,1.797,1.760,1.820,5960000,10610000,0
2018-11-06,1.795,1.780,1.761,1.795,2090000,3700000,0
2018-11-07,1.780,1.786,1.773,1.808,2550000,4560000,0
2018-11-08,1.793,1.782,1.777,1.813,1580000,2830000,0
2018-11-09,1.770,1.775,1.759,1.784,1200000,2120000,0
2018-11-12,1.768,1.782,1.743,1.785,1820000,3210000,0
2018-11-13,1.751,1.823,1.751,1.830,3230000,5810000,0
2018-11-14,1.822,1.793,1.791,1.822,2550000,4590000,0
2018-11-15,1.795,1.807,1.791,1.809,2060000,3720000,0
2018-11-16,1.810,1.807,1.798,1.825,2810000,5080000,0
2018-11-19,1.807,1.826,1.801,1.833,1620000,2950000,0
2018-11-20,1.822,1.792,1.787,1.822,2170000,3920000,0
2018-11-21,1.768,1.811,1.761,1.818,2860000,5170000,0
2018-11-22,1.815,1.808,1.801,1.850,1170000,2120000,0
2018-11-23,1.807,1.785,1.780,1.810,1750000,3130000,0
2018-11-26,1.784,1.768,1.760,1.784,1670000,2960000,0
2018-11-27,1.769,1.763,1.754,1.775,1960000,3440000,0
2018-11-28,1.760,1.787,1.753,1.787,1640000,2910000,0
2018-11-29,1.796,1.781,1.781,1.815,2770000,5000000,0
2018-11-30,1.781,1.817,1.781,1.817,2870000,5170000,0
2018-12-03,1.868,1.887,1.852,1.895,3930000,7390000,0
2018-12-04,1.880,1.892,1.871,1.893,2890000,5440000,0
2018-12-05,1.868,1.903,1.865,1.914,6120000,11650000,0
2018-12-06,1.886,1.870,1.854,1.897,3440000,6430000,0
2018-12-07,1.863,1.853,1.850,1.869,4240000,7880000,0
2018-12-10,1.842,1.833,1.823,1.856,1720000,3160000,0
2018-12-11,1.834,1.846,1.834,1.849,1350000,2490000,0
2018-12-12,1.850,1.863,1.849,1.867,1260000,2330000,0
2018-12-13,1.872,1.896,1.860,1.907,3320000,6270000,0
2018-12-14,1.885,1.869,1.867,1.892,2290000,4300000,0
2018-12-17,1.858,1.847,1.836,1.861,1950000,3600000,0
2018-12-18,1.843,1.835,1.820,1.847,1670000,3070000,0
2018-12-19,1.840,1.810,1.804,1.847,2270000,4130000,0
2018-12-20,1.805,1.820,1.780,1.821,1550000,2800000,0
2018-12-21,1.810,1.796,1.785,1.810,810000,1450000,0
2018-12-24,1.790,1.805,1.770,1.809,1070000,1920000,0
2018-12-25,1.800,1.800,1.775,1.807,1570000,2820000,0
2018-12-26,1.800,1.787,1.786,1.810,1850000,3310000,0
2018-12-27,1.810,1.789,1.788,1.816,1520000,2740000,0
2018-12-28,1.798,1.815,1.777,1.822,2010000,3640000,0
2019-01-02,1.828,1.799,1.795,1.850,2430000,4410000,0
2019-01-03,1.801,1.770,1.759,1.804,2030000,3610000,0
2019-01-04,1.768,1.793,1.747,1.797,2460000,4380000,0
2019-01-07,1.809,1.812,1.794,1.814,3260000,5880000,0
2019-01-08,1.813,1.803,1.799,1.813,900000,1630000,0
2019-01-09,1.809,1.829,1.809,1.853,3360000,6170000,0
2019-01-10,1.840,1.821,1.806,1.840,2330000,4240000,0
2019-01-11,1.818,1.862,1.818,1.862,2440000,4490000,0
2019-01-14,1.851,1.841,1.827,1.853,2480000,4560000,0
2019-01-15,1.838,1.913,1.833,1.917,3890000,7340000,0
2019-01-16,1.908,1.903,1.895,1.915,3880000,7390000,0
2019-01-17,1.905,1.896,1.890,1.919,3080000,5850000,0
2019-01-18,1.899,1.944,1.899,1.946,4200000,8090000,0
2019-01-21,1.945,1.975,1.945,1.985,4560000,8990000,0
2019-01-22,1.967,1.945,1.931,1.967,3080000,5980000,0
2019-01-23,1.933,1.938,1.929,1.948,3630000,7030000,0
2019-01-24,1.937,1.952,1.930,1.957,3520000,6850000,0
2019-01-25,1.958,1.953,1.942,1.969,3900000,7630000,0
2019-01-28,1.955,1.962,1.950,1.995,4980000,9830000,0
2019-01-29,1.953,1.970,1.941,1.975,4220000,8270000,0
2019-01-30,1.966,1.943,1.939,1.975,2970000,5810000,0
2019-01-31,1.950,1.960,1.932,1.963,3380000,6590000,0
2019-02-01,1.965,1.996,1.965,1.996,3930000,7800000,0
2019-02-11,1.999,2.073,1.986,2.075,4310000,8780000,0
2019-02-12,2.075,2.079,2.063,2.092,4680000,9720000,0
2019-02-13,2.079,2.101,2.072,2.107,5710000,11900000,0
2019-02-14,2.100,2.136,2.092,2.141,5390000,11420000,0
2019-02-15,2.132,2.108,2.102,2.132,4620000,9760000,0
2019-02-18,2.120,2.180,2.120,2.182,7860000,17010000,0
2019-02-19,2.189,2.160,2.152,2.189,7410000,16070000,0
2019-02-20,2.160,2.175,2.137,2.190,4140000,8960000,0
2019-02-21,2.173,2.163,2.150,2.190,4890000,10620000,0
2019-02-22,2.151,2.170,2.133,2.170,6640000,14270000,0
2019-02-25,2.192,2.272,2.161,2.387,12220000,27000000,0
2019-02-26,2.258,2.220,2.217,2.258,7940000,17740000,0
2019-02-27,2.215,2.259,2.214,2.284,8020000,18040000,0
2019-02-28,2.235,2.251,2.220,2.264,4350000,9770000,0
2019-03-01,2.259,2.320,2.257,2.321,7570000,17290000,0
2019-03-04,2.323,2.342,2.321,2.384,8650000,20320000,0
2019-03-05,2.342,2.354,2.323,2.373,7370000,17300000,0
2019-03-06,2.342,2.339,2.313,2.354,8300000,19310000,0
2019-03-07,2.331,2.285,2.267,2.331,10080000,23090000,0
2019-03-08,2.246,2.248,2.226,2.286,9230000,20880000,0
2019-03-11,2.242,2.318,2.241,2.323,8460000,19440000,0
2019-03-12,2.325,2.325,2.299,2.355,9180000,21310000,0
2019-03-13,2.321,2.285,2.274,2.337,6360000,14660000,0
2019-03-14,2.272,2.300,2.270,2.320,11990000,27590000,0
2019-03-15,2.300,2.339,2.287,2.356,11150000,26000000,0
2019-03-18,2.341,2.518,2.341,2.518,14700000,35650000,0
2019-03-19,2.500,2.498,2.451,2.530,9230000,22940000,0
2019-03-20,2.473,2.508,2.441,2.569,8860000,22230000,0
2019-03-21,2.500,2.486,2.469,2.504,6840000,16990000,0
2019-03-22,2.454,2.482,2.439,2.503,7130000,17610000,0
2019-03-25,2.443,2.400,2.400,2.463,10140000,24690000,0
2019-03-26,2.407,2.395,2.384,2.436,10640000,25570000,0
2019-03-27,2.410,2.458,2.390,2.472,13170000,32060000,0
2019-03-28,2.455,2.487,2.450,2.510,13100000,32540000,0
2019-03-29,2.501,2.598,2.500,2.640,13520000,34750000,0
2019-04-01,2.610,2.690,2.602,2.699,14430000,38260000,0
2019-04-02,2.718,2.660,2.638,2.718,13890000,37000000,0
2019-04-03,2.641,2.686,2.626,2.693,11490000,30560000,0
2019-04-04,2.678,2.778,2.673,2.778,14880000,40400000,0
2019-04-08,2.778,2.835,2.730,2.858,19950000,55660000,0
2019-04-09,2.773,2.784,2.730,2.788,24200000,66680000,0
2019-04-10,2.742,2.777,2.714,2.820,19710000,54470000,0
2019-04-11,2.779,2.676,2.674,2.779,22800000,61750000,0
2019-04-12,2.650,2.679,2.640,2.691,16160000,43060000,0
2019-04-15,2.720,2.667,2.667,2.751,20610000,56010000,0
2019-04-16,2.648,2.714,2.622,2.714,15680000,41870000,0
2019-04-17,2.711,2.748,2.692,2.759,15030000,40940000,0
2019-04-18,2.734,2.741,2.720,2.752,7480000,20490000,0
2019-04-19,2.739,2.743,2.699,2.747,11610000,31600000,0
2019-04-22,2.749,2.736,2.724,2.793,18990000,52400000,0
2019-04-23,2.735,2.755,2.700,2.780,14360000,39480000,0
2019-04-24,2.760,2.761,2.721,2.784,15120000,41540000,0
2019-04-25,2.750,2.722,2.717,2.777,18070000,49760000,0
2019-04-26,2.690,2.716,2.690,2.758,16000000,43680000,0
2019-04-29,2.707,2.744,2.684,2.792,23390000,64230000,0
2019-04-30,2.726,2.768,2.725,2.785,17960000,49600000,0
2019-05-06,2.697,2.631,2.607,2.709,29510000,78310000,0
2019-05-07,2.625,2.688,2.625,2.698,17370000,46190000,0
2019-05-08,2.654,2.644,2.609,2.694,10910000,28970000,0
2019-05-09,2.623,2.567,2.536,2.625,23080000,59400000,0
2019-05-10,2.587,2.687,2.585,2.689,21230000,56220000,0
2019-05-13,2.679,2.701,2.633,2.721,18780000,50530000,0
2019-05-14,2.660,2.681,2.660,2.820,12740000,34310000,0
2019-05-15,2.708,2.839,2.702,2.853,26640000,74010000,0
2019-05-16,2.820,2.915,2.796,2.932,26370000,75620000,0
2019-05-17,2.887,2.856,2.821,2.890,20800000,59420000,0
2019-05-20,2.800,2.780,2.700,2.810,23980000,66040000,0
2019-05-21,2.756,2.779,2.672,2.806,20340000,56000000,0
2019-05-22,2.750,2.713,2.709,2.760,16420000,44830000,0
2019-05-23,2.689,2.634,2.624,2.697,18150000,48290000,0
2019-05-24,2.633,2.644,2.623,2.681,16190000,42920000,0
2019-05-27,2.659,2.688,2.607,2.696,18970000,50360000,0
2019-05-28,2.685,2.716,2.673,2.757,21680000,58830000,0
2019-05-29,2.699,2.727,2.686,2.745,13420000,36540000,0
2019-05-30,2.716,2.729,2.695,2.750,15490000,42050000,0
2019-05-31,2.729,2.712,2.703,2.747,12680000,34540000,0
2019-06-03,2.719,2.717,2.701,2.755,14540000,39610000,0
2019-06-04,2.724,2.674,2.653,2.724,14110000,37800000,0
2019-06-05,2.692,2.668,2.666,2.699,10100000,27070000,0
2019-06-06,2.673,2.629,2.619,2.674,11100000,29340000,0
2019-06-10,2.630,2.682,2.602,2.686,14760000,39210000,0
2019-06-11,2.682,2.825,2.680,2.829,30640000,84910000,0
2019-06-12,2.819,2.792,2.788,2.822,15190000,42600000,0
2019-06-13,2.799,2.786,2.746,2.805,15860000,44050000,0
2019-06-14,2.781,2.753,2.752,2.808,11060000,30720000,0
2019-06-17,2.752,2.718,2.710,2.778,13700000,37430000,0
2019-06-18,2.717,2.737,2.701,2.745,8810000,24010000,0
2019-06-19,2.817,2.758,2.753,2.830,21560000,60150000,0
2019-06-20,2.759,2.837,2.749,2.855,31440000,88400000,0
2019-06-21,2.838,2.837,2.809,2.850,22160000,62610000,0
2019-06-24,2.835,2.845,2.805,2.873,22220000,63140000,0
2019-06-25,2.842,2.827,2.786,2.846,15180000,42700000,0
2019-06-26,2.809,2.813,2.801,2.827,11670000,32830000,0
2019-06-27,2.820,2.859,2.818,2.865,16550000,47140000,0
2019-06-28,2.858,2.863,2.840,2.868,18120000,51760000,0
2019-07-01,2.922,2.988,2.900,2.988,25240000,74530000,0
2019-07-02,2.971,2.994,2.967,2.999,17810000,53140000,0
2019-07-03,2.986,2.950,2.936,3.008,26210000,77860000,0
2019-07-04,2.930,2.889,2.873,2.947,23770000,68850000,0
2019-07-05,2.884,2.956,2.884,2.968,19400000,56770000,0
2019-07-08,2.940,2.925,2.878,2.950,20190000,59040000,0
2019-07-09,2.917,2.928,2.890,2.948,11670000,34100000,0
2019-07-10,2.936,2.928,2.917,2.949,9960000,29200000,0
2019-07-11,2.940,2.920,2.916,2.964,13460000,39550000,0
2019-07-12,2.917,2.949,2.916,2.954,13350000,39250000,0
2019-07-15,2.938,2.960,2.893,2.965,17770000,52080000,0
2019-07-16,2.953,2.926,2.925,2.970,14100000,41430000,0
2019-07-17,2.920,2.926,2.910,2.944,10950000,32080000,0
2019-07-18,2.912,2.879,2.878,2.921,10210000,29590000,0
2019-07-19,2.881,2.900,2.881,2.919,7150000,20760000,0
2019-07-22,2.900,2.888,2.880,2.912,9380000,27130000,0
2019-07-23,2.892,2.865,2.842,2.896,11320000,32450000,0
2019-07-24,2.866,2.870,2.862,2.886,9040000,26010000,0
2019-07-25,2.868,2.900,2.846,2.900,10260000,29420000,0
2019-07-26,2.894,2.893,2.881,2.899,6840000,19790000,0
2019-07-29,2.892,2.925,2.876,2.930,9930000,28890000,0
2019-07-30,2.924,2.918,2.904,2.934,9270000,27090000,0
2019-07-31,2.910,2.883,2.880,2.917,8010000,23150000,0
2019-08-01,2.876,2.867,2.853,2.892,9490000,27270000,0
2019-08-02,2.822,2.855,2.800,2.860,8880000,25160000,0
2019-08-05,2.832,2.827,2.824,2.866,11880000,33710000,0
2019-08-06,2.795,2.802,2.736,2.812,10290000,28550000,0
2019-08-07,2.821,2.788,2.786,2.823,5310000,14870000,0
2019-08-08,2.792,2.817,2.792,2.839,6290000,17720000,0
2019-08-09,2.830,2.777,2.770,2.843,8100000,22740000,0
2019-08-12,2.784,2.827,2.784,2.829,6280000,17650000,0
2019-08-13,2.812,2.819,2.805,2.833,4790000,13490000,0
2019-08-14,2.848,2.850,2.840,2.860,7500000,21380000,0
2019-08-15,2.814,2.846,2.806,2.848,5740000,16230000,0
2019-08-16,2.846,2.884,2.844,2.916,14360000,41480000,0
2019-08-19,2.911,2.918,2.846,2.918,15200000,43820000,0
2019-08-20,2.906,2.915,2.884,2.920,7600000,22050000,0
2019-08-21,2.908,2.894,2.892,2.916,6160000,17920000,0
2019-08-22,2.900,2.940,2.898,2.942,8950000,26140000,0
2019-08-23,2.940,2.951,2.926,2.957,8700000,25650000,0
2019-08-26,2.905,2.909,2.896,2.936,8530000,24860000,0
2019-08-27,2.918,2.986,2.915,3.007,14190000,42250000,0
2019-08-28,2.999,3.022,2.969,3.032,15900000,47710000,0
2019-08-29,3.022,3.028,3.000,3.036,8290000,25010000,0
2019-08-30,3.036,3.062,3.030,3.089,12720000,38980000,0
2019-09-02,3.062,3.084,3.044,3.084,11490000,35260000,0
2019-09-03,3.084,3.077,3.060,3.110,9880000,30440000,0
2019-09-04,3.072,3.050,3.029,3.079,10520000,32010000,0
2019-09-05,3.059,3.068,3.051,3.080,11910000,36540000,0
2019-09-06,3.078,3.055,3.030,3.078,10200000,31040000,0
2019-09-09,3.056,3.047,3.040,3.060,9960000,30330000,0
2019-09-10,3.045,3.045,3.029,3.052,7820000,23780000,0
2019-09-11,3.045,2.960,2.959,3.050,17020000,50990000,0
2019-09-12,2.956,2.973,2.950,2.973,10400000,30830000,0
2019-09-16,2.965,2.962,2.945,2.975,10290000,30440000,0
2019-09-17,2.957,2.946,2.934,2.972,10490000,31000000,0
2019-09-18,2.950,3.004,2.950,3.005,15350000,45920000,0
2019-09-19,3.001,3.005,2.964,3.005,8440000,25170000,0
2019-09-20,3.005,3.008,3.001,3.023,8140000,24500000,0
2019-09-23,3.001,2.971,2.955,3.001,9200000,27290000,0
2019-09-24,2.971,2.984,2.971,3.004,7720000,23070000,0
2019-09-25,2.976,2.975,2.961,2.995,5880000,17520000,0
2019-09-26,2.975,2.927,2.906,2.991,12600000,36940000,0
2019-09-27,2.923,2.935,2.900,2.953,8370000,24500000,0
2019-09-30,2.922,2.921,2.920,2.950,6910000,20280000,0
2019-10-08,2.920,2.966,2.913,2.977,9280000,27500000,0
2019-10-09,2.965,2.940,2.921,2.965,6510000,19110000,0
2019-10-10,2.933,2.965,2.900,2.975,10080000,29630000,0
2019-10-11,2.963,2.980,2.953,2.998,9660000,28760000,0
2019-10-14,2.989,2.996,2.960,2.999,11890000,35540000,0
2019-10-15,2.991,3.008,2.973,3.010,10020000,30090000,0
2019-10-16,2.997,2.968,2.962,2.998,10430000,31000000,0
2019-10-17,2.968,2.962,2.957,2.972,4400000,13020000,0
2019-10-18,2.959,2.948,2.945,2.978,6460000,19100000,0
2019-10-21,2.948,2.967,2.940,2.976,5790000,17160000,0
2019-10-22,2.970,2.980,2.958,2.984,6500000,19310000,0
2019-10-23,2.980,2.951,2.947,3.004,10780000,32030000,0
2019-10-24,2.952,2.925,2.916,2.955,7530000,22070000,0
2019-10-25,2.927,2.999,2.924,3.000,15860000,47140000,0
2019-10-28,2.996,3.025,2.982,3.029,11450000,34480000,0
2019-10-29,3.025,3.057,3.017,3.075,11320000,34600000,0
2019-10-30,3.057,3.043,3.011,3.062,6290000,19110000,0
2019-10-31,3.060,3.053,3.040,3.093,10070000,30850000,0
2019-11-01,3.051,3.064,3.023,3.074,6770000,20650000,0
2019-11-04,3.065,3.082,3.061,3.091,6550000,20180000,0
2019-11-05,3.078,3.103,3.075,3.118,10670000,33070000,0
2019-11-06,3.103,3.067,3.053,3.116,10430000,32020000,0
2019-11-07,3.065,3.085,3.061,3.100,6270000,19320000,0
2019-11-08,3.109,3.080,3.078,3.109,6350000,19650000,0
2019-11-11,3.073,3.044,3.039,3.084,11320000,34620000,0
2019-11-12,3.045,3.057,3.032,3.066,6370000,19430000,0
2019-11-13,3.048,3.070,3.046,3.073,5420000,16590000,0
2019-11-14,3.070,3.074,3.055,3.085,7250000,22310000,0
2019-11-15,3.081,3.035,3.032,3.081,12170000,37110000,0
2019-11-18,3.027,3.046,3.015,3.050,5940000,18020000,0
2019-11-19,3.046,3.072,3.042,3.077,5690000,17430000,0
2019-11-20,3.065,3.067,3.061,3.092,7280000,22410000,0
2019-11-21,3.050,3.053,3.042,3.069,6190000,18900000,0
2019-11-22,3.054,2.994,2.978,3.069,16910000,50860000,0
2019-11-25,2.992,2.977,2.954,2.994,7470000,22180000,0
2019-11-26,2.981,3.004,2.978,3.015,8440000,25310000,0
2019-11-27,3.000,3.002,2.987,3.014,7030000,21090000,0
2019-11-28,3.004,2.993,2.981,3.015,5880000,17630000,0
2019-11-29,2.989,2.927,2.906,2.989,17460000,51260000,0
2019-12-02,2.924,2.948,2.924,2.967,8570000,25300000,0
2019-12-03,2.937,2.948,2.926,2.949,7520000,22120000,0
2019-12-04,2.953,2.947,2.928,2.965,7250000,21330000,0
2019-12-05,2.948,2.954,2.935,2.956,9480000,27940000,0
2019-12-06,2.956,2.988,2.955,2.988,10360000,30850000,0
2019-12-09,3.000,2.970,2.968,3.001,6660000,19860000,0
2019-12-10,2.969,2.957,2.939,2.970,8670000,25580000,0
2019-12-11,2.957,2.924,2.920,2.957,15680000,45880000,0
2019-12-12,2.923,2.909,2.903,2.932,14400000,41960000,0
2019-12-13,2.923,2.942,2.918,2.945,14190000,41630000,0
2019-12-16,2.950,2.930,2.915,2.950,18290000,53470000,0
2019-12-17,2.931,2.975,2.930,2.976,21370000,63150000,0
2019-12-18,2.975,2.962,2.956,2.985,19220000,57050000,0
2019-12-19,2.962,2.943,2.934,2.962,10690000,31460000,0
2019-12-20,2.950,2.941,2.934,2.950,9740000,28640000,0
2019-12-23,2.931,2.911,2.910,2.949,13980000,40950000,0
2019-12-24,2.911,2.921,2.903,2.924,7680000,22390000,0
2019-12-25,2.920,2.905,2.894,2.922,15350000,44550000,0
2019-12-26,2.903,2.902,2.894,2.907,12360000,35820000,0
2019-12-27,2.902,2.938,2.902,2.958,24360000,71610000,0
2019-12-30,2.939,3.000,2.936,3.000,29860000,88880000,0
2019-12-31,3.001,3.018,3.000,3.021,17660000,53180000,0
2020-01-02,3.045,3.025,2.990,3.046,19500000,58910000,0
2020-01-03,3.024,3.008,2.990,3.037,19900000,59960000,0
2020-01-06,2.990,3.013,2.986,3.028,24990000,75320000,0
2020-01-07,3.014,3.080,3.014,3.086,18580000,56950000,0
2020-01-08,3.070,3.059,3.053,3.092,12170000,37370000,0
2020-01-09,3.067,3.107,3.067,3.107,14930000,46160000,0
2020-01-10,3.099,3.097,3.075,3.107,13100000,40510000,0
2020-01-13,3.096,3.143,3.094,3.144,13260000,41550000,0
2020-01-14,3.149,3.118,3.110,3.150,12600000,39320000,0
2020-01-15,3.108,3.123,3.108,3.152,10870000,34010000,0
2020-01-16,3.129,3.129,3.113,3.139,10440000,32640000,0
2020-01-17,3.130,3.104,3.100,3.139,15030000,46790000,0
2020-01-20,3.110,3.099,3.077,3.133,19070000,58970000,0
2020-01-21,3.093,3.033,3.028,3.093,23740000,72180000,0
2020-01-22,3.011,3.022,2.969,3.032,19570000,58770000,0
2020-01-23,2.998,2.907,2.876,2.998,35220000,103150000,0
2020-02-03,2.616,2.616,2.616,2.700,31120000,82020000,0
2020-02-04,2.590,2.723,2.590,2.729,22280000,59780000,0
2020-02-05,2.729,2.775,2.723,2.785,16410000,45270000,0
2020-02-06,2.785,2.861,2.771,2.869,32230000,91490000,0
2020-02-07,2.856,2.895,2.826,2.895,20570000,58930000,0
2020-02-10,2.873,2.931,2.869,2.937,21070000,61460000,0
2020-02-11,2.931,2.949,2.918,2.977,50170000,148250000,0
2020-02-12,2.941,2.959,2.937,2.965,10190000,30090000,0
2020-02-13,2.951,2.944,2.942,2.982,16730000,49480000,0
2020-02-14,2.945,2.967,2.939,2.978,30090000,89130000,0
2020-02-17,2.966,3.018,2.953,3.018,19010000,56960000,0
2020-02-18,3.018,3.002,2.983,3.018,14800000,44350000,0
2020-02-19,3.002,3.041,2.999,3.060,14250000,43280000,0
2020-02-20,3.052,3.099,3.052,3.106,53040000,163620000,0
2020-02-21,3.103,3.083,3.067,3.108,98090000,302100000,0
2020-02-24,3.078,3.048,3.020,3.079,28920000,88030000,0
2020-02-25,3.002,3.039,2.979,3.046,24040000,72620000,0
2020-02-26,3.020,3.012,3.000,3.051,17450000,52790000,0
2020-02-27,3.017,3.058,3.017,3.081,25850000,79040000,0
2020-02-28,2.999,2.932,2.912,3.014,27060000,80280000,0
2020-03-02,2.933,3.023,2.933,3.034,20290000,61000000,0
2020-03-03,3.039,3.049,3.037,3.069,19670000,60040000,0
2020-03-04,3.049,3.100,3.040,3.100,22240000,68450000,0
2020-03-05,3.115,3.250,3.108,3.264,78740000,252810000,0
2020-03-06,3.239,3.189,3.180,3.269,74910000,241350000,0
2020-03-09,3.160,3.092,3.091,3.160,42410000,132140000,0
2020-03-10,3.070,3.153,3.039,3.172,50150000,156830000,0
2020-03-11,3.165,3.138,3.133,3.199,32570000,102980000,0
2020-03-12,3.096,3.051,3.036,3.096,26930000,82360000,0
2020-03-13,2.901,3.007,2.901,3.039,37730000,111550000,0
2020-03-16,3.040,2.884,2.860,3.040,43050000,126620000,0
2020-03-17,2.858,2.843,2.756,2.920,39720000,112820000,0
2020-03-18,2.843,2.832,2.829,2.946,32670000,94680000,0
2020-03-19,2.834,2.794,2.713,2.848,43080000,119470000,0
2020-03-20,2.821,2.873,2.800,2.875,22010000,62440000,0
2020-03-23,2.788,2.787,2.755,2.823,41970000,117170000,0
2020-03-24,2.825,2.881,2.818,2.885,34680000,99120000,0
2020-03-25,2.971,2.946,2.913,2.971,47350000,139140000,0
2020-03-26,2.907,2.942,2.907,2.980,33940000,100310000,0
2020-03-27,2.978,2.965,2.962,3.000,40070000,119410000,0
2020-03-30,2.936,2.964,2.923,2.971,34410000,101660000,0
2020-03-31,2.989,3.080,2.980,3.083,46050000,140310000,0
2020-04-01,3.082,3.050,3.024,3.086,44610000,136290000,0
2020-04-02,3.023,3.071,3.013,3.071,26380000,80060000,0
2020-04-03,3.054,3.090,3.050,3.123,32880000,101720000,0
2020-04-07,3.122,3.193,3.122,3.209,43360000,137630000,0
2020-04-08,3.178,3.160,3.150,3.193,29790000,94210000,0
2020-04-09,3.180,3.168,3.139,3.182,27610000,87240000,0
2020-04-10,3.168,3.174,3.157,3.222,42970000,136910000,0
2020-04-13,3.142,3.138,3.118,3.161,27380000,85840000,0
2020-04-14,3.154,3.196,3.138,3.199,20080000,63790000,0
2020-04-15,3.197,3.165,3.161,3.209,24830000,79030000,0
2020-04-16,3.158,3.157,3.140,3.176,20200000,63710000,0
2020-04-17,3.170,3.184,3.162,3.212,28780000,91830000,0
2020-04-20,3.195,3.201,3.175,3.203,23990000,76660000,0
2020-04-21,3.190,3.160,3.137,3.193,19390000,61170000,0
2020-04-22,3.146,3.265,3.137,3.268,40550000,130950000,0
2020-04-23,3.265,3.277,3.251,3.329,27830000,91670000,0
2020-04-24,3.277,3.283,3.250,3.305,49060000,161210000,0
2020-04-27,3.291,3.302,3.265,3.320,23290000,76890000,0
2020-04-28,3.302,3.363,3.273,3.373,22630000,75370000,0
2020-04-29,3.351,3.283,3.273,3.354,42550000,140530000,0
2020-04-30,3.291,3.282,3.257,3.302,36350000,119150000,0
2020-05-06,3.263,3.303,3.241,3.309,25560000,83860000,0
2020-05-07,3.297,3.349,3.294,3.364,41040000,137160000,0
2020-05-08,3.356,3.365,3.329,3.392,60950000,205250000,0
2020-05-11,3.366,3.323,3.310,3.394,34620000,115590000,0
2020-05-12,3.316,3.349,3.306,3.356,30540000,102040000,0
2020-05-13,3.348,3.394,3.331,3.396,22980000,77570000,0
2020-05-14,3.387,3.348,3.347,3.387,26080000,87620000,0
2020-05-15,3.350,3.325,3.312,3.367,28500000,94890000,0
2020-05-18,3.323,3.414,3.316,3.425,42910000,145540000,0
2020-05-19,3.431,3.417,3.393,3.435,26030000,88680000,0
2020-05-20,3.414,3.386,3.379,3.416,25520000,86560000,0
2020-05-21,3.386,3.376,3.365,3.409,17820000,60380000,0
2020-05-22,3.368,3.290,3.271,3.368,39300000,130200000,0
2020-05-25,3.277,3.357,3.265,3.360,36390000,121380000,0
2020-05-26,3.357,3.377,3.339,3.380,23290000,78340000,0
2020-05-27,3.374,3.343,3.331,3.376,17420000,58330000,0
2020-05-28,3.334,3.333,3.293,3.359,20910000,69520000,0
2020-05-29,3.303,3.370,3.303,3.378,21710000,72860000,0
2020-06-01,3.400,3.460,3.400,3.476,30140000,103840000,0
2020-06-02,3.457,3.449,3.438,3.493,25690000,88940000,0
2020-06-03,3.450,3.431,3.424,3.472,25760000,88580000,0
2020-06-04,3.443,3.458,3.432,3.467,18110000,62500000,0
2020-06-05,3.457,3.453,3.420,3.457,18190000,62620000,0
2020-06-08,3.465,3.471,3.453,3.506,30020000,104380000,0
2020-06-09,3.473,3.496,3.454,3.497,15140000,52800000,0
2020-06-10,3.494,3.513,3.490,3.520,18130000,63610000,0
2020-06-11,3.508,3.450,3.426,3.509,43470000,150490000,0
2020-06-12,3.398,3.450,3.382,3.472,29850000,102520000,0
2020-06-15,3.442,3.438,3.426,3.475,27830000,96050000,0
2020-06-16,3.450,3.470,3.445,3.471,55480000,191970000,0
2020-06-17,3.471,3.478,3.446,3.487,24610000,85350000,0
2020-06-18,3.476,3.508,3.457,3.514,25270000,88340000,0
2020-06-19,3.501,3.569,3.499,3.593,54100000,192880000,0
2020-06-22,3.584,3.575,3.559,3.598,34520000,123480000,0
2020-06-23,3.575,3.624,3.571,3.638,19580000,70610000,0
2020-06-24,3.640,3.659,3.624,3.666,20360000,74140000,0
2020-06-29,3.646,3.669,3.636,3.674,15520000,56690000,0
2020-06-30,3.674,3.716,3.674,3.733,21060000,78100000,0
2020-07-01,3.719,3.831,3.719,3.857,33340000,127110000,0
2020-07-02,3.840,3.898,3.820,3.920,27900000,108240000,0
2020-07-03,3.900,3.905,3.821,3.905,33070000,127740000,0
2020-07-06,3.905,4.046,3.888,4.060,32500000,129070000,0
2020-07-07,4.080,4.118,4.079,4.194,39410000,163100000,0
2020-07-08,4.110,4.166,4.082,4.166,33710000,139480000,0
2020-07-09,4.173,4.222,4.156,4.222,40990000,171230000,0
2020-07-10,4.214,4.240,4.179,4.271,28940000,122490000,0
2020-07-13,4.238,4.448,4.230,4.458,44130000,193420000,0
2020-07-14,4.448,4.418,4.297,4.476,53350000,234160000,0
2020-07-15,4.419,4.473,4.385,4.505,49890000,222070000,0
2020-07-16,4.429,4.137,4.112,4.429,88040000,373210000,0
2020-07-17,4.067,4.229,4.066,4.256,57880000,242640000,0
2020-07-20,4.272,4.221,4.078,4.293,38890000,162320000,0
2020-07-21,4.215,4.270,4.195,4.314,32750000,139690000,0
2020-07-22,4.263,4.350,4.230,4.380,37210000,161330000,0
2020-07-23,4.347,4.344,4.258,4.371,42150000,182310000,0
2020-07-24,4.329,4.190,4.143,4.329,44900000,190000000,0
2020-07-27,4.192,4.217,4.168,4.268,31730000,133800000,0
2020-07-28,4.233,4.361,4.233,4.385,46300000,200330000,0
2020-07-29,4.347,4.396,4.282,4.408,152700000,665590000,0
2020-07-30,4.390,4.420,4.370,4.460,76750000,339990000,0
2020-07-31,4.406,4.443,4.357,4.482,51450000,228110000,0
2020-08-03,4.461,4.501,4.452,4.501,38070000,170370000,0
2020-08-04,4.505,4.475,4.459,4.542,63850000,287180000,0
2020-08-05,4.465,4.536,4.421,4.536,40360000,181060000,0
2020-08-06,4.528,4.440,4.400,4.531,62830000,279160000,0
2020-08-07,4.418,4.359,4.296,4.452,112610000,491290000,0
2020-08-10,4.360,4.377,4.320,4.396,78020000,340480000,0
2020-08-11,4.396,4.393,4.383,4.486,61970000,275370000,0
2020-08-12,4.391,4.330,4.268,4.398,35800000,154710000,0
2020-08-13,4.332,4.352,4.332,4.389,25580000,111560000,0
2020-08-14,4.352,4.441,4.352,4.448,36910000,162170000,0
2020-08-17,4.460,4.490,4.449,4.500,31730000,142280000,0
2020-08-18,4.495,4.556,4.470,4.579,32750000,148590000,0
2020-08-19,4.542,4.538,4.511,4.594,32410000,147740000,0
2020-08-20,4.500,4.460,4.431,4.512,27760000,124000000,0
2020-08-21,4.463,4.516,4.463,4.541,27770000,125260000,0
2020-08-24,4.516,4.613,4.516,4.618,31310000,143630000,0
2020-08-25,4.599,4.664,4.599,4.694,46220000,215390000,0
2020-08-26,4.661,4.648,4.602,4.718,40160000,186840000,0
2020-08-27,4.655,4.716,4.629,4.717,40100000,187360000,0
2020-08-28,4.720,4.870,4.705,4.899,44510000,214370000,0
2020-08-31,4.926,4.879,4.870,4.966,58900000,289660000,0
2020-09-01,4.858,4.870,4.790,4.879,46120000,223000000,0
2020-09-02,4.873,4.895,4.837,4.935,36620000,179440000,0
2020-09-03,4.890,4.860,4.821,4.960,57850000,282550000,0
2020-09-04,4.762,4.749,4.675,4.767,53400000,252000000,0
2020-09-07,4.720,4.594,4.550,4.752,48950000,228090000,0
2020-09-08,4.589,4.523,4.472,4.606,51880000,234040000,0
2020-09-09,4.466,4.399,4.363,4.486,49130000,217550000,0
2020-09-10,4.449,4.433,4.420,4.502,34010000,151810000,0
2020-09-11,4.426,4.510,4.398,4.510,25890000,115220000,0
2020-09-14,4.516,4.509,4.482,4.544,30370000,136850000,0
2020-09-15,4.503,4.524,4.468,4.531,33740000,152080000,0
2020-09-16,4.536,4.458,4.439,4.554,34580000,154940000,0
2020-09-17,4.425,4.361,4.312,4.425,32140000,140170000,0
2020-09-18,4.350,4.444,4.333,4.445,40450000,177260000,0
2020-09-21,4.440,4.379,4.371,4.443,17250000,75770000,0
2020-09-22,4.340,4.346,4.333,4.409,19830000,86760000,0
2020-09-23,4.318,4.365,4.273,4.372,18990000,82370000,0
2020-09-24,4.317,4.292,4.275,4.368,22790000,98310000,0
2020-09-25,4.300,4.311,4.294,4.332,15790000,68090000,0
2020-09-28,4.310,4.311,4.309,4.364,14830000,64210000,0
2020-09-29,4.340,4.353,4.313,4.366,15120000,65760000,0
2020-09-30,4.367,4.361,4.335,4.421,19360000,84770000,0
2020-10-09,4.426,4.449,4.404,4.473,31010000,137480000,0
2020-10-12,4.458,4.634,4.458,4.640,44200000,202390000,0
2020-10-13,4.638,4.674,4.594,4.687,38200000,177400000,0
2020-10-14,4.670,4.632,4.622,4.692,29040000,135050000,0
2020-10-15,4.631,4.593,4.584,4.636,26880000,123700000,0
2020-10-16,4.592,4.560,4.534,4.623,20330000,92940000,0
2020-10-19,4.562,4.498,4.482,4.602,24230000,109980000,0
2020-10-20,4.493,4.606,4.480,4.606,24140000,110110000,0
2020-10-21,4.600,4.598,4.554,4.621,35210000,161350000,0
2020-10-22,4.573,4.601,4.521,4.608,23240000,106210000,0
2020-10-23,4.588,4.489,4.472,4.597,35080000,158780000,0
2020-10-26,4.431,4.442,4.337,4.458,20490000,90250000,0
2020-10-27,4.428,4.477,4.428,4.493,15460000,69010000,0
2020-10-28,4.485,4.573,4.481,4.594,24030000,109460000,0
2020-10-29,4.540,4.670,4.530,4.691,36420000,169090000,0
2020-10-30,4.650,4.510,4.509,4.650,34550000,157470000,0
2020-11-02,4.510,4.521,4.504,4.561,17080000,77390000,0
2020-11-03,4.525,4.577,4.519,4.585,26150000,119170000,0
2020-11-04,4.573,4.592,4.549,4.598,22150000,101270000,0
2020-11-05,4.614,4.656,4.614,4.669,24300000,112810000,0
2020-11-06,4.678,4.610,4.563,4.688,25290000,116490000,0
2020-11-09,4.631,4.704,4.630,4.717,31360000,146760000,0
2020-11-10,4.705,4.723,4.649,4.765,33060000,155960000,0
2020-11-11,4.712,4.686,4.685,4.808,28610000,135850000,0
2020-11-12,4.679,4.688,4.650,4.720,19920000,93210000,0
2020-11-13,4.670,4.605,4.547,4.670,27110000,124510000,0
2020-11-16,4.606,4.714,4.600,4.716,24920000,116060000,0
2020-11-17,4.714,4.652,4.619,4.714,20050000,93650000,0
2020-11-18,4.646,4.616,4.579,4.663,20220000,93380000,0
2020-11-19,4.610,4.687,4.575,4.700,27710000,129080000,0
2020-11-20,4.683,4.707,4.668,4.726,16830000,79100000,0
2020-11-23,4.741,4.743,4.727,4.783,22980000,109080000,0
2020-11-24,4.740,4.730,4.678,4.740,14190000,66820000,0
2020-11-25,4.739,4.608,4.600,4.739,29360000,136470000,0
2020-11-26,4.599,4.632,4.551,4.640,15800000,72790000,0
2020-11-27,4.625,4.667,4.606,4.668,14480000,67220000,0
2020-11-30,4.670,4.597,4.585,4.676,19840000,91530000,0
2020-12-01,4.580,4.634,4.580,4.650,13630000,63050000,0
2020-12-02,4.665,4.662,4.616,4.679,18940000,88030000,0
2020-12-03,4.645,4.713,4.645,4.716,18170000,85060000,0
2020-12-04,4.712,4.808,4.710,4.817,33430000,159890000,0
2020-12-07,4.808,4.840,4.803,4.881,22500000,109030000,0
2020-12-08,4.839,4.888,4.820,4.900,22340000,108680000,0
2020-12-09,4.888,4.819,4.818,4.897,39590000,192100000,0
2020-12-10,4.800,4.818,4.792,4.875,26960000,130270000,0
2020-12-11,4.823,4.801,4.756,4.832,19950000,95690000,0
2020-12-14,4.807,4.918,4.800,4.918,27350000,133200000,0
2020-12-15,4.921,4.888,4.840,4.921,24550000,119750000,0
2020-12-16,4.880,4.950,4.880,4.962,26600000,131020000,0
2020-12-17,4.949,4.995,4.932,5.020,28830000,143710000,0
2020-12-18,4.967,4.952,4.913,5.014,32540000,161360000,0
2020-12-21,4.946,5.018,4.901,5.035,27430000,136950000,0
2020-12-22,5.003,4.997,4.992,5.066,26760000,134470000,0
2020-12-23,4.998,5.012,4.919,5.089,36940000,184980000,0
2020-12-24,4.969,4.955,4.926,5.017,20170000,100180000,0
2020-12-25,4.920,4.974,4.893,4.977,21760000,107520000,0
2020-12-28,4.974,5.101,4.973,5.105,24830000,125650000,0
2020-12-29,5.108,5.060,5.023,5.118,21810000,110410000,0
2020-12-30,5.055,5.130,5.036,5.135,17510000,89470000,0
2020-12-31,5.139,5.215,5.131,5.228,44210000,229580000,0
2021-01-04,5.226,5.458,5.223,5.471,29750000,160150000,0
2021-01-05,5.459,5.727,5.433,5.737,65050000,366650000,0
2021-01-06,5.782,5.743,5.620,5.799,72860000,416220000,0
2021-01-07,5.731,5.799,5.631,5.799,47810000,273370000,0
2021-01-08,5.793,5.647,5.600,5.836,51410000,293120000,0
2021-01-11,5.640,5.473,5.439,5.640,55780000,307360000,0
2021-01-12,5.432,5.603,5.425,5.604,37150000,205470000,0
2021-01-13,5.601,5.516,5.470,5.608,30040000,166550000,0
2021-01-14,5.474,5.387,5.366,5.510,29620000,160350000,0
2021-01-15,5.369,5.286,5.177,5.369,39970000,210310000,0
2021-01-18,5.238,5.281,5.201,5.301,35920000,188900000,0
2021-01-19,5.292,5.172,5.155,5.324,44660000,233220000,0
2021-01-20,5.162,5.207,5.076,5.219,42200000,217770000,0
2021-01-21,5.210,5.309,5.208,5.349,42350000,223150000,0
2021-01-22,5.309,5.315,5.270,5.345,34870000,184710000,0
2021-01-25,5.312,5.523,5.305,5.523,51730000,281830000,0
2021-01-26,5.524,5.452,5.435,5.534,36710000,201220000,0
2021-01-27,5.428,5.409,5.290,5.436,29330000,157550000,0
2021-01-28,5.356,5.300,5.297,5.393,20430000,109030000,0
2021-01-29,5.330,5.324,5.239,5.388,23550000,125730000,0
2021-02-01,5.329,5.314,5.297,5.378,26930000,143440000,0
2021-02-02,5.316,5.480,5.316,5.483,50160000,272760000,0
2021-02-03,5.484,5.516,5.431,5.536,26210000,143860000,0
2021-02-04,5.501,5.525,5.464,5.599,39470000,217990000,0
2021-02-05,5.533,5.571,5.533,5.683,34240000,192490000,0
2021-02-08,5.627,5.687,5.574,5.711,23680000,134040000,0
2021-02-09,5.702,5.820,5.660,5.820,25810000,148550000,0
2021-02-10,5.835,6.025,5.835,6.050,34940000,208630000,0
2021-02-18,6.115,5.845,5.801,6.180,51250000,303910000,0
2021-02-19,5.803,5.964,5.706,5.965,31860000,186570000,0
2021-02-22,5.945,5.674,5.666,5.945,39150000,225430000,0
2021-02-23,5.640,5.597,5.574,5.700,23920000,134800000,0
2021-02-24,5.600,5.398,5.328,5.624,46260000,251900000,0
2021-02-25,5.413,5.339,5.310,5.459,22680000,122080000,0
2021-02-26,5.277,5.210,5.125,5.290,34460000,179210000,0
2021-03-01,5.234,5.275,5.205,5.309,32610000,171080000,0
2021-03-02,5.292,5.152,5.106,5.312,27910000,145070000,0
2021-03-03,5.111,5.231,5.108,5.231,22010000,113930000,0
2021-03-04,5.194,4.997,4.982,5.194,26880000,135680000,0
2021-03-05,4.930,4.990,4.867,5.062,24520000,122150000,0
2021-03-08,5.018,4.743,4.741,5.058,27100000,132290000,0
2021-03-09,4.701,4.593,4.537,4.728,32680000,151640000,0
2021-03-10,4.670,4.681,4.640,4.728,18430000,86490000,0
2021-03-11,4.686,4.809,4.656,4.842,19720000,93890000,0
2021-03-12,4.812,4.797,4.707,4.838,22080000,105300000,0
2021-03-15,4.770,4.621,4.562,4.770,32040000,148740000,0
2021-03-16,4.623,4.699,4.621,4.715,12930000,60350000,0
2021-03-17,4.707,4.782,4.641,4.796,15760000,74780000,0
2021-03-18,4.795,4.863,4.782,4.897,34010000,165280000,0
2021-03-19,4.799,4.725,4.700,4.822,26090000,124120000,0
2021-03-22,4.725,4.758,4.679,4.778,13450000,63600000,0
2021-03-23,4.756,4.740,4.701,4.783,9430000,44710000,0
2021-03-24,4.738,4.719,4.693,4.815,18030000,85940000,0
2021-03-25,4.677,4.720,4.635,4.739,10670000,50020000,0
2021-03-26,4.725,4.819,4.720,4.828,16710000,80000000,0
2021-03-29,4.834,4.848,4.804,4.930,18090000,88080000,0
2021-03-30,4.856,4.899,4.840,4.950,12370000,60570000,0
2021-03-31,4.899,4.852,4.816,4.899,11760000,56910000,0
2021-04-01,4.853,4.931,4.853,4.934,19550000,95750000,0
2021-04-02,4.958,5.076,4.958,5.078,21340000,107080000,0
2021-04-06,5.078,5.031,5.006,5.078,11600000,58400000,0
2021-04-07,5.015,4.912,4.878,5.021,18500000,90960000,0
2021-04-08,4.863,4.967,4.842,4.977,18910000,93290000,0
2021-04-09,4.951,4.877,4.858,4.951,12950000,63240000,0
2021-04-12,4.876,4.818,4.802,4.904,13810000,66810000,0
2021-04-13,4.802,4.865,4.802,4.920,18210000,88700000,0
2021-04-14,4.870,4.890,4.826,4.906,26240000,127820000,0
2021-04-15,4.882,4.846,4.795,4.901,12060000,58350000,0
2021-04-16,4.846,4.884,4.834,4.902,12570000,61260000,0
2021-04-19,4.892,4.967,4.808,4.973,18250000,89690000,0
2021-04-20,4.956,5.016,4.937,5.095,24200000,121780000,0
2021-04-21,5.000,5.066,4.980,5.083,16910000,85160000,0
2021-04-22,5.066,5.053,4.991,5.085,13650000,68780000,0
2021-04-23,5.054,5.133,5.045,5.135,15670000,79950000,0
2021-04-26,5.100,5.010,5.006,5.160,32860000,167230000,0
2021-04-27,5.012,5.053,4.972,5.058,17170000,86110000,0
2021-04-28,5.021,5.102,4.988,5.102,19540000,98720000,0
2021-04-29,5.126,5.196,5.108,5.196,18410000,94960000,0
2021-04-30,5.196,5.159,5.122,5.196,22300000,115240000,0
2021-05-06,5.137,5.010,4.989,5.137,20900000,105580000,0
2021-05-07,5.000,4.938,4.930,5.058,21450000,107140000,0
2021-05-10,4.935,4.840,4.815,4.950,19210000,93570000,0
2021-05-11,4.820,4.972,4.810,4.972,15520000,76070000,0
2021-05-12,4.967,5.023,4.940,5.034,14790000,73860000,0
2021-05-13,4.986,5.016,4.946,5.021,12590000,62850000,0
2021-05-14,5.016,5.096,4.998,5.126,24540000,124860000,0
2021-05-17,5.105,5.198,5.105,5.230,25070000,130220000,0
2021-05-18,5.191,5.194,5.148,5.215,12130000,62770000,0
2021-05-19,5.189,5.167,5.145,5.200,10980000,56750000,0
2021-05-20,5.167,5.237,5.167,5.240,17370000,90620000,0
2021-05-21,5.227,5.184,5.161,5.265,17170000,89530000,0
2021-05-24,5.183,5.219,5.122,5.221,13500000,69970000,0
2021-05-25,5.217,5.381,5.217,5.390,27030000,144010000,0
2021-05-26,5.381,5.362,5.322,5.404,17120000,91850000,0
2021-05-27,5.355,5.385,5.307,5.438,15480000,83090000,0
2021-05-28,5.380,5.332,5.297,5.380,18430000,98390000,0
2021-05-31,5.325,5.353,5.253,5.353,18850000,99860000,0
2021-06-01,5.354,5.380,5.280,5.380,15750000,84110000,0
2021-06-02,5.375,5.319,5.300,5.379,17320000,92380000,0
2021-06-03,5.320,5.336,5.308,5.424,21640000,116180000,0
2021-06-04,5.315,5.383,5.306,5.420,19950000,107000000,0
2021-06-07,5.352,5.357,5.318,5.381,16680000,89120000,0
2021-06-08,5.360,5.202,5.148,5.371,27470000,144490000,0
2021-06-09,5.170,5.222,5.136,5.252,17710000,92030000,0
2021-06-10,5.210,5.251,5.201,5.276,17560000,92190000,0
2021-06-11,5.255,5.175,5.150,5.255,16930000,87740000,0
2021-06-15,5.163,5.126,5.030,5.163,18950000,96540000,0
2021-06-16,5.105,5.066,5.051,5.135,15460000,78560000,0
2021-06-17,5.032,5.090,5.032,5.121,14310000,72760000,0
2021-06-18,5.094,5.032,4.988,5.097,25030000,126060000,0
2021-06-21,5.029,4.974,4.921,5.029,27490000,136840000,0
2021-06-22,4.974,5.000,4.942,5.000,15090000,74990000,0
2021-06-23,5.006,4.934,4.922,5.009,31480000,155630000,0
2021-06-24,4.929,4.940,4.869,4.954,25500000,125460000,0
2021-06-25,4.932,5.044,4.916,5.048,142340000,178110000,0
2021-06-28,5.060,5.116,5.048,5.116,74890000,95150000,0
2021-06-29,5.120,5.040,5.016,5.120,80990000,102190000,0
2021-06-30,5.044,5.044,5.012,5.088,62000000,78210000,0
2021-07-01,5.056,5.088,4.980,5.100,96080000,120830000,0
2021-07-02,5.056,4.928,4.924,5.056,111300000,138300000,0
2021-07-05,4.916,4.904,4.852,4.944,66930000,82120000,0
2021-07-06,4.904,4.876,4.780,4.904,84780000,102490000,0
2021-07-07,4.876,4.904,4.860,4.920,80780000,98810000,0
2021-07-08,4.908,4.820,4.800,4.912,142660000,172650000,0
2021-07-09,4.808,4.724,4.680,4.812,89060000,105150000,0
2021-07-12,4.728,4.752,4.644,4.776,91340000,108020000,0
2021-07-13,4.764,4.864,4.760,4.872,134830000,163180000,0
2021-07-14,4.852,4.868,4.792,4.892,129250000,156490000,0
2021-07-15,4.864,4.932,4.848,4.940,91370000,112160000,0
2021-07-16,4.928,4.856,4.836,4.940,79470000,96830000,0
2021-07-19,4.860,4.844,4.760,4.860,81850000,98310000,0
2021-07-20,4.796,4.852,4.796,4.856,45200000,54620000,0
2021-07-21,4.852,4.828,4.796,4.892,109480000,132310000,0
2021-07-22,4.828,4.780,4.760,4.852,82610000,98960000,0
2021-07-23,4.764,4.676,4.652,4.768,167840000,196330000,0
2021-07-26,4.640,4.420,4.388,4.644,180650000,202390000,0
2021-07-27,4.420,4.264,4.236,4.436,212590000,230330000,0
2021-07-28,4.232,4.260,4.120,4.300,133560000,140750000,0
2021-07-29,4.316,4.248,4.236,4.356,118420000,126570000,0
2021-07-30,4.224,4.128,4.084,4.224,119310000,123090000,0
2021-08-02,4.080,4.312,4.024,4.328,191570000,202230000,0
2021-08-03,4.296,4.376,4.240,4.380,172130000,186330000,0
2021-08-04,4.372,4.320,4.292,4.376,125830000,135850000,0
2021-08-05,4.220,4.276,4.204,4.352,111170000,119110000,0
2021-08-06,4.256,4.252,4.188,4.268,73580000,77840000,0
2021-08-09,4.240,4.400,4.224,4.416,164140000,179080000,0
2021-08-10,4.408,4.568,4.340,4.572,379900000,427280000,0
2021-08-11,4.544,4.488,4.476,4.568,214320000,241340000,0
2021-08-12,4.448,4.396,4.388,4.508,131820000,146020000,0
2021-08-13,4.380,4.416,4.364,4.444,93500000,102890000,0
2021-08-16,4.412,4.436,4.372,4.452,78870000,87210000,0
2021-08-17,4.436,4.276,4.240,4.436,156650000,168910000,0
2021-08-18,4.232,4.264,4.200,4.300,101060000,107420000,0
2021-08-19,4.236,4.208,4.184,4.288,151230000,159780000,0
2021-08-20,4.132,4.032,3.988,4.136,230860000,233520000,0
2021-08-23,4.000,4.064,4.000,4.084,134140000,135980000,0
2021-08-24,4.060,4.128,4.040,4.152,133430000,137220000,0
2021-08-25,4.132,4.172,4.132,4.224,115230000,120720000,0
2021-08-26,4.172,4.064,4.064,4.188,109830000,112570000,0
2021-08-27,4.056,4.068,4.048,4.152,94410000,96610000,0
2021-08-30,4.080,4.064,3.996,4.100,140180000,141660000,0
2021-08-31,4.036,4.016,3.984,4.096,144840000,145520000,0
2021-09-01,4.008,4.140,3.920,4.160,230600000,233260000,0
2021-09-02,4.136,4.064,4.044,4.140,193530000,197410000,0
2021-09-03,4.036,4.128,3.984,4.136,215500000,219310000,0
2021-09-06,4.120,4.232,4.080,4.256,214460000,225450000,0
2021-09-07,4.220,4.240,4.188,4.252,168890000,178340000,0
2021-09-08,4.244,4.184,4.172,4.248,203130000,213080000,0
2021-09-09,4.180,4.180,4.152,4.216,123400000,128910000,0
2021-09-10,4.180,4.240,4.168,4.252,204890000,216110000,0
2021-09-13,4.232,4.184,4.156,4.252,181900000,190860000,0
2021-09-14,4.176,4.132,4.132,4.232,148620000,155270000,0
2021-09-15,4.120,4.060,4.036,4.124,193330000,196840000,0
2021-09-16,4.040,4.124,4.020,4.148,242750000,248730000,0
2021-09-17,4.116,4.196,4.056,4.224,264490000,274840000,0
2021-09-22,4.148,4.096,4.076,4.148,168740000,173090000,0
2021-09-23,4.092,4.152,4.092,4.176,139840000,144390000,0
2021-09-24,4.152,4.280,4.144,4.300,306300000,325640000,0
2021-09-27,4.344,4.496,4.344,4.552,414520000,462560000,0
2021-09-28,4.476,4.456,4.344,4.476,218190000,241200000,0
2021-09-29,4.408,4.472,4.352,4.492,244770000,271280000,0
2021-09-30,4.464,4.484,4.448,4.536,207510000,233320000,0
2021-10-08,4.508,4.624,4.452,4.676,328590000,379070000,0
2021-10-11,4.672,4.640,4.592,4.728,276410000,321400000,0
2021-10-12,4.588,4.620,4.540,4.652,192850000,222010000,0
2021-10-13,4.620,4.720,4.596,4.772,293890000,343320000,0
2021-10-14,4.700,4.696,4.640,4.760,196630000,230670000,0
2021-10-15,4.640,4.660,4.612,4.744,166810000,194920000,0
2021-10-18,4.608,4.480,4.444,4.608,320180000,359600000,0
2021-10-19,4.456,4.628,4.452,4.632,235310000,269350000,0
2021-10-20,4.632,4.604,4.564,4.676,137970000,158980000,0
2021-10-21,4.600,4.604,4.560,4.640,116340000,133650000,0
2021-10-22,4.608,4.668,4.592,4.704,174290000,202800000,0
2021-10-25,4.684,4.676,4.624,4.708,146970000,171010000,0
2021-10-26,4.652,4.628,4.608,4.676,138480000,160640000,0
2021-10-27,4.596,4.576,4.548,4.616,148100000,169260000,0
2021-10-28,4.564,4.616,4.548,4.640,135940000,156280000,0
2021-10-29,4.640,4.704,4.632,4.712,190380000,223240000,0
2021-11-01,4.628,4.648,4.564,4.700,160300000,185840000,0
2021-11-02,4.640,4.676,4.608,4.704,194090000,226250000,0
2021-11-03,4.676,4.672,4.660,4.720,164950000,193330000,0
2021-11-04,4.684,4.812,4.672,4.828,370480000,443130000,0
2021-11-05,4.796,4.772,4.764,4.848,256220000,307780000,0
2021-11-08,4.772,4.744,4.728,4.784,189120000,224650000,0
2021-11-09,4.740,4.724,4.700,4.768,136290000,161110000,0
2021-11-10,4.720,4.636,4.596,4.724,229800000,266380000,0
2021-11-11,4.608,4.656,4.604,4.668,135600000,157200000,0
2021-11-12,4.672,4.624,4.624,4.680,112810000,131020000,0
2021-11-15,4.632,4.672,4.624,4.692,183920000,214580000,0
2021-11-16,4.700,4.744,4.676,4.768,218070000,258020000,0
2021-11-17,4.720,4.712,4.672,4.732,126260000,148460000,0
2021-11-18,4.704,4.696,4.660,4.716,111380000,130670000,0
2021-11-19,4.680,4.732,4.672,4.752,138360000,163390000,0
2021-11-22,4.720,4.724,4.716,4.780,127670000,151320000,0
2021-11-23,4.712,4.708,4.692,4.756,96710000,114110000,0
2021-11-24,4.712,4.756,4.708,4.784,161260000,191670000,0
2021-11-25,4.756,4.740,4.720,4.796,124740000,148120000,0
2021-11-26,4.728,4.700,4.688,4.736,94410000,111080000,0
2021-11-29,4.668,4.728,4.652,4.728,147050000,172710000,0
2021-11-30,4.732,4.652,4.624,4.736,140400000,163700000,0
2021-12-01,4.664,4.644,4.620,4.684,179770000,208440000,0
2021-12-02,4.652,4.664,4.644,4.692,98050000,114480000,0
2021-12-03,4.668,4.800,4.668,4.800,238020000,283320000,0
2021-12-06,4.800,4.760,4.740,4.808,142060000,169250000,0
2021-12-07,4.756,4.780,4.740,4.804,164740000,196610000,0
2021-12-08,4.780,4.896,4.752,4.896,210830000,255400000,0
2021-12-09,4.896,4.964,4.888,5.028,384930000,479460000,0
2021-12-10,4.948,4.956,4.924,4.984,214890000,266000000,0
2021-12-13,4.996,4.964,4.964,5.064,192640000,240990000,0
2021-12-14,4.956,4.984,4.924,5.020,211690000,263960000,0
2021-12-15,4.964,4.888,4.884,4.968,167970000,206500000,0
2021-12-16,4.892,4.860,4.788,4.900,191060000,230980000,0
2021-12-17,4.852,4.764,4.764,4.852,156490000,187380000,0
2021-12-20,4.760,4.780,4.748,4.816,160090000,191620000,0
2021-12-21,4.784,4.784,4.736,4.796,155770000,185730000,0
2021-12-22,4.780,4.816,4.764,4.820,126430000,151730000,0
2021-12-23,4.824,4.896,4.796,4.900,155210000,188540000,0
2021-12-24,4.876,4.972,4.876,4.980,253110000,313280000,0
2021-12-27,4.980,4.960,4.912,5.000,171540000,212380000,0
2021-12-28,4.964,4.960,4.936,5.000,142360000,176690000,0
2021-12-29,4.960,4.792,4.784,4.972,221010000,267690000,0
2021-12-30,4.780,4.836,4.780,4.844,154840000,186710000,0
2021-12-31,4.840,4.824,4.780,4.840,134010000,161240000,0
2022-01-04,4.828,4.876,4.784,4.876,158800000,191790000,0
2022-01-05,4.872,4.876,4.848,4.920,153980000,187980000,0
2022-01-06,4.852,4.780,4.732,4.856,162460000,194650000,0
2022-01-07,4.752,4.716,4.704,4.788,105340000,124890000,0
2022-01-10,4.692,4.740,4.636,4.756,101780000,119850000,0
2022-01-11,4.732,4.652,4.640,4.744,98040000,114850000,0
2022-01-12,4.652,4.692,4.640,4.700,134550000,157010000,0
2022-01-13,4.696,4.556,4.540,4.696,223550000,256330000,0
2022-01-14,4.544,4.512,4.500,4.584,137610000,155980000,0
2022-01-17,4.508,4.540,4.456,4.540,96500000,108560000,0
2022-01-18,4.524,4.576,4.504,4.584,76450000,87190000,0
2022-01-19,4.580,4.544,4.512,4.588,98600000,111910000,0
2022-01-20,4.540,4.620,4.528,4.636,182800000,210520000,0
2022-01-21,4.608,4.628,4.572,4.656,116720000,134980000,0
2022-01-24,4.584,4.580,4.560,4.648,93270000,107120000,0
2022-01-25,4.568,4.484,4.480,4.588,91320000,103670000,0
2022-01-26,4.480,4.540,4.444,4.540,128820000,145000000,0
2022-01-27,4.532,4.444,4.444,4.576,134710000,151600000,0
2022-01-28,4.456,4.416,4.404,4.500,108230000,120590000,0
2022-02-07,4.444,4.428,4.396,4.480,97600000,108450000,0
2022-02-08,4.428,4.372,4.284,4.428,135610000,147120000,0
2022-02-09,4.364,4.500,4.356,4.524,324520000,362380000,0
2022-02-10,4.516,4.544,4.496,4.556,134820000,152570000,0
2022-02-11,4.520,4.508,4.500,4.584,88060000,100000000,0
2022-02-14,4.480,4.520,4.476,4.552,78760000,89070000,0
2022-02-15,4.516,4.568,4.516,4.576,85600000,97360000,0
2022-02-16,4.568,4.564,4.528,4.576,81120000,92370000,0
2022-02-17,4.560,4.560,4.532,4.576,60360000,68740000,0
2022-02-18,4.540,4.588,4.516,4.588,108280000,123440000,0
2022-02-21,4.592,4.592,4.560,4.620,67740000,77640000,0
2022-02-22,4.564,4.500,4.468,4.564,72130000,81010000,0
2022-02-23,4.500,4.496,4.464,4.524,71220000,79930000,0
2022-02-24,4.460,4.380,4.336,4.484,120200000,132190000,0
2022-02-25,4.380,4.408,4.380,4.448,65950000,72780000,0
2022-02-28,4.384,4.412,4.348,4.412,74940000,82150000,0
2022-03-01,4.420,4.540,4.420,4.540,137290000,154310000,0
2022-03-02,4.504,4.492,4.460,4.512,117110000,131520000,0
2022-03-03,4.496,4.404,4.400,4.500,103620000,114720000,0
2022-03-04,4.380,4.388,4.356,4.420,65060000,71300000,0
2022-03-07,4.344,4.224,4.184,4.372,129100000,137460000,0
2022-03-08,4.240,4.120,4.116,4.288,314990000,329420000,0
2022-03-09,4.124,4.120,3.968,4.192,189720000,194050000,0
2022-03-10,4.184,4.192,4.172,4.220,130830000,137200000,0
2022-03-11,4.120,4.216,4.112,4.228,100350000,104190000,0
2022-03-14,4.176,4.040,4.032,4.176,133440000,136580000,0
2022-03-15,3.984,3.840,3.828,4.000,189340000,185440000,0
2022-03-16,3.880,3.924,3.732,3.960,121700000,117460000,0
2022-03-17,3.952,4.064,3.952,4.116,100200000,101440000,0
2022-03-18,4.044,4.076,4.016,4.100,56600000,57390000,0
2022-03-21,4.076,4.088,4.040,4.116,98990000,100740000,0
2022-03-22,4.056,4.076,4.052,4.108,74900000,76350000,0
2022-03-23,4.096,4.088,4.060,4.120,108150000,110700000,0
2022-03-24,4.064,4.052,4.020,4.072,127210000,128450000,0
2022-03-25,4.028,3.980,3.968,4.072,95390000,95550000,0
2022-03-28,3.920,3.920,3.852,3.932,152840000,148610000,0
2022-03-29,3.916,3.908,3.900,3.956,105080000,103230000,0
2022-03-30,3.928,4.024,3.928,4.036,83110000,82650000,0
2022-03-31,4.012,4.012,3.992,4.048,68000000,68260000,0
2022-04-01,3.996,4.064,3.988,4.112,66060000,67090000,0
2022-04-06,4.048,4.048,3.996,4.072,81370000,81900000,0
2022-04-07,4.012,3.980,3.960,4.048,77380000,77230000,0
2022-04-08,3.972,3.960,3.936,3.996,64680000,64030000,0
2022-04-11,3.936,3.896,3.868,3.940,72780000,70940000,0
2022-04-12,3.880,4.032,3.880,4.052,128380000,127820000,0
2022-04-13,4.012,4.008,3.992,4.052,190030000,191140000,0
2022-04-14,4.040,4.140,4.000,4.188,230460000,236930000,0
2022-04-15,4.116,4.144,4.092,4.176,198280000,205490000,0
2022-04-18,4.100,4.160,4.088,4.160,128740000,132930000,0
2022-04-19,4.172,4.156,4.124,4.216,88300000,92020000,0
2022-04-20,4.160,4.180,4.108,4.244,264720000,277240000,0
2022-04-21,4.132,4.092,4.064,4.196,179450000,185390000,0
2022-04-22,4.072,4.084,4.000,4.116,144820000,146890000,0
2022-04-25,4.004,3.924,3.916,4.076,246730000,246480000,0
2022-04-26,3.932,3.944,3.916,4.032,323870000,321220000,0
2022-04-27,3.924,4.040,3.924,4.048,309540000,309760000,0
2022-04-28,4.032,4.048,4.004,4.076,143050000,144530000,0
2022-04-29,4.076,4.056,4.008,4.104,321160000,325940000,0
2022-05-05,4.056,4.064,4.044,4.132,277050000,283540000,0
2022-05-06,4.000,3.952,3.924,4.000,323650000,320210000,0
2022-05-09,3.924,3.928,3.880,3.952,108280000,105980000,0
2022-05-10,3.888,3.968,3.852,3.980,139390000,137230000,0
2022-05-11,3.972,3.980,3.960,4.032,110760000,110730000,0
2022-05-12,3.956,4.000,3.956,4.036,106690000,106660000,0
2022-05-13,4.004,3.992,3.952,4.036,87930000,87550000,0
2022-05-16,4.000,3.960,3.936,4.016,167460000,166400000,0
2022-05-17,3.952,3.968,3.940,3.976,150190000,148600000,0
2022-05-18,3.972,3.952,3.900,3.972,125330000,123370000,0
2022-05-19,3.900,3.908,3.880,3.920,127160000,123780000,0
2022-05-20,3.908,4.008,3.908,4.012,182780000,181950000,0
2022-05-23,4.008,3.980,3.968,4.016,119650000,119140000,0
2022-05-24,3.992,3.944,3.908,3.992,136030000,133850000,0
2022-05-25,3.920,3.932,3.888,3.936,131580000,128630000,0
2022-05-26,3.940,3.928,3.884,3.956,172170000,168540000,0
2022-05-27,3.940,3.936,3.908,3.992,150390000,148650000,0
2022-05-30,3.940,3.992,3.940,4.020,161270000,161060000,0
2022-05-31,3.992,4.100,3.980,4.136,321940000,329800000,0
2022-06-01,4.104,4.084,4.056,4.120,173130000,176610000,0
2022-06-02,4.060,4.056,4.036,4.072,138030000,139830000,0
2022-06-06,4.052,4.092,3.984,4.092,246700000,250080000,0
2022-06-07,4.088,4.136,4.064,4.176,245790000,254180000,0
2022-06-08,4.144,4.196,4.128,4.240,280510000,293530000,0
2022-06-09,4.188,4.156,4.144,4.224,195010000,203060000,0
2022-06-10,4.136,4.196,4.120,4.212,165390000,172080000,0
2022-06-13,4.148,4.168,4.120,4.184,175700000,182200000,0
2022-06-14,4.116,4.204,4.112,4.228,203940000,212980000,0
2022-06-15,4.232,4.232,4.196,4.320,243350000,259430000,0
2022-06-16,4.252,4.280,4.248,4.320,183690000,197010000,0
2022-06-17,4.256,4.328,4.240,4.336,238960000,256810000,0
2022-06-20,4.360,4.380,4.320,4.416,170200000,185680000,0
2022-06-21,4.376,4.372,4.320,4.408,195770000,213440000,0
2022-06-22,4.368,4.320,4.320,4.376,167910000,182140000,0
2022-06-23,4.332,4.364,4.300,4.368,171110000,185580000,0
2022-06-24,4.368,4.416,4.356,4.440,136090000,149800000,0
2022-06-27,4.456,4.544,4.444,4.588,343100000,389850000,0
2022-06-28,4.544,4.564,4.528,4.580,222790000,253610000,0
2022-06-29,4.572,4.480,4.468,4.572,224260000,252930000,0
2022-06-30,4.504,4.624,4.500,4.660,291710000,335570000,0
2022-07-01,4.640,4.592,4.552,4.640,311010000,356110000,0
2022-07-04,4.592,4.652,4.548,4.660,214130000,246960000,0
2022-07-05,4.656,4.644,4.564,4.688,167740000,193550000,0
2022-07-06,4.604,4.520,4.492,4.608,281520000,319960000,0
2022-07-07,4.512,4.520,4.456,4.552,163680000,184460000,0
2022-07-08,4.540,4.532,4.508,4.572,147620000,167510000,0
2022-07-11,4.520,4.488,4.440,4.520,221980000,248040000,0
2022-07-12,4.464,4.436,4.408,4.512,205180000,228300000,0
2022-07-13,4.444,4.456,4.420,4.484,129390000,143990000,0
2022-07-14,4.456,4.428,4.408,4.472,166590000,184670000,0
2022-07-15,4.428,4.412,4.396,4.512,138300000,154100000,0
2022-07-18,4.404,4.404,4.316,4.424,173410000,189690000,0
2022-07-19,4.400,4.408,4.340,4.416,160000000,175090000,0
2022-07-20,4.428,4.412,4.404,4.456,149930000,165960000,0
2022-07-21,4.412,4.380,4.376,4.432,184370000,203370000,0
2022-07-22,4.380,4.372,4.332,4.416,139430000,152340000,0
2022-07-25,4.372,4.388,4.320,4.392,152920000,166560000,0
2022-07-26,4.400,4.424,4.388,4.444,116390000,128710000,0
2022-07-27,4.416,4.372,4.368,4.416,177840000,194890000,0
2022-07-28,4.384,4.360,4.360,4.424,136050000,149410000,0
2022-07-29,4.344,4.280,4.264,4.368,226680000,243820000,0
2022-08-01,4.280,4.308,4.268,4.336,160080000,172370000,0
2022-08-02,4.276,4.256,4.232,4.308,160820000,171330000,0
2022-08-03,4.256,4.220,4.216,4.300,152490000,162120000,0
2022-08-04,4.232,4.272,4.228,4.296,169250000,180310000,0
2022-08-05,4.292,4.332,4.272,4.336,133180000,143480000,0
2022-08-08,4.320,4.304,4.292,4.348,125470000,135290000,0
2022-08-09,4.292,4.276,4.244,4.292,97570000,103990000,0
2022-08-10,4.252,4.196,4.168,4.276,191940000,201580000,0
2022-08-11,4.208,4.272,4.196,4.272,190250000,201390000,0
2022-08-12,4.260,4.296,4.248,4.312,145240000,155390000,0
2022-08-15,4.272,4.260,4.244,4.304,111140000,118650000,0
2022-08-16,4.268,4.256,4.232,4.272,126690000,134570000,0
2022-08-17,4.264,4.280,4.220,4.296,136670000,145660000,0
2022-08-18,4.272,4.208,4.200,4.272,116370000,122650000,0
2022-08-19,4.208,4.236,4.192,4.272,119830000,126990000,0
2022-08-22,4.232,4.256,4.220,4.276,88380000,93970000,0
2022-08-23,4.256,4.216,4.212,4.276,124370000,131360000,0
2022-08-24,4.224,4.192,4.192,4.244,181860000,191630000,0
2022-08-25,4.200,4.276,4.200,4.276,150510000,159860000,0
2022-08-26,4.280,4.320,4.280,4.368,187680000,203210000,0
2022-08-29,4.320,4.276,4.272,4.360,240660000,258640000,0
2022-08-30,4.280,4.280,4.220,4.288,123800000,131760000,0
2022-08-31,4.264,4.324,4.256,4.360,207470000,223980000,0
2022-09-01,4.312,4.252,4.248,4.312,211600000,226590000,0
2022-09-02,4.252,4.216,4.188,4.264,141470000,149060000,0
2022-09-05,4.204,4.148,4.112,4.204,137040000,141620000,0
2022-09-06,4.136,4.168,4.132,4.176,101150000,105050000,0
2022-09-07,4.140,4.112,4.092,4.144,135680000,139320000,0
2022-09-08,4.112,4.100,4.096,4.152,99070000,102130000,0
2022-09-09,4.100,4.144,4.084,4.152,141280000,145960000,0
2022-09-13,4.156,4.200,4.148,4.232,142470000,149700000,0
2022-09-14,4.168,4.180,4.160,4.204,161050000,168210000,0
2022-09-15,4.184,4.172,4.152,4.224,193070000,202230000,0
2022-09-16,4.180,4.096,4.096,4.192,162530000,168250000,0
2022-09-19,4.100,4.140,4.080,4.184,181460000,187510000,0
2022-09-20,4.152,4.160,4.112,4.176,99750000,103360000,0
2022-09-21,4.152,4.100,4.096,4.160,99360000,102250000,0
2022-09-22,4.080,4.040,4.040,4.092,98190000,99690000,0
2022-09-23,4.036,4.052,4.008,4.080,105600000,106800000,0
2022-09-26,4.020,4.064,4.016,4.120,111960000,114490000,0
2022-09-27,4.080,4.208,4.056,4.212,233100000,242210000,0
2022-09-28,4.204,4.184,4.180,4.240,198420000,208850000,0
2022-09-29,4.220,4.180,4.156,4.252,198910000,209370000,0
2022-09-30,4.172,4.168,4.160,4.224,209820000,219520000,0
2022-10-10,4.164,4.044,4.036,4.172,227770000,233850000,0
2022-10-11,4.040,4.052,3.992,4.068,216880000,218700000,0
2022-10-12,4.060,4.048,3.936,4.060,210670000,210190000,0
2022-10-13,4.032,4.032,3.992,4.072,133240000,134300000,0
2022-10-14,4.060,4.088,4.040,4.112,125710000,128440000,0
2022-10-17,4.080,4.072,4.024,4.084,130520000,132400000,0
2022-10-18,4.072,4.040,4.024,4.108,162110000,164280000,0
2022-10-19,4.020,3.928,3.916,4.032,212920000,210620000,0
2022-10-20,3.896,3.912,3.872,3.980,150360000,147440000,0
2022-10-21,3.904,3.868,3.840,3.904,118510000,114800000,0
2022-10-24,3.840,3.692,3.664,3.840,273360000,254880000,0
2022-10-25,3.656,3.680,3.648,3.724,152320000,140120000,0
2022-10-26,3.700,3.644,3.632,3.736,227810000,209290000,0
2022-10-27,3.628,3.548,3.536,3.656,199360000,178840000,0
2022-10-28,3.520,3.456,3.440,3.532,161870000,141040000,0
2022-10-31,3.408,3.424,3.368,3.460,134070000,114580000,0
2022-11-01,3.420,3.616,3.420,3.628,306200000,271470000,0
2022-11-02,3.604,3.664,3.580,3.724,366320000,335740000,0
2022-11-03,3.624,3.624,3.596,3.640,121620000,110090000,0
2022-11-04,3.608,3.772,3.608,3.800,268310000,251530000,0
2022-11-07,3.744,3.792,3.720,3.812,203430000,192150000,0
2022-11-08,3.780,3.728,3.708,3.816,142270000,133060000,0
2022-11-09,3.728,3.676,3.668,3.744,209490000,192820000,0
2022-11-10,3.652,3.712,3.648,3.732,203020000,188050000,0
2022-11-11,3.820,3.812,3.748,3.844,261250000,248140000,0
2022-11-14,3.816,3.780,3.768,3.872,150520000,143510000,0
2022-11-15,3.780,3.844,3.756,3.876,154200000,147330000,0
2022-11-16,3.848,3.840,3.824,3.892,196290000,189600000,0
2022-11-17,3.840,3.836,3.796,3.860,112930000,107880000,0
2022-11-18,3.840,3.816,3.812,3.856,180670000,173020000,0
2022-11-21,3.784,3.752,3.708,3.784,173950000,162220000,0
2022-11-22,3.740,3.744,3.728,3.800,131210000,123010000,0
2022-11-23,3.740,3.716,3.700,3.744,155400000,144570000,0
2022-11-24,3.740,3.692,3.684,3.752,106050000,98210000,0
2022-11-25,3.692,3.692,3.660,3.712,123620000,114020000,0
2022-11-28,3.636,3.696,3.576,3.704,215360000,195960000,0
2022-11-29,3.720,3.812,3.720,3.840,268670000,254460000,0
2022-11-30,3.812,3.820,3.788,3.852,251660000,240360000,0
2022-12-01,3.932,3.928,3.900,3.992,380860000,376280000,0
2022-12-02,3.928,3.948,3.912,3.976,177210000,174700000,0
2022-12-05,4.004,4.012,3.976,4.028,275090000,275430000,0
2022-12-06,3.996,4.084,3.984,4.160,244780000,250730000,0
2022-12-07,4.084,4.104,4.056,4.172,492210000,505780000,0
2022-12-08,4.104,4.072,4.056,4.104,212220000,216300000,0
2022-12-09,4.080,4.160,4.036,4.168,281330000,289120000,0
2022-12-12,4.160,4.100,4.096,4.172,170240000,175740000,0
2022-12-13,4.096,4.156,4.080,4.168,207840000,214820000,0
2022-12-14,4.160,4.236,4.124,4.240,224140000,235260000,0
2022-12-15,4.256,4.180,4.172,4.264,188080000,197570000,0
2022-12-16,4.160,4.196,4.148,4.204,137180000,143210000,0
2022-12-19,4.196,4.144,4.124,4.220,177910000,185030000,0
2022-12-20,4.128,4.008,3.984,4.132,234320000,236760000,0
2022-12-21,4.008,4.048,4.008,4.084,301060000,305250000,0
2022-12-22,4.088,4.132,4.076,4.184,211110000,218240000,0
2022-12-23,4.124,4.144,4.084,4.184,153210000,158670000,0
2022-12-26,4.148,4.104,4.096,4.176,148450000,153550000,0
2022-12-27,4.144,4.184,4.120,4.200,212510000,221580000,0
2022-12-28,4.176,4.164,4.140,4.180,134850000,140160000,0
2022-12-29,4.124,4.112,4.096,4.140,153750000,158380000,0
2022-12-30,4.140,4.176,4.124,4.180,191560000,199030000,0
2023-01-03,4.176,4.100,4.068,4.176,301610000,309020000,0
2023-01-04,4.104,4.096,4.072,4.128,170310000,174690000,0
2023-01-05,4.108,4.232,4.108,4.248,344700000,362540000,0
2023-01-06,4.240,4.232,4.188,4.248,244300000,257850000,0
2023-01-09,4.240,4.296,4.208,4.308,228410000,243570000,0
2023-01-10,4.300,4.316,4.268,4.336,266450000,287280000,0
2023-01-11,4.296,4.296,4.264,4.328,231910000,249400000,0
2023-01-12,4.308,4.272,4.256,4.316,225100000,240600000,0
2023-01-13,4.276,4.388,4.272,4.388,297930000,323850000,0
2023-01-16,4.388,4.476,4.388,4.532,399500000,447860000,0
2023-01-17,4.468,4.428,4.412,4.500,429220000,477120000,0
2023-01-18,4.444,4.388,4.380,4.480,227050000,250420000,0
2023-01-19,4.380,4.372,4.332,4.392,214980000,234380000,0
2023-01-20,4.400,4.364,4.360,4.432,206130000,225990000,0
2023-01-30,4.448,4.408,4.392,4.460,309730000,342250000,0
2023-01-31,4.412,4.332,4.320,4.448,254100000,277220000,0
2023-02-01,4.340,4.368,4.288,4.372,167980000,182100000,0
2023-02-02,4.368,4.388,4.332,4.408,194210000,212260000,0
2023-02-03,4.360,4.344,4.300,4.360,238510000,258010000,0
2023-02-06,4.280,4.268,4.216,4.296,436180000,464120000,0
2023-02-07,4.268,4.272,4.252,4.304,376460000,402020000,0
2023-02-08,4.280,4.236,4.224,4.288,143730000,152660000,0
2023-02-09,4.224,4.312,4.224,4.324,203480000,218680000,0
2023-02-10,4.328,4.320,4.292,4.348,163080000,176070000,0
2023-02-13,4.316,4.416,4.312,4.440,216220000,237860000,0
2023-02-14,4.444,4.400,4.388,4.444,152690000,168200000,0
2023-02-15,4.404,4.372,4.360,4.428,197270000,216140000,0
2023-02-16,4.364,4.364,4.336,4.440,214700000,235920000,0
2023-02-17,4.364,4.340,4.340,4.432,235580000,258870000,0
2023-02-20,4.336,4.416,4.304,4.424,242720000,264710000,0
2023-02-21,4.416,4.392,4.372,4.428,218010000,239470000,0
2023-02-22,4.396,4.404,4.368,4.436,179420000,197500000,0
2023-02-23,4.404,4.360,4.336,4.420,133100000,145460000,0
2023-02-24,4.352,4.316,4.288,4.356,196010000,211530000,0
2023-02-27,4.288,4.344,4.280,4.360,165860000,179490000,0
2023-02-28,4.348,4.356,4.312,4.376,132810000,144080000,0
2023-03-01,4.360,4.392,4.324,4.396,137190000,149980000,0
2023-03-02,4.388,4.372,4.360,4.392,101340000,110880000,0
2023-03-03,4.384,4.356,4.328,4.412,176870000,192750000,0
2023-03-06,4.360,4.340,4.308,4.372,159310000,173020000,0
2023-03-07,4.332,4.248,4.244,4.340,187800000,201230000,0
2023-03-08,4.244,4.216,4.200,4.256,188920000,199170000,0
2023-03-09,4.212,4.200,4.156,4.236,115210000,121020000,0
2023-03-10,4.176,4.136,4.136,4.200,185030000,192340000,0
2023-03-13,4.128,4.216,4.128,4.216,143940000,150940000,0
2023-03-14,4.212,4.212,4.176,4.232,144630000,152350000,0
2023-03-15,4.232,4.184,4.176,4.252,121270000,127640000,0
2023-03-16,4.160,4.140,4.140,4.208,140620000,146370000,0
2023-03-17,4.176,4.112,4.092,4.192,169080000,174710000,0
2023-03-20,4.112,4.052,4.032,4.120,204450000,207340000,0
2023-03-21,4.064,4.132,4.048,4.152,152710000,156920000,0
2023-03-22,4.148,4.132,4.120,4.180,147600000,153100000,0
2023-03-23,4.112,4.156,4.112,4.180,163140000,169280000,0
2023-03-24,4.156,4.152,4.136,4.188,144540000,150390000,0
2023-03-27,4.152,4.140,4.116,4.160,120630000,124650000,0
2023-03-28,4.148,4.196,4.136,4.212,147510000,154230000,0
2023-03-29,4.208,4.204,4.176,4.224,125470000,131730000,0
2023-03-30,4.200,4.248,4.188,4.260,125120000,132260000,0
2023-03-31,4.272,4.264,4.252,4.328,158770000,170280000,0
2023-04-03,4.264,4.256,4.236,4.288,135640000,144520000,0
2023-04-04,4.272,4.296,4.244,4.304,260620000,278710000,0
2023-04-06,4.268,4.232,4.216,4.300,140860000,149380000,0
2023-04-07,4.232,4.208,4.192,4.252,271340000,285780000,0
2023-04-10,4.204,4.164,4.112,4.204,176660000,182990000,0
2023-04-11,4.160,4.116,4.104,4.168,129060000,133100000,0
2023-04-12,4.116,4.040,4.016,4.132,228530000,231380000,0
2023-04-13,4.024,4.044,4.000,4.060,138920000,140100000,0
2023-04-14,4.048,4.012,4.004,4.060,127520000,128330000,0
2023-04-17,4.016,4.048,4.016,4.068,139030000,140460000,0
2023-04-18,4.056,4.076,4.048,4.088,195820000,199190000,0
2023-04-19,4.100,4.040,4.028,4.100,183210000,185370000,0
2023-04-20,4.040,3.996,3.984,4.044,183220000,183620000,0
2023-04-21,3.988,3.976,3.968,4.028,135140000,135040000,0
2023-04-24,3.968,3.904,3.884,3.972,170350000,166680000,0
2023-04-25,3.900,3.948,3.888,3.948,170250000,166770000,0
2023-04-26,3.944,3.936,3.900,3.952,178730000,175450000,0
2023-04-27,3.936,3.964,3.912,3.984,123480000,121780000,0
2023-04-28,3.976,4.008,3.976,4.028,495160000,495970000,0
2023-05-04,4.008,3.956,3.956,4.040,156980000,156470000,0
2023-05-05,3.968,3.980,3.936,3.984,135440000,134320000,0
2023-05-08,3.980,3.948,3.936,4.000,148520000,146690000,0
2023-05-09,3.932,3.948,3.908,3.988,155860000,153970000,0
2023-05-10,3.936,3.924,3.908,3.944,198980000,194880000,0
2023-05-11,3.924,3.912,3.904,3.956,81630000,80100000,0
2023-05-12,3.908,3.884,3.884,3.944,110400000,107810000,0
2023-05-15,3.880,3.908,3.856,3.908,109620000,106360000,0
2023-05-16,3.920,3.884,3.868,3.920,103410000,100340000,0
2023-05-17,3.876,3.844,3.832,3.880,135330000,130100000,0
2023-05-18,3.840,3.804,3.792,3.860,163560000,156290000,0
2023-05-19,3.796,3.840,3.760,3.844,129680000,123570000,0
2023-05-22,3.836,3.912,3.800,3.928,232170000,226000000,0
2023-05-23,3.908,3.868,3.868,3.924,129740000,126130000,0
2023-05-24,3.864,3.816,3.816,3.864,113290000,108840000,0
2023-05-25,3.808,3.784,3.760,3.808,128990000,121970000,0
2023-05-26,3.784,3.780,3.752,3.812,176280000,166320000,0
2023-05-29,3.780,3.752,3.720,3.800,199190000,186490000,0
2023-05-30,3.744,3.712,3.672,3.752,162210000,150170000,0
2023-05-31,3.700,3.648,3.624,3.704,165900000,151440000,0
2023-06-01,3.636,3.668,3.624,3.724,173120000,158980000,0
2023-06-02,3.676,3.732,3.656,3.740,182410000,169060000,0
2023-06-05,3.724,3.684,3.660,3.732,189060000,173970000,0
2023-06-06,3.672,3.672,3.652,3.716,106560000,98120000,0
2023-06-07,3.676,3.640,3.624,3.692,133660000,122040000,0
2023-06-08,3.624,3.676,3.624,3.692,151920000,139000000,0
2023-06-09,3.676,3.668,3.656,3.688,127760000,117250000,0
2023-06-12,3.656,3.748,3.652,3.772,155540000,144580000,0
2023-06-13,3.756,3.764,3.732,3.792,335140000,315260000,0
2023-06-14,3.776,3.820,3.768,3.844,214380000,204940000,0
2023-06-15,3.836,3.880,3.816,3.880,177050000,170330000,0
2023-06-16,3.900,3.896,3.868,3.924,377770000,368250000,0
2023-06-19,3.896,3.848,3.824,3.916,247540000,238950000,0
2023-06-20,3.832,3.808,3.804,3.856,183670000,175730000,0
2023-06-21,3.812,3.764,3.764,3.820,402790000,382120000,0
2023-06-26,3.752,3.708,3.680,3.752,171170000,158640000,0
2023-06-27,3.712,3.728,3.684,3.744,182110000,169130000,0
2023-06-28,3.720,3.740,3.704,3.756,164320000,153250000,0
2023-06-29,3.736,3.700,3.692,3.744,168290000,156170000,0
2023-06-30,3.704,3.704,3.684,3.728,196220000,181870000,0
2023-07-03,3.704,3.776,3.684,3.776,259140000,243170000,0
2023-07-04,3.772,3.792,3.736,3.792,111710000,105180000,0
2023-07-05,3.792,3.720,3.712,3.792,161750000,150800000,0
2023-07-06,3.716,3.696,3.684,3.744,111230000,103080000,0
2023-07-07,3.688,3.704,3.668,3.716,139240000,128650000,0
2023-07-10,3.720,3.716,3.696,3.744,114140000,106020000,0
2023-07-11,3.732,3.708,3.688,3.732,122620000,113410000,0
2023-07-12,3.712,3.716,3.700,3.736,111980000,104180000,0
2023-07-13,3.736,3.808,3.732,3.816,187750000,177630000,0
2023-07-14,3.820,3.784,3.772,3.824,111050000,105290000,0
2023-07-17,3.784,3.772,3.740,3.784,119000000,111600000,0
2023-07-18,3.760,3.740,3.740,3.768,162680000,152400000,0
2023-07-19,3.736,3.736,3.720,3.756,174150000,162510000,0
2023-07-20,3.748,3.736,3.728,3.788,208270000,195740000,0
2023-07-21,3.744,3.808,3.736,3.828,302290000,286490000,0
2023-07-24,3.796,3.752,3.740,3.796,224560000,211020000,0
2023-07-25,3.816,3.876,3.816,3.880,403600000,389190000,0
2023-07-26,3.864,3.872,3.848,3.884,248990000,240460000,0
2023-07-27,3.880,3.896,3.860,3.932,275710000,269010000,0
2023-07-28,3.892,3.972,3.876,3.984,322910000,318520000,0
2023-07-31,4.004,4.000,3.976,4.088,381950000,384920000,0
2023-08-01,4.000,3.948,3.932,4.016,471500000,466530000,0
2023-08-02,3.940,3.928,3.904,3.968,238480000,234220000,0
2023-08-03,3.920,3.952,3.896,3.956,186430000,183100000,0
2023-08-04,3.996,3.948,3.940,4.024,233200000,231230000,0
2023-08-07,3.944,3.916,3.896,3.948,185590000,181730000,0
2023-08-08,3.912,3.916,3.876,3.928,213840000,208630000,0
2023-08-09,3.904,3.908,3.892,3.920,174460000,170260000,0
2023-08-10,3.912,3.904,3.876,3.916,151150000,147190000,0
2023-08-11,3.912,3.828,3.824,3.916,206750000,199290000,0
2023-08-14,3.800,3.784,3.732,3.808,198490000,186770000,0
2023-08-15,3.776,3.768,3.740,3.788,135650000,127600000,0
2023-08-16,3.752,3.752,3.744,3.784,137780000,129730000,0
2023-08-17,3.744,3.816,3.724,3.820,183990000,173810000,0
2023-08-18,3.804,3.736,3.736,3.812,138390000,130330000,0
2023-08-21,3.724,3.708,3.700,3.760,163350000,152340000,0
2023-08-22,3.720,3.700,3.656,3.736,144770000,133440000,0
2023-08-23,3.692,3.648,3.648,3.708,131340000,120680000,0
2023-08-24,3.656,3.716,3.640,3.732,151320000,139720000,0
2023-08-25,3.700,3.716,3.700,3.736,162500000,150960000,0
2023-08-28,3.880,3.716,3.696,3.900,226620000,213760000,0
2023-08-29,3.712,3.764,3.680,3.776,192050000,179550000,0
2023-08-30,3.756,3.752,3.740,3.784,172310000,162020000,0
2023-08-31,3.740,3.732,3.716,3.744,147960000,137930000,0
2023-09-01,3.752,3.776,3.748,3.788,252430000,238140000,0
2023-09-04,3.796,3.848,3.788,3.856,242330000,232110000,0
2023-09-05,3.852,3.812,3.800,3.852,147630000,140860000,0
2023-09-06,3.808,3.800,3.780,3.812,125020000,118640000,0
2023-09-07,3.796,3.756,3.740,3.796,187400000,176230000,0
2023-09-08,3.744,3.728,3.708,3.756,167730000,156220000,0
2023-09-11,3.728,3.764,3.716,3.780,122620000,115040000,0
2023-09-12,3.764,3.768,3.748,3.784,138620000,130680000,0
2023-09-13,3.768,3.756,3.740,3.800,194450000,182860000,0
2023-09-14,3.764,3.748,3.724,3.776,101600000,95160000,0
2023-09-15,3.752,3.716,3.704,3.768,206850000,193350000,0
2023-09-18,3.708,3.740,3.684,3.748,153060000,142590000,0
2023-09-19,3.740,3.732,3.704,3.744,92990000,86480000,0
2023-09-20,3.728,3.724,3.712,3.744,91790000,85650000,0
2023-09-21,3.716,3.656,3.656,3.720,176330000,162230000,0
2023-09-22,3.656,3.728,3.648,3.732,158840000,146880000,0
2023-09-25,3.732,3.708,3.700,3.732,144220000,133910000,0
2023-09-26,3.712,3.684,3.680,3.724,128080000,118260000,0
2023-09-27,3.676,3.696,3.676,3.724,156000000,144000000,0
2023-09-28,3.700,3.644,3.636,3.708,163900000,149580000,0
2023-10-09,3.640,3.616,3.572,3.640,126680000,114030000,0
2023-10-10,3.616,3.600,3.592,3.660,118540000,107170000,0
2023-10-11,3.616,3.604,3.596,3.632,163350000,147340000,0
2023-10-12,3.620,3.620,3.600,3.640,124160000,112230000,0
2023-10-13,3.604,3.552,3.540,3.604,180080000,160280000,0
2023-10-16,3.552,3.500,3.496,3.556,147050000,129270000,0
2023-10-17,3.504,3.520,3.480,3.524,106950000,93900000,0
2023-10-18,3.512,3.508,3.500,3.548,133070000,117060000,0
2023-10-19,3.500,3.400,3.392,3.500,216900000,185840000,0
2023-10-20,3.388,3.376,3.364,3.420,136340000,115460000,0
2023-10-23,3.372,3.368,3.344,3.420,182660000,153870000,0
2023-10-24,3.376,3.388,3.344,3.404,132640000,111980000,0
2023-10-25,3.432,3.456,3.432,3.488,161820000,140120000,0
2023-10-26,3.448,3.488,3.440,3.492,145320000,126040000,0
2023-10-27,3.484,3.560,3.472,3.576,142040000,125560000,0
2023-10-30,3.564,3.604,3.556,3.620,335880000,302240000,0
2023-10-31,3.608,3.620,3.588,3.624,173630000,156660000,0
2023-11-01,3.716,3.656,3.648,3.740,297920000,273820000,0
2023-11-02,3.644,3.620,3.616,3.672,133180000,120970000,0
2023-11-03,3.612,3.652,3.600,3.660,215350000,196400000,0
2023-11-06,3.668,3.648,3.620,3.676,201260000,182980000,0
2023-11-07,3.640,3.632,3.612,3.648,113350000,102880000,0
2023-11-08,3.628,3.624,3.600,3.644,115700000,104680000,0
2023-11-09,3.620,3.624,3.608,3.640,102050000,92460000,0
2023-11-10,3.620,3.596,3.584,3.620,110250000,99190000,0
2023-11-13,3.600,3.580,3.552,3.608,162930000,145480000,0
2023-11-14,3.576,3.584,3.564,3.608,95750000,85760000,0
2023-11-15,3.600,3.604,3.588,3.612,114900000,103440000,0
2023-11-16,3.600,3.564,3.560,3.608,81960000,73280000,0
2023-11-17,3.560,3.552,3.528,3.568,90860000,80450000,0
2023-11-20,3.552,3.572,3.528,3.588,120300000,106980000,0
2023-11-21,3.580,3.616,3.568,3.632,141370000,127690000,0
2023-11-22,3.608,3.592,3.588,3.616,125490000,112980000,0
2023-11-23,3.588,3.592,3.564,3.596,96790000,86640000,0
2023-11-24,3.592,3.596,3.580,3.604,110690000,99470000,0
2023-11-27,3.596,3.568,3.540,3.596,183790000,163530000,0
2023-11-28,3.560,3.556,3.544,3.576,78480000,69780000,0
2023-11-29,3.556,3.548,3.524,3.560,105380000,93380000,0
2023-11-30,3.548,3.568,3.536,3.576,113950000,101420000,0
2023-12-01,3.568,3.516,3.500,3.572,112050000,98790000,0
2023-12-04,3.516,3.496,3.484,3.516,83990000,73560000,0
2023-12-05,3.488,3.428,3.428,3.492,135150000,117350000,0
2023-12-06,3.424,3.460,3.412,3.476,106980000,92190000,0
2023-12-07,3.460,3.440,3.416,3.460,117390000,100750000,0
2023-12-08,3.444,3.444,3.432,3.464,116180000,100200000,0
2023-12-11,3.424,3.424,3.348,3.432,183620000,155320000,0
2023-12-12,3.420,3.436,3.400,3.436,80650000,69000000,0
2023-12-13,3.440,3.336,3.332,3.440,145590000,122350000,0
2023-12-14,3.340,3.292,3.288,3.360,131690000,109140000,0
2023-12-15,3.296,3.304,3.288,3.348,179780000,148570000,0
2023-12-18,3.296,3.292,3.264,3.308,119680000,98500000,0
2023-12-19,3.292,3.284,3.264,3.300,93930000,76970000,0
2023-12-20,3.292,3.244,3.244,3.296,102280000,83540000,0
2023-12-21,3.244,3.288,3.232,3.296,123200000,100710000,0
2023-12-22,3.288,3.296,3.264,3.316,118730000,97670000,0
2023-12-25,3.300,3.320,3.288,3.320,81570000,67410000,0
2023-12-26,3.320,3.300,3.280,3.324,140880000,116120000,0
2023-12-27,3.300,3.320,3.284,3.332,108970000,90210000,0
2023-12-28,3.324,3.420,3.320,3.436,160210000,135840000,0
2023-12-29,3.420,3.412,3.392,3.440,131380000,112100000,0
2024-01-02,3.400,3.356,3.352,3.412,93410000,78660000,0
2024-01-03,3.348,3.336,3.316,3.376,112350000,93620000,0
2024-01-04,3.336,3.276,3.264,3.336,154850000,127010000,0
2024-01-05,3.276,3.256,3.244,3.300,104140000,85280000,0
2024-01-08,3.256,3.200,3.200,3.264,137990000,111140000,0
2024-01-09,3.208,3.208,3.180,3.224,123690000,99050000,0
2024-01-10,3.204,3.220,3.180,3.248,133290000,107110000,0
2024-01-11,3.212,3.240,3.200,3.256,100810000,81510000,0
2024-01-12,3.236,3.224,3.212,3.260,109790000,88920000,0
2024-01-15,3.228,3.208,3.200,3.244,80090000,64410000,0
2024-01-16,3.200,3.220,3.188,3.228,108610000,87030000,0
2024-01-17,3.212,3.136,3.136,3.216,132760000,105270000,0
2024-01-18,3.132,3.180,3.080,3.180,178960000,139230000,0
2024-01-19,3.176,3.180,3.152,3.200,100680000,80020000,0
2024-01-22,3.188,3.108,3.092,3.188,142170000,111650000,0
2024-01-23,3.108,3.112,3.080,3.140,154440000,119850000,0
2024-01-24,3.116,3.136,3.056,3.140,129920000,100690000,0
2024-01-25,3.140,3.180,3.112,3.184,136880000,107970000,0
2024-01-26,3.200,3.172,3.152,3.200,100670000,79790000,0
2024-01-29,3.172,3.192,3.168,3.236,115510000,92550000,0
2024-01-30,3.180,3.112,3.108,3.180,101370000,79480000,0
2024-01-31,3.108,3.084,3.064,3.120,109360000,84490000,0
2024-02-01,3.080,3.096,3.056,3.112,89140000,68820000,0
2024-02-02,3.088,3.096,3.008,3.152,192500000,148660000,0
2024-02-05,3.088,3.116,3.016,3.148,249350000,193010000,0
2024-02-06,3.112,3.240,3.096,3.244,166110000,132540000,0
2024-02-07,3.244,3.312,3.212,3.312,192840000,157570000,0
2024-02-08,3.316,3.300,3.264,3.348,140990000,116220000,0
2024-02-19,3.332,3.308,3.268,3.344,127440000,105100000,0
2024-02-20,3.288,3.284,3.264,3.304,68530000,56210000,0
2024-02-21,3.280,3.384,3.264,3.420,165140000,138770000,0
2024-02-22,3.380,3.392,3.356,3.400,96080000,81150000,0
2024-02-23,3.396,3.396,3.372,3.428,101120000,85830000,0
2024-02-26,3.404,3.360,3.352,3.412,86460000,72870000,0
2024-02-27,3.352,3.368,3.340,3.372,77310000,64850000,0
2024-02-28,3.372,3.336,3.336,3.400,139200000,117260000,0
2024-02-29,3.340,3.392,3.328,3.396,121290000,102060000,0
2024-03-01,3.396,3.384,3.356,3.404,121250000,102580000,0
2024-03-04,3.384,3.364,3.344,3.384,108770000,91310000,0
2024-03-05,3.356,3.416,3.348,3.420,116330000,98620000,0
2024-03-06,3.404,3.372,3.360,3.408,119910000,101180000,0
2024-03-07,3.372,3.360,3.356,3.396,88420000,74580000,0
2024-03-08,3.352,3.336,3.320,3.372,99990000,83650000,0
2024-03-11,3.344,3.408,3.336,3.408,117820000,99520000,0
2024-03-12,3.408,3.500,3.400,3.512,154320000,133780000,0
2024-03-13,3.512,3.468,3.448,3.512,76170000,66190000,0
2024-03-14,3.448,3.456,3.440,3.496,86360000,74730000,0
2024-03-15,3.452,3.468,3.440,3.484,69970000,60480000,0
2024-03-18,3.464,3.480,3.436,3.480,78400000,67870000,0
2024-03-19,3.476,3.520,3.468,3.544,132710000,116770000,0
2024-03-20,3.512,3.512,3.492,3.528,85140000,74790000,0
2024-03-21,3.520,3.540,3.512,3.556,114740000,101360000,0
2024-03-22,3.540,3.464,3.444,3.544,148040000,128420000,0
2024-03-25,3.464,3.448,3.428,3.472,74580000,64340000,0
2024-03-26,3.440,3.484,3.440,3.492,93470000,81170000,0
2024-03-27,3.484,3.440,3.440,3.488,102250000,88590000,0
2024-03-28,3.440,3.440,3.416,3.480,85790000,73890000,0
2024-03-29,3.440,3.460,3.428,3.460,67020000,57710000,0
2024-04-01,3.468,3.528,3.464,3.552,174970000,154310000,0
2024-04-02,3.528,3.504,3.492,3.532,76230000,66840000,0
2024-04-03,3.504,3.520,3.492,3.532,114990000,100960000,0
2024-04-08,3.512,3.420,3.420,3.512,142700000,122580000,0
2024-04-09,3.408,3.420,3.392,3.432,70490000,60100000,0
2024-04-10,3.420,3.372,3.356,3.420,95280000,80490000,0
2024-04-11,3.360,3.356,3.344,3.372,79710000,66920000,0
2024-04-12,3.360,3.300,3.300,3.384,85860000,71560000,0
2024-04-15,3.292,3.392,3.292,3.396,116880000,98150000,0
2024-04-16,3.392,3.360,3.352,3.396,99840000,84290000,0
2024-04-17,3.356,3.380,3.344,3.380,81310000,68310000,0
2024-04-18,3.368,3.400,3.348,3.432,203950000,173500000,0
2024-04-19,3.400,3.368,3.344,3.400,67860000,57100000,0
2024-04-22,3.372,3.436,3.372,3.460,89940000,77020000,0
2024-04-23,3.436,3.460,3.416,3.464,242900000,209510000,0
2024-04-24,3.452,3.452,3.416,3.472,97200000,83630000,0
2024-04-25,3.448,3.444,3.420,3.456,91060000,78320000,0
2024-04-26,3.448,3.492,3.444,3.508,112850000,98320000,0
2024-04-29,3.520,3.516,3.472,3.552,103370000,90800000,0
2024-04-30,3.532,3.520,3.512,3.560,140980000,124580000,0
2024-05-06,3.556,3.592,3.556,3.620,105210000,94470000,0
2024-05-07,3.620,3.596,3.560,3.620,86750000,77850000,0
2024-05-08,3.596,3.600,3.576,3.608,88370000,79390000,0
2024-05-09,3.592,3.612,3.584,3.616,85250000,76800000,0
2024-05-10,3.616,3.600,3.580,3.640,76260000,68740000,0
2024-05-13,3.576,3.572,3.548,3.580,80150000,71460000,0
2024-05-14,3.568,3.576,3.556,3.596,195870000,175150000,0
2024-05-15,3.576,3.540,3.540,3.588,187300000,166380000,0
2024-05-16,3.540,3.560,3.524,3.580,293700000,261350000,0
2024-05-17,3.556,3.612,3.552,3.612,127130000,113910000,0
2024-05-20,3.616,3.648,3.612,3.680,106770000,97460000,0
2024-05-21,3.648,3.640,3.616,3.664,60730000,55180000,0
2024-05-22,3.644,3.612,3.596,3.648,69860000,63120000,0
2024-05-23,3.608,3.572,3.560,3.624,57260000,51220000,0
2024-05-24,3.568,3.532,3.528,3.580,93180000,82780000,0
2024-05-27,3.532,3.552,3.520,3.552,68990000,60980000,0
2024-05-28,3.552,3.504,3.504,3.552,67260000,59160000,0
2024-05-29,3.504,3.504,3.496,3.532,48650000,42710000,0
2024-05-30,3.508,3.464,3.456,3.508,57590000,50020000,0
2024-05-31,3.464,3.464,3.452,3.484,54140000,46940000,0
2024-06-03,3.460,3.468,3.444,3.484,61160000,52900000,0
2024-06-04,3.468,3.496,3.448,3.504,78320000,68280000,0
2024-06-05,3.492,3.464,3.456,3.504,66540000,57820000,0
2024-06-06,3.464,3.436,3.420,3.468,92870000,79720000,0
2024-06-07,3.436,3.404,3.392,3.472,69590000,59420000,0
2024-06-11,3.396,3.348,3.336,3.396,70170000,58850000,0
2024-06-12,3.360,3.348,3.344,3.372,48050000,40310000,0
2024-06-13,3.356,3.292,3.280,3.356,65130000,53800000,0
2024-06-14,3.292,3.324,3.248,3.324,113510000,93160000,0
2024-06-17,3.300,3.296,3.252,3.304,76130000,62420000,0
2024-06-18,3.296,3.256,3.248,3.308,83290000,68170000,0
2024-06-19,3.256,3.232,3.232,3.264,57520000,46620000,0
2024-06-20,3.224,3.200,3.200,3.252,115220000,92520000,0
2024-06-21,3.192,3.184,3.160,3.208,71100000,56570000,0
2024-06-24,3.152,3.180,3.120,3.208,83860000,66290000,0
2024-06-25,3.180,3.164,3.152,3.200,65410000,51930000,0
2024-06-26,3.160,3.176,3.152,3.188,71710000,56790000,0
2024-06-27,3.180,3.144,3.136,3.180,65620000,51680000,0
2024-06-28,3.140,3.120,3.112,3.164,85650000,67110000,0
2024-07-01,3.120,3.128,3.084,3.136,75270000,58670000,0
2024-07-02,3.124,3.140,3.112,3.164,71930000,56490000,0
2024-07-03,3.152,3.124,3.112,3.152,74110000,58050000,0
2024-07-04,3.132,3.088,3.080,3.140,112460000,87170000,0
2024-07-05,3.080,3.072,3.040,3.104,59240000,45440000,0
2024-07-08,3.072,3.024,3.020,3.076,82730000,62950000,0
2024-07-09,3.024,3.024,2.984,3.044,105000000,79160000,0
2024-07-10,3.024,3.032,3.000,3.060,112050000,85010000,0
2024-07-11,3.056,3.100,3.048,3.112,105980000,81800000,0
2024-07-12,3.112,3.100,3.072,3.116,64540000,49950000,0
2024-07-15,3.116,3.120,3.092,3.124,70260000,54680000,0
2024-07-16,3.112,3.120,3.096,3.136,60740000,47300000,0
2024-07-17,3.112,3.180,3.096,3.180,96990000,76290000,0
2024-07-18,3.168,3.192,3.160,3.196,101790000,80950000,0
2024-07-19,3.176,3.228,3.156,3.232,111860000,89510000,0
2024-07-22,3.224,3.172,3.160,3.224,91850000,73110000,0
2024-07-23,3.168,3.060,3.060,3.176,91100000,70800000,0
2024-07-24,3.060,3.024,3.016,3.072,82530000,62670000,0
2024-07-25,3.012,3.032,3.008,3.044,56150000,42450000,0
2024-07-26,3.032,3.032,3.008,3.060,86540000,65540000,0
2024-07-29,3.032,2.976,2.972,3.032,86570000,64820000,0
2024-07-30,2.968,2.976,2.928,2.976,92090000,67970000,0
2024-07-31,2.968,3.072,2.960,3.080,229620000,174150000,0
2024-08-01,3.068,3.008,3.004,3.072,87550000,66280000,0
2024-08-02,2.996,3.008,2.988,3.036,69880000,52710000,0
2024-08-05,3.008,3.040,3.008,3.080,149040000,113700000,0
2024-08-06,3.060,3.060,3.020,3.064,95740000,72770000,0
2024-08-07,3.052,3.036,3.016,3.052,72720000,55190000,0
2024-08-08,3.032,3.088,3.020,3.112,143800000,110710000,0
2024-08-09,3.100,3.064,3.060,3.112,99930000,76970000,0
2024-08-12,3.044,3.068,3.040,3.084,80010000,61330000,0
2024-08-13,3.068,3.048,3.024,3.068,84570000,64290000,0
2024-08-14,3.048,2.996,2.992,3.052,74880000,56270000,0
2024-08-15,3.000,3.020,2.992,3.044,93810000,70680000,0
2024-08-16,3.016,2.992,2.980,3.016,94000000,70250000,0
2024-08-19,2.992,2.968,2.964,3.028,85290000,63670000,0
2024-08-20,2.968,2.920,2.912,2.972,151370000,110810000,0
2024-08-21,2.916,2.892,2.892,2.924,99050000,71950000,0
2024-08-22,2.900,2.856,2.840,2.900,94900000,67810000,0
2024-08-23,2.852,2.860,2.848,2.884,61280000,43890000,0
2024-08-26,2.868,2.844,2.832,2.872,55950000,39830000,0
2024-08-27,2.840,2.812,2.808,2.840,79150000,55770000,0
2024-08-28,2.812,2.784,2.748,2.812,145680000,100800000,0
2024-08-29,2.776,2.820,2.768,2.832,126400000,88820000,0
2024-08-30,2.800,2.888,2.784,2.928,199370000,143630000,0
2024-09-02,2.868,2.804,2.804,2.872,133330000,94260000,0
2024-09-03,2.800,2.836,2.800,2.860,91640000,64930000,0
2024-09-04,2.836,2.812,2.804,2.856,88080000,62300000,0
2024-09-05,2.816,2.832,2.808,2.832,85970000,60630000,0
2024-09-06,2.824,2.796,2.788,2.828,67630000,47500000,0
2024-09-09,2.784,2.764,2.752,2.788,72540000,50170000,0
2024-09-10,2.764,2.764,2.744,2.792,90630000,62620000,0
2024-09-11,2.760,2.760,2.728,2.780,53620000,36940000,0
2024-09-12,2.764,2.708,2.704,2.772,112050000,76510000,0
2024-09-13,2.708,2.668,2.664,2.708,84310000,56500000,0
2024-09-18,2.668,2.632,2.616,2.668,132790000,87400000,0
2024-09-19,2.636,2.692,2.620,2.732,237640000,159660000,0
2024-09-20,2.680,2.680,2.652,2.688,124730000,83210000,0
2024-09-23,2.684,2.676,2.668,2.724,85290000,57490000,0
2024-09-24,2.720,2.848,2.692,2.848,329580000,228270000,0
2024-09-25,2.904,2.856,2.852,2.952,239040000,172870000,0
2024-09-26,2.848,3.140,2.848,3.140,690650000,520820000,0
2024-09-27,3.280,3.396,3.184,3.420,1167970000,960620000,0
2024-09-30,3.640,3.736,3.400,3.736,1711350000,1534000000,0
2024-10-08,4.108,3.704,3.544,4.108,3235940000,3116940000,0
2024-10-09,3.552,3.336,3.336,3.588,1381060000,1189290000,0
2024-10-10,3.400,3.436,3.360,3.524,886340000,764580000,0
2024-10-11,3.436,3.344,3.304,3.436,646700000,543490000,0
2024-10-14,3.344,3.368,3.276,3.392,541150000,452470000,0
2024-10-15,3.360,3.256,3.256,3.368,444730000,368750000,0
2024-10-16,3.212,3.216,3.200,3.268,292470000,235730000,0
2024-10-17,3.224,3.156,3.152,3.240,336740000,268960000,0
2024-10-18,3.144,3.248,3.124,3.312,728230000,582350000,0
2024-10-21,3.256,3.272,3.212,3.288,594780000,484240000,0
2024-10-22,3.272,3.312,3.244,3.316,436710000,359740000,0
2024-10-23,3.336,3.344,3.292,3.376,561960000,469240000,0
2024-10-24,3.328,3.292,3.284,3.344,357610000,295810000,0
2024-10-25,3.284,3.320,3.280,3.348,399160000,331160000,0
2024-10-28,3.340,3.400,3.296,3.400,716240000,599790000,0
2024-10-29,3.400,3.320,3.312,3.416,768170000,643950000,0
2024-10-30,3.316,3.300,3.260,3.328,401670000,330860000,0
2024-10-31,3.284,3.292,3.268,3.320,331340000,272480000,0
2024-11-01,3.284,3.320,3.272,3.348,448460000,372510000,0
2024-11-04,3.348,3.364,3.308,3.364,393360000,328300000,0
2024-11-05,3.356,3.428,3.328,3.428,741390000,629010000,0
2024-11-06,3.432,3.416,3.380,3.440,741570000,633170000,0
2024-11-07,3.408,3.628,3.396,3.636,1661940000,1470360000,0
2024-11-08,3.740,3.544,3.520,3.740,1824260000,1630510000,0
2024-11-11,3.468,3.516,3.436,3.516,1205640000,1047880000,0
2024-11-12,3.524,3.492,3.464,3.576,1149870000,1012320000,0
2024-11-13,3.480,3.488,3.452,3.492,620660000,538770000,0
2024-11-14,3.472,3.432,3.424,3.492,687880000,594840000,0
2024-11-15,3.416,3.392,3.392,3.460,664780000,569550000,0
2024-11-18,3.396,3.356,3.340,3.424,371160000,313950000,0
2024-11-19,3.356,3.360,3.292,3.384,401320000,334970000,0
2024-11-20,3.352,3.368,3.328,3.380,330410000,277260000,0
2024-11-21,3.364,3.364,3.344,3.384,254500000,213750000,0
2024-11-22,3.368,3.252,3.252,3.372,419480000,346720000,0
2024-11-25,3.252,3.248,3.220,3.292,319170000,259800000,0
2024-11-26,3.232,3.264,3.228,3.296,247770000,202400000,0
2024-11-27,3.260,3.308,3.236,3.312,356930000,292860000,0
2024-11-28,3.304,3.268,3.260,3.304,347350000,284490000,0
2024-11-29,3.268,3.312,3.268,3.360,466170000,386480000,0
2024-12-02,3.320,3.348,3.292,3.356,643050000,536650000,0
2024-12-03,3.348,3.344,3.320,3.360,574850000,480490000,0
2024-12-04,3.344,3.316,3.300,3.344,269670000,223780000,0
2024-12-05,3.308,3.300,3.280,3.308,257050000,211790000,0
2024-12-06,3.304,3.332,3.292,3.352,498490000,414660000,0
2024-12-09,3.328,3.312,3.292,3.336,357770000,296170000,0
2024-12-10,3.480,3.360,3.360,3.484,1580420000,1351380000,0
2024-12-11,3.348,3.412,3.348,3.424,776900000,660690000,0
2024-12-12,3.412,3.480,3.388,3.480,1046400000,901700000,0
2024-12-13,3.452,3.384,3.380,3.452,904230000,771260000,0
2024-12-16,3.384,3.336,3.324,3.396,729840000,610330000,0
2024-12-17,3.332,3.344,3.316,3.368,383250000,320600000,0
2024-12-18,3.348,3.340,3.332,3.364,321310000,268450000,0
2024-12-19,3.312,3.312,3.284,3.320,490600000,405080000,0
2024-12-20,3.300,3.304,3.296,3.328,337940000,279570000,0
2024-12-23,3.304,3.284,3.276,3.316,546630000,450410000,0
2024-12-24,3.280,3.316,3.276,3.316,392310000,323620000,0
2024-12-25,3.316,3.296,3.284,3.316,226220000,186350000,0
2024-12-26,3.292,3.292,3.280,3.308,301480000,248000000,0
2024-12-27,3.292,3.304,3.272,3.316,428400000,352830000,0
2024-12-30,3.300,3.288,3.280,3.320,327500000,269600000,0
2024-12-31,3.284,3.268,3.264,3.324,546030000,449790000,0
2025-01-02,3.268,3.196,3.180,3.272,605680000,489630000,0
2025-01-03,3.200,3.164,3.152,3.216,305610000,243530000,0
2025-01-06,3.144,3.124,3.104,3.168,369980000,289970000,0
2025-01-07,3.120,3.132,3.104,3.140,281970000,220010000,0
2025-01-08,3.124,3.124,3.076,3.144,275540000,214610000,0
2025-01-09,3.120,3.112,3.100,3.152,199750000,155910000,0
2025-01-10,3.108,3.072,3.068,3.120,333040000,257300000,0
2025-01-13,3.052,3.080,3.044,3.092,260350000,200030000,0
2025-01-14,3.084,3.152,3.080,3.152,295440000,230910000,0
2025-01-15,3.144,3.120,3.112,3.144,152530000,119100000,0
2025-01-16,3.132,3.100,3.084,3.156,243970000,190240000,0
2025-01-17,3.092,3.132,3.088,3.144,280200000,218610000,0
2025-01-20,3.144,3.140,3.128,3.172,239630000,188980000,0
2025-01-21,3.156,3.124,3.104,3.156,213020000,166130000,0
2025-01-22,3.120,3.076,3.064,3.120,255680000,196660000,0
2025-01-23,3.100,3.080,3.080,3.124,274960000,213010000,0
2025-01-24,3.080,3.092,3.068,3.100,205260000,158320000,0
2025-01-27,3.096,3.092,3.088,3.116,228830000,177360000,0
2025-02-05,3.092,3.044,3.036,3.104,313060000,238600000,0
2025-02-06,3.040,3.060,3.028,3.064,347200000,264060000,0
2025-02-07,3.056,3.088,3.028,3.104,565990000,435080000,0
2025-02-10,3.088,3.080,3.052,3.088,378230000,290160000,0
2025-02-11,3.088,3.052,3.044,3.096,390330000,298570000,0
2025-02-12,3.048,3.080,3.040,3.080,336370000,256910000,0
2025-02-13,3.080,3.148,3.072,3.176,918210000,719960000,0
2025-02-14,3.148,3.148,3.128,3.156,463400000,363910000,0
2025-02-17,3.152,3.152,3.132,3.160,521260000,410140000,0
2025-02-18,3.152,3.120,3.108,3.168,488320000,382850000,0
2025-02-19,3.108,3.148,3.100,3.148,325330000,254330000,0
2025-02-20,3.148,3.136,3.124,3.160,321420000,252350000,0
2025-02-21,3.148,3.144,3.128,3.180,539580000,424530000,0
2025-02-24,3.152,3.168,3.148,3.192,562180000,445350000,0
2025-02-25,3.156,3.112,3.100,3.156,488020000,380680000,0
2025-02-26,3.112,3.136,3.092,3.136,428560000,333480000,0
2025-02-27,3.132,3.192,3.124,3.192,724540000,575430000,0
2025-02-28,3.196,3.188,3.180,3.252,1203350000,968480000,0
2025-03-03,3.196,3.180,3.160,3.236,564190000,450610000,0
2025-03-04,3.160,3.164,3.136,3.168,370370000,291860000,0
2025-03-05,3.164,3.156,3.136,3.176,319120000,251160000,0
2025-03-06,3.168,3.196,3.144,3.204,592860000,471080000,0
2025-03-07,3.188,3.220,3.172,3.232,573790000,460050000,0
2025-03-10,3.220,3.216,3.192,3.224,448030000,359000000,0
2025-03-11,3.200,3.280,3.180,3.280,692640000,561780000,0
2025-03-12,3.288,3.252,3.248,3.300,422660000,344770000,0
2025-03-13,3.252,3.248,3.240,3.284,326010000,265630000,0
2025-03-14,3.264,3.380,3.264,3.388,1202630000,1006640000,0
2025-03-17,3.428,3.384,3.360,3.432,1382160000,1173420000,0
2025-03-18,3.388,3.356,3.340,3.388,960280000,805690000,0
2025-03-19,3.352,3.336,3.324,3.368,684700000,571550000,0
2025-03-20,3.336,3.296,3.288,3.344,541530000,447150000,0
2025-03-21,3.284,3.260,3.248,3.320,600760000,491860000,0
2025-03-24,3.260,3.272,3.240,3.272,735520000,598550000,0
2025-03-25,3.272,3.268,3.236,3.276,433610000,352840000,0
2025-03-26,3.268,3.284,3.256,3.292,434060000,355640000,0
2025-03-27,3.280,3.308,3.268,3.312,402390000,331450000,0
2025-03-28,3.308,3.284,3.272,3.308,423180000,347970000,0
2025-03-31,3.272,3.248,3.240,3.296,401410000,327590000,0
2025-04-01,3.248,3.272,3.248,3.292,327730000,268080000,0
2025-04-02,3.264,3.260,3.256,3.292,216100000,176550000,0
2025-04-03,3.240,3.304,3.228,3.312,684010000,562570000,0
2025-04-07,3.240,3.200,3.096,3.284,1250050000,1000380000,0
2025-04-08,3.200,3.320,3.172,3.320,1029600000,840230000,0
2025-04-09,3.288,3.368,3.268,3.380,1862180000,1557730000,0
2025-04-10,3.360,3.372,3.312,3.380,1305150000,1095730000,0
2025-04-11,3.360,3.336,3.300,3.368,1029840000,855370000,0
2025-04-14,3.324,3.320,3.308,3.348,788600000,655210000,0
2025-04-15,3.316,3.324,3.296,3.336,667980000,553570000,0
2025-04-16,3.316,3.336,3.288,3.344,707570000,586100000,0
2025-04-17,3.324,3.352,3.304,3.364,658040000,550940000,0
2025-04-18,3.348,3.328,3.308,3.348,476550000,396020000,0
2025-04-21,3.324,3.308,3.300,3.324,456580000,377390000,0
2025-04-22,3.300,3.316,3.292,3.324,772680000,639250000,0
2025-04-23,3.308,3.292,3.284,3.320,536310000,441680000,0
2025-04-24,3.288,3.288,3.284,3.308,352030000,289890000,0
2025-04-25,3.296,3.280,3.272,3.312,427070000,350970000,0
2025-04-28,3.280,3.268,3.268,3.292,365140000,299400000,0
2025-04-29,3.268,3.260,3.244,3.268,389630000,317250000,0
2025-04-30,3.260,3.268,3.260,3.296,352620000,288820000,0
2025-05-06,3.280,3.276,3.256,3.284,436430000,356750000,0
2025-05-07,3.300,3.280,3.272,3.316,607270000,498290000,0
2025-05-08,3.280,3.288,3.264,3.304,316780000,260420000,0
2025-05-09,3.288,3.292,3.280,3.304,329080000,270840000,0
2025-05-12,3.300,3.292,3.276,3.308,367340000,302270000,0
2025-05-13,3.304,3.292,3.280,3.304,292260000,240340000,0
2025-05-14,3.288,3.332,3.276,3.352,620730000,514960000,0
2025-05-15,3.332,3.324,3.316,3.344,326400000,271720000,0
2025-05-16,3.324,3.292,3.280,3.324,238090000,196050000,0
2025-05-19,3.264,3.272,3.256,3.280,261210000,213300000,0
2025-05-20,3.268,3.296,3.268,3.316,395950000,326660000,0
2025-05-21,3.292,3.304,3.292,3.312,336360000,277640000,0
2025-05-22,3.300,3.288,3.284,3.308,276990000,228110000,0
2025-05-23,3.288,3.272,3.272,3.316,373630000,307380000,0
2025-05-26,3.272,3.264,3.248,3.288,340080000,277210000,0
2025-05-27,3.260,3.264,3.256,3.284,326100000,266190000,0
2025-05-28,3.260,3.280,3.248,3.292,269170000,220410000,0
2025-05-29,3.280,3.280,3.256,3.288,264740000,216770000,0
2025-05-30,3.272,3.280,3.268,3.304,279080000,229160000,0
2025-06-03,3.260,3.292,3.256,3.296,211100000,173160000,0
2025-06-04,3.296,3.296,3.280,3.300,206320000,169900000,0
2025-06-05,3.300,3.280,3.272,3.308,263850000,216570000,0
2025-06-06,3.280,3.276,3.264,3.292,344620000,282420000,0
2025-06-09,3.276,3.292,3.272,3.300,352100000,289470000,0
2025-06-10,3.288,3.264,3.252,3.292,688280000,562650000,0
2025-06-11,3.272,3.292,3.264,3.300,327320000,269130000,0
2025-06-12,3.292,3.256,3.252,3.292,283800000,231190000,0
2025-06-13,3.252,3.192,3.184,3.252,417560000,334670000,0
2025-06-16,3.184,3.180,3.160,3.188,278410000,220770000,0
2025-06-17,3.180,3.172,3.168,3.200,204000000,162110000,0
2025-06-18,3.180,3.180,3.176,3.212,286220000,228140000,0
2025-06-19,3.172,3.152,3.144,3.184,253980000,200780000,0
2025-06-20,3.152,3.176,3.152,3.196,300230000,238870000,0
2025-06-23,3.168,3.152,3.136,3.172,366290000,288250000,0
2025-06-24,3.160,3.176,3.148,3.188,257880000,204620000,0
2025-06-25,3.184,3.192,3.156,3.192,327050000,259520000,0
2025-06-26,3.192,3.184,3.176,3.196,199690000,159020000,0
2025-06-27,3.188,3.168,3.164,3.188,288560000,229080000,0
2025-06-30,3.168,3.176,3.156,3.180,194330000,153860000,0
2025-07-01,3.176,3.176,3.164,3.180,158830000,126080000,0
2025-07-02,3.180,3.180,3.172,3.192,192570000,153150000,0
2025-07-03,3.176,3.188,3.176,3.196,251970000,200760000,0
2025-07-04,3.188,3.192,3.176,3.204,383060000,305660000,0
2025-07-07,3.188,3.176,3.176,3.192,122730000,97620000,0
2025-07-08,3.180,3.192,3.168,3.196,300510000,239370000,0
2025-07-09,3.192,3.212,3.188,3.236,379250000,305300000,0
2025-07-10,3.212,3.216,3.192,3.224,278800000,223310000,0
2025-07-11,3.208,3.232,3.208,3.252,389220000,314730000,0
2025-07-14,3.228,3.236,3.208,3.240,170950000,137830000,0
2025-07-15,3.228,3.204,3.188,3.232,294650000,236020000,0
2025-07-16,3.196,3.212,3.196,3.216,197490000,158450000,0
2025-07-17,3.216,3.232,3.212,3.236,297840000,240170000,0
2025-07-18,3.232,3.264,3.228,3.268,324160000,263640000,0
2025-07-21,3.264,3.280,3.252,3.280,234310000,191350000,0
2025-07-22,3.280,3.344,3.272,3.348,608930000,504920000,0
2025-07-23,3.348,3.336,3.332,3.368,522880000,438410000,0
2025-07-24,3.332,3.344,3.320,3.348,497550000,414560000,0
2025-07-25,3.344,3.312,3.304,3.348,384580000,319100000,0
2025-07-28,3.312,3.292,3.276,3.312,480460000,394750000,0
2025-07-29,3.296,3.272,3.252,3.296,557740000,455630000,0
2025-07-30,3.276,3.296,3.264,3.320,535170000,441250000,0
2025-07-31,3.296,3.220,3.216,3.296,936140000,758320000,0
2025-08-01,3.220,3.224,3.212,3.236,519330000,418880000,0
2025-08-04,3.216,3.232,3.212,3.232,235410000,189760000,0
2025-08-05,3.236,3.264,3.232,3.264,577010000,469660000,0
2025-08-06,3.264,3.268,3.248,3.268,203200000,165560000,0
2025-08-07,3.272,3.264,3.256,3.272,220250000,179790000,0
2025-08-08,3.264,3.256,3.248,3.272,570440000,464840000,0
2025-08-11,3.260,3.288,3.248,3.296,393220000,322100000,0
2025-08-12,3.288,3.284,3.280,3.320,382700000,315610000,0
2025-08-13,3.300,3.288,3.268,3.300,588190000,482730000,0
2025-08-14,3.292,3.284,3.272,3.320,533400000,439620000,0
2025-08-15,3.276,3.288,3.256,3.292,536420000,439400000,0
2025-08-18,3.300,3.312,3.288,3.320,802470000,662700000,0
2025-08-19,3.308,3.332,3.304,3.348,880760000,733800000,0
2025-08-20,3.324,3.372,3.304,3.372,902830000,757670000,0
2025-08-21,3.380,3.392,3.368,3.416,940460000,798170000,0
2025-08-22,3.388,3.408,3.376,3.408,812560000,688680000,0
2025-08-25,3.432,3.500,3.412,3.500,1537840000,1329650000,0
2025-08-26,3.496,3.528,3.464,3.564,1680050000,1480980000,0
2025-08-27,3.520,3.444,3.440,3.524,1532360000,1335420000,0
2025-08-28,3.436,3.428,3.372,3.456,1243830000,1062080000,0
2025-08-29,3.444,3.508,3.444,3.516,1245640000,1089060000,0
2025-09-01,3.516,3.500,3.472,3.520,1260520000,1101240000,0
2025-09-02,3.496,3.484,3.472,3.544,1080300000,946670000,0
2025-09-03,3.492,3.428,3.416,3.524,818440000,706410000,0
2025-09-04,3.424,3.432,3.392,3.432,913250000,779470000,0
2025-09-05,3.440,3.460,3.396,3.460,1038630000,890550000,0
2025-09-08,3.456,3.524,3.452,3.524,1045600000,915980000,0
2025-09-09,3.524,3.520,3.484,3.528,740340000,649810000,0
2025-09-10,3.516,3.512,3.492,3.524,702020000,615990000,0
2025-09-11,3.500,3.560,3.496,3.560,1347060000,1191980000,0
2025-09-12,3.560,3.520,3.520,3.580,850390000,753730000,0
2025-09-15,3.512,3.536,3.508,3.552,619210000,546870000,0
2025-09-16,3.540,3.512,3.480,3.540,1133140000,992880000,0
2025-09-17,3.520,3.488,3.468,3.520,1061710000,925780000,0
2025-09-18,3.492,3.432,3.408,3.492,1141760000,985400000,0
2025-09-19,3.424,3.440,3.408,3.444,723050000,619290000,0
2025-09-22,3.436,3.396,3.384,3.436,618740000,525620000,0
2025-09-23,3.392,3.372,3.352,3.412,769620000,648810000,0
2025-09-24,3.364,3.388,3.360,3.396,497740000,420590000,0
2025-09-25,3.384,3.360,3.356,3.392,619560000,521230000,0
2025-09-26,3.352,3.356,3.340,3.376,493020000,413770000,0
2025-09-29,3.372,3.392,3.332,3.396,795620000,668720000,0
2025-09-30,3.388,3.384,3.356,3.388,722390000,609160000,0
2025-10-09,3.364,3.376,3.316,3.376,895890000,748860000,0
2025-10-10,3.364,3.384,3.356,3.408,891920000,754820000,0
2025-10-13,3.348,3.352,3.332,3.364,1115150000,933930000,0
2025-10-14,3.356,3.392,3.352,3.408,1119170000,947070000,0
2025-10-15,3.388,3.408,3.368,3.408,990890000,840590000,0
2025-10-16,3.404,3.412,3.396,3.432,819650000,699490000,0
2025-10-17,3.412,3.372,3.368,3.428,860540000,730160000,0
2025-10-20,3.380,3.348,3.336,3.388,894570000,750860000,0
2025-10-21,3.344,3.356,3.340,3.364,612540000,513390000,0
2025-10-22,3.352,3.332,3.324,3.364,584120000,487560000,0
2025-10-23,3.328,3.336,3.304,3.340,881840000,731780000,0
2025-10-24,3.340,3.304,3.300,3.348,841780000,697890000,0
2025-10-27,3.308,3.316,3.292,3.320,1115340000,924150000,0
2025-10-28,3.320,3.300,3.300,3.328,700310000,579650000,0
2025-10-29,3.300,3.304,3.288,3.304,632470000,521130000,0
2025-10-30,3.300,3.296,3.284,3.320,783640000,647340000,0
2025-10-31,3.288,3.324,3.284,3.336,811420000,673760000,0
2025-11-03,3.320,3.332,3.304,3.336,505030000,419410000,0
2025-11-04,3.324,3.288,3.272,3.328,666260000,548790000,0
2025-11-05,3.272,3.280,3.260,3.296,571260000,468330000,0
2025-11-06,3.280,3.284,3.276,3.300,356240000,292890000,0
2025-11-07,3.284,3.288,3.280,3.304,434440000,357470000,0
2025-11-10,3.292,3.392,3.280,3.400,2452550000,2063120000,0
2025-11-11,3.392,3.392,3.360,3.396,1105280000,934060000,0
2025-11-12,3.384,3.396,3.384,3.420,838030000,713480000,0
2025-11-13,3.388,3.412,3.368,3.412,857290000,726500000,0
2025-11-14,3.400,3.368,3.368,3.432,814740000,691460000,0
2025-11-17,3.368,3.348,3.320,3.372,781030000,653050000,0
2025-11-18,3.344,3.356,3.340,3.380,684840000,575020000,0
2025-11-19,3.352,3.344,3.332,3.360,517370000,432490000,0
2025-11-20,3.344,3.324,3.324,3.360,511080000,426470000,0
2025-11-21,3.312,3.300,3.288,3.344,711050000,588970000,0
2025-11-24,3.304,3.300,3.292,3.336,532280000,440480000,0
2025-11-25,3.304,3.308,3.284,3.312,625890000,516350000,0
2025-11-26,3.304,3.300,3.292,3.320,485940000,401440000,0
2025-11-27,3.308,3.300,3.288,3.316,570960000,471320000,0
2025-11-28,3.296,3.316,3.288,3.320,443780000,367180000,0
2025-12-01,3.320,3.308,3.300,3.332,423890000,350900000,0
2025-12-02,3.308,3.284,3.280,3.312,400730000,329770000,0
2025-12-03,3.288,3.256,3.252,3.288,522580000,426530000,0
2025-12-04,3.256,3.228,3.220,3.264,625010000,504690000,0
2025-12-05,3.224,3.236,3.216,3.240,350190000,282490000,0
2025-12-08,3.236,3.208,3.204,3.236,474430000,381530000,0
2025-12-09,3.212,3.172,3.160,3.216,767090000,610270000,0
2025-12-10,3.160,3.180,3.148,3.188,502970000,398770000,0
2025-12-11,3.184,3.164,3.160,3.184,344610000,273090000,0
2025-12-12,3.172,3.184,3.160,3.188,586040000,465740000,0
2025-12-15,3.204,3.204,3.196,3.232,533090000,428530000,0
2025-12-16,3.212,3.196,3.184,3.216,567590000,453720000,0
2025-12-17,3.204,3.220,3.180,3.224,520840000,417500000,0
2025-12-18,3.212,3.204,3.200,3.220,298640000,239690000,0
2025-12-19,3.212,3.244,3.200,3.244,517650000,417510000,0
2025-12-22,3.240,3.236,3.224,3.244,703370000,568760000,0
2025-12-23,3.236,3.208,3.208,3.240,893580000,719480000,0
2025-12-24,3.208,3.196,3.184,3.212,582860000,465190000,0
2025-12-25,3.192,3.216,3.188,3.220,584680000,468260000,0
2025-12-26,3.212,3.200,3.188,3.216,378880000,303330000,0
2025-12-29,3.200,3.192,3.184,3.212,739900000,590670000,0
2025-12-30,3.184,3.192,3.180,3.200,446090000,355520000,0
2025-12-31,3.192,3.172,3.160,3.192,414120000,328250000,0
2026-01-05,3.172,3.208,3.168,3.212,997430000,797420000,0
2026-01-06,3.204,3.236,3.192,3.236,1367100000,1098660000,0
2026-01-07,3.236,3.216,3.208,3.240,862570000,694730000,0
2026-01-08,3.208,3.192,3.184,3.208,710490000,566790000,0
2026-01-09,3.188,3.204,3.188,3.212,654640000,523960000,0
2026-01-12,3.204,3.224,3.196,3.224,876360000,704020000,0
2026-01-13,3.224,3.192,3.180,3.228,1322930000,1060340000,0
2026-01-14,3.188,3.176,3.156,3.204,1247710000,993480000,0
2026-01-15,3.164,3.160,3.156,3.188,594810000,471260000,0
2026-01-16,3.164,3.116,3.116,3.172,993430000,779020000,0
2026-01-19,3.116,3.128,3.112,3.140,462700000,361790000,0
2026-01-20,3.128,3.136,3.120,3.144,933260000,731260000,0
2026-01-21,3.132,3.100,3.092,3.136,1208660000,939920000,0
2026-01-22,3.100,3.088,3.084,3.112,675780000,522770000,0
2026-01-23,3.088,3.084,3.080,3.100,487760000,376940000,0
2026-01-26,3.080,3.084,3.036,3.096,992220000,760880000,0
2026-01-27,3.080,3.032,3.028,3.080,816470000,620710000,0
2026-01-28,3.032,3.024,3.012,3.044,829060000,627250000,0
2026-01-29,3.024,3.200,3.024,3.200,2221700000,1735290000,0
2026-01-30,3.180,3.112,3.112,3.180,1093810000,860210000,0
2026-02-02,3.108,3.108,3.100,3.180,846720000,663710000,0
2026-02-03,3.108,3.132,3.096,3.148,568410000,442940000,0
2026-02-04,3.128,3.200,3.124,3.204,943080000,748590000,0
2026-02-05,3.192,3.232,3.188,3.248,1507370000,1215930000,0
2026-02-06,3.220,3.192,3.180,3.232,644270000,514940000,0
2026-02-09,3.188,3.196,3.176,3.208,720270000,574430000,0
2026-02-10,3.192,3.156,3.148,3.192,624220000,492830000,0
2026-02-11,3.156,3.156,3.144,3.164,423010000,333510000,0
2026-02-12,3.156,3.120,3.112,3.156,495300000,387110000,0
2026-02-13,3.120,3.108,3.104,3.140,532910000,415940000,0
2026-02-24,3.120,3.084,3.080,3.144,510440000,395360000,0
2026-02-25,3.084,3.100,3.084,3.124,815840000,633370000,0
2026-02-26,3.104,3.084,3.076,3.116,456700000,352880000,0
2026-02-27,3.080,3.100,3.080,3.104,400390000,309690000,0
2026-03-02,3.080,3.072,3.056,3.108,502680000,386020000,0
2026-03-03,3.068,3.060,3.052,3.108,570200000,437970000,0
2026-03-04,3.052,3.036,3.016,3.052,644860000,488640000,0
2026-03-05,3.044,3.024,3.012,3.048,455490000,344730000,0
2026-03-06,3.016,3.092,3.012,3.104,969550000,744560000,0
2026-03-09,3.076,3.084,3.072,3.108,563490000,435590000,0
2026-03-10,3.084,3.088,3.080,3.100,350370000,270640000,0
2026-03-11,3.088,3.104,3.068,3.108,385780000,297960000,0
2026-03-12,3.100,3.116,3.084,3.124,519660000,403440000,0
2026-03-13,3.116,3.124,3.108,3.144,466350000,364830000,0
2026-03-16,3.120,3.160,3.120,3.172,749480000,591250000,0
2026-03-17,3.152,3.152,3.144,3.204,1090760000,865660000,0
2026-03-18,3.156,3.128,3.112,3.164,595800000,465880000,0
2026-03-19,3.116,3.080,3.076,3.120,563070000,435480000,0
2026-03-20,3.080,3.056,3.056,3.108,418940000,322560000,0
2026-03-23,3.040,2.944,2.932,3.044,849180000,631200000,0
2026-03-24,2.956,2.968,2.928,2.972,464260000,342190000,0
2026-03-25,2.964,2.988,2.948,2.988,390000000,290210000,0
2026-03-26,2.984,2.956,2.952,2.996,609850000,452650000,0
2026-03-27,2.944,3.008,2.940,3.012,544530000,408070000,0
2026-03-30,2.980,3.012,2.980,3.028,397290000,298380000,0
2026-03-31,3.028,2.968,2.968,3.048,793730000,595620000,0
2026-04-01,2.988,3.004,2.976,3.016,363400000,272360000,0
2026-04-02,3.000,3.024,2.992,3.044,404430000,305770000,0
2026-04-03,3.024,2.988,2.980,3.028,297280000,222420000,0
2026-04-07,2.988,2.980,2.972,3.008,311340000,232290000,0
2026-04-08,3.012,3.028,2.992,3.028,580370000,437030000,0
2026-04-09,3.012,2.988,2.976,3.016,360910000,269800000,0
2026-04-10,2.988,2.972,2.964,2.996,1241730000,923590000,0
2026-04-13,2.964,2.976,2.952,2.980,638270000,474080000,0
2026-04-14,2.980,3.004,2.968,3.004,531410000,396460000,0
2026-04-15,3.000,3.008,2.988,3.016,643130000,482690000,0
2026-04-16,3.008,3.012,2.996,3.012,339460000,255130000,0
2026-04-17,2.988,2.968,2.960,2.988,705800000,523310000,0
2026-04-20,2.968,2.968,2.956,2.976,523050000,387660000,0
2026-04-21,2.968,2.968,2.960,2.988,484670000,359910000,0
2026-04-22,2.960,2.948,2.940,2.976,343990000,254020000,0
2026-04-23,2.948,2.948,2.932,2.968,515470000,380580000,0
2026-04-24,2.944,2.948,2.928,2.960,337350000,248620000,0
2026-04-27,2.936,2.924,2.916,2.940,312400000,228330000,0
2026-04-28,2.920,2.928,2.912,2.932,359420000,262510000,0
2026-04-29,2.928,2.980,2.924,2.992,545290000,404970000,0
2026-04-30,2.980,2.988,2.972,3.012,489530000,365910000,0
2026-05-06,2.960,2.968,2.940,2.968,482940000,356660000,0
2026-05-07,2.964,2.956,2.948,2.984,364820000,270120000,0
2026-05-08,2.952,2.936,2.928,2.964,468690000,344370000,0
2026-05-11,2.928,2.944,2.912,2.948,499000000,366230000,0
2026-05-12,2.940,2.900,2.892,2.944,541850000,394010000,0
2026-05-13,2.892,2.876,2.864,2.904,373380000,268330000,0
2026-05-14,2.880,2.880,2.864,2.928,606830000,438240000,0
2026-05-15,2.876,2.832,2.824,2.880,491780000,349520000,0
2026-05-18,2.836,2.800,2.792,2.840,380870000,267030000,0
2026-05-19,2.800,2.800,2.784,2.828,294700000,206470000,0
2026-05-20,2.796,2.796,2.784,2.820,299960000,209890000,0
2026-05-21,2.792,2.760,2.760,2.820,423870000,295640000,0
2026-05-22,2.768,2.728,2.720,2.772,385190000,263360000,0
2026-05-25,2.728,2.724,2.696,2.744,551610000,375480000,0
2026-05-26,2.720,2.720,2.704,2.736,300730000,204180000,0
2026-05-27,2.716,2.728,2.672,2.760,1398090000,949910000,0
2026-05-28,2.716,2.680,2.672,2.716,587070000,395180000,0
2026-05-29,2.676,2.756,2.668,2.768,842730000,576250000,0
2026-06-01,2.748,2.764,2.716,2.764,383390000,263060000,0
2026-06-02,2.756,2.720,2.712,2.760,497240000,339240000,0
2026-06-03,2.712,2.680,2.656,2.712,640920000,427990000,0
2026-06-04,2.672,2.636,2.632,2.692,434860000,288630000,0
2026-06-05,2.636,2.632,2.624,2.672,482980000,318970000,0
2026-06-08,2.624,2.584,2.568,2.636,537880000,349350000,0
2026-06-09,2.580,2.576,2.564,2.596,357480000,230360000,0
2026-06-10,2.572,2.600,2.564,2.612,402380000,261130000,0
2026-06-11,2.600,2.600,2.572,2.604,330880000,214330000,0
2026-06-12,2.600,2.628,2.580,2.640,340400000,222610000,0
2026-06-15,2.624,2.616,2.596,2.640,414160000,270780000,0
2026-06-16,2.608,2.564,2.560,2.608,529210000,340030000,0
2026-06-17,2.560,2.540,2.524,2.568,444540000,282010000,0
2026-06-18,2.536,2.492,2.484,2.536,511740000,319770000,0
2026-06-22,2.484,2.508,2.444,2.524,593630000,367600000,0
2026-06-23,2.504,2.468,2.460,2.548,444700000,278830000,0
2026-06-24,2.468,2.432,2.428,2.492,489580000,299730000,0
2026-06-25,2.424,2.440,2.396,2.464,604400000,366490000,0
2026-06-26,2.444,2.412,2.408,2.464,446030000,271430000,0
2026-06-29,2.408,2.488,2.372,2.504,679630000,416320000,0
2026-06-30,2.468,2.460,2.432,2.480,455090000,279080000,0
2026-07-01,2.456,2.520,2.444,2.536,557510000,347710000,0
2026-07-02,2.520,2.512,2.488,2.544,488340000,306660000,0
2026-07-03,2.512,2.512,2.492,2.540,404850000,254310000,0
2026-07-06,2.508,2.560,2.500,2.572,569590000,362580000,0
2026-07-07,2.556,2.520,2.508,2.556,455140000,287310000,0
2026-07-08,2.516,2.500,2.484,2.532,384600000,240680000,0
2026-07-09,2.496,2.472,2.464,2.500,457300000,283350000,0
2026-07-10,2.468,2.528,2.444,2.536,537830000,337210000,0
2026-07-13,2.512,2.524,2.492,2.540,586370000,368710000,0
2026-07-14,2.532,2.528,2.504,2.536,495760000,312500000,0
2026-07-15,2.508,2.624,2.504,2.628,884610000,573410000,0
2026-07-16,2.620,2.660,2.612,2.672,732880000,484890000,0
2026-07-17,2.660,2.612,2.600,2.680,654400000,430550000,0
2026-07-20,2.620,2.704,2.604,2.704,824320000,551310000,0
2026-07-21,2.692,2.676,2.656,2.744,874130000,589170000,0
2026-07-22,2.660,2.692,2.632,2.696,663780000,441970000,0
2026-07-23,2.680,2.680,2.640,2.684,490170000,326970000,0
2026-07-24,2.676,2.624,2.624,2.688,472430000,313090000,0
2026-07-27,2.636,2.652,2.620,2.656,354210000,234160000,0
2026-07-28,2.648,2.692,2.636,2.692,482370000,321760000,0
2026-07-29,2.692,2.716,2.692,2.752,672810000,458840000,0
2026-07-30,2.720,2.796,2.712,2.804,880080000,612550000,0
2026-07-31,2.736,2.788,2.724,2.788,832490000,574000000,0
2026-08-03,2.776,2.760,2.760,2.800,522010000,362510000,0
2026-08-04,2.760,2.716,2.712,2.760,683330000,465330000,0
2026-08-05,2.708,2.696,2.672,2.716,862810000,580620000,0
2026-08-06,2.696,2.676,2.668,2.704,783390000,524600000,0
2026-08-07,2.676,2.688,2.660,2.696,552770000,370160000,0
2026-08-10,2.684,2.760,2.684,2.764,719620000,493510000,0
2026-08-11,2.756,2.724,2.720,2.760,533480000,364950000,0
2026-08-12,2.720,2.732,2.708,2.744,552260000,376700000,0
2026-08-13,2.720,2.736,2.712,2.756,483050000,330180000,0
2026-08-14,2.732,2.692,2.692,2.732,493180000,333390000,0
2026-08-17,2.664,2.668,2.640,2.672,683360000,453770000,0
2026-08-18,2.660,2.684,2.656,2.696,480900000,321970000,0
2026-08-19,2.680,2.656,2.648,2.700,429550000,286150000,0
2026-08-20,2.656,2.676,2.652,2.684,363170000,242210000,0
2026-08-21,2.676,2.636,2.628,2.676,396030000,261340000,0
2026-08-24,2.632,2.640,2.620,2.652,474540000,313230000,0
2026-08-25,2.644,2.656,2.640,2.660,344030000,228180000,0
2026-08-26,2.640,2.660,2.636,2.676,313240000,208500000,0
2026-08-27,2.648,2.660,2.632,2.664,318530000,210610000,0
2026-08-28,2.652,2.684,2.644,2.688,279810000,186520000,0
2026-08-31,2.684,2.664,2.660,2.692,433660000,289740000,0
2026-09-01,2.660,2.696,2.652,2.720,457140000,308450000,0
2026-09-02,2.696,2.672,2.668,2.696,344740000,231130000,0
2026-09-03,2.664,2.660,2.656,2.688,272420000,181780000,0
2026-09-04,2.664,2.748,2.660,2.748,834730000,568760000,0
2026-09-07,2.740,2.732,2.712,2.740,432520000,294790000,0
2026-09-08,2.736,2.732,2.720,2.748,345750000,236160000,0
2026-09-09,2.724,2.716,2.696,2.728,420650000,284870000,0
2026-09-10,2.708,2.668,2.656,2.708,472590000,315690000,0
2026-09-11,2.660,2.632,2.624,2.660,380600000,250710000,0
2026-09-14,2.632,2.628,2.616,2.644,303530000,199560000,0
2026-09-15,2.636,2.616,2.612,2.640,265860000,174460000,0
2026-09-16,2.604,2.592,2.576,2.616,343440000,222390000,0
2026-09-17,2.584,2.596,2.576,2.600,299750000,194090000,0
2026-09-18,2.592,2.608,2.588,2.616,201770000,131400000,0
2026-09-21,2.612,2.632,2.596,2.632,311360000,203660000,0
2026-09-22,2.628,2.632,2.616,2.640,255950000,168250000,0
2026-09-23,2.632,2.624,2.620,2.652,218020000,143560000,0
2026-09-24,2.616,2.584,2.584,2.620,313010000,203150000,0
2026-09-28,2.584,2.580,2.568,2.592,398540000,256800000,0
2026-09-29,2.584,2.588,2.576,2.592,181690000,117380000,0
2026-09-30,2.592,2.632,2.588,2.640,300000000,196380000,0
