date,open,high,low,close,volume,amount,turnover
2017-01-03,1.215,1.225,1.211,1.226,8550000,10460000,0
2017-01-04,1.226,1.221,1.220,1.229,7340000,8980000,0
2017-01-05,1.226,1.229,1.224,1.235,12560000,15450000,0
2017-01-06,1.237,1.233,1.232,1.237,23430000,28910000,0
2017-01-09,1.233,1.239,1.233,1.244,8230000,10210000,0
2017-01-10,1.242,1.246,1.240,1.248,11150000,13890000,0
2017-01-11,1.253,1.258,1.251,1.261,17110000,21490000,0
2017-01-12,1.263,1.253,1.249,1.263,15910000,19960000,0
2017-01-13,1.253,1.253,1.253,1.260,9800000,12320000,0
2017-01-16,1.254,1.243,1.238,1.255,14800000,18390000,0
2017-01-17,1.245,1.248,1.245,1.252,6210000,7760000,0
2017-01-18,1.246,1.258,1.246,1.264,10520000,13250000,0
2017-01-19,1.259,1.257,1.250,1.261,7160000,8980000,0
2017-01-20,1.258,1.253,1.249,1.258,5500000,6880000,0
2017-01-23,1.254,1.247,1.245,1.259,8360000,10470000,0
2017-01-24,1.249,1.251,1.248,1.253,5110000,6380000,0
2017-01-25,1.259,1.257,1.252,1.259,4810000,6040000,0
2017-01-26,1.263,1.272,1.262,1.276,11760000,14960000,0
2017-02-03,1.269,1.263,1.255,1.269,7500000,9450000,0
2017-02-06,1.273,1.270,1.264,1.274,5160000,6550000,0
2017-02-07,1.271,1.275,1.269,1.277,6050000,7710000,0
2017-02-08,1.277,1.285,1.269,1.285,6270000,8010000,0
2017-02-09,1.285,1.286,1.284,1.295,13090000,16900000,0
2017-02-10,1.291,1.295,1.291,1.297,8630000,11180000,0
2017-02-13,1.298,1.300,1.298,1.308,127380000,166010000,0
2017-02-14,1.303,1.295,1.294,1.304,14890000,19330000,0
2017-02-15,1.301,1.309,1.301,1.316,17780000,23270000,0
2017-02-16,1.314,1.317,1.309,1.319,9080000,11930000,0
2017-02-17,1.318,1.308,1.307,1.318,10110000,13250000,0
2017-02-20,1.312,1.322,1.311,1.323,7360000,9710000,0
2017-02-21,1.324,1.317,1.314,1.326,11960000,15790000,0
2017-02-22,1.319,1.324,1.315,1.324,9360000,12370000,0
2017-02-23,1.320,1.317,1.316,1.325,11600000,15300000,0
2017-02-24,1.318,1.313,1.310,1.319,8410000,11040000,0
2017-02-27,1.313,1.309,1.303,1.319,9420000,12340000,0
2017-02-28,1.308,1.300,1.300,1.315,8230000,10760000,0
2017-03-01,1.302,1.303,1.300,1.305,4550000,5920000,0
2017-03-02,1.315,1.306,1.306,1.319,6570000,8610000,0
2017-03-03,1.303,1.293,1.288,1.303,8900000,11510000,0
2017-03-06,1.292,1.299,1.292,1.300,17190000,22300000,0
2017-03-07,1.296,1.307,1.296,1.308,10430000,13610000,0
2017-03-08,1.307,1.309,1.299,1.312,5110000,6680000,0
2017-03-09,1.308,1.295,1.292,1.308,7060000,9150000,0
2017-03-10,1.293,1.300,1.293,1.303,25010000,32500000,0
2017-03-13,1.302,1.314,1.301,1.316,8260000,10820000,0
2017-03-14,1.314,1.316,1.313,1.322,10560000,13930000,0
2017-03-15,1.312,1.311,1.306,1.312,8100000,10600000,0
2017-03-16,1.320,1.327,1.320,1.333,10060000,13340000,0
2017-03-17,1.330,1.331,1.330,1.339,9930000,13260000,0
2017-03-20,1.333,1.345,1.333,1.345,8830000,11850000,0
2017-03-21,1.347,1.355,1.344,1.356,10900000,14740000,0
2017-03-22,1.330,1.329,1.328,1.338,18420000,24540000,0
2017-03-23,1.333,1.341,1.333,1.351,46400000,62410000,0
2017-03-24,1.343,1.339,1.337,1.347,10000000,13410000,0
2017-03-27,1.335,1.324,1.323,1.341,12870000,17150000,0
2017-03-28,1.331,1.329,1.329,1.336,6320000,8420000,0
2017-03-29,1.336,1.335,1.334,1.341,7570000,10130000,0
2017-03-30,1.338,1.330,1.327,1.339,7170000,9540000,0
2017-03-31,1.342,1.329,1.325,1.342,10100000,13440000,0
2017-04-05,1.340,1.333,1.329,1.340,12280000,16400000,0
2017-04-06,1.336,1.333,1.329,1.340,11000000,14690000,0
2017-04-07,1.333,1.327,1.321,1.335,11970000,15890000,0
2017-04-10,1.330,1.334,1.330,1.336,6430000,8570000,0
2017-04-11,1.334,1.323,1.315,1.340,17720000,23510000,0
2017-04-12,1.323,1.320,1.310,1.323,4290000,5660000,0
2017-04-13,1.324,1.332,1.322,1.337,7370000,9810000,0
2017-04-14,1.329,1.317,1.315,1.329,5310000,7000000,0
2017-04-17,1.317,1.314,1.311,1.317,4990000,6550000,0
2017-04-18,1.322,1.312,1.308,1.328,11450000,15060000,0
2017-04-19,1.307,1.303,1.292,1.307,15520000,20150000,0
2017-04-20,1.302,1.308,1.302,1.314,9560000,12530000,0
2017-04-21,1.318,1.320,1.315,1.322,13200000,17410000,0
2017-04-24,1.319,1.319,1.310,1.325,8040000,10590000,0
2017-04-25,1.325,1.337,1.324,1.338,8160000,10860000,0
2017-04-26,1.344,1.343,1.342,1.349,9350000,12570000,0
2017-04-27,1.343,1.349,1.337,1.350,16640000,22360000,0
2017-04-28,1.349,1.346,1.344,1.351,6330000,8530000,0
2017-05-02,1.352,1.346,1.344,1.355,10900000,14710000,0
2017-05-03,1.350,1.352,1.348,1.354,3970000,5360000,0
2017-05-04,1.352,1.347,1.346,1.352,11350000,15300000,0
2017-05-05,1.343,1.335,1.331,1.348,14340000,19180000,0
2017-05-08,1.341,1.346,1.338,1.348,9950000,13370000,0
2017-05-09,1.346,1.360,1.346,1.362,12370000,16750000,0
2017-05-10,1.369,1.379,1.369,1.385,28070000,38710000,0
2017-05-11,1.376,1.379,1.366,1.386,24720000,34140000,0
2017-05-12,1.379,1.380,1.376,1.382,9840000,13580000,0
2017-05-15,1.384,1.389,1.384,1.390,9200000,12770000,0
2017-05-16,1.395,1.389,1.386,1.396,27420000,38110000,0
2017-05-17,1.388,1.387,1.384,1.392,9650000,13400000,0
2017-05-18,1.363,1.377,1.363,1.387,16730000,23130000,0
2017-05-19,1.381,1.389,1.381,1.394,5010000,6950000,0
2017-05-22,1.393,1.397,1.387,1.398,12060000,16810000,0
2017-05-23,1.397,1.391,1.388,1.406,21120000,29570000,0
2017-05-24,1.393,1.393,1.355,1.399,19740000,27520000,0
2017-05-25,1.396,1.406,1.396,1.410,19540000,27430000,0
2017-05-26,1.403,1.405,1.403,1.411,11590000,16300000,0
2017-05-31,1.407,1.403,1.399,1.415,28890000,40700000,0
2017-06-01,1.407,1.395,1.360,1.407,89440000,125070000,0
2017-06-02,1.404,1.415,1.403,1.415,31410000,44290000,0
2017-06-05,1.414,1.403,1.401,1.416,48130000,67760000,0
2017-06-06,1.404,1.409,1.360,1.413,47270000,66580000,0
2017-06-07,1.411,1.409,1.390,1.415,11860000,16740000,0
2017-06-08,1.410,1.411,1.408,1.412,10390000,14660000,0
2017-06-09,1.415,1.407,1.404,1.416,12400000,17480000,0
2017-06-12,1.406,1.396,1.391,1.409,22540000,31510000,0
2017-06-13,1.397,1.395,1.392,1.402,173320000,241640000,0
2017-06-14,1.401,1.396,1.388,1.404,96170000,133900000,0
2017-06-15,1.393,1.385,1.383,1.393,40590000,56350000,0
2017-06-16,1.386,1.389,1.376,1.395,33320000,46350000,0
2017-06-19,1.393,1.406,1.393,1.410,28820000,40440000,0
2017-06-20,1.411,1.409,1.407,1.418,44560000,62880000,0
2017-06-21,1.408,1.401,1.395,1.408,22670000,31730000,0
2017-06-22,1.399,1.403,1.385,1.412,29790000,41890000,0
2017-06-23,1.403,1.405,1.402,1.409,38770000,54500000,0
2017-06-26,1.409,1.414,1.406,1.414,39040000,55120000,0
2017-06-27,1.415,1.411,1.411,1.421,55220000,78310000,0
2017-06-28,1.404,1.398,1.394,1.408,25230000,35300000,0
2017-06-29,1.406,1.412,1.403,1.413,45650000,64220000,0
2017-06-30,1.404,1.399,1.393,1.404,39570000,55290000,0
2017-07-03,1.399,1.402,1.395,1.407,150450000,211040000,0
2017-07-04,1.404,1.380,1.375,1.406,44380000,61880000,0
2017-07-05,1.379,1.389,1.371,1.392,24120000,33340000,0
2017-07-06,1.393,1.393,1.390,1.398,41220000,57450000,0
2017-07-07,1.387,1.387,1.384,1.389,45920000,63700000,0
2017-07-10,1.385,1.398,1.385,1.405,25890000,36210000,0
2017-07-11,1.399,1.418,1.399,1.422,74170000,104650000,0
2017-07-12,1.420,1.423,1.420,1.431,124480000,177640000,0
2017-07-13,1.433,1.438,1.433,1.443,48710000,70140000,0
2017-07-14,1.440,1.438,1.437,1.443,38120000,54910000,0
2017-07-17,1.442,1.440,1.438,1.449,59290000,85620000,0
2017-07-18,1.440,1.443,1.440,1.447,81040000,116970000,0
2017-07-19,1.444,1.453,1.443,1.457,71180000,103250000,0
2017-07-20,1.458,1.457,1.454,1.460,105130000,153060000,0
2017-07-21,1.456,1.454,1.452,1.458,81670000,118850000,0
2017-07-24,1.453,1.455,1.452,1.460,219820000,319970000,0
2017-07-25,1.456,1.453,1.453,1.458,139050000,202440000,0
2017-07-26,1.459,1.458,1.454,1.466,153910000,224900000,0
2017-07-27,1.461,1.471,1.461,1.471,128040000,187560000,0
2017-07-28,1.462,1.464,1.462,1.468,42970000,62960000,0
2017-07-31,1.466,1.476,1.466,1.476,100000000,147180000,0
2017-08-01,1.478,1.491,1.478,1.491,118670000,176530000,0
2017-08-02,1.495,1.504,1.495,1.504,93870000,140810000,0
2017-08-03,1.500,1.493,1.489,1.500,154350000,230730000,0
2017-08-04,1.498,1.487,1.486,1.498,169270000,253030000,0
2017-08-07,1.494,1.496,1.494,1.499,144810000,216680000,0
2017-08-08,1.498,1.500,1.494,1.500,26530000,39700000,0
2017-08-09,1.501,1.494,1.491,1.503,71950000,107730000,0
2017-08-10,1.494,1.475,1.468,1.495,80800000,119460000,0
2017-08-11,1.454,1.440,1.438,1.475,599040000,868310000,0
2017-08-14,1.452,1.455,1.448,1.458,149850000,217980000,0
2017-08-15,1.463,1.470,1.462,1.473,109060000,160220000,0
2017-08-16,1.470,1.470,1.467,1.474,51790000,76170000,0
2017-08-17,1.481,1.466,1.466,1.482,67600000,99600000,0
2017-08-18,1.452,1.457,1.450,1.463,118560000,172960000,0
2017-08-21,1.456,1.459,1.456,1.465,148120000,216500000,0
2017-08-22,1.465,1.472,1.465,1.479,139310000,205020000,0
2017-08-23,1.474,1.477,1.474,1.479,18330000,27070000,0
2017-08-24,1.480,1.476,1.471,1.481,104460000,154370000,0
2017-08-25,1.477,1.488,1.474,1.491,236370000,350700000,0
2017-08-28,1.492,1.485,1.485,1.502,93050000,139330000,0
2017-08-29,1.484,1.478,1.478,1.484,107960000,159820000,0
2017-08-30,1.486,1.488,1.482,1.491,124170000,184350000,0
2017-08-31,1.491,1.488,1.486,1.493,85950000,128100000,0
2017-09-01,1.490,1.486,1.483,1.507,104970000,156770000,0
2017-09-04,1.484,1.465,1.465,1.484,127860000,188580000,0
2017-09-05,1.471,1.461,1.458,1.471,210210000,308430000,0
2017-09-06,1.461,1.459,1.449,1.462,146930000,213810000,0
2017-09-07,1.466,1.454,1.453,1.469,180320000,264230000,0
2017-09-08,1.454,1.448,1.445,1.459,183820000,267430000,0
2017-09-11,1.462,1.478,1.462,1.478,102400000,150790000,0
2017-09-12,1.480,1.480,1.479,1.487,192150000,284960000,0
2017-09-13,1.482,1.475,1.470,1.482,123160000,181880000,0
2017-09-14,1.474,1.474,1.470,1.484,139830000,206660000,0
2017-09-15,1.473,1.473,1.461,1.486,185140000,271830000,0
2017-09-18,1.483,1.494,1.480,1.502,205720000,306710000,0
2017-09-19,1.493,1.501,1.493,1.507,128730000,193450000,0
2017-09-20,1.500,1.496,1.495,1.501,172880000,258940000,0
2017-09-21,1.497,1.501,1.497,1.507,142320000,213770000,0
2017-09-22,1.496,1.487,1.485,1.496,123720000,184090000,0
2017-09-25,1.486,1.474,1.472,1.486,139130000,205320000,0
2017-09-26,1.460,1.473,1.460,1.483,347310000,511340000,0
2017-09-27,1.478,1.484,1.477,1.487,105670000,156690000,0
2017-09-28,1.489,1.486,1.478,1.490,105010000,155740000,0
2017-09-29,1.483,1.483,1.478,1.489,231220000,343310000,0
2017-10-09,1.530,1.519,1.515,1.533,153850000,234490000,0
2017-10-10,1.518,1.518,1.510,1.522,279130000,422780000,0
2017-10-11,1.525,1.517,1.516,1.525,244310000,371320000,0
2017-10-12,1.517,1.521,1.514,1.523,155270000,235710000,0
2017-10-13,1.517,1.517,1.513,1.520,168050000,254810000,0
2017-10-16,1.524,1.531,1.523,1.539,255560000,391980000,0
2017-10-17,1.533,1.536,1.533,1.539,99430000,152670000,0
2017-10-18,1.536,1.535,1.535,1.553,594520000,914840000,0
2017-10-19,1.539,1.526,1.524,1.544,270240000,415940000,0
2017-10-20,1.518,1.528,1.510,1.531,374040000,569990000,0
2017-10-23,1.534,1.523,1.522,1.535,557800000,852350000,0
2017-10-24,1.521,1.512,1.512,1.525,382790000,582710000,0
2017-10-25,1.519,1.523,1.519,1.528,301300000,459170000,0
2017-10-26,1.520,1.517,1.515,1.534,334970000,510260000,0
2017-10-27,1.525,1.530,1.523,1.537,285140000,437150000,0
2017-10-30,1.540,1.529,1.524,1.546,223550000,342770000,0
2017-10-31,1.521,1.523,1.515,1.529,320960000,488310000,0
2017-11-01,1.528,1.529,1.524,1.536,410290000,627270000,0
2017-11-02,1.532,1.528,1.523,1.535,471760000,721340000,0
2017-11-03,1.529,1.533,1.528,1.535,178190000,273020000,0
2017-11-06,1.533,1.532,1.518,1.535,286960000,438150000,0
2017-11-07,1.538,1.558,1.537,1.558,241210000,374410000,0
2017-11-08,1.555,1.558,1.555,1.569,629590000,984320000,0
2017-11-09,1.562,1.565,1.558,1.578,893770000,1399230000,0
2017-11-10,1.565,1.567,1.563,1.574,505080000,792080000,0
2017-11-13,1.566,1.574,1.566,1.578,592310000,932890000,0
2017-11-14,1.576,1.572,1.572,1.582,521210000,821380000,0
2017-11-15,1.566,1.558,1.557,1.569,699590000,1093040000,0
2017-11-16,1.560,1.563,1.544,1.567,878830000,1367080000,0
2017-11-17,1.575,1.571,1.570,1.579,476610000,750180000,0
2017-11-20,1.571,1.575,1.566,1.578,397740000,624820000,0
2017-11-21,1.579,1.597,1.579,1.606,824290000,1316580000,0
2017-11-22,1.622,1.612,1.609,1.637,737680000,1195800000,0
2017-11-23,1.616,1.600,1.598,1.618,569330000,918300000,0
2017-11-24,1.599,1.604,1.596,1.604,647610000,1036470000,0
2017-11-27,1.605,1.600,1.594,1.605,243510000,389480000,0
2017-11-28,1.599,1.591,1.582,1.599,455330000,724670000,0
2017-11-29,1.601,1.596,1.590,1.607,421560000,672760000,0
2017-11-30,1.587,1.571,1.567,1.587,732010000,1153430000,0
2017-12-01,1.574,1.568,1.545,1.579,382360000,601170000,0
2017-12-04,1.565,1.577,1.550,1.579,381810000,599480000,0
2017-12-05,1.564,1.560,1.557,1.569,369530000,578000000,0
2017-12-06,1.558,1.529,1.517,1.560,466040000,716140000,0
2017-12-07,1.528,1.518,1.513,1.532,517250000,787830000,0
2017-12-08,1.522,1.538,1.522,1.538,341090000,521730000,0
2017-12-11,1.538,1.551,1.538,1.552,421400000,650780000,0
2017-12-12,1.551,1.546,1.546,1.558,437710000,679500000,0
2017-12-13,1.550,1.565,1.544,1.566,479910000,744210000,0
2017-12-14,1.571,1.558,1.556,1.574,679100000,1060860000,0
2017-12-15,1.549,1.541,1.536,1.555,447300000,691680000,0
2017-12-18,1.548,1.553,1.541,1.555,601880000,931300000,0
2017-12-19,1.560,1.563,1.557,1.567,477680000,746320000,0
2017-12-20,1.559,1.549,1.548,1.563,455810000,709100000,0
2017-12-21,1.542,1.556,1.541,1.557,393590000,610580000,0
2017-12-22,1.561,1.560,1.559,1.565,433890000,677920000,0
2017-12-25,1.565,1.566,1.563,1.575,320320000,502690000,0
2017-12-26,1.569,1.568,1.566,1.573,607280000,954500000,0
2017-12-27,1.570,1.563,1.562,1.572,438760000,688210000,0
2017-12-28,1.568,1.573,1.568,1.578,459760000,724140000,0
2017-12-29,1.577,1.576,1.574,1.580,311580000,491600000,0
2018-01-02,1.581,1.603,1.581,1.604,260910000,416620000,0
2018-01-03,1.610,1.607,1.605,1.617,177980000,286760000,0
2018-01-04,1.612,1.616,1.611,1.619,235200000,379770000,0
2018-01-05,1.622,1.612,1.608,1.624,153840000,248350000,0
2018-01-08,1.618,1.617,1.612,1.619,364260000,588320000,0
2018-01-09,1.621,1.631,1.621,1.632,316010000,514040000,0
2018-01-10,1.634,1.643,1.631,1.647,291240000,477450000,0
2018-01-11,1.645,1.637,1.632,1.645,186850000,305900000,0
2018-01-12,1.643,1.643,1.640,1.650,267610000,439630000,0
2018-01-15,1.655,1.641,1.641,1.663,349650000,576940000,0
2018-01-16,1.640,1.659,1.639,1.661,139620000,230380000,0
2018-01-17,1.656,1.662,1.649,1.662,275920000,457070000,0
2018-01-18,1.673,1.674,1.663,1.682,212650000,356400000,0
2018-01-19,1.674,1.671,1.664,1.676,319940000,534810000,0
2018-01-22,1.674,1.685,1.670,1.689,193730000,325090000,0
2018-01-23,1.690,1.708,1.690,1.713,324600000,552510000,0
2018-01-24,1.708,1.712,1.702,1.714,249830000,426720000,0
2018-01-25,1.713,1.685,1.682,1.713,402060000,680200000,0
2018-01-26,1.690,1.708,1.687,1.721,654170000,1114900000,0
2018-01-29,1.718,1.694,1.693,1.725,387810000,662680000,0
2018-01-30,1.686,1.676,1.675,1.701,563140000,949800000,0
2018-01-31,1.674,1.672,1.661,1.683,720310000,1205260000,0
2018-02-01,1.684,1.676,1.669,1.688,494270000,829920000,0
2018-02-02,1.666,1.670,1.653,1.681,459230000,765480000,0
2018-02-05,1.630,1.645,1.622,1.653,724340000,1190210000,0
2018-02-06,1.594,1.568,1.566,1.608,546450000,865620000,0
2018-02-07,1.596,1.547,1.537,1.600,514840000,812110000,0
2018-02-08,1.555,1.561,1.543,1.573,250490000,390970000,0
2018-02-09,1.520,1.511,1.496,1.522,295740000,445220000,0
2018-02-12,1.516,1.519,1.508,1.523,388830000,590390000,0
2018-02-13,1.533,1.532,1.530,1.551,287620000,443540000,0
2018-02-14,1.542,1.561,1.539,1.563,138890000,215090000,0
2018-02-22,1.595,1.596,1.592,1.604,173370000,277190000,0
2018-02-23,1.606,1.611,1.600,1.613,184190000,296050000,0
2018-02-26,1.623,1.614,1.606,1.625,274460000,442770000,0
2018-02-27,1.625,1.602,1.598,1.627,212830000,342960000,0
2018-02-28,1.580,1.576,1.575,1.587,282240000,446280000,0
2018-03-01,1.568,1.582,1.558,1.587,361860000,570900000,0
2018-03-02,1.574,1.571,1.565,1.576,246380000,387040000,0
2018-03-05,1.569,1.548,1.545,1.575,312730000,485540000,0
2018-03-06,1.563,1.570,1.548,1.570,270390000,420910000,0
2018-03-07,1.557,1.545,1.542,1.571,315270000,490720000,0
2018-03-08,1.560,1.574,1.558,1.574,263980000,413700000,0
2018-03-09,1.586,1.590,1.584,1.595,523110000,831440000,0
2018-03-12,1.613,1.616,1.609,1.621,315500000,509070000,0
2018-03-13,1.615,1.614,1.613,1.624,317920000,514500000,0
2018-03-14,1.607,1.595,1.592,1.607,189690000,302810000,0
2018-03-15,1.592,1.608,1.590,1.611,410850000,658370000,0
2018-03-16,1.606,1.605,1.600,1.616,375810000,605690000,0
2018-03-19,1.607,1.616,1.600,1.622,271270000,438240000,0
2018-03-20,1.608,1.613,1.595,1.615,402680000,645710000,0
2018-03-21,1.625,1.616,1.612,1.637,349150000,569160000,0
2018-03-22,1.613,1.595,1.591,1.619,353190000,566050000,0
2018-03-23,1.531,1.531,1.527,1.549,603680000,929030000,0
2018-03-26,1.532,1.537,1.522,1.540,569190000,871860000,0
2018-03-27,1.559,1.551,1.548,1.563,595260000,924110000,0
2018-03-28,1.530,1.530,1.526,1.546,325770000,500590000,0
2018-03-29,1.532,1.527,1.501,1.537,432780000,659740000,0
2018-03-30,1.535,1.524,1.522,1.539,260530000,398610000,0
2018-04-02,1.523,1.523,1.521,1.529,279220000,426200000,0
2018-04-03,1.516,1.523,1.507,1.526,345090000,522970000,0
2018-04-04,1.529,1.513,1.511,1.537,388790000,594410000,0
2018-04-09,1.529,1.536,1.519,1.543,625670000,958450000,0
2018-04-10,1.534,1.564,1.533,1.565,674630000,1045970000,0
2018-04-11,1.569,1.563,1.556,1.572,368940000,577300000,0
2018-04-12,1.568,1.552,1.552,1.572,364910000,570560000,0
2018-04-13,1.573,1.563,1.558,1.575,394260000,617720000,0
2018-04-16,1.563,1.534,1.531,1.563,574480000,884620000,0
2018-04-17,1.536,1.530,1.523,1.544,513890000,787720000,0
2018-04-18,1.545,1.531,1.519,1.547,502000000,769770000,0
2018-04-19,1.541,1.550,1.540,1.558,309110000,479350000,0
2018-04-20,1.552,1.551,1.548,1.565,501810000,780270000,0
2018-04-23,1.555,1.548,1.536,1.555,456360000,705790000,0
2018-04-24,1.550,1.564,1.549,1.571,478570000,747690000,0
2018-04-25,1.558,1.547,1.545,1.561,484280000,750280000,0
2018-04-26,1.550,1.529,1.528,1.562,615000000,949390000,0
2018-04-27,1.542,1.546,1.540,1.551,333660000,516110000,0
2018-05-02,1.571,1.574,1.567,1.580,433830000,682080000,0
2018-05-03,1.559,1.558,1.548,1.563,316110000,491930000,0
2018-05-04,1.560,1.538,1.535,1.560,533310000,823400000,0
2018-05-07,1.544,1.537,1.529,1.546,373280000,574420000,0
2018-05-08,1.545,1.560,1.544,1.563,297050000,462600000,0
2018-05-09,1.561,1.567,1.561,1.573,316650000,495930000,0
2018-05-10,1.581,1.584,1.578,1.588,604800000,957170000,0
2018-05-11,1.594,1.593,1.590,1.605,502600000,803240000,0
2018-05-14,1.607,1.614,1.605,1.619,469100000,757020000,0
2018-05-15,1.616,1.604,1.600,1.617,332760000,534570000,0
2018-05-16,1.596,1.595,1.587,1.606,399080000,636740000,0
2018-05-17,1.610,1.591,1.590,1.611,445480000,712220000,0
2018-05-18,1.595,1.599,1.591,1.602,350920000,559930000,0
2018-05-21,1.608,1.616,1.607,1.621,529530000,856950000,0
2018-05-22,1.618,1.614,1.607,1.622,648370000,1046230000,0
2018-05-23,1.610,1.589,1.589,1.610,493480000,787640000,0
2018-05-24,1.586,1.584,1.581,1.593,324570000,514950000,0
2018-05-25,1.586,1.585,1.582,1.591,373070000,591810000,0
2018-05-28,1.590,1.602,1.582,1.603,498130000,794980000,0
2018-05-29,1.599,1.588,1.587,1.599,298530000,475650000,0
2018-05-30,1.572,1.560,1.560,1.574,443980000,694610000,0
2018-05-31,1.571,1.573,1.564,1.575,404620000,635760000,0
2018-06-01,1.576,1.585,1.574,1.589,271040000,429170000,0
2018-06-04,1.602,1.612,1.600,1.616,209250000,337050000,0
2018-06-05,1.614,1.618,1.608,1.623,224490000,361900000,0
2018-06-06,1.619,1.623,1.618,1.626,439180000,712420000,0
2018-06-07,1.629,1.636,1.629,1.639,449100000,734450000,0
2018-06-08,1.630,1.612,1.611,1.635,422600000,685020000,0
2018-06-11,1.611,1.615,1.606,1.619,243270000,392830000,0
2018-06-12,1.615,1.621,1.609,1.626,305120000,494380000,0
2018-06-13,1.613,1.599,1.596,1.617,710300000,1143150000,0
2018-06-14,1.595,1.575,1.572,1.599,506890000,803420000,0
2018-06-15,1.582,1.583,1.579,1.589,151360000,239870000,0
2018-06-19,1.550,1.541,1.540,1.556,212630000,329190000,0
2018-06-20,1.541,1.558,1.540,1.575,444880000,692680000,0
2018-06-21,1.565,1.550,1.547,1.571,329120000,514150000,0
2018-06-22,1.558,1.547,1.535,1.558,380970000,559200000,0
2018-06-25,1.549,1.537,1.536,1.556,250680000,368570000,0
2018-06-26,1.532,1.536,1.515,1.542,242690000,352770000,0
2018-06-27,1.540,1.523,1.520,1.547,509790000,744300000,0
2018-06-28,1.518,1.511,1.509,1.528,302350000,437070000,0
2018-06-29,1.528,1.544,1.528,1.547,366660000,537000000,0
2018-07-02,1.545,1.525,1.525,1.551,76930000,112520000,0
2018-07-03,1.534,1.536,1.517,1.539,566350000,823870000,0
2018-07-04,1.536,1.507,1.505,1.536,339400000,490600000,0
2018-07-05,1.507,1.511,1.499,1.527,323480000,464560000,0
2018-07-06,1.525,1.525,1.511,1.542,189430000,275330000,0
2018-07-09,1.544,1.553,1.541,1.553,184020000,271090000,0
2018-07-10,1.561,1.553,1.546,1.562,446150000,660410000,0
2018-07-11,1.526,1.531,1.521,1.541,261160000,380930000,0
2018-07-12,1.536,1.551,1.535,1.559,290270000,428220000,0
2018-07-13,1.560,1.548,1.547,1.560,303030000,447930000,0
2018-07-16,1.551,1.548,1.544,1.558,293830000,432540000,0
2018-07-17,1.547,1.532,1.532,1.548,350040000,511190000,0
2018-07-18,1.542,1.536,1.533,1.547,210030000,307710000,0
2018-07-19,1.544,1.542,1.538,1.552,306680000,450080000,0
2018-07-20,1.543,1.554,1.537,1.559,344510000,506410000,0
2018-07-23,1.556,1.556,1.547,1.562,263700000,389700000,0
2018-07-24,1.562,1.588,1.559,1.590,449260000,677990000,0
2018-07-25,1.589,1.593,1.589,1.596,349290000,529780000,0
2018-07-26,1.596,1.579,1.576,1.597,218490000,328950000,0
2018-07-27,1.582,1.586,1.581,1.593,359090000,542720000,0
2018-07-30,1.585,1.587,1.582,1.596,287800000,435030000,0
2018-07-31,1.587,1.585,1.580,1.590,382980000,577830000,0
2018-08-01,1.591,1.577,1.577,1.592,290380000,437660000,0
2018-08-02,1.573,1.535,1.530,1.573,251500000,369610000,0
2018-08-03,1.546,1.543,1.539,1.548,138730000,203670000,0
2018-08-06,1.545,1.544,1.537,1.556,272290000,401130000,0
2018-08-07,1.548,1.566,1.548,1.570,142080000,210630000,0
2018-08-08,1.572,1.565,1.562,1.573,338920000,505540000,0
2018-08-09,1.564,1.583,1.557,1.588,214520000,321550000,0
2018-08-10,1.583,1.574,1.572,1.588,214990000,323290000,0
2018-08-13,1.562,1.558,1.552,1.565,231860000,343560000,0
2018-08-14,1.560,1.547,1.540,1.562,170520000,251480000,0
2018-08-15,1.547,1.530,1.526,1.548,145850000,212680000,0
2018-08-16,1.515,1.516,1.512,1.538,419220000,607360000,0
2018-08-17,1.525,1.513,1.513,1.528,221860000,320150000,0
2018-08-20,1.516,1.530,1.515,1.530,212440000,307350000,0
2018-08-21,1.533,1.536,1.525,1.541,157020000,228820000,0
2018-08-22,1.539,1.544,1.530,1.548,173460000,253830000,0
2018-08-23,1.546,1.544,1.539,1.555,182440000,267850000,0
2018-08-24,1.540,1.551,1.534,1.555,166460000,244330000,0
2018-08-27,1.560,1.569,1.549,1.569,192180000,285050000,0
2018-08-28,1.578,1.568,1.566,1.584,199410000,298650000,0
2018-08-29,1.569,1.572,1.565,1.578,121640000,181950000,0
2018-08-30,1.574,1.568,1.566,1.578,233620000,349210000,0
2018-08-31,1.559,1.552,1.543,1.559,83720000,123360000,0
2018-09-03,1.551,1.539,1.538,1.551,146910000,215670000,0
2018-09-04,1.541,1.556,1.534,1.557,192000000,281830000,0
2018-09-05,1.554,1.524,1.522,1.554,293190000,427230000,0
2018-09-06,1.518,1.502,1.501,1.522,138610000,198990000,0
2018-09-07,1.502,1.505,1.496,1.516,136170000,194690000,0
2018-09-10,1.499,1.490,1.489,1.504,548830000,779090000,0
2018-09-11,1.491,1.486,1.482,1.497,178870000,252780000,0
2018-09-12,1.486,1.474,1.473,1.486,270230000,378910000,0
2018-09-13,1.492,1.500,1.486,1.500,228300000,323350000,0
2018-09-14,1.507,1.521,1.506,1.523,122850000,177000000,0
2018-09-17,1.513,1.506,1.499,1.513,115590000,165250000,0
2018-09-18,1.502,1.517,1.495,1.519,327910000,468920000,0
2018-09-19,1.521,1.530,1.516,1.535,193680000,281290000,0
2018-09-20,1.537,1.530,1.527,1.542,147140000,214480000,0
2018-09-21,1.536,1.562,1.535,1.563,155260000,228750000,0
2018-09-25,1.546,1.555,1.544,1.559,92470000,136620000,0
2018-09-26,1.558,1.564,1.550,1.573,169050000,251540000,0
2018-09-27,1.568,1.552,1.552,1.569,257030000,381420000,0
2018-09-28,1.560,1.556,1.555,1.565,128170000,190300000,0
2018-10-08,1.526,1.483,1.482,1.526,174240000,246760000,0
2018-10-09,1.487,1.484,1.478,1.491,281360000,396580000,0
2018-10-10,1.486,1.486,1.481,1.495,162560000,229570000,0
2018-10-11,1.443,1.428,1.425,1.443,191820000,260680000,0
2018-10-12,1.432,1.454,1.430,1.456,198540000,271100000,0
2018-10-15,1.455,1.441,1.439,1.456,171310000,234470000,0
2018-10-16,1.444,1.434,1.431,1.453,200560000,273850000,0
2018-10-17,1.450,1.456,1.450,1.463,185430000,256490000,0
2018-10-18,1.454,1.435,1.432,1.454,124200000,169370000,0
2018-10-19,1.425,1.456,1.425,1.460,184780000,252770000,0
2018-10-22,1.486,1.480,1.459,1.487,403600000,565550000,0
2018-10-23,1.475,1.441,1.438,1.475,317930000,440000000,0
2018-10-24,1.442,1.433,1.433,1.454,336130000,459450000,0
2018-10-25,1.396,1.415,1.396,1.417,274140000,365120000,0
2018-10-26,1.426,1.413,1.406,1.429,171510000,229930000,0
2018-10-29,1.416,1.407,1.404,1.419,142570000,190000000,0
2018-10-30,1.410,1.407,1.404,1.422,120590000,161080000,0
2018-10-31,1.415,1.419,1.411,1.423,272340000,364990000,0
2018-11-01,1.433,1.444,1.433,1.456,262500000,359300000,0
2018-11-02,1.477,1.486,1.469,1.494,678420000,952000000,0
2018-11-05,1.464,1.466,1.459,1.477,375890000,523240000,0
2018-11-06,1.472,1.470,1.463,1.474,351440000,488810000,0
2018-11-07,1.474,1.476,1.469,1.501,316710000,445070000,0
2018-11-08,1.491,1.485,1.484,1.498,264840000,374980000,0
2018-11-09,1.471,1.454,1.454,1.471,257780000,357290000,0
2018-11-12,1.455,1.459,1.451,1.463,223870000,309750000,0
2018-11-13,1.440,1.454,1.431,1.463,238570000,326670000,0
2018-11-14,1.465,1.456,1.450,1.469,301510000,416160000,0
2018-11-15,1.462,1.469,1.452,1.472,291620000,404190000,0
2018-11-16,1.471,1.478,1.464,1.484,314330000,439410000,0
2018-11-19,1.490,1.490,1.480,1.493,261720000,369200000,0
2018-11-20,1.478,1.465,1.464,1.483,350130000,488210000,0
2018-11-21,1.454,1.471,1.449,1.471,369600000,512120000,0
2018-11-22,1.476,1.474,1.466,1.477,276660000,385670000,0
2018-11-23,1.470,1.467,1.463,1.471,155930000,216970000,0
2018-11-26,1.478,1.494,1.478,1.498,252870000,357960000,0
2018-11-27,1.494,1.495,1.485,1.501,343440000,486810000,0
2018-11-28,1.497,1.515,1.497,1.518,258430000,370430000,0
2018-11-29,1.529,1.497,1.497,1.534,199820000,287480000,0
2018-11-30,1.501,1.510,1.499,1.515,188270000,269700000,0
2018-12-03,1.537,1.531,1.530,1.546,202350000,295580000,0
2018-12-04,1.530,1.520,1.515,1.530,257880000,372910000,0
2018-12-05,1.505,1.509,1.502,1.514,216940000,311030000,0
2018-12-06,1.490,1.472,1.468,1.490,218140000,305070000,0
2018-12-07,1.475,1.476,1.474,1.484,189230000,265470000,0
2018-12-10,1.464,1.456,1.446,1.464,222900000,307040000,0
2018-12-11,1.454,1.461,1.453,1.464,194550000,268920000,0
2018-12-12,1.473,1.479,1.470,1.481,238420000,334050000,0
2018-12-13,1.482,1.493,1.482,1.497,275200000,389330000,0
2018-12-14,1.483,1.475,1.474,1.483,199680000,279670000,0
2018-12-17,1.476,1.477,1.473,1.482,114660000,160700000,0
2018-12-18,1.466,1.460,1.456,1.477,177690000,246990000,0
2018-12-19,1.462,1.459,1.458,1.465,185780000,257190000,0
2018-12-20,1.455,1.445,1.439,1.460,341960000,469290000,0
2018-12-21,1.442,1.449,1.429,1.449,325050000,443070000,0
2018-12-24,1.444,1.446,1.438,1.450,254800000,348890000,0
2018-12-25,1.435,1.414,1.412,1.437,294650000,397480000,0
2018-12-26,1.418,1.419,1.416,1.427,355280000,478370000,0
2018-12-27,1.453,1.441,1.438,1.460,621680000,855960000,0
2018-12-28,1.443,1.430,1.429,1.444,276200000,374990000,0
2019-01-02,1.438,1.408,1.408,1.444,246450000,332420000,0
2019-01-03,1.409,1.410,1.404,1.420,234080000,312460000,0
2019-01-04,1.401,1.437,1.401,1.437,243970000,329000000,0
2019-01-07,1.456,1.445,1.443,1.462,525530000,721610000,0
2019-01-08,1.449,1.451,1.442,1.456,322740000,443930000,0
2019-01-09,1.466,1.476,1.465,1.489,353300000,495940000,0
2019-01-10,1.473,1.469,1.461,1.477,622170000,866250000,0
2019-01-11,1.480,1.470,1.466,1.480,185650000,258980000,0
2019-01-14,1.466,1.452,1.446,1.467,288020000,396590000,0
2019-01-15,1.460,1.479,1.460,1.481,219750000,307130000,0
2019-01-16,1.482,1.485,1.470,1.486,219370000,308010000,0
2019-01-17,1.486,1.477,1.471,1.494,579410000,815990000,0
2019-01-18,1.488,1.496,1.485,1.501,189400000,269120000,0
2019-01-21,1.500,1.506,1.498,1.515,220890000,316210000,0
2019-01-22,1.509,1.495,1.492,1.511,226630000,322920000,0
2019-01-23,1.495,1.496,1.494,1.508,277010000,394580000,0
2019-01-24,1.499,1.502,1.491,1.504,331770000,471670000,0
2019-01-25,1.508,1.518,1.507,1.523,167180000,241290000,0
2019-01-28,1.526,1.515,1.510,1.529,295290000,426740000,0
2019-01-29,1.513,1.514,1.506,1.517,119280000,171330000,0
2019-01-30,1.513,1.511,1.506,1.515,186030000,266840000,0
2019-01-31,1.521,1.527,1.516,1.532,207530000,300800000,0
2019-02-01,1.536,1.535,1.529,1.538,244200000,355830000,0
2019-02-11,1.536,1.551,1.535,1.555,241590000,355810000,0
2019-02-12,1.553,1.553,1.549,1.559,370710000,547880000,0
2019-02-13,1.558,1.569,1.550,1.573,794640000,1183010000,0
2019-02-14,1.571,1.567,1.561,1.573,425050000,633530000,0
2019-02-15,1.563,1.541,1.540,1.563,186060000,273900000,0
2019-02-18,1.550,1.563,1.550,1.566,283430000,421100000,0
2019-02-19,1.567,1.560,1.558,1.572,247160000,367960000,0
2019-02-20,1.565,1.559,1.554,1.568,382360000,567910000,0
2019-02-21,1.557,1.569,1.555,1.572,297270000,442740000,0
2019-02-22,1.569,1.577,1.561,1.580,453030000,676580000,0
2019-02-25,1.586,1.581,1.571,1.589,526590000,791160000,0
2019-02-26,1.581,1.569,1.568,1.581,402730000,603900000,0
2019-02-27,1.572,1.569,1.565,1.582,616080000,925220000,0
2019-02-28,1.566,1.564,1.563,1.574,747820000,1116190000,0
2019-03-01,1.570,1.572,1.566,1.575,408600000,610190000,0
2019-03-04,1.575,1.580,1.573,1.593,454040000,683670000,0
2019-03-05,1.574,1.578,1.571,1.583,532500000,799060000,0
2019-03-06,1.579,1.586,1.578,1.590,456650000,689390000,0
2019-03-07,1.582,1.575,1.572,1.588,639940000,962870000,0
2019-03-08,1.566,1.550,1.548,1.566,249120000,368800000,0
2019-03-11,1.551,1.557,1.549,1.561,590050000,873370000,0
2019-03-12,1.571,1.582,1.571,1.586,835890000,1257710000,0
2019-03-13,1.582,1.574,1.572,1.582,1239190000,1858680000,0
2019-03-14,1.577,1.576,1.573,1.582,506570000,760720000,0
2019-03-15,1.578,1.593,1.578,1.598,552450000,836850000,0
2019-03-18,1.594,1.601,1.590,1.603,515000000,783230000,0
2019-03-19,1.605,1.608,1.604,1.611,942050000,1442210000,0
2019-03-20,1.607,1.604,1.600,1.609,954930000,1459790000,0
2019-03-21,1.603,1.585,1.585,1.609,1093300000,1665830000,0
2019-03-22,1.592,1.586,1.575,1.597,433560000,655610000,0
2019-03-25,1.566,1.561,1.561,1.575,825060000,1232660000,0
2019-03-26,1.569,1.561,1.558,1.574,613560000,913950000,0
2019-03-27,1.565,1.574,1.565,1.576,588030000,879540000,0
2019-03-28,1.570,1.576,1.567,1.581,830420000,1245150000,0
2019-03-29,1.579,1.590,1.576,1.593,249910000,377510000,0
2019-04-01,1.602,1.614,1.602,1.617,800810000,1230160000,0
2019-04-02,1.620,1.618,1.616,1.623,782350000,1207140000,0
2019-04-03,1.622,1.631,1.621,1.635,634330000,986340000,0
2019-04-04,1.635,1.630,1.625,1.640,833760000,1298280000,0
2019-04-08,1.639,1.639,1.635,1.647,543770000,850720000,0
2019-04-09,1.639,1.646,1.639,1.650,743880000,1166030000,0
2019-04-10,1.644,1.644,1.633,1.646,1012350000,1584220000,0
2019-04-11,1.651,1.632,1.627,1.651,855340000,1332990000,0
2019-04-12,1.630,1.626,1.623,1.633,949410000,1472660000,0
2019-04-15,1.642,1.631,1.629,1.652,388650000,609950000,0
2019-04-16,1.627,1.640,1.621,1.641,892920000,1387790000,0
2019-04-17,1.642,1.637,1.636,1.645,624500000,977000000,0
2019-04-18,1.634,1.629,1.628,1.638,393240000,612560000,0
2019-04-19,1.632,1.638,1.632,1.646,247550000,387110000,0
2019-04-22,1.641,1.627,1.627,1.643,269430000,420530000,0
2019-04-23,1.629,1.635,1.625,1.641,676170000,1053090000,0
2019-04-24,1.643,1.630,1.622,1.645,665100000,1034920000,0
2019-04-25,1.621,1.622,1.621,1.633,502690000,779880000,0
2019-04-26,1.619,1.616,1.614,1.624,669400000,1033650000,0
2019-04-29,1.620,1.629,1.617,1.634,469510000,728610000,0
2019-04-30,1.630,1.625,1.619,1.632,364720000,565000000,0
2019-05-06,1.615,1.601,1.598,1.621,638850000,978600000,0
2019-05-07,1.615,1.614,1.607,1.624,582970000,899130000,0
2019-05-08,1.601,1.597,1.594,1.608,488350000,745160000,0
2019-05-09,1.593,1.572,1.568,1.595,469930000,707190000,0
2019-05-10,1.582,1.580,1.563,1.593,707400000,1066880000,0
2019-05-13,1.579,1.574,1.570,1.580,124050000,185860000,0
2019-05-14,1.573,1.568,1.563,1.576,391890000,586200000,0
2019-05-15,1.573,1.583,1.573,1.588,454800000,684780000,0
2019-05-16,1.575,1.585,1.573,1.587,249430000,375040000,0
2019-05-17,1.592,1.571,1.569,1.592,221410000,332970000,0
2019-05-20,1.569,1.566,1.561,1.576,397200000,591970000,0
2019-05-21,1.564,1.565,1.561,1.571,469510000,699600000,0
2019-05-22,1.566,1.559,1.557,1.568,432430000,642610000,0
2019-05-23,1.553,1.538,1.537,1.553,538190000,790550000,0
2019-05-24,1.542,1.544,1.542,1.552,462430000,679560000,0
2019-05-27,1.542,1.541,1.529,1.543,817470000,1194400000,0
2019-05-28,1.540,1.546,1.536,1.550,596690000,877740000,0
2019-05-29,1.541,1.540,1.537,1.548,437340000,641300000,0
2019-05-30,1.540,1.531,1.528,1.543,679120000,988600000,0
2019-05-31,1.527,1.523,1.521,1.536,299570000,435230000,0
2019-06-03,1.521,1.520,1.511,1.524,175140000,252440000,0
2019-06-04,1.522,1.513,1.510,1.522,127410000,183440000,0
2019-06-05,1.527,1.519,1.518,1.532,381770000,553310000,0
2019-06-06,1.523,1.522,1.519,1.528,699790000,1013840000,0
2019-06-10,1.538,1.560,1.536,1.567,763880000,1134420000,0
2019-06-11,1.561,1.574,1.561,1.576,446490000,667340000,0
2019-06-12,1.571,1.548,1.545,1.571,381830000,564730000,0
2019-06-13,1.547,1.538,1.524,1.549,502200000,732450000,0
2019-06-14,1.541,1.537,1.537,1.548,258520000,379020000,0
2019-06-17,1.544,1.548,1.543,1.561,492940000,728060000,0
2019-06-18,1.548,1.563,1.545,1.564,623920000,922360000,0
2019-06-19,1.596,1.590,1.583,1.599,515460000,780850000,0
2019-06-20,1.592,1.603,1.592,1.607,508150000,775780000,0
2019-06-21,1.603,1.605,1.597,1.607,409610000,625140000,0
2019-06-24,1.604,1.608,1.604,1.624,593760000,911840000,0
2019-06-25,1.607,1.595,1.592,1.612,332200000,505490000,0
2019-06-26,1.591,1.601,1.586,1.604,379230000,577800000,0
2019-06-27,1.606,1.619,1.606,1.622,904200000,1391080000,0
2019-06-28,1.620,1.609,1.609,1.620,412820000,634820000,0
2019-07-01,1.627,1.640,1.626,1.641,249270000,388430000,0
2019-07-02,1.635,1.642,1.631,1.646,569900000,892050000,0
2019-07-03,1.641,1.640,1.636,1.645,1142280000,1788400000,0
2019-07-04,1.644,1.640,1.637,1.651,712960000,1118350000,0
2019-07-05,1.639,1.641,1.636,1.645,554280000,867200000,0
2019-07-08,1.634,1.612,1.611,1.635,393350000,605670000,0
2019-07-09,1.612,1.603,1.600,1.615,537650000,822680000,0
2019-07-10,1.609,1.605,1.603,1.613,221950000,339850000,0
2019-07-11,1.611,1.613,1.611,1.623,557990000,859720000,0
2019-07-12,1.613,1.618,1.612,1.622,444590000,685960000,0
2019-07-15,1.611,1.620,1.598,1.624,530270000,816090000,0
2019-07-16,1.622,1.626,1.618,1.627,323230000,500420000,0
2019-07-17,1.619,1.623,1.614,1.629,316570000,490080000,0
2019-07-18,1.615,1.616,1.614,1.623,314920000,485890000,0
2019-07-19,1.624,1.636,1.624,1.640,299600000,467630000,0
2019-07-22,1.631,1.618,1.617,1.633,313640000,485850000,0
2019-07-23,1.617,1.620,1.612,1.621,165550000,255240000,0
2019-07-24,1.626,1.628,1.626,1.638,212890000,331660000,0
2019-07-25,1.630,1.628,1.623,1.630,119240000,184850000,0
2019-07-26,1.616,1.619,1.612,1.621,326750000,504010000,0
2019-07-29,1.615,1.595,1.594,1.615,221410000,337340000,0
2019-07-30,1.601,1.606,1.601,1.609,382570000,585430000,0
2019-07-31,1.592,1.583,1.581,1.593,274220000,414150000,0
2019-08-01,1.577,1.573,1.571,1.585,259460000,389890000,0
2019-08-02,1.552,1.549,1.546,1.555,317480000,468090000,0
2019-08-05,1.538,1.525,1.520,1.544,388360000,565740000,0
2019-08-06,1.500,1.508,1.487,1.525,506060000,721360000,0
2019-08-07,1.512,1.512,1.503,1.518,452370000,649070000,0
2019-08-08,1.521,1.525,1.518,1.531,497810000,721260000,0
2019-08-09,1.530,1.522,1.515,1.534,628780000,911660000,0
2019-08-12,1.521,1.516,1.513,1.526,246160000,355060000,0
2019-08-13,1.499,1.483,1.479,1.499,528260000,744450000,0
2019-08-14,1.496,1.472,1.470,1.502,478460000,672390000,0
2019-08-15,1.452,1.479,1.451,1.480,594730000,828550000,0
2019-08-16,1.480,1.494,1.476,1.502,423250000,598050000,0
2019-08-19,1.508,1.529,1.508,1.533,458920000,665130000,0
2019-08-20,1.528,1.529,1.524,1.536,783060000,1140460000,0
2019-08-21,1.526,1.528,1.521,1.532,827670000,1201680000,0
2019-08-22,1.531,1.521,1.518,1.534,428700000,620580000,0
2019-08-23,1.522,1.532,1.521,1.536,499740000,727160000,0
2019-08-26,1.496,1.502,1.491,1.504,614410000,874160000,0
2019-08-27,1.515,1.513,1.509,1.518,646220000,928730000,0
2019-08-28,1.522,1.510,1.510,1.524,701410000,1008240000,0
2019-08-29,1.511,1.505,1.496,1.513,742840000,1061470000,0
2019-08-30,1.524,1.505,1.499,1.526,528300000,761080000,0
2019-09-02,1.506,1.503,1.503,1.512,521970000,747040000,0
2019-09-03,1.505,1.506,1.504,1.517,586870000,841240000,0
2019-09-04,1.513,1.553,1.513,1.560,680640000,990530000,0
2019-09-05,1.556,1.549,1.543,1.563,720290000,1065850000,0
2019-09-06,1.562,1.559,1.557,1.572,360670000,537020000,0
2019-09-09,1.567,1.568,1.558,1.571,558440000,831640000,0
2019-09-10,1.569,1.563,1.560,1.575,501200000,746240000,0
2019-09-11,1.568,1.591,1.565,1.596,902100000,1361430000,0
2019-09-12,1.603,1.587,1.582,1.603,697720000,1054690000,0
2019-09-16,1.588,1.579,1.578,1.588,335400000,505070000,0
2019-09-17,1.577,1.567,1.564,1.577,331830000,496030000,0
2019-09-18,1.572,1.568,1.567,1.576,688140000,1028660000,0
2019-09-19,1.573,1.550,1.548,1.574,761940000,1128150000,0
2019-09-20,1.556,1.551,1.548,1.558,499560000,738140000,0
2019-09-23,1.552,1.542,1.539,1.554,498160000,730990000,0
2019-09-24,1.547,1.543,1.540,1.550,422780000,620960000,0
2019-09-25,1.537,1.524,1.523,1.538,783800000,1138280000,0
2019-09-26,1.530,1.524,1.523,1.535,780850000,1134200000,0
2019-09-27,1.524,1.525,1.518,1.528,535990000,776650000,0
2019-09-30,1.520,1.529,1.516,1.536,272620000,395300000,0
2019-10-08,1.521,1.521,1.517,1.538,604450000,876660000,0
2019-10-09,1.513,1.509,1.506,1.521,1847250000,2654830000,0
2019-10-10,1.505,1.509,1.498,1.511,907580000,1297460000,0
2019-10-11,1.520,1.540,1.518,1.545,496160000,722080000,0
2019-10-14,1.546,1.546,1.539,1.553,900500000,1325170000,0
2019-10-15,1.546,1.545,1.542,1.549,620280000,911240000,0
2019-10-16,1.548,1.555,1.546,1.560,532630000,787230000,0
2019-10-17,1.560,1.567,1.560,1.575,449480000,671210000,0
2019-10-18,1.567,1.558,1.556,1.573,556960000,828320000,0
2019-10-21,1.555,1.560,1.552,1.564,238790000,354220000,0
2019-10-22,1.563,1.563,1.557,1.566,287450000,426960000,0
2019-10-23,1.562,1.549,1.546,1.566,483230000,714230000,0
2019-10-24,1.551,1.558,1.549,1.559,437960000,647710000,0
2019-10-25,1.559,1.557,1.552,1.562,1169450000,1732470000,0
2019-10-28,1.561,1.566,1.561,1.573,457570000,682360000,0
2019-10-29,1.572,1.559,1.556,1.572,405720000,603160000,0
2019-10-30,1.558,1.552,1.551,1.562,350410000,518570000,0
2019-10-31,1.556,1.559,1.554,1.571,703660000,1047510000,0
2019-11-01,1.559,1.574,1.559,1.576,822170000,1228730000,0
2019-11-04,1.586,1.593,1.585,1.596,534730000,810870000,0
2019-11-05,1.597,1.599,1.590,1.608,513820000,782960000,0
2019-11-06,1.591,1.600,1.589,1.604,443430000,674590000,0
2019-11-07,1.599,1.599,1.598,1.605,521710000,795540000,0
2019-11-08,1.603,1.593,1.592,1.605,496380000,755660000,0
2019-11-11,1.580,1.557,1.556,1.582,660300000,984270000,0
2019-11-12,1.561,1.564,1.552,1.567,496830000,738340000,0
2019-11-13,1.553,1.540,1.539,1.554,847910000,1243630000,0
2019-11-14,1.539,1.530,1.529,1.546,492670000,719160000,0
2019-11-15,1.540,1.531,1.529,1.541,437150000,637350000,0
2019-11-18,1.534,1.545,1.532,1.549,512410000,751480000,0
2019-11-19,1.546,1.570,1.545,1.570,419260000,623500000,0
2019-11-20,1.563,1.563,1.559,1.568,452170000,672930000,0
2019-11-21,1.548,1.542,1.534,1.554,550850000,807920000,0
2019-11-22,1.546,1.544,1.542,1.552,176500000,259410000,0
2019-11-25,1.560,1.572,1.559,1.578,514860000,770650000,0
2019-11-26,1.581,1.567,1.565,1.583,485780000,726190000,0
2019-11-27,1.565,1.566,1.561,1.569,165070000,245900000,0
2019-11-28,1.562,1.564,1.559,1.569,407730000,606580000,0
2019-11-29,1.551,1.533,1.532,1.552,526260000,768850000,0
2019-12-02,1.539,1.542,1.536,1.544,727630000,1065540000,0
2019-12-03,1.535,1.537,1.524,1.540,419230000,611640000,0
2019-12-04,1.528,1.530,1.524,1.533,383370000,556760000,0
2019-12-05,1.536,1.532,1.528,1.537,410440000,597690000,0
2019-12-06,1.537,1.540,1.535,1.545,554230000,811830000,0
2019-12-09,1.542,1.544,1.538,1.550,333860000,490000000,0
2019-12-10,1.537,1.541,1.535,1.546,319740000,468580000,0
2019-12-11,1.540,1.549,1.536,1.552,386590000,567180000,0
2019-12-12,1.564,1.573,1.560,1.575,486530000,727470000,0
2019-12-13,1.588,1.596,1.579,1.597,737590000,1115350000,0
2019-12-16,1.596,1.601,1.595,1.607,287390000,438450000,0
2019-12-17,1.604,1.610,1.599,1.618,494200000,758830000,0
2019-12-18,1.618,1.615,1.612,1.625,715580000,1103570000,0
2019-12-19,1.619,1.611,1.607,1.620,543610000,834790000,0
2019-12-20,1.613,1.612,1.609,1.622,336340000,518070000,0
2019-12-23,1.619,1.619,1.615,1.624,1238410000,1911130000,0
2019-12-24,1.619,1.619,1.616,1.626,698540000,1077620000,0
2019-12-25,1.618,1.612,1.611,1.629,428380000,660450000,0
2019-12-26,1.611,1.622,1.611,1.623,247420000,381880000,0
2019-12-27,1.626,1.634,1.625,1.639,735690000,1146580000,0
2019-12-30,1.634,1.640,1.631,1.644,363760000,568650000,0
2019-12-31,1.633,1.628,1.626,1.637,630630000,980880000,0
2020-01-02,1.631,1.642,1.630,1.648,547150000,857120000,0
2020-01-03,1.658,1.643,1.642,1.663,323810000,509210000,0
2020-01-06,1.638,1.628,1.625,1.641,1116820000,1741140000,0
2020-01-07,1.637,1.636,1.634,1.645,402440000,629380000,0
2020-01-08,1.626,1.614,1.609,1.626,573970000,885060000,0
2020-01-09,1.629,1.635,1.629,1.638,758710000,1182100000,0
2020-01-10,1.646,1.647,1.640,1.650,525350000,824360000,0
2020-01-13,1.656,1.658,1.646,1.660,414080000,652550000,0
2020-01-14,1.661,1.648,1.647,1.664,525660000,829970000,0
2020-01-15,1.649,1.642,1.638,1.656,383210000,600670000,0
2020-01-16,1.645,1.644,1.641,1.657,617810000,970740000,0
2020-01-17,1.650,1.645,1.645,1.660,630780000,992760000,0
2020-01-20,1.655,1.645,1.639,1.660,1149730000,1809790000,0
2020-01-21,1.633,1.609,1.607,1.633,736630000,1137970000,0
2020-01-22,1.612,1.624,1.608,1.624,324540000,499800000,0
2020-01-23,1.608,1.598,1.594,1.624,300380000,459830000,0
2020-02-03,1.514,1.540,1.514,1.550,731580000,1072650000,0
2020-02-04,1.547,1.559,1.544,1.559,487450000,719150000,0
2020-02-05,1.564,1.558,1.554,1.570,407640000,605880000,0
2020-02-06,1.573,1.592,1.570,1.599,215850000,324940000,0
2020-02-07,1.586,1.589,1.584,1.593,242840000,367050000,0
2020-02-10,1.578,1.585,1.574,1.588,207780000,313320000,0
2020-02-11,1.595,1.600,1.592,1.603,372300000,566710000,0
2020-02-12,1.603,1.609,1.598,1.612,305550000,467470000,0
2020-02-13,1.614,1.605,1.604,1.615,463540000,709880000,0
2020-02-14,1.606,1.612,1.604,1.621,389630000,599450000,0
2020-02-17,1.612,1.621,1.611,1.626,348370000,538240000,0
2020-02-18,1.611,1.602,1.600,1.611,530070000,810190000,0
2020-02-19,1.601,1.606,1.599,1.611,399540000,611550000,0
2020-02-20,1.610,1.604,1.595,1.611,480990000,733620000,0
2020-02-21,1.597,1.591,1.588,1.600,603940000,916000000,0
2020-02-24,1.578,1.564,1.564,1.579,707790000,1056240000,0
2020-02-25,1.556,1.561,1.550,1.563,603150000,893840000,0
2020-02-26,1.546,1.552,1.542,1.558,918950000,1356570000,0
2020-02-27,1.548,1.550,1.540,1.552,807390000,1185840000,0
2020-02-28,1.477,1.521,1.477,1.544,992440000,1437320000,0
2020-03-02,1.528,1.531,1.522,1.536,832200000,1209990000,0
2020-03-03,1.546,1.534,1.526,1.547,588830000,859690000,0
2020-03-04,1.528,1.521,1.516,1.531,716690000,1036500000,0
2020-03-05,1.530,1.548,1.525,1.550,1118270000,1633720000,0
2020-03-06,1.533,1.517,1.517,1.533,752470000,1090180000,0
2020-03-09,1.479,1.465,1.456,1.481,967460000,1344590000,0
2020-03-10,1.471,1.485,1.456,1.486,1017040000,1420850000,0
2020-03-11,1.483,1.465,1.465,1.484,672130000,941370000,0
2020-03-12,1.441,1.422,1.418,1.441,1083760000,1463540000,0
2020-03-13,1.345,1.398,1.336,1.476,1899610000,2473740000,0
2020-03-16,1.386,1.361,1.358,1.397,1400920000,1829330000,0
2020-03-17,1.375,1.366,1.351,1.391,1721900000,2218800000,0
2020-03-18,1.363,1.329,1.327,1.385,1951680000,2513030000,0
2020-03-19,1.329,1.306,1.270,1.339,2042750000,2500040000,0
2020-03-20,1.326,1.350,1.326,1.353,1362850000,1719530000,0
2020-03-23,1.296,1.311,1.295,1.326,1608110000,1985650000,0
2020-03-24,1.351,1.346,1.334,1.355,1408970000,1786040000,0
2020-03-25,1.376,1.383,1.366,1.387,1278900000,1663400000,0
2020-03-26,1.380,1.386,1.377,1.396,1270990000,1664440000,0
2020-03-27,1.409,1.386,1.383,1.409,947130000,1246210000,0
2020-03-30,1.367,1.384,1.361,1.393,1000420000,1302270000,0
2020-03-31,1.401,1.387,1.376,1.404,736800000,966430000,0
2020-04-01,1.382,1.364,1.359,1.393,870640000,1132600000,0
2020-04-02,1.357,1.376,1.353,1.377,756620000,976020000,0
2020-04-03,1.369,1.369,1.364,1.374,730150000,944550000,0
2020-04-07,1.415,1.419,1.405,1.420,684380000,914950000,0
2020-04-08,1.419,1.409,1.407,1.423,1016690000,1361980000,0
2020-04-09,1.418,1.426,1.416,1.426,850300000,1142660000,0
2020-04-10,1.426,1.422,1.421,1.430,689830000,931240000,0
2020-04-13,1.422,1.420,1.412,1.425,522810000,701430000,0
2020-04-14,1.430,1.438,1.425,1.442,687470000,934310000,0
2020-04-15,1.437,1.425,1.423,1.444,652600000,886540000,0
2020-04-16,1.414,1.420,1.409,1.422,517620000,692970000,0
2020-04-17,1.439,1.434,1.431,1.453,564330000,771950000,0
2020-04-20,1.439,1.436,1.428,1.442,375300000,510250000,0
2020-04-21,1.431,1.412,1.403,1.432,753600000,1007280000,0
2020-04-22,1.401,1.416,1.394,1.419,577450000,767160000,0
2020-04-23,1.424,1.417,1.414,1.429,548300000,737110000,0
2020-04-24,1.408,1.417,1.404,1.418,587500000,785530000,0
2020-04-27,1.425,1.436,1.424,1.438,360430000,489240000,0
2020-04-28,1.441,1.449,1.431,1.452,597670000,817400000,0
2020-04-29,1.462,1.453,1.450,1.468,501060000,691900000,0
2020-04-30,1.464,1.474,1.460,1.474,213220000,296990000,0
2020-05-06,1.436,1.437,1.424,1.438,779010000,1055260000,0
2020-05-07,1.436,1.425,1.424,1.436,546440000,738390000,0
2020-05-08,1.434,1.432,1.428,1.437,745870000,1012170000,0
2020-05-11,1.447,1.451,1.446,1.465,806340000,1112660000,0
2020-05-12,1.442,1.431,1.428,1.445,1003040000,1361850000,0
2020-05-13,1.426,1.439,1.422,1.440,770950000,1046990000,0
2020-05-14,1.428,1.414,1.413,1.428,724550000,972330000,0
2020-05-15,1.419,1.415,1.409,1.425,428660000,574490000,0
2020-05-18,1.415,1.421,1.413,1.426,494560000,665500000,0
2020-05-19,1.450,1.455,1.446,1.458,1278990000,1761380000,0
2020-05-20,1.455,1.448,1.446,1.458,678300000,932390000,0
2020-05-21,1.452,1.442,1.439,1.453,1024730000,1404730000,0
2020-05-22,1.411,1.387,1.374,1.414,1664480000,2191730000,0
2020-05-25,1.373,1.378,1.366,1.383,917640000,1189640000,0
2020-05-26,1.388,1.401,1.388,1.403,722980000,956180000,0
2020-05-27,1.402,1.390,1.388,1.404,612950000,808550000,0
2020-05-28,1.393,1.384,1.372,1.405,726370000,954010000,0
2020-05-29,1.370,1.375,1.369,1.383,967060000,1259180000,0
2020-06-01,1.408,1.416,1.404,1.418,751780000,1004780000,0
2020-06-02,1.416,1.423,1.414,1.429,608650000,819130000,0
2020-06-03,1.444,1.445,1.440,1.449,1056760000,1446860000,0
2020-06-04,1.463,1.448,1.445,1.464,754000000,1037860000,0
2020-06-05,1.456,1.459,1.444,1.459,787160000,1082630000,0
2020-06-08,1.477,1.469,1.464,1.481,657970000,919350000,0
2020-06-09,1.474,1.492,1.471,1.494,658740000,929070000,0
2020-06-10,1.493,1.482,1.480,1.499,580780000,820720000,0
2020-06-11,1.481,1.458,1.456,1.482,779440000,1086810000,0
2020-06-12,1.424,1.434,1.421,1.443,703390000,956550000,0
2020-06-15,1.429,1.416,1.413,1.442,906780000,1227680000,0
2020-06-16,1.446,1.444,1.443,1.455,1188570000,1631490000,0
2020-06-17,1.444,1.450,1.439,1.455,909950000,1248840000,0
2020-06-18,1.442,1.447,1.436,1.451,1242550000,1699900000,0
2020-06-19,1.448,1.466,1.446,1.470,801410000,1105510000,0
2020-06-22,1.460,1.454,1.451,1.466,992620000,1372270000,0
2020-06-23,1.446,1.468,1.440,1.471,1063930000,1473690000,0
2020-06-24,1.486,1.472,1.471,1.486,821050000,1149920000,0
2020-06-29,1.462,1.436,1.433,1.464,1136230000,1553970000,0
2020-06-30,1.449,1.440,1.437,1.455,1140870000,1563360000,0
2020-07-01,1.449,1.453,1.445,1.453,621410000,852950000,0
2020-07-02,1.462,1.486,1.461,1.486,952410000,1331220000,0
2020-07-03,1.503,1.527,1.497,1.535,1592630000,2289890000,0
2020-07-06,1.540,1.574,1.532,1.607,1967640000,2933390000,0
2020-07-07,1.594,1.558,1.551,1.603,1449800000,2168750000,0
2020-07-08,1.556,1.556,1.542,1.565,1280210000,1887630000,0
2020-07-09,1.560,1.546,1.544,1.564,1479430000,2184710000,0
2020-07-10,1.543,1.521,1.520,1.549,1504060000,2196080000,0
2020-07-13,1.529,1.532,1.525,1.545,1200570000,1752980000,0
2020-07-14,1.514,1.511,1.503,1.525,1447210000,2078260000,0
2020-07-15,1.526,1.502,1.501,1.532,1496000000,2149860000,0
2020-07-16,1.516,1.476,1.476,1.516,1567290000,2218580000,0
2020-07-17,1.483,1.480,1.474,1.488,1587930000,2230780000,0
2020-07-20,1.482,1.478,1.466,1.484,1397960000,1955980000,0
2020-07-21,1.493,1.504,1.491,1.505,893900000,1271390000,0
2020-07-22,1.504,1.497,1.496,1.514,1176630000,1681850000,0
2020-07-23,1.489,1.487,1.477,1.497,1074330000,1514350000,0
2020-07-24,1.479,1.459,1.455,1.486,1475710000,2056660000,0
2020-07-27,1.468,1.459,1.453,1.478,1059520000,1471090000,0
2020-07-28,1.472,1.463,1.460,1.474,510690000,709240000,0
2020-07-29,1.463,1.473,1.460,1.475,860030000,1197800000,0
2020-07-30,1.476,1.464,1.463,1.489,805280000,1128310000,0
2020-07-31,1.466,1.460,1.456,1.473,1019050000,1414630000,0
2020-08-03,1.464,1.447,1.439,1.466,836000000,1147510000,0
2020-08-04,1.458,1.475,1.453,1.477,1252800000,1737280000,0
2020-08-05,1.475,1.473,1.465,1.480,562220000,784700000,0
2020-08-06,1.478,1.460,1.454,1.479,882660000,1223440000,0
2020-08-07,1.463,1.444,1.441,1.465,561670000,772440000,0
2020-08-10,1.440,1.443,1.438,1.450,616540000,844000000,0
2020-08-11,1.452,1.459,1.451,1.470,998200000,1385080000,0
2020-08-12,1.457,1.478,1.455,1.479,986640000,1369100000,0
2020-08-13,1.487,1.479,1.477,1.495,966470000,1359760000,0
2020-08-14,1.476,1.486,1.474,1.488,727280000,1023120000,0
2020-08-17,1.483,1.491,1.479,1.499,1028240000,1456530000,0
2020-08-18,1.492,1.484,1.480,1.493,805880000,1137150000,0
2020-08-19,1.484,1.472,1.469,1.486,977270000,1371020000,0
2020-08-20,1.462,1.451,1.444,1.463,1180600000,1625700000,0
2020-08-21,1.460,1.469,1.459,1.473,963530000,1336690000,0
2020-08-24,1.482,1.492,1.478,1.495,1152930000,1630050000,0
2020-08-25,1.494,1.489,1.482,1.496,451490000,637970000,0
2020-08-26,1.489,1.483,1.480,1.494,665310000,938340000,0
2020-08-27,1.485,1.475,1.470,1.486,873350000,1219320000,0
2020-08-28,1.475,1.492,1.472,1.495,933990000,1315270000,0
2020-08-31,1.493,1.480,1.477,1.500,729440000,1032850000,0
2020-09-01,1.471,1.462,1.458,1.472,709300000,983900000,0
2020-09-02,1.464,1.458,1.449,1.466,974200000,1344460000,0
2020-09-03,1.458,1.453,1.448,1.465,662030000,914710000,0
2020-09-04,1.436,1.435,1.427,1.438,776720000,1053990000,0
2020-09-07,1.434,1.428,1.424,1.447,1087250000,1477490000,0
2020-09-08,1.438,1.432,1.419,1.440,1383670000,1875340000,0
2020-09-09,1.416,1.417,1.410,1.425,1271620000,1706350000,0
2020-09-10,1.426,1.419,1.416,1.430,1146290000,1544220000,0
2020-09-11,1.413,1.420,1.410,1.423,867650000,1163110000,0
2020-09-14,1.423,1.431,1.422,1.435,793290000,1073110000,0
2020-09-15,1.424,1.426,1.421,1.430,1045720000,1412660000,0
2020-09-16,1.429,1.425,1.421,1.430,1024990000,1383000000,0
2020-09-17,1.421,1.404,1.402,1.421,825160000,1100530000,0
2020-09-18,1.403,1.409,1.400,1.411,893250000,1188860000,0
2020-09-21,1.412,1.389,1.388,1.414,867820000,1145560000,0
2020-09-22,1.380,1.377,1.375,1.386,955990000,1247500000,0
2020-09-23,1.375,1.374,1.370,1.380,1008090000,1310230000,0
2020-09-24,1.369,1.358,1.355,1.372,2126260000,2733030000,0
2020-09-25,1.366,1.356,1.351,1.369,934610000,1201080000,0
2020-09-28,1.357,1.365,1.355,1.369,866060000,1114460000,0
2020-09-29,1.371,1.358,1.357,1.373,1137420000,1466240000,0
2020-09-30,1.369,1.364,1.360,1.381,646160000,835550000,0
2020-10-09,1.396,1.380,1.379,1.398,659740000,865160000,0
2020-10-12,1.389,1.409,1.386,1.413,1112940000,1478460000,0
2020-10-13,1.409,1.411,1.409,1.415,746980000,997850000,0
2020-10-14,1.414,1.414,1.407,1.415,739830000,988290000,0
2020-10-15,1.406,1.394,1.394,1.406,1130660000,1495990000,0
2020-10-16,1.392,1.397,1.390,1.399,915710000,1207800000,0
2020-10-19,1.401,1.400,1.398,1.412,729010000,968050000,0
2020-10-20,1.396,1.396,1.391,1.402,997250000,1317980000,0
2020-10-21,1.403,1.402,1.399,1.412,850950000,1130120000,0
2020-10-22,1.395,1.403,1.391,1.406,943830000,1249300000,0
2020-10-23,1.406,1.412,1.402,1.418,765010000,1021510000,0
2020-10-26,1.414,1.409,1.405,1.417,657500000,877360000,0
2020-10-27,1.411,1.412,1.403,1.418,967690000,1291850000,0
2020-10-28,1.414,1.411,1.405,1.416,664230000,886140000,0
2020-10-29,1.393,1.399,1.390,1.404,1171260000,1549090000,0
2020-10-30,1.395,1.376,1.370,1.398,942880000,1238930000,0
2020-11-02,1.383,1.387,1.379,1.389,1139400000,1489390000,0
2020-11-03,1.402,1.419,1.401,1.423,968560000,1297430000,0
2020-11-04,1.411,1.425,1.410,1.432,860810000,1159840000,0
2020-11-05,1.439,1.440,1.432,1.445,1107300000,1510100000,0
2020-11-06,1.445,1.442,1.439,1.450,588370000,805340000,0
2020-11-09,1.457,1.458,1.454,1.466,1132770000,1566020000,0
2020-11-10,1.480,1.469,1.463,1.482,894570000,1250720000,0
2020-11-11,1.469,1.474,1.469,1.480,721840000,1009590000,0
2020-11-12,1.484,1.470,1.468,1.486,1361180000,1902160000,0
2020-11-13,1.462,1.467,1.457,1.468,764500000,1060250000,0
2020-11-16,1.477,1.468,1.465,1.477,547360000,762200000,0
2020-11-17,1.475,1.470,1.467,1.477,742090000,1035160000,0
2020-11-18,1.470,1.469,1.468,1.476,869160000,1212440000,0
2020-11-19,1.472,1.474,1.467,1.475,552730000,771300000,0
2020-11-20,1.473,1.473,1.469,1.481,603540000,844360000,0
2020-11-23,1.480,1.471,1.469,1.482,444660000,620850000,0
2020-11-24,1.478,1.480,1.473,1.483,644110000,903200000,0
2020-11-25,1.495,1.486,1.485,1.508,677130000,961170000,0
2020-11-26,1.485,1.488,1.481,1.489,828260000,1167660000,0
2020-11-27,1.488,1.504,1.488,1.504,693710000,983720000,0
2020-11-30,1.497,1.479,1.476,1.503,857090000,1214790000,0
2020-12-01,1.478,1.483,1.476,1.487,843310000,1185790000,0
2020-12-02,1.483,1.479,1.471,1.484,613310000,858930000,0
2020-12-03,1.480,1.487,1.479,1.491,662710000,932950000,0
2020-12-04,1.488,1.487,1.484,1.492,693960000,979100000,0
2020-12-07,1.486,1.473,1.466,1.487,645540000,900680000,0
2020-12-08,1.470,1.466,1.464,1.472,443620000,617470000,0
2020-12-09,1.470,1.469,1.468,1.481,997470000,1396360000,0
2020-12-10,1.464,1.467,1.463,1.470,711610000,990040000,0
2020-12-11,1.477,1.469,1.468,1.483,526510000,736600000,0
2020-12-14,1.469,1.465,1.462,1.475,703840000,981190000,0
2020-12-15,1.465,1.461,1.456,1.467,802530000,1111480000,0
2020-12-16,1.466,1.468,1.464,1.474,979440000,1364620000,0
2020-12-17,1.470,1.472,1.466,1.474,930330000,1297580000,0
2020-12-18,1.476,1.466,1.463,1.478,827530000,1153260000,0
2020-12-21,1.462,1.471,1.459,1.477,1641690000,2292360000,0
2020-12-22,1.466,1.451,1.449,1.470,1016170000,1408620000,0
2020-12-23,1.451,1.459,1.450,1.463,1039600000,1437560000,0
2020-12-24,1.461,1.460,1.455,1.465,643970000,892060000,0
2020-12-25,1.459,1.461,1.455,1.467,445190000,616920000,0
2020-12-28,1.459,1.457,1.452,1.467,1110440000,1538240000,0
2020-12-29,1.465,1.468,1.462,1.472,374100000,521000000,0
2020-12-30,1.473,1.487,1.472,1.491,556300000,784190000,0
2020-12-31,1.498,1.507,1.497,1.508,452160000,645270000,0
2021-01-04,1.500,1.500,1.498,1.511,670600000,956980000,0
2021-01-05,1.492,1.510,1.488,1.511,849170000,1206510000,0
2021-01-06,1.509,1.510,1.497,1.514,842190000,1204840000,0
2021-01-07,1.511,1.507,1.502,1.517,671300000,962730000,0
2021-01-08,1.511,1.527,1.509,1.527,644580000,931670000,0
2021-01-11,1.541,1.536,1.532,1.555,904020000,1325780000,0
2021-01-12,1.536,1.547,1.531,1.548,1139580000,1668760000,0
2021-01-13,1.549,1.546,1.542,1.558,611860000,901840000,0
2021-01-14,1.551,1.562,1.551,1.564,786590000,1164030000,0
2021-01-15,1.563,1.580,1.556,1.583,974220000,1452620000,0
2021-01-18,1.571,1.585,1.568,1.598,1660550000,2497590000,0
2021-01-19,1.608,1.614,1.603,1.653,3999650000,6220350000,0
2021-01-20,1.631,1.636,1.621,1.643,1764800000,2747540000,0
2021-01-21,1.639,1.629,1.625,1.644,1319330000,2057430000,0
2021-01-22,1.629,1.618,1.614,1.640,1509830000,2337990000,0
2021-01-25,1.629,1.647,1.628,1.650,1238700000,1938650000,0
2021-01-26,1.647,1.605,1.603,1.647,1717660000,2650070000,0
2021-01-27,1.613,1.608,1.596,1.618,1088480000,1667340000,0
2021-01-28,1.589,1.568,1.563,1.601,1689060000,2536110000,0
2021-01-29,1.576,1.553,1.543,1.580,1139430000,1696310000,0
2021-02-01,1.554,1.579,1.548,1.583,1139570000,1702650000,0
2021-02-02,1.595,1.601,1.594,1.610,901460000,1375590000,0
2021-02-03,1.599,1.593,1.583,1.600,1358080000,2058800000,0
2021-02-04,1.589,1.590,1.567,1.606,1097780000,1660150000,0
2021-02-05,1.598,1.604,1.598,1.614,766110000,1172320000,0
2021-02-08,1.613,1.602,1.599,1.619,830980000,1273850000,0
2021-02-09,1.602,1.601,1.594,1.605,609290000,928450000,0
2021-02-10,1.611,1.629,1.611,1.633,508920000,788230000,0
2021-02-18,1.691,1.670,1.667,1.694,893390000,1430690000,0
2021-02-19,1.664,1.663,1.644,1.664,963240000,1521490000,0
2021-02-22,1.687,1.663,1.660,1.691,953760000,1523240000,0
2021-02-23,1.646,1.671,1.638,1.685,872780000,1388120000,0
2021-02-24,1.672,1.618,1.608,1.678,1412780000,2202660000,0
2021-02-25,1.631,1.640,1.620,1.650,1031620000,1609820000,0
2021-02-26,1.604,1.591,1.589,1.616,1098840000,1676520000,0
2021-03-01,1.606,1.602,1.595,1.609,770760000,1175300000,0
2021-03-02,1.613,1.590,1.582,1.620,1101820000,1676510000,0
2021-03-03,1.591,1.624,1.591,1.629,771440000,1184550000,0
2021-03-04,1.610,1.594,1.589,1.615,826550000,1259070000,0
2021-03-05,1.573,1.596,1.561,1.605,1336480000,2014550000,0
2021-03-08,1.607,1.571,1.570,1.609,1313480000,1982040000,0
2021-03-09,1.576,1.572,1.564,1.597,1547470000,2330550000,0
2021-03-10,1.594,1.580,1.578,1.598,787230000,1188250000,0
2021-03-11,1.586,1.604,1.586,1.612,891540000,1362580000,0
2021-03-12,1.612,1.598,1.597,1.614,686850000,1049220000,0
2021-03-15,1.589,1.584,1.576,1.602,1063760000,1609400000,0
2021-03-16,1.595,1.591,1.584,1.599,1229930000,1863130000,0
2021-03-17,1.590,1.590,1.583,1.602,1048550000,1590420000,0
2021-03-18,1.606,1.621,1.606,1.623,796120000,1225340000,0
2021-03-19,1.602,1.585,1.582,1.610,701410000,1066580000,0
2021-03-22,1.583,1.591,1.583,1.601,737470000,1117880000,0
2021-03-23,1.591,1.565,1.562,1.591,724160000,1085610000,0
2021-03-24,1.565,1.538,1.534,1.569,1354590000,1990140000,0
2021-03-25,1.527,1.541,1.519,1.545,1108480000,1619890000,0
2021-03-26,1.548,1.562,1.547,1.569,832410000,1233570000,0
2021-03-29,1.562,1.564,1.554,1.573,826910000,1230940000,0
2021-03-30,1.581,1.582,1.573,1.589,688130000,1036440000,0
2021-03-31,1.588,1.573,1.570,1.592,643870000,966510000,0
2021-04-01,1.579,1.592,1.576,1.596,641700000,968610000,0
2021-04-02,1.597,1.599,1.597,1.602,685620000,1044890000,0
2021-04-06,1.603,1.596,1.593,1.606,291580000,444350000,0
2021-04-07,1.599,1.579,1.578,1.602,388570000,587020000,0
2021-04-08,1.570,1.598,1.570,1.601,863240000,1308510000,0
2021-04-09,1.599,1.584,1.581,1.600,788920000,1194180000,0
2021-04-12,1.590,1.570,1.565,1.591,747650000,1119140000,0
2021-04-13,1.573,1.574,1.570,1.591,1176340000,1771460000,0
2021-04-14,1.583,1.591,1.579,1.596,859960000,1301360000,0
2021-04-15,1.587,1.583,1.574,1.591,526950000,793600000,0
2021-04-16,1.586,1.594,1.581,1.599,714000000,1079450000,0
2021-04-19,1.592,1.602,1.586,1.612,589430000,900410000,0
2021-04-20,1.594,1.596,1.587,1.604,669000000,1016750000,0
2021-04-21,1.584,1.569,1.567,1.586,892730000,1335910000,0
2021-04-22,1.574,1.575,1.567,1.579,920210000,1378720000,0
2021-04-23,1.577,1.588,1.576,1.596,494830000,749150000,0
2021-04-26,1.594,1.589,1.588,1.602,559520000,849710000,0
2021-04-27,1.583,1.584,1.579,1.591,742120000,1120830000,0
2021-04-28,1.584,1.588,1.583,1.593,687630000,1040220000,0
2021-04-29,1.596,1.599,1.594,1.606,505030000,769970000,0
2021-04-30,1.596,1.576,1.574,1.596,718050000,1079200000,0
2021-05-06,1.576,1.566,1.558,1.580,633090000,944360000,0
2021-05-07,1.571,1.562,1.561,1.576,885650000,1323210000,0
2021-05-10,1.564,1.553,1.549,1.570,653590000,968720000,0
2021-05-11,1.540,1.530,1.522,1.540,757500000,1100190000,0
2021-05-12,1.530,1.534,1.524,1.535,678030000,986100000,0
2021-05-13,1.528,1.521,1.520,1.534,781980000,1134310000,0
2021-05-14,1.525,1.529,1.515,1.530,1143250000,1654210000,0
2021-05-17,1.534,1.539,1.533,1.542,922940000,1349120000,0
2021-05-18,1.553,1.553,1.551,1.559,665610000,984750000,0
2021-05-19,1.550,1.547,1.544,1.551,317360000,466770000,0
2021-05-20,1.544,1.550,1.541,1.553,583510000,858650000,0
2021-05-21,1.555,1.548,1.543,1.557,686670000,1011090000,0
2021-05-24,1.547,1.545,1.537,1.550,660900000,970160000,0
2021-05-25,1.548,1.567,1.548,1.570,598550000,889040000,0
2021-05-26,1.575,1.581,1.575,1.583,600160000,902150000,0
2021-05-27,1.576,1.576,1.571,1.584,703640000,1056860000,0
2021-05-28,1.580,1.577,1.574,1.589,665710000,1002780000,0
2021-05-31,1.576,1.568,1.565,1.577,602820000,899560000,0
2021-06-01,1.572,1.590,1.568,1.591,675360000,1014110000,0
2021-06-02,1.591,1.586,1.584,1.596,805890000,1219740000,0
2021-06-03,1.589,1.571,1.570,1.591,916440000,1381790000,0
2021-06-04,1.568,1.573,1.564,1.578,630690000,943610000,0
2021-06-07,1.575,1.564,1.559,1.576,901100000,1340360000,0
2021-06-08,1.568,1.559,1.554,1.573,599400000,890470000,0
2021-06-09,1.560,1.559,1.557,1.566,531040000,788920000,0
2021-06-10,1.560,1.558,1.556,1.569,470390000,699910000,0
2021-06-11,1.564,1.564,1.559,1.571,485640000,722970000,0
2021-06-15,1.569,1.558,1.550,1.571,427360000,632640000,0
2021-06-16,1.558,1.550,1.548,1.559,543700000,803690000,0
2021-06-17,1.540,1.552,1.540,1.556,540140000,795790000,0
2021-06-18,1.559,1.573,1.558,1.576,479800000,716940000,0
2021-06-21,1.561,1.561,1.554,1.568,895310000,1328760000,0
2021-06-22,1.566,1.559,1.556,1.567,925090000,1373300000,0
2021-06-23,1.564,1.585,1.560,1.586,534190000,797850000,0
2021-06-24,1.583,1.586,1.581,1.592,660810000,998330000,0
2021-06-25,1.589,1.599,1.587,1.602,600010000,911350000,0
2021-06-28,1.599,1.602,1.599,1.608,296970000,453830000,0
2021-06-29,1.603,1.584,1.584,1.603,591950000,898700000,0
2021-06-30,1.594,1.581,1.580,1.598,899430000,1359310000,0
2021-07-01,1.580,1.575,1.575,1.581,161400000,242450000,0
2021-07-02,1.576,1.557,1.554,1.576,429000000,637170000,0
2021-07-05,1.550,1.545,1.543,1.558,659060000,971530000,0
2021-07-06,1.544,1.543,1.536,1.547,757950000,1109810000,0
2021-07-07,1.535,1.537,1.533,1.542,1043620000,1524000000,0
2021-07-08,1.541,1.504,1.503,1.541,761800000,1098290000,0
2021-07-09,1.502,1.515,1.490,1.519,915290000,1311190000,0
2021-07-12,1.525,1.521,1.514,1.530,650850000,939310000,0
2021-07-13,1.527,1.540,1.524,1.545,835530000,1222420000,0
2021-07-14,1.540,1.532,1.530,1.540,429860000,626990000,0
2021-07-15,1.532,1.547,1.528,1.552,529160000,777110000,0
2021-07-16,1.542,1.547,1.536,1.556,629210000,923410000,0
2021-07-19,1.531,1.524,1.516,1.532,527520000,763370000,0
2021-07-20,1.518,1.511,1.504,1.525,602760000,866700000,0
2021-07-21,1.515,1.503,1.493,1.515,692610000,988520000,0
2021-07-22,1.515,1.524,1.514,1.530,504340000,730310000,0
2021-07-23,1.526,1.511,1.511,1.528,864700000,1244670000,0
2021-07-26,1.486,1.461,1.460,1.487,878940000,1226200000,0
2021-07-27,1.449,1.401,1.400,1.456,1030600000,1399060000,0
2021-07-28,1.415,1.408,1.388,1.421,1341550000,1780190000,0
2021-07-29,1.442,1.446,1.431,1.454,627950000,857800000,0
2021-07-30,1.437,1.426,1.417,1.443,503890000,682460000,0
2021-08-02,1.435,1.449,1.425,1.453,527400000,720570000,0
2021-08-03,1.449,1.446,1.426,1.450,816070000,1111650000,0
2021-08-04,1.446,1.460,1.436,1.469,1084750000,1502610000,0
2021-08-05,1.455,1.443,1.443,1.465,472560000,652640000,0
2021-08-06,1.444,1.448,1.436,1.450,926600000,1267820000,0
2021-08-09,1.434,1.453,1.433,1.464,717840000,990100000,0
2021-08-10,1.459,1.466,1.446,1.469,714200000,986700000,0
2021-08-11,1.461,1.469,1.460,1.479,550850000,768770000,0
2021-08-12,1.468,1.462,1.460,1.474,604870000,842430000,0
2021-08-13,1.449,1.453,1.448,1.464,1312400000,1809000000,0
2021-08-16,1.456,1.443,1.440,1.461,1399220000,1921340000,0
2021-08-17,1.442,1.422,1.418,1.451,1071140000,1459230000,0
2021-08-18,1.428,1.430,1.423,1.438,1136200000,1540720000,0
2021-08-19,1.427,1.405,1.405,1.430,1103690000,1478410000,0
2021-08-20,1.404,1.384,1.370,1.404,1625830000,2128980000,0
2021-08-23,1.398,1.396,1.393,1.413,918940000,1220370000,0
2021-08-24,1.405,1.417,1.404,1.419,873600000,1168510000,0
2021-08-25,1.431,1.418,1.418,1.438,506810000,684120000,0
2021-08-26,1.419,1.404,1.403,1.425,651550000,871640000,0
2021-08-27,1.407,1.406,1.406,1.423,804590000,1076870000,0
2021-08-30,1.406,1.408,1.396,1.416,699940000,931810000,0
2021-08-31,1.409,1.423,1.391,1.426,822220000,1092880000,0
2021-09-01,1.427,1.437,1.420,1.442,820070000,1112810000,0
2021-09-02,1.446,1.442,1.439,1.459,859190000,1178820000,0
2021-09-03,1.436,1.432,1.428,1.443,415570000,565430000,0
2021-09-06,1.431,1.444,1.430,1.447,656830000,896150000,0
2021-09-07,1.448,1.458,1.444,1.466,735590000,1016530000,0
2021-09-08,1.459,1.455,1.452,1.470,648470000,897880000,0
2021-09-09,1.448,1.430,1.429,1.448,392920000,535210000,0
2021-09-10,1.432,1.441,1.432,1.448,377110000,515740000,0
2021-09-13,1.432,1.422,1.419,1.434,472690000,638090000,0
2021-09-14,1.427,1.406,1.405,1.434,656700000,885250000,0
2021-09-15,1.402,1.388,1.384,1.408,926640000,1222830000,0
2021-09-16,1.386,1.364,1.360,1.387,826820000,1070260000,0
2021-09-17,1.370,1.381,1.362,1.383,551100000,716380000,0
2021-09-22,1.362,1.368,1.354,1.376,353510000,455710000,0
2021-09-23,1.378,1.363,1.357,1.385,706790000,913440000,0
2021-09-24,1.365,1.356,1.356,1.371,552310000,710870000,0
2021-09-27,1.356,1.349,1.348,1.363,724240000,926770000,0
2021-09-28,1.352,1.368,1.350,1.371,389570000,501530000,0
2021-09-29,1.351,1.370,1.343,1.373,784300000,1006970000,0
2021-09-30,1.362,1.366,1.357,1.371,552280000,710410000,0
2021-10-08,1.387,1.372,1.367,1.387,545320000,708060000,0
2021-10-11,1.386,1.400,1.385,1.410,621420000,824000000,0
2021-10-12,1.389,1.383,1.381,1.399,423920000,557170000,0
2021-10-13,1.383,1.387,1.379,1.389,296000000,387210000,0
2021-10-14,1.389,1.388,1.385,1.401,245560000,323570000,0
2021-10-15,1.390,1.395,1.381,1.399,482310000,634220000,0
2021-10-18,1.401,1.395,1.389,1.403,766030000,1009720000,0
2021-10-19,1.404,1.417,1.404,1.421,542100000,725900000,0
2021-10-20,1.426,1.433,1.421,1.447,586720000,794770000,0
2021-10-21,1.435,1.424,1.421,1.440,462980000,627130000,0
2021-10-22,1.433,1.431,1.427,1.438,397490000,539030000,0
2021-10-25,1.424,1.433,1.423,1.437,390260000,529090000,0
2021-10-26,1.436,1.424,1.421,1.438,262510000,355250000,0
2021-10-27,1.415,1.403,1.402,1.415,388220000,516470000,0
2021-10-28,1.409,1.403,1.400,1.414,323350000,430370000,0
2021-10-29,1.398,1.393,1.392,1.401,243970000,322060000,0
2021-11-01,1.394,1.381,1.375,1.395,564920000,737030000,0
2021-11-02,1.399,1.378,1.377,1.406,489780000,645200000,0
2021-11-03,1.377,1.372,1.366,1.384,507260000,657100000,0
2021-11-04,1.378,1.376,1.375,1.384,283870000,370130000,0
2021-11-05,1.372,1.370,1.364,1.377,461870000,598070000,0
2021-11-08,1.367,1.362,1.359,1.367,246240000,316860000,0
2021-11-09,1.369,1.362,1.358,1.372,405240000,521640000,0
2021-11-10,1.360,1.361,1.347,1.364,396400000,507210000,0
2021-11-11,1.365,1.388,1.363,1.390,276370000,359100000,0
2021-11-12,1.395,1.387,1.383,1.398,310200000,407550000,0
2021-11-15,1.391,1.387,1.382,1.395,286280000,375380000,0
2021-11-16,1.393,1.403,1.390,1.406,227740000,301290000,0
2021-11-17,1.401,1.402,1.397,1.405,355030000,470770000,0
2021-11-18,1.389,1.385,1.380,1.392,405670000,531230000,0
2021-11-19,1.372,1.374,1.364,1.377,489240000,633250000,0
2021-11-22,1.379,1.369,1.367,1.380,250390000,324560000,0
2021-11-23,1.360,1.358,1.356,1.364,495120000,634740000,0
2021-11-24,1.357,1.362,1.353,1.365,471420000,604480000,0
2021-11-25,1.359,1.360,1.351,1.361,530910000,679990000,0
2021-11-26,1.353,1.332,1.332,1.355,662570000,837580000,0
2021-11-29,1.320,1.314,1.310,1.340,834440000,1037890000,0
2021-11-30,1.315,1.283,1.276,1.317,910720000,1110190000,0
2021-12-01,1.292,1.304,1.292,1.308,453640000,556160000,0
2021-12-02,1.293,1.306,1.292,1.307,405680000,497540000,0
2021-12-03,1.301,1.305,1.291,1.309,508680000,622370000,0
2021-12-06,1.293,1.284,1.284,1.299,652050000,792770000,0
2021-12-07,1.299,1.311,1.295,1.314,708370000,867700000,0
2021-12-08,1.318,1.314,1.310,1.320,478650000,592500000,0
2021-12-09,1.321,1.323,1.320,1.328,477000000,595140000,0
2021-12-10,1.322,1.315,1.314,1.327,535130000,666410000,0
2021-12-13,1.323,1.317,1.317,1.333,624620000,780330000,0
2021-12-14,1.306,1.296,1.296,1.309,469000000,574860000,0
2021-12-15,1.298,1.286,1.286,1.303,487470000,595420000,0
2021-12-16,1.288,1.283,1.276,1.288,785250000,946270000,0
2021-12-17,1.286,1.276,1.275,1.287,604020000,727220000,0
2021-12-20,1.272,1.254,1.253,1.275,721790000,858410000,0
2021-12-21,1.256,1.266,1.254,1.267,707880000,838450000,0
2021-12-22,1.273,1.265,1.264,1.277,476620000,569170000,0
2021-12-23,1.271,1.277,1.267,1.278,361940000,433700000,0
2021-12-24,1.283,1.278,1.275,1.285,347100000,417200000,0
2021-12-27,1.278,1.275,1.275,1.282,433460000,521400000,0
2021-12-28,1.279,1.279,1.272,1.282,563250000,676500000,0
2021-12-29,1.279,1.266,1.265,1.279,570590000,681530000,0
2021-12-30,1.269,1.272,1.265,1.277,824220000,985120000,0
2021-12-31,1.289,1.288,1.284,1.294,556730000,675600000,0
2022-01-04,1.287,1.280,1.274,1.287,555210000,668300000,0
2022-01-05,1.282,1.266,1.263,1.282,814000000,971430000,0
2022-01-06,1.259,1.257,1.251,1.266,366540000,433290000,0
2022-01-07,1.272,1.287,1.272,1.290,470560000,566570000,0
2022-01-10,1.289,1.303,1.285,1.306,483400000,590370000,0
2022-01-11,1.302,1.298,1.293,1.308,458510000,561260000,0
2022-01-12,1.314,1.333,1.314,1.335,773420000,967240000,0
2022-01-13,1.339,1.331,1.327,1.341,437230000,550100000,0
2022-01-14,1.323,1.329,1.319,1.334,432750000,541530000,0
2022-01-17,1.331,1.320,1.316,1.336,492410000,614080000,0
2022-01-18,1.324,1.316,1.314,1.330,312400000,389270000,0
2022-01-19,1.320,1.314,1.309,1.326,365910000,454020000,0
2022-01-20,1.321,1.355,1.321,1.355,419000000,530220000,0
2022-01-21,1.354,1.356,1.349,1.360,513420000,656140000,0
2022-01-24,1.345,1.347,1.339,1.353,639720000,813850000,0
2022-01-25,1.334,1.322,1.318,1.334,562510000,703200000,0
2022-01-26,1.326,1.323,1.315,1.335,640350000,800140000,0
2022-01-27,1.310,1.289,1.288,1.310,483650000,591460000,0
2022-01-28,1.303,1.293,1.290,1.306,308520000,376260000,0
2022-02-07,1.334,1.338,1.331,1.343,332900000,419620000,0
2022-02-08,1.341,1.332,1.322,1.342,257240000,322560000,0
2022-02-09,1.351,1.355,1.349,1.361,353590000,452270000,0
2022-02-10,1.366,1.356,1.347,1.366,281430000,359710000,0
2022-02-11,1.354,1.352,1.351,1.361,343680000,439730000,0
2022-02-14,1.346,1.343,1.337,1.350,223790000,283390000,0
2022-02-15,1.336,1.326,1.323,1.340,411470000,516440000,0
2022-02-16,1.337,1.342,1.336,1.346,195090000,246760000,0
2022-02-17,1.345,1.341,1.333,1.351,316170000,400630000,0
2022-02-18,1.335,1.337,1.335,1.346,213000000,269680000,0
2022-02-21,1.316,1.317,1.307,1.318,375380000,465040000,0
2022-02-22,1.297,1.282,1.277,1.299,572130000,692000000,0
2022-02-23,1.287,1.293,1.283,1.294,559100000,678310000,0
2022-02-24,1.278,1.254,1.246,1.278,928250000,1098230000,0
2022-02-25,1.262,1.242,1.241,1.263,1124570000,1319050000,0
2022-02-28,1.242,1.232,1.222,1.245,803420000,926950000,0
2022-03-01,1.237,1.245,1.230,1.246,815150000,945940000,0
2022-03-02,1.230,1.220,1.219,1.235,640770000,737960000,0
2022-03-03,1.225,1.224,1.220,1.227,472240000,541910000,0
2022-03-04,1.196,1.195,1.193,1.202,602970000,675750000,0
2022-03-07,1.170,1.159,1.144,1.174,1241910000,1343450000,0
2022-03-08,1.158,1.137,1.130,1.165,1264110000,1356190000,0
2022-03-09,1.143,1.124,1.104,1.149,1112600000,1166520000,0
2022-03-10,1.153,1.137,1.135,1.157,1029970000,1101040000,0
2022-03-11,1.112,1.128,1.105,1.134,1315910000,1371570000,0
2022-03-14,1.115,1.083,1.081,1.117,1597850000,1628640000,0
2022-03-15,1.056,1.023,1.017,1.076,2758680000,2682980000,0
2022-03-16,1.050,1.103,1.032,1.112,3402030000,3400450000,0
2022-03-17,1.156,1.162,1.139,1.171,2356770000,2546450000,0
2022-03-18,1.157,1.178,1.149,1.186,1146330000,1249820000,0
2022-03-21,1.196,1.163,1.159,1.196,779240000,854280000,0
2022-03-22,1.169,1.187,1.166,1.190,717020000,790540000,0
2022-03-23,1.206,1.218,1.202,1.225,945250000,1076700000,0
2022-03-24,1.205,1.206,1.201,1.217,621120000,704360000,0
2022-03-25,1.195,1.169,1.166,1.202,1005210000,1112750000,0
2022-03-28,1.172,1.182,1.165,1.195,554330000,612620000,0
2022-03-29,1.192,1.198,1.188,1.201,437260000,489430000,0
2022-03-30,1.211,1.220,1.205,1.221,435110000,494870000,0
2022-03-31,1.211,1.199,1.197,1.212,337680000,380450000,0
2022-04-01,1.182,1.198,1.177,1.201,396950000,441380000,0
2022-04-06,1.212,1.213,1.205,1.216,354130000,401770000,0
2022-04-07,1.199,1.194,1.189,1.212,477350000,536760000,0
2022-04-08,1.189,1.192,1.181,1.193,363960000,404650000,0
2022-04-11,1.187,1.159,1.159,1.187,377910000,413180000,0
2022-04-12,1.170,1.171,1.151,1.178,504390000,549140000,0
2022-04-13,1.164,1.169,1.159,1.178,330420000,360840000,0
2022-04-14,1.176,1.177,1.169,1.181,283790000,312040000,0
2022-04-15,1.172,1.170,1.168,1.173,99640000,109060000,0
2022-04-18,1.167,1.160,1.158,1.167,112000000,121480000,0
2022-04-19,1.157,1.155,1.146,1.161,428140000,460710000,0
2022-04-20,1.157,1.154,1.151,1.168,453230000,490620000,0
2022-04-21,1.146,1.143,1.136,1.155,547660000,585330000,0
2022-04-22,1.126,1.150,1.121,1.154,486220000,517900000,0
2022-04-25,1.144,1.118,1.118,1.144,806390000,849940000,0
2022-04-26,1.125,1.128,1.124,1.141,521090000,550050000,0
2022-04-27,1.119,1.129,1.115,1.133,734630000,771450000,0
2022-04-28,1.134,1.145,1.128,1.148,460430000,489600000,0
2022-04-29,1.153,1.186,1.147,1.234,1003960000,1107370000,0
2022-05-05,1.198,1.188,1.186,1.204,522000000,582480000,0
2022-05-06,1.159,1.148,1.146,1.168,453300000,490020000,0
2022-05-09,1.144,1.130,1.128,1.146,187150000,197710000,0
2022-05-10,1.114,1.134,1.111,1.137,480240000,505190000,0
2022-05-11,1.133,1.144,1.130,1.159,475490000,508780000,0
2022-05-12,1.133,1.130,1.128,1.143,458710000,485450000,0
2022-05-13,1.143,1.159,1.143,1.162,567560000,611440000,0
2022-05-16,1.171,1.159,1.152,1.172,345900000,375420000,0
2022-05-17,1.173,1.190,1.171,1.190,384010000,424090000,0
2022-05-18,1.191,1.189,1.179,1.196,463550000,514460000,0
2022-05-19,1.169,1.171,1.158,1.177,425990000,464340000,0
2022-05-20,1.184,1.183,1.178,1.190,615790000,681580000,0
2022-05-23,1.182,1.167,1.164,1.183,574220000,630050000,0
2022-05-24,1.169,1.150,1.149,1.174,333820000,362010000,0
2022-05-25,1.156,1.161,1.153,1.164,453150000,490090000,0
2022-05-26,1.167,1.158,1.150,1.168,509710000,551550000,0
2022-05-27,1.192,1.191,1.187,1.206,707190000,794020000,0
2022-05-30,1.204,1.205,1.198,1.211,474360000,535340000,0
2022-05-31,1.205,1.218,1.204,1.223,425300000,483630000,0
2022-06-01,1.225,1.223,1.216,1.228,241720000,277180000,0
2022-06-02,1.211,1.209,1.204,1.212,294310000,333140000,0
2022-06-06,1.213,1.222,1.202,1.223,789290000,899620000,0
2022-06-07,1.226,1.232,1.225,1.243,424450000,491270000,0
2022-06-08,1.245,1.255,1.241,1.258,526350000,618130000,0
2022-06-09,1.264,1.250,1.248,1.271,408860000,484220000,0
2022-06-10,1.235,1.254,1.234,1.258,358030000,419870000,0
2022-06-13,1.236,1.222,1.218,1.237,437790000,504300000,0
2022-06-14,1.212,1.225,1.207,1.227,728340000,830910000,0
2022-06-15,1.227,1.228,1.224,1.239,527500000,610140000,0
2022-06-16,1.241,1.210,1.209,1.241,519390000,595340000,0
2022-06-17,1.202,1.214,1.196,1.219,465280000,528640000,0
2022-06-20,1.212,1.218,1.206,1.219,453100000,515110000,0
2022-06-21,1.223,1.235,1.217,1.238,833580000,961490000,0
2022-06-22,1.236,1.223,1.222,1.243,448800000,520000000,0
2022-06-23,1.224,1.234,1.215,1.237,480030000,552960000,0
2022-06-24,1.239,1.250,1.235,1.252,314120000,366830000,0
2022-06-27,1.260,1.273,1.260,1.285,545590000,654250000,0
2022-06-28,1.274,1.284,1.264,1.287,480400000,575170000,0
2022-06-29,1.280,1.263,1.263,1.286,450220000,540240000,0
2022-06-30,1.264,1.261,1.254,1.275,704500000,839880000,0
2022-07-01,1.263,1.257,1.256,1.265,93620000,110980000,0
2022-07-04,1.256,1.262,1.245,1.267,365810000,432660000,0
2022-07-05,1.274,1.267,1.261,1.280,828350000,988550000,0
2022-07-06,1.266,1.240,1.236,1.267,409030000,480270000,0
2022-07-07,1.242,1.252,1.234,1.254,339500000,397030000,0
2022-07-08,1.266,1.260,1.256,1.271,376790000,446460000,0
2022-07-11,1.251,1.226,1.222,1.251,377970000,437090000,0
2022-07-12,1.224,1.220,1.215,1.231,385600000,442020000,0
2022-07-13,1.222,1.217,1.210,1.226,385690000,440750000,0
2022-07-14,1.215,1.212,1.202,1.219,381510000,433130000,0
2022-07-15,1.207,1.194,1.193,1.211,456920000,515020000,0
2022-07-18,1.200,1.217,1.191,1.220,406770000,460180000,0
2022-07-19,1.213,1.209,1.203,1.214,368010000,416830000,0
2022-07-20,1.222,1.225,1.222,1.233,301060000,346770000,0
2022-07-21,1.218,1.210,1.209,1.222,423330000,481810000,0
2022-07-22,1.214,1.209,1.205,1.220,282640000,321030000,0
2022-07-25,1.203,1.202,1.193,1.206,309500000,347810000,0
2022-07-26,1.209,1.223,1.207,1.226,296170000,337470000,0
2022-07-27,1.215,1.209,1.208,1.218,247980000,281680000,0
2022-07-28,1.215,1.204,1.203,1.217,444450000,503190000,0
2022-07-29,1.207,1.177,1.175,1.207,414670000,461130000,0
2022-08-01,1.173,1.181,1.168,1.184,590390000,650650000,0
2022-08-02,1.170,1.157,1.150,1.171,692590000,749490000,0
2022-08-03,1.165,1.159,1.156,1.170,324700000,352760000,0
2022-08-04,1.174,1.178,1.172,1.183,469360000,517620000,0
2022-08-05,1.185,1.184,1.178,1.187,334160000,369720000,0
2022-08-08,1.179,1.178,1.173,1.185,272530000,300210000,0
2022-08-09,1.176,1.176,1.166,1.187,299690000,329540000,0
2022-08-10,1.171,1.150,1.146,1.172,446540000,482620000,0
2022-08-11,1.161,1.173,1.159,1.175,373030000,406780000,0
2022-08-12,1.177,1.182,1.173,1.185,267550000,295200000,0
2022-08-15,1.179,1.183,1.176,1.191,376770000,417430000,0
2022-08-16,1.186,1.170,1.164,1.192,347590000,383880000,0
2022-08-17,1.178,1.177,1.170,1.183,555260000,610860000,0
2022-08-18,1.179,1.167,1.167,1.179,309650000,339340000,0
2022-08-19,1.165,1.169,1.164,1.179,205660000,225590000,0
2022-08-22,1.164,1.172,1.164,1.178,295630000,324290000,0
2022-08-23,1.172,1.161,1.159,1.174,366600000,399270000,0
2022-08-24,1.162,1.153,1.149,1.164,335570000,361860000,0
2022-08-25,1.159,1.181,1.156,1.181,372780000,406630000,0
2022-08-26,1.196,1.198,1.194,1.201,371780000,416730000,0
2022-08-29,1.189,1.201,1.188,1.205,318940000,358450000,0
2022-08-30,1.203,1.196,1.182,1.203,457410000,510300000,0
2022-08-31,1.189,1.200,1.178,1.206,506550000,565180000,0
2022-09-01,1.189,1.176,1.175,1.194,489820000,543240000,0
2022-09-02,1.177,1.170,1.165,1.181,316850000,347190000,0
2022-09-05,1.162,1.165,1.154,1.167,367950000,398860000,0
2022-09-06,1.169,1.167,1.161,1.173,383370000,417870000,0
2022-09-07,1.156,1.158,1.150,1.159,566420000,610570000,0
2022-09-08,1.160,1.147,1.147,1.160,415160000,447510000,0
2022-09-09,1.149,1.170,1.148,1.172,473480000,515510000,0
2022-09-13,1.174,1.170,1.165,1.177,338990000,371460000,0
2022-09-14,1.151,1.147,1.143,1.155,555390000,595340000,0
2022-09-15,1.147,1.148,1.146,1.155,519410000,557940000,0
2022-09-16,1.143,1.147,1.142,1.154,565640000,607140000,0
2022-09-19,1.139,1.134,1.131,1.142,743700000,788440000,0
2022-09-20,1.142,1.145,1.142,1.150,625560000,669680000,0
2022-09-21,1.140,1.133,1.133,1.141,748750000,793630000,0
2022-09-22,1.115,1.114,1.110,1.123,781290000,812900000,0
2022-09-23,1.111,1.111,1.108,1.118,543960000,564000000,0
2022-09-26,1.102,1.102,1.101,1.120,745910000,771280000,0
2022-09-27,1.107,1.110,1.099,1.112,825630000,849970000,0
2022-09-28,1.104,1.087,1.087,1.105,716400000,730350000,0
2022-09-29,1.098,1.075,1.069,1.099,1128060000,1140890000,0
2022-09-30,1.072,1.066,1.060,1.077,650410000,644380000,0
2022-10-10,1.074,1.067,1.066,1.079,566180000,564170000,0
2022-10-11,1.070,1.060,1.057,1.071,497830000,491250000,0
2022-10-12,1.052,1.058,1.030,1.065,1211220000,1171260000,0
2022-10-13,1.044,1.035,1.034,1.048,888850000,855890000,0
2022-10-14,1.047,1.050,1.046,1.064,1040130000,1017350000,0
2022-10-17,1.036,1.039,1.028,1.044,1305430000,1252270000,0
2022-10-18,1.054,1.054,1.041,1.058,1321470000,1288860000,0
2022-10-19,1.054,1.042,1.042,1.061,916850000,893280000,0
2022-10-20,1.026,1.024,1.016,1.036,1722620000,1632020000,0
2022-10-21,1.027,1.023,1.020,1.032,991540000,941050000,0
2022-10-24,1.006,0.967,0.963,1.012,2507110000,2270620000,0
2022-10-25,0.973,0.966,0.958,0.983,2294990000,2049660000,0
2022-10-26,0.963,0.967,0.961,0.990,1855410000,1672800000,0
2022-10-27,0.981,0.970,0.970,0.991,1690840000,1531470000,0
2022-10-28,0.969,0.938,0.935,0.972,1218850000,1069760000,0
2022-10-31,0.938,0.938,0.929,0.957,1425560000,1237530000,0
2022-11-01,0.947,0.981,0.946,0.986,1507060000,1340390000,0
2022-11-02,0.973,0.995,0.968,1.000,1270500000,1155770000,0
2022-11-03,0.982,0.976,0.974,0.991,969280000,877440000,0
2022-11-04,0.982,1.023,0.979,1.034,2182360000,2044760000,0
2022-11-07,1.011,1.047,1.006,1.055,1601630000,1538560000,0
2022-11-08,1.049,1.040,1.035,1.052,1123010000,1084420000,0
2022-11-09,1.042,1.024,1.024,1.051,1019710000,978430000,0
2022-11-10,1.017,1.015,1.012,1.020,871920000,819040000,0
2022-11-11,1.067,1.066,1.053,1.073,1590370000,1568800000,0
2022-11-14,1.100,1.076,1.073,1.106,1538450000,1559050000,0
2022-11-15,1.078,1.118,1.076,1.124,1532690000,1583200000,0
2022-11-16,1.112,1.117,1.111,1.130,1114790000,1164010000,0
2022-11-17,1.115,1.113,1.099,1.118,987660000,1018380000,0
2022-11-18,1.132,1.111,1.109,1.138,817660000,858030000,0
2022-11-21,1.096,1.100,1.083,1.105,763640000,777910000,0
2022-11-22,1.102,1.082,1.081,1.107,689120000,701140000,0
2022-11-23,1.085,1.095,1.084,1.100,683780000,693990000,0
2022-11-24,1.103,1.097,1.092,1.107,556900000,569330000,0
2022-11-25,1.101,1.099,1.089,1.102,780390000,794550000,0
2022-11-28,1.073,1.083,1.064,1.087,884380000,884220000,0
2022-11-29,1.101,1.121,1.098,1.128,1002450000,1045200000,0
2022-11-30,1.126,1.141,1.124,1.144,857640000,908260000,0
2022-12-01,1.172,1.159,1.155,1.176,1221120000,1327440000,0
2022-12-02,1.155,1.149,1.144,1.161,735470000,791170000,0
2022-12-05,1.174,1.181,1.161,1.183,975150000,1070060000,0
2022-12-06,1.178,1.175,1.168,1.188,894130000,985370000,0
2022-12-07,1.179,1.163,1.163,1.198,1025020000,1134800000,0
2022-12-08,1.158,1.176,1.155,1.179,751020000,819830000,0
2022-12-09,1.179,1.201,1.176,1.209,942270000,1052780000,0
2022-12-12,1.197,1.185,1.183,1.199,682830000,761280000,0
2022-12-13,1.184,1.191,1.181,1.197,1002930000,1117890000,0
2022-12-14,1.197,1.196,1.186,1.204,686050000,768640000,0
2022-12-15,1.194,1.176,1.169,1.194,711010000,782940000,0
2022-12-16,1.174,1.183,1.165,1.191,789620000,871350000,0
2022-12-19,1.185,1.175,1.172,1.199,760350000,840760000,0
2022-12-20,1.169,1.156,1.150,1.173,782780000,849030000,0
2022-12-21,1.163,1.158,1.158,1.168,371290000,403580000,0
2022-12-22,1.179,1.191,1.178,1.199,763260000,850790000,0
2022-12-23,1.178,1.189,1.176,1.196,389930000,434110000,0
2022-12-26,1.189,1.182,1.181,1.189,74100000,82140000,0
2022-12-27,1.188,1.197,1.188,1.197,90180000,100710000,0
2022-12-28,1.198,1.203,1.197,1.221,767580000,870410000,0
2022-12-29,1.194,1.194,1.188,1.203,586120000,657130000,0
2022-12-30,1.210,1.198,1.198,1.216,397050000,448820000,0
2023-01-03,1.187,1.203,1.164,1.208,659140000,733200000,0
2023-01-04,1.215,1.237,1.212,1.237,794140000,914000000,0
2023-01-05,1.266,1.252,1.239,1.273,779900000,922880000,0
2023-01-06,1.264,1.246,1.241,1.265,584990000,688820000,0
2023-01-09,1.257,1.255,1.251,1.263,559990000,660810000,0
2023-01-10,1.255,1.252,1.244,1.256,457660000,537180000,0
2023-01-11,1.257,1.258,1.256,1.272,450620000,535920000,0
2023-01-12,1.263,1.248,1.243,1.268,550930000,650420000,0
2023-01-13,1.255,1.266,1.250,1.266,635010000,749490000,0
2023-01-16,1.266,1.253,1.253,1.271,579600000,687770000,0
2023-01-17,1.257,1.256,1.251,1.268,489440000,578770000,0
2023-01-18,1.255,1.261,1.254,1.269,374360000,444080000,0
2023-01-19,1.252,1.264,1.250,1.269,338810000,401470000,0
2023-01-20,1.271,1.281,1.269,1.286,330380000,396970000,0
2023-01-30,1.312,1.288,1.286,1.316,663120000,812540000,0
2023-01-31,1.288,1.258,1.258,1.294,534400000,641240000,0
2023-02-01,1.269,1.276,1.261,1.279,426160000,508750000,0
2023-02-02,1.285,1.274,1.269,1.287,347430000,417310000,0
2023-02-03,1.264,1.253,1.244,1.265,595200000,699560000,0
2023-02-06,1.241,1.232,1.229,1.244,730020000,846050000,0
2023-02-07,1.236,1.240,1.236,1.251,385540000,450410000,0
2023-02-08,1.239,1.240,1.235,1.247,545320000,635400000,0
2023-02-09,1.239,1.257,1.237,1.259,368990000,432870000,0
2023-02-10,1.256,1.239,1.237,1.258,534050000,625110000,0
2023-02-13,1.226,1.240,1.222,1.246,558500000,647740000,0
2023-02-14,1.244,1.240,1.237,1.246,329660000,384000000,0
2023-02-15,1.240,1.225,1.222,1.241,427800000,492780000,0
2023-02-16,1.233,1.239,1.232,1.254,531110000,619940000,0
2023-02-17,1.238,1.226,1.226,1.244,346630000,401540000,0
2023-02-20,1.224,1.236,1.218,1.240,598750000,690880000,0
2023-02-21,1.233,1.220,1.216,1.237,439020000,504930000,0
2023-02-22,1.216,1.214,1.210,1.224,430940000,491960000,0
2023-02-23,1.211,1.209,1.207,1.220,450950000,512940000,0
2023-02-24,1.206,1.200,1.196,1.207,409630000,460560000,0
2023-02-27,1.190,1.197,1.188,1.206,367700000,412290000,0
2023-02-28,1.201,1.194,1.190,1.209,696740000,783090000,0
2023-03-01,1.196,1.226,1.193,1.226,515790000,586300000,0
2023-03-02,1.216,1.220,1.212,1.224,380130000,434460000,0
2023-03-03,1.232,1.231,1.224,1.237,678530000,783710000,0
2023-03-06,1.222,1.232,1.220,1.236,429110000,494680000,0
2023-03-07,1.233,1.226,1.222,1.258,812930000,945530000,0
2023-03-08,1.219,1.208,1.203,1.222,518350000,588300000,0
2023-03-09,1.207,1.206,1.206,1.214,599220000,679110000,0
2023-03-10,1.185,1.168,1.168,1.186,529900000,583580000,0
2023-03-13,1.165,1.176,1.164,1.181,507550000,556290000,0
2023-03-14,1.164,1.143,1.141,1.170,1267770000,1367730000,0
2023-03-15,1.161,1.162,1.158,1.175,524030000,571520000,0
2023-03-16,1.148,1.145,1.143,1.158,522780000,561310000,0
2023-03-17,1.158,1.157,1.153,1.166,594770000,644060000,0
2023-03-20,1.153,1.129,1.128,1.155,603320000,642830000,0
2023-03-21,1.139,1.150,1.138,1.151,916550000,979580000,0
2023-03-22,1.159,1.170,1.159,1.181,458620000,503340000,0
2023-03-23,1.168,1.180,1.162,1.181,890480000,975880000,0
2023-03-24,1.179,1.178,1.176,1.193,633760000,701870000,0
2023-03-27,1.179,1.176,1.164,1.181,746200000,819280000,0
2023-03-28,1.176,1.180,1.167,1.184,597410000,656500000,0
2023-03-29,1.216,1.203,1.200,1.217,811180000,916060000,0
2023-03-30,1.204,1.207,1.197,1.213,943690000,1067310000,0
2023-03-31,1.222,1.212,1.207,1.228,1045450000,1194450000,0
2023-04-03,1.209,1.211,1.202,1.215,842770000,955610000,0
2023-04-04,1.210,1.211,1.197,1.213,903870000,1021320000,0
2023-04-06,1.198,1.204,1.198,1.214,809230000,915210000,0
2023-04-07,1.213,1.220,1.212,1.222,245780000,280690000,0
2023-04-10,1.220,1.217,1.215,1.221,126790000,144700000,0
2023-04-11,1.223,1.215,1.210,1.235,389910000,446330000,0
2023-04-12,1.220,1.210,1.210,1.222,782180000,890840000,0
2023-04-13,1.198,1.202,1.185,1.206,428430000,480260000,0
2023-04-14,1.212,1.209,1.202,1.214,376290000,426310000,0
2023-04-17,1.207,1.230,1.207,1.231,866000000,990480000,0
2023-04-18,1.223,1.221,1.219,1.229,463940000,532510000,0
2023-04-19,1.224,1.214,1.210,1.224,297560000,339460000,0
2023-04-20,1.209,1.216,1.209,1.221,946310000,1079060000,0
2023-04-21,1.211,1.197,1.197,1.215,525410000,594160000,0
2023-04-24,1.196,1.183,1.182,1.203,786970000,878760000,0
2023-04-25,1.187,1.177,1.171,1.191,526120000,580190000,0
2023-04-26,1.174,1.187,1.171,1.195,660550000,732400000,0
2023-04-27,1.187,1.188,1.182,1.192,334510000,371530000,0
2023-04-28,1.193,1.196,1.191,1.207,312290000,350420000,0
2023-05-04,1.182,1.192,1.178,1.193,379920000,422270000,0
2023-05-05,1.200,1.197,1.195,1.208,358080000,403000000,0
2023-05-08,1.202,1.212,1.201,1.213,563730000,638450000,0
2023-05-09,1.209,1.191,1.191,1.215,433430000,489600000,0
2023-05-10,1.192,1.187,1.182,1.193,575340000,638380000,0
2023-05-11,1.191,1.180,1.177,1.194,529780000,588430000,0
2023-05-12,1.192,1.184,1.182,1.195,971020000,1079410000,0
2023-05-15,1.182,1.205,1.179,1.209,439340000,491270000,0
2023-05-16,1.211,1.201,1.200,1.215,438340000,496020000,0
2023-05-17,1.205,1.199,1.197,1.210,295980000,333460000,0
2023-05-18,1.198,1.195,1.193,1.208,419990000,471970000,0
2023-05-19,1.194,1.194,1.186,1.201,633980000,709080000,0
2023-05-22,1.195,1.205,1.186,1.208,1059160000,1191140000,0
2023-05-23,1.205,1.187,1.186,1.210,395110000,444810000,0
2023-05-24,1.183,1.173,1.173,1.187,507850000,560580000,0
2023-05-25,1.166,1.154,1.147,1.168,771270000,832130000,0
2023-05-26,1.146,1.149,1.143,1.151,199680000,213910000,0
2023-05-29,1.155,1.147,1.143,1.159,347620000,373550000,0
2023-05-30,1.148,1.147,1.137,1.150,510800000,545350000,0
2023-05-31,1.136,1.123,1.119,1.137,438340000,460950000,0
2023-06-01,1.126,1.131,1.126,1.142,584250000,618800000,0
2023-06-02,1.144,1.168,1.144,1.170,440280000,476430000,0
2023-06-05,1.171,1.177,1.167,1.178,805920000,883710000,0
2023-06-06,1.177,1.172,1.172,1.191,664490000,734860000,0
2023-06-07,1.187,1.188,1.184,1.194,367820000,409430000,0
2023-06-08,1.188,1.193,1.182,1.197,383730000,427080000,0
2023-06-09,1.196,1.200,1.188,1.202,318190000,356010000,0
2023-06-12,1.201,1.202,1.193,1.204,266060000,298580000,0
2023-06-13,1.199,1.213,1.198,1.214,315570000,356260000,0
2023-06-14,1.214,1.203,1.200,1.220,1024210000,1158240000,0
2023-06-15,1.216,1.224,1.214,1.226,782540000,895400000,0
2023-06-16,1.229,1.239,1.227,1.244,927320000,1076330000,0
2023-06-19,1.237,1.230,1.221,1.237,1654770000,1905600000,0
2023-06-20,1.232,1.221,1.217,1.236,1065500000,1224910000,0
2023-06-21,1.211,1.202,1.200,1.211,295420000,333730000,0
2023-06-26,1.186,1.184,1.177,1.191,868480000,960950000,0
2023-06-27,1.186,1.201,1.186,1.205,494710000,554530000,0
2023-06-28,1.197,1.205,1.195,1.206,646390000,726760000,0
2023-06-29,1.205,1.192,1.191,1.207,435520000,487310000,0
2023-06-30,1.191,1.193,1.190,1.201,449930000,503540000,0
2023-07-03,1.198,1.215,1.198,1.217,760330000,862200000,0
2023-07-04,1.213,1.215,1.210,1.224,280660000,320160000,0
2023-07-05,1.213,1.204,1.203,1.217,247450000,280180000,0
2023-07-06,1.198,1.183,1.180,1.207,526480000,587700000,0
2023-07-07,1.178,1.171,1.166,1.180,569250000,623880000,0
2023-07-10,1.187,1.173,1.172,1.190,353510000,390480000,0
2023-07-11,1.185,1.183,1.179,1.191,364500000,404220000,0
2023-07-12,1.188,1.188,1.184,1.194,364420000,405710000,0
2023-07-13,1.204,1.215,1.204,1.218,426630000,484500000,0
2023-07-14,1.223,1.215,1.211,1.225,274630000,313210000,0
2023-07-17,1.208,1.203,1.201,1.210,71180000,80290000,0
2023-07-18,1.211,1.197,1.195,1.212,366650000,411740000,0
2023-07-19,1.189,1.200,1.184,1.201,454620000,506480000,0
2023-07-20,1.203,1.193,1.192,1.210,388370000,437190000,0
2023-07-21,1.193,1.198,1.189,1.205,339210000,380470000,0
2023-07-24,1.180,1.177,1.174,1.195,465870000,516300000,0
2023-07-25,1.204,1.215,1.200,1.217,534380000,605370000,0
2023-07-26,1.210,1.215,1.208,1.217,343070000,390220000,0
2023-07-27,1.222,1.228,1.220,1.232,372270000,428080000,0
2023-07-28,1.220,1.248,1.219,1.250,546490000,633920000,0
2023-07-31,1.264,1.263,1.258,1.272,626040000,744350000,0
2023-08-01,1.265,1.252,1.251,1.275,478320000,568190000,0
2023-08-02,1.248,1.227,1.227,1.255,416810000,485870000,0
2023-08-03,1.224,1.232,1.221,1.237,466120000,537700000,0
2023-08-04,1.240,1.228,1.227,1.244,515050000,597080000,0
2023-08-07,1.225,1.231,1.219,1.232,298250000,343620000,0
2023-08-08,1.226,1.213,1.211,1.226,510810000,583240000,0
2023-08-09,1.206,1.212,1.206,1.218,455030000,516490000,0
2023-08-10,1.211,1.215,1.205,1.216,472970000,536680000,0
2023-08-11,1.220,1.208,1.208,1.224,372560000,424170000,0
2023-08-14,1.195,1.193,1.186,1.198,586690000,654200000,0
2023-08-15,1.192,1.193,1.186,1.198,642910000,717790000,0
2023-08-16,1.184,1.177,1.176,1.185,589780000,651080000,0
2023-08-17,1.162,1.184,1.158,1.184,829870000,907530000,0
2023-08-18,1.178,1.156,1.156,1.180,711960000,776130000,0
2023-08-21,1.149,1.136,1.135,1.153,739060000,789000000,0
2023-08-22,1.142,1.146,1.130,1.152,815930000,868070000,0
2023-08-23,1.141,1.142,1.140,1.155,577370000,617720000,0
2023-08-24,1.150,1.164,1.150,1.167,588230000,636940000,0
2023-08-25,1.155,1.152,1.152,1.161,455580000,491530000,0
2023-08-28,1.191,1.163,1.162,1.196,731290000,802780000,0
2023-08-29,1.168,1.182,1.167,1.187,524640000,578180000,0
2023-08-30,1.189,1.184,1.184,1.196,523520000,583170000,0
2023-08-31,1.186,1.175,1.175,1.192,370660000,410290000,0
2023-09-01,1.173,1.179,1.173,1.182,127380000,140380000,0
2023-09-04,1.190,1.200,1.187,1.203,561140000,628240000,0
2023-09-05,1.192,1.185,1.183,1.195,381480000,424640000,0
2023-09-06,1.182,1.181,1.174,1.186,431060000,475780000,0
2023-09-07,1.183,1.173,1.173,1.184,307070000,338520000,0
2023-09-08,1.166,1.167,1.164,1.170,93140000,101510000,0
2023-09-11,1.167,1.162,1.156,1.168,592340000,643170000,0
2023-09-12,1.162,1.166,1.156,1.170,491160000,534350000,0
2023-09-13,1.168,1.161,1.158,1.173,379200000,412540000,0
2023-09-14,1.164,1.163,1.156,1.169,366520000,397820000,0
2023-09-15,1.168,1.172,1.163,1.179,440100000,482370000,0
2023-09-18,1.162,1.161,1.152,1.166,446260000,483900000,0
2023-09-19,1.158,1.159,1.153,1.161,362020000,391470000,0
2023-09-20,1.158,1.158,1.154,1.163,440050000,476450000,0
2023-09-21,1.152,1.143,1.143,1.153,286960000,307620000,0
2023-09-22,1.140,1.161,1.140,1.162,558190000,600550000,0
2023-09-25,1.161,1.150,1.149,1.163,441490000,476160000,0
2023-09-26,1.145,1.136,1.136,1.148,445840000,475010000,0
2023-09-27,1.137,1.141,1.137,1.144,516810000,549860000,0
2023-09-28,1.141,1.128,1.126,1.142,353260000,373270000,0
2023-10-09,1.131,1.134,1.126,1.137,227600000,240290000,0
2023-10-10,1.144,1.140,1.138,1.152,338150000,361680000,0
2023-10-11,1.156,1.155,1.153,1.161,350010000,378080000,0
2023-10-12,1.172,1.174,1.169,1.176,415710000,455770000,0
2023-10-13,1.157,1.151,1.147,1.160,279720000,301580000,0
2023-10-16,1.149,1.140,1.138,1.151,407680000,435880000,0
2023-10-17,1.149,1.148,1.143,1.151,443900000,475380000,0
2023-10-18,1.145,1.146,1.139,1.151,394060000,421630000,0
2023-10-19,1.134,1.124,1.122,1.135,354160000,372400000,0
2023-10-20,1.116,1.116,1.113,1.123,351020000,365420000,0
2023-10-23,1.110,1.102,1.095,1.110,182200000,187100000,0
2023-10-24,1.105,1.106,1.095,1.110,518630000,532910000,0
2023-10-25,1.128,1.113,1.111,1.130,579350000,606150000,0
2023-10-26,1.108,1.108,1.100,1.116,572490000,590080000,0
2023-10-27,1.111,1.129,1.109,1.134,544830000,569580000,0
2023-10-30,1.123,1.128,1.119,1.129,543430000,569920000,0
2023-10-31,1.124,1.113,1.109,1.126,638480000,664300000,0
2023-11-01,1.117,1.112,1.104,1.118,493420000,510160000,0
2023-11-02,1.121,1.115,1.114,1.130,493600000,516140000,0
2023-11-03,1.126,1.140,1.124,1.144,670260000,709310000,0
2023-11-06,1.151,1.156,1.149,1.158,738670000,795960000,0
2023-11-07,1.149,1.139,1.138,1.149,537200000,573000000,0
2023-11-08,1.137,1.131,1.129,1.142,705290000,747890000,0
2023-11-09,1.131,1.132,1.127,1.136,461630000,487370000,0
2023-11-10,1.124,1.118,1.115,1.126,564700000,588520000,0
2023-11-13,1.120,1.120,1.111,1.123,479400000,499420000,0
2023-11-14,1.131,1.130,1.125,1.135,568900000,599340000,0
2023-11-15,1.146,1.155,1.142,1.159,749430000,802860000,0
2023-11-16,1.161,1.147,1.139,1.161,681270000,728720000,0
2023-11-17,1.134,1.126,1.122,1.135,771610000,811100000,0
2023-11-20,1.129,1.131,1.123,1.135,589010000,620240000,0
2023-11-21,1.140,1.127,1.124,1.144,1055770000,1118870000,0
2023-11-22,1.122,1.120,1.117,1.127,658940000,689280000,0
2023-11-23,1.122,1.129,1.117,1.131,566260000,592950000,0
2023-11-24,1.126,1.117,1.117,1.126,357430000,373420000,0
2023-11-27,1.121,1.113,1.105,1.122,410080000,424490000,0
2023-11-28,1.112,1.107,1.103,1.113,408040000,421050000,0
2023-11-29,1.106,1.078,1.075,1.106,813550000,822010000,0
2023-11-30,1.079,1.083,1.073,1.084,582850000,584730000,0
2023-12-01,1.081,1.079,1.074,1.084,676760000,678660000,0
2023-12-04,1.081,1.062,1.062,1.082,599760000,596340000,0
2023-12-05,1.060,1.040,1.039,1.061,731970000,712550000,0
2023-12-06,1.042,1.053,1.041,1.061,672880000,656460000,0
2023-12-07,1.050,1.044,1.037,1.050,494600000,478110000,0
2023-12-08,1.046,1.047,1.041,1.054,486030000,471830000,0
2023-12-11,1.037,1.041,1.030,1.047,670310000,644050000,0
2023-12-12,1.043,1.054,1.040,1.055,521290000,507000000,0
2023-12-13,1.049,1.039,1.039,1.051,406080000,393740000,0
2023-12-14,1.052,1.045,1.044,1.058,461580000,449570000,0
2023-12-15,1.056,1.064,1.055,1.077,599540000,593740000,0
2023-12-18,1.059,1.059,1.056,1.064,328880000,323410000,0
2023-12-19,1.055,1.053,1.048,1.059,508420000,496770000,0
2023-12-20,1.061,1.057,1.055,1.066,328220000,323440000,0
2023-12-21,1.048,1.059,1.047,1.062,402250000,393930000,0
2023-12-22,1.063,1.042,1.042,1.073,670080000,655550000,0
2023-12-25,1.047,1.049,1.045,1.049,122180000,118590000,0
2023-12-26,1.047,1.045,1.044,1.049,65720000,63730000,0
2023-12-27,1.051,1.061,1.047,1.061,446780000,436900000,0
2023-12-28,1.059,1.078,1.058,1.082,585030000,583080000,0
2023-12-29,1.076,1.073,1.071,1.078,410800000,409980000,0
2024-01-02,1.081,1.064,1.063,1.082,365790000,363300000,0
2024-01-03,1.058,1.060,1.056,1.061,369400000,362890000,0
2024-01-04,1.061,1.060,1.054,1.064,346500000,340570000,0
2024-01-05,1.056,1.056,1.052,1.069,360260000,354580000,0
2024-01-08,1.056,1.035,1.033,1.058,399890000,386670000,0
2024-01-09,1.038,1.039,1.038,1.049,347060000,335350000,0
2024-01-10,1.036,1.030,1.028,1.041,357290000,342210000,0
2024-01-11,1.031,1.045,1.031,1.050,459930000,444420000,0
2024-01-12,1.036,1.038,1.034,1.047,339520000,327790000,0
2024-01-15,1.038,1.038,1.032,1.044,347190000,334040000,0
2024-01-16,1.028,1.021,1.017,1.038,525650000,499590000,0
2024-01-17,1.015,0.984,0.983,1.015,742460000,683890000,0
2024-01-18,0.987,0.996,0.982,0.999,737610000,674200000,0
2024-01-19,0.994,0.984,0.983,1.002,564030000,517500000,0
2024-01-22,0.989,0.964,0.957,0.991,580860000,521230000,0
2024-01-23,0.970,0.987,0.968,0.996,924150000,839460000,0
2024-01-24,0.998,1.004,0.988,1.007,699290000,645210000,0
2024-01-25,1.017,1.036,1.012,1.037,771570000,732840000,0
2024-01-26,1.033,1.025,1.018,1.038,592130000,564530000,0
2024-01-29,1.029,1.027,1.026,1.040,545900000,522090000,0
2024-01-30,1.016,1.007,1.005,1.017,458660000,428780000,0
2024-01-31,1.002,0.993,0.991,1.009,672180000,619500000,0
2024-02-01,0.995,0.999,0.991,1.014,901710000,835980000,0
2024-02-02,1.009,1.001,0.992,1.019,754710000,702210000,0
2024-02-05,0.988,1.001,0.986,1.009,792080000,731020000,0
2024-02-06,1.002,1.034,1.001,1.034,896870000,846660000,0
2024-02-07,1.040,1.031,1.027,1.048,751420000,723060000,0
2024-02-08,1.026,1.021,1.019,1.034,796740000,757520000,0
2024-02-19,1.040,1.041,1.035,1.044,496790000,478340000,0
2024-02-20,1.045,1.039,1.032,1.045,379320000,364190000,0
2024-02-21,1.036,1.060,1.036,1.069,819630000,805550000,0
2024-02-22,1.057,1.065,1.052,1.066,492780000,484580000,0
2024-02-23,1.065,1.072,1.065,1.079,450620000,448350000,0
2024-02-26,1.068,1.064,1.062,1.073,407160000,403040000,0
2024-02-27,1.064,1.066,1.054,1.067,564120000,555550000,0
2024-02-28,1.075,1.056,1.056,1.077,631540000,626640000,0
2024-02-29,1.050,1.060,1.050,1.065,734560000,721780000,0
2024-03-01,1.052,1.059,1.044,1.062,745870000,730240000,0
2024-03-04,1.060,1.056,1.054,1.064,555800000,546050000,0
2024-03-05,1.046,1.039,1.035,1.052,708080000,684380000,0
2024-03-06,1.039,1.049,1.037,1.059,636820000,618590000,0
2024-03-07,1.052,1.041,1.041,1.059,579770000,565430000,0
2024-03-08,1.046,1.053,1.045,1.056,573970000,559860000,0
2024-03-11,1.053,1.060,1.051,1.063,470010000,461810000,0
2024-03-12,1.067,1.088,1.061,1.088,718240000,716640000,0
2024-03-13,1.087,1.089,1.085,1.097,528000000,536160000,0
2024-03-14,1.091,1.081,1.077,1.097,530110000,536060000,0
2024-03-15,1.072,1.068,1.060,1.075,515360000,510650000,0
2024-03-18,1.067,1.074,1.065,1.075,621440000,618150000,0
2024-03-19,1.065,1.060,1.057,1.069,507870000,500920000,0
2024-03-20,1.061,1.063,1.055,1.065,498830000,491490000,0
2024-03-21,1.075,1.083,1.073,1.085,643100000,645310000,0
2024-03-22,1.073,1.064,1.057,1.075,681840000,673910000,0
2024-03-25,1.066,1.060,1.060,1.070,432590000,427430000,0
2024-03-26,1.064,1.073,1.060,1.074,602140000,596180000,0
2024-03-27,1.066,1.057,1.056,1.069,513350000,506050000,0
2024-03-28,1.057,1.066,1.054,1.074,582460000,574510000,0
2024-03-29,1.066,1.070,1.066,1.071,126780000,125860000,0
2024-04-01,1.072,1.080,1.071,1.080,176250000,176440000,0
2024-04-02,1.082,1.084,1.082,1.092,510320000,516120000,0
2024-04-03,1.085,1.075,1.073,1.086,376610000,377670000,0
2024-04-08,1.069,1.074,1.065,1.084,517770000,517290000,0
2024-04-09,1.078,1.081,1.077,1.090,427340000,430090000,0
2024-04-10,1.085,1.096,1.083,1.100,634660000,645420000,0
2024-04-11,1.082,1.095,1.079,1.098,518740000,525450000,0
2024-04-12,1.088,1.074,1.074,1.091,560500000,563110000,0
2024-04-15,1.064,1.068,1.059,1.070,508710000,503450000,0
2024-04-16,1.054,1.048,1.047,1.060,619690000,606130000,0
2024-04-17,1.047,1.045,1.042,1.051,794230000,770780000,0
2024-04-18,1.046,1.054,1.044,1.061,625840000,611290000,0
2024-04-19,1.044,1.046,1.036,1.048,664350000,641630000,0
2024-04-22,1.056,1.064,1.055,1.068,561360000,553920000,0
2024-04-23,1.071,1.076,1.066,1.080,541720000,540080000,0
2024-04-24,1.087,1.102,1.084,1.103,534610000,544210000,0
2024-04-25,1.100,1.106,1.096,1.117,571560000,589030000,0
2024-04-26,1.111,1.131,1.110,1.137,701190000,736190000,0
2024-04-29,1.135,1.136,1.132,1.154,751730000,801290000,0
2024-04-30,1.139,1.135,1.132,1.144,460520000,488980000,0
2024-05-06,1.173,1.179,1.156,1.181,645230000,707410000,0
2024-05-07,1.178,1.174,1.170,1.184,442400000,486430000,0
2024-05-08,1.176,1.168,1.166,1.183,472800000,519840000,0
2024-05-09,1.169,1.184,1.168,1.186,663800000,732010000,0
2024-05-10,1.190,1.207,1.189,1.210,756870000,851210000,0
2024-05-13,1.203,1.218,1.201,1.219,565390000,641660000,0
2024-05-14,1.225,1.221,1.218,1.230,528510000,606220000,0
2024-05-15,1.219,1.214,1.213,1.220,176520000,201200000,0
2024-05-16,1.224,1.234,1.217,1.237,745190000,858010000,0
2024-05-17,1.241,1.245,1.234,1.249,837920000,976790000,0
2024-05-20,1.249,1.253,1.247,1.257,661650000,778530000,0
2024-05-21,1.245,1.227,1.225,1.246,585940000,678250000,0
2024-05-22,1.228,1.226,1.223,1.236,556330000,642020000,0
2024-05-23,1.219,1.210,1.203,1.219,517200000,586270000,0
2024-05-24,1.202,1.190,1.188,1.208,846490000,949220000,0
2024-05-27,1.193,1.208,1.188,1.209,602340000,676090000,0
2024-05-28,1.206,1.207,1.203,1.218,494570000,560970000,0
2024-05-29,1.199,1.191,1.187,1.200,636760000,711660000,0
2024-05-30,1.185,1.172,1.170,1.193,766890000,846080000,0
2024-05-31,1.182,1.173,1.170,1.190,627140000,693800000,0
2024-06-03,1.177,1.183,1.175,1.191,517240000,573850000,0
2024-06-04,1.177,1.188,1.176,1.190,471920000,523220000,0
2024-06-05,1.189,1.184,1.183,1.203,654860000,731370000,0
2024-06-06,1.194,1.186,1.183,1.202,647980000,723270000,0
2024-06-07,1.194,1.184,1.179,1.196,601240000,668260000,0
2024-06-11,1.173,1.178,1.165,1.182,695450000,762220000,0
2024-06-12,1.171,1.165,1.159,1.172,593480000,646320000,0
2024-06-13,1.174,1.171,1.166,1.178,546590000,598520000,0
2024-06-14,1.167,1.169,1.163,1.175,562400000,614910000,0
2024-06-17,1.159,1.166,1.154,1.177,546810000,596850000,0
2024-06-18,1.168,1.165,1.161,1.173,660480000,720420000,0
2024-06-19,1.172,1.194,1.172,1.194,768280000,851010000,0
2024-06-20,1.196,1.188,1.187,1.202,521180000,582600000,0
2024-06-21,1.182,1.173,1.169,1.184,577610000,634920000,0
2024-06-24,1.166,1.162,1.159,1.167,489190000,531910000,0
2024-06-25,1.174,1.169,1.167,1.184,659690000,725500000,0
2024-06-26,1.165,1.177,1.162,1.181,563420000,618740000,0
2024-06-27,1.168,1.156,1.154,1.170,536210000,581540000,0
2024-06-28,1.150,1.158,1.149,1.165,541660000,586550000,0
2024-07-01,1.156,1.161,1.151,1.161,148610000,160400000,0
2024-07-02,1.156,1.159,1.153,1.173,573950000,624420000,0
2024-07-03,1.165,1.173,1.163,1.174,571410000,624150000,0
2024-07-04,1.182,1.178,1.174,1.185,557100000,614590000,0
2024-07-05,1.179,1.168,1.165,1.182,468640000,513940000,0
2024-07-08,1.163,1.151,1.149,1.165,523830000,565510000,0
2024-07-09,1.150,1.155,1.145,1.159,654860000,704260000,0
2024-07-10,1.158,1.152,1.149,1.167,519470000,562280000,0
2024-07-11,1.161,1.171,1.158,1.171,588200000,639770000,0
2024-07-12,1.181,1.202,1.179,1.203,856510000,956480000,0
2024-07-15,1.196,1.185,1.185,1.200,560430000,624610000,0
2024-07-16,1.178,1.173,1.170,1.181,618800000,679090000,0
2024-07-17,1.175,1.170,1.166,1.176,643970000,705150000,0
2024-07-18,1.165,1.174,1.161,1.174,716780000,783120000,0
2024-07-19,1.165,1.152,1.149,1.166,901470000,970650000,0
2024-07-22,1.154,1.161,1.146,1.164,700040000,754700000,0
2024-07-23,1.164,1.150,1.149,1.165,377110000,407830000,0
2024-07-24,1.148,1.138,1.137,1.153,483790000,516720000,0
2024-07-25,1.135,1.118,1.116,1.138,535950000,561900000,0
2024-07-26,1.123,1.121,1.114,1.129,613190000,641530000,0
2024-07-29,1.130,1.135,1.127,1.139,492280000,520120000,0
2024-07-30,1.128,1.119,1.117,1.129,371200000,387870000,0
2024-07-31,1.120,1.136,1.114,1.137,801820000,844180000,0
2024-08-01,1.136,1.134,1.127,1.139,596340000,630440000,0
2024-08-02,1.116,1.106,1.104,1.120,772690000,800720000,0
2024-08-05,1.086,1.083,1.074,1.104,967380000,981780000,0
2024-08-06,1.098,1.088,1.084,1.103,805780000,818440000,0
2024-08-07,1.089,1.099,1.089,1.109,757160000,775290000,0
2024-08-08,1.094,1.103,1.088,1.110,683990000,700110000,0
2024-08-09,1.115,1.112,1.110,1.122,592190000,616060000,0
2024-08-12,1.113,1.114,1.106,1.116,484390000,501740000,0
2024-08-13,1.117,1.119,1.113,1.123,612820000,638060000,0
2024-08-14,1.122,1.109,1.109,1.123,408610000,424390000,0
2024-08-15,1.105,1.111,1.103,1.125,681440000,708130000,0
2024-08-16,1.124,1.134,1.123,1.137,566730000,597330000,0
2024-08-19,1.139,1.140,1.137,1.146,465860000,496370000,0
2024-08-20,1.145,1.133,1.133,1.145,359730000,381470000,0
2024-08-21,1.125,1.125,1.117,1.128,332870000,348500000,0
2024-08-22,1.132,1.138,1.127,1.138,415510000,438660000,0
2024-08-23,1.135,1.138,1.134,1.141,314990000,334250000,0
2024-08-26,1.142,1.150,1.142,1.151,408080000,437140000,0
2024-08-27,1.143,1.153,1.139,1.153,359890000,385300000,0
2024-08-28,1.153,1.146,1.143,1.155,347900000,372800000,0
2024-08-29,1.140,1.145,1.134,1.146,514500000,547310000,0
2024-08-30,1.146,1.162,1.144,1.170,699980000,758870000,0
2024-09-02,1.151,1.141,1.141,1.152,438890000,469410000,0
2024-09-03,1.143,1.142,1.140,1.148,504230000,538530000,0
2024-09-04,1.134,1.128,1.125,1.138,471070000,496630000,0
2024-09-05,1.132,1.126,1.124,1.137,415390000,437900000,0
2024-09-06,1.128,1.120,1.120,1.132,138240000,145320000,0
2024-09-09,1.119,1.113,1.110,1.125,351380000,365140000,0
2024-09-10,1.118,1.122,1.116,1.125,466320000,487080000,0
2024-09-11,1.114,1.112,1.106,1.115,525440000,543050000,0
2024-09-12,1.119,1.125,1.117,1.129,553960000,580050000,0
2024-09-13,1.128,1.128,1.127,1.140,435180000,459970000,0
2024-09-18,1.142,1.143,1.137,1.143,295090000,314220000,0
2024-09-19,1.145,1.166,1.143,1.166,858600000,926380000,0
2024-09-20,1.169,1.171,1.164,1.182,727040000,798200000,0
2024-09-23,1.173,1.177,1.173,1.186,677100000,748310000,0
2024-09-24,1.198,1.218,1.194,1.218,942060000,1064000000,0
2024-09-25,1.248,1.222,1.218,1.252,1358740000,1575520000,0
2024-09-26,1.233,1.262,1.225,1.262,1394760000,1628790000,0
2024-09-27,1.294,1.304,1.285,1.316,2005360000,2451810000,0
2024-09-30,1.345,1.365,1.321,1.392,3474470000,4440750000,0
2024-10-08,1.492,1.372,1.331,1.492,4022690000,5293870000,0
2024-10-09,1.363,1.306,1.296,1.369,3362080000,4236450000,0
2024-10-10,1.341,1.353,1.336,1.375,2113990000,2703700000,0
2024-10-11,1.353,1.322,1.313,1.358,671190000,846870000,0
2024-10-14,1.344,1.352,1.326,1.363,2052850000,2606200000,0
2024-10-15,1.347,1.309,1.308,1.354,1525340000,1923150000,0
2024-10-16,1.301,1.316,1.301,1.326,1562530000,1936670000,0
2024-10-17,1.324,1.303,1.303,1.339,1473520000,1836990000,0
2024-10-18,1.305,1.333,1.299,1.349,2436380000,3033660000,0
2024-10-21,1.334,1.321,1.318,1.341,1443840000,1810380000,0
2024-10-22,1.321,1.322,1.317,1.331,1120100000,1399330000,0
2024-10-23,1.325,1.338,1.322,1.349,1329440000,1677590000,0
2024-10-24,1.327,1.323,1.319,1.333,919470000,1148390000,0
2024-10-25,1.326,1.327,1.325,1.339,1195660000,1501560000,0
2024-10-28,1.329,1.332,1.321,1.334,835400000,1046690000,0
2024-10-29,1.340,1.333,1.329,1.348,902210000,1139340000,0
2024-10-30,1.330,1.316,1.312,1.334,901620000,1124350000,0
2024-10-31,1.318,1.315,1.312,1.325,898130000,1116290000,0
2024-11-01,1.318,1.318,1.312,1.329,953010000,1185310000,0
2024-11-04,1.322,1.320,1.314,1.325,727120000,904260000,0
2024-11-05,1.315,1.339,1.314,1.340,1121040000,1406640000,0
2024-11-06,1.337,1.326,1.319,1.344,1414360000,1776440000,0
2024-11-07,1.324,1.356,1.323,1.357,1190860000,1509420000,0
2024-11-08,1.375,1.347,1.345,1.378,1132300000,1450980000,0
2024-11-11,1.322,1.332,1.316,1.336,1187160000,1481060000,0
2024-11-12,1.330,1.302,1.299,1.344,1310100000,1630650000,0
2024-11-13,1.297,1.296,1.287,1.297,1275130000,1551010000,0
2024-11-14,1.291,1.279,1.278,1.303,968940000,1177980000,0
2024-11-15,1.283,1.279,1.275,1.288,1046500000,1263410000,0
2024-11-18,1.289,1.287,1.280,1.296,1101030000,1335110000,0
2024-11-19,1.293,1.291,1.283,1.295,817980000,993150000,0
2024-11-20,1.288,1.293,1.286,1.297,798490000,970060000,0
2024-11-21,1.291,1.290,1.287,1.297,787610000,957190000,0
2024-11-22,1.289,1.263,1.263,1.295,841410000,1013760000,0
2024-11-25,1.271,1.261,1.258,1.273,821320000,976030000,0
2024-11-26,1.256,1.261,1.255,1.269,684500000,812400000,0
2024-11-27,1.262,1.281,1.256,1.281,854220000,1016790000,0
2024-11-28,1.281,1.271,1.269,1.282,733530000,879050000,0
2024-11-29,1.274,1.270,1.268,1.286,1205830000,1445420000,0
2024-12-02,1.275,1.284,1.273,1.292,1032260000,1245640000,0
2024-12-03,1.287,1.294,1.281,1.299,1041350000,1263220000,0
2024-12-04,1.294,1.296,1.290,1.302,669970000,817610000,0
2024-12-05,1.286,1.283,1.280,1.290,737730000,891260000,0
2024-12-06,1.287,1.302,1.285,1.305,882130000,1075500000,0
2024-12-09,1.296,1.300,1.294,1.308,650450000,795760000,0
2024-12-10,1.365,1.332,1.331,1.372,1744790000,2220350000,0
2024-12-11,1.334,1.319,1.316,1.338,930030000,1164860000,0
2024-12-12,1.321,1.342,1.318,1.344,1070790000,1343390000,0
2024-12-13,1.325,1.312,1.312,1.327,863510000,1072520000,0
2024-12-16,1.310,1.299,1.296,1.315,600170000,738000000,0
2024-12-17,1.296,1.298,1.291,1.310,821020000,1003770000,0
2024-12-18,1.305,1.306,1.302,1.310,607600000,747180000,0
2024-12-19,1.295,1.305,1.290,1.306,597330000,729170000,0
2024-12-20,1.299,1.302,1.298,1.308,662070000,811810000,0
2024-12-23,1.306,1.306,1.299,1.310,585810000,719540000,0
2024-12-24,1.307,1.322,1.307,1.323,611650000,759460000,0
2024-12-25,1.321,1.324,1.320,1.327,186070000,232120000,0
2024-12-26,1.324,1.324,1.320,1.325,143790000,179230000,0
2024-12-27,1.320,1.319,1.317,1.326,631250000,786140000,0
2024-12-30,1.323,1.321,1.315,1.325,593140000,737820000,0
2024-12-31,1.318,1.313,1.313,1.326,572730000,712520000,0
2025-01-02,1.312,1.297,1.292,1.313,832380000,1019490000,0
2025-01-03,1.302,1.300,1.296,1.311,735700000,902560000,0
2025-01-06,1.310,1.302,1.299,1.313,686080000,843290000,0
2025-01-07,1.295,1.282,1.276,1.302,1084110000,1313380000,0
2025-01-08,1.284,1.277,1.270,1.290,748650000,901340000,0
2025-01-09,1.278,1.278,1.276,1.286,751490000,905270000,0
2025-01-10,1.281,1.266,1.266,1.284,652740000,782540000,0
2025-01-13,1.257,1.255,1.244,1.261,617020000,725370000,0
2025-01-14,1.259,1.278,1.257,1.283,906400000,1082080000,0
2025-01-15,1.273,1.279,1.272,1.282,511020000,613570000,0
2025-01-16,1.290,1.292,1.283,1.302,766400000,932610000,0
2025-01-17,1.290,1.295,1.286,1.297,504500000,613770000,0
2025-01-20,1.309,1.315,1.306,1.325,687830000,852320000,0
2025-01-21,1.320,1.319,1.310,1.324,684970000,849980000,0
2025-01-22,1.312,1.298,1.297,1.313,509530000,625700000,0
2025-01-23,1.306,1.293,1.292,1.315,861880000,1058660000,0
2025-01-24,1.300,1.311,1.298,1.315,795810000,981250000,0
2025-01-27,1.313,1.323,1.312,1.327,505830000,630360000,0
2025-02-05,1.352,1.344,1.339,1.358,704790000,896210000,0
2025-02-06,1.346,1.361,1.343,1.361,590060000,753160000,0
2025-02-07,1.365,1.381,1.360,1.387,887560000,1153870000,0
2025-02-10,1.388,1.408,1.387,1.411,876750000,1163740000,0
2025-02-11,1.416,1.401,1.396,1.420,595820000,792500000,0
2025-02-12,1.407,1.428,1.402,1.429,743730000,997170000,0
2025-02-13,1.438,1.445,1.434,1.467,1090470000,1498570000,0
2025-02-14,1.437,1.460,1.435,1.461,1031220000,1416930000,0
2025-02-17,1.474,1.473,1.451,1.488,1269420000,1772620000,0
2025-02-18,1.472,1.484,1.471,1.505,1248080000,1761450000,0
2025-02-19,1.479,1.493,1.475,1.496,789760000,1115510000,0
2025-02-20,1.480,1.472,1.461,1.487,963060000,1343890000,0
2025-02-21,1.494,1.513,1.486,1.514,1329430000,1894400000,0
2025-02-24,1.513,1.523,1.506,1.534,1060290000,1530720000,0
2025-02-25,1.481,1.493,1.478,1.508,747830000,1061400000,0
2025-02-26,1.508,1.548,1.507,1.548,902670000,1313360000,0
2025-02-27,1.544,1.546,1.524,1.561,1478750000,2166490000,0
2025-02-28,1.537,1.492,1.491,1.538,1026710000,1474990000,0
2025-03-03,1.505,1.497,1.492,1.522,720250000,1031880000,0
2025-03-04,1.479,1.501,1.472,1.502,673760000,950850000,0
2025-03-05,1.508,1.527,1.503,1.529,818700000,1180350000,0
2025-03-06,1.555,1.574,1.554,1.576,675120000,1005940000,0
2025-03-07,1.568,1.571,1.563,1.598,1062240000,1594930000,0
2025-03-10,1.567,1.550,1.540,1.575,707940000,1047540000,0
2025-03-11,1.521,1.537,1.516,1.544,696360000,1013880000,0
2025-03-12,1.548,1.530,1.527,1.552,698830000,1022890000,0
2025-03-13,1.533,1.521,1.509,1.538,709950000,1028660000,0
2025-03-14,1.537,1.560,1.527,1.564,696090000,1024740000,0
2025-03-17,1.572,1.569,1.562,1.579,617840000,923440000,0
2025-03-18,1.596,1.599,1.587,1.601,735800000,1117270000,0
2025-03-19,1.601,1.604,1.593,1.609,645550000,984790000,0
2025-03-20,1.597,1.573,1.571,1.597,753180000,1136030000,0
2025-03-21,1.565,1.542,1.534,1.571,735210000,1085760000,0
2025-03-24,1.541,1.546,1.533,1.546,602700000,882640000,0
2025-03-25,1.537,1.525,1.522,1.547,524480000,763460000,0
2025-03-26,1.532,1.527,1.524,1.538,462510000,672520000,0
2025-03-27,1.534,1.540,1.525,1.553,609980000,893220000,0
2025-03-28,1.543,1.526,1.517,1.547,626320000,911950000,0
2025-03-31,1.511,1.506,1.498,1.522,643430000,921460000,0
2025-04-01,1.513,1.518,1.509,1.526,657790000,947450000,0
2025-04-02,1.511,1.513,1.498,1.524,923130000,1325620000,0
2025-04-03,1.489,1.493,1.485,1.506,874140000,1240490000,0
2025-04-07,1.377,1.351,1.351,1.434,1348040000,1742950000,0
2025-04-08,1.358,1.340,1.315,1.364,1561520000,1971540000,0
2025-04-09,1.305,1.336,1.292,1.349,1407870000,1758780000,0
2025-04-10,1.379,1.374,1.369,1.408,1620480000,2124980000,0
2025-04-11,1.366,1.390,1.357,1.402,1483760000,1933100000,0
2025-04-14,1.412,1.412,1.404,1.423,935600000,1251060000,0
2025-04-15,1.423,1.417,1.409,1.425,837290000,1122810000,0
2025-04-16,1.411,1.395,1.386,1.416,611020000,807890000,0
2025-04-17,1.396,1.408,1.393,1.415,676770000,900600000,0
2025-04-18,1.406,1.408,1.404,1.409,135760000,180740000,0
2025-04-21,1.404,1.416,1.403,1.416,187450000,250060000,0
2025-04-22,1.411,1.421,1.404,1.427,737830000,987620000,0
2025-04-23,1.456,1.453,1.444,1.460,606520000,834190000,0
2025-04-24,1.451,1.439,1.434,1.455,511170000,699360000,0
2025-04-25,1.451,1.451,1.447,1.465,761130000,1050080000,0
2025-04-28,1.451,1.450,1.437,1.453,535420000,732860000,0
2025-04-29,1.449,1.439,1.437,1.455,713180000,976730000,0
2025-04-30,1.445,1.447,1.434,1.449,566550000,774290000,0
2025-05-06,1.468,1.482,1.463,1.482,647720000,905010000,0
2025-05-07,1.509,1.487,1.482,1.511,789620000,1122190000,0
2025-05-08,1.480,1.487,1.478,1.498,522690000,738880000,0
2025-05-09,1.490,1.489,1.483,1.496,526910000,744700000,0
2025-05-12,1.509,1.505,1.496,1.512,710480000,1014520000,0
2025-05-13,1.519,1.498,1.498,1.519,468110000,669160000,0
2025-05-14,1.510,1.527,1.506,1.527,607270000,875130000,0
2025-05-15,1.526,1.520,1.517,1.535,411800000,596790000,0
2025-05-16,1.509,1.511,1.504,1.514,399380000,572310000,0
2025-05-19,1.503,1.511,1.495,1.514,446740000,638010000,0
2025-05-20,1.514,1.531,1.512,1.533,398860000,578170000,0
2025-05-21,1.531,1.535,1.530,1.544,484420000,708100000,0
2025-05-22,1.531,1.521,1.521,1.534,456480000,662800000,0
2025-05-23,1.521,1.516,1.516,1.532,391210000,566830000,0
2025-05-26,1.514,1.501,1.498,1.515,455190000,651290000,0
2025-05-27,1.496,1.507,1.494,1.508,464530000,662410000,0
2025-05-28,1.509,1.500,1.498,1.515,371760000,531430000,0
2025-05-29,1.502,1.518,1.501,1.521,586850000,842140000,0
2025-05-30,1.506,1.499,1.496,1.509,377330000,537710000,0
2025-06-03,1.504,1.515,1.504,1.518,480850000,690590000,0
2025-06-04,1.515,1.524,1.513,1.528,447690000,647860000,0
2025-06-05,1.535,1.535,1.527,1.539,489130000,712810000,0
2025-06-06,1.539,1.538,1.532,1.542,362090000,528710000,0
2025-06-09,1.546,1.554,1.544,1.559,537700000,793880000,0
2025-06-10,1.557,1.558,1.549,1.566,534350000,791880000,0
2025-06-11,1.563,1.575,1.561,1.576,419690000,627900000,0
2025-06-12,1.566,1.559,1.558,1.570,385460000,573480000,0
2025-06-13,1.552,1.537,1.537,1.554,414770000,608870000,0
2025-06-16,1.535,1.550,1.532,1.550,370530000,543850000,0
2025-06-17,1.553,1.547,1.545,1.557,310050000,457290000,0
2025-06-18,1.543,1.532,1.529,1.545,341890000,498730000,0
2025-06-19,1.528,1.504,1.503,1.531,387990000,557690000,0
2025-06-20,1.507,1.513,1.507,1.520,333870000,479830000,0
2025-06-23,1.507,1.533,1.505,1.533,480990000,695580000,0
2025-06-24,1.541,1.561,1.541,1.561,412100000,609310000,0
2025-06-25,1.566,1.577,1.563,1.577,560900000,837880000,0
2025-06-26,1.570,1.566,1.561,1.570,403330000,601090000,0
2025-06-27,1.572,1.565,1.559,1.577,502760000,750320000,0
2025-06-30,1.562,1.560,1.553,1.563,413750000,613290000,0
2025-07-01,1.557,1.560,1.557,1.561,132340000,196260000,0
2025-07-02,1.567,1.564,1.555,1.570,423930000,629950000,0
2025-07-03,1.564,1.552,1.545,1.565,461010000,680510000,0
2025-07-04,1.545,1.541,1.533,1.553,492820000,722530000,0
2025-07-07,1.537,1.540,1.532,1.545,422530000,618300000,0
2025-07-08,1.545,1.555,1.544,1.557,553670000,816770000,0
2025-07-09,1.554,1.542,1.539,1.555,686310000,1009490000,0
2025-07-10,1.543,1.553,1.539,1.554,597020000,877890000,0
2025-07-11,1.552,1.567,1.552,1.580,644340000,963910000,0
2025-07-14,1.556,1.561,1.555,1.566,348630000,517440000,0
2025-07-15,1.568,1.576,1.558,1.584,625600000,936180000,0
2025-07-16,1.592,1.589,1.585,1.603,553790000,840450000,0
2025-07-17,1.585,1.584,1.579,1.592,452190000,682310000,0
2025-07-18,1.597,1.597,1.589,1.600,371680000,564720000,0
2025-07-21,1.610,1.612,1.603,1.612,443410000,679460000,0
2025-07-22,1.612,1.615,1.607,1.619,478020000,735030000,0
2025-07-23,1.629,1.639,1.622,1.640,619940000,963360000,0
2025-07-24,1.639,1.651,1.636,1.651,424960000,666980000,0
2025-07-25,1.643,1.631,1.631,1.645,382550000,597420000,0
2025-07-28,1.638,1.647,1.634,1.651,501740000,786600000,0
2025-07-29,1.639,1.638,1.629,1.641,367510000,572550000,0
2025-07-30,1.631,1.623,1.618,1.642,453240000,705210000,0
2025-07-31,1.613,1.602,1.601,1.614,560410000,858010000,0
2025-08-01,1.603,1.597,1.593,1.609,478890000,731070000,0
2025-08-04,1.587,1.597,1.578,1.597,461050000,697270000,0
2025-08-05,1.599,1.606,1.594,1.608,456950000,696580000,0
2025-08-06,1.605,1.608,1.603,1.613,379010000,580590000,0
2025-08-07,1.611,1.618,1.602,1.619,444410000,682510000,0
2025-08-08,1.610,1.601,1.601,1.612,353750000,541640000,0
2025-08-11,1.608,1.606,1.600,1.610,372690000,570060000,0
2025-08-12,1.603,1.612,1.602,1.612,425520000,651750000,0
2025-08-13,1.624,1.648,1.624,1.648,392990000,613140000,0
2025-08-14,1.659,1.640,1.640,1.660,355020000,559120000,0
2025-08-15,1.633,1.635,1.626,1.637,552440000,859730000,0
2025-08-18,1.638,1.637,1.634,1.647,637590000,996650000,0
2025-08-19,1.634,1.630,1.628,1.640,428650000,667440000,0
2025-08-20,1.621,1.634,1.615,1.634,334260000,517650000,0
2025-08-21,1.635,1.624,1.620,1.636,403090000,625540000,0
2025-08-22,1.631,1.634,1.629,1.638,407150000,634040000,0
2025-08-25,1.655,1.672,1.653,1.675,562600000,893830000,0
2025-08-26,1.661,1.657,1.656,1.668,256980000,407810000,0
2025-08-27,1.658,1.629,1.629,1.659,563430000,885570000,0
2025-08-28,1.621,1.617,1.604,1.622,505300000,777550000,0
2025-08-29,1.620,1.627,1.616,1.629,438840000,678790000,0
2025-09-01,1.645,1.648,1.642,1.652,411170000,646210000,0
2025-09-02,1.648,1.649,1.640,1.659,447030000,703560000,0
2025-09-03,1.655,1.632,1.630,1.661,426070000,667740000,0
2025-09-04,1.643,1.618,1.616,1.645,417120000,646240000,0
2025-09-05,1.623,1.641,1.620,1.641,349000000,542000000,0
2025-09-08,1.641,1.655,1.637,1.656,365730000,574340000,0
2025-09-09,1.659,1.668,1.656,1.678,401020000,638060000,0
2025-09-10,1.676,1.690,1.676,1.695,415610000,670360000,0
2025-09-11,1.674,1.691,1.669,1.693,396400000,635940000,0
2025-09-12,1.712,1.700,1.700,1.714,417250000,680580000,0
2025-09-15,1.700,1.704,1.697,1.714,368010000,600030000,0
2025-09-16,1.710,1.710,1.699,1.716,491570000,801710000,0
2025-09-17,1.711,1.735,1.710,1.736,384820000,633930000,0
2025-09-18,1.734,1.707,1.700,1.746,692240000,1144130000,0
2025-09-19,1.707,1.709,1.705,1.719,409910000,670560000,0
2025-09-22,1.705,1.702,1.695,1.711,377400000,613380000,0
2025-09-23,1.706,1.689,1.681,1.708,388050000,627080000,0
2025-09-24,1.685,1.716,1.683,1.716,374620000,608960000,0
2025-09-25,1.716,1.709,1.708,1.720,383450000,628250000,0
2025-09-26,1.694,1.700,1.694,1.708,330660000,537570000,0
2025-09-29,1.702,1.722,1.702,1.722,338360000,553610000,0
2025-09-30,1.723,1.734,1.717,1.734,456450000,752590000,0
2025-10-09,1.736,1.727,1.715,1.740,607030000,1003400000,0
2025-10-10,1.714,1.698,1.696,1.715,386110000,629790000,0
2025-10-13,1.658,1.665,1.645,1.675,668160000,1060390000,0
2025-10-14,1.676,1.649,1.643,1.687,645140000,1026640000,0
2025-10-15,1.665,1.677,1.658,1.678,418370000,666050000,0
2025-10-16,1.673,1.672,1.664,1.684,338960000,541390000,0
2025-10-17,1.671,1.640,1.639,1.673,409080000,645820000,0
2025-10-20,1.671,1.673,1.665,1.677,409560000,653120000,0
2025-10-21,1.691,1.692,1.687,1.704,296300000,479930000,0
2025-10-22,1.676,1.669,1.663,1.679,370310000,590440000,0
2025-10-23,1.663,1.682,1.658,1.687,557110000,886920000,0
2025-10-24,1.692,1.692,1.686,1.697,332480000,536840000,0
2025-10-27,1.709,1.706,1.701,1.712,290180000,472860000,0
2025-10-28,1.709,1.695,1.694,1.711,500080000,812670000,0
2025-10-29,1.703,1.715,1.702,1.715,170870000,278800000,0
2025-10-30,1.713,1.690,1.687,1.714,531340000,863530000,0
2025-10-31,1.692,1.679,1.679,1.696,302820000,488070000,0
2025-11-03,1.680,1.694,1.677,1.694,374070000,602110000,0
2025-11-04,1.691,1.682,1.677,1.700,327330000,528320000,0
2025-11-05,1.664,1.676,1.653,1.681,375580000,597820000,0
2025-11-06,1.685,1.707,1.684,1.707,334440000,542350000,0
2025-11-07,1.701,1.694,1.692,1.702,379560000,614980000,0
2025-11-10,1.700,1.718,1.699,1.721,370950000,605740000,0
2025-11-11,1.727,1.719,1.712,1.730,308950000,507940000,0
2025-11-12,1.724,1.737,1.724,1.743,348220000,577300000,0
2025-11-13,1.732,1.749,1.725,1.751,374890000,621140000,0
2025-11-14,1.719,1.715,1.714,1.731,370520000,609510000,0
2025-11-17,1.705,1.701,1.694,1.711,673040000,1094450000,0
2025-11-18,1.692,1.669,1.667,1.695,588910000,943960000,0
2025-11-19,1.673,1.666,1.660,1.677,350710000,558580000,0
2025-11-20,1.679,1.663,1.659,1.681,406950000,648440000,0
2025-11-21,1.642,1.635,1.627,1.646,483660000,755510000,0
2025-11-24,1.644,1.655,1.638,1.662,378270000,595360000,0
2025-11-25,1.671,1.664,1.661,1.678,468800000,747510000,0
2025-11-26,1.677,1.672,1.668,1.681,282920000,452260000,0
2025-11-27,1.670,1.666,1.660,1.679,367710000,586550000,0
2025-11-28,1.670,1.664,1.660,1.672,248380000,394660000,0
2025-12-01,1.664,1.672,1.664,1.680,295730000,471650000,0
2025-12-02,1.681,1.674,1.669,1.686,361310000,578790000,0
2025-12-03,1.669,1.656,1.653,1.670,244380000,387450000,0
2025-12-04,1.659,1.665,1.651,1.665,254520000,402970000,0
2025-12-05,1.661,1.681,1.658,1.681,291490000,464030000,0
2025-12-08,1.680,1.662,1.661,1.683,460480000,733030000,0
2025-12-09,1.661,1.640,1.637,1.662,299960000,471360000,0
2025-12-10,1.641,1.639,1.627,1.642,347990000,542010000,0
2025-12-11,1.653,1.642,1.639,1.659,387610000,609380000,0
2025-12-12,1.655,1.665,1.651,1.669,332530000,526810000,0
2025-12-15,1.651,1.645,1.645,1.656,253560000,399380000,0
2025-12-16,1.637,1.619,1.612,1.639,289170000,446700000,0
2025-12-17,1.619,1.632,1.616,1.636,262670000,407070000,0
2025-12-18,1.623,1.629,1.621,1.636,239120000,371180000,0
2025-12-19,1.640,1.646,1.637,1.648,278750000,436900000,0
2025-12-22,1.654,1.648,1.645,1.656,218190000,343430000,0
2025-12-23,1.657,1.649,1.646,1.660,317410000,500980000,0
2025-12-24,1.649,1.648,1.647,1.655,357680000,563440000,0
2025-12-25,1.648,1.650,1.647,1.651,72810000,114530000,0
2025-12-26,1.650,1.657,1.649,1.658,118420000,186870000,0
2025-12-29,1.657,1.640,1.637,1.664,457250000,721300000,0
2025-12-30,1.636,1.648,1.633,1.649,330130000,516660000,0
2025-12-31,1.642,1.629,1.628,1.642,168330000,261950000,0
2026-01-05,1.664,1.672,1.658,1.675,478630000,762780000,0
2026-01-06,1.681,1.696,1.680,1.699,310040000,501060000,0
2026-01-07,1.689,1.677,1.671,1.691,279550000,448110000,0
2026-01-08,1.671,1.656,1.650,1.672,284860000,451030000,0
2026-01-09,1.660,1.664,1.656,1.667,325100000,515500000,0
2026-01-12,1.670,1.681,1.659,1.684,349200000,557140000,0
2026-01-13,1.702,1.691,1.690,1.716,325140000,528970000,0
2026-01-14,1.701,1.704,1.693,1.712,458210000,745540000,0
2026-01-15,1.701,1.699,1.694,1.718,403110000,655580000,0
2026-01-16,1.709,1.689,1.688,1.715,442240000,716790000,0
2026-01-19,1.681,1.676,1.674,1.686,299220000,479660000,0
2026-01-20,1.672,1.672,1.664,1.681,432620000,691390000,0
2026-01-21,1.667,1.674,1.667,1.677,364290000,581310000,0
2026-01-22,1.685,1.677,1.672,1.688,354400000,568110000,0
2026-01-23,1.694,1.685,1.683,1.697,233490000,376780000,0
2026-01-26,1.689,1.686,1.678,1.696,282640000,454740000,0
2026-01-27,1.692,1.709,1.690,1.713,467420000,760220000,0
2026-01-28,1.720,1.752,1.715,1.752,475020000,788680000,0
2026-01-29,1.743,1.761,1.738,1.767,569610000,956240000,0
2026-01-30,1.748,1.723,1.720,1.755,479840000,793850000,0
2026-02-02,1.701,1.672,1.669,1.706,598890000,964420000,0
2026-02-03,1.695,1.687,1.660,1.702,573940000,921730000,0
2026-02-04,1.676,1.690,1.669,1.693,408260000,655670000,0
2026-02-05,1.673,1.683,1.661,1.685,491870000,784690000,0
2026-02-06,1.658,1.668,1.652,1.678,464990000,738970000,0
2026-02-09,1.693,1.696,1.686,1.699,491570000,794400000,0
2026-02-10,1.703,1.698,1.695,1.712,358480000,582780000,0
2026-02-11,1.701,1.705,1.698,1.708,296500000,482540000,0
2026-02-12,1.700,1.686,1.683,1.702,329750000,532250000,0
2026-02-13,1.666,1.662,1.655,1.674,464130000,736080000,0
2026-02-24,1.676,1.657,1.654,1.677,340840000,540400000,0
2026-02-25,1.664,1.661,1.658,1.671,356210000,565370000,0
2026-02-26,1.678,1.648,1.642,1.679,347680000,549380000,0
2026-02-27,1.643,1.656,1.640,1.656,289660000,455470000,0
2026-03-02,1.640,1.626,1.612,1.642,513290000,795720000,0
2026-03-03,1.631,1.614,1.610,1.633,503630000,777930000,0
2026-03-04,1.600,1.576,1.568,1.601,724900000,1091850000,0
2026-03-05,1.595,1.584,1.578,1.605,553280000,839160000,0
2026-03-06,1.582,1.610,1.582,1.614,398440000,607550000,0
2026-03-09,1.575,1.586,1.564,1.590,554100000,831440000,0
2026-03-10,1.605,1.610,1.596,1.614,557800000,854130000,0
2026-03-11,1.620,1.610,1.609,1.625,391640000,603300000,0
2026-03-12,1.602,1.602,1.594,1.616,356870000,544830000,0
2026-03-13,1.596,1.593,1.591,1.604,326920000,497390000,0
2026-03-16,1.593,1.619,1.586,1.619,281140000,429360000,0
2026-03-17,1.621,1.614,1.614,1.636,316060000,489440000,0
2026-03-18,1.616,1.623,1.609,1.626,268520000,413680000,0
2026-03-19,1.597,1.595,1.593,1.608,297950000,453990000,0
2026-03-20,1.589,1.575,1.575,1.597,333100000,503180000,0
2026-03-23,1.556,1.524,1.521,1.556,476790000,696570000,0
2026-03-24,1.544,1.562,1.537,1.562,393550000,579360000,0
2026-03-25,1.579,1.577,1.567,1.588,457850000,687690000,0
2026-03-26,1.579,1.561,1.558,1.583,257960000,384980000,0
2026-03-27,1.557,1.569,1.553,1.574,333480000,496060000,0
2026-03-30,1.548,1.554,1.536,1.558,343520000,505160000,0
2026-03-31,1.559,1.554,1.544,1.567,261420000,386520000,0
2026-04-01,1.584,1.582,1.576,1.592,280950000,423060000,0
2026-04-02,1.575,1.563,1.559,1.576,262070000,390620000,0
2026-04-03,1.568,1.565,1.560,1.576,135140000,201720000,0
2026-04-07,1.567,1.567,1.566,1.576,72700000,108760000,0
2026-04-08,1.604,1.607,1.596,1.609,442100000,675080000,0
2026-04-09,1.598,1.601,1.595,1.606,162540000,247810000,0
2026-04-10,1.606,1.607,1.605,1.618,248520000,381470000,0
2026-04-13,1.598,1.592,1.587,1.598,178870000,271030000,0
2026-04-14,1.606,1.605,1.594,1.611,220970000,337460000,0
2026-04-15,1.619,1.611,1.609,1.623,219850000,338400000,0
2026-04-16,1.617,1.632,1.617,1.634,167590000,259680000,0
2026-04-17,1.625,1.619,1.617,1.629,149420000,230930000,0
2026-04-20,1.621,1.633,1.620,1.635,249340000,387400000,0
2026-04-21,1.633,1.637,1.631,1.641,156020000,243270000,0
2026-04-22,1.630,1.625,1.619,1.631,154270000,238600000,0
2026-04-23,1.621,1.610,1.606,1.621,200550000,307910000,0
2026-04-24,1.602,1.611,1.594,1.614,221780000,339220000,0
2026-04-27,1.609,1.604,1.601,1.616,223770000,342770000,0
2026-04-28,1.598,1.591,1.588,1.603,209950000,319050000,0
2026-04-29,1.598,1.612,1.597,1.616,189730000,290740000,0
2026-04-30,1.611,1.603,1.597,1.614,233430000,356480000,0
2026-05-06,1.611,1.620,1.603,1.621,220380000,338970000,0
2026-05-07,1.635,1.641,1.635,1.643,264210000,413180000,0
2026-05-08,1.629,1.630,1.621,1.631,254730000,394560000,0
2026-05-11,1.624,1.629,1.617,1.629,306980000,474530000,0
2026-05-12,1.631,1.625,1.622,1.638,318830000,495490000,0
2026-05-13,1.624,1.624,1.616,1.630,268370000,414890000,0
2026-05-14,1.648,1.624,1.624,1.652,287640000,449260000,0
2026-05-15,1.623,1.603,1.599,1.625,325950000,500390000,0
2026-05-18,1.597,1.585,1.581,1.598,241960000,365630000,0
2026-05-19,1.585,1.596,1.585,1.596,229790000,348240000,0
2026-05-20,1.589,1.587,1.582,1.592,215800000,325900000,0
2026-05-21,1.597,1.572,1.571,1.599,204590000,309090000,0
2026-05-22,1.584,1.584,1.577,1.591,191140000,288190000,0
2026-05-25,1.581,1.580,1.579,1.585,76400000,114970000,0
2026-05-26,1.578,1.583,1.570,1.589,233340000,351330000,0
2026-05-27,1.581,1.561,1.560,1.582,201070000,300480000,0
2026-05-28,1.556,1.547,1.532,1.558,232070000,339910000,0
2026-05-29,1.552,1.556,1.546,1.561,301460000,445680000,0
2026-06-01,1.553,1.568,1.551,1.571,390360000,580330000,0
2026-06-02,1.564,1.595,1.564,1.598,302970000,456940000,0
2026-06-03,1.594,1.581,1.577,1.597,211410000,318720000,0
2026-06-04,1.572,1.561,1.556,1.576,192480000,286190000,0
2026-06-05,1.555,1.547,1.543,1.560,199480000,294400000,0
2026-06-08,1.526,1.523,1.518,1.539,213010000,308810000,0
2026-06-09,1.523,1.529,1.515,1.531,212890000,308410000,0
2026-06-10,1.515,1.514,1.503,1.518,310050000,444600000,0
2026-06-11,1.512,1.500,1.492,1.521,254480000,363140000,0
2026-06-12,1.516,1.522,1.512,1.532,218670000,316560000,0
2026-06-15,1.541,1.537,1.534,1.547,174770000,255820000,0
2026-06-16,1.533,1.512,1.512,1.537,174710000,252350000,0
2026-06-17,1.515,1.506,1.503,1.521,165270000,237310000,0
2026-06-18,1.497,1.477,1.475,1.501,266590000,375880000,0
2026-06-22,1.475,1.483,1.459,1.483,341700000,477230000,0
2026-06-23,1.481,1.450,1.448,1.481,283910000,394580000,0
2026-06-24,1.457,1.463,1.452,1.469,243900000,337660000,0
2026-06-25,1.459,1.437,1.437,1.460,270110000,369550000,0
2026-06-26,1.428,1.416,1.408,1.432,214200000,287330000,0
2026-06-29,1.424,1.438,1.423,1.445,295560000,401430000,0
2026-06-30,1.431,1.423,1.415,1.439,256740000,346090000,0
2026-07-01,1.425,1.427,1.422,1.429,116330000,157030000,0
2026-07-02,1.435,1.436,1.433,1.457,308110000,421860000,0
2026-07-03,1.448,1.456,1.447,1.466,524220000,722740000,0
2026-07-06,1.457,1.468,1.447,1.477,339680000,472100000,0
2026-07-07,1.467,1.468,1.463,1.485,285470000,399200000,0
2026-07-08,1.470,1.508,1.470,1.517,376460000,535570000,0
2026-07-09,1.511,1.501,1.494,1.519,338730000,484650000,0
2026-07-10,1.509,1.511,1.500,1.524,339160000,487660000,0
2026-07-13,1.504,1.509,1.501,1.523,432860000,622470000,0
2026-07-14,1.506,1.527,1.493,1.533,847120000,1221480000,0
2026-07-15,1.537,1.544,1.528,1.547,347480000,508520000,0
2026-07-16,1.554,1.560,1.554,1.573,416850000,619960000,0
2026-07-17,1.554,1.528,1.518,1.570,357280000,522160000,0
2026-07-20,1.545,1.566,1.539,1.567,398750000,591490000,0
2026-07-21,1.579,1.568,1.558,1.579,388520000,579130000,0
2026-07-22,1.560,1.550,1.547,1.561,297440000,439590000,0
2026-07-23,1.552,1.570,1.548,1.571,244370000,363460000,0
2026-07-24,1.554,1.544,1.543,1.559,281390000,415070000,0
2026-07-27,1.549,1.568,1.548,1.568,238770000,354300000,0
2026-07-28,1.569,1.572,1.558,1.579,323400000,482600000,0
2026-07-29,1.588,1.603,1.583,1.603,294980000,448200000,0
2026-07-30,1.608,1.608,1.595,1.614,276960000,423030000,0
2026-07-31,1.608,1.598,1.592,1.608,419770000,639250000,0
2026-08-03,1.604,1.611,1.600,1.618,289300000,443180000,0
2026-08-04,1.613,1.602,1.599,1.623,262100000,401120000,0
2026-08-05,1.600,1.604,1.594,1.609,322400000,491850000,0
2026-08-06,1.589,1.574,1.573,1.590,295380000,443470000,0
2026-08-07,1.577,1.581,1.571,1.582,811870000,1220240000,0
2026-08-10,1.590,1.595,1.586,1.598,348810000,529430000,0
2026-08-11,1.600,1.585,1.583,1.608,226720000,344410000,0
2026-08-12,1.573,1.570,1.564,1.574,174360000,260150000,0
2026-08-13,1.560,1.568,1.557,1.577,174740000,260960000,0
2026-08-14,1.559,1.555,1.553,1.564,155660000,230550000,0
2026-08-17,1.564,1.577,1.562,1.579,177590000,265670000,0
2026-08-18,1.567,1.576,1.561,1.576,160750000,239810000,0
2026-08-19,1.564,1.574,1.563,1.578,125240000,187330000,0
2026-08-20,1.587,1.592,1.580,1.593,198680000,300190000,0
2026-08-21,1.590,1.600,1.589,1.600,129320000,196410000,0
2026-08-24,1.589,1.575,1.570,1.592,171850000,257920000,0
2026-08-25,1.580,1.574,1.569,1.583,132010000,197800000,0
2026-08-26,1.579,1.586,1.579,1.591,144440000,218060000,0
2026-08-27,1.588,1.579,1.574,1.589,157890000,237190000,0
2026-08-28,1.569,1.579,1.566,1.585,167640000,251930000,0
2026-08-31,1.567,1.572,1.561,1.575,286820000,427980000,0
2026-09-01,1.567,1.565,1.558,1.571,158780000,236240000,0
2026-09-02,1.559,1.559,1.545,1.563,138870000,205220000,0
2026-09-03,1.570,1.557,1.555,1.576,169380000,252320000,0
2026-09-04,1.576,1.585,1.573,1.591,220310000,332520000,0
2026-09-07,1.583,1.571,1.566,1.584,157400000,235310000,0
2026-09-08,1.559,1.562,1.556,1.566,141600000,210140000,0
2026-09-09,1.561,1.557,1.551,1.561,103340000,153070000,0
2026-09-10,1.545,1.542,1.538,1.545,143230000,209830000,0
2026-09-11,1.528,1.533,1.519,1.535,159150000,230820000,0
2026-09-14,1.527,1.538,1.524,1.540,106950000,155700000,0
2026-09-15,1.538,1.528,1.527,1.538,104130000,151680000,0
2026-09-16,1.532,1.527,1.520,1.533,93290000,135170000,0
2026-09-17,1.514,1.517,1.506,1.520,136700000,196490000,0
2026-09-18,1.525,1.528,1.523,1.533,115070000,167190000,0
2026-09-21,1.524,1.538,1.523,1.539,112270000,163600000,0
2026-09-22,1.549,1.549,1.543,1.556,182890000,269310000,0
2026-09-23,1.548,1.536,1.534,1.548,134730000,196890000,0
2026-09-24,1.527,1.529,1.525,1.534,125140000,181990000,0
2026-09-28,1.520,1.528,1.520,1.533,131990000,191610000,0
2026-09-29,1.524,1.520,1.512,1.525,170750000,246120000,0
2026-09-30,1.510,1.521,1.505,1.521,105500000,151750000,0
