date,open,high,low,close,volume,amount,turnover
2017-01-03,1.882,1.881,1.876,1.890,56910000,107180000,0
2017-01-04,1.882,1.907,1.876,1.909,126840000,240600000,0
2017-01-05,1.904,1.901,1.897,1.908,80880000,153890000,0
2017-01-06,1.897,1.886,1.880,1.897,63730000,120220000,0
2017-01-09,1.883,1.878,1.869,1.889,45550000,85540000,0
2017-01-10,1.877,1.869,1.868,1.885,63720000,119620000,0
2017-01-11,1.863,1.857,1.853,1.877,97710000,181990000,0
2017-01-12,1.851,1.849,1.849,1.867,106480000,197740000,0
2017-01-13,1.849,1.820,1.816,1.854,110120000,202320000,0
2017-01-16,1.820,1.756,1.711,1.820,257160000,456940000,0
2017-01-17,1.748,1.787,1.730,1.797,290780000,514410000,0
2017-01-18,1.780,1.767,1.763,1.785,150590000,267400000,0
2017-01-19,1.765,1.768,1.756,1.775,116730000,206290000,0
2017-01-20,1.762,1.801,1.762,1.813,182150000,327810000,0
2017-01-23,1.798,1.807,1.797,1.818,62670000,113470000,0
2017-01-24,1.807,1.786,1.780,1.807,70810000,126820000,0
2017-01-25,1.780,1.794,1.777,1.798,47380000,84850000,0
2017-01-26,1.794,1.804,1.794,1.810,43080000,77770000,0
2017-02-03,1.806,1.802,1.794,1.809,41210000,74180000,0
2017-02-06,1.799,1.820,1.796,1.825,92890000,168410000,0
2017-02-07,1.816,1.807,1.803,1.822,71350000,129210000,0
2017-02-08,1.806,1.822,1.803,1.825,91900000,166640000,0
2017-02-09,1.822,1.833,1.821,1.840,104990000,192280000,0
2017-02-10,1.833,1.824,1.821,1.835,70250000,128300000,0
2017-02-13,1.820,1.833,1.815,1.842,93870000,171800000,0
2017-02-14,1.831,1.827,1.826,1.839,89700000,164410000,0
2017-02-15,1.828,1.812,1.810,1.842,65990000,120530000,0
2017-02-16,1.808,1.817,1.807,1.822,67680000,122860000,0
2017-02-17,1.817,1.801,1.800,1.826,84720000,153460000,0
2017-02-20,1.804,1.817,1.798,1.817,98990000,179040000,0
2017-02-21,1.817,1.842,1.815,1.845,115300000,211400000,0
2017-02-22,1.844,1.838,1.830,1.845,102130000,187730000,0
2017-02-23,1.838,1.848,1.825,1.848,111340000,204380000,0
2017-02-24,1.846,1.859,1.841,1.859,104410000,193380000,0
2017-02-27,1.859,1.847,1.841,1.864,87970000,163120000,0
2017-02-28,1.847,1.846,1.836,1.850,86510000,159420000,0
2017-03-01,1.842,1.850,1.842,1.860,87190000,161550000,0
2017-03-02,1.851,1.841,1.840,1.856,54700000,101020000,0
2017-03-03,1.836,1.849,1.829,1.852,73710000,135740000,0
2017-03-06,1.848,1.883,1.847,1.884,146410000,274470000,0
2017-03-07,1.885,1.895,1.875,1.896,108800000,205400000,0
2017-03-08,1.895,1.884,1.879,1.895,77970000,147010000,0
2017-03-09,1.877,1.869,1.867,1.881,84950000,159150000,0
2017-03-10,1.868,1.868,1.863,1.876,59050000,110400000,0
2017-03-13,1.864,1.890,1.857,1.890,121580000,228170000,0
2017-03-14,1.888,1.875,1.868,1.888,112480000,211170000,0
2017-03-15,1.871,1.876,1.863,1.882,77190000,144640000,0
2017-03-16,1.875,1.882,1.875,1.886,72200000,135880000,0
2017-03-17,1.883,1.862,1.862,1.900,111710000,210590000,0
2017-03-20,1.863,1.870,1.856,1.871,89270000,166420000,0
2017-03-21,1.869,1.879,1.866,1.879,51570000,96560000,0
2017-03-22,1.870,1.864,1.858,1.879,152980000,285380000,0
2017-03-23,1.866,1.865,1.850,1.879,173110000,322410000,0
2017-03-24,1.865,1.882,1.863,1.884,72560000,136130000,0
2017-03-27,1.878,1.864,1.863,1.885,66550000,124460000,0
2017-03-28,1.863,1.863,1.859,1.871,41870000,78070000,0
2017-03-29,1.865,1.845,1.844,1.869,100760000,186920000,0
2017-03-30,1.841,1.813,1.811,1.845,147410000,269190000,0
2017-03-31,1.814,1.826,1.814,1.827,90150000,164250000,0
2017-04-05,1.831,1.861,1.831,1.861,66560000,123160000,0
2017-04-06,1.863,1.859,1.855,1.869,50150000,93350000,0
2017-04-07,1.859,1.865,1.852,1.871,54120000,100830000,0
2017-04-10,1.865,1.832,1.828,1.865,47700000,87850000,0
2017-04-11,1.829,1.836,1.810,1.840,112790000,205780000,0
2017-04-12,1.832,1.819,1.815,1.834,57700000,105360000,0
2017-04-13,1.819,1.835,1.814,1.840,68770000,126040000,0
2017-04-14,1.829,1.810,1.808,1.834,86270000,156650000,0
2017-04-17,1.806,1.790,1.785,1.809,129960000,233570000,0
2017-04-18,1.790,1.772,1.770,1.799,83240000,148670000,0
2017-04-19,1.767,1.763,1.738,1.770,150090000,262950000,0
2017-04-20,1.765,1.770,1.758,1.778,100360000,177610000,0
2017-04-21,1.770,1.761,1.756,1.784,88030000,156020000,0
2017-04-24,1.759,1.737,1.723,1.759,132420000,229850000,0
2017-04-25,1.736,1.742,1.732,1.755,79240000,138260000,0
2017-04-26,1.740,1.743,1.734,1.747,36360000,63330000,0
2017-04-27,1.739,1.764,1.721,1.774,150260000,262130000,0
2017-04-28,1.760,1.777,1.758,1.779,86700000,153510000,0
2017-05-02,1.775,1.773,1.766,1.778,50130000,88860000,0
2017-05-03,1.767,1.763,1.755,1.778,51130000,90250000,0
2017-05-04,1.761,1.769,1.753,1.781,108460000,191760000,0
2017-05-05,1.760,1.743,1.743,1.765,155390000,272700000,0
2017-05-08,1.735,1.716,1.715,1.750,172900000,299630000,0
2017-05-09,1.709,1.726,1.699,1.730,217150000,371760000,0
2017-05-10,1.725,1.700,1.699,1.740,239350000,412450000,0
2017-05-11,1.690,1.696,1.657,1.698,334860000,562540000,0
2017-05-12,1.692,1.698,1.677,1.700,163610000,276100000,0
2017-05-15,1.701,1.704,1.698,1.713,89590000,152810000,0
2017-05-16,1.698,1.741,1.690,1.741,179440000,308030000,0
2017-05-17,1.740,1.743,1.737,1.759,172880000,301860000,0
2017-05-18,1.734,1.738,1.731,1.752,131520000,229010000,0
2017-05-19,1.737,1.725,1.719,1.739,98250000,169700000,0
2017-05-22,1.723,1.711,1.702,1.738,128840000,221530000,0
2017-05-23,1.706,1.681,1.681,1.714,204940000,347520000,0
2017-05-24,1.676,1.703,1.658,1.703,287080000,483390000,0
2017-05-25,1.698,1.703,1.671,1.713,405810000,687750000,0
2017-05-26,1.696,1.689,1.684,1.705,265580000,450180000,0
2017-05-31,1.719,1.692,1.692,1.719,318900000,542540000,0
2017-06-01,1.687,1.661,1.660,1.688,166340000,278950000,0
2017-06-02,1.652,1.678,1.643,1.687,350770000,583780000,0
2017-06-05,1.681,1.689,1.680,1.699,220710000,373020000,0
2017-06-06,1.686,1.692,1.684,1.702,131400000,222530000,0
2017-06-07,1.692,1.730,1.689,1.733,314670000,539650000,0
2017-06-08,1.728,1.722,1.718,1.733,168920000,291310000,0
2017-06-09,1.718,1.725,1.710,1.726,166270000,285610000,0
2017-06-12,1.715,1.702,1.700,1.718,160870000,274790000,0
2017-06-13,1.702,1.723,1.699,1.728,218080000,374840000,0
2017-06-14,1.721,1.720,1.713,1.726,133310000,229310000,0
2017-06-15,1.719,1.744,1.717,1.753,335240000,583860000,0
2017-06-16,1.744,1.739,1.736,1.747,131850000,229590000,0
2017-06-19,1.737,1.746,1.736,1.747,113780000,198190000,0
2017-06-20,1.747,1.748,1.745,1.763,181570000,318720000,0
2017-06-21,1.756,1.753,1.737,1.758,111190000,194310000,0
2017-06-22,1.752,1.725,1.721,1.758,106760000,186180000,0
2017-06-23,1.724,1.737,1.706,1.737,186120000,320080000,0
2017-06-26,1.734,1.749,1.725,1.750,147630000,256700000,0
2017-06-27,1.749,1.746,1.743,1.758,132440000,231860000,0
2017-06-28,1.743,1.734,1.730,1.745,109380000,189810000,0
2017-06-29,1.733,1.742,1.731,1.751,106700000,185840000,0
2017-06-30,1.737,1.748,1.731,1.748,118410000,205920000,0
2017-07-03,1.747,1.764,1.743,1.764,161460000,283420000,0
2017-07-04,1.764,1.755,1.749,1.764,112040000,196660000,0
2017-07-05,1.753,1.761,1.745,1.763,109470000,192010000,0
2017-07-06,1.760,1.753,1.743,1.766,133570000,234490000,0
2017-07-07,1.747,1.750,1.743,1.752,71700000,125280000,0
2017-07-10,1.745,1.716,1.715,1.745,153870000,265980000,0
2017-07-11,1.712,1.696,1.696,1.719,146190000,249620000,0
2017-07-12,1.694,1.697,1.678,1.703,189190000,319580000,0
2017-07-13,1.693,1.686,1.680,1.696,120710000,203910000,0
2017-07-14,1.680,1.662,1.661,1.682,196400000,328170000,0
2017-07-17,1.647,1.570,1.569,1.648,356190000,571620000,0
2017-07-18,1.561,1.579,1.554,1.589,221330000,348120000,0
2017-07-19,1.573,1.593,1.561,1.595,162810000,257040000,0
2017-07-20,1.590,1.590,1.587,1.617,162070000,260000000,0
2017-07-21,1.588,1.591,1.586,1.602,74720000,119210000,0
2017-07-24,1.589,1.599,1.582,1.602,94650000,150680000,0
2017-07-25,1.598,1.599,1.590,1.606,73580000,117550000,0
2017-07-26,1.597,1.588,1.586,1.600,73530000,117110000,0
2017-07-27,1.588,1.665,1.584,1.665,295900000,483580000,0
2017-07-28,1.659,1.647,1.643,1.662,192430000,317980000,0
2017-07-31,1.645,1.652,1.636,1.654,101130000,166420000,0
2017-08-01,1.651,1.650,1.639,1.654,119030000,196060000,0
2017-08-02,1.650,1.638,1.638,1.658,137170000,226190000,0
2017-08-03,1.634,1.651,1.630,1.672,199830000,330630000,0
2017-08-04,1.648,1.636,1.635,1.650,103180000,169460000,0
2017-08-07,1.636,1.651,1.635,1.660,107090000,176890000,0
2017-08-08,1.652,1.678,1.646,1.679,219930000,366490000,0
2017-08-09,1.677,1.675,1.668,1.688,139230000,233620000,0
2017-08-10,1.674,1.669,1.661,1.690,110890000,185780000,0
2017-08-11,1.661,1.659,1.656,1.678,171890000,286720000,0
2017-08-14,1.664,1.702,1.662,1.702,236430000,399550000,0
2017-08-15,1.704,1.706,1.695,1.710,149700000,254990000,0
2017-08-16,1.704,1.735,1.701,1.745,192410000,332350000,0
2017-08-17,1.728,1.746,1.725,1.753,253650000,441650000,0
2017-08-18,1.738,1.733,1.728,1.746,141790000,246230000,0
2017-08-21,1.737,1.737,1.728,1.743,126470000,219420000,0
2017-08-22,1.737,1.726,1.720,1.742,116240000,201040000,0
2017-08-23,1.722,1.717,1.714,1.732,123090000,211830000,0
2017-08-24,1.716,1.705,1.705,1.726,127980000,219380000,0
2017-08-25,1.702,1.723,1.702,1.729,145460000,250140000,0
2017-08-28,1.729,1.755,1.727,1.772,240290000,422240000,0
2017-08-29,1.753,1.743,1.743,1.766,153500000,269170000,0
2017-08-30,1.745,1.756,1.743,1.768,161370000,283470000,0
2017-08-31,1.758,1.765,1.755,1.767,134370000,236760000,0
2017-09-01,1.768,1.776,1.755,1.780,175340000,309890000,0
2017-09-04,1.773,1.796,1.769,1.799,145580000,260340000,0
2017-09-05,1.795,1.796,1.785,1.804,139420000,250350000,0
2017-09-06,1.792,1.813,1.790,1.814,161190000,290330000,0
2017-09-07,1.813,1.800,1.797,1.828,163240000,296340000,0
2017-09-08,1.797,1.791,1.783,1.807,139860000,251030000,0
2017-09-11,1.790,1.807,1.788,1.807,102310000,184130000,0
2017-09-12,1.811,1.793,1.792,1.815,122250000,220490000,0
2017-09-13,1.792,1.797,1.784,1.798,97220000,174210000,0
2017-09-14,1.797,1.787,1.783,1.803,83900000,150420000,0
2017-09-15,1.785,1.782,1.780,1.792,89550000,159880000,0
2017-09-18,1.782,1.808,1.780,1.808,114140000,205060000,0
2017-09-19,1.807,1.790,1.785,1.811,115080000,207100000,0
2017-09-20,1.788,1.801,1.786,1.803,76200000,136800000,0
2017-09-21,1.802,1.780,1.780,1.808,76490000,137270000,0
2017-09-22,1.775,1.773,1.762,1.780,107920000,191300000,0
2017-09-25,1.770,1.750,1.748,1.778,80720000,142400000,0
2017-09-26,1.749,1.746,1.734,1.758,96640000,168630000,0
2017-09-27,1.750,1.757,1.748,1.766,81580000,143260000,0
2017-09-28,1.758,1.761,1.757,1.771,73050000,128800000,0
2017-09-29,1.764,1.780,1.764,1.780,57050000,101190000,0
2017-10-09,1.797,1.800,1.790,1.810,90260000,162210000,0
2017-10-10,1.798,1.828,1.797,1.828,128350000,232830000,0
2017-10-11,1.830,1.814,1.811,1.835,114770000,208920000,0
2017-10-12,1.812,1.811,1.799,1.819,78570000,142220000,0
2017-10-13,1.811,1.840,1.806,1.840,118860000,216940000,0
2017-10-16,1.840,1.796,1.795,1.840,219490000,396810000,0
2017-10-17,1.791,1.786,1.781,1.798,92270000,164970000,0
2017-10-18,1.789,1.778,1.778,1.800,84610000,151660000,0
2017-10-19,1.777,1.775,1.767,1.787,86000000,152930000,0
2017-10-20,1.773,1.794,1.771,1.795,71230000,126970000,0
2017-10-23,1.791,1.806,1.788,1.812,120420000,217030000,0
2017-10-24,1.805,1.812,1.791,1.812,75080000,135100000,0
2017-10-25,1.808,1.818,1.802,1.822,77530000,140640000,0
2017-10-26,1.819,1.823,1.808,1.826,94730000,172370000,0
2017-10-27,1.821,1.801,1.801,1.822,70850000,128280000,0
2017-10-30,1.801,1.764,1.759,1.807,157910000,280050000,0
2017-10-31,1.764,1.773,1.762,1.778,89870000,159140000,0
2017-11-01,1.773,1.769,1.768,1.781,92930000,164910000,0
2017-11-02,1.766,1.745,1.745,1.767,84460000,148270000,0
2017-11-03,1.742,1.732,1.726,1.757,134120000,233260000,0
2017-11-06,1.732,1.754,1.719,1.754,77040000,133760000,0
2017-11-07,1.753,1.760,1.742,1.760,71640000,125320000,0
2017-11-08,1.758,1.765,1.755,1.783,103870000,183710000,0
2017-11-09,1.764,1.779,1.755,1.783,68350000,121050000,0
2017-11-10,1.778,1.800,1.775,1.800,101990000,182890000,0
2017-11-13,1.799,1.799,1.794,1.807,62900000,113190000,0
2017-11-14,1.800,1.788,1.781,1.808,83960000,150860000,0
2017-11-15,1.786,1.758,1.755,1.789,89610000,158320000,0
2017-11-16,1.756,1.765,1.751,1.771,90710000,159810000,0
2017-11-17,1.762,1.723,1.722,1.771,144410000,251690000,0
2017-11-20,1.719,1.755,1.697,1.755,132600000,228150000,0
2017-11-21,1.747,1.750,1.737,1.759,108060000,188780000,0
2017-11-22,1.748,1.744,1.732,1.762,115200000,201260000,0
2017-11-23,1.737,1.692,1.691,1.740,135930000,232910000,0
2017-11-24,1.687,1.678,1.678,1.695,99770000,168380000,0
2017-11-27,1.671,1.660,1.657,1.692,106820000,178740000,0
2017-11-28,1.660,1.682,1.658,1.686,135680000,227010000,0
2017-11-29,1.682,1.674,1.661,1.684,78720000,131680000,0
2017-11-30,1.673,1.663,1.657,1.681,64830000,108240000,0
2017-12-01,1.665,1.687,1.662,1.695,146680000,247090000,0
2017-12-04,1.683,1.676,1.673,1.692,115620000,194700000,0
2017-12-05,1.674,1.644,1.632,1.679,120940000,199780000,0
2017-12-06,1.647,1.663,1.631,1.664,272510000,449960000,0
2017-12-07,1.662,1.656,1.654,1.673,132780000,220820000,0
2017-12-08,1.656,1.675,1.654,1.688,108860000,182350000,0
2017-12-11,1.682,1.698,1.678,1.698,117460000,198410000,0
2017-12-12,1.698,1.675,1.675,1.699,70800000,119600000,0
2017-12-13,1.679,1.691,1.670,1.692,78620000,132200000,0
2017-12-14,1.689,1.680,1.674,1.692,74140000,124570000,0
2017-12-15,1.681,1.673,1.666,1.684,95780000,160370000,0
2017-12-18,1.673,1.667,1.660,1.676,57000000,95000000,0
2017-12-19,1.668,1.683,1.668,1.688,122100000,205330000,0
2017-12-20,1.680,1.661,1.661,1.682,66800000,111650000,0
2017-12-21,1.659,1.668,1.647,1.680,87830000,146250000,0
2017-12-22,1.669,1.663,1.662,1.676,55880000,93270000,0
2017-12-25,1.662,1.642,1.634,1.663,103740000,170680000,0
2017-12-26,1.642,1.644,1.631,1.646,106700000,174890000,0
2017-12-27,1.644,1.630,1.626,1.647,87340000,143060000,0
2017-12-28,1.629,1.637,1.627,1.647,98460000,161250000,0
2017-12-29,1.638,1.644,1.632,1.644,93500000,153100000,0
2018-01-02,1.650,1.665,1.646,1.676,98310000,163060000,0
2018-01-03,1.666,1.689,1.663,1.693,191230000,321260000,0
2018-01-04,1.686,1.693,1.682,1.693,92560000,156330000,0
2018-01-05,1.693,1.696,1.691,1.700,89040000,151080000,0
2018-01-08,1.694,1.701,1.682,1.701,70610000,119460000,0
2018-01-09,1.699,1.699,1.694,1.702,57700000,97980000,0
2018-01-10,1.695,1.689,1.679,1.699,71580000,120750000,0
2018-01-11,1.686,1.701,1.675,1.707,146850000,248540000,0
2018-01-12,1.700,1.685,1.684,1.700,80490000,136130000,0
2018-01-15,1.680,1.634,1.630,1.681,198970000,328810000,0
2018-01-16,1.632,1.631,1.621,1.642,144110000,235120000,0
2018-01-17,1.628,1.639,1.601,1.647,328900000,534260000,0
2018-01-18,1.633,1.636,1.631,1.651,199400000,327300000,0
2018-01-19,1.640,1.630,1.629,1.648,183250000,299930000,0
2018-01-22,1.623,1.670,1.616,1.674,294820000,486760000,0
2018-01-23,1.668,1.667,1.661,1.676,204070000,340270000,0
2018-01-24,1.672,1.714,1.653,1.723,585030000,988020000,0
2018-01-25,1.714,1.708,1.705,1.751,704900000,1219090000,0
2018-01-26,1.708,1.720,1.705,1.733,358650000,617140000,0
2018-01-29,1.720,1.701,1.692,1.725,496580000,847220000,0
2018-01-30,1.698,1.687,1.681,1.709,404910000,685450000,0
2018-01-31,1.680,1.633,1.632,1.680,528170000,871480000,0
2018-02-01,1.634,1.603,1.602,1.647,562270000,913370000,0
2018-02-02,1.593,1.607,1.582,1.627,498830000,802210000,0
2018-02-05,1.586,1.594,1.582,1.601,326020000,518990000,0
2018-02-06,1.570,1.505,1.502,1.578,614880000,953690000,0
2018-02-07,1.539,1.523,1.480,1.543,633290000,963660000,0
2018-02-08,1.515,1.548,1.512,1.556,419540000,646890000,0
2018-02-09,1.510,1.502,1.482,1.535,580170000,877740000,0
2018-02-12,1.515,1.553,1.510,1.562,516790000,796550000,0
2018-02-13,1.561,1.557,1.547,1.574,320840000,500880000,0
2018-02-14,1.555,1.549,1.539,1.556,191300000,295940000,0
2018-02-22,1.563,1.580,1.554,1.581,303030000,476360000,0
2018-02-23,1.576,1.572,1.561,1.584,188050000,295670000,0
2018-02-26,1.585,1.630,1.575,1.633,517520000,831370000,0
2018-02-27,1.630,1.639,1.625,1.656,462850000,760270000,0
2018-02-28,1.628,1.651,1.622,1.672,419760000,693340000,0
2018-03-01,1.640,1.687,1.632,1.687,367860000,613350000,0
2018-03-02,1.680,1.669,1.664,1.699,451540000,758910000,0
2018-03-05,1.678,1.690,1.665,1.693,294980000,495290000,0
2018-03-06,1.693,1.693,1.685,1.705,337390000,572300000,0
2018-03-07,1.691,1.679,1.675,1.695,221730000,373420000,0
2018-03-08,1.679,1.686,1.674,1.692,227470000,382780000,0
2018-03-09,1.688,1.755,1.685,1.755,787840000,1364570000,0
2018-03-12,1.773,1.777,1.763,1.795,686710000,1220360000,0
2018-03-13,1.772,1.767,1.758,1.791,368590000,652900000,0
2018-03-14,1.761,1.741,1.735,1.767,446810000,782880000,0
2018-03-15,1.730,1.742,1.707,1.743,670150000,1156920000,0
2018-03-16,1.740,1.716,1.715,1.750,429850000,746400000,0
2018-03-19,1.712,1.736,1.711,1.754,414510000,719170000,0
2018-03-20,1.721,1.760,1.719,1.762,531450000,926040000,0
2018-03-21,1.760,1.720,1.718,1.768,414260000,724970000,0
2018-03-22,1.726,1.711,1.710,1.735,365850000,629650000,0
2018-03-23,1.666,1.622,1.610,1.688,1143220000,1890950000,0
2018-03-26,1.609,1.673,1.595,1.679,832860000,1365100000,0
2018-03-27,1.690,1.738,1.686,1.740,848700000,1457090000,0
2018-03-28,1.717,1.730,1.714,1.748,682960000,1185120000,0
2018-03-29,1.736,1.739,1.719,1.750,424300000,736140000,0
2018-03-30,1.744,1.791,1.739,1.791,855270000,1512740000,0
2018-04-02,1.805,1.788,1.781,1.810,730250000,1311750000,0
2018-04-03,1.765,1.764,1.744,1.778,697130000,1229550000,0
2018-04-04,1.773,1.732,1.732,1.779,526930000,924710000,0
2018-04-09,1.732,1.737,1.716,1.757,559980000,973560000,0
2018-04-10,1.733,1.732,1.710,1.738,578310000,995630000,0
2018-04-11,1.737,1.729,1.728,1.753,480960000,837270000,0
2018-04-12,1.725,1.720,1.720,1.745,366600000,635700000,0
2018-04-13,1.736,1.721,1.720,1.743,397840000,688900000,0
2018-04-16,1.722,1.736,1.714,1.748,556050000,961750000,0
2018-04-17,1.737,1.683,1.681,1.745,749270000,1280490000,0
2018-04-18,1.692,1.718,1.659,1.732,947570000,1603550000,0
2018-04-19,1.711,1.715,1.707,1.735,575760000,990970000,0
2018-04-20,1.711,1.684,1.679,1.726,575750000,980920000,0
2018-04-23,1.684,1.653,1.631,1.692,567570000,942860000,0
2018-04-24,1.653,1.705,1.651,1.705,620200000,1043880000,0
2018-04-25,1.698,1.715,1.695,1.724,535300000,915890000,0
2018-04-26,1.713,1.681,1.680,1.716,444550000,754090000,0
2018-04-27,1.689,1.707,1.681,1.711,433810000,737370000,0
2018-05-02,1.711,1.701,1.687,1.729,426640000,728400000,0
2018-05-03,1.697,1.726,1.668,1.726,679400000,1153770000,0
2018-05-04,1.720,1.712,1.710,1.728,459860000,791000000,0
2018-05-07,1.717,1.749,1.715,1.753,559070000,971890000,0
2018-05-08,1.751,1.753,1.736,1.753,387120000,676360000,0
2018-05-09,1.750,1.749,1.741,1.756,301520000,527670000,0
2018-05-10,1.751,1.762,1.743,1.763,407070000,713640000,0
2018-05-11,1.762,1.734,1.732,1.765,485140000,846980000,0
2018-05-14,1.732,1.728,1.724,1.741,294360000,510030000,0
2018-05-15,1.726,1.756,1.724,1.757,432220000,751900000,0
2018-05-16,1.749,1.745,1.742,1.758,394380000,689800000,0
2018-05-17,1.742,1.729,1.725,1.747,313920000,543950000,0
2018-05-18,1.726,1.731,1.712,1.736,463370000,799010000,0
2018-05-21,1.742,1.757,1.742,1.767,561850000,987080000,0
2018-05-22,1.757,1.770,1.752,1.772,437850000,771560000,0
2018-05-23,1.764,1.745,1.744,1.771,332780000,584990000,0
2018-05-24,1.744,1.737,1.735,1.752,284680000,496240000,0
2018-05-25,1.736,1.705,1.704,1.739,506410000,869940000,0
2018-05-28,1.702,1.698,1.690,1.716,323830000,550990000,0
2018-05-29,1.698,1.678,1.677,1.713,415290000,704960000,0
2018-05-30,1.659,1.633,1.626,1.662,597310000,983600000,0
2018-05-31,1.646,1.649,1.621,1.652,565050000,926870000,0
2018-06-01,1.641,1.620,1.609,1.648,450120000,731480000,0
2018-06-04,1.624,1.613,1.602,1.627,422890000,682310000,0
2018-06-05,1.615,1.653,1.613,1.655,563910000,922300000,0
2018-06-06,1.648,1.650,1.642,1.656,321750000,530670000,0
2018-06-07,1.653,1.636,1.634,1.657,222720000,365900000,0
2018-06-08,1.630,1.620,1.607,1.633,380530000,615690000,0
2018-06-11,1.617,1.601,1.596,1.618,378490000,607750000,0
2018-06-12,1.602,1.619,1.592,1.624,483000000,777840000,0
2018-06-13,1.616,1.597,1.596,1.618,334700000,538670000,0
2018-06-14,1.591,1.587,1.581,1.613,465150000,741820000,0
2018-06-15,1.586,1.554,1.550,1.593,540020000,845180000,0
2018-06-19,1.535,1.467,1.449,1.540,796740000,1196500000,0
2018-06-20,1.461,1.478,1.444,1.492,752130000,1106340000,0
2018-06-21,1.475,1.441,1.441,1.486,617410000,902230000,0
2018-06-22,1.434,1.466,1.427,1.473,650920000,948090000,0
2018-06-25,1.479,1.455,1.454,1.482,423710000,623580000,0
2018-06-26,1.444,1.485,1.437,1.488,666830000,978450000,0
2018-06-27,1.479,1.466,1.462,1.489,515200000,758590000,0
2018-06-28,1.463,1.462,1.459,1.487,466110000,686800000,0
2018-06-29,1.464,1.524,1.464,1.527,674810000,1011540000,0
2018-07-02,1.522,1.503,1.489,1.526,561920000,848620000,0
2018-07-03,1.507,1.520,1.477,1.531,793800000,1195310000,0
2018-07-04,1.511,1.486,1.476,1.514,481580000,720060000,0
2018-07-05,1.479,1.452,1.451,1.496,532650000,784500000,0
2018-07-06,1.451,1.464,1.443,1.493,765350000,1125620000,0
2018-07-09,1.474,1.504,1.470,1.505,656220000,978050000,0
2018-07-10,1.505,1.516,1.500,1.517,465350000,701880000,0
2018-07-11,1.490,1.488,1.468,1.500,705610000,1047810000,0
2018-07-12,1.490,1.540,1.489,1.545,773580000,1179860000,0
2018-07-13,1.537,1.542,1.532,1.548,469490000,722850000,0
2018-07-16,1.536,1.542,1.528,1.546,291750000,447760000,0
2018-07-17,1.540,1.543,1.521,1.545,378070000,579860000,0
2018-07-18,1.545,1.532,1.531,1.557,398550000,616010000,0
2018-07-19,1.532,1.514,1.508,1.543,442370000,672790000,0
2018-07-20,1.511,1.535,1.505,1.540,501010000,763760000,0
2018-07-23,1.534,1.540,1.515,1.541,516700000,789030000,0
2018-07-24,1.540,1.549,1.530,1.562,565870000,875600000,0
2018-07-25,1.549,1.551,1.547,1.567,460330000,716230000,0
2018-07-26,1.551,1.534,1.526,1.557,418610000,643910000,0
2018-07-27,1.529,1.518,1.515,1.532,446220000,680220000,0
2018-07-30,1.514,1.484,1.482,1.520,627850000,940160000,0
2018-07-31,1.483,1.489,1.481,1.499,424440000,632530000,0
2018-08-01,1.494,1.471,1.471,1.507,447030000,666100000,0
2018-08-02,1.465,1.440,1.415,1.467,812700000,1169030000,0
2018-08-03,1.440,1.414,1.411,1.450,734880000,1051130000,0
2018-08-06,1.405,1.374,1.368,1.416,1201910000,1676930000,0
2018-08-07,1.381,1.412,1.369,1.412,923420000,1285230000,0
2018-08-08,1.403,1.381,1.379,1.408,686610000,956450000,0
2018-08-09,1.379,1.426,1.376,1.437,1002570000,1418010000,0
2018-08-10,1.424,1.437,1.421,1.441,570060000,816510000,0
2018-08-13,1.422,1.458,1.420,1.460,664620000,955990000,0
2018-08-14,1.454,1.446,1.440,1.458,520560000,753490000,0
2018-08-15,1.445,1.409,1.403,1.446,709060000,1007920000,0
2018-08-16,1.391,1.396,1.381,1.419,783360000,1098300000,0
2018-08-17,1.407,1.369,1.366,1.410,912050000,1263720000,0
2018-08-20,1.363,1.367,1.340,1.376,1016870000,1380050000,0
2018-08-21,1.366,1.387,1.363,1.393,854750000,1179620000,0
2018-08-22,1.385,1.375,1.370,1.389,448810000,619310000,0
2018-08-23,1.376,1.388,1.373,1.395,605910000,839390000,0
2018-08-24,1.380,1.382,1.376,1.394,389630000,539110000,0
2018-08-27,1.387,1.426,1.385,1.426,823740000,1161330000,0
2018-08-28,1.425,1.423,1.416,1.429,408250000,580850000,0
2018-08-29,1.420,1.411,1.405,1.421,386610000,545980000,0
2018-08-30,1.410,1.389,1.389,1.415,514410000,719000000,0
2018-08-31,1.383,1.369,1.366,1.387,561450000,772510000,0
2018-09-03,1.364,1.375,1.350,1.379,583680000,795340000,0
2018-09-04,1.373,1.385,1.365,1.394,674040000,929240000,0
2018-09-05,1.380,1.363,1.363,1.387,513190000,706970000,0
2018-09-06,1.358,1.355,1.351,1.377,699450000,953930000,0
2018-09-07,1.360,1.360,1.351,1.386,861290000,1179200000,0
2018-09-10,1.353,1.327,1.325,1.360,835090000,1118650000,0
2018-09-11,1.327,1.332,1.320,1.342,571740000,759900000,0
2018-09-12,1.331,1.320,1.320,1.341,714770000,950210000,0
2018-09-13,1.336,1.326,1.307,1.341,1102700000,1460490000,0
2018-09-14,1.326,1.304,1.304,1.332,811990000,1069370000,0
2018-09-17,1.296,1.288,1.282,1.302,713530000,922150000,0
2018-09-18,1.286,1.312,1.283,1.314,790500000,1026500000,0
2018-09-19,1.308,1.324,1.303,1.339,987830000,1305040000,0
2018-09-20,1.321,1.320,1.319,1.333,445520000,590300000,0
2018-09-21,1.325,1.343,1.317,1.346,768410000,1024990000,0
2018-09-25,1.333,1.338,1.331,1.347,690190000,923980000,0
2018-09-26,1.339,1.352,1.334,1.361,676740000,912660000,0
2018-09-27,1.350,1.333,1.332,1.353,522260000,700940000,0
2018-09-28,1.337,1.346,1.327,1.346,612600000,819170000,0
2018-10-08,1.317,1.289,1.286,1.322,721190000,942760000,0
2018-10-09,1.294,1.283,1.275,1.301,641500000,825560000,0
2018-10-10,1.284,1.282,1.271,1.293,567930000,728730000,0
2018-10-11,1.243,1.196,1.190,1.249,1113370000,1363900000,0
2018-10-12,1.192,1.206,1.173,1.215,992660000,1185750000,0
2018-10-15,1.205,1.190,1.189,1.220,574790000,692750000,0
2018-10-16,1.192,1.160,1.154,1.195,949380000,1115770000,0
2018-10-17,1.173,1.174,1.149,1.182,1251680000,1460970000,0
2018-10-18,1.163,1.153,1.151,1.173,1250450000,1451090000,0
2018-10-19,1.141,1.189,1.136,1.197,1397130000,1634560000,0
2018-10-22,1.220,1.260,1.211,1.268,1808360000,2241900000,0
2018-10-23,1.260,1.231,1.222,1.263,1124310000,1396260000,0
2018-10-24,1.231,1.226,1.220,1.246,866830000,1067750000,0
2018-10-25,1.190,1.216,1.183,1.224,1347200000,1613050000,0
2018-10-26,1.221,1.203,1.198,1.233,820050000,996300000,0
2018-10-29,1.205,1.192,1.188,1.213,823150000,989260000,0
2018-10-30,1.189,1.204,1.168,1.221,1158490000,1387340000,0
2018-10-31,1.205,1.216,1.201,1.229,1136080000,1383470000,0
2018-11-01,1.231,1.227,1.227,1.253,1394340000,1727520000,0
2018-11-02,1.280,1.291,1.257,1.292,1939610000,2467670000,0
2018-11-05,1.284,1.287,1.261,1.308,1678620000,2157880000,0
2018-11-06,1.278,1.286,1.263,1.287,935560000,1191330000,0
2018-11-07,1.287,1.282,1.280,1.303,910580000,1175790000,0
2018-11-08,1.293,1.265,1.264,1.295,660810000,845280000,0
2018-11-09,1.256,1.260,1.252,1.272,701620000,885730000,0
2018-11-12,1.258,1.305,1.256,1.307,1201550000,1546240000,0
2018-11-13,1.293,1.326,1.291,1.333,1761880000,2314210000,0
2018-11-14,1.321,1.320,1.315,1.333,753620000,995980000,0
2018-11-15,1.315,1.336,1.314,1.338,678250000,899100000,0
2018-11-16,1.337,1.332,1.322,1.345,907040000,1210790000,0
2018-11-19,1.328,1.325,1.310,1.332,1007130000,1328530000,0
2018-11-20,1.316,1.291,1.282,1.317,870250000,1133500000,0
2018-11-21,1.285,1.294,1.274,1.296,823940000,1059130000,0
2018-11-22,1.294,1.285,1.282,1.302,643580000,830050000,0
2018-11-23,1.289,1.248,1.244,1.289,905610000,1142470000,0
2018-11-26,1.247,1.244,1.234,1.254,440780000,548530000,0
2018-11-27,1.251,1.253,1.245,1.259,513020000,642340000,0
2018-11-28,1.253,1.277,1.243,1.277,653470000,826290000,0
2018-11-29,1.284,1.247,1.245,1.287,726820000,924480000,0
2018-11-30,1.244,1.264,1.241,1.269,661690000,830520000,0
2018-12-03,1.301,1.310,1.292,1.316,930340000,1214140000,0
2018-12-04,1.308,1.315,1.303,1.315,534550000,700090000,0
2018-12-05,1.297,1.315,1.293,1.326,807200000,1058170000,0
2018-12-06,1.305,1.280,1.277,1.313,660120000,854450000,0
2018-12-07,1.284,1.275,1.273,1.287,369260000,471980000,0
2018-12-10,1.269,1.264,1.263,1.277,388020000,492590000,0
2018-12-11,1.269,1.277,1.266,1.277,381090000,485040000,0
2018-12-12,1.283,1.276,1.273,1.286,379550000,485660000,0
2018-12-13,1.277,1.286,1.265,1.295,708340000,908370000,0
2018-12-14,1.282,1.248,1.247,1.283,786250000,993990000,0
2018-12-17,1.242,1.240,1.227,1.247,742830000,918530000,0
2018-12-18,1.232,1.232,1.224,1.248,834970000,1031570000,0
2018-12-19,1.234,1.209,1.207,1.235,641370000,783050000,0
2018-12-20,1.209,1.219,1.206,1.223,623530000,757900000,0
2018-12-21,1.216,1.213,1.203,1.220,638420000,773880000,0
2018-12-24,1.212,1.226,1.206,1.228,691320000,844410000,0
2018-12-25,1.216,1.217,1.191,1.224,932650000,1126350000,0
2018-12-26,1.216,1.211,1.209,1.225,553870000,673600000,0
2018-12-27,1.229,1.192,1.191,1.232,645380000,783090000,0
2018-12-28,1.194,1.194,1.186,1.202,515990000,615990000,0
2019-01-02,1.198,1.178,1.176,1.199,600160000,711070000,0
2019-01-03,1.176,1.164,1.163,1.189,678410000,797220000,0
2019-01-04,1.155,1.195,1.152,1.195,1184040000,1394720000,0
2019-01-07,1.197,1.214,1.193,1.218,979770000,1182030000,0
2019-01-08,1.210,1.211,1.207,1.217,469910000,569630000,0
2019-01-09,1.212,1.210,1.207,1.232,737040000,899900000,0
2019-01-10,1.208,1.207,1.203,1.219,424490000,514000000,0
2019-01-11,1.207,1.209,1.201,1.214,430610000,519950000,0
2019-01-14,1.210,1.195,1.193,1.212,423800000,508590000,0
2019-01-15,1.194,1.216,1.189,1.216,672500000,809250000,0
2019-01-16,1.214,1.214,1.210,1.224,589710000,717670000,0
2019-01-17,1.215,1.198,1.198,1.215,590630000,712960000,0
2019-01-18,1.203,1.216,1.198,1.218,640020000,773290000,0
2019-01-21,1.218,1.222,1.213,1.231,660420000,807740000,0
2019-01-22,1.219,1.201,1.196,1.220,568670000,686560000,0
2019-01-23,1.198,1.197,1.194,1.204,332900000,398750000,0
2019-01-24,1.199,1.211,1.197,1.221,684430000,829070000,0
2019-01-25,1.212,1.214,1.209,1.224,622310000,757280000,0
2019-01-28,1.220,1.208,1.205,1.227,548520000,667700000,0
2019-01-29,1.205,1.192,1.180,1.207,762070000,907950000,0
2019-01-30,1.183,1.183,1.182,1.197,456280000,542970000,0
2019-01-31,1.183,1.178,1.172,1.194,747620000,884260000,0
2019-02-01,1.182,1.221,1.182,1.222,1038580000,1250860000,0
2019-02-11,1.223,1.264,1.223,1.266,1099840000,1370910000,0
2019-02-12,1.262,1.278,1.259,1.281,842470000,1072220000,0
2019-02-13,1.279,1.301,1.277,1.305,878530000,1136570000,0
2019-02-14,1.300,1.304,1.293,1.313,618070000,804670000,0
2019-02-15,1.301,1.302,1.299,1.314,831770000,1086520000,0
2019-02-18,1.310,1.357,1.308,1.357,862820000,1151790000,0
2019-02-19,1.359,1.346,1.333,1.368,1218170000,1647300000,0
2019-02-20,1.346,1.348,1.330,1.357,695580000,934370000,0
2019-02-21,1.344,1.355,1.340,1.391,1125810000,1533620000,0
2019-02-22,1.348,1.406,1.347,1.406,1008250000,1386490000,0
2019-02-25,1.432,1.492,1.416,1.495,1132210000,1643910000,0
2019-02-26,1.487,1.479,1.459,1.519,1418300000,2112920000,0
2019-02-27,1.475,1.458,1.436,1.491,1247470000,1828840000,0
2019-02-28,1.456,1.470,1.454,1.482,799780000,1174330000,0
2019-03-01,1.489,1.500,1.466,1.502,941090000,1398930000,0
2019-03-04,1.526,1.556,1.525,1.582,1237660000,1915610000,0
2019-03-05,1.548,1.615,1.526,1.615,1146040000,1807200000,0
2019-03-06,1.624,1.635,1.590,1.641,1425000000,2302070000,0
2019-03-07,1.628,1.621,1.597,1.648,1410780000,2291270000,0
2019-03-08,1.572,1.584,1.564,1.644,2008770000,3233660000,0
2019-03-11,1.600,1.658,1.581,1.658,1702480000,2767830000,0
2019-03-12,1.675,1.696,1.659,1.715,2281450000,3839090000,0
2019-03-13,1.690,1.618,1.608,1.690,2168810000,3571780000,0
2019-03-14,1.604,1.583,1.556,1.625,1837920000,2916690000,0
2019-03-15,1.596,1.589,1.572,1.612,1319890000,2106830000,0
2019-03-18,1.598,1.634,1.581,1.634,1211470000,1947360000,0
2019-03-19,1.633,1.633,1.619,1.655,1038340000,1697430000,0
2019-03-20,1.628,1.613,1.583,1.632,969630000,1556240000,0
2019-03-21,1.610,1.627,1.604,1.643,1169110000,1902100000,0
2019-03-22,1.628,1.621,1.589,1.629,1307300000,2103970000,0
2019-03-25,1.594,1.598,1.588,1.622,837730000,1345110000,0
2019-03-26,1.608,1.556,1.554,1.610,783020000,1237450000,0
2019-03-27,1.567,1.568,1.546,1.574,752600000,1176280000,0
2019-03-28,1.557,1.556,1.553,1.588,755930000,1187540000,0
2019-03-29,1.564,1.624,1.559,1.627,1187680000,1905980000,0
2019-04-01,1.635,1.694,1.635,1.695,1059750000,1775240000,0
2019-04-02,1.696,1.682,1.675,1.704,884260000,1495340000,0
2019-04-03,1.673,1.700,1.669,1.701,662340000,1116330000,0
2019-04-04,1.704,1.701,1.688,1.710,682740000,1159660000,0
2019-04-08,1.709,1.665,1.645,1.716,854770000,1431800000,0
2019-04-09,1.657,1.667,1.646,1.677,652720000,1085970000,0
2019-04-10,1.657,1.654,1.639,1.668,610680000,1008780000,0
2019-04-11,1.655,1.619,1.616,1.657,724530000,1181550000,0
2019-04-12,1.616,1.624,1.611,1.630,589210000,954790000,0
2019-04-15,1.647,1.596,1.594,1.651,659600000,1073980000,0
2019-04-16,1.586,1.629,1.568,1.629,968540000,1547670000,0
2019-04-17,1.623,1.642,1.621,1.655,867650000,1421520000,0
2019-04-18,1.637,1.629,1.629,1.645,384120000,628750000,0
2019-04-19,1.630,1.645,1.617,1.645,412540000,672820000,0
2019-04-22,1.645,1.624,1.617,1.649,526560000,860780000,0
2019-04-23,1.619,1.610,1.603,1.636,435620000,704960000,0
2019-04-24,1.616,1.646,1.603,1.648,808830000,1316400000,0
2019-04-25,1.635,1.598,1.596,1.649,832800000,1356370000,0
2019-04-26,1.591,1.589,1.584,1.610,639890000,1021290000,0
2019-04-29,1.589,1.549,1.541,1.594,914820000,1433020000,0
2019-04-30,1.546,1.553,1.540,1.565,522650000,812500000,0
2019-05-06,1.496,1.424,1.421,1.497,1421440000,2081640000,0
2019-05-07,1.442,1.438,1.413,1.460,988560000,1423180000,0
2019-05-08,1.410,1.419,1.405,1.450,948150000,1353800000,0
2019-05-09,1.410,1.409,1.405,1.429,874860000,1239230000,0
2019-05-10,1.427,1.465,1.402,1.473,1432140000,2069520000,0
2019-05-13,1.448,1.441,1.430,1.457,756720000,1094200000,0
2019-05-14,1.432,1.431,1.430,1.453,684160000,985780000,0
2019-05-15,1.444,1.462,1.438,1.469,669110000,971900000,0
2019-05-16,1.461,1.468,1.451,1.472,464910000,679620000,0
2019-05-17,1.469,1.416,1.411,1.471,631320000,910440000,0
2019-05-20,1.412,1.407,1.391,1.418,755010000,1058110000,0
2019-05-21,1.409,1.430,1.405,1.441,613810000,874790000,0
2019-05-22,1.428,1.427,1.415,1.440,460390000,656990000,0
2019-05-23,1.420,1.392,1.389,1.422,738400000,1035830000,0
2019-05-24,1.392,1.384,1.377,1.403,669930000,930960000,0
2019-05-27,1.387,1.428,1.383,1.436,969230000,1368770000,0
2019-05-28,1.431,1.432,1.421,1.442,762880000,1093670000,0
2019-05-29,1.428,1.432,1.424,1.445,473870000,679870000,0
2019-05-30,1.429,1.422,1.405,1.433,488680000,692730000,0
2019-05-31,1.423,1.425,1.416,1.437,468630000,668800000,0
2019-06-03,1.428,1.411,1.407,1.438,518710000,735970000,0
2019-06-04,1.407,1.400,1.392,1.416,495610000,695340000,0
2019-06-05,1.412,1.393,1.391,1.415,533180000,746680000,0
2019-06-06,1.391,1.363,1.355,1.394,786070000,1078150000,0
2019-06-10,1.364,1.376,1.356,1.383,523950000,718710000,0
2019-06-11,1.374,1.430,1.373,1.432,970060000,1365340000,0
2019-06-12,1.425,1.412,1.410,1.427,689850000,978370000,0
2019-06-13,1.412,1.422,1.406,1.426,551170000,781140000,0
2019-06-14,1.421,1.397,1.395,1.428,619040000,875070000,0
2019-06-17,1.395,1.390,1.385,1.405,424300000,590340000,0
2019-06-18,1.392,1.400,1.383,1.405,504700000,705260000,0
2019-06-19,1.445,1.417,1.414,1.466,963630000,1378780000,0
2019-06-20,1.415,1.442,1.410,1.454,926330000,1328200000,0
2019-06-21,1.491,1.473,1.462,1.494,1785810000,2634030000,0
2019-06-24,1.467,1.460,1.453,1.470,648220000,946120000,0
2019-06-25,1.458,1.442,1.426,1.458,687270000,988830000,0
2019-06-26,1.433,1.448,1.431,1.455,523830000,757950000,0
2019-06-27,1.450,1.469,1.450,1.473,707270000,1036600000,0
2019-06-28,1.468,1.457,1.444,1.468,586730000,852770000,0
2019-07-01,1.487,1.511,1.477,1.512,1013970000,1517430000,0
2019-07-02,1.506,1.511,1.503,1.518,467270000,706460000,0
2019-07-03,1.506,1.488,1.482,1.506,442490000,660270000,0
2019-07-04,1.489,1.476,1.469,1.494,459230000,679580000,0
2019-07-05,1.475,1.492,1.474,1.496,412720000,613070000,0
2019-07-08,1.488,1.450,1.439,1.488,589090000,859790000,0
2019-07-09,1.450,1.462,1.447,1.467,393730000,573420000,0
2019-07-10,1.465,1.456,1.450,1.468,284540000,415330000,0
2019-07-11,1.464,1.458,1.452,1.476,323050000,473270000,0
2019-07-12,1.458,1.465,1.451,1.472,313510000,458760000,0
2019-07-15,1.458,1.489,1.441,1.502,998550000,1478470000,0
2019-07-16,1.486,1.489,1.481,1.494,418220000,622030000,0
2019-07-17,1.486,1.492,1.483,1.505,440130000,658670000,0
2019-07-18,1.486,1.470,1.469,1.487,348810000,515230000,0
2019-07-19,1.473,1.486,1.473,1.497,641060000,953350000,0
2019-07-22,1.488,1.461,1.453,1.491,494470000,726280000,0
2019-07-23,1.460,1.481,1.460,1.481,396170000,582820000,0
2019-07-24,1.483,1.498,1.482,1.506,451540000,675720000,0
2019-07-25,1.493,1.506,1.493,1.511,389900000,585700000,0
2019-07-26,1.502,1.506,1.495,1.508,351360000,527730000,0
2019-07-29,1.504,1.509,1.497,1.509,281380000,423170000,0
2019-07-30,1.508,1.522,1.506,1.536,490770000,748050000,0
2019-07-31,1.515,1.512,1.510,1.521,384990000,583210000,0
2019-08-01,1.506,1.516,1.502,1.520,406950000,615620000,0
2019-08-02,1.486,1.501,1.481,1.504,536700000,800550000,0
2019-08-05,1.495,1.473,1.472,1.509,440160000,656190000,0
2019-08-06,1.445,1.451,1.423,1.462,733810000,1059790000,0
2019-08-07,1.462,1.447,1.446,1.467,369130000,537950000,0
2019-08-08,1.452,1.468,1.452,1.470,296120000,432950000,0
2019-08-09,1.474,1.450,1.449,1.480,321000000,469680000,0
2019-08-12,1.457,1.486,1.452,1.486,318830000,467700000,0
2019-08-13,1.473,1.470,1.463,1.479,276020000,405820000,0
2019-08-14,1.488,1.477,1.476,1.494,442780000,657760000,0
2019-08-15,1.459,1.498,1.451,1.500,545860000,807310000,0
2019-08-16,1.497,1.512,1.491,1.527,552040000,834130000,0
2019-08-19,1.528,1.568,1.524,1.573,807890000,1250130000,0
2019-08-20,1.565,1.553,1.549,1.571,553320000,862850000,0
2019-08-21,1.550,1.549,1.545,1.557,432160000,670370000,0
2019-08-22,1.553,1.554,1.539,1.556,395690000,612820000,0
2019-08-23,1.553,1.555,1.544,1.563,374730000,582710000,0
2019-08-26,1.540,1.540,1.529,1.549,470150000,724140000,0
2019-08-27,1.549,1.567,1.548,1.586,787720000,1235910000,0
2019-08-28,1.566,1.565,1.555,1.572,378610000,591740000,0
2019-08-29,1.566,1.558,1.557,1.573,331930000,518870000,0
2019-08-30,1.569,1.549,1.541,1.577,449890000,701180000,0
2019-09-02,1.550,1.592,1.550,1.595,482730000,760790000,0
2019-09-03,1.592,1.595,1.585,1.600,352290000,561100000,0
2019-09-04,1.595,1.607,1.587,1.609,382470000,610910000,0
2019-09-05,1.618,1.627,1.618,1.647,532070000,869090000,0
2019-09-06,1.634,1.631,1.611,1.637,406410000,660450000,0
2019-09-09,1.639,1.670,1.628,1.672,639890000,1054800000,0
2019-09-10,1.666,1.661,1.650,1.670,387050000,643000000,0
2019-09-11,1.665,1.638,1.636,1.670,410010000,676490000,0
2019-09-12,1.647,1.646,1.632,1.649,301830000,495630000,0
2019-09-16,1.649,1.650,1.639,1.658,376530000,621110000,0
2019-09-17,1.646,1.618,1.609,1.646,481260000,781250000,0
2019-09-18,1.618,1.617,1.607,1.624,356660000,575950000,0
2019-09-19,1.620,1.642,1.612,1.646,465840000,758060000,0
2019-09-20,1.643,1.638,1.637,1.652,366980000,602900000,0
2019-09-23,1.635,1.620,1.607,1.635,375110000,606490000,0
2019-09-24,1.619,1.629,1.614,1.642,442470000,721220000,0
2019-09-25,1.620,1.611,1.608,1.625,320000000,517020000,0
2019-09-26,1.615,1.561,1.560,1.617,531170000,840820000,0
2019-09-27,1.562,1.587,1.561,1.590,429090000,677400000,0
2019-09-30,1.585,1.570,1.565,1.590,276480000,435860000,0
2019-10-08,1.571,1.556,1.554,1.577,259420000,406280000,0
2019-10-09,1.549,1.561,1.543,1.563,401630000,623230000,0
2019-10-10,1.568,1.604,1.563,1.606,598890000,950550000,0
2019-10-11,1.605,1.606,1.592,1.615,435040000,697990000,0
2019-10-14,1.615,1.617,1.611,1.630,338520000,548330000,0
2019-10-15,1.613,1.597,1.596,1.614,219740000,352200000,0
2019-10-16,1.602,1.592,1.592,1.610,414710000,664020000,0
2019-10-17,1.594,1.595,1.591,1.602,313690000,500440000,0
2019-10-18,1.600,1.589,1.582,1.613,367420000,587480000,0
2019-10-21,1.588,1.585,1.570,1.591,370510000,585580000,0
2019-10-22,1.587,1.606,1.585,1.606,383230000,611910000,0
2019-10-23,1.608,1.589,1.587,1.610,279350000,446270000,0
2019-10-24,1.590,1.593,1.581,1.600,245790000,391140000,0
2019-10-25,1.593,1.616,1.586,1.616,420710000,674650000,0
2019-10-28,1.630,1.646,1.622,1.646,446600000,730060000,0
2019-10-29,1.642,1.624,1.622,1.643,337030000,550830000,0
2019-10-30,1.623,1.619,1.609,1.627,240390000,389210000,0
2019-10-31,1.624,1.608,1.607,1.630,297540000,481500000,0
2019-11-01,1.609,1.625,1.602,1.628,303830000,491400000,0
2019-11-04,1.624,1.634,1.624,1.643,353320000,577730000,0
2019-11-05,1.637,1.649,1.631,1.655,341920000,562180000,0
2019-11-06,1.652,1.638,1.632,1.655,270520000,445170000,0
2019-11-07,1.634,1.651,1.632,1.660,291190000,480360000,0
2019-11-08,1.655,1.645,1.645,1.666,362410000,600010000,0
2019-11-11,1.641,1.610,1.609,1.641,271680000,440940000,0
2019-11-12,1.610,1.611,1.593,1.616,278390000,446880000,0
2019-11-13,1.608,1.620,1.604,1.621,253100000,408310000,0
2019-11-14,1.619,1.630,1.616,1.634,201850000,327970000,0
2019-11-15,1.626,1.614,1.614,1.632,204910000,332190000,0
2019-11-18,1.613,1.621,1.603,1.623,209270000,337860000,0
2019-11-19,1.620,1.666,1.618,1.666,477650000,788220000,0
2019-11-20,1.664,1.655,1.654,1.679,380290000,634040000,0
2019-11-21,1.650,1.650,1.643,1.663,228760000,377740000,0
2019-11-22,1.653,1.614,1.608,1.672,508940000,832600000,0
2019-11-25,1.616,1.599,1.591,1.619,342270000,547440000,0
2019-11-26,1.603,1.608,1.596,1.617,314220000,505140000,0
2019-11-27,1.605,1.611,1.594,1.622,263690000,424400000,0
2019-11-28,1.608,1.611,1.605,1.620,174540000,281460000,0
2019-11-29,1.608,1.600,1.585,1.610,255020000,407520000,0
2019-12-02,1.605,1.606,1.601,1.618,215840000,347150000,0
2019-12-03,1.600,1.613,1.586,1.613,261020000,417570000,0
2019-12-04,1.606,1.612,1.602,1.620,214460000,345620000,0
2019-12-05,1.615,1.648,1.615,1.650,398270000,651810000,0
2019-12-06,1.646,1.662,1.641,1.662,288590000,476840000,0
2019-12-09,1.667,1.656,1.650,1.669,276080000,457340000,0
2019-12-10,1.651,1.670,1.645,1.670,245070000,406620000,0
2019-12-11,1.667,1.653,1.649,1.669,207570000,344020000,0
2019-12-12,1.651,1.657,1.651,1.668,222320000,369200000,0
2019-12-13,1.670,1.693,1.667,1.695,453930000,763310000,0
2019-12-16,1.693,1.715,1.686,1.716,381410000,649080000,0
2019-12-17,1.715,1.738,1.713,1.741,463770000,802960000,0
2019-12-18,1.734,1.725,1.721,1.739,253310000,438240000,0
2019-12-19,1.725,1.724,1.714,1.730,264480000,455270000,0
2019-12-20,1.724,1.708,1.705,1.730,253820000,435010000,0
2019-12-23,1.703,1.671,1.667,1.708,375950000,635120000,0
2019-12-24,1.676,1.704,1.675,1.706,311360000,525820000,0
2019-12-25,1.700,1.718,1.697,1.719,272990000,466620000,0
2019-12-26,1.716,1.726,1.711,1.727,215220000,370130000,0
2019-12-27,1.728,1.698,1.698,1.737,301530000,518300000,0
2019-12-30,1.695,1.727,1.684,1.727,269360000,461050000,0
2019-12-31,1.720,1.730,1.718,1.736,305110000,527290000,0
2020-01-02,1.743,1.765,1.731,1.771,338080000,593820000,0
2020-01-03,1.766,1.764,1.751,1.774,274690000,484660000,0
2020-01-06,1.756,1.788,1.753,1.806,416700000,744380000,0
2020-01-07,1.792,1.822,1.792,1.823,394560000,713660000,0
2020-01-08,1.808,1.792,1.789,1.822,495910000,894930000,0
2020-01-09,1.811,1.839,1.811,1.842,447570000,818560000,0
2020-01-10,1.847,1.831,1.821,1.847,354650000,650120000,0
2020-01-13,1.834,1.862,1.820,1.862,440080000,812010000,0
2020-01-14,1.864,1.850,1.849,1.871,380670000,707360000,0
2020-01-15,1.848,1.847,1.829,1.856,262790000,484330000,0
2020-01-16,1.851,1.856,1.842,1.863,270310000,501540000,0
2020-01-17,1.861,1.858,1.853,1.874,299120000,557330000,0
2020-01-20,1.862,1.905,1.861,1.911,415160000,785170000,0
2020-01-21,1.900,1.892,1.881,1.911,533400000,1010620000,0
2020-01-22,1.882,1.918,1.852,1.930,490220000,925450000,0
2020-01-23,1.892,1.853,1.829,1.918,652330000,1220350000,0
2020-02-03,1.670,1.708,1.669,1.766,1022630000,1759930000,0
2020-02-04,1.716,1.816,1.715,1.820,695560000,1239350000,0
2020-02-05,1.833,1.871,1.818,1.896,623020000,1159570000,0
2020-02-06,1.855,1.930,1.836,1.940,705980000,1340340000,0
2020-02-07,1.932,1.940,1.900,1.949,502080000,968170000,0
2020-02-10,1.938,1.961,1.924,1.966,437750000,853350000,0
2020-02-11,1.964,1.947,1.935,1.964,277140000,540480000,0
2020-02-12,1.943,2.006,1.939,2.012,394270000,782100000,0
2020-02-13,2.005,1.988,1.971,2.010,426840000,849400000,0
2020-02-14,1.983,1.987,1.965,2.022,338310000,675300000,0
2020-02-17,2.005,2.071,2.004,2.071,689680000,1411300000,0
2020-02-18,2.072,2.090,2.050,2.090,704270000,1461050000,0
2020-02-19,2.080,2.054,2.052,2.087,572400000,1184650000,0
2020-02-20,2.062,2.105,2.056,2.118,564850000,1179810000,0
2020-02-21,2.100,2.145,2.092,2.162,533740000,1138640000,0
2020-02-24,2.137,2.178,2.127,2.185,504080000,1086960000,0
2020-02-25,2.145,2.195,2.082,2.210,714180000,1540210000,0
2020-02-26,2.162,2.102,2.086,2.176,643680000,1371540000,0
2020-02-27,2.111,2.111,2.076,2.148,762020000,1609810000,0
2020-02-28,2.041,1.995,1.985,2.074,1144950000,2320200000,0
2020-03-02,2.026,2.054,1.999,2.071,640950000,1304480000,0
2020-03-03,2.101,2.092,2.066,2.155,758940000,1604280000,0
2020-03-04,2.077,2.088,2.040,2.097,446850000,924790000,0
2020-03-05,2.121,2.121,2.090,2.131,537130000,1134560000,0
2020-03-06,2.090,2.111,2.087,2.140,290950000,614750000,0
2020-03-09,2.068,2.013,2.011,2.090,424600000,868560000,0
2020-03-10,2.016,2.063,1.974,2.068,636700000,1291230000,0
2020-03-11,2.070,2.024,2.017,2.078,442960000,906930000,0
2020-03-12,1.996,1.971,1.948,1.998,416050000,820950000,0
2020-03-13,1.895,1.952,1.850,1.978,828070000,1584750000,0
2020-03-16,1.953,1.832,1.830,1.960,629320000,1191110000,0
2020-03-17,1.863,1.842,1.776,1.886,853710000,1563510000,0
2020-03-18,1.860,1.818,1.816,1.907,808960000,1512020000,0
2020-03-19,1.833,1.825,1.768,1.839,1111270000,2007770000,0
2020-03-20,1.847,1.847,1.805,1.854,736210000,1351890000,0
2020-03-23,1.790,1.761,1.750,1.816,733390000,1305810000,0
2020-03-24,1.797,1.806,1.748,1.810,789510000,1410850000,0
2020-03-25,1.845,1.860,1.833,1.867,880120000,1630790000,0
2020-03-26,1.845,1.853,1.841,1.874,484310000,900320000,0
2020-03-27,1.878,1.830,1.828,1.882,647220000,1197070000,0
2020-03-30,1.807,1.791,1.762,1.808,632100000,1128070000,0
2020-03-31,1.805,1.795,1.790,1.813,428000000,771480000,0
2020-04-01,1.798,1.792,1.790,1.829,397430000,718990000,0
2020-04-02,1.786,1.844,1.784,1.845,621360000,1125310000,0
2020-04-03,1.834,1.834,1.825,1.854,414490000,762590000,0
2020-04-07,1.871,1.894,1.866,1.898,696560000,1312190000,0
2020-04-08,1.886,1.890,1.879,1.901,297940000,562750000,0
2020-04-09,1.905,1.921,1.896,1.925,469050000,897400000,0
2020-04-10,1.921,1.877,1.868,1.921,388880000,735520000,0
2020-04-13,1.872,1.853,1.840,1.872,348870000,645260000,0
2020-04-14,1.862,1.909,1.856,1.910,485090000,914600000,0
2020-04-15,1.911,1.899,1.899,1.927,391670000,749690000,0
2020-04-16,1.893,1.932,1.891,1.938,343660000,659890000,0
2020-04-17,1.948,1.943,1.936,1.969,423550000,827240000,0
2020-04-20,1.945,1.969,1.940,1.969,233850000,457860000,0
2020-04-21,1.960,1.949,1.920,1.960,320580000,622480000,0
2020-04-22,1.932,1.967,1.927,1.967,322110000,627370000,0
2020-04-23,1.970,1.951,1.947,1.978,312800000,613240000,0
2020-04-24,1.951,1.930,1.921,1.959,248960000,482010000,0
2020-04-27,1.938,1.939,1.919,1.957,332060000,645360000,0
2020-04-28,1.947,1.951,1.890,1.969,446930000,865920000,0
2020-04-29,1.943,1.952,1.940,1.973,356100000,696010000,0
2020-04-30,1.964,1.993,1.960,1.999,411740000,817440000,0
2020-05-06,1.980,2.029,1.974,2.032,367770000,737920000,0
2020-05-07,2.030,2.025,2.014,2.035,265940000,538460000,0
2020-05-08,2.035,2.042,2.033,2.058,304340000,622570000,0
2020-05-11,2.054,2.024,2.010,2.057,372380000,755910000,0
2020-05-12,2.021,2.043,2.012,2.045,273310000,554750000,0
2020-05-13,2.033,2.058,2.033,2.063,228530000,468030000,0
2020-05-14,2.047,2.036,2.035,2.058,241710000,494060000,0
2020-05-15,2.047,2.042,2.030,2.056,228090000,466150000,0
2020-05-18,2.045,2.039,2.015,2.057,255360000,520930000,0
2020-05-19,2.052,2.061,2.046,2.061,372750000,766490000,0
2020-05-20,2.061,2.041,2.033,2.074,315430000,648500000,0
2020-05-21,2.045,2.020,2.015,2.058,286280000,583610000,0
2020-05-22,2.015,1.972,1.960,2.018,422030000,837240000,0
2020-05-25,1.968,1.975,1.958,1.977,256000000,504050000,0
2020-05-26,1.989,2.038,1.986,2.038,345770000,696890000,0
2020-05-27,2.034,1.997,1.986,2.035,428800000,859890000,0
2020-05-28,1.990,1.982,1.948,1.999,446460000,878970000,0
2020-05-29,1.969,2.006,1.967,2.012,365780000,731320000,0
2020-06-01,2.024,2.082,2.020,2.087,401750000,829580000,0
2020-06-02,2.083,2.067,2.054,2.085,302630000,625500000,0
2020-06-03,2.075,2.060,2.059,2.085,249890000,517400000,0
2020-06-04,2.067,2.073,2.057,2.077,257370000,532620000,0
2020-06-05,2.069,2.087,2.062,2.087,219830000,456290000,0
2020-06-08,2.101,2.073,2.070,2.111,239640000,500330000,0
2020-06-09,2.076,2.102,2.068,2.106,256080000,536000000,0
2020-06-10,2.102,2.122,2.099,2.124,299260000,632270000,0
2020-06-11,2.123,2.119,2.103,2.161,324570000,691810000,0
2020-06-12,2.080,2.141,2.078,2.147,395880000,839260000,0
2020-06-15,2.143,2.141,2.140,2.181,350950000,757260000,0
2020-06-16,2.169,2.183,2.161,2.188,381430000,829910000,0
2020-06-17,2.184,2.188,2.171,2.198,288230000,629370000,0
2020-06-18,2.187,2.194,2.170,2.196,361880000,790570000,0
2020-06-19,2.196,2.238,2.191,2.253,339270000,757480000,0
2020-06-22,2.246,2.263,2.245,2.282,343570000,778090000,0
2020-06-23,2.260,2.307,2.255,2.307,269740000,615430000,0
2020-06-24,2.318,2.307,2.290,2.318,280120000,644660000,0
2020-06-29,2.292,2.295,2.280,2.307,257400000,589920000,0
2020-06-30,2.304,2.359,2.304,2.363,275880000,645990000,0
2020-07-01,2.363,2.342,2.303,2.370,431260000,1008300000,0
2020-07-02,2.337,2.350,2.314,2.355,363140000,848790000,0
2020-07-03,2.349,2.380,2.325,2.390,392490000,926310000,0
2020-07-06,2.384,2.450,2.375,2.459,537360000,1298220000,0
2020-07-07,2.459,2.503,2.450,2.561,439700000,1104590000,0
2020-07-08,2.515,2.574,2.489,2.580,346430000,877420000,0
2020-07-09,2.576,2.674,2.560,2.681,498910000,1314910000,0
2020-07-10,2.660,2.685,2.640,2.706,477180000,1279620000,0
2020-07-13,2.693,2.802,2.693,2.810,534280000,1474930000,0
2020-07-14,2.798,2.767,2.695,2.798,726060000,1996260000,0
2020-07-15,2.766,2.722,2.688,2.797,781740000,2153850000,0
2020-07-16,2.718,2.558,2.538,2.755,1269180000,3351190000,0
2020-07-17,2.558,2.583,2.529,2.635,900010000,2321890000,0
2020-07-20,2.620,2.611,2.528,2.629,686030000,1770600000,0
2020-07-21,2.620,2.643,2.596,2.653,659820000,1737410000,0
2020-07-22,2.628,2.678,2.621,2.713,618930000,1659040000,0
2020-07-23,2.657,2.706,2.613,2.706,496270000,1324360000,0
2020-07-24,2.680,2.537,2.525,2.695,817840000,2120350000,0
2020-07-27,2.544,2.540,2.513,2.577,423600000,1080020000,0
2020-07-28,2.576,2.573,2.539,2.587,437830000,1122980000,0
2020-07-29,2.564,2.680,2.561,2.685,485220000,1278750000,0
2020-07-30,2.680,2.652,2.641,2.692,429580000,1146610000,0
2020-07-31,2.658,2.708,2.646,2.724,468960000,1262590000,0
2020-08-03,2.734,2.774,2.704,2.774,405800000,1114100000,0
2020-08-04,2.772,2.738,2.721,2.794,441100000,1216090000,0
2020-08-05,2.740,2.763,2.707,2.779,324930000,891680000,0
2020-08-06,2.767,2.719,2.682,2.770,431880000,1173640000,0
2020-08-07,2.701,2.657,2.610,2.726,449800000,1198850000,0
2020-08-10,2.641,2.641,2.603,2.666,301160000,793750000,0
2020-08-11,2.643,2.600,2.590,2.680,398900000,1052830000,0
2020-08-12,2.596,2.548,2.492,2.604,701880000,1776970000,0
2020-08-13,2.560,2.535,2.521,2.566,337880000,860040000,0
2020-08-14,2.533,2.579,2.528,2.580,484820000,1240670000,0
2020-08-17,2.591,2.607,2.560,2.608,570620000,1477530000,0
2020-08-18,2.608,2.605,2.595,2.631,332640000,868340000,0
2020-08-19,2.604,2.524,2.521,2.610,336320000,859260000,0
2020-08-20,2.503,2.503,2.272,2.541,331200000,831090000,0
2020-08-21,2.520,2.547,2.519,2.555,334960000,850590000,0
2020-08-24,2.564,2.598,2.504,2.613,444980000,1144980000,0
2020-08-25,2.592,2.612,2.590,2.651,404290000,1057610000,0
2020-08-26,2.609,2.552,2.547,2.628,437210000,1130160000,0
2020-08-27,2.562,2.603,2.548,2.610,377360000,974800000,0
2020-08-28,2.590,2.666,2.586,2.670,400810000,1056260000,0
2020-08-31,2.676,2.637,2.633,2.687,348590000,927730000,0
2020-09-01,2.628,2.658,2.611,2.659,259460000,684920000,0
2020-09-02,2.657,2.676,2.634,2.692,331960000,885460000,0
2020-09-03,2.667,2.653,2.642,2.696,343140000,915510000,0
2020-09-04,2.609,2.638,2.596,2.649,313760000,821330000,0
2020-09-07,2.628,2.549,2.541,2.650,423260000,1097760000,0
2020-09-08,2.554,2.564,2.524,2.574,339690000,866440000,0
2020-09-09,2.533,2.440,2.421,2.533,522860000,1290300000,0
2020-09-10,2.462,2.403,2.390,2.478,364840000,890870000,0
2020-09-11,2.391,2.449,2.390,2.457,292040000,708370000,0
2020-09-14,2.476,2.484,2.461,2.515,326310000,811190000,0
2020-09-15,2.484,2.504,2.473,2.510,227160000,566730000,0
2020-09-16,2.506,2.470,2.454,2.507,171690000,425310000,0
2020-09-17,2.460,2.467,2.437,2.495,238430000,587710000,0
2020-09-18,2.468,2.513,2.450,2.514,303410000,753810000,0
2020-09-21,2.516,2.480,2.479,2.517,224880000,561390000,0
2020-09-22,2.470,2.469,2.462,2.508,228320000,568000000,0
2020-09-23,2.472,2.508,2.459,2.520,222710000,555640000,0
2020-09-24,2.490,2.454,2.451,2.496,226520000,559420000,0
2020-09-25,2.460,2.457,2.444,2.482,200710000,494280000,0
2020-09-28,2.465,2.434,2.432,2.467,165630000,405190000,0
2020-09-29,2.453,2.479,2.436,2.490,208620000,514660000,0
2020-09-30,2.478,2.489,2.472,2.513,219510000,547310000,0
2020-10-09,2.539,2.581,2.534,2.586,244200000,626370000,0
2020-10-12,2.606,2.683,2.601,2.683,364840000,968070000,0
2020-10-13,2.679,2.688,2.660,2.697,249890000,669090000,0
2020-10-14,2.682,2.668,2.664,2.696,201840000,540190000,0
2020-10-15,2.668,2.650,2.642,2.675,217480000,577160000,0
2020-10-16,2.641,2.634,2.602,2.658,202790000,533550000,0
2020-10-19,2.648,2.600,2.593,2.656,224150000,587730000,0
2020-10-20,2.594,2.645,2.594,2.646,249690000,654280000,0
2020-10-21,2.647,2.612,2.597,2.650,245500000,642840000,0
2020-10-22,2.594,2.582,2.556,2.599,280520000,722980000,0
2020-10-23,2.579,2.516,2.504,2.609,411910000,1049440000,0
2020-10-26,2.500,2.533,2.468,2.539,312470000,783910000,0
2020-10-27,2.520,2.560,2.520,2.563,253440000,645580000,0
2020-10-28,2.552,2.577,2.536,2.591,269910000,692050000,0
2020-10-29,2.548,2.607,2.542,2.619,277430000,717850000,0
2020-10-30,2.607,2.563,2.553,2.618,252840000,653690000,0
2020-11-02,2.570,2.617,2.570,2.628,289130000,752000000,0
2020-11-03,2.622,2.649,2.605,2.657,202760000,533930000,0
2020-11-04,2.644,2.658,2.629,2.661,219040000,580280000,0
2020-11-05,2.682,2.690,2.651,2.695,260610000,698630000,0
2020-11-06,2.693,2.637,2.618,2.697,304080000,803740000,0
2020-11-09,2.653,2.719,2.653,2.736,372100000,1004790000,0
2020-11-10,2.717,2.674,2.619,2.717,385980000,1034460000,0
2020-11-11,2.664,2.595,2.592,2.671,327200000,856980000,0
2020-11-12,2.602,2.607,2.595,2.628,207610000,541940000,0
2020-11-13,2.591,2.619,2.590,2.628,241040000,628170000,0
2020-11-16,2.626,2.620,2.583,2.627,228480000,596380000,0
2020-11-17,2.614,2.572,2.538,2.622,398270000,1021470000,0
2020-11-18,2.570,2.534,2.523,2.590,466230000,1185930000,0
2020-11-19,2.527,2.556,2.506,2.560,347370000,882130000,0
2020-11-20,2.553,2.576,2.552,2.584,306170000,787260000,0
2020-11-23,2.579,2.593,2.557,2.612,320300000,828390000,0
2020-11-24,2.591,2.582,2.571,2.604,177120000,457550000,0
2020-11-25,2.583,2.528,2.526,2.585,291120000,741590000,0
2020-11-26,2.529,2.522,2.498,2.542,326070000,820160000,0
2020-11-27,2.519,2.532,2.504,2.546,283540000,715240000,0
2020-11-30,2.532,2.541,2.506,2.563,363220000,922460000,0
2020-12-01,2.535,2.602,2.530,2.608,445010000,1148260000,0
2020-12-02,2.602,2.593,2.572,2.607,253880000,656780000,0
2020-12-03,2.583,2.619,2.577,2.628,307010000,800330000,0
2020-12-04,2.608,2.637,2.604,2.640,218980000,574350000,0
2020-12-07,2.625,2.628,2.620,2.643,198280000,521630000,0
2020-12-08,2.633,2.646,2.633,2.659,211420000,560170000,0
2020-12-09,2.650,2.598,2.596,2.665,294430000,773980000,0
2020-12-10,2.587,2.627,2.582,2.642,197930000,517200000,0
2020-12-11,2.629,2.601,2.575,2.637,222670000,579550000,0
2020-12-14,2.600,2.641,2.585,2.641,195950000,512960000,0
2020-12-15,2.633,2.667,2.629,2.668,220610000,585050000,0
2020-12-16,2.666,2.667,2.638,2.677,150550000,400180000,0
2020-12-17,2.659,2.694,2.646,2.695,185090000,495450000,0
2020-12-18,2.699,2.688,2.672,2.706,257720000,693600000,0
2020-12-21,2.687,2.778,2.686,2.781,424160000,1164670000,0
2020-12-22,2.767,2.718,2.716,2.792,272540000,750970000,0
2020-12-23,2.721,2.745,2.717,2.768,328850000,901280000,0
2020-12-24,2.741,2.726,2.718,2.753,388450000,1062300000,0
2020-12-25,2.715,2.749,2.695,2.749,521300000,1418880000,0
2020-12-28,2.748,2.745,2.724,2.764,191040000,524050000,0
2020-12-29,2.733,2.717,2.702,2.747,155320000,423360000,0
2020-12-30,2.720,2.799,2.720,2.807,263980000,733730000,0
2020-12-31,2.809,2.866,2.805,2.869,310690000,883260000,0
2021-01-04,2.864,2.976,2.861,2.990,247280000,727810000,0
2021-01-05,2.940,2.988,2.925,2.997,247000000,734650000,0
2021-01-06,3.000,3.003,2.953,3.030,229040000,684450000,0
2021-01-07,2.996,3.056,2.978,3.056,203000000,611870000,0
2021-01-08,3.065,3.036,3.011,3.086,186740000,566630000,0
2021-01-11,3.052,2.989,2.962,3.054,206810000,622610000,0
2021-01-12,2.980,3.076,2.954,3.076,185770000,560340000,0
2021-01-13,3.071,3.025,2.997,3.094,214100000,650800000,0
2021-01-14,3.010,2.987,2.959,3.036,235350000,705880000,0
2021-01-15,2.980,2.990,2.919,3.004,271270000,805190000,0
2021-01-18,2.969,3.046,2.949,3.058,231230000,698320000,0
2021-01-19,3.034,2.976,2.966,3.046,218120000,655650000,0
2021-01-20,2.992,3.096,2.987,3.098,298610000,913410000,0
2021-01-21,3.103,3.176,3.101,3.190,220790000,696150000,0
2021-01-22,3.170,3.241,3.165,3.252,256110000,821750000,0
2021-01-25,3.242,3.242,3.215,3.307,213680000,695590000,0
2021-01-26,3.222,3.152,3.140,3.228,333000000,1054570000,0
2021-01-27,3.151,3.166,3.085,3.184,227920000,714570000,0
2021-01-28,3.111,3.057,3.053,3.139,276320000,853130000,0
2021-01-29,3.089,3.029,2.966,3.108,319310000,971030000,0
2021-02-01,3.024,3.056,3.001,3.080,200810000,613120000,0
2021-02-02,3.062,3.118,3.023,3.120,270140000,833900000,0
2021-02-03,3.128,3.106,3.105,3.160,220220000,690040000,0
2021-02-04,3.090,3.098,3.048,3.134,209770000,648340000,0
2021-02-05,3.102,3.084,3.080,3.144,196770000,612710000,0
2021-02-09,3.171,3.222,3.163,3.223,234390000,749140000,0
2021-02-10,3.230,3.293,3.195,3.309,242320000,791270000,0
2021-02-18,3.353,3.202,3.186,3.359,319600000,1036750000,0
2021-02-19,3.191,3.170,3.086,3.192,374770000,1174620000,0
2021-02-22,3.156,3.032,3.030,3.159,389730000,1203310000,0
2021-02-23,3.000,3.009,2.988,3.046,311140000,936300000,0
2021-02-24,3.010,2.904,2.870,3.016,798070000,2338730000,0
2021-02-25,2.929,2.878,2.866,2.934,491830000,1426990000,0
2021-02-26,2.854,2.814,2.790,2.858,585090000,1649460000,0
2021-03-01,2.850,2.894,2.831,2.895,494000000,1416030000,0
2021-03-02,2.908,2.859,2.834,2.915,388720000,1119000000,0
2021-03-03,2.848,2.900,2.833,2.900,283150000,811820000,0
2021-03-04,2.863,2.751,2.743,2.863,750180000,2089980000,0
2021-03-05,2.706,2.772,2.705,2.795,527080000,1451450000,0
2021-03-08,2.783,2.633,2.631,2.803,805460000,2178710000,0
2021-03-09,2.618,2.547,2.520,2.640,810760000,2092870000,0
2021-03-10,2.607,2.586,2.572,2.622,605120000,1575020000,0
2021-03-11,2.585,2.650,2.581,2.670,514910000,1358030000,0
2021-03-12,2.666,2.658,2.616,2.673,348260000,921890000,0
2021-03-15,2.640,2.555,2.523,2.640,502880000,1292690000,0
2021-03-16,2.562,2.579,2.539,2.583,341410000,876210000,0
2021-03-17,2.560,2.607,2.540,2.622,363630000,942560000,0
2021-03-18,2.619,2.650,2.614,2.661,353970000,935920000,0
2021-03-19,2.608,2.579,2.562,2.632,294730000,764110000,0
2021-03-22,2.583,2.607,2.573,2.632,292610000,761580000,0
2021-03-23,2.595,2.579,2.551,2.614,275610000,710160000,0
2021-03-24,2.558,2.543,2.533,2.586,338690000,864350000,0
2021-03-25,2.522,2.567,2.515,2.578,331560000,845100000,0
2021-03-26,2.576,2.650,2.576,2.658,545180000,1431650000,0
2021-03-29,2.644,2.637,2.621,2.669,322720000,854260000,0
2021-03-30,2.627,2.673,2.625,2.682,258290000,687550000,0
2021-03-31,2.662,2.665,2.637,2.680,191450000,508500000,0
2021-04-01,2.665,2.718,2.665,2.720,274210000,740220000,0
2021-04-02,2.725,2.756,2.718,2.769,296900000,815600000,0
2021-04-06,2.762,2.730,2.711,2.769,233150000,637620000,0
2021-04-07,2.740,2.707,2.678,2.744,215110000,580660000,0
2021-04-08,2.694,2.728,2.682,2.740,180310000,490670000,0
2021-04-09,2.722,2.690,2.677,2.729,195840000,527590000,0
2021-04-12,2.683,2.627,2.618,2.715,278950000,741520000,0
2021-04-13,2.618,2.649,2.618,2.688,295400000,785200000,0
2021-04-14,2.654,2.707,2.652,2.710,228990000,615820000,0
2021-04-15,2.695,2.698,2.663,2.698,241250000,647310000,0
2021-04-16,2.707,2.688,2.650,2.709,243810000,652800000,0
2021-04-19,2.681,2.798,2.672,2.799,375470000,1034480000,0
2021-04-20,2.788,2.791,2.770,2.820,291870000,816630000,0
2021-04-21,2.767,2.814,2.767,2.818,202210000,565760000,0
2021-04-22,2.831,2.837,2.799,2.847,262160000,740860000,0
2021-04-23,2.824,2.891,2.824,2.905,303740000,874390000,0
2021-04-26,2.910,2.863,2.861,2.954,403540000,1176040000,0
2021-04-27,2.857,2.884,2.846,2.889,217180000,622870000,0
2021-04-28,2.884,2.949,2.877,2.950,265370000,775200000,0
2021-04-29,2.946,2.952,2.910,2.964,192840000,567770000,0
2021-04-30,2.941,2.989,2.932,3.004,252350000,750580000,0
2021-05-06,2.963,2.904,2.862,2.963,254490000,740130000,0
2021-05-07,2.910,2.819,2.816,2.925,313040000,895660000,0
2021-05-10,2.820,2.827,2.805,2.863,247280000,699790000,0
2021-05-11,2.796,2.823,2.769,2.837,283200000,794230000,0
2021-05-12,2.813,2.865,2.788,2.868,218440000,618370000,0
2021-05-13,2.836,2.845,2.814,2.871,205320000,583470000,0
2021-05-14,2.857,2.937,2.846,2.938,267660000,777500000,0
2021-05-17,2.945,3.007,2.945,3.024,340610000,1023740000,0
2021-05-18,3.000,2.988,2.964,3.023,189850000,567480000,0
2021-05-19,2.965,3.012,2.965,3.023,189130000,568360000,0
2021-05-20,3.003,3.043,3.003,3.054,161450000,489330000,0
2021-05-21,3.055,3.012,2.992,3.065,182910000,553120000,0
2021-05-24,3.010,3.036,2.972,3.040,194090000,585450000,0
2021-05-25,3.042,3.119,3.042,3.129,274280000,850820000,0
2021-05-26,3.120,3.095,3.080,3.120,217890000,674610000,0
2021-05-27,3.086,3.118,3.066,3.135,156760000,486550000,0
2021-05-28,3.117,3.121,3.099,3.175,227140000,713560000,0
2021-05-31,3.130,3.195,3.130,3.200,181400000,575850000,0
2021-06-01,3.180,3.188,3.136,3.200,170760000,542180000,0
2021-06-02,3.200,3.133,3.120,3.202,187010000,589870000,0
2021-06-03,3.129,3.099,3.094,3.149,169550000,529320000,0
2021-06-04,3.077,3.141,3.077,3.177,204930000,641450000,0
2021-06-07,3.136,3.122,3.092,3.136,154100000,479810000,0
2021-06-08,3.118,3.105,3.082,3.170,203090000,635030000,0
2021-06-09,3.096,3.100,3.079,3.120,140480000,435580000,0
2021-06-10,3.107,3.179,3.107,3.192,225090000,713270000,0
2021-06-11,3.196,3.195,3.159,3.212,184320000,588270000,0
2021-06-15,3.191,3.155,3.139,3.199,194040000,613730000,0
2021-06-16,3.145,3.024,3.021,3.153,299960000,920090000,0
2021-06-17,3.023,3.088,3.023,3.094,257680000,791340000,0
2021-06-18,3.096,3.137,3.095,3.160,215210000,673790000,0
2021-06-21,3.127,3.166,3.100,3.185,199220000,627740000,0
2021-06-22,3.170,3.174,3.119,3.190,175380000,553570000,0
2021-06-23,3.179,3.217,3.164,3.234,209370000,671310000,0
2021-06-24,3.212,3.174,3.160,3.218,142520000,453460000,0
2021-06-25,3.180,3.243,3.180,3.254,242240000,781180000,0
2021-06-28,3.238,3.305,3.236,3.313,216490000,712540000,0
2021-06-29,3.329,3.297,3.282,3.336,174540000,577440000,0
2021-06-30,3.302,3.373,3.277,3.373,182970000,611150000,0
2021-07-01,3.381,3.340,3.320,3.388,283590000,951820000,0
2021-07-02,3.332,3.227,3.224,3.332,212090000,691960000,0
2021-07-05,3.223,3.250,3.215,3.282,225890000,732920000,0
2021-07-06,3.242,3.196,3.142,3.266,286670000,915970000,0
2021-07-07,3.172,3.305,3.157,3.313,285330000,930430000,0
2021-07-08,3.317,3.322,3.305,3.360,171580000,571680000,0
2021-07-09,3.300,3.303,3.230,3.323,202970000,666540000,0
2021-07-12,3.339,3.427,3.315,3.445,188020000,638760000,0
2021-07-13,3.415,3.411,3.372,3.452,192650000,657280000,0
2021-07-14,3.402,3.382,3.357,3.432,166100000,564680000,0
2021-07-15,3.359,3.429,3.345,3.429,201330000,682490000,0
2021-07-16,3.410,3.328,3.322,3.412,192480000,648180000,0
2021-07-19,3.326,3.350,3.311,3.373,139310000,465560000,0
2021-07-20,3.318,3.356,3.311,3.379,173860000,582850000,0
2021-07-21,3.364,3.455,3.362,3.460,237360000,811990000,0
2021-07-22,3.455,3.438,3.404,3.463,163580000,560470000,0
2021-07-23,3.434,3.367,3.356,3.434,179580000,607640000,0
2021-07-26,3.340,3.270,3.193,3.360,282970000,927840000,0
2021-07-27,3.259,3.140,3.135,3.318,334980000,1085320000,0
2021-07-28,3.110,3.183,3.063,3.201,336880000,1061720000,0
2021-07-29,3.260,3.358,3.230,3.359,296180000,975240000,0
2021-07-30,3.340,3.328,3.292,3.371,205920000,685760000,0
2021-08-02,3.328,3.393,3.290,3.396,278470000,934240000,0
2021-08-03,3.390,3.363,3.340,3.408,164720000,554660000,0
2021-08-04,3.356,3.446,3.340,3.451,169480000,577360000,0
2021-08-05,3.440,3.419,3.398,3.457,150910000,516420000,0
2021-08-06,3.435,3.386,3.362,3.436,184140000,625520000,0
2021-08-09,3.351,3.348,3.304,3.360,346900000,1156330000,0
2021-08-10,3.340,3.366,3.315,3.366,171580000,573580000,0
2021-08-11,3.355,3.326,3.314,3.363,141570000,472640000,0
2021-08-12,3.320,3.280,3.276,3.330,149890000,494500000,0
2021-08-13,3.260,3.249,3.228,3.329,166170000,543980000,0
2021-08-16,3.225,3.206,3.187,3.244,180100000,578520000,0
2021-08-17,3.204,3.126,3.115,3.223,273110000,865960000,0
2021-08-18,3.134,3.160,3.123,3.171,223170000,701350000,0
2021-08-19,3.148,3.177,3.134,3.202,235220000,744830000,0
2021-08-20,3.155,3.100,3.067,3.167,292470000,908150000,0
2021-08-23,3.105,3.195,3.102,3.196,246690000,779140000,0
2021-08-24,3.195,3.225,3.169,3.247,207490000,667830000,0
2021-08-25,3.225,3.241,3.193,3.244,133970000,431470000,0
2021-08-26,3.247,3.164,3.161,3.261,156670000,501760000,0
2021-08-27,3.160,3.158,3.141,3.197,143770000,454950000,0
2021-08-30,3.170,3.164,3.147,3.214,168860000,536850000,0
2021-08-31,3.163,3.106,3.086,3.168,195110000,608180000,0
2021-09-01,3.110,3.094,3.035,3.124,209540000,644310000,0
2021-09-02,3.080,3.046,3.039,3.097,194800000,596880000,0
2021-09-03,3.046,3.010,2.996,3.071,228800000,693050000,0
2021-09-06,3.012,3.129,2.993,3.130,288690000,888940000,0
2021-09-07,3.113,3.147,3.107,3.159,200790000,629220000,0
2021-09-08,3.152,3.123,3.115,3.180,133980000,420780000,0
2021-09-09,3.116,3.126,3.076,3.145,166280000,516470000,0
2021-09-10,3.113,3.135,3.089,3.145,138510000,431830000,0
2021-09-13,3.127,3.095,3.085,3.156,154730000,481290000,0
2021-09-14,3.094,3.140,3.085,3.174,195950000,615570000,0
2021-09-15,3.122,3.105,3.088,3.133,149920000,465230000,0
2021-09-16,3.103,3.035,3.032,3.103,155380000,475460000,0
2021-09-17,3.027,3.097,3.026,3.101,135900000,416330000,0
2021-09-22,3.057,3.068,3.051,3.100,129940000,399140000,0
2021-09-23,3.087,3.086,3.059,3.111,128890000,397540000,0
2021-09-24,3.077,3.109,3.071,3.147,220300000,686280000,0
2021-09-27,3.119,3.130,3.111,3.177,172280000,542900000,0
2021-09-28,3.118,3.114,3.102,3.170,132080000,413920000,0
2021-09-29,3.095,3.083,3.067,3.109,128650000,397040000,0
2021-09-30,3.088,3.148,3.084,3.155,168200000,526240000,0
2021-10-08,3.169,3.138,3.125,3.186,146530000,462010000,0
2021-10-11,3.147,3.096,3.092,3.156,123880000,386580000,0
2021-10-12,3.081,3.042,3.013,3.102,191120000,584160000,0
2021-10-13,3.040,3.109,3.040,3.110,160200000,493470000,0
2021-10-14,3.100,3.112,3.100,3.138,141220000,440660000,0
2021-10-15,3.110,3.176,3.088,3.180,148860000,469410000,0
2021-10-18,3.178,3.172,3.128,3.185,136330000,429830000,0
2021-10-19,3.180,3.191,3.168,3.208,115990000,370010000,0
2021-10-20,3.190,3.185,3.172,3.215,99610000,318200000,0
2021-10-21,3.188,3.174,3.155,3.200,84780000,269220000,0
2021-10-22,3.184,3.185,3.166,3.205,127470000,406130000,0
2021-10-25,3.182,3.236,3.182,3.237,116810000,376350000,0
2021-10-26,3.256,3.221,3.217,3.262,110950000,359490000,0
2021-10-27,3.221,3.205,3.182,3.221,85250000,272830000,0
2021-10-28,3.196,3.178,3.163,3.232,129880000,415140000,0
2021-10-29,3.186,3.249,3.151,3.250,162240000,519200000,0
2021-11-01,3.245,3.224,3.201,3.268,121980000,394370000,0
2021-11-02,3.227,3.228,3.205,3.266,130110000,421530000,0
2021-11-03,3.213,3.222,3.198,3.260,119040000,384320000,0
2021-11-04,3.233,3.260,3.233,3.275,115120000,374780000,0
2021-11-05,3.243,3.248,3.243,3.276,98630000,321720000,0
2021-11-08,3.240,3.278,3.234,3.287,106450000,347490000,0
2021-11-09,3.278,3.300,3.269,3.302,97770000,321420000,0
2021-11-10,3.287,3.296,3.236,3.300,144470000,472930000,0
2021-11-11,3.284,3.324,3.279,3.333,92900000,308170000,0
2021-11-12,3.318,3.324,3.300,3.335,91080000,302150000,0
2021-11-15,3.324,3.295,3.284,3.329,109480000,361460000,0
2021-11-16,3.292,3.282,3.280,3.315,99180000,326990000,0
2021-11-17,3.284,3.317,3.284,3.319,87740000,290280000,0
2021-11-18,3.305,3.274,3.268,3.308,135340000,444480000,0
2021-11-19,3.273,3.313,3.271,3.315,119880000,395480000,0
2021-11-22,3.322,3.393,3.314,3.395,138370000,465560000,0
2021-11-23,3.392,3.380,3.371,3.402,87440000,296010000,0
2021-11-24,3.381,3.362,3.357,3.392,90530000,305380000,0
2021-11-25,3.366,3.368,3.353,3.386,112000000,377310000,0
2021-11-26,3.367,3.364,3.350,3.390,64330000,216780000,0
2021-11-29,3.345,3.389,3.338,3.411,147850000,501420000,0
2021-11-30,3.395,3.386,3.364,3.408,131530000,444540000,0
2021-12-01,3.377,3.365,3.352,3.389,78510000,264340000,0
2021-12-02,3.354,3.355,3.346,3.375,71580000,240580000,0
2021-12-03,3.355,3.370,3.340,3.372,91860000,308520000,0
2021-12-06,3.354,3.294,3.293,3.368,135540000,450900000,0
2021-12-07,3.314,3.266,3.235,3.317,132840000,433550000,0
2021-12-08,3.266,3.314,3.266,3.320,113980000,375740000,0
2021-12-09,3.304,3.353,3.290,3.353,129890000,432890000,0
2021-12-10,3.335,3.370,3.324,3.377,79560000,266990000,0
2021-12-13,3.362,3.389,3.347,3.400,103790000,351040000,0
2021-12-14,3.370,3.384,3.370,3.396,77660000,262770000,0
2021-12-15,3.382,3.355,3.355,3.411,80330000,271900000,0
2021-12-16,3.361,3.378,3.357,3.384,74460000,250960000,0
2021-12-17,3.376,3.328,3.320,3.376,91740000,306520000,0
2021-12-20,3.322,3.225,3.218,3.328,181020000,589480000,0
2021-12-21,3.227,3.247,3.204,3.250,160420000,518740000,0
2021-12-22,3.249,3.260,3.248,3.273,95580000,311820000,0
2021-12-23,3.269,3.269,3.252,3.282,74430000,243090000,0
2021-12-24,3.268,3.196,3.181,3.275,118250000,379370000,0
2021-12-27,3.183,3.190,3.173,3.212,102620000,327520000,0
2021-12-28,3.193,3.226,3.178,3.229,142550000,456900000,0
2021-12-29,3.216,3.182,3.176,3.218,141500000,451280000,0
2021-12-30,3.180,3.219,3.176,3.233,194030000,623400000,0
2021-12-31,3.231,3.218,3.207,3.247,113570000,365770000,0
2022-01-04,3.236,3.154,3.140,3.242,132940000,420460000,0
2022-01-05,3.151,3.064,3.049,3.151,332670000,1024200000,0
2022-01-06,3.043,3.034,2.999,3.054,394000000,1191710000,0
2022-01-07,3.035,3.003,2.998,3.046,253290000,763630000,0
2022-01-10,3.000,2.998,2.958,3.018,256390000,766780000,0
2022-01-11,2.998,2.960,2.956,3.008,246060000,731620000,0
2022-01-12,2.984,3.035,2.984,3.039,339830000,1024280000,0
2022-01-13,3.042,2.990,2.988,3.043,216180000,650930000,0
2022-01-14,2.975,3.015,2.967,3.027,210130000,631550000,0
2022-01-17,3.000,3.068,3.000,3.075,188040000,574320000,0
2022-01-18,3.057,3.047,3.038,3.075,163350000,499160000,0
2022-01-19,3.036,2.985,2.958,3.047,314390000,940910000,0
2022-01-20,2.973,2.975,2.962,3.002,180660000,538080000,0
2022-01-21,2.957,2.941,2.927,2.973,269310000,792710000,0
2022-01-24,2.929,2.962,2.924,2.972,237570000,701820000,0
2022-01-25,2.940,2.881,2.881,2.961,286980000,838920000,0
2022-01-26,2.893,2.906,2.860,2.914,229200000,663440000,0
2022-01-27,2.889,2.815,2.813,2.904,402580000,1146570000,0
2022-01-28,2.848,2.819,2.794,2.869,305310000,866770000,0
2022-02-07,2.870,2.830,2.815,2.891,257570000,734470000,0
2022-02-08,2.826,2.758,2.697,2.826,454020000,1245270000,0
2022-02-09,2.749,2.791,2.729,2.797,275940000,763260000,0
2022-02-10,2.794,2.740,2.711,2.800,370920000,1016150000,0
2022-02-11,2.715,2.660,2.655,2.725,434960000,1171180000,0
2022-02-14,2.648,2.646,2.626,2.687,394350000,1047250000,0
2022-02-15,2.653,2.726,2.653,2.728,468560000,1262880000,0
2022-02-16,2.733,2.725,2.718,2.750,314090000,859250000,0
2022-02-17,2.716,2.744,2.705,2.768,336010000,922860000,0
2022-02-18,2.727,2.739,2.713,2.740,249120000,679900000,0
2022-02-21,2.739,2.713,2.706,2.747,244860000,666520000,0
2022-02-22,2.689,2.678,2.656,2.692,373310000,996240000,0
2022-02-23,2.683,2.754,2.680,2.754,363210000,989580000,0
2022-02-24,2.721,2.693,2.662,2.759,469740000,1275510000,0
2022-02-25,2.732,2.763,2.732,2.790,417150000,1153130000,0
2022-02-28,2.763,2.786,2.741,2.787,297340000,822800000,0
2022-03-01,2.800,2.795,2.772,2.814,297160000,829890000,0
2022-03-02,2.777,2.741,2.721,2.777,323910000,887830000,0
2022-03-03,2.760,2.704,2.701,2.761,355780000,967360000,0
2022-03-04,2.681,2.662,2.652,2.710,421570000,1129160000,0
2022-03-07,2.641,2.543,2.535,2.642,657430000,1693030000,0
2022-03-08,2.540,2.507,2.486,2.568,823470000,2081930000,0
2022-03-09,2.515,2.483,2.388,2.526,1000330000,2464940000,0
2022-03-10,2.552,2.547,2.525,2.578,937140000,2395100000,0
2022-03-11,2.502,2.583,2.484,2.585,574150000,1451680000,0
2022-03-14,2.547,2.490,2.489,2.564,500410000,1264480000,0
2022-03-15,2.455,2.421,2.421,2.540,720370000,1782040000,0
2022-03-16,2.460,2.552,2.400,2.557,1118260000,2779610000,0
2022-03-17,2.595,2.624,2.590,2.674,981920000,2582590000,0
2022-03-18,2.610,2.635,2.582,2.642,407460000,1064220000,0
2022-03-21,2.639,2.636,2.614,2.666,459000000,1212820000,0
2022-03-22,2.623,2.602,2.589,2.626,304340000,792870000,0
2022-03-23,2.619,2.629,2.597,2.639,344180000,902280000,0
2022-03-24,2.605,2.620,2.571,2.638,434300000,1128840000,0
2022-03-25,2.612,2.565,2.559,2.627,508860000,1313440000,0
2022-03-28,2.540,2.512,2.494,2.545,545920000,1374740000,0
2022-03-29,2.517,2.511,2.499,2.548,413880000,1044200000,0
2022-03-30,2.527,2.610,2.524,2.610,544340000,1401460000,0
2022-03-31,2.595,2.574,2.563,2.600,390440000,1006760000,0
2022-04-01,2.550,2.580,2.548,2.599,421010000,1086470000,0
2022-04-06,2.566,2.550,2.533,2.577,353500000,900490000,0
2022-04-07,2.535,2.496,2.495,2.547,442820000,1112920000,0
2022-04-08,2.496,2.491,2.467,2.525,346640000,864110000,0
2022-04-11,2.460,2.386,2.378,2.465,605010000,1456180000,0
2022-04-12,2.386,2.440,2.381,2.442,471390000,1136470000,0
2022-04-13,2.418,2.394,2.391,2.433,478170000,1152800000,0
2022-04-14,2.420,2.389,2.365,2.430,757310000,1810300000,0
2022-04-15,2.360,2.385,2.339,2.406,522690000,1238910000,0
2022-04-18,2.361,2.412,2.335,2.413,538180000,1280920000,0
2022-04-19,2.398,2.377,2.368,2.430,438890000,1049970000,0
2022-04-20,2.376,2.288,2.284,2.376,818080000,1899260000,0
2022-04-21,2.270,2.240,2.227,2.304,655450000,1485230000,0
2022-04-22,2.221,2.225,2.207,2.252,594210000,1324390000,0
2022-04-25,2.177,2.103,2.103,2.192,1044160000,2241220000,0
2022-04-26,2.103,2.086,2.083,2.150,1020150000,2151860000,0
2022-04-27,2.066,2.200,2.057,2.200,1365180000,2893830000,0
2022-04-28,2.172,2.158,2.138,2.194,778830000,1683690000,0
2022-04-29,2.166,2.244,2.152,2.250,838180000,1849310000,0
2022-05-05,2.200,2.212,2.174,2.244,765490000,1693010000,0
2022-05-06,2.160,2.177,2.148,2.203,733630000,1598500000,0
2022-05-09,2.165,2.162,2.145,2.194,327420000,709050000,0
2022-05-10,2.136,2.204,2.121,2.217,637880000,1394480000,0
2022-05-11,2.206,2.272,2.203,2.323,1284480000,2927960000,0
2022-05-12,2.256,2.277,2.251,2.295,611510000,1390420000,0
2022-05-13,2.290,2.285,2.260,2.298,433220000,987480000,0
2022-05-16,2.295,2.257,2.256,2.319,460000000,1048770000,0
2022-05-17,2.256,2.293,2.249,2.297,340270000,775880000,0
2022-05-18,2.291,2.290,2.277,2.310,297730000,682920000,0
2022-05-19,2.255,2.306,2.255,2.306,394460000,900620000,0
2022-05-20,2.317,2.347,2.310,2.352,384370000,896930000,0
2022-05-23,2.347,2.332,2.313,2.348,300700000,700390000,0
2022-05-24,2.331,2.246,2.246,2.331,571080000,1301870000,0
2022-05-25,2.246,2.253,2.233,2.260,445040000,998800000,0
2022-05-26,2.254,2.249,2.212,2.271,496380000,1114150000,0
2022-05-27,2.268,2.251,2.238,2.304,463130000,1052160000,0
2022-05-30,2.262,2.276,2.252,2.289,359270000,816600000,0
2022-05-31,2.276,2.334,2.251,2.338,396980000,913290000,0
2022-06-01,2.333,2.354,2.321,2.366,413110000,970270000,0
2022-06-02,2.341,2.386,2.336,2.389,327390000,777180000,0
2022-06-06,2.380,2.477,2.379,2.483,465680000,1141790000,0
2022-06-07,2.474,2.478,2.457,2.498,316060000,782230000,0
2022-06-08,2.477,2.494,2.433,2.498,392040000,966850000,0
2022-06-09,2.477,2.423,2.419,2.487,332060000,813530000,0
2022-06-10,2.408,2.480,2.404,2.481,314440000,771160000,0
2022-06-13,2.458,2.469,2.448,2.488,279980000,690640000,0
2022-06-14,2.443,2.475,2.388,2.480,420420000,1020710000,0
2022-06-15,2.476,2.497,2.473,2.554,504100000,1265060000,0
2022-06-16,2.498,2.507,2.494,2.539,365610000,920030000,0
2022-06-17,2.482,2.584,2.482,2.588,463350000,1181370000,0
2022-06-20,2.590,2.626,2.588,2.661,434270000,1139680000,0
2022-06-21,2.626,2.615,2.586,2.643,343340000,896830000,0
2022-06-22,2.614,2.596,2.595,2.642,337790000,885370000,0
2022-06-23,2.601,2.680,2.594,2.680,333310000,879220000,0
2022-06-24,2.697,2.738,2.678,2.740,344320000,934980000,0
2022-06-27,2.751,2.741,2.735,2.780,351170000,967430000,0
2022-06-28,2.739,2.754,2.690,2.767,301970000,821990000,0
2022-06-29,2.734,2.683,2.680,2.760,418820000,1139620000,0
2022-06-30,2.689,2.730,2.689,2.751,385120000,1049190000,0
2022-07-01,2.728,2.699,2.687,2.738,373320000,1012250000,0
2022-07-04,2.682,2.750,2.663,2.750,422450000,1149830000,0
2022-07-05,2.758,2.739,2.701,2.784,319080000,872910000,0
2022-07-06,2.734,2.725,2.694,2.773,355300000,973780000,0
2022-07-07,2.721,2.769,2.709,2.770,297700000,817220000,0
2022-07-08,2.779,2.731,2.727,2.803,341030000,940910000,0
2022-07-11,2.729,2.690,2.661,2.729,331210000,889550000,0
2022-07-12,2.682,2.622,2.618,2.692,366680000,970730000,0
2022-07-13,2.628,2.665,2.595,2.681,403440000,1065750000,0
2022-07-14,2.653,2.735,2.649,2.758,402200000,1094290000,0
2022-07-15,2.729,2.680,2.680,2.755,317930000,865850000,0
2022-07-18,2.685,2.717,2.657,2.732,295950000,797790000,0
2022-07-19,2.715,2.670,2.658,2.715,317930000,853330000,0
2022-07-20,2.682,2.680,2.674,2.706,211530000,569200000,0
2022-07-21,2.674,2.670,2.660,2.712,240080000,645790000,0
2022-07-22,2.694,2.651,2.635,2.706,273100000,729310000,0
2022-07-25,2.647,2.629,2.615,2.657,268890000,707530000,0
2022-07-26,2.628,2.634,2.603,2.650,296400000,778610000,0
2022-07-27,2.629,2.637,2.616,2.650,248050000,652820000,0
2022-07-28,2.653,2.629,2.624,2.669,280330000,741480000,0
2022-07-29,2.633,2.594,2.588,2.639,324830000,847750000,0
2022-08-01,2.580,2.657,2.562,2.657,296640000,776180000,0
2022-08-02,2.627,2.605,2.575,2.637,361890000,943590000,0
2022-08-03,2.613,2.553,2.545,2.637,294160000,761910000,0
2022-08-04,2.560,2.565,2.536,2.578,273720000,700220000,0
2022-08-05,2.566,2.606,2.561,2.610,297500000,770490000,0
2022-08-08,2.588,2.596,2.571,2.602,225590000,584360000,0
2022-08-09,2.596,2.614,2.580,2.620,181720000,473720000,0
2022-08-10,2.606,2.579,2.570,2.614,201740000,522630000,0
2022-08-11,2.590,2.647,2.572,2.647,292070000,764680000,0
2022-08-12,2.633,2.613,2.611,2.639,239230000,626910000,0
2022-08-15,2.606,2.638,2.606,2.654,214190000,564950000,0
2022-08-16,2.639,2.652,2.638,2.679,211320000,562020000,0
2022-08-17,2.653,2.695,2.639,2.702,251220000,671660000,0
2022-08-18,2.687,2.693,2.682,2.713,194600000,525080000,0
2022-08-19,2.693,2.653,2.652,2.698,192540000,514620000,0
2022-08-22,2.650,2.699,2.634,2.701,241180000,645460000,0
2022-08-23,2.690,2.697,2.683,2.719,204360000,551730000,0
2022-08-24,2.714,2.600,2.597,2.721,386990000,1021890000,0
2022-08-25,2.604,2.590,2.558,2.615,254650000,657180000,0
2022-08-26,2.581,2.566,2.556,2.598,227230000,585540000,0
2022-08-29,2.541,2.553,2.525,2.564,227400000,579750000,0
2022-08-30,2.551,2.538,2.520,2.555,221380000,561430000,0
2022-08-31,2.525,2.491,2.474,2.537,329720000,825010000,0
2022-09-01,2.487,2.463,2.457,2.508,294970000,732780000,0
2022-09-02,2.466,2.461,2.443,2.480,349020000,858990000,0
2022-09-05,2.454,2.467,2.445,2.479,299680000,736900000,0
2022-09-06,2.466,2.468,2.420,2.470,466530000,1142580000,0
2022-09-07,2.450,2.493,2.443,2.509,385940000,959510000,0
2022-09-08,2.494,2.448,2.445,2.496,344800000,850820000,0
2022-09-09,2.453,2.476,2.449,2.477,269630000,664270000,0
2022-09-13,2.485,2.475,2.460,2.494,203550000,503960000,0
2022-09-14,2.445,2.431,2.415,2.454,270650000,659190000,0
2022-09-15,2.431,2.349,2.336,2.438,455640000,1083980000,0
2022-09-16,2.341,2.297,2.297,2.356,483350000,1122300000,0
2022-09-19,2.292,2.285,2.270,2.318,399160000,915200000,0
2022-09-20,2.295,2.297,2.285,2.327,360220000,830490000,0
2022-09-21,2.284,2.265,2.256,2.289,521180000,1181940000,0
2022-09-22,2.250,2.252,2.236,2.280,367290000,828820000,0
2022-09-23,2.245,2.239,2.209,2.268,531740000,1189490000,0
2022-09-26,2.226,2.253,2.220,2.288,528000000,1194650000,0
2022-09-27,2.258,2.306,2.258,2.306,478840000,1091040000,0
2022-09-28,2.294,2.249,2.248,2.300,464720000,1052920000,0
2022-09-29,2.269,2.267,2.251,2.288,407570000,925350000,0
2022-09-30,2.259,2.221,2.219,2.276,437160000,982230000,0
2022-10-10,2.219,2.166,2.166,2.232,417160000,915090000,0
2022-10-11,2.183,2.192,2.176,2.206,394010000,863600000,0
2022-10-12,2.191,2.274,2.169,2.275,739270000,1644070000,0
2022-10-13,2.255,2.282,2.252,2.305,596260000,1363150000,0
2022-10-14,2.315,2.365,2.297,2.380,667120000,1559030000,0
2022-10-17,2.349,2.362,2.333,2.375,389870000,918320000,0
2022-10-18,2.380,2.373,2.355,2.397,450960000,1071040000,0
2022-10-19,2.366,2.355,2.351,2.390,402420000,953360000,0
2022-10-20,2.340,2.337,2.296,2.375,667020000,1556560000,0
2022-10-21,2.337,2.321,2.310,2.342,442920000,1030040000,0
2022-10-24,2.323,2.266,2.253,2.348,771540000,1771920000,0
2022-10-25,2.252,2.241,2.214,2.279,666100000,1496710000,0
2022-10-26,2.251,2.302,2.251,2.329,671960000,1543140000,0
2022-10-27,2.319,2.265,2.265,2.320,530350000,1214530000,0
2022-10-28,2.247,2.187,2.179,2.259,732200000,1625580000,0
2022-10-31,2.166,2.202,2.164,2.231,682880000,1503480000,0
2022-11-01,2.208,2.275,2.186,2.275,762560000,1699350000,0
2022-11-02,2.261,2.305,2.256,2.325,721460000,1655590000,0
2022-11-03,2.283,2.309,2.283,2.316,629230000,1449670000,0
2022-11-04,2.307,2.383,2.304,2.394,686860000,1620340000,0
2022-11-07,2.372,2.379,2.360,2.400,543150000,1292480000,0
2022-11-08,2.379,2.363,2.341,2.386,492220000,1162300000,0
2022-11-09,2.356,2.326,2.326,2.362,508980000,1190840000,0
2022-11-10,2.313,2.288,2.276,2.321,738970000,1697720000,0
2022-11-11,2.400,2.330,2.330,2.400,1030190000,2423410000,0
2022-11-14,2.333,2.302,2.296,2.345,573690000,1332200000,0
2022-11-15,2.297,2.361,2.287,2.362,690060000,1607890000,0
2022-11-16,2.359,2.330,2.327,2.372,566350000,1328660000,0
2022-11-17,2.322,2.316,2.281,2.322,629680000,1446040000,0
2022-11-18,2.317,2.315,2.312,2.348,743980000,1733410000,0
2022-11-21,2.298,2.319,2.291,2.320,381540000,879700000,0
2022-11-22,2.312,2.273,2.263,2.316,598290000,1368850000,0
2022-11-23,2.269,2.269,2.233,2.288,582690000,1317380000,0
2022-11-24,2.276,2.264,2.262,2.289,317980000,723240000,0
2022-11-25,2.261,2.242,2.238,2.261,340950000,766180000,0
2022-11-28,2.203,2.233,2.197,2.235,487090000,1077710000,0
2022-11-29,2.233,2.268,2.228,2.280,647590000,1462120000,0
2022-11-30,2.266,2.265,2.255,2.277,444990000,1007900000,0
2022-12-01,2.312,2.311,2.308,2.332,620520000,1439500000,0
2022-12-02,2.310,2.316,2.302,2.339,438410000,1018350000,0
2022-12-05,2.327,2.313,2.298,2.334,761530000,1758130000,0
2022-12-06,2.301,2.319,2.299,2.346,493990000,1147770000,0
2022-12-07,2.311,2.343,2.308,2.359,745060000,1744170000,0
2022-12-08,2.337,2.338,2.326,2.351,304340000,711780000,0
2022-12-09,2.337,2.348,2.323,2.353,358340000,837520000,0
2022-12-12,2.342,2.333,2.330,2.348,388160000,907490000,0
2022-12-13,2.334,2.305,2.303,2.336,362350000,838700000,0
2022-12-14,2.309,2.299,2.293,2.320,333570000,768090000,0
2022-12-15,2.299,2.326,2.295,2.330,435110000,1005900000,0
2022-12-16,2.312,2.298,2.291,2.319,396640000,913540000,0
2022-12-19,2.304,2.274,2.267,2.317,447690000,1025540000,0
2022-12-20,2.270,2.243,2.242,2.271,408480000,920760000,0
2022-12-21,2.244,2.240,2.225,2.253,339060000,759300000,0
2022-12-22,2.249,2.235,2.221,2.259,406770000,911850000,0
2022-12-23,2.216,2.222,2.207,2.236,436250000,969070000,0
2022-12-26,2.224,2.262,2.222,2.265,571470000,1287210000,0
2022-12-27,2.268,2.293,2.256,2.295,565060000,1286940000,0
2022-12-28,2.278,2.267,2.257,2.281,426920000,968580000,0
2022-12-29,2.255,2.277,2.252,2.295,439090000,1001300000,0
2022-12-30,2.287,2.279,2.278,2.298,380230000,869410000,0
2023-01-03,2.267,2.289,2.246,2.293,415440000,943670000,0
2023-01-04,2.280,2.267,2.255,2.283,364280000,827060000,0
2023-01-05,2.276,2.330,2.274,2.334,660400000,1524540000,0
2023-01-06,2.321,2.350,2.315,2.368,496570000,1164820000,0
2023-01-09,2.361,2.365,2.356,2.382,319510000,756780000,0
2023-01-10,2.365,2.401,2.360,2.406,376400000,898090000,0
2023-01-11,2.401,2.374,2.369,2.409,292320000,698040000,0
2023-01-12,2.383,2.382,2.375,2.404,347600000,829710000,0
2023-01-13,2.397,2.417,2.388,2.417,379220000,909950000,0
2023-01-16,2.421,2.462,2.417,2.492,515890000,1269930000,0
2023-01-17,2.465,2.470,2.460,2.483,246210000,608460000,0
2023-01-18,2.479,2.468,2.457,2.482,264110000,652160000,0
2023-01-19,2.465,2.496,2.454,2.498,301660000,748630000,0
2023-01-20,2.505,2.507,2.495,2.518,400850000,1004660000,0
2023-01-30,2.577,2.533,2.532,2.579,568400000,1450510000,0
2023-01-31,2.533,2.507,2.497,2.543,374500000,943680000,0
2023-02-01,2.516,2.537,2.495,2.538,463860000,1167800000,0
2023-02-02,2.544,2.524,2.519,2.554,311960000,791120000,0
2023-02-03,2.515,2.500,2.475,2.527,463220000,1158330000,0
2023-02-06,2.486,2.468,2.449,2.486,424020000,1045610000,0
2023-02-07,2.474,2.461,2.445,2.482,396780000,976600000,0
2023-02-08,2.466,2.447,2.445,2.475,392950000,966330000,0
2023-02-09,2.444,2.493,2.440,2.496,473030000,1172120000,0
2023-02-10,2.493,2.465,2.455,2.494,426410000,1054100000,0
2023-02-13,2.463,2.495,2.463,2.502,400300000,995870000,0
2023-02-14,2.502,2.490,2.475,2.508,270950000,673560000,0
2023-02-15,2.488,2.468,2.466,2.498,275920000,682670000,0
2023-02-16,2.473,2.436,2.422,2.491,440440000,1083730000,0
2023-02-17,2.433,2.378,2.375,2.439,594950000,1429280000,0
2023-02-20,2.372,2.403,2.353,2.409,533370000,1269510000,0
2023-02-21,2.401,2.395,2.378,2.407,378100000,905100000,0
2023-02-22,2.385,2.377,2.372,2.399,342060000,815120000,0
2023-02-23,2.379,2.385,2.374,2.398,384930000,918340000,0
2023-02-24,2.388,2.357,2.354,2.390,493530000,1167370000,0
2023-02-27,2.347,2.340,2.333,2.362,505280000,1183930000,0
2023-02-28,2.350,2.359,2.334,2.362,476690000,1120630000,0
2023-03-01,2.358,2.372,2.344,2.378,641240000,1515000000,0
2023-03-02,2.368,2.347,2.341,2.371,504650000,1187930000,0
2023-03-03,2.353,2.352,2.332,2.362,563210000,1323370000,0
2023-03-06,2.356,2.361,2.320,2.365,773800000,1815380000,0
2023-03-07,2.354,2.312,2.311,2.359,895700000,2091310000,0
2023-03-08,2.303,2.308,2.296,2.319,761170000,1754540000,0
2023-03-09,2.309,2.303,2.296,2.316,694810000,1602670000,0
2023-03-10,2.295,2.300,2.284,2.318,992960000,2284810000,0
2023-03-13,2.295,2.287,2.276,2.306,1019590000,2333100000,0
2023-03-14,2.285,2.276,2.238,2.287,1167430000,2646250000,0
2023-03-15,2.285,2.268,2.266,2.303,1018740000,2327200000,0
2023-03-16,2.257,2.233,2.230,2.265,1283580000,2884550000,0
2023-03-17,2.248,2.228,2.221,2.252,1648030000,3685850000,0
2023-03-20,2.229,2.226,2.213,2.250,1592100000,3546730000,0
2023-03-21,2.233,2.265,2.232,2.266,1625920000,3658670000,0
2023-03-22,2.270,2.270,2.260,2.286,1437070000,3267480000,0
2023-03-23,2.262,2.288,2.259,2.288,862700000,1965790000,0
2023-03-24,2.292,2.297,2.282,2.300,848560000,1946230000,0
2023-03-27,2.293,2.323,2.290,2.325,1204910000,2786920000,0
2023-03-28,2.322,2.298,2.293,2.322,617310000,1422970000,0
2023-03-29,2.300,2.297,2.294,2.309,558500000,1286210000,0
2023-03-30,2.300,2.313,2.290,2.313,565200000,1301420000,0
2023-03-31,2.321,2.327,2.314,2.328,680840000,1580920000,0
2023-04-03,2.327,2.366,2.327,2.370,1109620000,2608460000,0
2023-04-04,2.366,2.350,2.336,2.367,776430000,1822000000,0
2023-04-06,2.334,2.354,2.331,2.355,548710000,1285380000,0
2023-04-07,2.351,2.369,2.347,2.380,568430000,1346650000,0
2023-04-10,2.379,2.368,2.358,2.385,826440000,1960480000,0
2023-04-11,2.367,2.362,2.351,2.386,505810000,1197320000,0
2023-04-12,2.364,2.353,2.342,2.364,535620000,1259520000,0
2023-04-13,2.345,2.332,2.332,2.352,441530000,1033290000,0
2023-04-14,2.342,2.355,2.336,2.356,533890000,1254210000,0
2023-04-17,2.354,2.364,2.348,2.366,422980000,997150000,0
2023-04-18,2.362,2.354,2.350,2.372,468660000,1105880000,0
2023-04-19,2.356,2.339,2.338,2.356,309090000,724990000,0
2023-04-20,2.337,2.314,2.304,2.338,543490000,1259890000,0
2023-04-21,2.318,2.269,2.268,2.326,691770000,1587990000,0
2023-04-24,2.267,2.234,2.220,2.269,729420000,1633650000,0
2023-04-25,2.236,2.193,2.178,2.241,1360850000,2993350000,0
2023-04-26,2.187,2.226,2.184,2.238,1108300000,2461080000,0
2023-04-27,2.219,2.240,2.215,2.247,459020000,1025640000,0
2023-04-28,2.247,2.255,2.236,2.260,413310000,929420000,0
2023-05-04,2.253,2.230,2.224,2.253,384570000,858950000,0
2023-05-05,2.228,2.202,2.194,2.230,525800000,1161400000,0
2023-05-08,2.210,2.213,2.188,2.214,776160000,1709960000,0
2023-05-09,2.209,2.180,2.179,2.211,808960000,1776820000,0
2023-05-10,2.176,2.199,2.166,2.210,1177440000,2574160000,0
2023-05-11,2.201,2.211,2.200,2.229,831430000,1841290000,0
2023-05-12,2.211,2.185,2.185,2.220,598690000,1317690000,0
2023-05-15,2.192,2.234,2.190,2.235,691640000,1532620000,0
2023-05-16,2.242,2.228,2.222,2.244,625000000,1395160000,0
2023-05-17,2.230,2.229,2.217,2.236,622140000,1384600000,0
2023-05-18,2.233,2.215,2.198,2.237,767040000,1699670000,0
2023-05-19,2.212,2.215,2.206,2.229,447230000,991730000,0
2023-05-22,2.216,2.214,2.201,2.227,517290000,1144620000,0
2023-05-23,2.216,2.187,2.186,2.218,693360000,1527020000,0
2023-05-24,2.181,2.183,2.175,2.204,739500000,1618150000,0
2023-05-25,2.179,2.184,2.166,2.194,812700000,1770840000,0
2023-05-26,2.183,2.167,2.153,2.183,918180000,1990150000,0
2023-05-29,2.171,2.143,2.136,2.177,712520000,1531860000,0
2023-05-30,2.139,2.155,2.120,2.157,724970000,1552000000,0
2023-05-31,2.149,2.131,2.125,2.153,849880000,1815630000,0
2023-06-01,2.133,2.148,2.127,2.163,882640000,1899350000,0
2023-06-02,2.156,2.175,2.152,2.179,787980000,1708640000,0
2023-06-05,2.173,2.143,2.138,2.173,867210000,1861880000,0
2023-06-06,2.140,2.106,2.102,2.141,901200000,1912090000,0
2023-06-07,2.105,2.075,2.069,2.106,935940000,1949150000,0
2023-06-08,2.075,2.071,2.064,2.083,936820000,1941990000,0
2023-06-09,2.073,2.086,2.064,2.086,874570000,1814520000,0
2023-06-12,2.080,2.095,2.076,2.106,759590000,1588660000,0
2023-06-13,2.093,2.111,2.090,2.113,705800000,1485190000,0
2023-06-14,2.115,2.106,2.106,2.121,682410000,1441650000,0
2023-06-15,2.114,2.179,2.114,2.180,1894510000,4072250000,0
2023-06-16,2.185,2.208,2.178,2.215,1071430000,2354500000,0
2023-06-19,2.211,2.207,2.201,2.219,736780000,1627000000,0
2023-06-20,2.203,2.210,2.199,2.220,579580000,1280740000,0
2023-06-21,2.206,2.156,2.155,2.208,717520000,1563220000,0
2023-06-26,2.140,2.133,2.118,2.158,692530000,1478760000,0
2023-06-27,2.133,2.138,2.124,2.151,595910000,1273120000,0
2023-06-28,2.134,2.126,2.107,2.135,646710000,1373020000,0
2023-06-29,2.121,2.129,2.121,2.139,377460000,804430000,0
2023-06-30,2.126,2.164,2.118,2.174,1009140000,2177900000,0
2023-07-03,2.168,2.171,2.160,2.185,558300000,1213190000,0
2023-07-04,2.169,2.174,2.161,2.178,430650000,934180000,0
2023-07-05,2.176,2.156,2.152,2.182,397850000,861360000,0
2023-07-06,2.150,2.137,2.133,2.163,597870000,1281170000,0
2023-07-07,2.130,2.118,2.116,2.132,474280000,1006760000,0
2023-07-10,2.127,2.145,2.126,2.158,582320000,1248500000,0
2023-07-11,2.147,2.161,2.138,2.162,370680000,797740000,0
2023-07-12,2.162,2.139,2.138,2.163,435310000,935870000,0
2023-07-13,2.151,2.182,2.151,2.182,634180000,1378630000,0
2023-07-14,2.184,2.169,2.167,2.187,519180000,1128570000,0
2023-07-17,2.163,2.152,2.142,2.164,364270000,783460000,0
2023-07-18,2.155,2.147,2.143,2.159,446290000,958560000,0
2023-07-19,2.145,2.125,2.117,2.148,679580000,1445980000,0
2023-07-20,2.129,2.103,2.098,2.145,853620000,1811810000,0
2023-07-21,2.100,2.110,2.097,2.123,537540000,1134450000,0
2023-07-24,2.100,2.090,2.088,2.114,624220000,1308890000,0
2023-07-25,2.123,2.136,2.113,2.140,934960000,1988810000,0
2023-07-26,2.130,2.135,2.125,2.138,683780000,1458160000,0
2023-07-27,2.140,2.129,2.125,2.150,494130000,1056230000,0
2023-07-28,2.120,2.163,2.117,2.169,936690000,2013410000,0
2023-07-31,2.172,2.182,2.172,2.199,660970000,1445210000,0
2023-08-01,2.180,2.168,2.161,2.192,486450000,1058110000,0
2023-08-02,2.166,2.164,2.158,2.177,406100000,879590000,0
2023-08-03,2.158,2.187,2.158,2.187,445580000,969630000,0
2023-08-04,2.210,2.204,2.190,2.225,886750000,1959100000,0
2023-08-07,2.198,2.185,2.179,2.201,595170000,1302000000,0
2023-08-08,2.183,2.177,2.171,2.190,526420000,1147760000,0
2023-08-09,2.170,2.174,2.169,2.185,411630000,895240000,0
2023-08-10,2.173,2.184,2.165,2.186,473740000,1031790000,0
2023-08-11,2.187,2.129,2.129,2.187,702370000,1512090000,0
2023-08-14,2.112,2.113,2.087,2.115,765850000,1610650000,0
2023-08-15,2.112,2.096,2.078,2.116,641610000,1342680000,0
2023-08-16,2.085,2.082,2.080,2.102,467060000,976620000,0
2023-08-17,2.078,2.094,2.061,2.099,756310000,1574020000,0
2023-08-18,2.090,2.065,2.064,2.101,622650000,1297040000,0
2023-08-21,2.061,2.035,2.033,2.061,687200000,1407290000,0
2023-08-22,2.043,2.038,1.998,2.050,1146020000,2319840000,0
2023-08-23,2.023,1.987,1.984,2.028,905670000,1816410000,0
2023-08-24,1.995,2.014,1.990,2.031,991410000,1994100000,0
2023-08-25,2.000,1.991,1.982,2.007,682780000,1362250000,0
2023-08-28,2.136,2.010,2.003,2.136,1312340000,2700030000,0
2023-08-29,2.002,2.067,2.000,2.080,1096030000,2248180000,0
2023-08-30,2.064,2.066,2.057,2.088,658650000,1364720000,0
2023-08-31,2.062,2.052,2.048,2.064,409900000,842370000,0
2023-09-01,2.058,2.049,2.040,2.068,388520000,797100000,0
2023-09-04,2.058,2.067,2.038,2.069,679970000,1398670000,0
2023-09-05,2.060,2.057,2.055,2.069,435090000,896800000,0
2023-09-06,2.050,2.049,2.037,2.053,448120000,916190000,0
2023-09-07,2.043,2.003,2.003,2.043,625390000,1262210000,0
2023-09-08,2.000,1.998,1.987,2.005,469070000,936020000,0
2023-09-11,2.000,2.011,1.990,2.025,584040000,1172440000,0
2023-09-12,2.007,1.998,1.997,2.012,426590000,854260000,0
2023-09-13,1.995,1.974,1.964,2.002,734510000,1453390000,0
2023-09-14,1.969,1.960,1.952,1.974,705540000,1383430000,0
2023-09-15,1.962,1.954,1.946,1.972,896520000,1753080000,0
2023-09-18,1.951,1.968,1.946,1.982,772910000,1521160000,0
2023-09-19,1.966,1.952,1.945,1.967,688250000,1343150000,0
2023-09-20,1.947,1.936,1.935,1.952,549260000,1066750000,0
2023-09-21,1.930,1.917,1.917,1.940,559420000,1077190000,0
2023-09-22,1.913,1.964,1.911,1.964,974500000,1892140000,0
2023-09-25,1.955,1.953,1.949,1.963,476080000,930580000,0
2023-09-26,1.951,1.938,1.938,1.958,454850000,884720000,0
2023-09-27,1.935,1.956,1.935,1.977,791900000,1549530000,0
2023-09-28,1.958,1.953,1.945,1.968,496050000,969170000,0
2023-10-09,1.950,1.947,1.928,1.956,580110000,1126000000,0
2023-10-10,1.954,1.938,1.936,1.962,458520000,893270000,0
2023-10-11,1.945,1.954,1.945,1.969,578800000,1132970000,0
2023-10-12,1.969,1.968,1.951,1.971,509940000,1001560000,0
2023-10-13,1.954,1.945,1.936,1.956,570840000,1110370000,0
2023-10-16,1.945,1.906,1.900,1.947,771930000,1479740000,0
2023-10-17,1.910,1.912,1.900,1.919,415260000,793330000,0
2023-10-18,1.906,1.887,1.885,1.906,578110000,1093760000,0
2023-10-19,1.878,1.867,1.864,1.887,717270000,1345520000,0
2023-10-20,1.860,1.850,1.845,1.874,734420000,1363190000,0
2023-10-23,1.845,1.815,1.806,1.845,951550000,1734580000,0
2023-10-24,1.818,1.832,1.812,1.842,847440000,1548310000,0
2023-10-25,1.844,1.815,1.814,1.848,904460000,1655300000,0
2023-10-26,1.802,1.829,1.793,1.830,846240000,1530250000,0
2023-10-27,1.820,1.881,1.816,1.888,1323510000,2456970000,0
2023-10-30,1.874,1.926,1.874,1.933,1482880000,2835310000,0
2023-10-31,1.920,1.916,1.907,1.923,461420000,883490000,0
2023-11-01,1.921,1.908,1.899,1.923,435480000,831880000,0
2023-11-02,1.912,1.890,1.889,1.922,481500000,916840000,0
2023-11-03,1.894,1.918,1.894,1.925,625520000,1196350000,0
2023-11-06,1.930,1.981,1.930,1.982,1073310000,2108230000,0
2023-11-07,1.974,1.967,1.960,1.980,694570000,1367620000,0
2023-11-08,1.964,1.971,1.957,1.983,696780000,1374040000,0
2023-11-09,1.968,1.967,1.961,1.983,576010000,1134900000,0
2023-11-10,1.958,1.955,1.948,1.960,505560000,987860000,0
2023-11-13,1.965,1.958,1.945,1.970,508380000,994010000,0
2023-11-14,1.957,1.953,1.943,1.973,599260000,1173300000,0
2023-11-15,1.980,1.963,1.956,1.983,651340000,1282820000,0
2023-11-16,1.961,1.925,1.925,1.962,742840000,1439600000,0
2023-11-17,1.920,1.934,1.918,1.935,369850000,713020000,0
2023-11-20,1.934,1.942,1.918,1.947,602010000,1162760000,0
2023-11-21,1.949,1.931,1.928,1.962,759960000,1477950000,0
2023-11-22,1.923,1.899,1.899,1.930,773630000,1478990000,0
2023-11-23,1.898,1.911,1.891,1.912,508290000,966150000,0
2023-11-24,1.908,1.888,1.885,1.910,547590000,1036670000,0
2023-11-27,1.883,1.878,1.868,1.886,479280000,898970000,0
2023-11-28,1.874,1.890,1.870,1.890,404420000,760640000,0
2023-11-29,1.886,1.867,1.867,1.888,450990000,846640000,0
2023-11-30,1.869,1.874,1.863,1.884,446460000,836240000,0
2023-12-01,1.873,1.881,1.856,1.887,631200000,1181660000,0
2023-12-04,1.878,1.858,1.858,1.880,656820000,1227000000,0
2023-12-05,1.854,1.823,1.822,1.857,733450000,1349960000,0
2023-12-06,1.818,1.834,1.816,1.850,535120000,983250000,0
2023-12-07,1.828,1.829,1.817,1.841,502110000,917250000,0
2023-12-08,1.831,1.843,1.823,1.848,491850000,903720000,0
2023-12-11,1.836,1.868,1.819,1.872,967030000,1784430000,0
2023-12-12,1.861,1.856,1.851,1.865,657300000,1220690000,0
2023-12-13,1.850,1.822,1.822,1.850,694100000,1272670000,0
2023-12-14,1.833,1.812,1.812,1.846,531730000,971480000,0
2023-12-15,1.820,1.802,1.795,1.830,735590000,1331810000,0
2023-12-18,1.792,1.773,1.767,1.799,663670000,1182990000,0
2023-12-19,1.771,1.781,1.767,1.791,663600000,1178900000,0
2023-12-20,1.783,1.755,1.755,1.787,743600000,1314790000,0
2023-12-21,1.749,1.787,1.747,1.794,965990000,1712190000,0
2023-12-22,1.779,1.780,1.766,1.801,884140000,1576160000,0
2023-12-25,1.777,1.783,1.772,1.791,570330000,1015510000,0
2023-12-26,1.780,1.761,1.753,1.781,818580000,1442270000,0
2023-12-27,1.762,1.763,1.750,1.771,653690000,1150700000,0
2023-12-28,1.761,1.833,1.757,1.840,1588450000,2875820000,0
2023-12-29,1.828,1.842,1.827,1.848,749330000,1378550000,0
2024-01-02,1.842,1.806,1.806,1.842,708910000,1289640000,0
2024-01-03,1.802,1.787,1.778,1.809,788720000,1412240000,0
2024-01-04,1.783,1.754,1.748,1.786,1075390000,1892810000,0
2024-01-05,1.751,1.728,1.720,1.768,1180600000,2058620000,0
2024-01-08,1.724,1.699,1.698,1.734,1242200000,2127480000,0
2024-01-09,1.702,1.706,1.691,1.729,1256150000,2143990000,0
2024-01-10,1.696,1.698,1.681,1.726,1106680000,1886530000,0
2024-01-11,1.694,1.732,1.694,1.744,1370390000,2359730000,0
2024-01-12,1.722,1.714,1.713,1.739,1012550000,1746320000,0
2024-01-15,1.702,1.698,1.692,1.720,851790000,1451520000,0
2024-01-16,1.692,1.708,1.679,1.709,1284760000,2176230000,0
2024-01-17,1.700,1.656,1.653,1.700,1265340000,2123590000,0
2024-01-18,1.643,1.683,1.635,1.690,1688090000,2794540000,0
2024-01-19,1.675,1.669,1.669,1.697,1486450000,2498440000,0
2024-01-22,1.663,1.623,1.612,1.670,1302280000,2144570000,0
2024-01-23,1.620,1.642,1.612,1.656,1408810000,2311650000,0
2024-01-24,1.650,1.650,1.599,1.657,1502150000,2449720000,0
2024-01-25,1.641,1.675,1.628,1.676,1785200000,2958240000,0
2024-01-26,1.665,1.637,1.633,1.670,1396530000,2307110000,0
2024-01-29,1.638,1.580,1.580,1.643,1686530000,2705440000,0
2024-01-30,1.570,1.544,1.541,1.589,1595560000,2493370000,0
2024-01-31,1.544,1.533,1.530,1.560,1866130000,2884550000,0
2024-02-01,1.527,1.548,1.522,1.574,1981330000,3070980000,0
2024-02-02,1.546,1.508,1.471,1.554,2553630000,3868330000,0
2024-02-05,1.491,1.527,1.444,1.560,6284790000,9548910000,0
2024-02-06,1.508,1.623,1.502,1.624,3688080000,5835090000,0
2024-02-07,1.622,1.660,1.614,1.666,4361890000,7203700000,0
2024-02-08,1.670,1.681,1.669,1.718,2560370000,4328900000,0
2024-02-19,1.704,1.697,1.675,1.707,2281920000,3851170000,0
2024-02-20,1.688,1.696,1.676,1.701,1332940000,2253230000,0
2024-02-21,1.681,1.703,1.676,1.736,1237170000,2116290000,0
2024-02-22,1.700,1.710,1.694,1.714,960790000,1636370000,0
2024-02-23,1.717,1.709,1.695,1.719,839880000,1432120000,0
2024-02-26,1.706,1.704,1.690,1.720,1231140000,2098410000,0
2024-02-27,1.696,1.746,1.694,1.746,1214850000,2089520000,0
2024-02-28,1.749,1.701,1.701,1.780,1864990000,3255810000,0
2024-02-29,1.696,1.761,1.693,1.762,1424780000,2471440000,0
2024-03-01,1.757,1.775,1.746,1.781,1288190000,2273290000,0
2024-03-04,1.773,1.783,1.767,1.796,962690000,1715530000,0
2024-03-05,1.771,1.780,1.765,1.794,3446430000,6145640000,0
2024-03-06,1.773,1.782,1.761,1.805,1500720000,2665130000,0
2024-03-07,1.779,1.742,1.740,1.788,1219480000,2142140000,0
2024-03-08,1.745,1.756,1.730,1.763,822750000,1438430000,0
2024-03-11,1.760,1.840,1.760,1.840,2012720000,3627820000,0
2024-03-12,1.845,1.851,1.832,1.863,1113890000,2058510000,0
2024-03-13,1.854,1.841,1.838,1.859,893690000,1650380000,0
2024-03-14,1.841,1.832,1.818,1.860,827900000,1520530000,0
2024-03-15,1.825,1.833,1.796,1.836,1076470000,1953110000,0
2024-03-18,1.850,1.875,1.848,1.875,1421190000,2643710000,0
2024-03-19,1.870,1.853,1.852,1.873,790310000,1474010000,0
2024-03-20,1.848,1.856,1.844,1.862,617120000,1143970000,0
2024-03-21,1.860,1.846,1.844,1.868,710880000,1316880000,0
2024-03-22,1.843,1.817,1.808,1.844,1066710000,1943560000,0
2024-03-25,1.809,1.781,1.781,1.819,1158320000,2087960000,0
2024-03-26,1.782,1.792,1.777,1.805,1014160000,1815890000,0
2024-03-27,1.787,1.742,1.741,1.788,759900000,1339840000,0
2024-03-28,1.740,1.758,1.738,1.778,739080000,1300050000,0
2024-03-29,1.756,1.768,1.750,1.773,598870000,1055050000,0
2024-04-01,1.780,1.822,1.780,1.822,883010000,1596050000,0
2024-04-02,1.822,1.808,1.801,1.822,640190000,1158300000,0
2024-04-03,1.804,1.790,1.789,1.804,460930000,827320000,0
2024-04-08,1.785,1.758,1.756,1.789,539690000,955290000,0
2024-04-09,1.759,1.777,1.752,1.778,486470000,859280000,0
2024-04-10,1.774,1.739,1.731,1.774,900010000,1569960000,0
2024-04-11,1.725,1.731,1.725,1.752,724620000,1258500000,0
2024-04-12,1.730,1.713,1.711,1.740,725130000,1249360000,0
2024-04-15,1.712,1.746,1.712,1.757,1135790000,1979130000,0
2024-04-16,1.740,1.713,1.709,1.742,756150000,1303730000,0
2024-04-17,1.718,1.747,1.718,1.748,631110000,1094940000,0
2024-04-18,1.739,1.738,1.717,1.759,723180000,1258120000,0
2024-04-19,1.725,1.705,1.692,1.728,843750000,1441230000,0
2024-04-22,1.695,1.703,1.687,1.718,511960000,872460000,0
2024-04-23,1.708,1.705,1.693,1.716,477290000,813380000,0
2024-04-24,1.709,1.719,1.696,1.720,544470000,930650000,0
2024-04-25,1.710,1.716,1.700,1.730,591640000,1015100000,0
2024-04-26,1.717,1.774,1.717,1.777,1045560000,1835090000,0
2024-04-29,1.780,1.837,1.780,1.854,1233080000,2249890000,0
2024-04-30,1.837,1.816,1.816,1.837,715830000,1307150000,0
2024-05-06,1.852,1.853,1.846,1.863,869090000,1611910000,0
2024-05-07,1.851,1.850,1.844,1.857,555120000,1027080000,0
2024-05-08,1.847,1.821,1.820,1.847,592680000,1083980000,0
2024-05-09,1.828,1.856,1.828,1.860,759360000,1404400000,0
2024-05-10,1.858,1.840,1.829,1.859,634570000,1166190000,0
2024-05-13,1.819,1.817,1.808,1.835,550640000,1003160000,0
2024-05-14,1.821,1.813,1.809,1.831,513720000,933390000,0
2024-05-15,1.814,1.797,1.795,1.823,639720000,1155220000,0
2024-05-16,1.806,1.801,1.794,1.819,659470000,1191190000,0
2024-05-17,1.795,1.824,1.791,1.825,708980000,1282770000,0
2024-05-20,1.828,1.831,1.823,1.844,823090000,1508790000,0
2024-05-21,1.826,1.818,1.813,1.831,450840000,820580000,0
2024-05-22,1.819,1.839,1.814,1.842,743470000,1358050000,0
2024-05-23,1.837,1.811,1.807,1.837,659990000,1199540000,0
2024-05-24,1.804,1.781,1.778,1.821,682830000,1226190000,0
2024-05-27,1.784,1.792,1.762,1.793,621920000,1104230000,0
2024-05-28,1.784,1.769,1.766,1.789,423730000,752310000,0
2024-05-29,1.768,1.772,1.765,1.793,681760000,1212770000,0
2024-05-30,1.772,1.777,1.767,1.783,457520000,811980000,0
2024-05-31,1.781,1.772,1.770,1.794,519930000,926360000,0
2024-06-03,1.769,1.782,1.764,1.786,553440000,983360000,0
2024-06-04,1.778,1.806,1.777,1.812,745020000,1338180000,0
2024-06-05,1.805,1.796,1.796,1.821,529840000,958490000,0
2024-06-06,1.804,1.785,1.778,1.808,657750000,1180250000,0
2024-06-07,1.784,1.748,1.729,1.786,1001780000,1757290000,0
2024-06-11,1.735,1.752,1.727,1.757,603470000,1050260000,0
2024-06-12,1.746,1.743,1.742,1.754,394380000,689180000,0
2024-06-13,1.752,1.742,1.741,1.766,724500000,1267620000,0
2024-06-14,1.745,1.756,1.726,1.762,648740000,1130930000,0
2024-06-17,1.746,1.768,1.743,1.775,608890000,1074680000,0
2024-06-18,1.769,1.776,1.766,1.785,492440000,874880000,0
2024-06-19,1.781,1.753,1.752,1.783,630360000,1108480000,0
2024-06-20,1.750,1.728,1.727,1.758,594460000,1033470000,0
2024-06-21,1.725,1.723,1.709,1.729,606290000,1042670000,0
2024-06-24,1.711,1.696,1.693,1.721,736000000,1256400000,0
2024-06-25,1.694,1.666,1.657,1.698,888850000,1489330000,0
2024-06-26,1.665,1.699,1.662,1.700,766870000,1288960000,0
2024-06-27,1.689,1.670,1.669,1.689,721430000,1209480000,0
2024-06-28,1.665,1.652,1.647,1.688,756080000,1261770000,0
2024-07-01,1.648,1.650,1.621,1.658,868100000,1421610000,0
2024-07-02,1.643,1.633,1.627,1.652,692630000,1134880000,0
2024-07-03,1.633,1.629,1.616,1.645,741640000,1208020000,0
2024-07-04,1.633,1.616,1.615,1.643,716870000,1165540000,0
2024-07-05,1.615,1.623,1.601,1.630,813820000,1313880000,0
2024-07-08,1.615,1.596,1.592,1.620,793610000,1273750000,0
2024-07-09,1.594,1.620,1.584,1.629,1100880000,1768440000,0
2024-07-10,1.609,1.618,1.608,1.636,776890000,1262060000,0
2024-07-11,1.640,1.654,1.627,1.664,965750000,1590540000,0
2024-07-12,1.648,1.653,1.640,1.661,833280000,1376380000,0
2024-07-15,1.644,1.640,1.633,1.648,791260000,1297950000,0
2024-07-16,1.638,1.664,1.637,1.665,875860000,1448030000,0
2024-07-17,1.660,1.663,1.653,1.674,783430000,1303080000,0
2024-07-18,1.653,1.686,1.649,1.687,2080700000,3469060000,0
2024-07-19,1.673,1.692,1.672,1.699,1470070000,2486560000,0
2024-07-22,1.693,1.693,1.679,1.702,772700000,1307250000,0
2024-07-23,1.691,1.640,1.639,1.691,760670000,1262940000,0
2024-07-24,1.634,1.619,1.614,1.651,671540000,1095300000,0
2024-07-25,1.610,1.614,1.607,1.627,564990000,912830000,0
2024-07-26,1.617,1.627,1.615,1.638,750260000,1220290000,0
2024-07-29,1.622,1.604,1.603,1.623,572440000,920370000,0
2024-07-30,1.600,1.601,1.591,1.607,610600000,975030000,0
2024-07-31,1.594,1.658,1.592,1.658,1432050000,2339590000,0
2024-08-01,1.659,1.636,1.631,1.663,903040000,1484320000,0
2024-08-02,1.621,1.609,1.604,1.639,1119020000,1810880000,0
2024-08-05,1.592,1.576,1.576,1.625,1257980000,2010900000,0
2024-08-06,1.594,1.597,1.581,1.607,893260000,1423910000,0
2024-08-07,1.593,1.589,1.587,1.601,688750000,1098120000,0
2024-08-08,1.582,1.582,1.568,1.599,893840000,1413970000,0
2024-08-09,1.590,1.566,1.566,1.598,819610000,1294420000,0
2024-08-12,1.566,1.563,1.558,1.572,646270000,1011420000,0
2024-08-13,1.562,1.578,1.558,1.578,763610000,1195480000,0
2024-08-14,1.575,1.555,1.554,1.576,879850000,1373900000,0
2024-08-15,1.551,1.565,1.550,1.579,1380270000,2158890000,0
2024-08-16,1.564,1.561,1.558,1.573,655460000,1025140000,0
2024-08-19,1.560,1.559,1.557,1.577,794380000,1244100000,0
2024-08-20,1.561,1.539,1.536,1.562,936760000,1447290000,0
2024-08-21,1.532,1.529,1.527,1.543,734190000,1125580000,0
2024-08-22,1.530,1.516,1.515,1.534,855590000,1301650000,0
2024-08-23,1.512,1.517,1.509,1.526,1209730000,1835560000,0
2024-08-26,1.517,1.515,1.511,1.528,705270000,1070720000,0
2024-08-27,1.511,1.500,1.497,1.512,795110000,1194900000,0
2024-08-28,1.499,1.501,1.494,1.505,788320000,1182050000,0
2024-08-29,1.488,1.513,1.484,1.522,1840130000,2770960000,0
2024-08-30,1.511,1.552,1.511,1.571,2067000000,3199130000,0
2024-09-02,1.547,1.507,1.506,1.552,1586730000,2416710000,0
2024-09-03,1.504,1.525,1.503,1.532,1101520000,1675800000,0
2024-09-04,1.512,1.525,1.510,1.540,978510000,1492740000,0
2024-09-05,1.525,1.536,1.524,1.546,862450000,1323870000,0
2024-09-06,1.535,1.508,1.508,1.538,989680000,1503390000,0
2024-09-09,1.500,1.513,1.498,1.519,1813530000,2736030000,0
2024-09-10,1.514,1.512,1.495,1.524,1541260000,2323820000,0
2024-09-11,1.510,1.528,1.507,1.534,1435230000,2187740000,0
2024-09-12,1.536,1.525,1.521,1.549,1261780000,1936400000,0
2024-09-13,1.525,1.509,1.508,1.528,878420000,1332460000,0
2024-09-18,1.505,1.504,1.494,1.513,965710000,1451170000,0
2024-09-19,1.511,1.519,1.492,1.537,1839420000,2789680000,0
2024-09-20,1.516,1.508,1.498,1.517,2092060000,3150910000,0
2024-09-23,1.507,1.501,1.500,1.520,1303540000,1967070000,0
2024-09-24,1.515,1.587,1.504,1.588,3337730000,5158210000,0
2024-09-25,1.621,1.610,1.609,1.649,2673010000,4346650000,0
2024-09-26,1.604,1.686,1.595,1.686,2844220000,4662500000,0
2024-09-27,1.713,1.860,1.713,1.890,5612600000,10096030000,0
2024-09-30,2.000,2.232,1.928,2.232,6977210000,14533320000,0
2024-10-08,2.678,2.678,2.290,2.678,18567730000,47486380000,0
2024-10-09,2.410,2.242,2.238,2.478,16461880000,38584920000,0
2024-10-10,2.241,2.174,2.137,2.297,8062550000,17811730000,0
2024-10-11,2.134,2.060,2.026,2.152,7299530000,15183690000,0
2024-10-14,2.078,2.116,2.022,2.124,5700480000,11851250000,0
2024-10-15,2.094,2.045,2.045,2.135,4378480000,9145500000,0
2024-10-16,2.001,2.000,1.989,2.044,3815130000,7664940000,0
2024-10-17,2.019,1.995,1.993,2.042,3136110000,6333780000,0
2024-10-18,1.986,2.156,1.986,2.256,8169590000,17246250000,0
2024-10-21,2.162,2.167,2.139,2.225,5290540000,11510500000,0
2024-10-22,2.158,2.175,2.139,2.186,2731480000,5911590000,0
2024-10-23,2.166,2.162,2.145,2.211,3045440000,6623460000,0
2024-10-24,2.149,2.132,2.126,2.161,1999650000,4281070000,0
2024-10-25,2.147,2.196,2.138,2.236,4185660000,9158140000,0
2024-10-28,2.193,2.188,2.158,2.193,2035710000,4432950000,0
2024-10-29,2.191,2.135,2.133,2.198,2679460000,5783640000,0
2024-10-30,2.119,2.111,2.086,2.138,2306500000,4870460000,0
2024-10-31,2.105,2.122,2.090,2.164,3127670000,6665870000,0
2024-11-01,2.104,2.084,2.080,2.125,2388580000,5027420000,0
2024-11-04,2.081,2.145,2.080,2.146,2083740000,4424060000,0
2024-11-05,2.144,2.249,2.130,2.258,5248180000,11653250000,0
2024-11-06,2.249,2.223,2.202,2.316,4598610000,10389830000,0
2024-11-07,2.202,2.306,2.198,2.306,3602780000,8123540000,0
2024-11-08,2.355,2.282,2.274,2.365,3498490000,8113600000,0
2024-11-11,2.250,2.349,2.249,2.350,3186120000,7362300000,0
2024-11-12,2.365,2.345,2.316,2.402,3223050000,7623610000,0
2024-11-13,2.325,2.372,2.300,2.381,2853990000,6672900000,0
2024-11-14,2.370,2.288,2.285,2.372,2166120000,5043000000,0
2024-11-15,2.276,2.204,2.201,2.294,2724670000,6126020000,0
2024-11-18,2.205,2.149,2.132,2.219,2860950000,6207440000,0
2024-11-19,2.155,2.215,2.132,2.219,3152990000,6860090000,0
2024-11-20,2.201,2.223,2.195,2.240,2395700000,5309860000,0
2024-11-21,2.213,2.223,2.206,2.237,1552620000,3449560000,0
2024-11-22,2.218,2.136,2.133,2.226,2025680000,4419030000,0
2024-11-25,2.140,2.132,2.100,2.151,1994600000,4239350000,0
2024-11-26,2.122,2.109,2.107,2.146,1388130000,2950220000,0
2024-11-27,2.100,2.165,2.079,2.167,2381260000,5063220000,0
2024-11-28,2.162,2.128,2.124,2.165,1581210000,3390960000,0
2024-11-29,2.122,2.179,2.120,2.221,3069830000,6686250000,0
2024-12-02,2.172,2.211,2.166,2.218,2074860000,4569800000,0
2024-12-03,2.211,2.198,2.182,2.219,1591680000,3502380000,0
2024-12-04,2.195,2.170,2.161,2.203,1408310000,3072270000,0
2024-12-05,2.167,2.177,2.163,2.195,1088130000,2370570000,0
2024-12-06,2.180,2.224,2.170,2.247,2590330000,5742020000,0
2024-12-09,2.219,2.206,2.185,2.230,1491820000,3292490000,0
2024-12-10,2.320,2.221,2.214,2.320,3532880000,7987490000,0
2024-12-11,2.215,2.218,2.209,2.235,1440690000,3197770000,0
2024-12-12,2.217,2.248,2.212,2.258,1910950000,4274890000,0
2024-12-13,2.231,2.193,2.190,2.233,1780560000,3936280000,0
2024-12-16,2.190,2.158,2.148,2.192,1255250000,2716260000,0
2024-12-17,2.156,2.159,2.153,2.189,1696000000,3681410000,0
2024-12-18,2.167,2.158,2.150,2.173,1073430000,2318260000,0
2024-12-19,2.137,2.171,2.132,2.178,1448210000,3123320000,0
2024-12-20,2.166,2.169,2.157,2.190,1255560000,2726940000,0
2024-12-23,2.163,2.147,2.142,2.180,1300840000,2810540000,0
2024-12-24,2.148,2.170,2.143,2.172,1558190000,3361540000,0
2024-12-25,2.173,2.156,2.144,2.175,1159450000,2502560000,0
2024-12-26,2.160,2.166,2.152,2.176,1065510000,2309050000,0
2024-12-27,2.166,2.163,2.154,2.192,1482660000,3218110000,0
2024-12-30,2.158,2.165,2.155,2.174,1020300000,2207790000,0
2024-12-31,2.162,2.102,2.101,2.165,1904750000,4056330000,0
2025-01-02,2.096,2.019,2.000,2.097,2299910000,4709840000,0
2025-01-03,2.020,1.978,1.976,2.027,2016670000,4033490000,0
2025-01-06,1.978,1.976,1.962,1.994,1679480000,3322850000,0
2025-01-07,1.965,1.990,1.951,1.990,1695430000,3344010000,0
2025-01-08,1.975,1.968,1.925,1.990,2279530000,4466170000,0
2025-01-09,1.956,1.971,1.954,1.985,1352570000,2671980000,0
2025-01-10,1.967,1.938,1.938,1.983,1206160000,2366470000,0
2025-01-13,1.916,1.942,1.916,1.959,1351760000,2622520000,0
2025-01-14,1.950,2.036,1.942,2.037,2836320000,5666360000,0
2025-01-15,2.022,1.999,1.992,2.025,1750520000,3511330000,0
2025-01-16,2.009,2.010,1.990,2.044,1933070000,3896730000,0
2025-01-17,1.999,2.026,1.998,2.043,1607210000,3249600000,0
2025-01-20,2.047,2.062,2.046,2.077,1935130000,3993930000,0
2025-01-21,2.081,2.070,2.048,2.083,1066000000,2200300000,0
2025-01-22,2.063,2.059,2.041,2.069,1110610000,2281650000,0
2025-01-23,2.082,2.052,2.052,2.110,1738130000,3618630000,0
2025-01-24,2.045,2.084,2.044,2.092,1501140000,3113710000,0
2025-01-27,2.086,2.028,2.028,2.087,1424690000,2922350000,0
2025-02-05,2.043,2.024,2.016,2.047,1104970000,2240820000,0
2025-02-06,2.022,2.080,2.017,2.082,1701780000,3505460000,0
2025-02-07,2.080,2.131,2.080,2.159,2747000000,5838440000,0
2025-02-10,2.140,2.142,2.114,2.147,1322840000,2821360000,0
2025-02-11,2.141,2.113,2.110,2.142,1067450000,2260600000,0
2025-02-12,2.107,2.150,2.101,2.154,1562340000,3322840000,0
2025-02-13,2.145,2.135,2.133,2.163,1498370000,3217540000,0
2025-02-14,2.134,2.174,2.132,2.181,2157790000,4668510000,0
2025-02-17,2.198,2.182,2.166,2.200,1650050000,3606620000,0
2025-02-18,2.178,2.140,2.131,2.190,1336310000,2892730000,0
2025-02-19,2.136,2.185,2.133,2.186,1381910000,2996600000,0
2025-02-20,2.179,2.184,2.161,2.191,1007330000,2194590000,0
2025-02-21,2.185,2.239,2.185,2.242,1818250000,4035500000,0
2025-02-24,2.232,2.221,2.201,2.240,1544730000,3431450000,0
2025-02-25,2.189,2.197,2.185,2.222,1455830000,3203030000,0
2025-02-26,2.199,2.223,2.190,2.225,1344110000,2970830000,0
2025-02-27,2.224,2.212,2.183,2.237,1342480000,2963840000,0
2025-02-28,2.197,2.128,2.123,2.198,1895180000,4095200000,0
2025-03-03,2.133,2.154,2.120,2.189,2012940000,4353730000,0
2025-03-04,2.131,2.149,2.120,2.151,1075560000,2299060000,0
2025-03-05,2.147,2.149,2.131,2.159,958300000,2053850000,0
2025-03-06,2.162,2.191,2.160,2.200,1763060000,3849700000,0
2025-03-07,2.181,2.160,2.152,2.183,1259620000,2731620000,0
2025-03-10,2.166,2.159,2.140,2.174,1057830000,2277010000,0
2025-03-11,2.135,2.159,2.131,2.161,1109700000,2382240000,0
2025-03-12,2.170,2.149,2.148,2.172,1044120000,2254200000,0
2025-03-13,2.146,2.125,2.113,2.158,1114060000,2373850000,0
2025-03-14,2.125,2.186,2.120,2.190,1964720000,4259560000,0
2025-03-17,2.188,2.173,2.169,2.191,1018690000,2217740000,0
2025-03-18,2.182,2.185,2.173,2.201,1116730000,2442380000,0
2025-03-19,2.181,2.178,2.166,2.195,956450000,2084330000,0
2025-03-20,2.178,2.158,2.155,2.180,874400000,1894720000,0
2025-03-21,2.153,2.112,2.108,2.159,1421200000,3023430000,0
2025-03-24,2.110,2.112,2.084,2.118,942740000,1982940000,0
2025-03-25,2.112,2.105,2.094,2.123,933640000,1967150000,0
2025-03-26,2.100,2.098,2.097,2.117,883950000,1861540000,0
2025-03-27,2.093,2.103,2.076,2.125,934860000,1963610000,0
2025-03-28,2.101,2.089,2.087,2.112,816200000,1710500000,0
2025-03-31,2.079,2.064,2.047,2.083,1231820000,2541750000,0
2025-04-01,2.067,2.062,2.060,2.087,930480000,1927320000,0
2025-04-02,2.062,2.064,2.057,2.081,730320000,1510410000,0
2025-04-03,2.042,2.027,2.018,2.057,1562640000,3181470000,0
2025-04-07,1.930,1.775,1.721,1.931,6950590000,12659760000,0
2025-04-08,1.792,1.804,1.777,1.844,2929730000,5298030000,0
2025-04-09,1.762,1.823,1.743,1.838,3192990000,5760840000,0
2025-04-10,1.880,1.863,1.860,1.908,2909460000,5475500000,0
2025-04-11,1.845,1.892,1.844,1.907,1860530000,3492330000,0
2025-04-14,1.915,1.895,1.892,1.919,1303330000,2481540000,0
2025-04-15,1.895,1.893,1.881,1.903,994340000,1879140000,0
2025-04-16,1.885,1.870,1.844,1.885,1728180000,3218070000,0
2025-04-17,1.859,1.873,1.856,1.887,1108410000,2081250000,0
2025-04-18,1.865,1.878,1.862,1.881,888860000,1664140000,0
2025-04-21,1.874,1.908,1.865,1.910,1228790000,2328930000,0
2025-04-22,1.903,1.899,1.895,1.911,868980000,1652440000,0
2025-04-23,1.917,1.919,1.906,1.933,1517960000,2915750000,0
2025-04-24,1.916,1.907,1.902,1.929,1220740000,2336070000,0
2025-04-25,1.913,1.920,1.908,1.932,1202450000,2309660000,0
2025-04-28,1.918,1.906,1.901,1.921,699130000,1334170000,0
2025-04-29,1.902,1.903,1.895,1.912,679510000,1293920000,0
2025-04-30,1.905,1.921,1.904,1.926,1065560000,2044910000,0
2025-05-06,1.936,1.958,1.935,1.959,1039510000,2026370000,0
2025-05-07,1.995,1.967,1.953,2.007,1734870000,3426130000,0
2025-05-08,1.963,2.001,1.961,2.006,1580400000,3148930000,0
2025-05-09,2.000,1.984,1.975,2.001,820910000,1629570000,0
2025-05-12,2.013,2.037,2.007,2.037,1558490000,3149770000,0
2025-05-13,2.062,2.030,2.027,2.065,1095210000,2234620000,0
2025-05-14,2.032,2.054,2.021,2.074,1221070000,2496060000,0
2025-05-15,2.046,2.012,2.012,2.047,853340000,1727960000,0
2025-05-16,2.006,2.008,2.005,2.020,594700000,1197220000,0
2025-05-19,2.006,2.002,1.988,2.008,738000000,1474710000,0
2025-05-20,2.009,2.018,1.997,2.031,784440000,1580370000,0
2025-05-21,2.020,2.034,2.019,2.047,1024130000,2083760000,0
2025-05-22,2.036,2.016,2.014,2.037,561540000,1135810000,0
2025-05-23,2.015,1.994,1.994,2.030,727240000,1463620000,0
2025-05-26,1.990,1.977,1.965,1.997,753300000,1489710000,0
2025-05-27,1.976,1.967,1.957,1.976,746430000,1466780000,0
2025-05-28,1.969,1.959,1.956,1.975,719520000,1414020000,0
2025-05-29,1.962,1.989,1.961,1.991,934140000,1850180000,0
2025-05-30,1.980,1.972,1.963,1.980,661230000,1303690000,0
2025-06-03,1.961,1.977,1.960,1.987,575880000,1139380000,0
2025-06-04,1.983,2.000,1.982,2.006,738910000,1475810000,0
2025-06-05,2.001,2.023,1.989,2.029,808450000,1624630000,0
2025-06-06,2.022,2.017,2.010,2.027,514750000,1037860000,0
2025-06-09,2.020,2.034,2.020,2.051,844530000,1721670000,0
2025-06-10,2.034,2.012,1.999,2.041,938500000,1894150000,0
2025-06-11,2.016,2.038,2.016,2.053,873270000,1781860000,0
2025-06-12,2.033,2.040,2.027,2.052,612480000,1250730000,0
2025-06-13,2.033,2.020,2.015,2.042,730210000,1480100000,0
2025-06-16,2.019,2.037,2.016,2.039,497640000,1011260000,0
2025-06-17,2.040,2.028,2.023,2.041,425260000,863470000,0
2025-06-18,2.027,2.034,2.017,2.038,493110000,999610000,0
2025-06-19,2.028,2.005,2.000,2.036,698950000,1408370000,0
2025-06-20,2.005,1.988,1.987,2.015,592670000,1183220000,0
2025-06-23,1.980,1.998,1.975,2.001,606870000,1207200000,0
2025-06-24,2.004,2.044,2.003,2.044,1238840000,2518140000,0
2025-06-25,2.050,2.109,2.050,2.113,1638200000,3406560000,0
2025-06-26,2.109,2.093,2.092,2.121,1104070000,2325640000,0
2025-06-27,2.100,2.101,2.091,2.125,1132680000,2389370000,0
2025-06-30,2.110,2.133,2.106,2.134,1063410000,2255930000,0
2025-07-01,2.128,2.126,2.112,2.131,675800000,1434050000,0
2025-07-02,2.123,2.104,2.097,2.123,686930000,1445890000,0
2025-07-03,2.110,2.141,2.108,2.147,1043750000,2221640000,0
2025-07-04,2.141,2.133,2.131,2.167,1077080000,2308810000,0
2025-07-07,2.126,2.110,2.106,2.134,763150000,1613280000,0
2025-07-08,2.109,2.159,2.107,2.161,1259120000,2700370000,0
2025-07-09,2.157,2.163,2.155,2.183,1122360000,2435280000,0
2025-07-10,2.170,2.169,2.153,2.179,845540000,1830800000,0
2025-07-11,2.169,2.185,2.159,2.202,1141930000,2493790000,0
2025-07-14,2.180,2.177,2.167,2.187,666130000,1449100000,0
2025-07-15,2.184,2.212,2.184,2.223,1427320000,3151900000,0
2025-07-16,2.217,2.206,2.205,2.237,801460000,1778550000,0
2025-07-17,2.205,2.247,2.204,2.247,961570000,2146270000,0
2025-07-18,2.256,2.252,2.241,2.274,944040000,2131510000,0
2025-07-21,2.258,2.275,2.251,2.275,991140000,2244880000,0
2025-07-22,2.274,2.289,2.267,2.291,1078460000,2460630000,0
2025-07-23,2.288,2.287,2.281,2.310,1233560000,2829800000,0
2025-07-24,2.297,2.325,2.291,2.325,1034700000,2386140000,0
2025-07-25,2.326,2.318,2.308,2.326,761030000,1763030000,0
2025-07-28,2.322,2.342,2.311,2.344,864800000,2015530000,0
2025-07-29,2.338,2.383,2.332,2.384,1042310000,2458010000,0
2025-07-30,2.378,2.345,2.325,2.378,1795290000,4225960000,0
2025-07-31,2.354,2.301,2.299,2.370,1980380000,4628160000,0
2025-08-01,2.296,2.303,2.281,2.324,1137130000,2620620000,0
2025-08-04,2.285,2.313,2.282,2.313,765100000,1755980000,0
2025-08-05,2.326,2.320,2.300,2.328,1046430000,2423350000,0
2025-08-06,2.314,2.336,2.312,2.338,869170000,2023670000,0
2025-08-07,2.338,2.320,2.300,2.350,1103570000,2561940000,0
2025-08-08,2.314,2.312,2.307,2.331,746180000,1728760000,0
2025-08-11,2.317,2.357,2.312,2.362,1159750000,2719860000,0
2025-08-12,2.358,2.385,2.345,2.385,1112050000,2635790000,0
2025-08-13,2.395,2.473,2.391,2.475,1897690000,4624230000,0
2025-08-14,2.473,2.446,2.438,2.489,1489280000,3670030000,0
2025-08-15,2.435,2.509,2.435,2.518,1427120000,3545930000,0
2025-08-18,2.520,2.582,2.504,2.608,2296930000,5893790000,0
2025-08-19,2.575,2.575,2.561,2.610,1635410000,4222770000,0
2025-08-20,2.551,2.588,2.524,2.588,2059440000,5260550000,0
2025-08-21,2.589,2.572,2.558,2.605,1882800000,4859240000,0
2025-08-22,2.566,2.662,2.563,2.663,2165910000,5681940000,0
2025-08-25,2.693,2.737,2.675,2.760,2751410000,7457640000,0
2025-08-26,2.727,2.716,2.702,2.750,2091830000,5706480000,0
2025-08-27,2.716,2.696,2.696,2.796,2943480000,8091780000,0
2025-08-28,2.680,2.806,2.677,2.807,2682020000,7337070000,0
2025-08-29,2.799,2.865,2.780,2.909,2476060000,7050500000,0
2025-09-01,2.880,2.927,2.859,2.932,2064100000,5979180000,0
2025-09-02,2.922,2.848,2.815,2.954,3020220000,8691240000,0
2025-09-03,2.852,2.870,2.832,2.899,2918700000,8367570000,0
2025-09-04,2.899,2.751,2.716,2.930,3504600000,9856430000,0
2025-09-05,2.750,2.944,2.749,2.947,2742080000,7802430000,0
2025-09-08,2.946,2.908,2.856,2.951,2496880000,7234950000,0
2025-09-09,2.866,2.845,2.818,2.898,1704680000,4870730000,0
2025-09-10,2.857,2.875,2.833,2.900,1859580000,5345320000,0
2025-09-11,2.883,3.025,2.871,3.027,2629740000,7786810000,0
2025-09-12,3.010,2.995,2.982,3.033,2125360000,6394150000,0
2025-09-15,3.006,3.037,3.006,3.080,1713660000,5227740000,0
2025-09-16,3.039,3.059,2.993,3.064,1888640000,5729180000,0
2025-09-17,3.055,3.119,3.036,3.125,1668760000,5154300000,0
2025-09-18,3.115,3.067,3.024,3.141,2719060000,8408310000,0
2025-09-19,3.067,3.062,3.046,3.101,1712230000,5266800000,0
2025-09-22,3.068,3.082,3.026,3.082,1382080000,4228090000,0
2025-09-23,3.115,3.093,3.015,3.130,2232000000,6865560000,0
2025-09-24,3.063,3.160,3.061,3.162,1944990000,6065240000,0
2025-09-25,3.150,3.211,3.134,3.240,1625730000,5199640000,0
2025-09-26,3.193,3.129,3.126,3.226,1692760000,5368040000,0
2025-09-29,3.126,3.213,3.126,3.233,1632850000,5208290000,0
2025-09-30,3.221,3.217,3.194,3.254,1240170000,3995390000,0
2025-10-09,3.217,3.235,3.217,3.297,1743570000,5667230000,0
2025-10-10,3.201,3.095,3.072,3.217,2227640000,6981650000,0
2025-10-13,2.952,3.054,2.951,3.073,2223550000,6730540000,0
2025-10-14,3.093,2.934,2.920,3.106,2411650000,7241510000,0
2025-10-15,2.932,3.003,2.905,3.010,1877000000,5552040000,0
2025-10-16,2.984,3.014,2.978,3.044,1548870000,4670180000,0
2025-10-17,3.002,2.915,2.910,3.021,1552640000,4576630000,0
2025-10-20,2.976,2.971,2.948,3.020,1556680000,4642750000,0
2025-10-21,2.999,3.062,2.972,3.078,1735960000,5272470000,0
2025-10-22,3.037,3.039,3.020,3.067,1174130000,3571700000,0
2025-10-23,3.021,3.038,2.980,3.045,998550000,3006640000,0
2025-10-24,3.069,3.147,3.058,3.147,1494880000,4637970000,0
2025-10-27,3.209,3.209,3.155,3.218,1509670000,4823570000,0
2025-10-28,3.189,3.205,3.181,3.258,1353330000,4352350000,0
2025-10-29,3.235,3.300,3.234,3.300,1370140000,4473210000,0
2025-10-30,3.296,3.239,3.235,3.308,1406880000,4602040000,0
2025-10-31,3.235,3.166,3.164,3.258,1495640000,4795960000,0
2025-11-03,3.152,3.176,3.098,3.178,1291990000,4057840000,0
2025-11-04,3.166,3.112,3.087,3.184,1277900000,3999080000,0
2025-11-05,3.060,3.142,3.046,3.157,1312860000,4073290000,0
2025-11-06,3.158,3.201,3.153,3.213,1334420000,4251350000,0
2025-11-07,3.184,3.185,3.155,3.218,970510000,3090350000,0
2025-11-10,3.200,3.158,3.117,3.215,1174690000,3697770000,0
2025-11-11,3.175,3.113,3.107,3.188,1057310000,3323340000,0
2025-11-12,3.095,3.108,3.058,3.116,1181470000,3648760000,0
2025-11-13,3.094,3.182,3.086,3.188,1601870000,5045450000,0
2025-11-14,3.146,3.093,3.091,3.146,1221750000,3818690000,0
2025-11-17,3.074,3.084,3.060,3.101,982890000,3024960000,0
2025-11-18,3.069,3.051,3.032,3.095,1252460000,3834330000,0
2025-11-19,3.051,3.057,3.041,3.092,1325420000,4059820000,0
2025-11-20,3.106,3.026,3.019,3.113,1380800000,4222310000,0
2025-11-21,2.990,2.904,2.903,2.990,2381330000,7001980000,0
2025-11-24,2.925,2.908,2.873,2.932,1510800000,4394190000,0
2025-11-25,2.951,2.961,2.940,3.008,2184710000,6485660000,0
2025-11-26,2.955,3.027,2.943,3.061,1826350000,5496580000,0
2025-11-27,3.018,3.012,3.007,3.093,1249770000,3812790000,0
2025-11-28,3.008,3.035,2.993,3.048,909250000,2745370000,0
2025-12-01,3.044,3.073,3.017,3.074,1004680000,3065140000,0
2025-12-02,3.075,3.052,3.036,3.075,623220000,1904760000,0
2025-12-03,3.058,3.019,3.010,3.086,776120000,2361210000,0
2025-12-04,3.014,3.051,2.997,3.056,808440000,2449920000,0
2025-12-05,3.063,3.089,3.028,3.098,873840000,2681410000,0
2025-12-08,3.101,3.171,3.099,3.194,1268130000,4001560000,0
2025-12-09,3.168,3.188,3.153,3.215,1082570000,3451150000,0
2025-12-10,3.185,3.192,3.124,3.200,852960000,2694950000,0
2025-12-11,3.192,3.146,3.145,3.226,936230000,2993220000,0
2025-12-12,3.152,3.174,3.120,3.186,1011010000,3194780000,0
2025-12-15,3.140,3.120,3.119,3.167,798450000,2506450000,0
2025-12-16,3.112,3.060,3.043,3.125,1309900000,4025760000,0
2025-12-17,3.057,3.164,3.054,3.165,1586160000,4937700000,0
2025-12-18,3.134,3.092,3.092,3.140,1380520000,4297350000,0
2025-12-19,3.118,3.107,3.096,3.141,1067090000,3326090000,0
2025-12-22,3.135,3.175,3.135,3.180,1326080000,4197240000,0
2025-12-23,3.180,3.185,3.166,3.210,946020000,3015020000,0
2025-12-24,3.194,3.212,3.177,3.219,782860000,2505010000,0
2025-12-25,3.210,3.222,3.184,3.234,882510000,2835990000,0
2025-12-26,3.222,3.226,3.202,3.252,953280000,3075750000,0
2025-12-29,3.217,3.205,3.190,3.234,952070000,3055960000,0
2025-12-30,3.190,3.229,3.190,3.234,1180970000,3800220000,0
2025-12-31,3.230,3.186,3.182,3.239,717890000,2302050000,0
2026-01-05,3.215,3.281,3.210,3.281,1093580000,3551320000,0
2026-01-06,3.278,3.303,3.249,3.305,1317060000,4324240000,0
2026-01-07,3.311,3.311,3.281,3.336,1227050000,4059300000,0
2026-01-08,3.291,3.287,3.270,3.313,1103910000,3632320000,0
2026-01-09,3.269,3.314,3.253,3.315,1545150000,5087070000,0
2026-01-12,3.314,3.371,3.267,3.387,2193720000,7314370000,0
2026-01-13,3.372,3.306,3.291,3.402,1931470000,6466150000,0
2026-01-14,3.307,3.332,3.292,3.388,2874010000,9606960000,0
2026-01-15,3.306,3.352,3.293,3.359,3886520000,12904870000,0
2026-01-16,3.382,3.346,3.337,3.394,4092520000,13720980000,0
2026-01-19,3.327,3.318,3.310,3.369,1943740000,6480800000,0
2026-01-20,3.319,3.263,3.242,3.335,2328270000,7628210000,0
2026-01-21,3.243,3.281,3.242,3.315,1195060000,3933090000,0
2026-01-22,3.298,3.315,3.264,3.323,1791980000,5894350000,0
2026-01-23,3.322,3.337,3.304,3.337,907990000,3018740000,0
2026-01-26,3.352,3.305,3.292,3.355,1678250000,5559100000,0
2026-01-27,3.310,3.327,3.263,3.352,1765270000,5853390000,0
2026-01-28,3.342,3.307,3.290,3.345,1949640000,6465050000,0
2026-01-29,3.297,3.292,3.284,3.342,1626120000,5378680000,0
2026-01-30,3.286,3.335,3.241,3.355,1291840000,4271420000,0
2026-02-02,3.338,3.252,3.248,3.376,1148760000,3801820000,0
2026-02-03,3.302,3.313,3.238,3.320,1201590000,3952450000,0
2026-02-04,3.290,3.297,3.233,3.307,1179790000,3852330000,0
2026-02-05,3.264,3.238,3.227,3.278,985290000,3200830000,0
2026-02-06,3.210,3.229,3.187,3.275,878530000,2843470000,0
2026-02-09,3.288,3.321,3.263,3.327,989620000,3265110000,0
2026-02-10,3.327,3.311,3.307,3.335,538120000,1786180000,0
2026-02-11,3.300,3.273,3.272,3.312,811870000,2669090000,0
2026-02-12,3.280,3.319,3.277,3.323,951630000,3145580000,0
2026-02-13,3.303,3.265,3.263,3.313,935970000,3077150000,0
2026-02-24,3.318,3.295,3.282,3.331,924960000,3059400000,0
2026-02-25,3.301,3.344,3.293,3.352,1102230000,3669070000,0
2026-02-26,3.338,3.336,3.301,3.343,891280000,2959410000,0
2026-02-27,3.310,3.301,3.283,3.317,1270880000,4189210000,0
2026-03-02,3.251,3.282,3.250,3.308,1691760000,5551370000,0
2026-03-03,3.303,3.205,3.198,3.320,1675120000,5460110000,0
2026-03-04,3.170,3.154,3.138,3.207,1404620000,4453320000,0
2026-03-05,3.216,3.206,3.183,3.254,1591870000,5123990000,0
2026-03-06,3.191,3.225,3.169,3.238,859450000,2755970000,0
2026-03-09,3.183,3.201,3.100,3.210,1371920000,4311140000,0
2026-03-10,3.267,3.296,3.252,3.298,1240930000,4069370000,0
2026-03-11,3.303,3.335,3.303,3.377,1073180000,3585290000,0
2026-03-12,3.340,3.308,3.278,3.350,787650000,2601720000,0
2026-03-13,3.290,3.300,3.280,3.334,809790000,2682650000,0
2026-03-16,3.308,3.349,3.275,3.350,1065370000,3529090000,0
2026-03-17,3.369,3.273,3.271,3.379,1159780000,3853090000,0
2026-03-18,3.293,3.338,3.265,3.341,1120870000,3701560000,0
2026-03-19,3.297,3.303,3.287,3.353,1246930000,4139740000,0
2026-03-20,3.337,3.341,3.337,3.417,1959670000,6613610000,0
2026-03-23,3.300,3.228,3.206,3.326,1683290000,5505330000,0
2026-03-24,3.275,3.237,3.145,3.277,1481030000,4747720000,0
2026-03-25,3.279,3.307,3.262,3.315,1178840000,3885550000,0
2026-03-26,3.306,3.263,3.256,3.338,953040000,3137110000,0
2026-03-27,3.241,3.293,3.221,3.313,941180000,3079350000,0
2026-03-30,3.242,3.264,3.216,3.273,988480000,3210680000,0
2026-03-31,3.248,3.182,3.178,3.272,1379480000,4434720000,0
2026-04-01,3.245,3.232,3.200,3.247,1137460000,3666280000,0
2026-04-02,3.224,3.164,3.148,3.224,1035750000,3296760000,0
2026-04-03,3.182,3.141,3.139,3.189,735320000,2326710000,0
2026-04-07,3.153,3.151,3.125,3.173,749370000,2361500000,0
2026-04-08,3.241,3.345,3.235,3.345,1456940000,4785820000,0
2026-04-09,3.316,3.320,3.292,3.331,726720000,2407160000,0
2026-04-10,3.339,3.437,3.339,3.462,1393330000,4765720000,0
2026-04-13,3.430,3.468,3.421,3.485,1041760000,3606550000,0
2026-04-14,3.501,3.550,3.484,3.552,1063240000,3744100000,0
2026-04-15,3.589,3.511,3.482,3.595,1352470000,4785010000,0
2026-04-16,3.522,3.624,3.511,3.624,1479650000,5298080000,0
2026-04-17,3.638,3.670,3.610,3.678,1503310000,5490000000,0
2026-04-20,3.657,3.672,3.636,3.689,1485360000,5444540000,0
2026-04-21,3.663,3.681,3.614,3.688,1382840000,5051180000,0
2026-04-22,3.660,3.758,3.660,3.761,1861500000,6923900000,0
2026-04-23,3.769,3.728,3.684,3.789,1458090000,5446610000,0
2026-04-24,3.689,3.674,3.630,3.704,1712830000,6285360000,0
2026-04-27,3.680,3.652,3.643,3.691,960410000,3519640000,0
2026-04-28,3.630,3.602,3.588,3.643,1106100000,3998700000,0
2026-04-29,3.585,3.694,3.578,3.700,1064150000,3886450000,0
2026-04-30,3.703,3.689,3.668,3.727,1003980000,3710120000,0
2026-05-06,3.763,3.786,3.733,3.824,1963950000,7445850000,0
2026-05-07,3.814,3.845,3.769,3.849,895000000,3408780000,0
2026-05-08,3.811,3.806,3.796,3.851,969620000,3704430000,0
2026-05-11,3.834,3.947,3.806,3.947,1348820000,5237820000,0
2026-05-12,3.952,3.940,3.907,3.966,1248080000,4919170000,0
2026-05-13,3.910,4.048,3.904,4.054,1215010000,4827430000,0
2026-05-14,4.092,3.961,3.948,4.104,1471970000,5906570000,0
2026-05-15,3.961,3.970,3.880,4.015,1903600000,7510650000,0
2026-05-18,3.912,3.923,3.892,3.971,1387090000,5450610000,0
2026-05-19,3.901,3.922,3.820,3.931,1473240000,5712080000,0
2026-05-20,3.895,3.932,3.895,3.959,1160270000,4551860000,0
2026-05-21,3.970,3.846,3.835,4.029,1828410000,7219560000,0
2026-05-22,3.877,3.946,3.866,3.959,1447580000,5660830000,0
2026-05-25,3.982,4.034,3.916,4.034,1365030000,5436400000,0
2026-05-26,4.012,4.055,3.997,4.070,1602320000,6460250000,0
2026-05-27,4.053,4.056,4.027,4.158,1747330000,7161590000,0
2026-05-28,4.039,4.138,3.984,4.148,1401170000,5679120000,0
2026-05-29,4.143,4.053,4.022,4.174,1617190000,6627590000,0
2026-06-01,4.047,3.964,3.956,4.094,1322450000,5325030000,0
2026-06-02,3.981,4.071,3.959,4.098,1482180000,5968730000,0
2026-06-03,4.095,4.145,4.076,4.230,1649060000,6853480000,0
2026-06-04,4.074,4.100,4.065,4.131,1059910000,4344950000,0
2026-06-05,4.083,3.977,3.947,4.122,1466350000,5925660000,0
2026-06-08,3.830,3.827,3.790,3.916,1791640000,6918770000,0
2026-06-09,3.877,3.972,3.836,3.975,1578770000,6169160000,0
2026-06-10,3.925,3.870,3.835,3.942,1269820000,4932050000,0
2026-06-11,3.843,3.830,3.770,3.925,1513150000,5811230000,0
2026-06-12,3.932,3.846,3.835,3.934,1249610000,4861540000,0
2026-06-15,3.912,4.045,3.858,4.053,1461050000,5783320000,0
2026-06-16,4.068,4.111,4.063,4.154,1092150000,4481670000,0
2026-06-17,4.086,4.183,4.071,4.183,1093700000,4511810000,0
2026-06-18,4.169,4.269,4.160,4.288,1058050000,4493980000,0
2026-06-22,4.291,4.379,4.240,4.379,1592600000,6869550000,0
2026-06-23,4.379,4.210,4.170,4.379,1896740000,8095280000,0
2026-06-24,4.206,4.258,4.174,4.271,1663470000,7032560000,0
2026-06-25,4.287,4.395,4.254,4.395,1376050000,5951170000,0
2026-06-26,4.328,4.215,4.190,4.344,1536030000,6542720000,0
2026-06-29,4.200,4.236,4.118,4.280,1553590000,6516030000,0
2026-06-30,4.224,4.364,4.221,4.370,1108780000,4776120000,0
2026-07-01,4.364,4.274,4.234,4.378,1269220000,5484770000,0
2026-07-02,4.207,4.036,4.016,4.207,1876490000,7700520000,0
2026-07-03,4.002,4.037,4.000,4.130,1375220000,5595210000,0
2026-07-06,4.051,3.970,3.918,4.077,1242210000,4961680000,0
2026-07-07,3.930,3.932,3.872,3.991,1341260000,5277350000,0
2026-07-08,3.948,3.867,3.842,3.980,1649430000,6443920000,0
2026-07-09,3.904,4.040,3.831,4.048,1949200000,7646990000,0
2026-07-10,4.046,3.862,3.860,4.088,1904830000,7609790000,0
2026-07-13,3.810,3.751,3.712,3.876,1904240000,7214650000,0
2026-07-14,3.739,3.867,3.693,3.874,2314280000,8767460000,0
2026-07-15,3.885,3.828,3.812,3.925,1777970000,6879500000,0
2026-07-16,3.769,3.723,3.680,3.816,2074860000,7769710000,0
2026-07-17,3.679,3.463,3.408,3.679,4362300000,15426970000,0
2026-07-20,3.512,3.477,3.358,3.572,5629940000,19456640000,0
2026-07-21,3.488,3.709,3.393,3.713,4276930000,15265720000,0
2026-07-22,3.650,3.586,3.575,3.716,2591770000,9480430000,0
2026-07-23,3.597,3.597,3.559,3.645,1774280000,6389410000,0
2026-07-24,3.536,3.508,3.507,3.584,1818510000,6442930000,0
2026-07-27,3.502,3.612,3.470,3.618,1896640000,6740600000,0
2026-07-28,3.513,3.355,3.335,3.538,3733770000,12793020000,0
2026-07-29,3.346,3.402,3.273,3.435,3707920000,12446160000,0
2026-07-30,3.350,3.270,3.182,3.379,5146490000,16874600000,0
2026-07-31,3.437,3.368,3.367,3.486,4394740000,15089210000,0
2026-08-03,3.323,3.325,3.300,3.365,1914490000,6381410000,0
2026-08-04,3.375,3.514,3.361,3.533,2790580000,9646120000,0
2026-08-05,3.400,3.560,3.400,3.607,3023600000,10611240000,0
2026-08-06,3.497,3.540,3.465,3.596,2067120000,7293010000,0
2026-08-07,3.540,3.586,3.529,3.636,2123500000,7613150000,0
2026-08-10,3.586,3.559,3.495,3.601,1658070000,5864200000,0
2026-08-11,3.545,3.565,3.535,3.620,1496880000,5356010000,0
2026-08-12,3.556,3.621,3.556,3.643,1317050000,4751620000,0
2026-08-13,3.666,3.604,3.603,3.700,1586800000,5821150000,0
2026-08-14,3.627,3.645,3.595,3.650,1299590000,4713640000,0
2026-08-17,3.650,3.756,3.623,3.758,1413050000,5222140000,0
2026-08-18,3.748,3.723,3.683,3.767,1163440000,4329860000,0
2026-08-19,3.655,3.498,3.473,3.655,2981890000,10610520000,0
2026-08-20,3.527,3.512,3.476,3.550,1564060000,5502820000,0
2026-08-21,3.502,3.560,3.496,3.580,1639160000,5821280000,0
2026-08-24,3.557,3.457,3.395,3.570,1932540000,6681290000,0
2026-08-25,3.404,3.419,3.376,3.461,1923150000,6562740000,0
2026-08-26,3.423,3.432,3.395,3.474,1768850000,6081870000,0
2026-08-27,3.450,3.494,3.427,3.494,1499010000,5191830000,0
2026-08-28,3.478,3.443,3.440,3.539,1485430000,5179580000,0
2026-08-31,3.389,3.456,3.377,3.456,1420570000,4846170000,0
2026-09-01,3.452,3.412,3.395,3.461,1208860000,4134980000,0
2026-09-02,3.367,3.335,3.315,3.368,1571060000,5245210000,0
2026-09-03,3.357,3.330,3.302,3.374,1516510000,5064500000,0
2026-09-04,3.356,3.305,3.285,3.387,1863300000,6226740000,0
2026-09-07,3.338,3.414,3.335,3.427,2197880000,7429470000,0
2026-09-08,3.413,3.376,3.365,3.436,1604820000,5455070000,0
2026-09-09,3.410,3.373,3.346,3.415,1098040000,3711040000,0
2026-09-10,3.345,3.358,3.325,3.387,1110440000,3730620000,0
2026-09-11,3.323,3.341,3.280,3.354,1905300000,6320260000,0
2026-09-14,3.300,3.304,3.280,3.349,1185250000,3922470000,0
2026-09-15,3.300,3.268,3.263,3.334,1526950000,5031340000,0
2026-09-16,3.264,3.330,3.246,3.346,1900460000,6265200000,0
2026-09-17,3.315,3.319,3.313,3.370,1517380000,5066260000,0
2026-09-18,3.364,3.391,3.332,3.418,1852320000,6247380000,0
2026-09-21,3.421,3.418,3.394,3.449,1513050000,5181810000,0
2026-09-22,3.463,3.420,3.407,3.493,1716200000,5932490000,0
2026-09-23,3.428,3.399,3.393,3.434,1325950000,4517800000,0
2026-09-24,3.382,3.312,3.306,3.392,1325330000,4434640000,0
2026-09-28,3.284,3.159,3.145,3.293,2494950000,7970910000,0
2026-09-29,3.139,3.162,3.139,3.179,1479490000,4678500000,0
2026-09-30,3.174,3.154,3.142,3.192,1308180000,4142870000,0
