date,open,high,low,close,volume,amount,turnover
2017-01-03,3.529,3.563,3.529,3.571,105870000,359020000,0
2017-01-04,3.561,3.593,3.554,3.594,113480000,386400000,0
2017-01-05,3.592,3.586,3.578,3.597,65670000,224690000,0
2017-01-06,3.583,3.575,3.570,3.590,77890000,265620000,0
2017-01-09,3.570,3.587,3.567,3.591,77510000,264760000,0
2017-01-10,3.586,3.578,3.574,3.593,69720000,238190000,0
2017-01-11,3.572,3.553,3.552,3.589,94710000,322320000,0
2017-01-12,3.553,3.536,3.533,3.562,84000000,284380000,0
2017-01-13,3.535,3.542,3.529,3.560,97500000,329080000,0
2017-01-16,3.535,3.538,3.483,3.540,146920000,492410000,0
2017-01-17,3.527,3.543,3.516,3.550,86500000,291330000,0
2017-01-18,3.538,3.565,3.537,3.576,113870000,386680000,0
2017-01-19,3.556,3.553,3.547,3.571,106030000,359710000,0
2017-01-20,3.547,3.582,3.545,3.583,206370000,703730000,0
2017-01-23,3.582,3.583,3.579,3.608,142180000,478940000,0
2017-01-24,3.583,3.585,3.575,3.591,84300000,283120000,0
2017-01-25,3.583,3.595,3.572,3.597,67020000,225500000,0
2017-01-26,3.595,3.609,3.595,3.619,66180000,224130000,0
2017-02-03,3.609,3.589,3.579,3.611,112040000,377380000,0
2017-02-06,3.590,3.588,3.578,3.598,101170000,340450000,0
2017-02-07,3.585,3.582,3.572,3.593,91960000,308980000,0
2017-02-08,3.581,3.605,3.564,3.611,95170000,319980000,0
2017-02-09,3.601,3.617,3.600,3.630,98340000,334000000,0
2017-02-10,3.620,3.635,3.614,3.642,106140000,361430000,0
2017-02-13,3.634,3.653,3.634,3.658,122510000,419770000,0
2017-02-14,3.653,3.657,3.647,3.658,77500000,265840000,0
2017-02-15,3.656,3.645,3.638,3.668,124530000,427280000,0
2017-02-16,3.645,3.660,3.638,3.660,90500000,310100000,0
2017-02-17,3.660,3.640,3.639,3.677,125370000,430590000,0
2017-02-20,3.640,3.696,3.639,3.707,138280000,477380000,0
2017-02-21,3.696,3.696,3.692,3.709,111850000,388820000,0
2017-02-22,3.699,3.707,3.692,3.710,95190000,331350000,0
2017-02-23,3.704,3.692,3.683,3.710,102860000,357290000,0
2017-02-24,3.693,3.689,3.676,3.693,89740000,310750000,0
2017-02-27,3.690,3.662,3.654,3.690,73570000,253860000,0
2017-02-28,3.658,3.667,3.657,3.679,95070000,327340000,0
2017-03-01,3.669,3.671,3.663,3.694,135590000,468350000,0
2017-03-02,3.677,3.659,3.649,3.725,95550000,329330000,0
2017-03-03,3.649,3.646,3.629,3.650,77840000,266090000,0
2017-03-06,3.646,3.663,3.640,3.666,99990000,343390000,0
2017-03-07,3.661,3.668,3.656,3.669,76190000,262130000,0
2017-03-08,3.666,3.672,3.661,3.673,110170000,379540000,0
2017-03-09,3.666,3.641,3.635,3.666,80900000,276910000,0
2017-03-10,3.638,3.644,3.638,3.653,82570000,282730000,0
2017-03-13,3.638,3.681,3.629,3.683,123670000,425160000,0
2017-03-14,3.678,3.673,3.669,3.682,68050000,234990000,0
2017-03-15,3.667,3.679,3.664,3.682,57610000,198850000,0
2017-03-16,3.687,3.700,3.687,3.715,93480000,325320000,0
2017-03-17,3.700,3.661,3.658,3.705,103770000,359080000,0
2017-03-20,3.662,3.663,3.649,3.670,88940000,305760000,0
2017-03-21,3.663,3.687,3.659,3.687,107710000,371420000,0
2017-03-22,3.673,3.669,3.650,3.681,62830000,216430000,0
2017-03-23,3.672,3.679,3.654,3.689,85380000,294740000,0
2017-03-24,3.680,3.712,3.678,3.722,128360000,446210000,0
2017-03-27,3.711,3.696,3.692,3.721,86790000,302550000,0
2017-03-28,3.696,3.691,3.682,3.703,66960000,232240000,0
2017-03-29,3.691,3.684,3.672,3.700,79010000,273800000,0
2017-03-30,3.677,3.651,3.640,3.684,119740000,411530000,0
2017-03-31,3.651,3.676,3.650,3.677,88620000,305010000,0
2017-04-05,3.696,3.733,3.694,3.734,135140000,472560000,0
2017-04-06,3.731,3.729,3.712,3.734,96080000,336540000,0
2017-04-07,3.731,3.736,3.723,3.748,75540000,265250000,0
2017-04-10,3.739,3.727,3.725,3.740,82110000,288180000,0
2017-04-11,3.726,3.736,3.689,3.740,105730000,369690000,0
2017-04-12,3.734,3.723,3.716,3.740,98870000,346900000,0
2017-04-13,3.719,3.736,3.716,3.742,78440000,275410000,0
2017-04-14,3.736,3.707,3.701,3.737,86080000,300480000,0
2017-04-17,3.700,3.695,3.678,3.703,135780000,470980000,0
2017-04-18,3.690,3.687,3.686,3.706,83200000,289000000,0
2017-04-19,3.680,3.660,3.645,3.680,212040000,729200000,0
2017-04-20,3.658,3.679,3.657,3.684,115800000,399720000,0
2017-04-21,3.682,3.682,3.666,3.692,81440000,281670000,0
2017-04-24,3.673,3.645,3.628,3.677,170080000,582010000,0
2017-04-25,3.652,3.656,3.647,3.667,98380000,337970000,0
2017-04-26,3.656,3.664,3.656,3.684,87630000,302140000,0
2017-04-27,3.660,3.666,3.622,3.672,209730000,717280000,0
2017-04-28,3.663,3.653,3.638,3.663,71530000,245190000,0
2017-05-02,3.648,3.648,3.636,3.652,92080000,315150000,0
2017-05-03,3.644,3.631,3.627,3.652,82180000,280640000,0
2017-05-04,3.628,3.618,3.615,3.641,104320000,355000000,0
2017-05-05,3.613,3.596,3.584,3.615,146520000,494950000,0
2017-05-08,3.592,3.567,3.559,3.596,164390000,551750000,0
2017-05-09,3.562,3.570,3.551,3.578,140020000,467730000,0
2017-05-10,3.571,3.558,3.556,3.586,167020000,560480000,0
2017-05-11,3.550,3.575,3.538,3.583,218190000,727390000,0
2017-05-12,3.573,3.602,3.569,3.607,145120000,488590000,0
2017-05-15,3.611,3.616,3.608,3.627,102440000,348050000,0
2017-05-16,3.613,3.656,3.600,3.657,103310000,351930000,0
2017-05-17,3.652,3.633,3.632,3.654,109790000,375710000,0
2017-05-18,3.621,3.618,3.612,3.635,97420000,331210000,0
2017-05-19,3.617,3.624,3.617,3.629,71590000,243480000,0
2017-05-22,3.625,3.627,3.612,3.644,86340000,294190000,0
2017-05-23,3.626,3.642,3.623,3.656,151470000,517640000,0
2017-05-24,3.637,3.642,3.611,3.643,140440000,478010000,0
2017-05-25,3.639,3.715,3.632,3.719,248950000,861100000,0
2017-05-26,3.709,3.709,3.700,3.725,203200000,709040000,0
2017-05-31,3.720,3.711,3.695,3.741,148030000,517280000,0
2017-06-01,3.705,3.719,3.702,3.721,90720000,316720000,0
2017-06-02,3.717,3.710,3.691,3.721,131540000,458840000,0
2017-06-05,3.700,3.687,3.684,3.712,110180000,382520000,0
2017-06-06,3.687,3.714,3.684,3.715,95910000,333740000,0
2017-06-07,3.718,3.762,3.713,3.764,166720000,588220000,0
2017-06-08,3.760,3.787,3.755,3.792,146090000,518490000,0
2017-06-09,3.786,3.809,3.785,3.818,151230000,541580000,0
2017-06-12,3.802,3.802,3.793,3.829,124070000,445110000,0
2017-06-13,3.793,3.809,3.791,3.817,131630000,471600000,0
2017-06-14,3.807,3.773,3.767,3.807,142580000,508240000,0
2017-06-15,3.772,3.761,3.747,3.783,120840000,427920000,0
2017-06-16,3.761,3.755,3.750,3.777,102400000,362700000,0
2017-06-19,3.757,3.795,3.757,3.798,141310000,503220000,0
2017-06-20,3.798,3.784,3.776,3.805,129830000,462760000,0
2017-06-21,3.807,3.829,3.784,3.830,202670000,726050000,0
2017-06-22,3.822,3.833,3.820,3.874,190010000,689630000,0
2017-06-23,3.830,3.868,3.814,3.870,97990000,354020000,0
2017-06-26,3.868,3.913,3.868,3.916,107390000,395230000,0
2017-06-27,3.911,3.915,3.892,3.921,80670000,297030000,0
2017-06-28,3.912,3.890,3.885,3.912,79250000,291470000,0
2017-06-29,3.891,3.912,3.890,3.917,86840000,319710000,0
2017-06-30,3.900,3.906,3.888,3.917,82480000,303290000,0
2017-07-03,3.907,3.890,3.875,3.910,96520000,354080000,0
2017-07-04,3.889,3.860,3.852,3.890,135220000,492450000,0
2017-07-05,3.858,3.907,3.858,3.914,133330000,488490000,0
2017-07-06,3.907,3.904,3.878,3.912,161830000,595550000,0
2017-07-07,3.899,3.902,3.883,3.907,82640000,303790000,0
2017-07-10,3.901,3.906,3.897,3.922,95090000,350800000,0
2017-07-11,3.902,3.936,3.901,3.965,131420000,488050000,0
2017-07-12,3.930,3.914,3.898,3.950,117480000,435480000,0
2017-07-13,3.915,3.952,3.915,3.955,111240000,413670000,0
2017-07-14,3.953,3.977,3.942,3.981,85580000,319750000,0
2017-07-17,3.974,3.926,3.898,3.983,194210000,721610000,0
2017-07-18,3.920,3.928,3.894,3.933,160850000,594670000,0
2017-07-19,3.927,4.005,3.923,4.010,174120000,651900000,0
2017-07-20,4.002,4.023,3.996,4.024,97700000,369860000,0
2017-07-21,4.013,4.004,3.992,4.026,97760000,370650000,0
2017-07-24,4.000,4.023,3.993,4.031,64260000,243900000,0
2017-07-25,4.022,3.994,3.987,4.024,97000000,367100000,0
2017-07-26,3.994,3.973,3.957,4.011,154250000,579530000,0
2017-07-27,3.974,3.984,3.948,3.993,146360000,548560000,0
2017-07-28,3.979,3.998,3.972,4.002,74150000,279470000,0
2017-07-31,3.998,4.012,3.989,4.026,119460000,452020000,0
2017-08-01,4.012,4.042,4.010,4.046,122450000,466020000,0
2017-08-02,4.044,4.042,4.036,4.062,118100000,451860000,0
2017-08-03,4.036,4.004,3.996,4.045,107290000,407640000,0
2017-08-04,4.004,3.981,3.980,4.018,104070000,393420000,0
2017-08-07,3.974,4.004,3.971,4.011,106250000,400290000,0
2017-08-08,4.006,4.005,3.994,4.013,121130000,458100000,0
2017-08-09,4.002,4.002,3.989,4.014,96190000,363930000,0
2017-08-10,3.995,3.994,3.966,4.023,138680000,523520000,0
2017-08-11,3.970,3.922,3.917,3.978,181660000,676530000,0
2017-08-14,3.923,3.968,3.923,3.975,148960000,556590000,0
2017-08-15,3.969,3.978,3.964,3.993,238630000,896630000,0
2017-08-16,3.974,3.972,3.951,3.979,88140000,330130000,0
2017-08-17,3.978,4.001,3.976,4.002,70330000,264850000,0
2017-08-18,3.989,4.003,3.977,4.012,72500000,273300000,0
2017-08-21,4.013,4.019,4.004,4.028,49080000,186240000,0
2017-08-22,4.018,4.025,4.008,4.033,72330000,274720000,0
2017-08-23,4.025,4.035,4.019,4.051,56390000,215030000,0
2017-08-24,4.035,4.015,4.010,4.044,76400000,290510000,0
2017-08-25,4.014,4.081,4.013,4.082,202390000,777250000,0
2017-08-28,4.084,4.125,4.084,4.150,229740000,897020000,0
2017-08-29,4.126,4.117,4.110,4.129,121840000,474880000,0
2017-08-30,4.116,4.113,4.111,4.134,83780000,326840000,0
2017-08-31,4.113,4.106,4.084,4.123,116680000,452600000,0
2017-09-01,4.106,4.111,4.097,4.124,90010000,350150000,0
2017-09-04,4.111,4.125,4.092,4.128,128020000,498480000,0
2017-09-05,4.125,4.139,4.122,4.146,70320000,275200000,0
2017-09-06,4.130,4.127,4.113,4.140,78780000,307520000,0
2017-09-07,4.130,4.110,4.109,4.142,51310000,200330000,0
2017-09-08,4.112,4.106,4.090,4.126,58650000,228110000,0
2017-09-11,4.111,4.112,4.103,4.139,76010000,295900000,0
2017-09-12,4.122,4.122,4.106,4.135,62320000,242810000,0
2017-09-13,4.124,4.125,4.107,4.130,59310000,231150000,0
2017-09-14,4.123,4.112,4.103,4.137,62550000,243710000,0
2017-09-15,4.110,4.118,4.099,4.123,92680000,360430000,0
2017-09-18,4.115,4.133,4.112,4.152,110700000,433280000,0
2017-09-19,4.134,4.108,4.094,4.137,88760000,345680000,0
2017-09-20,4.106,4.126,4.104,4.131,69780000,271870000,0
2017-09-21,4.126,4.127,4.113,4.138,120840000,471690000,0
2017-09-22,4.112,4.116,4.098,4.121,74720000,290350000,0
2017-09-25,4.111,4.100,4.092,4.113,84550000,327970000,0
2017-09-26,4.095,4.102,4.093,4.104,60570000,234780000,0
2017-09-27,4.101,4.105,4.096,4.116,54880000,213160000,0
2017-09-28,4.105,4.111,4.095,4.115,49660000,192870000,0
2017-09-29,4.111,4.124,4.111,4.141,88760000,346350000,0
2017-10-09,4.194,4.165,4.163,4.207,165310000,655240000,0
2017-10-10,4.162,4.170,4.142,4.179,141760000,558060000,0
2017-10-11,4.170,4.185,4.163,4.191,108210000,428210000,0
2017-10-12,4.184,4.202,4.178,4.203,110220000,437030000,0
2017-10-13,4.193,4.210,4.193,4.211,54860000,218430000,0
2017-10-16,4.210,4.196,4.195,4.225,105290000,420000000,0
2017-10-17,4.196,4.194,4.185,4.204,73450000,291840000,0
2017-10-18,4.193,4.218,4.193,4.223,95550000,380780000,0
2017-10-19,4.220,4.207,4.202,4.220,95640000,381390000,0
2017-10-20,4.204,4.205,4.195,4.209,51650000,205550000,0
2017-10-23,4.209,4.217,4.198,4.220,88410000,352640000,0
2017-10-24,4.208,4.243,4.206,4.244,93930000,376230000,0
2017-10-25,4.237,4.256,4.233,4.261,64080000,258040000,0
2017-10-26,4.257,4.285,4.249,4.299,140320000,569600000,0
2017-10-27,4.280,4.305,4.278,4.306,69990000,284880000,0
2017-10-30,4.308,4.287,4.241,4.312,155770000,631580000,0
2017-10-31,4.274,4.284,4.264,4.289,67680000,274320000,0
2017-11-01,4.283,4.270,4.266,4.310,129830000,528340000,0
2017-11-02,4.270,4.277,4.253,4.278,98210000,396900000,0
2017-11-03,4.273,4.266,4.240,4.282,112590000,454650000,0
2017-11-06,4.260,4.302,4.253,4.304,60850000,246650000,0
2017-11-07,4.301,4.342,4.299,4.352,103210000,423890000,0
2017-11-08,4.338,4.333,4.325,4.377,99450000,410490000,0
2017-11-09,4.329,4.364,4.324,4.365,121760000,501130000,0
2017-11-10,4.356,4.401,4.348,4.407,126030000,524280000,0
2017-11-13,4.402,4.410,4.399,4.422,88970000,372770000,0
2017-11-14,4.412,4.378,4.374,4.415,132720000,552970000,0
2017-11-15,4.371,4.348,4.341,4.381,255410000,1056080000,0
2017-11-16,4.347,4.387,4.343,4.391,193310000,800920000,0
2017-11-17,4.380,4.392,4.364,4.397,188890000,785720000,0
2017-11-20,4.380,4.425,4.346,4.426,140350000,582540000,0
2017-11-21,4.419,4.508,4.412,4.510,172890000,735790000,0
2017-11-22,4.509,4.507,4.472,4.547,154950000,665100000,0
2017-11-23,4.501,4.371,4.361,4.501,299270000,1263610000,0
2017-11-24,4.361,4.375,4.338,4.394,216020000,895480000,0
2017-11-27,4.362,4.308,4.305,4.369,273110000,1119760000,0
2017-11-28,4.303,4.327,4.292,4.332,104830000,429270000,0
2017-11-29,4.331,4.323,4.273,4.342,119170000,487610000,0
2017-11-30,4.319,4.276,4.266,4.328,117620000,479530000,0
2017-12-01,4.275,4.279,4.262,4.307,84710000,343850000,0
2017-12-04,4.275,4.296,4.258,4.313,77890000,317180000,0
2017-12-05,4.286,4.321,4.285,4.328,81860000,335050000,0
2017-12-06,4.312,4.290,4.248,4.312,90830000,369190000,0
2017-12-07,4.285,4.244,4.230,4.298,89750000,362410000,0
2017-12-08,4.244,4.283,4.239,4.294,94170000,381440000,0
2017-12-11,4.282,4.350,4.282,4.352,92130000,377600000,0
2017-12-12,4.346,4.285,4.283,4.346,109490000,448730000,0
2017-12-13,4.285,4.314,4.278,4.323,115980000,472840000,0
2017-12-14,4.315,4.301,4.285,4.326,155910000,636130000,0
2017-12-15,4.290,4.247,4.243,4.292,92550000,374180000,0
2017-12-18,4.250,4.248,4.235,4.279,102800000,414630000,0
2017-12-19,4.252,4.301,4.252,4.303,105300000,427720000,0
2017-12-20,4.298,4.292,4.283,4.310,93000000,378940000,0
2017-12-21,4.284,4.342,4.282,4.356,241550000,993430000,0
2017-12-22,4.340,4.323,4.319,4.345,129760000,533560000,0
2017-12-25,4.326,4.304,4.294,4.358,170230000,698950000,0
2017-12-26,4.307,4.316,4.287,4.326,209000000,854170000,0
2017-12-27,4.317,4.248,4.244,4.320,208490000,845670000,0
2017-12-28,4.253,4.285,4.243,4.300,193950000,786210000,0
2017-12-29,4.288,4.298,4.276,4.305,108320000,440610000,0
2018-01-02,4.308,4.358,4.306,4.360,168880000,695160000,0
2018-01-03,4.358,4.380,4.354,4.408,126790000,527470000,0
2018-01-04,4.380,4.393,4.372,4.402,92220000,384080000,0
2018-01-05,4.401,4.409,4.387,4.419,127130000,531270000,0
2018-01-08,4.408,4.426,4.395,4.436,105700000,443370000,0
2018-01-09,4.426,4.460,4.419,4.463,107950000,455230000,0
2018-01-10,4.456,4.478,4.443,4.482,144970000,614500000,0
2018-01-11,4.471,4.472,4.454,4.478,98480000,417890000,0
2018-01-12,4.472,4.495,4.467,4.499,103570000,441240000,0
2018-01-15,4.495,4.487,4.483,4.532,157360000,674170000,0
2018-01-16,4.487,4.530,4.482,4.533,123180000,528240000,0
2018-01-17,4.531,4.517,4.503,4.549,158940000,684340000,0
2018-01-18,4.523,4.545,4.520,4.558,125090000,540070000,0
2018-01-19,4.547,4.557,4.544,4.587,218510000,948700000,0
2018-01-22,4.544,4.612,4.544,4.615,139870000,609570000,0
2018-01-23,4.621,4.656,4.618,4.657,158470000,692090000,0
2018-01-24,4.656,4.659,4.624,4.668,161350000,707010000,0
2018-01-25,4.656,4.631,4.609,4.658,154870000,675880000,0
2018-01-26,4.618,4.653,4.613,4.682,98410000,431470000,0
2018-01-29,4.663,4.570,4.559,4.668,214050000,928590000,0
2018-01-30,4.560,4.526,4.523,4.578,161690000,692030000,0
2018-01-31,4.514,4.539,4.508,4.554,166740000,710280000,0
2018-02-01,4.538,4.509,4.484,4.556,439070000,1861960000,0
2018-02-02,4.478,4.535,4.456,4.541,212800000,900350000,0
2018-02-05,4.497,4.531,4.478,4.536,230840000,979150000,0
2018-02-06,4.468,4.411,4.404,4.481,313170000,1306560000,0
2018-02-07,4.468,4.313,4.307,4.477,339520000,1400840000,0
2018-02-08,4.308,4.280,4.249,4.340,312350000,1257460000,0
2018-02-09,4.173,4.095,4.032,4.189,416840000,1597190000,0
2018-02-12,4.104,4.150,4.092,4.173,193560000,749100000,0
2018-02-13,4.185,4.197,4.185,4.249,162460000,641210000,0
2018-02-14,4.209,4.232,4.195,4.239,93040000,367330000,0
2018-02-22,4.284,4.314,4.270,4.321,189060000,762190000,0
2018-02-23,4.322,4.336,4.301,4.346,157660000,639720000,0
2018-02-26,4.366,4.388,4.318,4.401,202770000,830730000,0
2018-02-27,4.396,4.329,4.323,4.397,211820000,865490000,0
2018-02-28,4.296,4.288,4.263,4.323,239220000,962930000,0
2018-03-01,4.268,4.317,4.261,4.335,118640000,479100000,0
2018-03-02,4.288,4.290,4.276,4.311,90610000,364640000,0
2018-03-05,4.293,4.281,4.258,4.317,96010000,385770000,0
2018-03-06,4.310,4.341,4.265,4.342,133590000,539880000,0
2018-03-07,4.338,4.308,4.299,4.361,139730000,568030000,0
2018-03-08,4.310,4.349,4.299,4.351,93210000,378640000,0
2018-03-09,4.356,4.379,4.342,4.385,111690000,457660000,0
2018-03-12,4.399,4.391,4.385,4.416,294990000,1217400000,0
2018-03-13,4.388,4.347,4.345,4.395,143510000,588520000,0
2018-03-14,4.338,4.333,4.329,4.353,120900000,492150000,0
2018-03-15,4.328,4.363,4.320,4.366,100080000,408460000,0
2018-03-16,4.358,4.318,4.317,4.373,88320000,360430000,0
2018-03-19,4.317,4.340,4.297,4.343,80900000,328420000,0
2018-03-20,4.327,4.338,4.302,4.350,75490000,306450000,0
2018-03-21,4.354,4.317,4.308,4.382,129100000,527040000,0
2018-03-22,4.324,4.281,4.271,4.337,98440000,396820000,0
2018-03-23,4.168,4.162,4.093,4.191,278980000,1086360000,0
2018-03-26,4.131,4.144,4.095,4.154,233960000,902530000,0
2018-03-27,4.189,4.179,4.153,4.198,143790000,562270000,0
2018-03-28,4.142,4.100,4.097,4.172,135100000,521670000,0
2018-03-29,4.115,4.170,4.061,4.187,193450000,746820000,0
2018-03-30,4.171,4.164,4.146,4.183,92300000,359640000,0
2018-04-02,4.165,4.151,4.148,4.204,177510000,693290000,0
2018-04-03,4.127,4.126,4.105,4.146,140990000,543350000,0
2018-04-04,4.135,4.116,4.111,4.164,102880000,398760000,0
2018-04-09,4.120,4.121,4.096,4.143,119200000,459330000,0
2018-04-10,4.125,4.196,4.121,4.197,159070000,618420000,0
2018-04-11,4.206,4.201,4.194,4.225,136500000,537940000,0
2018-04-12,4.200,4.160,4.159,4.206,96730000,378610000,0
2018-04-13,4.183,4.133,4.126,4.195,121250000,470490000,0
2018-04-16,4.126,4.072,4.059,4.138,114160000,436300000,0
2018-04-17,4.083,4.016,4.013,4.088,138300000,523630000,0
2018-04-18,4.049,4.024,3.978,4.063,212570000,796580000,0
2018-04-19,4.033,4.077,4.032,4.087,171500000,651730000,0
2018-04-20,4.065,4.018,4.011,4.078,163180000,615890000,0
2018-04-23,4.011,4.034,3.999,4.057,106410000,399920000,0
2018-04-24,4.042,4.113,4.042,4.123,179490000,687340000,0
2018-04-25,4.097,4.090,4.081,4.105,107210000,410070000,0
2018-04-26,4.095,4.014,4.008,4.102,127960000,482930000,0
2018-04-27,4.034,4.022,3.980,4.037,117880000,441620000,0
2018-05-02,4.038,4.034,4.009,4.057,113100000,425240000,0
2018-05-03,4.024,4.056,3.999,4.070,150090000,565840000,0
2018-05-04,4.054,4.038,4.032,4.067,111230000,420680000,0
2018-05-07,4.044,4.099,4.038,4.103,151980000,579310000,0
2018-05-08,4.103,4.149,4.098,4.159,188260000,728180000,0
2018-05-09,4.148,4.138,4.121,4.149,87270000,337420000,0
2018-05-10,4.149,4.164,4.130,4.166,99490000,386260000,0
2018-05-11,4.171,4.141,4.137,4.178,85100000,330550000,0
2018-05-14,4.149,4.175,4.149,4.184,180930000,706410000,0
2018-05-15,4.183,4.190,4.152,4.190,144490000,563950000,0
2018-05-16,4.176,4.158,4.150,4.185,87800000,342420000,0
2018-05-17,4.160,4.125,4.124,4.165,83590000,323710000,0
2018-05-18,4.130,4.167,4.112,4.172,191680000,742240000,0
2018-05-21,4.193,4.186,4.174,4.210,158260000,620800000,0
2018-05-22,4.186,4.170,4.146,4.186,84690000,330060000,0
2018-05-23,4.160,4.119,4.118,4.161,110000000,425880000,0
2018-05-24,4.118,4.088,4.084,4.128,121640000,466990000,0
2018-05-25,4.087,4.079,4.069,4.107,103170000,394360000,0
2018-05-28,4.087,4.103,4.069,4.118,91610000,350530000,0
2018-05-29,4.098,4.067,4.065,4.108,126390000,482550000,0
2018-05-30,4.030,3.995,3.994,4.035,144030000,539600000,0
2018-05-31,4.016,4.071,4.010,4.074,170190000,641620000,0
2018-06-01,4.054,4.045,4.028,4.067,121030000,457360000,0
2018-06-04,4.065,4.082,4.052,4.086,126080000,479680000,0
2018-06-05,4.078,4.114,4.071,4.118,104890000,401240000,0
2018-06-06,4.109,4.107,4.099,4.117,83500000,320640000,0
2018-06-07,4.121,4.106,4.099,4.137,109810000,422900000,0
2018-06-08,4.098,4.055,4.036,4.098,135330000,513530000,0
2018-06-11,4.039,4.065,4.038,4.073,76830000,291010000,0
2018-06-12,4.066,4.103,4.047,4.116,122170000,467010000,0
2018-06-13,4.090,4.064,4.058,4.095,114880000,437630000,0
2018-06-14,4.053,4.054,4.044,4.089,137250000,520480000,0
2018-06-15,4.048,4.048,4.028,4.070,130340000,492810000,0
2018-06-19,4.023,3.918,3.879,4.023,351580000,1292740000,0
2018-06-20,3.905,3.918,3.873,3.935,249030000,904920000,0
2018-06-21,3.920,3.888,3.882,3.964,333720000,1221210000,0
2018-06-22,3.878,3.904,3.840,3.905,154260000,556600000,0
2018-06-25,3.916,3.853,3.852,3.922,115420000,417810000,0
2018-06-26,3.819,3.818,3.775,3.839,202340000,716290000,0
2018-06-27,3.821,3.734,3.725,3.828,200890000,702850000,0
2018-06-28,3.718,3.714,3.708,3.767,162530000,564120000,0
2018-06-29,3.717,3.805,3.717,3.811,170600000,597020000,0
2018-07-02,3.799,3.711,3.673,3.803,212200000,735870000,0
2018-07-03,3.710,3.698,3.617,3.721,361550000,1233350000,0
2018-07-04,3.691,3.662,3.657,3.708,126890000,433280000,0
2018-07-05,3.663,3.634,3.628,3.695,172620000,584960000,0
2018-07-06,3.640,3.663,3.598,3.699,235440000,795710000,0
2018-07-09,3.678,3.762,3.678,3.765,229960000,795180000,0
2018-07-10,3.768,3.771,3.737,3.775,145730000,508630000,0
2018-07-11,3.708,3.713,3.667,3.728,195430000,670570000,0
2018-07-12,3.711,3.796,3.709,3.814,208930000,731990000,0
2018-07-13,3.797,3.802,3.785,3.811,132750000,468720000,0
2018-07-16,3.799,3.787,3.774,3.827,126520000,445640000,0
2018-07-17,3.783,3.765,3.738,3.787,121540000,424440000,0
2018-07-18,3.770,3.749,3.748,3.803,127610000,447730000,0
2018-07-19,3.767,3.751,3.736,3.790,141950000,496040000,0
2018-07-20,3.749,3.818,3.722,3.833,193400000,678380000,0
2018-07-23,3.798,3.841,3.788,3.850,173780000,617790000,0
2018-07-24,3.849,3.907,3.849,3.925,260280000,946220000,0
2018-07-25,3.908,3.906,3.889,3.913,202260000,734740000,0
2018-07-26,3.903,3.859,3.850,3.917,155490000,560790000,0
2018-07-27,3.854,3.850,3.838,3.872,87660000,314270000,0
2018-07-30,3.849,3.830,3.812,3.875,159980000,571060000,0
2018-07-31,3.825,3.843,3.821,3.862,105770000,377610000,0
2018-08-01,3.863,3.763,3.762,3.877,269610000,955860000,0
2018-08-02,3.752,3.685,3.646,3.755,270610000,928220000,0
2018-08-03,3.684,3.637,3.636,3.698,167570000,570040000,0
2018-08-06,3.637,3.602,3.581,3.668,222200000,745140000,0
2018-08-07,3.608,3.695,3.591,3.697,225100000,760040000,0
2018-08-08,3.689,3.645,3.631,3.690,197560000,671020000,0
2018-08-09,3.643,3.726,3.631,3.737,229220000,786910000,0
2018-08-10,3.721,3.732,3.704,3.750,137670000,476330000,0
2018-08-13,3.698,3.717,3.660,3.726,170750000,585050000,0
2018-08-14,3.714,3.702,3.680,3.719,97180000,333240000,0
2018-08-15,3.700,3.620,3.613,3.702,151490000,511730000,0
2018-08-16,3.598,3.606,3.560,3.645,207750000,693610000,0
2018-08-17,3.630,3.555,3.546,3.634,180110000,599150000,0
2018-08-20,3.563,3.590,3.538,3.593,204680000,675290000,0
2018-08-21,3.589,3.647,3.589,3.664,232250000,782220000,0
2018-08-22,3.653,3.641,3.624,3.653,116550000,392670000,0
2018-08-23,3.643,3.651,3.613,3.671,245070000,828510000,0
2018-08-24,3.645,3.656,3.617,3.684,203130000,686110000,0
2018-08-27,3.663,3.741,3.663,3.742,224130000,771740000,0
2018-08-28,3.742,3.731,3.721,3.752,143210000,496830000,0
2018-08-29,3.727,3.718,3.709,3.731,132360000,456310000,0
2018-08-30,3.718,3.684,3.678,3.736,162920000,559020000,0
2018-08-31,3.670,3.658,3.640,3.692,149120000,506220000,0
2018-09-03,3.654,3.651,3.619,3.663,140560000,474050000,0
2018-09-04,3.650,3.691,3.638,3.706,175000000,596720000,0
2018-09-05,3.678,3.621,3.620,3.684,195260000,661950000,0
2018-09-06,3.619,3.592,3.582,3.646,213330000,714000000,0
2018-09-07,3.602,3.614,3.581,3.652,185060000,620160000,0
2018-09-10,3.601,3.566,3.562,3.611,160330000,530070000,0
2018-09-11,3.567,3.554,3.542,3.582,225380000,741950000,0
2018-09-12,3.553,3.531,3.527,3.559,206180000,675160000,0
2018-09-13,3.564,3.566,3.525,3.583,259770000,853410000,0
2018-09-14,3.570,3.571,3.556,3.583,175620000,579890000,0
2018-09-17,3.553,3.540,3.532,3.559,115650000,378850000,0
2018-09-18,3.529,3.603,3.528,3.607,236750000,781590000,0
2018-09-19,3.598,3.648,3.591,3.675,446330000,1506130000,0
2018-09-20,3.648,3.646,3.639,3.681,244090000,825540000,0
2018-09-21,3.656,3.752,3.645,3.754,477370000,1638860000,0
2018-09-25,3.715,3.717,3.698,3.726,208980000,720040000,0
2018-09-26,3.718,3.755,3.716,3.784,301580000,1051660000,0
2018-09-27,3.743,3.740,3.728,3.755,231200000,802580000,0
2018-09-28,3.745,3.776,3.741,3.780,302270000,1056780000,0
2018-10-08,3.699,3.609,3.608,3.702,429900000,1455780000,0
2018-10-09,3.616,3.616,3.604,3.639,196570000,659150000,0
2018-10-10,3.619,3.614,3.582,3.646,263660000,882340000,0
2018-10-11,3.518,3.442,3.418,3.540,667560000,2150660000,0
2018-10-12,3.446,3.501,3.429,3.517,500730000,1602830000,0
2018-10-15,3.507,3.454,3.451,3.510,292630000,939520000,0
2018-10-16,3.458,3.433,3.421,3.496,493880000,1573220000,0
2018-10-17,3.473,3.444,3.393,3.483,643740000,2044130000,0
2018-10-18,3.423,3.374,3.373,3.433,593290000,1856470000,0
2018-10-19,3.358,3.453,3.341,3.468,673110000,2107740000,0
2018-10-22,3.518,3.621,3.468,3.638,934190000,3089530000,0
2018-10-23,3.618,3.508,3.490,3.620,859980000,2826510000,0
2018-10-24,3.504,3.513,3.497,3.577,530670000,1729660000,0
2018-10-25,3.438,3.529,3.429,3.534,528380000,1694330000,0
2018-10-26,3.536,3.496,3.471,3.553,449970000,1458790000,0
2018-10-29,3.487,3.399,3.378,3.494,408320000,1289980000,0
2018-10-30,3.389,3.436,3.376,3.470,546590000,1725360000,0
2018-10-31,3.443,3.473,3.432,3.501,379810000,1215580000,0
2018-11-01,3.509,3.496,3.490,3.548,517840000,1684630000,0
2018-11-02,3.618,3.631,3.551,3.646,857180000,2850230000,0
2018-11-05,3.608,3.588,3.554,3.612,451180000,1498260000,0
2018-11-06,3.576,3.567,3.535,3.583,337070000,1109600000,0
2018-11-07,3.570,3.540,3.537,3.604,392050000,1293440000,0
2018-11-08,3.572,3.537,3.533,3.580,312190000,1026630000,0
2018-11-09,3.519,3.496,3.494,3.521,300640000,974270000,0
2018-11-12,3.488,3.532,3.483,3.537,347470000,1126560000,0
2018-11-13,3.496,3.566,3.491,3.585,449940000,1469920000,0
2018-11-14,3.556,3.526,3.518,3.565,341270000,1117140000,0
2018-11-15,3.526,3.569,3.523,3.570,334420000,1098160000,0
2018-11-16,3.574,3.579,3.546,3.612,415310000,1376600000,0
2018-11-19,3.578,3.616,3.571,3.617,365040000,1215420000,0
2018-11-20,3.594,3.543,3.532,3.602,382520000,1261370000,0
2018-11-21,3.513,3.546,3.511,3.554,289120000,945420000,0
2018-11-22,3.553,3.537,3.514,3.555,322230000,1052450000,0
2018-11-23,3.531,3.452,3.448,3.534,367250000,1182060000,0
2018-11-26,3.461,3.457,3.442,3.488,426060000,1361420000,0
2018-11-27,3.469,3.454,3.444,3.481,279830000,894560000,0
2018-11-28,3.455,3.502,3.448,3.506,251730000,809480000,0
2018-11-29,3.519,3.470,3.468,3.528,203790000,659010000,0
2018-11-30,3.468,3.503,3.459,3.504,269130000,865230000,0
2018-12-03,3.595,3.587,3.560,3.607,592550000,1967880000,0
2018-12-04,3.582,3.592,3.570,3.597,220400000,730680000,0
2018-12-05,3.556,3.577,3.552,3.596,269430000,890760000,0
2018-12-06,3.549,3.510,3.505,3.549,435470000,1417000000,0
2018-12-07,3.512,3.503,3.502,3.519,192430000,624490000,0
2018-12-10,3.481,3.473,3.460,3.498,260130000,835090000,0
2018-12-11,3.481,3.486,3.468,3.489,151830000,487590000,0
2018-12-12,3.503,3.497,3.485,3.514,209050000,675100000,0
2018-12-13,3.503,3.552,3.498,3.567,417720000,1369000000,0
2018-12-14,3.541,3.495,3.492,3.542,300150000,974870000,0
2018-12-17,3.489,3.491,3.465,3.501,350730000,1128490000,0
2018-12-18,3.475,3.451,3.438,3.498,327860000,1047490000,0
2018-12-19,3.454,3.418,3.411,3.461,291030000,922370000,0
2018-12-20,3.411,3.395,3.371,3.424,346520000,1083550000,0
2018-12-21,3.387,3.356,3.336,3.389,386500000,1192540000,0
2018-12-24,3.345,3.363,3.334,3.366,241440000,745420000,0
2018-12-25,3.335,3.344,3.294,3.358,403130000,1230560000,0
2018-12-26,3.335,3.327,3.319,3.353,216460000,663820000,0
2018-12-27,3.365,3.320,3.314,3.370,235350000,724430000,0
2018-12-28,3.326,3.327,3.314,3.355,389270000,1192570000,0
2019-01-02,3.338,3.285,3.277,3.338,350930000,1062970000,0
2019-01-03,3.284,3.285,3.278,3.329,268180000,811660000,0
2019-01-04,3.269,3.362,3.265,3.364,479850000,1465170000,0
2019-01-07,3.377,3.375,3.359,3.386,416830000,1293820000,0
2019-01-08,3.375,3.375,3.362,3.378,197080000,611720000,0
2019-01-09,3.387,3.398,3.386,3.447,439690000,1385620000,0
2019-01-10,3.397,3.401,3.382,3.422,247690000,776380000,0
2019-01-11,3.399,3.424,3.397,3.433,251370000,791050000,0
2019-01-14,3.423,3.397,3.390,3.423,203910000,638700000,0
2019-01-15,3.401,3.456,3.394,3.458,351830000,1112570000,0
2019-01-16,3.458,3.456,3.441,3.459,187730000,586530000,0
2019-01-17,3.456,3.439,3.437,3.472,238180000,744200000,0
2019-01-18,3.448,3.493,3.448,3.502,388990000,1226140000,0
2019-01-21,3.493,3.510,3.490,3.527,285180000,908450000,0
2019-01-22,3.504,3.470,3.462,3.504,254310000,802000000,0
2019-01-23,3.462,3.462,3.454,3.489,225510000,708960000,0
2019-01-24,3.466,3.486,3.445,3.494,254380000,800010000,0
2019-01-25,3.489,3.510,3.489,3.530,272290000,867450000,0
2019-01-28,3.524,3.506,3.498,3.556,296700000,950570000,0
2019-01-29,3.499,3.520,3.477,3.530,358790000,1139850000,0
2019-01-30,3.505,3.499,3.496,3.530,212930000,677810000,0
2019-01-31,3.511,3.529,3.505,3.543,334290000,1068340000,0
2019-02-01,3.546,3.582,3.529,3.584,351260000,1134010000,0
2019-02-11,3.572,3.627,3.559,3.632,387250000,1267720000,0
2019-02-12,3.626,3.651,3.621,3.658,372880000,1235580000,0
2019-02-13,3.656,3.720,3.650,3.737,427800000,1439020000,0
2019-02-14,3.716,3.724,3.707,3.741,379760000,1288820000,0
2019-02-15,3.708,3.668,3.663,3.722,447950000,1507130000,0
2019-02-18,3.690,3.765,3.690,3.767,471110000,1605200000,0
2019-02-19,3.772,3.756,3.738,3.798,678230000,2336310000,0
2019-02-20,3.764,3.765,3.742,3.780,611610000,2102500000,0
2019-02-21,3.766,3.761,3.745,3.815,635290000,2191410000,0
2019-02-22,3.756,3.853,3.737,3.855,592120000,2046070000,0
2019-02-25,3.907,4.102,3.887,4.107,1151320000,4191230000,0
2019-02-26,4.071,4.017,4.000,4.085,782000000,2911480000,0
2019-02-27,4.016,3.997,3.957,4.050,599440000,2212620000,0
2019-02-28,3.996,3.990,3.970,4.014,462900000,1697130000,0
2019-03-01,4.017,4.065,3.984,4.076,652740000,2409030000,0
2019-03-04,4.097,4.104,4.077,4.205,660330000,2509090000,0
2019-03-05,4.101,4.136,4.088,4.141,443100000,1677260000,0
2019-03-06,4.136,4.162,4.101,4.177,580500000,2208530000,0
2019-03-07,4.157,4.120,4.090,4.162,618420000,2349300000,0
2019-03-08,4.041,3.988,3.978,4.087,536080000,1984440000,0
2019-03-11,3.988,4.037,3.974,4.049,452310000,1666490000,0
2019-03-12,4.065,4.062,4.035,4.120,530740000,1992690000,0
2019-03-13,4.065,4.040,4.020,4.075,483230000,1796580000,0
2019-03-14,4.032,4.013,3.995,4.058,362110000,1340670000,0
2019-03-15,4.023,4.062,4.023,4.106,387010000,1445460000,0
2019-03-18,4.063,4.177,4.052,4.179,571420000,2172220000,0
2019-03-19,4.179,4.149,4.132,4.189,397090000,1523710000,0
2019-03-20,4.145,4.149,4.107,4.173,327890000,1250010000,0
2019-03-21,4.153,4.151,4.137,4.181,380010000,1456870000,0
2019-03-22,4.150,4.156,4.099,4.164,302380000,1152050000,0
2019-03-25,4.095,4.061,4.054,4.123,435950000,1639700000,0
2019-03-26,4.075,4.022,4.005,4.085,320140000,1190190000,0
2019-03-27,4.036,4.054,4.028,4.065,350740000,1304050000,0
2019-03-28,4.041,4.044,4.025,4.071,256880000,955870000,0
2019-03-29,4.052,4.196,4.052,4.205,634400000,2426000000,0
2019-04-01,4.221,4.296,4.221,4.300,691040000,2731590000,0
2019-04-02,4.298,4.289,4.273,4.315,383940000,1522890000,0
2019-04-03,4.267,4.342,4.262,4.356,542020000,2161150000,0
2019-04-04,4.354,4.389,4.334,4.399,521370000,2110330000,0
2019-04-08,4.425,4.363,4.328,4.455,763950000,3102820000,0
2019-04-09,4.369,4.387,4.348,4.403,371220000,1502840000,0
2019-04-10,4.369,4.393,4.343,4.433,385990000,1562380000,0
2019-04-11,4.393,4.323,4.300,4.411,502100000,2018590000,0
2019-04-12,4.310,4.309,4.280,4.325,282400000,1122870000,0
2019-04-15,4.371,4.284,4.283,4.401,722580000,2903100000,0
2019-04-16,4.265,4.404,4.261,4.406,669090000,2686060000,0
2019-04-17,4.403,4.394,4.369,4.424,418150000,1701580000,0
2019-04-18,4.394,4.387,4.373,4.408,356950000,1451120000,0
2019-04-19,4.390,4.447,4.356,4.447,457840000,1866440000,0
2019-04-22,4.447,4.344,4.327,4.447,577510000,2339510000,0
2019-04-23,4.332,4.337,4.321,4.378,353200000,1418840000,0
2019-04-24,4.346,4.343,4.280,4.359,463120000,1854780000,0
2019-04-25,4.327,4.260,4.258,4.337,378560000,1504040000,0
2019-04-26,4.246,4.206,4.198,4.265,628810000,2457760000,0
2019-04-29,4.215,4.221,4.198,4.272,559380000,2184240000,0
2019-04-30,4.215,4.223,4.205,4.238,399260000,1554460000,0
2019-05-06,4.105,4.000,3.967,4.117,1214520000,4499820000,0
2019-05-07,4.015,4.034,3.994,4.058,483600000,1790820000,0
2019-05-08,3.984,3.986,3.970,4.044,475370000,1745380000,0
2019-05-09,3.962,3.934,3.896,3.979,554050000,2001320000,0
2019-05-10,3.962,4.047,3.900,4.055,672000000,2468210000,0
2019-05-13,4.012,3.979,3.969,4.015,425780000,1560800000,0
2019-05-14,3.957,3.961,3.950,4.004,290070000,1060010000,0
2019-05-15,3.989,4.039,3.989,4.067,357510000,1320560000,0
2019-05-16,4.034,4.057,4.018,4.062,247440000,919410000,0
2019-05-17,4.057,3.973,3.957,4.061,315390000,1158990000,0
2019-05-20,3.961,3.933,3.903,3.971,388220000,1400010000,0
2019-05-21,3.932,3.978,3.931,4.012,350380000,1278870000,0
2019-05-22,3.981,3.969,3.947,3.990,283510000,1032360000,0
2019-05-23,3.952,3.911,3.905,3.959,310610000,1116380000,0
2019-05-24,3.913,3.917,3.900,3.950,299410000,1076880000,0
2019-05-27,3.918,3.960,3.881,3.976,435100000,1566300000,0
2019-05-28,3.955,3.977,3.952,4.005,385070000,1405780000,0
2019-05-29,3.967,3.979,3.959,4.017,292850000,1070980000,0
2019-05-30,3.973,3.977,3.934,3.981,305430000,1107800000,0
2019-05-31,3.969,3.959,3.956,4.002,276030000,1007990000,0
2019-06-03,3.972,3.967,3.940,4.009,330810000,1205590000,0
2019-06-04,3.964,3.934,3.919,3.972,326320000,1177430000,0
2019-06-05,3.959,3.926,3.923,3.967,328560000,1189230000,0
2019-06-06,3.926,3.895,3.894,3.935,366070000,1312430000,0
2019-06-10,3.907,3.941,3.904,3.962,335500000,1210620000,0
2019-06-11,3.947,4.054,3.947,4.063,466800000,1721940000,0
2019-06-12,4.049,4.026,4.018,4.049,259720000,961940000,0
2019-06-13,4.022,4.019,3.987,4.038,301230000,1109260000,0
2019-06-14,4.021,3.997,3.985,4.044,344510000,1270770000,0
2019-06-17,3.991,4.000,3.987,4.026,235210000,865090000,0
2019-06-18,4.005,4.008,3.974,4.019,265370000,975440000,0
2019-06-19,4.099,4.062,4.059,4.134,628900000,2366150000,0
2019-06-20,4.061,4.170,4.059,4.202,660930000,2522650000,0
2019-06-21,4.182,4.177,4.160,4.207,421960000,1626600000,0
2019-06-24,4.182,4.183,4.159,4.196,307450000,1184600000,0
2019-06-25,4.182,4.144,4.097,4.182,505700000,1926080000,0
2019-06-26,4.122,4.145,4.117,4.157,240210000,915880000,0
2019-06-27,4.147,4.187,4.147,4.207,473080000,1825070000,0
2019-06-28,4.187,4.186,4.156,4.187,386270000,1485100000,0
2019-07-01,4.249,4.281,4.237,4.292,510270000,2012120000,0
2019-07-02,4.281,4.287,4.264,4.293,333840000,1319960000,0
2019-07-03,4.278,4.254,4.239,4.278,251840000,989490000,0
2019-07-04,4.247,4.228,4.204,4.266,386020000,1509570000,0
2019-07-05,4.227,4.248,4.215,4.256,236200000,924060000,0
2019-07-08,4.230,4.158,4.127,4.230,422530000,1625810000,0
2019-07-09,4.163,4.149,4.133,4.171,218350000,835180000,0
2019-07-10,4.162,4.150,4.137,4.175,174480000,667520000,0
2019-07-11,4.165,4.151,4.137,4.199,234520000,900920000,0
2019-07-12,4.148,4.182,4.146,4.197,246010000,947470000,0
2019-07-15,4.168,4.196,4.117,4.228,448460000,1725290000,0
2019-07-16,4.190,4.180,4.172,4.203,182890000,705320000,0
2019-07-17,4.169,4.174,4.155,4.193,219970000,847320000,0
2019-07-18,4.161,4.149,4.147,4.166,230550000,882750000,0
2019-07-19,4.159,4.189,4.159,4.210,319940000,1235680000,0
2019-07-22,4.189,4.159,4.137,4.199,308860000,1186820000,0
2019-07-23,4.163,4.168,4.149,4.172,167030000,640640000,0
2019-07-24,4.181,4.199,4.179,4.227,297450000,1154190000,0
2019-07-25,4.198,4.234,4.193,4.235,233630000,908140000,0
2019-07-26,4.217,4.239,4.214,4.248,285790000,1115740000,0
2019-07-29,4.237,4.233,4.219,4.241,247100000,964260000,0
2019-07-30,4.237,4.251,4.236,4.276,239650000,941750000,0
2019-07-31,4.238,4.223,4.214,4.241,216420000,843560000,0
2019-08-01,4.206,4.187,4.172,4.215,312470000,1206950000,0
2019-08-02,4.117,4.128,4.100,4.137,490610000,1859710000,0
2019-08-05,4.112,4.062,4.057,4.118,354210000,1331930000,0
2019-08-06,4.003,4.023,3.964,4.031,583700000,2140170000,0
2019-08-07,4.032,3.999,3.995,4.038,278580000,1029300000,0
2019-08-08,4.023,4.053,4.023,4.057,280980000,1042880000,0
2019-08-09,4.066,4.024,4.016,4.072,210960000,783420000,0
2019-08-12,4.035,4.083,4.028,4.085,180120000,670860000,0
2019-08-13,4.054,4.051,4.039,4.067,155350000,578460000,0
2019-08-14,4.096,4.065,4.064,4.101,193700000,727770000,0
2019-08-15,4.007,4.080,4.003,4.086,244310000,907980000,0
2019-08-16,4.078,4.096,4.068,4.122,257410000,971660000,0
2019-08-19,4.125,4.186,4.107,4.187,327940000,1254130000,0
2019-08-20,4.178,4.170,4.168,4.192,206910000,796970000,0
2019-08-21,4.168,4.169,4.163,4.179,242250000,931100000,0
2019-08-22,4.179,4.177,4.157,4.182,264780000,1017420000,0
2019-08-23,4.180,4.204,4.170,4.219,285680000,1106710000,0
2019-08-26,4.150,4.161,4.143,4.173,267490000,1024560000,0
2019-08-27,4.176,4.201,4.174,4.241,366180000,1423010000,0
2019-08-28,4.200,4.189,4.180,4.210,173960000,672480000,0
2019-08-29,4.194,4.178,4.155,4.196,233930000,899470000,0
2019-08-30,4.203,4.188,4.163,4.224,276280000,1068500000,0
2019-09-02,4.186,4.231,4.185,4.250,301940000,1177250000,0
2019-09-03,4.237,4.235,4.220,4.241,231350000,903330000,0
2019-09-04,4.236,4.284,4.235,4.286,293760000,1154460000,0
2019-09-05,4.298,4.321,4.298,4.375,527400000,2116380000,0
2019-09-06,4.334,4.348,4.319,4.350,264030000,1057700000,0
2019-09-09,4.375,4.364,4.344,4.384,282850000,1140490000,0
2019-09-10,4.361,4.353,4.332,4.367,168690000,678150000,0
2019-09-11,4.365,4.324,4.321,4.367,304200000,1218850000,0
2019-09-12,4.337,4.365,4.331,4.375,217210000,873680000,0
2019-09-16,4.373,4.351,4.331,4.374,181850000,731510000,0
2019-09-17,4.345,4.278,4.266,4.346,381080000,1515230000,0
2019-09-18,4.293,4.295,4.286,4.312,201030000,798500000,0
2019-09-19,4.311,4.314,4.283,4.315,242180000,962790000,0
2019-09-20,4.321,4.320,4.312,4.331,232500000,928120000,0
2019-09-23,4.309,4.285,4.263,4.310,289890000,1144940000,0
2019-09-24,4.287,4.288,4.281,4.324,211480000,840080000,0
2019-09-25,4.281,4.261,4.259,4.285,234980000,927170000,0
2019-09-26,4.276,4.234,4.231,4.285,317090000,1245840000,0
2019-09-27,4.240,4.243,4.227,4.250,267730000,1047440000,0
2019-09-30,4.237,4.196,4.191,4.246,263290000,1025550000,0
2019-10-08,4.201,4.221,4.201,4.248,323420000,1261880000,0
2019-10-09,4.212,4.232,4.190,4.234,250790000,975530000,0
2019-10-10,4.230,4.260,4.216,4.267,236340000,925790000,0
2019-10-11,4.268,4.308,4.254,4.320,306020000,1211440000,0
2019-10-14,4.329,4.337,4.325,4.377,395650000,1591550000,0
2019-10-15,4.336,4.324,4.322,4.341,295000000,1180540000,0
2019-10-16,4.329,4.310,4.307,4.358,314370000,1257410000,0
2019-10-17,4.314,4.316,4.304,4.329,193640000,772380000,0
2019-10-18,4.318,4.258,4.248,4.333,308140000,1219430000,0
2019-10-21,4.249,4.267,4.244,4.270,184940000,727140000,0
2019-10-22,4.275,4.282,4.257,4.291,164130000,647320000,0
2019-10-23,4.283,4.261,4.249,4.288,147830000,582890000,0
2019-10-24,4.262,4.266,4.240,4.281,202170000,795480000,0
2019-10-25,4.260,4.290,4.236,4.295,250290000,985870000,0
2019-10-28,4.297,4.313,4.289,4.319,267430000,1063990000,0
2019-10-29,4.316,4.300,4.296,4.316,209550000,833720000,0
2019-10-30,4.293,4.274,4.266,4.297,262850000,1038320000,0
2019-10-31,4.283,4.272,4.263,4.292,192780000,762010000,0
2019-11-01,4.267,4.353,4.261,4.354,320650000,1281240000,0
2019-11-04,4.352,4.366,4.350,4.374,235970000,952640000,0
2019-11-05,4.366,4.389,4.359,4.428,352940000,1435060000,0
2019-11-06,4.387,4.372,4.360,4.393,205940000,835010000,0
2019-11-07,4.372,4.377,4.360,4.401,237720000,963750000,0
2019-11-08,4.407,4.361,4.357,4.411,297220000,1205850000,0
2019-11-11,4.340,4.294,4.287,4.340,347070000,1383690000,0
2019-11-12,4.289,4.289,4.265,4.306,330050000,1306750000,0
2019-11-13,4.284,4.286,4.269,4.292,202020000,798610000,0
2019-11-14,4.286,4.289,4.279,4.303,238590000,945810000,0
2019-11-15,4.290,4.270,4.267,4.306,187790000,742720000,0
2019-11-18,4.268,4.298,4.259,4.305,240880000,953610000,0
2019-11-19,4.296,4.338,4.290,4.340,237890000,950390000,0
2019-11-20,4.337,4.297,4.286,4.337,216610000,863320000,0
2019-11-21,4.287,4.277,4.264,4.294,244840000,967500000,0
2019-11-22,4.286,4.235,4.221,4.313,354710000,1395860000,0
2019-11-25,4.242,4.263,4.230,4.264,252460000,990420000,0
2019-11-26,4.274,4.269,4.251,4.283,285820000,1126250000,0
2019-11-27,4.267,4.263,4.248,4.281,211240000,831880000,0
2019-11-28,4.263,4.257,4.244,4.279,169480000,666320000,0
2019-11-29,4.249,4.214,4.195,4.255,302920000,1180160000,0
2019-12-02,4.218,4.222,4.214,4.238,174360000,680080000,0
2019-12-03,4.213,4.238,4.197,4.240,198550000,772480000,0
2019-12-04,4.227,4.240,4.215,4.241,158940000,620310000,0
2019-12-05,4.248,4.269,4.247,4.276,219210000,862800000,0
2019-12-06,4.271,4.293,4.266,4.294,213080000,841690000,0
2019-12-09,4.293,4.280,4.269,4.302,232220000,918540000,0
2019-12-10,4.273,4.283,4.268,4.288,187000000,738990000,0
2019-12-11,4.291,4.289,4.272,4.293,170500000,663920000,0
2019-12-12,4.290,4.278,4.274,4.293,137150000,533960000,0
2019-12-13,4.313,4.357,4.312,4.364,436080000,1721560000,0
2019-12-16,4.356,4.369,4.340,4.377,302850000,1201480000,0
2019-12-17,4.367,4.431,4.363,4.457,525630000,2117790000,0
2019-12-18,4.432,4.416,4.411,4.446,363120000,1467300000,0
2019-12-19,4.419,4.409,4.401,4.422,264190000,1062560000,0
2019-12-20,4.408,4.405,4.403,4.435,328780000,1323870000,0
2019-12-23,4.404,4.353,4.351,4.421,447140000,1788110000,0
2019-12-24,4.354,4.374,4.353,4.382,312790000,1244530000,0
2019-12-25,4.374,4.381,4.362,4.386,310580000,1237400000,0
2019-12-26,4.378,4.410,4.376,4.415,332260000,1331520000,0
2019-12-27,4.414,4.406,4.405,4.457,436810000,1766180000,0
2019-12-30,4.395,4.464,4.389,4.477,542380000,2198620000,0
2019-12-31,4.458,4.485,4.451,4.488,352190000,1437560000,0
2020-01-02,4.509,4.538,4.507,4.563,627620000,2603980000,0
2020-01-03,4.545,4.528,4.522,4.551,469670000,1948030000,0
2020-01-06,4.515,4.512,4.483,4.560,666500000,2760520000,0
2020-01-07,4.523,4.544,4.517,4.549,464960000,1927360000,0
2020-01-08,4.524,4.503,4.486,4.538,562850000,2321780000,0
2020-01-09,4.527,4.547,4.523,4.554,394430000,1636910000,0
2020-01-10,4.554,4.546,4.533,4.565,379560000,1576680000,0
2020-01-13,4.545,4.591,4.530,4.594,373640000,1558370000,0
2020-01-14,4.591,4.573,4.569,4.611,409960000,1723090000,0
2020-01-15,4.573,4.541,4.534,4.579,319610000,1330020000,0
2020-01-16,4.548,4.535,4.524,4.552,416300000,1726420000,0
2020-01-17,4.541,4.540,4.526,4.564,321630000,1335600000,0
2020-01-20,4.545,4.570,4.531,4.572,353490000,1472150000,0
2020-01-21,4.552,4.494,4.489,4.552,618290000,2548560000,0
2020-01-22,4.478,4.508,4.423,4.522,907390000,3709560000,0
2020-01-23,4.470,4.385,4.345,4.479,753580000,3042050000,0
2020-02-03,4.119,4.048,4.025,4.125,1471080000,5431560000,0
2020-02-04,4.039,4.159,4.038,4.165,735840000,2749870000,0
2020-02-05,4.173,4.196,4.157,4.244,553290000,2109910000,0
2020-02-06,4.212,4.286,4.186,4.302,527970000,2038970000,0
2020-02-07,4.259,4.277,4.233,4.281,346990000,1340750000,0
2020-02-10,4.257,4.290,4.240,4.299,398520000,1549150000,0
2020-02-11,4.298,4.332,4.296,4.349,422260000,1663320000,0
2020-02-12,4.328,4.360,4.319,4.366,290780000,1150840000,0
2020-02-13,4.359,4.339,4.327,4.374,325960000,1290560000,0
2020-02-14,4.334,4.366,4.332,4.384,313980000,1247220000,0
2020-02-17,4.375,4.453,4.375,4.459,581140000,2345000000,0
2020-02-18,4.446,4.428,4.401,4.451,709950000,2867050000,0
2020-02-19,4.425,4.429,4.418,4.458,440380000,1783390000,0
2020-02-20,4.444,4.520,4.428,4.533,605240000,2472180000,0
2020-02-21,4.512,4.534,4.506,4.567,444470000,1839050000,0
2020-02-24,4.512,4.501,4.471,4.525,372730000,1532510000,0
2020-02-25,4.440,4.493,4.401,4.505,603830000,2459160000,0
2020-02-26,4.453,4.459,4.437,4.507,641790000,2617010000,0
2020-02-27,4.472,4.460,4.450,4.486,475330000,1938050000,0
2020-02-28,4.399,4.322,4.313,4.408,560070000,2224760000,0
2020-03-02,4.337,4.465,4.337,4.479,426680000,1721100000,0
2020-03-03,4.506,4.462,4.444,4.528,408780000,1677230000,0
2020-03-04,4.454,4.491,4.437,4.493,295450000,1204620000,0
2020-03-05,4.540,4.589,4.500,4.597,547830000,2282140000,0
2020-03-06,4.556,4.510,4.506,4.558,249990000,1035850000,0
2020-03-09,4.457,4.379,4.370,4.457,423640000,1701720000,0
2020-03-10,4.381,4.467,4.332,4.477,859650000,3457070000,0
2020-03-11,4.467,4.400,4.398,4.467,703270000,2845980000,0
2020-03-12,4.362,4.337,4.308,4.364,388120000,1531040000,0
2020-03-13,4.222,4.278,4.139,4.319,717890000,2753020000,0
2020-03-16,4.274,4.115,4.105,4.274,571080000,2168080000,0
2020-03-17,4.148,4.082,4.004,4.177,985260000,3646000000,0
2020-03-18,4.095,4.020,4.015,4.152,783300000,2903200000,0
2020-03-19,4.023,3.985,3.881,4.036,1248160000,4456150000,0
2020-03-20,4.001,4.033,3.971,4.046,678690000,2456320000,0
2020-03-23,3.929,3.915,3.902,3.971,807280000,2858520000,0
2020-03-24,3.978,4.000,3.925,4.012,832900000,2993490000,0
2020-03-25,4.082,4.095,4.059,4.110,1010080000,3732550000,0
2020-03-26,4.072,4.072,4.059,4.111,355650000,1314490000,0
2020-03-27,4.118,4.089,4.087,4.143,491540000,1829770000,0
2020-03-30,4.048,4.055,4.019,4.074,497130000,1817220000,0
2020-03-31,4.092,4.058,4.049,4.095,374000000,1377650000,0
2020-04-01,4.053,4.062,4.043,4.112,355440000,1309940000,0
2020-04-02,4.047,4.112,4.030,4.117,463050000,1702320000,0
2020-04-03,4.099,4.086,4.072,4.113,324720000,1202420000,0
2020-04-07,4.149,4.169,4.147,4.182,546740000,2064200000,0
2020-04-08,4.155,4.154,4.141,4.168,221920000,835370000,0
2020-04-09,4.170,4.165,4.159,4.177,328540000,1241870000,0
2020-04-10,4.165,4.153,4.135,4.201,464250000,1752640000,0
2020-04-13,4.139,4.132,4.121,4.147,246700000,923360000,0
2020-04-14,4.149,4.194,4.144,4.197,376120000,1423410000,0
2020-04-15,4.194,4.172,4.170,4.203,239200000,907990000,0
2020-04-16,4.159,4.174,4.155,4.186,227320000,859200000,0
2020-04-17,4.203,4.208,4.199,4.234,570480000,2183820000,0
2020-04-20,4.215,4.224,4.202,4.225,382300000,1463240000,0
2020-04-21,4.209,4.184,4.159,4.214,292760000,1110170000,0
2020-04-22,4.168,4.218,4.161,4.219,345670000,1313940000,0
2020-04-23,4.221,4.211,4.201,4.231,201520000,771450000,0
2020-04-24,4.196,4.179,4.167,4.201,305830000,1159840000,0
2020-04-27,4.181,4.196,4.176,4.222,309460000,1180910000,0
2020-04-28,4.209,4.220,4.145,4.233,422870000,1614580000,0
2020-04-29,4.215,4.240,4.212,4.254,277830000,1069640000,0
2020-04-30,4.254,4.297,4.252,4.305,528000000,2059990000,0
2020-05-06,4.254,4.307,4.249,4.315,383450000,1490000000,0
2020-05-07,4.307,4.300,4.288,4.314,274640000,1073970000,0
2020-05-08,4.318,4.342,4.316,4.361,370670000,1464210000,0
2020-05-11,4.348,4.335,4.324,4.381,412310000,1634100000,0
2020-05-12,4.336,4.334,4.306,4.349,586610000,2310850000,0
2020-05-13,4.322,4.343,4.309,4.349,278400000,1096630000,0
2020-05-14,4.329,4.310,4.306,4.329,300180000,1178570000,0
2020-05-15,4.317,4.291,4.290,4.329,543570000,2129160000,0
2020-05-18,4.290,4.303,4.281,4.327,302050000,1184460000,0
2020-05-19,4.339,4.332,4.321,4.346,278120000,1096940000,0
2020-05-20,4.329,4.316,4.309,4.333,197560000,777070000,0
2020-05-21,4.322,4.290,4.288,4.329,236520000,926830000,0
2020-05-22,4.287,4.204,4.202,4.287,532860000,2048430000,0
2020-05-25,4.201,4.206,4.186,4.218,250560000,955690000,0
2020-05-26,4.223,4.252,4.223,4.255,475110000,1829470000,0
2020-05-27,4.252,4.234,4.222,4.253,231200000,889360000,0
2020-05-28,4.236,4.239,4.204,4.273,284070000,1093610000,0
2020-05-29,4.219,4.255,4.212,4.258,250920000,966710000,0
2020-06-01,4.287,4.357,4.284,4.365,350930000,1385590000,0
2020-06-02,4.357,4.368,4.349,4.378,162840000,647070000,0
2020-06-03,4.387,4.367,4.365,4.409,365750000,1461400000,0
2020-06-04,4.380,4.369,4.354,4.384,281380000,1119670000,0
2020-06-05,4.368,4.392,4.354,4.393,201360000,801830000,0
2020-06-08,4.409,4.411,4.401,4.436,285600000,1149880000,0
2020-06-09,4.413,4.438,4.402,4.439,294490000,1189400000,0
2020-06-10,4.434,4.429,4.416,4.435,318360000,1285100000,0
2020-06-11,4.422,4.392,4.373,4.439,305190000,1226500000,0
2020-06-12,4.351,4.402,4.331,4.412,309070000,1230610000,0
2020-06-15,4.371,4.345,4.344,4.398,280530000,1117260000,0
2020-06-16,4.384,4.407,4.380,4.408,247700000,992950000,0
2020-06-17,4.409,4.411,4.385,4.412,279030000,1118950000,0
2020-06-18,4.402,4.442,4.394,4.444,343000000,1385000000,0
2020-06-19,4.439,4.494,4.439,4.514,369560000,1514130000,0
2020-06-22,4.494,4.498,4.486,4.529,521240000,2146230000,0
2020-06-23,4.489,4.517,4.475,4.522,398170000,1638150000,0
2020-06-24,4.527,4.553,4.525,4.556,457940000,1899220000,0
2020-06-29,4.539,4.517,4.495,4.549,212660000,876860000,0
2020-06-30,4.537,4.567,4.535,4.581,542470000,2264020000,0
2020-07-01,4.576,4.661,4.572,4.665,574060000,2425290000,0
2020-07-02,4.659,4.759,4.652,4.764,550440000,2380220000,0
2020-07-03,4.775,4.846,4.758,4.853,586770000,2583510000,0
2020-07-06,4.916,5.173,4.897,5.188,929320000,4319350000,0
2020-07-07,5.210,5.125,5.113,5.239,1074500000,5140700000,0
2020-07-08,5.123,5.187,5.097,5.227,903490000,4300340000,0
2020-07-09,5.185,5.261,5.149,5.273,642430000,3104870000,0
2020-07-10,5.227,5.174,5.152,5.246,564420000,2719820000,0
2020-07-13,5.171,5.274,5.166,5.316,824380000,4008140000,0
2020-07-14,5.266,5.231,5.154,5.288,737640000,3569720000,0
2020-07-15,5.249,5.173,5.154,5.284,662400000,3200590000,0
2020-07-16,5.179,4.945,4.939,5.217,1289920000,6024140000,0
2020-07-17,4.959,4.994,4.930,5.043,904290000,4154620000,0
2020-07-20,5.036,5.116,4.974,5.129,724980000,3384860000,0
2020-07-21,5.138,5.128,5.100,5.153,465350000,2204860000,0
2020-07-22,5.121,5.181,5.117,5.245,705440000,3385500000,0
2020-07-23,5.131,5.155,5.051,5.178,430580000,2037390000,0
2020-07-24,5.115,4.943,4.916,5.131,648280000,3002700000,0
2020-07-27,4.972,4.971,4.926,5.005,311100000,1424770000,0
2020-07-28,5.004,5.006,4.976,5.030,374260000,1727000000,0
2020-07-29,4.994,5.138,4.988,5.142,488390000,2295200000,0
2020-07-30,5.139,5.103,5.098,5.146,297470000,1407410000,0
2020-07-31,5.099,5.139,5.061,5.198,518520000,2461210000,0
2020-08-03,5.179,5.214,5.161,5.218,434390000,2085190000,0
2020-08-04,5.238,5.218,5.193,5.252,311400000,1504560000,0
2020-08-05,5.211,5.220,5.150,5.234,300700000,1444230000,0
2020-08-06,5.220,5.202,5.136,5.241,224670000,1078140000,0
2020-08-07,5.192,5.154,5.089,5.194,343060000,1633340000,0
2020-08-10,5.122,5.170,5.084,5.207,240430000,1145210000,0
2020-08-11,5.174,5.123,5.115,5.240,248050000,1192170000,0
2020-08-12,5.114,5.091,5.011,5.129,424060000,1982240000,0
2020-08-13,5.104,5.076,5.067,5.113,197810000,929510000,0
2020-08-14,5.077,5.167,5.059,5.169,422190000,2003220000,0
2020-08-17,5.187,5.266,5.172,5.299,563480000,2736780000,0
2020-08-18,5.271,5.259,5.233,5.281,349310000,1701350000,0
2020-08-19,5.256,5.183,5.180,5.260,405820000,1960460000,0
2020-08-20,5.159,5.132,5.112,5.170,344280000,1635640000,0
2020-08-21,5.157,5.173,5.134,5.197,289330000,1383400000,0
2020-08-24,5.195,5.203,5.168,5.221,415930000,2001900000,0
2020-08-25,5.216,5.212,5.193,5.260,216130000,1045170000,0
2020-08-26,5.209,5.153,5.137,5.239,334980000,1602850000,0
2020-08-27,5.159,5.189,5.130,5.191,207430000,990310000,0
2020-08-28,5.182,5.306,5.167,5.314,555000000,2700360000,0
2020-08-31,5.334,5.263,5.259,5.357,488700000,2411050000,0
2020-09-01,5.255,5.297,5.249,5.299,240530000,1174550000,0
2020-09-02,5.308,5.293,5.243,5.314,385900000,1888810000,0
2020-09-03,5.287,5.273,5.250,5.329,229830000,1126380000,0
2020-09-04,5.199,5.218,5.180,5.236,375100000,1805340000,0
2020-09-07,5.209,5.121,5.099,5.244,445750000,2132970000,0
2020-09-08,5.129,5.145,5.093,5.159,485820000,2301100000,0
2020-09-09,5.089,5.034,5.004,5.099,515490000,2407140000,0
2020-09-10,5.073,5.038,5.023,5.095,423540000,1982850000,0
2020-09-11,5.019,5.074,5.016,5.082,279950000,1305440000,0
2020-09-14,5.096,5.101,5.074,5.113,263590000,1240130000,0
2020-09-15,5.094,5.136,5.083,5.144,292860000,1384220000,0
2020-09-16,5.134,5.108,5.091,5.138,188910000,893330000,0
2020-09-17,5.092,5.079,5.056,5.124,408150000,1916740000,0
2020-09-18,5.084,5.200,5.082,5.202,873520000,4159030000,0
2020-09-21,5.204,5.145,5.139,5.239,381620000,1825580000,0
2020-09-22,5.114,5.088,5.068,5.165,578510000,2730880000,0
2020-09-23,5.092,5.102,5.073,5.118,466010000,2194440000,0
2020-09-24,5.074,5.025,5.014,5.085,344500000,1602700000,0
2020-09-25,5.032,5.028,5.010,5.055,325370000,1509950000,0
2020-09-28,5.031,5.038,5.024,5.070,304680000,1418160000,0
2020-09-29,5.059,5.049,5.041,5.076,315880000,1474790000,0
2020-09-30,5.062,5.035,5.009,5.084,454910000,2117460000,0
2020-10-09,5.110,5.128,5.109,5.154,359670000,1703740000,0
2020-10-12,5.154,5.276,5.152,5.282,360950000,1747760000,0
2020-10-13,5.277,5.292,5.249,5.303,320040000,1562010000,0
2020-10-14,5.279,5.268,5.252,5.286,278950000,1360030000,0
2020-10-15,5.263,5.256,5.247,5.290,330530000,1611850000,0
2020-10-16,5.253,5.242,5.213,5.281,283570000,1379060000,0
2020-10-19,5.269,5.211,5.193,5.309,601930000,2924980000,0
2020-10-20,5.200,5.241,5.196,5.243,273910000,1322700000,0
2020-10-21,5.244,5.247,5.207,5.253,348890000,1690610000,0
2020-10-22,5.233,5.231,5.181,5.248,257150000,1240000000,0
2020-10-23,5.221,5.175,5.170,5.256,776810000,3742160000,0
2020-10-26,5.146,5.139,5.095,5.165,507150000,2405940000,0
2020-10-27,5.126,5.153,5.122,5.159,299350000,1423170000,0
2020-10-28,5.151,5.193,5.136,5.207,482830000,2308480000,0
2020-10-29,5.148,5.237,5.141,5.260,371020000,1788030000,0
2020-10-30,5.227,5.146,5.137,5.236,384590000,1841400000,0
2020-11-02,5.148,5.174,5.148,5.193,200170000,957490000,0
2020-11-03,5.189,5.225,5.189,5.252,356110000,1720610000,0
2020-11-04,5.234,5.262,5.219,5.284,344740000,1675790000,0
2020-11-05,5.309,5.338,5.289,5.342,375890000,1854960000,0
2020-11-06,5.347,5.340,5.297,5.351,354120000,1747900000,0
2020-11-09,5.369,5.437,5.369,5.463,597990000,3010720000,0
2020-11-10,5.449,5.410,5.381,5.452,384780000,1934780000,0
2020-11-11,5.397,5.363,5.358,5.417,394070000,1969350000,0
2020-11-12,5.369,5.360,5.345,5.383,258030000,1283520000,0
2020-11-13,5.340,5.309,5.276,5.342,432930000,2124650000,0
2020-11-16,5.334,5.362,5.300,5.364,285110000,1409720000,0
2020-11-17,5.356,5.353,5.323,5.359,298770000,1479910000,0
2020-11-18,5.349,5.346,5.323,5.371,360700000,1790610000,0
2020-11-19,5.335,5.388,5.327,5.401,270080000,1345190000,0
2020-11-20,5.389,5.403,5.375,5.409,284500000,1423550000,0
2020-11-23,5.419,5.461,5.398,5.494,521150000,2636960000,0
2020-11-24,5.458,5.429,5.420,5.464,346140000,1747430000,0
2020-11-25,5.444,5.367,5.365,5.466,425200000,2134950000,0
2020-11-26,5.365,5.374,5.326,5.379,395840000,1966290000,0
2020-11-27,5.374,5.445,5.366,5.449,378780000,1897540000,0
2020-11-30,5.458,5.420,5.417,5.519,535120000,2720230000,0
2020-12-01,5.416,5.531,5.415,5.539,475280000,2427410000,0
2020-12-02,5.534,5.520,5.497,5.554,292950000,1504580000,0
2020-12-03,5.515,5.518,5.492,5.536,248990000,1276110000,0
2020-12-04,5.509,5.529,5.469,5.536,330150000,1690670000,0
2020-12-07,5.529,5.485,5.466,5.531,359380000,1833450000,0
2020-12-08,5.485,5.469,5.461,5.509,361250000,1839850000,0
2020-12-09,5.484,5.409,5.400,5.496,568550000,2876490000,0
2020-12-10,5.399,5.399,5.381,5.421,318950000,1598600000,0
2020-12-11,5.409,5.343,5.307,5.424,403010000,2000650000,0
2020-12-14,5.348,5.387,5.337,5.391,251890000,1254110000,0
2020-12-15,5.387,5.402,5.355,5.409,284410000,1419140000,0
2020-12-16,5.409,5.412,5.393,5.419,284080000,1425690000,0
2020-12-17,5.411,5.483,5.403,5.487,466230000,2356910000,0
2020-12-18,5.479,5.454,5.432,5.484,460710000,2334920000,0
2020-12-21,5.451,5.499,5.424,5.510,445900000,2272520000,0
2020-12-22,5.488,5.422,5.415,5.506,515400000,2620510000,0
2020-12-23,5.429,5.463,5.426,5.487,338690000,1715170000,0
2020-12-24,5.463,5.463,5.439,5.486,383380000,1946160000,0
2020-12-25,5.443,5.505,5.432,5.508,403360000,2053180000,0
2020-12-28,5.501,5.519,5.492,5.549,447130000,2291870000,0
2020-12-29,5.527,5.503,5.495,5.541,342720000,1756160000,0
2020-12-30,5.499,5.567,5.496,5.569,340670000,1756760000,0
2020-12-31,5.577,5.676,5.575,5.682,861800000,4531290000,0
2021-01-04,5.669,5.723,5.649,5.755,506710000,2697190000,0
2021-01-05,5.710,5.822,5.694,5.834,622830000,3349890000,0
2021-01-06,5.836,5.871,5.806,5.903,374950000,2048970000,0
2021-01-07,5.879,5.988,5.872,5.989,470660000,2604550000,0
2021-01-08,5.997,5.960,5.908,6.020,697560000,3884320000,0
2021-01-11,5.961,5.897,5.866,6.009,635970000,3536920000,0
2021-01-12,5.885,6.057,5.881,6.061,596280000,3327360000,0
2021-01-13,6.073,6.035,5.999,6.104,552430000,3129880000,0
2021-01-14,6.035,5.932,5.927,6.035,696050000,3885750000,0
2021-01-15,5.932,5.915,5.849,5.965,709050000,3916990000,0
2021-01-18,5.912,5.974,5.876,6.008,396770000,2176480000,0
2021-01-19,5.979,5.899,5.877,5.991,417010000,2282320000,0
2021-01-20,5.897,5.929,5.891,5.956,422390000,2307750000,0
2021-01-21,5.944,6.023,5.944,6.049,511620000,2833320000,0
2021-01-22,6.018,6.026,5.967,6.031,554310000,3074480000,0
2021-01-25,6.025,6.092,5.992,6.110,450180000,2518880000,0
2021-01-26,6.068,5.972,5.964,6.071,392740000,2175770000,0
2021-01-27,5.966,5.982,5.911,5.993,591540000,3252540000,0
2021-01-28,5.921,5.846,5.825,5.921,469950000,2541910000,0
2021-01-29,5.868,5.809,5.743,5.884,622110000,3343270000,0
2021-02-01,5.809,5.872,5.807,5.875,436290000,2352430000,0
2021-02-02,5.881,5.952,5.872,5.955,573160000,3133180000,0
2021-02-03,5.952,5.946,5.925,5.986,281970000,1549210000,0
2021-02-04,5.921,5.935,5.877,5.971,300080000,1639400000,0
2021-02-05,5.947,5.943,5.937,6.008,560000000,3085300000,0
2021-02-08,5.981,6.015,5.943,6.034,475010000,2628080000,0
2021-02-09,6.036,6.153,6.011,6.155,418300000,2349540000,0
2021-02-10,6.167,6.268,6.158,6.294,341910000,1973980000,0
2021-02-18,6.384,6.225,6.209,6.394,470770000,2747360000,0
2021-02-19,6.203,6.257,6.132,6.262,709060000,4060010000,0
2021-02-22,6.246,6.050,6.045,6.247,776080000,4399450000,0
2021-02-23,6.011,6.035,6.008,6.098,591250000,3308720000,0
2021-02-24,6.049,5.888,5.832,6.061,1011270000,5539240000,0
2021-02-25,5.942,5.939,5.903,5.984,669310000,3670100000,0
2021-02-26,5.850,5.790,5.782,5.881,837070000,4486160000,0
2021-03-01,5.842,5.879,5.809,5.881,558210000,3007990000,0
2021-03-02,5.907,5.810,5.768,5.912,433860000,2338150000,0
2021-03-03,5.794,5.915,5.777,5.919,361150000,1950250000,0
2021-03-04,5.861,5.748,5.719,5.861,644980000,3428250000,0
2021-03-05,5.663,5.727,5.640,5.772,593630000,3111410000,0
2021-03-08,5.761,5.541,5.531,5.786,563720000,2929010000,0
2021-03-09,5.538,5.440,5.387,5.556,931720000,4677130000,0
2021-03-10,5.498,5.461,5.444,5.522,636540000,3197290000,0
2021-03-11,5.485,5.590,5.476,5.593,620680000,3161970000,0
2021-03-12,5.606,5.603,5.541,5.613,448200000,2295110000,0
2021-03-15,5.579,5.501,5.454,5.580,386570000,1952660000,0
2021-03-16,5.503,5.534,5.473,5.547,323240000,1635220000,0
2021-03-17,5.520,5.557,5.474,5.582,306290000,1554330000,0
2021-03-18,5.569,5.597,5.567,5.620,319610000,1639550000,0
2021-03-19,5.533,5.458,5.444,5.549,492200000,2478000000,0
2021-03-22,5.456,5.515,5.451,5.533,423490000,2132920000,0
2021-03-23,5.510,5.470,5.428,5.519,491640000,2459560000,0
2021-03-24,5.449,5.394,5.373,5.491,755050000,3741110000,0
2021-03-25,5.367,5.390,5.349,5.412,284910000,1402400000,0
2021-03-26,5.411,5.494,5.407,5.517,556530000,2790150000,0
2021-03-29,5.506,5.504,5.466,5.541,639260000,3229920000,0
2021-03-30,5.501,5.548,5.491,5.565,268280000,1361540000,0
2021-03-31,5.544,5.511,5.474,5.545,230810000,1163100000,0
2021-04-01,5.517,5.573,5.513,5.581,323000000,1641840000,0
2021-04-02,5.591,5.622,5.570,5.627,280330000,1440680000,0
2021-04-06,5.634,5.594,5.581,5.638,234640000,1206270000,0
2021-04-07,5.599,5.559,5.528,5.601,175220000,891980000,0
2021-04-08,5.542,5.570,5.518,5.591,140760000,718030000,0
2021-04-09,5.556,5.499,5.486,5.556,222330000,1122460000,0
2021-04-12,5.487,5.415,5.398,5.510,663940000,3300300000,0
2021-04-13,5.407,5.408,5.390,5.455,453550000,2247450000,0
2021-04-14,5.413,5.436,5.404,5.450,527180000,2620910000,0
2021-04-15,5.421,5.408,5.355,5.426,493540000,2431750000,0
2021-04-16,5.420,5.424,5.379,5.436,499890000,2476640000,0
2021-04-19,5.420,5.550,5.397,5.558,567370000,2864080000,0
2021-04-20,5.532,5.542,5.523,5.577,369850000,1882540000,0
2021-04-21,5.510,5.554,5.508,5.569,414320000,2104770000,0
2021-04-22,5.562,5.550,5.526,5.579,448400000,2279980000,0
2021-04-23,5.542,5.601,5.542,5.611,322990000,1656260000,0
2021-04-26,5.612,5.537,5.532,5.652,538060000,2762170000,0
2021-04-27,5.541,5.550,5.514,5.559,317790000,1612970000,0
2021-04-28,5.532,5.588,5.517,5.591,301250000,1535180000,0
2021-04-29,5.589,5.634,5.581,5.641,380980000,1964020000,0
2021-04-30,5.622,5.589,5.555,5.633,404240000,2075950000,0
2021-05-06,5.570,5.522,5.496,5.603,407570000,2073200000,0
2021-05-07,5.534,5.461,5.457,5.558,338290000,1705350000,0
2021-05-10,5.465,5.460,5.416,5.486,369200000,1843020000,0
2021-05-11,5.428,5.486,5.393,5.505,397930000,1985720000,0
2021-05-12,5.475,5.517,5.457,5.524,253970000,1277880000,0
2021-05-13,5.477,5.462,5.437,5.488,472540000,2363020000,0
2021-05-14,5.481,5.588,5.453,5.590,848960000,4316320000,0
2021-05-17,5.584,5.649,5.578,5.676,667260000,3464220000,0
2021-05-18,5.660,5.651,5.628,5.673,283460000,1469850000,0
2021-05-19,5.641,5.637,5.614,5.657,393360000,2034730000,0
2021-05-20,5.633,5.651,5.613,5.667,270140000,1400150000,0
2021-05-21,5.658,5.596,5.584,5.688,541060000,2791300000,0
2021-05-24,5.596,5.624,5.557,5.625,349610000,1796640000,0
2021-05-25,5.624,5.788,5.624,5.799,1536160000,8133780000,0
2021-05-26,5.792,5.789,5.777,5.814,486860000,2596720000,0
2021-05-27,5.781,5.808,5.757,5.855,530750000,2835200000,0
2021-05-28,5.807,5.793,5.761,5.834,345620000,1843450000,0
2021-05-31,5.790,5.799,5.751,5.800,328600000,1745990000,0
2021-06-01,5.794,5.807,5.732,5.811,454420000,2415670000,0
2021-06-02,5.812,5.764,5.737,5.818,577610000,3069530000,0
2021-06-03,5.761,5.723,5.721,5.784,443280000,2344160000,0
2021-06-04,5.711,5.756,5.694,5.813,558120000,2951210000,0
2021-06-07,5.756,5.750,5.712,5.759,265280000,1399800000,0
2021-06-08,5.750,5.708,5.674,5.801,454200000,2392040000,0
2021-06-09,5.694,5.716,5.692,5.727,259510000,1362100000,0
2021-06-10,5.710,5.750,5.709,5.785,404110000,2139820000,0
2021-06-11,5.754,5.701,5.697,5.768,337560000,1774140000,0
2021-06-15,5.701,5.642,5.615,5.711,431240000,2237740000,0
2021-06-16,5.636,5.571,5.555,5.644,557300000,2861610000,0
2021-06-17,5.561,5.582,5.558,5.605,342210000,1752530000,0
2021-06-18,5.581,5.587,5.550,5.616,523770000,2681620000,0
2021-06-21,5.569,5.580,5.548,5.616,449260000,2297970000,0
2021-06-22,5.601,5.606,5.572,5.612,678310000,3481240000,0
2021-06-23,5.613,5.637,5.597,5.664,586470000,3034350000,0
2021-06-24,5.641,5.650,5.616,5.651,217510000,1125520000,0
2021-06-25,5.654,5.731,5.652,5.750,619260000,3253310000,0
2021-06-28,5.739,5.740,5.718,5.751,445500000,2349760000,0
2021-06-29,5.740,5.686,5.676,5.740,290190000,1520210000,0
2021-06-30,5.687,5.717,5.686,5.728,371170000,1948240000,0
2021-07-01,5.734,5.715,5.683,5.745,564370000,2964560000,0
2021-07-02,5.681,5.574,5.572,5.683,442240000,2278050000,0
2021-07-05,5.574,5.581,5.551,5.593,257570000,1316060000,0
2021-07-06,5.581,5.588,5.532,5.591,381690000,1946040000,0
2021-07-07,5.566,5.641,5.558,5.663,349470000,1802160000,0
2021-07-08,5.650,5.597,5.582,5.657,328040000,1689690000,0
2021-07-09,5.581,5.573,5.517,5.589,426230000,2174690000,0
2021-07-12,5.611,5.641,5.583,5.670,596690000,3088420000,0
2021-07-13,5.640,5.657,5.629,5.675,346440000,1798360000,0
2021-07-14,5.652,5.600,5.589,5.652,382470000,1970050000,0
2021-07-15,5.592,5.668,5.585,5.675,355290000,1839020000,0
2021-07-16,5.661,5.617,5.613,5.666,370240000,1916250000,0
2021-07-19,5.608,5.639,5.567,5.649,332050000,1709350000,0
2021-07-20,5.601,5.626,5.592,5.640,306680000,1581150000,0
2021-07-21,5.641,5.665,5.633,5.686,578430000,3011040000,0
2021-07-22,5.666,5.670,5.659,5.694,269680000,1405910000,0
2021-07-23,5.671,5.618,5.606,5.672,268140000,1384580000,0
2021-07-26,5.598,5.443,5.384,5.599,915270000,4590560000,0
2021-07-27,5.440,5.270,5.264,5.461,807210000,3972490000,0
2021-07-28,5.264,5.280,5.196,5.304,913350000,4378820000,0
2021-07-29,5.360,5.367,5.319,5.378,640210000,3130340000,0
2021-07-30,5.344,5.333,5.282,5.345,225870000,1097220000,0
2021-08-02,5.317,5.454,5.285,5.465,375200000,1853440000,0
2021-08-03,5.432,5.456,5.416,5.480,233010000,1161610000,0
2021-08-04,5.445,5.500,5.443,5.501,248650000,1248680000,0
2021-08-05,5.465,5.470,5.442,5.519,209870000,1053870000,0
2021-08-06,5.461,5.454,5.423,5.466,112700000,561480000,0
2021-08-09,5.431,5.509,5.413,5.528,229090000,1151900000,0
2021-08-10,5.497,5.566,5.463,5.569,324120000,1635520000,0
2021-08-11,5.559,5.539,5.536,5.585,239130000,1219610000,0
2021-08-12,5.521,5.507,5.497,5.542,133970000,677140000,0
2021-08-13,5.494,5.480,5.451,5.527,202570000,1017350000,0
2021-08-16,5.474,5.477,5.462,5.505,186200000,934440000,0
2021-08-17,5.471,5.365,5.356,5.503,352300000,1751140000,0
2021-08-18,5.365,5.418,5.353,5.447,384770000,1901300000,0
2021-08-19,5.401,5.384,5.362,5.418,240310000,1185220000,0
2021-08-20,5.373,5.294,5.249,5.374,418440000,2023090000,0
2021-08-23,5.304,5.366,5.301,5.372,352960000,1724630000,0
2021-08-24,5.371,5.418,5.371,5.439,317710000,1571640000,0
2021-08-25,5.426,5.432,5.399,5.434,207660000,1029750000,0
2021-08-26,5.429,5.347,5.331,5.430,194840000,956300000,0
2021-08-27,5.340,5.360,5.337,5.405,232240000,1140910000,0
2021-08-30,5.372,5.342,5.320,5.383,215530000,1052160000,0
2021-08-31,5.343,5.340,5.271,5.358,245030000,1190430000,0
2021-09-01,5.341,5.410,5.301,5.449,386520000,1903960000,0
2021-09-02,5.421,5.406,5.381,5.429,224000000,1107120000,0
2021-09-03,5.406,5.379,5.370,5.430,348370000,1718510000,0
2021-09-06,5.379,5.463,5.375,5.477,494540000,2468980000,0
2021-09-07,5.461,5.526,5.447,5.550,457500000,2304930000,0
2021-09-08,5.530,5.505,5.489,5.554,236940000,1198610000,0
2021-09-09,5.492,5.503,5.463,5.504,182550000,917260000,0
2021-09-10,5.498,5.552,5.495,5.588,389340000,1982110000,0
2021-09-13,5.546,5.525,5.496,5.570,320020000,1620670000,0
2021-09-14,5.526,5.459,5.438,5.543,327710000,1645690000,0
2021-09-15,5.451,5.406,5.378,5.452,270740000,1340900000,0
2021-09-16,5.406,5.350,5.342,5.416,429350000,2106850000,0
2021-09-17,5.349,5.389,5.329,5.395,513990000,2520610000,0
2021-09-22,5.321,5.356,5.313,5.373,491630000,2399570000,0
2021-09-23,5.378,5.385,5.367,5.416,286970000,1413520000,0
2021-09-24,5.389,5.392,5.379,5.436,464770000,2299460000,0
2021-09-27,5.406,5.424,5.382,5.459,359890000,1786170000,0
2021-09-28,5.416,5.415,5.387,5.441,263640000,1306080000,0
2021-09-29,5.383,5.382,5.339,5.410,592260000,2909490000,0
2021-09-30,5.384,5.396,5.382,5.414,312960000,1544840000,0
2021-10-08,5.439,5.467,5.432,5.476,244620000,1222700000,0
2021-10-11,5.475,5.466,5.462,5.521,260320000,1309510000,0
2021-10-12,5.448,5.414,5.374,5.459,330610000,1639580000,0
2021-10-13,5.406,5.470,5.404,5.486,253570000,1264330000,0
2021-10-14,5.464,5.443,5.432,5.489,199810000,998320000,0
2021-10-15,5.440,5.467,5.421,5.478,217970000,1089700000,0
2021-10-18,5.464,5.409,5.377,5.465,251260000,1241210000,0
2021-10-19,5.401,5.456,5.398,5.461,288470000,1436190000,0
2021-10-20,5.461,5.442,5.432,5.483,156700000,782000000,0
2021-10-21,5.441,5.464,5.423,5.488,224090000,1119220000,0
2021-10-22,5.471,5.497,5.471,5.533,334600000,1686640000,0
2021-10-25,5.483,5.514,5.472,5.522,265370000,1336930000,0
2021-10-26,5.516,5.497,5.484,5.549,247910000,1251850000,0
2021-10-27,5.485,5.431,5.419,5.485,278100000,1385680000,0
2021-10-28,5.421,5.410,5.387,5.438,441340000,2185190000,0
2021-10-29,5.407,5.442,5.395,5.443,426480000,2114090000,0
2021-11-01,5.418,5.426,5.400,5.449,195000000,967960000,0
2021-11-02,5.423,5.374,5.335,5.456,429410000,2119280000,0
2021-11-03,5.371,5.354,5.340,5.397,340640000,1671070000,0
2021-11-04,5.374,5.401,5.373,5.412,284420000,1403740000,0
2021-11-05,5.391,5.384,5.383,5.428,265600000,1312370000,0
2021-11-08,5.381,5.380,5.363,5.409,312490000,1539080000,0
2021-11-09,5.396,5.378,5.353,5.413,262840000,1292760000,0
2021-11-10,5.374,5.353,5.287,5.374,489430000,2379860000,0
2021-11-11,5.343,5.433,5.341,5.436,352360000,1740180000,0
2021-11-12,5.437,5.431,5.415,5.452,272910000,1355970000,0
2021-11-15,5.435,5.425,5.404,5.452,335920000,1667410000,0
2021-11-16,5.427,5.421,5.411,5.457,351870000,1750480000,0
2021-11-17,5.414,5.420,5.402,5.435,226980000,1125220000,0
2021-11-18,5.408,5.376,5.363,5.413,360600000,1774310000,0
2021-11-19,5.371,5.431,5.366,5.437,275920000,1365620000,0
2021-11-22,5.435,5.444,5.428,5.456,353650000,1761550000,0
2021-11-23,5.437,5.447,5.427,5.461,317270000,1582330000,0
2021-11-24,5.447,5.458,5.435,5.477,178590000,891900000,0
2021-11-25,5.459,5.439,5.431,5.460,137260000,683500000,0
2021-11-26,5.426,5.397,5.388,5.427,204640000,1011650000,0
2021-11-29,5.361,5.390,5.361,5.399,233860000,1151390000,0
2021-11-30,5.393,5.372,5.349,5.410,183680000,903630000,0
2021-12-01,5.372,5.385,5.368,5.390,211630000,1040600000,0
2021-12-02,5.381,5.395,5.364,5.406,161040000,794010000,0
2021-12-03,5.395,5.440,5.387,5.441,219630000,1087950000,0
2021-12-06,5.443,5.435,5.430,5.477,332900000,1663480000,0
2021-12-07,5.456,5.463,5.439,5.470,212430000,1060620000,0
2021-12-08,5.468,5.535,5.450,5.540,341190000,1721660000,0
2021-12-09,5.539,5.619,5.537,5.665,633220000,3267970000,0
2021-12-10,5.604,5.604,5.584,5.611,396130000,2035800000,0
2021-12-13,5.628,5.617,5.610,5.688,429030000,2227870000,0
2021-12-14,5.598,5.586,5.576,5.616,362690000,1860580000,0
2021-12-15,5.581,5.540,5.536,5.597,203580000,1038760000,0
2021-12-16,5.543,5.567,5.526,5.568,377300000,1919330000,0
2021-12-17,5.559,5.494,5.492,5.562,622620000,3145890000,0
2021-12-20,5.480,5.419,5.408,5.511,851830000,4250320000,0
2021-12-21,5.414,5.440,5.410,5.453,517130000,2572580000,0
2021-12-22,5.453,5.443,5.431,5.465,666050000,3320650000,0
2021-12-23,5.454,5.481,5.439,5.487,302310000,1512950000,0
2021-12-24,5.487,5.458,5.439,5.493,260400000,1301810000,0
2021-12-27,5.458,5.462,5.431,5.479,504490000,2520390000,0
2021-12-28,5.462,5.488,5.453,5.498,639910000,3209580000,0
2021-12-29,5.486,5.421,5.420,5.492,403870000,2011290000,0
2021-12-30,5.421,5.457,5.416,5.478,474500000,2369940000,0
2021-12-31,5.471,5.469,5.455,5.490,351420000,1760910000,0
2022-01-04,5.486,5.451,5.403,5.488,486360000,2417590000,0
2022-01-05,5.440,5.404,5.386,5.453,464070000,2300120000,0
2022-01-06,5.384,5.348,5.318,5.394,517270000,2530770000,0
2022-01-07,5.361,5.360,5.354,5.391,478520000,2349400000,0
2022-01-10,5.349,5.373,5.320,5.384,491120000,2406260000,0
2022-01-11,5.373,5.328,5.325,5.385,412220000,2014960000,0
2022-01-12,5.345,5.380,5.345,5.394,511330000,2511100000,0
2022-01-13,5.391,5.299,5.297,5.393,488270000,2379000000,0
2022-01-14,5.286,5.255,5.252,5.301,410030000,1972990000,0
2022-01-17,5.259,5.296,5.258,5.312,498350000,2407270000,0
2022-01-18,5.293,5.342,5.276,5.358,624170000,3038470000,0
2022-01-19,5.351,5.316,5.292,5.375,522440000,2501400000,0
2022-01-20,5.311,5.354,5.310,5.383,541280000,2608630000,0
2022-01-21,5.346,5.320,5.300,5.351,781440000,3739340000,0
2022-01-24,5.296,5.322,5.284,5.335,460570000,2197610000,0
2022-01-25,5.298,5.216,5.212,5.313,595270000,2814470000,0
2022-01-26,5.231,5.242,5.186,5.247,521840000,2449570000,0
2022-01-27,5.229,5.161,5.152,5.235,607620000,2827030000,0
2022-01-28,5.173,5.090,5.086,5.195,858390000,3950300000,0
2022-02-07,5.161,5.162,5.142,5.199,484590000,2243170000,0
2022-02-08,5.162,5.140,5.051,5.162,448140000,2050020000,0
2022-02-09,5.142,5.179,5.126,5.189,458940000,2124090000,0
2022-02-10,5.186,5.168,5.142,5.189,495380000,2291740000,0
2022-02-11,5.150,5.132,5.129,5.194,461740000,2134590000,0
2022-02-14,5.116,5.083,5.062,5.130,329970000,1503830000,0
2022-02-15,5.084,5.125,5.082,5.129,604310000,2765520000,0
2022-02-16,5.146,5.146,5.134,5.170,449800000,2076280000,0
2022-02-17,5.141,5.156,5.135,5.180,629040000,2909010000,0
2022-02-18,5.136,5.180,5.131,5.181,304110000,1405440000,0
2022-02-21,5.172,5.163,5.141,5.173,324200000,1497430000,0
2022-02-22,5.126,5.103,5.085,5.133,315320000,1438660000,0
2022-02-23,5.116,5.151,5.107,5.154,446900000,2054650000,0
2022-02-24,5.126,5.066,5.025,5.138,591240000,2683230000,0
2022-02-25,5.089,5.101,5.089,5.147,384470000,1760980000,0
2022-02-28,5.098,5.107,5.058,5.109,269320000,1225030000,0
2022-03-01,5.124,5.145,5.109,5.153,326160000,1499510000,0
2022-03-02,5.125,5.110,5.088,5.126,194600000,889480000,0
2022-03-03,5.126,5.081,5.071,5.136,200690000,914650000,0
2022-03-04,5.041,5.030,5.016,5.070,405380000,1823720000,0
2022-03-07,4.995,4.882,4.864,4.995,583110000,2553530000,0
2022-03-08,4.883,4.800,4.784,4.907,691710000,2976690000,0
2022-03-09,4.808,4.760,4.606,4.830,786750000,3301660000,0
2022-03-10,4.836,4.820,4.818,4.862,552850000,2377360000,0
2022-03-11,4.764,4.848,4.711,4.854,397340000,1687300000,0
2022-03-14,4.786,4.708,4.707,4.810,433100000,1828940000,0
2022-03-15,4.671,4.509,4.504,4.700,1044480000,4244940000,0
2022-03-16,4.571,4.682,4.478,4.706,1325140000,5383850000,0
2022-03-17,4.759,4.766,4.741,4.830,1147560000,4866880000,0
2022-03-18,4.746,4.794,4.725,4.812,403020000,1703860000,0
2022-03-21,4.799,4.788,4.748,4.816,372020000,1581990000,0
2022-03-22,4.768,4.784,4.767,4.818,250420000,1064170000,0
2022-03-23,4.794,4.809,4.776,4.822,308240000,1314100000,0
2022-03-24,4.786,4.782,4.749,4.806,220640000,935510000,0
2022-03-25,4.781,4.705,4.703,4.790,356810000,1499890000,0
2022-03-28,4.670,4.680,4.619,4.710,415590000,1715990000,0
2022-03-29,4.691,4.662,4.655,4.709,231030000,957680000,0
2022-03-30,4.690,4.785,4.690,4.788,500260000,2107750000,0
2022-03-31,4.775,4.754,4.746,4.780,424280000,1791950000,0
2022-04-01,4.723,4.805,4.721,4.825,375250000,1594300000,0
2022-04-06,4.779,4.793,4.764,4.805,339890000,1443710000,0
2022-04-07,4.773,4.741,4.738,4.804,278400000,1177380000,0
2022-04-08,4.744,4.769,4.711,4.772,320270000,1349450000,0
2022-04-11,4.741,4.637,4.624,4.742,580060000,2391600000,0
2022-04-12,4.639,4.707,4.612,4.712,806480000,3334400000,0
2022-04-13,4.687,4.675,4.671,4.723,387260000,1609160000,0
2022-04-14,4.712,4.719,4.689,4.748,573690000,2400660000,0
2022-04-15,4.696,4.717,4.686,4.742,532240000,2224420000,0
2022-04-18,4.681,4.697,4.653,4.700,279710000,1159500000,0
2022-04-19,4.696,4.670,4.646,4.722,314000000,1301470000,0
2022-04-20,4.668,4.600,4.594,4.674,390340000,1596760000,0
2022-04-21,4.588,4.532,4.511,4.617,792510000,3193820000,0
2022-04-22,4.501,4.542,4.488,4.573,617380000,2469380000,0
2022-04-25,4.481,4.349,4.343,4.495,1654280000,6447290000,0
2022-04-26,4.352,4.319,4.310,4.409,1543760000,5888630000,0
2022-04-27,4.307,4.425,4.296,4.427,1372580000,5260470000,0
2022-04-28,4.408,4.451,4.405,4.471,1072930000,4183270000,0
2022-04-29,4.465,4.551,4.429,4.555,763120000,3024740000,0
2022-05-05,4.516,4.536,4.506,4.567,736100000,2950070000,0
2022-05-06,4.461,4.439,4.436,4.479,520670000,2042560000,0
2022-05-09,4.414,4.407,4.386,4.442,318700000,1234840000,0
2022-05-10,4.369,4.452,4.344,4.469,547470000,2129940000,0
2022-05-11,4.445,4.507,4.445,4.562,629010000,2502150000,0
2022-05-12,4.491,4.487,4.469,4.515,307110000,1215320000,0
2022-05-13,4.524,4.518,4.488,4.535,279970000,1113470000,0
2022-05-16,4.536,4.487,4.476,4.550,442580000,1755250000,0
2022-05-17,4.496,4.536,4.485,4.537,300850000,1197700000,0
2022-05-18,4.543,4.522,4.496,4.553,264020000,1052730000,0
2022-05-19,4.483,4.531,4.472,4.533,324960000,1289180000,0
2022-05-20,4.556,4.615,4.546,4.616,600460000,2434120000,0
2022-05-23,4.615,4.583,4.557,4.615,512090000,2070370000,0
2022-05-24,4.582,4.501,4.496,4.585,415660000,1664350000,0
2022-05-25,4.496,4.518,4.484,4.520,457680000,1814580000,0
2022-05-26,4.519,4.528,4.468,4.556,481610000,1914320000,0
2022-05-27,4.558,4.538,4.521,4.593,553300000,2228540000,0
2022-05-30,4.556,4.561,4.543,4.579,450530000,1813280000,0
2022-05-31,4.561,4.625,4.552,4.639,452260000,1836840000,0
2022-06-01,4.625,4.619,4.596,4.632,377430000,1540650000,0
2022-06-02,4.602,4.630,4.594,4.634,290130000,1183800000,0
2022-06-06,4.628,4.712,4.601,4.713,423840000,1751270000,0
2022-06-07,4.697,4.718,4.691,4.738,380860000,1592930000,0
2022-06-08,4.721,4.760,4.701,4.766,427290000,1796490000,0
2022-06-09,4.751,4.726,4.709,4.770,291610000,1226360000,0
2022-06-10,4.695,4.784,4.694,4.796,648070000,2738650000,0
2022-06-13,4.746,4.732,4.706,4.759,579900000,2431780000,0
2022-06-14,4.701,4.772,4.651,4.776,624900000,2613830000,0
2022-06-15,4.769,4.821,4.769,4.900,1121890000,4834540000,0
2022-06-16,4.834,4.794,4.785,4.853,507510000,2175200000,0
2022-06-17,4.777,4.857,4.771,4.873,715650000,3070560000,0
2022-06-20,4.867,4.878,4.844,4.924,732430000,3177530000,0
2022-06-21,4.878,4.876,4.841,4.914,422400000,1833860000,0
2022-06-22,4.876,4.826,4.818,4.883,361960000,1560990000,0
2022-06-23,4.827,4.901,4.820,4.903,405690000,1755180000,0
2022-06-24,4.911,4.949,4.899,4.962,414830000,1823080000,0
2022-06-27,4.965,4.997,4.965,5.035,455980000,2036730000,0
2022-06-28,4.996,5.049,4.969,5.062,374880000,1678990000,0
2022-06-29,5.034,4.994,4.979,5.063,544840000,2437460000,0
2022-06-30,4.990,5.044,4.989,5.081,568050000,2558740000,0
2022-07-01,5.056,5.029,5.010,5.061,445570000,2004080000,0
2022-07-04,5.014,5.057,4.985,5.059,387420000,1742760000,0
2022-07-05,5.062,5.047,4.998,5.101,392120000,1764380000,0
2022-07-06,5.036,4.988,4.959,5.046,318960000,1422720000,0
2022-07-07,4.981,5.004,4.958,5.024,403050000,1799540000,0
2022-07-08,5.027,5.000,4.993,5.049,208250000,933510000,0
2022-07-11,4.982,4.924,4.906,4.982,452210000,1985920000,0
2022-07-12,4.918,4.888,4.874,4.943,343540000,1500810000,0
2022-07-13,4.891,4.895,4.864,4.915,295600000,1286890000,0
2022-07-14,4.891,4.896,4.872,4.925,326410000,1423960000,0
2022-07-15,4.886,4.831,4.829,4.936,737310000,3198510000,0
2022-07-18,4.848,4.877,4.810,4.895,389120000,1680720000,0
2022-07-19,4.873,4.855,4.821,4.873,353530000,1526690000,0
2022-07-20,4.876,4.867,4.854,4.896,299840000,1301780000,0
2022-07-21,4.851,4.822,4.821,4.874,310490000,1336940000,0
2022-07-22,4.837,4.825,4.795,4.871,314770000,1353690000,0
2022-07-25,4.821,4.807,4.789,4.824,251680000,1074520000,0
2022-07-26,4.813,4.836,4.810,4.856,376250000,1616770000,0
2022-07-27,4.826,4.812,4.804,4.833,257180000,1100930000,0
2022-07-28,4.828,4.815,4.811,4.866,369580000,1591340000,0
2022-07-29,4.819,4.756,4.747,4.841,471270000,2000640000,0
2022-08-01,4.742,4.774,4.717,4.784,298390000,1259940000,0
2022-08-02,4.746,4.703,4.668,4.746,543970000,2264730000,0
2022-08-03,4.716,4.658,4.647,4.745,376660000,1569160000,0
2022-08-04,4.675,4.689,4.658,4.698,261750000,1084600000,0
2022-08-05,4.692,4.754,4.689,4.760,393390000,1643680000,0
2022-08-08,4.737,4.740,4.729,4.755,157280000,661610000,0
2022-08-09,4.738,4.747,4.726,4.755,241820000,1017520000,0
2022-08-10,4.738,4.702,4.684,4.752,203760000,851100000,0
2022-08-11,4.719,4.790,4.712,4.796,348050000,1469920000,0
2022-08-12,4.788,4.791,4.774,4.802,205590000,874290000,0
2022-08-15,4.778,4.781,4.774,4.822,232820000,991660000,0
2022-08-16,4.786,4.771,4.763,4.808,168480000,715600000,0
2022-08-17,4.772,4.812,4.747,4.823,281020000,1196210000,0
2022-08-18,4.806,4.775,4.770,4.810,199970000,849820000,0
2022-08-19,4.771,4.745,4.743,4.787,289440000,1223340000,0
2022-08-22,4.736,4.772,4.732,4.784,310930000,1316160000,0
2022-08-23,4.769,4.758,4.739,4.786,275880000,1164230000,0
2022-08-24,4.770,4.681,4.672,4.774,403160000,1683780000,0
2022-08-25,4.689,4.717,4.660,4.722,332510000,1381250000,0
2022-08-26,4.715,4.711,4.704,4.737,226860000,949300000,0
2022-08-29,4.677,4.686,4.661,4.697,234590000,972240000,0
2022-08-30,4.690,4.677,4.642,4.692,232090000,958530000,0
2022-08-31,4.660,4.677,4.649,4.718,555280000,2299530000,0
2022-09-01,4.666,4.643,4.634,4.689,320250000,1320920000,0
2022-09-02,4.646,4.620,4.600,4.655,263740000,1078570000,0
2022-09-05,4.611,4.618,4.576,4.619,215860000,876600000,0
2022-09-06,4.631,4.647,4.610,4.652,264100000,1081650000,0
2022-09-07,4.633,4.655,4.630,4.667,183570000,755010000,0
2022-09-08,4.659,4.637,4.636,4.667,171630000,705980000,0
2022-09-09,4.643,4.695,4.642,4.703,392980000,1630730000,0
2022-09-13,4.702,4.709,4.698,4.731,327430000,1368320000,0
2022-09-14,4.670,4.663,4.650,4.691,429910000,1777690000,0
2022-09-15,4.670,4.626,4.601,4.683,588840000,2414070000,0
2022-09-16,4.613,4.536,4.532,4.623,725780000,2929010000,0
2022-09-19,4.530,4.525,4.511,4.551,397790000,1588020000,0
2022-09-20,4.542,4.527,4.516,4.559,301520000,1206400000,0
2022-09-21,4.516,4.497,4.479,4.526,363490000,1441700000,0
2022-09-22,4.481,4.468,4.456,4.500,279850000,1101760000,0
2022-09-23,4.468,4.460,4.428,4.487,520250000,2042020000,0
2022-09-26,4.436,4.435,4.430,4.494,756030000,2966150000,0
2022-09-27,4.446,4.485,4.428,4.493,519160000,2035840000,0
2022-09-28,4.471,4.429,4.426,4.474,530080000,2073610000,0
2022-09-29,4.452,4.430,4.409,4.473,506080000,1977740000,0
2022-09-30,4.431,4.404,4.401,4.451,638380000,2480620000,0
2022-10-10,4.403,4.325,4.313,4.406,684110000,2614910000,0
2022-10-11,4.327,4.322,4.306,4.340,491380000,1861120000,0
2022-10-12,4.323,4.384,4.255,4.387,731510000,2765040000,0
2022-10-13,4.352,4.351,4.342,4.383,345140000,1318780000,0
2022-10-14,4.388,4.439,4.379,4.459,749630000,2913800000,0
2022-10-17,4.431,4.438,4.405,4.442,388760000,1512960000,0
2022-10-18,4.460,4.431,4.423,4.466,431130000,1683480000,0
2022-10-19,4.426,4.372,4.370,4.438,288160000,1112400000,0
2022-10-20,4.356,4.360,4.327,4.412,372300000,1422560000,0
2022-10-21,4.373,4.338,4.320,4.375,327570000,1248400000,0
2022-10-24,4.335,4.240,4.222,4.369,629790000,2356240000,0
2022-10-25,4.228,4.224,4.197,4.275,823520000,3041130000,0
2022-10-26,4.226,4.252,4.225,4.304,686290000,2555490000,0
2022-10-27,4.275,4.226,4.225,4.286,512400000,1906380000,0
2022-10-28,4.213,4.140,4.131,4.219,738140000,2686510000,0
2022-10-31,4.116,4.101,4.088,4.152,597660000,2139120000,0
2022-11-01,4.121,4.239,4.116,4.241,1069160000,3904740000,0
2022-11-02,4.221,4.273,4.214,4.303,751650000,2800490000,0
2022-11-03,4.253,4.243,4.225,4.268,488110000,1811030000,0
2022-11-04,4.241,4.370,4.240,4.387,1129250000,4301090000,0
2022-11-07,4.346,4.370,4.345,4.391,534070000,2046290000,0
2022-11-08,4.370,4.347,4.323,4.379,801260000,3048900000,0
2022-11-09,4.347,4.307,4.303,4.360,520920000,1973020000,0
2022-11-10,4.286,4.286,4.263,4.302,506500000,1895280000,0
2022-11-11,4.378,4.384,4.346,4.434,1376700000,5298750000,0
2022-11-14,4.434,4.386,4.376,4.455,850970000,3301270000,0
2022-11-15,4.378,4.461,4.371,4.470,767180000,2991370000,0
2022-11-16,4.454,4.432,4.427,4.474,537800000,2102970000,0
2022-11-17,4.422,4.415,4.371,4.422,791620000,3054880000,0
2022-11-18,4.418,4.402,4.395,4.438,649190000,2516390000,0
2022-11-21,4.373,4.369,4.326,4.373,518250000,1975750000,0
2022-11-22,4.363,4.367,4.341,4.407,649030000,2485270000,0
2022-11-23,4.356,4.370,4.350,4.392,548790000,2103790000,0
2022-11-24,4.386,4.352,4.346,4.404,482150000,1848020000,0
2022-11-25,4.355,4.373,4.341,4.390,549220000,2105980000,0
2022-11-28,4.308,4.328,4.266,4.335,626090000,2355440000,0
2022-11-29,4.350,4.444,4.350,4.453,720710000,2792260000,0
2022-11-30,4.434,4.447,4.431,4.463,459490000,1796650000,0
2022-12-01,4.516,4.492,4.491,4.546,635410000,2528610000,0
2022-12-02,4.491,4.469,4.467,4.500,1030420000,4066060000,0
2022-12-05,4.510,4.540,4.493,4.543,876180000,3492980000,0
2022-12-06,4.528,4.563,4.524,4.586,765810000,3081710000,0
2022-12-07,4.556,4.551,4.536,4.602,682080000,2745030000,0
2022-12-08,4.551,4.560,4.539,4.569,509410000,2047180000,0
2022-12-09,4.559,4.594,4.544,4.605,647460000,2613260000,0
2022-12-12,4.581,4.552,4.548,4.581,466860000,1880210000,0
2022-12-13,4.554,4.541,4.536,4.564,363670000,1459240000,0
2022-12-14,4.546,4.551,4.531,4.569,621910000,2495650000,0
2022-12-15,4.552,4.549,4.524,4.561,530750000,2126030000,0
2022-12-16,4.547,4.553,4.528,4.562,908370000,3639860000,0
2022-12-19,4.558,4.495,4.478,4.569,745200000,2965760000,0
2022-12-20,4.481,4.432,4.409,4.484,815570000,3188460000,0
2022-12-21,4.437,4.429,4.418,4.447,523060000,2038360000,0
2022-12-22,4.452,4.437,4.417,4.480,687820000,2690310000,0
2022-12-23,4.420,4.427,4.408,4.448,1084790000,4222060000,0
2022-12-26,4.426,4.436,4.424,4.456,651190000,2542750000,0
2022-12-27,4.476,4.483,4.455,4.489,582050000,2292890000,0
2022-12-28,4.475,4.470,4.453,4.481,649270000,2553570000,0
2022-12-29,4.455,4.458,4.432,4.469,721270000,2825960000,0
2022-12-30,4.473,4.474,4.470,4.487,630230000,2485140000,0
2023-01-03,4.473,4.485,4.426,4.497,656310000,2576090000,0
2023-01-04,4.484,4.490,4.467,4.501,980800000,3874440000,0
2023-01-05,4.511,4.565,4.508,4.571,774500000,3108570000,0
2023-01-06,4.566,4.581,4.562,4.598,541080000,2187350000,0
2023-01-09,4.601,4.606,4.588,4.622,780960000,3178180000,0
2023-01-10,4.604,4.612,4.598,4.628,744260000,3033000000,0
2023-01-11,4.613,4.612,4.605,4.641,571510000,2334920000,0
2023-01-12,4.619,4.618,4.604,4.631,325590000,1328950000,0
2023-01-13,4.625,4.680,4.625,4.684,655910000,2702280000,0
2023-01-16,4.685,4.743,4.683,4.784,1716380000,7109170000,0
2023-01-17,4.743,4.739,4.722,4.752,601510000,2488170000,0
2023-01-18,4.746,4.730,4.726,4.752,445690000,1843410000,0
2023-01-19,4.721,4.758,4.703,4.760,607430000,2513070000,0
2023-01-20,4.773,4.781,4.765,4.794,570080000,2382110000,0
2023-01-30,4.860,4.805,4.798,4.867,801350000,3386450000,0
2023-01-31,4.808,4.759,4.752,4.817,1139220000,4761840000,0
2023-02-01,4.764,4.790,4.733,4.792,715650000,2981750000,0
2023-02-02,4.802,4.780,4.763,4.805,1001850000,4188620000,0
2023-02-03,4.754,4.737,4.701,4.757,960050000,3961300000,0
2023-02-06,4.703,4.680,4.658,4.704,731460000,2982940000,0
2023-02-07,4.686,4.690,4.670,4.701,553990000,2263550000,0
2023-02-08,4.692,4.673,4.665,4.709,462870000,1889790000,0
2023-02-09,4.667,4.727,4.663,4.731,595890000,2450550000,0
2023-02-10,4.728,4.703,4.686,4.728,520520000,2135890000,0
2023-02-13,4.690,4.735,4.683,4.741,828010000,3415190000,0
2023-02-14,4.741,4.744,4.719,4.747,332630000,1374350000,0
2023-02-15,4.741,4.716,4.708,4.754,645510000,2658510000,0
2023-02-16,4.720,4.687,4.662,4.768,792510000,3275080000,0
2023-02-17,4.685,4.629,4.625,4.701,743390000,3025280000,0
2023-02-20,4.634,4.734,4.628,4.737,1049530000,4282520000,0
2023-02-21,4.734,4.739,4.714,4.750,560900000,2318010000,0
2023-02-22,4.723,4.699,4.692,4.734,452950000,1861370000,0
2023-02-23,4.703,4.699,4.681,4.725,465560000,1908740000,0
2023-02-24,4.698,4.660,4.640,4.698,808780000,3282780000,0
2023-02-27,4.640,4.645,4.628,4.663,456960000,1848790000,0
2023-02-28,4.657,4.671,4.620,4.676,484550000,1963460000,0
2023-03-01,4.667,4.720,4.660,4.736,1180480000,4856380000,0
2023-03-02,4.710,4.715,4.707,4.734,439130000,1808870000,0
2023-03-03,4.726,4.724,4.694,4.736,420180000,1730990000,0
2023-03-06,4.725,4.699,4.680,4.727,929300000,3808520000,0
2023-03-07,4.695,4.642,4.639,4.718,674650000,2756430000,0
2023-03-08,4.630,4.626,4.610,4.635,431320000,1735040000,0
2023-03-09,4.632,4.616,4.592,4.636,407940000,1639050000,0
2023-03-10,4.590,4.561,4.559,4.604,498110000,1982850000,0
2023-03-13,4.561,4.605,4.561,4.608,467450000,1865980000,0
2023-03-14,4.600,4.580,4.545,4.600,463540000,1842610000,0
2023-03-15,4.606,4.579,4.578,4.616,393300000,1571380000,0
2023-03-16,4.560,4.533,4.530,4.579,433140000,1713140000,0
2023-03-17,4.560,4.554,4.535,4.604,1123500000,4453750000,0
2023-03-20,4.554,4.532,4.526,4.576,570950000,2258210000,0
2023-03-21,4.543,4.575,4.541,4.579,556740000,2206200000,0
2023-03-22,4.585,4.593,4.579,4.609,581760000,2323800000,0
2023-03-23,4.580,4.631,4.578,4.632,534470000,2143950000,0
2023-03-24,4.623,4.626,4.614,4.634,254900000,1025010000,0
2023-03-27,4.625,4.605,4.584,4.625,491250000,1966090000,0
2023-03-28,4.606,4.597,4.590,4.618,507210000,2029090000,0
2023-03-29,4.618,4.597,4.591,4.619,616340000,2467230000,0
2023-03-30,4.598,4.640,4.581,4.641,557210000,2238130000,0
2023-03-31,4.645,4.650,4.639,4.663,671160000,2718180000,0
2023-04-03,4.650,4.680,4.645,4.691,551340000,2243380000,0
2023-04-04,4.680,4.700,4.672,4.702,480310000,1960370000,0
2023-04-06,4.685,4.688,4.673,4.693,378290000,1544680000,0
2023-04-07,4.688,4.717,4.686,4.729,329590000,1356000000,0
2023-04-10,4.728,4.702,4.698,4.729,474360000,1948360000,0
2023-04-11,4.705,4.692,4.678,4.712,535960000,2195220000,0
2023-04-12,4.693,4.688,4.680,4.698,335830000,1373120000,0
2023-04-13,4.679,4.663,4.657,4.685,402190000,1635780000,0
2023-04-14,4.675,4.684,4.671,4.694,456030000,1860600000,0
2023-04-17,4.681,4.745,4.680,4.747,632550000,2605870000,0
2023-04-18,4.744,4.752,4.736,4.763,416050000,1726660000,0
2023-04-19,4.754,4.719,4.715,4.754,408570000,1688500000,0
2023-04-20,4.718,4.703,4.690,4.722,607310000,2491260000,0
2023-04-21,4.703,4.630,4.624,4.706,683650000,2776620000,0
2023-04-24,4.629,4.579,4.563,4.632,594090000,2372490000,0
2023-04-25,4.580,4.560,4.524,4.588,966430000,3820420000,0
2023-04-26,4.558,4.551,4.534,4.570,903470000,3570140000,0
2023-04-27,4.548,4.586,4.540,4.600,467770000,1857890000,0
2023-04-28,4.597,4.625,4.591,4.630,451810000,1813120000,0
2023-05-04,4.613,4.625,4.596,4.627,337860000,1357000000,0
2023-05-05,4.626,4.609,4.589,4.638,337950000,1355980000,0
2023-05-08,4.616,4.654,4.611,4.664,684820000,2769140000,0
2023-05-09,4.659,4.619,4.619,4.685,566890000,2299960000,0
2023-05-10,4.617,4.588,4.580,4.619,916590000,3663510000,0
2023-05-11,4.598,4.583,4.580,4.608,321620000,1284650000,0
2023-05-12,4.582,4.532,4.530,4.596,518770000,2053100000,0
2023-05-15,4.534,4.595,4.523,4.596,810760000,3203030000,0
2023-05-16,4.594,4.578,4.562,4.600,406820000,1620580000,0
2023-05-17,4.571,4.551,4.541,4.582,640580000,2535370000,0
2023-05-18,4.558,4.550,4.531,4.578,700600000,2770100000,0
2023-05-19,4.540,4.544,4.522,4.566,341710000,1347170000,0
2023-05-22,4.543,4.564,4.530,4.585,500380000,1981480000,0
2023-05-23,4.567,4.507,4.506,4.571,611760000,2405350000,0
2023-05-24,4.502,4.454,4.452,4.503,767280000,2973590000,0
2023-05-25,4.448,4.445,4.412,4.458,491860000,1888720000,0
2023-05-26,4.443,4.450,4.413,4.461,446200000,1713950000,0
2023-05-29,4.458,4.434,4.419,4.470,403010000,1546650000,0
2023-05-30,4.426,4.438,4.390,4.447,572100000,2186290000,0
2023-05-31,4.428,4.402,4.385,4.428,733880000,2792010000,0
2023-06-01,4.399,4.410,4.394,4.440,674980000,2579670000,0
2023-06-02,4.430,4.463,4.430,4.473,692980000,2672330000,0
2023-06-05,4.457,4.445,4.435,4.461,361150000,1389910000,0
2023-06-06,4.446,4.408,4.404,4.474,411570000,1579490000,0
2023-06-07,4.420,4.396,4.383,4.427,372180000,1416640000,0
2023-06-08,4.396,4.428,4.383,4.443,383490000,1462200000,0
2023-06-09,4.429,4.444,4.422,4.447,527070000,2021620000,0
2023-06-12,4.440,4.448,4.425,4.470,459660000,1768360000,0
2023-06-13,4.440,4.477,4.437,4.480,350390000,1353180000,0
2023-06-14,4.479,4.477,4.475,4.504,444110000,1727520000,0
2023-06-15,4.486,4.542,4.480,4.543,508430000,1990300000,0
2023-06-16,4.549,4.579,4.549,4.588,602150000,2389870000,0
2023-06-19,4.579,4.549,4.544,4.579,400310000,1583690000,0
2023-06-20,4.541,4.542,4.536,4.559,353890000,1396570000,0
2023-06-21,4.535,4.487,4.485,4.539,489350000,1915610000,0
2023-06-26,4.466,4.443,4.431,4.470,640500000,2462690000,0
2023-06-27,4.442,4.469,4.435,4.479,397100000,1532290000,0
2023-06-28,4.463,4.477,4.437,4.478,462750000,1786040000,0
2023-06-29,4.477,4.459,4.447,4.479,300260000,1159260000,0
2023-06-30,4.458,4.482,4.453,4.500,529920000,2058020000,0
2023-07-03,4.490,4.527,4.488,4.539,473910000,1857980000,0
2023-07-04,4.525,4.534,4.519,4.536,252120000,990310000,0
2023-07-05,4.528,4.507,4.501,4.534,271220000,1061460000,0
2023-07-06,4.500,4.479,4.474,4.520,346740000,1349290000,0
2023-07-07,4.475,4.468,4.459,4.484,302280000,1170010000,0
2023-07-10,4.486,4.484,4.472,4.510,428490000,1668030000,0
2023-07-11,4.497,4.510,4.487,4.515,587440000,2292220000,0
2023-07-12,4.514,4.491,4.481,4.520,389410000,1520310000,0
2023-07-13,4.510,4.554,4.510,4.557,572290000,2255000000,0
2023-07-14,4.560,4.552,4.550,4.564,363260000,1437430000,0
2023-07-17,4.546,4.524,4.508,4.546,448610000,1757870000,0
2023-07-18,4.525,4.518,4.505,4.532,266670000,1044530000,0
2023-07-19,4.510,4.516,4.495,4.524,501240000,1958620000,0
2023-07-20,4.523,4.488,4.481,4.542,871510000,3409060000,0
2023-07-21,4.488,4.490,4.475,4.517,727250000,2831070000,0
2023-07-24,4.470,4.473,4.464,4.497,454980000,1762580000,0
2023-07-25,4.520,4.585,4.520,4.586,1140980000,4516700000,0
2023-07-26,4.580,4.576,4.561,4.582,588040000,2336250000,0
2023-07-27,4.585,4.572,4.560,4.598,602470000,2399970000,0
2023-07-28,4.553,4.668,4.553,4.675,1496490000,6045490000,0
2023-07-31,4.700,4.684,4.674,4.741,1790640000,7347220000,0
2023-08-01,4.680,4.666,4.655,4.705,1135980000,4628170000,0
2023-08-02,4.659,4.637,4.626,4.680,789440000,3195410000,0
2023-08-03,4.631,4.673,4.631,4.675,737930000,2990980000,0
2023-08-04,4.715,4.694,4.680,4.732,1422360000,5844700000,0
2023-08-07,4.676,4.663,4.649,4.676,1281420000,5203110000,0
2023-08-08,4.648,4.648,4.635,4.675,1116580000,4524170000,0
2023-08-09,4.638,4.640,4.634,4.655,1332510000,5388160000,0
2023-08-10,4.638,4.645,4.614,4.650,938250000,3788450000,0
2023-08-11,4.645,4.550,4.548,4.648,1288560000,5137860000,0
2023-08-14,4.519,4.523,4.484,4.532,1038600000,4062410000,0
2023-08-15,4.527,4.519,4.481,4.535,816520000,3193420000,0
2023-08-16,4.502,4.489,4.487,4.522,855850000,3338500000,0
2023-08-17,4.471,4.502,4.455,4.509,1156120000,4488760000,0
2023-08-18,4.504,4.452,4.451,4.514,1275550000,4949900000,0
2023-08-21,4.443,4.400,4.397,4.454,1100920000,4211770000,0
2023-08-22,4.418,4.423,4.372,4.441,1331530000,5068250000,0
2023-08-23,4.410,4.368,4.359,4.421,1082420000,4103290000,0
2023-08-24,4.375,4.391,4.372,4.420,952650000,3613490000,0
2023-08-25,4.376,4.384,4.368,4.409,1174540000,4441350000,0
2023-08-28,4.611,4.437,4.410,4.611,2822010000,10967430000,0
2023-08-29,4.420,4.459,4.418,4.488,2194050000,8447910000,0
2023-08-30,4.464,4.458,4.450,4.484,1036130000,4005950000,0
2023-08-31,4.458,4.439,4.430,4.465,838470000,3223630000,0
2023-09-01,4.457,4.462,4.450,4.480,792690000,3061780000,0
2023-09-04,4.490,4.520,4.474,4.530,1185520000,4631840000,0
2023-09-05,4.510,4.493,4.485,4.512,629770000,2454190000,0
2023-09-06,4.480,4.483,4.466,4.493,715180000,2772120000,0
2023-09-07,4.475,4.430,4.426,4.476,941040000,3620030000,0
2023-09-08,4.415,4.409,4.396,4.428,818640000,3117930000,0
2023-09-11,4.410,4.437,4.403,4.461,816650000,3130050000,0
2023-09-12,4.434,4.432,4.425,4.446,594940000,2280740000,0
2023-09-13,4.431,4.407,4.387,4.442,1032130000,3927790000,0
2023-09-14,4.406,4.404,4.385,4.418,928280000,3527430000,0
2023-09-15,4.411,4.387,4.369,4.418,1190620000,4515380000,0
2023-09-18,4.378,4.400,4.364,4.411,985930000,3740920000,0
2023-09-19,4.396,4.395,4.372,4.398,727010000,2752540000,0
2023-09-20,4.385,4.377,4.377,4.393,634140000,2399490000,0
2023-09-21,4.369,4.342,4.341,4.383,899200000,3378420000,0
2023-09-22,4.336,4.417,4.335,4.418,1247120000,4719060000,0
2023-09-25,4.406,4.389,4.382,4.409,700910000,2656950000,0
2023-09-26,4.386,4.368,4.366,4.397,862910000,3257830000,0
2023-09-27,4.367,4.378,4.366,4.405,1078050000,4074750000,0
2023-09-28,4.385,4.364,4.356,4.391,1120610000,4221650000,0
2023-10-09,4.357,4.354,4.313,4.368,875210000,3273780000,0
2023-10-10,4.366,4.327,4.324,4.378,927930000,3475890000,0
2023-10-11,4.345,4.335,4.327,4.362,893500000,3346390000,0
2023-10-12,4.370,4.371,4.352,4.385,933520000,3516110000,0
2023-10-13,4.350,4.336,4.324,4.351,1135100000,4239500000,0
2023-10-16,4.336,4.293,4.282,4.338,1138980000,4217880000,0
2023-10-17,4.300,4.305,4.287,4.313,888060000,3286590000,0
2023-10-18,4.299,4.277,4.275,4.303,810270000,2986650000,0
2023-10-19,4.260,4.200,4.195,4.260,1690370000,6128590000,0
2023-10-20,4.183,4.182,4.165,4.200,1740450000,6233730000,0
2023-10-23,4.168,4.144,4.112,4.170,2710240000,9591980000,0
2023-10-24,4.153,4.149,4.120,4.163,1535010000,5440870000,0
2023-10-25,4.188,4.169,4.167,4.203,1383350000,4957390000,0
2023-10-26,4.155,4.182,4.148,4.186,1143610000,4074940000,0
2023-10-27,4.174,4.236,4.165,4.249,1647660000,5952700000,0
2023-10-30,4.222,4.252,4.220,4.263,961400000,3503760000,0
2023-10-31,4.245,4.244,4.222,4.250,839660000,3053050000,0
2023-11-01,4.280,4.242,4.232,4.280,811980000,2960430000,0
2023-11-02,4.248,4.225,4.224,4.269,1075380000,3915900000,0
2023-11-03,4.231,4.253,4.230,4.268,1057820000,3863400000,0
2023-11-06,4.275,4.301,4.274,4.305,1176650000,4344620000,0
2023-11-07,4.292,4.290,4.276,4.301,657530000,2424390000,0
2023-11-08,4.283,4.279,4.258,4.296,1135320000,4175670000,0
2023-11-09,4.271,4.282,4.269,4.295,818570000,3012830000,0
2023-11-10,4.268,4.255,4.243,4.268,784180000,2864210000,0
2023-11-13,4.259,4.250,4.230,4.266,674460000,2456900000,0
2023-11-14,4.254,4.250,4.235,4.270,753320000,2750940000,0
2023-11-15,4.280,4.275,4.263,4.291,994060000,3654310000,0
2023-11-16,4.270,4.239,4.237,4.273,881560000,3216530000,0
2023-11-17,4.230,4.234,4.212,4.238,1198450000,4344180000,0
2023-11-20,4.237,4.245,4.210,4.257,858430000,3119860000,0
2023-11-21,4.255,4.250,4.240,4.286,931610000,3414860000,0
2023-11-22,4.241,4.211,4.210,4.246,762200000,2765610000,0
2023-11-23,4.209,4.230,4.195,4.232,774970000,2800810000,0
2023-11-24,4.226,4.205,4.198,4.227,743450000,2684280000,0
2023-11-27,4.204,4.181,4.157,4.204,776300000,2773820000,0
2023-11-28,4.175,4.185,4.166,4.190,727480000,2603220000,0
2023-11-29,4.186,4.158,4.145,4.189,759060000,2702120000,0
2023-11-30,4.154,4.162,4.147,4.172,667810000,2377330000,0
2023-12-01,4.161,4.148,4.119,4.167,860470000,3046330000,0
2023-12-04,4.151,4.124,4.123,4.154,692520000,2448340000,0
2023-12-05,4.119,4.058,4.057,4.119,1008790000,3519760000,0
2023-12-06,4.054,4.063,4.044,4.083,1001940000,3471510000,0
2023-12-07,4.061,4.054,4.031,4.068,934510000,3222730000,0
2023-12-08,4.055,4.061,4.050,4.073,709200000,2456530000,0
2023-12-11,4.040,4.085,4.015,4.097,998250000,3440610000,0
2023-12-12,4.076,4.093,4.073,4.095,640720000,2232550000,0
2023-12-13,4.082,4.035,4.032,4.086,708820000,2449240000,0
2023-12-14,4.051,4.019,4.014,4.065,741530000,2548260000,0
2023-12-15,4.030,4.012,4.005,4.054,899980000,3083350000,0
2023-12-18,3.998,3.998,3.980,4.019,847300000,2880810000,0
2023-12-19,3.997,4.000,3.980,4.014,1098540000,3728060000,0
2023-12-20,4.004,3.969,3.965,4.009,1034720000,3505160000,0
2023-12-21,3.955,4.000,3.952,4.011,1592450000,5392960000,0
2023-12-22,3.997,4.006,3.982,4.030,2076530000,7076760000,0
2023-12-25,4.005,4.015,4.001,4.020,1004150000,3425070000,0
2023-12-26,4.013,3.995,3.985,4.013,777170000,2637390000,0
2023-12-27,3.996,4.005,3.978,4.011,836170000,2840690000,0
2023-12-28,4.001,4.089,4.000,4.098,2383300000,8259920000,0
2023-12-29,4.088,4.099,4.082,4.105,2518870000,8806300000,0
2024-01-02,4.102,4.053,4.051,4.102,942930000,3269680000,0
2024-01-03,4.046,4.043,4.028,4.060,1061750000,3654760000,0
2024-01-04,4.042,4.013,3.987,4.042,1666150000,5674870000,0
2024-01-05,4.004,3.996,3.977,4.039,1699670000,5796960000,0
2024-01-08,3.989,3.949,3.946,4.003,1730420000,5816610000,0
2024-01-09,3.951,3.957,3.939,3.971,1131220000,3794390000,0
2024-01-10,3.950,3.941,3.932,3.981,958250000,3211390000,0
2024-01-11,3.941,3.960,3.934,3.980,1266240000,4254640000,0
2024-01-12,3.951,3.949,3.946,3.977,841330000,2826380000,0
2024-01-15,3.930,3.945,3.924,3.975,905570000,3030920000,0
2024-01-16,3.940,3.967,3.926,3.968,1768950000,5925100000,0
2024-01-17,3.957,3.892,3.890,3.957,1286220000,4278630000,0
2024-01-18,3.887,3.937,3.835,3.944,4754350000,15257020000,0
2024-01-19,3.918,3.944,3.911,3.954,3694450000,12079020000,0
2024-01-22,3.934,3.875,3.862,3.944,4647060000,15113080000,0
2024-01-23,3.868,3.897,3.855,3.916,1392480000,4481440000,0
2024-01-24,3.908,3.948,3.857,3.949,2278940000,7373900000,0
2024-01-25,3.939,4.004,3.930,4.009,1648700000,5449680000,0
2024-01-26,3.997,3.998,3.981,4.019,2183310000,7273330000,0
2024-01-29,4.000,3.968,3.967,4.014,1011390000,3358340000,0
2024-01-30,3.950,3.912,3.910,3.967,1889260000,6186330000,0
2024-01-31,3.902,3.891,3.866,3.918,1909100000,6157210000,0
2024-02-01,3.869,3.887,3.859,3.917,1891000000,6091550000,0
2024-02-02,3.887,3.857,3.771,3.901,2538690000,8074720000,0
2024-02-05,3.827,3.877,3.780,3.903,2660180000,8439540000,0
2024-02-06,3.854,3.980,3.851,3.983,2008920000,6562530000,0
2024-02-07,3.979,4.009,3.956,4.011,3465810000,11514590000,0
2024-02-08,4.021,4.031,4.002,4.035,2394260000,8019670000,0
2024-02-19,4.043,4.058,4.024,4.061,1486190000,5016060000,0
2024-02-20,4.052,4.070,4.041,4.074,980170000,3322080000,0
2024-02-21,4.057,4.118,4.051,4.165,1600960000,5528330000,0
2024-02-22,4.116,4.144,4.110,4.146,944640000,3270540000,0
2024-02-23,4.144,4.147,4.133,4.166,1090880000,3794510000,0
2024-02-26,4.145,4.112,4.106,4.151,1117240000,3865700000,0
2024-02-27,4.104,4.153,4.102,4.155,1046880000,3620340000,0
2024-02-28,4.156,4.117,4.115,4.183,2855000000,9926190000,0
2024-02-29,4.109,4.172,4.106,4.176,1483580000,5163740000,0
2024-03-01,4.170,4.199,4.164,4.209,1225640000,4311480000,0
2024-03-04,4.195,4.196,4.177,4.206,1014660000,3576640000,0
2024-03-05,4.184,4.225,4.177,4.235,2799100000,9924990000,0
2024-03-06,4.220,4.211,4.207,4.241,1299530000,4612500000,0
2024-03-07,4.210,4.192,4.184,4.229,1058950000,3740550000,0
2024-03-08,4.194,4.202,4.173,4.209,862190000,3038390000,0
2024-03-11,4.200,4.250,4.199,4.253,1120760000,3980310000,0
2024-03-12,4.252,4.255,4.237,4.268,1105840000,3962320000,0
2024-03-13,4.254,4.234,4.224,4.254,685870000,2448620000,0
2024-03-14,4.229,4.221,4.204,4.256,701880000,2499760000,0
2024-03-15,4.211,4.230,4.191,4.235,849020000,3005270000,0
2024-03-18,4.230,4.261,4.230,4.262,787330000,2817050000,0
2024-03-19,4.255,4.238,4.234,4.269,654880000,2344660000,0
2024-03-20,4.230,4.241,4.227,4.251,537960000,1920790000,0
2024-03-21,4.249,4.239,4.234,4.263,619730000,2218910000,0
2024-03-22,4.236,4.208,4.181,4.237,1450640000,5127450000,0
2024-03-25,4.199,4.189,4.186,4.224,630540000,2227920000,0
2024-03-26,4.189,4.200,4.181,4.207,879100000,3098650000,0
2024-03-27,4.195,4.162,4.161,4.201,874650000,3074190000,0
2024-03-28,4.160,4.179,4.150,4.213,1031930000,3626830000,0
2024-03-29,4.176,4.195,4.174,4.199,651200000,2290150000,0
2024-04-01,4.209,4.253,4.208,4.263,1093260000,3911630000,0
2024-04-02,4.252,4.241,4.230,4.256,583190000,2083910000,0
2024-04-03,4.239,4.227,4.217,4.241,598350000,2129800000,0
2024-04-08,4.219,4.198,4.193,4.225,709950000,2511700000,0
2024-04-09,4.196,4.192,4.181,4.203,534540000,1882130000,0
2024-04-10,4.193,4.166,4.149,4.193,681670000,2385830000,0
2024-04-11,4.150,4.163,4.144,4.182,539120000,1884070000,0
2024-04-12,4.163,4.135,4.126,4.174,740510000,2575790000,0
2024-04-15,4.135,4.208,4.133,4.214,1099950000,3869940000,0
2024-04-16,4.193,4.176,4.160,4.204,913230000,3210010000,0
2024-04-17,4.176,4.222,4.160,4.226,996470000,3514410000,0
2024-04-18,4.213,4.228,4.210,4.263,930220000,3319190000,0
2024-04-19,4.214,4.200,4.187,4.223,644280000,2277860000,0
2024-04-22,4.199,4.193,4.187,4.221,725180000,2562060000,0
2024-04-23,4.193,4.168,4.162,4.199,942850000,3302840000,0
2024-04-24,4.174,4.182,4.158,4.186,594230000,2081790000,0
2024-04-25,4.172,4.192,4.164,4.206,664760000,2337490000,0
2024-04-26,4.193,4.242,4.193,4.250,1374310000,4889470000,0
2024-04-29,4.246,4.285,4.241,4.307,1530320000,5523570000,0
2024-04-30,4.284,4.267,4.265,4.293,823110000,2971760000,0
2024-05-06,4.309,4.317,4.304,4.333,1309060000,4778960000,0
2024-05-07,4.314,4.319,4.306,4.325,686020000,2503010000,0
2024-05-08,4.312,4.290,4.287,4.313,638780000,2318200000,0
2024-05-09,4.289,4.325,4.288,4.331,650200000,2372500000,0
2024-05-10,4.332,4.327,4.300,4.339,865100000,3157130000,0
2024-05-13,4.306,4.324,4.288,4.335,741160000,2701730000,0
2024-05-14,4.324,4.318,4.307,4.339,587670000,2144400000,0
2024-05-15,4.316,4.292,4.286,4.320,855950000,3109210000,0
2024-05-16,4.299,4.304,4.290,4.320,1051200000,3822600000,0
2024-05-17,4.304,4.345,4.292,4.348,932050000,3401620000,0
2024-05-20,4.351,4.353,4.339,4.369,936540000,3450630000,0
2024-05-21,4.348,4.341,4.329,4.352,496980000,1824950000,0
2024-05-22,4.339,4.349,4.332,4.358,676680000,2488950000,0
2024-05-23,4.340,4.312,4.300,4.343,698810000,2548470000,0
2024-05-24,4.301,4.271,4.267,4.319,841270000,3048260000,0
2024-05-27,4.274,4.301,4.270,4.303,669620000,2421610000,0
2024-05-28,4.300,4.278,4.271,4.302,531750000,1923960000,0
2024-05-29,4.277,4.279,4.270,4.302,615250000,2225720000,0
2024-05-30,4.272,4.265,4.257,4.294,777930000,2801010000,0
2024-05-31,4.271,4.251,4.249,4.285,723220000,2602440000,0
2024-06-03,4.249,4.256,4.234,4.268,707510000,2533470000,0
2024-06-04,4.254,4.281,4.248,4.293,681740000,2455440000,0
2024-06-05,4.282,4.268,4.266,4.291,583940000,2108420000,0
2024-06-06,4.275,4.268,4.254,4.299,1026700000,3703350000,0
2024-06-07,4.271,4.245,4.224,4.279,1028130000,3679750000,0
2024-06-11,4.236,4.220,4.202,4.238,879920000,3120660000,0
2024-06-12,4.213,4.216,4.205,4.225,569840000,2021360000,0
2024-06-13,4.224,4.203,4.194,4.227,548800000,1942880000,0
2024-06-14,4.196,4.223,4.186,4.227,674100000,2384390000,0
2024-06-17,4.206,4.213,4.201,4.222,393020000,1393130000,0
2024-06-18,4.218,4.224,4.212,4.234,549040000,1951610000,0
2024-06-19,4.226,4.214,4.209,4.230,530860000,1883350000,0
2024-06-20,4.212,4.191,4.185,4.220,554660000,1957490000,0
2024-06-21,4.186,4.185,4.162,4.194,1965870000,6909860000,0
2024-06-24,4.171,4.168,4.162,4.195,2087550000,7315200000,0
2024-06-25,4.164,4.147,4.128,4.173,1738460000,6057070000,0
2024-06-26,4.139,4.168,4.133,4.176,1045490000,3639500000,0
2024-06-27,4.159,4.149,4.143,4.165,1433700000,4995170000,0
2024-06-28,4.143,4.156,4.142,4.180,1275540000,4457660000,0
2024-07-01,4.156,4.170,4.136,4.176,853600000,2977310000,0
2024-07-02,4.163,4.165,4.158,4.180,599200000,2097310000,0
2024-07-03,4.163,4.159,4.149,4.172,791420000,2761080000,0
2024-07-04,4.162,4.144,4.142,4.178,1559920000,5436190000,0
2024-07-05,4.139,4.127,4.097,4.147,1636380000,5643440000,0
2024-07-08,4.120,4.103,4.095,4.127,942630000,3240710000,0
2024-07-09,4.098,4.140,4.087,4.153,1068900000,3689270000,0
2024-07-10,4.133,4.132,4.129,4.151,579280000,2010660000,0
2024-07-11,4.159,4.178,4.146,4.188,1052440000,3685790000,0
2024-07-12,4.180,4.188,4.174,4.193,872370000,3066850000,0
2024-07-15,4.180,4.195,4.177,4.200,1255010000,4423000000,0
2024-07-16,4.189,4.220,4.186,4.224,1612510000,5710210000,0
2024-07-17,4.218,4.225,4.209,4.239,2256560000,8028960000,0
2024-07-18,4.210,4.246,4.201,4.248,1961180000,6976290000,0
2024-07-19,4.234,4.269,4.221,4.275,3169660000,11368070000,0
2024-07-22,4.264,4.240,4.220,4.267,1716310000,6131910000,0
2024-07-23,4.235,4.170,4.167,4.240,919530000,3244780000,0
2024-07-24,4.164,4.148,4.135,4.178,1491080000,5196090000,0
2024-07-25,4.133,4.128,4.110,4.145,2045550000,7073300000,0
2024-07-26,4.129,4.143,4.121,4.152,1357970000,4708500000,0
2024-07-29,4.139,4.123,4.122,4.141,594940000,2058110000,0
2024-07-30,4.115,4.100,4.086,4.115,1525090000,5228650000,0
2024-07-31,4.100,4.177,4.096,4.179,1538910000,5353000000,0
2024-08-01,4.171,4.152,4.150,4.184,796540000,2783730000,0
2024-08-02,4.129,4.116,4.110,4.152,1299770000,4492050000,0
2024-08-05,4.100,4.077,4.076,4.143,2018310000,6920790000,0
2024-08-06,4.097,4.077,4.050,4.107,1293630000,4403870000,0
2024-08-07,4.070,4.070,4.060,4.094,612540000,2088370000,0
2024-08-08,4.065,4.074,4.052,4.098,854110000,2910130000,0
2024-08-09,4.085,4.062,4.061,4.099,604050000,2060030000,0
2024-08-12,4.060,4.058,4.052,4.071,510220000,1730500000,0
2024-08-13,4.060,4.063,4.041,4.067,695810000,2355490000,0
2024-08-14,4.064,4.039,4.038,4.064,561100000,1895840000,0
2024-08-15,4.034,4.077,4.030,4.092,1904640000,6477430000,0
2024-08-16,4.073,4.079,4.067,4.091,1640760000,5598870000,0
2024-08-19,4.078,4.088,4.076,4.113,747830000,2564010000,0
2024-08-20,4.093,4.072,4.057,4.095,1594470000,5419640000,0
2024-08-21,4.060,4.057,4.043,4.075,1055370000,3580300000,0
2024-08-22,4.059,4.048,4.040,4.064,1250480000,4229630000,0
2024-08-23,4.040,4.062,4.040,4.074,820340000,2781430000,0
2024-08-26,4.064,4.063,4.047,4.076,1400680000,4747760000,0
2024-08-27,4.056,4.046,4.036,4.059,1214220000,4098130000,0
2024-08-28,4.039,4.026,4.014,4.046,1995580000,6698910000,0
2024-08-29,4.018,4.016,4.009,4.031,1508250000,5052920000,0
2024-08-30,4.011,4.061,4.011,4.092,1785900000,6055680000,0
2024-09-02,4.050,4.001,3.999,4.052,1133310000,3798030000,0
2024-09-03,3.999,4.013,3.997,4.021,1293550000,4323110000,0
2024-09-04,4.000,3.992,3.990,4.012,680310000,2264440000,0
2024-09-05,3.995,3.999,3.989,4.009,1600560000,5326210000,0
2024-09-06,4.004,3.971,3.969,4.014,793320000,2635540000,0
2024-09-09,3.961,3.930,3.919,3.965,1018900000,3333500000,0
2024-09-10,3.932,3.930,3.908,3.944,866660000,2821540000,0
2024-09-11,3.922,3.923,3.910,3.936,780890000,2540390000,0
2024-09-12,3.928,3.912,3.910,3.941,642380000,2090440000,0
2024-09-13,3.914,3.897,3.896,3.926,850470000,2758510000,0
2024-09-18,3.896,3.907,3.884,3.920,1225440000,3961250000,0
2024-09-19,3.912,3.934,3.885,3.955,1634890000,5332280000,0
2024-09-20,3.927,3.943,3.908,3.948,2306560000,7514200000,0
2024-09-23,3.938,3.952,3.932,3.969,897320000,2948480000,0
2024-09-24,3.983,4.096,3.962,4.098,3918520000,13212610000,0
2024-09-25,4.158,4.143,4.136,4.213,3237350000,11342950000,0
2024-09-26,4.137,4.309,4.136,4.312,4442960000,15792060000,0
2024-09-27,4.369,4.538,4.339,4.602,2559460000,9610050000,0
2024-09-30,4.676,4.902,4.545,4.909,6370230000,25799280000,0
2024-10-08,5.325,5.081,4.877,5.325,8629820000,38303720000,0
2024-10-09,4.954,4.691,4.674,4.954,5409200000,22450550000,0
2024-10-10,4.739,4.755,4.668,4.854,3779000000,15473060000,0
2024-10-11,4.726,4.646,4.592,4.729,4090080000,16347430000,0
2024-10-14,4.656,4.709,4.615,4.729,3104930000,12444030000,0
2024-10-15,4.683,4.600,4.596,4.715,2613870000,10426850000,0
2024-10-16,4.560,4.575,4.551,4.629,2161120000,8450460000,0
2024-10-17,4.599,4.532,4.531,4.629,2935440000,11450620000,0
2024-10-18,4.527,4.685,4.515,4.787,3620920000,14349440000,0
2024-10-21,4.686,4.685,4.649,4.729,2529340000,10167740000,0
2024-10-22,4.671,4.709,4.670,4.715,1666920000,6711420000,0
2024-10-23,4.709,4.724,4.690,4.766,2266630000,9196020000,0
2024-10-24,4.707,4.680,4.662,4.711,1598250000,6418010000,0
2024-10-25,4.681,4.709,4.672,4.747,1685270000,6801810000,0
2024-10-28,4.704,4.715,4.669,4.716,1396310000,5622580000,0
2024-10-29,4.719,4.682,4.672,4.748,1794630000,7237340000,0
2024-10-30,4.670,4.640,4.614,4.680,1812860000,7210710000,0
2024-10-31,4.638,4.640,4.607,4.676,1763650000,7004840000,0
2024-11-01,4.633,4.648,4.630,4.687,1817760000,7259470000,0
2024-11-04,4.651,4.701,4.640,4.703,1249310000,4997180000,0
2024-11-05,4.693,4.806,4.679,4.808,2763010000,11308230000,0
2024-11-06,4.806,4.780,4.754,4.849,2173420000,8976070000,0
2024-11-07,4.749,4.917,4.745,4.919,2788720000,11598080000,0
2024-11-08,4.951,4.863,4.847,4.959,2808020000,11867170000,0
2024-11-11,4.821,4.884,4.799,4.888,2304370000,9617370000,0
2024-11-12,4.879,4.838,4.814,4.937,2304170000,9698710000,0
2024-11-13,4.819,4.864,4.815,4.875,1572790000,6569000000,0
2024-11-14,4.857,4.793,4.786,4.872,1443890000,6015520000,0
2024-11-15,4.783,4.724,4.719,4.803,1676990000,6875320000,0
2024-11-18,4.740,4.707,4.682,4.787,1610090000,6552720000,0
2024-11-19,4.709,4.727,4.650,4.730,1670540000,6731130000,0
2024-11-20,4.715,4.737,4.707,4.754,1548530000,6285300000,0
2024-11-21,4.729,4.742,4.717,4.751,1045470000,4249180000,0
2024-11-22,4.740,4.622,4.615,4.743,1757190000,7058100000,0
2024-11-25,4.624,4.600,4.563,4.641,1359090000,5349570000,0
2024-11-26,4.583,4.592,4.582,4.625,784710000,3086740000,0
2024-11-27,4.585,4.656,4.570,4.661,1451990000,5739350000,0
2024-11-28,4.653,4.627,4.617,4.658,1072410000,4256340000,0
2024-11-29,4.629,4.670,4.626,4.716,1529770000,6126860000,0
2024-12-02,4.666,4.700,4.656,4.712,981630000,3948070000,0
2024-12-03,4.699,4.704,4.674,4.721,1524420000,6140450000,0
2024-12-04,4.699,4.683,4.672,4.710,1006950000,4047900000,0
2024-12-05,4.675,4.676,4.663,4.691,759520000,3042870000,0
2024-12-06,4.676,4.726,4.675,4.754,1776230000,7198780000,0
2024-12-09,4.723,4.723,4.699,4.749,1246420000,5050070000,0
2024-12-10,4.848,4.754,4.742,4.867,2482800000,10257480000,0
2024-12-11,4.747,4.744,4.734,4.763,1258720000,5136180000,0
2024-12-12,4.746,4.786,4.735,4.791,1360180000,5577930000,0
2024-12-13,4.761,4.689,4.681,4.761,2346570000,9490500000,0
2024-12-16,4.687,4.665,4.655,4.690,989320000,3956400000,0
2024-12-17,4.662,4.676,4.660,4.712,1364670000,5482920000,0
2024-12-18,4.689,4.693,4.684,4.708,1023610000,4121890000,0
2024-12-19,4.669,4.699,4.650,4.707,990360000,3977930000,0
2024-12-20,4.693,4.687,4.681,4.714,1223060000,4921230000,0
2024-12-23,4.686,4.691,4.684,4.722,1424700000,5749430000,0
2024-12-24,4.693,4.738,4.691,4.745,1456340000,5907570000,0
2024-12-25,4.741,4.741,4.723,4.763,1418140000,5775980000,0
2024-12-26,4.741,4.742,4.725,4.748,947020000,3855440000,0
2024-12-27,4.745,4.736,4.730,4.768,1086960000,4428610000,0
2024-12-30,4.735,4.755,4.734,4.762,1311930000,5359060000,0
2024-12-31,4.756,4.691,4.689,4.763,1843620000,7479850000,0
2025-01-02,4.689,4.578,4.550,4.690,2172980000,8582890000,0
2025-01-03,4.578,4.538,4.522,4.590,1593020000,6191150000,0
2025-01-06,4.534,4.522,4.497,4.542,1298670000,5000830000,0
2025-01-07,4.514,4.549,4.505,4.551,968970000,3741070000,0
2025-01-08,4.539,4.543,4.484,4.568,1409800000,5440500000,0
2025-01-09,4.532,4.535,4.526,4.549,806070000,3119910000,0
2025-01-10,4.534,4.492,4.491,4.544,826570000,3179600000,0
2025-01-13,4.470,4.477,4.462,4.495,949390000,3613570000,0
2025-01-14,4.484,4.575,4.478,4.587,1644550000,6369930000,0
2025-01-15,4.565,4.552,4.546,4.573,742050000,2886730000,0
2025-01-16,4.565,4.554,4.530,4.602,1109010000,4322400000,0
2025-01-17,4.544,4.567,4.537,4.591,847700000,3304920000,0
2025-01-20,4.590,4.586,4.577,4.618,920290000,3619240000,0
2025-01-21,4.606,4.591,4.574,4.610,743930000,2916280000,0
2025-01-22,4.585,4.555,4.537,4.585,1099680000,4270110000,0
2025-01-23,4.584,4.566,4.563,4.627,1038590000,4075000000,0
2025-01-24,4.558,4.598,4.552,4.612,1143650000,4485390000,0
2025-01-27,4.605,4.576,4.573,4.614,1305380000,5123430000,0
2025-02-05,4.599,4.556,4.548,4.603,751550000,2927530000,0
2025-02-06,4.553,4.601,4.550,4.606,1388640000,5435920000,0
2025-02-07,4.602,4.657,4.595,4.683,1930630000,7669640000,0
2025-02-10,4.658,4.661,4.643,4.669,1267260000,5055470000,0
2025-02-11,4.666,4.645,4.632,4.667,999040000,3973030000,0
2025-02-12,4.643,4.683,4.629,4.688,978950000,3903100000,0
2025-02-13,4.678,4.673,4.667,4.703,1175820000,4719510000,0
2025-02-14,4.669,4.703,4.666,4.709,1292430000,5196140000,0
2025-02-17,4.713,4.710,4.681,4.722,1334100000,5380970000,0
2025-02-18,4.704,4.681,4.665,4.727,1246590000,5027790000,0
2025-02-19,4.674,4.702,4.669,4.710,1019080000,4102650000,0
2025-02-20,4.698,4.690,4.677,4.702,1018600000,4094980000,0
2025-02-21,4.701,4.744,4.689,4.749,1437270000,5834090000,0
2025-02-24,4.739,4.731,4.710,4.758,1538580000,6256200000,0
2025-02-25,4.704,4.690,4.677,4.720,892490000,3596190000,0
2025-02-26,4.697,4.723,4.688,4.724,1345660000,5430500000,0
2025-02-27,4.725,4.736,4.697,4.738,1128590000,4570200000,0
2025-02-28,4.718,4.663,4.651,4.734,1329330000,5343800000,0
2025-03-03,4.664,4.650,4.635,4.696,1145770000,4581300000,0
2025-03-04,4.629,4.646,4.621,4.653,1012180000,4019370000,0
2025-03-05,4.649,4.663,4.637,4.668,1191900000,4748820000,0
2025-03-06,4.684,4.718,4.680,4.731,1371010000,5540790000,0
2025-03-07,4.709,4.708,4.699,4.730,1156000000,4671740000,0
2025-03-10,4.706,4.692,4.668,4.711,1442780000,5792520000,0
2025-03-11,4.663,4.704,4.659,4.705,1002920000,4027510000,0
2025-03-12,4.707,4.694,4.687,4.719,609230000,2456950000,0
2025-03-13,4.693,4.674,4.662,4.702,641040000,2572870000,0
2025-03-14,4.681,4.775,4.679,4.782,1903720000,7767220000,0
2025-03-17,4.787,4.763,4.757,4.792,1133040000,4647470000,0
2025-03-18,4.777,4.772,4.760,4.784,811400000,3329370000,0
2025-03-19,4.767,4.778,4.753,4.790,879830000,3609850000,0
2025-03-20,4.778,4.745,4.737,4.778,875140000,3573520000,0
2025-03-21,4.732,4.679,4.669,4.748,1014920000,4092580000,0
2025-03-24,4.678,4.696,4.673,4.700,791220000,3179820000,0
2025-03-25,4.697,4.698,4.686,4.708,611530000,2463220000,0
2025-03-26,4.694,4.682,4.679,4.709,774260000,3114330000,0
2025-03-27,4.680,4.696,4.664,4.719,801530000,3224970000,0
2025-03-28,4.696,4.677,4.669,4.698,704300000,2826190000,0
2025-03-31,4.673,4.653,4.638,4.693,902170000,3600810000,0
2025-04-01,4.657,4.651,4.648,4.672,615020000,2452330000,0
2025-04-02,4.652,4.648,4.640,4.665,629120000,2505790000,0
2025-04-03,4.617,4.628,4.612,4.649,1114330000,4411680000,0
2025-04-07,4.469,4.364,4.273,4.509,6560990000,24314520000,0
2025-04-08,4.367,4.399,4.340,4.408,5853530000,21668650000,0
2025-04-09,4.364,4.435,4.347,4.443,1698200000,6334480000,0
2025-04-10,4.486,4.498,4.467,4.516,1429630000,5465040000,0
2025-04-11,4.479,4.509,4.469,4.520,861980000,3298520000,0
2025-04-14,4.528,4.517,4.511,4.534,941570000,3627430000,0
2025-04-15,4.513,4.520,4.494,4.526,981790000,3773850000,0
2025-04-16,4.510,4.529,4.480,4.538,2177130000,8373470000,0
2025-04-17,4.511,4.532,4.510,4.540,1387340000,5357720000,0
2025-04-18,4.526,4.542,4.516,4.548,1378050000,5327130000,0
2025-04-21,4.534,4.544,4.526,4.555,712630000,2762710000,0
2025-04-22,4.544,4.547,4.542,4.562,752040000,2919240000,0
2025-04-23,4.561,4.551,4.542,4.576,615500000,2391310000,0
2025-04-24,4.551,4.551,4.540,4.572,487360000,1894330000,0
2025-04-25,4.556,4.551,4.544,4.568,577190000,2243040000,0
2025-04-28,4.552,4.545,4.533,4.555,624710000,2421360000,0
2025-04-29,4.543,4.538,4.531,4.549,494740000,1914270000,0
2025-04-30,4.539,4.535,4.533,4.555,500450000,1937490000,0
2025-05-06,4.555,4.572,4.549,4.575,717830000,2795760000,0
2025-05-07,4.619,4.596,4.579,4.631,1047080000,4110990000,0
2025-05-08,4.587,4.619,4.587,4.635,782010000,3087090000,0
2025-05-09,4.615,4.614,4.601,4.619,693370000,2734070000,0
2025-05-12,4.632,4.659,4.626,4.661,836500000,3327200000,0
2025-05-13,4.680,4.663,4.657,4.681,793400000,3170420000,0
2025-05-14,4.664,4.714,4.661,4.735,1214790000,4893480000,0
2025-05-15,4.707,4.680,4.673,4.710,817720000,3287900000,0
2025-05-16,4.671,4.658,4.646,4.678,730280000,2913900000,0
2025-05-19,4.653,4.652,4.634,4.657,556300000,2212060000,0
2025-05-20,4.653,4.672,4.649,4.685,549990000,2198870000,0
2025-05-21,4.673,4.688,4.672,4.700,560600000,2253850000,0
2025-05-22,4.687,4.686,4.672,4.696,491930000,1975450000,0
2025-05-23,4.681,4.657,4.656,4.708,845090000,3392000000,0
2025-05-26,4.651,4.636,4.625,4.662,740490000,2939170000,0
2025-05-27,4.634,4.615,4.608,4.638,578290000,2285270000,0
2025-05-28,4.616,4.611,4.607,4.625,539920000,2130110000,0
2025-05-29,4.614,4.635,4.608,4.648,891040000,3531870000,0
2025-05-30,4.628,4.628,4.601,4.633,737030000,2910580000,0
2025-06-03,4.615,4.626,4.611,4.641,596790000,2361900000,0
2025-06-04,4.628,4.643,4.627,4.654,464540000,1846400000,0
2025-06-05,4.647,4.653,4.636,4.663,531970000,2116240000,0
2025-06-06,4.656,4.655,4.647,4.668,488880000,1948180000,0
2025-06-09,4.658,4.664,4.653,4.679,581100000,2322760000,0
2025-06-10,4.666,4.641,4.627,4.674,771050000,3069050000,0
2025-06-11,4.643,4.673,4.643,4.693,1103510000,4422020000,0
2025-06-12,4.667,4.675,4.649,4.682,690090000,2758910000,0
2025-06-13,4.667,4.649,4.636,4.671,698020000,2779840000,0
2025-06-16,4.643,4.659,4.640,4.663,649330000,2586770000,0
2025-06-17,4.660,4.658,4.643,4.666,482890000,1925080000,0
2025-06-18,4.660,4.661,4.639,4.667,480800000,1874170000,0
2025-06-19,4.655,4.630,4.620,4.656,600790000,2331340000,0
2025-06-20,4.629,4.635,4.628,4.645,423040000,1641820000,0
2025-06-23,4.626,4.648,4.619,4.659,749240000,2908740000,0
2025-06-24,4.653,4.693,4.653,4.707,1224550000,4815430000,0
2025-06-25,4.696,4.758,4.692,4.760,1724120000,6841350000,0
2025-06-26,4.752,4.743,4.742,4.761,937970000,3745890000,0
2025-06-27,4.747,4.720,4.715,4.770,1069690000,4258510000,0
2025-06-30,4.718,4.739,4.713,4.742,1081960000,4300170000,0
2025-07-01,4.737,4.745,4.726,4.749,640690000,2551470000,0
2025-07-02,4.742,4.749,4.732,4.756,518880000,2069610000,0
2025-07-03,4.751,4.772,4.748,4.777,686380000,2748930000,0
2025-07-04,4.768,4.789,4.761,4.822,1052560000,4241380000,0
2025-07-07,4.783,4.771,4.762,4.789,402250000,1614980000,0
2025-07-08,4.773,4.805,4.770,4.813,612250000,2473800000,0
2025-07-09,4.805,4.802,4.797,4.826,647660000,2626400000,0
2025-07-10,4.802,4.822,4.801,4.847,632390000,2569720000,0
2025-07-11,4.823,4.836,4.822,4.887,1264860000,5184100000,0
2025-07-14,4.835,4.835,4.833,4.851,820550000,3351110000,0
2025-07-15,4.839,4.835,4.810,4.861,807480000,3292800000,0
2025-07-16,4.836,4.826,4.813,4.850,479180000,1951850000,0
2025-07-17,4.826,4.859,4.825,4.860,597820000,2443100000,0
2025-07-18,4.865,4.889,4.862,4.893,713130000,2940960000,0
2025-07-21,4.894,4.914,4.891,4.917,767460000,3184280000,0
2025-07-22,4.916,4.958,4.899,4.960,1082110000,4516790000,0
2025-07-23,4.961,4.956,4.945,4.991,994730000,4188250000,0
2025-07-24,4.952,4.982,4.947,4.985,885240000,3729030000,0
2025-07-25,4.982,4.960,4.950,4.982,820090000,3452280000,0
2025-07-28,4.960,4.971,4.943,4.980,602770000,2535150000,0
2025-07-29,4.965,4.992,4.949,4.993,805980000,3395610000,0
2025-07-30,4.984,4.989,4.964,5.022,950250000,4023780000,0
2025-07-31,4.978,4.912,4.899,4.978,1122910000,4687660000,0
2025-08-01,4.905,4.890,4.875,4.919,611570000,2531110000,0
2025-08-04,4.879,4.909,4.874,4.911,435570000,1801390000,0
2025-08-05,4.911,4.940,4.908,4.942,548070000,2282990000,0
2025-08-06,4.938,4.951,4.933,4.956,408940000,1713100000,0
2025-08-07,4.953,4.950,4.928,4.967,533970000,2236790000,0
2025-08-08,4.945,4.940,4.932,4.958,423060000,1771780000,0
2025-08-11,4.940,4.959,4.940,4.975,688150000,2891920000,0
2025-08-12,4.957,4.985,4.957,4.994,482490000,2036820000,0
2025-08-13,4.991,5.020,4.986,5.029,758840000,3227700000,0
2025-08-14,5.022,5.013,5.005,5.060,887930000,3797430000,0
2025-08-15,4.999,5.052,4.997,5.059,1071830000,4584390000,0
2025-08-18,5.055,5.084,5.042,5.117,1009250000,4362090000,0
2025-08-19,5.083,5.062,5.054,5.104,774330000,3347920000,0
2025-08-20,5.052,5.121,5.024,5.122,1378420000,5938090000,0
2025-08-21,5.125,5.135,5.115,5.151,913000000,3997380000,0
2025-08-22,5.132,5.236,5.131,5.241,1360260000,6031200000,0
2025-08-25,5.258,5.322,5.254,5.329,1456090000,6599630000,0
2025-08-26,5.311,5.298,5.284,5.329,1114290000,5068850000,0
2025-08-27,5.298,5.232,5.230,5.342,1412690000,6408310000,0
2025-08-28,5.226,5.316,5.209,5.318,1276420000,5746040000,0
2025-08-29,5.307,5.358,5.297,5.370,1355060000,6208500000,0
2025-09-01,5.364,5.373,5.337,5.381,1193990000,5495420000,0
2025-09-02,5.370,5.347,5.307,5.400,1034410000,4755250000,0
2025-09-03,5.349,5.306,5.277,5.366,918860000,4187700000,0
2025-09-04,5.303,5.213,5.173,5.312,1420820000,6352440000,0
2025-09-05,5.207,5.311,5.199,5.320,1060330000,4780250000,0
2025-09-08,5.311,5.312,5.281,5.330,1034020000,4701190000,0
2025-09-09,5.302,5.285,5.259,5.321,680350000,3084850000,0
2025-09-10,5.283,5.295,5.264,5.319,608660000,2761980000,0
2025-09-11,5.284,5.417,5.274,5.419,978340000,4504300000,0
2025-09-12,5.419,5.378,5.372,5.421,915860000,4251540000,0
2025-09-15,5.379,5.386,5.371,5.419,721190000,3346340000,0
2025-09-16,5.389,5.377,5.348,5.409,788900000,3642650000,0
2025-09-17,5.372,5.410,5.356,5.416,715410000,3315620000,0
2025-09-18,5.412,5.351,5.311,5.433,1187370000,5488690000,0
2025-09-19,5.347,5.361,5.344,5.390,731610000,3369610000,0
2025-09-22,5.361,5.376,5.339,5.378,629280000,2896950000,0
2025-09-23,5.384,5.379,5.315,5.413,1055000000,4859850000,0
2025-09-24,5.354,5.420,5.353,5.421,1004490000,4656120000,0
2025-09-25,5.420,5.452,5.414,5.475,771340000,3614410000,0
2025-09-26,5.434,5.408,5.407,5.456,715310000,3344590000,0
2025-09-29,5.405,5.485,5.397,5.512,1195440000,5620190000,0
2025-09-30,5.491,5.498,5.477,5.507,740380000,3508640000,0
2025-10-09,5.511,5.573,5.507,5.593,897090000,4308930000,0
2025-10-10,5.544,5.476,5.461,5.551,1174640000,5581930000,0
2025-10-13,5.355,5.449,5.353,5.461,965840000,4499840000,0
2025-10-14,5.482,5.402,5.377,5.497,1161910000,5445980000,0
2025-10-15,5.405,5.463,5.384,5.472,997400000,4649850000,0
2025-10-16,5.446,5.478,5.446,5.504,812460000,3835510000,0
2025-10-17,5.472,5.381,5.369,5.481,840060000,3909860000,0
2025-10-20,5.408,5.397,5.381,5.435,764420000,3554260000,0
2025-10-21,5.413,5.467,5.409,5.480,959870000,4511370000,0
2025-10-22,5.447,5.452,5.425,5.465,554480000,2601510000,0
2025-10-23,5.444,5.470,5.399,5.476,699340000,3267820000,0
2025-10-24,5.485,5.527,5.484,5.529,865300000,4110590000,0
2025-10-27,5.565,5.583,5.553,5.588,758520000,3652920000,0
2025-10-28,5.572,5.559,5.549,5.607,725950000,3497090000,0
2025-10-29,5.567,5.619,5.567,5.621,679280000,3284670000,0
2025-10-30,5.615,5.580,5.573,5.631,816460000,3955490000,0
2025-10-31,5.576,5.513,5.512,5.583,1432570000,6851750000,0
2025-11-03,5.509,5.520,5.462,5.524,775990000,3674190000,0
2025-11-04,5.517,5.486,5.463,5.530,1201520000,5708780000,0
2025-11-05,5.449,5.492,5.425,5.508,763350000,3599160000,0
2025-11-06,5.499,5.562,5.499,5.570,732660000,3506780000,0
2025-11-07,5.547,5.552,5.531,5.569,539260000,2584820000,0
2025-11-10,5.554,5.564,5.520,5.568,448350000,2146880000,0
2025-11-11,5.571,5.520,5.514,5.581,565190000,2702660000,0
2025-11-12,5.511,5.522,5.488,5.540,523690000,2491780000,0
2025-11-13,5.514,5.569,5.509,5.572,645960000,3096200000,0
2025-11-14,5.542,5.498,5.496,5.553,593630000,2832610000,0
2025-11-17,5.487,5.467,5.448,5.497,752470000,3545080000,0
2025-11-18,5.457,5.440,5.421,5.474,856820000,4018390000,0
2025-11-19,5.435,5.454,5.435,5.474,856960000,4026550000,0
2025-11-20,5.481,5.433,5.430,5.486,561940000,2644710000,0
2025-11-21,5.402,5.321,5.319,5.411,1496400000,6884360000,0
2025-11-24,5.336,5.314,5.290,5.342,1155750000,5269730000,0
2025-11-25,5.337,5.354,5.336,5.380,895940000,4120830000,0
2025-11-26,5.357,5.383,5.351,5.403,914080000,4228350000,0
2025-11-27,5.386,5.379,5.375,5.431,479370000,2226370000,0
2025-11-28,5.378,5.392,5.360,5.399,519230000,2403090000,0
2025-12-01,5.403,5.444,5.396,5.445,578300000,2698560000,0
2025-12-02,5.443,5.423,5.408,5.443,383440000,1790230000,0
2025-12-03,5.422,5.402,5.392,5.441,395030000,1840200000,0
2025-12-04,5.405,5.414,5.385,5.428,402620000,1871830000,0
2025-12-05,5.413,5.455,5.400,5.467,687200000,3217070000,0
2025-12-08,5.468,5.489,5.466,5.511,826340000,3908780000,0
2025-12-09,5.484,5.465,5.451,5.496,700110000,3302890000,0
2025-12-10,5.457,5.459,5.415,5.466,620780000,2903150000,0
2025-12-11,5.465,5.425,5.419,5.479,619940000,2910600000,0
2025-12-12,5.435,5.451,5.405,5.459,867150000,4057240000,0
2025-12-15,5.431,5.424,5.307,5.469,691790000,3241020000,0
2025-12-16,5.417,5.377,5.358,5.424,769360000,3559030000,0
2025-12-17,5.376,5.456,5.373,5.472,1085610000,5079200000,0
2025-12-18,5.440,5.425,5.418,5.449,678020000,3169750000,0
2025-12-19,5.437,5.445,5.423,5.471,831790000,3901920000,0
2025-12-22,5.459,5.487,5.459,5.492,837120000,3956860000,0
2025-12-23,5.492,5.497,5.483,5.520,808340000,3833240000,0
2025-12-24,5.497,5.514,5.483,5.522,533430000,2531260000,0
2025-12-25,5.507,5.523,5.501,5.534,427240000,2033630000,0
2025-12-26,5.523,5.541,5.512,5.558,816080000,3902900000,0
2025-12-29,5.537,5.520,5.506,5.551,852900000,4069830000,0
2025-12-30,5.503,5.530,5.499,5.547,477220000,2275510000,0
2025-12-31,5.534,5.510,5.499,5.546,666830000,3175880000,0
2026-01-05,5.540,5.601,5.537,5.605,1017130000,4902060000,0
2026-01-06,5.607,5.676,5.605,5.677,1052300000,5141600000,0
2026-01-07,5.677,5.658,5.633,5.684,933400000,4578480000,0
2026-01-08,5.645,5.620,5.600,5.651,682720000,3324670000,0
2026-01-09,5.614,5.642,5.601,5.660,1134860000,5535580000,0
2026-01-12,5.650,5.670,5.618,5.686,1333080000,6529680000,0
2026-01-13,5.679,5.653,5.633,5.722,1271780000,6249490000,0
2026-01-14,5.653,5.623,5.598,5.706,2136720000,10465330000,0
2026-01-15,5.606,5.632,5.600,5.651,5217150000,25390670000,0
2026-01-16,5.662,5.616,5.595,5.676,5320170000,25922580000,0
2026-01-19,5.617,5.618,5.598,5.649,2913440000,13792580000,0
2026-01-20,5.615,5.604,5.568,5.631,2886770000,13613770000,0
2026-01-21,5.589,5.610,5.589,5.644,4903970000,23207900000,0
2026-01-22,5.621,5.607,5.583,5.640,4316340000,20376070000,0
2026-01-23,5.612,5.584,5.567,5.622,6769380000,31834660000,0
2026-01-26,5.592,5.592,5.574,5.640,5939850000,28002360000,0
2026-01-27,5.592,5.590,5.559,5.622,4339140000,20450060000,0
2026-01-28,5.605,5.605,5.584,5.623,8497780000,40100180000,0
2026-01-29,5.604,5.648,5.584,5.659,3545660000,16773880000,0
2026-01-30,5.616,5.591,5.522,5.638,1670270000,7860480000,0
2026-02-02,5.560,5.480,5.471,5.599,2651130000,12299260000,0
2026-02-03,5.520,5.544,5.465,5.548,1052940000,4881750000,0
2026-02-04,5.532,5.587,5.523,5.589,1052510000,4914870000,0
2026-02-05,5.560,5.559,5.525,5.575,933980000,4364500000,0
2026-02-06,5.523,5.529,5.490,5.571,881670000,4106580000,0
2026-02-09,5.575,5.607,5.566,5.610,701120000,3304030000,0
2026-02-10,5.613,5.613,5.600,5.619,680460000,3219180000,0
2026-02-11,5.607,5.603,5.594,5.612,372080000,1757900000,0
2026-02-12,5.609,5.607,5.596,5.615,398010000,1881070000,0
2026-02-13,5.594,5.551,5.547,5.594,1367360000,6405790000,0
2026-02-24,5.605,5.596,5.585,5.616,624250000,2946760000,0
2026-02-25,5.597,5.630,5.596,5.658,873400000,4148110000,0
2026-02-26,5.631,5.615,5.592,5.634,766370000,3624550000,0
2026-02-27,5.600,5.605,5.580,5.612,606250000,2859790000,0
2026-03-02,5.574,5.619,5.554,5.623,1242370000,5860850000,0
2026-03-03,5.621,5.558,5.545,5.631,966560000,4550840000,0
2026-03-04,5.520,5.490,5.467,5.530,829220000,3830980000,0
2026-03-05,5.527,5.534,5.519,5.558,568420000,2646460000,0
2026-03-06,5.520,5.547,5.504,5.562,504380000,2349190000,0
2026-03-09,5.503,5.509,5.440,5.518,838100000,3854540000,0
2026-03-10,5.522,5.563,5.521,5.569,546010000,2550820000,0
2026-03-11,5.566,5.591,5.562,5.599,593710000,2792870000,0
2026-03-12,5.591,5.574,5.545,5.591,343380000,1610200000,0
2026-03-13,5.552,5.557,5.550,5.596,325110000,1526480000,0
2026-03-16,5.555,5.560,5.512,5.566,403860000,1881520000,0
2026-03-17,5.566,5.526,5.525,5.611,723340000,3388770000,0
2026-03-18,5.532,5.542,5.496,5.550,770260000,3575800000,0
2026-03-19,5.501,5.479,5.461,5.521,772240000,3558170000,0
2026-03-20,5.478,5.456,5.453,5.515,761270000,3509940000,0
2026-03-23,5.408,5.310,5.286,5.417,1523500000,6799290000,0
2026-03-24,5.343,5.359,5.285,5.360,850440000,3784110000,0
2026-03-25,5.390,5.424,5.384,5.429,867710000,3932270000,0
2026-03-26,5.416,5.368,5.357,5.427,474240000,2139120000,0
2026-03-27,5.330,5.388,5.325,5.410,562690000,2529640000,0
2026-03-30,5.342,5.380,5.333,5.385,543990000,2434700000,0
2026-03-31,5.381,5.343,5.342,5.409,530570000,2385310000,0
2026-04-01,5.400,5.414,5.381,5.422,501230000,2267470000,0
2026-04-02,5.401,5.369,5.350,5.406,466350000,2098970000,0
2026-04-03,5.375,5.334,5.326,5.386,426110000,1903070000,0
2026-04-07,5.335,5.326,5.311,5.350,428570000,1908520000,0
2026-04-08,5.399,5.482,5.397,5.484,996880000,4550820000,0
2026-04-09,5.453,5.452,5.440,5.466,704960000,3223930000,0
2026-04-10,5.468,5.522,5.468,5.544,906390000,4203120000,0
2026-04-13,5.509,5.532,5.503,5.540,392890000,1825190000,0
2026-04-14,5.559,5.592,5.543,5.592,427660000,2005430000,0
2026-04-15,5.612,5.574,5.564,5.626,675980000,3185350000,0
2026-04-16,5.584,5.626,5.580,5.627,853230000,4036950000,0
2026-04-17,5.617,5.619,5.602,5.630,736150000,3485940000,0
2026-04-20,5.615,5.645,5.608,5.657,762460000,3627930000,0
2026-04-21,5.644,5.656,5.610,5.666,636110000,3026900000,0
2026-04-22,5.640,5.691,5.636,5.693,1012590000,4851590000,0
2026-04-23,5.700,5.681,5.652,5.714,1008520000,4848690000,0
2026-04-24,5.665,5.662,5.630,5.678,719320000,3432910000,0
2026-04-27,5.666,5.662,5.653,5.690,928040000,4443760000,0
2026-04-28,5.646,5.650,5.637,5.670,864420000,4125810000,0
2026-04-29,5.635,5.701,5.635,5.708,1279680000,6139310000,0
2026-04-30,5.710,5.704,5.688,5.721,1651790000,7965710000,0
2026-05-06,5.746,5.768,5.732,5.794,1867780000,9131470000,0
2026-05-07,5.785,5.792,5.759,5.794,2094620000,10262730000,0
2026-05-08,5.770,5.766,5.742,5.782,1253560000,6121160000,0
2026-05-11,5.791,5.846,5.780,5.860,2116520000,10456510000,0
2026-05-12,5.855,5.843,5.824,5.867,1002170000,4976360000,0
2026-05-13,5.820,5.897,5.819,5.903,1272620000,6331250000,0
2026-05-14,5.917,5.821,5.811,5.921,1028160000,5118660000,0
2026-05-15,5.815,5.758,5.732,5.834,1047900000,5135150000,0
2026-05-18,5.735,5.732,5.699,5.765,583580000,2832450000,0
2026-05-19,5.723,5.749,5.669,5.754,967500000,4670190000,0
2026-05-20,5.725,5.751,5.720,5.762,959720000,4664420000,0
2026-05-21,5.777,5.688,5.681,5.834,1205580000,5913220000,0
2026-05-22,5.708,5.742,5.687,5.748,1325050000,6421620000,0
2026-05-25,5.760,5.817,5.752,5.818,1625060000,7970990000,0
2026-05-26,5.792,5.852,5.790,5.855,968680000,4786810000,0
2026-05-27,5.843,5.812,5.793,5.873,640520000,3174580000,0
2026-05-28,5.797,5.812,5.746,5.828,439650000,2155080000,0
2026-05-29,5.826,5.803,5.780,5.858,656690000,3243450000,0
2026-06-01,5.803,5.748,5.741,5.820,499090000,2443100000,0
2026-06-02,5.747,5.816,5.736,5.836,680940000,3345670000,0
2026-06-03,5.818,5.845,5.808,5.896,760460000,3784500000,0
2026-06-04,5.799,5.806,5.790,5.841,609730000,3006710000,0
2026-06-05,5.789,5.723,5.705,5.828,618290000,3023260000,0
2026-06-08,5.670,5.619,5.585,5.688,923270000,4394320000,0
2026-06-09,5.644,5.706,5.621,5.708,436160000,2085590000,0
2026-06-10,5.670,5.664,5.631,5.694,393160000,1879210000,0
2026-06-11,5.646,5.631,5.598,5.673,416070000,1975530000,0
2026-06-12,5.690,5.698,5.669,5.726,780890000,3762000000,0
2026-06-15,5.738,5.799,5.719,5.800,1623300000,7928410000,0
2026-06-16,5.800,5.790,5.773,5.813,908530000,4467240000,0
2026-06-17,5.778,5.838,5.774,5.840,1391190000,6854310000,0
2026-06-18,5.823,5.864,5.821,5.881,1293340000,6434060000,0
2026-06-22,5.863,5.971,5.834,5.975,1913160000,9643150000,0
2026-06-23,5.959,5.822,5.795,5.975,2617340000,13121280000,0
2026-06-24,5.809,5.847,5.796,5.858,2590670000,12839320000,0
2026-06-25,5.853,5.928,5.846,5.935,2640610000,13252890000,0
2026-06-26,5.888,5.787,5.760,5.895,958240000,4730760000,0
2026-06-29,5.777,5.839,5.746,5.846,1484810000,7294620000,0
2026-06-30,5.827,5.899,5.822,5.902,2029720000,10142730000,0
2026-07-01,5.889,5.878,5.837,5.934,962620000,4820930000,0
2026-07-02,5.835,5.730,5.715,5.840,1369150000,6704070000,0
2026-07-03,5.710,5.756,5.708,5.807,1998330000,9792430000,0
2026-07-06,5.780,5.757,5.711,5.794,617990000,3016660000,0
2026-07-07,5.738,5.706,5.676,5.757,698700000,3378520000,0
2026-07-08,5.716,5.678,5.673,5.752,484680000,2337290000,0
2026-07-09,5.693,5.796,5.657,5.805,955860000,4636440000,0
2026-07-10,5.798,5.709,5.707,5.829,824280000,4039510000,0
2026-07-13,5.682,5.624,5.599,5.701,1619050000,7705110000,0
2026-07-14,5.624,5.717,5.576,5.718,1808440000,8630540000,0
2026-07-15,5.709,5.718,5.699,5.750,722030000,3497650000,0
2026-07-16,5.655,5.633,5.604,5.705,1657820000,7909230000,0
2026-07-17,5.600,5.469,5.426,5.610,3164780000,14648790000,0
2026-07-20,5.510,5.530,5.457,5.565,4010450000,18562450000,0
2026-07-21,5.557,5.667,5.497,5.669,2738830000,12894640000,0
2026-07-22,5.630,5.645,5.630,5.703,1265040000,6059310000,0
2026-07-23,5.654,5.667,5.635,5.675,581180000,2775500000,0
2026-07-24,5.630,5.581,5.579,5.639,1024760000,4844480000,0
2026-07-27,5.582,5.633,5.554,5.638,971590000,4584810000,0
2026-07-28,5.570,5.507,5.489,5.580,1685400000,7832310000,0
2026-07-29,5.504,5.537,5.454,5.566,1509200000,6987970000,0
2026-07-30,5.510,5.485,5.416,5.535,1512040000,6953210000,0
2026-07-31,5.560,5.533,5.524,5.583,1501630000,7016550000,0
2026-08-03,5.504,5.479,5.471,5.518,926390000,4269960000,0
2026-08-04,5.498,5.531,5.495,5.552,1173040000,5451260000,0
2026-08-05,5.500,5.594,5.493,5.617,1424570000,6690050000,0
2026-08-06,5.568,5.589,5.548,5.611,878360000,4127250000,0
2026-08-07,5.586,5.631,5.586,5.644,943540000,4474690000,0
2026-08-10,5.635,5.639,5.600,5.652,561090000,2663760000,0
2026-08-11,5.630,5.608,5.602,5.655,535320000,2541400000,0
2026-08-12,5.607,5.628,5.600,5.639,901010000,4275920000,0
2026-08-13,5.650,5.609,5.605,5.666,915580000,4364800000,0
2026-08-14,5.617,5.606,5.581,5.622,685950000,3238310000,0
2026-08-17,5.610,5.681,5.605,5.682,835660000,3985900000,0
2026-08-18,5.674,5.667,5.631,5.683,657640000,3143410000,0
2026-08-19,5.628,5.534,5.507,5.629,1532720000,7147500000,0
2026-08-20,5.550,5.533,5.512,5.569,748870000,3491620000,0
2026-08-21,5.528,5.560,5.521,5.573,727380000,3400010000,0
2026-08-24,5.558,5.507,5.473,5.572,922970000,4272980000,0
2026-08-25,5.481,5.496,5.467,5.519,745260000,3435990000,0
2026-08-26,5.495,5.532,5.491,5.560,846320000,3935830000,0
2026-08-27,5.539,5.571,5.529,5.574,641930000,3001320000,0
2026-08-28,5.564,5.559,5.555,5.586,604690000,2835120000,0
2026-08-31,5.520,5.565,5.498,5.572,673130000,3134490000,0
2026-09-01,5.563,5.564,5.546,5.585,846800000,3962900000,0
2026-09-02,5.530,5.500,5.481,5.534,636460000,2941490000,0
2026-09-03,5.511,5.501,5.485,5.530,498180000,2305980000,0
2026-09-04,5.517,5.496,5.479,5.552,841470000,3905670000,0
2026-09-07,5.515,5.514,5.492,5.529,993080000,4602370000,0
2026-09-08,5.518,5.504,5.490,5.537,612510000,2838530000,0
2026-09-09,5.518,5.517,5.493,5.528,573290000,2656720000,0
2026-09-10,5.497,5.497,5.479,5.520,438850000,2026290000,0
2026-09-11,5.472,5.459,5.412,5.472,966670000,4409410000,0
2026-09-14,5.431,5.432,5.418,5.454,629180000,2863780000,0
2026-09-15,5.421,5.403,5.395,5.448,697340000,3164630000,0
2026-09-16,5.402,5.430,5.365,5.435,968760000,4384780000,0
2026-09-17,5.419,5.412,5.404,5.448,507550000,2304180000,0
2026-09-18,5.436,5.462,5.428,5.476,629720000,2877460000,0
2026-09-21,5.466,5.488,5.461,5.495,570200000,2624220000,0
2026-09-22,5.516,5.493,5.492,5.538,644590000,2987240000,0
2026-09-23,5.500,5.470,5.466,5.501,636460000,2928540000,0
2026-09-24,5.458,5.395,5.392,5.459,710250000,3220890000,0
2026-09-28,5.379,5.297,5.277,5.383,986410000,4373100000,0
2026-09-29,5.279,5.296,5.278,5.311,468500000,2066920000,0
2026-09-30,5.301,5.312,5.295,5.324,495850000,2196230000,0
