date,open,high,low,close,volume,amount,turnover
2019-06-17,0.988,0.983,0.971,0.999,85700000,84840000,0
2019-06-18,0.983,0.997,0.980,0.998,30750000,30460000,0
2019-06-19,1.013,1.004,1.000,1.028,46740000,47400000,0
2019-06-20,1.005,1.028,1.001,1.032,13160000,13420000,0
2019-06-21,1.028,1.043,1.028,1.048,5660000,5900000,0
2019-06-24,1.043,1.042,1.035,1.044,8460000,8790000,0
2019-06-25,1.035,1.030,1.018,1.040,2410000,2480000,0
2019-06-26,1.013,1.055,1.013,1.058,8420000,8820000,0
2019-06-27,1.070,1.067,1.057,1.072,5620000,5990000,0
2019-06-28,1.067,1.057,1.048,1.067,5280000,5560000,0
2019-07-01,1.078,1.084,1.065,1.084,7790000,8400000,0
2019-07-02,1.084,1.098,1.078,1.102,7460000,8170000,0
2019-07-03,1.098,1.084,1.081,1.098,4200000,4570000,0
2019-07-04,1.089,1.070,1.065,1.089,4150000,4460000,0
2019-07-05,1.070,1.078,1.070,1.080,2950000,3170000,0
2019-07-08,1.074,1.055,1.043,1.074,5110000,5400000,0
2019-07-09,1.046,1.064,1.045,1.066,4360000,4620000,0
2019-07-10,1.064,1.065,1.062,1.073,4830000,5150000,0
2019-07-11,1.064,1.077,1.064,1.088,5270000,5690000,0
2019-07-12,1.076,1.079,1.067,1.084,3940000,4250000,0
2019-07-15,1.080,1.086,1.065,1.090,4650000,5000000,0
2019-07-16,1.100,1.082,1.078,1.100,3600000,3920000,0
2019-07-17,1.074,1.076,1.072,1.082,2490000,2680000,0
2019-07-18,1.068,1.057,1.056,1.068,3460000,3670000,0
2019-07-19,1.061,1.063,1.059,1.071,3090000,3290000,0
2019-07-22,1.061,1.047,1.042,1.062,3470000,3640000,0
2019-07-23,1.052,1.056,1.046,1.056,3360000,3530000,0
2019-07-24,1.060,1.065,1.059,1.072,3420000,3630000,0
2019-07-25,1.065,1.066,1.063,1.071,2650000,2830000,0
2019-07-26,1.080,1.076,1.065,1.080,4390000,4700000,0
2019-07-29,1.070,1.064,1.062,1.074,3100000,3310000,0
2019-07-30,1.067,1.071,1.067,1.077,3700000,3970000,0
2019-07-31,1.071,1.065,1.062,1.071,3140000,3340000,0
2019-08-01,1.058,1.061,1.056,1.062,3030000,3210000,0
2019-08-02,1.048,1.060,1.041,1.062,3600000,3810000,0
2019-08-05,1.060,1.051,1.050,1.071,3530000,3740000,0
2019-08-06,1.051,1.038,1.022,1.051,6860000,7060000,0
2019-08-07,1.041,1.040,1.035,1.048,3060000,3190000,0
2019-08-08,1.040,1.058,1.040,1.059,3100000,3260000,0
2019-08-09,1.058,1.060,1.056,1.071,3230000,3440000,0
2019-08-12,1.068,1.075,1.060,1.075,3190000,3410000,0
2019-08-13,1.076,1.074,1.067,1.080,2680000,2890000,0
2019-08-14,1.084,1.090,1.077,1.094,3700000,4030000,0
2019-08-15,1.077,1.104,1.077,1.105,3880000,4250000,0
2019-08-16,1.102,1.110,1.102,1.125,6790000,7550000,0
2019-08-19,1.115,1.134,1.115,1.135,3870000,4370000,0
2019-08-20,1.132,1.141,1.132,1.146,2910000,3320000,0
2019-08-21,1.145,1.131,1.128,1.145,3100000,3510000,0
2019-08-22,1.133,1.135,1.125,1.140,2760000,3120000,0
2019-08-23,1.130,1.157,1.127,1.162,5750000,6600000,0
2019-08-26,1.141,1.160,1.134,1.166,6010000,6940000,0
2019-08-27,1.162,1.172,1.161,1.180,4270000,5020000,0
2019-08-28,1.172,1.161,1.157,1.173,4190000,4870000,0
2019-08-29,1.157,1.159,1.155,1.166,4440000,5150000,0
2019-08-30,1.160,1.158,1.151,1.175,5610000,6540000,0
2019-09-02,1.158,1.187,1.158,1.188,4160000,4900000,0
2019-09-03,1.187,1.178,1.174,1.187,3920000,4620000,0
2019-09-04,1.178,1.172,1.161,1.179,4360000,5090000,0
2019-09-05,1.172,1.176,1.172,1.186,4500000,5310000,0
2019-09-06,1.175,1.182,1.174,1.186,7420000,8750000,0
2019-09-09,1.185,1.197,1.183,1.198,4720000,5630000,0
2019-09-10,1.200,1.207,1.193,1.213,8020000,9670000,0
2019-09-11,1.207,1.189,1.188,1.217,6150000,7390000,0
2019-09-12,1.190,1.201,1.186,1.203,3600000,4300000,0
2019-09-16,1.198,1.207,1.198,1.211,4280000,5160000,0
2019-09-17,1.200,1.183,1.181,1.205,4800000,5710000,0
2019-09-18,1.188,1.193,1.180,1.197,3740000,4460000,0
2019-09-19,1.191,1.213,1.191,1.213,3430000,4130000,0
2019-09-20,1.213,1.215,1.212,1.220,6110000,7430000,0
2019-09-23,1.200,1.199,1.193,1.212,3820000,4590000,0
2019-09-24,1.210,1.231,1.206,1.232,9450000,11540000,0
2019-09-25,1.231,1.219,1.213,1.231,6440000,7880000,0
2019-09-26,1.219,1.190,1.189,1.230,7080000,8500000,0
2019-09-27,1.180,1.199,1.180,1.202,7440000,8870000,0
2019-09-30,1.178,1.196,1.178,1.210,6680000,8010000,0
2019-10-08,1.193,1.204,1.193,1.217,5480000,6640000,0
2019-10-09,1.206,1.200,1.185,1.206,6340000,7550000,0
2019-10-10,1.200,1.241,1.200,1.245,7990000,9810000,0
2019-10-11,1.239,1.249,1.239,1.254,9860000,12310000,0
2019-10-14,1.259,1.256,1.251,1.266,9980000,12550000,0
2019-10-15,1.250,1.249,1.246,1.260,6550000,8200000,0
2019-10-16,1.249,1.266,1.249,1.274,11040000,13930000,0
2019-10-17,1.266,1.268,1.256,1.277,6630000,8400000,0
2019-10-18,1.268,1.271,1.266,1.292,14990000,19150000,0
2019-10-21,1.260,1.243,1.227,1.278,16260000,20290000,0
2019-10-22,1.243,1.253,1.239,1.260,12050000,15020000,0
2019-10-23,1.248,1.228,1.225,1.254,12190000,15080000,0
2019-10-24,1.235,1.221,1.211,1.235,6610000,8060000,0
2019-10-25,1.221,1.232,1.200,1.234,5990000,7360000,0
2019-10-28,1.233,1.261,1.233,1.262,9820000,12290000,0
2019-10-29,1.261,1.268,1.256,1.275,9310000,11810000,0
2019-10-30,1.268,1.258,1.250,1.270,12090000,15220000,0
2019-10-31,1.272,1.265,1.263,1.280,9460000,12040000,0
2019-11-01,1.275,1.293,1.262,1.293,14190000,18190000,0
2019-11-04,1.294,1.324,1.294,1.324,16400000,21610000,0
2019-11-05,1.323,1.321,1.313,1.327,14580000,19250000,0
2019-11-06,1.321,1.311,1.308,1.325,16100000,21150000,0
2019-11-07,1.306,1.326,1.304,1.334,15260000,20200000,0
2019-11-08,1.334,1.320,1.317,1.338,14540000,19250000,0
2019-11-11,1.318,1.286,1.281,1.318,20970000,27170000,0
2019-11-12,1.286,1.295,1.278,1.295,18750000,24130000,0
2019-11-13,1.291,1.322,1.290,1.327,29370000,38560000,0
2019-11-14,1.321,1.333,1.320,1.337,22550000,30000000,0
2019-11-15,1.333,1.325,1.321,1.339,18010000,23950000,0
2019-11-18,1.325,1.328,1.315,1.330,18870000,24970000,0
2019-11-19,1.328,1.365,1.326,1.366,28520000,38610000,0
2019-11-20,1.360,1.370,1.360,1.382,29520000,40470000,0
2019-11-21,1.369,1.344,1.340,1.369,40650000,54910000,0
2019-11-22,1.338,1.294,1.279,1.352,49170000,64520000,0
2019-11-25,1.290,1.270,1.253,1.297,25090000,31920000,0
2019-11-26,1.279,1.270,1.264,1.282,19470000,24790000,0
2019-11-27,1.275,1.263,1.250,1.275,20350000,25660000,0
2019-11-28,1.267,1.260,1.254,1.268,23380000,29480000,0
2019-11-29,1.258,1.233,1.220,1.258,33340000,41110000,0
2019-12-02,1.234,1.220,1.218,1.237,27550000,33690000,0
2019-12-03,1.215,1.225,1.198,1.225,35990000,43540000,0
2019-12-04,1.219,1.231,1.215,1.236,21230000,26090000,0
2019-12-05,1.232,1.247,1.232,1.250,21600000,26870000,0
2019-12-06,1.247,1.252,1.242,1.252,18290000,22810000,0
2019-12-09,1.251,1.231,1.223,1.256,34170000,42050000,0
2019-12-10,1.232,1.250,1.224,1.250,23900000,29660000,0
2019-12-11,1.251,1.245,1.241,1.252,20400000,25440000,0
2019-12-12,1.251,1.242,1.240,1.252,19950000,24820000,0
2019-12-13,1.247,1.267,1.246,1.269,34890000,43960000,0
2019-12-16,1.266,1.280,1.265,1.280,28180000,35890000,0
2019-12-17,1.283,1.292,1.271,1.295,36350000,46680000,0
2019-12-18,1.291,1.272,1.268,1.292,39980000,51010000,0
2019-12-19,1.272,1.268,1.260,1.272,21170000,26760000,0
2019-12-20,1.265,1.254,1.251,1.272,24610000,30960000,0
2019-12-23,1.244,1.240,1.237,1.261,40820000,50990000,0
2019-12-24,1.242,1.244,1.237,1.244,23540000,29200000,0
2019-12-25,1.246,1.243,1.235,1.246,19910000,24680000,0
2019-12-26,1.242,1.245,1.238,1.248,24860000,30900000,0
2019-12-27,1.246,1.230,1.228,1.247,44880000,55500000,0
2019-12-30,1.230,1.236,1.215,1.236,28130000,34480000,0
2019-12-31,1.235,1.260,1.234,1.263,49240000,61760000,0
2020-01-02,1.262,1.262,1.249,1.265,40980000,51500000,0
2020-01-03,1.263,1.256,1.248,1.264,40710000,51080000,0
2020-01-06,1.248,1.247,1.235,1.253,41090000,51190000,0
2020-01-07,1.242,1.271,1.242,1.272,44890000,56610000,0
2020-01-08,1.270,1.263,1.260,1.274,50490000,63830000,0
2020-01-09,1.273,1.312,1.271,1.313,82730000,107540000,0
2020-01-10,1.313,1.312,1.309,1.320,45700000,60030000,0
2020-01-13,1.311,1.325,1.296,1.325,35000000,45860000,0
2020-01-14,1.325,1.313,1.310,1.330,32260000,42470000,0
2020-01-15,1.309,1.320,1.303,1.333,35820000,47330000,0
2020-01-16,1.320,1.341,1.310,1.343,49980000,66530000,0
2020-01-17,1.341,1.350,1.334,1.361,36320000,48980000,0
2020-01-20,1.366,1.365,1.341,1.378,56720000,77020000,0
2020-01-21,1.381,1.380,1.363,1.395,66230000,91540000,0
2020-01-22,1.390,1.367,1.349,1.390,46470000,63340000,0
2020-01-23,1.366,1.337,1.316,1.376,59370000,80120000,0
2020-02-03,1.416,1.292,1.245,1.423,96370000,128740000,0
2020-02-04,1.279,1.369,1.278,1.372,62580000,83170000,0
2020-02-05,1.369,1.398,1.352,1.399,76370000,105440000,0
2020-02-06,1.395,1.451,1.388,1.468,114800000,165130000,0
2020-02-07,1.462,1.438,1.416,1.472,86330000,124690000,0
2020-02-10,1.438,1.429,1.411,1.452,71210000,101710000,0
2020-02-11,1.421,1.434,1.413,1.440,48740000,69530000,0
2020-02-12,1.430,1.459,1.430,1.463,49820000,72430000,0
2020-02-13,1.466,1.454,1.442,1.473,33950000,49460000,0
2020-02-14,1.450,1.448,1.438,1.469,28570000,41560000,0
2020-02-17,1.449,1.496,1.449,1.501,40930000,60800000,0
2020-02-18,1.496,1.503,1.490,1.507,29160000,43710000,0
2020-02-19,1.490,1.470,1.467,1.500,32590000,48210000,0
2020-02-20,1.470,1.491,1.470,1.494,32490000,48250000,0
2020-02-21,1.485,1.513,1.485,1.524,39990000,60290000,0
2020-02-24,1.520,1.574,1.520,1.579,70580000,108670000,0
2020-02-25,1.574,1.566,1.516,1.582,115910000,181080000,0
2020-02-26,1.546,1.502,1.500,1.555,63530000,96780000,0
2020-02-27,1.498,1.538,1.498,1.555,77200000,118220000,0
2020-02-28,1.499,1.494,1.488,1.538,90150000,136290000,0
2020-03-02,1.512,1.555,1.501,1.559,59390000,90810000,0
2020-03-03,1.595,1.599,1.575,1.634,181990000,292350000,0
2020-03-04,1.600,1.576,1.554,1.603,129250000,203430000,0
2020-03-05,1.587,1.595,1.576,1.601,97680000,155380000,0
2020-03-06,1.586,1.613,1.563,1.626,93260000,150300000,0
2020-03-09,1.617,1.572,1.570,1.617,137030000,218100000,0
2020-03-10,1.557,1.569,1.512,1.590,126410000,195960000,0
2020-03-11,1.567,1.540,1.540,1.576,70730000,109990000,0
2020-03-12,1.523,1.492,1.481,1.537,79670000,119660000,0
2020-03-13,1.420,1.470,1.394,1.490,74860000,108190000,0
2020-03-16,1.472,1.399,1.394,1.486,72840000,105450000,0
2020-03-17,1.399,1.387,1.344,1.423,65280000,90350000,0
2020-03-18,1.398,1.374,1.372,1.430,66160000,93240000,0
2020-03-19,1.382,1.350,1.310,1.382,67220000,90560000,0
2020-03-20,1.362,1.393,1.361,1.394,56460000,77770000,0
2020-03-23,1.363,1.352,1.348,1.394,52780000,72210000,0
2020-03-24,1.374,1.394,1.358,1.395,52870000,73070000,0
2020-03-25,1.426,1.456,1.422,1.460,73820000,106420000,0
2020-03-26,1.456,1.500,1.442,1.502,131980000,195800000,0
2020-03-27,1.526,1.471,1.465,1.530,121650000,181500000,0
2020-03-30,1.454,1.429,1.423,1.473,82270000,118990000,0
2020-03-31,1.438,1.431,1.422,1.444,51920000,74290000,0
2020-04-01,1.425,1.421,1.416,1.446,63590000,90960000,0
2020-04-02,1.425,1.455,1.411,1.455,61450000,88020000,0
2020-04-03,1.450,1.461,1.450,1.478,54490000,79940000,0
2020-04-07,1.483,1.505,1.477,1.509,73610000,110060000,0
2020-04-08,1.497,1.498,1.480,1.505,47180000,70570000,0
2020-04-09,1.503,1.559,1.503,1.565,84400000,130370000,0
2020-04-10,1.560,1.531,1.523,1.579,84550000,131090000,0
2020-04-13,1.522,1.536,1.522,1.549,66450000,102050000,0
2020-04-14,1.535,1.558,1.516,1.560,66170000,101900000,0
2020-04-15,1.557,1.557,1.550,1.579,54900000,85810000,0
2020-04-16,1.545,1.586,1.542,1.597,69630000,109720000,0
2020-04-17,1.591,1.574,1.570,1.605,59990000,95050000,0
2020-04-20,1.575,1.621,1.575,1.625,71140000,114600000,0
2020-04-21,1.621,1.607,1.583,1.625,51800000,83040000,0
2020-04-22,1.588,1.619,1.577,1.620,59990000,96290000,0
2020-04-23,1.627,1.622,1.617,1.659,51280000,83800000,0
2020-04-24,1.617,1.585,1.577,1.620,50520000,80530000,0
2020-04-27,1.584,1.602,1.562,1.615,59150000,94420000,0
2020-04-28,1.600,1.614,1.572,1.625,59870000,96240000,0
2020-04-29,1.608,1.594,1.590,1.627,40980000,65780000,0
2020-04-30,1.590,1.578,1.572,1.598,78750000,124200000,0
2020-05-06,1.566,1.608,1.561,1.608,46470000,73740000,0
2020-05-07,1.606,1.615,1.597,1.623,78610000,126880000,0
2020-05-08,1.618,1.635,1.614,1.642,45350000,73990000,0
2020-05-11,1.650,1.614,1.604,1.655,45550000,73810000,0
2020-05-12,1.615,1.647,1.609,1.649,51520000,84230000,0
2020-05-13,1.646,1.713,1.646,1.714,66040000,111400000,0
2020-05-14,1.702,1.685,1.682,1.704,56030000,94660000,0
2020-05-15,1.681,1.671,1.656,1.690,67360000,112350000,0
2020-05-18,1.662,1.708,1.660,1.717,85010000,144370000,0
2020-05-19,1.709,1.712,1.690,1.724,74480000,126840000,0
2020-05-20,1.708,1.682,1.672,1.715,60150000,101670000,0
2020-05-21,1.688,1.693,1.686,1.719,80460000,137150000,0
2020-05-22,1.687,1.645,1.634,1.694,66230000,110170000,0
2020-05-25,1.642,1.662,1.636,1.663,41410000,68460000,0
2020-05-26,1.664,1.713,1.664,1.714,63330000,107270000,0
2020-05-27,1.717,1.668,1.658,1.717,64370000,108350000,0
2020-05-28,1.663,1.655,1.623,1.673,62070000,102440000,0
2020-05-29,1.649,1.694,1.640,1.700,70640000,119150000,0
2020-06-01,1.706,1.732,1.703,1.737,60750000,104440000,0
2020-06-02,1.728,1.711,1.692,1.732,92020000,156770000,0
2020-06-03,1.711,1.710,1.704,1.723,56610000,96970000,0
2020-06-04,1.710,1.722,1.705,1.726,60550000,103870000,0
2020-06-05,1.723,1.732,1.713,1.735,41830000,72050000,0
2020-06-08,1.732,1.709,1.702,1.743,96660000,165590000,0
2020-06-09,1.709,1.726,1.700,1.730,53410000,91870000,0
2020-06-10,1.722,1.758,1.721,1.764,60080000,105100000,0
2020-06-11,1.754,1.755,1.741,1.781,44760000,78840000,0
2020-06-12,1.729,1.798,1.720,1.801,67660000,120010000,0
2020-06-15,1.821,1.828,1.816,1.849,63540000,116320000,0
2020-06-16,1.831,1.872,1.818,1.873,58910000,108720000,0
2020-06-17,1.879,1.894,1.876,1.915,107170000,202890000,0
2020-06-18,1.886,1.845,1.823,1.886,110550000,203890000,0
2020-06-19,1.832,1.894,1.832,1.906,111950000,210510000,0
2020-06-22,1.910,1.913,1.891,1.928,71320000,136010000,0
2020-06-23,1.910,1.960,1.902,1.963,73410000,142120000,0
2020-06-24,1.957,1.950,1.921,1.970,90450000,175550000,0
2020-06-29,1.953,1.988,1.949,1.990,79360000,156400000,0
2020-06-30,1.994,2.027,1.984,2.031,66010000,132820000,0
2020-07-01,2.030,1.985,1.948,2.036,206380000,409970000,0
2020-07-02,1.973,1.949,1.938,1.979,149690000,292630000,0
2020-07-03,1.945,1.996,1.913,1.999,169060000,332600000,0
2020-07-06,1.985,1.999,1.962,2.024,176180000,349830000,0
2020-07-07,1.999,2.044,1.965,2.061,141110000,285150000,0
2020-07-08,2.053,2.055,2.021,2.058,107530000,219890000,0
2020-07-09,2.047,2.139,2.039,2.146,111590000,233500000,0
2020-07-10,2.145,2.176,2.120,2.189,127110000,275510000,0
2020-07-13,2.201,2.254,2.192,2.261,246900000,549290000,0
2020-07-14,2.272,2.203,2.147,2.275,230850000,509290000,0
2020-07-15,2.209,2.217,2.180,2.268,169440000,378040000,0
2020-07-16,2.232,2.093,2.081,2.242,164880000,356460000,0
2020-07-17,2.090,2.132,2.090,2.175,125120000,266550000,0
2020-07-20,2.170,2.134,2.053,2.176,138360000,290450000,0
2020-07-21,2.118,2.195,2.110,2.202,140600000,304940000,0
2020-07-22,2.171,2.221,2.160,2.238,89120000,197170000,0
2020-07-23,2.203,2.264,2.187,2.267,130950000,292750000,0
2020-07-24,2.263,2.129,2.101,2.263,162250000,351260000,0
2020-07-27,2.129,2.138,2.112,2.167,79360000,169920000,0
2020-07-28,2.149,2.165,2.120,2.166,77670000,166910000,0
2020-07-29,2.153,2.220,2.150,2.225,145530000,321070000,0
2020-07-30,2.220,2.211,2.199,2.256,93930000,209030000,0
2020-07-31,2.207,2.241,2.181,2.248,85770000,190850000,0
2020-08-03,2.255,2.280,2.222,2.281,80780000,182720000,0
2020-08-04,2.288,2.268,2.261,2.320,81740000,187230000,0
2020-08-05,2.250,2.287,2.231,2.297,77930000,177000000,0
2020-08-06,2.285,2.244,2.226,2.308,162270000,364800000,0
2020-08-07,2.233,2.200,2.158,2.268,122810000,271480000,0
2020-08-10,2.200,2.210,2.154,2.220,75750000,166250000,0
2020-08-11,2.204,2.171,2.170,2.247,55120000,122200000,0
2020-08-12,2.163,2.112,2.075,2.179,60750000,128580000,0
2020-08-13,2.112,2.098,2.091,2.128,43900000,92630000,0
2020-08-14,2.099,2.120,2.072,2.134,33540000,70590000,0
2020-08-17,2.130,2.138,2.097,2.140,55840000,118500000,0
2020-08-18,2.138,2.150,2.130,2.159,45950000,98700000,0
2020-08-19,2.150,2.092,2.091,2.150,44080000,93240000,0
2020-08-20,2.077,2.081,2.062,2.114,39790000,83010000,0
2020-08-21,2.098,2.106,2.093,2.119,38040000,80150000,0
2020-08-24,2.121,2.136,2.073,2.139,43040000,91080000,0
2020-08-25,2.129,2.154,2.129,2.166,45860000,98700000,0
2020-08-26,2.151,2.158,2.143,2.209,71500000,155990000,0
2020-08-27,2.151,2.196,2.141,2.199,51730000,112320000,0
2020-08-28,2.198,2.250,2.185,2.251,67910000,151210000,0
2020-08-31,2.254,2.233,2.220,2.266,65820000,147730000,0
2020-09-01,2.238,2.251,2.228,2.253,46510000,104270000,0
2020-09-02,2.252,2.244,2.219,2.259,45870000,102710000,0
2020-09-03,2.237,2.235,2.221,2.288,51860000,117010000,0
2020-09-04,2.181,2.180,2.150,2.199,63400000,137710000,0
2020-09-07,2.162,2.100,2.096,2.188,51630000,110330000,0
2020-09-08,2.100,2.099,2.073,2.127,37860000,79360000,0
2020-09-09,2.078,2.018,2.001,2.078,65770000,133630000,0
2020-09-10,2.040,2.000,1.993,2.072,40200000,81850000,0
2020-09-11,1.993,2.035,1.993,2.037,33570000,67830000,0
2020-09-14,2.047,2.041,2.026,2.060,25810000,52760000,0
2020-09-15,2.041,2.065,2.022,2.067,27270000,55950000,0
2020-09-16,2.065,2.022,2.009,2.074,28970000,58780000,0
2020-09-17,2.012,2.000,1.971,2.020,32320000,64330000,0
2020-09-18,1.993,2.025,1.980,2.026,31150000,62480000,0
2020-09-21,2.024,2.001,1.993,2.028,27120000,54400000,0
2020-09-22,1.990,2.022,1.989,2.040,42090000,85260000,0
2020-09-23,2.018,2.071,2.010,2.078,42660000,87490000,0
2020-09-24,2.051,2.033,2.020,2.061,28890000,58870000,0
2020-09-25,2.034,2.045,2.033,2.069,26270000,53820000,0
2020-09-28,2.043,2.020,2.013,2.056,26140000,53090000,0
2020-09-29,2.029,2.062,2.015,2.072,33170000,67850000,0
2020-09-30,2.060,2.100,2.056,2.115,41900000,87870000,0
2020-10-09,2.132,2.151,2.122,2.154,35060000,74980000,0
2020-10-12,2.161,2.237,2.161,2.240,59850000,132130000,0
2020-10-13,2.244,2.270,2.226,2.274,61980000,139880000,0
2020-10-14,2.262,2.268,2.247,2.294,64490000,146670000,0
2020-10-15,2.260,2.242,2.229,2.261,53170000,119170000,0
2020-10-16,2.240,2.251,2.212,2.264,62640000,140580000,0
2020-10-19,2.252,2.188,2.181,2.259,56020000,123810000,0
2020-10-20,2.172,2.218,2.172,2.219,37350000,82060000,0
2020-10-21,2.223,2.213,2.200,2.245,43500000,96660000,0
2020-10-22,2.200,2.196,2.161,2.208,34300000,74840000,0
2020-10-23,2.189,2.134,2.120,2.210,40180000,86760000,0
2020-10-26,2.128,2.157,2.088,2.160,32730000,69850000,0
2020-10-27,2.150,2.216,2.142,2.221,47830000,105070000,0
2020-10-28,2.217,2.239,2.203,2.249,46880000,104520000,0
2020-10-29,2.220,2.296,2.219,2.304,78860000,179440000,0
2020-10-30,2.290,2.244,2.234,2.298,55980000,126530000,0
2020-11-02,2.242,2.245,2.219,2.262,39200000,87750000,0
2020-11-03,2.230,2.271,2.222,2.276,51820000,116890000,0
2020-11-04,2.268,2.269,2.243,2.276,38250000,86390000,0
2020-11-05,2.276,2.256,2.220,2.284,66300000,149080000,0
2020-11-06,2.236,2.194,2.166,2.246,71560000,157330000,0
2020-11-09,2.186,2.260,2.186,2.268,75410000,169020000,0
2020-11-10,2.237,2.209,2.195,2.240,41440000,91680000,0
2020-11-11,2.205,2.152,2.149,2.209,34820000,75470000,0
2020-11-12,2.152,2.174,2.151,2.194,25030000,54400000,0
2020-11-13,2.167,2.174,2.157,2.181,28340000,61500000,0
2020-11-16,2.175,2.193,2.152,2.193,30950000,67480000,0
2020-11-17,2.189,2.131,2.111,2.189,51020000,109070000,0
2020-11-18,2.120,2.061,2.052,2.142,63390000,131860000,0
2020-11-19,2.054,2.074,2.033,2.078,31270000,64570000,0
2020-11-20,2.073,2.097,2.073,2.111,32490000,68210000,0
2020-11-23,2.097,2.090,2.080,2.109,43720000,91470000,0
2020-11-24,2.086,2.073,2.055,2.090,29150000,60250000,0
2020-11-25,2.070,2.014,2.011,2.070,59560000,120680000,0
2020-11-26,2.025,2.016,1.992,2.041,40110000,80700000,0
2020-11-27,2.020,2.023,2.001,2.040,36450000,73620000,0
2020-11-30,2.012,2.026,1.987,2.035,52060000,104830000,0
2020-12-01,2.031,2.087,2.025,2.088,62220000,128730000,0
2020-12-02,2.081,2.085,2.064,2.103,41280000,85890000,0
2020-12-03,2.085,2.130,2.078,2.138,56200000,118940000,0
2020-12-04,2.120,2.154,2.115,2.158,33600000,71910000,0
2020-12-07,2.147,2.154,2.128,2.165,64780000,139130000,0
2020-12-08,2.150,2.163,2.150,2.171,31610000,68380000,0
2020-12-09,2.160,2.126,2.125,2.176,42760000,91880000,0
2020-12-10,2.124,2.177,2.086,2.178,62100000,133880000,0
2020-12-11,2.177,2.169,2.140,2.190,51510000,111540000,0
2020-12-14,2.164,2.202,2.142,2.205,54210000,118140000,0
2020-12-15,2.207,2.218,2.191,2.241,80830000,179110000,0
2020-12-16,2.218,2.230,2.200,2.238,43030000,95560000,0
2020-12-17,2.230,2.262,2.230,2.285,49770000,112590000,0
2020-12-18,2.259,2.238,2.231,2.260,42200000,94670000,0
2020-12-21,2.238,2.282,2.224,2.284,45830000,103500000,0
2020-12-22,2.287,2.291,2.281,2.331,66420000,153090000,0
2020-12-23,2.290,2.276,2.236,2.291,56250000,127310000,0
2020-12-24,2.261,2.269,2.256,2.284,36110000,81930000,0
2020-12-25,2.259,2.311,2.253,2.314,43590000,99690000,0
2020-12-28,2.320,2.299,2.289,2.322,41650000,95930000,0
2020-12-29,2.298,2.292,2.259,2.300,39240000,89440000,0
2020-12-30,2.271,2.317,2.271,2.325,37570000,86750000,0
2020-12-31,2.308,2.353,2.308,2.360,39630000,92790000,0
2021-01-04,2.339,2.354,2.320,2.391,67360000,158820000,0
2021-01-05,2.349,2.398,2.337,2.399,48150000,114550000,0
2021-01-06,2.383,2.442,2.382,2.444,79180000,191540000,0
2021-01-07,2.444,2.461,2.417,2.463,62630000,152650000,0
2021-01-08,2.454,2.465,2.430,2.502,60140000,148020000,0
2021-01-11,2.461,2.470,2.437,2.510,71620000,177250000,0
2021-01-12,2.471,2.497,2.432,2.500,59060000,145750000,0
2021-01-13,2.495,2.456,2.438,2.504,57560000,142150000,0
2021-01-14,2.443,2.466,2.426,2.494,48410000,119160000,0
2021-01-15,2.445,2.450,2.406,2.463,46030000,112090000,0
2021-01-18,2.442,2.481,2.418,2.495,41320000,101650000,0
2021-01-19,2.485,2.432,2.420,2.491,36700000,90080000,0
2021-01-20,2.427,2.546,2.427,2.550,77820000,195460000,0
2021-01-21,2.572,2.630,2.572,2.637,79490000,208010000,0
2021-01-22,2.630,2.799,2.628,2.810,120470000,329230000,0
2021-01-25,2.800,2.801,2.755,2.829,132320000,370300000,0
2021-01-26,2.780,2.683,2.675,2.780,102530000,278210000,0
2021-01-27,2.682,2.678,2.619,2.718,64300000,171600000,0
2021-01-28,2.629,2.581,2.570,2.665,70600000,184670000,0
2021-01-29,2.599,2.575,2.525,2.630,73070000,188880000,0
2021-02-01,2.574,2.632,2.571,2.634,78700000,205680000,0
2021-02-02,2.631,2.653,2.580,2.656,76780000,201930000,0
2021-02-03,2.653,2.647,2.623,2.695,68010000,180800000,0
2021-02-04,2.638,2.611,2.586,2.670,67000000,176060000,0
2021-02-05,2.611,2.674,2.611,2.705,74260000,198400000,0
2021-02-08,2.676,2.699,2.623,2.703,69230000,184800000,0
2021-02-09,2.700,2.765,2.695,2.768,66470000,181740000,0
2021-02-10,2.767,2.821,2.731,2.835,75100000,209760000,0
2021-02-18,2.877,2.700,2.681,2.877,144470000,396390000,0
2021-02-19,2.680,2.723,2.627,2.732,79920000,214560000,0
2021-02-22,2.710,2.605,2.598,2.717,86670000,229260000,0
2021-02-23,2.580,2.564,2.549,2.613,61500000,158550000,0
2021-02-25,2.466,2.454,2.445,2.499,204300000,168260000,0
2021-02-26,2.388,2.397,2.361,2.439,226040000,180600000,0
2021-03-01,2.424,2.430,2.364,2.436,120950000,97040000,0
2021-03-02,2.439,2.376,2.358,2.451,147700000,118420000,0
2021-03-03,2.364,2.421,2.346,2.421,125940000,100570000,0
2021-03-04,2.391,2.310,2.295,2.397,197840000,154180000,0
2021-03-05,2.241,2.313,2.241,2.334,161070000,122870000,0
2021-03-08,2.328,2.178,2.169,2.337,188310000,140630000,0
2021-03-09,2.172,2.118,2.082,2.193,176550000,126010000,0
2021-03-10,2.160,2.166,2.130,2.190,150320000,108360000,0
2021-03-11,2.163,2.223,2.145,2.250,171580000,126600000,0
2021-03-12,2.229,2.229,2.181,2.235,116180000,85650000,0
2021-03-15,2.202,2.115,2.088,2.208,214080000,152330000,0
2021-03-16,2.130,2.127,2.091,2.139,131660000,92890000,0
2021-03-17,2.115,2.148,2.091,2.166,106600000,75910000,0
2021-03-18,2.160,2.184,2.154,2.196,113680000,82540000,0
2021-03-19,2.133,2.139,2.121,2.175,130080000,93000000,0
2021-03-22,2.136,2.142,2.106,2.175,96680000,69010000,0
2021-03-23,2.142,2.139,2.115,2.169,96660000,68940000,0
2021-03-24,2.127,2.142,2.124,2.175,111110000,79620000,0
2021-03-25,2.127,2.181,2.109,2.187,148400000,106820000,0
2021-03-26,2.184,2.256,2.178,2.259,260360000,193640000,0
2021-03-29,2.262,2.256,2.214,2.283,217000000,162690000,0
2021-03-30,2.247,2.292,2.232,2.310,135580000,103150000,0
2021-03-31,2.283,2.274,2.256,2.292,130980000,99290000,0
2021-04-01,2.274,2.337,2.274,2.340,141320000,109270000,0
2021-04-02,2.337,2.364,2.331,2.376,145890000,114550000,0
2021-04-06,2.364,2.322,2.301,2.364,147590000,114340000,0
2021-04-07,2.313,2.292,2.262,2.313,116540000,88740000,0
2021-04-08,2.280,2.337,2.265,2.337,119050000,91790000,0
2021-04-09,2.334,2.313,2.292,2.349,131210000,100990000,0
2021-04-12,2.301,2.232,2.220,2.310,231980000,173810000,0
2021-04-13,2.223,2.262,2.220,2.289,151100000,113870000,0
2021-04-14,2.262,2.283,2.244,2.292,231780000,175150000,0
2021-04-15,2.277,2.277,2.244,2.295,104930000,79370000,0
2021-04-16,2.286,2.274,2.238,2.289,102820000,77600000,0
2021-04-19,2.280,2.328,2.256,2.331,176550000,135530000,0
2021-04-20,2.325,2.349,2.301,2.367,170780000,133330000,0
2021-04-21,2.325,2.388,2.325,2.388,149370000,117830000,0
2021-04-22,2.397,2.388,2.358,2.397,136100000,107900000,0
2021-04-23,2.382,2.487,2.382,2.493,234650000,192360000,0
2021-04-26,2.520,2.469,2.463,2.553,313850000,263160000,0
2021-04-27,2.460,2.535,2.448,2.535,218630000,182500000,0
2021-04-28,2.541,2.559,2.505,2.562,203820000,172510000,0
2021-04-29,2.550,2.556,2.514,2.565,188070000,159370000,0
2021-04-30,2.556,2.562,2.547,2.580,170860000,145940000,0
2021-05-06,2.544,2.490,2.448,2.544,265550000,220980000,0
2021-05-07,2.490,2.400,2.394,2.502,242260000,196870000,0
2021-05-10,2.400,2.427,2.394,2.445,148360000,119750000,0
2021-05-11,2.409,2.460,2.388,2.469,179870000,146090000,0
2021-05-12,2.454,2.526,2.436,2.532,181550000,150590000,0
2021-05-13,2.499,2.529,2.472,2.541,214680000,179760000,0
2021-05-14,2.529,2.553,2.505,2.574,222010000,188770000,0
2021-05-17,2.559,2.622,2.559,2.643,230310000,200970000,0
2021-05-18,2.619,2.607,2.577,2.622,190310000,164740000,0
2021-05-19,2.598,2.583,2.568,2.607,146360000,125940000,0
2021-05-20,2.577,2.616,2.574,2.622,180470000,156550000,0
2021-05-21,2.616,2.625,2.586,2.643,214640000,187570000,0
2021-05-24,2.613,2.622,2.544,2.625,211810000,182740000,0
2021-05-25,2.610,2.685,2.610,2.688,226270000,201050000,0
2021-05-26,2.679,2.676,2.652,2.691,148850000,132410000,0
2021-05-27,2.676,2.730,2.646,2.730,170750000,153540000,0
2021-05-28,2.727,2.670,2.640,2.736,303620000,271930000,0
2021-05-31,2.664,2.694,2.655,2.703,169520000,151680000,0
2021-06-01,2.694,2.760,2.682,2.763,244240000,221860000,0
2021-06-02,2.724,2.694,2.679,2.748,274460000,247710000,0
2021-06-03,2.679,2.667,2.640,2.706,225600000,201380000,0
2021-06-04,2.652,2.700,2.646,2.712,212160000,190320000,0
2021-06-07,2.700,2.706,2.652,2.709,160900000,144020000,0
2021-06-08,2.697,2.676,2.634,2.739,229160000,205220000,0
2021-06-09,2.655,2.682,2.637,2.694,164130000,146170000,0
2021-06-10,2.685,2.712,2.682,2.715,168450000,151690000,0
2021-06-11,2.712,2.685,2.661,2.715,157980000,141480000,0
2021-06-15,2.676,2.649,2.634,2.697,168540000,149380000,0
2021-06-16,2.649,2.550,2.544,2.661,249170000,215300000,0
2021-06-17,2.538,2.583,2.538,2.604,159990000,137680000,0
2021-06-18,2.589,2.637,2.589,2.643,211300000,184500000,0
2021-06-21,2.622,2.691,2.610,2.694,224620000,199650000,0
2021-06-22,2.688,2.754,2.655,2.757,279850000,253440000,0
2021-06-23,2.754,2.730,2.724,2.769,184990000,169320000,0
2021-06-24,2.733,2.694,2.661,2.742,206690000,185370000,0
2021-06-25,2.697,2.778,2.694,2.781,268280000,246240000,0
2021-06-28,2.775,2.820,2.775,2.835,203480000,190590000,0
2021-06-29,2.820,2.811,2.787,2.832,196060000,183380000,0
2021-06-30,2.811,2.823,2.790,2.826,203830000,190980000,0
2021-07-01,2.826,2.859,2.814,2.904,260570000,248380000,0
2021-07-02,2.838,2.730,2.715,2.841,378300000,348480000,0
2021-07-05,2.712,2.733,2.679,2.772,286490000,261110000,0
2021-07-06,2.727,2.598,2.538,2.733,574060000,500050000,0
2021-07-07,2.568,2.679,2.565,2.703,362750000,321140000,0
2021-07-08,2.682,2.616,2.607,2.706,373150000,328690000,0
2021-07-09,2.586,2.610,2.520,2.622,288170000,247100000,0
2021-07-12,2.610,2.682,2.562,2.688,360290000,317370000,0
2021-07-13,2.667,2.676,2.652,2.712,191040000,170400000,0
2021-07-14,2.664,2.709,2.646,2.745,346740000,313950000,0
2021-07-15,2.694,2.727,2.670,2.727,219450000,197100000,0
2021-07-16,2.709,2.637,2.625,2.709,439650000,389450000,0
2021-07-19,2.625,2.667,2.616,2.679,232960000,206420000,0
2021-07-20,2.664,2.670,2.646,2.697,185330000,165130000,0
2021-07-21,2.676,2.694,2.661,2.700,239620000,214460000,0
2021-07-22,2.697,2.646,2.634,2.703,345510000,306040000,0
2021-07-23,2.631,2.550,2.538,2.631,606550000,518360000,0
2021-07-26,2.520,2.409,2.349,2.526,657150000,531040000,0
2021-07-27,2.385,2.358,2.349,2.427,383440000,305140000,0
2021-07-28,2.340,2.448,2.322,2.451,464850000,371300000,0
2021-07-29,2.475,2.499,2.463,2.520,414060000,344140000,0
2021-07-30,2.481,2.445,2.391,2.481,317960000,257410000,0
2021-08-02,2.439,2.478,2.349,2.484,472060000,380400000,0
2021-08-03,2.460,2.568,2.430,2.586,604010000,508690000,0
2021-08-04,2.550,2.553,2.490,2.559,408820000,344220000,0
2021-08-05,2.535,2.517,2.505,2.562,394590000,332770000,0
2021-08-06,2.502,2.445,2.424,2.511,383970000,314570000,0
2021-08-09,2.421,2.454,2.409,2.478,211110000,172550000,0
2021-08-10,2.460,2.490,2.403,2.493,463890000,379090000,0
2021-08-11,2.484,2.433,2.421,2.484,417330000,340130000,0
2021-08-12,2.412,2.394,2.388,2.451,451750000,362720000,0
2021-08-13,2.400,2.376,2.352,2.415,447080000,355040000,0
2021-08-16,2.370,2.382,2.358,2.400,242010000,192230000,0
2021-08-17,2.373,2.274,2.262,2.388,690780000,533690000,0
2021-08-18,2.274,2.277,2.262,2.307,355000000,269750000,0
2021-08-19,2.277,2.274,2.268,2.301,330890000,251850000,0
2021-08-20,2.250,2.127,2.100,2.250,958840000,687140000,0
2021-08-23,2.127,2.136,2.082,2.142,449450000,317360000,0
2021-08-24,2.139,2.205,2.133,2.214,562800000,409540000,0
2021-08-25,2.208,2.232,2.184,2.247,392080000,290300000,0
2021-08-26,2.232,2.163,2.157,2.241,343240000,249520000,0
2021-08-27,2.154,2.151,2.142,2.208,405390000,293670000,0
2021-08-30,2.148,2.121,2.106,2.157,405630000,287470000,0
2021-08-31,2.118,2.100,2.085,2.142,390360000,274170000,0
2021-09-01,2.094,2.109,2.034,2.130,499640000,346390000,0
2021-09-02,2.103,2.040,2.037,2.118,617380000,425510000,0
2021-09-03,2.034,2.058,2.013,2.076,408270000,279700000,0
2021-09-06,2.061,2.181,2.046,2.193,839450000,598710000,0
2021-09-07,2.175,2.169,2.139,2.175,566520000,407560000,0
2021-09-08,2.172,2.142,2.124,2.178,531600000,379900000,0
2021-09-09,2.127,2.145,2.124,2.169,344600000,246400000,0
2021-09-10,2.139,2.136,2.109,2.145,497700000,352990000,0
2021-09-13,2.142,2.130,2.118,2.181,635570000,454280000,0
2021-09-14,2.124,2.169,2.118,2.187,654270000,472570000,0
2021-09-15,2.166,2.142,2.133,2.181,501120000,359280000,0
2021-09-16,2.127,2.166,2.112,2.190,626420000,448670000,0
2021-09-17,2.160,2.283,2.142,2.298,1040510000,775990000,0
2021-09-22,2.250,2.298,2.244,2.334,735880000,562130000,0
2021-09-23,2.295,2.274,2.253,2.322,609700000,463470000,0
2021-09-24,2.268,2.298,2.256,2.322,468850000,358210000,0
2021-09-27,2.295,2.322,2.286,2.361,818930000,636950000,0
2021-09-28,2.307,2.313,2.283,2.352,467770000,361050000,0
2021-09-29,2.286,2.280,2.259,2.310,576440000,439590000,0
2021-09-30,2.280,2.319,2.274,2.322,433200000,333160000,0
2021-10-08,2.322,2.304,2.289,2.346,470570000,363370000,0
2021-10-11,2.304,2.253,2.244,2.325,967250000,733390000,0
2021-10-12,2.241,2.262,2.235,2.292,627360000,473550000,0
2021-10-13,2.256,2.310,2.244,2.319,743840000,566180000,0
2021-10-14,2.310,2.253,2.241,2.310,1056690000,796830000,0
2021-10-15,2.235,2.214,2.205,2.235,884960000,653770000,0
2021-10-18,2.214,2.169,2.151,2.217,779810000,564310000,0
2021-10-19,2.160,2.199,2.157,2.208,586780000,429040000,0
2021-10-20,2.199,2.160,2.139,2.208,743850000,535650000,0
2021-10-21,2.157,2.160,2.151,2.187,522010000,376670000,0
2021-10-22,2.160,2.157,2.139,2.169,504470000,362360000,0
2021-10-25,2.157,2.181,2.154,2.184,489040000,354400000,0
2021-10-26,2.172,2.175,2.166,2.208,449830000,327610000,0
2021-10-27,2.175,2.130,2.121,2.178,597510000,426200000,0
2021-10-28,2.121,2.127,2.109,2.148,439730000,311900000,0
2021-10-29,2.127,2.169,2.112,2.175,666380000,477450000,0
2021-11-01,2.166,2.118,2.112,2.175,843490000,597640000,0
2021-11-02,2.115,2.106,2.091,2.136,616580000,434790000,0
2021-11-03,2.106,2.124,2.103,2.139,424560000,300580000,0
2021-11-04,2.127,2.112,2.103,2.133,640880000,451640000,0
2021-11-05,2.109,2.109,2.100,2.124,392280000,276030000,0
2021-11-08,2.103,2.058,2.046,2.106,868570000,597640000,0
2021-11-09,2.058,2.085,2.052,2.088,542650000,375270000,0
2021-11-10,2.079,2.094,2.058,2.097,606880000,421240000,0
2021-11-11,2.088,2.106,2.082,2.118,487370000,342240000,0
2021-11-12,2.115,2.103,2.091,2.121,290180000,203440000,0
2021-11-15,2.103,2.130,2.100,2.130,477440000,337900000,0
2021-11-16,2.133,2.184,2.133,2.196,967780000,701550000,0
2021-11-17,2.181,2.178,2.169,2.205,415850000,302340000,0
2021-11-18,2.172,2.127,2.121,2.172,614870000,437820000,0
2021-11-19,2.118,2.124,2.109,2.130,375350000,265450000,0
2021-11-22,2.124,2.115,2.106,2.124,578910000,407580000,0
2021-11-23,2.115,2.118,2.106,2.130,480760000,338620000,0
2021-11-24,2.115,2.133,2.097,2.133,596560000,420800000,0
2021-11-25,2.133,2.148,2.127,2.157,581190000,415400000,0
2021-11-26,2.151,2.145,2.142,2.169,514820000,369910000,0
2021-11-29,2.169,2.139,2.127,2.205,549870000,396250000,0
2021-11-30,2.133,2.139,2.115,2.142,384190000,272230000,0
2021-12-01,2.133,2.115,2.106,2.133,401690000,283300000,0
2021-12-02,2.106,2.076,2.076,2.118,687480000,479390000,0
2021-12-03,2.076,2.091,2.073,2.100,468070000,325420000,0
2021-12-06,2.085,2.052,2.049,2.088,936910000,645190000,0
2021-12-07,2.061,2.061,2.049,2.070,517050000,354890000,0
2021-12-08,2.067,2.088,2.055,2.088,711760000,491570000,0
2021-12-09,2.094,2.142,2.079,2.145,1081090000,765910000,0
2021-12-10,2.133,2.133,2.124,2.145,619570000,440680000,0
2021-12-13,2.136,2.118,2.115,2.145,824590000,584720000,0
2021-12-14,2.112,2.121,2.112,2.133,431480000,305200000,0
2021-12-15,2.115,2.043,2.037,2.121,1603600000,1107160000,0
2021-12-16,2.040,2.049,2.037,2.067,763360000,521620000,0
2021-12-17,2.058,2.028,2.022,2.073,994520000,676310000,0
2021-12-20,2.022,1.980,1.974,2.028,1097370000,730080000,0
2021-12-21,1.980,2.004,1.977,2.004,466010000,309730000,0
2021-12-22,2.007,2.001,1.992,2.010,269900000,180020000,0
2021-12-23,2.007,1.986,1.980,2.010,368920000,244570000,0
2021-12-24,1.992,1.980,1.971,1.992,448160000,295720000,0
2021-12-27,1.980,2.004,1.971,2.004,463100000,306350000,0
2021-12-28,2.001,2.019,1.983,2.025,557720000,372920000,0
2021-12-29,2.016,2.019,2.013,2.046,537920000,364310000,0
2021-12-30,2.022,2.043,2.010,2.049,733140000,497420000,0
2021-12-31,2.043,2.031,2.022,2.052,444900000,301590000,0
2022-01-04,2.016,1.953,1.944,2.019,1425100000,932760000,0
2022-01-05,1.950,1.923,1.914,1.950,676980000,435000000,0
2022-01-06,1.914,1.884,1.875,1.917,870810000,548700000,0
2022-01-07,1.884,1.869,1.866,1.890,575910000,360200000,0
2022-01-10,1.863,1.893,1.845,1.893,621490000,388660000,0
2022-01-11,1.881,1.878,1.866,1.890,432290000,270700000,0
2022-01-12,1.878,1.914,1.872,1.920,695080000,441300000,0
2022-01-13,1.917,1.896,1.893,1.923,418970000,266700000,0
2022-01-14,1.881,1.914,1.878,1.929,542820000,345640000,0
2022-01-17,1.917,1.917,1.905,1.932,357340000,228360000,0
2022-01-18,1.917,1.896,1.890,1.929,421820000,267710000,0
2022-01-19,1.890,1.860,1.848,1.890,564980000,351410000,0
2022-01-20,1.854,1.842,1.836,1.869,548690000,338200000,0
2022-01-21,1.839,1.788,1.782,1.839,960900000,576780000,0
2022-01-24,1.779,1.791,1.773,1.797,375490000,223670000,0
2022-01-25,1.782,1.746,1.743,1.791,508660000,300060000,0
2022-01-26,1.746,1.710,1.695,1.761,553850000,318170000,0
2022-01-27,1.707,1.674,1.668,1.710,473500000,267010000,0
2022-01-28,1.683,1.677,1.659,1.695,411750000,230580000,0
2022-02-07,1.695,1.686,1.677,1.707,331760000,187280000,0
2022-02-08,1.665,1.650,1.608,1.668,800830000,435840000,0
2022-02-09,1.650,1.656,1.620,1.662,678430000,371950000,0
2022-02-10,1.653,1.614,1.608,1.653,783510000,424440000,0
2022-02-11,1.602,1.560,1.554,1.602,838140000,440450000,0
2022-02-14,1.554,1.578,1.551,1.590,521710000,273800000,0
2022-02-15,1.578,1.668,1.572,1.671,1253670000,683720000,0
2022-02-16,1.668,1.671,1.659,1.689,594770000,331770000,0
2022-02-17,1.671,1.674,1.656,1.680,356610000,198490000,0
2022-02-18,1.662,1.683,1.656,1.686,350930000,195790000,0
2022-02-21,1.695,1.683,1.665,1.704,311740000,174810000,0
2022-02-22,1.668,1.647,1.635,1.668,372190000,204220000,0
2022-02-23,1.650,1.686,1.647,1.686,351960000,195970000,0
2022-02-24,1.671,1.647,1.629,1.698,480550000,266520000,0
2022-02-25,1.662,1.725,1.659,1.734,1034300000,592250000,0
2022-02-28,1.722,1.737,1.701,1.740,736200000,423500000,0
2022-03-01,1.737,1.746,1.725,1.755,477640000,277090000,0
2022-03-02,1.725,1.719,1.701,1.731,552480000,315900000,0
2022-03-03,1.725,1.701,1.695,1.728,351810000,200110000,0
2022-03-04,1.680,1.701,1.677,1.722,599010000,340260000,0
2022-03-07,1.686,1.641,1.635,1.695,553370000,304980000,0
2022-03-08,1.632,1.602,1.596,1.671,453850000,246830000,0
2022-03-09,1.602,1.557,1.497,1.617,853620000,443160000,0
2022-03-10,1.596,1.626,1.590,1.626,656190000,352430000,0
2022-03-11,1.599,1.668,1.593,1.668,590640000,320420000,0
2022-03-14,1.689,1.626,1.623,1.692,770470000,424230000,0
2022-03-15,1.596,1.548,1.539,1.632,757810000,399600000,0
2022-03-16,1.569,1.584,1.494,1.590,888280000,455730000,0
2022-03-17,1.608,1.635,1.596,1.674,956740000,523070000,0
2022-03-18,1.620,1.632,1.608,1.638,433030000,234120000,0
2022-03-21,1.635,1.638,1.611,1.650,358480000,195310000,0
2022-03-22,1.626,1.599,1.593,1.626,441130000,235960000,0
2022-03-23,1.605,1.653,1.596,1.662,917290000,501030000,0
2022-03-24,1.635,1.689,1.620,1.707,985360000,549490000,0
2022-03-25,1.677,1.629,1.626,1.686,597190000,329660000,0
2022-03-28,1.620,1.629,1.611,1.638,443220000,240080000,0
2022-03-29,1.635,1.635,1.623,1.656,331610000,181250000,0
2022-03-30,1.641,1.692,1.617,1.692,622180000,344480000,0
2022-03-31,1.680,1.680,1.671,1.713,539220000,303850000,0
2022-04-01,1.665,1.671,1.647,1.680,439970000,244200000,0
2022-04-06,1.674,1.659,1.650,1.683,422870000,234480000,0
2022-04-07,1.647,1.629,1.629,1.668,431160000,236300000,0
2022-04-08,1.629,1.611,1.596,1.638,414920000,223580000,0
2022-04-11,1.605,1.584,1.575,1.614,472170000,250350000,0
2022-04-12,1.584,1.638,1.581,1.641,456610000,245210000,0
2022-04-13,1.626,1.602,1.596,1.629,385220000,206930000,0
2022-04-14,1.611,1.635,1.605,1.650,535530000,290520000,0
2022-04-15,1.623,1.650,1.605,1.668,494660000,270370000,0
2022-04-18,1.635,1.647,1.629,1.650,281910000,154150000,0
2022-04-19,1.641,1.605,1.596,1.656,616480000,331730000,0
2022-04-20,1.602,1.572,1.566,1.605,560940000,296120000,0
2022-04-21,1.563,1.533,1.524,1.587,508940000,263460000,0
2022-04-22,1.527,1.548,1.512,1.566,473760000,242290000,0
2022-04-25,1.527,1.476,1.473,1.536,565300000,285200000,0
2022-04-26,1.479,1.509,1.479,1.545,598040000,302210000,0
2022-04-27,1.494,1.548,1.485,1.551,509020000,256990000,0
2022-04-28,1.533,1.518,1.503,1.539,506990000,256350000,0
2022-04-29,1.518,1.551,1.506,1.557,892930000,455940000,0
2022-05-05,1.539,1.545,1.524,1.554,373330000,191620000,0
2022-05-06,1.515,1.518,1.509,1.539,415130000,210980000,0
2022-05-09,1.512,1.497,1.491,1.527,437270000,219470000,0
2022-05-10,1.479,1.518,1.470,1.530,445030000,223070000,0
2022-05-11,1.515,1.548,1.506,1.578,1011460000,523630000,0
2022-05-12,1.533,1.566,1.533,1.572,467290000,242920000,0
2022-05-13,1.572,1.566,1.551,1.584,415550000,216980000,0
2022-05-16,1.566,1.533,1.530,1.572,499290000,256990000,0
2022-05-17,1.530,1.539,1.518,1.542,399950000,203770000,0
2022-05-18,1.539,1.515,1.509,1.545,499450000,253220000,0
2022-05-19,1.500,1.518,1.494,1.518,397860000,199440000,0
2022-05-20,1.521,1.554,1.521,1.560,878860000,452940000,0
2022-05-23,1.566,1.548,1.545,1.569,379290000,196350000,0
2022-05-24,1.551,1.491,1.491,1.554,747370000,376730000,0
2022-05-25,1.491,1.497,1.488,1.506,782170000,389920000,0
2022-05-26,1.500,1.479,1.467,1.503,824900000,406220000,0
2022-05-27,1.488,1.491,1.485,1.521,867500000,434770000,0
2022-05-30,1.494,1.506,1.482,1.518,542980000,271160000,0
2022-05-31,1.503,1.551,1.491,1.554,955590000,486910000,0
2022-06-01,1.545,1.545,1.536,1.566,538350000,278310000,0
2022-06-02,1.536,1.527,1.512,1.542,540290000,274170000,0
2022-06-06,1.530,1.569,1.518,1.572,1172470000,607890000,0
2022-06-07,1.572,1.596,1.560,1.602,838710000,443960000,0
2022-06-08,1.596,1.629,1.590,1.647,1216380000,657810000,0
2022-06-09,1.626,1.587,1.581,1.629,721800000,385620000,0
2022-06-10,1.572,1.605,1.569,1.608,508400000,269540000,0
2022-06-13,1.578,1.569,1.554,1.581,715460000,372850000,0
2022-06-14,1.551,1.578,1.539,1.581,622370000,323450000,0
2022-06-15,1.578,1.587,1.572,1.608,835910000,442880000,0
2022-06-16,1.584,1.608,1.581,1.620,819710000,438920000,0
2022-06-17,1.596,1.653,1.578,1.653,1007200000,543940000,0
2022-06-20,1.656,1.665,1.647,1.689,790220000,438950000,0
2022-06-21,1.665,1.659,1.644,1.686,681380000,378070000,0
2022-06-22,1.662,1.632,1.629,1.668,535420000,294690000,0
2022-06-23,1.635,1.644,1.611,1.650,793540000,430950000,0
2022-06-24,1.647,1.698,1.644,1.701,1496350000,839870000,0
2022-06-27,1.701,1.710,1.698,1.734,934960000,535250000,0
2022-06-28,1.704,1.698,1.674,1.707,1049810000,590690000,0
2022-06-29,1.695,1.695,1.683,1.731,868680000,495110000,0
2022-06-30,1.698,1.740,1.695,1.755,879340000,508180000,0
2022-07-01,1.743,1.725,1.710,1.749,625070000,359730000,0
2022-07-04,1.728,1.806,1.716,1.806,1095190000,649080000,0
2022-07-05,1.809,1.818,1.770,1.836,1112590000,666650000,0
2022-07-06,1.809,1.788,1.773,1.842,941970000,567500000,0
2022-07-07,1.791,1.755,1.725,1.791,1029080000,600120000,0
2022-07-08,1.758,1.761,1.752,1.782,624650000,367600000,0
2022-07-11,1.758,1.737,1.719,1.764,808120000,468590000,0
2022-07-12,1.746,1.680,1.680,1.752,937170000,531580000,0
2022-07-13,1.680,1.689,1.671,1.698,485480000,272620000,0
2022-07-14,1.692,1.731,1.686,1.746,796100000,458370000,0
2022-07-15,1.728,1.692,1.692,1.740,609500000,348920000,0
2022-07-18,1.689,1.689,1.641,1.695,688810000,382560000,0
2022-07-19,1.686,1.665,1.650,1.695,740390000,411570000,0
2022-07-20,1.680,1.692,1.671,1.707,701050000,395330000,0
2022-07-21,1.692,1.686,1.677,1.707,545170000,306910000,0
2022-07-22,1.692,1.659,1.647,1.698,692380000,384980000,0
2022-07-25,1.659,1.656,1.644,1.668,425050000,234300000,0
2022-07-26,1.659,1.656,1.641,1.668,682350000,375560000,0
2022-07-27,1.653,1.638,1.629,1.659,622750000,340330000,0
2022-07-28,1.644,1.623,1.617,1.647,801380000,434710000,0
2022-07-29,1.620,1.578,1.569,1.623,1174940000,623010000,0
2022-08-01,1.569,1.587,1.560,1.593,687670000,361920000,0
2022-08-02,1.572,1.554,1.539,1.578,704520000,365800000,0
2022-08-03,1.557,1.557,1.551,1.581,672340000,350370000,0
2022-08-04,1.563,1.581,1.563,1.584,642910000,337260000,0
2022-08-05,1.587,1.608,1.581,1.611,714410000,380920000,0
2022-08-08,1.608,1.596,1.590,1.617,714560000,380970000,0
2022-08-09,1.593,1.587,1.572,1.593,492430000,259340000,0
2022-08-10,1.584,1.554,1.545,1.584,879800000,457570000,0
2022-08-11,1.563,1.605,1.560,1.608,904450000,478850000,0
2022-08-12,1.602,1.605,1.587,1.608,470370000,250870000,0
2022-08-15,1.593,1.578,1.572,1.599,657130000,346520000,0
2022-08-16,1.578,1.563,1.554,1.581,741060000,386600000,0
2022-08-17,1.560,1.572,1.551,1.578,671870000,350970000,0
2022-08-18,1.566,1.551,1.545,1.572,908950000,470030000,0
2022-08-19,1.545,1.530,1.527,1.551,979290000,501970000,0
2022-08-22,1.527,1.539,1.512,1.542,597120000,304810000,0
2022-08-23,1.536,1.515,1.509,1.539,823400000,416530000,0
2022-08-24,1.509,1.494,1.494,1.524,843470000,423350000,0
2022-08-25,1.497,1.509,1.491,1.512,645980000,323530000,0
2022-08-26,1.509,1.515,1.506,1.542,838610000,426080000,0
2022-08-29,1.500,1.503,1.488,1.506,709870000,354320000,0
2022-08-30,1.503,1.506,1.488,1.509,561190000,280120000,0
2022-08-31,1.497,1.527,1.497,1.539,1009260000,511600000,0
2022-09-01,1.521,1.515,1.512,1.539,635880000,323290000,0
2022-09-02,1.515,1.503,1.491,1.530,789380000,395900000,0
2022-09-05,1.506,1.485,1.473,1.515,1130680000,560200000,0
2022-09-06,1.485,1.479,1.467,1.485,876530000,430950000,0
2022-09-07,1.473,1.473,1.461,1.482,888130000,435430000,0
2022-09-08,1.476,1.467,1.467,1.485,739650000,363290000,0
2022-09-09,1.485,1.509,1.485,1.512,1293440000,647630000,0
2022-09-13,1.500,1.473,1.467,1.506,1436980000,708660000,0
2022-09-14,1.455,1.464,1.443,1.470,1046030000,507870000,0
2022-09-15,1.470,1.455,1.446,1.494,1171470000,573960000,0
2022-09-16,1.449,1.413,1.410,1.455,1209980000,577790000,0
2022-09-19,1.410,1.386,1.377,1.419,999460000,464040000,0
2022-09-20,1.386,1.383,1.371,1.395,633890000,292650000,0
2022-09-21,1.380,1.353,1.350,1.380,1153690000,521770000,0
2022-09-22,1.338,1.329,1.326,1.350,714880000,318080000,0
2022-09-23,1.326,1.314,1.299,1.335,853580000,374510000,0
2022-09-26,1.308,1.320,1.305,1.341,882610000,390720000,0
2022-09-27,1.320,1.392,1.314,1.395,1436080000,652100000,0
2022-09-28,1.383,1.386,1.380,1.416,1061810000,495450000,0
2022-09-29,1.398,1.410,1.395,1.437,1162620000,549800000,0
2022-09-30,1.404,1.404,1.404,1.434,818250000,386760000,0
2022-10-10,1.410,1.362,1.359,1.422,839050000,388270000,0
2022-10-11,1.365,1.353,1.338,1.368,666880000,300120000,0
2022-10-12,1.350,1.362,1.308,1.365,1043220000,463180000,0
2022-10-13,1.356,1.392,1.350,1.407,961120000,445450000,0
2022-10-14,1.413,1.530,1.407,1.530,2889120000,1434650000,0
2022-10-17,1.545,1.542,1.524,1.569,1804980000,928290000,0
2022-10-18,1.545,1.551,1.509,1.566,1293830000,665720000,0
2022-10-19,1.536,1.524,1.518,1.542,1190430000,606550000,0
2022-10-20,1.509,1.533,1.506,1.566,1273030000,654510000,0
2022-10-21,1.527,1.527,1.503,1.542,919850000,466360000,0
2022-10-24,1.524,1.473,1.458,1.527,1578070000,780330000,0
2022-10-25,1.455,1.437,1.416,1.476,1315200000,631430000,0
2022-10-26,1.449,1.524,1.449,1.539,1787230000,899680000,0
2022-10-27,1.518,1.494,1.476,1.518,1696740000,844430000,0
2022-10-28,1.476,1.461,1.455,1.503,1133970000,559220000,0
2022-10-31,1.443,1.452,1.425,1.470,1137370000,548640000,0
2022-11-01,1.455,1.488,1.422,1.491,1872280000,910050000,0
2022-11-02,1.473,1.512,1.464,1.533,1885650000,947590000,0
2022-11-03,1.494,1.512,1.485,1.527,1170430000,586770000,0
2022-11-04,1.509,1.542,1.506,1.551,1447160000,738380000,0
2022-11-07,1.533,1.542,1.518,1.548,1325250000,676730000,0
2022-11-08,1.536,1.515,1.503,1.539,995330000,502920000,0
2022-11-09,1.515,1.506,1.506,1.530,812220000,409890000,0
2022-11-10,1.497,1.497,1.491,1.524,1105180000,554490000,0
2022-11-11,1.545,1.512,1.509,1.560,2136470000,1095380000,0
2022-11-14,1.509,1.548,1.506,1.557,1432490000,735980000,0
2022-11-15,1.545,1.560,1.509,1.563,1720200000,881090000,0
2022-11-16,1.554,1.563,1.545,1.590,1554330000,813900000,0
2022-11-17,1.551,1.557,1.533,1.569,1055770000,545060000,0
2022-11-18,1.569,1.566,1.560,1.590,1672380000,876890000,0
2022-11-21,1.545,1.551,1.524,1.554,834580000,428970000,0
2022-11-22,1.545,1.518,1.500,1.563,1359910000,691630000,0
2022-11-23,1.509,1.491,1.473,1.512,1325730000,657150000,0
2022-11-24,1.491,1.497,1.485,1.506,665770000,331860000,0
2022-11-25,1.494,1.485,1.470,1.494,671510000,331500000,0
2022-11-28,1.449,1.458,1.443,1.473,977520000,473180000,0
2022-11-29,1.455,1.500,1.455,1.512,1087800000,540640000,0
2022-11-30,1.503,1.491,1.482,1.512,632510000,315200000,0
2022-12-01,1.518,1.515,1.503,1.524,1128450000,569380000,0
2022-12-02,1.509,1.506,1.506,1.527,505790000,255320000,0
2022-12-05,1.524,1.515,1.503,1.527,867790000,437780000,0
2022-12-06,1.509,1.509,1.503,1.533,844850000,426940000,0
2022-12-07,1.503,1.512,1.491,1.524,826340000,415430000,0
2022-12-08,1.512,1.512,1.500,1.515,684100000,343470000,0
2022-12-09,1.509,1.524,1.500,1.524,1175090000,592930000,0
2022-12-12,1.524,1.524,1.518,1.536,723330000,368070000,0
2022-12-13,1.527,1.503,1.494,1.530,782660000,391990000,0
2022-12-14,1.500,1.494,1.491,1.509,602070000,300730000,0
2022-12-15,1.494,1.497,1.485,1.506,616360000,306930000,0
2022-12-16,1.491,1.497,1.485,1.500,430510000,214270000,0
2022-12-19,1.497,1.458,1.452,1.497,916780000,447940000,0
2022-12-20,1.452,1.431,1.425,1.458,1138870000,544060000,0
2022-12-21,1.428,1.431,1.422,1.443,508720000,242580000,0
2022-12-22,1.440,1.449,1.425,1.476,766230000,371730000,0
2022-12-23,1.446,1.476,1.443,1.482,752190000,368250000,0
2022-12-26,1.479,1.473,1.467,1.485,436110000,214350000,0
2022-12-27,1.473,1.500,1.461,1.503,909360000,450710000,0
2022-12-28,1.494,1.506,1.494,1.521,776170000,390010000,0
2022-12-29,1.500,1.524,1.497,1.539,968550000,492460000,0
2022-12-30,1.527,1.524,1.518,1.533,714700000,363870000,0
2023-01-03,1.524,1.521,1.503,1.533,605910000,306260000,0
2023-01-04,1.518,1.530,1.515,1.539,649130000,331130000,0
2023-01-05,1.533,1.569,1.533,1.581,1505230000,782770000,0
2023-01-06,1.569,1.563,1.554,1.569,716290000,372550000,0
2023-01-09,1.563,1.569,1.554,1.578,669020000,349250000,0
2023-01-10,1.569,1.590,1.560,1.596,700320000,369800000,0
2023-01-11,1.590,1.578,1.578,1.599,548680000,290710000,0
2023-01-12,1.584,1.578,1.569,1.593,559050000,294520000,0
2023-01-13,1.581,1.620,1.572,1.623,1006680000,539510000,0
2023-01-16,1.623,1.674,1.620,1.701,1483520000,827540000,0
2023-01-17,1.671,1.665,1.653,1.677,794630000,441410000,0
2023-01-18,1.662,1.650,1.644,1.665,449540000,247620000,0
2023-01-19,1.644,1.686,1.638,1.698,606260000,338110000,0
2023-01-20,1.686,1.677,1.677,1.713,814870000,458840000,0
2023-01-30,1.701,1.665,1.665,1.704,740860000,414140000,0
2023-01-31,1.662,1.623,1.623,1.665,696130000,380160000,0
2023-02-01,1.626,1.644,1.611,1.647,807670000,437770000,0
2023-02-02,1.647,1.662,1.635,1.677,757940000,419540000,0
2023-02-03,1.650,1.641,1.623,1.662,680890000,372210000,0
2023-02-06,1.623,1.614,1.602,1.629,938100000,504430000,0
2023-02-07,1.617,1.614,1.602,1.632,679900000,366520000,0
2023-02-08,1.614,1.614,1.608,1.635,557220000,301210000,0
2023-02-09,1.605,1.632,1.605,1.632,465030000,251340000,0
2023-02-10,1.626,1.629,1.614,1.635,453370000,245450000,0
2023-02-13,1.626,1.638,1.623,1.656,674390000,368330000,0
2023-02-14,1.638,1.638,1.626,1.647,542420000,295320000,0
2023-02-15,1.638,1.605,1.605,1.638,526910000,283720000,0
2023-02-16,1.608,1.602,1.581,1.626,677450000,362850000,0
2023-02-17,1.593,1.581,1.581,1.605,563700000,299180000,0
2023-02-20,1.584,1.605,1.563,1.605,594860000,314000000,0
2023-02-21,1.602,1.590,1.578,1.605,602310000,319140000,0
2023-02-22,1.578,1.578,1.572,1.593,393390000,207320000,0
2023-02-23,1.572,1.569,1.563,1.596,622150000,326690000,0
2023-02-24,1.572,1.560,1.551,1.575,657590000,342190000,0
2023-02-27,1.548,1.542,1.533,1.554,591270000,303860000,0
2023-02-28,1.542,1.554,1.542,1.560,489110000,252900000,0
2023-03-01,1.557,1.554,1.536,1.557,770330000,397230000,0
2023-03-02,1.548,1.536,1.533,1.551,625550000,321210000,0
2023-03-03,1.539,1.542,1.530,1.554,822460000,422790000,0
2023-03-06,1.542,1.542,1.530,1.548,603370000,309360000,0
2023-03-07,1.539,1.509,1.509,1.551,911210000,464180000,0
2023-03-08,1.506,1.506,1.500,1.518,617460000,310250000,0
2023-03-09,1.506,1.500,1.494,1.512,654920000,328170000,0
2023-03-10,1.494,1.503,1.485,1.515,703840000,351590000,0
2023-03-13,1.497,1.497,1.488,1.503,632340000,315390000,0
2023-03-14,1.494,1.497,1.482,1.506,649320000,323780000,0
2023-03-15,1.503,1.485,1.482,1.512,908510000,453720000,0
2023-03-16,1.479,1.476,1.470,1.494,729610000,360440000,0
2023-03-17,1.485,1.449,1.440,1.485,1468780000,713910000,0
2023-03-20,1.443,1.434,1.419,1.449,1005560000,479960000,0
2023-03-21,1.437,1.482,1.434,1.482,1136310000,555040000,0
2023-03-22,1.485,1.485,1.473,1.494,890960000,440920000,0
2023-03-23,1.479,1.485,1.476,1.494,595700000,294660000,0
2023-03-24,1.491,1.482,1.476,1.500,776230000,384850000,0
2023-03-27,1.482,1.509,1.464,1.518,1158400000,579120000,0
2023-03-28,1.509,1.509,1.503,1.521,770300000,388560000,0
2023-03-29,1.512,1.494,1.491,1.515,727780000,363580000,0
2023-03-30,1.494,1.503,1.485,1.509,773020000,386450000,0
2023-03-31,1.503,1.494,1.485,1.506,892900000,444040000,0
2023-04-03,1.491,1.473,1.464,1.494,1942060000,954390000,0
2023-04-04,1.473,1.470,1.455,1.473,1501220000,732330000,0
2023-04-06,1.470,1.482,1.467,1.485,1083890000,533890000,0
2023-04-07,1.485,1.524,1.479,1.527,1842950000,929590000,0
2023-04-10,1.533,1.530,1.524,1.545,1589780000,812720000,0
2023-04-11,1.530,1.521,1.512,1.545,1167370000,594120000,0
2023-04-12,1.518,1.512,1.506,1.530,1094400000,552240000,0
2023-04-13,1.506,1.536,1.494,1.542,1396600000,709400000,0
2023-04-14,1.542,1.533,1.527,1.560,1616970000,830080000,0
2023-04-17,1.530,1.530,1.518,1.536,1076360000,548060000,0
2023-04-18,1.518,1.515,1.509,1.521,1494740000,754770000,0
2023-04-19,1.512,1.500,1.500,1.518,1341350000,672700000,0
2023-04-20,1.500,1.473,1.464,1.506,1743160000,861110000,0
2023-04-21,1.467,1.449,1.446,1.476,1378580000,670220000,0
2023-04-24,1.452,1.422,1.410,1.455,2172750000,1034470000,0
2023-04-25,1.419,1.389,1.377,1.422,1943740000,903120000,0
2023-04-26,1.383,1.398,1.380,1.407,1185090000,551970000,0
2023-04-27,1.395,1.413,1.392,1.422,1039720000,487410000,0
2023-04-28,1.416,1.413,1.404,1.422,1212340000,570640000,0
2023-05-04,1.410,1.398,1.392,1.416,1073960000,500970000,0
2023-05-05,1.398,1.380,1.374,1.401,1002850000,461990000,0
2023-05-08,1.383,1.380,1.362,1.386,1294470000,591540000,0
2023-05-09,1.377,1.356,1.353,1.380,1272570000,579120000,0
2023-05-10,1.353,1.365,1.347,1.374,927070000,420880000,0
2023-05-11,1.368,1.374,1.368,1.389,923620000,424080000,0
2023-05-12,1.371,1.365,1.362,1.383,681550000,311270000,0
2023-05-15,1.365,1.392,1.362,1.392,811660000,372400000,0
2023-05-16,1.392,1.392,1.386,1.398,704740000,326960000,0
2023-05-17,1.392,1.377,1.374,1.392,688360000,316810000,0
2023-05-18,1.380,1.368,1.362,1.383,711730000,325410000,0
2023-05-19,1.365,1.380,1.359,1.389,718960000,329970000,0
2023-05-22,1.383,1.392,1.377,1.401,770120000,356740000,0
2023-05-23,1.392,1.383,1.383,1.404,719730000,334400000,0
2023-05-24,1.380,1.374,1.368,1.383,622590000,285300000,0
2023-05-25,1.371,1.365,1.353,1.371,873040000,396330000,0
2023-05-26,1.365,1.359,1.353,1.368,944460000,428210000,0
2023-05-29,1.359,1.356,1.344,1.368,796990000,359460000,0
2023-05-30,1.353,1.344,1.320,1.359,1143580000,510110000,0
2023-05-31,1.338,1.329,1.323,1.350,790550000,351630000,0
2023-06-01,1.326,1.338,1.320,1.350,853460000,380340000,0
2023-06-02,1.344,1.347,1.335,1.353,808410000,362510000,0
2023-06-05,1.347,1.335,1.329,1.347,633620000,281870000,0
2023-06-06,1.332,1.305,1.302,1.335,1344620000,589810000,0
2023-06-07,1.308,1.290,1.284,1.311,1223030000,528510000,0
2023-06-08,1.290,1.284,1.278,1.293,1024840000,438620000,0
2023-06-09,1.284,1.299,1.281,1.311,966120000,418390000,0
2023-06-12,1.299,1.302,1.287,1.308,846240000,366560000,0
2023-06-13,1.299,1.305,1.293,1.311,816760000,354180000,0
2023-06-14,1.305,1.305,1.299,1.320,1002560000,437560000,0
2023-06-15,1.305,1.335,1.302,1.347,1604890000,707150000,0
2023-06-16,1.338,1.338,1.329,1.344,1201350000,535310000,0
2023-06-19,1.335,1.326,1.320,1.335,742230000,328180000,0
2023-06-20,1.323,1.314,1.311,1.332,692210000,304420000,0
2023-06-21,1.311,1.281,1.275,1.311,1736350000,744890000,0
2023-06-26,1.269,1.269,1.260,1.278,1139270000,481920000,0
2023-06-27,1.272,1.275,1.266,1.287,1026970000,436630000,0
2023-06-28,1.275,1.263,1.260,1.278,1048780000,442690000,0
2023-06-29,1.266,1.257,1.251,1.269,1148170000,481650000,0
2023-06-30,1.254,1.269,1.254,1.275,822790000,347140000,0
2023-07-03,1.266,1.272,1.260,1.275,1074350000,454300000,0
2023-07-04,1.269,1.278,1.260,1.281,1700840000,721240000,0
2023-07-05,1.275,1.266,1.263,1.278,810680000,342740000,0
2023-07-06,1.263,1.248,1.248,1.266,1330420000,556640000,0
2023-07-07,1.245,1.242,1.239,1.251,1220910000,506340000,0
2023-07-10,1.248,1.251,1.245,1.263,1036740000,433550000,0
2023-07-11,1.254,1.257,1.245,1.260,742760000,310180000,0
2023-07-12,1.257,1.245,1.242,1.257,830830000,346370000,0
2023-07-13,1.251,1.272,1.248,1.278,1696600000,717420000,0
2023-07-14,1.272,1.269,1.266,1.278,660890000,279870000,0
2023-07-17,1.263,1.251,1.245,1.266,1132960000,472330000,0
2023-07-18,1.251,1.248,1.239,1.254,902450000,374750000,0
2023-07-19,1.248,1.245,1.239,1.254,893750000,370930000,0
2023-07-20,1.248,1.242,1.242,1.257,911100000,379490000,0
2023-07-21,1.242,1.257,1.239,1.269,1412030000,591120000,0
2023-07-24,1.254,1.260,1.254,1.272,1208350000,509040000,0
2023-07-25,1.272,1.275,1.260,1.278,1438310000,608950000,0
2023-07-26,1.269,1.281,1.269,1.290,1382390000,590800000,0
2023-07-27,1.284,1.281,1.275,1.287,877790000,374660000,0
2023-07-28,1.275,1.296,1.269,1.299,1805770000,772750000,0
2023-07-31,1.302,1.290,1.284,1.311,1866940000,808170000,0
2023-08-01,1.290,1.287,1.281,1.308,1397490000,602940000,0
2023-08-02,1.281,1.263,1.260,1.284,1717780000,727250000,0
2023-08-03,1.260,1.287,1.257,1.287,1460120000,620530000,0
2023-08-04,1.290,1.281,1.275,1.296,1304140000,557270000,0
2023-08-07,1.272,1.239,1.236,1.275,3446200000,1430470000,0
2023-08-08,1.233,1.239,1.227,1.245,1654770000,681890000,0
2023-08-09,1.233,1.257,1.233,1.269,2212700000,925850000,0
2023-08-10,1.257,1.260,1.248,1.266,911300000,381480000,0
2023-08-11,1.260,1.248,1.245,1.269,1135020000,475190000,0
2023-08-14,1.239,1.245,1.227,1.245,1421450000,584580000,0
2023-08-15,1.239,1.230,1.221,1.242,1580480000,647410000,0
2023-08-16,1.227,1.230,1.224,1.248,1242040000,512100000,0
2023-08-17,1.227,1.236,1.218,1.236,1301440000,532370000,0
2023-08-18,1.233,1.212,1.209,1.236,1834880000,746340000,0
2023-08-21,1.206,1.203,1.200,1.224,1452530000,585830000,0
2023-08-22,1.209,1.197,1.182,1.212,2793700000,1112240000,0
2023-08-23,1.194,1.173,1.170,1.197,1719470000,677930000,0
2023-08-24,1.176,1.203,1.173,1.212,1673600000,665180000,0
2023-08-25,1.200,1.188,1.185,1.206,1447990000,576550000,0
2023-08-28,1.257,1.197,1.197,1.260,2561480000,1040820000,0
2023-08-29,1.200,1.224,1.197,1.230,1754170000,711060000,0
2023-08-30,1.227,1.230,1.221,1.236,1227390000,502530000,0
2023-08-31,1.227,1.224,1.218,1.230,919750000,374810000,0
2023-09-01,1.227,1.218,1.215,1.230,637730000,259150000,0
2023-09-04,1.224,1.233,1.218,1.239,1117330000,457520000,0
2023-09-05,1.230,1.224,1.221,1.230,566850000,231380000,0
2023-09-06,1.221,1.203,1.200,1.221,1281770000,515490000,0
2023-09-07,1.203,1.182,1.179,1.203,2036080000,806050000,0
2023-09-08,1.179,1.185,1.179,1.191,845020000,333880000,0
2023-09-11,1.185,1.209,1.185,1.215,1615860000,648750000,0
2023-09-12,1.209,1.209,1.200,1.215,770540000,310200000,0
2023-09-13,1.206,1.194,1.188,1.209,1088020000,433850000,0
2023-09-14,1.197,1.197,1.185,1.203,922970000,367460000,0
2023-09-15,1.200,1.221,1.191,1.233,1989200000,806660000,0
2023-09-18,1.221,1.236,1.218,1.242,1529490000,628580000,0
2023-09-19,1.236,1.230,1.221,1.242,850980000,348400000,0
2023-09-20,1.224,1.218,1.218,1.233,689150000,281010000,0
2023-09-21,1.215,1.203,1.203,1.218,783870000,315790000,0
2023-09-22,1.200,1.221,1.194,1.221,950960000,382540000,0
2023-09-25,1.215,1.233,1.215,1.242,1288920000,528860000,0
2023-09-26,1.233,1.227,1.224,1.239,766540000,314490000,0
2023-09-27,1.227,1.257,1.227,1.263,2035320000,848820000,0
2023-09-28,1.260,1.251,1.245,1.266,859100000,358450000,0
2023-10-09,1.245,1.245,1.227,1.251,1139880000,470990000,0
2023-10-10,1.248,1.227,1.224,1.251,1021680000,419760000,0
2023-10-11,1.227,1.266,1.227,1.281,2213860000,932310000,0
2023-10-12,1.275,1.269,1.260,1.281,946180000,400500000,0
2023-10-13,1.263,1.272,1.257,1.275,1020380000,431670000,0
2023-10-16,1.275,1.251,1.245,1.281,1134730000,476530000,0
2023-10-17,1.257,1.245,1.236,1.260,1158840000,479810000,0
2023-10-18,1.242,1.221,1.221,1.242,1211800000,495890000,0
2023-10-19,1.218,1.209,1.206,1.221,1134150000,458180000,0
2023-10-20,1.203,1.191,1.188,1.206,1533950000,611220000,0
2023-10-23,1.185,1.179,1.173,1.194,1413270000,557040000,0
2023-10-24,1.182,1.185,1.170,1.191,1326170000,521980000,0
2023-10-25,1.191,1.167,1.161,1.194,2952050000,1157740000,0
2023-10-26,1.161,1.176,1.158,1.179,1186610000,462650000,0
2023-10-27,1.173,1.221,1.167,1.227,2705260000,1083660000,0
2023-10-30,1.218,1.260,1.215,1.263,2638340000,1101320000,0
2023-10-31,1.251,1.251,1.239,1.260,1197240000,498680000,0
2023-11-01,1.254,1.242,1.230,1.257,1146880000,473900000,0
2023-11-02,1.245,1.230,1.230,1.251,927530000,383380000,0
2023-11-03,1.233,1.245,1.233,1.254,1171770000,486320000,0
2023-11-06,1.254,1.275,1.254,1.281,1647770000,697030000,0
2023-11-07,1.272,1.272,1.266,1.281,1040200000,441720000,0
2023-11-08,1.269,1.281,1.266,1.293,1563500000,669210000,0
2023-11-09,1.281,1.266,1.266,1.293,893050000,380190000,0
2023-11-10,1.260,1.263,1.254,1.272,700320000,294740000,0
2023-11-13,1.269,1.251,1.248,1.272,955740000,399750000,0
2023-11-14,1.254,1.260,1.251,1.269,749060000,314250000,0
2023-11-15,1.275,1.266,1.263,1.281,869980000,368500000,0
2023-11-16,1.266,1.245,1.245,1.269,921160000,384760000,0
2023-11-17,1.242,1.251,1.239,1.251,893680000,370910000,0
2023-11-20,1.254,1.263,1.245,1.266,904270000,378400000,0
2023-11-21,1.266,1.257,1.257,1.272,913650000,385080000,0
2023-11-22,1.257,1.242,1.239,1.260,815060000,339160000,0
2023-11-23,1.239,1.245,1.236,1.248,832840000,344850000,0
2023-11-24,1.245,1.239,1.236,1.251,800050000,330760000,0
2023-11-27,1.239,1.230,1.227,1.242,806610000,331080000,0
2023-11-28,1.230,1.251,1.224,1.251,1030250000,426750000,0
2023-11-29,1.248,1.239,1.236,1.254,857920000,356050000,0
2023-11-30,1.239,1.242,1.236,1.248,880010000,364240000,0
2023-12-01,1.242,1.245,1.230,1.248,938070000,387340000,0
2023-12-04,1.242,1.206,1.206,1.242,1592870000,646070000,0
2023-12-05,1.203,1.188,1.185,1.212,1545570000,617150000,0
2023-12-06,1.188,1.191,1.182,1.203,961040000,381180000,0
2023-12-07,1.191,1.188,1.176,1.194,994300000,392480000,0
2023-12-08,1.182,1.200,1.176,1.206,1093940000,433990000,0
2023-12-11,1.194,1.206,1.182,1.209,969290000,385610000,0
2023-12-12,1.203,1.197,1.188,1.206,873860000,348070000,0
2023-12-13,1.191,1.182,1.179,1.197,1039360000,411630000,0
2023-12-14,1.188,1.176,1.173,1.200,1121850000,443200000,0
2023-12-15,1.179,1.167,1.161,1.185,1439310000,562630000,0
2023-12-18,1.164,1.170,1.158,1.182,1245430000,485180000,0
2023-12-19,1.167,1.158,1.152,1.167,1138800000,440000000,0
2023-12-20,1.161,1.155,1.152,1.170,769450000,297520000,0
2023-12-21,1.146,1.155,1.143,1.161,1282060000,492890000,0
2023-12-22,1.155,1.143,1.140,1.158,1251410000,478850000,0
2023-12-25,1.143,1.152,1.140,1.155,649220000,248560000,0
2023-12-26,1.149,1.134,1.131,1.152,984390000,373450000,0
2023-12-27,1.137,1.140,1.128,1.143,871690000,329790000,0
2023-12-28,1.140,1.173,1.134,1.173,1624860000,627420000,0
2023-12-29,1.170,1.173,1.167,1.179,1076780000,420960000,0
2024-01-02,1.173,1.158,1.152,1.176,878250000,339330000,0
2024-01-03,1.155,1.152,1.146,1.164,711080000,273450000,0
2024-01-04,1.149,1.140,1.134,1.152,1003110000,381310000,0
2024-01-05,1.140,1.119,1.116,1.143,1253760000,471630000,0
2024-01-08,1.116,1.104,1.104,1.119,966910000,358070000,0
2024-01-09,1.107,1.104,1.101,1.119,1023440000,377800000,0
2024-01-10,1.104,1.110,1.095,1.119,980260000,362240000,0
2024-01-11,1.116,1.125,1.110,1.131,1127480000,421120000,0
2024-01-12,1.119,1.110,1.110,1.131,761260000,284340000,0
2024-01-15,1.104,1.107,1.101,1.122,708040000,262550000,0
2024-01-16,1.107,1.107,1.089,1.110,1096250000,401560000,0
2024-01-17,1.101,1.077,1.074,1.104,1067780000,387380000,0
2024-01-18,1.071,1.086,1.056,1.089,1418300000,504380000,0
2024-01-19,1.080,1.083,1.080,1.095,1030840000,373370000,0
2024-01-22,1.083,1.041,1.038,1.086,1510950000,534980000,0
2024-01-23,1.041,1.053,1.038,1.062,1225190000,429380000,0
2024-01-24,1.059,1.068,1.035,1.068,1266100000,444320000,0
2024-01-25,1.062,1.080,1.053,1.083,1382600000,492420000,0
2024-01-26,1.074,1.035,1.026,1.086,2063920000,726190000,0
2024-01-29,1.038,1.011,1.008,1.047,1561610000,534060000,0
2024-01-30,1.005,0.990,0.990,1.014,1135630000,379610000,0
2024-01-31,0.990,0.966,0.963,0.990,1421060000,461210000,0
2024-02-01,0.960,0.975,0.957,0.990,1261650000,409270000,0
2024-02-02,0.975,0.939,0.915,0.984,1731020000,548150000,0
2024-02-05,0.927,0.948,0.903,0.972,1984390000,617440000,0
2024-02-06,0.936,1.017,0.936,1.017,2030730000,666790000,0
2024-02-07,1.023,1.056,1.020,1.056,1891240000,659570000,0
2024-02-08,1.056,1.050,1.044,1.080,1379880000,488780000,0
2024-02-19,1.053,1.038,1.029,1.056,1312800000,454890000,0
2024-02-20,1.035,1.047,1.032,1.053,882090000,306750000,0
2024-02-21,1.041,1.059,1.035,1.074,1369250000,483090000,0
2024-02-22,1.053,1.053,1.047,1.059,1099210000,385380000,0
2024-02-23,1.053,1.050,1.041,1.056,849770000,296790000,0
2024-02-26,1.050,1.059,1.044,1.071,1120450000,395100000,0
2024-02-27,1.053,1.068,1.047,1.071,1179530000,416070000,0
2024-02-28,1.071,1.053,1.050,1.095,1742150000,626450000,0
2024-02-29,1.047,1.074,1.044,1.077,1184570000,419100000,0
2024-03-01,1.074,1.068,1.059,1.074,1089280000,387390000,0
2024-03-04,1.068,1.089,1.065,1.101,1553600000,561620000,0
2024-03-05,1.080,1.077,1.074,1.083,1025590000,368410000,0
2024-03-06,1.074,1.077,1.065,1.086,939350000,336680000,0
2024-03-07,1.065,1.035,1.032,1.065,1773140000,621010000,0
2024-03-08,1.035,1.035,1.026,1.044,970260000,334680000,0
2024-03-11,1.038,1.068,1.035,1.071,1615890000,567370000,0
2024-03-12,1.074,1.086,1.071,1.092,1608200000,580560000,0
2024-03-13,1.083,1.074,1.068,1.086,882990000,316470000,0
2024-03-14,1.095,1.077,1.068,1.104,1396120000,505760000,0
2024-03-15,1.071,1.071,1.062,1.089,964190000,344640000,0
2024-03-18,1.074,1.086,1.059,1.086,1060520000,379810000,0
2024-03-19,1.080,1.074,1.071,1.083,704970000,252990000,0
2024-03-20,1.071,1.071,1.062,1.080,873240000,311150000,0
2024-03-21,1.074,1.059,1.056,1.074,851260000,301700000,0
2024-03-22,1.053,1.038,1.032,1.056,1114680000,386650000,0
2024-03-25,1.038,1.029,1.026,1.050,812660000,281120000,0
2024-03-26,1.026,1.020,1.011,1.029,1126500000,382640000,0
2024-03-27,1.017,1.008,1.005,1.023,1034240000,349910000,0
2024-03-28,1.005,1.005,0.996,1.017,1263060000,423090000,0
2024-03-29,1.002,1.005,0.996,1.008,747080000,249160000,0
2024-04-01,1.005,1.020,1.002,1.023,1034700000,349580000,0
2024-04-02,1.020,1.008,1.005,1.023,806040000,271130000,0
2024-04-03,1.008,1.002,0.999,1.011,724920000,242520000,0
2024-04-08,0.993,0.972,0.972,0.993,1285910000,420130000,0
2024-04-09,0.975,0.993,0.969,0.996,1197390000,392010000,0
2024-04-10,0.990,0.975,0.972,0.990,815800000,266430000,0
2024-04-11,0.969,0.969,0.963,0.978,1187160000,383630000,0
2024-04-12,0.969,0.960,0.954,0.975,971230000,311890000,0
2024-04-15,0.957,0.960,0.954,0.972,1094430000,351980000,0
2024-04-16,0.957,0.939,0.936,0.960,1334860000,421200000,0
2024-04-17,0.939,0.951,0.936,0.957,1238310000,391270000,0
2024-04-18,0.948,0.954,0.942,0.966,1122840000,357570000,0
2024-04-19,0.948,0.939,0.930,0.951,1067230000,334190000,0
2024-04-22,0.933,0.951,0.933,0.957,864300000,273170000,0
2024-04-23,0.948,0.960,0.942,0.966,1383480000,439730000,0
2024-04-24,0.957,0.960,0.951,0.963,957500000,305810000,0
2024-04-25,0.957,0.966,0.954,0.975,1083390000,348870000,0
2024-04-26,0.963,0.990,0.963,0.993,1645160000,538490000,0
2024-04-29,0.993,1.020,0.990,1.026,1687530000,569190000,0
2024-04-30,1.014,1.008,1.008,1.020,1045910000,352970000,0
2024-05-06,1.023,1.044,1.023,1.047,1659310000,573650000,0
2024-05-07,1.041,1.044,1.035,1.047,1006830000,349710000,0
2024-05-08,1.044,1.035,1.032,1.050,1181150000,408920000,0
2024-05-09,1.032,1.044,1.029,1.047,1141170000,395510000,0
2024-05-10,1.044,1.035,1.029,1.047,1111690000,383930000,0
2024-05-13,1.044,1.032,1.026,1.047,1028950000,354670000,0
2024-05-14,1.029,1.044,1.026,1.047,1148440000,398710000,0
2024-05-15,1.038,1.020,1.020,1.038,999500000,342500000,0
2024-05-16,1.023,1.023,1.014,1.032,920120000,313980000,0
2024-05-17,1.020,1.020,1.011,1.029,957640000,324890000,0
2024-05-20,1.020,1.026,1.020,1.029,988110000,337380000,0
2024-05-21,1.026,1.014,1.011,1.026,789030000,267380000,0
2024-05-22,1.017,1.011,1.005,1.020,1196700000,403970000,0
2024-05-23,1.008,0.999,0.993,1.011,1102070000,367650000,0
2024-05-24,0.993,0.987,0.984,1.002,1051360000,347150000,0
2024-05-27,0.987,0.984,0.969,0.990,1223560000,398940000,0
2024-05-28,0.981,0.975,0.972,0.984,1067160000,347710000,0
2024-05-29,0.972,0.975,0.969,0.981,889770000,289210000,0
2024-05-30,0.972,0.975,0.966,0.978,733740000,237790000,0
2024-05-31,0.978,0.972,0.972,0.984,985010000,321190000,0
2024-06-03,0.972,0.963,0.960,0.975,1017530000,327700000,0
2024-06-04,0.963,0.981,0.960,0.981,1102420000,357370000,0
2024-06-05,0.978,0.978,0.972,0.990,1094910000,358560000,0
2024-06-06,0.981,0.963,0.960,0.984,1242610000,401690000,0
2024-06-07,0.966,0.960,0.954,0.972,1082490000,346710000,0
2024-06-11,0.957,0.966,0.948,0.969,1070690000,341450000,0
2024-06-12,0.966,0.972,0.960,0.981,1195440000,387190000,0
2024-06-13,0.975,0.960,0.957,0.975,940340000,301930000,0
2024-06-14,0.957,0.954,0.939,0.960,1650100000,521140000,0
2024-06-17,0.945,0.945,0.942,0.948,752850000,237280000,0
2024-06-18,0.948,0.939,0.933,0.951,1501230000,470340000,0
2024-06-19,0.939,0.927,0.927,0.939,1177310000,365240000,0
2024-06-20,0.927,0.915,0.915,0.936,1464870000,450690000,0
2024-06-21,0.912,0.915,0.909,0.921,1237980000,376840000,0
2024-06-24,0.909,0.903,0.903,0.915,1242820000,376220000,0
2024-06-25,0.903,0.897,0.891,0.909,1569060000,470450000,0
2024-06-26,0.897,0.915,0.891,0.918,1264500000,381340000,0
2024-06-27,0.912,0.900,0.900,0.915,993040000,299480000,0
2024-06-28,0.897,0.891,0.888,0.912,1472740000,441270000,0
2024-07-01,0.891,0.891,0.873,0.894,1394780000,410880000,0
2024-07-02,0.888,0.879,0.873,0.891,1396280000,409990000,0
2024-07-03,0.876,0.870,0.864,0.879,1566910000,454530000,0
2024-07-04,0.870,0.852,0.849,0.873,1432120000,410080000,0
2024-07-05,0.849,0.876,0.846,0.879,1956110000,562910000,0
2024-07-08,0.873,0.849,0.846,0.873,1462020000,417780000,0
2024-07-09,0.846,0.855,0.834,0.858,1664690000,469400000,0
2024-07-10,0.849,0.855,0.846,0.864,1130730000,322830000,0
2024-07-11,0.864,0.885,0.864,0.888,2131790000,624080000,0
2024-07-12,0.885,0.885,0.879,0.894,1245680000,367580000,0
2024-07-15,0.879,0.867,0.864,0.885,1052960000,306190000,0
2024-07-16,0.867,0.867,0.864,0.873,891830000,258150000,0
2024-07-17,0.870,0.888,0.867,0.891,1778530000,521920000,0
2024-07-18,0.885,0.900,0.879,0.900,1751410000,520120000,0
2024-07-19,0.894,0.900,0.888,0.906,1266290000,378850000,0
2024-07-22,0.900,0.906,0.894,0.915,1279480000,386830000,0
2024-07-23,0.906,0.876,0.876,0.906,1575240000,466980000,0
2024-07-24,0.876,0.864,0.861,0.882,1248390000,362090000,0
2024-07-25,0.861,0.870,0.858,0.876,1059250000,306870000,0
2024-07-26,0.870,0.873,0.864,0.879,1018710000,296060000,0
2024-07-29,0.873,0.858,0.855,0.876,1132580000,325780000,0
2024-07-30,0.858,0.855,0.852,0.867,1231230000,352260000,0
2024-07-31,0.855,0.900,0.852,0.903,2545140000,749990000,0
2024-08-01,0.900,0.891,0.885,0.906,1383510000,411910000,0
2024-08-02,0.885,0.900,0.885,0.921,2160620000,652900000,0
2024-08-05,0.894,0.897,0.894,0.921,1884900000,570070000,0
2024-08-06,0.903,0.915,0.900,0.918,1520510000,460590000,0
2024-08-07,0.912,0.906,0.900,0.912,1163670000,351040000,0
2024-08-08,0.900,0.906,0.900,0.912,1099100000,331910000,0
2024-08-09,0.906,0.888,0.888,0.912,1506430000,450420000,0
2024-08-12,0.888,0.894,0.885,0.900,968210000,288300000,0
2024-08-13,0.894,0.888,0.879,0.894,1050790000,309440000,0
2024-08-14,0.885,0.873,0.870,0.888,943610000,275350000,0
2024-08-15,0.873,0.879,0.867,0.888,1275900000,373300000,0
2024-08-16,0.876,0.876,0.864,0.879,1386410000,403070000,0
2024-08-19,0.873,0.867,0.867,0.882,1258870000,366050000,0
2024-08-20,0.867,0.852,0.849,0.870,1678310000,478700000,0
2024-08-21,0.852,0.843,0.840,0.855,1174720000,331440000,0
2024-08-22,0.843,0.828,0.825,0.846,1742780000,484040000,0
2024-08-23,0.825,0.822,0.819,0.828,1143990000,313800000,0
2024-08-26,0.822,0.813,0.810,0.825,1564660000,424870000,0
2024-08-27,0.813,0.810,0.807,0.816,984200000,265960000,0
2024-08-28,0.807,0.813,0.807,0.816,923250000,249480000,0
2024-08-29,0.807,0.828,0.804,0.831,1572000000,429600000,0
2024-08-30,0.828,0.843,0.825,0.855,2149950000,603620000,0
2024-09-02,0.840,0.816,0.813,0.840,1461130000,401960000,0
2024-09-03,0.816,0.822,0.813,0.834,1171170000,321880000,0
2024-09-04,0.819,0.831,0.816,0.840,1254290000,346740000,0
2024-09-05,0.831,0.837,0.828,0.846,1142960000,319620000,0
2024-09-06,0.840,0.825,0.822,0.843,887720000,245230000,0
2024-09-09,0.822,0.825,0.819,0.837,1179890000,325640000,0
2024-09-10,0.822,0.822,0.810,0.825,1125760000,306320000,0
2024-09-11,0.816,0.825,0.813,0.831,965780000,264930000,0
2024-09-12,0.825,0.819,0.819,0.837,918870000,253760000,0
2024-09-13,0.819,0.810,0.810,0.825,783400000,213500000,0
2024-09-18,0.813,0.807,0.798,0.813,1093890000,293470000,0
2024-09-19,0.807,0.819,0.801,0.828,1485730000,404100000,0
2024-09-20,0.816,0.813,0.807,0.819,1168280000,316080000,0
2024-09-23,0.822,0.807,0.807,0.825,1498800000,407440000,0
2024-09-24,0.813,0.837,0.804,0.837,2849990000,781610000,0
2024-09-25,0.846,0.846,0.843,0.864,2824920000,802620000,0
2024-09-26,0.843,0.888,0.834,0.891,3687760000,1052810000,0
2024-09-27,0.903,0.960,0.903,0.963,3615180000,1119510000,0
2024-09-30,1.014,1.056,0.999,1.056,5605670000,1934610000,0
2024-10-08,1.161,1.161,1.128,1.161,4195890000,1618020000,0
2024-10-09,1.161,1.086,1.083,1.188,6399920000,2432630000,0
2024-10-10,1.098,1.080,1.068,1.137,3716280000,1361970000,0
2024-10-11,1.074,1.020,1.005,1.074,4189250000,1438880000,0
2024-10-14,1.020,1.029,0.993,1.032,2723310000,921300000,0
2024-10-15,1.023,0.996,0.993,1.032,2147570000,725630000,0
2024-10-16,0.978,0.981,0.975,0.996,2016500000,660860000,0
2024-10-17,0.990,0.972,0.969,0.996,1745390000,572300000,0
2024-10-18,0.966,1.020,0.963,1.053,3635150000,1212830000,0
2024-10-21,1.023,1.020,0.999,1.038,2686540000,911760000,0
2024-10-22,1.014,1.032,1.011,1.035,2238400000,765700000,0
2024-10-23,1.035,1.035,1.020,1.044,2564770000,882340000,0
2024-10-24,1.026,1.020,1.017,1.035,1535550000,525460000,0
2024-10-25,1.017,1.059,1.017,1.062,3476090000,1208650000,0
2024-10-28,1.056,1.071,1.044,1.071,2319980000,820320000,0
2024-10-29,1.080,1.044,1.041,1.083,2766900000,974250000,0
2024-10-30,1.035,1.029,1.017,1.047,2032730000,697390000,0
2024-10-31,1.020,1.023,1.014,1.035,1713780000,585640000,0
2024-11-01,1.017,1.008,1.008,1.029,2140670000,725810000,0
2024-11-04,1.011,1.023,1.011,1.029,2038430000,693540000,0
2024-11-05,1.023,1.056,1.014,1.059,2874300000,998250000,0
2024-11-06,1.056,1.053,1.047,1.074,2405640000,849700000,0
2024-11-07,1.044,1.095,1.038,1.095,2882160000,1029120000,0
2024-11-08,1.113,1.089,1.083,1.116,2865560000,1049080000,0
2024-11-11,1.077,1.107,1.071,1.107,2336100000,850240000,0
2024-11-12,1.107,1.122,1.104,1.152,3757900000,1418140000,0
2024-11-13,1.113,1.104,1.092,1.128,2308220000,850580000,0
2024-11-14,1.101,1.068,1.068,1.104,1998870000,723090000,0
2024-11-15,1.065,1.041,1.041,1.074,2069170000,730100000,0
2024-11-18,1.041,1.026,1.017,1.050,1993840000,687690000,0
2024-11-19,1.029,1.041,1.014,1.041,1770470000,607580000,0
2024-11-20,1.038,1.062,1.035,1.068,2492670000,877690000,0
2024-11-21,1.059,1.050,1.044,1.059,1950530000,683040000,0
2024-11-22,1.047,1.005,1.002,1.050,2587980000,883660000,0
2024-11-25,1.005,1.002,0.990,1.017,1541120000,514760000,0
2024-11-26,0.999,0.999,0.996,1.017,1176540000,394760000,0
2024-11-27,0.999,1.017,0.990,1.020,1543860000,516950000,0
2024-11-28,1.017,1.005,1.002,1.020,1312390000,441420000,0
2024-11-29,1.005,1.023,1.002,1.032,1874820000,636710000,0
2024-12-02,1.026,1.041,1.020,1.047,1720970000,595640000,0
2024-12-03,1.041,1.041,1.029,1.044,1319000000,455810000,0
2024-12-04,1.038,1.023,1.020,1.038,1351130000,462930000,0
2024-12-05,1.023,1.023,1.017,1.032,941890000,321220000,0
2024-12-06,1.026,1.056,1.023,1.065,2631250000,917920000,0
2024-12-09,1.071,1.059,1.053,1.077,1780340000,631150000,0
2024-12-10,1.095,1.062,1.056,1.101,2412410000,866350000,0
2024-12-11,1.056,1.065,1.056,1.071,1119980000,397220000,0
2024-12-12,1.065,1.074,1.056,1.074,2118070000,751280000,0
2024-12-13,1.065,1.044,1.041,1.068,1748930000,612860000,0
2024-12-16,1.038,1.032,1.026,1.044,1108910000,381450000,0
2024-12-17,1.029,1.020,1.017,1.032,1251560000,426910000,0
2024-12-18,1.023,1.023,1.017,1.029,928740000,316660000,0
2024-12-19,1.014,1.014,1.005,1.020,1248720000,421820000,0
2024-12-20,1.014,1.014,1.011,1.026,850680000,288910000,0
2024-12-23,1.014,1.005,1.002,1.017,1364380000,458700000,0
2024-12-24,1.005,1.014,1.002,1.017,1057420000,356750000,0
2024-12-25,1.023,1.008,1.002,1.026,1535560000,517340000,0
2024-12-26,1.005,1.002,1.002,1.011,1001460000,335470000,0
2024-12-27,1.005,1.005,0.996,1.011,1184480000,396020000,0
2024-12-30,1.002,0.999,0.996,1.008,1419360000,473700000,0
2024-12-31,0.999,0.981,0.978,1.002,1872080000,617350000,0
2025-01-02,0.978,0.957,0.948,0.984,2356120000,759370000,0
2025-01-03,0.957,0.945,0.939,0.966,1435260000,456690000,0
2025-01-06,0.948,0.945,0.942,0.960,1347770000,426280000,0
2025-01-07,0.948,0.939,0.924,0.948,1636230000,509430000,0
2025-01-08,0.936,0.927,0.912,0.939,1594860000,491270000,0
2025-01-09,0.924,0.924,0.921,0.936,995570000,307680000,0
2025-01-10,0.924,0.912,0.909,0.930,1239820000,380060000,0
2025-01-13,0.906,0.915,0.903,0.921,1206530000,367750000,0
2025-01-14,0.918,0.945,0.918,0.945,1807910000,562540000,0
2025-01-15,0.939,0.930,0.927,0.942,1106570000,343720000,0
2025-01-16,0.933,0.933,0.927,0.948,1546640000,482270000,0
2025-01-17,0.930,0.933,0.924,0.939,1195860000,370890000,0
2025-01-20,0.939,0.942,0.936,0.954,1467660000,462390000,0
2025-01-21,0.945,0.939,0.927,0.948,1105070000,344680000,0
2025-01-22,0.933,0.930,0.921,0.936,1069300000,330100000,0
2025-01-23,0.936,0.930,0.930,0.945,1170890000,365710000,0
2025-01-24,0.930,0.936,0.927,0.942,1158000000,360950000,0
2025-01-27,0.939,0.933,0.933,0.945,969120000,303300000,0
2025-02-05,0.939,0.939,0.930,0.945,1081700000,338310000,0
2025-02-06,0.939,0.957,0.930,0.960,1852820000,584530000,0
2025-02-07,0.957,0.984,0.954,0.993,2685100000,874110000,0
2025-02-10,0.987,1.011,0.981,1.014,2779300000,926860000,0
2025-02-11,1.014,0.999,0.993,1.017,1749270000,583040000,0
2025-02-12,0.996,1.002,0.990,1.008,1366090000,454640000,0
2025-02-13,1.002,0.999,0.999,1.014,1571470000,526630000,0
2025-02-14,1.002,1.047,0.999,1.056,4166570000,1437790000,0
2025-02-17,1.065,1.065,1.056,1.089,3878680000,1386390000,0
2025-02-18,1.059,1.035,1.029,1.059,2903340000,1008810000,0
2025-02-19,1.029,1.047,1.020,1.053,2145570000,743680000,0
2025-02-20,1.047,1.080,1.047,1.086,3761260000,1348380000,0
2025-02-21,1.083,1.092,1.071,1.095,2951750000,1066380000,0
2025-02-24,1.089,1.068,1.059,1.092,2905550000,1038440000,0
2025-02-25,1.050,1.047,1.044,1.062,2279840000,800700000,0
2025-02-26,1.050,1.059,1.044,1.059,2185330000,765440000,0
2025-02-27,1.053,1.053,1.041,1.065,1965840000,690320000,0
2025-02-28,1.050,1.026,1.023,1.062,2235230000,775940000,0
2025-03-03,1.026,1.038,1.023,1.056,1929500000,669770000,0
2025-03-04,1.029,1.047,1.026,1.050,1554340000,538810000,0
2025-03-05,1.047,1.035,1.026,1.050,1629150000,561970000,0
2025-03-06,1.041,1.059,1.038,1.062,2576900000,904310000,0
2025-03-07,1.053,1.044,1.038,1.056,1916240000,669460000,0
2025-03-10,1.065,1.050,1.041,1.074,2206470000,774900000,0
2025-03-11,1.035,1.050,1.035,1.053,1529020000,532670000,0
2025-03-12,1.050,1.038,1.038,1.059,1484390000,517650000,0
2025-03-13,1.038,1.029,1.023,1.044,1585100000,544640000,0
2025-03-14,1.032,1.056,1.029,1.059,2486780000,868530000,0
2025-03-17,1.062,1.053,1.047,1.062,1742630000,612730000,0
2025-03-18,1.065,1.071,1.059,1.083,2216590000,792740000,0
2025-03-19,1.065,1.065,1.059,1.074,1345610000,478140000,0
2025-03-20,1.065,1.050,1.047,1.065,1562610000,549280000,0
2025-03-21,1.047,1.029,1.026,1.050,1956260000,675720000,0
2025-03-24,1.029,1.020,1.011,1.035,1811320000,616910000,0
2025-03-25,1.023,1.023,1.017,1.029,1201250000,409720000,0
2025-03-26,1.026,1.020,1.017,1.029,1292230000,440080000,0
2025-03-27,1.017,1.032,1.008,1.035,1760470000,600920000,0
2025-03-28,1.032,1.023,1.023,1.044,1698680000,584470000,0
2025-03-31,1.020,1.008,1.002,1.023,1788960000,602820000,0
2025-04-01,1.014,1.032,1.011,1.047,2632210000,906550000,0
2025-04-02,1.032,1.026,1.020,1.035,1248410000,427610000,0
2025-04-03,1.017,1.011,1.005,1.029,2023760000,684680000,0
2025-04-07,0.972,0.915,0.909,0.978,4403400000,1381430000,0
2025-04-08,0.918,0.924,0.912,0.942,2299440000,708180000,0
2025-04-09,0.906,0.927,0.888,0.930,2778300000,843620000,0
2025-04-10,0.939,0.945,0.939,0.957,2322040000,733110000,0
2025-04-11,0.936,0.945,0.933,0.951,1884940000,592270000,0
2025-04-14,0.951,0.948,0.942,0.957,1580460000,500070000,0
2025-04-15,0.942,0.942,0.933,0.945,1219060000,381280000,0
2025-04-16,0.936,0.930,0.918,0.936,1932910000,597060000,0
2025-04-17,0.924,0.933,0.924,0.939,1215010000,377740000,0
2025-04-18,0.930,0.930,0.927,0.939,1334050000,413730000,0
2025-04-21,0.930,0.939,0.924,0.942,1569070000,488940000,0
2025-04-22,0.939,0.939,0.933,0.945,1826040000,572630000,0
2025-04-23,0.945,0.939,0.936,0.951,2339860000,733840000,0
2025-04-24,0.939,0.939,0.933,0.951,1528090000,479620000,0
2025-04-25,0.942,0.942,0.939,0.951,2345320000,737830000,0
2025-04-28,0.939,0.933,0.930,0.939,1391170000,433580000,0
2025-04-29,0.936,0.945,0.933,0.951,1746570000,550000000,0
2025-04-30,0.945,0.951,0.945,0.957,1210220000,383780000,0
2025-05-06,0.957,0.966,0.951,0.966,1476860000,473000000,0
2025-05-07,0.975,0.963,0.954,0.978,1558060000,500500000,0
2025-05-08,0.960,0.966,0.957,0.969,996380000,320490000,0
2025-05-09,0.966,0.960,0.957,0.966,807170000,258280000,0
2025-05-12,0.963,0.963,0.957,0.966,1367990000,438710000,0
2025-05-13,0.972,0.978,0.969,0.984,2079800000,676780000,0
2025-05-14,0.978,0.981,0.972,0.987,1330760000,433850000,0
2025-05-15,0.981,0.972,0.972,0.981,1121360000,364430000,0
2025-05-16,0.969,0.966,0.963,0.975,1027990000,331750000,0
2025-05-19,0.966,0.963,0.957,0.966,1428380000,457650000,0
2025-05-20,0.966,0.975,0.963,0.978,1486500000,481710000,0
2025-05-21,0.972,0.978,0.972,0.984,1325610000,432620000,0
2025-05-22,0.978,0.972,0.966,0.978,1330440000,431190000,0
2025-05-23,0.972,0.978,0.969,0.990,2997320000,981530000,0
2025-05-26,0.975,0.969,0.966,0.978,1450500000,469600000,0
2025-05-27,0.969,0.972,0.966,0.978,1285580000,417030000,0
2025-05-28,0.975,0.966,0.966,0.975,1000680000,323490000,0
2025-05-29,0.969,0.987,0.966,0.990,2030640000,664760000,0
2025-05-30,0.984,0.984,0.981,0.996,1499950000,494190000,0
2025-06-03,0.981,0.996,0.978,0.999,1476540000,488800000,0
2025-06-04,0.999,1.002,0.993,1.005,1248850000,416070000,0
2025-06-05,1.002,0.999,0.990,1.005,1238350000,411210000,0
2025-06-06,0.996,0.990,0.987,0.999,1108180000,366150000,0
2025-06-09,0.993,1.005,0.990,1.014,1758680000,589400000,0
2025-06-10,1.005,1.002,0.996,1.017,1808240000,606430000,0
2025-06-11,1.002,1.002,1.002,1.014,1466720000,491880000,0
2025-06-12,1.002,1.008,0.996,1.011,1351000000,453080000,0
2025-06-13,1.008,0.993,0.993,1.017,1779860000,594120000,0
2025-06-16,0.990,0.987,0.984,0.996,1398210000,460850000,0
2025-06-17,0.990,0.981,0.978,1.002,1703090000,561200000,0
2025-06-18,0.978,0.972,0.966,0.981,1367840000,442760000,0
2025-06-19,0.972,0.960,0.954,0.975,1843320000,590950000,0
2025-06-20,0.957,0.957,0.954,0.963,1009000000,322170000,0
2025-06-23,0.954,0.963,0.951,0.966,1696200000,542010000,0
2025-06-24,0.963,0.972,0.960,0.972,1212200000,391480000,0
2025-06-25,0.975,0.984,0.966,0.984,1852170000,602470000,0
2025-06-26,0.984,0.975,0.972,0.987,1520690000,496180000,0
2025-06-27,0.975,0.978,0.972,0.987,2114340000,690320000,0
2025-06-30,0.978,0.993,0.972,0.993,1831810000,601740000,0
2025-07-01,0.993,0.999,0.990,1.002,1454690000,484140000,0
2025-07-02,0.999,0.993,0.990,1.005,1201490000,398770000,0
2025-07-03,0.993,0.996,0.990,0.999,1073010000,355820000,0
2025-07-04,0.993,0.996,0.990,1.002,1256300000,417270000,0
2025-07-07,0.996,0.987,0.984,0.999,1249780000,412460000,0
2025-07-08,0.987,0.996,0.984,0.999,1307140000,433390000,0
2025-07-09,0.996,0.999,0.993,1.008,1629100000,543380000,0
2025-07-10,0.996,1.005,0.993,1.008,1572020000,524720000,0
2025-07-11,1.005,1.023,1.005,1.029,2751560000,934560000,0
2025-07-14,1.023,1.020,1.014,1.026,1465260000,497850000,0
2025-07-15,1.017,1.017,1.005,1.026,1614710000,545540000,0
2025-07-16,1.020,1.023,1.014,1.026,1247670000,424090000,0
2025-07-17,1.020,1.035,1.017,1.035,1679320000,574380000,0
2025-07-18,1.035,1.044,1.032,1.044,1525860000,527380000,0
2025-07-21,1.044,1.044,1.032,1.047,1669090000,578840000,0
2025-07-22,1.044,1.050,1.041,1.059,2067420000,723850000,0
2025-07-23,1.053,1.062,1.050,1.074,2964000000,1051890000,0
2025-07-24,1.059,1.092,1.059,1.095,3141800000,1126500000,0
2025-07-25,1.092,1.101,1.086,1.119,3214020000,1183380000,0
2025-07-28,1.101,1.104,1.098,1.107,1896120000,697520000,0
2025-07-29,1.107,1.131,1.095,1.134,3094830000,1152190000,0
2025-07-30,1.125,1.125,1.113,1.146,3105570000,1171280000,0
2025-07-31,1.119,1.107,1.104,1.134,2734000000,1019540000,0
2025-08-01,1.107,1.101,1.095,1.128,2455880000,907500000,0
2025-08-04,1.092,1.101,1.077,1.104,2061180000,748960000,0
2025-08-05,1.107,1.104,1.095,1.113,2210830000,812270000,0
2025-08-06,1.104,1.104,1.098,1.113,1819410000,668650000,0
2025-08-07,1.101,1.107,1.098,1.125,2361480000,874860000,0
2025-08-08,1.104,1.098,1.089,1.110,1778430000,652010000,0
2025-08-11,1.095,1.116,1.095,1.119,1675810000,619710000,0
2025-08-12,1.116,1.119,1.110,1.134,2053320000,768450000,0
2025-08-13,1.122,1.137,1.113,1.140,2096110000,789000000,0
2025-08-14,1.140,1.122,1.116,1.146,2667530000,1004810000,0
2025-08-15,1.116,1.134,1.116,1.137,1694880000,637750000,0
2025-08-18,1.140,1.143,1.137,1.149,1951260000,743400000,0
2025-08-19,1.149,1.134,1.131,1.164,2565740000,983030000,0
2025-08-20,1.128,1.140,1.116,1.140,2036430000,766250000,0
2025-08-21,1.140,1.146,1.137,1.152,1983440000,758170000,0
2025-08-22,1.146,1.155,1.140,1.155,2013440000,768990000,0
2025-08-25,1.155,1.179,1.152,1.179,2788020000,1085480000,0
2025-08-26,1.176,1.164,1.161,1.179,2059490000,802410000,0
2025-08-27,1.164,1.140,1.140,1.179,2795380000,1083240000,0
2025-08-28,1.137,1.146,1.110,1.146,3092570000,1167130000,0
2025-08-29,1.143,1.161,1.140,1.167,2395940000,920910000,0
2025-09-01,1.158,1.191,1.158,1.191,2923930000,1147470000,0
2025-09-02,1.194,1.179,1.164,1.203,2459900000,970780000,0
2025-09-03,1.179,1.164,1.161,1.188,2106210000,823690000,0
2025-09-04,1.167,1.128,1.113,1.173,3034430000,1154930000,0
2025-09-05,1.128,1.161,1.119,1.164,2376700000,906180000,0
2025-09-08,1.164,1.206,1.161,1.209,3582750000,1427010000,0
2025-09-09,1.200,1.176,1.167,1.206,2394710000,945790000,0
2025-09-10,1.173,1.176,1.170,1.191,1674900000,658950000,0
2025-09-11,1.158,1.185,1.137,1.185,2457250000,949720000,0
2025-09-12,1.182,1.179,1.167,1.191,2018560000,793090000,0
2025-09-15,1.179,1.185,1.176,1.194,1578930000,623910000,0
2025-09-16,1.188,1.191,1.176,1.194,1570980000,621040000,0
2025-09-17,1.191,1.191,1.179,1.197,1826830000,723740000,0
2025-09-18,1.191,1.176,1.164,1.200,2353780000,929980000,0
2025-09-19,1.173,1.164,1.155,1.185,2071850000,806710000,0
2025-09-22,1.167,1.158,1.152,1.179,1406870000,544880000,0
2025-09-23,1.158,1.137,1.119,1.161,2234850000,846170000,0
2025-09-24,1.134,1.155,1.134,1.158,1480790000,566560000,0
2025-09-25,1.155,1.164,1.152,1.173,1509390000,586250000,0
2025-09-26,1.158,1.146,1.143,1.161,1453440000,557170000,0
2025-09-29,1.140,1.152,1.128,1.155,1722290000,654650000,0
2025-09-30,1.152,1.176,1.152,1.176,1624140000,631310000,0
2025-10-09,1.176,1.182,1.164,1.185,1719550000,673720000,0
2025-10-10,1.179,1.158,1.155,1.182,1647100000,640460000,0
2025-10-13,1.125,1.134,1.119,1.143,2153330000,812250000,0
2025-10-14,1.137,1.119,1.116,1.146,2355250000,888750000,0
2025-10-15,1.122,1.134,1.113,1.137,1568500000,589270000,0
2025-10-16,1.134,1.131,1.128,1.146,1307720000,494890000,0
2025-10-17,1.131,1.104,1.101,1.134,1848180000,686930000,0
2025-10-20,1.110,1.104,1.101,1.116,1220380000,450900000,0
2025-10-21,1.110,1.116,1.107,1.122,1104010000,410550000,0
2025-10-22,1.116,1.110,1.107,1.125,1078240000,400360000,0
2025-10-23,1.110,1.110,1.098,1.113,1650210000,606850000,0
2025-10-24,1.113,1.116,1.113,1.128,1196340000,446670000,0
2025-10-27,1.128,1.122,1.119,1.140,1654200000,622470000,0
2025-10-28,1.122,1.116,1.113,1.125,1135410000,423580000,0
2025-10-29,1.116,1.125,1.104,1.128,1517650000,564770000,0
2025-10-30,1.119,1.101,1.098,1.119,2101900000,776650000,0
2025-10-31,1.098,1.110,1.095,1.119,1683110000,622600000,0
2025-11-03,1.113,1.107,1.098,1.116,1177510000,434100000,0
2025-11-04,1.101,1.089,1.080,1.104,1964520000,713520000,0
2025-11-05,1.080,1.089,1.077,1.095,1185070000,429660000,0
2025-11-06,1.086,1.086,1.080,1.089,1293400000,467880000,0
2025-11-07,1.083,1.083,1.077,1.089,1077770000,388970000,0
2025-11-10,1.083,1.101,1.080,1.101,1384230000,504250000,0
2025-11-11,1.101,1.095,1.089,1.104,1151230000,419660000,0
2025-11-12,1.098,1.098,1.092,1.107,1218390000,446440000,0
2025-11-13,1.095,1.104,1.092,1.104,1121110000,410340000,0
2025-11-14,1.098,1.095,1.092,1.107,1325900000,486660000,0
2025-11-17,1.092,1.074,1.071,1.092,2049440000,736310000,0
2025-11-18,1.074,1.071,1.068,1.077,1265470000,452400000,0
2025-11-19,1.071,1.062,1.059,1.074,1242750000,441440000,0
2025-11-20,1.065,1.053,1.047,1.071,1600100000,563280000,0
2025-11-21,1.047,1.032,1.023,1.056,2734100000,946100000,0
2025-11-24,1.035,1.044,1.032,1.047,1542710000,534770000,0
2025-11-25,1.047,1.041,1.041,1.053,1395760000,486900000,0
2025-11-26,1.044,1.044,1.038,1.056,1420560000,496360000,0
2025-11-27,1.041,1.035,1.029,1.044,1364380000,471750000,0
2025-11-28,1.038,1.038,1.029,1.041,800560000,276790000,0
2025-12-01,1.041,1.044,1.038,1.047,1061360000,369050000,0
2025-12-02,1.044,1.029,1.029,1.047,1169570000,403360000,0
2025-12-03,1.029,1.023,1.020,1.035,1446570000,494640000,0
2025-12-04,1.023,1.023,1.017,1.029,893360000,304180000,0
2025-12-05,1.023,1.032,1.017,1.035,1371630000,468840000,0
2025-12-08,1.035,1.035,1.029,1.038,937810000,323320000,0
2025-12-09,1.035,1.029,1.026,1.041,1172560000,403700000,0
2025-12-10,1.026,1.029,1.014,1.029,1254280000,427250000,0
2025-12-11,1.029,1.020,1.017,1.032,1201230000,410490000,0
2025-12-12,1.020,1.026,1.011,1.029,1278170000,434830000,0
2025-12-15,1.023,1.020,1.020,1.032,1142580000,390600000,0
2025-12-16,1.017,1.014,1.011,1.026,1297400000,439380000,0
2025-12-17,1.011,1.029,1.011,1.032,1234490000,420530000,0
2025-12-18,1.029,1.038,1.026,1.041,1342470000,463750000,0
2025-12-19,1.038,1.047,1.032,1.053,1525500000,530560000,0
2025-12-22,1.044,1.041,1.035,1.047,977390000,339090000,0
2025-12-23,1.041,1.032,1.026,1.041,1304010000,449130000,0
2025-12-24,1.029,1.035,1.026,1.035,1018890000,350190000,0
2025-12-25,1.035,1.047,1.032,1.047,1223500000,424640000,0
2025-12-26,1.044,1.041,1.035,1.047,1310330000,454850000,0
2025-12-29,1.041,1.035,1.029,1.041,1601750000,552390000,0
2025-12-30,1.032,1.026,1.023,1.032,1037870000,355180000,0
2025-12-31,1.026,1.020,1.017,1.032,1096720000,373770000,0
2026-01-05,1.023,1.074,1.020,1.074,3325130000,1166500000,0
2026-01-06,1.077,1.086,1.068,1.086,2823590000,1016820000,0
2026-01-07,1.086,1.086,1.080,1.095,2117900000,767570000,0
2026-01-08,1.086,1.098,1.083,1.107,2396960000,874990000,0
2026-01-09,1.095,1.125,1.095,1.125,2654060000,984480000,0
2026-01-12,1.131,1.143,1.128,1.146,2694660000,1021100000,0
2026-01-13,1.152,1.161,1.149,1.185,4031900000,1567350000,0
2026-01-14,1.158,1.170,1.152,1.197,4489840000,1761860000,0
2026-01-15,1.164,1.155,1.149,1.176,2467180000,953590000,0
2026-01-16,1.152,1.125,1.122,1.158,2370020000,897790000,0
2026-01-19,1.122,1.116,1.113,1.131,1550220000,578940000,0
2026-01-20,1.116,1.101,1.092,1.122,2063510000,758200000,0
2026-01-21,1.098,1.104,1.089,1.116,1699740000,625900000,0
2026-01-22,1.104,1.098,1.092,1.107,1591270000,582950000,0
2026-01-23,1.101,1.113,1.098,1.116,1950340000,721720000,0
2026-01-26,1.116,1.107,1.092,1.119,2561900000,940220000,0
2026-01-27,1.104,1.089,1.077,1.107,2382980000,863830000,0
2026-01-28,1.086,1.071,1.065,1.089,3059760000,1096340000,0
2026-01-29,1.068,1.086,1.059,1.089,2682290000,964730000,0
2026-01-30,1.083,1.068,1.065,1.089,2083950000,746460000,0
2026-02-02,1.065,1.044,1.044,1.074,2403280000,848020000,0
2026-02-03,1.050,1.062,1.047,1.065,1785760000,628900000,0
2026-02-04,1.059,1.080,1.053,1.080,2075090000,737250000,0
2026-02-05,1.074,1.080,1.074,1.086,1630640000,587030000,0
2026-02-06,1.074,1.074,1.065,1.080,1337140000,478400000,0
2026-02-09,1.080,1.077,1.071,1.083,1578440000,565840000,0
2026-02-10,1.077,1.086,1.071,1.089,1478730000,533610000,0
2026-02-11,1.083,1.080,1.077,1.089,870690000,314120000,0
2026-02-12,1.080,1.074,1.074,1.086,1281730000,460800000,0
2026-02-13,1.071,1.059,1.056,1.077,1545460000,548710000,0
2026-02-24,1.065,1.059,1.053,1.071,1334830000,471850000,0
2026-02-25,1.059,1.068,1.056,1.071,1053520000,374030000,0
2026-02-26,1.068,1.056,1.053,1.068,1594630000,563490000,0
2026-02-27,1.056,1.062,1.053,1.068,1084280000,383920000,0
2026-03-02,1.053,1.044,1.032,1.059,2829410000,985580000,0
2026-03-03,1.044,1.017,1.011,1.047,2953730000,1010280000,0
2026-03-04,1.011,1.002,0.996,1.017,1999080000,669980000,0
2026-03-05,1.011,1.002,0.999,1.014,1522640000,511250000,0
2026-03-06,1.002,1.026,0.999,1.026,1798270000,610220000,0
2026-03-09,1.011,1.011,0.996,1.017,2271730000,761690000,0
2026-03-10,1.017,1.026,1.017,1.029,1484150000,506920000,0
2026-03-11,1.029,1.029,1.020,1.035,1139290000,390260000,0
2026-03-12,1.029,1.020,1.014,1.032,1721250000,586570000,0
2026-03-13,1.014,1.014,1.011,1.026,1354890000,459420000,0
2026-03-16,1.017,1.017,1.008,1.023,1298650000,439470000,0
2026-03-17,1.017,1.017,1.011,1.032,2049980000,697110000,0
2026-03-18,1.014,1.014,1.005,1.017,1451370000,489040000,0
2026-03-19,1.008,0.996,0.993,1.011,2351180000,784570000,0
2026-03-20,0.993,0.978,0.975,1.002,2149940000,707620000,0
2026-03-23,0.966,0.936,0.930,0.966,3819740000,1209480000,0
2026-03-24,0.945,0.957,0.942,0.960,2112450000,669580000,0
2026-03-25,0.966,0.972,0.963,0.975,1582100000,510770000,0
2026-03-26,0.969,0.957,0.951,0.978,1648630000,529930000,0
2026-03-27,0.948,0.981,0.945,0.984,2049890000,663180000,0
2026-03-30,0.972,0.990,0.972,0.990,1777740000,581400000,0
2026-03-31,0.990,0.990,0.987,1.011,1794270000,597800000,0
2026-04-01,1.002,1.023,0.996,1.026,2826480000,953180000,0
2026-04-02,1.023,1.017,1.011,1.026,1907160000,647150000,0
2026-04-03,1.008,0.990,0.990,1.011,1683750000,560050000,0
2026-04-07,0.993,0.996,0.984,1.008,1317680000,437880000,0
2026-04-08,1.005,1.017,0.999,1.020,1792780000,604100000,0
2026-04-09,1.011,1.008,1.005,1.020,1259240000,424070000,0
2026-04-10,1.008,1.017,1.005,1.026,1462680000,496030000,0
2026-04-13,1.011,1.005,1.002,1.014,1384450000,464440000,0
2026-04-14,1.008,1.011,0.993,1.014,2259320000,754820000,0
2026-04-15,1.017,1.011,1.005,1.023,1667930000,563020000,0
2026-04-16,1.008,1.011,0.999,1.014,1672660000,561360000,0
2026-04-17,1.008,0.993,0.990,1.011,2103120000,697860000,0
2026-04-20,0.990,1.002,0.990,1.011,1453100000,484490000,0
2026-04-21,1.002,0.996,0.993,1.008,1090180000,362830000,0
2026-04-22,0.993,1.008,0.990,1.008,1472600000,490830000,0
2026-04-23,1.008,1.005,0.996,1.014,1607410000,538370000,0
2026-04-24,0.999,1.005,0.996,1.014,1516280000,508230000,0
2026-04-27,1.002,0.996,0.993,1.005,1298120000,431890000,0
2026-04-28,1.005,1.020,1.005,1.029,2298160000,780530000,0
2026-04-29,1.017,1.014,1.011,1.023,1485170000,502430000,0
2026-04-30,1.011,1.008,1.002,1.017,1481270000,497990000,0
2026-05-06,1.008,1.005,1.002,1.011,2375040000,796570000,0
2026-05-07,1.008,1.014,1.005,1.014,1304810000,439500000,0
2026-05-08,1.011,1.011,1.008,1.020,1089500000,367810000,0
2026-05-11,1.008,1.020,0.999,1.023,2412720000,812490000,0
2026-05-12,1.020,1.011,1.008,1.023,1974670000,668040000,0
2026-05-13,1.011,1.008,0.999,1.014,1691940000,566480000,0
2026-05-14,1.008,0.987,0.984,1.017,2652440000,881760000,0
2026-05-15,0.984,0.981,0.975,0.996,1629160000,535730000,0
2026-05-18,0.978,0.966,0.960,0.981,1569710000,507310000,0
2026-05-19,0.966,0.975,0.963,0.981,1381880000,447460000,0
2026-05-20,0.969,0.963,0.954,0.972,1459270000,467750000,0
2026-05-21,0.963,0.972,0.963,1.002,3341080000,1098720000,0
2026-05-22,0.975,0.963,0.957,0.978,1968660000,632630000,0
2026-05-25,0.960,0.966,0.954,0.972,1436620000,460850000,0
2026-05-26,0.963,0.960,0.948,0.966,1885580000,600590000,0
2026-05-27,0.954,0.951,0.939,0.960,1804200000,571170000,0
2026-05-28,0.948,0.939,0.933,0.951,1792970000,561960000,0
2026-05-29,0.942,0.945,0.936,0.954,1830750000,576230000,0
2026-06-01,0.939,0.939,0.930,0.948,1682360000,525640000,0
2026-06-02,0.936,0.927,0.918,0.939,2837980000,877420000,0
2026-06-03,0.924,0.915,0.909,0.927,1805860000,552170000,0
2026-06-04,0.909,0.903,0.894,0.915,1931380000,581060000,0
2026-06-05,0.906,0.900,0.897,0.915,1599320000,482100000,0
2026-06-08,0.891,0.879,0.867,0.897,2704430000,794340000,0
2026-06-09,0.876,0.876,0.864,0.879,1864780000,540900000,0
2026-06-10,0.870,0.873,0.864,0.879,1785230000,518380000,0
2026-06-11,0.873,0.879,0.867,0.882,1689490000,492290000,0
2026-06-12,0.879,0.894,0.873,0.897,1594970000,471050000,0
2026-06-15,0.897,0.891,0.885,0.900,1125010000,334410000,0
2026-06-16,0.894,0.879,0.876,0.894,1382710000,406490000,0
2026-06-17,0.879,0.882,0.873,0.882,1105040000,323100000,0
2026-06-18,0.879,0.888,0.873,0.900,1752760000,518860000,0
2026-06-22,0.888,0.891,0.861,0.894,2359270000,687760000,0
2026-06-23,0.888,0.894,0.888,0.912,2062650000,618770000,0
2026-06-24,0.897,0.906,0.894,0.918,2361450000,714460000,0
2026-06-25,0.897,0.906,0.882,0.912,2083120000,622580000,0
2026-06-26,0.906,0.888,0.885,0.915,1825050000,545740000,0
2026-06-29,0.885,0.933,0.873,0.933,3404010000,1034600000,0
2026-06-30,0.927,0.918,0.912,0.927,1744440000,533990000,0
2026-07-01,0.912,0.942,0.897,0.948,3031580000,932040000,0
2026-07-02,0.939,0.933,0.930,0.957,2113330000,663300000,0
2026-07-03,0.936,0.948,0.927,0.951,1957020000,613080000,0
2026-07-06,0.945,0.951,0.939,0.969,2525080000,803010000,0
2026-07-07,0.942,0.918,0.915,0.942,2296340000,710570000,0
2026-07-08,0.918,0.912,0.909,0.930,1668690000,510510000,0
2026-07-09,0.906,0.921,0.900,0.933,2292520000,701380000,0
2026-07-10,0.918,0.948,0.912,0.963,3531240000,1111560000,0
2026-07-13,0.945,0.933,0.927,0.954,2208490000,689150000,0
2026-07-14,0.930,0.957,0.924,0.960,2603590000,819620000,0
2026-07-15,0.957,0.996,0.954,1.008,4574690000,1510140000,0
2026-07-16,0.990,0.999,0.972,1.014,3309060000,1097180000,0
2026-07-17,0.993,0.954,0.951,0.999,3162090000,1021250000,0
2026-07-20,0.951,0.978,0.945,0.984,2651700000,855070000,0
2026-07-21,0.969,0.984,0.963,0.984,1825590000,592790000,0
2026-07-22,0.978,0.981,0.975,0.999,1743950000,573750000,0
2026-07-23,0.978,0.975,0.966,0.984,1801460000,584710000,0
2026-07-24,0.969,0.945,0.945,0.975,2035710000,650940000,0
2026-07-27,0.942,0.969,0.939,0.975,1857140000,595290000,0
2026-07-28,0.960,0.960,0.954,0.966,1267270000,405230000,0
2026-07-29,0.963,0.978,0.957,0.984,1930640000,625440000,0
2026-07-30,0.975,0.975,0.963,0.987,1611790000,523410000,0
2026-07-31,0.966,0.990,0.966,0.993,1860600000,610830000,0
2026-08-03,0.987,0.984,0.978,0.993,1161510000,380960000,0
2026-08-04,0.993,1.002,0.993,1.011,1839860000,615710000,0
2026-08-05,1.002,1.011,0.999,1.017,1598480000,538500000,0
2026-08-06,1.014,0.993,0.990,1.017,1660080000,554030000,0
2026-08-07,0.990,1.038,0.990,1.041,3631790000,1235160000,0
2026-08-10,1.047,1.059,1.047,1.080,3680610000,1302740000,0
2026-08-11,1.050,1.053,1.047,1.077,2098460000,742930000,0
2026-08-12,1.047,1.050,1.047,1.065,1324840000,466460000,0
2026-08-13,1.047,1.065,1.041,1.083,2523270000,897760000,0
2026-08-14,1.062,1.053,1.044,1.074,1687970000,594090000,0
2026-08-17,1.053,1.059,1.035,1.062,1781020000,625190000,0
2026-08-18,1.056,1.059,1.047,1.062,1751440000,616010000,0
2026-08-19,1.056,1.032,1.026,1.059,1647690000,571510000,0
2026-08-20,1.053,1.077,1.053,1.095,3527720000,1267650000,0
2026-08-21,1.062,1.047,1.041,1.065,2049770000,719680000,0
2026-08-24,1.041,1.017,1.008,1.047,1974660000,673140000,0
2026-08-25,1.014,1.041,1.008,1.044,1787590000,613770000,0
2026-08-26,1.041,1.035,1.029,1.050,1270560000,439050000,0
2026-08-27,1.032,1.038,1.023,1.038,1020700000,350830000,0
2026-08-28,1.035,1.026,1.023,1.041,934850000,320610000,0
2026-08-31,1.020,1.017,1.008,1.023,1176980000,398080000,0
2026-09-01,1.017,1.023,1.014,1.026,851780000,289780000,0
2026-09-02,1.020,1.014,1.005,1.023,919350000,310710000,0
2026-09-03,1.014,1.017,1.008,1.020,931540000,315160000,0
2026-09-04,1.017,1.017,1.008,1.026,1109220000,376870000,0
2026-09-07,1.014,1.011,1.005,1.017,725500000,244400000,0
2026-09-08,1.011,1.023,1.005,1.026,1129780000,382650000,0
2026-09-09,1.020,1.011,1.005,1.020,904620000,305120000,0
2026-09-10,1.008,0.999,0.993,1.008,994100000,331170000,0
2026-09-11,0.993,0.981,0.975,0.996,1318150000,431330000,0
2026-09-14,0.978,1.002,0.975,1.005,1151800000,381250000,0
2026-09-15,0.999,0.996,0.996,1.005,559350000,186440000,0
2026-09-16,0.999,1.005,0.993,1.011,926010000,309500000,0
2026-09-17,0.999,1.011,0.999,1.017,1218840000,410690000,0
2026-09-18,1.014,1.020,1.011,1.032,1412330000,480330000,0
2026-09-21,1.023,1.044,1.020,1.047,1543110000,533040000,0
2026-09-22,1.044,1.044,1.038,1.056,1415040000,492630000,0
2026-09-23,1.044,1.047,1.041,1.056,1170430000,409080000,0
2026-09-24,1.044,1.023,1.023,1.053,1389750000,480130000,0
2026-09-28,1.026,1.020,1.014,1.035,1265530000,430950000,0
2026-09-29,1.020,1.017,1.014,1.041,1165490000,398210000,0
2026-09-30,1.017,1.047,1.014,1.050,1651020000,571040000,0
