date,open,high,low,close,volume,amount,turnover
2017-09-25,0.982,0.950,0.950,0.982,76120000,73080000,0
2017-09-26,0.953,0.956,0.950,0.962,20900000,19950000,0
2017-09-27,0.956,0.963,0.956,0.966,8730000,8380000,0
2017-09-28,0.955,0.946,0.945,0.962,6940000,6630000,0
2017-09-29,0.946,0.949,0.946,0.956,8950000,8520000,0
2017-10-09,0.962,0.960,0.959,0.999,6420000,6210000,0
2017-10-10,0.959,0.961,0.953,0.961,3840000,3670000,0
2017-10-11,0.961,0.958,0.957,0.964,5830000,5600000,0
2017-10-12,0.956,0.954,0.950,0.959,3130000,2990000,0
2017-10-13,0.957,0.954,0.953,0.958,2570000,2450000,0
2017-10-16,0.955,0.941,0.941,0.955,4710000,4470000,0
2017-10-17,0.942,0.942,0.939,0.947,5660000,5330000,0
2017-10-18,0.942,0.943,0.941,0.946,1800000,1690000,0
2017-10-19,0.941,0.933,0.931,0.941,3080000,2870000,0
2017-10-20,0.934,0.944,0.933,0.944,13960000,13130000,0
2017-10-23,0.943,0.945,0.943,0.947,2840000,2680000,0
2017-10-24,0.946,0.956,0.943,0.960,3610000,3440000,0
2017-10-25,0.956,0.961,0.956,0.968,5110000,4920000,0
2017-10-26,0.958,0.960,0.955,0.962,3210000,3080000,0
2017-10-27,0.960,0.954,0.953,0.967,5820000,5590000,0
2017-10-30,0.954,0.954,0.943,0.958,4070000,3860000,0
2017-10-31,0.950,0.957,0.948,0.958,5980000,5690000,0
2017-11-01,0.955,0.957,0.955,0.971,4420000,4260000,0
2017-11-02,0.954,0.952,0.949,0.955,2360000,2250000,0
2017-11-03,0.951,0.942,0.935,0.951,4230000,4000000,0
2017-11-06,0.940,0.933,0.928,0.940,2090000,1950000,0
2017-11-07,0.930,0.940,0.930,0.940,3610000,3370000,0
2017-11-08,0.938,0.941,0.938,0.947,9680000,9110000,0
2017-11-09,0.940,0.945,0.940,0.946,2200000,2070000,0
2017-11-10,0.941,0.940,0.939,0.945,2050000,1920000,0
2017-11-13,0.941,0.940,0.937,0.943,3930000,3690000,0
2017-11-14,0.936,0.945,0.935,0.948,17560000,16530000,0
2017-11-15,0.941,0.948,0.940,0.950,5840000,5510000,0
2017-11-16,0.944,0.955,0.944,0.959,4210000,4020000,0
2017-11-17,0.955,0.948,0.947,0.961,3480000,3320000,0
2017-11-20,0.951,0.945,0.932,0.951,2970000,2780000,0
2017-11-21,0.934,0.970,0.934,0.973,6100000,5880000,0
2017-11-22,0.975,0.977,0.970,0.983,5100000,4990000,0
2017-11-23,0.978,0.956,0.956,0.980,5620000,5480000,0
2017-11-24,0.960,0.965,0.950,0.967,2650000,2540000,0
2017-11-27,0.965,0.958,0.955,0.973,4630000,4470000,0
2017-11-28,0.953,0.955,0.946,0.956,2470000,2360000,0
2017-11-29,0.955,0.991,0.953,0.993,6010000,5850000,0
2017-11-30,0.990,0.963,0.962,0.990,2270000,2220000,0
2017-12-01,0.960,0.967,0.959,0.981,3230000,3130000,0
2017-12-04,0.965,0.964,0.957,0.967,10420000,10020000,0
2017-12-05,0.957,0.958,0.957,0.964,1490000,1440000,0
2017-12-06,0.955,0.953,0.946,0.959,3960000,3790000,0
2017-12-07,0.956,0.953,0.953,0.978,3110000,2990000,0
2017-12-08,0.950,0.955,0.945,0.958,3870000,3680000,0
2017-12-11,0.954,0.959,0.952,0.959,620000,590000,0
2017-12-12,0.960,0.955,0.955,0.968,1310000,1260000,0
2017-12-13,0.956,0.957,0.951,0.958,330000,320000,0
2017-12-14,0.956,0.955,0.954,0.959,1080000,1040000,0
2017-12-15,0.951,0.944,0.943,0.952,1150000,1090000,0
2017-12-18,0.950,0.934,0.850,0.950,1860000,1730000,0
2017-12-19,0.936,0.946,0.936,0.946,1500000,1410000,0
2017-12-20,0.946,0.934,0.931,0.946,1580000,1470000,0
2017-12-21,0.936,0.948,0.934,0.954,590000,550000,0
2017-12-22,0.948,0.945,0.945,0.950,260000,250000,0
2017-12-25,0.957,0.953,0.950,0.969,1630000,1560000,0
2017-12-26,0.953,0.959,0.953,0.959,2030000,1940000,0
2017-12-27,0.958,0.954,0.952,0.965,2470000,2360000,0
2017-12-28,0.950,0.953,0.950,0.957,90000,80000,0
2017-12-29,0.953,0.967,0.953,0.970,3820000,3680000,0
2018-01-02,0.972,0.994,0.972,1.001,8790000,8750000,0
2018-01-03,0.994,1.004,0.990,1.008,10870000,10910000,0
2018-01-04,1.003,1.006,0.996,1.008,8230000,8270000,0
2018-01-05,1.009,1.042,0.997,1.065,21450000,22140000,0
2018-01-08,1.100,1.067,1.050,1.100,18930000,20260000,0
2018-01-09,1.062,1.069,1.056,1.080,10750000,11510000,0
2018-01-10,1.070,1.068,1.060,1.085,4290000,4600000,0
2018-01-11,1.065,1.064,1.052,1.069,6690000,7100000,0
2018-01-12,1.066,1.079,1.066,1.092,8840000,9560000,0
2018-01-15,1.078,1.072,1.065,1.090,8620000,9310000,0
2018-01-16,1.065,1.135,1.065,1.147,23810000,26350000,0
2018-01-17,1.133,1.121,1.090,1.140,19400000,21780000,0
2018-01-18,1.124,1.112,1.104,1.124,11120000,12400000,0
2018-01-19,1.110,1.114,1.095,1.134,15170000,16990000,0
2018-01-22,1.109,1.110,1.097,1.114,7490000,8290000,0
2018-01-23,1.112,1.143,1.110,1.147,18460000,20840000,0
2018-01-24,1.140,1.129,1.125,1.152,12080000,13770000,0
2018-01-25,1.125,1.115,1.098,1.125,7150000,7960000,0
2018-01-26,1.110,1.128,1.109,1.138,13340000,15020000,0
2018-01-29,1.128,1.119,1.110,1.144,9360000,10570000,0
2018-01-30,1.115,1.092,1.091,1.118,3550000,3920000,0
2018-01-31,1.096,1.107,1.082,1.116,6690000,7370000,0
2018-02-01,1.107,1.083,1.078,1.112,9710000,10650000,0
2018-02-02,1.084,1.081,1.008,1.084,7140000,7650000,0
2018-02-05,1.058,1.085,1.058,1.086,4910000,5300000,0
2018-02-06,1.065,1.030,1.025,1.066,7000000,7340000,0
2018-02-07,1.056,0.983,0.973,1.056,6620000,6700000,0
2018-02-08,0.984,0.979,0.946,0.994,3260000,3190000,0
2018-02-09,0.934,0.921,0.910,0.958,4760000,4410000,0
2018-02-12,0.932,0.943,0.924,0.952,5180000,4850000,0
2018-02-13,0.943,0.966,0.943,0.982,3640000,3540000,0
2018-02-14,0.960,0.972,0.953,0.973,2860000,2760000,0
2018-02-22,0.977,0.985,0.977,0.990,1540000,1510000,0
2018-02-23,0.985,0.998,0.984,1.009,6040000,6020000,0
2018-02-26,0.995,0.995,0.967,1.004,4020000,3960000,0
2018-02-27,0.986,0.972,0.972,0.986,3470000,3390000,0
2018-02-28,0.970,0.988,0.957,0.991,8230000,8050000,0
2018-03-01,0.977,0.976,0.962,0.988,9810000,9630000,0
2018-03-02,0.961,0.976,0.961,0.986,7590000,7410000,0
2018-03-05,0.980,0.977,0.976,0.990,5800000,5710000,0
2018-03-06,0.984,1.007,0.968,1.008,11630000,11490000,0
2018-03-07,1.007,0.997,0.993,1.010,3480000,3480000,0
2018-03-08,0.995,1.009,0.988,1.009,2760000,2760000,0
2018-03-09,1.009,1.004,0.999,1.009,3500000,3510000,0
2018-03-12,1.002,0.989,0.981,1.003,3950000,3910000,0
2018-03-13,0.986,0.988,0.984,0.995,3490000,3460000,0
2018-03-14,0.983,0.990,0.979,0.997,6450000,6370000,0
2018-03-15,0.986,0.982,0.978,0.994,2190000,2160000,0
2018-03-16,0.981,0.987,0.981,0.996,4490000,4440000,0
2018-03-19,0.986,0.972,0.969,0.986,2570000,2500000,0
2018-03-20,0.972,0.966,0.958,0.972,6460000,6230000,0
2018-03-21,0.966,0.971,0.963,0.984,6280000,6130000,0
2018-03-22,0.964,0.961,0.957,0.972,790000,760000,0
2018-03-23,0.945,0.927,0.909,0.956,2310000,2150000,0
2018-03-26,0.927,0.922,0.908,0.927,920000,840000,0
2018-03-27,0.940,0.936,0.930,0.943,3340000,3130000,0
2018-03-28,0.922,0.935,0.922,0.945,2750000,2570000,0
2018-03-29,0.940,0.971,0.925,0.988,4960000,4750000,0
2018-03-30,0.971,0.961,0.955,0.971,2800000,2690000,0
2018-04-02,0.962,0.961,0.958,0.978,6480000,6270000,0
2018-04-03,0.948,0.954,0.944,0.960,6270000,5970000,0
2018-04-04,0.950,0.947,0.946,0.961,3210000,3070000,0
2018-04-09,0.947,0.939,0.933,0.948,1920000,1800000,0
2018-04-10,0.940,0.960,0.940,0.960,3020000,2870000,0
2018-04-11,0.960,0.971,0.956,0.978,4730000,4570000,0
2018-04-12,0.963,0.959,0.955,0.979,1560000,1500000,0
2018-04-13,0.961,0.950,0.948,0.969,630000,610000,0
2018-04-16,0.947,0.928,0.923,0.949,1760000,1640000,0
2018-04-17,0.929,0.916,0.912,0.929,1880000,1730000,0
2018-04-18,0.922,0.921,0.909,0.928,2320000,2130000,0
2018-04-19,0.923,0.922,0.903,0.927,680000,630000,0
2018-04-20,0.921,0.906,0.906,0.921,1350000,1230000,0
2018-04-23,0.909,0.907,0.900,0.912,1540000,1390000,0
2018-04-24,0.907,0.929,0.907,0.934,3190000,2970000,0
2018-04-25,0.928,0.920,0.919,0.928,1300000,1200000,0
2018-04-26,0.925,0.903,0.903,0.925,2500000,2290000,0
2018-04-27,0.910,0.900,0.889,0.910,3480000,3120000,0
2018-05-02,0.901,0.901,0.897,0.905,1190000,1080000,0
2018-05-03,0.900,0.903,0.892,0.906,860000,770000,0
2018-05-04,0.905,0.904,0.903,0.911,2110000,1920000,0
2018-05-07,0.910,0.914,0.902,0.916,2580000,2350000,0
2018-05-08,0.914,0.928,0.914,0.934,2930000,2720000,0
2018-05-09,0.928,0.924,0.921,0.930,1370000,1270000,0
2018-05-10,0.929,0.930,0.920,0.930,420000,390000,0
2018-05-11,0.928,0.922,0.922,0.930,1500000,1390000,0
2018-05-14,0.928,0.917,0.915,0.928,1170000,1070000,0
2018-05-15,0.920,0.921,0.915,0.921,240000,220000,0
2018-05-16,0.921,0.915,0.912,0.922,480000,440000,0
2018-05-17,0.915,0.911,0.911,0.921,1850000,1700000,0
2018-05-18,0.911,0.916,0.906,0.917,610000,550000,0
2018-05-21,0.917,0.916,0.915,0.920,560000,510000,0
2018-05-22,0.914,0.907,0.903,0.914,1060000,960000,0
2018-05-23,0.906,0.897,0.896,0.906,710000,640000,0
2018-05-24,0.895,0.894,0.891,0.898,760000,680000,0
2018-05-25,0.895,0.888,0.887,0.895,1420000,1260000,0
2018-05-28,0.888,0.883,0.881,0.890,520000,460000,0
2018-05-29,0.885,0.870,0.862,0.890,2010000,1750000,0
2018-05-30,0.863,0.848,0.847,0.863,1470000,1250000,0
2018-05-31,0.851,0.860,0.842,0.865,3210000,2720000,0
2018-06-01,0.861,0.858,0.852,0.868,2660000,2290000,0
2018-06-04,0.862,0.871,0.858,0.874,3160000,2740000,0
2018-06-05,0.875,0.876,0.866,0.878,1430000,1250000,0
2018-06-06,0.875,0.872,0.870,0.878,1430000,1240000,0
2018-06-07,0.873,0.878,0.873,0.882,1670000,1460000,0
2018-06-08,0.872,0.866,0.860,0.873,760000,660000,0
2018-06-11,0.861,0.874,0.861,0.879,4590000,4000000,0
2018-06-12,0.875,0.877,0.868,0.883,1500000,1310000,0
2018-06-13,0.876,0.873,0.873,0.887,3960000,3490000,0
2018-06-14,0.873,0.870,0.865,0.879,680000,600000,0
2018-06-15,0.868,0.876,0.868,0.889,3330000,2930000,0
2018-06-19,0.871,0.832,0.823,0.871,1580000,1340000,0
2018-06-20,0.838,0.844,0.828,0.845,1520000,1270000,0
2018-06-21,0.845,0.847,0.840,0.862,2200000,1870000,0
2018-06-22,0.847,0.849,0.836,0.851,1560000,1320000,0
2018-06-25,0.860,0.827,0.826,0.860,810000,680000,0
2018-06-26,0.825,0.805,0.785,0.825,2010000,1610000,0
2018-06-27,0.805,0.783,0.776,0.805,1760000,1380000,0
2018-06-28,0.782,0.772,0.772,0.787,350000,280000,0
2018-06-29,0.778,0.793,0.772,0.793,1080000,850000,0
2018-07-02,0.793,0.761,0.755,0.793,1950000,1510000,0
2018-07-03,0.762,0.765,0.748,0.766,1220000,920000,0
2018-07-04,0.761,0.752,0.751,0.764,760000,570000,0
2018-07-05,0.755,0.739,0.738,0.755,810000,600000,0
2018-07-06,0.739,0.741,0.721,0.743,1090000,800000,0
2018-07-09,0.741,0.755,0.741,0.755,1430000,1070000,0
2018-07-10,0.751,0.763,0.751,0.769,6030000,4580000,0
2018-07-11,0.752,0.746,0.739,0.752,690000,520000,0
2018-07-12,0.747,0.760,0.747,0.763,450000,340000,0
2018-07-13,0.760,0.764,0.760,0.782,2790000,2150000,0
2018-07-16,0.760,0.754,0.748,0.762,800000,600000,0
2018-07-17,0.748,0.751,0.745,0.754,750000,560000,0
2018-07-18,0.751,0.744,0.744,0.752,600000,450000,0
2018-07-19,0.745,0.740,0.739,0.747,560000,410000,0
2018-07-20,0.740,0.751,0.732,0.755,920000,680000,0
2018-07-23,0.750,0.765,0.745,0.769,940000,720000,0
2018-07-24,0.770,0.785,0.770,0.795,2760000,2170000,0
2018-07-25,0.785,0.786,0.779,0.789,1520000,1200000,0
2018-07-26,0.786,0.783,0.780,0.794,3740000,2950000,0
2018-07-27,0.778,0.782,0.774,0.787,3030000,2360000,0
2018-07-30,0.785,0.775,0.770,0.785,3420000,2670000,0
2018-07-31,0.779,0.784,0.775,0.785,2010000,1570000,0
2018-08-01,0.780,0.757,0.757,0.780,1720000,1320000,0
2018-08-02,0.750,0.734,0.720,0.751,2320000,1700000,0
2018-08-03,0.738,0.727,0.726,0.739,970000,710000,0
2018-08-06,0.727,0.711,0.708,0.727,1420000,1020000,0
2018-08-07,0.709,0.732,0.709,0.735,1900000,1380000,0
2018-08-08,0.732,0.724,0.724,0.738,2550000,1870000,0
2018-08-09,0.724,0.741,0.724,0.744,1260000,920000,0
2018-08-10,0.741,0.756,0.741,0.765,1160000,880000,0
2018-08-13,0.750,0.750,0.736,0.750,1050000,780000,0
2018-08-14,0.741,0.736,0.736,0.744,1130000,840000,0
2018-08-15,0.736,0.732,0.730,0.736,1280000,940000,0
2018-08-16,0.730,0.731,0.721,0.737,280000,200000,0
2018-08-17,0.736,0.725,0.725,0.738,210000,150000,0
2018-08-20,0.731,0.728,0.721,0.731,210000,150000,0
2018-08-21,0.733,0.735,0.730,0.743,360000,260000,0
2018-08-22,0.735,0.736,0.735,0.742,140000,100000,0
2018-08-23,0.736,0.738,0.729,0.740,130000,90000,0
2018-08-24,0.732,0.735,0.730,0.739,410000,300000,0
2018-08-27,0.739,0.752,0.739,0.755,460000,340000,0
2018-08-28,0.752,0.757,0.752,0.757,490000,370000,0
2018-08-29,0.755,0.756,0.754,0.760,280000,220000,0
2018-08-30,0.759,0.750,0.750,0.759,400000,300000,0
2018-08-31,0.746,0.753,0.744,0.760,1200000,910000,0
2018-09-03,0.745,0.749,0.745,0.756,1560000,1180000,0
2018-09-04,0.749,0.761,0.749,0.762,1080000,810000,0
2018-09-05,0.762,0.745,0.745,0.762,740000,550000,0
2018-09-06,0.745,0.737,0.733,0.749,3400000,2520000,0
2018-09-07,0.739,0.741,0.733,0.746,3400000,2510000,0
2018-09-10,0.742,0.736,0.736,0.747,1720000,1280000,0
2018-09-11,0.736,0.732,0.729,0.740,590000,430000,0
2018-09-12,0.732,0.729,0.727,0.734,870000,630000,0
2018-09-13,0.739,0.736,0.728,0.739,160000,120000,0
2018-09-14,0.745,0.737,0.730,0.745,770000,560000,0
2018-09-17,0.732,0.728,0.724,0.733,40000,30000,0
2018-09-18,0.726,0.734,0.723,0.737,340000,250000,0
2018-09-19,0.734,0.762,0.734,0.766,5200000,3920000,0
2018-09-20,0.750,0.759,0.750,0.768,2010000,1530000,0
2018-09-21,0.762,0.781,0.758,0.784,1740000,1350000,0
2018-09-25,0.775,0.758,0.752,0.775,1160000,880000,0
2018-09-26,0.758,0.758,0.750,0.764,1640000,1240000,0
2018-09-27,0.751,0.749,0.748,0.756,800000,600000,0
2018-09-28,0.749,0.752,0.747,0.756,1830000,1380000,0
2018-10-08,0.752,0.719,0.717,0.752,2670000,1930000,0
2018-10-09,0.719,0.712,0.708,0.719,860000,610000,0
2018-10-10,0.712,0.709,0.705,0.716,970000,690000,0
2018-10-11,0.680,0.667,0.660,0.694,1200000,810000,0
2018-10-12,0.665,0.670,0.647,0.670,2040000,1360000,0
2018-10-15,0.669,0.658,0.656,0.671,530000,350000,0
2018-10-16,0.659,0.640,0.638,0.664,160000,100000,0
2018-10-17,0.650,0.648,0.640,0.650,740000,480000,0
2018-10-18,0.641,0.633,0.633,0.642,380000,240000,0
2018-10-19,0.631,0.654,0.602,0.654,310000,200000,0
2018-10-22,0.656,0.679,0.656,0.689,1270000,860000,0
2018-10-23,0.679,0.672,0.668,0.686,140000,100000,0
2018-10-24,0.676,0.674,0.671,0.686,110000,70000,0
2018-10-25,0.670,0.689,0.657,0.692,1060000,720000,0
2018-10-26,0.686,0.726,0.686,0.750,2180000,1560000,0
2018-10-29,0.715,0.690,0.684,0.715,2070000,1430000,0
2018-10-30,0.690,0.710,0.686,0.711,2010000,1400000,0
2018-10-31,0.709,0.714,0.697,0.717,1610000,1130000,0
2018-11-01,0.722,0.719,0.717,0.731,960000,690000,0
2018-11-02,0.734,0.728,0.710,0.734,1290000,930000,0
2018-11-05,0.711,0.721,0.711,0.721,500000,360000,0
2018-11-06,0.721,0.728,0.717,0.730,2710000,1960000,0
2018-11-07,0.726,0.722,0.720,0.732,1970000,1420000,0
2018-11-08,0.721,0.722,0.721,0.731,1470000,1070000,0
2018-11-09,0.722,0.720,0.716,0.725,580000,420000,0
2018-11-12,0.721,0.733,0.718,0.734,1180000,860000,0
2018-11-13,0.725,0.749,0.725,0.750,4060000,2980000,0
2018-11-14,0.749,0.747,0.745,0.758,2080000,1550000,0
2018-11-15,0.740,0.755,0.740,0.756,470000,350000,0
2018-11-16,0.755,0.773,0.752,0.777,740000,560000,0
2018-11-19,0.780,0.799,0.778,0.800,5050000,4000000,0
2018-11-20,0.799,0.773,0.773,0.799,3500000,2760000,0
2018-11-21,0.756,0.791,0.756,0.799,3740000,2920000,0
2018-11-22,0.791,0.779,0.771,0.791,730000,570000,0
2018-11-23,0.779,0.751,0.745,0.779,1110000,840000,0
2018-11-26,0.751,0.748,0.747,0.761,990000,750000,0
2018-11-27,0.749,0.746,0.742,0.755,2460000,1840000,0
2018-11-28,0.747,0.762,0.746,0.762,4950000,3720000,0
2018-11-29,0.768,0.744,0.741,0.769,1850000,1410000,0
2018-11-30,0.740,0.749,0.730,0.749,1420000,1060000,0
2018-12-03,0.749,0.754,0.741,0.764,910000,690000,0
2018-12-04,0.751,0.753,0.745,0.771,5580000,4190000,0
2018-12-05,0.742,0.745,0.740,0.753,1730000,1290000,0
2018-12-06,0.742,0.735,0.735,0.743,1070000,790000,0
2018-12-07,0.738,0.739,0.738,0.746,1310000,970000,0
2018-12-10,0.739,0.730,0.730,0.740,1220000,900000,0
2018-12-11,0.732,0.751,0.732,0.751,2330000,1730000,0
2018-12-12,0.753,0.750,0.749,0.758,7500000,5640000,0
2018-12-13,0.751,0.769,0.751,0.771,4600000,3490000,0
2018-12-14,0.769,0.747,0.747,0.769,1890000,1430000,0
2018-12-17,0.745,0.749,0.739,0.780,470000,350000,0
2018-12-18,0.746,0.733,0.726,0.746,400000,300000,0
2018-12-19,0.740,0.731,0.728,0.742,1510000,1120000,0
2018-12-20,0.731,0.731,0.727,0.747,5620000,4100000,0
2018-12-21,0.724,0.716,0.708,0.724,4500000,3190000,0
2018-12-24,0.716,0.712,0.706,0.716,1360000,960000,0
2018-12-25,0.711,0.708,0.696,0.711,620000,430000,0
2018-12-26,0.707,0.710,0.702,0.710,320000,220000,0
2018-12-27,0.720,0.705,0.704,0.720,1370000,980000,0
2018-12-28,0.705,0.706,0.701,0.710,1120000,790000,0
2019-01-02,0.706,0.701,0.698,0.706,230000,160000,0
2019-01-03,0.701,0.702,0.700,0.710,60000,40000,0
2019-01-04,0.698,0.720,0.697,0.720,350000,250000,0
2019-01-07,0.729,0.733,0.725,0.771,1670000,1220000,0
2019-01-08,0.727,0.722,0.719,0.727,1510000,1090000,0
2019-01-09,0.722,0.727,0.722,0.737,1870000,1370000,0
2019-01-10,0.727,0.722,0.720,0.728,1610000,1170000,0
2019-01-11,0.722,0.727,0.720,0.727,1460000,1060000,0
2019-01-14,0.728,0.719,0.718,0.728,1330000,960000,0
2019-01-15,0.717,0.727,0.709,0.727,840000,600000,0
2019-01-16,0.727,0.734,0.723,0.739,2030000,1480000,0
2019-01-17,0.730,0.727,0.724,0.732,660000,480000,0
2019-01-18,0.727,0.733,0.725,0.734,2610000,1910000,0
2019-01-21,0.733,0.732,0.726,0.737,5130000,3770000,0
2019-01-22,0.731,0.728,0.726,0.741,2160000,1590000,0
2019-01-23,0.727,0.726,0.722,0.727,1130000,820000,0
2019-01-24,0.724,0.728,0.721,0.728,450000,330000,0
2019-01-25,0.729,0.732,0.728,0.739,12460000,9150000,0
2019-01-28,0.732,0.740,0.727,0.747,3230000,2370000,0
2019-01-29,0.730,0.734,0.719,0.739,3270000,2380000,0
2019-01-30,0.732,0.737,0.732,0.759,6090000,4550000,0
2019-01-31,0.737,0.741,0.737,0.746,2700000,2000000,0
2019-02-01,0.743,0.746,0.734,0.746,1680000,1240000,0
2019-02-11,0.745,0.759,0.740,0.759,1440000,1080000,0
2019-02-12,0.758,0.761,0.750,0.761,1550000,1180000,0
2019-02-13,0.761,0.775,0.758,0.776,3090000,2360000,0
2019-02-14,0.771,0.776,0.770,0.778,3110000,2410000,0
2019-02-15,0.776,0.760,0.760,0.776,1700000,1300000,0
2019-02-18,0.760,0.780,0.760,0.785,3990000,3080000,0
2019-02-19,0.780,0.787,0.778,0.791,2320000,1830000,0
2019-02-20,0.780,0.793,0.772,0.798,1280000,1010000,0
2019-02-21,0.790,0.780,0.780,0.797,2170000,1720000,0
2019-02-22,0.780,0.795,0.777,0.795,870000,690000,0
2019-02-25,0.795,0.853,0.795,0.853,4080000,3340000,0
2019-02-26,0.856,0.838,0.832,0.858,6380000,5380000,0
2019-02-27,0.836,0.841,0.833,0.856,4690000,3960000,0
2019-02-28,0.841,0.842,0.839,0.858,4970000,4230000,0
2019-03-01,0.842,0.843,0.828,0.845,4250000,3560000,0
2019-03-04,0.844,0.878,0.844,0.889,7940000,6890000,0
2019-03-05,0.878,0.895,0.860,0.899,12910000,11390000,0
2019-03-06,0.895,0.899,0.884,0.899,5660000,5040000,0
2019-03-07,0.885,0.891,0.880,0.902,5060000,4500000,0
2019-03-08,0.880,0.850,0.840,0.887,2790000,2420000,0
2019-03-11,0.850,0.864,0.835,0.865,3980000,3370000,0
2019-03-12,0.861,0.874,0.861,0.888,2330000,2040000,0
2019-03-13,0.874,0.899,0.871,0.907,3770000,3380000,0
2019-03-14,0.918,0.883,0.868,0.919,4230000,3760000,0
2019-03-15,0.880,0.911,0.860,0.919,3100000,2800000,0
2019-03-18,0.920,0.932,0.895,0.933,2910000,2660000,0
2019-03-19,0.932,0.933,0.926,0.951,5180000,4870000,0
2019-03-20,0.933,0.943,0.910,0.944,4180000,3900000,0
2019-03-21,0.952,0.941,0.935,0.965,5880000,5560000,0
2019-03-22,0.941,0.942,0.927,0.946,2960000,2770000,0
2019-03-25,0.933,0.928,0.920,0.942,4850000,4540000,0
2019-03-26,0.928,0.917,0.904,0.931,2220000,2030000,0
2019-03-27,0.917,0.919,0.901,0.930,1770000,1610000,0
2019-03-28,0.915,0.899,0.882,0.917,1860000,1670000,0
2019-03-29,0.893,0.940,0.893,0.950,3570000,3300000,0
2019-04-01,0.960,0.982,0.960,0.988,8430000,8260000,0
2019-04-02,0.991,0.990,0.971,0.991,4690000,4600000,0
2019-04-03,0.988,0.998,0.969,1.089,7010000,6990000,0
2019-04-04,1.020,0.999,0.987,1.020,10160000,10160000,0
2019-04-08,1.001,0.987,0.975,1.011,9250000,9210000,0
2019-04-09,0.993,1.015,0.993,1.021,10640000,10730000,0
2019-04-10,1.020,1.010,1.000,1.020,7470000,7540000,0
2019-04-11,1.012,0.989,0.985,1.014,11650000,11610000,0
2019-04-12,0.989,0.993,0.975,0.996,3550000,3500000,0
2019-04-15,1.012,0.977,0.977,1.020,3600000,3590000,0
2019-04-16,0.977,0.992,0.950,0.992,3420000,3320000,0
2019-04-17,0.993,0.982,0.977,0.993,2950000,2900000,0
2019-04-18,0.974,0.978,0.968,0.981,6490000,6310000,0
2019-04-19,0.967,0.978,0.963,0.980,4270000,4150000,0
2019-04-22,0.970,0.948,0.940,0.970,5380000,5120000,0
2019-04-23,0.944,0.948,0.939,0.955,1790000,1700000,0
2019-04-24,0.949,0.944,0.931,0.949,2590000,2430000,0
2019-04-25,0.942,0.921,0.917,0.945,2670000,2480000,0
2019-04-26,0.917,0.905,0.905,0.922,2620000,2390000,0
2019-04-29,0.906,0.898,0.896,0.913,2200000,1990000,0
2019-04-30,0.898,0.906,0.895,0.910,2230000,2020000,0
2019-05-06,0.890,0.847,0.836,0.890,3980000,3420000,0
2019-05-07,0.867,0.855,0.847,0.867,2580000,2210000,0
2019-05-08,0.845,0.858,0.844,0.867,1010000,870000,0
2019-05-09,0.850,0.837,0.836,0.857,990000,840000,0
2019-05-10,0.850,0.867,0.831,0.869,2640000,2250000,0
2019-05-13,0.867,0.865,0.854,0.867,540000,470000,0
2019-05-14,0.848,0.861,0.848,0.866,2320000,1990000,0
2019-05-15,0.865,0.874,0.863,0.875,3230000,2810000,0
2019-05-16,0.864,0.878,0.864,0.879,400000,350000,0
2019-05-17,0.878,0.853,0.850,0.880,770000,660000,0
2019-05-20,0.853,0.842,0.834,0.853,940000,790000,0
2019-05-21,0.842,0.853,0.842,0.861,960000,820000,0
2019-05-22,0.855,0.851,0.847,0.855,110000,100000,0
2019-05-23,0.844,0.844,0.836,0.854,4000000,3360000,0
2019-05-24,0.844,0.838,0.834,0.844,800000,670000,0
2019-05-27,0.835,0.847,0.833,0.853,2850000,2390000,0
2019-05-28,0.854,0.857,0.850,0.863,2080000,1780000,0
2019-05-29,0.857,0.854,0.851,0.859,550000,470000,0
2019-05-30,0.848,0.848,0.841,0.848,520000,440000,0
2019-05-31,0.850,0.850,0.846,0.854,380000,320000,0
2019-06-03,0.849,0.849,0.838,0.855,320000,270000,0
2019-06-04,0.850,0.834,0.831,0.850,1350000,1120000,0
2019-06-05,0.844,0.845,0.835,0.853,2170000,1830000,0
2019-06-06,0.845,0.837,0.830,0.845,430000,360000,0
2019-06-10,0.843,0.845,0.838,0.850,1160000,980000,0
2019-06-11,0.845,0.875,0.845,0.888,5350000,4600000,0
2019-06-12,0.867,0.860,0.858,0.867,2680000,2300000,0
2019-06-13,0.856,0.858,0.850,0.860,1330000,1140000,0
2019-06-14,0.858,0.855,0.852,0.865,1010000,870000,0
2019-06-17,0.844,0.861,0.844,0.861,460000,390000,0
2019-06-18,0.854,0.848,0.844,0.854,1980000,1680000,0
2019-06-19,0.854,0.854,0.850,0.869,3490000,3000000,0
2019-06-20,0.854,0.869,0.853,0.872,2370000,2040000,0
2019-06-21,0.866,0.875,0.866,0.878,1790000,1560000,0
2019-06-24,0.875,0.872,0.864,0.875,970000,850000,0
2019-06-25,0.872,0.867,0.856,0.872,950000,820000,0
2019-06-26,0.857,0.865,0.857,0.868,1840000,1590000,0
2019-06-27,0.865,0.865,0.861,0.872,3640000,3150000,0
2019-06-28,0.865,0.865,0.858,0.866,1320000,1140000,0
2019-07-01,0.874,0.886,0.870,0.886,1400000,1220000,0
2019-07-02,0.880,0.885,0.875,0.886,920000,810000,0
2019-07-03,0.885,0.896,0.880,0.899,5110000,4560000,0
2019-07-04,0.882,0.899,0.882,0.910,53150000,47820000,0
2019-07-05,0.898,0.885,0.880,0.898,5490000,4850000,0
2019-07-08,0.885,0.864,0.856,0.885,3820000,3320000,0
2019-07-09,0.866,0.864,0.861,0.873,3460000,3000000,0
2019-07-10,0.865,0.859,0.855,0.865,580000,500000,0
2019-07-11,0.863,0.857,0.852,0.866,3160000,2710000,0
2019-07-12,0.857,0.864,0.852,0.866,2790000,2400000,0
2019-07-15,0.869,0.865,0.835,0.869,2430000,2090000,0
2019-07-16,0.864,0.873,0.860,0.875,3620000,3140000,0
2019-07-17,0.874,0.878,0.870,0.880,2250000,1970000,0
2019-07-18,0.875,0.866,0.866,0.875,1610000,1400000,0
2019-07-19,0.867,0.890,0.867,0.893,6200000,5490000,0
2019-07-22,0.890,0.887,0.880,0.896,3600000,3200000,0
2019-07-23,0.884,0.873,0.869,0.885,3240000,2840000,0
2019-07-24,0.875,0.875,0.872,0.879,1760000,1540000,0
2019-07-25,0.871,0.875,0.868,0.875,1400000,1220000,0
2019-07-26,0.873,0.876,0.870,0.878,1770000,1540000,0
2019-07-29,0.875,0.871,0.870,0.877,560000,490000,0
2019-07-30,0.871,0.879,0.871,0.880,2520000,2210000,0
2019-07-31,0.874,0.857,0.854,0.877,5730000,4930000,0
2019-08-01,0.856,0.840,0.839,0.856,2280000,1930000,0
2019-08-02,0.826,0.828,0.820,0.829,1560000,1290000,0
2019-08-05,0.825,0.810,0.808,0.825,1550000,1260000,0
2019-08-06,0.805,0.798,0.784,0.805,2530000,2010000,0
2019-08-07,0.798,0.802,0.798,0.806,2050000,1650000,0
2019-08-08,0.807,0.802,0.800,0.807,720000,580000,0
2019-08-09,0.804,0.794,0.789,0.804,3020000,2400000,0
2019-08-12,0.794,0.801,0.791,0.802,760000,610000,0
2019-08-13,0.802,0.795,0.793,0.802,580000,460000,0
2019-08-14,0.797,0.795,0.794,0.802,890000,710000,0
2019-08-15,0.791,0.798,0.783,0.800,1800000,1430000,0
2019-08-16,0.798,0.799,0.798,0.805,1070000,860000,0
2019-08-19,0.805,0.824,0.805,0.825,2420000,1980000,0
2019-08-20,0.825,0.829,0.824,0.833,3210000,2660000,0
2019-08-21,0.827,0.831,0.827,0.835,1500000,1250000,0
2019-08-22,0.831,0.826,0.823,0.831,470000,390000,0
2019-08-23,0.824,0.829,0.824,0.830,3540000,2930000,0
2019-08-26,0.829,0.818,0.809,0.829,4720000,3840000,0
2019-08-27,0.821,0.833,0.821,0.840,4870000,4060000,0
2019-08-28,0.832,0.831,0.828,0.835,450000,370000,0
2019-08-29,0.835,0.823,0.822,0.835,5020000,4160000,0
2019-08-30,0.829,0.817,0.814,0.830,1340000,1110000,0
2019-09-02,0.820,0.826,0.820,0.829,2160000,1780000,0
2019-09-03,0.826,0.823,0.820,0.827,2150000,1770000,0
2019-09-04,0.823,0.846,0.823,0.848,8620000,7240000,0
2019-09-05,0.851,0.844,0.844,0.860,12320000,10500000,0
2019-09-06,0.844,0.848,0.841,0.850,3510000,2960000,0
2019-09-09,0.854,0.860,0.853,0.860,4240000,3630000,0
2019-09-10,0.853,0.856,0.845,0.858,1750000,1490000,0
2019-09-11,0.865,0.852,0.850,0.866,1490000,1270000,0
2019-09-12,0.856,0.871,0.853,0.875,4610000,4000000,0
2019-09-16,0.882,0.867,0.862,0.882,2020000,1760000,0
2019-09-17,0.868,0.851,0.846,0.868,2330000,1990000,0
2019-09-18,0.849,0.860,0.849,0.866,2460000,2120000,0
2019-09-19,0.860,0.862,0.855,0.862,1660000,1420000,0
2019-09-20,0.862,0.859,0.854,0.862,1180000,1010000,0
2019-09-23,0.880,0.844,0.838,0.880,2050000,1740000,0
2019-09-24,0.845,0.844,0.841,0.850,610000,520000,0
2019-09-25,0.837,0.838,0.837,0.843,1270000,1070000,0
2019-09-26,0.840,0.836,0.834,0.848,1570000,1320000,0
2019-09-27,0.834,0.833,0.831,0.837,1570000,1310000,0
2019-09-30,0.833,0.829,0.829,0.836,1220000,1020000,0
2019-10-08,0.832,0.850,0.830,0.853,5220000,4420000,0
2019-10-09,0.847,0.864,0.842,0.865,5130000,4400000,0
2019-10-10,0.864,0.864,0.858,0.869,2400000,2070000,0
2019-10-11,0.864,0.867,0.862,0.870,2630000,2280000,0
2019-10-14,0.872,0.876,0.865,0.883,3760000,3300000,0
2019-10-15,0.876,0.872,0.870,0.882,880000,770000,0
2019-10-16,0.875,0.875,0.873,0.898,6840000,6050000,0
2019-10-17,0.875,0.871,0.869,0.879,4160000,3640000,0
2019-10-18,0.875,0.855,0.851,0.876,5870000,5080000,0
2019-10-21,0.855,0.869,0.855,0.872,3280000,2820000,0
2019-10-22,0.869,0.870,0.862,0.877,830000,720000,0
2019-10-23,0.868,0.861,0.857,0.868,1910000,1650000,0
2019-10-24,0.860,0.863,0.860,0.865,830000,720000,0
2019-10-25,0.865,0.872,0.856,0.872,750000,650000,0
2019-10-28,0.872,0.868,0.860,0.872,2230000,1930000,0
2019-10-29,0.865,0.860,0.860,0.865,1630000,1400000,0
2019-10-30,0.861,0.851,0.849,0.861,1900000,1620000,0
2019-10-31,0.855,0.845,0.842,0.855,1140000,960000,0
2019-11-01,0.849,0.861,0.840,0.861,970000,820000,0
2019-11-04,0.861,0.858,0.854,0.862,1830000,1570000,0
2019-11-05,0.858,0.862,0.854,0.868,1910000,1640000,0
2019-11-06,0.865,0.863,0.853,0.865,1700000,1460000,0
2019-11-07,0.859,0.857,0.856,0.862,2030000,1740000,0
2019-11-08,0.860,0.852,0.851,0.863,640000,550000,0
2019-11-11,0.850,0.837,0.832,0.850,2310000,1940000,0
2019-11-12,0.837,0.834,0.830,0.837,1000000,840000,0
2019-11-13,0.831,0.824,0.822,0.832,1980000,1630000,0
2019-11-14,0.831,0.825,0.823,0.831,790000,650000,0
2019-11-15,0.832,0.819,0.818,0.832,1180000,970000,0
2019-11-18,0.818,0.825,0.815,0.827,890000,740000,0
2019-11-19,0.825,0.834,0.824,0.835,930000,770000,0
2019-11-20,0.834,0.830,0.829,0.837,1540000,1290000,0
2019-11-21,0.831,0.829,0.824,0.831,1070000,880000,0
2019-11-22,0.827,0.827,0.822,0.838,1060000,870000,0
2019-11-25,0.828,0.850,0.828,0.851,8230000,6960000,0
2019-11-26,0.851,0.843,0.841,0.852,6080000,5140000,0
2019-11-27,0.845,0.841,0.841,0.851,2850000,2420000,0
2019-11-28,0.847,0.835,0.833,0.847,970000,820000,0
2019-11-29,0.834,0.833,0.831,0.838,2770000,2310000,0
2019-12-02,0.836,0.848,0.836,0.848,2700000,2280000,0
2019-12-03,0.837,0.847,0.837,0.850,3240000,2740000,0
2019-12-04,0.840,0.840,0.838,0.845,600000,500000,0
2019-12-05,0.840,0.845,0.840,0.845,1960000,1650000,0
2019-12-06,0.845,0.848,0.841,0.848,1880000,1580000,0
2019-12-09,0.849,0.864,0.848,0.864,7030000,6030000,0
2019-12-10,0.864,0.861,0.857,0.864,3220000,2770000,0
2019-12-11,0.863,0.866,0.863,0.874,6610000,5730000,0
2019-12-12,0.865,0.862,0.860,0.866,5240000,4510000,0
2019-12-13,0.864,0.873,0.864,0.873,5570000,4840000,0
2019-12-16,0.875,0.882,0.867,0.882,4310000,3770000,0
2019-12-17,0.884,0.898,0.878,0.913,13160000,11730000,0
2019-12-18,0.897,0.899,0.894,0.907,8480000,7640000,0
2019-12-19,0.899,0.899,0.894,0.904,12520000,11250000,0
2019-12-20,0.899,0.906,0.899,0.914,14070000,12770000,0
2019-12-23,0.903,0.884,0.882,0.912,11140000,10010000,0
2019-12-24,0.886,0.883,0.873,0.888,8080000,7110000,0
2019-12-25,0.877,0.884,0.877,0.885,5470000,4820000,0
2019-12-26,0.884,0.903,0.884,0.906,18870000,16940000,0
2019-12-27,0.902,0.898,0.894,0.908,14070000,12680000,0
2019-12-30,0.897,0.910,0.897,0.915,59520000,54140000,0
2019-12-31,0.910,0.920,0.907,0.922,19420000,17740000,0
2020-01-02,0.938,0.928,0.927,0.947,20600000,19260000,0
2020-01-03,0.928,0.923,0.915,0.928,18820000,17330000,0
2020-01-06,0.916,0.916,0.908,0.919,19620000,17910000,0
2020-01-07,0.916,0.921,0.913,0.921,14220000,13030000,0
2020-01-08,0.918,0.902,0.901,0.918,19350000,17590000,0
2020-01-09,0.913,0.921,0.912,0.923,16020000,14700000,0
2020-01-10,0.923,0.914,0.910,0.927,10870000,9940000,0
2020-01-13,0.910,0.920,0.908,0.921,10080000,9210000,0
2020-01-14,0.924,0.917,0.917,0.925,13980000,12880000,0
2020-01-15,0.916,0.908,0.905,0.917,9810000,8920000,0
2020-01-16,0.907,0.903,0.902,0.911,10020000,9070000,0
2020-01-17,0.907,0.902,0.899,0.909,10230000,9240000,0
2020-01-20,0.903,0.900,0.893,0.903,15330000,13750000,0
2020-01-21,0.895,0.883,0.880,0.900,22790000,20190000,0
2020-01-22,0.880,0.893,0.873,0.895,32690000,28980000,0
2020-01-23,0.886,0.861,0.854,0.886,51390000,44970000,0
2020-02-03,0.775,0.775,0.775,0.802,27350000,21350000,0
2020-02-04,0.763,0.778,0.761,0.785,25990000,20090000,0
2020-02-05,0.779,0.785,0.775,0.795,10950000,8590000,0
2020-02-06,0.790,0.796,0.779,0.802,34960000,27510000,0
2020-02-07,0.794,0.794,0.782,0.794,22410000,17640000,0
2020-02-10,0.793,0.811,0.785,0.813,40940000,32920000,0
2020-02-11,0.814,0.816,0.808,0.824,33120000,27100000,0
2020-02-12,0.816,0.820,0.811,0.820,16260000,13260000,0
2020-02-13,0.816,0.829,0.816,0.845,38570000,32250000,0
2020-02-14,0.829,0.856,0.829,0.858,88870000,75320000,0
2020-02-17,0.857,0.870,0.848,0.874,66510000,57030000,0
2020-02-18,0.866,0.856,0.848,0.866,39900000,34140000,0
2020-02-19,0.852,0.861,0.852,0.867,48400000,41640000,0
2020-02-20,0.851,0.870,0.849,0.870,39890000,34310000,0
2020-02-21,0.870,0.863,0.859,0.871,33020000,28510000,0
2020-02-24,0.855,0.850,0.842,0.856,37390000,31730000,0
2020-02-25,0.835,0.847,0.830,0.852,36230000,30560000,0
2020-02-26,0.840,0.867,0.836,0.888,135530000,118290000,0
2020-02-27,0.873,0.858,0.855,0.875,60180000,51950000,0
2020-02-28,0.840,0.834,0.820,0.861,64770000,54820000,0
2020-03-02,0.839,0.879,0.839,0.891,107430000,93500000,0
2020-03-03,0.887,0.880,0.868,0.895,83050000,72770000,0
2020-03-04,0.877,0.912,0.872,0.913,204150000,182570000,0
2020-03-05,0.900,0.916,0.896,0.919,148700000,135200000,0
2020-03-06,0.900,0.895,0.888,0.905,83580000,74760000,0
2020-03-09,0.871,0.866,0.865,0.877,75680000,65870000,0
2020-03-10,0.852,0.878,0.851,0.879,46600000,40470000,0
2020-03-11,0.879,0.873,0.873,0.889,42570000,37480000,0
2020-03-12,0.860,0.860,0.853,0.870,29770000,25640000,0
2020-03-13,0.830,0.851,0.817,0.856,48050000,40200000,0
2020-03-16,0.853,0.827,0.822,0.860,43280000,36570000,0
2020-03-17,0.831,0.816,0.793,0.839,32530000,26470000,0
2020-03-18,0.817,0.787,0.786,0.823,42030000,33990000,0
2020-03-19,0.785,0.773,0.752,0.787,45810000,35240000,0
2020-03-20,0.783,0.795,0.775,0.795,38420000,30240000,0
2020-03-23,0.771,0.760,0.759,0.775,22810000,17480000,0
2020-03-24,0.767,0.776,0.760,0.779,22140000,17020000,0
2020-03-25,0.788,0.811,0.786,0.814,66700000,53480000,0
2020-03-26,0.806,0.803,0.797,0.810,29250000,23540000,0
2020-03-27,0.808,0.810,0.806,0.826,58210000,47390000,0
2020-03-30,0.798,0.799,0.793,0.804,34070000,27200000,0
2020-03-31,0.802,0.793,0.788,0.808,17710000,14110000,0
2020-04-01,0.791,0.795,0.791,0.807,18960000,15190000,0
2020-04-02,0.791,0.804,0.790,0.805,15240000,12150000,0
2020-04-03,0.805,0.802,0.797,0.807,14620000,11740000,0
2020-04-07,0.812,0.814,0.809,0.816,15750000,12800000,0
2020-04-08,0.808,0.810,0.804,0.812,14360000,11620000,0
2020-04-09,0.810,0.810,0.808,0.815,10130000,8210000,0
2020-04-10,0.810,0.806,0.801,0.823,42050000,34080000,0
2020-04-13,0.801,0.802,0.797,0.805,12880000,10330000,0
2020-04-14,0.798,0.816,0.798,0.818,22560000,18340000,0
2020-04-15,0.813,0.806,0.804,0.816,10420000,8440000,0
2020-04-16,0.801,0.807,0.801,0.809,12020000,9690000,0
2020-04-17,0.811,0.811,0.809,0.817,16720000,13580000,0
2020-04-20,0.817,0.812,0.800,0.817,47630000,38470000,0
2020-04-21,0.810,0.802,0.796,0.811,16740000,13420000,0
2020-04-22,0.795,0.806,0.793,0.806,15160000,12150000,0
2020-04-23,0.807,0.805,0.802,0.809,12840000,10350000,0
2020-04-24,0.803,0.799,0.796,0.804,13770000,11010000,0
2020-04-27,0.799,0.804,0.799,0.811,22340000,17970000,0
2020-04-28,0.811,0.804,0.791,0.811,22340000,17940000,0
2020-04-29,0.803,0.819,0.801,0.819,25520000,20730000,0
2020-04-30,0.819,0.828,0.815,0.829,19870000,16360000,0
2020-05-06,0.816,0.822,0.814,0.822,16390000,13400000,0
2020-05-07,0.822,0.815,0.814,0.822,12290000,10040000,0
2020-05-08,0.820,0.827,0.815,0.827,30970000,25490000,0
2020-05-11,0.827,0.826,0.821,0.829,17960000,14830000,0
2020-05-12,0.824,0.818,0.814,0.824,11510000,9410000,0
2020-05-13,0.818,0.818,0.812,0.819,9530000,7770000,0
2020-05-14,0.816,0.809,0.808,0.816,13310000,10800000,0
2020-05-15,0.808,0.812,0.808,0.815,11050000,8980000,0
2020-05-18,0.813,0.816,0.811,0.820,14040000,11480000,0
2020-05-19,0.816,0.817,0.814,0.824,14870000,12160000,0
2020-05-20,0.815,0.810,0.808,0.815,10180000,8250000,0
2020-05-21,0.810,0.804,0.804,0.814,21390000,17330000,0
2020-05-22,0.804,0.792,0.791,0.805,11610000,9270000,0
2020-05-25,0.792,0.798,0.790,0.802,13850000,11050000,0
2020-05-26,0.801,0.807,0.799,0.807,6580000,5280000,0
2020-05-27,0.808,0.809,0.804,0.813,14070000,11390000,0
2020-05-28,0.811,0.814,0.808,0.823,24180000,19780000,0
2020-05-29,0.811,0.809,0.806,0.813,30020000,24270000,0
2020-06-01,0.810,0.830,0.810,0.831,24870000,20510000,0
2020-06-02,0.835,0.844,0.832,0.848,32120000,27040000,0
2020-06-03,0.846,0.840,0.840,0.857,23940000,20330000,0
2020-06-04,0.840,0.839,0.836,0.847,13920000,11680000,0
2020-06-05,0.839,0.837,0.830,0.840,10060000,8390000,0
2020-06-08,0.840,0.844,0.839,0.848,17970000,15170000,0
2020-06-09,0.844,0.844,0.840,0.849,11040000,9310000,0
2020-06-10,0.844,0.838,0.835,0.847,11590000,9750000,0
2020-06-11,0.838,0.835,0.830,0.843,6280000,5260000,0
2020-06-12,0.820,0.830,0.819,0.834,6680000,5530000,0
2020-06-15,0.825,0.827,0.824,0.839,7390000,6150000,0
2020-06-16,0.835,0.840,0.832,0.840,7370000,6160000,0
2020-06-17,0.840,0.838,0.832,0.840,8500000,7100000,0
2020-06-18,0.838,0.843,0.836,0.847,11090000,9340000,0
2020-06-19,0.830,0.842,0.830,0.850,34390000,28900000,0
2020-06-22,0.839,0.843,0.839,0.848,20600000,17410000,0
2020-06-23,0.840,0.841,0.835,0.844,19300000,16210000,0
2020-06-24,0.842,0.857,0.841,0.858,50030000,42560000,0
2020-06-29,0.855,0.841,0.838,0.856,26800000,22600000,0
2020-06-30,0.845,0.859,0.842,0.861,60190000,51250000,0
2020-07-01,0.863,0.910,0.858,0.915,101310000,90280000,0
2020-07-02,0.909,0.937,0.902,0.941,155330000,143870000,0
2020-07-03,0.940,0.952,0.924,0.953,141830000,133050000,0
2020-07-06,0.982,1.047,0.968,1.047,471240000,472140000,0
2020-07-07,1.100,1.015,1.007,1.114,400460000,412810000,0
2020-07-08,1.000,1.028,0.991,1.030,316860000,318840000,0
2020-07-09,1.018,1.029,1.005,1.037,248700000,254000000,0
2020-07-10,1.015,1.016,1.008,1.032,197540000,201340000,0
2020-07-13,1.015,1.030,1.001,1.034,167780000,171450000,0
2020-07-14,1.028,1.017,1.000,1.045,171320000,174280000,0
2020-07-15,1.017,0.988,0.982,1.026,174500000,173930000,0
2020-07-16,0.982,0.956,0.954,1.001,81470000,80020000,0
2020-07-17,0.969,0.951,0.939,0.971,95150000,90490000,0
2020-07-20,0.955,0.987,0.954,0.988,126850000,124030000,0
2020-07-21,0.993,0.987,0.981,0.997,62290000,61460000,0
2020-07-22,0.987,0.990,0.978,1.002,77040000,76280000,0
2020-07-23,0.984,0.974,0.955,0.984,75250000,72950000,0
2020-07-24,0.964,0.944,0.938,0.983,152360000,145500000,0
2020-07-27,0.945,0.927,0.921,0.947,106910000,99360000,0
2020-07-28,0.928,0.933,0.925,0.936,103020000,95730000,0
2020-07-29,0.930,0.950,0.921,0.950,132160000,124250000,0
2020-07-30,0.946,0.945,0.938,0.949,110790000,104480000,0
2020-07-31,0.940,0.946,0.935,0.956,118800000,112400000,0
2020-08-03,0.952,0.967,0.951,0.969,100510000,96540000,0
2020-08-04,0.979,0.982,0.963,0.985,124490000,121120000,0
2020-08-05,0.975,0.965,0.956,0.975,81980000,79000000,0
2020-08-06,0.965,0.970,0.956,0.975,79640000,76930000,0
2020-08-07,0.965,0.959,0.950,0.967,92860000,89170000,0
2020-08-10,0.954,0.980,0.954,0.987,140460000,136790000,0
2020-08-11,0.980,0.971,0.968,0.991,137850000,135470000,0
2020-08-12,0.965,0.980,0.957,0.981,100640000,97530000,0
2020-08-13,0.982,0.978,0.973,0.984,68010000,66530000,0
2020-08-14,0.979,0.996,0.972,0.996,90420000,89120000,0
2020-08-17,1.005,1.012,0.992,1.022,139640000,141090000,0
2020-08-18,1.013,1.010,1.003,1.015,98480000,99180000,0
2020-08-19,1.010,0.995,0.993,1.010,127710000,127900000,0
2020-08-20,0.992,0.985,0.980,0.993,63290000,62450000,0
2020-08-21,0.987,0.990,0.981,0.996,62130000,61430000,0
2020-08-24,0.989,0.988,0.985,0.997,62090000,61480000,0
2020-08-25,0.988,0.985,0.982,0.998,53130000,52450000,0
2020-08-26,0.981,0.975,0.968,0.988,78380000,76760000,0
2020-08-27,0.972,0.970,0.958,0.975,55270000,53230000,0
2020-08-28,0.969,0.981,0.965,0.982,76340000,74500000,0
2020-08-31,0.980,0.974,0.972,0.993,83300000,82070000,0
2020-09-01,0.969,0.971,0.965,0.974,41500000,40190000,0
2020-09-02,0.972,0.969,0.960,0.973,78380000,75670000,0
2020-09-03,0.967,0.963,0.960,0.973,85800000,82890000,0
2020-09-04,0.953,0.964,0.949,0.966,53390000,51230000,0
2020-09-07,0.961,0.960,0.955,0.982,102010000,99200000,0
2020-09-08,0.960,0.963,0.956,0.970,62120000,59870000,0
2020-09-09,0.950,0.950,0.946,0.964,55610000,53220000,0
2020-09-10,0.957,0.952,0.951,0.978,67940000,65730000,0
2020-09-11,0.950,0.949,0.943,0.954,37550000,35610000,0
2020-09-14,0.954,0.948,0.943,0.955,31370000,29690000,0
2020-09-15,0.948,0.956,0.944,0.956,37860000,36010000,0
2020-09-16,0.954,0.964,0.948,0.968,58710000,56210000,0
2020-09-17,0.960,0.958,0.953,0.964,53370000,51170000,0
2020-09-18,0.955,0.984,0.954,0.985,90710000,88240000,0
2020-09-21,0.984,0.978,0.976,0.988,42720000,41920000,0
2020-09-22,0.972,0.965,0.962,0.980,26770000,25980000,0
2020-09-23,0.967,0.961,0.957,0.970,28190000,27120000,0
2020-09-24,0.956,0.942,0.940,0.958,39430000,37300000,0
2020-09-25,0.940,0.924,0.921,0.947,68010000,63350000,0
2020-09-28,0.923,0.928,0.923,0.933,47280000,43900000,0
2020-09-29,0.926,0.925,0.925,0.932,37100000,34440000,0
2020-09-30,0.929,0.919,0.913,0.932,39610000,36510000,0
2020-10-09,0.924,0.928,0.924,0.931,23350000,21680000,0
2020-10-12,0.935,0.951,0.933,0.954,48620000,45870000,0
2020-10-13,0.948,0.943,0.940,0.950,29630000,27930000,0
2020-10-14,0.942,0.930,0.929,0.942,28970000,27030000,0
2020-10-15,0.930,0.928,0.926,0.934,26660000,24800000,0
2020-10-16,0.928,0.929,0.924,0.932,37140000,34490000,0
2020-10-19,0.932,0.926,0.924,0.948,76600000,71610000,0
2020-10-20,0.920,0.923,0.914,0.926,41870000,38430000,0
2020-10-21,0.922,0.920,0.912,0.923,36890000,33830000,0
2020-10-22,0.919,0.918,0.915,0.920,42460000,38940000,0
2020-10-23,0.920,0.917,0.915,0.922,69600000,63960000,0
2020-10-26,0.914,0.904,0.903,0.918,43010000,39100000,0
2020-10-27,0.903,0.896,0.894,0.905,35530000,31920000,0
2020-10-28,0.897,0.891,0.884,0.898,32930000,29270000,0
2020-10-29,0.882,0.889,0.879,0.891,40990000,36260000,0
2020-10-30,0.889,0.875,0.874,0.900,46280000,41030000,0
2020-11-02,0.873,0.873,0.870,0.879,69280000,60470000,0
2020-11-03,0.875,0.886,0.869,0.887,37180000,32740000,0
2020-11-04,0.886,0.884,0.878,0.886,35220000,31080000,0
2020-11-05,0.890,0.903,0.888,0.906,92390000,83080000,0
2020-11-06,0.904,0.906,0.900,0.908,63060000,57010000,0
2020-11-09,0.907,0.914,0.907,0.917,69800000,63680000,0
2020-11-10,0.925,0.909,0.906,0.925,48500000,44420000,0
2020-11-11,0.905,0.917,0.905,0.924,70010000,64180000,0
2020-11-12,0.913,0.911,0.906,0.917,35710000,32530000,0
2020-11-13,0.911,0.894,0.892,0.911,34120000,30560000,0
2020-11-16,0.894,0.906,0.894,0.906,21480000,19340000,0
2020-11-17,0.905,0.921,0.903,0.925,111260000,101920000,0
2020-11-18,0.920,0.928,0.913,0.936,89630000,83030000,0
2020-11-19,0.922,0.930,0.922,0.932,81380000,75470000,0
2020-11-20,0.927,0.925,0.917,0.928,33500000,30890000,0
2020-11-23,0.925,0.930,0.918,0.933,86930000,80520000,0
2020-11-24,0.931,0.923,0.920,0.932,64080000,59310000,0
2020-11-25,0.926,0.915,0.915,0.931,73370000,67820000,0
2020-11-26,0.911,0.912,0.904,0.915,48780000,44360000,0
2020-11-27,0.912,0.929,0.912,0.932,78240000,72410000,0
2020-11-30,0.930,0.926,0.922,0.951,133860000,125680000,0
2020-12-01,0.923,0.929,0.908,0.930,103280000,94940000,0
2020-12-02,0.929,0.935,0.924,0.946,152230000,142650000,0
2020-12-03,0.936,0.931,0.925,0.936,66960000,62260000,0
2020-12-04,0.928,0.918,0.915,0.929,182070000,167370000,0
2020-12-07,0.919,0.908,0.906,0.919,63150000,57530000,0
2020-12-08,0.907,0.904,0.902,0.909,45560000,41220000,0
2020-12-09,0.904,0.890,0.889,0.905,86440000,77530000,0
2020-12-10,0.890,0.889,0.885,0.892,47360000,42070000,0
2020-12-11,0.890,0.878,0.872,0.892,133970000,117550000,0
2020-12-14,0.882,0.886,0.879,0.887,53630000,47330000,0
2020-12-15,0.883,0.881,0.875,0.886,56690000,49800000,0
2020-12-16,0.879,0.876,0.871,0.880,37810000,33090000,0
2020-12-17,0.875,0.882,0.866,0.882,88490000,77360000,0
2020-12-18,0.882,0.875,0.873,0.884,50750000,44570000,0
2020-12-21,0.873,0.874,0.864,0.876,52250000,45480000,0
2020-12-22,0.871,0.861,0.860,0.875,99980000,86730000,0
2020-12-23,0.862,0.859,0.854,0.863,55220000,47390000,0
2020-12-24,0.858,0.848,0.845,0.862,50870000,43310000,0
2020-12-25,0.847,0.847,0.840,0.852,75900000,64240000,0
2020-12-28,0.847,0.841,0.838,0.848,88840000,74910000,0
2020-12-29,0.843,0.848,0.843,0.852,94290000,79950000,0
2020-12-30,0.848,0.845,0.841,0.848,100020000,84350000,0
2020-12-31,0.844,0.859,0.843,0.859,88880000,75700000,0
2021-01-04,0.851,0.840,0.835,0.853,156500000,131480000,0
2021-01-05,0.838,0.838,0.821,0.838,178610000,147900000,0
2021-01-06,0.837,0.839,0.833,0.841,129580000,108490000,0
2021-01-07,0.840,0.826,0.820,0.845,174860000,145170000,0
2021-01-08,0.824,0.832,0.818,0.836,235130000,195110000,0
2021-01-11,0.832,0.830,0.828,0.841,216160000,180380000,0
2021-01-12,0.830,0.833,0.822,0.834,200010000,165360000,0
2021-01-13,0.835,0.832,0.824,0.837,378500000,314110000,0
2021-01-14,0.834,0.842,0.830,0.849,346750000,291150000,0
2021-01-15,0.842,0.843,0.839,0.854,365720000,309950000,0
2021-01-18,0.846,0.858,0.838,0.858,396940000,336270000,0
2021-01-19,0.855,0.874,0.847,0.889,601770000,522010000,0
2021-01-20,0.870,0.863,0.858,0.870,363560000,313460000,0
2021-01-21,0.861,0.857,0.855,0.863,277960000,238640000,0
2021-01-22,0.853,0.834,0.833,0.856,335110000,281790000,0
2021-01-25,0.830,0.828,0.823,0.836,278080000,230100000,0
2021-01-26,0.826,0.824,0.824,0.835,227220000,188360000,0
2021-01-27,0.824,0.821,0.819,0.830,208130000,171520000,0
2021-01-28,0.812,0.807,0.805,0.818,206470000,167180000,0
2021-01-29,0.808,0.793,0.789,0.811,179820000,143620000,0
2021-02-01,0.789,0.798,0.788,0.799,130320000,103460000,0
2021-02-02,0.798,0.801,0.795,0.806,109590000,87770000,0
2021-02-03,0.800,0.791,0.788,0.801,120740000,95600000,0
2021-02-04,0.789,0.781,0.775,0.790,132380000,103510000,0
2021-02-05,0.779,0.794,0.779,0.801,177050000,140170000,0
2021-02-08,0.796,0.793,0.790,0.801,132810000,105690000,0
2021-02-09,0.792,0.796,0.784,0.796,120350000,95120000,0
2021-02-10,0.793,0.796,0.790,0.799,111310000,88500000,0
2021-02-18,0.803,0.816,0.800,0.817,193950000,157120000,0
2021-02-19,0.812,0.832,0.809,0.834,204370000,168340000,0
2021-02-22,0.832,0.837,0.829,0.850,293520000,246810000,0
2021-02-23,0.834,0.832,0.830,0.843,147760000,123350000,0
2021-02-24,0.834,0.838,0.830,0.849,157650000,132530000,0
2021-02-25,0.842,0.890,0.842,0.909,606640000,537980000,0
2021-02-26,0.870,0.863,0.860,0.881,290300000,252510000,0
2021-03-01,0.862,0.871,0.854,0.878,212270000,183830000,0
2021-03-02,0.876,0.864,0.861,0.890,184180000,160920000,0
2021-03-03,0.859,0.872,0.856,0.876,107660000,93290000,0
2021-03-04,0.868,0.862,0.859,0.881,122920000,106980000,0
2021-03-05,0.854,0.852,0.840,0.863,107020000,91130000,0
2021-03-08,0.853,0.842,0.840,0.863,108790000,92560000,0
2021-03-09,0.842,0.830,0.821,0.846,99770000,83200000,0
2021-03-10,0.831,0.819,0.817,0.833,71590000,58950000,0
2021-03-11,0.823,0.832,0.821,0.834,67250000,55670000,0
2021-03-12,0.832,0.847,0.825,0.855,98380000,82750000,0
2021-03-15,0.845,0.844,0.838,0.851,107740000,90940000,0
2021-03-16,0.844,0.867,0.842,0.870,199560000,171120000,0
2021-03-17,0.863,0.863,0.860,0.873,144190000,124720000,0
2021-03-18,0.864,0.864,0.862,0.870,79740000,68990000,0
2021-03-19,0.860,0.845,0.842,0.860,82610000,70340000,0
2021-03-22,0.844,0.857,0.843,0.858,74480000,63440000,0
2021-03-23,0.854,0.848,0.843,0.857,57540000,48800000,0
2021-03-24,0.845,0.834,0.831,0.845,62960000,52620000,0
2021-03-25,0.830,0.832,0.828,0.836,47910000,39860000,0
2021-03-26,0.834,0.834,0.833,0.838,50840000,42480000,0
2021-03-29,0.831,0.838,0.827,0.841,67190000,56100000,0
2021-03-30,0.836,0.840,0.833,0.845,56260000,47180000,0
2021-03-31,0.836,0.838,0.832,0.839,48580000,40610000,0
2021-04-01,0.839,0.839,0.834,0.841,60370000,50530000,0
2021-04-02,0.839,0.845,0.836,0.845,72940000,61330000,0
2021-04-06,0.845,0.844,0.842,0.847,37510000,31660000,0
2021-04-07,0.841,0.852,0.841,0.853,88880000,75420000,0
2021-04-08,0.849,0.841,0.840,0.850,59300000,50020000,0
2021-04-09,0.839,0.841,0.836,0.842,44740000,37540000,0
2021-04-12,0.840,0.841,0.839,0.847,62630000,52820000,0
2021-04-13,0.841,0.835,0.832,0.844,53440000,44740000,0
2021-04-14,0.832,0.842,0.832,0.843,36670000,30790000,0
2021-04-15,0.842,0.839,0.834,0.845,40760000,34170000,0
2021-04-16,0.841,0.857,0.839,0.857,81320000,69240000,0
2021-04-19,0.856,0.854,0.850,0.856,51250000,43700000,0
2021-04-20,0.851,0.848,0.845,0.854,45680000,38810000,0
2021-04-21,0.844,0.849,0.841,0.850,46070000,39050000,0
2021-04-22,0.848,0.849,0.847,0.858,48590000,41430000,0
2021-04-23,0.847,0.839,0.834,0.848,64440000,54010000,0
2021-04-26,0.839,0.832,0.830,0.841,57540000,48070000,0
2021-04-27,0.831,0.833,0.829,0.834,37030000,30780000,0
2021-04-28,0.833,0.836,0.831,0.837,43780000,36550000,0
2021-04-29,0.837,0.842,0.834,0.843,49630000,41730000,0
2021-04-30,0.840,0.830,0.827,0.842,75270000,62600000,0
2021-05-06,0.830,0.830,0.826,0.834,41470000,34420000,0
2021-05-07,0.829,0.822,0.820,0.829,42940000,35410000,0
2021-05-10,0.822,0.813,0.807,0.822,46900000,38060000,0
2021-05-11,0.812,0.824,0.806,0.825,40650000,33200000,0
2021-05-12,0.820,0.821,0.816,0.822,32450000,26580000,0
2021-05-13,0.816,0.826,0.816,0.828,37310000,30720000,0
2021-05-14,0.825,0.834,0.825,0.836,55940000,46530000,0
2021-05-17,0.836,0.835,0.832,0.840,65570000,54800000,0
2021-05-18,0.834,0.842,0.833,0.844,52330000,43940000,0
2021-05-19,0.842,0.835,0.834,0.843,59880000,50200000,0
2021-05-20,0.835,0.834,0.830,0.835,36350000,30260000,0
2021-05-21,0.834,0.830,0.829,0.835,27750000,23090000,0
2021-05-24,0.827,0.837,0.827,0.837,33230000,27710000,0
2021-05-25,0.837,0.845,0.833,0.845,53130000,44640000,0
2021-05-26,0.845,0.855,0.844,0.862,109920000,93810000,0
2021-05-27,0.850,0.856,0.848,0.858,62340000,53310000,0
2021-05-28,0.856,0.853,0.851,0.863,63640000,54410000,0
2021-05-31,0.854,0.853,0.847,0.855,54820000,46670000,0
2021-06-01,0.854,0.849,0.845,0.856,57960000,49220000,0
2021-06-02,0.851,0.849,0.844,0.856,87810000,74750000,0
2021-06-03,0.848,0.855,0.847,0.862,101090000,86310000,0
2021-06-04,0.855,0.848,0.845,0.857,65280000,55490000,0
2021-06-07,0.845,0.834,0.831,0.845,82420000,68750000,0
2021-06-08,0.835,0.837,0.835,0.843,55240000,46310000,0
2021-06-09,0.836,0.834,0.831,0.838,57430000,47870000,0
2021-06-10,0.834,0.829,0.828,0.834,63210000,52530000,0
2021-06-11,0.828,0.823,0.821,0.830,60350000,49770000,0
2021-06-15,0.822,0.810,0.808,0.823,65730000,53430000,0
2021-06-16,0.806,0.809,0.805,0.816,53300000,43130000,0
2021-06-17,0.807,0.810,0.805,0.813,46670000,37770000,0
2021-06-18,0.810,0.810,0.802,0.811,48470000,39090000,0
2021-06-21,0.806,0.808,0.802,0.808,47240000,38040000,0
2021-06-22,0.808,0.807,0.803,0.810,53280000,43010000,0
2021-06-23,0.805,0.811,0.804,0.811,45570000,36770000,0
2021-06-24,0.810,0.805,0.804,0.812,42280000,34120000,0
2021-06-25,0.806,0.810,0.804,0.811,51870000,41920000,0
2021-06-28,0.810,0.802,0.800,0.811,73820000,59390000,0
2021-06-29,0.802,0.797,0.796,0.804,140130000,112010000,0
2021-06-30,0.796,0.798,0.795,0.800,85910000,68450000,0
2021-07-01,0.798,0.817,0.796,0.821,177970000,144150000,0
2021-07-02,0.809,0.799,0.795,0.811,126210000,101230000,0
2021-07-05,0.797,0.794,0.791,0.800,54700000,43460000,0
2021-07-06,0.794,0.807,0.794,0.810,125990000,101150000,0
2021-07-07,0.801,0.803,0.797,0.808,64910000,51990000,0
2021-07-08,0.804,0.796,0.793,0.804,59690000,47510000,0
2021-07-09,0.795,0.799,0.792,0.801,68480000,54560000,0
2021-07-12,0.801,0.795,0.793,0.804,75660000,60330000,0
2021-07-13,0.794,0.800,0.792,0.802,67760000,54090000,0
2021-07-14,0.799,0.790,0.789,0.799,72290000,57260000,0
2021-07-15,0.791,0.791,0.784,0.791,64680000,50960000,0
2021-07-16,0.790,0.790,0.788,0.793,43190000,34140000,0
2021-07-19,0.787,0.779,0.774,0.787,83750000,65120000,0
2021-07-20,0.775,0.774,0.769,0.776,83570000,64560000,0
2021-07-21,0.773,0.768,0.766,0.777,108220000,83300000,0
2021-07-22,0.769,0.775,0.768,0.776,133240000,102680000,0
2021-07-23,0.775,0.770,0.767,0.776,46580000,35910000,0
2021-07-26,0.766,0.740,0.733,0.766,166480000,123900000,0
2021-07-27,0.736,0.713,0.713,0.739,156980000,113840000,0
2021-07-28,0.712,0.707,0.702,0.715,111430000,78940000,0
2021-07-29,0.713,0.710,0.705,0.715,59320000,42090000,0
2021-07-30,0.706,0.709,0.699,0.712,54390000,38430000,0
2021-08-02,0.707,0.720,0.698,0.723,104210000,74240000,0
2021-08-03,0.716,0.716,0.715,0.722,85230000,61230000,0
2021-08-04,0.714,0.713,0.710,0.717,63350000,45130000,0
2021-08-05,0.714,0.722,0.714,0.738,117940000,85860000,0
2021-08-06,0.716,0.721,0.712,0.723,75400000,54070000,0
2021-08-09,0.720,0.747,0.718,0.754,151040000,111830000,0
2021-08-10,0.742,0.746,0.734,0.751,98030000,72460000,0
2021-08-11,0.752,0.769,0.752,0.785,212010000,164600000,0
2021-08-12,0.771,0.763,0.759,0.774,155300000,118730000,0
2021-08-13,0.760,0.760,0.753,0.765,56090000,42610000,0
2021-08-16,0.765,0.770,0.759,0.776,82370000,63420000,0
2021-08-17,0.770,0.762,0.762,0.781,92720000,71550000,0
2021-08-18,0.762,0.775,0.755,0.776,89770000,68960000,0
2021-08-19,0.771,0.763,0.760,0.772,76820000,58670000,0
2021-08-20,0.761,0.766,0.755,0.767,93750000,71390000,0
2021-08-23,0.765,0.764,0.762,0.768,52020000,39740000,0
2021-08-24,0.761,0.770,0.761,0.771,56850000,43590000,0
2021-08-25,0.770,0.768,0.765,0.772,31510000,24220000,0
2021-08-26,0.767,0.761,0.758,0.772,46960000,35900000,0
2021-08-27,0.757,0.756,0.752,0.760,61900000,46780000,0
2021-08-30,0.754,0.745,0.742,0.754,80240000,59970000,0
2021-08-31,0.742,0.765,0.741,0.765,62340000,46980000,0
2021-09-01,0.763,0.788,0.761,0.789,102150000,79680000,0
2021-09-02,0.787,0.798,0.782,0.801,80360000,63840000,0
2021-09-03,0.801,0.798,0.792,0.808,107730000,86350000,0
2021-09-06,0.801,0.792,0.790,0.801,71670000,56880000,0
2021-09-07,0.792,0.798,0.786,0.799,67670000,53640000,0
2021-09-08,0.795,0.799,0.794,0.801,43840000,34950000,0
2021-09-09,0.799,0.800,0.793,0.802,44320000,35350000,0
2021-09-10,0.800,0.804,0.797,0.812,72590000,58490000,0
2021-09-13,0.803,0.819,0.797,0.820,95030000,77380000,0
2021-09-14,0.820,0.799,0.797,0.824,101540000,82140000,0
2021-09-15,0.793,0.789,0.784,0.799,55030000,43530000,0
2021-09-16,0.789,0.770,0.769,0.793,50320000,39180000,0
2021-09-17,0.768,0.776,0.767,0.779,54560000,42120000,0
2021-09-22,0.763,0.793,0.759,0.794,81700000,63990000,0
2021-09-23,0.793,0.812,0.793,0.823,99110000,80500000,0
2021-09-24,0.812,0.800,0.799,0.817,54000000,43530000,0
2021-09-27,0.800,0.777,0.772,0.803,70270000,54990000,0
2021-09-28,0.786,0.803,0.785,0.807,119470000,95780000,0
2021-09-29,0.799,0.793,0.792,0.806,67620000,53980000,0
2021-09-30,0.802,0.806,0.797,0.812,101620000,81750000,0
2021-10-08,0.807,0.802,0.796,0.813,63670000,51020000,0
2021-10-11,0.801,0.807,0.798,0.817,55980000,45250000,0
2021-10-12,0.802,0.811,0.800,0.824,103740000,84460000,0
2021-10-13,0.810,0.808,0.796,0.812,113070000,91100000,0
2021-10-14,0.803,0.790,0.789,0.804,81960000,65030000,0
2021-10-15,0.786,0.787,0.784,0.794,61490000,48520000,0
2021-10-18,0.785,0.783,0.767,0.787,102510000,79540000,0
2021-10-19,0.779,0.781,0.769,0.782,101660000,78810000,0
2021-10-20,0.776,0.769,0.766,0.777,80600000,62040000,0
2021-10-21,0.774,0.783,0.769,0.787,194380000,151890000,0
2021-10-22,0.789,0.799,0.788,0.816,259120000,207920000,0
2021-10-25,0.780,0.780,0.773,0.794,139170000,108570000,0
2021-10-26,0.777,0.767,0.764,0.784,106410000,82100000,0
2021-10-27,0.764,0.755,0.752,0.767,73650000,55740000,0
2021-10-28,0.755,0.739,0.739,0.756,77510000,57780000,0
2021-10-29,0.740,0.735,0.728,0.745,138620000,101380000,0
2021-11-01,0.733,0.729,0.726,0.737,118310000,86260000,0
2021-11-02,0.729,0.712,0.706,0.732,161880000,116080000,0
2021-11-03,0.713,0.722,0.711,0.724,202290000,145910000,0
2021-11-04,0.723,0.718,0.712,0.723,133640000,95810000,0
2021-11-05,0.714,0.706,0.704,0.718,173200000,122580000,0
2021-11-08,0.707,0.712,0.704,0.714,163770000,116550000,0
2021-11-09,0.710,0.716,0.710,0.716,95910000,68420000,0
2021-11-10,0.716,0.732,0.706,0.735,295850000,213480000,0
2021-11-11,0.732,0.780,0.732,0.781,389880000,296780000,0
2021-11-12,0.773,0.765,0.755,0.773,239010000,182860000,0
2021-11-15,0.765,0.763,0.753,0.766,116940000,88720000,0
2021-11-16,0.761,0.757,0.754,0.767,127920000,97250000,0
2021-11-17,0.758,0.758,0.749,0.760,95760000,72160000,0
2021-11-18,0.756,0.747,0.744,0.758,87560000,65650000,0
2021-11-19,0.744,0.771,0.742,0.775,234180000,178350000,0
2021-11-22,0.770,0.759,0.753,0.770,130080000,98660000,0
2021-11-23,0.759,0.764,0.757,0.769,161700000,123420000,0
2021-11-24,0.761,0.769,0.760,0.777,115820000,89270000,0
2021-11-25,0.770,0.767,0.765,0.776,73370000,56370000,0
2021-11-26,0.766,0.761,0.758,0.767,53430000,40630000,0
2021-11-29,0.752,0.753,0.749,0.755,53130000,39960000,0
2021-11-30,0.754,0.751,0.745,0.758,69310000,52060000,0
2021-12-01,0.748,0.759,0.748,0.763,104680000,79350000,0
2021-12-02,0.756,0.762,0.752,0.766,100810000,76700000,0
2021-12-03,0.763,0.771,0.758,0.773,95230000,73030000,0
2021-12-06,0.783,0.771,0.771,0.794,142260000,111200000,0
2021-12-07,0.786,0.791,0.778,0.794,220250000,173030000,0
2021-12-08,0.785,0.783,0.770,0.785,153630000,119320000,0
2021-12-09,0.780,0.797,0.778,0.799,208130000,164650000,0
2021-12-10,0.791,0.788,0.785,0.794,129370000,102090000,0
2021-12-13,0.788,0.784,0.780,0.793,100290000,78790000,0
2021-12-14,0.786,0.774,0.771,0.787,143360000,110940000,0
2021-12-15,0.774,0.779,0.772,0.785,131100000,102380000,0
2021-12-16,0.776,0.785,0.774,0.787,88650000,69380000,0
2021-12-17,0.785,0.784,0.780,0.793,115270000,90620000,0
2021-12-20,0.786,0.790,0.784,0.800,177050000,140480000,0
2021-12-21,0.792,0.829,0.790,0.831,332920000,272450000,0
2021-12-22,0.829,0.819,0.812,0.835,239430000,196340000,0
2021-12-23,0.811,0.805,0.799,0.816,162560000,130670000,0
2021-12-24,0.804,0.793,0.788,0.804,183170000,145510000,0
2021-12-27,0.795,0.799,0.795,0.810,157870000,126710000,0
2021-12-28,0.793,0.797,0.787,0.798,139370000,110320000,0
2021-12-29,0.794,0.793,0.791,0.798,76480000,60740000,0
2021-12-30,0.791,0.793,0.789,0.796,128950000,102240000,0
2021-12-31,0.795,0.804,0.792,0.811,154520000,124010000,0
2022-01-04,0.799,0.816,0.793,0.817,179690000,145170000,0
2022-01-05,0.813,0.819,0.813,0.832,305070000,250740000,0
2022-01-06,0.818,0.820,0.814,0.832,151820000,124850000,0
2022-01-07,0.823,0.835,0.821,0.847,194000000,162640000,0
2022-01-10,0.834,0.847,0.829,0.850,212810000,178490000,0
2022-01-11,0.845,0.848,0.841,0.867,233330000,199170000,0
2022-01-12,0.842,0.843,0.829,0.845,177550000,148560000,0
2022-01-13,0.844,0.832,0.830,0.853,172390000,145120000,0
2022-01-14,0.828,0.811,0.807,0.828,148710000,121150000,0
2022-01-17,0.807,0.821,0.807,0.824,112400000,92120000,0
2022-01-18,0.820,0.833,0.816,0.844,166900000,138820000,0
2022-01-19,0.836,0.838,0.831,0.849,173430000,145700000,0
2022-01-20,0.842,0.833,0.831,0.855,373250000,315170000,0
2022-01-21,0.828,0.826,0.820,0.836,259210000,214470000,0
2022-01-24,0.822,0.837,0.813,0.844,142460000,118450000,0
2022-01-25,0.833,0.804,0.803,0.833,249870000,203560000,0
2022-01-26,0.806,0.808,0.799,0.813,156660000,126220000,0
2022-01-27,0.803,0.794,0.793,0.809,172510000,138060000,0
2022-01-28,0.796,0.792,0.788,0.803,115210000,91470000,0
2022-02-07,0.790,0.807,0.784,0.807,146900000,116720000,0
2022-02-08,0.800,0.815,0.799,0.817,143610000,115880000,0
2022-02-09,0.811,0.815,0.810,0.830,149450000,122690000,0
2022-02-10,0.809,0.823,0.798,0.828,159520000,130510000,0
2022-02-11,0.829,0.823,0.821,0.841,183020000,152070000,0
2022-02-14,0.815,0.803,0.797,0.815,187570000,150750000,0
2022-02-15,0.798,0.794,0.786,0.801,138020000,109440000,0
2022-02-16,0.794,0.800,0.790,0.805,119700000,95550000,0
2022-02-17,0.800,0.791,0.788,0.801,96040000,76070000,0
2022-02-18,0.787,0.817,0.787,0.818,195610000,157710000,0
2022-02-21,0.814,0.826,0.807,0.828,227960000,186090000,0
2022-02-22,0.820,0.820,0.816,0.833,171640000,141470000,0
2022-02-23,0.819,0.813,0.808,0.822,140300000,114090000,0
2022-02-24,0.808,0.796,0.786,0.815,207510000,166330000,0
2022-02-25,0.797,0.793,0.788,0.805,102520000,81480000,0
2022-02-28,0.791,0.784,0.776,0.791,321690000,251170000,0
2022-03-01,0.781,0.795,0.781,0.795,116550000,91930000,0
2022-03-02,0.797,0.800,0.793,0.810,188470000,150900000,0
2022-03-03,0.802,0.816,0.800,0.816,149600000,121540000,0
2022-03-04,0.813,0.804,0.796,0.813,254410000,204500000,0
2022-03-07,0.803,0.804,0.801,0.815,186890000,151100000,0
2022-03-08,0.804,0.777,0.776,0.804,135950000,107130000,0
2022-03-09,0.778,0.751,0.726,0.783,238930000,181490000,0
2022-03-10,0.760,0.760,0.751,0.770,120170000,91550000,0
2022-03-11,0.751,0.766,0.740,0.767,110680000,83440000,0
2022-03-14,0.754,0.754,0.750,0.776,109710000,83830000,0
2022-03-15,0.745,0.689,0.687,0.745,149550000,107310000,0
2022-03-16,0.705,0.716,0.680,0.721,165160000,115030000,0
2022-03-17,0.751,0.749,0.740,0.780,203320000,152190000,0
2022-03-18,0.737,0.787,0.712,0.790,258870000,198180000,0
2022-03-21,0.780,0.780,0.765,0.785,225710000,175260000,0
2022-03-22,0.775,0.811,0.764,0.818,329690000,262880000,0
2022-03-23,0.806,0.827,0.798,0.839,285810000,233570000,0
2022-03-24,0.813,0.812,0.809,0.828,203680000,166920000,0
2022-03-25,0.807,0.814,0.799,0.830,270260000,220700000,0
2022-03-28,0.810,0.833,0.804,0.841,256190000,212010000,0
2022-03-29,0.824,0.815,0.810,0.833,383880000,314410000,0
2022-03-30,0.815,0.864,0.815,0.875,389490000,331130000,0
2022-03-31,0.860,0.873,0.857,0.897,464470000,406240000,0
2022-04-01,0.861,0.899,0.858,0.905,393310000,344420000,0
2022-04-06,0.914,0.927,0.897,0.940,396120000,364050000,0
2022-04-07,0.909,0.891,0.888,0.923,436980000,393870000,0
2022-04-08,0.883,0.913,0.870,0.925,540380000,483220000,0
2022-04-11,0.897,0.880,0.874,0.905,537710000,476660000,0
2022-04-12,0.869,0.858,0.854,0.888,421100000,366630000,0
2022-04-13,0.845,0.847,0.831,0.868,423600000,359390000,0
2022-04-14,0.849,0.880,0.845,0.891,547430000,474740000,0
2022-04-15,0.866,0.880,0.866,0.908,571200000,508540000,0
2022-04-18,0.864,0.851,0.847,0.885,387930000,335540000,0
2022-04-19,0.840,0.854,0.828,0.862,457740000,387260000,0
2022-04-20,0.851,0.813,0.806,0.854,458110000,377900000,0
2022-04-21,0.804,0.792,0.787,0.815,519020000,416990000,0
2022-04-22,0.781,0.796,0.772,0.805,393980000,313010000,0
2022-04-25,0.784,0.752,0.750,0.803,405330000,316010000,0
2022-04-26,0.755,0.753,0.749,0.778,332440000,252690000,0
2022-04-27,0.748,0.742,0.721,0.757,503630000,371170000,0
2022-04-28,0.735,0.763,0.735,0.770,665500000,500950000,0
2022-04-29,0.765,0.794,0.756,0.796,628420000,488340000,0
2022-05-05,0.798,0.786,0.769,0.802,635060000,497460000,0
2022-05-06,0.765,0.745,0.739,0.769,612720000,462580000,0
2022-05-09,0.738,0.754,0.738,0.763,306000000,230590000,0
2022-05-10,0.743,0.760,0.733,0.766,387490000,290560000,0
2022-05-11,0.757,0.756,0.750,0.769,336110000,254960000,0
2022-05-12,0.748,0.741,0.730,0.756,423360000,314150000,0
2022-05-13,0.741,0.779,0.738,0.780,510610000,387770000,0
2022-05-16,0.805,0.790,0.773,0.806,534510000,420410000,0
2022-05-17,0.783,0.778,0.766,0.788,371090000,288080000,0
2022-05-18,0.776,0.772,0.764,0.782,270990000,209310000,0
2022-05-19,0.760,0.791,0.758,0.791,435630000,340440000,0
2022-05-20,0.792,0.781,0.775,0.799,740220000,579470000,0
2022-05-23,0.778,0.766,0.762,0.781,551350000,424190000,0
2022-05-24,0.765,0.746,0.745,0.767,599380000,453570000,0
2022-05-25,0.746,0.752,0.738,0.754,340670000,254720000,0
2022-05-26,0.751,0.759,0.750,0.766,376840000,285710000,0
2022-05-27,0.759,0.755,0.750,0.761,332320000,250750000,0
2022-05-30,0.754,0.748,0.743,0.760,360900000,270670000,0
2022-05-31,0.746,0.748,0.737,0.749,497820000,370700000,0
2022-06-01,0.747,0.750,0.741,0.755,494510000,370170000,0
2022-06-02,0.747,0.739,0.737,0.749,517350000,383270000,0
2022-06-06,0.736,0.735,0.719,0.739,729900000,529700000,0
2022-06-07,0.731,0.744,0.730,0.744,495060000,365150000,0
2022-06-08,0.741,0.736,0.727,0.743,566180000,416540000,0
2022-06-09,0.732,0.738,0.732,0.747,544070000,403550000,0
2022-06-10,0.733,0.739,0.731,0.741,422230000,311020000,0
2022-06-13,0.733,0.718,0.715,0.735,508230000,367300000,0
2022-06-14,0.712,0.729,0.712,0.730,602000000,434390000,0
2022-06-15,0.730,0.750,0.727,0.761,977020000,731640000,0
2022-06-16,0.751,0.744,0.740,0.756,600810000,448830000,0
2022-06-17,0.740,0.740,0.731,0.745,351680000,259630000,0
2022-06-20,0.741,0.755,0.740,0.758,633090000,476320000,0
2022-06-21,0.755,0.757,0.752,0.774,622430000,475520000,0
2022-06-22,0.758,0.745,0.744,0.761,370280000,278160000,0
2022-06-23,0.744,0.759,0.739,0.760,418640000,314230000,0
2022-06-24,0.759,0.752,0.747,0.760,618360000,464740000,0
2022-06-27,0.753,0.756,0.748,0.761,734880000,554550000,0
2022-06-28,0.752,0.751,0.746,0.756,651620000,488390000,0
2022-06-29,0.750,0.775,0.750,0.783,1009230000,778950000,0
2022-06-30,0.777,0.783,0.769,0.791,1112520000,867140000,0
2022-07-01,0.783,0.778,0.778,0.792,480220000,376700000,0
2022-07-04,0.776,0.775,0.767,0.780,559540000,432000000,0
2022-07-05,0.773,0.766,0.758,0.776,635140000,486990000,0
2022-07-06,0.760,0.750,0.743,0.766,790090000,594660000,0
2022-07-07,0.749,0.750,0.747,0.759,467680000,351500000,0
2022-07-08,0.750,0.752,0.746,0.759,429410000,323130000,0
2022-07-11,0.748,0.741,0.737,0.753,448400000,333200000,0
2022-07-12,0.740,0.745,0.738,0.751,323900000,241230000,0
2022-07-13,0.744,0.751,0.744,0.764,492810000,371760000,0
2022-07-14,0.745,0.740,0.733,0.748,578300000,427970000,0
2022-07-15,0.736,0.707,0.705,0.737,841640000,601780000,0
2022-07-18,0.704,0.727,0.703,0.729,586810000,422660000,0
2022-07-19,0.723,0.730,0.720,0.731,275460000,200240000,0
2022-07-20,0.730,0.731,0.728,0.735,203590000,148800000,0
2022-07-21,0.727,0.722,0.718,0.730,400940000,289550000,0
2022-07-22,0.723,0.719,0.712,0.726,325190000,233820000,0
2022-07-25,0.719,0.725,0.718,0.735,387250000,281830000,0
2022-07-26,0.726,0.755,0.724,0.757,529800000,395160000,0
2022-07-27,0.752,0.752,0.743,0.756,536690000,403410000,0
2022-07-28,0.751,0.755,0.747,0.765,417090000,314560000,0
2022-07-29,0.753,0.741,0.740,0.754,531870000,396030000,0
2022-08-01,0.740,0.735,0.728,0.742,382120000,280760000,0
2022-08-02,0.730,0.712,0.704,0.769,475980000,340150000,0
2022-08-03,0.712,0.696,0.694,0.720,360360000,254570000,0
2022-08-04,0.698,0.701,0.691,0.704,294510000,205600000,0
2022-08-05,0.702,0.713,0.700,0.713,419570000,297030000,0
2022-08-08,0.715,0.716,0.711,0.730,279350000,200520000,0
2022-08-09,0.714,0.713,0.706,0.721,268090000,191100000,0
2022-08-10,0.712,0.709,0.706,0.716,222540000,157960000,0
2022-08-11,0.711,0.720,0.711,0.720,235340000,168610000,0
2022-08-12,0.718,0.723,0.714,0.728,273590000,197640000,0
2022-08-15,0.723,0.722,0.719,0.732,252900000,183190000,0
2022-08-16,0.724,0.734,0.724,0.737,296390000,216680000,0
2022-08-17,0.732,0.744,0.728,0.750,279330000,206780000,0
2022-08-18,0.741,0.736,0.731,0.743,199160000,146550000,0
2022-08-19,0.736,0.744,0.734,0.755,421030000,313980000,0
2022-08-22,0.745,0.750,0.738,0.754,256450000,191710000,0
2022-08-23,0.749,0.744,0.739,0.752,200820000,149280000,0
2022-08-24,0.742,0.731,0.728,0.744,297150000,218960000,0
2022-08-25,0.735,0.739,0.729,0.742,360290000,265480000,0
2022-08-26,0.738,0.733,0.731,0.741,254210000,186900000,0
2022-08-29,0.727,0.734,0.720,0.734,173660000,126000000,0
2022-08-30,0.732,0.740,0.731,0.743,256880000,189840000,0
2022-08-31,0.741,0.738,0.738,0.752,230440000,171560000,0
2022-09-01,0.737,0.748,0.736,0.762,326560000,245370000,0
2022-09-02,0.746,0.746,0.739,0.748,140020000,103960000,0
2022-09-05,0.744,0.757,0.740,0.758,353850000,264810000,0
2022-09-06,0.755,0.772,0.753,0.776,531490000,408720000,0
2022-09-07,0.769,0.772,0.762,0.778,304760000,235410000,0
2022-09-08,0.773,0.772,0.764,0.779,222600000,171570000,0
2022-09-09,0.770,0.798,0.770,0.800,604640000,479130000,0
2022-09-13,0.793,0.780,0.776,0.798,410490000,322300000,0
2022-09-14,0.772,0.779,0.771,0.792,461070000,360570000,0
2022-09-15,0.781,0.796,0.779,0.802,621560000,492960000,0
2022-09-16,0.789,0.765,0.763,0.795,334710000,260420000,0
2022-09-19,0.759,0.766,0.749,0.768,338030000,257630000,0
2022-09-20,0.763,0.754,0.750,0.776,295210000,224520000,0
2022-09-21,0.750,0.764,0.741,0.771,487240000,370480000,0
2022-09-22,0.759,0.752,0.747,0.765,214030000,161130000,0
2022-09-23,0.746,0.745,0.744,0.768,399870000,301710000,0
2022-09-26,0.746,0.736,0.735,0.759,250910000,187350000,0
2022-09-27,0.737,0.746,0.724,0.747,218630000,160520000,0
2022-09-28,0.740,0.727,0.726,0.742,256690000,188730000,0
2022-09-29,0.732,0.714,0.709,0.732,237350000,170990000,0
2022-09-30,0.720,0.722,0.711,0.735,405740000,293130000,0
2022-10-10,0.724,0.724,0.723,0.745,401450000,293640000,0
2022-10-11,0.723,0.710,0.706,0.726,329750000,234520000,0
2022-10-12,0.708,0.722,0.702,0.725,396210000,282720000,0
2022-10-13,0.717,0.713,0.699,0.717,271110000,191250000,0
2022-10-14,0.711,0.716,0.711,0.728,399670000,286470000,0
2022-10-17,0.713,0.716,0.692,0.717,416160000,293520000,0
2022-10-18,0.716,0.707,0.702,0.719,379700000,269480000,0
2022-10-19,0.706,0.703,0.702,0.713,301160000,212600000,0
2022-10-20,0.698,0.699,0.693,0.703,356300000,248320000,0
2022-10-21,0.704,0.698,0.696,0.708,348900000,245230000,0
2022-10-24,0.695,0.672,0.670,0.696,342820000,233700000,0
2022-10-25,0.670,0.665,0.660,0.674,251590000,167430000,0
2022-10-26,0.667,0.662,0.654,0.670,348170000,229870000,0
2022-10-27,0.662,0.666,0.659,0.671,249830000,166290000,0
2022-10-28,0.662,0.641,0.639,0.666,262510000,171160000,0
2022-10-31,0.633,0.622,0.615,0.633,353610000,220670000,0
2022-11-01,0.622,0.635,0.615,0.637,429400000,267260000,0
2022-11-02,0.628,0.642,0.626,0.646,317720000,202520000,0
2022-11-03,0.635,0.636,0.632,0.644,184740000,117870000,0
2022-11-04,0.637,0.654,0.635,0.655,251180000,162580000,0
2022-11-07,0.649,0.658,0.647,0.662,285030000,186540000,0
2022-11-08,0.660,0.661,0.655,0.668,183920000,121690000,0
2022-11-09,0.666,0.674,0.666,0.686,236670000,160320000,0
2022-11-10,0.668,0.672,0.660,0.677,185020000,123820000,0
2022-11-11,0.686,0.724,0.686,0.737,797930000,566720000,0
2022-11-14,0.750,0.727,0.718,0.750,1090500000,798940000,0
2022-11-15,0.722,0.734,0.720,0.745,479130000,350600000,0
2022-11-16,0.730,0.722,0.715,0.734,375070000,271170000,0
2022-11-17,0.718,0.723,0.712,0.728,309150000,223180000,0
2022-11-18,0.723,0.717,0.715,0.729,605000000,437280000,0
2022-11-21,0.716,0.713,0.696,0.716,265650000,186970000,0
2022-11-22,0.719,0.706,0.703,0.726,198810000,141660000,0
2022-11-23,0.703,0.706,0.700,0.710,188680000,132970000,0
2022-11-24,0.720,0.718,0.710,0.727,283140000,203280000,0
2022-11-25,0.722,0.751,0.721,0.752,476950000,353870000,0
2022-11-28,0.731,0.751,0.726,0.752,439370000,325040000,0
2022-11-29,0.794,0.826,0.768,0.826,1273150000,1018080000,0
2022-11-30,0.808,0.796,0.788,0.826,810080000,654070000,0
2022-12-01,0.790,0.793,0.783,0.804,478490000,380100000,0
2022-12-02,0.781,0.774,0.762,0.784,563590000,434190000,0
2022-12-05,0.777,0.779,0.777,0.792,458850000,360020000,0
2022-12-06,0.773,0.780,0.768,0.782,299910000,232700000,0
2022-12-07,0.773,0.764,0.756,0.775,451350000,345560000,0
2022-12-08,0.762,0.777,0.760,0.782,376870000,291410000,0
2022-12-09,0.778,0.795,0.778,0.802,339600000,268860000,0
2022-12-12,0.785,0.767,0.766,0.785,264700000,205200000,0
2022-12-13,0.764,0.774,0.759,0.778,236130000,181850000,0
2022-12-14,0.771,0.765,0.761,0.772,510660000,390730000,0
2022-12-15,0.763,0.777,0.749,0.779,293710000,222930000,0
2022-12-16,0.771,0.777,0.765,0.787,286130000,222360000,0
2022-12-19,0.780,0.775,0.762,0.794,275830000,213870000,0
2022-12-20,0.761,0.742,0.742,0.761,292220000,218980000,0
2022-12-21,0.739,0.740,0.735,0.750,197250000,146680000,0
2022-12-22,0.748,0.737,0.734,0.754,217860000,162080000,0
2022-12-23,0.737,0.734,0.732,0.743,155420000,114600000,0
2022-12-26,0.731,0.726,0.723,0.734,190600000,138730000,0
2022-12-27,0.729,0.732,0.726,0.741,173950000,127620000,0
2022-12-28,0.728,0.734,0.723,0.738,201170000,147080000,0
2022-12-29,0.727,0.716,0.713,0.729,211380000,152100000,0
2022-12-30,0.716,0.720,0.710,0.720,180290000,128940000,0
2023-01-03,0.715,0.726,0.715,0.731,337680000,244620000,0
2023-01-04,0.724,0.755,0.721,0.759,422650000,315580000,0
2023-01-05,0.750,0.756,0.743,0.757,388610000,291840000,0
2023-01-06,0.761,0.744,0.743,0.765,342640000,256760000,0
2023-01-09,0.745,0.738,0.736,0.748,305000000,225970000,0
2023-01-10,0.739,0.737,0.731,0.739,245430000,180600000,0
2023-01-11,0.738,0.742,0.736,0.753,334840000,249310000,0
2023-01-12,0.742,0.728,0.724,0.742,315080000,230000000,0
2023-01-13,0.727,0.734,0.723,0.734,342760000,249630000,0
2023-01-16,0.730,0.736,0.725,0.737,455310000,333620000,0
2023-01-17,0.736,0.734,0.728,0.738,478380000,351080000,0
2023-01-18,0.737,0.729,0.728,0.740,356350000,260720000,0
2023-01-19,0.728,0.734,0.722,0.735,242670000,176550000,0
2023-01-20,0.733,0.737,0.730,0.739,399370000,293510000,0
2023-01-30,0.744,0.732,0.731,0.749,523290000,385940000,0
2023-01-31,0.731,0.746,0.725,0.746,465130000,343220000,0
2023-02-01,0.743,0.742,0.733,0.745,681810000,503070000,0
2023-02-02,0.742,0.744,0.735,0.749,557190000,413160000,0
2023-02-03,0.742,0.734,0.729,0.745,375160000,275550000,0
2023-02-06,0.727,0.721,0.719,0.731,583020000,421640000,0
2023-02-07,0.721,0.732,0.721,0.735,450550000,329260000,0
2023-02-08,0.730,0.731,0.730,0.740,272500000,200470000,0
2023-02-09,0.730,0.738,0.729,0.740,258010000,189980000,0
2023-02-10,0.737,0.744,0.734,0.748,309030000,229240000,0
2023-02-13,0.741,0.746,0.736,0.748,341290000,253170000,0
2023-02-14,0.747,0.746,0.741,0.754,265050000,198220000,0
2023-02-15,0.745,0.732,0.732,0.746,424840000,312430000,0
2023-02-16,0.733,0.724,0.719,0.743,406100000,298870000,0
2023-02-17,0.724,0.722,0.721,0.731,240580000,174550000,0
2023-02-20,0.723,0.733,0.719,0.734,264610000,192280000,0
2023-02-21,0.742,0.739,0.731,0.746,398240000,294760000,0
2023-02-22,0.732,0.733,0.730,0.736,187400000,137400000,0
2023-02-23,0.734,0.737,0.732,0.742,281070000,207220000,0
2023-02-24,0.737,0.728,0.723,0.737,220170000,160260000,0
2023-02-27,0.727,0.727,0.726,0.734,227180000,165760000,0
2023-02-28,0.727,0.733,0.722,0.733,209510000,152010000,0
2023-03-01,0.730,0.738,0.729,0.739,248070000,182070000,0
2023-03-02,0.735,0.732,0.731,0.737,153650000,112710000,0
2023-03-03,0.733,0.735,0.728,0.735,170090000,124540000,0
2023-03-06,0.732,0.724,0.721,0.735,289610000,209880000,0
2023-03-07,0.723,0.709,0.708,0.725,319330000,228590000,0
2023-03-08,0.707,0.712,0.705,0.712,162590000,115190000,0
2023-03-09,0.712,0.711,0.708,0.714,135220000,96140000,0
2023-03-10,0.706,0.699,0.696,0.707,232150000,162470000,0
2023-03-13,0.697,0.695,0.690,0.701,171550000,119070000,0
2023-03-14,0.693,0.690,0.682,0.698,198090000,136990000,0
2023-03-15,0.692,0.699,0.691,0.701,193140000,134590000,0
2023-03-16,0.697,0.693,0.691,0.701,112850000,78580000,0
2023-03-17,0.696,0.700,0.693,0.703,288840000,201890000,0
2023-03-20,0.702,0.692,0.692,0.706,170280000,118880000,0
2023-03-21,0.692,0.695,0.689,0.697,119410000,82680000,0
2023-03-22,0.694,0.701,0.693,0.701,174110000,121550000,0
2023-03-23,0.698,0.699,0.693,0.701,211110000,146990000,0
2023-03-24,0.697,0.700,0.691,0.704,266250000,185510000,0
2023-03-27,0.697,0.688,0.685,0.697,212970000,146860000,0
2023-03-28,0.687,0.680,0.679,0.691,256510000,175380000,0
2023-03-29,0.679,0.678,0.675,0.685,255350000,173350000,0
2023-03-30,0.678,0.681,0.670,0.681,278530000,188370000,0
2023-03-31,0.680,0.678,0.676,0.684,219130000,148990000,0
2023-04-03,0.679,0.692,0.677,0.695,375510000,259090000,0
2023-04-04,0.693,0.688,0.686,0.695,178840000,123320000,0
2023-04-06,0.688,0.686,0.683,0.692,247490000,169880000,0
2023-04-07,0.686,0.711,0.686,0.720,589090000,416400000,0
2023-04-10,0.707,0.705,0.703,0.710,396040000,279700000,0
2023-04-11,0.705,0.713,0.698,0.714,538750000,382160000,0
2023-04-12,0.713,0.712,0.705,0.718,361410000,257080000,0
2023-04-13,0.710,0.711,0.706,0.714,238790000,169590000,0
2023-04-14,0.712,0.709,0.706,0.714,281920000,199830000,0
2023-04-17,0.709,0.708,0.701,0.709,327350000,230600000,0
2023-04-18,0.709,0.703,0.701,0.711,369970000,261030000,0
2023-04-19,0.700,0.689,0.687,0.701,350900000,243190000,0
2023-04-20,0.686,0.683,0.679,0.689,252690000,172440000,0
2023-04-21,0.684,0.671,0.670,0.692,475830000,324310000,0
2023-04-24,0.670,0.661,0.655,0.672,525870000,347910000,0
2023-04-25,0.662,0.652,0.645,0.662,358630000,233550000,0
2023-04-26,0.647,0.650,0.641,0.653,266460000,172850000,0
2023-04-27,0.650,0.652,0.645,0.655,311760000,202920000,0
2023-04-28,0.652,0.659,0.650,0.659,238530000,155990000,0
2023-05-04,0.653,0.655,0.650,0.659,264780000,173240000,0
2023-05-05,0.653,0.675,0.652,0.675,448350000,298650000,0
2023-05-08,0.667,0.673,0.655,0.674,371500000,246500000,0
2023-05-09,0.668,0.671,0.666,0.688,555530000,376860000,0
2023-05-10,0.669,0.665,0.660,0.674,193840000,129130000,0
2023-05-11,0.665,0.665,0.663,0.670,243440000,162120000,0
2023-05-12,0.664,0.660,0.659,0.672,184700000,122580000,0
2023-05-15,0.657,0.658,0.646,0.660,293800000,191590000,0
2023-05-16,0.658,0.651,0.649,0.659,157100000,102660000,0
2023-05-17,0.650,0.649,0.645,0.654,229830000,149080000,0
2023-05-18,0.650,0.644,0.642,0.652,186550000,120520000,0
2023-05-19,0.641,0.635,0.633,0.643,382020000,242940000,0
2023-05-22,0.633,0.634,0.627,0.636,232970000,146810000,0
2023-05-23,0.632,0.627,0.626,0.636,274040000,172970000,0
2023-05-24,0.625,0.610,0.610,0.627,377800000,232650000,0
2023-05-25,0.607,0.611,0.602,0.611,339580000,206190000,0
2023-05-26,0.608,0.613,0.601,0.615,358700000,218150000,0
2023-05-29,0.611,0.606,0.605,0.614,218580000,133030000,0
2023-05-30,0.606,0.616,0.594,0.617,495370000,299200000,0
2023-05-31,0.612,0.611,0.608,0.620,227880000,139630000,0
2023-06-01,0.610,0.607,0.602,0.611,213380000,129490000,0
2023-06-02,0.608,0.632,0.608,0.632,502530000,312990000,0
2023-06-05,0.622,0.626,0.618,0.628,307850000,191900000,0
2023-06-06,0.623,0.626,0.622,0.640,401590000,253810000,0
2023-06-07,0.625,0.634,0.625,0.643,351280000,222850000,0
2023-06-08,0.631,0.644,0.627,0.649,538670000,345650000,0
2023-06-09,0.644,0.641,0.636,0.646,266780000,170690000,0
2023-06-12,0.637,0.637,0.631,0.644,225360000,143730000,0
2023-06-13,0.636,0.636,0.636,0.647,381510000,244590000,0
2023-06-14,0.639,0.632,0.630,0.643,391440000,248720000,0
2023-06-15,0.632,0.640,0.631,0.641,268710000,171010000,0
2023-06-16,0.641,0.641,0.637,0.645,260800000,167070000,0
2023-06-19,0.641,0.626,0.625,0.641,459360000,288910000,0
2023-06-20,0.625,0.614,0.613,0.626,373400000,230810000,0
2023-06-21,0.612,0.607,0.607,0.618,255320000,156480000,0
2023-06-26,0.603,0.597,0.593,0.605,275050000,164560000,0
2023-06-27,0.596,0.621,0.595,0.622,482870000,295700000,0
2023-06-28,0.618,0.617,0.611,0.620,278910000,171590000,0
2023-06-29,0.616,0.607,0.607,0.618,204000000,124580000,0
2023-06-30,0.609,0.613,0.608,0.620,184840000,113630000,0
2023-07-03,0.612,0.617,0.612,0.620,262950000,162320000,0
2023-07-04,0.616,0.611,0.606,0.616,235460000,143560000,0
2023-07-05,0.609,0.611,0.607,0.616,146980000,89870000,0
2023-07-06,0.609,0.616,0.605,0.619,269170000,164770000,0
2023-07-07,0.612,0.614,0.610,0.620,198430000,122020000,0
2023-07-10,0.614,0.611,0.609,0.614,175550000,107260000,0
2023-07-11,0.617,0.611,0.609,0.621,225430000,138320000,0
2023-07-12,0.611,0.598,0.598,0.611,356050000,214450000,0
2023-07-13,0.600,0.604,0.599,0.604,249300000,149950000,0
2023-07-14,0.602,0.601,0.598,0.606,250770000,150850000,0
2023-07-17,0.600,0.599,0.594,0.601,190360000,113580000,0
2023-07-18,0.598,0.603,0.595,0.607,275330000,165560000,0
2023-07-19,0.601,0.614,0.600,0.614,486380000,296460000,0
2023-07-20,0.611,0.613,0.610,0.621,500630000,308120000,0
2023-07-21,0.614,0.624,0.611,0.626,392400000,243790000,0
2023-07-24,0.628,0.619,0.611,0.629,396870000,245590000,0
2023-07-25,0.631,0.660,0.627,0.660,821700000,533270000,0
2023-07-26,0.658,0.669,0.656,0.675,832330000,555230000,0
2023-07-27,0.663,0.666,0.651,0.678,580970000,387870000,0
2023-07-28,0.667,0.688,0.664,0.691,930160000,632270000,0
2023-07-31,0.693,0.705,0.693,0.714,694880000,490290000,0
2023-08-01,0.701,0.696,0.691,0.712,430270000,301990000,0
2023-08-02,0.695,0.705,0.694,0.715,541420000,382000000,0
2023-08-03,0.703,0.718,0.690,0.718,601140000,424750000,0
2023-08-04,0.729,0.711,0.707,0.735,803660000,575980000,0
2023-08-07,0.697,0.689,0.682,0.701,697730000,480340000,0
2023-08-08,0.683,0.675,0.673,0.690,527470000,358170000,0
2023-08-09,0.673,0.676,0.671,0.687,450310000,305530000,0
2023-08-10,0.675,0.679,0.672,0.685,305860000,207090000,0
2023-08-11,0.684,0.677,0.670,0.692,505960000,343800000,0
2023-08-14,0.660,0.666,0.651,0.671,427060000,282360000,0
2023-08-15,0.664,0.664,0.656,0.670,476780000,315650000,0
2023-08-16,0.659,0.677,0.658,0.688,479140000,322650000,0
2023-08-17,0.671,0.676,0.667,0.680,318980000,214630000,0
2023-08-18,0.674,0.660,0.660,0.684,472030000,317280000,0
2023-08-21,0.658,0.648,0.647,0.663,307500000,201610000,0
2023-08-22,0.648,0.652,0.642,0.655,210570000,136560000,0
2023-08-23,0.651,0.639,0.637,0.651,221030000,142350000,0
2023-08-24,0.637,0.633,0.627,0.642,407000000,257960000,0
2023-08-25,0.631,0.642,0.631,0.655,881290000,566580000,0
2023-08-28,0.703,0.672,0.666,0.704,1142370000,778080000,0
2023-08-29,0.666,0.697,0.664,0.699,827560000,562740000,0
2023-08-30,0.689,0.688,0.683,0.696,978860000,674650000,0
2023-08-31,0.686,0.651,0.650,0.689,1184940000,783930000,0
2023-09-01,0.662,0.655,0.651,0.665,657840000,432180000,0
2023-09-04,0.661,0.657,0.655,0.669,491990000,325310000,0
2023-09-05,0.655,0.641,0.638,0.657,345520000,222270000,0
2023-09-06,0.638,0.657,0.634,0.658,620710000,402830000,0
2023-09-07,0.654,0.650,0.649,0.665,332770000,218680000,0
2023-09-08,0.646,0.649,0.641,0.650,264870000,171000000,0
2023-09-11,0.648,0.643,0.636,0.648,385580000,247250000,0
2023-09-12,0.642,0.640,0.637,0.644,225140000,144200000,0
2023-09-13,0.640,0.640,0.635,0.647,216660000,138750000,0
2023-09-14,0.639,0.634,0.630,0.640,308440000,195390000,0
2023-09-15,0.636,0.636,0.631,0.640,259120000,164850000,0
2023-09-18,0.633,0.630,0.625,0.634,279260000,175620000,0
2023-09-19,0.629,0.628,0.625,0.632,212270000,133390000,0
2023-09-20,0.627,0.627,0.623,0.630,141920000,89040000,0
2023-09-21,0.626,0.625,0.624,0.634,154770000,97180000,0
2023-09-22,0.622,0.631,0.621,0.632,173940000,109020000,0
2023-09-25,0.629,0.618,0.617,0.629,207260000,128460000,0
2023-09-26,0.617,0.616,0.614,0.619,145530000,89660000,0
2023-09-27,0.615,0.615,0.613,0.619,161150000,99200000,0
2023-09-28,0.615,0.616,0.613,0.618,150980000,92940000,0
2023-10-09,0.614,0.601,0.599,0.614,279190000,168240000,0
2023-10-10,0.600,0.599,0.597,0.606,234970000,141130000,0
2023-10-11,0.600,0.600,0.594,0.602,279300000,167040000,0
2023-10-12,0.603,0.601,0.596,0.604,305730000,183390000,0
2023-10-13,0.596,0.596,0.594,0.600,188410000,112310000,0
2023-10-16,0.596,0.586,0.584,0.599,217770000,128220000,0
2023-10-17,0.586,0.581,0.578,0.586,217010000,126090000,0
2023-10-18,0.580,0.572,0.572,0.581,275020000,158170000,0
2023-10-19,0.570,0.568,0.567,0.576,233670000,133380000,0
2023-10-20,0.566,0.571,0.561,0.578,233630000,133370000,0
2023-10-23,0.568,0.559,0.557,0.570,184180000,103670000,0
2023-10-24,0.562,0.573,0.560,0.574,261080000,148410000,0
2023-10-25,0.581,0.573,0.571,0.584,337570000,194400000,0
2023-10-26,0.570,0.567,0.562,0.571,215080000,121590000,0
2023-10-27,0.565,0.574,0.565,0.575,237210000,135390000,0
2023-10-30,0.571,0.575,0.566,0.576,373850000,213220000,0
2023-10-31,0.571,0.573,0.562,0.575,327700000,186430000,0
2023-11-01,0.570,0.567,0.566,0.572,206780000,117480000,0
2023-11-02,0.566,0.563,0.561,0.569,226430000,127880000,0
2023-11-03,0.562,0.562,0.559,0.565,259520000,145770000,0
2023-11-06,0.564,0.577,0.563,0.579,470020000,269310000,0
2023-11-07,0.577,0.577,0.574,0.582,404280000,233360000,0
2023-11-08,0.575,0.583,0.574,0.586,481930000,280530000,0
2023-11-09,0.584,0.582,0.579,0.590,500470000,292300000,0
2023-11-10,0.579,0.573,0.569,0.579,407370000,233020000,0
2023-11-13,0.574,0.573,0.569,0.576,238200000,136160000,0
2023-11-14,0.573,0.582,0.573,0.582,249220000,144160000,0
2023-11-15,0.587,0.578,0.577,0.588,395970000,230360000,0
2023-11-16,0.576,0.576,0.570,0.579,249590000,143290000,0
2023-11-17,0.574,0.573,0.569,0.576,178000000,101790000,0
2023-11-20,0.576,0.574,0.571,0.579,199020000,114210000,0
2023-11-21,0.577,0.587,0.576,0.594,530910000,312120000,0
2023-11-22,0.583,0.583,0.582,0.596,367080000,216500000,0
2023-11-23,0.584,0.599,0.577,0.600,532160000,314650000,0
2023-11-24,0.598,0.598,0.594,0.604,399110000,239250000,0
2023-11-27,0.595,0.585,0.581,0.596,319850000,187050000,0
2023-11-28,0.584,0.579,0.576,0.585,233460000,135380000,0
2023-11-29,0.580,0.564,0.562,0.581,362080000,205480000,0
2023-11-30,0.562,0.562,0.558,0.565,227030000,127390000,0
2023-12-01,0.561,0.566,0.558,0.567,196270000,110600000,0
2023-12-04,0.563,0.557,0.556,0.565,198470000,110800000,0
2023-12-05,0.555,0.545,0.544,0.557,229990000,126820000,0
2023-12-06,0.544,0.552,0.544,0.556,321660000,176990000,0
2023-12-07,0.551,0.555,0.548,0.558,189960000,105020000,0
2023-12-08,0.554,0.545,0.544,0.555,194910000,106840000,0
2023-12-11,0.540,0.541,0.533,0.543,213600000,114660000,0
2023-12-12,0.545,0.557,0.543,0.558,465570000,256940000,0
2023-12-13,0.551,0.545,0.544,0.553,322480000,176740000,0
2023-12-14,0.548,0.543,0.543,0.553,165920000,90830000,0
2023-12-15,0.550,0.551,0.548,0.558,276980000,153150000,0
2023-12-18,0.547,0.542,0.541,0.556,239130000,131050000,0
2023-12-19,0.540,0.536,0.531,0.544,250500000,134400000,0
2023-12-20,0.535,0.526,0.526,0.536,146850000,78020000,0
2023-12-21,0.524,0.533,0.523,0.534,174620000,92290000,0
2023-12-22,0.532,0.527,0.524,0.533,248950000,131410000,0
2023-12-25,0.525,0.522,0.519,0.526,179650000,93700000,0
2023-12-26,0.521,0.513,0.512,0.521,212260000,109230000,0
2023-12-27,0.512,0.514,0.509,0.517,187330000,96050000,0
2023-12-28,0.511,0.527,0.510,0.529,263060000,136870000,0
2023-12-29,0.525,0.526,0.522,0.530,173230000,90960000,0
2024-01-02,0.526,0.516,0.514,0.526,194560000,100700000,0
2024-01-03,0.516,0.517,0.514,0.522,213900000,110830000,0
2024-01-04,0.516,0.511,0.507,0.517,174250000,88890000,0
2024-01-05,0.508,0.508,0.506,0.517,179180000,91680000,0
2024-01-08,0.511,0.500,0.499,0.513,135740000,68590000,0
2024-01-09,0.499,0.503,0.496,0.507,151470000,75950000,0
2024-01-10,0.502,0.501,0.496,0.505,200070000,100250000,0
2024-01-11,0.500,0.505,0.497,0.506,211840000,106230000,0
2024-01-12,0.503,0.504,0.502,0.511,187480000,94880000,0
2024-01-15,0.502,0.507,0.496,0.509,166960000,83970000,0
2024-01-16,0.504,0.502,0.495,0.508,156900000,78600000,0
2024-01-17,0.498,0.487,0.486,0.499,150080000,73990000,0
2024-01-18,0.484,0.486,0.473,0.487,212240000,102240000,0
2024-01-19,0.484,0.485,0.483,0.492,273980000,133540000,0
2024-01-22,0.483,0.463,0.460,0.484,196970000,93290000,0
2024-01-23,0.461,0.471,0.458,0.473,189040000,88010000,0
2024-01-24,0.471,0.488,0.470,0.489,330160000,158150000,0
2024-01-25,0.489,0.517,0.488,0.517,352010000,177650000,0
2024-01-26,0.517,0.532,0.515,0.539,559340000,296210000,0
2024-01-29,0.538,0.519,0.519,0.538,459200000,243410000,0
2024-01-30,0.515,0.498,0.497,0.519,304080000,154590000,0
2024-01-31,0.497,0.483,0.481,0.500,276960000,135650000,0
2024-02-01,0.477,0.473,0.467,0.483,224240000,106400000,0
2024-02-02,0.473,0.469,0.455,0.490,250160000,118740000,0
2024-02-05,0.465,0.441,0.435,0.465,232160000,103460000,0
2024-02-06,0.436,0.457,0.425,0.461,298850000,132430000,0
2024-02-07,0.456,0.458,0.449,0.462,424250000,192930000,0
2024-02-08,0.459,0.482,0.459,0.482,314730000,148750000,0
2024-02-19,0.482,0.481,0.471,0.484,237260000,113150000,0
2024-02-20,0.483,0.486,0.478,0.487,315330000,152610000,0
2024-02-21,0.483,0.495,0.477,0.507,639930000,318110000,0
2024-02-22,0.491,0.496,0.488,0.498,238860000,117700000,0
2024-02-23,0.495,0.499,0.492,0.500,189290000,93950000,0
2024-02-26,0.497,0.494,0.490,0.501,366170000,180500000,0
2024-02-27,0.492,0.504,0.490,0.504,286380000,142610000,0
2024-02-28,0.504,0.489,0.488,0.510,363020000,182680000,0
2024-02-29,0.486,0.498,0.485,0.499,255790000,126180000,0
2024-03-01,0.498,0.498,0.493,0.501,208680000,103760000,0
2024-03-04,0.495,0.484,0.479,0.495,440980000,213100000,0
2024-03-05,0.482,0.482,0.474,0.486,272800000,130900000,0
2024-03-06,0.478,0.479,0.475,0.484,156600000,74990000,0
2024-03-07,0.478,0.476,0.475,0.484,192990000,92420000,0
2024-03-08,0.474,0.472,0.468,0.477,136760000,64550000,0
2024-03-11,0.473,0.484,0.472,0.484,215400000,102960000,0
2024-03-12,0.484,0.504,0.482,0.508,515120000,254960000,0
2024-03-13,0.497,0.492,0.490,0.501,259250000,128030000,0
2024-03-14,0.491,0.495,0.490,0.500,349220000,172830000,0
2024-03-15,0.493,0.494,0.489,0.498,154460000,76070000,0
2024-03-18,0.494,0.495,0.489,0.495,186960000,91930000,0
2024-03-19,0.494,0.489,0.489,0.495,238220000,117310000,0
2024-03-20,0.488,0.490,0.486,0.493,185070000,90650000,0
2024-03-21,0.490,0.495,0.490,0.498,217850000,107660000,0
2024-03-22,0.493,0.485,0.481,0.493,248800000,120860000,0
2024-03-25,0.486,0.490,0.482,0.500,360630000,177650000,0
2024-03-26,0.490,0.497,0.486,0.498,410140000,202110000,0
2024-03-27,0.496,0.482,0.480,0.496,302550000,147070000,0
2024-03-28,0.480,0.483,0.479,0.488,273800000,132670000,0
2024-03-29,0.479,0.477,0.475,0.482,181130000,86470000,0
2024-04-01,0.478,0.484,0.477,0.486,193920000,93410000,0
2024-04-02,0.483,0.478,0.476,0.484,210850000,100910000,0
2024-04-03,0.476,0.471,0.471,0.478,129140000,61140000,0
2024-04-08,0.470,0.464,0.463,0.474,173770000,81550000,0
2024-04-09,0.464,0.466,0.462,0.467,135450000,62980000,0
2024-04-10,0.466,0.452,0.449,0.467,202670000,92350000,0
2024-04-11,0.450,0.452,0.446,0.455,157850000,71120000,0
2024-04-12,0.451,0.441,0.440,0.452,144170000,64110000,0
2024-04-15,0.440,0.436,0.428,0.444,175560000,76680000,0
2024-04-16,0.432,0.427,0.423,0.437,235920000,101170000,0
2024-04-17,0.425,0.437,0.425,0.439,195500000,84950000,0
2024-04-18,0.436,0.434,0.431,0.440,159610000,69540000,0
2024-04-19,0.432,0.429,0.428,0.437,171790000,74040000,0
2024-04-22,0.429,0.428,0.425,0.434,148870000,63750000,0
2024-04-23,0.428,0.423,0.422,0.429,157260000,66890000,0
2024-04-24,0.425,0.424,0.417,0.425,189780000,79830000,0
2024-04-25,0.422,0.426,0.420,0.429,183350000,78030000,0
2024-04-26,0.426,0.442,0.422,0.445,662010000,289520000,0
2024-04-29,0.440,0.478,0.440,0.479,1464710000,684470000,0
2024-04-30,0.474,0.462,0.459,0.474,866590000,402660000,0
2024-05-06,0.474,0.466,0.464,0.479,724380000,341810000,0
2024-05-07,0.461,0.472,0.460,0.475,568390000,265470000,0
2024-05-08,0.467,0.458,0.456,0.468,491140000,225960000,0
2024-05-09,0.460,0.466,0.457,0.472,616110000,286890000,0
2024-05-10,0.467,0.483,0.464,0.486,897770000,426650000,0
2024-05-13,0.475,0.475,0.471,0.481,857670000,408270000,0
2024-05-14,0.475,0.477,0.472,0.483,545430000,260320000,0
2024-05-15,0.476,0.486,0.474,0.499,1373440000,671390000,0
2024-05-16,0.486,0.504,0.484,0.511,1220100000,611920000,0
2024-05-17,0.511,0.547,0.501,0.548,1934660000,1010970000,0
2024-05-20,0.538,0.534,0.526,0.548,1933830000,1035740000,0
2024-05-21,0.527,0.533,0.527,0.540,993280000,530270000,0
2024-05-22,0.533,0.540,0.533,0.559,1644080000,897140000,0
2024-05-23,0.530,0.527,0.520,0.539,1134480000,597870000,0
2024-05-24,0.522,0.509,0.508,0.523,751750000,387040000,0
2024-05-27,0.508,0.514,0.497,0.515,671330000,338430000,0
2024-05-28,0.517,0.498,0.496,0.519,831100000,420070000,0
2024-05-29,0.498,0.500,0.496,0.509,578500000,290090000,0
2024-05-30,0.495,0.488,0.486,0.496,504000000,246880000,0
2024-05-31,0.489,0.489,0.485,0.493,448770000,219280000,0
2024-06-03,0.484,0.478,0.475,0.486,530210000,254030000,0
2024-06-04,0.477,0.487,0.472,0.491,844430000,408310000,0
2024-06-05,0.485,0.474,0.474,0.485,719230000,344420000,0
2024-06-06,0.476,0.466,0.463,0.479,619870000,290410000,0
2024-06-07,0.468,0.477,0.466,0.479,536620000,254660000,0
2024-06-11,0.475,0.473,0.467,0.479,403750000,191330000,0
2024-06-12,0.470,0.470,0.466,0.474,356630000,167860000,0
2024-06-13,0.474,0.463,0.460,0.475,577430000,268260000,0
2024-06-14,0.460,0.470,0.458,0.475,713600000,334090000,0
2024-06-17,0.464,0.461,0.459,0.466,453770000,209620000,0
2024-06-18,0.460,0.460,0.458,0.464,387150000,178400000,0
2024-06-19,0.459,0.457,0.455,0.462,333360000,152680000,0
2024-06-20,0.455,0.442,0.442,0.456,436200000,194600000,0
2024-06-21,0.444,0.444,0.442,0.448,305550000,135820000,0
2024-06-24,0.441,0.428,0.427,0.442,422520000,182330000,0
2024-06-25,0.427,0.434,0.426,0.441,453410000,196690000,0
2024-06-26,0.431,0.437,0.428,0.438,396790000,171590000,0
2024-06-27,0.437,0.428,0.427,0.439,307260000,132690000,0
2024-06-28,0.424,0.422,0.419,0.432,503760000,214520000,0
2024-07-01,0.420,0.441,0.420,0.442,659190000,286510000,0
2024-07-02,0.436,0.438,0.436,0.448,453420000,200670000,0
2024-07-03,0.436,0.443,0.431,0.449,537120000,237750000,0
2024-07-04,0.440,0.428,0.426,0.442,319320000,138010000,0
2024-07-05,0.427,0.428,0.422,0.431,308500000,131560000,0
2024-07-08,0.425,0.412,0.411,0.426,506490000,210580000,0
2024-07-09,0.411,0.416,0.405,0.418,316590000,130460000,0
2024-07-10,0.411,0.411,0.405,0.417,298620000,122720000,0
2024-07-11,0.414,0.420,0.411,0.422,342120000,142710000,0
2024-07-12,0.422,0.431,0.421,0.440,563220000,243180000,0
2024-07-15,0.427,0.424,0.422,0.428,318450000,135210000,0
2024-07-16,0.423,0.426,0.420,0.430,329490000,140060000,0
2024-07-17,0.424,0.433,0.424,0.437,362770000,157170000,0
2024-07-18,0.431,0.436,0.427,0.437,267850000,115680000,0
2024-07-19,0.432,0.430,0.425,0.433,401480000,171590000,0
2024-07-22,0.430,0.426,0.423,0.430,302120000,128620000,0
2024-07-23,0.426,0.420,0.419,0.430,297970000,126750000,0
2024-07-24,0.419,0.410,0.409,0.422,329300000,136390000,0
2024-07-25,0.409,0.412,0.408,0.416,332690000,137350000,0
2024-07-26,0.412,0.416,0.412,0.422,295730000,123170000,0
2024-07-29,0.416,0.412,0.409,0.417,203450000,83840000,0
2024-07-30,0.411,0.421,0.411,0.422,331800000,138600000,0
2024-07-31,0.420,0.437,0.417,0.438,417200000,178940000,0
2024-08-01,0.436,0.430,0.428,0.440,289480000,124810000,0
2024-08-02,0.426,0.428,0.425,0.433,282330000,120940000,0
2024-08-05,0.423,0.423,0.422,0.435,346670000,148910000,0
2024-08-06,0.425,0.431,0.423,0.433,381090000,163070000,0
2024-08-07,0.430,0.428,0.424,0.431,250680000,107040000,0
2024-08-08,0.430,0.435,0.426,0.443,447950000,194630000,0
2024-08-09,0.431,0.441,0.430,0.451,694820000,308720000,0
2024-08-12,0.439,0.426,0.425,0.440,123930000,148990000,0
2024-08-13,0.426,0.425,0.421,0.427,99800000,118090000,0
2024-08-14,0.426,0.421,0.421,0.427,94190000,111400000,0
2024-08-15,0.421,0.429,0.419,0.431,133700000,159100000,0
2024-08-16,0.427,0.423,0.423,0.430,92000000,109300000,0
2024-08-19,0.421,0.422,0.419,0.427,112800000,133170000,0
2024-08-20,0.424,0.415,0.414,0.424,92520000,107870000,0
2024-08-21,0.414,0.414,0.411,0.417,122880000,142080000,0
2024-08-22,0.415,0.412,0.411,0.420,97020000,112590000,0
2024-08-23,0.410,0.410,0.407,0.412,84540000,96660000,0
2024-08-26,0.408,0.414,0.406,0.417,96030000,110650000,0
2024-08-27,0.413,0.402,0.400,0.414,102860000,116390000,0
2024-08-28,0.401,0.397,0.396,0.402,95530000,106520000,0
2024-08-29,0.396,0.400,0.395,0.401,89540000,99660000,0
2024-08-30,0.399,0.420,0.399,0.430,259490000,302170000,0
2024-09-02,0.414,0.407,0.407,0.418,131730000,151580000,0
2024-09-03,0.406,0.412,0.404,0.416,115700000,132810000,0
2024-09-04,0.409,0.409,0.408,0.419,98380000,113460000,0
2024-09-05,0.413,0.417,0.410,0.419,115810000,134160000,0
2024-09-06,0.413,0.411,0.410,0.416,95080000,109510000,0
2024-09-09,0.408,0.407,0.403,0.411,74260000,84330000,0
2024-09-10,0.408,0.404,0.398,0.409,105610000,118850000,0
2024-09-11,0.401,0.405,0.399,0.406,82160000,92560000,0
2024-09-12,0.404,0.405,0.404,0.410,88190000,100210000,0
2024-09-13,0.406,0.409,0.405,0.411,122280000,139570000,0
2024-09-18,0.409,0.419,0.406,0.423,202430000,233900000,0
2024-09-19,0.421,0.429,0.419,0.436,265560000,317290000,0
2024-09-20,0.423,0.436,0.422,0.438,221090000,266140000,0
2024-09-23,0.433,0.435,0.429,0.439,147890000,179850000,0
2024-09-24,0.445,0.447,0.433,0.448,271430000,334680000,0
2024-09-25,0.450,0.454,0.449,0.474,297330000,385390000,0
2024-09-26,0.449,0.499,0.449,0.499,491100000,659700000,0
2024-09-27,0.525,0.549,0.507,0.550,463580000,676510000,0
2024-09-30,0.604,0.604,0.546,0.604,1457540000,2360590000,0
2024-10-08,0.664,0.591,0.558,0.665,1696610000,2890710000,0
2024-10-09,0.558,0.532,0.532,0.558,883100000,1327030000,0
2024-10-10,0.512,0.527,0.510,0.543,648130000,950060000,0
2024-10-11,0.522,0.526,0.516,0.535,402920000,590940000,0
2024-10-14,0.543,0.544,0.530,0.549,625030000,940320000,0
2024-10-15,0.535,0.535,0.531,0.552,404540000,612570000,0
2024-10-16,0.542,0.566,0.540,0.568,755540000,1174870000,0
2024-10-17,0.570,0.530,0.528,0.570,759410000,1156940000,0
2024-10-18,0.520,0.540,0.512,0.550,750640000,1101940000,0
2024-10-21,0.536,0.541,0.532,0.546,352910000,531850000,0
2024-10-22,0.537,0.546,0.537,0.547,235820000,357880000,0
2024-10-23,0.545,0.547,0.542,0.554,230690000,353780000,0
2024-10-24,0.542,0.545,0.541,0.551,186180000,284170000,0
2024-10-25,0.547,0.555,0.545,0.560,241790000,374880000,0
2024-10-28,0.556,0.575,0.556,0.575,434560000,691530000,0
2024-10-29,0.576,0.563,0.563,0.583,233280000,372230000,0
2024-10-30,0.563,0.572,0.562,0.580,232260000,370250000,0
2024-10-31,0.568,0.592,0.567,0.610,483020000,799740000,0
2024-11-01,0.593,0.589,0.581,0.606,320640000,531300000,0
2024-11-04,0.590,0.590,0.575,0.590,238220000,388080000,0
2024-11-05,0.588,0.617,0.587,0.618,365220000,621580000,0
2024-11-06,0.617,0.630,0.602,0.641,442360000,767770000,0
2024-11-07,0.622,0.656,0.619,0.659,496090000,891380000,0
2024-11-08,0.666,0.632,0.629,0.668,495160000,887010000,0
2024-11-11,0.626,0.622,0.613,0.630,400760000,693610000,0
2024-11-12,0.622,0.619,0.613,0.631,255030000,443650000,0
2024-11-13,0.613,0.613,0.605,0.624,206770000,354070000,0
2024-11-14,0.629,0.590,0.589,0.629,350040000,589520000,0
2024-11-15,0.585,0.571,0.570,0.591,251400000,407830000,0
2024-11-18,0.576,0.577,0.574,0.591,254770000,414130000,0
2024-11-19,0.577,0.580,0.561,0.580,333990000,530520000,0
2024-11-20,0.576,0.583,0.572,0.584,161760000,261120000,0
2024-11-21,0.580,0.581,0.576,0.584,108840000,176250000,0
2024-11-22,0.581,0.567,0.566,0.588,165160000,267280000,0
2024-11-25,0.565,0.565,0.556,0.570,194400000,304870000,0
2024-11-26,0.562,0.568,0.562,0.575,145600000,230970000,0
2024-11-27,0.565,0.578,0.554,0.578,173860000,274430000,0
2024-11-28,0.577,0.585,0.576,0.591,165180000,269510000,0
2024-11-29,0.580,0.587,0.576,0.593,190120000,310810000,0
2024-12-02,0.583,0.602,0.582,0.604,253240000,422310000,0
2024-12-03,0.602,0.606,0.597,0.610,247150000,416420000,0
2024-12-04,0.605,0.593,0.591,0.607,191080000,320620000,0
2024-12-05,0.590,0.597,0.587,0.597,126980000,209930000,0
2024-12-06,0.597,0.605,0.593,0.610,167350000,281900000,0
2024-12-09,0.604,0.586,0.583,0.604,235430000,388370000,0
2024-12-10,0.632,0.593,0.591,0.632,323040000,547350000,0
2024-12-11,0.589,0.605,0.588,0.608,446110000,750920000,0
2024-12-12,0.604,0.611,0.598,0.612,164020000,277720000,0
2024-12-13,0.604,0.591,0.590,0.604,214580000,356550000,0
2024-12-16,0.592,0.582,0.579,0.594,124320000,203460000,0
2024-12-17,0.581,0.568,0.566,0.582,136800000,218230000,0
2024-12-18,0.570,0.568,0.564,0.571,140310000,222220000,0
2024-12-19,0.560,0.560,0.555,0.563,132420000,206330000,0
2024-12-20,0.556,0.562,0.556,0.564,113040000,177010000,0
2024-12-23,0.561,0.543,0.542,0.561,164970000,252800000,0
2024-12-24,0.541,0.545,0.539,0.545,143410000,217250000,0
2024-12-25,0.544,0.537,0.530,0.544,182590000,272850000,0
2024-12-26,0.535,0.536,0.533,0.540,104590000,156590000,0
2024-12-27,0.535,0.542,0.534,0.545,176320000,266830000,0
2024-12-30,0.539,0.533,0.529,0.539,161790000,240460000,0
2024-12-31,0.532,0.523,0.523,0.536,135840000,201200000,0
2025-01-02,0.522,0.515,0.511,0.532,174910000,256730000,0
2025-01-03,0.513,0.499,0.498,0.516,186360000,263770000,0
2025-01-06,0.498,0.496,0.489,0.499,170000000,234050000,0
2025-01-07,0.494,0.500,0.491,0.500,137450000,190410000,0
2025-01-08,0.498,0.497,0.487,0.500,131980000,181980000,0
2025-01-09,0.496,0.498,0.494,0.500,117590000,163560000,0
2025-01-10,0.498,0.485,0.484,0.501,129690000,178040000,0
2025-01-13,0.481,0.489,0.477,0.491,179920000,243960000,0
2025-01-14,0.489,0.504,0.489,0.505,147330000,204690000,0
2025-01-15,0.502,0.504,0.497,0.508,144350000,202630000,0
2025-01-16,0.505,0.504,0.499,0.514,138150000,195830000,0
2025-01-17,0.498,0.505,0.495,0.509,194630000,272910000,0
2025-01-20,0.504,0.507,0.496,0.513,177380000,250380000,0
2025-01-21,0.508,0.513,0.506,0.527,273410000,394990000,0
2025-01-22,0.507,0.496,0.494,0.509,174630000,244120000,0
2025-01-23,0.498,0.501,0.498,0.513,217410000,306890000,0
2025-01-24,0.500,0.501,0.495,0.504,155740000,217630000,0
2025-01-27,0.501,0.495,0.494,0.506,107100000,149320000,0
2025-02-05,0.495,0.490,0.486,0.495,132820000,181620000,0
2025-02-06,0.489,0.494,0.485,0.495,127640000,175030000,0
2025-02-07,0.494,0.506,0.492,0.511,297000000,418980000,0
2025-02-10,0.506,0.512,0.504,0.512,189270000,269010000,0
2025-02-11,0.512,0.504,0.502,0.514,122810000,173090000,0
2025-02-12,0.504,0.526,0.499,0.526,293900000,418030000,0
2025-02-13,0.518,0.524,0.514,0.530,289160000,421640000,0
2025-02-14,0.520,0.517,0.512,0.523,303650000,436910000,0
2025-02-17,0.517,0.517,0.512,0.522,187870000,271230000,0
2025-02-18,0.516,0.504,0.502,0.516,209560000,298210000,0
2025-02-19,0.504,0.510,0.502,0.510,152160000,215010000,0
2025-02-20,0.507,0.507,0.503,0.508,163350000,230970000,0
2025-02-21,0.508,0.507,0.501,0.510,207660000,293940000,0
2025-02-24,0.505,0.516,0.505,0.518,259010000,371910000,0
2025-02-25,0.513,0.512,0.507,0.517,183450000,263130000,0
2025-02-26,0.513,0.523,0.513,0.523,299980000,435670000,0
2025-02-27,0.523,0.527,0.522,0.531,302510000,445140000,0
2025-02-28,0.526,0.520,0.517,0.530,355520000,520080000,0
2025-03-03,0.521,0.521,0.518,0.532,265060000,389090000,0
2025-03-04,0.519,0.520,0.513,0.520,206730000,298380000,0
2025-03-05,0.520,0.511,0.506,0.520,283260000,404360000,0
2025-03-06,0.512,0.524,0.512,0.525,454700000,661730000,0
2025-03-07,0.520,0.515,0.513,0.522,233550000,336580000,0
2025-03-10,0.516,0.513,0.511,0.517,151680000,217570000,0
2025-03-11,0.509,0.513,0.506,0.513,147570000,209730000,0
2025-03-12,0.514,0.511,0.511,0.514,169390000,242180000,0
2025-03-13,0.511,0.506,0.503,0.511,153760000,217650000,0
2025-03-14,0.506,0.517,0.506,0.517,272400000,390340000,0
2025-03-17,0.519,0.522,0.519,0.526,474980000,694750000,0
2025-03-18,0.522,0.521,0.518,0.523,258770000,375640000,0
2025-03-19,0.520,0.517,0.515,0.520,138000000,199220000,0
2025-03-20,0.517,0.515,0.515,0.519,122260000,176500000,0
2025-03-21,0.515,0.510,0.508,0.516,175630000,250880000,0
2025-03-24,0.509,0.502,0.497,0.510,190930000,268180000,0
2025-03-25,0.501,0.503,0.498,0.503,127520000,178260000,0
2025-03-26,0.502,0.506,0.502,0.508,157560000,222530000,0
2025-03-27,0.505,0.505,0.500,0.508,136150000,191630000,0
2025-03-28,0.506,0.503,0.501,0.506,124360000,174670000,0
2025-03-31,0.501,0.493,0.491,0.502,151470000,209960000,0
2025-04-01,0.493,0.495,0.493,0.498,112890000,156240000,0
2025-04-02,0.495,0.494,0.492,0.495,90700000,125110000,0
2025-04-03,0.491,0.499,0.490,0.505,161400000,225160000,0
2025-04-07,0.484,0.454,0.450,0.484,239130000,309400000,0
2025-04-08,0.455,0.465,0.452,0.467,200550000,257940000,0
2025-04-09,0.459,0.488,0.452,0.491,329890000,438540000,0
2025-04-10,0.484,0.499,0.482,0.503,369590000,511090000,0
2025-04-11,0.494,0.495,0.489,0.496,313050000,430500000,0
2025-04-14,0.494,0.495,0.492,0.497,207790000,287300000,0
2025-04-15,0.495,0.489,0.486,0.495,125130000,170920000,0
2025-04-16,0.489,0.492,0.485,0.495,146210000,200050000,0
2025-04-17,0.490,0.503,0.488,0.511,304500000,429430000,0
2025-04-18,0.501,0.511,0.499,0.513,339540000,481220000,0
2025-04-21,0.507,0.510,0.503,0.510,279390000,396460000,0
2025-04-22,0.509,0.513,0.508,0.516,281200000,402010000,0
2025-04-23,0.513,0.505,0.503,0.513,184760000,262010000,0
2025-04-24,0.505,0.507,0.499,0.512,308280000,435010000,0
2025-04-25,0.506,0.502,0.502,0.521,553570000,789320000,0
2025-04-28,0.497,0.484,0.483,0.499,420580000,571650000,0
2025-04-29,0.484,0.485,0.482,0.486,144030000,194670000,0
2025-04-30,0.484,0.487,0.484,0.491,188220000,256770000,0
2025-05-06,0.487,0.492,0.487,0.492,123840000,169350000,0
2025-05-07,0.502,0.497,0.495,0.510,294680000,412090000,0
2025-05-08,0.494,0.496,0.493,0.498,123010000,170240000,0
2025-05-09,0.496,0.487,0.487,0.496,157380000,215050000,0
2025-05-12,0.488,0.491,0.486,0.491,177630000,242210000,0
2025-05-13,0.492,0.489,0.487,0.492,118510000,161980000,0
2025-05-14,0.489,0.491,0.485,0.493,192690000,262500000,0
2025-05-15,0.491,0.485,0.485,0.491,120200000,163670000,0
2025-05-16,0.485,0.485,0.482,0.487,96370000,130170000,0
2025-05-19,0.484,0.493,0.484,0.495,174980000,240040000,0
2025-05-20,0.492,0.492,0.489,0.492,165560000,227120000,0
2025-05-21,0.490,0.488,0.487,0.491,88330000,120430000,0
2025-05-22,0.488,0.482,0.481,0.488,156140000,211040000,0
2025-05-23,0.482,0.476,0.476,0.483,114870000,153910000,0
2025-05-26,0.476,0.477,0.475,0.479,87750000,116810000,0
2025-05-27,0.477,0.479,0.476,0.481,90270000,120610000,0
2025-05-28,0.480,0.477,0.476,0.481,61830000,82440000,0
2025-05-29,0.477,0.482,0.476,0.482,103890000,139300000,0
2025-05-30,0.481,0.482,0.480,0.484,83930000,112900000,0
2025-06-03,0.478,0.480,0.477,0.482,68050000,91280000,0
2025-06-04,0.480,0.485,0.480,0.486,104200000,140510000,0
2025-06-05,0.484,0.485,0.483,0.488,82240000,111320000,0
2025-06-06,0.485,0.485,0.484,0.487,67150000,91020000,0
2025-06-09,0.485,0.487,0.483,0.487,77850000,105560000,0
2025-06-10,0.487,0.484,0.481,0.490,105320000,143070000,0
2025-06-11,0.484,0.487,0.483,0.489,89120000,121240000,0
2025-06-12,0.487,0.484,0.482,0.487,73590000,99480000,0
2025-06-13,0.483,0.477,0.476,0.484,100340000,134160000,0
2025-06-16,0.477,0.487,0.477,0.489,153110000,207310000,0
2025-06-17,0.486,0.485,0.483,0.487,75990000,102860000,0
2025-06-18,0.483,0.479,0.477,0.484,94320000,126130000,0
2025-06-19,0.477,0.469,0.469,0.478,125460000,165600000,0
2025-06-20,0.468,0.469,0.468,0.472,66570000,87350000,0
2025-06-23,0.467,0.471,0.464,0.472,82340000,107620000,0
2025-06-24,0.470,0.477,0.470,0.477,82510000,109480000,0
2025-06-25,0.477,0.485,0.476,0.485,135380000,181680000,0
2025-06-26,0.484,0.483,0.481,0.487,92160000,124540000,0
2025-06-27,0.482,0.484,0.482,0.490,95370000,129510000,0
2025-06-30,0.484,0.487,0.484,0.488,79420000,107780000,0
2025-07-01,0.487,0.484,0.481,0.487,75720000,102260000,0
2025-07-02,0.483,0.487,0.482,0.487,79250000,107250000,0
2025-07-03,0.486,0.487,0.486,0.490,74270000,101090000,0
2025-07-04,0.487,0.484,0.483,0.488,81950000,111050000,0
2025-07-07,0.484,0.492,0.483,0.494,148110000,203030000,0
2025-07-08,0.491,0.498,0.490,0.498,147880000,204280000,0
2025-07-09,0.496,0.497,0.495,0.499,131960000,183040000,0
2025-07-10,0.497,0.514,0.496,0.517,277680000,393570000,0
2025-07-11,0.514,0.518,0.512,0.519,256850000,369930000,0
2025-07-14,0.515,0.509,0.507,0.515,221060000,315270000,0
2025-07-15,0.506,0.504,0.495,0.507,221130000,309140000,0
2025-07-16,0.500,0.501,0.498,0.505,156310000,218860000,0
2025-07-17,0.499,0.501,0.499,0.503,132120000,184680000,0
2025-07-18,0.502,0.505,0.499,0.505,139960000,196030000,0
2025-07-21,0.505,0.509,0.503,0.509,118730000,168280000,0
2025-07-22,0.509,0.516,0.504,0.518,173150000,246780000,0
2025-07-23,0.516,0.511,0.510,0.522,252260000,363210000,0
2025-07-24,0.511,0.523,0.509,0.524,258650000,375490000,0
2025-07-25,0.523,0.525,0.520,0.528,194870000,285180000,0
2025-07-28,0.523,0.528,0.519,0.530,173960000,254410000,0
2025-07-29,0.527,0.529,0.523,0.530,187980000,276840000,0
2025-07-30,0.528,0.527,0.526,0.533,448880000,664330000,0
2025-07-31,0.521,0.508,0.506,0.521,308450000,441920000,0
2025-08-01,0.508,0.505,0.504,0.509,205240000,289960000,0
2025-08-04,0.504,0.506,0.501,0.506,119350000,167730000,0
2025-08-05,0.506,0.512,0.505,0.512,113940000,162400000,0
2025-08-06,0.511,0.511,0.508,0.512,191310000,272630000,0
2025-08-07,0.510,0.517,0.509,0.517,135420000,194110000,0
2025-08-08,0.516,0.516,0.513,0.517,94760000,136360000,0
2025-08-11,0.518,0.522,0.518,0.524,151300000,220470000,0
2025-08-12,0.522,0.526,0.522,0.528,232110000,340430000,0
2025-08-13,0.527,0.528,0.526,0.531,133360000,196830000,0
2025-08-14,0.530,0.525,0.525,0.536,210030000,311350000,0
2025-08-15,0.526,0.538,0.525,0.539,301610000,451070000,0
2025-08-18,0.540,0.535,0.533,0.541,293510000,439980000,0
2025-08-19,0.535,0.540,0.535,0.544,261010000,394200000,0
2025-08-20,0.538,0.542,0.534,0.543,151580000,227880000,0
2025-08-21,0.542,0.541,0.539,0.545,112670000,170640000,0
2025-08-22,0.541,0.543,0.540,0.545,131490000,199080000,0
2025-08-25,0.545,0.563,0.545,0.568,382360000,599770000,0
2025-08-26,0.560,0.559,0.552,0.561,200300000,311390000,0
2025-08-27,0.558,0.541,0.540,0.560,202070000,310260000,0
2025-08-28,0.537,0.546,0.536,0.547,264250000,400760000,0
2025-08-29,0.551,0.544,0.542,0.555,141550000,216290000,0
2025-09-01,0.544,0.547,0.541,0.550,160020000,244030000,0
2025-09-02,0.546,0.542,0.540,0.550,154270000,234410000,0
2025-09-03,0.543,0.535,0.533,0.545,88210000,132810000,0
2025-09-04,0.535,0.529,0.524,0.536,112920000,167690000,0
2025-09-05,0.529,0.535,0.525,0.536,153950000,228540000,0
2025-09-08,0.538,0.541,0.537,0.544,125710000,189930000,0
2025-09-09,0.541,0.549,0.540,0.550,214700000,328330000,0
2025-09-10,0.546,0.552,0.546,0.554,120590000,185280000,0
2025-09-11,0.551,0.559,0.545,0.559,143660000,221910000,0
2025-09-12,0.559,0.566,0.558,0.573,209570000,331790000,0
2025-09-15,0.564,0.572,0.558,0.572,210940000,332440000,0
2025-09-16,0.570,0.578,0.570,0.579,247650000,396900000,0
2025-09-17,0.578,0.581,0.570,0.583,193570000,311980000,0
2025-09-18,0.579,0.567,0.563,0.586,298320000,479010000,0
2025-09-19,0.566,0.570,0.557,0.572,161850000,255560000,0
2025-09-22,0.568,0.571,0.559,0.574,149560000,237180000,0
2025-09-23,0.567,0.561,0.548,0.568,180870000,280660000,0
2025-09-24,0.557,0.575,0.557,0.578,206960000,330830000,0
2025-09-25,0.575,0.570,0.568,0.576,226960000,362520000,0
2025-09-26,0.568,0.571,0.566,0.584,200410000,322540000,0
2025-09-29,0.570,0.578,0.565,0.579,158790000,253840000,0
2025-09-30,0.576,0.590,0.576,0.592,261070000,428080000,0
2025-10-09,0.587,0.582,0.572,0.589,165830000,267420000,0
2025-10-10,0.577,0.584,0.577,0.588,108610000,177080000,0
2025-10-13,0.573,0.584,0.569,0.584,256200000,414820000,0
2025-10-14,0.584,0.583,0.580,0.598,181670000,298660000,0
2025-10-15,0.584,0.584,0.577,0.588,135760000,220470000,0
2025-10-16,0.580,0.579,0.575,0.585,104300000,168800000,0
2025-10-17,0.577,0.571,0.571,0.585,183210000,296410000,0
2025-10-20,0.574,0.575,0.572,0.580,84630000,136110000,0
2025-10-21,0.573,0.588,0.571,0.589,142290000,231930000,0
2025-10-22,0.588,0.593,0.586,0.598,123310000,204220000,0
2025-10-23,0.593,0.586,0.579,0.594,92440000,150950000,0
2025-10-24,0.584,0.580,0.578,0.589,155520000,252180000,0
2025-10-27,0.579,0.580,0.578,0.583,98670000,159780000,0
2025-10-28,0.580,0.576,0.575,0.580,90970000,146610000,0
2025-10-29,0.576,0.581,0.574,0.582,92910000,150030000,0
2025-10-30,0.581,0.572,0.572,0.581,92410000,148600000,0
2025-10-31,0.572,0.574,0.571,0.577,82350000,132170000,0
2025-11-03,0.574,0.574,0.569,0.575,143320000,228250000,0
2025-11-04,0.573,0.572,0.569,0.576,85070000,136140000,0
2025-11-05,0.570,0.575,0.565,0.576,100150000,160560000,0
2025-11-06,0.574,0.573,0.571,0.575,70280000,112430000,0
2025-11-07,0.573,0.571,0.571,0.575,54020000,86340000,0
2025-11-10,0.571,0.578,0.570,0.579,94890000,152520000,0
2025-11-11,0.577,0.581,0.576,0.584,86250000,139850000,0
2025-11-12,0.580,0.578,0.574,0.581,62490000,100710000,0
2025-11-13,0.574,0.583,0.570,0.584,92220000,149060000,0
2025-11-14,0.581,0.585,0.580,0.592,134590000,221200000,0
2025-11-17,0.585,0.592,0.584,0.592,148680000,244110000,0
2025-11-18,0.591,0.579,0.576,0.592,130810000,212280000,0
2025-11-19,0.575,0.569,0.566,0.579,127240000,202870000,0
2025-11-20,0.568,0.571,0.560,0.579,453200000,720300000,0
2025-11-21,0.562,0.552,0.551,0.569,180510000,281610000,0
2025-11-24,0.551,0.553,0.549,0.559,475650000,735970000,0
2025-11-25,0.551,0.557,0.550,0.560,159180000,246810000,0
2025-11-26,0.556,0.554,0.553,0.563,194130000,301720000,0
2025-11-27,0.552,0.551,0.543,0.556,197780000,304840000,0
2025-11-28,0.549,0.552,0.542,0.553,86260000,131770000,0
2025-12-01,0.552,0.553,0.551,0.557,113460000,175190000,0
2025-12-02,0.552,0.552,0.546,0.554,127020000,195590000,0
2025-12-03,0.551,0.544,0.543,0.553,77160000,117860000,0
2025-12-04,0.544,0.539,0.536,0.545,87050000,131380000,0
2025-12-05,0.539,0.541,0.531,0.542,111800000,167750000,0
2025-12-08,0.540,0.544,0.540,0.546,85050000,129050000,0
2025-12-09,0.542,0.533,0.532,0.542,147450000,219960000,0
2025-12-10,0.530,0.549,0.529,0.552,312420000,474050000,0
2025-12-11,0.544,0.531,0.531,0.546,158020000,236690000,0
2025-12-12,0.532,0.530,0.529,0.534,95340000,141510000,0
2025-12-15,0.525,0.524,0.522,0.528,141670000,207810000,0
2025-12-16,0.523,0.519,0.514,0.526,128240000,186030000,0
2025-12-17,0.516,0.518,0.510,0.519,116940000,167930000,0
2025-12-18,0.516,0.517,0.516,0.521,85230000,123510000,0
2025-12-19,0.516,0.526,0.516,0.527,122270000,178550000,0
2025-12-22,0.526,0.533,0.525,0.535,111480000,165380000,0
2025-12-23,0.533,0.527,0.527,0.534,66380000,98240000,0
2025-12-24,0.527,0.531,0.526,0.533,72850000,107830000,0
2025-12-25,0.533,0.535,0.531,0.536,187900000,279390000,0
2025-12-26,0.532,0.537,0.532,0.542,99050000,148820000,0
2025-12-29,0.538,0.535,0.534,0.543,144930000,217580000,0
2025-12-30,0.534,0.530,0.528,0.534,61630000,91270000,0
2025-12-31,0.533,0.537,0.527,0.539,123560000,183410000,0
2026-01-05,0.535,0.542,0.535,0.544,117860000,178190000,0
2026-01-06,0.539,0.550,0.539,0.552,101010000,154610000,0
2026-01-07,0.550,0.550,0.548,0.557,123130000,189850000,0
2026-01-08,0.549,0.559,0.546,0.563,126590000,195830000,0
2026-01-09,0.558,0.564,0.555,0.564,120040000,188020000,0
2026-01-12,0.560,0.562,0.560,0.566,83740000,131430000,0
2026-01-13,0.562,0.551,0.550,0.562,73990000,114960000,0
2026-01-14,0.551,0.543,0.538,0.557,206560000,316140000,0
2026-01-15,0.542,0.547,0.542,0.550,166220000,252950000,0
2026-01-16,0.550,0.541,0.539,0.551,127320000,193060000,0
2026-01-19,0.541,0.547,0.537,0.550,132170000,201560000,0
2026-01-20,0.545,0.557,0.544,0.559,147210000,228160000,0
2026-01-21,0.552,0.560,0.552,0.564,202170000,315800000,0
2026-01-22,0.561,0.563,0.558,0.566,149190000,234090000,0
2026-01-23,0.564,0.568,0.561,0.570,374270000,592590000,0
2026-01-26,0.566,0.555,0.552,0.569,207270000,322910000,0
2026-01-27,0.555,0.549,0.542,0.555,192910000,295350000,0
2026-01-28,0.550,0.555,0.548,0.557,187350000,289750000,0
2026-01-29,0.555,0.575,0.549,0.577,632040000,1006190000,0
2026-01-30,0.569,0.554,0.551,0.570,383810000,597870000,0
2026-02-02,0.548,0.535,0.534,0.553,185840000,282860000,0
2026-02-03,0.542,0.547,0.540,0.549,259440000,395320000,0
2026-02-04,0.543,0.562,0.543,0.565,268440000,417310000,0
2026-02-05,0.559,0.561,0.558,0.565,236830000,371840000,0
2026-02-06,0.557,0.554,0.553,0.560,128030000,198930000,0
2026-02-09,0.556,0.566,0.556,0.572,143910000,227180000,0
2026-02-10,0.563,0.557,0.556,0.564,108150000,168440000,0
2026-02-11,0.556,0.555,0.553,0.560,109700000,170540000,0
2026-02-12,0.556,0.552,0.552,0.560,91140000,141260000,0
2026-02-13,0.551,0.550,0.549,0.557,94830000,146500000,0
2026-02-24,0.552,0.550,0.547,0.554,80490000,123960000,0
2026-02-25,0.552,0.565,0.551,0.569,290760000,458670000,0
2026-02-26,0.563,0.551,0.550,0.565,284160000,440760000,0
2026-02-27,0.549,0.553,0.547,0.553,120060000,184640000,0
2026-03-02,0.548,0.540,0.536,0.549,115790000,175460000,0
2026-03-03,0.540,0.525,0.524,0.544,213400000,317220000,0
2026-03-04,0.522,0.520,0.516,0.528,112090000,163260000,0
2026-03-05,0.525,0.523,0.521,0.529,93690000,137390000,0
2026-03-06,0.521,0.529,0.520,0.529,78940000,115840000,0
2026-03-09,0.522,0.520,0.512,0.523,249710000,360780000,0
2026-03-10,0.522,0.525,0.522,0.526,56960000,83380000,0
2026-03-11,0.525,0.527,0.524,0.529,96970000,142520000,0
2026-03-12,0.526,0.526,0.523,0.529,64240000,94380000,0
2026-03-13,0.523,0.526,0.523,0.535,76870000,113840000,0
2026-03-16,0.526,0.529,0.525,0.533,103420000,152760000,0
2026-03-17,0.529,0.531,0.529,0.540,150050000,224150000,0
2026-03-18,0.530,0.525,0.520,0.530,139950000,204600000,0
2026-03-19,0.519,0.511,0.508,0.521,158260000,227520000,0
2026-03-20,0.511,0.502,0.502,0.514,131190000,185510000,0
2026-03-23,0.498,0.477,0.473,0.498,188450000,254550000,0
2026-03-24,0.482,0.490,0.477,0.491,171870000,232150000,0
2026-03-25,0.490,0.497,0.489,0.497,228540000,315810000,0
2026-03-26,0.496,0.488,0.487,0.500,66050000,90860000,0
2026-03-27,0.486,0.492,0.483,0.493,71540000,97740000,0
2026-03-30,0.485,0.490,0.481,0.491,233310000,317560000,0
2026-03-31,0.491,0.486,0.484,0.497,101200000,138870000,0
2026-04-01,0.489,0.488,0.485,0.492,114740000,156070000,0
2026-04-02,0.486,0.476,0.474,0.487,433920000,580280000,0
2026-04-03,0.476,0.466,0.464,0.477,89020000,116270000,0
2026-04-07,0.464,0.467,0.463,0.468,52360000,68140000,0
2026-04-08,0.472,0.484,0.472,0.484,75200000,100650000,0
2026-04-09,0.482,0.478,0.476,0.483,60190000,80450000,0
2026-04-10,0.478,0.483,0.478,0.486,59040000,79760000,0
2026-04-13,0.479,0.487,0.478,0.488,294810000,399980000,0
2026-04-14,0.489,0.501,0.488,0.501,234820000,325470000,0
2026-04-15,0.501,0.493,0.491,0.502,122560000,169780000,0
2026-04-16,0.490,0.494,0.490,0.495,80870000,111290000,0
2026-04-17,0.494,0.503,0.494,0.507,150660000,211170000,0
2026-04-20,0.500,0.501,0.497,0.501,69710000,97150000,0
2026-04-21,0.500,0.499,0.497,0.503,88740000,123680000,0
2026-04-22,0.498,0.501,0.497,0.502,70530000,98470000,0
2026-04-23,0.502,0.498,0.496,0.503,127140000,176800000,0
2026-04-24,0.496,0.495,0.493,0.498,81360000,112480000,0
2026-04-27,0.493,0.494,0.487,0.495,103550000,141870000,0
2026-04-28,0.492,0.496,0.492,0.499,76130000,105430000,0
2026-04-29,0.496,0.506,0.494,0.507,115470000,162760000,0
2026-04-30,0.507,0.515,0.505,0.517,82560000,118220000,0
2026-05-06,0.519,0.523,0.515,0.526,173610000,252300000,0
2026-05-07,0.523,0.526,0.523,0.529,187520000,275330000,0
2026-05-08,0.524,0.533,0.523,0.535,129850000,192610000,0
2026-05-11,0.531,0.540,0.531,0.546,375510000,567700000,0
2026-05-12,0.541,0.541,0.535,0.547,264070000,398670000,0
2026-05-13,0.539,0.534,0.532,0.541,127050000,189710000,0
2026-05-14,0.536,0.521,0.521,0.538,104500000,153920000,0
2026-05-15,0.520,0.513,0.510,0.523,155360000,224060000,0
2026-05-18,0.509,0.507,0.503,0.513,160070000,226160000,0
2026-05-19,0.506,0.511,0.502,0.511,206540000,292050000,0
2026-05-20,0.507,0.507,0.501,0.510,134560000,190040000,0
2026-05-21,0.506,0.488,0.488,0.511,105940000,147510000,0
2026-05-22,0.489,0.491,0.487,0.495,133900000,183580000,0
2026-05-25,0.489,0.495,0.489,0.497,172700000,237790000,0
2026-05-26,0.493,0.490,0.483,0.493,131550000,178750000,0
2026-05-27,0.487,0.476,0.473,0.489,98370000,131450000,0
2026-05-28,0.474,0.480,0.473,0.481,92100000,122860000,0
2026-05-29,0.480,0.485,0.480,0.498,177950000,242970000,0
2026-06-01,0.482,0.486,0.474,0.488,110980000,150230000,0
2026-06-02,0.485,0.477,0.474,0.487,147360000,196790000,0
2026-06-03,0.477,0.471,0.469,0.477,84900000,111820000,0
2026-06-04,0.468,0.468,0.465,0.476,74370000,97530000,0
2026-06-05,0.468,0.464,0.463,0.473,106420000,138990000,0
2026-06-08,0.458,0.452,0.448,0.464,73250000,93240000,0
2026-06-09,0.453,0.452,0.445,0.457,105870000,132620000,0
2026-06-10,0.450,0.453,0.449,0.454,64320000,81070000,0
2026-06-11,0.452,0.451,0.449,0.454,100080000,126130000,0
2026-06-12,0.453,0.457,0.451,0.460,169360000,215040000,0
2026-06-15,0.460,0.460,0.455,0.463,53450000,68510000,0
2026-06-16,0.460,0.451,0.450,0.460,79170000,99990000,0
2026-06-17,0.450,0.450,0.446,0.452,299000000,373970000,0
2026-06-18,0.448,0.445,0.441,0.450,174360000,216650000,0
2026-06-22,0.445,0.444,0.433,0.445,234240000,286210000,0
2026-06-23,0.441,0.441,0.440,0.451,101120000,125770000,0
2026-06-24,0.441,0.434,0.430,0.441,137070000,166010000,0
2026-06-25,0.433,0.430,0.426,0.435,165600000,199270000,0
2026-06-26,0.427,0.426,0.426,0.435,141360000,169950000,0
2026-06-29,0.426,0.424,0.416,0.428,67550000,79420000,0
2026-06-30,0.422,0.425,0.420,0.425,52120000,61600000,0
2026-07-01,0.423,0.435,0.423,0.441,117960000,142650000,0
2026-07-02,0.432,0.426,0.425,0.437,95460000,114750000,0
2026-07-03,0.427,0.426,0.424,0.431,102730000,122510000,0
2026-07-06,0.426,0.429,0.425,0.430,88850000,105990000,0
2026-07-07,0.428,0.419,0.417,0.428,72120000,84890000,0
2026-07-08,0.420,0.421,0.415,0.423,66780000,78170000,0
2026-07-09,0.421,0.426,0.418,0.426,67900000,79820000,0
2026-07-10,0.424,0.435,0.423,0.442,157780000,191580000,0
2026-07-13,0.432,0.422,0.421,0.434,72620000,86460000,0
2026-07-14,0.423,0.425,0.418,0.426,62520000,73560000,0
2026-07-15,0.424,0.428,0.420,0.432,165700000,197560000,0
2026-07-16,0.423,0.433,0.422,0.435,133450000,160120000,0
2026-07-17,0.430,0.414,0.413,0.433,137530000,162550000,0
2026-07-20,0.414,0.410,0.405,0.418,127990000,147650000,0
2026-07-21,0.410,0.410,0.401,0.411,117410000,133260000,0
2026-07-22,0.407,0.415,0.406,0.415,97360000,111710000,0
2026-07-23,0.411,0.414,0.407,0.414,81970000,94040000,0
2026-07-24,0.410,0.402,0.402,0.412,68340000,77600000,0
2026-07-27,0.401,0.410,0.400,0.410,65480000,74500000,0
2026-07-28,0.411,0.415,0.411,0.419,180340000,209680000,0
2026-07-29,0.412,0.422,0.412,0.424,98440000,115530000,0
2026-07-30,0.418,0.420,0.417,0.428,114840000,135520000,0
2026-07-31,0.418,0.425,0.418,0.426,81780000,96600000,0
2026-08-03,0.424,0.428,0.421,0.428,70490000,83650000,0
2026-08-04,0.427,0.425,0.422,0.428,63580000,75300000,0
2026-08-05,0.424,0.432,0.424,0.432,78050000,93470000,0
2026-08-06,0.430,0.432,0.427,0.434,95220000,114560000,0
2026-08-07,0.432,0.432,0.425,0.434,69850000,83650000,0
2026-08-10,0.433,0.439,0.432,0.439,107560000,131150000,0
2026-08-11,0.438,0.437,0.435,0.441,67310000,82440000,0
2026-08-12,0.436,0.455,0.436,0.455,149140000,187050000,0
2026-08-13,0.453,0.444,0.443,0.454,148060000,184880000,0
2026-08-14,0.442,0.439,0.434,0.443,111690000,136530000,0
2026-08-17,0.438,0.441,0.434,0.442,59520000,72870000,0
2026-08-18,0.441,0.441,0.440,0.445,60600000,74860000,0
2026-08-19,0.440,0.433,0.431,0.443,79190000,96450000,0
2026-08-20,0.430,0.436,0.430,0.444,167750000,204920000,0
2026-08-21,0.434,0.433,0.425,0.436,95640000,114560000,0
2026-08-24,0.431,0.425,0.423,0.435,80070000,95380000,0
2026-08-25,0.424,0.433,0.423,0.434,62300000,74710000,0
2026-08-26,0.430,0.439,0.430,0.441,100980000,123650000,0
2026-08-27,0.439,0.442,0.437,0.442,59680000,73250000,0
2026-08-28,0.442,0.444,0.440,0.450,97460000,120970000,0
2026-08-31,0.459,0.437,0.436,0.463,323530000,404460000,0
2026-09-01,0.430,0.436,0.430,0.441,180250000,219750000,0
2026-09-02,0.433,0.433,0.426,0.436,101460000,121880000,0
2026-09-03,0.432,0.435,0.431,0.441,137580000,167580000,0
2026-09-04,0.435,0.442,0.435,0.449,308030000,383710000,0
2026-09-07,0.443,0.441,0.438,0.443,130620000,160810000,0
2026-09-08,0.441,0.451,0.441,0.453,188400000,236170000,0
2026-09-09,0.449,0.443,0.441,0.449,111780000,138490000,0
2026-09-10,0.441,0.438,0.435,0.442,76730000,93930000,0
2026-09-11,0.435,0.425,0.421,0.435,116350000,138000000,0
2026-09-14,0.423,0.424,0.420,0.425,95610000,113070000,0
2026-09-15,0.424,0.419,0.418,0.425,112870000,132440000,0
2026-09-16,0.418,0.423,0.415,0.424,69550000,81520000,0
2026-09-17,0.421,0.424,0.419,0.425,64520000,76160000,0
2026-09-18,0.424,0.440,0.423,0.441,167230000,203370000,0
2026-09-21,0.438,0.459,0.435,0.460,305800000,385430000,0
2026-09-22,0.455,0.461,0.453,0.464,227700000,292110000,0
2026-09-23,0.459,0.460,0.459,0.477,252150000,330010000,0
2026-09-24,0.456,0.450,0.449,0.462,163930000,207320000,0
2026-09-28,0.448,0.445,0.442,0.451,194640000,242230000,0
2026-09-29,0.448,0.464,0.446,0.466,624300000,805960000,0
2026-09-30,0.454,0.465,0.437,0.472,711760000,907000000,0
