date,open,high,low,close,volume,amount,turnover
2017-01-03,0.980,1.004,0.979,1.004,21000000,20980000,0
2017-01-04,1.000,1.013,0.999,1.014,10510000,10590000,0
2017-01-05,1.015,1.024,1.008,1.028,30120000,30640000,0
2017-01-06,1.023,1.017,1.017,1.030,15060000,15400000,0
2017-01-09,1.017,1.048,1.014,1.055,26100000,27070000,0
2017-01-10,1.050,1.035,1.033,1.052,21230000,22130000,0
2017-01-11,1.040,1.036,1.033,1.046,12650000,13140000,0
2017-01-12,1.036,1.021,1.020,1.036,12070000,12390000,0
2017-01-13,1.019,1.010,1.005,1.029,14760000,15000000,0
2017-01-16,1.010,0.981,0.951,1.010,31850000,31270000,0
2017-01-17,0.977,0.996,0.967,0.997,19810000,19550000,0
2017-01-18,0.994,0.992,0.990,1.000,8750000,8710000,0
2017-01-19,0.986,0.981,0.980,0.989,8790000,8650000,0
2017-01-20,0.980,0.995,0.980,0.997,11700000,11610000,0
2017-01-23,1.000,1.013,1.000,1.021,14170000,14370000,0
2017-01-24,1.014,1.008,1.002,1.014,10660000,10760000,0
2017-01-25,1.010,1.008,1.002,1.010,11380000,11450000,0
2017-01-26,1.008,1.019,1.008,1.019,11380000,11550000,0
2017-02-03,1.020,1.023,1.014,1.030,8840000,9040000,0
2017-02-06,1.023,1.033,1.017,1.033,14160000,14520000,0
2017-02-07,1.033,1.023,1.017,1.033,11100000,11350000,0
2017-02-08,1.021,1.043,1.018,1.043,14720000,15210000,0
2017-02-09,1.041,1.043,1.036,1.044,10480000,10910000,0
2017-02-10,1.042,1.036,1.034,1.044,11570000,12000000,0
2017-02-13,1.036,1.037,1.028,1.041,10520000,10890000,0
2017-02-14,1.038,1.034,1.030,1.045,10290000,10640000,0
2017-02-15,1.032,1.020,1.016,1.032,13740000,14050000,0
2017-02-16,1.020,1.025,1.019,1.029,12940000,13250000,0
2017-02-17,1.024,1.031,1.020,1.035,15090000,15530000,0
2017-02-20,1.035,1.038,1.029,1.038,11760000,12150000,0
2017-02-21,1.035,1.041,1.031,1.041,12740000,13190000,0
2017-02-22,1.041,1.037,1.034,1.042,8590000,8900000,0
2017-02-23,1.034,1.031,1.026,1.038,8490000,8740000,0
2017-02-24,1.030,1.041,1.028,1.043,11320000,11740000,0
2017-02-27,1.043,1.032,1.030,1.043,10370000,10740000,0
2017-02-28,1.032,1.035,1.031,1.037,11590000,11980000,0
2017-03-01,1.035,1.044,1.034,1.050,9680000,10100000,0
2017-03-02,1.043,1.037,1.036,1.046,12150000,12630000,0
2017-03-03,1.036,1.043,1.033,1.048,9690000,10110000,0
2017-03-06,1.045,1.057,1.044,1.058,14560000,15320000,0
2017-03-07,1.059,1.054,1.048,1.059,11130000,11710000,0
2017-03-08,1.055,1.057,1.053,1.069,14950000,15880000,0
2017-03-09,1.059,1.046,1.043,1.059,9810000,10270000,0
2017-03-10,1.045,1.040,1.037,1.049,9090000,9480000,0
2017-03-13,1.039,1.049,1.039,1.050,9010000,9430000,0
2017-03-14,1.049,1.048,1.047,1.054,10860000,11400000,0
2017-03-15,1.048,1.041,1.039,1.048,9870000,10290000,0
2017-03-16,1.040,1.050,1.040,1.050,11240000,11760000,0
2017-03-17,1.051,1.042,1.041,1.055,13090000,13740000,0
2017-03-20,1.042,1.041,1.034,1.045,9610000,9980000,0
2017-03-21,1.040,1.040,1.037,1.041,9780000,10160000,0
2017-03-22,1.037,1.029,1.029,1.038,12320000,12700000,0
2017-03-23,1.030,1.036,1.023,1.038,17580000,18150000,0
2017-03-24,1.035,1.041,1.031,1.041,11400000,11820000,0
2017-03-27,1.040,1.047,1.039,1.049,10190000,10650000,0
2017-03-28,1.049,1.043,1.042,1.050,8290000,8670000,0
2017-03-29,1.042,1.043,1.038,1.049,8650000,9040000,0
2017-03-30,1.042,1.024,1.021,1.044,10720000,11040000,0
2017-03-31,1.022,1.044,1.022,1.050,11130000,11600000,0
2017-04-05,1.041,1.058,1.037,1.059,10640000,11180000,0
2017-04-06,1.055,1.057,1.052,1.060,8530000,9020000,0
2017-04-07,1.059,1.070,1.059,1.078,10810000,11560000,0
2017-04-10,1.094,1.072,1.064,1.096,29940000,32100000,0
2017-04-11,1.076,1.118,1.069,1.127,45790000,50610000,0
2017-04-12,1.130,1.104,1.100,1.150,105430000,117590000,0
2017-04-13,1.086,1.095,1.086,1.103,20690000,22640000,0
2017-04-14,1.097,1.084,1.081,1.109,33220000,36390000,0
2017-04-17,1.083,1.053,1.050,1.083,22290000,23600000,0
2017-04-18,1.054,1.044,1.043,1.064,18550000,19520000,0
2017-04-19,1.046,1.028,1.016,1.046,22670000,23360000,0
2017-04-20,1.028,1.025,1.012,1.035,16600000,16990000,0
2017-04-21,1.026,1.015,1.013,1.028,20580000,21000000,0
2017-04-24,1.017,0.988,0.987,1.017,29550000,29450000,0
2017-04-25,0.990,0.997,0.975,0.999,23990000,23700000,0
2017-04-26,0.997,0.987,0.985,0.999,23560000,23340000,0
2017-04-27,0.987,0.979,0.955,0.987,41580000,40270000,0
2017-04-28,0.976,0.987,0.976,0.988,17390000,17070000,0
2017-05-02,0.989,0.979,0.976,0.989,8860000,8680000,0
2017-05-03,0.979,0.981,0.973,0.986,11110000,10880000,0
2017-05-04,0.979,0.965,0.963,0.979,11420000,11070000,0
2017-05-05,0.965,0.939,0.936,0.969,24120000,22940000,0
2017-05-08,0.943,0.903,0.902,0.944,21660000,19840000,0
2017-05-09,0.903,0.911,0.896,0.914,18230000,16470000,0
2017-05-10,0.912,0.882,0.881,0.913,20010000,17950000,0
2017-05-11,0.880,0.876,0.850,0.881,24370000,21170000,0
2017-05-12,0.874,0.871,0.866,0.878,13850000,12070000,0
2017-05-15,0.873,0.877,0.873,0.886,13580000,11960000,0
2017-05-16,0.878,0.889,0.859,0.890,21460000,18750000,0
2017-05-17,0.889,0.897,0.886,0.903,19240000,17250000,0
2017-05-18,0.890,0.885,0.882,0.896,12720000,11320000,0
2017-05-19,0.887,0.880,0.877,0.889,13780000,12150000,0
2017-05-22,0.883,0.868,0.866,0.886,15020000,13150000,0
2017-05-23,0.869,0.832,0.831,0.869,27460000,23310000,0
2017-05-24,0.830,0.839,0.811,0.839,22050000,18270000,0
2017-05-25,0.838,0.844,0.828,0.848,23320000,19560000,0
2017-05-26,0.843,0.845,0.840,0.850,9840000,8330000,0
2017-05-31,0.855,0.845,0.844,0.857,19740000,16840000,0
2017-06-01,0.841,0.824,0.823,0.845,13470000,11220000,0
2017-06-02,0.822,0.835,0.815,0.836,19350000,15980000,0
2017-06-05,0.837,0.843,0.836,0.845,27560000,23200000,0
2017-06-06,0.847,0.853,0.842,0.854,33940000,28860000,0
2017-06-07,0.854,0.863,0.850,0.865,24020000,20640000,0
2017-06-08,0.864,0.861,0.859,0.867,20920000,18050000,0
2017-06-09,0.859,0.863,0.854,0.864,26900000,23130000,0
2017-06-12,0.861,0.849,0.847,0.861,16890000,14400000,0
2017-06-13,0.848,0.854,0.847,0.856,11910000,10160000,0
2017-06-14,0.855,0.861,0.854,0.866,18150000,15620000,0
2017-06-15,0.861,0.870,0.860,0.874,23850000,20690000,0
2017-06-16,0.870,0.874,0.865,0.878,17040000,14850000,0
2017-06-19,0.873,0.892,0.873,0.895,30960000,27540000,0
2017-06-20,0.891,0.891,0.890,0.896,14490000,12940000,0
2017-06-21,0.894,0.892,0.886,0.902,18690000,16720000,0
2017-06-22,0.892,0.875,0.874,0.892,18860000,16640000,0
2017-06-23,0.875,0.878,0.861,0.880,20610000,17940000,0
2017-06-26,0.879,0.886,0.873,0.886,19060000,16780000,0
2017-06-27,0.888,0.891,0.883,0.895,19190000,17090000,0
2017-06-28,0.890,0.880,0.879,0.890,12060000,10630000,0
2017-06-29,0.881,0.885,0.880,0.887,14290000,12630000,0
2017-06-30,0.883,0.883,0.878,0.884,12390000,10910000,0
2017-07-03,0.883,0.887,0.878,0.888,11220000,9890000,0
2017-07-04,0.886,0.891,0.884,0.892,15030000,13360000,0
2017-07-05,0.891,0.897,0.887,0.897,13710000,12210000,0
2017-07-06,0.896,0.896,0.885,0.899,14130000,12620000,0
2017-07-07,0.894,0.904,0.890,0.907,15480000,13940000,0
2017-07-10,0.909,0.904,0.900,0.920,24740000,22540000,0
2017-07-11,0.900,0.896,0.893,0.905,19190000,17230000,0
2017-07-12,0.890,0.885,0.875,0.896,33270000,29370000,0
2017-07-13,0.884,0.892,0.882,0.893,19530000,17370000,0
2017-07-14,0.889,0.888,0.883,0.895,17470000,15560000,0
2017-07-17,0.883,0.836,0.834,0.887,59630000,50580000,0
2017-07-18,0.832,0.840,0.822,0.842,39560000,32900000,0
2017-07-19,0.841,0.847,0.833,0.847,32840000,27560000,0
2017-07-20,0.845,0.850,0.843,0.855,23930000,20370000,0
2017-07-21,0.848,0.858,0.848,0.860,35050000,29960000,0
2017-07-24,0.858,0.872,0.851,0.874,23550000,20370000,0
2017-07-25,0.874,0.867,0.861,0.877,30130000,26200000,0
2017-07-26,0.868,0.870,0.860,0.870,19750000,17080000,0
2017-07-27,0.869,0.880,0.862,0.881,23050000,20090000,0
2017-07-28,0.879,0.871,0.870,0.879,17460000,15250000,0
2017-07-31,0.876,0.864,0.861,0.876,16310000,14110000,0
2017-08-01,0.865,0.860,0.857,0.870,21050000,18150000,0
2017-08-02,0.866,0.843,0.841,0.866,24190000,20560000,0
2017-08-03,0.844,0.847,0.842,0.854,14910000,12650000,0
2017-08-04,0.849,0.890,0.849,0.899,107010000,94190000,0
2017-08-07,0.890,0.885,0.879,0.890,49860000,44040000,0
2017-08-08,0.882,0.888,0.871,0.894,50030000,44210000,0
2017-08-09,0.883,0.881,0.879,0.886,20340000,17940000,0
2017-08-10,0.883,0.884,0.879,0.897,47290000,41980000,0
2017-08-11,0.889,0.883,0.876,0.900,77810000,69270000,0
2017-08-14,0.879,0.891,0.873,0.893,55140000,48690000,0
2017-08-15,0.891,0.893,0.887,0.898,45890000,40970000,0
2017-08-16,0.893,0.904,0.890,0.906,38750000,34800000,0
2017-08-17,0.906,0.915,0.903,0.924,60990000,55900000,0
2017-08-18,0.912,0.906,0.903,0.915,26660000,24200000,0
2017-08-21,0.906,0.906,0.901,0.912,21050000,19040000,0
2017-08-22,0.907,0.893,0.892,0.908,19480000,17520000,0
2017-08-23,0.893,0.896,0.890,0.901,18180000,16300000,0
2017-08-24,0.894,0.890,0.886,0.898,36400000,32480000,0
2017-08-25,0.891,0.898,0.887,0.898,28480000,25410000,0
2017-08-28,0.897,0.906,0.894,0.908,38190000,34430000,0
2017-08-29,0.900,0.891,0.890,0.902,46130000,41320000,0
2017-08-30,0.890,0.895,0.890,0.895,17020000,15190000,0
2017-08-31,0.893,0.895,0.891,0.898,30060000,26890000,0
2017-09-01,0.898,0.899,0.893,0.899,14550000,13040000,0
2017-09-04,0.905,0.912,0.905,0.912,42430000,38560000,0
2017-09-05,0.912,0.909,0.906,0.913,16640000,15130000,0
2017-09-06,0.905,0.918,0.905,0.920,39630000,36250000,0
2017-09-07,0.919,0.909,0.909,0.921,44200000,40520000,0
2017-09-08,0.912,0.908,0.900,0.914,26940000,24480000,0
2017-09-11,0.907,0.912,0.903,0.913,24120000,21950000,0
2017-09-12,0.910,0.909,0.907,0.913,20310000,18480000,0
2017-09-13,0.907,0.911,0.907,0.914,21380000,19470000,0
2017-09-14,0.910,0.906,0.903,0.911,18070000,16400000,0
2017-09-15,0.907,0.916,0.907,0.918,40690000,37120000,0
2017-09-18,0.916,0.919,0.913,0.920,8330000,7630000,0
2017-09-19,0.920,0.913,0.911,0.920,14230000,13020000,0
2017-09-20,0.913,0.925,0.913,0.925,29250000,26930000,0
2017-09-21,0.925,0.917,0.916,0.926,15150000,13950000,0
2017-09-22,0.915,0.914,0.906,0.918,19280000,17590000,0
2017-09-25,0.914,0.912,0.909,0.925,19320000,17760000,0
2017-09-26,0.911,0.914,0.904,0.915,19320000,17580000,0
2017-09-27,0.915,0.921,0.915,0.924,37380000,34330000,0
2017-09-28,0.923,0.925,0.920,0.932,23060000,21400000,0
2017-09-29,0.927,0.933,0.927,0.933,11440000,10650000,0
2017-10-09,0.936,0.933,0.932,0.943,11850000,11080000,0
2017-10-10,0.934,0.937,0.929,0.938,10350000,9660000,0
2017-10-11,0.935,0.931,0.930,0.936,10190000,9500000,0
2017-10-12,0.931,0.945,0.928,0.950,29740000,28010000,0
2017-10-13,0.942,0.941,0.937,0.942,12360000,11600000,0
2017-10-16,0.940,0.939,0.938,0.955,20290000,19210000,0
2017-10-17,0.935,0.931,0.929,0.939,19380000,18070000,0
2017-10-18,0.933,0.928,0.927,0.939,13430000,12550000,0
2017-10-19,0.926,0.910,0.909,0.926,19280000,17630000,0
2017-10-20,0.908,0.917,0.906,0.917,11790000,10760000,0
2017-10-23,0.917,0.917,0.915,0.919,12880000,11810000,0
2017-10-24,0.917,0.908,0.902,0.918,12670000,11500000,0
2017-10-25,0.908,0.910,0.906,0.911,12910000,11730000,0
2017-10-26,0.910,0.917,0.907,0.918,16500000,15080000,0
2017-10-27,0.917,0.909,0.906,0.917,17650000,16090000,0
2017-10-30,0.908,0.886,0.881,0.908,24490000,21750000,0
2017-10-31,0.886,0.888,0.880,0.889,19600000,17350000,0
2017-11-01,0.887,0.890,0.885,0.894,16020000,14250000,0
2017-11-02,0.888,0.882,0.880,0.889,12890000,11370000,0
2017-11-03,0.883,0.878,0.875,0.885,10560000,9300000,0
2017-11-06,0.880,0.888,0.880,0.889,30580000,27050000,0
2017-11-07,0.888,0.904,0.886,0.904,23580000,21140000,0
2017-11-08,0.901,0.903,0.900,0.909,13560000,12280000,0
2017-11-09,0.902,0.907,0.899,0.908,6850000,6200000,0
2017-11-10,0.908,0.905,0.903,0.909,11580000,10490000,0
2017-11-13,0.905,0.901,0.899,0.905,11380000,10260000,0
2017-11-14,0.900,0.908,0.900,0.914,19770000,17940000,0
2017-11-15,0.907,0.896,0.895,0.908,9410000,8470000,0
2017-11-16,0.896,0.892,0.891,0.898,11750000,10510000,0
2017-11-17,0.891,0.858,0.856,0.893,23620000,20610000,0
2017-11-20,0.860,0.862,0.839,0.864,14050000,11920000,0
2017-11-21,0.862,0.864,0.856,0.869,15640000,13490000,0
2017-11-22,0.865,0.886,0.862,0.892,52860000,46560000,0
2017-11-23,0.883,0.867,0.866,0.889,13250000,11650000,0
2017-11-24,0.860,0.863,0.860,0.872,10330000,8960000,0
2017-11-27,0.863,0.854,0.852,0.868,15920000,13710000,0
2017-11-28,0.854,0.863,0.851,0.864,12660000,10860000,0
2017-11-29,0.865,0.859,0.852,0.865,11700000,10050000,0
2017-11-30,0.859,0.857,0.856,0.868,19550000,16860000,0
2017-12-01,0.858,0.865,0.852,0.865,9970000,8570000,0
2017-12-04,0.864,0.855,0.854,0.866,13820000,11880000,0
2017-12-05,0.857,0.841,0.836,0.865,24530000,20850000,0
2017-12-06,0.841,0.852,0.834,0.853,24050000,20250000,0
2017-12-07,0.848,0.865,0.848,0.873,40950000,35410000,0
2017-12-08,0.861,0.866,0.860,0.872,12210000,10580000,0
2017-12-11,0.866,0.875,0.865,0.875,12360000,10760000,0
2017-12-12,0.878,0.865,0.864,0.878,10930000,9500000,0
2017-12-13,0.865,0.871,0.863,0.873,11650000,10110000,0
2017-12-14,0.871,0.876,0.868,0.877,12440000,10860000,0
2017-12-15,0.875,0.875,0.868,0.878,9680000,8450000,0
2017-12-18,0.873,0.867,0.863,0.875,8510000,7390000,0
2017-12-19,0.868,0.869,0.866,0.871,12240000,10630000,0
2017-12-20,0.870,0.859,0.858,0.871,13100000,11290000,0
2017-12-21,0.860,0.863,0.850,0.866,11110000,9570000,0
2017-12-22,0.860,0.855,0.852,0.862,8830000,7580000,0
2017-12-25,0.855,0.834,0.832,0.856,23290000,19600000,0
2017-12-26,0.836,0.840,0.831,0.841,13340000,11160000,0
2017-12-27,0.840,0.835,0.833,0.841,10430000,8730000,0
2017-12-28,0.834,0.837,0.832,0.841,8950000,7490000,0
2017-12-29,0.839,0.842,0.837,0.843,9330000,7830000,0
2018-01-02,0.844,0.849,0.842,0.849,9060000,7670000,0
2018-01-03,0.849,0.857,0.846,0.857,14220000,12140000,0
2018-01-04,0.856,0.856,0.854,0.860,18090000,15520000,0
2018-01-05,0.857,0.851,0.849,0.857,17000000,14480000,0
2018-01-08,0.850,0.850,0.845,0.852,13640000,11560000,0
2018-01-09,0.847,0.850,0.847,0.853,11210000,9530000,0
2018-01-10,0.850,0.840,0.837,0.851,13580000,11430000,0
2018-01-11,0.840,0.846,0.837,0.847,9410000,7920000,0
2018-01-12,0.846,0.836,0.835,0.846,14850000,12480000,0
2018-01-15,0.836,0.803,0.802,0.837,49560000,40550000,0
2018-01-16,0.802,0.799,0.796,0.808,16920000,13560000,0
2018-01-17,0.801,0.804,0.788,0.805,22560000,17980000,0
2018-01-18,0.804,0.803,0.800,0.805,12370000,9930000,0
2018-01-19,0.805,0.812,0.805,0.822,33360000,27210000,0
2018-01-22,0.818,0.816,0.803,0.819,32010000,25980000,0
2018-01-23,0.816,0.816,0.812,0.818,20470000,16680000,0
2018-01-24,0.815,0.826,0.812,0.830,25820000,21200000,0
2018-01-25,0.826,0.836,0.825,0.848,60000000,50260000,0
2018-01-26,0.834,0.830,0.829,0.835,31060000,25880000,0
2018-01-29,0.832,0.816,0.815,0.834,32270000,26540000,0
2018-01-30,0.816,0.818,0.815,0.821,15220000,12450000,0
2018-01-31,0.816,0.796,0.795,0.816,28100000,22540000,0
2018-02-01,0.798,0.768,0.767,0.801,39860000,31080000,0
2018-02-02,0.769,0.769,0.751,0.772,25110000,19170000,0
2018-02-05,0.759,0.764,0.758,0.767,12720000,9720000,0
2018-02-06,0.751,0.718,0.716,0.758,35490000,26160000,0
2018-02-07,0.731,0.716,0.701,0.734,22970000,16480000,0
2018-02-08,0.718,0.731,0.716,0.736,20210000,14730000,0
2018-02-09,0.715,0.705,0.693,0.724,25150000,17800000,0
2018-02-12,0.709,0.719,0.709,0.722,13430000,9620000,0
2018-02-13,0.726,0.725,0.720,0.738,20290000,14820000,0
2018-02-14,0.726,0.724,0.720,0.726,10380000,7490000,0
2018-02-22,0.728,0.735,0.727,0.737,9320000,6830000,0
2018-02-23,0.735,0.740,0.731,0.745,13340000,9880000,0
2018-02-26,0.740,0.760,0.740,0.762,27340000,20590000,0
2018-02-27,0.762,0.780,0.759,0.788,35360000,27390000,0
2018-02-28,0.768,0.782,0.767,0.794,47090000,36990000,0
2018-03-01,0.778,0.792,0.770,0.793,32870000,25850000,0
2018-03-02,0.792,0.788,0.784,0.797,16830000,13320000,0
2018-03-05,0.797,0.802,0.792,0.803,16460000,13150000,0
2018-03-06,0.801,0.809,0.798,0.812,13680000,11020000,0
2018-03-07,0.808,0.797,0.796,0.809,18560000,14900000,0
2018-03-08,0.795,0.797,0.792,0.800,11090000,8830000,0
2018-03-09,0.799,0.814,0.796,0.818,19950000,16140000,0
2018-03-12,0.819,0.826,0.814,0.827,34910000,28690000,0
2018-03-13,0.826,0.818,0.816,0.828,14540000,11970000,0
2018-03-14,0.816,0.800,0.799,0.816,14460000,11640000,0
2018-03-15,0.798,0.803,0.793,0.809,17890000,14350000,0
2018-03-16,0.804,0.796,0.795,0.805,9370000,7490000,0
2018-03-19,0.796,0.802,0.793,0.813,14780000,11910000,0
2018-03-20,0.800,0.808,0.794,0.808,14740000,11800000,0
2018-03-21,0.808,0.813,0.808,0.828,26420000,21600000,0
2018-03-22,0.813,0.800,0.799,0.813,35260000,28390000,0
2018-03-23,0.788,0.772,0.750,0.789,37040000,28700000,0
2018-03-26,0.762,0.812,0.762,0.812,36490000,29020000,0
2018-03-27,0.812,0.833,0.807,0.834,40730000,33520000,0
2018-03-28,0.822,0.828,0.820,0.837,34680000,28810000,0
2018-03-29,0.827,0.822,0.814,0.831,17630000,14480000,0
2018-03-30,0.823,0.851,0.822,0.851,70610000,59230000,0
2018-04-02,0.849,0.868,0.845,0.876,48940000,42290000,0
2018-04-03,0.859,0.858,0.845,0.865,31910000,27300000,0
2018-04-04,0.862,0.856,0.852,0.879,56130000,48620000,0
2018-04-09,0.854,0.880,0.848,0.882,40510000,35250000,0
2018-04-10,0.879,0.856,0.848,0.881,56720000,48670000,0
2018-04-11,0.862,0.859,0.849,0.864,34340000,29390000,0
2018-04-12,0.855,0.850,0.849,0.867,42630000,36600000,0
2018-04-13,0.859,0.855,0.852,0.868,38900000,33460000,0
2018-04-16,0.858,0.862,0.850,0.863,18460000,15810000,0
2018-04-17,0.861,0.844,0.843,0.876,33660000,29010000,0
2018-04-18,0.848,0.870,0.841,0.875,35800000,30810000,0
2018-04-19,0.875,0.892,0.865,0.908,78840000,70150000,0
2018-04-20,0.891,0.885,0.881,0.905,42530000,37950000,0
2018-04-23,0.881,0.848,0.835,0.888,44000000,37780000,0
2018-04-24,0.848,0.869,0.839,0.869,31010000,26580000,0
2018-04-25,0.861,0.870,0.859,0.877,21470000,18680000,0
2018-04-26,0.870,0.854,0.853,0.877,23070000,19980000,0
2018-04-27,0.854,0.843,0.830,0.862,28940000,24370000,0
2018-05-02,0.843,0.831,0.826,0.845,33900000,28300000,0
2018-05-03,0.831,0.836,0.810,0.836,23730000,19490000,0
2018-05-04,0.832,0.837,0.827,0.843,44220000,37100000,0
2018-05-07,0.835,0.847,0.835,0.848,18560000,15650000,0
2018-05-08,0.854,0.851,0.847,0.864,40800000,34910000,0
2018-05-09,0.851,0.845,0.842,0.853,29610000,25020000,0
2018-05-10,0.847,0.835,0.829,0.847,16630000,13900000,0
2018-05-11,0.835,0.828,0.823,0.839,16720000,13870000,0
2018-05-14,0.830,0.812,0.809,0.833,44480000,36350000,0
2018-05-15,0.812,0.822,0.811,0.823,28450000,23230000,0
2018-05-16,0.823,0.823,0.819,0.831,29600000,24490000,0
2018-05-17,0.822,0.815,0.811,0.825,18900000,15450000,0
2018-05-18,0.814,0.817,0.807,0.819,17280000,14040000,0
2018-05-21,0.818,0.828,0.818,0.830,25660000,21170000,0
2018-05-22,0.828,0.826,0.818,0.828,22490000,18510000,0
2018-05-23,0.826,0.822,0.822,0.833,28150000,23310000,0
2018-05-24,0.822,0.816,0.813,0.827,19690000,16120000,0
2018-05-25,0.818,0.810,0.806,0.820,34490000,28010000,0
2018-05-28,0.810,0.790,0.788,0.810,27760000,22100000,0
2018-05-29,0.790,0.781,0.780,0.794,22630000,17790000,0
2018-05-30,0.775,0.761,0.760,0.784,23560000,18200000,0
2018-05-31,0.765,0.761,0.755,0.770,22860000,17420000,0
2018-06-01,0.761,0.751,0.748,0.768,29510000,22320000,0
2018-06-04,0.755,0.748,0.744,0.755,23890000,17890000,0
2018-06-05,0.748,0.763,0.748,0.764,46940000,35600000,0
2018-06-06,0.763,0.760,0.758,0.768,54720000,41770000,0
2018-06-07,0.762,0.751,0.751,0.763,35340000,26750000,0
2018-06-08,0.750,0.740,0.734,0.752,30140000,22280000,0
2018-06-11,0.737,0.731,0.728,0.738,30810000,22560000,0
2018-06-12,0.731,0.736,0.723,0.736,21410000,15660000,0
2018-06-13,0.730,0.718,0.718,0.733,26670000,19390000,0
2018-06-14,0.717,0.711,0.709,0.722,29830000,21290000,0
2018-06-15,0.712,0.693,0.690,0.714,48620000,34070000,0
2018-06-19,0.685,0.652,0.640,0.692,48940000,32800000,0
2018-06-20,0.653,0.671,0.652,0.677,37730000,25020000,0
2018-06-21,0.670,0.651,0.650,0.677,39210000,26020000,0
2018-06-22,0.648,0.664,0.642,0.667,56580000,37400000,0
2018-06-25,0.670,0.659,0.658,0.673,19060000,12670000,0
2018-06-26,0.650,0.679,0.648,0.679,30020000,20090000,0
2018-06-27,0.678,0.677,0.673,0.685,39880000,27040000,0
2018-06-28,0.679,0.671,0.668,0.685,22570000,15290000,0
2018-06-29,0.672,0.695,0.668,0.695,46280000,31830000,0
2018-07-02,0.694,0.690,0.682,0.700,45900000,31850000,0
2018-07-03,0.690,0.719,0.688,0.720,82400000,58270000,0
2018-07-04,0.713,0.708,0.703,0.718,37520000,26650000,0
2018-07-05,0.709,0.692,0.690,0.709,32280000,22580000,0
2018-07-06,0.694,0.699,0.688,0.715,55630000,39050000,0
2018-07-09,0.701,0.715,0.701,0.716,43510000,30870000,0
2018-07-10,0.715,0.720,0.710,0.720,42910000,30730000,0
2018-07-11,0.709,0.699,0.688,0.710,72600000,50910000,0
2018-07-12,0.700,0.717,0.694,0.719,49410000,34990000,0
2018-07-13,0.718,0.712,0.709,0.720,28490000,20320000,0
2018-07-16,0.711,0.723,0.709,0.728,41670000,30000000,0
2018-07-17,0.723,0.722,0.710,0.723,77640000,55560000,0
2018-07-18,0.722,0.711,0.711,0.725,48360000,34640000,0
2018-07-19,0.709,0.695,0.694,0.713,35560000,24960000,0
2018-07-20,0.697,0.712,0.694,0.714,46320000,32620000,0
2018-07-23,0.713,0.740,0.712,0.742,68860000,50580000,0
2018-07-24,0.743,0.743,0.738,0.749,61040000,45340000,0
2018-07-25,0.743,0.744,0.741,0.754,40250000,30030000,0
2018-07-26,0.747,0.735,0.731,0.747,28970000,21330000,0
2018-07-27,0.735,0.732,0.726,0.735,23970000,17520000,0
2018-07-30,0.734,0.725,0.720,0.735,50200000,36370000,0
2018-07-31,0.721,0.722,0.717,0.728,35500000,25650000,0
2018-08-01,0.722,0.700,0.700,0.730,48690000,34840000,0
2018-08-02,0.698,0.673,0.659,0.698,68590000,46300000,0
2018-08-03,0.670,0.665,0.664,0.677,26310000,17640000,0
2018-08-06,0.664,0.648,0.645,0.668,25690000,16830000,0
2018-08-07,0.650,0.666,0.641,0.667,35940000,23430000,0
2018-08-08,0.663,0.653,0.651,0.664,27190000,17880000,0
2018-08-09,0.650,0.676,0.649,0.679,36710000,24520000,0
2018-08-10,0.676,0.682,0.674,0.684,23050000,15640000,0
2018-08-13,0.675,0.695,0.671,0.697,24510000,16770000,0
2018-08-14,0.692,0.687,0.684,0.695,21970000,15100000,0
2018-08-15,0.688,0.677,0.675,0.695,34080000,23420000,0
2018-08-16,0.673,0.670,0.662,0.680,25160000,16930000,0
2018-08-17,0.678,0.661,0.657,0.680,14990000,10030000,0
2018-08-20,0.663,0.671,0.654,0.671,22050000,14600000,0
2018-08-21,0.671,0.679,0.667,0.682,20670000,13990000,0
2018-08-22,0.678,0.676,0.673,0.683,25890000,17550000,0
2018-08-23,0.674,0.680,0.673,0.685,24020000,16340000,0
2018-08-24,0.679,0.672,0.670,0.680,22920000,15460000,0
2018-08-27,0.674,0.695,0.673,0.695,33110000,22790000,0
2018-08-28,0.696,0.700,0.695,0.705,31410000,22000000,0
2018-08-29,0.700,0.701,0.695,0.704,22700000,15900000,0
2018-08-30,0.700,0.689,0.686,0.703,19760000,13650000,0
2018-08-31,0.685,0.685,0.681,0.691,17950000,12320000,0
2018-09-03,0.685,0.701,0.680,0.701,31610000,21800000,0
2018-09-04,0.700,0.723,0.698,0.727,58460000,41780000,0
2018-09-05,0.722,0.717,0.715,0.731,71800000,51930000,0
2018-09-06,0.717,0.726,0.711,0.733,43210000,31350000,0
2018-09-07,0.726,0.717,0.708,0.734,38340000,27660000,0
2018-09-10,0.717,0.703,0.700,0.722,32630000,23240000,0
2018-09-11,0.704,0.715,0.702,0.719,26270000,18690000,0
2018-09-12,0.715,0.723,0.713,0.731,45660000,33070000,0
2018-09-13,0.727,0.736,0.717,0.741,53810000,39330000,0
2018-09-14,0.736,0.712,0.710,0.738,49340000,35520000,0
2018-09-17,0.709,0.706,0.701,0.719,25930000,18370000,0
2018-09-18,0.702,0.718,0.699,0.718,35560000,25230000,0
2018-09-19,0.716,0.728,0.709,0.731,38020000,27440000,0
2018-09-20,0.724,0.717,0.713,0.727,21630000,15550000,0
2018-09-21,0.717,0.721,0.708,0.722,55830000,39930000,0
2018-09-25,0.714,0.725,0.713,0.731,55220000,39970000,0
2018-09-26,0.725,0.725,0.718,0.728,47930000,34680000,0
2018-09-27,0.724,0.713,0.712,0.726,38940000,27920000,0
2018-09-28,0.712,0.714,0.708,0.716,40490000,28810000,0
2018-10-08,0.705,0.689,0.688,0.708,50480000,35240000,0
2018-10-09,0.690,0.672,0.668,0.694,53950000,36550000,0
2018-10-10,0.674,0.678,0.668,0.679,32510000,21960000,0
2018-10-11,0.659,0.624,0.622,0.662,168840000,107700000,0
2018-10-12,0.620,0.636,0.606,0.640,75550000,47190000,0
2018-10-15,0.640,0.633,0.631,0.649,45800000,29370000,0
2018-10-16,0.637,0.622,0.616,0.646,41400000,26140000,0
2018-10-17,0.628,0.622,0.605,0.632,45750000,28400000,0
2018-10-18,0.618,0.606,0.605,0.619,42250000,25850000,0
2018-10-19,0.604,0.619,0.593,0.622,60530000,36800000,0
2018-10-22,0.626,0.652,0.626,0.659,61900000,39780000,0
2018-10-23,0.648,0.642,0.637,0.655,40650000,26310000,0
2018-10-24,0.642,0.642,0.637,0.650,31610000,20360000,0
2018-10-25,0.630,0.633,0.618,0.637,59610000,37290000,0
2018-10-26,0.635,0.631,0.625,0.645,40400000,25710000,0
2018-10-29,0.628,0.622,0.617,0.631,27060000,16900000,0
2018-10-30,0.619,0.627,0.608,0.630,43330000,26960000,0
2018-10-31,0.625,0.634,0.623,0.638,46200000,29190000,0
2018-11-01,0.636,0.642,0.636,0.653,51560000,33190000,0
2018-11-02,0.652,0.660,0.646,0.661,53210000,34750000,0
2018-11-05,0.659,0.662,0.651,0.668,50990000,33650000,0
2018-11-06,0.662,0.660,0.653,0.662,25110000,16500000,0
2018-11-07,0.659,0.655,0.652,0.665,71850000,47220000,0
2018-11-08,0.658,0.646,0.645,0.660,23050000,15020000,0
2018-11-09,0.642,0.646,0.640,0.650,19790000,12780000,0
2018-11-12,0.646,0.660,0.645,0.661,31820000,20790000,0
2018-11-13,0.653,0.665,0.651,0.670,66940000,44240000,0
2018-11-14,0.665,0.660,0.658,0.666,25460000,16840000,0
2018-11-15,0.663,0.677,0.662,0.677,56230000,37680000,0
2018-11-16,0.681,0.676,0.672,0.683,33020000,22380000,0
2018-11-19,0.676,0.677,0.668,0.678,25870000,17400000,0
2018-11-20,0.672,0.673,0.671,0.692,84680000,57820000,0
2018-11-21,0.669,0.672,0.660,0.674,36930000,24680000,0
2018-11-22,0.670,0.673,0.669,0.677,22120000,14900000,0
2018-11-23,0.673,0.646,0.645,0.673,41730000,27300000,0
2018-11-26,0.646,0.646,0.642,0.654,25320000,16410000,0
2018-11-27,0.650,0.654,0.648,0.657,19390000,12650000,0
2018-11-28,0.650,0.661,0.645,0.661,23640000,15480000,0
2018-11-29,0.667,0.651,0.649,0.670,40870000,27080000,0
2018-11-30,0.649,0.653,0.640,0.655,32040000,20790000,0
2018-12-03,0.666,0.671,0.662,0.672,38710000,25870000,0
2018-12-04,0.671,0.668,0.662,0.671,28260000,18800000,0
2018-12-05,0.660,0.662,0.656,0.665,25450000,16800000,0
2018-12-06,0.661,0.657,0.654,0.667,31730000,20970000,0
2018-12-07,0.657,0.656,0.650,0.661,19910000,13050000,0
2018-12-10,0.654,0.645,0.644,0.654,16670000,10800000,0
2018-12-11,0.646,0.649,0.644,0.650,11050000,7150000,0
2018-12-12,0.650,0.647,0.645,0.651,17530000,11370000,0
2018-12-13,0.648,0.656,0.646,0.658,27680000,18120000,0
2018-12-14,0.654,0.646,0.645,0.657,21150000,13830000,0
2018-12-17,0.643,0.645,0.638,0.646,12710000,8170000,0
2018-12-18,0.642,0.639,0.631,0.644,29700000,18990000,0
2018-12-19,0.638,0.629,0.627,0.641,18320000,11590000,0
2018-12-20,0.627,0.628,0.623,0.631,22120000,13860000,0
2018-12-21,0.628,0.620,0.614,0.628,25240000,15640000,0
2018-12-24,0.619,0.627,0.617,0.627,32980000,20540000,0
2018-12-25,0.622,0.624,0.610,0.626,37760000,23280000,0
2018-12-26,0.624,0.619,0.617,0.626,12050000,7480000,0
2018-12-27,0.628,0.615,0.613,0.628,27960000,17330000,0
2018-12-28,0.617,0.616,0.610,0.618,37880000,23270000,0
2019-01-02,0.616,0.619,0.611,0.625,49590000,30650000,0
2019-01-03,0.618,0.634,0.617,0.646,64860000,41130000,0
2019-01-04,0.632,0.646,0.624,0.647,111290000,70820000,0
2019-01-07,0.652,0.671,0.649,0.673,145740000,96270000,0
2019-01-08,0.667,0.661,0.657,0.667,96100000,63650000,0
2019-01-09,0.661,0.657,0.655,0.665,84480000,55860000,0
2019-01-10,0.657,0.653,0.651,0.659,68970000,45150000,0
2019-01-11,0.656,0.665,0.654,0.666,115190000,76160000,0
2019-01-14,0.663,0.658,0.655,0.665,41360000,27250000,0
2019-01-15,0.658,0.664,0.656,0.666,55220000,36520000,0
2019-01-16,0.665,0.659,0.657,0.666,40500000,26740000,0
2019-01-17,0.658,0.651,0.649,0.659,50750000,33170000,0
2019-01-18,0.652,0.656,0.649,0.657,62050000,40530000,0
2019-01-21,0.656,0.660,0.651,0.663,52390000,34460000,0
2019-01-22,0.658,0.650,0.645,0.658,38420000,25050000,0
2019-01-23,0.648,0.651,0.647,0.652,22380000,14540000,0
2019-01-24,0.649,0.659,0.648,0.662,51440000,33790000,0
2019-01-25,0.658,0.655,0.654,0.660,34360000,22570000,0
2019-01-28,0.657,0.652,0.649,0.662,38190000,25100000,0
2019-01-29,0.650,0.640,0.632,0.650,63190000,40410000,0
2019-01-30,0.636,0.641,0.636,0.650,34540000,22270000,0
2019-01-31,0.640,0.636,0.632,0.643,33640000,21450000,0
2019-02-01,0.637,0.650,0.637,0.651,45400000,29210000,0
2019-02-11,0.651,0.663,0.651,0.665,45220000,29810000,0
2019-02-12,0.663,0.669,0.662,0.671,51780000,34560000,0
2019-02-13,0.669,0.683,0.666,0.685,94310000,64000000,0
2019-02-14,0.683,0.684,0.680,0.688,36670000,25080000,0
2019-02-15,0.682,0.678,0.676,0.688,74290000,50550000,0
2019-02-18,0.683,0.706,0.682,0.707,77880000,54180000,0
2019-02-19,0.708,0.716,0.694,0.718,86000000,60580000,0
2019-02-20,0.712,0.711,0.701,0.719,93210000,66210000,0
2019-02-21,0.711,0.703,0.701,0.725,103710000,74070000,0
2019-02-22,0.705,0.719,0.700,0.719,126240000,89590000,0
2019-02-25,0.730,0.765,0.726,0.766,253330000,189490000,0
2019-02-26,0.764,0.750,0.748,0.766,255530000,193330000,0
2019-02-27,0.747,0.762,0.747,0.782,264480000,202770000,0
2019-02-28,0.770,0.759,0.751,0.777,146940000,111950000,0
2019-03-01,0.762,0.763,0.746,0.766,166100000,125460000,0
2019-03-04,0.770,0.774,0.762,0.785,230680000,178350000,0
2019-03-05,0.770,0.791,0.764,0.792,154960000,120650000,0
2019-03-06,0.791,0.797,0.778,0.801,171530000,135250000,0
2019-03-07,0.795,0.789,0.782,0.799,152970000,120940000,0
2019-03-08,0.776,0.767,0.765,0.800,160840000,125760000,0
2019-03-11,0.770,0.795,0.770,0.795,123380000,96820000,0
2019-03-12,0.801,0.825,0.795,0.827,245090000,198610000,0
2019-03-13,0.826,0.805,0.798,0.842,280860000,232500000,0
2019-03-14,0.800,0.783,0.770,0.803,196200000,153870000,0
2019-03-15,0.785,0.782,0.775,0.792,148200000,116220000,0
2019-03-18,0.782,0.797,0.776,0.798,102080000,80430000,0
2019-03-19,0.798,0.808,0.795,0.813,175140000,141300000,0
2019-03-20,0.806,0.796,0.784,0.808,122920000,97540000,0
2019-03-21,0.795,0.801,0.795,0.807,104170000,83490000,0
2019-03-22,0.800,0.805,0.792,0.806,104990000,84120000,0
2019-03-25,0.810,0.841,0.799,0.862,457230000,381590000,0
2019-03-26,0.848,0.800,0.797,0.848,408790000,333630000,0
2019-03-27,0.805,0.790,0.779,0.807,294540000,232420000,0
2019-03-28,0.793,0.787,0.784,0.807,181340000,144700000,0
2019-03-29,0.798,0.819,0.791,0.820,237690000,191500000,0
2019-04-01,0.823,0.860,0.823,0.860,282140000,239740000,0
2019-04-02,0.880,0.860,0.855,0.884,332620000,289040000,0
2019-04-03,0.850,0.867,0.846,0.870,279330000,239360000,0
2019-04-04,0.867,0.869,0.856,0.874,265130000,229460000,0
2019-04-08,0.883,0.852,0.844,0.888,287480000,247500000,0
2019-04-09,0.853,0.849,0.843,0.856,107600000,91340000,0
2019-04-10,0.847,0.846,0.839,0.851,100710000,85120000,0
2019-04-11,0.843,0.828,0.827,0.850,159770000,133970000,0
2019-04-12,0.829,0.826,0.817,0.830,104360000,85960000,0
2019-04-15,0.835,0.824,0.822,0.846,105290000,87960000,0
2019-04-16,0.818,0.836,0.807,0.837,149850000,123470000,0
2019-04-17,0.836,0.837,0.831,0.843,115170000,96410000,0
2019-04-18,0.837,0.845,0.834,0.852,151180000,127680000,0
2019-04-19,0.840,0.842,0.828,0.843,111340000,92940000,0
2019-04-22,0.848,0.833,0.828,0.848,142300000,119090000,0
2019-04-23,0.833,0.805,0.801,0.833,163060000,132460000,0
2019-04-24,0.806,0.811,0.795,0.812,79650000,64030000,0
2019-04-25,0.809,0.777,0.776,0.809,123900000,98070000,0
2019-04-26,0.777,0.775,0.773,0.785,77770000,60530000,0
2019-04-29,0.775,0.752,0.752,0.780,88400000,67420000,0
2019-04-30,0.752,0.759,0.751,0.768,59550000,45270000,0
2019-05-06,0.736,0.701,0.697,0.745,172110000,123700000,0
2019-05-07,0.709,0.709,0.697,0.715,96400000,68160000,0
2019-05-08,0.697,0.713,0.691,0.720,146160000,103890000,0
2019-05-09,0.707,0.715,0.707,0.723,146590000,105270000,0
2019-05-10,0.722,0.747,0.708,0.747,238920000,175460000,0
2019-05-13,0.740,0.739,0.733,0.747,109250000,80920000,0
2019-05-14,0.730,0.733,0.730,0.746,124160000,91570000,0
2019-05-15,0.737,0.741,0.735,0.744,80540000,59520000,0
2019-05-16,0.740,0.751,0.738,0.756,138800000,103910000,0
2019-05-17,0.752,0.728,0.724,0.753,97870000,72280000,0
2019-05-20,0.727,0.742,0.723,0.742,90500000,66590000,0
2019-05-21,0.743,0.751,0.731,0.752,88550000,65870000,0
2019-05-22,0.750,0.747,0.740,0.752,55790000,41650000,0
2019-05-23,0.747,0.738,0.735,0.755,88970000,66270000,0
2019-05-24,0.735,0.719,0.717,0.736,94810000,68700000,0
2019-05-27,0.723,0.745,0.717,0.745,118480000,86980000,0
2019-05-28,0.743,0.742,0.738,0.751,93300000,69480000,0
2019-05-29,0.740,0.745,0.738,0.751,74440000,55540000,0
2019-05-30,0.741,0.739,0.732,0.743,77490000,57130000,0
2019-05-31,0.737,0.739,0.737,0.745,74370000,55090000,0
2019-06-03,0.745,0.732,0.727,0.751,101090000,74320000,0
2019-06-04,0.730,0.717,0.713,0.731,110180000,79320000,0
2019-06-05,0.722,0.713,0.712,0.723,84740000,60760000,0
2019-06-06,0.714,0.698,0.696,0.714,112680000,79160000,0
2019-06-10,0.699,0.704,0.698,0.707,59870000,42070000,0
2019-06-11,0.705,0.726,0.699,0.726,128860000,92130000,0
2019-06-12,0.723,0.717,0.715,0.725,83010000,59750000,0
2019-06-13,0.717,0.717,0.712,0.720,72940000,52220000,0
2019-06-14,0.718,0.713,0.711,0.736,133110000,96360000,0
2019-06-17,0.711,0.706,0.703,0.711,104820000,73930000,0
2019-06-18,0.705,0.700,0.698,0.706,107520000,75430000,0
2019-06-19,0.715,0.713,0.711,0.718,142750000,101990000,0
2019-06-20,0.713,0.727,0.708,0.730,169910000,122710000,0
2019-06-21,0.732,0.740,0.729,0.743,166910000,122960000,0
2019-06-24,0.739,0.737,0.732,0.743,82570000,60850000,0
2019-06-25,0.736,0.733,0.725,0.740,97260000,71250000,0
2019-06-26,0.730,0.744,0.728,0.745,99310000,73270000,0
2019-06-27,0.750,0.747,0.745,0.756,136100000,102070000,0
2019-06-28,0.745,0.738,0.733,0.746,87360000,64530000,0
2019-07-01,0.751,0.756,0.748,0.757,125210000,94130000,0
2019-07-02,0.775,0.763,0.761,0.778,153500000,117850000,0
2019-07-03,0.762,0.772,0.754,0.779,200040000,153630000,0
2019-07-04,0.771,0.782,0.768,0.799,316720000,249500000,0
2019-07-05,0.780,0.778,0.771,0.781,89260000,69290000,0
2019-07-08,0.775,0.750,0.744,0.776,186410000,140690000,0
2019-07-09,0.749,0.752,0.743,0.754,72380000,54210000,0
2019-07-10,0.753,0.748,0.746,0.762,118280000,89250000,0
2019-07-11,0.751,0.748,0.742,0.758,77810000,58440000,0
2019-07-12,0.744,0.747,0.741,0.749,72180000,53870000,0
2019-07-15,0.746,0.765,0.744,0.767,170060000,128880000,0
2019-07-16,0.765,0.767,0.761,0.772,88850000,68180000,0
2019-07-17,0.768,0.767,0.765,0.774,83300000,64120000,0
2019-07-18,0.766,0.754,0.754,0.766,81990000,62190000,0
2019-07-19,0.757,0.758,0.755,0.763,75790000,57460000,0
2019-07-22,0.760,0.741,0.735,0.761,331620000,246600000,0
2019-07-23,0.741,0.753,0.740,0.754,82810000,61950000,0
2019-07-24,0.755,0.764,0.755,0.768,133180000,101790000,0
2019-07-25,0.764,0.768,0.763,0.771,93300000,71640000,0
2019-07-26,0.767,0.778,0.765,0.779,109590000,84850000,0
2019-07-29,0.780,0.779,0.775,0.786,103470000,80700000,0
2019-07-30,0.780,0.779,0.777,0.785,71410000,55730000,0
2019-07-31,0.775,0.781,0.772,0.782,129970000,101150000,0
2019-08-01,0.781,0.772,0.770,0.782,139180000,107880000,0
2019-08-02,0.760,0.757,0.752,0.763,192890000,146140000,0
2019-08-05,0.758,0.756,0.754,0.770,175070000,133360000,0
2019-08-06,0.740,0.739,0.721,0.743,219730000,161620000,0
2019-08-07,0.742,0.726,0.725,0.743,76290000,55980000,0
2019-08-08,0.731,0.741,0.730,0.745,153210000,113110000,0
2019-08-09,0.743,0.727,0.725,0.746,127920000,93660000,0
2019-08-12,0.727,0.738,0.723,0.738,101760000,74200000,0
2019-08-13,0.729,0.735,0.727,0.742,109200000,80260000,0
2019-08-14,0.743,0.744,0.736,0.745,121130000,89750000,0
2019-08-15,0.730,0.744,0.726,0.744,127200000,93630000,0
2019-08-16,0.742,0.745,0.740,0.751,139230000,103910000,0
2019-08-19,0.749,0.767,0.747,0.769,213250000,162090000,0
2019-08-20,0.769,0.770,0.764,0.776,132500000,101920000,0
2019-08-21,0.770,0.768,0.766,0.775,109080000,83950000,0
2019-08-22,0.770,0.780,0.768,0.782,175480000,136080000,0
2019-08-23,0.778,0.775,0.770,0.783,141020000,109310000,0
2019-08-26,0.764,0.773,0.758,0.773,153890000,117900000,0
2019-08-27,0.775,0.789,0.772,0.790,202800000,158840000,0
2019-08-28,0.785,0.791,0.784,0.801,306680000,243440000,0
2019-08-29,0.795,0.793,0.788,0.798,204220000,162120000,0
2019-08-30,0.796,0.809,0.794,0.814,359000000,288700000,0
2019-09-02,0.817,0.849,0.816,0.855,450110000,376550000,0
2019-09-03,0.853,0.851,0.838,0.858,510430000,432380000,0
2019-09-04,0.846,0.845,0.835,0.849,296560000,249790000,0
2019-09-05,0.847,0.849,0.843,0.858,329450000,280400000,0
2019-09-06,0.849,0.855,0.845,0.856,256180000,217900000,0
2019-09-09,0.860,0.863,0.850,0.864,241560000,206670000,0
2019-09-10,0.862,0.851,0.849,0.876,310090000,266630000,0
2019-09-11,0.853,0.843,0.840,0.853,222170000,187820000,0
2019-09-12,0.843,0.846,0.838,0.846,160170000,134900000,0
2019-09-16,0.849,0.841,0.838,0.851,146100000,123280000,0
2019-09-17,0.839,0.816,0.813,0.840,220740000,181870000,0
2019-09-18,0.816,0.811,0.809,0.819,132170000,107380000,0
2019-09-19,0.811,0.825,0.811,0.825,185910000,151860000,0
2019-09-20,0.824,0.814,0.811,0.825,145790000,118940000,0
2019-09-23,0.813,0.813,0.805,0.817,141870000,114960000,0
2019-09-24,0.812,0.811,0.806,0.819,171240000,139200000,0
2019-09-25,0.808,0.795,0.794,0.812,154910000,124150000,0
2019-09-26,0.798,0.766,0.765,0.800,241050000,187520000,0
2019-09-27,0.766,0.773,0.766,0.778,108030000,83610000,0
2019-09-30,0.773,0.766,0.765,0.779,113630000,87670000,0
2019-10-08,0.770,0.756,0.755,0.772,116070000,88450000,0
2019-10-09,0.755,0.761,0.750,0.763,98190000,74380000,0
2019-10-10,0.762,0.769,0.761,0.770,95370000,72990000,0
2019-10-11,0.770,0.767,0.759,0.771,109570000,83980000,0
2019-10-14,0.770,0.776,0.770,0.778,130020000,100730000,0
2019-10-15,0.774,0.763,0.760,0.775,154210000,117920000,0
2019-10-16,0.763,0.757,0.756,0.765,67530000,51400000,0
2019-10-17,0.755,0.753,0.752,0.761,72330000,54690000,0
2019-10-18,0.754,0.740,0.740,0.757,87440000,65380000,0
2019-10-21,0.740,0.740,0.729,0.743,100840000,74170000,0
2019-10-22,0.741,0.748,0.740,0.748,66210000,49250000,0
2019-10-23,0.748,0.740,0.739,0.749,50240000,37330000,0
2019-10-24,0.740,0.741,0.732,0.742,84000000,61920000,0
2019-10-25,0.741,0.745,0.735,0.747,97470000,72200000,0
2019-10-28,0.749,0.758,0.748,0.758,147040000,110820000,0
2019-10-29,0.758,0.749,0.748,0.759,71950000,54100000,0
2019-10-30,0.746,0.741,0.737,0.746,54880000,40670000,0
2019-10-31,0.742,0.738,0.737,0.744,55360000,40960000,0
2019-11-01,0.737,0.743,0.735,0.744,66990000,49590000,0
2019-11-04,0.743,0.741,0.740,0.745,66020000,49020000,0
2019-11-05,0.741,0.743,0.735,0.745,95810000,70990000,0
2019-11-06,0.748,0.753,0.748,0.765,267530000,202800000,0
2019-11-07,0.750,0.748,0.745,0.752,102470000,76630000,0
2019-11-08,0.752,0.742,0.742,0.753,77240000,57750000,0
2019-11-11,0.743,0.724,0.723,0.744,122940000,89780000,0
2019-11-12,0.722,0.724,0.713,0.724,79150000,56910000,0
2019-11-13,0.721,0.720,0.717,0.723,39580000,28510000,0
2019-11-14,0.720,0.722,0.718,0.724,50440000,36360000,0
2019-11-15,0.722,0.716,0.714,0.724,59290000,42590000,0
2019-11-18,0.715,0.719,0.712,0.720,56110000,40190000,0
2019-11-19,0.718,0.731,0.718,0.731,98990000,71920000,0
2019-11-20,0.729,0.724,0.723,0.731,54480000,39590000,0
2019-11-21,0.722,0.730,0.721,0.733,99410000,72550000,0
2019-11-22,0.729,0.726,0.723,0.735,119560000,87200000,0
2019-11-25,0.726,0.722,0.717,0.727,66340000,47810000,0
2019-11-26,0.724,0.724,0.719,0.727,72850000,52700000,0
2019-11-27,0.723,0.720,0.719,0.724,66460000,47980000,0
2019-11-28,0.721,0.720,0.718,0.723,41050000,29570000,0
2019-11-29,0.718,0.725,0.718,0.726,61970000,44710000,0
2019-12-02,0.725,0.725,0.722,0.729,46690000,33860000,0
2019-12-03,0.722,0.730,0.720,0.730,60490000,43870000,0
2019-12-04,0.728,0.735,0.726,0.738,195030000,143110000,0
2019-12-05,0.737,0.745,0.737,0.746,115230000,85430000,0
2019-12-06,0.743,0.745,0.740,0.745,63660000,47260000,0
2019-12-09,0.744,0.743,0.741,0.747,48750000,36250000,0
2019-12-10,0.743,0.741,0.736,0.743,60620000,44770000,0
2019-12-11,0.741,0.738,0.737,0.744,70220000,51930000,0
2019-12-12,0.738,0.740,0.736,0.743,118970000,88000000,0
2019-12-13,0.741,0.745,0.738,0.745,168790000,125120000,0
2019-12-16,0.745,0.758,0.742,0.759,208600000,157100000,0
2019-12-17,0.758,0.764,0.757,0.768,221000000,168850000,0
2019-12-18,0.770,0.762,0.761,0.775,163130000,125250000,0
2019-12-19,0.767,0.766,0.761,0.768,103730000,79350000,0
2019-12-20,0.766,0.754,0.753,0.768,125170000,95100000,0
2019-12-23,0.754,0.738,0.737,0.754,123610000,92310000,0
2019-12-24,0.738,0.745,0.738,0.746,85220000,63220000,0
2019-12-25,0.744,0.746,0.743,0.749,98380000,73400000,0
2019-12-26,0.746,0.754,0.745,0.755,121100000,90610000,0
2019-12-27,0.754,0.752,0.750,0.762,207630000,157220000,0
2019-12-30,0.752,0.758,0.742,0.758,145400000,109520000,0
2019-12-31,0.758,0.758,0.752,0.760,122520000,92630000,0
2020-01-02,0.762,0.771,0.758,0.771,163230000,125090000,0
2020-01-03,0.773,0.784,0.770,0.785,366940000,286020000,0
2020-01-06,0.798,0.793,0.788,0.803,426950000,339190000,0
2020-01-07,0.788,0.794,0.787,0.795,187030000,147990000,0
2020-01-08,0.803,0.805,0.795,0.812,454920000,365020000,0
2020-01-09,0.791,0.798,0.786,0.798,297260000,235800000,0
2020-01-10,0.795,0.791,0.788,0.799,138520000,109700000,0
2020-01-13,0.790,0.800,0.786,0.800,138730000,110070000,0
2020-01-14,0.800,0.793,0.793,0.803,156660000,124780000,0
2020-01-15,0.792,0.786,0.782,0.792,182940000,143560000,0
2020-01-16,0.787,0.796,0.787,0.804,224160000,178900000,0
2020-01-17,0.794,0.792,0.791,0.799,109120000,86690000,0
2020-01-20,0.793,0.807,0.793,0.808,155450000,124720000,0
2020-01-21,0.808,0.800,0.799,0.809,111510000,89560000,0
2020-01-22,0.795,0.803,0.786,0.806,147010000,117090000,0
2020-01-23,0.796,0.790,0.780,0.819,210280000,168500000,0
2020-02-03,0.711,0.711,0.711,0.724,156460000,111530000,0
2020-02-04,0.700,0.721,0.686,0.721,121960000,87040000,0
2020-02-05,0.717,0.739,0.717,0.747,165280000,121700000,0
2020-02-06,0.742,0.767,0.738,0.769,167730000,126810000,0
2020-02-07,0.771,0.784,0.766,0.785,177390000,137960000,0
2020-02-10,0.787,0.789,0.777,0.799,116780000,91970000,0
2020-02-11,0.788,0.782,0.779,0.790,118630000,92960000,0
2020-02-12,0.778,0.798,0.778,0.799,110270000,87140000,0
2020-02-13,0.799,0.791,0.785,0.801,109320000,86640000,0
2020-02-14,0.789,0.792,0.787,0.800,113090000,89600000,0
2020-02-17,0.800,0.849,0.800,0.850,310860000,257930000,0
2020-02-18,0.860,0.874,0.856,0.875,288040000,249220000,0
2020-02-19,0.864,0.856,0.822,0.880,270700000,234350000,0
2020-02-20,0.855,0.865,0.844,0.865,142690000,122050000,0
2020-02-21,0.865,0.890,0.861,0.899,190020000,167560000,0
2020-02-24,0.888,0.897,0.880,0.902,179860000,160520000,0
2020-02-25,0.877,0.896,0.850,0.900,191970000,168760000,0
2020-02-26,0.878,0.879,0.872,0.911,197140000,176580000,0
2020-02-27,0.881,0.871,0.855,0.888,169400000,147780000,0
2020-02-28,0.836,0.821,0.818,0.854,117310000,98210000,0
2020-03-02,0.831,0.853,0.827,0.858,142020000,120080000,0
2020-03-03,0.865,0.872,0.861,0.896,165990000,146180000,0
2020-03-04,0.865,0.872,0.853,0.883,158950000,138470000,0
2020-03-05,0.884,0.877,0.866,0.887,114800000,100550000,0
2020-03-06,0.872,0.871,0.859,0.879,81870000,71220000,0
2020-03-09,0.860,0.827,0.825,0.862,107080000,90270000,0
2020-03-10,0.825,0.866,0.817,0.867,134440000,113460000,0
2020-03-11,0.866,0.866,0.863,0.895,195960000,172710000,0
2020-03-12,0.846,0.843,0.833,0.861,117120000,99180000,0
2020-03-13,0.810,0.843,0.803,0.856,132890000,110050000,0
2020-03-16,0.848,0.795,0.790,0.850,138280000,113770000,0
2020-03-17,0.801,0.795,0.771,0.815,103590000,81940000,0
2020-03-18,0.800,0.774,0.773,0.813,96420000,76970000,0
2020-03-19,0.776,0.787,0.765,0.793,100600000,78500000,0
2020-03-20,0.791,0.792,0.778,0.799,81480000,64390000,0
2020-03-23,0.767,0.752,0.746,0.773,141730000,108030000,0
2020-03-24,0.769,0.765,0.745,0.771,73100000,55650000,0
2020-03-25,0.780,0.776,0.770,0.783,82720000,64260000,0
2020-03-26,0.770,0.766,0.765,0.777,76070000,58530000,0
2020-03-27,0.773,0.766,0.765,0.779,126220000,97530000,0
2020-03-30,0.754,0.760,0.736,0.767,191510000,144000000,0
2020-03-31,0.761,0.749,0.748,0.764,67810000,51270000,0
2020-04-01,0.747,0.747,0.744,0.758,57620000,43300000,0
2020-04-02,0.744,0.767,0.742,0.768,88760000,66940000,0
2020-04-03,0.766,0.760,0.754,0.768,49350000,37540000,0
2020-04-07,0.775,0.793,0.772,0.794,160860000,126620000,0
2020-04-08,0.784,0.804,0.783,0.806,198230000,158240000,0
2020-04-09,0.808,0.803,0.798,0.812,135870000,109460000,0
2020-04-10,0.802,0.790,0.786,0.803,143090000,113830000,0
2020-04-13,0.786,0.789,0.776,0.791,98550000,77300000,0
2020-04-14,0.792,0.797,0.787,0.798,88770000,70320000,0
2020-04-15,0.795,0.788,0.788,0.799,94580000,75180000,0
2020-04-16,0.784,0.799,0.781,0.803,123590000,98350000,0
2020-04-17,0.802,0.797,0.795,0.808,119190000,95610000,0
2020-04-20,0.796,0.812,0.796,0.813,177460000,142990000,0
2020-04-21,0.811,0.812,0.805,0.817,165670000,134440000,0
2020-04-22,0.804,0.811,0.801,0.815,121240000,98090000,0
2020-04-23,0.814,0.821,0.809,0.828,242980000,199180000,0
2020-04-24,0.816,0.805,0.794,0.820,177010000,142680000,0
2020-04-27,0.801,0.792,0.790,0.804,111600000,88990000,0
2020-04-28,0.791,0.781,0.759,0.792,136570000,105860000,0
2020-04-29,0.778,0.790,0.774,0.794,111540000,87910000,0
2020-04-30,0.794,0.815,0.792,0.817,143420000,115720000,0
2020-05-06,0.811,0.831,0.809,0.831,166330000,136670000,0
2020-05-07,0.827,0.828,0.826,0.834,111420000,92440000,0
2020-05-08,0.831,0.837,0.830,0.843,177790000,148790000,0
2020-05-11,0.844,0.842,0.832,0.847,145930000,122570000,0
2020-05-12,0.844,0.839,0.830,0.844,109300000,91390000,0
2020-05-13,0.837,0.838,0.835,0.841,101060000,84680000,0
2020-05-14,0.834,0.839,0.830,0.848,136940000,115030000,0
2020-05-15,0.844,0.839,0.835,0.846,128740000,108240000,0
2020-05-18,0.844,0.852,0.838,0.866,249210000,213380000,0
2020-05-19,0.853,0.859,0.849,0.859,116610000,99590000,0
2020-05-20,0.858,0.836,0.832,0.858,164940000,139030000,0
2020-05-21,0.836,0.822,0.818,0.838,126910000,104910000,0
2020-05-22,0.820,0.810,0.805,0.829,143760000,117560000,0
2020-05-25,0.810,0.800,0.795,0.820,119010000,95480000,0
2020-05-26,0.800,0.812,0.800,0.813,112950000,91210000,0
2020-05-27,0.814,0.805,0.802,0.815,82390000,66650000,0
2020-05-28,0.805,0.805,0.792,0.809,100260000,80170000,0
2020-05-29,0.801,0.810,0.800,0.811,95290000,76750000,0
2020-06-01,0.811,0.828,0.810,0.830,154850000,127290000,0
2020-06-02,0.830,0.830,0.823,0.838,280410000,232950000,0
2020-06-03,0.830,0.824,0.823,0.831,110610000,91430000,0
2020-06-04,0.828,0.817,0.814,0.828,95390000,78100000,0
2020-06-05,0.817,0.816,0.810,0.820,102010000,83190000,0
2020-06-08,0.818,0.814,0.813,0.822,111180000,90950000,0
2020-06-09,0.813,0.812,0.809,0.815,144090000,116980000,0
2020-06-10,0.811,0.813,0.807,0.813,117900000,95440000,0
2020-06-11,0.813,0.815,0.810,0.823,145640000,119000000,0
2020-06-12,0.803,0.814,0.801,0.815,106080000,85760000,0
2020-06-15,0.810,0.802,0.801,0.813,88100000,71160000,0
2020-06-16,0.805,0.810,0.804,0.811,85020000,68660000,0
2020-06-17,0.822,0.823,0.816,0.825,278110000,228430000,0
2020-06-18,0.820,0.810,0.806,0.820,171820000,139150000,0
2020-06-19,0.809,0.816,0.808,0.818,157230000,127920000,0
2020-06-22,0.816,0.825,0.816,0.826,207430000,170450000,0
2020-06-23,0.825,0.827,0.819,0.829,156940000,129300000,0
2020-06-24,0.826,0.822,0.819,0.826,135760000,111430000,0
2020-06-29,0.818,0.822,0.817,0.829,135830000,111910000,0
2020-06-30,0.825,0.835,0.824,0.835,167280000,138830000,0
2020-07-01,0.839,0.835,0.825,0.839,179570000,149190000,0
2020-07-02,0.836,0.848,0.831,0.848,250950000,211260000,0
2020-07-03,0.853,0.857,0.847,0.858,338050000,288370000,0
2020-07-06,0.869,0.910,0.865,0.915,701850000,626890000,0
2020-07-07,0.932,0.921,0.895,0.942,642270000,595480000,0
2020-07-08,0.919,1.011,0.913,1.013,932460000,909130000,0
2020-07-09,1.039,1.041,1.014,1.055,1488740000,1544540000,0
2020-07-10,1.035,1.015,1.003,1.038,774150000,791370000,0
2020-07-13,1.011,1.036,1.000,1.037,606940000,619110000,0
2020-07-14,1.032,1.039,1.015,1.073,917150000,957120000,0
2020-07-15,1.044,1.001,0.991,1.049,677250000,686990000,0
2020-07-16,1.000,0.964,0.958,1.020,581340000,577560000,0
2020-07-17,0.965,1.000,0.962,1.014,704990000,699100000,0
2020-07-20,1.029,1.100,1.018,1.100,1407670000,1498690000,0
2020-07-21,1.094,1.049,1.035,1.094,1590630000,1676160000,0
2020-07-22,1.037,1.067,1.036,1.088,1204510000,1288000000,0
2020-07-23,1.078,1.115,1.063,1.118,1759050000,1919520000,0
2020-07-24,1.120,1.070,1.067,1.131,2247400000,2489320000,0
2020-07-27,1.058,1.061,1.032,1.091,1239370000,1318400000,0
2020-07-28,1.062,1.078,1.052,1.096,909500000,980470000,0
2020-07-29,1.070,1.104,1.065,1.105,701140000,761490000,0
2020-07-30,1.110,1.089,1.083,1.129,776690000,857260000,0
2020-07-31,1.085,1.079,1.066,1.093,684190000,737420000,0
2020-08-03,1.090,1.170,1.089,1.175,1475280000,1681000000,0
2020-08-04,1.165,1.128,1.118,1.165,1363980000,1545910000,0
2020-08-05,1.122,1.165,1.118,1.180,1333870000,1538630000,0
2020-08-06,1.158,1.207,1.150,1.224,1636450000,1952750000,0
2020-08-07,1.195,1.249,1.176,1.260,1847710000,2248730000,0
2020-08-10,1.237,1.220,1.213,1.309,2001950000,2518600000,0
2020-08-11,1.201,1.207,1.190,1.249,1636660000,1998230000,0
2020-08-12,1.188,1.153,1.129,1.196,1359170000,1571890000,0
2020-08-13,1.150,1.159,1.147,1.180,836510000,974750000,0
2020-08-14,1.154,1.200,1.154,1.208,884340000,1055250000,0
2020-08-17,1.215,1.234,1.192,1.235,776440000,948390000,0
2020-08-18,1.228,1.235,1.224,1.253,680530000,843110000,0
2020-08-19,1.230,1.207,1.201,1.235,696760000,849560000,0
2020-08-20,1.195,1.162,1.154,1.205,767000000,902220000,0
2020-08-21,1.171,1.162,1.148,1.189,517060000,604060000,0
2020-08-24,1.165,1.171,1.153,1.185,373960000,436700000,0
2020-08-25,1.172,1.130,1.120,1.173,820780000,932070000,0
2020-08-26,1.126,1.095,1.088,1.138,701520000,777870000,0
2020-08-27,1.097,1.115,1.088,1.116,463920000,511160000,0
2020-08-28,1.113,1.138,1.111,1.139,534890000,603170000,0
2020-08-31,1.147,1.147,1.133,1.163,710660000,817100000,0
2020-09-01,1.160,1.173,1.148,1.178,702960000,819950000,0
2020-09-02,1.174,1.157,1.144,1.174,427750000,494690000,0
2020-09-03,1.150,1.143,1.127,1.152,410130000,467180000,0
2020-09-04,1.121,1.136,1.120,1.138,353870000,399240000,0
2020-09-07,1.136,1.104,1.099,1.145,416110000,467510000,0
2020-09-08,1.108,1.100,1.082,1.113,333050000,365460000,0
2020-09-09,1.091,1.092,1.068,1.110,654200000,715330000,0
2020-09-10,1.094,1.052,1.050,1.096,550510000,592050000,0
2020-09-11,1.046,1.054,1.035,1.056,311510000,325620000,0
2020-09-14,1.057,1.050,1.041,1.061,230480000,242300000,0
2020-09-15,1.047,1.062,1.047,1.067,280600000,297430000,0
2020-09-16,1.058,1.045,1.039,1.059,215830000,226230000,0
2020-09-17,1.042,1.054,1.033,1.064,291290000,304940000,0
2020-09-18,1.055,1.085,1.055,1.087,393880000,423490000,0
2020-09-21,1.097,1.111,1.091,1.130,594960000,663570000,0
2020-09-22,1.097,1.090,1.084,1.105,277040000,302600000,0
2020-09-23,1.092,1.089,1.080,1.096,181960000,197690000,0
2020-09-24,1.080,1.056,1.055,1.083,275200000,293230000,0
2020-09-25,1.061,1.059,1.053,1.070,274500000,291210000,0
2020-09-28,1.061,1.045,1.043,1.063,197010000,207060000,0
2020-09-29,1.051,1.089,1.051,1.094,494170000,533760000,0
2020-09-30,1.087,1.090,1.073,1.094,340120000,369280000,0
2020-10-09,1.105,1.109,1.093,1.110,455880000,502130000,0
2020-10-12,1.115,1.154,1.110,1.155,697050000,791100000,0
2020-10-13,1.150,1.155,1.140,1.161,326810000,375740000,0
2020-10-14,1.157,1.148,1.139,1.175,449910000,518930000,0
2020-10-15,1.140,1.137,1.136,1.149,247190000,282050000,0
2020-10-16,1.135,1.123,1.114,1.143,307240000,345550000,0
2020-10-19,1.125,1.115,1.113,1.133,325990000,365790000,0
2020-10-20,1.109,1.118,1.098,1.119,240200000,266030000,0
2020-10-21,1.118,1.089,1.082,1.118,336820000,368750000,0
2020-10-22,1.084,1.075,1.062,1.085,267080000,286080000,0
2020-10-23,1.077,1.058,1.055,1.083,340610000,364170000,0
2020-10-26,1.055,1.065,1.041,1.069,252640000,267510000,0
2020-10-27,1.060,1.073,1.058,1.079,321180000,344340000,0
2020-10-28,1.075,1.069,1.052,1.075,268520000,285280000,0
2020-10-29,1.055,1.056,1.047,1.060,363850000,383660000,0
2020-10-30,1.067,1.037,1.034,1.083,587370000,623060000,0
2020-11-02,1.033,1.031,1.019,1.039,414040000,425060000,0
2020-11-03,1.034,1.066,1.030,1.068,470290000,494960000,0
2020-11-04,1.066,1.074,1.052,1.080,568690000,607050000,0
2020-11-05,1.073,1.076,1.060,1.081,512000000,548200000,0
2020-11-06,1.074,1.057,1.051,1.074,359810000,381620000,0
2020-11-09,1.054,1.078,1.047,1.078,663490000,707850000,0
2020-11-10,1.078,1.058,1.053,1.078,482560000,513450000,0
2020-11-11,1.057,1.037,1.035,1.064,391460000,409870000,0
2020-11-12,1.038,1.033,1.030,1.048,258420000,268000000,0
2020-11-13,1.032,1.056,1.025,1.066,659600000,692960000,0
2020-11-16,1.055,1.060,1.052,1.066,322400000,340680000,0
2020-11-17,1.060,1.038,1.029,1.060,374260000,389110000,0
2020-11-18,1.040,1.044,1.036,1.050,265220000,276390000,0
2020-11-19,1.039,1.089,1.032,1.094,1112840000,1194940000,0
2020-11-20,1.091,1.103,1.089,1.116,771610000,849760000,0
2020-11-23,1.103,1.102,1.086,1.113,596360000,656980000,0
2020-11-24,1.100,1.108,1.097,1.123,493320000,548890000,0
2020-11-25,1.103,1.078,1.076,1.110,408990000,446320000,0
2020-11-26,1.081,1.100,1.074,1.108,549530000,600270000,0
2020-11-27,1.100,1.121,1.088,1.140,793080000,885120000,0
2020-11-30,1.121,1.128,1.110,1.141,724430000,819130000,0
2020-12-01,1.129,1.150,1.123,1.156,707430000,807930000,0
2020-12-02,1.151,1.150,1.142,1.163,552330000,635760000,0
2020-12-03,1.145,1.131,1.126,1.148,541970000,614800000,0
2020-12-04,1.125,1.142,1.117,1.147,471650000,534520000,0
2020-12-07,1.143,1.147,1.139,1.159,479350000,550640000,0
2020-12-08,1.144,1.142,1.138,1.154,286210000,327450000,0
2020-12-09,1.138,1.114,1.113,1.147,453410000,513460000,0
2020-12-10,1.108,1.117,1.103,1.127,307730000,343070000,0
2020-12-11,1.117,1.090,1.078,1.117,489250000,535300000,0
2020-12-14,1.085,1.109,1.076,1.114,402800000,443970000,0
2020-12-15,1.104,1.113,1.101,1.125,351090000,390750000,0
2020-12-16,1.107,1.104,1.098,1.117,319670000,353290000,0
2020-12-17,1.102,1.095,1.071,1.107,482480000,524730000,0
2020-12-18,1.098,1.095,1.092,1.114,425630000,469140000,0
2020-12-21,1.091,1.144,1.091,1.145,712220000,803760000,0
2020-12-22,1.138,1.124,1.121,1.152,552850000,628850000,0
2020-12-23,1.126,1.184,1.125,1.185,899560000,1039780000,0
2020-12-24,1.190,1.192,1.184,1.230,1096380000,1325650000,0
2020-12-25,1.185,1.211,1.172,1.214,642110000,768050000,0
2020-12-28,1.211,1.210,1.193,1.232,573490000,692940000,0
2020-12-29,1.209,1.196,1.187,1.227,626020000,755860000,0
2020-12-30,1.188,1.231,1.185,1.244,837860000,1021100000,0
2020-12-31,1.230,1.288,1.226,1.290,1030100000,1293430000,0
2021-01-04,1.325,1.383,1.303,1.393,1248380000,1680560000,0
2021-01-05,1.370,1.384,1.351,1.416,1407780000,1940760000,0
2021-01-06,1.371,1.399,1.364,1.431,1343110000,1883430000,0
2021-01-07,1.386,1.438,1.376,1.444,1301560000,1841570000,0
2021-01-08,1.440,1.398,1.374,1.440,1485880000,2077040000,0
2021-01-11,1.412,1.352,1.340,1.430,1529390000,2120960000,0
2021-01-12,1.340,1.406,1.340,1.411,1455770000,2023940000,0
2021-01-13,1.411,1.384,1.371,1.424,1368280000,1909130000,0
2021-01-14,1.368,1.306,1.303,1.368,1702250000,2252480000,0
2021-01-15,1.299,1.297,1.261,1.318,1380120000,1778570000,0
2021-01-18,1.298,1.325,1.297,1.339,1213490000,1606890000,0
2021-01-19,1.317,1.297,1.287,1.335,1071150000,1397570000,0
2021-01-20,1.297,1.321,1.283,1.325,971700000,1271990000,0
2021-01-21,1.313,1.336,1.308,1.344,1068960000,1421160000,0
2021-01-22,1.330,1.337,1.310,1.339,894480000,1186730000,0
2021-01-25,1.343,1.340,1.327,1.377,1349960000,1831630000,0
2021-01-26,1.323,1.243,1.242,1.324,2291430000,2897700000,0
2021-01-27,1.234,1.245,1.228,1.259,856100000,1065050000,0
2021-01-28,1.231,1.233,1.222,1.265,803690000,999110000,0
2021-01-29,1.242,1.189,1.165,1.246,1243090000,1488870000,0
2021-02-01,1.190,1.183,1.177,1.200,601790000,714750000,0
2021-02-02,1.185,1.204,1.168,1.205,740190000,880710000,0
2021-02-03,1.202,1.162,1.160,1.204,876360000,1032830000,0
2021-02-04,1.154,1.147,1.132,1.178,784000000,902630000,0
2021-02-05,1.158,1.123,1.121,1.169,770850000,880650000,0
2021-02-08,1.125,1.128,1.104,1.136,756230000,849370000,0
2021-02-09,1.128,1.198,1.125,1.199,1372490000,1608980000,0
2021-02-10,1.198,1.187,1.166,1.198,1396970000,1649190000,0
2021-02-18,1.200,1.179,1.175,1.205,958540000,1136850000,0
2021-02-19,1.179,1.186,1.163,1.187,775110000,910610000,0
2021-02-22,1.188,1.141,1.140,1.190,1363920000,1590450000,0
2021-02-23,1.131,1.179,1.125,1.184,1453490000,1689200000,0
2021-02-24,1.183,1.176,1.154,1.199,1128420000,1329170000,0
2021-02-25,1.176,1.199,1.170,1.215,1442790000,1723390000,0
2021-02-26,1.178,1.158,1.155,1.190,1198420000,1400760000,0
2021-03-01,1.165,1.180,1.152,1.180,779000000,910400000,0
2021-03-02,1.188,1.187,1.159,1.195,1095790000,1289150000,0
2021-03-03,1.174,1.186,1.166,1.187,819540000,965230000,0
2021-03-04,1.176,1.168,1.165,1.203,1125910000,1331340000,0
2021-03-05,1.151,1.145,1.127,1.163,852490000,977810000,0
2021-03-08,1.146,1.064,1.060,1.149,1511500000,1664070000,0
2021-03-09,1.055,1.010,1.000,1.061,1192040000,1222800000,0
2021-03-10,1.023,1.005,1.001,1.029,613870000,621050000,0
2021-03-11,1.008,1.023,0.996,1.025,606180000,615090000,0
2021-03-12,1.023,1.015,1.001,1.024,480220000,485370000,0
2021-03-15,1.014,1.006,0.998,1.024,547920000,553580000,0
2021-03-16,1.005,1.006,1.001,1.019,408940000,413020000,0
2021-03-17,1.006,1.023,1.003,1.029,595760000,606360000,0
2021-03-18,1.021,1.038,1.020,1.046,542110000,560150000,0
2021-03-19,1.024,1.040,1.019,1.059,773710000,804650000,0
2021-03-22,1.035,1.049,1.029,1.054,431660000,451040000,0
2021-03-23,1.050,1.042,1.037,1.056,311140000,324960000,0
2021-03-24,1.039,1.022,1.016,1.048,414950000,425970000,0
2021-03-25,1.017,1.028,1.017,1.037,387250000,397880000,0
2021-03-26,1.028,1.044,1.028,1.045,413620000,429650000,0
2021-03-29,1.050,1.062,1.050,1.078,663880000,706750000,0
2021-03-30,1.062,1.085,1.061,1.100,740770000,805560000,0
2021-03-31,1.080,1.042,1.040,1.080,634630000,666550000,0
2021-04-01,1.045,1.050,1.042,1.053,254200000,266320000,0
2021-04-02,1.052,1.055,1.046,1.061,367190000,387130000,0
2021-04-06,1.061,1.066,1.055,1.069,358650000,381290000,0
2021-04-07,1.063,1.057,1.050,1.064,328420000,346660000,0
2021-04-08,1.054,1.054,1.048,1.067,346420000,366370000,0
2021-04-09,1.066,1.062,1.058,1.078,419970000,448060000,0
2021-04-12,1.059,1.029,1.022,1.061,441540000,458690000,0
2021-04-13,1.023,1.024,1.017,1.032,262830000,269050000,0
2021-04-14,1.022,1.039,1.021,1.040,286810000,296390000,0
2021-04-15,1.038,1.036,1.026,1.040,224020000,231660000,0
2021-04-16,1.036,1.039,1.029,1.043,287730000,297920000,0
2021-04-19,1.036,1.053,1.032,1.054,457680000,479570000,0
2021-04-20,1.050,1.046,1.043,1.061,497240000,522370000,0
2021-04-21,1.040,1.038,1.031,1.046,344250000,357590000,0
2021-04-22,1.040,1.038,1.035,1.048,306550000,318860000,0
2021-04-23,1.036,1.034,1.030,1.042,347090000,359060000,0
2021-04-26,1.036,1.034,1.032,1.053,554030000,578380000,0
2021-04-27,1.031,1.019,1.011,1.033,462610000,471410000,0
2021-04-28,1.017,1.027,1.017,1.028,301330000,308270000,0
2021-04-29,1.028,1.030,1.025,1.036,377750000,389060000,0
2021-04-30,1.022,0.994,0.987,1.022,1629990000,1628200000,0
2021-05-06,0.992,1.005,0.989,1.013,588160000,590150000,0
2021-05-07,1.003,0.994,0.993,1.009,386940000,386920000,0
2021-05-10,0.993,0.978,0.973,0.993,523460000,512560000,0
2021-05-11,0.974,1.002,0.972,1.007,634070000,628660000,0
2021-05-12,0.998,1.000,0.990,1.000,298340000,296920000,0
2021-05-13,0.992,0.996,0.990,1.012,492010000,493090000,0
2021-05-14,1.000,1.034,0.993,1.035,1266790000,1293650000,0
2021-05-17,1.041,1.041,1.036,1.055,709710000,741950000,0
2021-05-18,1.035,1.063,1.030,1.069,873170000,923050000,0
2021-05-19,1.058,1.066,1.054,1.072,472150000,502440000,0
2021-05-20,1.064,1.068,1.061,1.081,431350000,461760000,0
2021-05-21,1.069,1.047,1.044,1.072,439190000,462100000,0
2021-05-24,1.046,1.057,1.042,1.057,379960000,400110000,0
2021-05-25,1.057,1.093,1.051,1.096,884040000,955800000,0
2021-05-26,1.094,1.091,1.089,1.111,724070000,796010000,0
2021-05-27,1.089,1.100,1.087,1.105,479310000,526400000,0
2021-05-28,1.099,1.107,1.094,1.114,563390000,622210000,0
2021-05-31,1.111,1.139,1.109,1.142,768230000,865350000,0
2021-06-01,1.138,1.135,1.130,1.148,574590000,654300000,0
2021-06-02,1.130,1.105,1.104,1.141,634260000,709270000,0
2021-06-03,1.104,1.092,1.090,1.112,509330000,560890000,0
2021-06-04,1.086,1.104,1.085,1.110,508840000,560680000,0
2021-06-07,1.113,1.122,1.112,1.135,518060000,582090000,0
2021-06-08,1.122,1.138,1.116,1.140,650260000,733270000,0
2021-06-09,1.148,1.145,1.135,1.163,618710000,710360000,0
2021-06-10,1.146,1.149,1.133,1.151,542260000,620370000,0
2021-06-11,1.150,1.108,1.103,1.152,959880000,1074680000,0
2021-06-15,1.105,1.112,1.100,1.118,489520000,543870000,0
2021-06-16,1.109,1.098,1.090,1.123,492730000,544680000,0
2021-06-17,1.104,1.111,1.096,1.115,434870000,480690000,0
2021-06-18,1.111,1.134,1.108,1.145,756740000,854720000,0
2021-06-21,1.134,1.180,1.133,1.181,1143830000,1327510000,0
2021-06-22,1.186,1.173,1.162,1.189,694680000,814000000,0
2021-06-23,1.169,1.170,1.157,1.178,619570000,723790000,0
2021-06-24,1.168,1.152,1.150,1.188,736590000,858740000,0
2021-06-25,1.148,1.156,1.135,1.157,784950000,900500000,0
2021-06-28,1.157,1.160,1.150,1.167,685490000,794730000,0
2021-06-29,1.158,1.135,1.135,1.168,715350000,820820000,0
2021-06-30,1.135,1.152,1.131,1.153,579240000,661280000,0
2021-07-01,1.162,1.105,1.103,1.165,1243740000,1397460000,0
2021-07-02,1.097,1.065,1.060,1.099,890290000,955730000,0
2021-07-05,1.063,1.070,1.061,1.081,476390000,509780000,0
2021-07-06,1.069,1.079,1.059,1.080,497470000,532330000,0
2021-07-07,1.070,1.107,1.068,1.109,694760000,761440000,0
2021-07-08,1.110,1.152,1.107,1.156,1281410000,1465140000,0
2021-07-09,1.146,1.143,1.137,1.155,631160000,722130000,0
2021-07-12,1.150,1.160,1.133,1.170,786400000,907910000,0
2021-07-13,1.160,1.153,1.144,1.171,593340000,684840000,0
2021-07-14,1.147,1.131,1.121,1.150,552870000,626280000,0
2021-07-15,1.128,1.130,1.115,1.149,528840000,596630000,0
2021-07-16,1.129,1.179,1.121,1.193,1537970000,1800140000,0
2021-07-19,1.185,1.169,1.162,1.200,778230000,917080000,0
2021-07-20,1.159,1.190,1.156,1.195,793270000,936510000,0
2021-07-21,1.186,1.209,1.185,1.213,1118170000,1344750000,0
2021-07-22,1.207,1.206,1.190,1.209,692820000,830400000,0
2021-07-23,1.206,1.234,1.186,1.250,1238980000,1505900000,0
2021-07-26,1.236,1.243,1.234,1.291,1857460000,2341240000,0
2021-07-27,1.242,1.218,1.213,1.269,1532310000,1906920000,0
2021-07-28,1.198,1.158,1.135,1.204,1258740000,1467000000,0
2021-07-29,1.172,1.208,1.171,1.216,1145280000,1372630000,0
2021-07-30,1.205,1.206,1.189,1.217,1141090000,1375940000,0
2021-08-02,1.212,1.271,1.212,1.277,1283060000,1612690000,0
2021-08-03,1.271,1.251,1.241,1.288,926020000,1171600000,0
2021-08-04,1.247,1.286,1.245,1.290,1194800000,1526840000,0
2021-08-05,1.289,1.331,1.285,1.353,1741500000,2310210000,0
2021-08-06,1.332,1.342,1.312,1.349,1170870000,1557220000,0
2021-08-09,1.345,1.333,1.323,1.364,843180000,1131100000,0
2021-08-10,1.325,1.385,1.320,1.410,1537010000,2121980000,0
2021-08-11,1.380,1.379,1.365,1.398,1084890000,1492590000,0
2021-08-12,1.371,1.340,1.335,1.379,1318680000,1779050000,0
2021-08-13,1.333,1.335,1.317,1.361,1208810000,1617810000,0
2021-08-16,1.331,1.309,1.300,1.340,965810000,1270270000,0
2021-08-17,1.308,1.287,1.278,1.327,1053000000,1371420000,0
2021-08-18,1.286,1.323,1.281,1.329,1292990000,1697890000,0
2021-08-19,1.315,1.350,1.301,1.361,1257170000,1684190000,0
2021-08-20,1.342,1.346,1.322,1.367,1192320000,1604630000,0
2021-08-23,1.358,1.405,1.356,1.420,1475260000,2060590000,0
2021-08-24,1.364,1.397,1.331,1.403,2105390000,2876190000,0
2021-08-25,1.386,1.383,1.370,1.405,956390000,1320610000,0
2021-08-26,1.378,1.378,1.370,1.407,938660000,1305260000,0
2021-08-27,1.369,1.355,1.343,1.377,903600000,1223970000,0
2021-08-30,1.367,1.391,1.367,1.420,1265790000,1767660000,0
2021-08-31,1.395,1.394,1.373,1.413,773840000,1078990000,0
2021-09-01,1.393,1.349,1.316,1.397,1084140000,1464330000,0
2021-09-02,1.338,1.343,1.326,1.352,701080000,939390000,0
2021-09-03,1.334,1.292,1.270,1.342,1225370000,1592380000,0
2021-09-06,1.288,1.312,1.279,1.313,899700000,1168550000,0
2021-09-07,1.308,1.328,1.302,1.338,653180000,864940000,0
2021-09-08,1.328,1.310,1.300,1.330,696490000,914940000,0
2021-09-09,1.307,1.344,1.295,1.345,874050000,1154700000,0
2021-09-10,1.345,1.328,1.318,1.345,828280000,1101800000,0
2021-09-13,1.326,1.314,1.304,1.334,536700000,705480000,0
2021-09-14,1.313,1.299,1.295,1.335,602300000,792210000,0
2021-09-15,1.297,1.307,1.284,1.315,562020000,731710000,0
2021-09-16,1.304,1.275,1.273,1.316,721730000,932310000,0
2021-09-17,1.277,1.258,1.228,1.291,692680000,870980000,0
2021-09-22,1.239,1.279,1.238,1.287,589830000,747880000,0
2021-09-23,1.279,1.312,1.277,1.316,680380000,883990000,0
2021-09-24,1.311,1.307,1.297,1.316,365540000,477950000,0
2021-09-27,1.305,1.262,1.243,1.310,660410000,839490000,0
2021-09-28,1.260,1.273,1.256,1.285,452610000,577440000,0
2021-09-29,1.265,1.228,1.225,1.269,578450000,718100000,0
2021-09-30,1.230,1.238,1.230,1.252,351170000,436000000,0
2021-10-08,1.250,1.220,1.214,1.251,435740000,534240000,0
2021-10-11,1.225,1.247,1.221,1.272,614600000,770440000,0
2021-10-12,1.236,1.210,1.193,1.240,511240000,620240000,0
2021-10-13,1.190,1.209,1.171,1.214,674590000,803860000,0
2021-10-14,1.203,1.231,1.203,1.242,522830000,642700000,0
2021-10-15,1.232,1.239,1.229,1.246,269430000,333670000,0
2021-10-18,1.242,1.255,1.239,1.262,461600000,578010000,0
2021-10-19,1.253,1.258,1.242,1.259,287680000,360190000,0
2021-10-20,1.257,1.272,1.255,1.280,475910000,604650000,0
2021-10-21,1.270,1.257,1.247,1.271,260070000,327040000,0
2021-10-22,1.253,1.261,1.251,1.265,230430000,290130000,0
2021-10-25,1.259,1.279,1.252,1.283,516850000,657580000,0
2021-10-26,1.276,1.277,1.271,1.285,288170000,368260000,0
2021-10-27,1.297,1.289,1.278,1.306,531540000,685390000,0
2021-10-28,1.278,1.262,1.259,1.291,318660000,405840000,0
2021-10-29,1.264,1.303,1.258,1.306,608090000,784910000,0
2021-11-01,1.311,1.327,1.307,1.334,596020000,789410000,0
2021-11-02,1.342,1.361,1.340,1.372,936520000,1268970000,0
2021-11-03,1.350,1.346,1.325,1.355,607190000,813980000,0
2021-11-04,1.345,1.364,1.340,1.366,501980000,679160000,0
2021-11-05,1.360,1.348,1.344,1.369,421940000,572110000,0
2021-11-08,1.345,1.353,1.326,1.354,349560000,469780000,0
2021-11-09,1.351,1.403,1.348,1.413,1138380000,1586170000,0
2021-11-10,1.400,1.398,1.392,1.423,719260000,1009120000,0
2021-11-11,1.394,1.402,1.383,1.408,389190000,543600000,0
2021-11-12,1.401,1.454,1.400,1.456,729160000,1048020000,0
2021-11-15,1.454,1.430,1.425,1.475,590520000,854470000,0
2021-11-16,1.423,1.373,1.371,1.447,953650000,1332110000,0
2021-11-17,1.366,1.400,1.354,1.405,655560000,905660000,0
2021-11-18,1.392,1.440,1.390,1.453,542210000,773170000,0
2021-11-19,1.436,1.439,1.428,1.452,343680000,495160000,0
2021-11-22,1.437,1.456,1.428,1.458,381530000,552130000,0
2021-11-23,1.453,1.446,1.436,1.462,385970000,559650000,0
2021-11-24,1.447,1.422,1.417,1.460,373230000,535190000,0
2021-11-25,1.415,1.414,1.408,1.436,328840000,466470000,0
2021-11-26,1.409,1.414,1.407,1.432,350590000,497310000,0
2021-11-29,1.399,1.447,1.394,1.454,657200000,942470000,0
2021-11-30,1.448,1.476,1.446,1.493,641350000,945960000,0
2021-12-01,1.469,1.453,1.448,1.475,409440000,597550000,0
2021-12-02,1.453,1.441,1.432,1.454,328930000,474260000,0
2021-12-03,1.443,1.475,1.443,1.475,385510000,564630000,0
2021-12-06,1.473,1.472,1.457,1.489,363420000,535640000,0
2021-12-07,1.472,1.422,1.407,1.477,755200000,1079150000,0
2021-12-08,1.421,1.448,1.420,1.451,552250000,796800000,0
2021-12-09,1.448,1.442,1.427,1.457,484840000,697000000,0
2021-12-10,1.432,1.431,1.419,1.437,406330000,579920000,0
2021-12-13,1.426,1.427,1.400,1.431,589890000,835630000,0
2021-12-14,1.420,1.433,1.413,1.446,479560000,687270000,0
2021-12-15,1.432,1.426,1.421,1.442,383210000,548650000,0
2021-12-16,1.424,1.430,1.422,1.441,302900000,433020000,0
2021-12-17,1.427,1.405,1.404,1.430,363800000,514100000,0
2021-12-20,1.396,1.374,1.365,1.415,509870000,706490000,0
2021-12-21,1.373,1.380,1.360,1.387,303100000,415860000,0
2021-12-22,1.379,1.379,1.363,1.389,269250000,371030000,0
2021-12-23,1.376,1.388,1.371,1.400,270590000,375850000,0
2021-12-24,1.384,1.388,1.381,1.396,335030000,464810000,0
2021-12-27,1.385,1.383,1.377,1.396,219020000,303450000,0
2021-12-28,1.383,1.392,1.368,1.393,257470000,356180000,0
2021-12-29,1.392,1.412,1.390,1.416,604060000,850870000,0
2021-12-30,1.411,1.458,1.410,1.461,667960000,966480000,0
2021-12-31,1.458,1.457,1.448,1.466,454870000,663300000,0
2022-01-04,1.456,1.443,1.434,1.467,287760000,415920000,0
2022-01-05,1.438,1.369,1.368,1.444,624900000,867730000,0
2022-01-06,1.360,1.353,1.338,1.372,580650000,785380000,0
2022-01-07,1.353,1.336,1.333,1.366,294940000,397670000,0
2022-01-10,1.330,1.323,1.303,1.338,438690000,579930000,0
2022-01-11,1.323,1.288,1.284,1.327,359770000,468120000,0
2022-01-12,1.288,1.318,1.288,1.319,324840000,423870000,0
2022-01-13,1.317,1.291,1.287,1.320,278780000,361750000,0
2022-01-14,1.288,1.297,1.286,1.313,295310000,384430000,0
2022-01-17,1.295,1.321,1.293,1.325,347880000,457410000,0
2022-01-18,1.320,1.322,1.311,1.338,355020000,470320000,0
2022-01-19,1.320,1.294,1.286,1.326,301120000,392940000,0
2022-01-20,1.294,1.263,1.260,1.299,431900000,550000000,0
2022-01-21,1.247,1.232,1.223,1.247,661630000,814950000,0
2022-01-24,1.223,1.246,1.223,1.253,374760000,465160000,0
2022-01-25,1.252,1.230,1.226,1.272,430140000,538670000,0
2022-01-26,1.230,1.227,1.210,1.239,398910000,489060000,0
2022-01-27,1.225,1.194,1.193,1.236,360770000,437040000,0
2022-01-28,1.202,1.201,1.179,1.217,354350000,425580000,0
2022-02-07,1.212,1.194,1.190,1.220,290880000,349450000,0
2022-02-08,1.196,1.182,1.156,1.200,424040000,497330000,0
2022-02-09,1.178,1.209,1.174,1.212,361540000,432330000,0
2022-02-10,1.209,1.202,1.196,1.215,340120000,409110000,0
2022-02-11,1.197,1.176,1.174,1.200,363010000,430280000,0
2022-02-14,1.179,1.181,1.173,1.200,380400000,450590000,0
2022-02-15,1.181,1.209,1.180,1.210,401220000,480170000,0
2022-02-16,1.200,1.196,1.190,1.203,301940000,360920000,0
2022-02-17,1.194,1.202,1.183,1.207,544820000,652070000,0
2022-02-18,1.193,1.198,1.185,1.199,294020000,350930000,0
2022-02-21,1.199,1.200,1.194,1.212,335400000,402860000,0
2022-02-22,1.215,1.189,1.181,1.218,529160000,629850000,0
2022-02-23,1.183,1.235,1.183,1.238,678170000,825870000,0
2022-02-24,1.232,1.249,1.220,1.274,1269360000,1581920000,0
2022-02-25,1.233,1.242,1.230,1.255,551970000,685610000,0
2022-02-28,1.253,1.259,1.249,1.272,682700000,860320000,0
2022-03-01,1.262,1.280,1.255,1.282,478820000,609460000,0
2022-03-02,1.283,1.266,1.258,1.284,559090000,707860000,0
2022-03-03,1.266,1.239,1.235,1.267,470400000,585760000,0
2022-03-04,1.233,1.220,1.213,1.250,372110000,459200000,0
2022-03-07,1.228,1.202,1.195,1.230,448340000,543560000,0
2022-03-08,1.198,1.155,1.153,1.208,485080000,571310000,0
2022-03-09,1.160,1.126,1.075,1.164,744630000,835830000,0
2022-03-10,1.151,1.155,1.140,1.172,587650000,681230000,0
2022-03-11,1.141,1.160,1.122,1.162,355030000,406160000,0
2022-03-14,1.147,1.155,1.145,1.185,784900000,915360000,0
2022-03-15,1.146,1.108,1.107,1.160,377200000,427320000,0
2022-03-16,1.121,1.144,1.080,1.146,585400000,655020000,0
2022-03-17,1.158,1.155,1.153,1.175,489800000,569610000,0
2022-03-18,1.150,1.139,1.118,1.153,553070000,628530000,0
2022-03-21,1.142,1.157,1.136,1.167,425370000,490750000,0
2022-03-22,1.153,1.142,1.136,1.163,325570000,373030000,0
2022-03-23,1.142,1.166,1.134,1.180,501800000,582200000,0
2022-03-24,1.160,1.153,1.146,1.160,291980000,336790000,0
2022-03-25,1.154,1.143,1.142,1.171,394830000,455970000,0
2022-03-28,1.133,1.120,1.113,1.133,417950000,468300000,0
2022-03-29,1.129,1.132,1.126,1.156,522030000,595350000,0
2022-03-30,1.132,1.150,1.128,1.153,462030000,528990000,0
2022-03-31,1.145,1.127,1.121,1.147,301560000,340680000,0
2022-04-01,1.120,1.127,1.119,1.138,228950000,258150000,0
2022-04-06,1.123,1.103,1.097,1.124,455220000,502480000,0
2022-04-07,1.097,1.086,1.086,1.118,345790000,379640000,0
2022-04-08,1.087,1.076,1.064,1.089,336030000,361480000,0
2022-04-11,1.068,1.023,1.020,1.071,529920000,548300000,0
2022-04-12,1.019,1.039,1.009,1.040,461460000,472560000,0
2022-04-13,1.029,1.013,1.011,1.029,276350000,281670000,0
2022-04-14,1.016,1.013,1.003,1.019,380120000,384100000,0
2022-04-15,1.007,1.015,0.994,1.018,438890000,441910000,0
2022-04-18,1.005,1.044,0.999,1.045,564150000,581080000,0
2022-04-19,1.039,1.041,1.036,1.049,247610000,257990000,0
2022-04-20,1.041,1.024,1.019,1.044,342980000,353890000,0
2022-04-21,1.018,0.991,0.989,1.033,499340000,503300000,0
2022-04-22,0.987,0.976,0.966,0.988,322540000,315310000,0
2022-04-25,0.960,0.901,0.900,0.965,654390000,608650000,0
2022-04-26,0.906,0.862,0.861,0.907,963600000,854250000,0
2022-04-27,0.853,0.923,0.851,0.925,599920000,536520000,0
2022-04-28,0.915,0.927,0.907,0.943,537960000,497740000,0
2022-04-29,0.937,0.981,0.930,0.987,535560000,514500000,0
2022-05-05,0.987,1.018,0.982,1.037,724650000,736990000,0
2022-05-06,0.997,1.007,0.990,1.022,551420000,555830000,0
2022-05-09,1.007,1.033,1.000,1.036,516340000,530040000,0
2022-05-10,1.015,1.037,1.015,1.050,500730000,517930000,0
2022-05-11,1.046,1.032,1.030,1.060,568400000,596280000,0
2022-05-12,1.029,1.040,1.024,1.045,358940000,372050000,0
2022-05-13,1.043,1.043,1.033,1.048,269300000,279880000,0
2022-05-16,1.051,1.039,1.037,1.066,331730000,348010000,0
2022-05-17,1.037,1.052,1.027,1.055,345700000,360930000,0
2022-05-18,1.050,1.056,1.043,1.065,363970000,383700000,0
2022-05-19,1.041,1.063,1.037,1.064,479790000,503710000,0
2022-05-20,1.066,1.060,1.046,1.072,491020000,518850000,0
2022-05-23,1.059,1.057,1.040,1.059,315680000,331360000,0
2022-05-24,1.057,1.021,1.020,1.079,557980000,586620000,0
2022-05-25,1.019,1.032,1.013,1.034,391460000,401090000,0
2022-05-26,1.028,1.066,1.028,1.078,674930000,714220000,0
2022-05-27,1.079,1.063,1.055,1.083,535800000,574220000,0
2022-05-30,1.067,1.076,1.055,1.076,349440000,372910000,0
2022-05-31,1.075,1.081,1.059,1.082,334600000,359070000,0
2022-06-01,1.077,1.087,1.075,1.093,549830000,597330000,0
2022-06-02,1.080,1.111,1.078,1.112,493770000,543110000,0
2022-06-06,1.114,1.127,1.102,1.132,486930000,547240000,0
2022-06-07,1.125,1.124,1.112,1.136,410860000,460370000,0
2022-06-08,1.120,1.112,1.094,1.130,480980000,533760000,0
2022-06-09,1.110,1.086,1.078,1.110,386600000,422100000,0
2022-06-10,1.080,1.122,1.078,1.125,552040000,612120000,0
2022-06-13,1.118,1.123,1.105,1.130,534840000,598570000,0
2022-06-14,1.111,1.103,1.072,1.111,633000000,689080000,0
2022-06-15,1.102,1.109,1.100,1.124,451670000,503990000,0
2022-06-16,1.104,1.110,1.103,1.124,296920000,330740000,0
2022-06-17,1.100,1.114,1.091,1.115,417330000,462400000,0
2022-06-20,1.118,1.127,1.114,1.130,387240000,435220000,0
2022-06-21,1.124,1.105,1.094,1.126,411590000,455880000,0
2022-06-22,1.105,1.084,1.081,1.110,499960000,547370000,0
2022-06-23,1.081,1.145,1.081,1.146,868270000,971240000,0
2022-06-24,1.150,1.171,1.150,1.185,931780000,1092460000,0
2022-06-27,1.176,1.171,1.160,1.181,663160000,775130000,0
2022-06-28,1.171,1.197,1.168,1.198,569220000,676540000,0
2022-06-29,1.193,1.163,1.158,1.194,508490000,599150000,0
2022-06-30,1.161,1.170,1.158,1.177,489150000,571600000,0
2022-07-01,1.172,1.167,1.160,1.186,487620000,572590000,0
2022-07-04,1.167,1.202,1.152,1.204,623920000,742700000,0
2022-07-05,1.202,1.190,1.174,1.204,535010000,634610000,0
2022-07-06,1.187,1.182,1.166,1.201,450120000,534140000,0
2022-07-07,1.180,1.203,1.177,1.210,592200000,709910000,0
2022-07-08,1.203,1.188,1.185,1.205,439380000,524210000,0
2022-07-11,1.189,1.178,1.159,1.189,493310000,577010000,0
2022-07-12,1.173,1.157,1.156,1.197,483080000,568140000,0
2022-07-13,1.150,1.151,1.140,1.162,333520000,384100000,0
2022-07-14,1.150,1.181,1.146,1.186,450490000,529060000,0
2022-07-15,1.176,1.161,1.160,1.189,362700000,426240000,0
2022-07-18,1.160,1.164,1.140,1.165,466360000,538030000,0
2022-07-19,1.163,1.170,1.155,1.180,364040000,425270000,0
2022-07-20,1.175,1.219,1.172,1.220,722000000,865370000,0
2022-07-21,1.212,1.196,1.192,1.213,693500000,833370000,0
2022-07-22,1.196,1.195,1.181,1.210,492270000,587250000,0
2022-07-25,1.201,1.181,1.173,1.214,549170000,654420000,0
2022-07-26,1.177,1.186,1.168,1.190,368820000,436130000,0
2022-07-27,1.185,1.197,1.182,1.209,465720000,558040000,0
2022-07-28,1.202,1.212,1.193,1.215,557040000,671770000,0
2022-07-29,1.209,1.191,1.180,1.211,638960000,761140000,0
2022-08-01,1.195,1.190,1.181,1.202,423810000,505020000,0
2022-08-02,1.205,1.174,1.167,1.213,908250000,1078920000,0
2022-08-03,1.166,1.226,1.163,1.236,1539680000,1872940000,0
2022-08-04,1.230,1.200,1.192,1.230,950110000,1142700000,0
2022-08-05,1.191,1.205,1.184,1.207,695850000,831800000,0
2022-08-08,1.205,1.230,1.198,1.232,734030000,898070000,0
2022-08-09,1.224,1.249,1.216,1.256,722510000,893400000,0
2022-08-10,1.246,1.251,1.241,1.267,598150000,751520000,0
2022-08-11,1.249,1.254,1.239,1.258,524310000,655070000,0
2022-08-12,1.252,1.227,1.226,1.252,453590000,560060000,0
2022-08-15,1.224,1.229,1.222,1.233,385130000,472810000,0
2022-08-16,1.230,1.231,1.225,1.246,379320000,468430000,0
2022-08-17,1.230,1.228,1.214,1.233,402790000,492760000,0
2022-08-18,1.226,1.237,1.222,1.238,305060000,376140000,0
2022-08-19,1.235,1.211,1.209,1.247,462220000,565910000,0
2022-08-22,1.205,1.227,1.200,1.231,395890000,482970000,0
2022-08-23,1.222,1.220,1.212,1.230,276150000,336490000,0
2022-08-24,1.221,1.172,1.170,1.222,631610000,748400000,0
2022-08-25,1.173,1.175,1.162,1.188,393460000,461540000,0
2022-08-26,1.175,1.153,1.148,1.179,522320000,606120000,0
2022-08-29,1.140,1.176,1.135,1.179,432590000,505770000,0
2022-08-30,1.173,1.166,1.163,1.180,293800000,343490000,0
2022-08-31,1.166,1.137,1.129,1.173,436970000,500100000,0
2022-09-01,1.135,1.132,1.129,1.148,371950000,423050000,0
2022-09-02,1.130,1.148,1.130,1.159,363670000,416540000,0
2022-09-05,1.146,1.151,1.142,1.164,239650000,276130000,0
2022-09-06,1.155,1.182,1.150,1.186,420670000,495490000,0
2022-09-07,1.178,1.192,1.175,1.195,354570000,421370000,0
2022-09-08,1.188,1.206,1.188,1.215,325090000,391920000,0
2022-09-09,1.206,1.200,1.191,1.217,227330000,272870000,0
2022-09-13,1.202,1.211,1.194,1.212,259860000,312960000,0
2022-09-14,1.195,1.221,1.193,1.228,379480000,462140000,0
2022-09-15,1.221,1.186,1.171,1.224,374020000,446020000,0
2022-09-16,1.178,1.181,1.178,1.216,525860000,631060000,0
2022-09-19,1.180,1.159,1.155,1.191,389540000,454330000,0
2022-09-20,1.162,1.163,1.159,1.180,209760000,244720000,0
2022-09-21,1.155,1.159,1.136,1.163,451020000,517140000,0
2022-09-22,1.153,1.182,1.150,1.191,434140000,512510000,0
2022-09-23,1.177,1.175,1.166,1.212,336810000,399540000,0
2022-09-26,1.166,1.139,1.135,1.168,456240000,525310000,0
2022-09-27,1.139,1.152,1.138,1.154,254500000,291950000,0
2022-09-28,1.152,1.110,1.108,1.165,367840000,414980000,0
2022-09-29,1.120,1.118,1.107,1.134,242380000,271710000,0
2022-09-30,1.116,1.086,1.080,1.117,412580000,450420000,0
2022-10-10,1.083,1.064,1.061,1.092,224230000,240830000,0
2022-10-11,1.065,1.070,1.056,1.075,281910000,300430000,0
2022-10-12,1.071,1.092,1.042,1.093,319060000,340060000,0
2022-10-13,1.087,1.099,1.082,1.111,310760000,342520000,0
2022-10-14,1.109,1.124,1.097,1.127,349420000,390040000,0
2022-10-17,1.130,1.155,1.124,1.159,441080000,506010000,0
2022-10-18,1.154,1.155,1.141,1.160,228360000,263010000,0
2022-10-19,1.152,1.148,1.140,1.161,220280000,253450000,0
2022-10-20,1.141,1.150,1.128,1.165,345870000,397150000,0
2022-10-21,1.153,1.152,1.137,1.161,239080000,274620000,0
2022-10-24,1.160,1.190,1.160,1.209,796050000,948440000,0
2022-10-25,1.190,1.193,1.172,1.202,400050000,475710000,0
2022-10-26,1.191,1.206,1.173,1.215,483270000,579600000,0
2022-10-27,1.206,1.203,1.193,1.215,376830000,452900000,0
2022-10-28,1.193,1.179,1.173,1.209,368610000,439250000,0
2022-10-31,1.171,1.210,1.156,1.219,541160000,647000000,0
2022-11-01,1.212,1.200,1.183,1.215,462490000,554310000,0
2022-11-02,1.199,1.196,1.185,1.205,552000000,658260000,0
2022-11-03,1.187,1.201,1.183,1.210,420590000,504530000,0
2022-11-04,1.201,1.208,1.193,1.209,486820000,584690000,0
2022-11-07,1.211,1.186,1.176,1.215,554570000,660020000,0
2022-11-08,1.180,1.187,1.175,1.192,381750000,451870000,0
2022-11-09,1.196,1.177,1.177,1.202,375370000,445750000,0
2022-11-10,1.169,1.153,1.147,1.173,427730000,495070000,0
2022-11-11,1.172,1.164,1.150,1.178,398350000,463470000,0
2022-11-14,1.157,1.149,1.145,1.167,355920000,410540000,0
2022-11-15,1.144,1.169,1.142,1.170,541490000,629340000,0
2022-11-16,1.170,1.171,1.165,1.190,422630000,497320000,0
2022-11-17,1.163,1.179,1.145,1.179,410050000,475110000,0
2022-11-18,1.175,1.160,1.158,1.180,283280000,331440000,0
2022-11-21,1.154,1.170,1.148,1.174,337170000,393260000,0
2022-11-22,1.167,1.172,1.160,1.187,377000000,443100000,0
2022-11-23,1.166,1.166,1.152,1.171,231800000,269380000,0
2022-11-24,1.163,1.156,1.152,1.173,199200000,230770000,0
2022-11-25,1.152,1.137,1.134,1.153,296980000,339390000,0
2022-11-28,1.127,1.136,1.114,1.137,380470000,428020000,0
2022-11-29,1.134,1.137,1.129,1.144,377410000,428460000,0
2022-11-30,1.139,1.134,1.127,1.143,300280000,340410000,0
2022-12-01,1.140,1.148,1.133,1.150,361930000,413650000,0
2022-12-02,1.143,1.133,1.132,1.154,319100000,364240000,0
2022-12-05,1.137,1.137,1.128,1.140,312350000,354570000,0
2022-12-06,1.137,1.143,1.124,1.143,356730000,404740000,0
2022-12-07,1.141,1.135,1.131,1.144,262670000,298920000,0
2022-12-08,1.132,1.118,1.117,1.134,291100000,327240000,0
2022-12-09,1.118,1.113,1.104,1.124,336510000,374000000,0
2022-12-12,1.110,1.122,1.101,1.125,302330000,336960000,0
2022-12-13,1.122,1.102,1.101,1.122,266850000,295940000,0
2022-12-14,1.103,1.095,1.094,1.114,257890000,284360000,0
2022-12-15,1.095,1.100,1.091,1.105,249430000,274280000,0
2022-12-16,1.096,1.085,1.080,1.099,207790000,225580000,0
2022-12-19,1.084,1.071,1.069,1.088,238840000,257290000,0
2022-12-20,1.072,1.072,1.065,1.085,275870000,296140000,0
2022-12-21,1.073,1.055,1.052,1.074,235110000,249800000,0
2022-12-22,1.058,1.045,1.040,1.061,275940000,289730000,0
2022-12-23,1.039,1.033,1.029,1.045,386820000,400950000,0
2022-12-26,1.039,1.064,1.036,1.068,408330000,431820000,0
2022-12-27,1.067,1.072,1.062,1.075,295550000,315970000,0
2022-12-28,1.070,1.059,1.055,1.077,221160000,235320000,0
2022-12-29,1.055,1.077,1.053,1.083,347310000,372120000,0
2022-12-30,1.076,1.076,1.070,1.084,291970000,314070000,0
2023-01-03,1.075,1.100,1.071,1.104,475100000,518700000,0
2023-01-04,1.100,1.096,1.090,1.105,407980000,447540000,0
2023-01-05,1.095,1.102,1.093,1.102,309420000,340230000,0
2023-01-06,1.101,1.096,1.093,1.106,601610000,662470000,0
2023-01-09,1.096,1.083,1.079,1.097,588380000,638310000,0
2023-01-10,1.084,1.073,1.067,1.085,466980000,500360000,0
2023-01-11,1.072,1.061,1.059,1.079,307460000,328480000,0
2023-01-12,1.077,1.065,1.062,1.082,467260000,500350000,0
2023-01-13,1.065,1.062,1.053,1.069,401140000,424740000,0
2023-01-16,1.063,1.079,1.061,1.081,583480000,627090000,0
2023-01-17,1.080,1.088,1.074,1.096,637800000,693440000,0
2023-01-18,1.089,1.092,1.083,1.095,416670000,454580000,0
2023-01-19,1.088,1.110,1.087,1.112,470940000,518880000,0
2023-01-20,1.111,1.118,1.109,1.123,451860000,504250000,0
2023-01-30,1.133,1.143,1.124,1.154,696210000,793600000,0
2023-01-31,1.138,1.147,1.136,1.150,470580000,538700000,0
2023-02-01,1.149,1.159,1.143,1.160,418560000,482050000,0
2023-02-02,1.163,1.143,1.140,1.168,492090000,565940000,0
2023-02-03,1.138,1.157,1.132,1.158,476820000,545130000,0
2023-02-06,1.153,1.148,1.142,1.161,325770000,374770000,0
2023-02-07,1.148,1.143,1.135,1.151,290280000,330970000,0
2023-02-08,1.143,1.124,1.123,1.143,307700000,347510000,0
2023-02-09,1.123,1.148,1.120,1.149,414180000,472190000,0
2023-02-10,1.146,1.137,1.132,1.149,307900000,350790000,0
2023-02-13,1.141,1.144,1.139,1.155,355410000,407280000,0
2023-02-14,1.144,1.138,1.133,1.146,230440000,262120000,0
2023-02-15,1.138,1.144,1.133,1.146,315740000,359500000,0
2023-02-16,1.143,1.123,1.111,1.146,389430000,440750000,0
2023-02-17,1.121,1.112,1.102,1.123,385960000,429460000,0
2023-02-20,1.110,1.116,1.096,1.118,364310000,403680000,0
2023-02-21,1.116,1.125,1.113,1.135,415300000,467110000,0
2023-02-22,1.120,1.129,1.118,1.134,263320000,297160000,0
2023-02-23,1.129,1.122,1.119,1.132,316670000,355950000,0
2023-02-24,1.122,1.140,1.122,1.148,521760000,595070000,0
2023-02-27,1.142,1.135,1.131,1.149,408180000,465100000,0
2023-02-28,1.133,1.137,1.127,1.139,219860000,249310000,0
2023-03-01,1.135,1.144,1.132,1.145,341860000,389740000,0
2023-03-02,1.144,1.145,1.142,1.158,424060000,488040000,0
2023-03-03,1.146,1.168,1.142,1.168,667460000,774330000,0
2023-03-06,1.175,1.175,1.170,1.187,655110000,771790000,0
2023-03-07,1.171,1.150,1.148,1.174,455300000,528510000,0
2023-03-08,1.146,1.166,1.143,1.168,338570000,392420000,0
2023-03-09,1.163,1.156,1.149,1.169,211650000,244920000,0
2023-03-10,1.150,1.138,1.137,1.154,260030000,297590000,0
2023-03-13,1.133,1.150,1.131,1.150,219100000,250420000,0
2023-03-14,1.147,1.144,1.129,1.154,287980000,329510000,0
2023-03-15,1.146,1.142,1.135,1.151,234030000,267220000,0
2023-03-16,1.133,1.112,1.110,1.136,408300000,457670000,0
2023-03-17,1.119,1.121,1.116,1.130,275990000,309760000,0
2023-03-20,1.125,1.107,1.105,1.125,278870000,310160000,0
2023-03-21,1.121,1.129,1.121,1.138,394440000,445630000,0
2023-03-22,1.129,1.126,1.122,1.130,231840000,260880000,0
2023-03-23,1.123,1.135,1.119,1.137,382260000,431370000,0
2023-03-24,1.134,1.126,1.120,1.134,358310000,402940000,0
2023-03-27,1.124,1.114,1.108,1.124,400260000,446080000,0
2023-03-28,1.112,1.097,1.096,1.115,321260000,354920000,0
2023-03-29,1.098,1.086,1.081,1.099,391550000,424770000,0
2023-03-30,1.083,1.088,1.080,1.090,314100000,340830000,0
2023-03-31,1.087,1.091,1.084,1.091,372800000,405570000,0
2023-04-03,1.091,1.109,1.089,1.110,419720000,462650000,0
2023-04-04,1.110,1.107,1.101,1.113,322260000,356090000,0
2023-04-06,1.107,1.122,1.099,1.123,622520000,692620000,0
2023-04-07,1.119,1.125,1.117,1.129,351760000,395200000,0
2023-04-10,1.132,1.117,1.114,1.135,312710000,351520000,0
2023-04-11,1.116,1.109,1.103,1.116,415030000,459310000,0
2023-04-12,1.106,1.111,1.105,1.114,223450000,247980000,0
2023-04-13,1.112,1.107,1.102,1.114,206890000,229060000,0
2023-04-14,1.108,1.109,1.100,1.110,253820000,280720000,0
2023-04-17,1.109,1.112,1.103,1.112,277570000,307550000,0
2023-04-18,1.112,1.107,1.100,1.112,342320000,378330000,0
2023-04-19,1.106,1.099,1.096,1.106,266870000,293700000,0
2023-04-20,1.097,1.092,1.087,1.100,274230000,299100000,0
2023-04-21,1.090,1.091,1.088,1.115,590670000,653250000,0
2023-04-24,1.091,1.077,1.070,1.093,443820000,478230000,0
2023-04-25,1.075,1.056,1.047,1.080,350810000,372550000,0
2023-04-26,1.051,1.066,1.050,1.074,257530000,274690000,0
2023-04-27,1.063,1.088,1.058,1.091,401930000,434660000,0
2023-04-28,1.087,1.091,1.082,1.092,311180000,338550000,0
2023-05-04,1.088,1.090,1.083,1.098,215070000,234540000,0
2023-05-05,1.088,1.077,1.071,1.090,219560000,236770000,0
2023-05-08,1.078,1.112,1.076,1.113,564000000,621460000,0
2023-05-09,1.112,1.092,1.091,1.122,558630000,619590000,0
2023-05-10,1.090,1.083,1.076,1.090,288650000,312230000,0
2023-05-11,1.083,1.073,1.070,1.084,300250000,322510000,0
2023-05-12,1.071,1.057,1.055,1.076,342590000,363970000,0
2023-05-15,1.056,1.088,1.053,1.090,443120000,475540000,0
2023-05-16,1.085,1.081,1.078,1.092,231720000,251360000,0
2023-05-17,1.077,1.108,1.076,1.111,536160000,589840000,0
2023-05-18,1.105,1.106,1.099,1.111,273030000,301790000,0
2023-05-19,1.102,1.107,1.096,1.111,277730000,307180000,0
2023-05-22,1.105,1.100,1.093,1.110,284350000,312400000,0
2023-05-23,1.099,1.082,1.081,1.099,246010000,267840000,0
2023-05-24,1.081,1.077,1.072,1.092,255930000,276710000,0
2023-05-25,1.073,1.081,1.070,1.087,211670000,228320000,0
2023-05-26,1.080,1.078,1.067,1.081,240830000,258920000,0
2023-05-29,1.088,1.080,1.078,1.096,273970000,297280000,0
2023-05-30,1.076,1.072,1.055,1.079,304010000,324410000,0
2023-05-31,1.070,1.076,1.067,1.085,285700000,308070000,0
2023-06-01,1.073,1.086,1.064,1.089,255270000,275600000,0
2023-06-02,1.085,1.080,1.077,1.088,314620000,340490000,0
2023-06-05,1.078,1.069,1.067,1.081,231690000,248520000,0
2023-06-06,1.068,1.046,1.042,1.069,444860000,469000000,0
2023-06-07,1.045,1.038,1.035,1.046,258390000,268490000,0
2023-06-08,1.036,1.036,1.028,1.040,269680000,278970000,0
2023-06-09,1.037,1.042,1.026,1.042,289360000,298640000,0
2023-06-12,1.036,1.038,1.035,1.043,260070000,269950000,0
2023-06-13,1.037,1.040,1.028,1.041,263310000,272730000,0
2023-06-14,1.039,1.039,1.036,1.042,283930000,294930000,0
2023-06-15,1.037,1.047,1.034,1.050,407090000,424840000,0
2023-06-16,1.048,1.064,1.048,1.068,507170000,538310000,0
2023-06-19,1.062,1.072,1.060,1.077,367500000,393900000,0
2023-06-20,1.072,1.103,1.068,1.107,791310000,867660000,0
2023-06-21,1.101,1.090,1.087,1.105,315280000,345400000,0
2023-06-26,1.085,1.072,1.070,1.092,268900000,289990000,0
2023-06-27,1.074,1.090,1.072,1.094,301430000,326940000,0
2023-06-28,1.089,1.097,1.073,1.103,607860000,665360000,0
2023-06-29,1.093,1.103,1.091,1.110,285690000,315440000,0
2023-06-30,1.105,1.124,1.103,1.128,403680000,452200000,0
2023-07-03,1.124,1.132,1.124,1.140,472520000,535070000,0
2023-07-04,1.130,1.134,1.127,1.139,288000000,326530000,0
2023-07-05,1.129,1.119,1.118,1.134,300480000,338110000,0
2023-07-06,1.118,1.112,1.110,1.123,239930000,267530000,0
2023-07-07,1.108,1.101,1.097,1.111,204550000,225460000,0
2023-07-10,1.102,1.106,1.099,1.113,200610000,221880000,0
2023-07-11,1.107,1.112,1.106,1.116,172670000,191970000,0
2023-07-12,1.113,1.092,1.091,1.114,269850000,296940000,0
2023-07-13,1.092,1.099,1.092,1.101,150670000,165330000,0
2023-07-14,1.100,1.094,1.093,1.103,395240000,433690000,0
2023-07-17,1.094,1.099,1.087,1.099,253380000,277310000,0
2023-07-18,1.096,1.100,1.091,1.106,183240000,201740000,0
2023-07-19,1.100,1.091,1.085,1.102,167190000,182450000,0
2023-07-20,1.091,1.070,1.069,1.092,213210000,230000000,0
2023-07-21,1.069,1.067,1.062,1.075,159500000,170400000,0
2023-07-24,1.065,1.075,1.063,1.082,207500000,222960000,0
2023-07-25,1.082,1.084,1.072,1.084,312550000,336940000,0
2023-07-26,1.082,1.076,1.073,1.083,185530000,199920000,0
2023-07-27,1.078,1.073,1.068,1.085,309520000,333270000,0
2023-07-28,1.068,1.071,1.056,1.072,492000000,523650000,0
2023-07-31,1.073,1.078,1.070,1.079,347260000,372840000,0
2023-08-01,1.077,1.081,1.074,1.083,354930000,383180000,0
2023-08-02,1.078,1.073,1.071,1.085,210460000,226540000,0
2023-08-03,1.071,1.072,1.065,1.073,195870000,209440000,0
2023-08-04,1.072,1.071,1.064,1.076,246880000,264110000,0
2023-08-07,1.068,1.067,1.065,1.072,244670000,261260000,0
2023-08-08,1.065,1.054,1.049,1.066,491060000,517810000,0
2023-08-09,1.051,1.050,1.047,1.053,349080000,366230000,0
2023-08-10,1.050,1.050,1.047,1.056,268320000,282270000,0
2023-08-11,1.050,1.040,1.036,1.052,351940000,367380000,0
2023-08-14,1.033,1.042,1.025,1.044,419800000,433370000,0
2023-08-15,1.040,1.031,1.025,1.043,300050000,309820000,0
2023-08-16,1.027,1.015,1.015,1.033,329350000,336790000,0
2023-08-17,1.012,1.047,1.006,1.049,603070000,622900000,0
2023-08-18,1.043,1.037,1.037,1.056,367420000,385050000,0
2023-08-21,1.040,1.020,1.019,1.043,309560000,319010000,0
2023-08-22,1.020,1.033,1.016,1.036,375640000,386200000,0
2023-08-23,1.030,1.010,1.009,1.030,323430000,329110000,0
2023-08-24,1.011,1.011,1.000,1.019,294840000,297890000,0
2023-08-25,1.006,0.994,0.991,1.012,334340000,334440000,0
2023-08-28,1.039,1.003,0.999,1.045,436300000,445120000,0
2023-08-29,1.000,1.031,0.998,1.037,494230000,505870000,0
2023-08-30,1.031,1.040,1.031,1.051,336710000,350820000,0
2023-08-31,1.039,1.035,1.030,1.043,166920000,172860000,0
2023-09-01,1.034,1.029,1.023,1.036,196440000,201990000,0
2023-09-04,1.031,1.038,1.027,1.039,289890000,299450000,0
2023-09-05,1.037,1.036,1.034,1.045,232690000,241830000,0
2023-09-06,1.034,1.053,1.027,1.056,364010000,380660000,0
2023-09-07,1.052,1.038,1.037,1.056,274270000,287260000,0
2023-09-08,1.037,1.062,1.033,1.064,463010000,488300000,0
2023-09-11,1.063,1.054,1.046,1.064,275790000,290240000,0
2023-09-12,1.051,1.048,1.043,1.052,176630000,185050000,0
2023-09-13,1.046,1.031,1.026,1.046,267300000,276180000,0
2023-09-14,1.030,1.029,1.026,1.035,137230000,141380000,0
2023-09-15,1.029,1.030,1.023,1.031,182610000,187620000,0
2023-09-18,1.025,1.022,1.017,1.026,173440000,177040000,0
2023-09-19,1.021,1.008,1.005,1.021,210230000,212340000,0
2023-09-20,1.006,0.998,0.998,1.009,213470000,214000000,0
2023-09-21,1.000,0.999,0.998,1.011,201380000,202010000,0
2023-09-22,0.994,1.012,0.994,1.013,214600000,215440000,0
2023-09-25,1.010,0.999,0.998,1.011,176690000,177160000,0
2023-09-26,0.998,0.989,0.989,0.999,244810000,242960000,0
2023-09-27,0.988,0.991,0.987,0.998,206690000,204870000,0
2023-09-28,0.991,1.004,0.990,1.005,237240000,237290000,0
2023-10-09,1.005,1.010,0.999,1.015,216670000,218390000,0
2023-10-10,1.011,1.008,1.004,1.015,161390000,162850000,0
2023-10-11,1.008,0.996,0.992,1.008,280020000,279500000,0
2023-10-12,0.998,0.996,0.990,1.000,250670000,249120000,0
2023-10-13,0.991,0.981,0.977,0.992,292170000,287050000,0
2023-10-16,0.980,0.973,0.968,0.985,249930000,244000000,0
2023-10-17,0.971,0.977,0.963,0.977,240980000,233740000,0
2023-10-18,0.973,0.961,0.960,0.973,206740000,199410000,0
2023-10-19,0.957,0.950,0.948,0.966,258470000,247290000,0
2023-10-20,0.948,0.937,0.935,0.952,229690000,216290000,0
2023-10-23,0.935,0.927,0.922,0.944,306110000,285340000,0
2023-10-24,0.929,0.933,0.919,0.936,279600000,259700000,0
2023-10-25,0.938,0.945,0.937,0.956,313730000,297550000,0
2023-10-26,0.943,0.957,0.933,0.958,263960000,250060000,0
2023-10-27,0.954,0.964,0.946,0.968,267110000,255740000,0
2023-10-30,0.959,0.974,0.958,0.975,360680000,348790000,0
2023-10-31,0.970,0.972,0.965,0.977,175640000,170510000,0
2023-11-01,0.972,0.970,0.966,0.976,128960000,125120000,0
2023-11-02,0.968,0.951,0.950,0.973,298030000,285540000,0
2023-11-03,0.951,0.969,0.951,0.972,222490000,214920000,0
2023-11-06,0.971,0.982,0.970,0.983,303230000,296370000,0
2023-11-07,0.979,0.978,0.974,0.982,159690000,156080000,0
2023-11-08,0.979,0.977,0.971,0.982,239100000,233730000,0
2023-11-09,0.977,0.974,0.970,0.981,147290000,143550000,0
2023-11-10,0.971,0.976,0.967,0.978,148910000,145050000,0
2023-11-13,0.978,1.006,0.974,1.007,581050000,577770000,0
2023-11-14,1.005,1.013,1.003,1.020,417270000,422600000,0
2023-11-15,1.015,1.010,1.004,1.018,218290000,220150000,0
2023-11-16,1.010,1.000,1.000,1.013,225850000,227260000,0
2023-11-17,1.000,1.000,0.993,1.001,147890000,147480000,0
2023-11-20,1.001,1.019,0.999,1.020,379640000,384570000,0
2023-11-21,1.018,1.006,1.004,1.020,269080000,272040000,0
2023-11-22,1.005,0.993,0.993,1.009,228800000,228910000,0
2023-11-23,0.993,1.000,0.990,1.002,140690000,140260000,0
2023-11-24,1.001,0.983,0.980,1.003,274120000,270320000,0
2023-11-27,0.983,0.987,0.976,0.989,189630000,186280000,0
2023-11-28,0.985,0.989,0.981,0.990,164670000,162530000,0
2023-11-29,0.987,0.984,0.982,0.993,133660000,132000000,0
2023-11-30,0.984,0.978,0.970,0.988,165830000,162430000,0
2023-12-01,0.976,0.981,0.971,0.983,123990000,121090000,0
2023-12-04,0.983,0.987,0.981,0.992,165770000,163570000,0
2023-12-05,0.984,0.964,0.963,0.985,184950000,179620000,0
2023-12-06,0.964,0.965,0.960,0.970,185400000,178680000,0
2023-12-07,0.964,0.958,0.952,0.964,180900000,173230000,0
2023-12-08,0.956,0.944,0.942,0.959,330880000,313610000,0
2023-12-11,0.942,0.963,0.936,0.964,277790000,264430000,0
2023-12-12,0.960,0.968,0.959,0.977,190610000,184800000,0
2023-12-13,0.965,0.963,0.963,0.978,145880000,141510000,0
2023-12-14,0.968,0.959,0.956,0.972,190610000,183250000,0
2023-12-15,0.960,0.951,0.947,0.961,151400000,144110000,0
2023-12-18,0.947,0.932,0.927,0.947,216850000,202970000,0
2023-12-19,0.932,0.929,0.923,0.935,168940000,156950000,0
2023-12-20,0.928,0.908,0.907,0.930,228990000,209660000,0
2023-12-21,0.906,0.916,0.899,0.919,246390000,224460000,0
2023-12-22,0.918,0.933,0.917,0.942,442340000,411530000,0
2023-12-25,0.934,0.946,0.932,0.957,416810000,394940000,0
2023-12-26,0.945,0.936,0.927,0.945,244950000,228760000,0
2023-12-27,0.936,0.935,0.926,0.938,192830000,179780000,0
2023-12-28,0.934,0.949,0.932,0.953,306300000,289820000,0
2023-12-29,0.948,0.960,0.946,0.962,233870000,223950000,0
2024-01-02,0.963,0.966,0.960,0.981,386920000,376000000,0
2024-01-03,0.963,0.956,0.948,0.964,204430000,195310000,0
2024-01-04,0.954,0.945,0.938,0.958,331010000,312620000,0
2024-01-05,0.940,0.915,0.910,0.944,379560000,350590000,0
2024-01-08,0.913,0.888,0.888,0.914,334930000,300540000,0
2024-01-09,0.889,0.883,0.876,0.894,401870000,355260000,0
2024-01-10,0.882,0.874,0.866,0.887,298820000,262070000,0
2024-01-11,0.873,0.890,0.872,0.892,387620000,342090000,0
2024-01-12,0.889,0.888,0.881,0.893,250610000,222260000,0
2024-01-15,0.883,0.867,0.865,0.883,338310000,294980000,0
2024-01-16,0.863,0.860,0.847,0.868,336250000,287910000,0
2024-01-17,0.856,0.832,0.830,0.858,291770000,245800000,0
2024-01-18,0.826,0.839,0.806,0.841,537330000,439640000,0
2024-01-19,0.833,0.825,0.824,0.837,255820000,212290000,0
2024-01-22,0.822,0.788,0.783,0.824,335130000,269520000,0
2024-01-23,0.785,0.799,0.779,0.803,448100000,355170000,0
2024-01-24,0.802,0.812,0.781,0.813,300600000,239970000,0
2024-01-25,0.810,0.848,0.808,0.850,608440000,507970000,0
2024-01-26,0.847,0.839,0.836,0.850,243570000,205190000,0
2024-01-29,0.842,0.823,0.823,0.845,260450000,216780000,0
2024-01-30,0.819,0.810,0.808,0.830,304080000,249880000,0
2024-01-31,0.802,0.777,0.775,0.805,333320000,263160000,0
2024-02-01,0.770,0.774,0.763,0.788,241260000,186890000,0
2024-02-02,0.775,0.747,0.722,0.782,392490000,296020000,0
2024-02-05,0.739,0.724,0.693,0.744,383050000,276260000,0
2024-02-06,0.716,0.771,0.707,0.772,390970000,291220000,0
2024-02-07,0.768,0.809,0.768,0.810,485590000,388530000,0
2024-02-08,0.814,0.832,0.813,0.844,295360000,246100000,0
2024-02-19,0.838,0.831,0.818,0.841,269000000,222680000,0
2024-02-20,0.828,0.830,0.818,0.831,156510000,129050000,0
2024-02-21,0.824,0.834,0.820,0.852,384600000,322980000,0
2024-02-22,0.833,0.843,0.831,0.844,210170000,176270000,0
2024-02-23,0.843,0.851,0.833,0.852,246000000,207780000,0
2024-02-26,0.851,0.855,0.848,0.867,236080000,202380000,0
2024-02-27,0.855,0.882,0.851,0.883,307060000,266500000,0
2024-02-28,0.882,0.849,0.846,0.893,370960000,323780000,0
2024-02-29,0.846,0.883,0.844,0.885,278340000,242280000,0
2024-03-01,0.885,0.897,0.881,0.897,247270000,220500000,0
2024-03-04,0.896,0.897,0.886,0.902,202160000,180830000,0
2024-03-05,0.895,0.903,0.891,0.913,325640000,294330000,0
2024-03-06,0.901,0.899,0.889,0.908,218920000,196330000,0
2024-03-07,0.899,0.878,0.877,0.906,209560000,186410000,0
2024-03-08,0.881,0.892,0.875,0.895,189900000,168000000,0
2024-03-11,0.890,0.904,0.888,0.905,221550000,198480000,0
2024-03-12,0.904,0.907,0.901,0.918,354030000,321650000,0
2024-03-13,0.907,0.909,0.897,0.917,283720000,257870000,0
2024-03-14,0.906,0.893,0.886,0.908,229290000,205550000,0
2024-03-15,0.890,0.901,0.886,0.901,173330000,154840000,0
2024-03-18,0.902,0.922,0.902,0.922,264810000,241890000,0
2024-03-19,0.922,0.918,0.915,0.927,196720000,181440000,0
2024-03-20,0.917,0.920,0.914,0.925,148690000,136720000,0
2024-03-21,0.920,0.920,0.910,0.925,173170000,159030000,0
2024-03-22,0.920,0.907,0.900,0.920,241570000,219320000,0
2024-03-25,0.905,0.886,0.885,0.907,226380000,203270000,0
2024-03-26,0.886,0.884,0.873,0.892,175930000,155570000,0
2024-03-27,0.883,0.852,0.852,0.883,232570000,201120000,0
2024-03-28,0.852,0.886,0.852,0.892,350660000,307460000,0
2024-03-29,0.886,0.900,0.882,0.902,289140000,258060000,0
2024-04-01,0.905,0.909,0.900,0.911,267070000,241990000,0
2024-04-02,0.908,0.899,0.893,0.908,162300000,145870000,0
2024-04-03,0.894,0.885,0.880,0.894,191520000,169740000,0
2024-04-08,0.881,0.867,0.866,0.882,234620000,204900000,0
2024-04-09,0.867,0.871,0.863,0.877,141860000,123330000,0
2024-04-10,0.868,0.855,0.846,0.868,229200000,195920000,0
2024-04-11,0.850,0.851,0.848,0.862,208380000,178060000,0
2024-04-12,0.851,0.847,0.845,0.859,159800000,136290000,0
2024-04-15,0.848,0.868,0.842,0.875,371530000,320590000,0
2024-04-16,0.864,0.833,0.832,0.864,259000000,219750000,0
2024-04-17,0.835,0.862,0.835,0.863,224170000,191120000,0
2024-04-18,0.858,0.866,0.853,0.875,229670000,198980000,0
2024-04-19,0.860,0.877,0.858,0.879,409770000,357730000,0
2024-04-22,0.881,0.890,0.872,0.899,344350000,306190000,0
2024-04-23,0.886,0.875,0.871,0.888,326810000,287100000,0
2024-04-24,0.875,0.893,0.873,0.894,298690000,264500000,0
2024-04-25,0.892,0.883,0.878,0.894,215140000,190250000,0
2024-04-26,0.880,0.892,0.878,0.897,326310000,290590000,0
2024-04-29,0.892,0.903,0.884,0.905,515080000,462130000,0
2024-04-30,0.902,0.891,0.886,0.906,222490000,198730000,0
2024-05-06,0.897,0.899,0.895,0.906,251510000,226210000,0
2024-05-07,0.897,0.923,0.894,0.926,478170000,437300000,0
2024-05-08,0.920,0.910,0.909,0.920,244550000,223240000,0
2024-05-09,0.910,0.940,0.908,0.942,532960000,495060000,0
2024-05-10,0.942,0.932,0.927,0.947,427230000,399190000,0
2024-05-13,0.925,0.922,0.910,0.931,298230000,275040000,0
2024-05-14,0.922,0.917,0.914,0.928,167850000,154230000,0
2024-05-15,0.916,0.905,0.903,0.919,187540000,170690000,0
2024-05-16,0.906,0.901,0.898,0.913,242210000,218870000,0
2024-05-17,0.902,0.918,0.896,0.918,373020000,338710000,0
2024-05-20,0.918,0.928,0.913,0.935,381320000,353340000,0
2024-05-21,0.924,0.914,0.912,0.924,232700000,213190000,0
2024-05-22,0.914,0.910,0.900,0.917,231410000,210370000,0
2024-05-23,0.912,0.903,0.901,0.918,412320000,374860000,0
2024-05-24,0.898,0.883,0.883,0.899,362510000,322830000,0
2024-05-27,0.885,0.890,0.870,0.890,223670000,196470000,0
2024-05-28,0.887,0.885,0.879,0.897,210360000,186860000,0
2024-05-29,0.886,0.881,0.876,0.893,157770000,139500000,0
2024-05-30,0.877,0.896,0.870,0.903,369980000,329870000,0
2024-05-31,0.894,0.905,0.893,0.911,283200000,256040000,0
2024-06-03,0.906,0.901,0.893,0.912,272770000,246570000,0
2024-06-04,0.900,0.910,0.892,0.911,232580000,209910000,0
2024-06-05,0.906,0.916,0.906,0.932,529860000,489730000,0
2024-06-06,0.917,0.898,0.895,0.917,426480000,385860000,0
2024-06-07,0.900,0.902,0.892,0.911,251370000,226760000,0
2024-06-11,0.899,0.911,0.893,0.913,305150000,275540000,0
2024-06-12,0.907,0.910,0.905,0.920,283280000,258940000,0
2024-06-13,0.910,0.914,0.905,0.919,284710000,259970000,0
2024-06-14,0.912,0.903,0.897,0.912,289260000,260870000,0
2024-06-17,0.898,0.905,0.896,0.909,214340000,194160000,0
2024-06-18,0.905,0.910,0.901,0.914,220170000,200180000,0
2024-06-19,0.911,0.898,0.896,0.912,216780000,195300000,0
2024-06-20,0.897,0.880,0.879,0.900,321130000,284790000,0
2024-06-21,0.879,0.882,0.875,0.887,159050000,140190000,0
2024-06-24,0.880,0.860,0.859,0.883,212890000,185520000,0
2024-06-25,0.860,0.847,0.840,0.865,221810000,188920000,0
2024-06-26,0.848,0.865,0.841,0.866,194510000,165800000,0
2024-06-27,0.863,0.852,0.851,0.863,150800000,129030000,0
2024-06-28,0.852,0.879,0.851,0.885,428630000,375230000,0
2024-07-01,0.877,0.879,0.865,0.881,210850000,184060000,0
2024-07-02,0.878,0.872,0.868,0.881,200790000,175420000,0
2024-07-03,0.870,0.857,0.855,0.871,198100000,170260000,0
2024-07-04,0.857,0.847,0.846,0.864,200930000,171570000,0
2024-07-05,0.844,0.849,0.835,0.851,201060000,169420000,0
2024-07-08,0.846,0.834,0.832,0.848,186900000,156830000,0
2024-07-09,0.834,0.847,0.826,0.850,308270000,258140000,0
2024-07-10,0.844,0.846,0.842,0.851,176700000,149780000,0
2024-07-11,0.854,0.867,0.852,0.869,272480000,234970000,0
2024-07-12,0.867,0.863,0.860,0.870,163390000,141130000,0
2024-07-15,0.863,0.859,0.854,0.869,184960000,159360000,0
2024-07-16,0.858,0.864,0.853,0.865,157140000,135110000,0
2024-07-17,0.865,0.858,0.858,0.866,143370000,123560000,0
2024-07-18,0.855,0.877,0.849,0.879,332470000,287580000,0
2024-07-19,0.872,0.890,0.871,0.893,339490000,300230000,0
2024-07-22,0.891,0.895,0.889,0.902,269900000,241940000,0
2024-07-23,0.894,0.870,0.868,0.896,272400000,239800000,0
2024-07-24,0.866,0.873,0.865,0.888,369880000,324380000,0
2024-07-25,0.871,0.866,0.858,0.873,233950000,202620000,0
2024-07-26,0.866,0.895,0.865,0.898,416650000,369420000,0
2024-07-29,0.899,0.902,0.896,0.911,371630000,336230000,0
2024-07-30,0.900,0.907,0.889,0.912,332000000,299460000,0
2024-07-31,0.906,0.920,0.898,0.920,508710000,463020000,0
2024-08-01,0.918,0.922,0.916,0.937,449370000,416660000,0
2024-08-02,0.915,0.913,0.910,0.935,349120000,321520000,0
2024-08-05,0.908,0.884,0.883,0.921,359610000,324360000,0
2024-08-06,0.890,0.906,0.889,0.912,353170000,317930000,0
2024-08-07,0.907,0.912,0.902,0.919,357590000,326220000,0
2024-08-08,0.907,0.883,0.880,0.907,371720000,330150000,0
2024-08-09,0.884,0.873,0.873,0.891,226940000,199680000,0
2024-08-12,0.871,0.865,0.861,0.871,233970000,202440000,0
2024-08-13,0.865,0.875,0.865,0.876,207620000,180800000,0
2024-08-14,0.875,0.864,0.864,0.875,145770000,126480000,0
2024-08-15,0.863,0.867,0.861,0.877,228160000,198310000,0
2024-08-16,0.869,0.856,0.854,0.871,260290000,224110000,0
2024-08-19,0.852,0.853,0.850,0.862,188760000,161520000,0
2024-08-20,0.854,0.839,0.832,0.854,311260000,261470000,0
2024-08-21,0.836,0.834,0.831,0.841,165880000,138620000,0
2024-08-22,0.834,0.831,0.826,0.840,167630000,139560000,0
2024-08-23,0.829,0.832,0.824,0.833,172390000,142850000,0
2024-08-26,0.830,0.825,0.820,0.830,167890000,138350000,0
2024-08-27,0.822,0.811,0.810,0.823,155320000,126460000,0
2024-08-28,0.810,0.819,0.809,0.824,242340000,198510000,0
2024-08-29,0.818,0.833,0.814,0.837,231760000,192320000,0
2024-08-30,0.833,0.843,0.831,0.852,345210000,291230000,0
2024-09-02,0.840,0.812,0.811,0.841,283330000,233250000,0
2024-09-03,0.818,0.824,0.816,0.826,260220000,213700000,0
2024-09-04,0.818,0.822,0.814,0.826,148270000,121760000,0
2024-09-05,0.822,0.826,0.821,0.830,129410000,106780000,0
2024-09-06,0.826,0.814,0.813,0.826,179980000,147200000,0
2024-09-09,0.812,0.811,0.807,0.818,160630000,130510000,0
2024-09-10,0.811,0.817,0.802,0.818,189060000,153210000,0
2024-09-11,0.813,0.816,0.810,0.817,148220000,120650000,0
2024-09-12,0.817,0.812,0.811,0.823,154010000,125730000,0
2024-09-13,0.814,0.805,0.803,0.814,207320000,167490000,0
2024-09-18,0.803,0.805,0.794,0.808,233190000,186850000,0
2024-09-19,0.810,0.806,0.790,0.811,421370000,337640000,0
2024-09-20,0.803,0.791,0.785,0.803,279810000,221530000,0
2024-09-23,0.788,0.795,0.787,0.802,223690000,178370000,0
2024-09-24,0.800,0.821,0.790,0.821,431590000,348860000,0
2024-09-25,0.824,0.833,0.824,0.845,410670000,343060000,0
2024-09-26,0.830,0.863,0.828,0.863,419290000,354410000,0
2024-09-27,0.871,0.909,0.871,0.914,482220000,428100000,0
2024-09-30,0.953,1.000,0.928,1.000,1117990000,1086110000,0
2024-10-08,1.100,1.100,1.025,1.100,2030950000,2205040000,0
2024-10-09,1.077,1.015,1.005,1.077,1395150000,1458280000,0
2024-10-10,1.016,1.021,0.994,1.059,1036480000,1066800000,0
2024-10-11,1.014,0.968,0.953,1.014,977810000,956720000,0
2024-10-14,0.991,1.008,0.972,1.009,1206350000,1199770000,0
2024-10-15,0.998,1.000,0.980,1.028,993920000,1002610000,0
2024-10-16,0.984,0.987,0.977,1.006,620350000,613430000,0
2024-10-17,0.991,0.993,0.991,1.010,637040000,637930000,0
2024-10-18,0.992,1.033,0.983,1.055,1131230000,1157020000,0
2024-10-21,1.052,1.085,1.045,1.098,1530730000,1641100000,0
2024-10-22,1.085,1.061,1.049,1.085,996390000,1056210000,0
2024-10-23,1.055,1.087,1.051,1.110,1480450000,1613650000,0
2024-10-24,1.081,1.060,1.051,1.081,788930000,836810000,0
2024-10-25,1.059,1.071,1.059,1.078,746590000,798870000,0
2024-10-28,1.079,1.088,1.072,1.103,751850000,816340000,0
2024-10-29,1.088,1.078,1.076,1.097,698700000,758370000,0
2024-10-30,1.072,1.080,1.069,1.092,582980000,630130000,0
2024-10-31,1.077,1.087,1.069,1.094,529160000,573190000,0
2024-11-01,1.086,1.056,1.052,1.094,582720000,621060000,0
2024-11-04,1.057,1.079,1.056,1.085,528060000,567540000,0
2024-11-05,1.091,1.151,1.091,1.152,1220720000,1378710000,0
2024-11-06,1.167,1.161,1.148,1.183,1185380000,1384290000,0
2024-11-07,1.143,1.153,1.118,1.154,1252440000,1423530000,0
2024-11-08,1.155,1.185,1.155,1.200,1153970000,1366110000,0
2024-11-11,1.201,1.217,1.181,1.219,780480000,938620000,0
2024-11-12,1.216,1.168,1.157,1.216,1213190000,1433480000,0
2024-11-13,1.163,1.170,1.151,1.176,651630000,756740000,0
2024-11-14,1.168,1.123,1.120,1.168,876200000,998010000,0
2024-11-15,1.120,1.084,1.083,1.123,909170000,1002810000,0
2024-11-18,1.084,1.062,1.055,1.088,610960000,653390000,0
2024-11-19,1.064,1.080,1.049,1.081,674610000,717380000,0
2024-11-20,1.078,1.094,1.072,1.098,464800000,505870000,0
2024-11-21,1.092,1.093,1.083,1.099,434360000,474800000,0
2024-11-22,1.095,1.054,1.053,1.095,638850000,686690000,0
2024-11-25,1.052,1.040,1.022,1.053,473330000,490120000,0
2024-11-26,1.038,1.028,1.028,1.048,245160000,254240000,0
2024-11-27,1.027,1.062,1.012,1.064,557610000,580880000,0
2024-11-28,1.061,1.055,1.053,1.075,404630000,430680000,0
2024-11-29,1.050,1.066,1.043,1.077,528990000,562140000,0
2024-12-02,1.067,1.077,1.066,1.081,372550000,400390000,0
2024-12-03,1.078,1.067,1.059,1.079,345570000,368920000,0
2024-12-04,1.067,1.057,1.052,1.069,313340000,332090000,0
2024-12-05,1.056,1.068,1.053,1.075,316240000,336110000,0
2024-12-06,1.071,1.078,1.064,1.085,549200000,590600000,0
2024-12-09,1.076,1.064,1.057,1.076,299350000,319170000,0
2024-12-10,1.090,1.079,1.076,1.096,557160000,603600000,0
2024-12-11,1.078,1.083,1.073,1.083,287000000,309440000,0
2024-12-12,1.088,1.099,1.084,1.100,582640000,638000000,0
2024-12-13,1.090,1.071,1.069,1.092,398390000,429900000,0
2024-12-16,1.066,1.052,1.049,1.068,315170000,333570000,0
2024-12-17,1.052,1.040,1.037,1.057,302040000,315940000,0
2024-12-18,1.045,1.048,1.041,1.053,282110000,295760000,0
2024-12-19,1.039,1.050,1.032,1.052,307570000,320750000,0
2024-12-20,1.050,1.060,1.046,1.066,346030000,366390000,0
2024-12-23,1.060,1.042,1.040,1.060,291990000,306290000,0
2024-12-24,1.041,1.045,1.036,1.049,313770000,327330000,0
2024-12-25,1.045,1.039,1.030,1.045,301090000,312100000,0
2024-12-26,1.044,1.053,1.043,1.058,474640000,500000000,0
2024-12-27,1.073,1.070,1.065,1.084,813020000,873290000,0
2024-12-30,1.075,1.065,1.058,1.075,324100000,345560000,0
2024-12-31,1.064,1.042,1.040,1.064,395390000,414930000,0
2025-01-02,1.039,0.996,0.986,1.039,574370000,580140000,0
2025-01-03,0.996,0.966,0.965,0.997,412970000,405130000,0
2025-01-06,0.965,0.955,0.947,0.973,457590000,438300000,0
2025-01-07,0.956,0.972,0.956,0.973,446920000,430930000,0
2025-01-08,0.972,0.965,0.940,0.974,395160000,379250000,0
2025-01-09,0.961,0.979,0.959,0.986,418890000,408670000,0
2025-01-10,0.976,0.967,0.966,0.994,415240000,406910000,0
2025-01-13,0.955,0.964,0.948,0.976,235790000,226970000,0
2025-01-14,0.966,1.000,0.963,1.002,372290000,367500000,0
2025-01-15,0.997,0.984,0.982,1.000,324020000,320660000,0
2025-01-16,0.989,0.983,0.975,1.000,362670000,357700000,0
2025-01-17,0.981,0.992,0.978,1.001,372600000,368710000,0
2025-01-20,0.999,1.002,0.997,1.009,296580000,297370000,0
2025-01-21,1.006,0.996,0.988,1.006,255060000,253520000,0
2025-01-22,0.995,0.989,0.982,0.995,179610000,177390000,0
2025-01-23,0.996,0.982,0.981,1.009,321040000,319630000,0
2025-01-24,0.980,0.990,0.979,0.993,191970000,189580000,0
2025-01-27,0.995,0.980,0.979,0.999,208250000,205640000,0
2025-02-05,0.982,0.988,0.978,0.995,225400000,222570000,0
2025-02-06,0.989,1.019,0.983,1.021,519140000,523700000,0
2025-02-07,1.019,1.028,1.015,1.038,622940000,640260000,0
2025-02-10,1.029,1.039,1.029,1.040,376710000,390230000,0
2025-02-11,1.040,1.027,1.022,1.040,264600000,271950000,0
2025-02-12,1.023,1.037,1.022,1.038,362350000,373470000,0
2025-02-13,1.036,1.028,1.027,1.044,271770000,281070000,0
2025-02-14,1.026,1.025,1.017,1.028,336800000,344100000,0
2025-02-17,1.026,1.025,1.018,1.029,327050000,334880000,0
2025-02-18,1.025,0.999,0.993,1.025,510560000,514960000,0
2025-02-19,0.998,1.016,0.997,1.016,282680000,285650000,0
2025-02-20,1.016,1.035,1.011,1.035,532200000,547130000,0
2025-02-21,1.034,1.043,1.029,1.046,554640000,576570000,0
2025-02-24,1.044,1.046,1.036,1.055,405920000,424530000,0
2025-02-25,1.035,1.038,1.029,1.051,367120000,382590000,0
2025-02-26,1.038,1.048,1.034,1.051,327150000,341690000,0
2025-02-27,1.047,1.037,1.020,1.047,369150000,381200000,0
2025-02-28,1.030,1.006,1.004,1.034,474390000,482200000,0
2025-03-03,1.007,1.011,1.004,1.023,422450000,428810000,0
2025-03-04,1.009,1.040,1.007,1.043,843950000,870910000,0
2025-03-05,1.040,1.044,1.034,1.049,544970000,567530000,0
2025-03-06,1.046,1.058,1.040,1.061,543700000,572260000,0
2025-03-07,1.055,1.072,1.052,1.093,822420000,886970000,0
2025-03-10,1.080,1.079,1.073,1.090,676470000,731140000,0
2025-03-11,1.067,1.099,1.063,1.101,753520000,819650000,0
2025-03-12,1.106,1.095,1.094,1.115,875710000,964700000,0
2025-03-13,1.094,1.093,1.076,1.100,593560000,643760000,0
2025-03-14,1.094,1.095,1.076,1.099,576950000,628740000,0
2025-03-17,1.096,1.091,1.090,1.103,481960000,528650000,0
2025-03-18,1.091,1.088,1.085,1.101,334760000,365100000,0
2025-03-19,1.083,1.076,1.073,1.085,483880000,521270000,0
2025-03-20,1.075,1.082,1.069,1.096,441560000,478310000,0
2025-03-21,1.078,1.077,1.070,1.096,483000000,523340000,0
2025-03-24,1.076,1.059,1.040,1.079,472130000,498580000,0
2025-03-25,1.056,1.054,1.052,1.076,365320000,389520000,0
2025-03-26,1.053,1.052,1.050,1.064,303230000,320290000,0
2025-03-27,1.051,1.049,1.033,1.060,456670000,478130000,0
2025-03-28,1.049,1.040,1.036,1.053,335370000,349680000,0
2025-03-31,1.033,1.021,1.011,1.034,462010000,472030000,0
2025-04-01,1.025,1.035,1.025,1.048,641850000,665920000,0
2025-04-02,1.035,1.023,1.018,1.035,491750000,503650000,0
2025-04-03,1.015,1.020,1.013,1.032,526180000,537500000,0
2025-04-07,0.995,0.927,0.918,0.995,930750000,880910000,0
2025-04-08,0.934,0.946,0.929,0.950,766000000,717540000,0
2025-04-09,0.939,0.999,0.932,1.006,1390840000,1370350000,0
2025-04-10,1.004,1.010,0.993,1.021,1164560000,1178210000,0
2025-04-11,1.007,1.021,1.005,1.032,1039240000,1060100000,0
2025-04-14,1.021,1.023,1.019,1.029,473720000,484700000,0
2025-04-15,1.021,1.005,0.998,1.022,397720000,399570000,0
2025-04-16,1.005,1.000,0.990,1.014,423080000,422570000,0
2025-04-17,0.995,1.001,0.993,1.014,565010000,568370000,0
2025-04-18,0.997,0.995,0.988,0.999,364240000,361650000,0
2025-04-21,0.994,1.012,0.992,1.012,500310000,503870000,0
2025-04-22,1.011,1.006,1.004,1.014,256960000,259140000,0
2025-04-23,1.008,1.005,0.999,1.012,638450000,640070000,0
2025-04-24,1.001,0.995,0.990,1.004,447230000,445820000,0
2025-04-25,0.996,0.998,0.988,1.004,437660000,436100000,0
2025-04-28,0.998,0.991,0.989,1.002,220660000,219130000,0
2025-04-29,0.986,0.991,0.979,0.994,336100000,332370000,0
2025-04-30,0.990,0.998,0.990,1.000,422880000,421900000,0
2025-05-06,1.005,1.014,1.001,1.015,511810000,517110000,0
2025-05-07,1.030,1.051,1.026,1.064,1323480000,1380600000,0
2025-05-08,1.049,1.072,1.038,1.073,1093180000,1154380000,0
2025-05-09,1.073,1.047,1.045,1.075,1084320000,1141950000,0
2025-05-12,1.047,1.096,1.045,1.111,1936020000,2111260000,0
2025-05-13,1.096,1.063,1.062,1.097,1279980000,1373530000,0
2025-05-14,1.063,1.057,1.054,1.069,650050000,687780000,0
2025-05-15,1.057,1.037,1.037,1.058,634710000,663160000,0
2025-05-16,1.036,1.038,1.035,1.051,538310000,561730000,0
2025-05-19,1.045,1.047,1.033,1.049,495150000,516880000,0
2025-05-20,1.047,1.045,1.038,1.047,444090000,462830000,0
2025-05-21,1.043,1.046,1.038,1.047,668160000,698140000,0
2025-05-22,1.041,1.040,1.039,1.058,615910000,645970000,0
2025-05-23,1.037,1.029,1.028,1.043,470050000,486770000,0
2025-05-26,1.029,1.039,1.028,1.040,311130000,322120000,0
2025-05-27,1.038,1.035,1.026,1.041,431970000,445910000,0
2025-05-28,1.032,1.026,1.026,1.037,341880000,352380000,0
2025-05-29,1.027,1.047,1.026,1.047,659280000,686360000,0
2025-05-30,1.044,1.048,1.036,1.053,528520000,551920000,0
2025-06-03,1.049,1.048,1.043,1.061,579510000,609160000,0
2025-06-04,1.045,1.047,1.043,1.051,320870000,335830000,0
2025-06-05,1.046,1.052,1.039,1.052,488590000,511890000,0
2025-06-06,1.053,1.047,1.046,1.062,488550000,515220000,0
2025-06-09,1.052,1.062,1.052,1.073,610500000,649760000,0
2025-06-10,1.061,1.045,1.036,1.061,588890000,616430000,0
2025-06-11,1.042,1.049,1.041,1.051,310540000,325310000,0
2025-06-12,1.047,1.041,1.040,1.049,269400000,281060000,0
2025-06-13,1.049,1.056,1.041,1.060,749980000,788110000,0
2025-06-16,1.056,1.056,1.045,1.059,434830000,458260000,0
2025-06-17,1.055,1.055,1.045,1.059,392750000,412740000,0
2025-06-18,1.055,1.062,1.053,1.070,579940000,616130000,0
2025-06-19,1.059,1.045,1.038,1.059,669910000,701370000,0
2025-06-20,1.043,1.034,1.033,1.043,510890000,530430000,0
2025-06-23,1.036,1.051,1.034,1.053,551960000,577190000,0
2025-06-24,1.044,1.057,1.037,1.061,755800000,795340000,0
2025-06-25,1.056,1.091,1.056,1.091,1034800000,1118210000,0
2025-06-26,1.094,1.091,1.090,1.112,962630000,1060070000,0
2025-06-27,1.092,1.099,1.090,1.110,710660000,782140000,0
2025-06-30,1.105,1.147,1.104,1.148,970300000,1102000000,0
2025-07-01,1.147,1.143,1.130,1.149,1213410000,1383090000,0
2025-07-02,1.140,1.120,1.116,1.141,718400000,808660000,0
2025-07-03,1.119,1.124,1.115,1.136,504190000,565900000,0
2025-07-04,1.122,1.116,1.110,1.128,648770000,725060000,0
2025-07-07,1.116,1.118,1.111,1.122,331880000,371060000,0
2025-07-08,1.118,1.125,1.114,1.126,652240000,731820000,0
2025-07-09,1.126,1.116,1.113,1.135,558570000,627830000,0
2025-07-10,1.113,1.113,1.101,1.117,662330000,734140000,0
2025-07-11,1.111,1.128,1.111,1.132,666040000,749730000,0
2025-07-14,1.128,1.123,1.121,1.131,361230000,406380000,0
2025-07-15,1.121,1.119,1.111,1.127,511830000,571390000,0
2025-07-16,1.117,1.118,1.113,1.124,435230000,486610000,0
2025-07-17,1.117,1.145,1.115,1.146,1045200000,1186550000,0
2025-07-18,1.145,1.155,1.142,1.158,792270000,912520000,0
2025-07-21,1.156,1.168,1.155,1.169,662550000,770360000,0
2025-07-22,1.168,1.168,1.160,1.180,646500000,756330000,0
2025-07-23,1.164,1.153,1.149,1.164,750350000,867630000,0
2025-07-24,1.151,1.174,1.151,1.175,899110000,1048080000,0
2025-07-25,1.174,1.174,1.163,1.175,540260000,631580000,0
2025-07-28,1.174,1.192,1.173,1.194,677970000,804860000,0
2025-07-29,1.188,1.205,1.183,1.206,664340000,792670000,0
2025-07-30,1.204,1.188,1.176,1.216,890340000,1064440000,0
2025-07-31,1.183,1.186,1.175,1.196,837560000,993260000,0
2025-08-01,1.182,1.167,1.162,1.183,787500000,921000000,0
2025-08-04,1.162,1.199,1.161,1.199,1064520000,1263510000,0
2025-08-05,1.204,1.205,1.198,1.218,772560000,931690000,0
2025-08-06,1.205,1.247,1.202,1.247,1408790000,1739880000,0
2025-08-07,1.251,1.238,1.230,1.256,1058440000,1308880000,0
2025-08-08,1.232,1.234,1.230,1.246,687970000,851900000,0
2025-08-11,1.234,1.241,1.231,1.247,589070000,730730000,0
2025-08-12,1.241,1.234,1.220,1.243,773640000,950570000,0
2025-08-13,1.232,1.250,1.232,1.252,1117740000,1390880000,0
2025-08-14,1.250,1.229,1.225,1.256,1332340000,1647680000,0
2025-08-15,1.224,1.243,1.222,1.243,817700000,1010290000,0
2025-08-18,1.246,1.270,1.246,1.272,1005690000,1266930000,0
2025-08-19,1.271,1.248,1.245,1.272,1083460000,1355370000,0
2025-08-20,1.244,1.257,1.235,1.258,1029410000,1284390000,0
2025-08-21,1.257,1.249,1.242,1.261,860030000,1077010000,0
2025-08-22,1.249,1.279,1.242,1.280,1004450000,1267840000,0
2025-08-25,1.282,1.304,1.277,1.305,1177240000,1519200000,0
2025-08-26,1.302,1.295,1.290,1.304,634610000,823180000,0
2025-08-27,1.293,1.272,1.271,1.306,1009930000,1305570000,0
2025-08-28,1.275,1.299,1.252,1.299,1150640000,1470710000,0
2025-08-29,1.297,1.311,1.288,1.311,1259030000,1638250000,0
2025-09-01,1.312,1.307,1.284,1.313,1159380000,1502790000,0
2025-09-02,1.306,1.274,1.257,1.306,1440130000,1834180000,0
2025-09-03,1.278,1.202,1.197,1.281,2063230000,2542690000,0
2025-09-04,1.197,1.166,1.148,1.202,1154820000,1360520000,0
2025-09-05,1.166,1.184,1.159,1.188,873180000,1025690000,0
2025-09-08,1.188,1.193,1.173,1.195,563920000,668300000,0
2025-09-09,1.190,1.168,1.166,1.190,472730000,556540000,0
2025-09-10,1.167,1.178,1.166,1.186,469220000,552830000,0
2025-09-11,1.177,1.203,1.172,1.205,681090000,811160000,0
2025-09-12,1.203,1.200,1.197,1.211,572910000,689840000,0
2025-09-15,1.200,1.191,1.187,1.200,467510000,557230000,0
2025-09-16,1.189,1.185,1.170,1.190,588310000,694790000,0
2025-09-17,1.184,1.190,1.177,1.192,465150000,552050000,0
2025-09-18,1.189,1.184,1.172,1.211,971490000,1162860000,0
2025-09-19,1.182,1.195,1.181,1.208,794850000,952490000,0
2025-09-22,1.193,1.201,1.185,1.202,482930000,576680000,0
2025-09-23,1.205,1.192,1.170,1.210,632520000,750280000,0
2025-09-24,1.183,1.203,1.178,1.205,523820000,625830000,0
2025-09-25,1.201,1.200,1.192,1.206,537910000,645540000,0
2025-09-26,1.195,1.196,1.189,1.214,699090000,840980000,0
2025-09-29,1.193,1.200,1.181,1.207,643000000,768510000,0
2025-09-30,1.203,1.234,1.202,1.236,850540000,1040350000,0
2025-10-09,1.234,1.248,1.224,1.250,1001010000,1241550000,0
2025-10-10,1.246,1.233,1.230,1.250,587460000,728380000,0
2025-10-13,1.201,1.249,1.199,1.250,676830000,834930000,0
2025-10-14,1.252,1.233,1.226,1.264,862240000,1072130000,0
2025-10-15,1.232,1.230,1.206,1.232,646990000,790260000,0
2025-10-16,1.230,1.218,1.214,1.236,439460000,538070000,0
2025-10-17,1.214,1.177,1.173,1.222,711410000,849400000,0
2025-10-20,1.184,1.180,1.172,1.195,361060000,426890000,0
2025-10-21,1.182,1.196,1.181,1.197,346150000,412770000,0
2025-10-22,1.193,1.182,1.180,1.193,310630000,367660000,0
2025-10-23,1.178,1.178,1.158,1.179,413290000,482240000,0
2025-10-24,1.185,1.208,1.185,1.210,642240000,772610000,0
2025-10-27,1.212,1.222,1.212,1.223,561290000,683750000,0
2025-10-28,1.223,1.236,1.215,1.242,810090000,1000200000,0
2025-10-29,1.236,1.243,1.230,1.246,650750000,806510000,0
2025-10-30,1.235,1.219,1.218,1.237,569960000,699210000,0
2025-10-31,1.217,1.204,1.202,1.221,461470000,558800000,0
2025-11-03,1.204,1.212,1.188,1.212,377260000,452970000,0
2025-11-04,1.209,1.195,1.188,1.210,370750000,443850000,0
2025-11-05,1.182,1.193,1.180,1.196,236720000,280990000,0
2025-11-06,1.193,1.203,1.191,1.207,275960000,331400000,0
2025-11-07,1.199,1.195,1.188,1.203,261260000,312450000,0
2025-11-10,1.196,1.193,1.182,1.202,278760000,332210000,0
2025-11-11,1.194,1.181,1.180,1.198,314100000,372720000,0
2025-11-12,1.178,1.170,1.155,1.179,755330000,880430000,0
2025-11-13,1.168,1.179,1.166,1.183,417950000,492020000,0
2025-11-14,1.176,1.174,1.171,1.187,305000000,359710000,0
2025-11-17,1.199,1.188,1.183,1.202,788460000,940970000,0
2025-11-18,1.186,1.172,1.167,1.186,432250000,506890000,0
2025-11-19,1.171,1.178,1.166,1.184,469830000,553040000,0
2025-11-20,1.175,1.165,1.165,1.177,331770000,388020000,0
2025-11-21,1.155,1.142,1.136,1.164,579140000,663820000,0
2025-11-24,1.145,1.188,1.145,1.190,996180000,1169450000,0
2025-11-25,1.187,1.182,1.173,1.191,616430000,729820000,0
2025-11-26,1.179,1.160,1.158,1.182,512680000,597010000,0
2025-11-27,1.157,1.158,1.154,1.166,270600000,314040000,0
2025-11-28,1.159,1.172,1.156,1.173,294150000,342590000,0
2025-12-01,1.179,1.184,1.177,1.191,386230000,457480000,0
2025-12-02,1.184,1.181,1.177,1.190,425620000,503070000,0
2025-12-03,1.179,1.169,1.163,1.182,426950000,499840000,0
2025-12-04,1.163,1.176,1.162,1.183,240560000,282430000,0
2025-12-05,1.172,1.204,1.170,1.206,546320000,651710000,0
2025-12-08,1.216,1.216,1.216,1.236,661170000,810580000,0
2025-12-09,1.214,1.215,1.210,1.230,334670000,408060000,0
2025-12-10,1.210,1.225,1.208,1.227,260900000,318290000,0
2025-12-11,1.230,1.220,1.219,1.240,383630000,471410000,0
2025-12-12,1.220,1.233,1.215,1.236,519020000,638330000,0
2025-12-15,1.233,1.245,1.222,1.254,433040000,538020000,0
2025-12-16,1.241,1.226,1.206,1.241,479800000,585240000,0
2025-12-17,1.217,1.226,1.205,1.232,306550000,373350000,0
2025-12-18,1.218,1.239,1.216,1.256,438050000,544770000,0
2025-12-19,1.242,1.255,1.242,1.267,358730000,450280000,0
2025-12-22,1.265,1.262,1.256,1.274,332470000,420690000,0
2025-12-23,1.264,1.243,1.238,1.271,426960000,534140000,0
2025-12-24,1.237,1.278,1.236,1.281,539390000,684160000,0
2025-12-25,1.277,1.317,1.275,1.320,690910000,901600000,0
2025-12-26,1.318,1.332,1.312,1.342,525550000,697910000,0
2025-12-29,1.333,1.350,1.330,1.354,627070000,843980000,0
2025-12-30,1.344,1.340,1.334,1.370,478700000,646290000,0
2025-12-31,1.338,1.373,1.335,1.377,488860000,663300000,0
2026-01-05,1.393,1.407,1.374,1.415,443290000,619330000,0
2026-01-06,1.398,1.453,1.396,1.455,357350000,509100000,0
2026-01-07,1.447,1.440,1.422,1.455,379880000,547080000,0
2026-01-08,1.432,1.505,1.430,1.507,606490000,898160000,0
2026-01-09,1.526,1.567,1.517,1.587,882140000,1364370000,0
2026-01-12,1.588,1.682,1.585,1.684,809770000,1318360000,0
2026-01-13,1.654,1.552,1.541,1.654,923150000,1449870000,0
2026-01-14,1.541,1.563,1.539,1.610,853150000,1340920000,0
2026-01-15,1.531,1.503,1.495,1.545,513450000,777580000,0
2026-01-16,1.507,1.495,1.482,1.525,445090000,667750000,0
2026-01-19,1.480,1.526,1.479,1.542,439320000,665500000,0
2026-01-20,1.524,1.477,1.460,1.536,559670000,831610000,0
2026-01-21,1.468,1.479,1.467,1.500,303870000,451390000,0
2026-01-22,1.480,1.526,1.479,1.528,392870000,595210000,0
2026-01-23,1.533,1.574,1.520,1.580,515970000,803890000,0
2026-01-26,1.566,1.503,1.495,1.566,556410000,846630000,0
2026-01-27,1.483,1.525,1.480,1.529,365780000,550790000,0
2026-01-28,1.527,1.503,1.492,1.527,396440000,595680000,0
2026-01-29,1.490,1.473,1.470,1.505,417630000,619770000,0
2026-01-30,1.461,1.446,1.418,1.476,424770000,612700000,0
2026-02-02,1.444,1.420,1.416,1.469,287960000,414510000,0
2026-02-03,1.436,1.483,1.427,1.483,446590000,650990000,0
2026-02-04,1.477,1.485,1.464,1.505,306180000,454340000,0
2026-02-05,1.467,1.466,1.459,1.493,212300000,312200000,0
2026-02-06,1.450,1.440,1.435,1.467,241250000,349740000,0
2026-02-09,1.462,1.466,1.448,1.470,224850000,328620000,0
2026-02-10,1.467,1.469,1.443,1.475,316330000,463240000,0
2026-02-11,1.465,1.458,1.456,1.483,243040000,357420000,0
2026-02-12,1.456,1.478,1.449,1.481,227380000,334160000,0
2026-02-13,1.474,1.483,1.470,1.498,381240000,566880000,0
2026-02-24,1.491,1.501,1.481,1.516,435180000,652720000,0
2026-02-25,1.500,1.526,1.490,1.530,481720000,729490000,0
2026-02-26,1.524,1.552,1.511,1.556,452510000,695980000,0
2026-02-27,1.544,1.550,1.537,1.563,343640000,532560000,0
2026-03-02,1.599,1.588,1.555,1.602,1034630000,1635900000,0
2026-03-03,1.588,1.479,1.475,1.588,945080000,1430600000,0
2026-03-04,1.449,1.497,1.445,1.512,466500000,696010000,0
2026-03-05,1.506,1.508,1.487,1.517,374590000,563330000,0
2026-03-06,1.493,1.523,1.492,1.547,417850000,636930000,0
2026-03-09,1.511,1.493,1.463,1.511,516640000,766310000,0
2026-03-10,1.498,1.511,1.496,1.530,328390000,496550000,0
2026-03-11,1.512,1.489,1.486,1.518,278400000,416400000,0
2026-03-12,1.488,1.457,1.446,1.489,380210000,555900000,0
2026-03-13,1.447,1.414,1.412,1.449,359110000,512740000,0
2026-03-16,1.415,1.415,1.390,1.417,259810000,364790000,0
2026-03-17,1.416,1.376,1.376,1.423,245920000,343340000,0
2026-03-18,1.376,1.400,1.368,1.402,307010000,424910000,0
2026-03-19,1.377,1.363,1.357,1.383,253650000,347520000,0
2026-03-20,1.369,1.325,1.324,1.373,239230000,321790000,0
2026-03-23,1.296,1.259,1.251,1.307,372190000,477240000,0
2026-03-24,1.276,1.290,1.260,1.291,376420000,479620000,0
2026-03-25,1.290,1.313,1.290,1.318,301130000,394240000,0
2026-03-26,1.316,1.288,1.280,1.318,201280000,260980000,0
2026-03-27,1.267,1.296,1.266,1.303,201320000,258940000,0
2026-03-30,1.276,1.310,1.271,1.312,421030000,548020000,0
2026-03-31,1.310,1.304,1.302,1.339,283650000,374450000,0
2026-04-01,1.326,1.309,1.300,1.327,191220000,250310000,0
2026-04-02,1.307,1.285,1.279,1.319,174850000,226590000,0
2026-04-03,1.286,1.270,1.266,1.293,311280000,397630000,0
2026-04-07,1.270,1.269,1.261,1.277,144600000,183590000,0
2026-04-08,1.291,1.333,1.291,1.333,366710000,482760000,0
2026-04-09,1.321,1.323,1.313,1.336,201010000,266060000,0
2026-04-10,1.330,1.339,1.330,1.358,248830000,335030000,0
2026-04-13,1.330,1.351,1.328,1.355,223020000,300140000,0
2026-04-14,1.360,1.375,1.348,1.375,321830000,438520000,0
2026-04-15,1.381,1.367,1.363,1.397,374580000,517640000,0
2026-04-16,1.367,1.375,1.357,1.376,253810000,347360000,0
2026-04-17,1.367,1.386,1.366,1.389,281170000,387450000,0
2026-04-20,1.384,1.425,1.380,1.427,424870000,599900000,0
2026-04-21,1.423,1.416,1.405,1.430,279100000,395010000,0
2026-04-22,1.402,1.420,1.397,1.422,324190000,457380000,0
2026-04-23,1.424,1.424,1.408,1.445,405110000,578220000,0
2026-04-24,1.419,1.396,1.389,1.420,288350000,403610000,0
2026-04-27,1.389,1.393,1.374,1.395,233860000,324100000,0
2026-04-28,1.390,1.371,1.367,1.394,213740000,295050000,0
2026-04-29,1.360,1.377,1.360,1.379,229330000,314650000,0
2026-04-30,1.379,1.399,1.378,1.402,224910000,313310000,0
2026-05-06,1.403,1.430,1.403,1.439,323400000,462530000,0
2026-05-07,1.433,1.446,1.426,1.448,211550000,303990000,0
2026-05-08,1.441,1.474,1.431,1.479,334220000,488110000,0
2026-05-11,1.481,1.483,1.474,1.495,368030000,546070000,0
2026-05-12,1.479,1.469,1.450,1.485,398060000,583250000,0
2026-05-13,1.460,1.488,1.455,1.489,385470000,568710000,0
2026-05-14,1.488,1.419,1.418,1.491,412280000,596310000,0
2026-05-15,1.416,1.385,1.375,1.431,417340000,582820000,0
2026-05-18,1.374,1.375,1.367,1.398,302100000,417520000,0
2026-05-19,1.376,1.377,1.344,1.377,226370000,308250000,0
2026-05-20,1.371,1.371,1.360,1.379,156580000,214380000,0
2026-05-21,1.379,1.337,1.335,1.397,261220000,358720000,0
2026-05-22,1.344,1.357,1.337,1.362,297470000,402500000,0
2026-05-25,1.365,1.376,1.349,1.377,334540000,457030000,0
2026-05-26,1.369,1.348,1.328,1.369,258620000,346830000,0
2026-05-27,1.348,1.323,1.318,1.365,208840000,280390000,0
2026-05-28,1.319,1.344,1.319,1.352,347040000,464770000,0
2026-05-29,1.345,1.284,1.275,1.349,332400000,432870000,0
2026-06-01,1.277,1.269,1.266,1.296,285870000,366120000,0
2026-06-02,1.270,1.267,1.235,1.275,350150000,438880000,0
2026-06-03,1.263,1.273,1.261,1.293,479900000,613220000,0
2026-06-04,1.263,1.278,1.261,1.285,179320000,228850000,0
2026-06-05,1.279,1.274,1.262,1.295,284970000,364850000,0
2026-06-08,1.250,1.220,1.209,1.268,293000000,362910000,0
2026-06-09,1.226,1.235,1.210,1.236,200010000,244610000,0
2026-06-10,1.227,1.222,1.208,1.241,241670000,295100000,0
2026-06-11,1.208,1.219,1.200,1.226,210510000,255030000,0
2026-06-12,1.237,1.246,1.237,1.275,344870000,433920000,0
2026-06-15,1.246,1.266,1.237,1.268,250090000,314090000,0
2026-06-16,1.267,1.267,1.260,1.276,195410000,247980000,0
2026-06-17,1.264,1.289,1.260,1.292,272220000,349000000,0
2026-06-18,1.277,1.290,1.275,1.309,262160000,338870000,0
2026-06-22,1.290,1.298,1.257,1.299,286140000,366510000,0
2026-06-23,1.295,1.252,1.246,1.295,212930000,269950000,0
2026-06-24,1.246,1.262,1.235,1.268,200800000,251480000,0
2026-06-25,1.252,1.260,1.250,1.280,168410000,212490000,0
2026-06-26,1.250,1.241,1.225,1.260,206760000,256710000,0
2026-06-29,1.241,1.234,1.216,1.248,225350000,277660000,0
2026-06-30,1.235,1.280,1.233,1.283,267560000,338080000,0
2026-07-01,1.279,1.291,1.279,1.303,282410000,364820000,0
2026-07-02,1.280,1.256,1.252,1.292,277510000,353680000,0
2026-07-03,1.255,1.301,1.254,1.312,380850000,492380000,0
2026-07-06,1.307,1.284,1.269,1.323,343200000,443550000,0
2026-07-07,1.277,1.244,1.240,1.288,258780000,326240000,0
2026-07-08,1.244,1.219,1.216,1.254,225710000,277740000,0
2026-07-09,1.220,1.243,1.194,1.246,290460000,353460000,0
2026-07-10,1.239,1.281,1.239,1.325,529630000,681040000,0
2026-07-13,1.274,1.192,1.189,1.276,444170000,537690000,0
2026-07-14,1.182,1.158,1.126,1.187,370020000,425050000,0
2026-07-15,1.149,1.143,1.138,1.169,277470000,319880000,0
2026-07-16,1.133,1.120,1.114,1.147,270760000,305630000,0
2026-07-17,1.119,1.062,1.054,1.119,418750000,454070000,0
2026-07-20,1.070,1.055,1.035,1.086,375110000,399090000,0
2026-07-21,1.060,1.090,1.038,1.092,394030000,421080000,0
2026-07-22,1.080,1.083,1.079,1.106,351740000,383060000,0
2026-07-23,1.079,1.101,1.079,1.105,272680000,298720000,0
2026-07-24,1.094,1.077,1.076,1.106,294730000,321390000,0
2026-07-27,1.073,1.104,1.070,1.105,387040000,422640000,0
2026-07-28,1.086,1.077,1.070,1.100,251610000,272160000,0
2026-07-29,1.074,1.094,1.064,1.098,288660000,312030000,0
2026-07-30,1.085,1.073,1.062,1.095,285990000,308660000,0
2026-07-31,1.087,1.093,1.086,1.106,353900000,387990000,0
2026-08-03,1.090,1.101,1.086,1.104,277580000,304470000,0
2026-08-04,1.102,1.116,1.100,1.120,250770000,278520000,0
2026-08-05,1.112,1.136,1.112,1.141,306190000,346270000,0
2026-08-06,1.130,1.135,1.121,1.142,234900000,266080000,0
2026-08-07,1.132,1.154,1.121,1.155,248840000,283770000,0
2026-08-10,1.157,1.172,1.143,1.172,318310000,368050000,0
2026-08-11,1.156,1.148,1.142,1.163,196590000,226380000,0
2026-08-12,1.147,1.156,1.141,1.161,195020000,224500000,0
2026-08-13,1.160,1.148,1.147,1.167,185220000,214970000,0
2026-08-14,1.149,1.152,1.139,1.160,176830000,203310000,0
2026-08-17,1.152,1.172,1.148,1.173,181680000,211140000,0
2026-08-18,1.173,1.169,1.154,1.176,205240000,238900000,0
2026-08-19,1.169,1.108,1.105,1.170,457880000,516060000,0
2026-08-20,1.111,1.097,1.094,1.115,224310000,247970000,0
2026-08-21,1.093,1.107,1.086,1.112,205130000,226230000,0
2026-08-24,1.104,1.090,1.080,1.111,179790000,196820000,0
2026-08-25,1.086,1.095,1.073,1.100,158900000,172700000,0
2026-08-26,1.093,1.101,1.091,1.108,135610000,149220000,0
2026-08-27,1.098,1.121,1.097,1.123,211350000,234970000,0
2026-08-28,1.119,1.123,1.117,1.134,366300000,412650000,0
2026-08-31,1.116,1.142,1.114,1.142,406310000,457900000,0
2026-09-01,1.138,1.141,1.131,1.148,184870000,210770000,0
2026-09-02,1.140,1.142,1.129,1.155,506910000,579590000,0
2026-09-03,1.140,1.140,1.133,1.146,225050000,256470000,0
2026-09-04,1.142,1.148,1.142,1.167,357100000,412440000,0
2026-09-07,1.150,1.151,1.139,1.155,173460000,199080000,0
2026-09-08,1.146,1.162,1.145,1.165,215720000,250310000,0
2026-09-09,1.161,1.180,1.159,1.189,466440000,549220000,0
2026-09-10,1.171,1.180,1.169,1.190,353210000,416300000,0
2026-09-11,1.165,1.167,1.144,1.174,322230000,372680000,0
2026-09-14,1.162,1.149,1.147,1.166,272730000,314630000,0
2026-09-15,1.147,1.139,1.137,1.153,166820000,191010000,0
2026-09-16,1.139,1.150,1.132,1.151,202630000,231500000,0
2026-09-17,1.145,1.142,1.136,1.160,183730000,210830000,0
2026-09-18,1.147,1.160,1.145,1.163,220710000,254960000,0
2026-09-21,1.160,1.176,1.158,1.180,210180000,246260000,0
2026-09-22,1.179,1.168,1.163,1.185,204890000,240010000,0
2026-09-23,1.168,1.150,1.148,1.169,141930000,163790000,0
2026-09-24,1.146,1.129,1.128,1.151,194900000,221760000,0
2026-09-28,1.127,1.098,1.093,1.129,202700000,224150000,0
2026-09-29,1.096,1.102,1.090,1.106,144560000,158590000,0
2026-09-30,1.105,1.101,1.098,1.112,120610000,133250000,0
