date,open,high,low,close,volume,amount,turnover
2017-01-03,1.028,1.040,1.028,1.043,8800000,9140000,0
2017-01-04,1.038,1.044,1.036,1.045,9020000,9400000,0
2017-01-05,1.045,1.040,1.039,1.045,9840000,10240000,0
2017-01-06,1.042,1.030,1.028,1.042,9540000,9860000,0
2017-01-09,1.028,1.031,1.027,1.035,9800000,10110000,0
2017-01-10,1.032,1.033,1.030,1.039,9090000,9420000,0
2017-01-11,1.033,1.031,1.030,1.040,9130000,9440000,0
2017-01-12,1.028,1.032,1.027,1.039,10410000,10770000,0
2017-01-13,1.031,1.035,1.024,1.040,9510000,9830000,0
2017-01-16,1.030,1.031,1.011,1.037,17380000,17840000,0
2017-01-17,1.027,1.027,1.016,1.029,7870000,8050000,0
2017-01-18,1.026,1.026,1.023,1.033,13200000,13580000,0
2017-01-19,1.026,1.030,1.023,1.036,8990000,9250000,0
2017-01-20,1.030,1.039,1.028,1.040,12040000,12480000,0
2017-01-23,1.037,1.038,1.035,1.047,6430000,6680000,0
2017-01-24,1.040,1.033,1.033,1.040,5290000,5480000,0
2017-01-25,1.033,1.035,1.030,1.036,3500000,3620000,0
2017-01-26,1.037,1.041,1.036,1.042,3900000,4050000,0
2017-02-03,1.041,1.031,1.030,1.042,3060000,3170000,0
2017-02-06,1.032,1.031,1.029,1.035,8290000,8550000,0
2017-02-07,1.031,1.026,1.023,1.032,8300000,8510000,0
2017-02-08,1.027,1.045,1.020,1.048,22290000,23110000,0
2017-02-09,1.042,1.044,1.041,1.052,10140000,10610000,0
2017-02-10,1.046,1.050,1.042,1.057,9810000,10310000,0
2017-02-13,1.050,1.058,1.050,1.063,23710000,25090000,0
2017-02-14,1.058,1.056,1.052,1.061,17330000,18350000,0
2017-02-15,1.055,1.049,1.048,1.062,14350000,15140000,0
2017-02-16,1.048,1.059,1.045,1.062,9030000,9500000,0
2017-02-17,1.062,1.059,1.058,1.088,51730000,55680000,0
2017-02-20,1.054,1.067,1.052,1.068,12400000,13160000,0
2017-02-21,1.068,1.072,1.066,1.085,16320000,17580000,0
2017-02-22,1.074,1.069,0.965,1.074,10960000,11590000,0
2017-02-23,1.069,1.059,1.054,1.070,8710000,9240000,0
2017-02-24,1.058,1.063,1.056,1.065,6460000,6850000,0
2017-02-27,1.062,1.052,1.050,1.062,8200000,8660000,0
2017-02-28,1.051,1.052,1.050,1.057,6130000,6450000,0
2017-03-01,1.052,1.052,1.051,1.060,4020000,4240000,0
2017-03-02,1.055,1.051,1.050,1.067,6890000,7300000,0
2017-03-03,1.048,1.042,1.040,1.049,12090000,12620000,0
2017-03-06,1.042,1.051,1.040,1.051,8400000,8800000,0
2017-03-07,1.051,1.050,1.046,1.052,3600000,3780000,0
2017-03-08,1.051,1.047,1.045,1.054,5800000,6080000,0
2017-03-09,1.045,1.043,1.037,1.046,15420000,16050000,0
2017-03-10,1.042,1.039,1.038,1.045,2360000,2460000,0
2017-03-13,1.036,1.042,1.031,1.043,10420000,10830000,0
2017-03-14,1.042,1.041,1.039,1.047,11510000,12000000,0
2017-03-15,1.042,1.042,1.039,1.045,9000000,9370000,0
2017-03-16,1.044,1.063,1.041,1.063,18540000,19620000,0
2017-03-17,1.062,1.044,1.043,1.066,11650000,12280000,0
2017-03-20,1.043,1.037,1.033,1.047,9800000,10170000,0
2017-03-21,1.039,1.032,1.030,1.039,8290000,8570000,0
2017-03-22,1.029,1.017,1.016,1.030,18930000,19310000,0
2017-03-23,1.017,1.020,1.017,1.027,21890000,22400000,0
2017-03-24,1.020,1.035,1.018,1.040,16270000,16680000,0
2017-03-27,1.032,1.033,1.030,1.041,11980000,12400000,0
2017-03-28,1.032,1.028,1.026,1.033,7260000,7470000,0
2017-03-29,1.029,1.019,1.017,1.029,10210000,10440000,0
2017-03-30,1.020,1.016,1.013,1.023,11710000,11920000,0
2017-03-31,1.015,1.016,1.012,1.018,5900000,5990000,0
2017-04-05,1.018,1.031,1.016,1.032,11350000,11660000,0
2017-04-06,1.031,1.030,1.027,1.033,7030000,7240000,0
2017-04-07,1.030,1.033,1.027,1.035,6650000,6860000,0
2017-04-10,1.029,1.024,1.023,1.033,7550000,7750000,0
2017-04-11,1.022,1.024,1.011,1.027,14610000,14880000,0
2017-04-12,1.025,1.031,1.025,1.043,32810000,33980000,0
2017-04-13,1.030,1.028,1.026,1.032,9230000,9490000,0
2017-04-14,1.028,1.019,1.014,1.028,16160000,16490000,0
2017-04-17,1.017,1.018,1.007,1.021,14100000,14290000,0
2017-04-18,1.016,1.007,1.006,1.016,12640000,12770000,0
2017-04-19,1.007,0.999,0.993,1.007,19420000,19380000,0
2017-04-20,0.999,0.998,0.988,1.002,9580000,9520000,0
2017-04-21,0.998,1.005,0.994,1.007,12390000,12390000,0
2017-04-24,1.001,1.003,0.991,1.005,17050000,16990000,0
2017-04-25,1.001,0.997,0.997,1.004,7460000,7460000,0
2017-04-26,0.998,1.001,0.995,1.009,9020000,9040000,0
2017-04-27,0.998,0.998,0.990,1.001,7150000,7110000,0
2017-04-28,0.997,0.999,0.993,1.000,10990000,10950000,0
2017-05-02,1.000,0.992,0.991,1.000,5630000,5590000,0
2017-05-03,0.992,0.985,0.981,0.994,10590000,10460000,0
2017-05-04,0.983,0.977,0.975,0.983,11200000,10960000,0
2017-05-05,0.974,0.960,0.951,0.974,27120000,25990000,0
2017-05-08,0.955,0.958,0.944,0.962,29700000,28240000,0
2017-05-09,0.955,0.956,0.953,0.960,5940000,5680000,0
2017-05-10,0.956,0.949,0.946,0.958,12040000,11470000,0
2017-05-11,0.940,0.950,0.940,0.953,10700000,10100000,0
2017-05-12,0.949,0.960,0.947,0.968,11710000,11250000,0
2017-05-15,0.961,0.965,0.959,0.969,10740000,10360000,0
2017-05-16,0.964,0.970,0.957,0.970,9030000,8710000,0
2017-05-17,0.969,0.968,0.967,0.981,10690000,10400000,0
2017-05-18,0.964,0.960,0.956,0.966,10630000,10220000,0
2017-05-19,0.957,0.956,0.953,0.960,10750000,10280000,0
2017-05-22,0.955,0.942,0.937,0.955,20710000,19560000,0
2017-05-23,0.941,0.945,0.936,0.947,19320000,18190000,0
2017-05-24,0.944,0.949,0.938,0.950,9820000,9280000,0
2017-05-25,0.944,0.987,0.944,0.990,28820000,28030000,0
2017-05-26,0.983,0.984,0.980,0.994,12480000,12320000,0
2017-05-31,0.992,0.990,0.984,1.002,14980000,14870000,0
2017-06-01,0.990,0.985,0.981,0.995,12730000,12590000,0
2017-06-02,0.985,0.987,0.979,0.990,9050000,8900000,0
2017-06-05,0.989,0.982,0.979,0.989,9510000,9340000,0
2017-06-06,0.983,0.986,0.981,0.988,11110000,10920000,0
2017-06-07,0.986,0.995,0.984,0.997,25630000,25460000,0
2017-06-08,0.995,0.994,0.990,0.996,8280000,8230000,0
2017-06-09,0.993,0.990,0.987,1.002,13040000,12940000,0
2017-06-12,0.988,0.977,0.975,0.990,13050000,12820000,0
2017-06-13,0.976,0.982,0.973,0.987,8250000,8090000,0
2017-06-14,0.982,0.983,0.978,0.986,10740000,10560000,0
2017-06-15,0.982,0.993,0.981,0.997,19530000,19380000,0
2017-06-16,0.994,0.990,0.989,0.998,13470000,13390000,0
2017-06-19,0.990,1.008,0.988,1.012,26940000,27120000,0
2017-06-20,1.012,1.007,1.003,1.015,15660000,15820000,0
2017-06-21,1.019,1.008,1.003,1.025,14550000,14710000,0
2017-06-22,1.005,1.009,1.003,1.025,27720000,28180000,0
2017-06-23,1.008,1.007,0.995,1.008,13880000,13900000,0
2017-06-26,1.007,1.020,1.006,1.022,21750000,22110000,0
2017-06-27,1.019,1.018,1.015,1.021,12000000,12220000,0
2017-06-28,1.015,1.014,1.011,1.019,7180000,7290000,0
2017-06-29,1.015,1.012,1.010,1.018,7830000,7930000,0
2017-06-30,1.012,1.011,1.005,1.013,9420000,9520000,0
2017-07-03,1.011,1.007,1.003,1.013,9660000,9720000,0
2017-07-04,1.007,0.998,0.998,1.007,11150000,11170000,0
2017-07-05,0.999,1.006,0.998,1.007,11680000,11690000,0
2017-07-06,1.006,1.004,0.997,1.007,7590000,7600000,0
2017-07-07,1.004,1.017,0.995,1.020,24330000,24530000,0
2017-07-10,1.012,1.024,1.010,1.036,29920000,30730000,0
2017-07-11,1.025,1.028,1.023,1.041,31390000,32470000,0
2017-07-12,1.027,1.022,1.017,1.035,15490000,15900000,0
2017-07-13,1.025,1.041,1.022,1.043,25960000,26840000,0
2017-07-14,1.042,1.041,1.036,1.048,15190000,15820000,0
2017-07-17,1.040,1.011,1.011,1.045,32290000,33150000,0
2017-07-18,1.012,1.002,0.993,1.014,22140000,22220000,0
2017-07-19,1.004,1.065,0.999,1.068,52040000,53980000,0
2017-07-20,1.067,1.061,1.056,1.072,37380000,39750000,0
2017-07-21,1.055,1.054,1.048,1.067,17620000,18640000,0
2017-07-24,1.053,1.055,1.050,1.064,21290000,22510000,0
2017-07-25,1.056,1.044,1.042,1.064,11490000,12040000,0
2017-07-26,1.048,1.048,1.038,1.053,24360000,25410000,0
2017-07-27,1.049,1.056,1.034,1.062,28540000,30000000,0
2017-07-28,1.053,1.049,1.047,1.055,12210000,12820000,0
2017-07-31,1.049,1.055,1.041,1.062,26310000,27650000,0
2017-08-01,1.055,1.068,1.052,1.078,37220000,39780000,0
2017-08-02,1.069,1.075,1.065,1.090,41100000,44300000,0
2017-08-03,1.076,1.071,1.065,1.082,14640000,15730000,0
2017-08-04,1.068,1.074,1.064,1.092,25850000,27940000,0
2017-08-07,1.072,1.060,1.056,1.072,23200000,24660000,0
2017-08-08,1.060,1.064,1.051,1.072,35750000,37920000,0
2017-08-09,1.062,1.052,1.049,1.062,24310000,25600000,0
2017-08-10,1.051,1.054,1.042,1.063,32060000,33770000,0
2017-08-11,1.044,1.025,1.021,1.046,37630000,38960000,0
2017-08-14,1.024,1.042,1.023,1.044,22650000,23420000,0
2017-08-15,1.039,1.038,1.034,1.046,12170000,12650000,0
2017-08-16,1.036,1.039,1.032,1.044,10810000,11230000,0
2017-08-17,1.039,1.048,1.036,1.048,24830000,25890000,0
2017-08-18,1.042,1.039,1.036,1.046,21650000,22530000,0
2017-08-21,1.037,1.042,1.037,1.044,12570000,13080000,0
2017-08-22,1.044,1.042,1.037,1.050,21470000,22430000,0
2017-08-23,1.043,1.050,1.040,1.062,45770000,48210000,0
2017-08-24,1.050,1.036,1.035,1.052,24540000,25620000,0
2017-08-25,1.034,1.065,1.034,1.067,65610000,69290000,0
2017-08-28,1.068,1.127,1.068,1.137,94600000,105070000,0
2017-08-29,1.123,1.115,1.113,1.130,41910000,46930000,0
2017-08-30,1.115,1.116,1.113,1.144,70860000,80250000,0
2017-08-31,1.120,1.129,1.117,1.133,58480000,65860000,0
2017-09-01,1.130,1.136,1.128,1.142,32780000,37170000,0
2017-09-04,1.136,1.133,1.126,1.141,29250000,33110000,0
2017-09-05,1.132,1.131,1.128,1.141,23570000,26770000,0
2017-09-06,1.127,1.125,1.112,1.131,35740000,40040000,0
2017-09-07,1.124,1.114,1.111,1.135,32760000,36840000,0
2017-09-08,1.114,1.107,1.103,1.117,35470000,39350000,0
2017-09-11,1.103,1.110,1.102,1.117,28710000,31890000,0
2017-09-12,1.113,1.120,1.112,1.136,66110000,74420000,0
2017-09-13,1.119,1.117,1.112,1.124,17330000,19360000,0
2017-09-14,1.118,1.115,1.112,1.130,27700000,31050000,0
2017-09-15,1.113,1.118,1.106,1.124,46920000,52420000,0
2017-09-18,1.116,1.131,1.116,1.138,47040000,53180000,0
2017-09-19,1.134,1.114,1.109,1.134,28340000,31720000,0
2017-09-20,1.114,1.116,1.109,1.118,16160000,18010000,0
2017-09-21,1.116,1.114,1.113,1.129,25220000,28340000,0
2017-09-22,1.110,1.110,1.098,1.114,31410000,34730000,0
2017-09-25,1.108,1.102,1.098,1.108,19170000,21140000,0
2017-09-26,1.101,1.103,1.100,1.105,13510000,14900000,0
2017-09-27,1.103,1.101,1.101,1.106,13820000,15240000,0
2017-09-28,1.103,1.100,1.098,1.104,11660000,12840000,0
2017-09-29,1.102,1.112,1.101,1.119,21780000,24220000,0
2017-10-09,1.138,1.112,1.111,1.140,19500000,21860000,0
2017-10-10,1.113,1.111,1.100,1.115,21460000,23780000,0
2017-10-11,1.110,1.104,1.104,1.112,9840000,10900000,0
2017-10-12,1.104,1.100,1.098,1.109,15270000,16820000,0
2017-10-13,1.102,1.104,1.099,1.105,17160000,18910000,0
2017-10-16,1.104,1.096,1.095,1.111,25690000,28390000,0
2017-10-17,1.095,1.086,1.084,1.096,21640000,23550000,0
2017-10-18,1.088,1.085,1.083,1.092,18870000,20530000,0
2017-10-19,1.085,1.065,1.059,1.086,44880000,47950000,0
2017-10-20,1.063,1.067,1.061,1.068,12870000,13710000,0
2017-10-23,1.066,1.062,1.059,1.068,16730000,17770000,0
2017-10-24,1.061,1.071,1.060,1.074,35240000,37690000,0
2017-10-25,1.071,1.072,1.067,1.076,12100000,12970000,0
2017-10-26,1.070,1.076,1.068,1.087,29030000,31340000,0
2017-10-27,1.076,1.066,1.064,1.079,23120000,24770000,0
2017-10-30,1.065,1.041,1.027,1.065,66750000,69330000,0
2017-10-31,1.039,1.035,1.030,1.040,15780000,16330000,0
2017-11-01,1.034,1.029,1.028,1.043,35130000,36400000,0
2017-11-02,1.030,1.033,1.021,1.042,54760000,56490000,0
2017-11-03,1.030,1.031,1.021,1.032,41210000,42300000,0
2017-11-06,1.028,1.030,1.022,1.031,17010000,17450000,0
2017-11-07,1.030,1.044,1.029,1.048,45670000,47460000,0
2017-11-08,1.044,1.062,1.040,1.084,73250000,78000000,0
2017-11-09,1.061,1.064,1.057,1.068,12220000,12980000,0
2017-11-10,1.065,1.066,1.056,1.072,34340000,36530000,0
2017-11-13,1.065,1.060,1.059,1.077,25430000,27170000,0
2017-11-14,1.058,1.050,1.047,1.061,39360000,41460000,0
2017-11-15,1.050,1.046,1.043,1.055,24290000,25490000,0
2017-11-16,1.045,1.028,1.027,1.045,50720000,52540000,0
2017-11-17,1.029,1.036,1.020,1.039,71490000,73680000,0
2017-11-20,1.031,1.021,1.012,1.031,69830000,71240000,0
2017-11-21,1.024,1.062,1.022,1.076,206240000,218760000,0
2017-11-22,1.060,1.065,1.058,1.078,82610000,88200000,0
2017-11-23,1.065,1.040,1.036,1.079,44460000,47120000,0
2017-11-24,1.036,1.042,1.030,1.043,41040000,42470000,0
2017-11-27,1.039,1.040,1.031,1.050,83300000,86680000,0
2017-11-28,1.040,1.043,1.032,1.044,30950000,32100000,0
2017-11-29,1.043,1.041,1.027,1.044,43490000,45010000,0
2017-11-30,1.039,1.039,1.034,1.059,51120000,53580000,0
2017-12-01,1.038,1.036,1.034,1.045,43480000,45170000,0
2017-12-04,1.035,1.026,1.022,1.036,42420000,43580000,0
2017-12-05,1.024,1.036,1.024,1.041,70370000,72760000,0
2017-12-06,1.035,1.037,1.024,1.037,19760000,20340000,0
2017-12-07,1.034,1.022,1.021,1.036,36800000,37770000,0
2017-12-08,1.023,1.021,1.019,1.027,28820000,29460000,0
2017-12-11,1.021,1.023,1.017,1.025,45170000,46080000,0
2017-12-12,1.022,1.004,1.004,1.023,58920000,59660000,0
2017-12-13,1.004,1.006,0.999,1.010,33480000,33620000,0
2017-12-14,1.006,0.991,0.988,1.008,72700000,72270000,0
2017-12-15,0.990,0.982,0.979,0.991,59290000,58380000,0
2017-12-18,0.982,0.977,0.975,0.988,32300000,31650000,0
2017-12-19,0.981,0.980,0.978,0.984,40930000,40170000,0
2017-12-20,0.982,0.967,0.962,0.982,87130000,84520000,0
2017-12-21,0.967,0.973,0.960,0.980,71670000,69500000,0
2017-12-22,0.973,0.964,0.963,0.974,25080000,24310000,0
2017-12-25,0.964,0.951,0.950,0.966,42160000,40310000,0
2017-12-26,0.951,0.957,0.950,0.960,40470000,38640000,0
2017-12-27,0.958,0.947,0.944,0.958,31940000,30350000,0
2017-12-28,0.946,0.953,0.942,0.965,39450000,37670000,0
2017-12-29,0.954,0.953,0.950,0.958,32830000,31280000,0
2018-01-02,0.956,0.966,0.953,0.969,45870000,44190000,0
2018-01-03,0.967,0.981,0.965,0.986,59020000,57750000,0
2018-01-04,0.981,0.980,0.974,0.983,29520000,28880000,0
2018-01-05,0.978,0.983,0.975,0.990,44000000,43340000,0
2018-01-08,0.983,1.004,0.981,1.017,85640000,85730000,0
2018-01-09,1.003,0.996,0.993,1.009,37270000,37200000,0
2018-01-10,0.997,0.993,0.985,1.005,64370000,63940000,0
2018-01-11,0.991,0.989,0.983,0.992,40620000,40090000,0
2018-01-12,0.989,0.986,0.985,0.998,41740000,41350000,0
2018-01-15,0.987,0.970,0.969,0.988,66570000,65050000,0
2018-01-16,0.969,0.991,0.967,0.995,54060000,52820000,0
2018-01-17,0.998,1.027,0.997,1.052,200680000,206140000,0
2018-01-18,1.028,1.033,1.022,1.043,52500000,54320000,0
2018-01-19,1.030,1.061,1.030,1.077,93980000,99030000,0
2018-01-22,1.056,1.057,1.045,1.066,59200000,62360000,0
2018-01-23,1.062,1.061,1.051,1.072,78280000,83040000,0
2018-01-24,1.067,1.099,1.054,1.104,159090000,172400000,0
2018-01-25,1.091,1.077,1.076,1.095,75230000,81810000,0
2018-01-26,1.076,1.078,1.075,1.090,73050000,79120000,0
2018-01-29,1.081,1.060,1.057,1.087,69840000,75000000,0
2018-01-30,1.061,1.046,1.044,1.066,49340000,52030000,0
2018-01-31,1.043,1.023,1.015,1.044,93260000,96190000,0
2018-02-01,1.025,1.013,1.000,1.031,77090000,78460000,0
2018-02-02,1.010,1.010,0.991,1.013,67620000,67790000,0
2018-02-05,0.994,1.014,0.991,1.020,55920000,56080000,0
2018-02-06,0.997,0.967,0.965,1.003,83620000,82710000,0
2018-02-07,0.984,0.956,0.954,0.990,90350000,87690000,0
2018-02-08,0.954,0.951,0.945,0.963,79460000,75740000,0
2018-02-09,0.931,0.881,0.868,0.935,143750000,129230000,0
2018-02-12,0.886,0.877,0.876,0.890,80250000,70810000,0
2018-02-13,0.886,0.887,0.885,0.903,84060000,75040000,0
2018-02-14,0.888,0.885,0.878,0.889,48300000,42670000,0
2018-02-22,0.895,0.893,0.889,0.901,60210000,53890000,0
2018-02-23,0.894,0.900,0.892,0.907,72330000,65120000,0
2018-02-26,0.906,0.921,0.897,0.929,88620000,81020000,0
2018-02-27,0.923,0.913,0.908,0.924,49710000,45440000,0
2018-02-28,0.902,0.906,0.894,0.919,115730000,105050000,0
2018-03-01,0.900,0.909,0.897,0.911,57830000,52440000,0
2018-03-02,0.902,0.900,0.899,0.910,58070000,52510000,0
2018-03-05,0.900,0.900,0.897,0.906,40690000,36660000,0
2018-03-06,0.906,0.918,0.902,0.923,113390000,103610000,0
2018-03-07,0.918,0.908,0.907,0.923,63230000,57900000,0
2018-03-08,0.910,0.911,0.907,0.915,33380000,30390000,0
2018-03-09,0.913,0.926,0.911,0.930,106560000,98080000,0
2018-03-12,0.934,0.941,0.929,0.947,94090000,88230000,0
2018-03-13,0.940,0.925,0.924,0.940,57720000,53770000,0
2018-03-14,0.920,0.918,0.917,0.929,48080000,44350000,0
2018-03-15,0.917,0.915,0.910,0.920,71170000,65060000,0
2018-03-16,0.915,0.904,0.904,0.921,72370000,66120000,0
2018-03-19,0.906,0.905,0.899,0.912,48700000,44100000,0
2018-03-20,0.898,0.904,0.896,0.908,56880000,51230000,0
2018-03-21,0.906,0.908,0.905,0.928,127470000,117020000,0
2018-03-22,0.908,0.906,0.904,0.920,75160000,68570000,0
2018-03-23,0.880,0.856,0.843,0.886,153830000,133670000,0
2018-03-26,0.849,0.863,0.841,0.864,67740000,57730000,0
2018-03-27,0.872,0.875,0.868,0.879,64660000,56510000,0
2018-03-28,0.866,0.864,0.860,0.877,46200000,40160000,0
2018-03-29,0.870,0.885,0.865,0.887,71120000,62630000,0
2018-03-30,0.889,0.889,0.884,0.893,49980000,44400000,0
2018-04-02,0.893,0.900,0.889,0.916,96660000,87410000,0
2018-04-03,0.890,0.900,0.886,0.908,86290000,77420000,0
2018-04-04,0.902,0.891,0.891,0.911,67460000,60840000,0
2018-04-09,0.889,0.896,0.885,0.899,62760000,56050000,0
2018-04-10,0.899,0.912,0.896,0.915,97430000,88300000,0
2018-04-11,0.911,0.905,0.905,0.915,65990000,60010000,0
2018-04-12,0.906,0.899,0.897,0.914,72340000,65560000,0
2018-04-13,0.904,0.890,0.890,0.908,52560000,47160000,0
2018-04-16,0.885,0.870,0.869,0.890,79520000,69890000,0
2018-04-17,0.871,0.871,0.870,0.888,106750000,93800000,0
2018-04-18,0.880,0.882,0.872,0.885,73750000,64840000,0
2018-04-19,0.884,0.887,0.882,0.896,60140000,53500000,0
2018-04-20,0.886,0.858,0.857,0.886,84740000,73890000,0
2018-04-23,0.860,0.867,0.859,0.870,62490000,54020000,0
2018-04-24,0.867,0.890,0.867,0.890,84530000,74550000,0
2018-04-25,0.885,0.884,0.882,0.888,42290000,37430000,0
2018-04-26,0.885,0.866,0.864,0.888,49400000,43240000,0
2018-04-27,0.871,0.878,0.868,0.885,51470000,45160000,0
2018-05-02,0.889,0.882,0.879,0.893,58160000,51510000,0
2018-05-03,0.881,0.904,0.880,0.907,107050000,95920000,0
2018-05-04,0.903,0.896,0.895,0.905,70500000,63430000,0
2018-05-07,0.903,0.907,0.901,0.909,66750000,60410000,0
2018-05-08,0.908,0.912,0.901,0.912,77580000,70340000,0
2018-05-09,0.908,0.901,0.899,0.909,76520000,69050000,0
2018-05-10,0.903,0.906,0.899,0.907,76280000,68860000,0
2018-05-11,0.907,0.896,0.895,0.909,47740000,43000000,0
2018-05-14,0.896,0.898,0.896,0.904,42750000,38510000,0
2018-05-15,0.899,0.897,0.888,0.901,58860000,52570000,0
2018-05-16,0.893,0.886,0.885,0.894,68740000,61140000,0
2018-05-17,0.886,0.878,0.876,0.888,67480000,59560000,0
2018-05-18,0.879,0.889,0.878,0.890,65540000,57950000,0
2018-05-21,0.894,0.896,0.893,0.901,63790000,57190000,0
2018-05-22,0.897,0.889,0.884,0.897,88740000,78770000,0
2018-05-23,0.887,0.879,0.878,0.889,61670000,54480000,0
2018-05-24,0.880,0.872,0.871,0.882,54630000,47890000,0
2018-05-25,0.872,0.865,0.864,0.875,63070000,54820000,0
2018-05-28,0.865,0.864,0.860,0.870,52410000,45300000,0
2018-05-29,0.863,0.848,0.848,0.864,80620000,68870000,0
2018-05-30,0.841,0.819,0.817,0.843,126440000,105060000,0
2018-05-31,0.825,0.829,0.820,0.830,51070000,42160000,0
2018-06-01,0.826,0.834,0.822,0.844,85120000,70920000,0
2018-06-04,0.835,0.831,0.830,0.838,34020000,28350000,0
2018-06-05,0.832,0.835,0.823,0.835,68260000,56660000,0
2018-06-06,0.832,0.833,0.826,0.838,88820000,73830000,0
2018-06-07,0.836,0.838,0.834,0.851,102140000,86130000,0
2018-06-08,0.835,0.819,0.814,0.837,105200000,86530000,0
2018-06-11,0.816,0.822,0.814,0.826,46680000,38330000,0
2018-06-12,0.822,0.824,0.815,0.825,43610000,35840000,0
2018-06-13,0.822,0.810,0.810,0.823,64440000,52550000,0
2018-06-14,0.810,0.814,0.808,0.821,70100000,57110000,0
2018-06-15,0.814,0.807,0.804,0.818,87180000,70630000,0
2018-06-19,0.800,0.747,0.737,0.800,227390000,174660000,0
2018-06-20,0.746,0.747,0.733,0.754,106430000,79470000,0
2018-06-21,0.748,0.722,0.722,0.749,119470000,88020000,0
2018-06-22,0.720,0.734,0.716,0.735,89780000,65330000,0
2018-06-25,0.739,0.725,0.724,0.739,62590000,45870000,0
2018-06-26,0.717,0.732,0.716,0.736,55190000,40130000,0
2018-06-27,0.730,0.727,0.720,0.733,54560000,39600000,0
2018-06-28,0.726,0.734,0.724,0.752,100440000,74260000,0
2018-06-29,0.735,0.752,0.734,0.755,77980000,58170000,0
2018-07-02,0.750,0.733,0.726,0.750,93480000,69090000,0
2018-07-03,0.733,0.744,0.728,0.744,82220000,60570000,0
2018-07-04,0.743,0.733,0.731,0.743,57500000,42310000,0
2018-07-05,0.734,0.724,0.724,0.743,67540000,49470000,0
2018-07-06,0.724,0.732,0.712,0.742,118720000,86330000,0
2018-07-09,0.732,0.744,0.730,0.744,81780000,60530000,0
2018-07-10,0.745,0.743,0.737,0.746,60370000,44750000,0
2018-07-11,0.730,0.720,0.714,0.730,101920000,73670000,0
2018-07-12,0.722,0.741,0.720,0.746,112770000,83100000,0
2018-07-13,0.742,0.739,0.736,0.743,54100000,40030000,0
2018-07-16,0.743,0.737,0.734,0.744,59970000,44290000,0
2018-07-17,0.737,0.732,0.727,0.737,84740000,62060000,0
2018-07-18,0.733,0.727,0.726,0.738,57300000,41980000,0
2018-07-19,0.727,0.724,0.721,0.733,55110000,40010000,0
2018-07-20,0.723,0.746,0.721,0.750,132910000,97970000,0
2018-07-23,0.741,0.757,0.738,0.760,164090000,123210000,0
2018-07-24,0.756,0.771,0.755,0.780,152350000,117470000,0
2018-07-25,0.771,0.764,0.762,0.771,92110000,70490000,0
2018-07-26,0.765,0.760,0.757,0.769,58430000,44540000,0
2018-07-27,0.757,0.754,0.753,0.762,57100000,43200000,0
2018-07-30,0.754,0.750,0.747,0.760,71170000,53580000,0
2018-07-31,0.749,0.752,0.747,0.755,40700000,30550000,0
2018-08-01,0.753,0.737,0.735,0.760,68940000,51570000,0
2018-08-02,0.735,0.714,0.706,0.735,143700000,103240000,0
2018-08-03,0.713,0.708,0.707,0.719,53080000,37850000,0
2018-08-06,0.710,0.701,0.698,0.718,101480000,71780000,0
2018-08-07,0.702,0.721,0.700,0.722,80370000,57080000,0
2018-08-08,0.719,0.709,0.709,0.719,55650000,39750000,0
2018-08-09,0.709,0.724,0.707,0.726,70780000,51020000,0
2018-08-10,0.722,0.724,0.717,0.726,37970000,27420000,0
2018-08-13,0.717,0.721,0.710,0.722,89220000,63860000,0
2018-08-14,0.718,0.716,0.715,0.721,45350000,32540000,0
2018-08-15,0.717,0.703,0.703,0.718,70930000,50340000,0
2018-08-16,0.698,0.711,0.694,0.722,126040000,89330000,0
2018-08-17,0.715,0.704,0.702,0.719,71720000,51090000,0
2018-08-20,0.705,0.714,0.703,0.715,49610000,35230000,0
2018-08-21,0.715,0.720,0.712,0.723,63180000,45430000,0
2018-08-22,0.719,0.716,0.714,0.719,31590000,22630000,0
2018-08-23,0.716,0.722,0.712,0.727,61080000,43970000,0
2018-08-24,0.720,0.725,0.716,0.732,55420000,40140000,0
2018-08-27,0.726,0.735,0.725,0.736,65600000,48000000,0
2018-08-28,0.734,0.732,0.729,0.737,51090000,37410000,0
2018-08-29,0.730,0.726,0.724,0.731,58940000,42840000,0
2018-08-30,0.724,0.717,0.716,0.728,62260000,44910000,0
2018-08-31,0.716,0.717,0.714,0.722,55980000,40200000,0
2018-09-03,0.717,0.717,0.710,0.719,48580000,34720000,0
2018-09-04,0.717,0.723,0.713,0.725,119760000,86310000,0
2018-09-05,0.721,0.712,0.711,0.722,74090000,53170000,0
2018-09-06,0.710,0.709,0.708,0.715,44840000,31880000,0
2018-09-07,0.710,0.711,0.707,0.719,67800000,48260000,0
2018-09-10,0.708,0.688,0.688,0.709,122780000,85480000,0
2018-09-11,0.689,0.692,0.687,0.696,72040000,49780000,0
2018-09-12,0.691,0.695,0.690,0.701,94640000,65880000,0
2018-09-13,0.701,0.704,0.697,0.706,63400000,44470000,0
2018-09-14,0.706,0.700,0.699,0.707,73510000,51630000,0
2018-09-17,0.697,0.698,0.695,0.703,40990000,28670000,0
2018-09-18,0.699,0.711,0.697,0.712,86290000,60850000,0
2018-09-19,0.710,0.716,0.709,0.721,74680000,53430000,0
2018-09-20,0.717,0.715,0.713,0.720,47770000,34210000,0
2018-09-21,0.715,0.732,0.712,0.732,85410000,61770000,0
2018-09-25,0.724,0.724,0.720,0.727,55150000,39890000,0
2018-09-26,0.725,0.726,0.722,0.735,95100000,69320000,0
2018-09-27,0.724,0.722,0.721,0.727,41990000,30380000,0
2018-09-28,0.723,0.729,0.723,0.731,78840000,57370000,0
2018-10-08,0.717,0.702,0.700,0.720,104570000,74280000,0
2018-10-09,0.702,0.700,0.698,0.706,58270000,40880000,0
2018-10-10,0.700,0.702,0.698,0.705,47510000,33340000,0
2018-10-11,0.687,0.649,0.644,0.687,215830000,144100000,0
2018-10-12,0.649,0.640,0.631,0.650,202300000,129710000,0
2018-10-15,0.642,0.631,0.630,0.646,105600000,67480000,0
2018-10-16,0.633,0.624,0.622,0.642,102980000,65070000,0
2018-10-17,0.633,0.633,0.622,0.637,95290000,60140000,0
2018-10-18,0.632,0.623,0.622,0.634,108310000,68020000,0
2018-10-19,0.613,0.641,0.613,0.645,149420000,94430000,0
2018-10-22,0.651,0.705,0.651,0.705,270370000,185150000,0
2018-10-23,0.734,0.706,0.697,0.738,333160000,240470000,0
2018-10-24,0.693,0.722,0.692,0.743,293980000,211430000,0
2018-10-25,0.696,0.750,0.693,0.752,346160000,251360000,0
2018-10-26,0.751,0.730,0.725,0.752,243180000,179440000,0
2018-10-29,0.729,0.723,0.717,0.741,143720000,104870000,0
2018-10-30,0.723,0.761,0.714,0.778,310670000,233000000,0
2018-10-31,0.754,0.752,0.739,0.763,238510000,179180000,0
2018-11-01,0.758,0.759,0.756,0.799,335570000,260740000,0
2018-11-02,0.782,0.778,0.763,0.796,231940000,179710000,0
2018-11-05,0.773,0.778,0.762,0.781,241540000,187220000,0
2018-11-06,0.775,0.771,0.764,0.788,246030000,190630000,0
2018-11-07,0.768,0.759,0.755,0.770,208600000,158980000,0
2018-11-08,0.765,0.744,0.743,0.768,263040000,198520000,0
2018-11-09,0.741,0.745,0.739,0.755,150920000,112950000,0
2018-11-12,0.748,0.759,0.744,0.761,149210000,112510000,0
2018-11-13,0.750,0.781,0.749,0.794,360450000,278190000,0
2018-11-14,0.776,0.767,0.765,0.784,331310000,256210000,0
2018-11-15,0.766,0.790,0.765,0.792,346050000,270260000,0
2018-11-16,0.791,0.810,0.787,0.828,505850000,409110000,0
2018-11-19,0.804,0.834,0.804,0.842,480740000,396760000,0
2018-11-20,0.826,0.795,0.794,0.834,302730000,246430000,0
2018-11-21,0.788,0.798,0.782,0.805,491230000,390560000,0
2018-11-22,0.801,0.789,0.777,0.803,249350000,196870000,0
2018-11-23,0.789,0.764,0.760,0.797,264050000,205080000,0
2018-11-26,0.764,0.761,0.754,0.773,172800000,131990000,0
2018-11-27,0.766,0.765,0.757,0.772,167520000,128270000,0
2018-11-28,0.761,0.785,0.759,0.786,343660000,266780000,0
2018-11-29,0.788,0.759,0.756,0.794,264780000,205560000,0
2018-11-30,0.755,0.769,0.748,0.772,242850000,184160000,0
2018-12-03,0.804,0.794,0.788,0.812,435230000,347690000,0
2018-12-04,0.790,0.798,0.787,0.800,195850000,155780000,0
2018-12-05,0.786,0.791,0.784,0.798,210420000,166390000,0
2018-12-06,0.781,0.768,0.765,0.782,225640000,174450000,0
2018-12-07,0.773,0.771,0.769,0.778,142270000,110050000,0
2018-12-10,0.765,0.760,0.755,0.768,139180000,105920000,0
2018-12-11,0.763,0.764,0.758,0.766,100250000,76320000,0
2018-12-12,0.767,0.766,0.764,0.777,154670000,119010000,0
2018-12-13,0.767,0.775,0.760,0.783,189590000,146500000,0
2018-12-14,0.772,0.752,0.751,0.774,181090000,137810000,0
2018-12-17,0.751,0.757,0.745,0.759,158070000,118940000,0
2018-12-18,0.753,0.742,0.740,0.758,202850000,151300000,0
2018-12-19,0.745,0.736,0.735,0.747,113790000,84350000,0
2018-12-20,0.735,0.743,0.730,0.748,285980000,211870000,0
2018-12-21,0.740,0.729,0.723,0.742,191640000,140340000,0
2018-12-24,0.727,0.725,0.720,0.733,136930000,99250000,0
2018-12-25,0.717,0.708,0.695,0.717,184590000,130020000,0
2018-12-26,0.707,0.703,0.700,0.712,87380000,61610000,0
2018-12-27,0.716,0.700,0.700,0.717,124100000,88250000,0
2018-12-28,0.705,0.717,0.705,0.725,208270000,149130000,0
2019-01-02,0.719,0.714,0.708,0.719,97460000,69480000,0
2019-01-03,0.712,0.729,0.712,0.745,231010000,169550000,0
2019-01-04,0.722,0.784,0.722,0.795,649020000,496080000,0
2019-01-07,0.784,0.781,0.774,0.791,467940000,365840000,0
2019-01-08,0.779,0.782,0.771,0.794,300430000,235470000,0
2019-01-09,0.785,0.786,0.780,0.799,430920000,339930000,0
2019-01-10,0.785,0.773,0.771,0.788,293290000,228940000,0
2019-01-11,0.775,0.779,0.772,0.788,288380000,224600000,0
2019-01-14,0.785,0.777,0.775,0.788,137840000,107580000,0
2019-01-15,0.777,0.798,0.776,0.803,362330000,286610000,0
2019-01-16,0.797,0.789,0.785,0.798,206990000,163760000,0
2019-01-17,0.791,0.781,0.780,0.796,193920000,152550000,0
2019-01-18,0.782,0.791,0.780,0.793,149040000,117300000,0
2019-01-21,0.792,0.787,0.782,0.798,247120000,195210000,0
2019-01-22,0.783,0.774,0.772,0.788,159000000,124080000,0
2019-01-23,0.773,0.773,0.770,0.779,108530000,84070000,0
2019-01-24,0.775,0.786,0.774,0.795,273150000,214540000,0
2019-01-25,0.784,0.785,0.783,0.792,186450000,146750000,0
2019-01-28,0.791,0.780,0.777,0.800,219570000,173160000,0
2019-01-29,0.778,0.774,0.760,0.780,217150000,167440000,0
2019-01-30,0.770,0.764,0.763,0.776,143920000,111080000,0
2019-01-31,0.768,0.773,0.767,0.782,253450000,196170000,0
2019-02-01,0.784,0.794,0.782,0.795,272370000,215110000,0
2019-02-11,0.797,0.808,0.786,0.809,223230000,178570000,0
2019-02-12,0.807,0.814,0.801,0.819,232790000,188800000,0
2019-02-13,0.813,0.841,0.807,0.843,521780000,433440000,0
2019-02-14,0.838,0.840,0.832,0.845,316090000,265150000,0
2019-02-15,0.835,0.820,0.817,0.840,405840000,336950000,0
2019-02-18,0.829,0.868,0.829,0.871,576970000,490780000,0
2019-02-19,0.872,0.875,0.862,0.902,838410000,738490000,0
2019-02-20,0.874,0.878,0.866,0.888,513620000,449660000,0
2019-02-21,0.873,0.883,0.866,0.917,705490000,628320000,0
2019-02-22,0.891,0.971,0.880,0.971,1192370000,1101850000,0
2019-02-25,1.022,1.068,1.002,1.068,1417410000,1471830000,0
2019-02-26,1.085,1.044,1.040,1.119,1738490000,1879980000,0
2019-02-27,1.035,1.036,1.010,1.073,1149240000,1197520000,0
2019-02-28,1.027,1.004,0.990,1.029,1066940000,1074780000,0
2019-03-01,1.013,1.038,0.997,1.047,1053960000,1078980000,0
2019-03-04,1.050,1.044,1.018,1.101,1221810000,1286270000,0
2019-03-05,1.028,1.043,1.025,1.048,675770000,699950000,0
2019-03-06,1.045,1.102,1.040,1.129,1125440000,1204920000,0
2019-03-07,1.111,1.153,1.090,1.185,1340280000,1514270000,0
2019-03-08,1.080,1.040,1.039,1.113,1364250000,1474000000,0
2019-03-11,1.041,1.056,1.015,1.075,1075220000,1125530000,0
2019-03-12,1.067,1.071,1.057,1.098,981800000,1058870000,0
2019-03-13,1.071,1.050,1.036,1.076,849550000,897110000,0
2019-03-14,1.038,1.014,1.003,1.057,858050000,884080000,0
2019-03-15,1.026,1.029,1.015,1.048,755900000,779820000,0
2019-03-18,1.029,1.054,1.008,1.056,746200000,770070000,0
2019-03-19,1.055,1.042,1.036,1.059,567690000,595420000,0
2019-03-20,1.039,1.061,1.034,1.071,826400000,871120000,0
2019-03-21,1.062,1.071,1.049,1.099,992550000,1068140000,0
2019-03-22,1.067,1.061,1.042,1.076,734010000,776870000,0
2019-03-25,1.040,1.022,1.018,1.054,631740000,655210000,0
2019-03-26,1.029,0.989,0.983,1.032,870980000,876720000,0
2019-03-27,0.999,0.995,0.986,1.006,700440000,697980000,0
2019-03-28,0.987,0.988,0.977,1.009,679370000,674540000,0
2019-03-29,0.992,1.077,0.991,1.080,1379230000,1431120000,0
2019-04-01,1.079,1.088,1.058,1.106,1429700000,1546530000,0
2019-04-02,1.090,1.081,1.075,1.111,1024640000,1121570000,0
2019-04-03,1.075,1.136,1.069,1.142,1516280000,1675690000,0
2019-04-04,1.141,1.138,1.120,1.151,1114080000,1264490000,0
2019-04-08,1.145,1.114,1.092,1.153,1025030000,1148430000,0
2019-04-09,1.110,1.113,1.090,1.128,827730000,917700000,0
2019-04-10,1.111,1.094,1.071,1.117,1012880000,1104460000,0
2019-04-11,1.088,1.073,1.070,1.095,728910000,788170000,0
2019-04-12,1.070,1.077,1.067,1.089,702630000,756940000,0
2019-04-15,1.101,1.053,1.050,1.108,742340000,802660000,0
2019-04-16,1.045,1.082,1.032,1.083,970020000,1027290000,0
2019-04-17,1.076,1.074,1.069,1.086,561670000,604780000,0
2019-04-18,1.071,1.065,1.062,1.081,365860000,392030000,0
2019-04-19,1.069,1.080,1.064,1.085,512110000,550630000,0
2019-04-22,1.092,1.052,1.048,1.096,592420000,632080000,0
2019-04-23,1.047,1.059,1.042,1.083,642090000,682450000,0
2019-04-24,1.058,1.069,1.052,1.072,517370000,550540000,0
2019-04-25,1.064,1.036,1.035,1.080,682370000,723230000,0
2019-04-26,1.030,1.045,1.028,1.061,759930000,794510000,0
2019-04-29,1.043,1.000,0.996,1.045,1308210000,1322420000,0
2019-04-30,1.001,1.004,0.999,1.013,449030000,451590000,0
2019-05-06,0.952,0.905,0.904,0.966,972260000,908330000,0
2019-05-07,0.916,0.923,0.895,0.928,809280000,740940000,0
2019-05-08,0.905,0.910,0.898,0.926,540320000,492620000,0
2019-05-09,0.900,0.896,0.896,0.916,563100000,508950000,0
2019-05-10,0.911,0.938,0.895,0.940,978910000,905980000,0
2019-05-13,0.921,0.916,0.912,0.927,351290000,323150000,0
2019-05-14,0.907,0.907,0.905,0.925,433090000,396090000,0
2019-05-15,0.915,0.921,0.912,0.925,431190000,396020000,0
2019-05-16,0.918,0.925,0.913,0.926,337410000,310670000,0
2019-05-17,0.925,0.885,0.877,0.930,708300000,637620000,0
2019-05-20,0.881,0.893,0.876,0.905,535850000,476540000,0
2019-05-21,0.890,0.906,0.889,0.915,425740000,385050000,0
2019-05-22,0.908,0.896,0.891,0.910,295690000,266260000,0
2019-05-23,0.891,0.894,0.887,0.911,415670000,373540000,0
2019-05-24,0.894,0.894,0.890,0.904,250440000,224690000,0
2019-05-27,0.894,0.920,0.890,0.924,621180000,566290000,0
2019-05-28,0.916,0.916,0.910,0.929,421100000,386560000,0
2019-05-29,0.912,0.917,0.910,0.928,374740000,344040000,0
2019-05-30,0.912,0.904,0.897,0.913,387310000,349530000,0
2019-05-31,0.902,0.899,0.899,0.911,318870000,288390000,0
2019-06-03,0.906,0.899,0.896,0.918,413630000,374510000,0
2019-06-04,0.898,0.895,0.890,0.900,345870000,309610000,0
2019-06-05,0.906,0.904,0.900,0.916,501090000,454670000,0
2019-06-06,0.902,0.895,0.893,0.911,481250000,434320000,0
2019-06-10,0.895,0.883,0.864,0.897,535300000,470540000,0
2019-06-11,0.883,0.931,0.882,0.933,1008050000,921810000,0
2019-06-12,0.925,0.916,0.916,0.932,514310000,474080000,0
2019-06-13,0.917,0.925,0.915,0.932,552260000,510400000,0
2019-06-14,0.924,0.906,0.905,0.929,436290000,400190000,0
2019-06-17,0.906,0.912,0.904,0.917,322200000,293760000,0
2019-06-18,0.913,0.912,0.901,0.916,306300000,278710000,0
2019-06-19,0.965,0.931,0.930,0.976,991920000,941940000,0
2019-06-20,0.931,0.988,0.928,1.008,1554210000,1510640000,0
2019-06-21,0.997,1.001,0.989,1.011,1148070000,1149200000,0
2019-06-24,1.015,0.998,0.993,1.017,636820000,639260000,0
2019-06-25,0.995,0.999,0.971,1.006,946220000,937840000,0
2019-06-26,0.980,0.978,0.971,0.989,546230000,535390000,0
2019-06-27,0.983,0.991,0.982,1.009,864780000,861930000,0
2019-06-28,0.990,0.990,0.980,0.995,585660000,578140000,0
2019-07-01,1.021,1.012,1.007,1.025,917640000,930700000,0
2019-07-02,1.011,1.002,0.999,1.011,521900000,523520000,0
2019-07-03,0.999,0.984,0.979,0.999,630090000,620760000,0
2019-07-04,0.984,0.985,0.978,0.998,466510000,460220000,0
2019-07-05,0.985,0.985,0.977,0.989,405680000,398870000,0
2019-07-08,0.980,0.958,0.951,0.984,683080000,661080000,0
2019-07-09,0.959,0.965,0.950,0.969,506070000,485980000,0
2019-07-10,0.968,0.963,0.959,0.975,399050000,385760000,0
2019-07-11,0.968,0.964,0.955,0.979,486090000,470660000,0
2019-07-12,0.962,0.968,0.955,0.972,414290000,400440000,0
2019-07-15,0.962,0.986,0.955,1.001,848490000,830430000,0
2019-07-16,0.982,0.983,0.980,0.988,339710000,334110000,0
2019-07-17,0.980,0.979,0.978,0.989,392780000,385740000,0
2019-07-18,0.973,0.967,0.966,0.975,381900000,370680000,0
2019-07-19,0.971,0.986,0.971,0.992,606230000,596060000,0
2019-07-22,0.990,0.965,0.963,0.993,607580000,590500000,0
2019-07-23,0.965,0.968,0.963,0.973,264290000,255830000,0
2019-07-24,0.973,0.977,0.972,0.986,436700000,427520000,0
2019-07-25,0.975,0.980,0.970,0.981,350300000,341820000,0
2019-07-26,0.975,0.976,0.972,0.978,308460000,300730000,0
2019-07-29,0.975,0.960,0.958,0.975,517240000,498420000,0
2019-07-30,0.962,0.970,0.961,0.980,594720000,577950000,0
2019-07-31,0.968,0.965,0.962,0.968,287920000,277650000,0
2019-08-01,0.960,0.951,0.950,0.964,508390000,485490000,0
2019-08-02,0.926,0.923,0.917,0.931,685040000,632850000,0
2019-08-05,0.917,0.904,0.903,0.924,561510000,512590000,0
2019-08-06,0.885,0.897,0.871,0.908,1051950000,934000000,0
2019-08-07,0.899,0.883,0.882,0.901,418380000,372450000,0
2019-08-08,0.906,0.894,0.892,0.911,694940000,625530000,0
2019-08-09,0.900,0.884,0.883,0.901,448520000,400030000,0
2019-08-12,0.893,0.904,0.893,0.904,568290000,510660000,0
2019-08-13,0.895,0.893,0.890,0.896,280020000,250170000,0
2019-08-14,0.908,0.896,0.894,0.909,386660000,348940000,0
2019-08-15,0.877,0.893,0.871,0.896,570330000,503640000,0
2019-08-16,0.892,0.898,0.890,0.910,496030000,446730000,0
2019-08-19,0.910,0.960,0.905,0.961,1299470000,1213920000,0
2019-08-20,0.956,0.951,0.948,0.964,513290000,490440000,0
2019-08-21,0.949,0.948,0.945,0.955,294630000,279550000,0
2019-08-22,0.950,0.946,0.939,0.952,309100000,292090000,0
2019-08-23,0.946,0.942,0.938,0.956,438390000,414810000,0
2019-08-26,0.924,0.929,0.922,0.934,459760000,426550000,0
2019-08-27,0.934,0.944,0.932,0.961,601550000,570550000,0
2019-08-28,0.941,0.934,0.932,0.943,328330000,307290000,0
2019-08-29,0.935,0.928,0.927,0.936,292450000,272200000,0
2019-08-30,0.936,0.924,0.920,0.945,503640000,469440000,0
2019-09-02,0.924,0.944,0.924,0.949,644610000,605870000,0
2019-09-03,0.944,0.945,0.939,0.949,471010000,444370000,0
2019-09-04,0.944,0.964,0.942,0.969,911040000,872810000,0
2019-09-05,0.977,0.990,0.976,1.024,1428090000,1428800000,0
2019-09-06,1.000,0.999,0.988,1.005,711620000,708730000,0
2019-09-09,1.017,1.013,1.004,1.024,925450000,938760000,0
2019-09-10,1.011,1.014,0.996,1.023,768240000,774620000,0
2019-09-11,1.030,1.021,1.014,1.039,1061580000,1089940000,0
2019-09-12,1.026,1.037,1.015,1.039,653980000,672550000,0
2019-09-16,1.039,1.023,1.016,1.039,565570000,581240000,0
2019-09-17,1.016,0.993,0.990,1.019,865310000,867310000,0
2019-09-18,0.996,0.987,0.985,0.998,481730000,477320000,0
2019-09-19,0.991,0.994,0.983,0.995,464750000,459850000,0
2019-09-20,0.993,0.986,0.980,0.994,577470000,570160000,0
2019-09-23,0.981,0.973,0.967,0.981,653730000,635480000,0
2019-09-24,0.976,0.976,0.970,0.989,651420000,637750000,0
2019-09-25,0.970,0.970,0.965,0.980,561470000,545320000,0
2019-09-26,0.973,0.957,0.955,0.977,703000000,678610000,0
2019-09-27,0.957,0.962,0.955,0.964,437350000,419700000,0
2019-09-30,0.961,0.941,0.940,0.963,455860000,434290000,0
2019-10-08,0.941,0.934,0.931,0.946,409000000,383840000,0
2019-10-09,0.929,0.936,0.924,0.937,410480000,382060000,0
2019-10-10,0.937,0.944,0.934,0.945,466920000,439520000,0
2019-10-11,0.946,0.960,0.938,0.968,900010000,859110000,0
2019-10-14,0.975,0.975,0.968,0.989,958000000,937950000,0
2019-10-15,0.973,0.964,0.962,0.974,346200000,334450000,0
2019-10-16,0.967,0.957,0.956,0.976,446360000,430990000,0
2019-10-17,0.956,0.955,0.950,0.963,325070000,310750000,0
2019-10-18,0.956,0.932,0.931,0.957,671700000,632970000,0
2019-10-21,0.926,0.923,0.913,0.926,534450000,491510000,0
2019-10-22,0.925,0.928,0.920,0.930,370400000,342700000,0
2019-10-23,0.929,0.919,0.919,0.932,323450000,299010000,0
2019-10-24,0.921,0.925,0.918,0.932,441970000,408830000,0
2019-10-25,0.924,0.937,0.920,0.937,613150000,569940000,0
2019-10-28,0.941,0.950,0.934,0.953,609180000,575080000,0
2019-10-29,0.948,0.931,0.930,0.949,550720000,516660000,0
2019-10-30,0.927,0.921,0.919,0.931,525670000,485650000,0
2019-10-31,0.922,0.920,0.918,0.928,363350000,335070000,0
2019-11-01,0.919,0.933,0.916,0.936,557070000,516690000,0
2019-11-04,0.934,0.934,0.931,0.941,478730000,447980000,0
2019-11-05,0.936,0.947,0.934,0.955,962890000,911280000,0
2019-11-06,0.947,0.937,0.934,0.947,425200000,400010000,0
2019-11-07,0.935,0.941,0.934,0.947,597130000,561640000,0
2019-11-08,0.949,0.928,0.928,0.952,711930000,669530000,0
2019-11-11,0.926,0.911,0.910,0.926,807610000,741740000,0
2019-11-12,0.911,0.913,0.906,0.916,446290000,406610000,0
2019-11-13,0.910,0.905,0.902,0.912,417270000,378340000,0
2019-11-14,0.905,0.907,0.902,0.912,462250000,419050000,0
2019-11-15,0.905,0.896,0.895,0.909,566540000,510280000,0
2019-11-18,0.894,0.907,0.893,0.910,562640000,509230000,0
2019-11-19,0.905,0.914,0.905,0.915,532600000,484630000,0
2019-11-20,0.912,0.900,0.898,0.913,497910000,451240000,0
2019-11-21,0.895,0.900,0.893,0.904,430350000,387250000,0
2019-11-22,0.901,0.899,0.894,0.910,525420000,473530000,0
2019-11-25,0.898,0.903,0.893,0.904,376390000,338160000,0
2019-11-26,0.904,0.899,0.897,0.906,273890000,246580000,0
2019-11-27,0.898,0.895,0.894,0.900,304390000,272780000,0
2019-11-28,0.894,0.895,0.892,0.899,296160000,265010000,0
2019-11-29,0.894,0.898,0.893,0.904,469920000,422340000,0
2019-12-02,0.911,0.904,0.904,0.916,666390000,606300000,0
2019-12-03,0.900,0.910,0.898,0.910,478590000,432880000,0
2019-12-04,0.905,0.907,0.903,0.908,324270000,293650000,0
2019-12-05,0.910,0.921,0.910,0.923,855950000,785400000,0
2019-12-06,0.922,0.926,0.917,0.927,543800000,501620000,0
2019-12-09,0.929,0.924,0.922,0.930,411550000,380800000,0
2019-12-10,0.921,0.923,0.916,0.925,365130000,336200000,0
2019-12-11,0.925,0.924,0.920,0.933,577550000,534750000,0
2019-12-12,0.923,0.919,0.917,0.925,443040000,408010000,0
2019-12-13,0.933,0.957,0.930,0.963,1778610000,1678360000,0
2019-12-16,0.957,0.969,0.948,0.976,1513890000,1455030000,0
2019-12-17,0.970,0.999,0.965,1.026,1896030000,1885220000,0
2019-12-18,0.997,0.998,0.993,1.015,1457650000,1463240000,0
2019-12-19,0.996,0.993,0.987,1.002,1073190000,1066910000,0
2019-12-20,0.997,1.000,0.995,1.021,1678100000,1691120000,0
2019-12-23,0.997,0.972,0.970,1.010,1442280000,1429070000,0
2019-12-24,0.975,0.983,0.970,0.984,848030000,828120000,0
2019-12-25,0.977,0.985,0.973,0.996,942240000,925890000,0
2019-12-26,0.984,1.008,0.982,1.010,1223130000,1215650000,0
2019-12-27,1.010,0.989,0.987,1.024,1558970000,1573270000,0
2019-12-30,0.983,1.046,0.980,1.054,2219700000,2272350000,0
2019-12-31,1.041,1.040,1.031,1.050,1315450000,1369130000,0
2020-01-02,1.061,1.049,1.045,1.067,1395810000,1474290000,0
2020-01-03,1.047,1.045,1.040,1.057,1060670000,1111260000,0
2020-01-06,1.037,1.045,1.032,1.068,1328030000,1391830000,0
2020-01-07,1.048,1.053,1.037,1.059,1099470000,1151240000,0
2020-01-08,1.043,1.021,1.017,1.043,1852390000,1910870000,0
2020-01-09,1.036,1.036,1.030,1.044,1071230000,1110250000,0
2020-01-10,1.052,1.038,1.030,1.055,1119350000,1167210000,0
2020-01-13,1.031,1.050,1.019,1.051,1627090000,1681040000,0
2020-01-14,1.051,1.036,1.035,1.054,1174250000,1228360000,0
2020-01-15,1.033,1.031,1.028,1.040,850670000,878640000,0
2020-01-16,1.034,1.026,1.025,1.034,671750000,691370000,0
2020-01-17,1.030,1.031,1.029,1.046,1180430000,1223350000,0
2020-01-20,1.031,1.046,1.026,1.048,1071850000,1113820000,0
2020-01-21,1.040,1.028,1.026,1.047,1115710000,1155100000,0
2020-01-22,1.020,1.035,1.003,1.042,1591220000,1625050000,0
2020-01-23,1.020,0.994,0.982,1.025,1767010000,1776970000,0
2020-02-03,0.895,0.895,0.895,0.899,873650000,782090000,0
2020-02-04,0.875,0.892,0.871,0.899,2764860000,2450380000,0
2020-02-05,0.896,0.905,0.888,0.928,2083950000,1887760000,0
2020-02-06,0.902,0.928,0.895,0.935,1929200000,1767320000,0
2020-02-07,0.920,0.929,0.917,0.935,1453970000,1346520000,0
2020-02-10,0.922,0.938,0.921,0.945,1371480000,1283560000,0
2020-02-11,0.945,0.937,0.936,0.959,1640560000,1550500000,0
2020-02-12,0.933,0.953,0.933,0.957,1331650000,1259500000,0
2020-02-13,0.950,0.937,0.933,0.957,1102890000,1039310000,0
2020-02-14,0.934,0.954,0.933,0.965,1745830000,1660760000,0
2020-02-17,0.980,1.004,0.970,1.007,2256830000,2224700000,0
2020-02-18,1.003,0.997,0.988,1.007,1354260000,1349770000,0
2020-02-19,0.996,0.999,0.993,1.020,1611730000,1625510000,0
2020-02-20,1.000,1.068,1.000,1.069,2646200000,2729010000,0
2020-02-21,1.066,1.064,1.047,1.097,3265780000,3493790000,0
2020-02-24,1.058,1.065,1.047,1.079,2123330000,2256140000,0
2020-02-25,1.048,1.073,1.021,1.076,2959500000,3113870000,0
2020-02-26,1.051,1.053,1.045,1.084,2254890000,2405860000,0
2020-02-27,1.059,1.055,1.046,1.077,1964110000,2083160000,0
2020-02-28,1.025,0.987,0.982,1.032,2767060000,2786170000,0
2020-03-02,1.001,1.036,0.991,1.045,2514580000,2567100000,0
2020-03-03,1.055,1.046,1.033,1.073,2119790000,2232650000,0
2020-03-04,1.040,1.075,1.037,1.076,2328520000,2461080000,0
2020-03-05,1.091,1.108,1.066,1.124,3314680000,3626340000,0
2020-03-06,1.088,1.067,1.066,1.093,2244220000,2418710000,0
2020-03-09,1.044,1.034,1.022,1.058,2468010000,2571030000,0
2020-03-10,1.038,1.068,1.023,1.073,2447780000,2572280000,0
2020-03-11,1.063,1.037,1.036,1.066,1489470000,1566760000,0
2020-03-12,1.021,1.025,1.013,1.037,1568890000,1607240000,0
2020-03-13,0.978,1.016,0.971,1.030,2422330000,2416870000,0
2020-03-16,1.015,0.959,0.955,1.018,2333000000,2307580000,0
2020-03-17,0.976,0.961,0.937,0.985,1622280000,1560810000,0
2020-03-18,0.964,0.930,0.929,0.975,1580260000,1511490000,0
2020-03-19,0.932,0.942,0.913,0.953,2305310000,2153130000,0
2020-03-20,0.949,0.954,0.933,0.955,1328570000,1256610000,0
2020-03-23,0.922,0.912,0.911,0.937,1365920000,1261830000,0
2020-03-24,0.931,0.936,0.909,0.937,1682350000,1555060000,0
2020-03-25,0.957,0.951,0.941,0.960,1951250000,1855620000,0
2020-03-26,0.943,0.934,0.933,0.948,953480000,897300000,0
2020-03-27,0.945,0.941,0.938,0.958,1414180000,1339380000,0
2020-03-30,0.925,0.932,0.920,0.936,891630000,826050000,0
2020-03-31,0.940,0.927,0.926,0.941,842920000,787480000,0
2020-04-01,0.922,0.922,0.921,0.940,972640000,904760000,0
2020-04-02,0.919,0.940,0.918,0.941,952760000,885460000,0
2020-04-03,0.934,0.926,0.923,0.936,699870000,650500000,0
2020-04-07,0.942,0.948,0.936,0.951,1615840000,1523460000,0
2020-04-08,0.941,0.943,0.938,0.948,719550000,677580000,0
2020-04-09,0.951,0.952,0.950,0.967,1543840000,1478630000,0
2020-04-10,0.954,0.939,0.937,0.956,981250000,927460000,0
2020-04-13,0.931,0.929,0.924,0.934,926790000,861430000,0
2020-04-14,0.935,0.954,0.931,0.965,1510590000,1429160000,0
2020-04-15,0.949,0.944,0.942,0.962,1063550000,1011930000,0
2020-04-16,0.938,0.952,0.937,0.963,1260410000,1201240000,0
2020-04-17,0.959,0.950,0.949,0.961,1019800000,974980000,0
2020-04-20,0.953,0.954,0.948,0.954,588390000,559690000,0
2020-04-21,0.949,0.936,0.931,0.949,851130000,798060000,0
2020-04-22,0.930,0.939,0.929,0.940,596630000,557490000,0
2020-04-23,0.939,0.931,0.930,0.940,573630000,535740000,0
2020-04-24,0.928,0.915,0.911,0.931,910530000,838010000,0
2020-04-27,0.915,0.913,0.911,0.923,679680000,623910000,0
2020-04-28,0.922,0.925,0.906,0.930,1211560000,1117230000,0
2020-04-29,0.918,0.926,0.917,0.931,776110000,718150000,0
2020-04-30,0.931,0.947,0.931,0.949,1428530000,1345200000,0
2020-05-06,0.931,0.950,0.930,0.950,1461010000,1370180000,0
2020-05-07,0.947,0.943,0.941,0.955,1027530000,973410000,0
2020-05-08,0.950,0.961,0.945,0.970,2015460000,1928810000,0
2020-05-11,0.963,0.954,0.947,0.966,1058150000,1013070000,0
2020-05-12,0.957,0.951,0.943,0.959,767660000,729570000,0
2020-05-13,0.945,0.951,0.943,0.954,739240000,701370000,0
2020-05-14,0.946,0.938,0.937,0.947,887030000,835860000,0
2020-05-15,0.944,0.940,0.939,0.947,753320000,710140000,0
2020-05-18,0.939,0.936,0.932,0.944,772690000,725130000,0
2020-05-19,0.945,0.941,0.938,0.946,819510000,771790000,0
2020-05-20,0.939,0.934,0.933,0.943,1009980000,946630000,0
2020-05-21,0.936,0.926,0.925,0.938,833230000,776420000,0
2020-05-22,0.925,0.905,0.903,0.926,1480160000,1351170000,0
2020-05-25,0.902,0.900,0.897,0.907,849740000,765740000,0
2020-05-26,0.904,0.909,0.903,0.910,768500000,696970000,0
2020-05-27,0.908,0.899,0.898,0.909,615590000,555790000,0
2020-05-28,0.900,0.911,0.900,0.923,1241020000,1131800000,0
2020-05-29,0.905,0.907,0.904,0.910,555550000,503890000,0
2020-06-01,0.930,0.946,0.924,0.950,2208860000,2070540000,0
2020-06-02,0.943,0.943,0.939,0.950,861550000,813100000,0
2020-06-03,0.946,0.934,0.932,0.950,984920000,927880000,0
2020-06-04,0.937,0.929,0.928,0.939,827290000,771420000,0
2020-06-05,0.930,0.939,0.924,0.940,1077600000,1004680000,0
2020-06-08,0.943,0.934,0.933,0.943,783740000,735180000,0
2020-06-09,0.935,0.943,0.934,0.951,1195510000,1128220000,0
2020-06-10,0.941,0.936,0.933,0.941,685910000,642380000,0
2020-06-11,0.936,0.930,0.930,0.949,1283270000,1203280000,0
2020-06-12,0.916,0.929,0.914,0.933,939080000,868250000,0
2020-06-15,0.930,0.927,0.926,0.948,1250430000,1172650000,0
2020-06-16,0.935,0.936,0.931,0.940,813300000,760510000,0
2020-06-17,0.936,0.933,0.927,0.937,844920000,787090000,0
2020-06-18,0.932,0.943,0.930,0.950,1234590000,1163030000,0
2020-06-19,0.943,0.975,0.941,0.985,2720020000,2620410000,0
2020-06-22,0.976,1.002,0.975,1.035,2560720000,2579230000,0
2020-06-23,0.997,1.010,0.990,1.012,1646130000,1649070000,0
2020-06-24,1.014,1.011,1.003,1.029,1280620000,1297150000,0
2020-06-29,0.998,0.979,0.974,1.002,2100660000,2067760000,0
2020-06-30,0.984,1.012,0.982,1.024,1908830000,1910690000,0
2020-07-01,1.010,1.031,1.005,1.032,1971460000,2008430000,0
2020-07-02,1.030,1.116,1.026,1.118,3600700000,3872690000,0
2020-07-03,1.128,1.228,1.115,1.228,4721690000,5455380000,0
2020-07-06,1.258,1.351,1.231,1.351,6394960000,8251580000,0
2020-07-07,1.355,1.280,1.251,1.357,6320840000,8195280000,0
2020-07-08,1.271,1.353,1.267,1.394,5186880000,6865290000,0
2020-07-09,1.339,1.360,1.319,1.395,4499220000,6115420000,0
2020-07-10,1.330,1.331,1.322,1.369,3199130000,4299290000,0
2020-07-13,1.315,1.351,1.306,1.386,3930240000,5285610000,0
2020-07-14,1.333,1.356,1.322,1.368,3121790000,4196690000,0
2020-07-15,1.371,1.315,1.310,1.384,2654490000,3565840000,0
2020-07-16,1.313,1.246,1.241,1.346,2968410000,3858490000,0
2020-07-17,1.258,1.207,1.188,1.268,3300850000,4037400000,0
2020-07-20,1.231,1.276,1.224,1.293,2674730000,3357120000,0
2020-07-21,1.275,1.254,1.243,1.281,1602880000,2017430000,0
2020-07-22,1.258,1.265,1.250,1.316,2856740000,3670700000,0
2020-07-23,1.244,1.270,1.230,1.278,2614830000,3282170000,0
2020-07-24,1.256,1.191,1.175,1.267,3051830000,3707800000,0
2020-07-27,1.193,1.188,1.163,1.201,1764860000,2089740000,0
2020-07-28,1.202,1.188,1.174,1.206,1458480000,1732910000,0
2020-07-29,1.183,1.236,1.179,1.242,2983880000,3647850000,0
2020-07-30,1.237,1.226,1.220,1.244,1518330000,1868510000,0
2020-07-31,1.223,1.245,1.222,1.268,2294370000,2856560000,0
2020-08-03,1.267,1.272,1.245,1.274,2156570000,2718180000,0
2020-08-04,1.272,1.264,1.258,1.290,1872550000,2379680000,0
2020-08-05,1.259,1.258,1.242,1.268,1296940000,1626930000,0
2020-08-06,1.259,1.302,1.235,1.318,2692320000,3412770000,0
2020-08-07,1.270,1.257,1.230,1.302,3318000000,4190950000,0
2020-08-10,1.242,1.271,1.237,1.299,3162120000,4023650000,0
2020-08-11,1.268,1.228,1.226,1.287,2124080000,2680760000,0
2020-08-12,1.221,1.221,1.197,1.236,1909530000,2324230000,0
2020-08-13,1.227,1.229,1.217,1.249,1347460000,1659220000,0
2020-08-14,1.221,1.249,1.218,1.250,1592950000,1967840000,0
2020-08-17,1.279,1.311,1.268,1.345,4635740000,6021800000,0
2020-08-18,1.302,1.301,1.291,1.320,1821620000,2375620000,0
2020-08-19,1.297,1.276,1.272,1.311,1725670000,2233040000,0
2020-08-20,1.265,1.253,1.250,1.272,1216910000,1532330000,0
2020-08-21,1.265,1.276,1.257,1.284,1253500000,1590640000,0
2020-08-24,1.280,1.267,1.264,1.286,1113150000,1413880000,0
2020-08-25,1.271,1.262,1.257,1.287,1274820000,1621720000,0
2020-08-26,1.257,1.230,1.227,1.265,1843870000,2287920000,0
2020-08-27,1.229,1.234,1.221,1.243,1232630000,1517520000,0
2020-08-28,1.231,1.269,1.228,1.273,1959040000,2454930000,0
2020-08-31,1.279,1.266,1.262,1.304,2205300000,2841110000,0
2020-09-01,1.258,1.272,1.253,1.273,935210000,1181150000,0
2020-09-02,1.276,1.268,1.251,1.283,1544960000,1959990000,0
2020-09-03,1.266,1.258,1.255,1.288,1280200000,1625450000,0
2020-09-04,1.237,1.246,1.234,1.251,1080440000,1344220000,0
2020-09-07,1.244,1.208,1.205,1.248,1432940000,1758040000,0
2020-09-08,1.211,1.231,1.202,1.241,1491500000,1821400000,0
2020-09-09,1.215,1.206,1.200,1.224,1267470000,1537400000,0
2020-09-10,1.216,1.182,1.178,1.218,1584360000,1902160000,0
2020-09-11,1.176,1.181,1.166,1.186,1025750000,1208020000,0
2020-09-14,1.188,1.182,1.174,1.190,805210000,951600000,0
2020-09-15,1.181,1.186,1.177,1.190,732330000,866980000,0
2020-09-16,1.186,1.181,1.176,1.198,954580000,1134150000,0
2020-09-17,1.179,1.170,1.160,1.185,1027700000,1203670000,0
2020-09-18,1.169,1.234,1.167,1.238,2471360000,2978260000,0
2020-09-21,1.264,1.225,1.225,1.270,2160230000,2687060000,0
2020-09-22,1.211,1.230,1.210,1.266,2058380000,2546660000,0
2020-09-23,1.228,1.218,1.216,1.235,994800000,1216070000,0
2020-09-24,1.210,1.204,1.203,1.227,1093270000,1325210000,0
2020-09-25,1.207,1.223,1.203,1.232,1678150000,2046930000,0
2020-09-28,1.216,1.221,1.214,1.229,1143290000,1397390000,0
2020-09-29,1.226,1.225,1.223,1.236,1134870000,1394310000,0
2020-09-30,1.227,1.208,1.200,1.229,1130220000,1373200000,0
2020-10-09,1.228,1.228,1.220,1.231,1028690000,1261000000,0
2020-10-12,1.237,1.277,1.235,1.279,2320800000,2931930000,0
2020-10-13,1.260,1.258,1.247,1.261,2074020000,2602230000,0
2020-10-14,1.256,1.243,1.238,1.257,1412580000,1759080000,0
2020-10-15,1.245,1.240,1.240,1.262,1156690000,1444910000,0
2020-10-16,1.244,1.247,1.239,1.252,1117100000,1391260000,0
2020-10-19,1.257,1.232,1.231,1.266,1621910000,2024960000,0
2020-10-20,1.228,1.234,1.216,1.235,1005670000,1233010000,0
2020-10-21,1.233,1.226,1.220,1.236,968560000,1187700000,0
2020-10-22,1.222,1.235,1.219,1.246,1171950000,1441890000,0
2020-10-23,1.233,1.215,1.214,1.242,1287850000,1585310000,0
2020-10-26,1.208,1.177,1.168,1.208,1888950000,2231790000,0
2020-10-27,1.172,1.174,1.164,1.177,1025010000,1200710000,0
2020-10-28,1.172,1.181,1.166,1.185,1020990000,1201210000,0
2020-10-29,1.168,1.191,1.166,1.201,1656390000,1960640000,0
2020-10-30,1.184,1.149,1.148,1.194,1585130000,1854580000,0
2020-11-02,1.150,1.146,1.130,1.174,1580820000,1820590000,0
2020-11-03,1.149,1.174,1.147,1.187,1686660000,1973670000,0
2020-11-04,1.173,1.168,1.157,1.178,1084010000,1265760000,0
2020-11-05,1.186,1.186,1.176,1.196,1649840000,1955590000,0
2020-11-06,1.187,1.190,1.180,1.203,1637830000,1950760000,0
2020-11-09,1.199,1.236,1.194,1.252,3063140000,3756280000,0
2020-11-10,1.238,1.216,1.211,1.240,1584920000,1942670000,0
2020-11-11,1.214,1.190,1.189,1.217,1215590000,1458000000,0
2020-11-12,1.190,1.184,1.182,1.199,889840000,1056290000,0
2020-11-13,1.180,1.172,1.163,1.180,1417440000,1658360000,0
2020-11-16,1.178,1.179,1.166,1.183,1058250000,1244370000,0
2020-11-17,1.177,1.181,1.163,1.181,1104640000,1294230000,0
2020-11-18,1.182,1.187,1.180,1.201,1597320000,1903050000,0
2020-11-19,1.177,1.188,1.161,1.193,1582950000,1863070000,0
2020-11-20,1.184,1.189,1.182,1.193,1249610000,1484250000,0
2020-11-23,1.185,1.212,1.178,1.232,3179760000,3842870000,0
2020-11-24,1.206,1.202,1.198,1.217,1498030000,1808300000,0
2020-11-25,1.211,1.183,1.181,1.218,1701950000,2042980000,0
2020-11-26,1.180,1.188,1.176,1.194,1175560000,1391870000,0
2020-11-27,1.189,1.214,1.186,1.216,1903050000,2283290000,0
2020-11-30,1.223,1.222,1.218,1.267,3904670000,4859630000,0
2020-12-01,1.218,1.268,1.213,1.277,3210390000,4000210000,0
2020-12-02,1.265,1.265,1.255,1.288,2474980000,3137930000,0
2020-12-03,1.260,1.267,1.253,1.279,1730790000,2190510000,0
2020-12-04,1.260,1.248,1.237,1.260,1847920000,2301650000,0
2020-12-07,1.247,1.223,1.223,1.248,1528700000,1885710000,0
2020-12-08,1.224,1.226,1.221,1.237,1295770000,1592060000,0
2020-12-09,1.228,1.187,1.182,1.234,2278440000,2757440000,0
2020-12-10,1.181,1.181,1.171,1.190,1707150000,2017180000,0
2020-12-11,1.181,1.167,1.155,1.183,2067070000,2415170000,0
2020-12-14,1.168,1.166,1.156,1.170,1320140000,1535470000,0
2020-12-15,1.163,1.169,1.156,1.173,1260410000,1466250000,0
2020-12-16,1.170,1.156,1.155,1.171,1261150000,1465750000,0
2020-12-17,1.155,1.187,1.148,1.190,2723230000,3188210000,0
2020-12-18,1.180,1.173,1.169,1.187,1316040000,1548760000,0
2020-12-21,1.173,1.185,1.163,1.189,1721190000,2027070000,0
2020-12-22,1.178,1.135,1.133,1.181,2648500000,3063400000,0
2020-12-23,1.138,1.144,1.131,1.152,1928680000,2200580000,0
2020-12-24,1.142,1.133,1.130,1.154,1548860000,1764040000,0
2020-12-25,1.130,1.147,1.123,1.154,2112950000,2411150000,0
2020-12-28,1.143,1.141,1.137,1.160,1770120000,2028390000,0
2020-12-29,1.145,1.147,1.143,1.168,2034600000,2349100000,0
2020-12-30,1.142,1.169,1.140,1.170,2208460000,2555880000,0
2020-12-31,1.180,1.222,1.180,1.232,4696780000,5690330000,0
2021-01-04,1.235,1.232,1.206,1.244,3081340000,3778920000,0
2021-01-05,1.221,1.229,1.207,1.242,2725420000,3338470000,0
2021-01-06,1.230,1.229,1.215,1.253,2423350000,2985450000,0
2021-01-07,1.232,1.241,1.205,1.242,2831730000,3475370000,0
2021-01-08,1.241,1.231,1.227,1.250,2478490000,3061580000,0
2021-01-11,1.237,1.202,1.201,1.243,2676950000,3271540000,0
2021-01-12,1.197,1.286,1.190,1.293,5416770000,6735160000,0
2021-01-13,1.280,1.253,1.245,1.290,3091180000,3918410000,0
2021-01-14,1.246,1.222,1.221,1.249,2575710000,3174150000,0
2021-01-15,1.220,1.221,1.211,1.244,2179420000,2672660000,0
2021-01-18,1.214,1.233,1.211,1.251,2378500000,2935220000,0
2021-01-19,1.230,1.231,1.223,1.255,2229010000,2756420000,0
2021-01-20,1.233,1.231,1.227,1.250,1942580000,2402150000,0
2021-01-21,1.236,1.251,1.230,1.273,3087930000,3861600000,0
2021-01-22,1.245,1.224,1.219,1.248,2752960000,3385140000,0
2021-01-25,1.225,1.215,1.211,1.236,2493260000,3045310000,0
2021-01-26,1.208,1.171,1.170,1.216,2730860000,3250340000,0
2021-01-27,1.172,1.174,1.169,1.184,1489960000,1752820000,0
2021-01-28,1.163,1.168,1.158,1.180,1977100000,2305440000,0
2021-01-29,1.174,1.156,1.138,1.177,1924930000,2228620000,0
2021-02-01,1.162,1.151,1.148,1.167,1484350000,1715840000,0
2021-02-02,1.152,1.153,1.138,1.154,2205790000,2527780000,0
2021-02-03,1.150,1.137,1.136,1.154,1847340000,2114110000,0
2021-02-04,1.132,1.109,1.097,1.132,2826610000,3150280000,0
2021-02-05,1.112,1.101,1.099,1.124,1880670000,2091160000,0
2021-02-08,1.104,1.102,1.087,1.113,1917090000,2110500000,0
2021-02-09,1.103,1.134,1.091,1.137,3081210000,3448030000,0
2021-02-10,1.130,1.133,1.123,1.139,1786640000,2019940000,0
2021-02-18,1.153,1.139,1.138,1.159,2196960000,2521480000,0
2021-02-19,1.134,1.162,1.131,1.163,1820450000,2086360000,0
2021-02-22,1.163,1.127,1.126,1.170,2552980000,2939420000,0
2021-02-23,1.123,1.123,1.116,1.140,1606560000,1812370000,0
2021-02-24,1.123,1.115,1.106,1.133,1801250000,2018710000,0
2021-02-25,1.120,1.116,1.110,1.132,1875490000,2104370000,0
2021-02-26,1.100,1.098,1.092,1.109,1827340000,2012420000,0
2021-03-01,1.099,1.090,1.081,1.100,1900110000,2064870000,0
2021-03-02,1.091,1.077,1.073,1.096,1665230000,1803910000,0
2021-03-03,1.075,1.097,1.073,1.097,2008930000,2185600000,0
2021-03-04,1.088,1.071,1.069,1.091,1832150000,1975140000,0
2021-03-05,1.063,1.093,1.062,1.102,2584590000,2813660000,0
2021-03-08,1.100,1.073,1.072,1.108,1835950000,2004940000,0
2021-03-09,1.073,1.045,1.037,1.077,1826400000,1930860000,0
2021-03-10,1.055,1.039,1.038,1.056,1171410000,1224090000,0
2021-03-11,1.040,1.056,1.039,1.057,1426260000,1497460000,0
2021-03-12,1.054,1.056,1.038,1.068,1981010000,2084500000,0
2021-03-15,1.046,1.032,1.029,1.046,1442470000,1495020000,0
2021-03-16,1.034,1.037,1.027,1.039,1062890000,1099560000,0
2021-03-17,1.034,1.039,1.032,1.045,1130360000,1173980000,0
2021-03-18,1.041,1.041,1.038,1.051,1048010000,1094130000,0
2021-03-19,1.031,1.030,1.026,1.035,1133600000,1168190000,0
2021-03-22,1.034,1.049,1.032,1.057,1459580000,1524610000,0
2021-03-23,1.046,1.054,1.039,1.064,1616100000,1698550000,0
2021-03-24,1.049,1.060,1.047,1.085,2136040000,2280820000,0
2021-03-25,1.052,1.051,1.050,1.064,931240000,982800000,0
2021-03-26,1.052,1.057,1.048,1.061,1100540000,1161810000,0
2021-03-29,1.056,1.056,1.052,1.067,1025910000,1085410000,0
2021-03-30,1.053,1.052,1.050,1.058,930570000,980290000,0
2021-03-31,1.051,1.037,1.036,1.052,1024520000,1066230000,0
2021-04-01,1.039,1.045,1.034,1.046,1557130000,1619620000,0
2021-04-02,1.047,1.048,1.043,1.054,1141040000,1195140000,0
2021-04-06,1.054,1.046,1.046,1.056,976060000,1024950000,0
2021-04-07,1.045,1.043,1.038,1.049,1007470000,1050250000,0
2021-04-08,1.040,1.048,1.038,1.059,1868540000,1962730000,0
2021-04-09,1.044,1.036,1.035,1.047,927300000,964140000,0
2021-04-12,1.034,1.015,1.014,1.037,1229330000,1263210000,0
2021-04-13,1.013,1.013,1.007,1.018,1076370000,1090380000,0
2021-04-14,1.013,1.025,1.012,1.028,1070380000,1093740000,0
2021-04-15,1.021,1.015,1.012,1.021,793300000,805360000,0
2021-04-16,1.017,1.022,1.014,1.027,889540000,907820000,0
2021-04-19,1.019,1.049,1.017,1.052,1787940000,1855350000,0
2021-04-20,1.045,1.039,1.038,1.055,911110000,952560000,0
2021-04-21,1.035,1.037,1.033,1.044,658970000,683670000,0
2021-04-22,1.042,1.040,1.038,1.050,907700000,946780000,0
2021-04-23,1.036,1.038,1.035,1.045,797560000,828560000,0
2021-04-26,1.040,1.020,1.020,1.051,1290860000,1338400000,0
2021-04-27,1.017,1.014,1.005,1.023,1503970000,1522140000,0
2021-04-28,1.011,1.017,1.010,1.022,875190000,889580000,0
2021-04-29,1.018,1.042,1.017,1.050,2202480000,2287670000,0
2021-04-30,1.038,1.031,1.027,1.044,1343630000,1390270000,0
2021-05-06,1.040,1.022,1.021,1.045,1015850000,1047480000,0
2021-05-07,1.021,1.007,1.005,1.023,1456610000,1474270000,0
2021-05-10,1.007,0.998,0.992,1.007,1356930000,1353450000,0
2021-05-11,0.993,1.013,0.990,1.019,1479540000,1485500000,0
2021-05-12,1.008,1.010,1.003,1.013,869180000,876130000,0
2021-05-13,1.004,1.006,1.002,1.014,778750000,785280000,0
2021-05-14,1.010,1.081,1.010,1.087,4567530000,4804390000,0
2021-05-17,1.063,1.066,1.056,1.076,2113670000,2252410000,0
2021-05-18,1.061,1.065,1.059,1.083,1514680000,1619900000,0
2021-05-19,1.060,1.064,1.060,1.079,1271050000,1357580000,0
2021-05-20,1.063,1.079,1.063,1.092,1875850000,2020520000,0
2021-05-21,1.079,1.060,1.058,1.081,1442140000,1538180000,0
2021-05-24,1.066,1.080,1.066,1.092,1966180000,2126130000,0
2021-05-25,1.078,1.127,1.076,1.133,3616970000,4040640000,0
2021-05-26,1.133,1.124,1.122,1.148,2452220000,2787500000,0
2021-05-27,1.120,1.125,1.117,1.138,1425530000,1602780000,0
2021-05-28,1.125,1.142,1.121,1.162,2167460000,2469910000,0
2021-05-31,1.142,1.144,1.131,1.147,1274000000,1449850000,0
2021-06-01,1.138,1.129,1.116,1.138,1568410000,1763970000,0
2021-06-02,1.126,1.105,1.103,1.134,1621630000,1808570000,0
2021-06-03,1.106,1.105,1.102,1.124,1309730000,1458950000,0
2021-06-04,1.099,1.111,1.097,1.146,1931000000,2155240000,0
2021-06-07,1.111,1.120,1.107,1.132,1259350000,1409810000,0
2021-06-08,1.116,1.122,1.114,1.136,1333980000,1500780000,0
2021-06-09,1.122,1.109,1.105,1.126,1133290000,1260510000,0
2021-06-10,1.109,1.113,1.107,1.129,1219930000,1363470000,0
2021-06-11,1.116,1.093,1.092,1.119,1408940000,1558170000,0
2021-06-15,1.094,1.078,1.077,1.095,1144370000,1239180000,0
2021-06-16,1.076,1.070,1.064,1.084,1265080000,1356350000,0
2021-06-17,1.071,1.074,1.068,1.080,1164630000,1250600000,0
2021-06-18,1.073,1.085,1.070,1.090,1298920000,1404550000,0
2021-06-21,1.086,1.084,1.080,1.096,1098330000,1192540000,0
2021-06-22,1.088,1.080,1.076,1.091,1067300000,1154700000,0
2021-06-23,1.080,1.085,1.072,1.091,1307550000,1415820000,0
2021-06-24,1.086,1.089,1.083,1.101,1290950000,1408810000,0
2021-06-25,1.092,1.123,1.087,1.134,2801580000,3126190000,0
2021-06-28,1.126,1.112,1.108,1.129,1488620000,1657430000,0
2021-06-29,1.111,1.097,1.094,1.114,1329500000,1466530000,0
2021-06-30,1.098,1.109,1.094,1.112,1386710000,1529390000,0
2021-07-01,1.125,1.077,1.075,1.131,1907630000,2099330000,0
2021-07-02,1.073,1.046,1.045,1.073,1535300000,1622990000,0
2021-07-05,1.047,1.048,1.038,1.052,930520000,972640000,0
2021-07-06,1.049,1.054,1.042,1.056,961070000,1007630000,0
2021-07-07,1.048,1.057,1.046,1.061,1105450000,1167630000,0
2021-07-08,1.064,1.055,1.054,1.070,1107370000,1176690000,0
2021-07-09,1.049,1.060,1.048,1.064,1142760000,1207520000,0
2021-07-12,1.074,1.083,1.065,1.091,1934930000,2090060000,0
2021-07-13,1.078,1.077,1.071,1.085,915420000,985730000,0
2021-07-14,1.075,1.064,1.062,1.078,1029460000,1100980000,0
2021-07-15,1.062,1.080,1.061,1.082,1338590000,1437080000,0
2021-07-16,1.086,1.080,1.076,1.096,1783230000,1933760000,0
2021-07-19,1.074,1.076,1.065,1.077,1114990000,1194210000,0
2021-07-20,1.067,1.071,1.066,1.079,884510000,947610000,0
2021-07-21,1.074,1.088,1.073,1.099,1959310000,2133060000,0
2021-07-22,1.088,1.106,1.084,1.109,2125480000,2335830000,0
2021-07-23,1.107,1.111,1.095,1.143,2623440000,2930960000,0
2021-07-26,1.111,1.080,1.079,1.120,1948680000,2143100000,0
2021-07-27,1.080,1.049,1.044,1.086,1813530000,1932420000,0
2021-07-28,1.045,1.037,1.032,1.054,1324090000,1379020000,0
2021-07-29,1.048,1.051,1.042,1.060,1478400000,1551390000,0
2021-07-30,1.044,1.028,1.026,1.046,1430690000,1476920000,0
2021-08-02,1.025,1.069,1.015,1.084,2486610000,2618300000,0
2021-08-03,1.060,1.070,1.057,1.096,1867000000,2007490000,0
2021-08-04,1.067,1.072,1.063,1.076,1157530000,1237710000,0
2021-08-05,1.067,1.053,1.050,1.077,1180030000,1252810000,0
2021-08-06,1.053,1.057,1.051,1.064,1000160000,1057730000,0
2021-08-09,1.051,1.080,1.051,1.090,1882330000,2031470000,0
2021-08-10,1.077,1.096,1.070,1.097,1858560000,2016640000,0
2021-08-11,1.094,1.086,1.085,1.104,1331920000,1456130000,0
2021-08-12,1.083,1.079,1.077,1.090,891680000,964710000,0
2021-08-13,1.077,1.079,1.072,1.089,929520000,1003080000,0
2021-08-16,1.083,1.089,1.082,1.105,1644140000,1801030000,0
2021-08-17,1.086,1.082,1.080,1.124,2260940000,2492530000,0
2021-08-18,1.078,1.157,1.077,1.159,4662190000,5270230000,0
2021-08-19,1.154,1.133,1.131,1.175,3121010000,3587030000,0
2021-08-20,1.129,1.135,1.116,1.149,1903180000,2155380000,0
2021-08-23,1.142,1.139,1.129,1.154,1624460000,1851950000,0
2021-08-24,1.138,1.161,1.129,1.175,2702680000,3119260000,0
2021-08-25,1.153,1.143,1.138,1.158,1699090000,1946060000,0
2021-08-26,1.140,1.129,1.127,1.150,1630180000,1852680000,0
2021-08-27,1.126,1.125,1.121,1.143,1616540000,1823640000,0
2021-08-30,1.130,1.105,1.100,1.132,2264450000,2514660000,0
2021-08-31,1.102,1.130,1.095,1.140,3118750000,3481890000,0
2021-09-01,1.125,1.170,1.121,1.198,4495870000,5230320000,0
2021-09-02,1.170,1.191,1.164,1.196,3080120000,3650660000,0
2021-09-03,1.240,1.178,1.177,1.244,3572130000,4311100000,0
2021-09-06,1.179,1.215,1.178,1.227,2504600000,3034620000,0
2021-09-07,1.205,1.244,1.195,1.250,3012300000,3687200000,0
2021-09-08,1.239,1.243,1.234,1.277,2545690000,3190740000,0
2021-09-09,1.226,1.233,1.217,1.239,1778570000,2183070000,0
2021-09-10,1.240,1.249,1.236,1.289,2906470000,3660340000,0
2021-09-13,1.247,1.253,1.244,1.274,1659640000,2084310000,0
2021-09-14,1.253,1.215,1.211,1.257,2194060000,2696730000,0
2021-09-15,1.210,1.211,1.203,1.228,1520650000,1847480000,0
2021-09-16,1.213,1.186,1.182,1.218,1900880000,2274760000,0
2021-09-17,1.187,1.200,1.181,1.204,1569950000,1875190000,0
2021-09-22,1.188,1.191,1.181,1.199,1451860000,1725020000,0
2021-09-23,1.200,1.206,1.192,1.219,1640750000,1977390000,0
2021-09-24,1.206,1.189,1.188,1.214,1503480000,1804080000,0
2021-09-27,1.188,1.157,1.150,1.198,2112280000,2484500000,0
2021-09-28,1.160,1.175,1.159,1.184,1261810000,1480770000,0
2021-09-29,1.166,1.159,1.143,1.168,1715590000,1985050000,0
2021-09-30,1.163,1.157,1.149,1.164,1107450000,1280470000,0
2021-10-08,1.165,1.169,1.161,1.176,1079640000,1261660000,0
2021-10-11,1.171,1.162,1.159,1.178,1025190000,1198600000,0
2021-10-12,1.156,1.125,1.112,1.156,2363850000,2675980000,0
2021-10-13,1.124,1.131,1.115,1.137,1301050000,1466800000,0
2021-10-14,1.128,1.128,1.120,1.133,1082040000,1219860000,0
2021-10-15,1.121,1.129,1.121,1.136,1080050000,1219070000,0
2021-10-18,1.130,1.130,1.123,1.133,797700000,900000000,0
2021-10-19,1.127,1.136,1.127,1.146,1105590000,1257700000,0
2021-10-20,1.136,1.132,1.131,1.143,1172700000,1332890000,0
2021-10-21,1.133,1.135,1.126,1.147,1702100000,1933780000,0
2021-10-22,1.137,1.137,1.130,1.145,1229630000,1398550000,0
2021-10-25,1.136,1.152,1.126,1.157,1757520000,2002900000,0
2021-10-26,1.146,1.140,1.139,1.155,1242680000,1423950000,0
2021-10-27,1.135,1.110,1.108,1.137,1903260000,2128810000,0
2021-10-28,1.107,1.102,1.099,1.115,1148510000,1271110000,0
2021-10-29,1.100,1.110,1.085,1.118,2006830000,2209320000,0
2021-11-01,1.105,1.114,1.103,1.124,1299900000,1450060000,0
2021-11-02,1.113,1.091,1.084,1.118,1820430000,1999080000,0
2021-11-03,1.092,1.095,1.090,1.102,900450000,986360000,0
2021-11-04,1.102,1.096,1.094,1.109,956600000,1051650000,0
2021-11-05,1.094,1.093,1.090,1.103,1082430000,1186670000,0
2021-11-08,1.091,1.104,1.090,1.111,1245760000,1371890000,0
2021-11-09,1.106,1.111,1.101,1.115,1269380000,1406310000,0
2021-11-10,1.108,1.109,1.099,1.114,1274150000,1408080000,0
2021-11-11,1.106,1.141,1.106,1.147,2803940000,3173480000,0
2021-11-12,1.141,1.135,1.129,1.143,1193090000,1353160000,0
2021-11-15,1.137,1.131,1.127,1.142,1030830000,1167060000,0
2021-11-16,1.128,1.115,1.112,1.134,1799620000,2019100000,0
2021-11-17,1.114,1.114,1.112,1.120,972240000,1083870000,0
2021-11-18,1.112,1.102,1.101,1.113,1205090000,1331730000,0
2021-11-19,1.100,1.124,1.100,1.130,2101000000,2346380000,0
2021-11-22,1.121,1.130,1.118,1.138,1711380000,1933740000,0
2021-11-23,1.127,1.133,1.127,1.148,1868550000,2129860000,0
2021-11-24,1.132,1.131,1.127,1.138,1081000000,1223780000,0
2021-11-25,1.130,1.125,1.123,1.134,1108110000,1249160000,0
2021-11-26,1.124,1.117,1.116,1.126,1257650000,1409240000,0
2021-11-29,1.108,1.107,1.103,1.112,1354560000,1499810000,0
2021-11-30,1.110,1.108,1.104,1.119,988610000,1098690000,0
2021-12-01,1.106,1.123,1.105,1.126,1321340000,1478540000,0
2021-12-02,1.120,1.131,1.118,1.138,1478910000,1672740000,0
2021-12-03,1.132,1.137,1.123,1.141,1370930000,1554260000,0
2021-12-06,1.145,1.153,1.144,1.187,3238560000,3779040000,0
2021-12-07,1.167,1.158,1.149,1.170,1569320000,1818010000,0
2021-12-08,1.159,1.174,1.150,1.174,1750680000,2039170000,0
2021-12-09,1.170,1.193,1.168,1.215,2668950000,3182160000,0
2021-12-10,1.183,1.178,1.175,1.187,1325820000,1564980000,0
2021-12-13,1.198,1.185,1.181,1.218,2523600000,3028100000,0
2021-12-14,1.177,1.178,1.174,1.190,1071630000,1264620000,0
2021-12-15,1.179,1.185,1.178,1.197,993710000,1179630000,0
2021-12-16,1.188,1.193,1.181,1.194,974530000,1157850000,0
2021-12-17,1.193,1.181,1.180,1.201,1202560000,1431190000,0
2021-12-20,1.176,1.161,1.159,1.186,1406750000,1646190000,0
2021-12-21,1.161,1.177,1.158,1.179,1185540000,1386540000,0
2021-12-22,1.177,1.167,1.165,1.177,757730000,886550000,0
2021-12-23,1.168,1.165,1.157,1.173,1126680000,1311720000,0
2021-12-24,1.165,1.158,1.156,1.174,909970000,1058790000,0
2021-12-27,1.158,1.160,1.155,1.165,684540000,793760000,0
2021-12-28,1.164,1.169,1.157,1.170,988950000,1150640000,0
2021-12-29,1.169,1.155,1.154,1.169,1038470000,1205860000,0
2021-12-30,1.154,1.174,1.152,1.179,1369950000,1602480000,0
2021-12-31,1.177,1.176,1.170,1.182,996880000,1171840000,0
2022-01-04,1.176,1.170,1.161,1.177,873370000,1020140000,0
2022-01-05,1.169,1.160,1.157,1.173,1125340000,1309650000,0
2022-01-06,1.154,1.137,1.134,1.156,1521870000,1737940000,0
2022-01-07,1.141,1.139,1.138,1.149,915500000,1046090000,0
2022-01-10,1.141,1.138,1.135,1.146,880940000,1004140000,0
2022-01-11,1.138,1.139,1.135,1.150,1103450000,1260410000,0
2022-01-12,1.141,1.143,1.134,1.145,1189660000,1355430000,0
2022-01-13,1.147,1.136,1.135,1.152,1257840000,1438850000,0
2022-01-14,1.127,1.105,1.104,1.127,1867000000,2082950000,0
2022-01-17,1.103,1.116,1.101,1.120,1052250000,1170870000,0
2022-01-18,1.115,1.118,1.111,1.126,1133660000,1268250000,0
2022-01-19,1.120,1.122,1.117,1.133,1040000000,1170670000,0
2022-01-20,1.122,1.141,1.118,1.149,1858630000,2112810000,0
2022-01-21,1.137,1.131,1.129,1.140,1186580000,1344520000,0
2022-01-24,1.127,1.123,1.122,1.133,917480000,1033860000,0
2022-01-25,1.119,1.093,1.092,1.122,1612910000,1788910000,0
2022-01-26,1.094,1.112,1.093,1.114,1336260000,1474310000,0
2022-01-27,1.106,1.087,1.085,1.111,1502370000,1647600000,0
2022-01-28,1.094,1.076,1.075,1.108,1403790000,1530460000,0
2022-02-07,1.091,1.092,1.084,1.098,1290480000,1407060000,0
2022-02-08,1.090,1.107,1.084,1.108,1208640000,1324860000,0
2022-02-09,1.106,1.110,1.102,1.113,890140000,986310000,0
2022-02-10,1.110,1.110,1.102,1.114,810520000,898470000,0
2022-02-11,1.108,1.111,1.106,1.127,1362070000,1521400000,0
2022-02-14,1.102,1.060,1.055,1.103,2506120000,2692410000,0
2022-02-15,1.058,1.062,1.055,1.063,1033920000,1094920000,0
2022-02-16,1.067,1.064,1.061,1.073,762540000,813030000,0
2022-02-17,1.062,1.056,1.055,1.066,940750000,996610000,0
2022-02-18,1.050,1.058,1.049,1.061,957950000,1010470000,0
2022-02-21,1.060,1.057,1.051,1.061,935780000,986680000,0
2022-02-22,1.049,1.036,1.032,1.050,1327870000,1381500000,0
2022-02-23,1.039,1.050,1.036,1.050,1078100000,1126570000,0
2022-02-24,1.043,1.020,1.011,1.049,1712460000,1760820000,0
2022-02-25,1.029,1.022,1.019,1.036,974680000,1000960000,0
2022-02-28,1.020,1.019,1.010,1.024,968430000,983590000,0
2022-03-01,1.023,1.028,1.020,1.030,1049140000,1075340000,0
2022-03-02,1.023,1.024,1.021,1.027,616440000,631210000,0
2022-03-03,1.029,1.024,1.022,1.032,734940000,754210000,0
2022-03-04,1.018,1.010,1.007,1.019,1117360000,1131610000,0
2022-03-07,1.005,0.985,0.981,1.006,1393120000,1384820000,0
2022-03-08,0.985,0.960,0.955,0.993,1624020000,1586150000,0
2022-03-09,0.968,0.937,0.902,0.970,2378180000,2231640000,0
2022-03-10,0.955,0.935,0.934,0.958,1622640000,1533970000,0
2022-03-11,0.921,0.956,0.907,0.963,2041010000,1904800000,0
2022-03-14,0.939,0.940,0.937,0.960,1181130000,1120100000,0
2022-03-15,0.932,0.909,0.906,0.952,1755540000,1633100000,0
2022-03-16,0.919,0.967,0.905,0.972,2681220000,2519700000,0
2022-03-17,0.974,0.963,0.959,0.986,2123920000,2059450000,0
2022-03-18,0.960,0.972,0.955,0.975,1352560000,1306480000,0
2022-03-21,0.965,0.955,0.951,0.967,1164900000,1116570000,0
2022-03-22,0.951,0.956,0.950,0.967,1192490000,1141730000,0
2022-03-23,0.959,0.957,0.953,0.961,747610000,715650000,0
2022-03-24,0.950,0.946,0.943,0.954,846520000,803010000,0
2022-03-25,0.947,0.935,0.934,0.955,1001330000,945210000,0
2022-03-28,0.927,0.936,0.920,0.945,980280000,914530000,0
2022-03-29,0.940,0.930,0.926,0.942,711100000,663990000,0
2022-03-30,0.936,0.965,0.935,0.967,1903250000,1818090000,0
2022-03-31,0.960,0.957,0.955,0.965,818080000,784400000,0
2022-04-01,0.951,0.970,0.950,0.974,1416170000,1366690000,0
2022-04-06,0.962,0.971,0.962,0.973,843640000,816530000,0
2022-04-07,0.968,0.951,0.950,0.977,1004100000,967400000,0
2022-04-08,0.952,0.966,0.945,0.971,1110740000,1065420000,0
2022-04-11,0.960,0.936,0.933,0.961,1190280000,1124460000,0
2022-04-12,0.936,0.967,0.933,0.977,1543570000,1476800000,0
2022-04-13,0.958,0.958,0.953,0.973,1088100000,1046280000,0
2022-04-14,0.965,0.972,0.960,0.980,1594750000,1551330000,0
2022-04-15,0.965,0.966,0.961,0.980,1111690000,1077650000,0
2022-04-18,0.953,0.940,0.933,0.953,1324500000,1246370000,0
2022-04-19,0.938,0.933,0.931,0.944,885250000,829220000,0
2022-04-20,0.933,0.918,0.916,0.937,1170100000,1082880000,0
2022-04-21,0.913,0.916,0.911,0.934,1353260000,1245910000,0
2022-04-22,0.910,0.917,0.909,0.924,1168990000,1073480000,0
2022-04-25,0.901,0.889,0.885,0.920,1962000000,1772070000,0
2022-04-26,0.888,0.849,0.842,0.890,2143510000,1851780000,0
2022-04-27,0.834,0.860,0.831,0.866,1970230000,1671170000,0
2022-04-28,0.851,0.844,0.832,0.855,1452120000,1225460000,0
2022-04-29,0.862,0.879,0.849,0.888,2603610000,2265380000,0
2022-05-05,0.867,0.867,0.862,0.873,1045470000,906990000,0
2022-05-06,0.852,0.844,0.842,0.856,1207400000,1025620000,0
2022-05-09,0.840,0.845,0.839,0.851,699550000,591310000,0
2022-05-10,0.838,0.858,0.836,0.862,1345990000,1147230000,0
2022-05-11,0.857,0.863,0.855,0.882,1997960000,1738130000,0
2022-05-12,0.858,0.865,0.857,0.874,1053980000,910230000,0
2022-05-13,0.869,0.870,0.862,0.875,995380000,863970000,0
2022-05-16,0.877,0.860,0.860,0.879,848170000,734510000,0
2022-05-17,0.861,0.866,0.856,0.870,1051140000,906770000,0
2022-05-18,0.869,0.868,0.864,0.876,1182770000,1029050000,0
2022-05-19,0.857,0.867,0.855,0.867,949660000,818130000,0
2022-05-20,0.872,0.884,0.870,0.885,1772660000,1559160000,0
2022-05-23,0.880,0.885,0.874,0.888,1006770000,886830000,0
2022-05-24,0.883,0.861,0.860,0.889,1160130000,1014430000,0
2022-05-25,0.860,0.864,0.859,0.865,833890000,719310000,0
2022-05-26,0.865,0.878,0.857,0.888,1487560000,1300970000,0
2022-05-27,0.883,0.877,0.871,0.887,1251810000,1102470000,0
2022-05-30,0.878,0.873,0.869,0.881,867400000,758240000,0
2022-05-31,0.872,0.884,0.869,0.886,1389870000,1221690000,0
2022-06-01,0.883,0.880,0.875,0.887,968910000,853820000,0
2022-06-02,0.877,0.886,0.872,0.890,1158150000,1021770000,0
2022-06-06,0.883,0.906,0.881,0.907,1878740000,1686970000,0
2022-06-07,0.903,0.908,0.901,0.923,1654500000,1509830000,0
2022-06-08,0.908,0.922,0.905,0.926,2249360000,2059910000,0
2022-06-09,0.924,0.922,0.918,0.945,2140310000,1991010000,0
2022-06-10,0.915,0.945,0.911,0.949,1988870000,1850480000,0
2022-06-13,0.933,0.932,0.923,0.945,1525090000,1424330000,0
2022-06-14,0.920,0.985,0.911,0.987,2459360000,2328260000,0
2022-06-15,0.990,1.015,0.990,1.052,4623180000,4725760000,0
2022-06-16,1.011,0.969,0.967,1.012,3237660000,3198020000,0
2022-06-17,0.960,0.966,0.946,0.982,2360910000,2272730000,0
2022-06-20,0.962,0.960,0.956,0.978,1656460000,1597140000,0
2022-06-21,0.961,0.959,0.951,0.967,1784800000,1712830000,0
2022-06-22,0.958,0.943,0.942,0.967,1587950000,1515930000,0
2022-06-23,0.942,0.977,0.941,0.985,2289990000,2212770000,0
2022-06-24,0.980,0.979,0.968,0.985,1682810000,1643800000,0
2022-06-27,0.983,0.980,0.977,0.992,1811480000,1781120000,0
2022-06-28,0.977,0.987,0.966,0.997,1862940000,1820490000,0
2022-06-29,0.981,0.967,0.965,0.994,1797410000,1765230000,0
2022-06-30,0.968,0.976,0.968,0.986,1753680000,1715070000,0
2022-07-01,0.977,0.963,0.960,0.978,1286670000,1246410000,0
2022-07-04,0.962,0.967,0.950,0.968,1200630000,1152610000,0
2022-07-05,0.968,0.954,0.948,0.973,1504890000,1440500000,0
2022-07-06,0.953,0.943,0.941,0.956,1459540000,1383490000,0
2022-07-07,0.942,0.941,0.940,0.952,1078970000,1019270000,0
2022-07-08,0.946,0.935,0.934,0.951,1208440000,1137710000,0
2022-07-11,0.932,0.924,0.923,0.934,1322850000,1227420000,0
2022-07-12,0.927,0.929,0.923,0.941,1330150000,1238090000,0
2022-07-13,0.928,0.927,0.924,0.934,957510000,889390000,0
2022-07-14,0.924,0.920,0.918,0.929,1112000000,1026130000,0
2022-07-15,0.917,0.896,0.894,0.921,1492430000,1357230000,0
2022-07-18,0.900,0.915,0.899,0.920,1253450000,1142200000,0
2022-07-19,0.914,0.923,0.911,0.927,1030200000,946830000,0
2022-07-20,0.926,0.923,0.920,0.929,764910000,706910000,0
2022-07-21,0.920,0.914,0.913,0.924,821900000,754840000,0
2022-07-22,0.917,0.916,0.909,0.926,1038820000,953470000,0
2022-07-25,0.915,0.905,0.905,0.916,830250000,754330000,0
2022-07-26,0.906,0.911,0.904,0.915,763990000,695110000,0
2022-07-27,0.908,0.908,0.905,0.912,663850000,603050000,0
2022-07-28,0.914,0.915,0.913,0.926,1254690000,1153680000,0
2022-07-29,0.916,0.907,0.906,0.922,1002940000,915270000,0
2022-08-01,0.904,0.900,0.894,0.905,931440000,836550000,0
2022-08-02,0.890,0.871,0.861,0.891,1651010000,1442560000,0
2022-08-03,0.872,0.866,0.865,0.881,1082050000,944780000,0
2022-08-04,0.872,0.874,0.868,0.879,1013110000,884150000,0
2022-08-05,0.875,0.895,0.873,0.896,1653780000,1463420000,0
2022-08-08,0.892,0.895,0.889,0.898,686320000,613950000,0
2022-08-09,0.893,0.892,0.890,0.899,710530000,635410000,0
2022-08-10,0.890,0.889,0.887,0.901,789520000,705300000,0
2022-08-11,0.896,0.938,0.893,0.938,2771200000,2552630000,0
2022-08-12,0.929,0.935,0.926,0.942,1259340000,1177610000,0
2022-08-15,0.929,0.927,0.924,0.938,931380000,866120000,0
2022-08-16,0.930,0.925,0.924,0.935,838770000,778930000,0
2022-08-17,0.927,0.944,0.922,0.949,1675450000,1574280000,0
2022-08-18,0.940,0.936,0.934,0.945,933870000,876380000,0
2022-08-19,0.935,0.931,0.930,0.944,943930000,884650000,0
2022-08-22,0.930,0.929,0.926,0.934,976170000,907050000,0
2022-08-23,0.927,0.931,0.923,0.945,1161940000,1083440000,0
2022-08-24,0.929,0.919,0.917,0.952,1606930000,1501980000,0
2022-08-25,0.920,0.937,0.920,0.941,1505320000,1398480000,0
2022-08-26,0.936,0.927,0.925,0.939,882930000,821690000,0
2022-08-29,0.918,0.922,0.914,0.924,861190000,791600000,0
2022-08-30,0.921,0.923,0.914,0.931,1048610000,965300000,0
2022-08-31,0.919,0.929,0.918,0.938,1277660000,1184510000,0
2022-09-01,0.926,0.917,0.915,0.929,960640000,885940000,0
2022-09-02,0.916,0.913,0.909,0.924,929130000,850220000,0
2022-09-05,0.912,0.920,0.909,0.921,832140000,761840000,0
2022-09-06,0.924,0.931,0.921,0.932,1047000000,970560000,0
2022-09-07,0.927,0.925,0.923,0.929,737140000,681840000,0
2022-09-08,0.927,0.922,0.922,0.931,745540000,690380000,0
2022-09-09,0.923,0.939,0.922,0.943,1369120000,1280120000,0
2022-09-13,0.940,0.937,0.936,0.949,795210000,748590000,0
2022-09-14,0.925,0.923,0.921,0.930,1117720000,1034480000,0
2022-09-15,0.927,0.922,0.916,0.934,1103040000,1022360000,0
2022-09-16,0.918,0.869,0.866,0.919,2467400000,2172370000,0
2022-09-19,0.867,0.859,0.856,0.868,965980000,832010000,0
2022-09-20,0.863,0.859,0.857,0.866,714570000,615450000,0
2022-09-21,0.856,0.860,0.846,0.863,937830000,801080000,0
2022-09-22,0.853,0.855,0.851,0.862,705130000,604130000,0
2022-09-23,0.855,0.856,0.850,0.865,842650000,722930000,0
2022-09-26,0.851,0.838,0.836,0.854,919210000,776830000,0
2022-09-27,0.841,0.845,0.836,0.846,815530000,685920000,0
2022-09-28,0.842,0.831,0.830,0.844,867430000,726030000,0
2022-09-29,0.836,0.820,0.815,0.837,1090330000,901050000,0
2022-09-30,0.819,0.816,0.816,0.827,809550000,665030000,0
2022-10-10,0.816,0.808,0.807,0.823,823540000,671330000,0
2022-10-11,0.811,0.816,0.807,0.826,787530000,642190000,0
2022-10-12,0.815,0.835,0.812,0.835,1051560000,865170000,0
2022-10-13,0.830,0.830,0.827,0.836,661400000,549310000,0
2022-10-14,0.838,0.845,0.835,0.850,1062450000,895810000,0
2022-10-17,0.840,0.849,0.838,0.850,638880000,540500000,0
2022-10-18,0.853,0.845,0.844,0.854,714180000,605140000,0
2022-10-19,0.844,0.837,0.836,0.847,606580000,509810000,0
2022-10-20,0.833,0.840,0.832,0.852,920150000,773170000,0
2022-10-21,0.859,0.844,0.841,0.863,1191300000,1014730000,0
2022-10-24,0.844,0.826,0.823,0.863,1376720000,1163990000,0
2022-10-25,0.826,0.811,0.801,0.828,1210090000,983590000,0
2022-10-26,0.812,0.818,0.811,0.829,1045800000,856860000,0
2022-10-27,0.818,0.822,0.817,0.833,856520000,705990000,0
2022-10-28,0.818,0.804,0.800,0.824,1182690000,961250000,0
2022-10-31,0.799,0.805,0.797,0.815,999570000,804570000,0
2022-11-01,0.806,0.830,0.805,0.830,1284970000,1053680000,0
2022-11-02,0.825,0.832,0.823,0.837,1147480000,951720000,0
2022-11-03,0.826,0.827,0.822,0.830,720330000,594890000,0
2022-11-04,0.827,0.850,0.826,0.857,1946910000,1643580000,0
2022-11-07,0.844,0.848,0.843,0.854,964090000,817910000,0
2022-11-08,0.849,0.845,0.841,0.852,721900000,609800000,0
2022-11-09,0.845,0.842,0.841,0.849,607760000,513000000,0
2022-11-10,0.839,0.848,0.836,0.852,904790000,764600000,0
2022-11-11,0.874,0.869,0.858,0.883,2102560000,1825900000,0
2022-11-14,0.872,0.876,0.870,0.893,1899260000,1672650000,0
2022-11-15,0.870,0.908,0.870,0.918,2353530000,2117510000,0
2022-11-16,0.902,0.892,0.890,0.907,1019370000,915190000,0
2022-11-17,0.888,0.896,0.885,0.897,1064920000,949040000,0
2022-11-18,0.896,0.884,0.883,0.897,1058540000,941400000,0
2022-11-21,0.879,0.869,0.863,0.879,989170000,859070000,0
2022-11-22,0.868,0.870,0.865,0.880,961460000,838640000,0
2022-11-23,0.869,0.871,0.867,0.879,756280000,659580000,0
2022-11-24,0.878,0.867,0.866,0.882,740050000,645580000,0
2022-11-25,0.865,0.876,0.864,0.882,973340000,850840000,0
2022-11-28,0.861,0.862,0.849,0.863,1059820000,907810000,0
2022-11-29,0.863,0.894,0.863,0.900,2310090000,2045630000,0
2022-11-30,0.890,0.894,0.890,0.906,1052720000,944470000,0
2022-12-01,0.910,0.897,0.897,0.929,2049970000,1872260000,0
2022-12-02,0.898,0.894,0.890,0.905,695990000,623820000,0
2022-12-05,0.905,0.926,0.903,0.927,1781840000,1634690000,0
2022-12-06,0.920,0.921,0.918,0.933,905790000,837330000,0
2022-12-07,0.918,0.912,0.906,0.926,1420670000,1297850000,0
2022-12-08,0.912,0.910,0.906,0.915,688840000,626950000,0
2022-12-09,0.912,0.918,0.903,0.923,1084560000,989500000,0
2022-12-12,0.912,0.896,0.895,0.912,1162490000,1047880000,0
2022-12-13,0.897,0.897,0.894,0.902,605010000,542930000,0
2022-12-14,0.899,0.903,0.894,0.908,781710000,704350000,0
2022-12-15,0.900,0.896,0.894,0.904,709980000,636680000,0
2022-12-16,0.891,0.893,0.890,0.900,862210000,770020000,0
2022-12-19,0.895,0.868,0.864,0.900,1227350000,1078470000,0
2022-12-20,0.865,0.863,0.860,0.872,777200000,672970000,0
2022-12-21,0.866,0.863,0.859,0.870,592140000,511740000,0
2022-12-22,0.869,0.862,0.858,0.875,813250000,705270000,0
2022-12-23,0.857,0.865,0.856,0.869,587950000,507580000,0
2022-12-26,0.865,0.862,0.856,0.866,696890000,600070000,0
2022-12-27,0.867,0.873,0.863,0.876,930860000,810940000,0
2022-12-28,0.869,0.867,0.865,0.873,638240000,554110000,0
2022-12-29,0.863,0.865,0.858,0.868,996230000,859920000,0
2022-12-30,0.867,0.869,0.866,0.873,559270000,486000000,0
2023-01-03,0.861,0.864,0.842,0.866,1616060000,1377510000,0
2023-01-04,0.861,0.866,0.861,0.871,1044310000,905090000,0
2023-01-05,0.871,0.883,0.871,0.888,1399840000,1230910000,0
2023-01-06,0.881,0.884,0.879,0.891,1175190000,1039780000,0
2023-01-09,0.887,0.899,0.887,0.909,1435570000,1290590000,0
2023-01-10,0.900,0.898,0.896,0.912,1013650000,915550000,0
2023-01-11,0.900,0.892,0.890,0.903,905160000,810680000,0
2023-01-12,0.894,0.900,0.888,0.900,796100000,712170000,0
2023-01-13,0.903,0.918,0.897,0.918,1298240000,1179210000,0
2023-01-16,0.921,0.947,0.918,0.968,2559790000,2426680000,0
2023-01-17,0.942,0.959,0.940,0.960,1747080000,1662340000,0
2023-01-18,0.957,0.955,0.954,0.965,851950000,815780000,0
2023-01-19,0.951,0.975,0.950,0.976,1193780000,1151370000,0
2023-01-20,0.977,0.969,0.960,0.977,1187010000,1147970000,0
2023-01-30,0.985,0.961,0.960,0.990,1801780000,1747320000,0
2023-01-31,0.960,0.956,0.949,0.968,1223460000,1169930000,0
2023-02-01,0.957,0.981,0.954,0.982,1447500000,1397040000,0
2023-02-02,0.995,0.961,0.959,0.997,2098960000,2034990000,0
2023-02-03,0.951,0.953,0.943,0.960,1416050000,1347740000,0
2023-02-06,0.945,0.935,0.934,0.946,1047520000,983240000,0
2023-02-07,0.939,0.938,0.933,0.942,727510000,682300000,0
2023-02-08,0.940,0.929,0.928,0.941,773700000,722580000,0
2023-02-09,0.929,0.944,0.927,0.945,1103350000,1036050000,0
2023-02-10,0.941,0.936,0.933,0.944,796010000,746470000,0
2023-02-13,0.933,0.942,0.930,0.943,1001440000,939610000,0
2023-02-14,0.943,0.940,0.934,0.944,688290000,646020000,0
2023-02-15,0.938,0.931,0.930,0.940,742410000,692820000,0
2023-02-16,0.932,0.926,0.918,0.949,1753860000,1645100000,0
2023-02-17,0.923,0.909,0.908,0.927,1097120000,1005800000,0
2023-02-20,0.919,0.946,0.915,0.947,1914230000,1783400000,0
2023-02-21,0.942,0.948,0.939,0.950,1046490000,988720000,0
2023-02-22,0.943,0.939,0.936,0.951,988540000,932090000,0
2023-02-23,0.939,0.947,0.939,0.956,1167250000,1107330000,0
2023-02-24,0.946,0.931,0.928,0.947,1017530000,950920000,0
2023-02-27,0.923,0.919,0.917,0.926,709780000,653810000,0
2023-02-28,0.923,0.927,0.917,0.928,711950000,657300000,0
2023-03-01,0.927,0.940,0.924,0.943,1145870000,1072630000,0
2023-03-02,0.938,0.937,0.935,0.942,679490000,637080000,0
2023-03-03,0.940,0.944,0.933,0.947,981930000,924060000,0
2023-03-06,0.944,0.930,0.929,0.945,1023340000,956340000,0
2023-03-07,0.928,0.914,0.913,0.938,1285440000,1190550000,0
2023-03-08,0.911,0.913,0.908,0.913,715500000,651600000,0
2023-03-09,0.913,0.908,0.906,0.915,627760000,571260000,0
2023-03-10,0.903,0.896,0.896,0.906,876800000,789160000,0
2023-03-13,0.896,0.900,0.892,0.903,667700000,599370000,0
2023-03-14,0.898,0.891,0.882,0.899,846810000,754250000,0
2023-03-15,0.898,0.896,0.895,0.903,723570000,650830000,0
2023-03-16,0.891,0.890,0.888,0.897,628150000,560590000,0
2023-03-17,0.897,0.905,0.897,0.914,1214100000,1099170000,0
2023-03-20,0.904,0.895,0.894,0.911,884990000,797930000,0
2023-03-21,0.899,0.903,0.896,0.905,727880000,655820000,0
2023-03-22,0.904,0.898,0.893,0.907,1029320000,925420000,0
2023-03-23,0.893,0.909,0.892,0.909,1066540000,962400000,0
2023-03-24,0.909,0.911,0.906,0.916,875190000,797570000,0
2023-03-27,0.911,0.916,0.906,0.919,997000000,910340000,0
2023-03-28,0.913,0.906,0.905,0.916,700750000,636480000,0
2023-03-29,0.909,0.901,0.897,0.910,806940000,727790000,0
2023-03-30,0.901,0.906,0.890,0.909,1091220000,981830000,0
2023-03-31,0.905,0.905,0.902,0.909,809670000,732870000,0
2023-04-03,0.905,0.942,0.903,0.943,2762540000,2565940000,0
2023-04-04,0.942,0.946,0.940,0.951,1426540000,1349160000,0
2023-04-06,0.943,0.939,0.934,0.946,998300000,937700000,0
2023-04-07,0.940,0.949,0.936,0.953,1420170000,1344020000,0
2023-04-10,0.958,0.939,0.938,0.962,1643680000,1561790000,0
2023-04-11,0.946,0.949,0.945,0.964,1367590000,1303750000,0
2023-04-12,0.950,0.952,0.945,0.959,977060000,929220000,0
2023-04-13,0.947,0.940,0.937,0.948,1135240000,1069820000,0
2023-04-14,0.942,0.941,0.934,0.945,1099860000,1033640000,0
2023-04-17,0.941,0.967,0.940,0.968,2007310000,1925080000,0
2023-04-18,0.966,0.962,0.958,0.974,1297760000,1251140000,0
2023-04-19,0.959,0.947,0.945,0.960,1288330000,1226460000,0
2023-04-20,0.945,0.951,0.940,0.951,1035950000,979320000,0
2023-04-21,0.950,0.916,0.913,0.951,1662880000,1546440000,0
2023-04-24,0.911,0.900,0.895,0.916,1307680000,1183190000,0
2023-04-25,0.902,0.904,0.894,0.910,1171930000,1056010000,0
2023-04-26,0.900,0.902,0.896,0.905,778170000,700830000,0
2023-04-27,0.900,0.908,0.896,0.911,1142670000,1032670000,0
2023-04-28,0.912,0.928,0.907,0.935,1586630000,1465370000,0
2023-05-04,0.922,0.939,0.918,0.941,1127460000,1051270000,0
2023-05-05,0.939,0.953,0.939,0.972,2187060000,2099340000,0
2023-05-08,0.951,0.972,0.944,0.983,1871700000,1808500000,0
2023-05-09,0.976,0.983,0.971,1.027,3578250000,3581020000,0
2023-05-10,0.973,0.955,0.952,0.981,1423380000,1372330000,0
2023-05-11,0.958,0.954,0.953,0.966,789270000,756730000,0
2023-05-12,0.954,0.941,0.940,0.958,841750000,797700000,0
2023-05-15,0.941,0.955,0.922,0.958,1501700000,1407260000,0
2023-05-16,0.954,0.946,0.944,0.965,969920000,925250000,0
2023-05-17,0.945,0.944,0.941,0.952,673010000,635980000,0
2023-05-18,0.946,0.941,0.938,0.952,795890000,751720000,0
2023-05-19,0.938,0.928,0.926,0.939,942730000,876870000,0
2023-05-22,0.926,0.926,0.922,0.931,762230000,705400000,0
2023-05-23,0.927,0.913,0.912,0.928,1069780000,982420000,0
2023-05-24,0.910,0.899,0.898,0.911,1480520000,1339030000,0
2023-05-25,0.896,0.901,0.889,0.901,1309140000,1172520000,0
2023-05-26,0.898,0.903,0.894,0.905,986890000,887580000,0
2023-05-29,0.905,0.894,0.893,0.905,922200000,828380000,0
2023-05-30,0.894,0.897,0.885,0.898,1078740000,961880000,0
2023-05-31,0.895,0.891,0.888,0.896,841390000,750560000,0
2023-06-01,0.891,0.893,0.888,0.902,988290000,885250000,0
2023-06-02,0.896,0.899,0.894,0.900,1045360000,938830000,0
2023-06-05,0.899,0.894,0.892,0.901,770020000,689970000,0
2023-06-06,0.893,0.882,0.881,0.899,1169300000,1041110000,0
2023-06-07,0.882,0.883,0.881,0.891,771770000,683030000,0
2023-06-08,0.883,0.894,0.878,0.897,1200870000,1066820000,0
2023-06-09,0.893,0.892,0.888,0.894,788710000,702730000,0
2023-06-12,0.889,0.883,0.880,0.890,908520000,802720000,0
2023-06-13,0.882,0.888,0.881,0.888,785520000,695610000,0
2023-06-14,0.889,0.889,0.888,0.900,950300000,848750000,0
2023-06-15,0.890,0.902,0.888,0.903,1470020000,1318410000,0
2023-06-16,0.903,0.906,0.898,0.908,1339850000,1210310000,0
2023-06-19,0.905,0.898,0.897,0.905,856880000,771070000,0
2023-06-20,0.897,0.895,0.895,0.901,861240000,772910000,0
2023-06-21,0.894,0.879,0.878,0.896,1195760000,1059380000,0
2023-06-26,0.872,0.858,0.858,0.873,1238430000,1070010000,0
2023-06-27,0.860,0.866,0.859,0.868,660520000,570700000,0
2023-06-28,0.865,0.866,0.859,0.868,725820000,626830000,0
2023-06-29,0.864,0.863,0.861,0.869,741310000,640540000,0
2023-06-30,0.862,0.879,0.862,0.882,1084340000,948480000,0
2023-07-03,0.879,0.891,0.879,0.895,1002930000,890180000,0
2023-07-04,0.890,0.891,0.886,0.895,644760000,574170000,0
2023-07-05,0.890,0.885,0.885,0.892,478060000,424320000,0
2023-07-06,0.884,0.885,0.881,0.890,554000000,490090000,0
2023-07-07,0.881,0.890,0.880,0.894,829460000,736490000,0
2023-07-10,0.894,0.890,0.887,0.897,653800000,583110000,0
2023-07-11,0.893,0.895,0.890,0.896,609350000,544340000,0
2023-07-12,0.895,0.889,0.886,0.899,683960000,610140000,0
2023-07-13,0.892,0.903,0.892,0.905,1214910000,1095340000,0
2023-07-14,0.904,0.901,0.900,0.905,577350000,520870000,0
2023-07-17,0.900,0.896,0.893,0.900,622390000,557610000,0
2023-07-18,0.898,0.899,0.895,0.902,495460000,445240000,0
2023-07-19,0.897,0.904,0.896,0.905,910390000,820200000,0
2023-07-20,0.907,0.896,0.896,0.909,760200000,686970000,0
2023-07-21,0.894,0.899,0.894,0.904,683460000,614690000,0
2023-07-24,0.895,0.898,0.893,0.903,620160000,556930000,0
2023-07-25,0.929,0.949,0.922,0.952,3341920000,3125050000,0
2023-07-26,0.942,0.946,0.935,0.949,1280380000,1206940000,0
2023-07-27,0.944,0.936,0.935,0.950,1026800000,966880000,0
2023-07-28,0.933,1.017,0.932,1.018,4196440000,4133510000,0
2023-07-31,1.026,1.013,1.011,1.045,3426200000,3523650000,0
2023-08-01,1.001,1.011,1.001,1.032,2317740000,2353030000,0
2023-08-02,1.006,1.018,1.005,1.039,1811520000,1852060000,0
2023-08-03,1.027,1.054,1.008,1.059,2800410000,2907130000,0
2023-08-04,1.080,1.063,1.059,1.113,4402230000,4764740000,0
2023-08-07,1.041,1.066,1.040,1.067,1888440000,1991190000,0
2023-08-08,1.056,1.059,1.027,1.081,2149620000,2267950000,0
2023-08-09,1.047,1.053,1.047,1.066,1278360000,1349670000,0
2023-08-10,1.053,1.074,1.050,1.075,1858350000,1973240000,0
2023-08-11,1.066,1.027,1.026,1.066,2964010000,3090180000,0
2023-08-14,1.006,1.017,1.005,1.033,1819830000,1852990000,0
2023-08-15,1.011,1.036,1.011,1.037,1772860000,1818750000,0
2023-08-16,1.024,1.038,1.013,1.064,1967300000,2046000000,0
2023-08-17,1.028,1.038,1.019,1.045,1595240000,1646860000,0
2023-08-18,1.038,1.021,1.020,1.053,1248200000,1292540000,0
2023-08-21,1.010,0.985,0.984,1.019,1879140000,1876330000,0
2023-08-22,0.989,1.004,0.983,1.010,2044530000,2033990000,0
2023-08-23,0.995,0.977,0.976,0.996,1095450000,1080360000,0
2023-08-24,0.983,0.992,0.983,1.009,1683400000,1672050000,0
2023-08-25,0.988,0.998,0.987,1.006,1329670000,1327360000,0
2023-08-28,1.098,1.023,1.018,1.098,4283550000,4563550000,0
2023-08-29,1.011,1.016,0.987,1.025,2890580000,2910180000,0
2023-08-30,1.008,0.987,0.985,1.008,1874500000,1865020000,0
2023-08-31,0.986,0.968,0.966,0.991,1415040000,1380490000,0
2023-09-01,0.975,0.969,0.966,0.980,1162480000,1130190000,0
2023-09-04,0.973,0.976,0.965,0.981,1144680000,1115840000,0
2023-09-05,0.973,0.967,0.963,0.974,926960000,896220000,0
2023-09-06,0.962,0.964,0.957,0.967,928280000,892540000,0
2023-09-07,0.963,0.959,0.956,0.970,1198940000,1154160000,0
2023-09-08,0.956,0.964,0.950,0.967,1071010000,1026710000,0
2023-09-11,0.964,0.979,0.958,0.985,1474030000,1434170000,0
2023-09-12,0.973,0.968,0.967,0.977,800320000,777480000,0
2023-09-13,0.966,0.957,0.953,0.969,894400000,857850000,0
2023-09-14,0.958,0.961,0.955,0.965,775270000,743670000,0
2023-09-15,0.965,0.957,0.951,0.967,885430000,848960000,0
2023-09-18,0.951,0.955,0.946,0.958,660790000,630010000,0
2023-09-19,0.955,0.956,0.952,0.961,869400000,831440000,0
2023-09-20,0.954,0.952,0.950,0.959,508830000,486110000,0
2023-09-21,0.951,0.945,0.945,0.959,740750000,704120000,0
2023-09-22,0.943,0.974,0.942,0.975,1537080000,1479130000,0
2023-09-25,0.969,0.950,0.950,0.969,1046710000,999410000,0
2023-09-26,0.949,0.952,0.948,0.956,496010000,472470000,0
2023-09-27,0.951,0.953,0.949,0.956,777110000,740730000,0
2023-09-28,0.955,0.947,0.945,0.957,823120000,779880000,0
2023-10-09,0.941,0.935,0.925,0.941,979730000,913680000,0
2023-10-10,0.939,0.932,0.932,0.943,523690000,490510000,0
2023-10-11,0.936,0.930,0.928,0.940,703780000,657180000,0
2023-10-12,0.944,0.941,0.937,0.946,777420000,731440000,0
2023-10-13,0.932,0.931,0.929,0.935,610990000,569290000,0
2023-10-16,0.930,0.929,0.924,0.935,755260000,701900000,0
2023-10-17,0.931,0.942,0.927,0.950,1098580000,1032840000,0
2023-10-18,0.938,0.941,0.936,0.946,712760000,671250000,0
2023-10-19,0.936,0.935,0.934,0.951,1117500000,1052100000,0
2023-10-20,0.930,0.938,0.929,0.943,983330000,921430000,0
2023-10-23,0.934,0.914,0.911,0.934,1249760000,1148750000,0
2023-10-24,0.919,0.945,0.917,0.948,1487260000,1388160000,0
2023-10-25,0.958,0.944,0.942,0.958,1504460000,1426270000,0
2023-10-26,0.935,0.943,0.933,0.945,859970000,808100000,0
2023-10-27,0.939,0.947,0.933,0.951,1345770000,1268550000,0
2023-10-30,0.942,0.943,0.934,0.945,1368020000,1285460000,0
2023-10-31,0.941,0.945,0.939,0.949,1037010000,978950000,0
2023-11-01,0.951,0.942,0.941,0.953,904170000,854490000,0
2023-11-02,0.943,0.935,0.934,0.949,921730000,867500000,0
2023-11-03,0.937,0.946,0.935,0.949,999800000,943230000,0
2023-11-06,0.972,0.984,0.962,0.987,2544390000,2481470000,0
2023-11-07,0.978,0.987,0.975,0.992,1437380000,1418650000,0
2023-11-08,0.984,0.979,0.970,0.990,1202050000,1176450000,0
2023-11-09,0.975,0.975,0.970,0.979,986790000,961230000,0
2023-11-10,0.968,0.975,0.968,0.980,1191590000,1162520000,0
2023-11-13,0.975,0.970,0.966,0.976,886130000,858560000,0
2023-11-14,0.970,0.983,0.969,0.997,1798220000,1767690000,0
2023-11-15,0.993,0.984,0.982,0.998,1376420000,1360960000,0
2023-11-16,0.982,0.975,0.974,0.989,836110000,820640000,0
2023-11-17,0.973,0.979,0.972,0.981,770890000,752610000,0
2023-11-20,0.979,0.975,0.963,0.979,983220000,953960000,0
2023-11-21,0.977,0.973,0.972,0.991,1167710000,1146140000,0
2023-11-22,0.970,0.964,0.963,0.975,767770000,743460000,0
2023-11-23,0.964,0.967,0.957,0.967,802310000,772070000,0
2023-11-24,0.965,0.957,0.954,0.965,697520000,668570000,0
2023-11-27,0.952,0.946,0.941,0.953,876960000,828610000,0
2023-11-28,0.946,0.945,0.940,0.949,595390000,562500000,0
2023-11-29,0.946,0.936,0.933,0.947,783010000,734870000,0
2023-11-30,0.936,0.938,0.934,0.942,789760000,740930000,0
2023-12-01,0.938,0.945,0.935,0.945,898430000,844870000,0
2023-12-04,0.944,0.942,0.941,0.949,823650000,778020000,0
2023-12-05,0.940,0.930,0.929,0.944,995000000,932030000,0
2023-12-06,0.929,0.927,0.925,0.933,810620000,752810000,0
2023-12-07,0.925,0.932,0.922,0.934,795960000,739630000,0
2023-12-08,0.931,0.925,0.925,0.934,1214360000,1128250000,0
2023-12-11,0.921,0.940,0.911,0.943,1438700000,1333200000,0
2023-12-12,0.936,0.936,0.934,0.941,721090000,675580000,0
2023-12-13,0.936,0.925,0.924,0.936,721430000,670720000,0
2023-12-14,0.931,0.921,0.920,0.932,770390000,713160000,0
2023-12-15,0.925,0.921,0.919,0.933,940460000,869730000,0
2023-12-18,0.921,0.920,0.916,0.929,858790000,791890000,0
2023-12-19,0.919,0.918,0.910,0.923,1002880000,920010000,0
2023-12-20,0.917,0.893,0.892,0.918,1476760000,1332830000,0
2023-12-21,0.889,0.893,0.885,0.897,945150000,842650000,0
2023-12-22,0.892,0.890,0.885,0.897,940550000,837700000,0
2023-12-25,0.889,0.885,0.882,0.890,557470000,493410000,0
2023-12-26,0.885,0.874,0.872,0.885,760350000,666740000,0
2023-12-27,0.875,0.882,0.866,0.887,1123960000,986210000,0
2023-12-28,0.878,0.902,0.877,0.906,1511630000,1352520000,0
2023-12-29,0.900,0.902,0.898,0.906,957500000,863490000,0
2024-01-02,0.901,0.891,0.890,0.902,702090000,628030000,0
2024-01-03,0.889,0.892,0.887,0.896,770960000,687240000,0
2024-01-04,0.891,0.884,0.877,0.891,1030380000,909060000,0
2024-01-05,0.882,0.877,0.872,0.891,912310000,805470000,0
2024-01-08,0.873,0.860,0.860,0.876,833300000,721630000,0
2024-01-09,0.862,0.858,0.852,0.866,758190000,652020000,0
2024-01-10,0.855,0.854,0.849,0.863,693530000,593390000,0
2024-01-11,0.853,0.862,0.851,0.865,773120000,663830000,0
2024-01-12,0.859,0.853,0.853,0.866,678810000,583350000,0
2024-01-15,0.849,0.852,0.847,0.861,618660000,527870000,0
2024-01-16,0.850,0.863,0.846,0.864,996480000,851510000,0
2024-01-17,0.859,0.847,0.846,0.859,914090000,780710000,0
2024-01-18,0.841,0.855,0.827,0.857,1608590000,1348860000,0
2024-01-19,0.849,0.846,0.843,0.852,962390000,815880000,0
2024-01-22,0.845,0.828,0.821,0.852,1247480000,1050570000,0
2024-01-23,0.826,0.845,0.820,0.853,1449820000,1216340000,0
2024-01-24,0.849,0.887,0.837,0.889,2217450000,1909660000,0
2024-01-25,0.873,0.890,0.870,0.899,2125630000,1880440000,0
2024-01-26,0.884,0.890,0.881,0.901,1451940000,1291650000,0
2024-01-29,0.888,0.875,0.873,0.892,1094270000,965850000,0
2024-01-30,0.869,0.864,0.863,0.881,1027140000,896220000,0
2024-01-31,0.860,0.855,0.850,0.869,1338180000,1149960000,0
2024-02-01,0.849,0.852,0.844,0.866,1127970000,963720000,0
2024-02-02,0.852,0.833,0.809,0.855,1666470000,1389020000,0
2024-02-05,0.824,0.815,0.800,0.837,1662060000,1361060000,0
2024-02-06,0.808,0.863,0.806,0.868,1710290000,1438260000,0
2024-02-07,0.858,0.873,0.857,0.878,1384920000,1204470000,0
2024-02-08,0.883,0.881,0.876,0.895,1168270000,1034920000,0
2024-02-19,0.878,0.871,0.860,0.878,1116680000,969060000,0
2024-02-20,0.868,0.882,0.864,0.889,1369500000,1202730000,0
2024-02-21,0.875,0.891,0.871,0.911,1945200000,1739200000,0
2024-02-22,0.886,0.901,0.884,0.905,1374110000,1230390000,0
2024-02-23,0.901,0.902,0.894,0.906,1300500000,1171400000,0
2024-02-26,0.900,0.895,0.894,0.903,980910000,881100000,0
2024-02-27,0.893,0.909,0.893,0.910,1112880000,1003050000,0
2024-02-28,0.916,0.895,0.894,0.931,2158750000,1981060000,0
2024-02-29,0.892,0.913,0.891,0.914,1486760000,1343830000,0
2024-03-01,0.911,0.920,0.907,0.924,1382950000,1264950000,0
2024-03-04,0.918,0.908,0.904,0.918,1169100000,1061970000,0
2024-03-05,0.902,0.901,0.898,0.908,1161370000,1047340000,0
2024-03-06,0.901,0.902,0.895,0.913,1121830000,1013550000,0
2024-03-07,0.899,0.890,0.887,0.907,1333510000,1195500000,0
2024-03-08,0.890,0.892,0.887,0.895,788690000,702710000,0
2024-03-11,0.893,0.906,0.892,0.906,1311210000,1179840000,0
2024-03-12,0.909,0.912,0.902,0.915,1602270000,1456010000,0
2024-03-13,0.911,0.898,0.897,0.911,1158800000,1045020000,0
2024-03-14,0.896,0.891,0.886,0.902,1080600000,965190000,0
2024-03-15,0.888,0.896,0.884,0.898,1114940000,992890000,0
2024-03-18,0.901,0.917,0.899,0.923,1964530000,1792480000,0
2024-03-19,0.913,0.900,0.899,0.913,1172650000,1061630000,0
2024-03-20,0.898,0.902,0.896,0.906,1085630000,977900000,0
2024-03-21,0.905,0.906,0.903,0.915,1208150000,1097700000,0
2024-03-22,0.904,0.890,0.888,0.906,1450620000,1297540000,0
2024-03-25,0.881,0.864,0.863,0.882,1602880000,1398480000,0
2024-03-26,0.864,0.866,0.860,0.869,823280000,711510000,0
2024-03-27,0.864,0.851,0.850,0.865,912520000,782900000,0
2024-03-28,0.852,0.853,0.850,0.863,1021050000,873340000,0
2024-03-29,0.852,0.856,0.846,0.857,986540000,840510000,0
2024-04-01,0.867,0.869,0.864,0.870,1008260000,874930000,0
2024-04-02,0.869,0.863,0.861,0.873,747280000,647030000,0
2024-04-03,0.861,0.856,0.856,0.866,636790000,546980000,0
2024-04-08,0.850,0.842,0.841,0.852,874640000,739460000,0
2024-04-09,0.843,0.845,0.841,0.847,565050000,476900000,0
2024-04-10,0.844,0.829,0.824,0.844,1170520000,974880000,0
2024-04-11,0.824,0.826,0.824,0.833,797750000,661070000,0
2024-04-12,0.826,0.811,0.809,0.828,1020210000,833220000,0
2024-04-15,0.806,0.824,0.800,0.833,1498200000,1224970000,0
2024-04-16,0.818,0.809,0.808,0.826,1050350000,859020000,0
2024-04-17,0.810,0.825,0.806,0.827,1336240000,1092890000,0
2024-04-18,0.823,0.832,0.821,0.844,1537380000,1282140000,0
2024-04-19,0.828,0.827,0.825,0.835,848030000,703540000,0
2024-04-22,0.825,0.829,0.824,0.838,828740000,687720000,0
2024-04-23,0.831,0.827,0.824,0.833,748450000,620110000,0
2024-04-24,0.828,0.828,0.822,0.830,805290000,665710000,0
2024-04-25,0.825,0.827,0.821,0.831,830160000,685740000,0
2024-04-26,0.846,0.878,0.838,0.879,2926420000,2508240000,0
2024-04-29,0.877,0.889,0.874,0.897,2395410000,2123550000,0
2024-04-30,0.884,0.873,0.871,0.886,1273930000,1117970000,0
2024-05-06,0.884,0.878,0.874,0.892,1398390000,1234140000,0
2024-05-07,0.876,0.875,0.870,0.880,1027050000,898460000,0
2024-05-08,0.872,0.862,0.861,0.873,1027050000,889130000,0
2024-05-09,0.863,0.870,0.863,0.875,1307200000,1135700000,0
2024-05-10,0.870,0.876,0.866,0.879,1408470000,1228810000,0
2024-05-13,0.872,0.878,0.864,0.885,1217930000,1065760000,0
2024-05-14,0.877,0.883,0.870,0.883,1229080000,1076960000,0
2024-05-15,0.888,0.859,0.859,0.889,1705970000,1483360000,0
2024-05-16,0.861,0.858,0.857,0.870,1051460000,907240000,0
2024-05-17,0.858,0.871,0.855,0.872,1087100000,939070000,0
2024-05-20,0.869,0.872,0.868,0.882,1425760000,1248670000,0
2024-05-21,0.870,0.866,0.864,0.874,855710000,742910000,0
2024-05-22,0.866,0.869,0.863,0.873,935270000,811790000,0
2024-05-23,0.866,0.851,0.850,0.867,1200730000,1028350000,0
2024-05-24,0.849,0.840,0.839,0.853,962790000,814170000,0
2024-05-27,0.843,0.848,0.838,0.849,794760000,670250000,0
2024-05-28,0.846,0.840,0.839,0.850,812870000,684730000,0
2024-05-29,0.839,0.841,0.838,0.849,707170000,596650000,0
2024-05-30,0.838,0.840,0.835,0.843,708070000,593820000,0
2024-05-31,0.842,0.839,0.838,0.847,803140000,675720000,0
2024-06-03,0.836,0.828,0.824,0.836,1147680000,951770000,0
2024-06-04,0.828,0.834,0.827,0.836,948550000,789550000,0
2024-06-05,0.833,0.831,0.830,0.838,856700000,714010000,0
2024-06-06,0.832,0.820,0.818,0.834,1353000000,1115560000,0
2024-06-07,0.822,0.815,0.804,0.825,1474240000,1200860000,0
2024-06-11,0.813,0.816,0.810,0.822,919310000,750430000,0
2024-06-12,0.815,0.816,0.813,0.818,713400000,581950000,0
2024-06-13,0.817,0.815,0.812,0.819,921260000,750700000,0
2024-06-14,0.814,0.833,0.812,0.840,2080460000,1717560000,0
2024-06-17,0.824,0.832,0.821,0.834,1003030000,831210000,0
2024-06-18,0.832,0.838,0.831,0.844,1237410000,1037470000,0
2024-06-19,0.839,0.827,0.826,0.840,1026240000,853260000,0
2024-06-20,0.826,0.820,0.818,0.829,959510000,789080000,0
2024-06-21,0.822,0.821,0.818,0.826,984990000,809580000,0
2024-06-24,0.818,0.813,0.812,0.821,950440000,775760000,0
2024-06-25,0.812,0.799,0.795,0.814,1753770000,1409240000,0
2024-06-26,0.797,0.810,0.797,0.811,1315680000,1057780000,0
2024-06-27,0.807,0.801,0.801,0.807,779590000,626580000,0
2024-06-28,0.800,0.783,0.781,0.808,1738890000,1381170000,0
2024-07-01,0.780,0.784,0.773,0.787,1107080000,863990000,0
2024-07-02,0.783,0.782,0.779,0.790,884050000,693740000,0
2024-07-03,0.781,0.782,0.776,0.786,754350000,589250000,0
2024-07-04,0.783,0.767,0.767,0.785,1040070000,805180000,0
2024-07-05,0.767,0.768,0.763,0.775,963180000,739740000,0
2024-07-08,0.766,0.748,0.746,0.766,1094600000,826090000,0
2024-07-09,0.749,0.763,0.743,0.766,1294000000,976820000,0
2024-07-10,0.758,0.764,0.757,0.776,1074020000,823450000,0
2024-07-11,0.772,0.776,0.769,0.781,1005910000,780050000,0
2024-07-12,0.775,0.775,0.770,0.778,623910000,482810000,0
2024-07-15,0.772,0.773,0.770,0.777,539160000,416900000,0
2024-07-16,0.774,0.780,0.771,0.783,818400000,637680000,0
2024-07-17,0.780,0.786,0.779,0.788,813570000,638380000,0
2024-07-18,0.784,0.790,0.776,0.790,918420000,719900000,0
2024-07-19,0.787,0.799,0.787,0.801,1087120000,864900000,0
2024-07-22,0.809,0.805,0.795,0.813,1106550000,889500000,0
2024-07-23,0.801,0.786,0.786,0.806,924170000,736040000,0
2024-07-24,0.784,0.777,0.776,0.787,782410000,611170000,0
2024-07-25,0.776,0.787,0.776,0.792,898580000,706160000,0
2024-07-26,0.788,0.801,0.785,0.807,935210000,747040000,0
2024-07-29,0.797,0.793,0.793,0.803,600070000,478500000,0
2024-07-30,0.792,0.797,0.789,0.799,720030000,572840000,0
2024-07-31,0.798,0.841,0.798,0.849,2520500000,2089870000,0
2024-08-01,0.834,0.835,0.831,0.841,1056770000,883240000,0
2024-08-02,0.830,0.819,0.816,0.838,995000000,821210000,0
2024-08-05,0.814,0.812,0.812,0.830,989820000,812210000,0
2024-08-06,0.821,0.815,0.806,0.824,852440000,692700000,0
2024-08-07,0.814,0.810,0.808,0.819,737480000,598810000,0
2024-08-08,0.809,0.813,0.807,0.825,883060000,719910000,0
2024-08-09,0.818,0.806,0.806,0.821,775200000,630190000,0
2024-08-12,0.803,0.804,0.800,0.808,583120000,468580000,0
2024-08-13,0.805,0.815,0.800,0.816,803980000,649610000,0
2024-08-14,0.812,0.808,0.807,0.816,617810000,501010000,0
2024-08-15,0.806,0.817,0.805,0.825,1050200000,858170000,0
2024-08-16,0.815,0.812,0.810,0.818,611690000,497700000,0
2024-08-19,0.810,0.811,0.808,0.818,489250000,397690000,0
2024-08-20,0.813,0.805,0.802,0.813,683630000,551050000,0
2024-08-21,0.803,0.800,0.799,0.807,457260000,366940000,0
2024-08-22,0.804,0.788,0.786,0.806,757230000,601290000,0
2024-08-23,0.786,0.795,0.786,0.801,700760000,555710000,0
2024-08-26,0.795,0.795,0.791,0.801,499370000,397520000,0
2024-08-27,0.794,0.788,0.785,0.795,384210000,302840000,0
2024-08-28,0.787,0.789,0.785,0.792,408670000,322340000,0
2024-08-29,0.787,0.794,0.786,0.800,660720000,525430000,0
2024-08-30,0.792,0.814,0.791,0.821,1331770000,1081250000,0
2024-09-02,0.809,0.793,0.792,0.811,877860000,702100000,0
2024-09-03,0.792,0.799,0.791,0.803,566960000,452260000,0
2024-09-04,0.794,0.798,0.794,0.805,510210000,408110000,0
2024-09-05,0.798,0.806,0.797,0.806,634400000,508950000,0
2024-09-06,0.822,0.809,0.808,0.826,1468350000,1199550000,0
2024-09-09,0.801,0.808,0.800,0.817,855590000,692680000,0
2024-09-10,0.809,0.805,0.795,0.810,743840000,596610000,0
2024-09-11,0.804,0.804,0.801,0.809,522840000,420620000,0
2024-09-12,0.805,0.803,0.801,0.809,581260000,467950000,0
2024-09-13,0.804,0.805,0.803,0.813,648690000,523820000,0
2024-09-18,0.803,0.806,0.797,0.808,639380000,513010000,0
2024-09-19,0.809,0.816,0.804,0.825,1099490000,896770000,0
2024-09-20,0.813,0.816,0.809,0.816,595940000,484400000,0
2024-09-23,0.816,0.816,0.812,0.820,642040000,523850000,0
2024-09-24,0.825,0.866,0.818,0.867,3128330000,2642180000,0
2024-09-25,0.884,0.882,0.878,0.905,3083610000,2746060000,0
2024-09-26,0.875,0.938,0.874,0.940,3403000000,3089550000,0
2024-09-27,0.966,1.006,0.948,1.008,2547930000,2477680000,0
2024-09-30,1.100,1.107,1.076,1.107,4557520000,5015070000,0
2024-10-08,1.218,1.218,1.218,1.218,1496080000,1822220000,0
2024-10-09,1.217,1.179,1.140,1.297,9228540000,11375260000,0
2024-10-10,1.200,1.113,1.098,1.200,5359100000,6074940000,0
2024-10-11,1.095,1.116,1.093,1.145,3624430000,4036510000,0
2024-10-14,1.127,1.124,1.063,1.135,3713620000,4087780000,0
2024-10-15,1.103,1.087,1.086,1.126,1997320000,2214940000,0
2024-10-16,1.067,1.094,1.065,1.122,1996430000,2184560000,0
2024-10-17,1.097,1.088,1.086,1.123,1488210000,1643840000,0
2024-10-18,1.083,1.169,1.076,1.197,3691040000,4203980000,0
2024-10-21,1.145,1.137,1.127,1.153,2509200000,2860040000,0
2024-10-22,1.134,1.146,1.131,1.156,1772850000,2024810000,0
2024-10-23,1.148,1.140,1.134,1.172,2175380000,2509840000,0
2024-10-24,1.132,1.138,1.125,1.145,1578480000,1793810000,0
2024-10-25,1.140,1.147,1.134,1.164,1770100000,2032450000,0
2024-10-28,1.146,1.149,1.140,1.155,1183710000,1357180000,0
2024-10-29,1.155,1.136,1.133,1.168,1646760000,1890110000,0
2024-10-30,1.131,1.133,1.120,1.146,1278310000,1448230000,0
2024-10-31,1.129,1.166,1.125,1.194,2806970000,3279070000,0
2024-11-01,1.160,1.153,1.150,1.188,1599160000,1866010000,0
2024-11-04,1.159,1.198,1.157,1.199,1877820000,2213490000,0
2024-11-05,1.200,1.265,1.182,1.277,3542450000,4399340000,0
2024-11-06,1.275,1.257,1.246,1.325,3773810000,4832010000,0
2024-11-07,1.236,1.364,1.231,1.374,4239030000,5552460000,0
2024-11-08,1.393,1.320,1.314,1.397,3392840000,4575120000,0
2024-11-11,1.300,1.321,1.288,1.331,2349440000,3082590000,0
2024-11-12,1.323,1.289,1.272,1.332,2187000000,2848770000,0
2024-11-13,1.277,1.286,1.262,1.300,1707120000,2185300000,0
2024-11-14,1.282,1.265,1.264,1.301,1615750000,2076010000,0
2024-11-15,1.266,1.215,1.214,1.276,1834060000,2279360000,0
2024-11-18,1.215,1.199,1.189,1.230,1728930000,2085950000,0
2024-11-19,1.205,1.225,1.189,1.227,1673830000,2021160000,0
2024-11-20,1.216,1.225,1.207,1.236,1572610000,1921110000,0
2024-11-21,1.223,1.237,1.217,1.248,1812500000,2233970000,0
2024-11-22,1.233,1.178,1.176,1.237,1721450000,2081480000,0
2024-11-25,1.177,1.167,1.148,1.182,1416770000,1649090000,0
2024-11-26,1.164,1.167,1.163,1.191,1016140000,1195320000,0
2024-11-27,1.165,1.196,1.160,1.197,1519710000,1791790000,0
2024-11-28,1.196,1.184,1.181,1.200,1128000000,1343250000,0
2024-11-29,1.183,1.216,1.179,1.253,2531490000,3081140000,0
2024-12-02,1.208,1.230,1.200,1.237,1493380000,1830950000,0
2024-12-03,1.228,1.229,1.213,1.240,1484770000,1819070000,0
2024-12-04,1.223,1.214,1.208,1.237,1054520000,1289240000,0
2024-12-05,1.212,1.228,1.211,1.238,1277260000,1567570000,0
2024-12-06,1.226,1.244,1.219,1.259,2087950000,2597190000,0
2024-12-09,1.240,1.232,1.219,1.248,1232670000,1520750000,0
2024-12-10,1.302,1.244,1.241,1.309,2591000000,3299410000,0
2024-12-11,1.240,1.241,1.232,1.252,1015630000,1261250000,0
2024-12-12,1.241,1.259,1.235,1.270,1678300000,2102310000,0
2024-12-13,1.247,1.219,1.218,1.247,1578650000,1943650000,0
2024-12-16,1.218,1.201,1.196,1.218,901980000,1086620000,0
2024-12-17,1.200,1.203,1.196,1.214,949250000,1143340000,0
2024-12-18,1.206,1.202,1.197,1.209,812920000,977570000,0
2024-12-19,1.188,1.198,1.185,1.201,982700000,1172800000,0
2024-12-20,1.195,1.203,1.195,1.213,1033570000,1244860000,0
2024-12-23,1.201,1.188,1.186,1.212,1077510000,1290850000,0
2024-12-24,1.187,1.209,1.187,1.211,1373770000,1649990000,0
2024-12-25,1.209,1.201,1.191,1.211,1270220000,1524960000,0
2024-12-26,1.200,1.204,1.198,1.208,917430000,1103730000,0
2024-12-27,1.204,1.213,1.202,1.233,1883150000,2291250000,0
2024-12-30,1.209,1.225,1.207,1.226,1497950000,1824300000,0
2024-12-31,1.225,1.170,1.167,1.225,1969970000,2354510000,0
2025-01-02,1.163,1.106,1.095,1.166,2068160000,2334990000,0
2025-01-03,1.106,1.076,1.075,1.110,1554130000,1692730000,0
2025-01-06,1.069,1.077,1.066,1.081,1066200000,1145180000,0
2025-01-07,1.079,1.089,1.071,1.090,1019330000,1101440000,0
2025-01-08,1.085,1.077,1.054,1.089,1305710000,1397270000,0
2025-01-09,1.073,1.073,1.070,1.085,695870000,749380000,0
2025-01-10,1.072,1.054,1.054,1.081,915200000,977480000,0
2025-01-13,1.041,1.057,1.040,1.062,824910000,868940000,0
2025-01-14,1.062,1.103,1.061,1.104,1816550000,1975230000,0
2025-01-15,1.095,1.090,1.089,1.099,890370000,973180000,0
2025-01-16,1.097,1.092,1.081,1.110,1108660000,1213520000,0
2025-01-17,1.086,1.094,1.084,1.101,939880000,1028250000,0
2025-01-20,1.107,1.099,1.096,1.114,1042350000,1151140000,0
2025-01-21,1.108,1.103,1.091,1.109,908380000,999320000,0
2025-01-22,1.100,1.097,1.090,1.103,858230000,939790000,0
2025-01-23,1.119,1.101,1.100,1.141,1962400000,2200070000,0
2025-01-24,1.098,1.114,1.095,1.121,1248860000,1387580000,0
2025-01-27,1.118,1.086,1.085,1.118,1083170000,1189830000,0
2025-02-05,1.095,1.086,1.082,1.097,787660000,857460000,0
2025-02-06,1.086,1.104,1.082,1.106,1347780000,1477150000,0
2025-02-07,1.103,1.128,1.100,1.145,2664630000,2994860000,0
2025-02-10,1.128,1.130,1.121,1.135,1335910000,1506890000,0
2025-02-11,1.129,1.120,1.112,1.129,1293490000,1446700000,0
2025-02-12,1.117,1.139,1.116,1.140,1494960000,1685190000,0
2025-02-13,1.135,1.131,1.127,1.150,1892210000,2151000000,0
2025-02-14,1.127,1.133,1.124,1.139,1355440000,1534010000,0
2025-02-17,1.145,1.139,1.131,1.149,1474930000,1683670000,0
2025-02-18,1.134,1.108,1.104,1.137,1719400000,1929020000,0
2025-02-19,1.107,1.122,1.105,1.126,1627080000,1820540000,0
2025-02-20,1.120,1.119,1.112,1.125,1244440000,1392780000,0
2025-02-21,1.122,1.141,1.112,1.147,3168160000,3592800000,0
2025-02-24,1.140,1.135,1.127,1.146,1787610000,2034330000,0
2025-02-25,1.124,1.117,1.115,1.130,1435730000,1611920000,0
2025-02-26,1.119,1.149,1.116,1.150,2813380000,3185620000,0
2025-02-27,1.138,1.144,1.122,1.152,3325500000,3779750000,0
2025-02-28,1.136,1.109,1.106,1.153,2318330000,2618030000,0
2025-03-03,1.111,1.105,1.099,1.120,3077790000,3419970000,0
2025-03-04,1.101,1.112,1.100,1.116,1212850000,1347700000,0
2025-03-05,1.113,1.112,1.102,1.118,1460420000,1621690000,0
2025-03-06,1.119,1.140,1.118,1.143,2596870000,2943360000,0
2025-03-07,1.133,1.120,1.117,1.133,1749350000,1969190000,0
2025-03-10,1.119,1.111,1.106,1.120,1204790000,1338090000,0
2025-03-11,1.102,1.114,1.100,1.115,1135110000,1257350000,0
2025-03-12,1.117,1.121,1.113,1.139,1871020000,2104480000,0
2025-03-13,1.120,1.114,1.108,1.130,1266410000,1414640000,0
2025-03-14,1.116,1.152,1.115,1.165,3571390000,4086410000,0
2025-03-17,1.154,1.139,1.138,1.155,1911100000,2182440000,0
2025-03-18,1.144,1.140,1.136,1.146,1301710000,1483840000,0
2025-03-19,1.139,1.139,1.136,1.147,1218310000,1388930000,0
2025-03-20,1.138,1.130,1.128,1.139,1166610000,1322260000,0
2025-03-21,1.128,1.111,1.108,1.134,1555050000,1740030000,0
2025-03-24,1.111,1.110,1.100,1.112,1211770000,1341230000,0
2025-03-25,1.110,1.107,1.103,1.112,870750000,963540000,0
2025-03-26,1.106,1.106,1.105,1.111,777150000,860550000,0
2025-03-27,1.105,1.107,1.098,1.116,1136710000,1259250000,0
2025-03-28,1.108,1.107,1.103,1.112,1052660000,1165750000,0
2025-03-31,1.104,1.085,1.081,1.108,1395820000,1524710000,0
2025-04-01,1.088,1.083,1.081,1.094,1195940000,1298830000,0
2025-04-02,1.083,1.088,1.081,1.093,864200000,940980000,0
2025-04-03,1.081,1.088,1.080,1.094,902950000,982490000,0
2025-04-07,1.040,0.979,0.979,1.050,2512060000,2518610000,0
2025-04-08,0.985,0.993,0.981,0.999,1652800000,1635590000,0
2025-04-09,0.982,1.014,0.972,1.023,2016640000,2020010000,0
2025-04-10,1.029,1.027,1.018,1.040,1535520000,1583470000,0
2025-04-11,1.023,1.031,1.022,1.040,1284740000,1322880000,0
2025-04-14,1.035,1.031,1.028,1.037,916690000,946180000,0
2025-04-15,1.030,1.026,1.022,1.031,748050000,766460000,0
2025-04-16,1.024,1.024,1.010,1.026,984670000,1002530000,0
2025-04-17,1.019,1.024,1.016,1.030,801870000,821590000,0
2025-04-18,1.022,1.031,1.021,1.035,1004460000,1032680000,0
2025-04-21,1.027,1.037,1.025,1.039,802910000,831010000,0
2025-04-22,1.034,1.035,1.033,1.042,846190000,877610000,0
2025-04-23,1.040,1.036,1.033,1.042,895600000,929060000,0
2025-04-24,1.036,1.032,1.029,1.040,865470000,895350000,0
2025-04-25,1.034,1.041,1.034,1.045,1121270000,1166170000,0
2025-04-28,1.039,1.033,1.028,1.039,683350000,705510000,0
2025-04-29,1.032,1.030,1.029,1.038,653590000,674840000,0
2025-04-30,1.032,1.033,1.031,1.041,690920000,715550000,0
2025-05-06,1.038,1.048,1.036,1.049,1044360000,1091360000,0
2025-05-07,1.078,1.055,1.050,1.086,1782930000,1899410000,0
2025-05-08,1.049,1.059,1.048,1.062,917030000,969720000,0
2025-05-09,1.057,1.046,1.043,1.057,864400000,905810000,0
2025-05-12,1.051,1.070,1.048,1.074,1697250000,1799270000,0
2025-05-13,1.076,1.062,1.060,1.079,1302820000,1390040000,0
2025-05-14,1.063,1.099,1.058,1.119,3494600000,3807910000,0
2025-05-15,1.089,1.079,1.078,1.096,1124470000,1219430000,0
2025-05-16,1.076,1.067,1.064,1.079,1048300000,1119770000,0
2025-05-19,1.066,1.068,1.060,1.071,582700000,620610000,0
2025-05-20,1.068,1.068,1.064,1.073,810930000,866310000,0
2025-05-21,1.068,1.065,1.064,1.071,720330000,768640000,0
2025-05-22,1.062,1.057,1.055,1.064,712200000,754410000,0
2025-05-23,1.056,1.043,1.042,1.063,1052850000,1108200000,0
2025-05-26,1.042,1.042,1.038,1.046,565640000,589260000,0
2025-05-27,1.042,1.042,1.036,1.043,579890000,603260000,0
2025-05-28,1.042,1.036,1.035,1.043,553040000,574180000,0
2025-05-29,1.037,1.049,1.036,1.051,1139490000,1192650000,0
2025-05-30,1.045,1.043,1.037,1.046,720720000,750610000,0
2025-06-03,1.038,1.052,1.037,1.058,983670000,1033150000,0
2025-06-04,1.049,1.065,1.049,1.070,1316950000,1400540000,0
2025-06-05,1.066,1.075,1.064,1.081,1479840000,1585870000,0
2025-06-06,1.075,1.068,1.066,1.079,712240000,762190000,0
2025-06-09,1.074,1.084,1.073,1.090,1445690000,1567830000,0
2025-06-10,1.084,1.070,1.062,1.084,1205500000,1294800000,0
2025-06-11,1.071,1.089,1.071,1.103,1764270000,1924320000,0
2025-06-12,1.083,1.087,1.081,1.100,1038640000,1131810000,0
2025-06-13,1.082,1.076,1.073,1.087,1022610000,1103170000,0
2025-06-16,1.073,1.092,1.072,1.093,1276250000,1385980000,0
2025-06-17,1.090,1.095,1.087,1.096,1030270000,1125740000,0
2025-06-18,1.094,1.082,1.076,1.094,1334160000,1443140000,0
2025-06-19,1.079,1.061,1.060,1.081,1370950000,1462680000,0
2025-06-20,1.062,1.059,1.059,1.067,567640000,602910000,0
2025-06-23,1.053,1.072,1.052,1.076,1060120000,1129550000,0
2025-06-24,1.073,1.099,1.073,1.108,2090670000,2291570000,0
2025-06-25,1.102,1.158,1.102,1.166,4268190000,4844540000,0
2025-06-26,1.159,1.138,1.136,1.159,2302420000,2640310000,0
2025-06-27,1.140,1.138,1.137,1.176,2451840000,2830520000,0
2025-06-30,1.139,1.136,1.125,1.141,1664070000,1886120000,0
2025-07-01,1.137,1.130,1.121,1.137,1185720000,1337010000,0
2025-07-02,1.129,1.124,1.121,1.132,1038880000,1169510000,0
2025-07-03,1.126,1.131,1.125,1.135,1088150000,1229790000,0
2025-07-04,1.130,1.131,1.121,1.152,1926630000,2187080000,0
2025-07-07,1.127,1.132,1.125,1.137,933170000,1056880000,0
2025-07-08,1.132,1.146,1.131,1.148,1576160000,1800400000,0
2025-07-09,1.146,1.141,1.138,1.156,1711590000,1963020000,0
2025-07-10,1.138,1.155,1.137,1.161,1675270000,1929070000,0
2025-07-11,1.159,1.181,1.155,1.206,3677980000,4360840000,0
2025-07-14,1.186,1.170,1.168,1.188,1683810000,1978250000,0
2025-07-15,1.172,1.164,1.158,1.180,1716960000,2002380000,0
2025-07-16,1.162,1.160,1.152,1.169,1289740000,1495510000,0
2025-07-17,1.160,1.166,1.156,1.168,1581110000,1836860000,0
2025-07-18,1.167,1.171,1.164,1.174,1404320000,1641530000,0
2025-07-21,1.169,1.187,1.165,1.190,2045150000,2414330000,0
2025-07-22,1.186,1.189,1.173,1.193,1891720000,2237730000,0
2025-07-23,1.192,1.199,1.192,1.222,3275870000,3945590000,0
2025-07-24,1.194,1.232,1.192,1.235,2884330000,3526720000,0
2025-07-25,1.233,1.227,1.224,1.240,1922330000,2365320000,0
2025-07-28,1.227,1.238,1.221,1.254,1835460000,2272820000,0
2025-07-29,1.233,1.243,1.213,1.244,2173680000,2669900000,0
2025-07-30,1.239,1.225,1.215,1.243,1926990000,2374190000,0
2025-07-31,1.218,1.198,1.192,1.231,2256880000,2734020000,0
2025-08-01,1.197,1.191,1.186,1.206,1686850000,2014660000,0
2025-08-04,1.186,1.193,1.184,1.194,1381570000,1642410000,0
2025-08-05,1.196,1.205,1.194,1.209,1791500000,2151250000,0
2025-08-06,1.204,1.210,1.200,1.212,1610920000,1943160000,0
2025-08-07,1.210,1.209,1.203,1.222,1688040000,2045710000,0
2025-08-08,1.207,1.199,1.196,1.208,1354540000,1627620000,0
2025-08-11,1.198,1.215,1.197,1.221,1906280000,2314330000,0
2025-08-12,1.216,1.221,1.211,1.222,1636430000,1992540000,0
2025-08-13,1.226,1.242,1.216,1.254,3180930000,3934490000,0
2025-08-14,1.243,1.241,1.238,1.268,2850280000,3566860000,0
2025-08-15,1.236,1.300,1.236,1.313,4084000000,5239400000,0
2025-08-18,1.309,1.317,1.286,1.340,3640980000,4784820000,0
2025-08-19,1.307,1.291,1.289,1.317,2360420000,3071950000,0
2025-08-20,1.284,1.303,1.271,1.304,2655960000,3423330000,0
2025-08-21,1.315,1.293,1.287,1.318,2343500000,3052630000,0
2025-08-22,1.288,1.338,1.287,1.340,3889650000,5125080000,0
2025-08-25,1.355,1.352,1.331,1.370,5015110000,6760890000,0
2025-08-26,1.343,1.335,1.332,1.351,2478040000,3325760000,0
2025-08-27,1.332,1.300,1.299,1.350,4085090000,5427560000,0
2025-08-28,1.300,1.326,1.288,1.327,3264590000,4264960000,0
2025-08-29,1.331,1.328,1.320,1.345,3703070000,4928540000,0
2025-09-01,1.331,1.314,1.308,1.334,2543070000,3348300000,0
2025-09-02,1.313,1.296,1.289,1.315,3507170000,4557030000,0
2025-09-03,1.303,1.250,1.242,1.305,3609470000,4584990000,0
2025-09-04,1.250,1.248,1.232,1.261,3234910000,4038290000,0
2025-09-05,1.250,1.257,1.236,1.260,2975880000,3715670000,0
2025-09-08,1.254,1.248,1.242,1.257,2071260000,2586810000,0
2025-09-09,1.248,1.247,1.244,1.261,2689460000,3363120000,0
2025-09-10,1.248,1.245,1.240,1.255,1738680000,2168660000,0
2025-09-11,1.241,1.284,1.238,1.285,4209790000,5334840000,0
2025-09-12,1.282,1.266,1.262,1.288,2711870000,3458110000,0
2025-09-15,1.266,1.262,1.257,1.275,2252820000,2853330000,0
2025-09-16,1.265,1.263,1.251,1.275,2669440000,3369170000,0
2025-09-17,1.263,1.269,1.260,1.280,3084990000,3915680000,0
2025-09-18,1.267,1.232,1.221,1.267,5423770000,6759570000,0
2025-09-19,1.226,1.221,1.218,1.232,2519450000,3085110000,0
2025-09-22,1.223,1.234,1.218,1.234,2126450000,2607600000,0
2025-09-23,1.226,1.212,1.200,1.227,3046000000,3689770000,0
2025-09-24,1.206,1.224,1.205,1.233,2809470000,3424420000,0
2025-09-25,1.222,1.224,1.220,1.233,2119090000,2600000000,0
2025-09-26,1.221,1.219,1.218,1.231,2004990000,2454590000,0
2025-09-29,1.216,1.280,1.215,1.309,6240520000,7891890000,0
2025-09-30,1.273,1.263,1.259,1.281,2942180000,3726640000,0
2025-10-09,1.258,1.267,1.244,1.276,3641090000,4590390000,0
2025-10-10,1.260,1.270,1.258,1.294,3329040000,4253960000,0
2025-10-13,1.241,1.254,1.240,1.258,3110520000,3881830000,0
2025-10-14,1.257,1.248,1.243,1.278,2821020000,3552660000,0
2025-10-15,1.252,1.265,1.238,1.265,3087130000,3866820000,0
2025-10-16,1.259,1.259,1.253,1.270,2499110000,3149890000,0
2025-10-17,1.259,1.233,1.231,1.269,3004190000,3754790000,0
2025-10-20,1.243,1.235,1.230,1.247,2031870000,2515500000,0
2025-10-21,1.237,1.246,1.236,1.263,3241900000,4047640000,0
2025-10-22,1.241,1.234,1.230,1.241,1698350000,2096100000,0
2025-10-23,1.234,1.245,1.221,1.246,2360980000,2909070000,0
2025-10-24,1.247,1.257,1.242,1.258,2588220000,3235570000,0
2025-10-27,1.270,1.272,1.262,1.279,3833470000,4872390000,0
2025-10-28,1.268,1.264,1.261,1.276,2349120000,2975580000,0
2025-10-29,1.263,1.292,1.262,1.297,4032400000,5174660000,0
2025-10-30,1.287,1.267,1.266,1.288,3691570000,4717240000,0
2025-10-31,1.272,1.254,1.254,1.274,2735300000,3449460000,0
2025-11-03,1.251,1.249,1.235,1.252,2483910000,3087750000,0
2025-11-04,1.245,1.243,1.237,1.250,2598080000,3230600000,0
2025-11-05,1.236,1.240,1.234,1.245,1807020000,2242870000,0
2025-11-06,1.242,1.254,1.242,1.262,2312380000,2897920000,0
2025-11-07,1.250,1.244,1.243,1.252,1824270000,2273790000,0
2025-11-10,1.243,1.260,1.240,1.265,2875730000,3601910000,0
2025-11-11,1.260,1.245,1.244,1.263,1755180000,2193260000,0
2025-11-12,1.245,1.238,1.231,1.246,1728730000,2141380000,0
2025-11-13,1.235,1.248,1.233,1.249,2106230000,2616440000,0
2025-11-14,1.240,1.232,1.232,1.245,1523030000,1887140000,0
2025-11-17,1.230,1.218,1.216,1.231,2090480000,2553180000,0
2025-11-18,1.218,1.220,1.217,1.229,1496820000,1829060000,0
2025-11-19,1.220,1.221,1.215,1.230,1572460000,1922000000,0
2025-11-20,1.243,1.217,1.216,1.247,4384710000,5396040000,0
2025-11-21,1.206,1.173,1.172,1.212,3098960000,3687340000,0
2025-11-24,1.178,1.175,1.169,1.182,1556750000,1830000000,0
2025-11-25,1.178,1.179,1.176,1.186,1518390000,1792580000,0
2025-11-26,1.179,1.176,1.173,1.182,1416590000,1668110000,0
2025-11-27,1.176,1.175,1.172,1.184,1487800000,1752790000,0
2025-11-28,1.173,1.180,1.168,1.181,1750590000,2058510000,0
2025-12-01,1.176,1.183,1.175,1.186,1639850000,1936860000,0
2025-12-02,1.181,1.172,1.171,1.183,1136880000,1335450000,0
2025-12-03,1.175,1.161,1.159,1.178,1455250000,1697590000,0
2025-12-04,1.161,1.164,1.157,1.171,1126850000,1311800000,0
2025-12-05,1.164,1.194,1.163,1.203,2998880000,3554660000,0
2025-12-08,1.210,1.217,1.210,1.236,4152400000,5084130000,0
2025-12-09,1.209,1.201,1.199,1.215,1418830000,1710800000,0
2025-12-10,1.199,1.206,1.191,1.209,1600300000,1920250000,0
2025-12-11,1.206,1.190,1.188,1.208,1354070000,1620040000,0
2025-12-12,1.191,1.196,1.185,1.205,1584940000,1893540000,0
2025-12-15,1.190,1.202,1.189,1.217,1692560000,2039820000,0
2025-12-16,1.200,1.193,1.192,1.206,1441690000,1725810000,0
2025-12-17,1.193,1.218,1.188,1.229,2321870000,2803690000,0
2025-12-18,1.217,1.206,1.204,1.217,1463830000,1769480000,0
2025-12-19,1.205,1.211,1.201,1.219,1384720000,1677260000,0
2025-12-22,1.209,1.211,1.206,1.215,1203510000,1457920000,0
2025-12-23,1.211,1.207,1.205,1.218,1273790000,1542730000,0
2025-12-24,1.205,1.218,1.204,1.219,1538170000,1866240000,0
2025-12-25,1.216,1.221,1.214,1.225,1458870000,1780830000,0
2025-12-26,1.219,1.229,1.219,1.242,2066260000,2544240000,0
2025-12-29,1.227,1.222,1.218,1.230,1407140000,1722100000,0
2025-12-30,1.218,1.216,1.215,1.227,1458720000,1777370000,0
2025-12-31,1.218,1.211,1.211,1.228,1472740000,1794840000,0
2026-01-05,1.215,1.235,1.214,1.235,2372720000,2912130000,0
2026-01-06,1.235,1.286,1.233,1.288,4886010000,6201140000,0
2026-01-07,1.287,1.267,1.258,1.287,2769780000,3521140000,0
2026-01-08,1.258,1.233,1.229,1.258,3914710000,4849040000,0
2026-01-09,1.233,1.237,1.228,1.243,2578790000,3185250000,0
2026-01-12,1.236,1.254,1.230,1.255,3265140000,4059440000,0
2026-01-13,1.259,1.246,1.241,1.272,2408010000,3025200000,0
2026-01-14,1.244,1.237,1.230,1.275,3745810000,4694710000,0
2026-01-15,1.231,1.218,1.214,1.239,2779150000,3401090000,0
2026-01-16,1.224,1.208,1.205,1.228,2093880000,2541250000,0
2026-01-19,1.205,1.203,1.198,1.208,1935890000,2326260000,0
2026-01-20,1.202,1.207,1.200,1.210,1831060000,2207460000,0
2026-01-21,1.204,1.201,1.198,1.209,1705330000,2050940000,0
2026-01-22,1.202,1.203,1.200,1.212,1554790000,1871610000,0
2026-01-23,1.205,1.200,1.197,1.208,1808280000,2173360000,0
2026-01-26,1.200,1.211,1.198,1.225,2750050000,3332130000,0
2026-01-27,1.209,1.197,1.189,1.209,1897200000,2272880000,0
2026-01-28,1.199,1.197,1.195,1.206,1684890000,2022010000,0
2026-01-29,1.194,1.212,1.182,1.214,2628320000,3143990000,0
2026-01-30,1.207,1.194,1.190,1.211,1910400000,2289540000,0
2026-02-02,1.192,1.178,1.175,1.207,2130050000,2536830000,0
2026-02-03,1.185,1.174,1.163,1.186,2032240000,2381240000,0
2026-02-04,1.171,1.191,1.170,1.193,2023640000,2393350000,0
2026-02-05,1.185,1.193,1.182,1.200,1609910000,1917190000,0
2026-02-06,1.186,1.186,1.183,1.195,1178920000,1401590000,0
2026-02-09,1.192,1.197,1.189,1.198,1241760000,1484220000,0
2026-02-10,1.198,1.196,1.194,1.200,848930000,1016270000,0
2026-02-11,1.196,1.194,1.190,1.198,856630000,1022720000,0
2026-02-12,1.193,1.185,1.184,1.194,988360000,1173270000,0
2026-02-13,1.186,1.174,1.173,1.191,1275960000,1507510000,0
2026-02-24,1.178,1.172,1.171,1.180,907900000,1065770000,0
2026-02-25,1.173,1.179,1.172,1.189,1818550000,2149860000,0
2026-02-26,1.178,1.166,1.163,1.179,1679410000,1962660000,0
2026-02-27,1.165,1.169,1.161,1.172,1276410000,1488490000,0
2026-03-02,1.160,1.154,1.145,1.162,1772640000,2045470000,0
2026-03-03,1.155,1.144,1.141,1.165,1956090000,2254800000,0
2026-03-04,1.137,1.115,1.114,1.137,2115300000,2376900000,0
2026-03-05,1.125,1.117,1.114,1.127,1310730000,1468060000,0
2026-03-06,1.114,1.131,1.113,1.135,1397200000,1573380000,0
2026-03-09,1.115,1.112,1.105,1.117,1555900000,1728870000,0
2026-03-10,1.118,1.120,1.116,1.126,1102630000,1234940000,0
2026-03-11,1.121,1.123,1.115,1.126,1100390000,1233910000,0
2026-03-12,1.119,1.121,1.116,1.126,890340000,997930000,0
2026-03-13,1.117,1.112,1.111,1.125,1327370000,1482430000,0
2026-03-16,1.110,1.106,1.100,1.112,1504930000,1662030000,0
2026-03-17,1.107,1.118,1.107,1.140,2572630000,2896490000,0
2026-03-18,1.116,1.114,1.108,1.118,1382440000,1536870000,0
2026-03-19,1.105,1.101,1.097,1.110,1786520000,1970710000,0
2026-03-20,1.102,1.083,1.081,1.104,1635380000,1784450000,0
2026-03-23,1.069,1.036,1.031,1.069,2543260000,2669920000,0
2026-03-24,1.045,1.047,1.033,1.055,1538570000,1607220000,0
2026-03-25,1.051,1.059,1.048,1.067,1527310000,1614000000,0
2026-03-26,1.055,1.035,1.033,1.058,1367990000,1426110000,0
2026-03-27,1.029,1.041,1.027,1.047,1139390000,1183990000,0
2026-03-30,1.029,1.037,1.025,1.039,1116910000,1154200000,0
2026-03-31,1.037,1.029,1.027,1.049,1396960000,1447750000,0
2026-04-01,1.040,1.045,1.035,1.046,1309420000,1364400000,0
2026-04-02,1.041,1.025,1.022,1.041,1240150000,1277490000,0
2026-04-03,1.028,1.016,1.016,1.031,1034510000,1057170000,0
2026-04-07,1.016,1.015,1.010,1.021,817690000,830070000,0
2026-04-08,1.032,1.054,1.031,1.056,2392380000,2498760000,0
2026-04-09,1.044,1.031,1.029,1.045,1424510000,1475120000,0
2026-04-10,1.043,1.068,1.043,1.091,4059280000,4357000000,0
2026-04-13,1.060,1.075,1.058,1.084,1691120000,1817030000,0
2026-04-14,1.083,1.081,1.067,1.086,1440780000,1550550000,0
2026-04-15,1.084,1.073,1.072,1.086,1171110000,1261630000,0
2026-04-16,1.077,1.081,1.075,1.089,1569100000,1696210000,0
2026-04-17,1.078,1.076,1.070,1.081,1083970000,1164920000,0
2026-04-20,1.078,1.075,1.072,1.080,1115650000,1200540000,0
2026-04-21,1.072,1.066,1.064,1.073,1077790000,1150290000,0
2026-04-22,1.062,1.075,1.062,1.085,1712580000,1840990000,0
2026-04-23,1.073,1.066,1.062,1.078,1383710000,1478370000,0
2026-04-24,1.063,1.056,1.050,1.064,1207590000,1273890000,0
2026-04-27,1.057,1.057,1.055,1.070,1478370000,1568150000,0
2026-04-28,1.058,1.070,1.058,1.082,1964160000,2105830000,0
2026-04-29,1.067,1.076,1.065,1.077,1351580000,1447060000,0
2026-04-30,1.074,1.078,1.074,1.095,1972450000,2134180000,0
2026-05-06,1.080,1.094,1.080,1.100,2248810000,2454770000,0
2026-05-07,1.100,1.089,1.082,1.101,2096450000,2278900000,0
2026-05-08,1.084,1.080,1.076,1.089,1332150000,1440540000,0
2026-05-11,1.077,1.097,1.073,1.104,3058300000,3334950000,0
2026-05-12,1.097,1.102,1.090,1.111,2625640000,2891710000,0
2026-05-13,1.097,1.095,1.084,1.102,1865660000,2034960000,0
2026-05-14,1.096,1.071,1.071,1.098,2003360000,2173890000,0
2026-05-15,1.070,1.048,1.044,1.072,2234820000,2363820000,0
2026-05-18,1.045,1.047,1.041,1.055,1456350000,1525670000,0
2026-05-19,1.047,1.056,1.039,1.059,1580040000,1657410000,0
2026-05-20,1.050,1.049,1.046,1.057,1165000000,1224160000,0
2026-05-21,1.056,1.054,1.052,1.092,3651660000,3931360000,0
2026-05-22,1.055,1.037,1.034,1.060,2198980000,2286670000,0
2026-05-25,1.041,1.045,1.034,1.052,1621500000,1689910000,0
2026-05-26,1.043,1.056,1.039,1.067,2350140000,2478200000,0
2026-05-27,1.051,1.043,1.037,1.065,2016250000,2113670000,0
2026-05-28,1.041,1.021,1.015,1.043,2432000000,2491570000,0
2026-05-29,1.023,1.033,1.022,1.048,2744350000,2846650000,0
2026-06-01,1.031,1.035,1.025,1.042,1339630000,1385420000,0
2026-06-02,1.033,1.037,1.025,1.042,1911500000,1974210000,0
2026-06-03,1.033,1.035,1.025,1.044,2005200000,2075980000,0
2026-06-04,1.028,1.022,1.015,1.040,1865660000,1911840000,0
2026-06-05,1.022,1.016,1.014,1.033,1757910000,1798320000,0
2026-06-08,1.006,1.001,0.996,1.017,2161110000,2173940000,0
2026-06-09,1.001,1.005,0.993,1.005,1527780000,1527540000,0
2026-06-10,1.000,1.018,0.997,1.021,2275160000,2298900000,0
2026-06-11,1.015,1.008,0.999,1.028,1736310000,1755160000,0
2026-06-12,1.009,1.045,1.005,1.048,3416630000,3526140000,0
2026-06-15,1.050,1.072,1.048,1.099,4310300000,4635690000,0
2026-06-16,1.063,1.082,1.060,1.088,2156490000,2321920000,0
2026-06-17,1.079,1.081,1.075,1.092,2120140000,2292860000,0
2026-06-18,1.076,1.050,1.048,1.079,2526930000,2679250000,0
2026-06-22,1.045,1.131,1.045,1.132,5112700000,5604920000,0
2026-06-23,1.127,1.131,1.123,1.160,4349560000,4972810000,0
2026-06-24,1.124,1.111,1.106,1.150,3088980000,3457820000,0
2026-06-25,1.109,1.149,1.100,1.157,3698640000,4191770000,0
2026-06-26,1.142,1.107,1.105,1.157,3857880000,4350110000,0
2026-06-29,1.114,1.123,1.107,1.137,2793950000,3128270000,0
2026-06-30,1.116,1.126,1.109,1.132,2589610000,2900530000,0
2026-07-01,1.122,1.176,1.119,1.191,4877860000,5673230000,0
2026-07-02,1.175,1.150,1.145,1.177,3454320000,3986950000,0
2026-07-03,1.154,1.155,1.139,1.159,2695120000,3096740000,0
2026-07-06,1.174,1.160,1.148,1.177,2775580000,3213290000,0
2026-07-07,1.157,1.123,1.120,1.157,2900220000,3286960000,0
2026-07-08,1.123,1.111,1.110,1.133,2212880000,2475710000,0
2026-07-09,1.114,1.132,1.108,1.136,2653330000,2972530000,0
2026-07-10,1.128,1.110,1.110,1.128,2741100000,3060640000,0
2026-07-13,1.107,1.098,1.094,1.115,2402190000,2650340000,0
2026-07-14,1.098,1.104,1.085,1.104,2151160000,2355460000,0
2026-07-15,1.102,1.130,1.100,1.139,2961230000,3318140000,0
2026-07-16,1.122,1.113,1.109,1.127,2531700000,2820380000,0
2026-07-17,1.110,1.097,1.094,1.123,3548920000,3938890000,0
2026-07-20,1.100,1.118,1.100,1.126,2696210000,3005520000,0
2026-07-21,1.123,1.123,1.106,1.131,2644760000,2957270000,0
2026-07-22,1.115,1.114,1.103,1.119,2076470000,2309130000,0
2026-07-23,1.115,1.128,1.111,1.131,2188660000,2452830000,0
2026-07-24,1.121,1.099,1.098,1.123,2214780000,2457660000,0
2026-07-27,1.102,1.104,1.087,1.106,1407650000,1546020000,0
2026-07-28,1.098,1.085,1.081,1.098,1802560000,1961470000,0
2026-07-29,1.087,1.106,1.084,1.111,2340040000,2571430000,0
2026-07-30,1.101,1.106,1.097,1.116,1717040000,1899410000,0
2026-07-31,1.107,1.107,1.105,1.116,1665090000,1848580000,0
2026-08-03,1.097,1.105,1.095,1.106,1207490000,1329650000,0
2026-08-04,1.107,1.104,1.100,1.110,1514530000,1671610000,0
2026-08-05,1.103,1.109,1.099,1.114,2166380000,2401500000,0
2026-08-06,1.104,1.096,1.092,1.108,1921890000,2109800000,0
2026-08-07,1.093,1.096,1.089,1.096,1634390000,1785010000,0
2026-08-10,1.097,1.099,1.096,1.105,1369500000,1506300000,0
2026-08-11,1.099,1.093,1.092,1.104,1383600000,1518740000,0
2026-08-12,1.092,1.097,1.088,1.099,1425750000,1559930000,0
2026-08-13,1.098,1.101,1.097,1.113,2282010000,2523430000,0
2026-08-14,1.099,1.087,1.086,1.105,2252720000,2460770000,0
2026-08-17,1.085,1.093,1.081,1.094,1457880000,1586930000,0
2026-08-18,1.091,1.077,1.073,1.092,2065190000,2228530000,0
2026-08-19,1.074,1.062,1.060,1.081,1881390000,2009590000,0
2026-08-20,1.065,1.063,1.057,1.068,1297350000,1376690000,0
2026-08-21,1.062,1.063,1.056,1.067,1060500000,1126080000,0
2026-08-24,1.063,1.067,1.061,1.073,1402950000,1496890000,0
2026-08-25,1.066,1.067,1.061,1.070,952560000,1014450000,0
2026-08-26,1.066,1.096,1.065,1.098,2998730000,3263380000,0
2026-08-27,1.092,1.106,1.089,1.108,2445390000,2689720000,0
2026-08-28,1.105,1.104,1.099,1.109,1738860000,1919490000,0
2026-08-31,1.101,1.105,1.090,1.108,1682310000,1847880000,0
2026-09-01,1.103,1.113,1.100,1.117,1815820000,2017330000,0
2026-09-02,1.108,1.090,1.089,1.109,1670960000,1828880000,0
2026-09-03,1.092,1.098,1.090,1.111,1778570000,1960710000,0
2026-09-04,1.102,1.105,1.102,1.117,2238890000,2487070000,0
2026-09-07,1.106,1.091,1.090,1.110,1521610000,1667630000,0
2026-09-08,1.093,1.085,1.083,1.097,1394780000,1519260000,0
2026-09-09,1.084,1.085,1.078,1.086,1173770000,1269940000,0
2026-09-10,1.081,1.091,1.078,1.094,1471910000,1601200000,0
2026-09-11,1.085,1.058,1.054,1.086,2204670000,2339150000,0
2026-09-14,1.053,1.052,1.048,1.056,1131490000,1190770000,0
2026-09-15,1.053,1.047,1.047,1.056,964150000,1012550000,0
2026-09-16,1.047,1.054,1.038,1.058,1365150000,1430890000,0
2026-09-17,1.049,1.042,1.042,1.054,1143690000,1196120000,0
2026-09-18,1.047,1.057,1.047,1.059,1379690000,1453470000,0
2026-09-21,1.059,1.068,1.056,1.070,1332140000,1414050000,0
2026-09-22,1.071,1.069,1.068,1.077,1255620000,1346020000,0
2026-09-23,1.069,1.065,1.062,1.073,883900000,942630000,0
2026-09-24,1.062,1.046,1.043,1.063,1241580000,1304750000,0
2026-09-28,1.043,1.025,1.022,1.044,1426160000,1469230000,0
2026-09-29,1.025,1.025,1.024,1.030,790280000,811820000,0
2026-09-30,1.028,1.029,1.024,1.031,961660000,988010000,0
