date,open,high,low,close,volume,amount,turnover
2017-03-31,0.967,0.976,0.967,0.979,127070000,123880000,0
2017-04-05,0.976,0.992,0.976,0.995,73110000,72210000,0
2017-04-06,0.992,0.988,0.986,0.993,24860000,24580000,0
2017-04-07,0.985,0.989,0.985,0.992,31100000,30750000,0
2017-04-10,0.989,0.982,0.981,0.993,22900000,22560000,0
2017-04-11,0.982,0.984,0.967,0.986,36670000,35820000,0
2017-04-12,0.982,0.989,0.982,0.999,76780000,76380000,0
2017-04-13,0.988,0.986,0.984,0.991,7110000,7020000,0
2017-04-14,0.984,0.978,0.972,0.986,11010000,10750000,0
2017-04-17,0.973,0.977,0.965,0.979,10200000,9910000,0
2017-04-18,0.975,0.964,0.964,0.975,7680000,7450000,0
2017-04-19,0.964,0.959,0.951,0.964,9380000,8970000,0
2017-04-20,0.956,0.955,0.947,0.960,13280000,12650000,0
2017-04-21,0.955,0.963,0.953,0.964,9430000,9030000,0
2017-04-24,0.963,0.963,0.948,0.963,14940000,14270000,0
2017-04-25,0.961,0.954,0.954,0.963,4840000,4640000,0
2017-04-26,0.954,0.957,0.952,0.969,12240000,11750000,0
2017-04-27,0.956,0.958,0.947,0.959,21280000,20260000,0
2017-04-28,0.956,0.960,0.952,0.960,9090000,8680000,0
2017-05-02,0.959,0.950,0.949,0.959,6160000,5860000,0
2017-05-03,0.950,0.944,0.940,0.951,10870000,10270000,0
2017-05-04,0.943,0.936,0.935,0.943,8570000,8030000,0
2017-05-05,0.935,0.921,0.912,0.935,23020000,21140000,0
2017-05-08,0.917,0.917,0.904,0.921,14630000,13370000,0
2017-05-09,0.911,0.918,0.911,0.921,7960000,7290000,0
2017-05-10,0.915,0.909,0.908,0.918,6220000,5670000,0
2017-05-11,0.901,0.911,0.898,0.913,13370000,12080000,0
2017-05-12,0.910,0.917,0.910,0.926,6030000,5540000,0
2017-05-15,0.918,0.924,0.917,0.929,7140000,6600000,0
2017-05-16,0.922,0.926,0.917,0.927,6060000,5590000,0
2017-05-17,0.926,0.926,0.925,0.941,9290000,8640000,0
2017-05-18,0.921,0.918,0.915,0.925,5370000,4940000,0
2017-05-19,0.920,0.913,0.912,0.920,4540000,4160000,0
2017-05-22,0.912,0.905,0.896,0.912,9250000,8360000,0
2017-05-23,0.906,0.906,0.897,0.907,9100000,8200000,0
2017-05-24,0.903,0.909,0.899,0.910,3810000,3450000,0
2017-05-25,0.909,0.942,0.905,0.948,27720000,25900000,0
2017-05-26,0.940,0.942,0.939,0.950,17410000,16470000,0
2017-05-31,0.945,0.950,0.944,0.958,13090000,12470000,0
2017-06-01,0.950,0.945,0.942,0.952,7540000,7140000,0
2017-06-02,0.944,0.944,0.937,0.946,7330000,6910000,0
2017-06-05,0.942,0.940,0.938,0.943,5680000,5340000,0
2017-06-06,0.940,0.940,0.938,0.946,3760000,3540000,0
2017-06-07,0.940,0.950,0.940,0.952,6430000,6100000,0
2017-06-08,0.953,0.949,0.947,0.953,2520000,2390000,0
2017-06-09,0.949,0.946,0.945,0.958,3020000,2870000,0
2017-06-12,0.944,0.937,0.935,0.949,5280000,4980000,0
2017-06-13,0.937,0.940,0.935,0.945,1900000,1790000,0
2017-06-14,0.939,0.942,0.938,0.945,3600000,3390000,0
2017-06-15,0.940,0.949,0.940,0.955,5540000,5250000,0
2017-06-16,0.949,0.949,0.949,0.955,3150000,3000000,0
2017-06-19,0.949,0.965,0.949,0.968,12380000,11930000,0
2017-06-20,0.965,0.965,0.961,0.969,6540000,6310000,0
2017-06-21,0.973,0.964,0.961,0.983,5490000,5330000,0
2017-06-22,0.964,0.967,0.963,0.980,17730000,17300000,0
2017-06-23,0.964,0.963,0.954,0.965,4060000,3900000,0
2017-06-26,0.962,0.977,0.962,0.979,9500000,9260000,0
2017-06-27,0.979,0.973,0.971,0.979,3920000,3810000,0
2017-06-28,0.970,0.970,0.969,0.977,9970000,9710000,0
2017-06-29,0.970,0.970,0.967,0.973,5630000,5460000,0
2017-06-30,0.965,0.970,0.961,0.970,8180000,7910000,0
2017-07-03,0.969,0.964,0.960,0.969,4430000,4270000,0
2017-07-04,0.962,0.956,0.956,0.963,4400000,4210000,0
2017-07-05,0.956,0.962,0.956,0.962,10810000,10360000,0
2017-07-06,0.963,0.960,0.955,0.963,4710000,4520000,0
2017-07-07,0.957,0.972,0.953,0.977,10580000,10230000,0
2017-07-10,0.968,0.980,0.967,0.991,24590000,24210000,0
2017-07-11,0.980,0.983,0.980,0.996,24430000,24200000,0
2017-07-12,0.984,0.978,0.975,0.990,4250000,4160000,0
2017-07-13,0.978,0.996,0.978,0.998,18640000,18500000,0
2017-07-14,0.996,0.997,0.992,1.003,13470000,13450000,0
2017-07-17,0.997,0.971,0.970,1.001,17210000,16860000,0
2017-07-18,0.969,0.959,0.952,0.969,6590000,6330000,0
2017-07-19,0.959,1.015,0.956,1.016,97470000,97680000,0
2017-07-20,1.016,1.015,1.011,1.025,53150000,54090000,0
2017-07-21,1.014,1.006,1.003,1.022,16070000,16300000,0
2017-07-24,1.002,1.009,1.002,1.016,8840000,8930000,0
2017-07-25,1.006,0.999,0.996,1.008,8190000,8200000,0
2017-07-26,1.000,1.004,0.994,1.006,10160000,10160000,0
2017-07-27,1.001,1.010,0.990,1.015,13260000,13310000,0
2017-07-28,1.003,1.001,1.001,1.009,3060000,3080000,0
2017-07-31,1.000,1.007,0.995,1.015,7420000,7470000,0
2017-08-01,1.007,1.018,1.007,1.030,28630000,29290000,0
2017-08-02,1.020,1.028,1.017,1.040,35200000,36250000,0
2017-08-03,1.027,1.022,1.017,1.034,9260000,9510000,0
2017-08-04,1.018,1.025,1.015,1.042,29010000,30020000,0
2017-08-07,1.021,1.013,1.009,1.022,8430000,8550000,0
2017-08-08,1.012,1.017,1.004,1.026,6750000,6850000,0
2017-08-09,1.013,1.005,1.004,1.013,8690000,8740000,0
2017-08-10,1.004,1.005,0.997,1.015,20780000,20880000,0
2017-08-11,1.002,0.979,0.978,1.002,17390000,17220000,0
2017-08-14,0.981,0.995,0.978,0.997,8640000,8530000,0
2017-08-15,0.993,0.991,0.987,0.999,3170000,3150000,0
2017-08-16,0.988,0.994,0.987,0.997,3690000,3660000,0
2017-08-17,0.994,1.000,0.991,1.001,4180000,4160000,0
2017-08-18,0.998,0.991,0.991,0.998,8440000,8390000,0
2017-08-21,0.991,0.996,0.991,0.997,3150000,3130000,0
2017-08-22,0.996,0.994,0.991,1.002,4110000,4100000,0
2017-08-23,0.995,1.002,0.991,1.013,10290000,10320000,0
2017-08-24,1.001,0.990,0.989,1.003,7190000,7160000,0
2017-08-25,0.989,1.015,0.986,1.017,19840000,20000000,0
2017-08-28,1.017,1.075,1.017,1.083,110730000,117580000,0
2017-08-29,1.070,1.063,1.061,1.077,14210000,15180000,0
2017-08-30,1.063,1.065,1.063,1.090,22510000,24330000,0
2017-08-31,1.064,1.075,1.064,1.081,14890000,15990000,0
2017-09-01,1.075,1.085,1.075,1.089,10050000,10860000,0
2017-09-04,1.085,1.081,1.073,1.088,15920000,17190000,0
2017-09-05,1.077,1.078,1.076,1.089,9860000,10660000,0
2017-09-06,1.076,1.072,1.063,1.077,12160000,13020000,0
2017-09-07,1.070,1.061,1.060,1.082,10550000,11300000,0
2017-09-08,1.061,1.057,1.052,1.066,20910000,22080000,0
2017-09-11,1.057,1.058,1.052,1.065,8460000,8930000,0
2017-09-12,1.057,1.069,1.057,1.083,13080000,14010000,0
2017-09-13,1.066,1.065,1.062,1.071,4880000,5200000,0
2017-09-14,1.065,1.064,1.060,1.076,15210000,16220000,0
2017-09-15,1.061,1.065,1.055,1.073,12720000,13530000,0
2017-09-18,1.065,1.076,1.065,1.083,10120000,10900000,0
2017-09-19,1.076,1.063,1.060,1.076,10310000,11010000,0
2017-09-20,1.063,1.064,1.058,1.066,7270000,7720000,0
2017-09-21,1.064,1.062,1.062,1.078,8710000,9310000,0
2017-09-22,1.059,1.061,1.048,1.062,12790000,13480000,0
2017-09-25,1.058,1.053,1.048,1.058,7980000,8400000,0
2017-09-26,1.051,1.052,1.049,1.055,8030000,8440000,0
2017-09-27,1.051,1.051,1.049,1.056,2110000,2220000,0
2017-09-28,1.051,1.049,1.047,1.051,3790000,3970000,0
2017-09-29,1.051,1.061,1.051,1.066,4630000,4900000,0
2017-10-09,1.078,1.059,1.059,1.090,6830000,7310000,0
2017-10-10,1.059,1.059,1.050,1.063,6240000,6590000,0
2017-10-11,1.058,1.054,1.053,1.060,3110000,3290000,0
2017-10-12,1.055,1.052,1.048,1.057,7210000,7580000,0
2017-10-13,1.050,1.052,1.049,1.055,5320000,5590000,0
2017-10-16,1.053,1.046,1.045,1.060,11030000,11600000,0
2017-10-17,1.045,1.037,1.036,1.046,6610000,6870000,0
2017-10-18,1.038,1.037,1.034,1.042,14000000,14540000,0
2017-10-19,1.036,1.016,1.009,1.037,10130000,10320000,0
2017-10-20,1.015,1.018,1.013,1.019,5790000,5880000,0
2017-10-23,1.017,1.013,1.011,1.018,3520000,3560000,0
2017-10-24,1.013,1.021,1.010,1.024,8360000,8530000,0
2017-10-25,1.021,1.023,1.020,1.025,1650000,1690000,0
2017-10-26,1.021,1.025,1.018,1.035,5600000,5760000,0
2017-10-27,1.025,1.018,1.016,1.029,4050000,4140000,0
2017-10-30,1.018,0.994,0.980,1.018,16250000,16100000,0
2017-10-31,0.990,0.986,0.983,0.992,10070000,9960000,0
2017-11-01,0.987,0.983,0.983,0.996,4730000,4680000,0
2017-11-02,0.982,0.988,0.974,0.994,7270000,7160000,0
2017-11-03,0.986,0.983,0.975,0.986,6100000,5980000,0
2017-11-06,0.981,0.983,0.975,0.983,3970000,3890000,0
2017-11-07,0.981,0.996,0.981,1.000,12070000,11970000,0
2017-11-08,0.996,1.014,0.993,1.033,18260000,18580000,0
2017-11-09,1.012,1.014,1.007,1.019,4010000,4060000,0
2017-11-10,1.013,1.017,1.007,1.022,11080000,11230000,0
2017-11-13,1.013,1.013,1.011,1.027,5410000,5510000,0
2017-11-14,1.013,1.001,0.999,1.013,5420000,5440000,0
2017-11-15,1.002,0.998,0.996,1.006,3970000,3970000,0
2017-11-16,0.997,0.982,0.980,0.997,9840000,9740000,0
2017-11-17,0.982,0.991,0.974,0.992,16480000,16150000,0
2017-11-20,0.988,0.978,0.968,0.988,11140000,10890000,0
2017-11-21,0.979,1.014,0.978,1.031,29040000,29530000,0
2017-11-22,1.015,1.015,1.008,1.030,27980000,28560000,0
2017-11-23,1.015,0.993,0.987,1.028,18330000,18590000,0
2017-11-24,0.991,0.994,0.984,0.996,5380000,5320000,0
2017-11-27,0.994,0.995,0.985,1.002,4780000,4750000,0
2017-11-28,0.991,0.994,0.985,0.995,4680000,4640000,0
2017-11-29,0.995,0.994,0.981,0.998,7290000,7210000,0
2017-11-30,0.992,0.991,0.989,1.012,6740000,6750000,0
2017-12-01,0.992,0.988,0.987,0.998,6430000,6370000,0
2017-12-04,0.987,0.978,0.976,0.988,6560000,6440000,0
2017-12-05,0.979,0.990,0.979,0.994,11140000,11020000,0
2017-12-06,0.989,0.991,0.979,0.991,3320000,3260000,0
2017-12-07,0.989,0.977,0.975,0.989,5880000,5760000,0
2017-12-08,0.977,0.975,0.973,0.981,6800000,6640000,0
2017-12-11,0.974,0.977,0.971,0.978,9150000,8910000,0
2017-12-12,0.977,0.958,0.958,0.977,10790000,10440000,0
2017-12-13,0.961,0.961,0.954,0.963,4610000,4420000,0
2017-12-14,0.962,0.946,0.945,0.962,6340000,6020000,0
2017-12-15,0.945,0.939,0.935,0.946,8690000,8170000,0
2017-12-18,0.939,0.933,0.930,0.944,5780000,5410000,0
2017-12-19,0.934,0.939,0.934,0.940,3630000,3400000,0
2017-12-20,0.940,0.923,0.920,0.940,13640000,12630000,0
2017-12-21,0.925,0.929,0.916,0.935,8210000,7620000,0
2017-12-22,0.928,0.922,0.921,0.930,3550000,3280000,0
2017-12-25,0.922,0.907,0.907,0.923,4470000,4090000,0
2017-12-26,0.908,0.914,0.907,0.917,5470000,4990000,0
2017-12-27,0.913,0.906,0.903,0.916,3770000,3420000,0
2017-12-28,0.908,0.911,0.901,0.923,5920000,5400000,0
2017-12-29,0.911,0.913,0.908,0.914,4610000,4200000,0
2018-01-02,0.914,0.923,0.913,0.927,5980000,5500000,0
2018-01-03,0.923,0.938,0.923,0.942,6570000,6150000,0
2018-01-04,0.939,0.936,0.930,0.939,2590000,2420000,0
2018-01-05,0.935,0.939,0.932,0.947,6520000,6140000,0
2018-01-08,0.935,0.958,0.935,0.973,16210000,15510000,0
2018-01-09,0.958,0.952,0.949,0.963,6090000,5810000,0
2018-01-10,0.953,0.949,0.942,0.960,8300000,7880000,0
2018-01-11,0.950,0.945,0.941,0.950,7190000,6790000,0
2018-01-12,0.945,0.943,0.942,0.954,2080000,1960000,0
2018-01-15,0.941,0.928,0.927,0.944,7920000,7390000,0
2018-01-16,0.928,0.950,0.924,0.950,7480000,6970000,0
2018-01-17,0.952,0.980,0.952,1.003,23710000,23410000,0
2018-01-18,0.980,0.986,0.978,0.997,8260000,8160000,0
2018-01-19,0.987,1.011,0.986,1.028,14870000,15020000,0
2018-01-22,1.011,1.010,0.998,1.019,3690000,3710000,0
2018-01-23,1.007,1.014,1.005,1.023,8040000,8130000,0
2018-01-24,1.018,1.052,1.009,1.055,18920000,19680000,0
2018-01-25,1.047,1.031,1.030,1.052,6440000,6690000,0
2018-01-26,1.030,1.032,1.028,1.042,8000000,8290000,0
2018-01-29,1.034,1.015,1.012,1.039,3830000,3930000,0
2018-01-30,1.015,1.001,0.999,1.019,5140000,5170000,0
2018-01-31,0.998,0.980,0.973,0.998,7330000,7220000,0
2018-02-01,0.979,0.969,0.960,0.985,9770000,9510000,0
2018-02-02,0.969,0.967,0.949,0.969,4330000,4150000,0
2018-02-05,0.960,0.971,0.950,0.976,15670000,15010000,0
2018-02-06,0.959,0.927,0.926,0.962,21530000,20490000,0
2018-02-07,0.941,0.916,0.914,0.950,9070000,8410000,0
2018-02-08,0.916,0.911,0.904,0.922,6410000,5850000,0
2018-02-09,0.900,0.843,0.830,0.900,15240000,13080000,0
2018-02-12,0.852,0.839,0.839,0.852,5270000,4440000,0
2018-02-13,0.845,0.850,0.845,0.863,4760000,4060000,0
2018-02-14,0.850,0.848,0.838,0.850,4130000,3480000,0
2018-02-22,0.854,0.857,0.851,0.862,5920000,5070000,0
2018-02-23,0.857,0.861,0.854,0.867,6000000,5160000,0
2018-02-26,0.862,0.883,0.859,0.887,5820000,5080000,0
2018-02-27,0.884,0.872,0.870,0.884,3050000,2670000,0
2018-02-28,0.867,0.867,0.856,0.878,7040000,6090000,0
2018-03-01,0.865,0.869,0.860,0.871,2540000,2200000,0
2018-03-02,0.867,0.862,0.861,0.871,3700000,3200000,0
2018-03-05,0.862,0.861,0.859,0.866,3240000,2800000,0
2018-03-06,0.863,0.879,0.863,0.883,3700000,3230000,0
2018-03-07,0.879,0.869,0.866,0.884,3360000,2940000,0
2018-03-08,0.871,0.871,0.869,0.874,1640000,1430000,0
2018-03-09,0.873,0.888,0.872,0.889,8730000,7700000,0
2018-03-12,0.889,0.901,0.889,0.905,5790000,5200000,0
2018-03-13,0.901,0.887,0.886,0.901,2200000,1960000,0
2018-03-14,0.883,0.879,0.878,0.888,2240000,1970000,0
2018-03-15,0.877,0.875,0.870,0.881,4210000,3690000,0
2018-03-16,0.875,0.866,0.866,0.880,3030000,2650000,0
2018-03-19,0.866,0.866,0.859,0.872,3030000,2630000,0
2018-03-20,0.864,0.865,0.857,0.867,3410000,2930000,0
2018-03-21,0.866,0.868,0.866,0.888,6740000,5910000,0
2018-03-22,0.869,0.868,0.865,0.880,6550000,5720000,0
2018-03-23,0.847,0.820,0.805,0.847,15280000,12680000,0
2018-03-26,0.810,0.825,0.805,0.826,3450000,2810000,0
2018-03-27,0.829,0.837,0.829,0.841,4240000,3540000,0
2018-03-28,0.830,0.827,0.826,0.840,5390000,4480000,0
2018-03-29,0.830,0.846,0.828,0.850,7130000,6000000,0
2018-03-30,0.850,0.850,0.845,0.853,3840000,3270000,0
2018-04-02,0.854,0.862,0.851,0.875,6680000,5780000,0
2018-04-03,0.856,0.861,0.846,0.867,7770000,6660000,0
2018-04-04,0.862,0.852,0.852,0.872,2980000,2570000,0
2018-04-09,0.852,0.856,0.845,0.860,3760000,3210000,0
2018-04-10,0.857,0.872,0.857,0.875,12180000,10550000,0
2018-04-11,0.867,0.867,0.865,0.873,2060000,1790000,0
2018-04-12,0.870,0.861,0.860,0.875,4160000,3620000,0
2018-04-13,0.860,0.852,0.852,0.867,1480000,1270000,0
2018-04-16,0.851,0.833,0.833,0.851,3440000,2890000,0
2018-04-17,0.834,0.834,0.832,0.851,6570000,5530000,0
2018-04-18,0.838,0.845,0.835,0.848,2940000,2480000,0
2018-04-19,0.846,0.849,0.843,0.856,5450000,4640000,0
2018-04-20,0.847,0.823,0.821,0.847,5680000,4740000,0
2018-04-23,0.823,0.829,0.823,0.832,5000000,4140000,0
2018-04-24,0.830,0.850,0.830,0.853,7390000,6240000,0
2018-04-25,0.849,0.846,0.844,0.850,3040000,2580000,0
2018-04-26,0.846,0.827,0.827,0.851,2960000,2490000,0
2018-04-27,0.830,0.842,0.830,0.846,3350000,2800000,0
2018-05-02,0.846,0.845,0.842,0.855,4770000,4040000,0
2018-05-03,0.844,0.865,0.844,0.867,14260000,12190000,0
2018-05-04,0.865,0.858,0.858,0.865,2130000,1830000,0
2018-05-07,0.860,0.866,0.860,0.869,4060000,3520000,0
2018-05-08,0.867,0.869,0.862,0.872,2200000,1910000,0
2018-05-09,0.862,0.863,0.860,0.867,3520000,3040000,0
2018-05-10,0.864,0.868,0.860,0.868,3030000,2620000,0
2018-05-11,0.868,0.858,0.857,0.868,2660000,2290000,0
2018-05-14,0.858,0.860,0.858,0.865,2880000,2480000,0
2018-05-15,0.861,0.857,0.850,0.861,2230000,1900000,0
2018-05-16,0.857,0.848,0.846,0.857,2240000,1900000,0
2018-05-17,0.849,0.841,0.840,0.849,2240000,1890000,0
2018-05-18,0.842,0.851,0.840,0.851,3160000,2670000,0
2018-05-21,0.853,0.858,0.853,0.861,2690000,2310000,0
2018-05-22,0.858,0.852,0.846,0.858,9250000,7870000,0
2018-05-23,0.850,0.843,0.841,0.851,3810000,3230000,0
2018-05-24,0.843,0.836,0.835,0.844,1740000,1460000,0
2018-05-25,0.836,0.827,0.827,0.838,2470000,2050000,0
2018-05-28,0.828,0.825,0.823,0.831,1870000,1540000,0
2018-05-29,0.825,0.814,0.813,0.827,3040000,2490000,0
2018-05-30,0.812,0.783,0.781,0.812,9290000,7380000,0
2018-05-31,0.790,0.793,0.785,0.793,3560000,2810000,0
2018-06-01,0.791,0.799,0.786,0.808,7270000,5790000,0
2018-06-04,0.800,0.794,0.793,0.802,3150000,2510000,0
2018-06-05,0.794,0.797,0.789,0.797,3290000,2610000,0
2018-06-06,0.798,0.796,0.791,0.801,3160000,2510000,0
2018-06-07,0.797,0.802,0.797,0.814,7310000,5890000,0
2018-06-08,0.800,0.784,0.779,0.800,7380000,5800000,0
2018-06-11,0.784,0.786,0.780,0.791,7300000,5740000,0
2018-06-12,0.787,0.790,0.779,0.791,2860000,2250000,0
2018-06-13,0.788,0.776,0.776,0.788,3420000,2670000,0
2018-06-14,0.774,0.781,0.774,0.785,3780000,2950000,0
2018-06-15,0.781,0.772,0.771,0.783,2420000,1870000,0
2018-06-19,0.770,0.718,0.707,0.770,7940000,5880000,0
2018-06-20,0.715,0.717,0.704,0.722,3980000,2850000,0
2018-06-21,0.717,0.694,0.692,0.719,5160000,3640000,0
2018-06-22,0.694,0.702,0.686,0.703,4570000,3190000,0
2018-06-25,0.708,0.696,0.695,0.709,5420000,3810000,0
2018-06-26,0.694,0.701,0.685,0.704,2170000,1520000,0
2018-06-27,0.701,0.696,0.692,0.702,940000,650000,0
2018-06-28,0.696,0.704,0.696,0.720,6550000,4650000,0
2018-06-29,0.703,0.719,0.702,0.723,5340000,3810000,0
2018-07-02,0.725,0.702,0.696,0.725,2200000,1560000,0
2018-07-03,0.703,0.711,0.698,0.712,2540000,1800000,0
2018-07-04,0.710,0.703,0.701,0.710,5180000,3640000,0
2018-07-05,0.704,0.695,0.694,0.712,2270000,1590000,0
2018-07-06,0.695,0.698,0.683,0.709,5040000,3530000,0
2018-07-09,0.697,0.712,0.697,0.712,3340000,2360000,0
2018-07-10,0.712,0.710,0.708,0.714,870000,620000,0
2018-07-11,0.707,0.691,0.683,0.707,4890000,3380000,0
2018-07-12,0.693,0.710,0.690,0.715,8990000,6340000,0
2018-07-13,0.710,0.708,0.706,0.711,1640000,1160000,0
2018-07-16,0.709,0.707,0.704,0.712,2220000,1570000,0
2018-07-17,0.707,0.702,0.697,0.707,2980000,2090000,0
2018-07-18,0.703,0.698,0.698,0.709,2290000,1610000,0
2018-07-19,0.697,0.694,0.692,0.702,1210000,850000,0
2018-07-20,0.692,0.715,0.691,0.718,4940000,3510000,0
2018-07-23,0.711,0.725,0.708,0.726,5060000,3630000,0
2018-07-24,0.726,0.739,0.725,0.748,3660000,2700000,0
2018-07-25,0.740,0.732,0.730,0.740,1780000,1310000,0
2018-07-26,0.734,0.729,0.726,0.738,1880000,1380000,0
2018-07-27,0.726,0.725,0.723,0.730,820000,600000,0
2018-07-30,0.725,0.721,0.716,0.730,1270000,920000,0
2018-07-31,0.720,0.723,0.718,0.725,1270000,910000,0
2018-08-01,0.723,0.707,0.705,0.730,3320000,2370000,0
2018-08-02,0.705,0.687,0.665,0.705,3950000,2720000,0
2018-08-03,0.687,0.681,0.680,0.690,1220000,830000,0
2018-08-06,0.684,0.674,0.670,0.689,3060000,2080000,0
2018-08-07,0.675,0.692,0.674,0.693,1970000,1350000,0
2018-08-08,0.690,0.682,0.680,0.690,2610000,1790000,0
2018-08-09,0.683,0.693,0.683,0.698,2320000,1610000,0
2018-08-10,0.696,0.695,0.690,0.697,870000,600000,0
2018-08-13,0.695,0.691,0.682,0.695,2080000,1430000,0
2018-08-14,0.689,0.689,0.686,0.691,1230000,840000,0
2018-08-15,0.687,0.677,0.675,0.688,1740000,1180000,0
2018-08-16,0.676,0.681,0.667,0.692,3960000,2710000,0
2018-08-17,0.682,0.676,0.675,0.690,1820000,1240000,0
2018-08-20,0.677,0.686,0.676,0.687,2020000,1380000,0
2018-08-21,0.685,0.692,0.685,0.695,1740000,1200000,0
2018-08-22,0.690,0.689,0.687,0.690,610000,420000,0
2018-08-23,0.688,0.692,0.685,0.697,2270000,1570000,0
2018-08-24,0.691,0.697,0.687,0.702,2650000,1840000,0
2018-08-27,0.697,0.705,0.697,0.707,2470000,1740000,0
2018-08-28,0.705,0.702,0.700,0.706,3160000,2220000,0
2018-08-29,0.699,0.697,0.695,0.700,670000,470000,0
2018-08-30,0.697,0.688,0.687,0.697,2500000,1730000,0
2018-08-31,0.687,0.688,0.686,0.693,2580000,1780000,0
2018-09-03,0.688,0.688,0.682,0.689,2540000,1740000,0
2018-09-04,0.686,0.693,0.685,0.696,3370000,2330000,0
2018-09-05,0.690,0.683,0.682,0.693,7000000,4820000,0
2018-09-06,0.683,0.681,0.680,0.686,1690000,1150000,0
2018-09-07,0.680,0.682,0.679,0.689,2120000,1450000,0
2018-09-10,0.680,0.663,0.661,0.680,4070000,2720000,0
2018-09-11,0.661,0.664,0.661,0.669,3300000,2190000,0
2018-09-12,0.664,0.668,0.664,0.672,7590000,5060000,0
2018-09-13,0.675,0.677,0.670,0.677,950000,640000,0
2018-09-14,0.675,0.672,0.672,0.679,980000,660000,0
2018-09-17,0.672,0.671,0.668,0.674,3850000,2580000,0
2018-09-18,0.671,0.683,0.670,0.683,2660000,1800000,0
2018-09-19,0.683,0.688,0.680,0.692,5070000,3470000,0
2018-09-20,0.690,0.687,0.685,0.690,540000,370000,0
2018-09-21,0.686,0.702,0.683,0.703,3230000,2250000,0
2018-09-25,0.700,0.693,0.692,0.700,820000,570000,0
2018-09-26,0.694,0.697,0.693,0.706,2550000,1790000,0
2018-09-27,0.696,0.692,0.692,0.699,2470000,1720000,0
2018-09-28,0.694,0.700,0.694,0.701,1410000,980000,0
2018-10-08,0.691,0.674,0.673,0.691,3870000,2640000,0
2018-10-09,0.677,0.671,0.670,0.677,2440000,1640000,0
2018-10-10,0.672,0.674,0.671,0.678,2070000,1400000,0
2018-10-11,0.648,0.624,0.620,0.676,5940000,3820000,0
2018-10-12,0.625,0.616,0.605,0.625,4580000,2830000,0
2018-10-15,0.620,0.605,0.605,0.620,2970000,1820000,0
2018-10-16,0.606,0.601,0.597,0.616,4230000,2570000,0
2018-10-17,0.603,0.607,0.597,0.612,7720000,4680000,0
2018-10-18,0.603,0.598,0.596,0.608,2570000,1550000,0
2018-10-19,0.596,0.615,0.590,0.616,3300000,1990000,0
2018-10-22,0.619,0.677,0.619,0.677,11880000,7880000,0
2018-10-23,0.705,0.678,0.668,0.709,11600000,8050000,0
2018-10-24,0.677,0.693,0.667,0.714,13570000,9410000,0
2018-10-25,0.676,0.721,0.671,0.721,7750000,5460000,0
2018-10-26,0.721,0.703,0.697,0.725,5040000,3570000,0
2018-10-29,0.703,0.695,0.692,0.711,1780000,1250000,0
2018-10-30,0.696,0.728,0.689,0.745,10230000,7360000,0
2018-10-31,0.726,0.722,0.710,0.732,3730000,2680000,0
2018-11-01,0.723,0.728,0.723,0.768,10790000,8050000,0
2018-11-02,0.743,0.746,0.735,0.759,4430000,3300000,0
2018-11-05,0.740,0.747,0.735,0.750,4390000,3270000,0
2018-11-06,0.746,0.744,0.736,0.758,2500000,1860000,0
2018-11-07,0.742,0.727,0.727,0.742,2390000,1750000,0
2018-11-08,0.730,0.716,0.715,0.736,3330000,2400000,0
2018-11-09,0.714,0.716,0.713,0.725,2350000,1690000,0
2018-11-12,0.717,0.729,0.715,0.729,2730000,1980000,0
2018-11-13,0.727,0.750,0.720,0.762,7760000,5720000,0
2018-11-14,0.746,0.738,0.736,0.753,3380000,2510000,0
2018-11-15,0.736,0.757,0.736,0.761,7790000,5850000,0
2018-11-16,0.757,0.777,0.755,0.799,5680000,4450000,0
2018-11-19,0.773,0.801,0.773,0.809,8580000,6820000,0
2018-11-20,0.799,0.766,0.765,0.804,5480000,4270000,0
2018-11-21,0.764,0.767,0.755,0.775,6950000,5320000,0
2018-11-22,0.768,0.758,0.748,0.770,3270000,2480000,0
2018-11-23,0.760,0.737,0.731,0.766,3180000,2360000,0
2018-11-26,0.735,0.731,0.726,0.743,3570000,2610000,0
2018-11-27,0.732,0.735,0.728,0.742,2260000,1670000,0
2018-11-28,0.733,0.753,0.731,0.755,5620000,4180000,0
2018-11-29,0.755,0.730,0.729,0.765,4070000,3050000,0
2018-11-30,0.724,0.738,0.720,0.743,3400000,2480000,0
2018-12-03,0.760,0.762,0.759,0.778,7070000,5430000,0
2018-12-04,0.763,0.771,0.758,0.771,6700000,5120000,0
2018-12-05,0.761,0.758,0.757,0.766,2650000,2020000,0
2018-12-06,0.756,0.739,0.738,0.756,3450000,2570000,0
2018-12-07,0.745,0.742,0.740,0.748,2700000,2010000,0
2018-12-10,0.741,0.730,0.726,0.741,2160000,1580000,0
2018-12-11,0.730,0.734,0.729,0.737,1090000,800000,0
2018-12-12,0.735,0.737,0.735,0.747,2960000,2200000,0
2018-12-13,0.738,0.745,0.731,0.752,5390000,4000000,0
2018-12-14,0.743,0.726,0.724,0.743,3310000,2430000,0
2018-12-17,0.724,0.729,0.718,0.730,4640000,3360000,0
2018-12-18,0.727,0.715,0.712,0.730,1420000,1020000,0
2018-12-19,0.716,0.709,0.707,0.718,1030000,730000,0
2018-12-20,0.709,0.716,0.703,0.718,4030000,2870000,0
2018-12-21,0.714,0.702,0.696,0.714,2020000,1430000,0
2018-12-24,0.702,0.697,0.693,0.705,1300000,910000,0
2018-12-25,0.691,0.681,0.669,0.692,3100000,2100000,0
2018-12-26,0.683,0.678,0.673,0.684,510000,350000,0
2018-12-27,0.688,0.675,0.675,0.690,2290000,1570000,0
2018-12-28,0.676,0.688,0.676,0.699,2040000,1400000,0
2019-01-02,0.690,0.688,0.682,0.691,3690000,2530000,0
2019-01-03,0.688,0.702,0.688,0.718,7460000,5240000,0
2019-01-04,0.695,0.755,0.695,0.764,11980000,8840000,0
2019-01-07,0.755,0.752,0.745,0.761,7330000,5510000,0
2019-01-08,0.748,0.752,0.743,0.765,4270000,3210000,0
2019-01-09,0.753,0.756,0.752,0.768,3680000,2800000,0
2019-01-10,0.756,0.745,0.743,0.758,9460000,7130000,0
2019-01-11,0.746,0.750,0.744,0.757,1040000,780000,0
2019-01-14,0.751,0.748,0.745,0.758,2820000,2110000,0
2019-01-15,0.755,0.766,0.748,0.773,7440000,5660000,0
2019-01-16,0.768,0.759,0.758,0.768,1780000,1360000,0
2019-01-17,0.760,0.754,0.752,0.766,1410000,1070000,0
2019-01-18,0.755,0.761,0.752,0.763,5290000,4000000,0
2019-01-21,0.759,0.758,0.754,0.768,1610000,1230000,0
2019-01-22,0.756,0.748,0.745,0.758,1180000,880000,0
2019-01-23,0.746,0.745,0.742,0.750,900000,670000,0
2019-01-24,0.746,0.756,0.746,0.765,2580000,1950000,0
2019-01-25,0.757,0.756,0.755,0.766,1580000,1200000,0
2019-01-28,0.758,0.752,0.749,0.771,3850000,2920000,0
2019-01-29,0.755,0.747,0.733,0.755,5040000,3750000,0
2019-01-30,0.746,0.737,0.736,0.749,1250000,930000,0
2019-01-31,0.737,0.744,0.737,0.753,2270000,1690000,0
2019-02-01,0.745,0.765,0.745,0.765,5150000,3910000,0
2019-02-11,0.764,0.777,0.763,0.778,3050000,2360000,0
2019-02-12,0.779,0.783,0.773,0.789,5380000,4210000,0
2019-02-13,0.783,0.810,0.778,0.813,8880000,7120000,0
2019-02-14,0.809,0.808,0.802,0.815,8670000,7010000,0
2019-02-15,0.806,0.790,0.788,0.810,5230000,4180000,0
2019-02-18,0.793,0.838,0.793,0.839,12250000,10040000,0
2019-02-19,0.840,0.842,0.833,0.870,13680000,11640000,0
2019-02-20,0.842,0.846,0.833,0.856,7360000,6210000,0
2019-02-21,0.845,0.853,0.835,0.885,13340000,11400000,0
2019-02-22,0.862,0.938,0.849,0.938,20920000,18680000,0
2019-02-25,0.980,1.032,0.965,1.032,30930000,31100000,0
2019-02-26,1.052,1.016,1.005,1.081,30730000,32080000,0
2019-02-27,1.000,1.001,0.974,1.036,19930000,19990000,0
2019-02-28,0.995,0.967,0.956,0.995,14210000,13820000,0
2019-03-01,0.982,1.000,0.963,1.015,20470000,20250000,0
2019-03-04,1.010,1.011,0.985,1.068,22850000,23250000,0
2019-03-05,0.994,1.007,0.990,1.011,12720000,12710000,0
2019-03-06,1.007,1.064,1.007,1.080,28660000,29750000,0
2019-03-07,1.072,1.115,1.040,1.150,40040000,43710000,0
2019-03-08,1.065,1.009,1.007,1.079,27200000,28360000,0
2019-03-11,1.000,1.022,0.984,1.038,22740000,23020000,0
2019-03-12,1.028,1.035,1.022,1.062,21080000,21930000,0
2019-03-13,1.035,1.017,1.002,1.040,15760000,16060000,0
2019-03-14,1.000,0.977,0.969,1.022,22880000,22770000,0
2019-03-15,0.985,0.993,0.981,1.009,12950000,12920000,0
2019-03-18,0.994,1.017,0.975,1.018,13360000,13340000,0
2019-03-19,1.018,1.006,1.003,1.022,9740000,9870000,0
2019-03-20,1.007,1.023,1.002,1.033,15200000,15460000,0
2019-03-21,1.024,1.036,1.013,1.062,16000000,16640000,0
2019-03-22,1.031,1.027,1.007,1.038,9300000,9510000,0
2019-03-25,1.008,0.988,0.985,1.017,14690000,14680000,0
2019-03-26,0.990,0.956,0.950,0.999,12000000,11670000,0
2019-03-27,0.959,0.961,0.953,0.974,8340000,8030000,0
2019-03-28,0.959,0.952,0.944,0.974,6940000,6630000,0
2019-03-29,0.951,1.033,0.951,1.034,26330000,26480000,0
2019-04-01,1.033,1.049,1.019,1.069,23600000,24630000,0
2019-04-02,1.051,1.046,1.040,1.071,12750000,13470000,0
2019-04-03,1.045,1.098,1.036,1.102,22560000,24200000,0
2019-04-04,1.100,1.099,1.082,1.110,13330000,14630000,0
2019-04-08,1.102,1.073,1.055,1.120,16710000,18140000,0
2019-04-09,1.073,1.072,1.052,1.086,9350000,10000000,0
2019-04-10,1.077,1.058,1.037,1.077,10860000,11440000,0
2019-04-11,1.057,1.038,1.035,1.057,9130000,9530000,0
2019-04-12,1.038,1.041,1.030,1.053,10230000,10650000,0
2019-04-15,1.058,1.020,1.019,1.065,12230000,12770000,0
2019-04-16,1.019,1.044,0.999,1.045,13150000,13440000,0
2019-04-17,1.040,1.036,1.032,1.047,7410000,7700000,0
2019-04-18,1.036,1.028,1.028,1.043,6540000,6760000,0
2019-04-19,1.028,1.041,1.028,1.048,6560000,6810000,0
2019-04-22,1.051,1.017,1.013,1.056,9470000,9740000,0
2019-04-23,1.014,1.023,1.005,1.046,8670000,8870000,0
2019-04-24,1.024,1.030,1.016,1.037,5090000,5230000,0
2019-04-25,1.026,1.001,1.000,1.041,9020000,9210000,0
2019-04-26,1.000,1.008,0.993,1.025,6720000,6770000,0
2019-04-29,1.002,0.965,0.961,1.020,12190000,11920000,0
2019-04-30,0.968,0.968,0.965,0.976,3530000,3420000,0
2019-05-06,0.955,0.876,0.875,0.955,14500000,13120000,0
2019-05-07,0.889,0.888,0.863,0.893,10580000,9330000,0
2019-05-08,0.877,0.878,0.858,0.893,5740000,5040000,0
2019-05-09,0.871,0.866,0.860,0.883,5100000,4440000,0
2019-05-10,0.879,0.904,0.865,0.909,10120000,9040000,0
2019-05-13,0.889,0.885,0.882,0.894,3880000,3450000,0
2019-05-14,0.881,0.874,0.871,0.891,4900000,4320000,0
2019-05-15,0.885,0.889,0.880,0.893,4920000,4370000,0
2019-05-16,0.889,0.890,0.882,0.893,3450000,3060000,0
2019-05-17,0.890,0.856,0.847,0.892,8930000,7720000,0
2019-05-20,0.858,0.863,0.847,0.873,3550000,3050000,0
2019-05-21,0.863,0.874,0.859,0.884,3910000,3420000,0
2019-05-22,0.875,0.865,0.861,0.878,3420000,2970000,0
2019-05-23,0.862,0.863,0.855,0.879,5570000,4830000,0
2019-05-24,0.874,0.863,0.861,0.874,2460000,2130000,0
2019-05-27,0.863,0.887,0.858,0.892,8120000,7150000,0
2019-05-28,0.885,0.884,0.878,0.895,5260000,4660000,0
2019-05-29,0.884,0.884,0.878,0.894,4230000,3740000,0
2019-05-30,0.881,0.872,0.865,0.881,6840000,5950000,0
2019-05-31,0.865,0.867,0.865,0.879,3290000,2880000,0
2019-06-03,0.878,0.869,0.867,0.886,3870000,3390000,0
2019-06-04,0.867,0.864,0.858,0.870,2720000,2350000,0
2019-06-05,0.868,0.873,0.868,0.885,4100000,3590000,0
2019-06-06,0.872,0.864,0.863,0.880,2870000,2500000,0
2019-06-10,0.867,0.853,0.834,0.867,5600000,4750000,0
2019-06-11,0.856,0.898,0.848,0.900,12880000,11350000,0
2019-06-12,0.897,0.888,0.883,0.898,3910000,3480000,0
2019-06-13,0.881,0.893,0.881,0.900,3790000,3390000,0
2019-06-14,0.895,0.876,0.874,0.897,3210000,2840000,0
2019-06-17,0.870,0.880,0.870,0.884,1080000,950000,0
2019-06-18,0.881,0.878,0.871,0.884,4360000,3830000,0
2019-06-19,0.931,0.897,0.897,0.942,11320000,10360000,0
2019-06-20,0.893,0.951,0.893,0.971,47430000,43920000,0
2019-06-21,0.953,0.967,0.953,0.977,51490000,49710000,0
2019-06-24,0.975,0.963,0.960,0.981,9120000,8830000,0
2019-06-25,0.962,0.966,0.938,0.969,17250000,16460000,0
2019-06-26,0.950,0.946,0.939,0.954,5760000,5450000,0
2019-06-27,0.948,0.960,0.948,0.975,16010000,15380000,0
2019-06-28,0.956,0.956,0.948,0.960,44430000,42460000,0
2019-07-01,0.975,0.977,0.972,0.993,46280000,45150000,0
2019-07-02,0.976,0.968,0.965,0.976,52600000,51020000,0
2019-07-03,0.972,0.951,0.946,0.972,25220000,24120000,0
2019-07-04,0.955,0.953,0.943,0.963,35190000,33460000,0
2019-07-05,0.953,0.951,0.944,0.955,23530000,22330000,0
2019-07-08,0.951,0.928,0.918,0.951,6220000,5830000,0
2019-07-09,0.933,0.933,0.919,0.936,32560000,30060000,0
2019-07-10,0.938,0.931,0.926,0.941,3050000,2840000,0
2019-07-11,0.932,0.931,0.922,0.946,8790000,8210000,0
2019-07-12,0.931,0.933,0.923,0.938,6040000,5630000,0
2019-07-15,0.927,0.952,0.924,0.965,14090000,13330000,0
2019-07-16,0.951,0.949,0.946,0.954,1570000,1490000,0
2019-07-17,0.947,0.947,0.944,0.955,4380000,4160000,0
2019-07-18,0.944,0.933,0.932,0.944,3810000,3570000,0
2019-07-19,0.934,0.950,0.934,0.957,4880000,4630000,0
2019-07-22,0.954,0.934,0.932,0.958,29170000,27450000,0
2019-07-23,0.935,0.939,0.934,0.943,22610000,21210000,0
2019-07-24,0.939,0.947,0.939,0.955,4320000,4110000,0
2019-07-25,0.945,0.949,0.941,0.950,6350000,6010000,0
2019-07-26,0.949,0.947,0.942,0.949,3420000,3230000,0
2019-07-29,0.947,0.933,0.930,0.947,7750000,7250000,0
2019-07-30,0.936,0.938,0.933,0.949,29980000,28230000,0
2019-07-31,0.938,0.937,0.933,0.940,4530000,4240000,0
2019-08-01,0.936,0.924,0.922,0.936,15950000,14850000,0
2019-08-02,0.904,0.896,0.890,0.910,45260000,40690000,0
2019-08-05,0.896,0.878,0.876,0.898,99210000,88130000,0
2019-08-06,0.861,0.871,0.845,0.881,42990000,36880000,0
2019-08-07,0.880,0.857,0.856,0.880,48590000,42190000,0
2019-08-08,0.877,0.868,0.867,0.885,28090000,24500000,0
2019-08-09,0.875,0.859,0.858,0.875,18590000,16170000,0
2019-08-12,0.859,0.877,0.859,0.878,11700000,10210000,0
2019-08-13,0.868,0.869,0.865,0.873,5750000,4990000,0
2019-08-14,0.880,0.872,0.870,0.884,14840000,13040000,0
2019-08-15,0.860,0.868,0.850,0.870,19450000,16740000,0
2019-08-16,0.868,0.873,0.866,0.883,17170000,14970000,0
2019-08-19,0.882,0.931,0.880,0.932,25420000,23110000,0
2019-08-20,0.930,0.923,0.921,0.937,11070000,10280000,0
2019-08-21,0.922,0.921,0.918,0.927,5440000,5020000,0
2019-08-22,0.922,0.920,0.913,0.924,3930000,3600000,0
2019-08-23,0.919,0.917,0.914,0.929,4600000,4230000,0
2019-08-26,0.909,0.902,0.897,0.909,25460000,23000000,0
2019-08-27,0.905,0.919,0.905,0.934,13760000,12680000,0
2019-08-28,0.917,0.907,0.907,0.917,3320000,3020000,0
2019-08-29,0.905,0.902,0.900,0.911,3440000,3110000,0
2019-08-30,0.908,0.899,0.894,0.920,6400000,5800000,0
2019-09-02,0.897,0.917,0.897,0.921,11510000,10520000,0
2019-09-03,0.917,0.920,0.912,0.922,4200000,3860000,0
2019-09-04,0.917,0.935,0.915,0.941,9940000,9260000,0
2019-09-05,0.941,0.962,0.941,0.995,26450000,25720000,0
2019-09-06,0.969,0.970,0.959,0.974,25790000,24920000,0
2019-09-09,0.986,0.983,0.976,0.995,18220000,17930000,0
2019-09-10,0.983,0.984,0.968,0.994,10640000,10410000,0
2019-09-11,0.995,0.994,0.986,1.010,16400000,16370000,0
2019-09-12,0.996,1.008,0.986,1.009,14970000,14920000,0
2019-09-16,1.009,0.994,0.988,1.012,15100000,15060000,0
2019-09-17,0.989,0.965,0.963,0.990,10250000,10000000,0
2019-09-18,0.968,0.958,0.957,0.980,10760000,10360000,0
2019-09-19,0.959,0.966,0.954,0.966,5530000,5320000,0
2019-09-20,0.966,0.960,0.952,0.967,36370000,34890000,0
2019-09-23,0.955,0.945,0.940,0.955,9590000,9050000,0
2019-09-24,0.945,0.946,0.944,0.961,8690000,8270000,0
2019-09-25,0.945,0.941,0.937,0.953,7840000,7400000,0
2019-09-26,0.945,0.930,0.927,0.950,8240000,7740000,0
2019-09-27,0.929,0.934,0.928,0.937,5410000,5050000,0
2019-09-30,0.934,0.916,0.914,0.937,5520000,5110000,0
2019-10-08,0.918,0.908,0.907,0.919,6370000,5800000,0
2019-10-09,0.906,0.909,0.898,0.910,4190000,3790000,0
2019-10-10,0.915,0.918,0.907,0.919,5550000,5080000,0
2019-10-11,0.920,0.933,0.912,0.941,8730000,8130000,0
2019-10-14,0.944,0.948,0.942,0.961,18020000,17140000,0
2019-10-15,0.950,0.936,0.935,0.950,5290000,4970000,0
2019-10-16,0.940,0.931,0.930,0.948,9180000,8590000,0
2019-10-17,0.930,0.926,0.924,0.936,9810000,9120000,0
2019-10-18,0.930,0.907,0.905,0.930,16350000,15010000,0
2019-10-21,0.905,0.898,0.888,0.905,13570000,12140000,0
2019-10-22,0.899,0.902,0.894,0.903,11210000,10080000,0
2019-10-23,0.905,0.895,0.894,0.905,14570000,13100000,0
2019-10-24,0.898,0.899,0.893,0.906,19750000,17710000,0
2019-10-25,0.899,0.909,0.893,0.912,10540000,9540000,0
2019-10-28,0.917,0.923,0.908,0.925,7290000,6700000,0
2019-10-29,0.910,0.905,0.904,0.922,8600000,7830000,0
2019-10-30,0.904,0.897,0.895,0.904,21840000,19640000,0
2019-10-31,0.900,0.893,0.893,0.902,49130000,44060000,0
2019-11-01,0.893,0.906,0.890,0.910,54130000,48560000,0
2019-11-04,0.906,0.908,0.906,0.915,17170000,15610000,0
2019-11-05,0.910,0.920,0.908,0.928,20400000,18780000,0
2019-11-06,0.920,0.910,0.907,0.920,58260000,53230000,0
2019-11-07,0.910,0.914,0.907,0.920,32940000,30050000,0
2019-11-08,0.920,0.904,0.904,0.928,29540000,27060000,0
2019-11-11,0.900,0.888,0.887,0.904,73710000,66080000,0
2019-11-12,0.890,0.887,0.881,0.890,118820000,105280000,0
2019-11-13,0.887,0.879,0.877,0.887,61290000,54130000,0
2019-11-14,0.879,0.880,0.877,0.886,52680000,46310000,0
2019-11-15,0.881,0.873,0.870,0.883,31390000,27490000,0
2019-11-18,0.873,0.882,0.869,0.885,27400000,24080000,0
2019-11-19,0.880,0.890,0.880,0.890,23300000,20580000,0
2019-11-20,0.890,0.876,0.875,0.891,30770000,27120000,0
2019-11-21,0.875,0.875,0.870,0.880,24840000,21720000,0
2019-11-22,0.878,0.874,0.870,0.884,58310000,51050000,0
2019-11-25,0.875,0.877,0.870,0.878,34480000,30150000,0
2019-11-26,0.877,0.875,0.874,0.880,29930000,26250000,0
2019-11-27,0.874,0.871,0.870,0.876,18790000,16380000,0
2019-11-28,0.871,0.869,0.868,0.874,36890000,32150000,0
2019-11-29,0.870,0.872,0.870,0.879,39150000,34210000,0
2019-12-02,0.886,0.879,0.879,0.891,28240000,24970000,0
2019-12-03,0.874,0.885,0.873,0.886,40780000,35900000,0
2019-12-04,0.882,0.883,0.879,0.883,16280000,14350000,0
2019-12-05,0.884,0.897,0.884,0.898,28280000,25240000,0
2019-12-06,0.897,0.900,0.893,0.902,19900000,17880000,0
2019-12-09,0.900,0.899,0.897,0.904,27560000,24790000,0
2019-12-10,0.897,0.897,0.891,0.898,24660000,22070000,0
2019-12-11,0.899,0.899,0.894,0.908,26230000,23650000,0
2019-12-12,0.899,0.895,0.893,0.900,11980000,10740000,0
2019-12-13,0.906,0.930,0.905,0.935,42620000,39070000,0
2019-12-16,0.931,0.944,0.922,0.949,61370000,57420000,0
2019-12-17,0.946,0.971,0.939,0.997,50880000,48960000,0
2019-12-18,0.970,0.972,0.967,0.986,189020000,184660000,0
2019-12-19,0.976,0.965,0.960,0.976,30710000,29730000,0
2019-12-20,0.966,0.971,0.966,0.992,48360000,47340000,0
2019-12-23,0.971,0.946,0.945,0.982,49080000,47520000,0
2019-12-24,0.946,0.956,0.943,0.956,45570000,43210000,0
2019-12-25,0.955,0.957,0.944,0.968,28120000,26830000,0
2019-12-26,0.955,0.981,0.954,0.983,40730000,39280000,0
2019-12-27,0.982,0.961,0.961,0.995,74500000,72970000,0
2019-12-30,0.962,1.014,0.952,1.024,74190000,73370000,0
2019-12-31,1.015,1.011,1.003,1.020,22910000,23190000,0
2020-01-02,1.039,1.019,1.015,1.041,32860000,33750000,0
2020-01-03,1.019,1.018,1.011,1.027,21360000,21730000,0
2020-01-06,1.010,1.018,1.003,1.034,45960000,46750000,0
2020-01-07,1.016,1.024,1.008,1.028,56090000,57010000,0
2020-01-08,1.019,0.993,0.990,1.019,86410000,87080000,0
2020-01-09,1.007,1.007,1.002,1.014,55880000,56270000,0
2020-01-10,1.022,1.009,1.003,1.028,56830000,57430000,0
2020-01-13,1.007,1.020,0.991,1.022,19790000,19850000,0
2020-01-14,1.022,1.010,1.007,1.025,49440000,50340000,0
2020-01-15,1.010,1.005,1.001,1.015,46570000,46850000,0
2020-01-16,1.011,0.998,0.998,1.011,50090000,50180000,0
2020-01-17,0.999,1.004,0.999,1.017,22630000,22810000,0
2020-01-20,1.005,1.017,0.997,1.018,21990000,22160000,0
2020-01-21,1.017,1.001,0.998,1.018,32780000,33090000,0
2020-01-22,0.996,1.006,0.979,1.014,112510000,111710000,0
2020-01-23,0.992,0.966,0.957,1.005,39650000,39080000,0
2020-02-03,0.869,0.869,0.869,0.899,15100000,13140000,0
2020-02-04,0.850,0.862,0.839,0.873,62900000,54130000,0
2020-02-05,0.870,0.879,0.863,0.901,41150000,36280000,0
2020-02-06,0.879,0.902,0.873,0.910,38740000,34370000,0
2020-02-07,0.907,0.905,0.894,0.911,34680000,31250000,0
2020-02-10,0.903,0.914,0.895,0.919,18850000,17170000,0
2020-02-11,0.915,0.913,0.912,0.935,29460000,27200000,0
2020-02-12,0.910,0.926,0.908,0.932,17360000,15960000,0
2020-02-13,0.923,0.912,0.911,0.930,26720000,24520000,0
2020-02-14,0.910,0.929,0.910,0.940,32590000,30160000,0
2020-02-17,0.952,0.977,0.945,0.980,43730000,41870000,0
2020-02-18,0.979,0.970,0.961,0.981,28770000,27930000,0
2020-02-19,0.970,0.972,0.966,0.994,29370000,28810000,0
2020-02-20,0.974,1.035,0.973,1.038,80540000,80340000,0
2020-02-21,1.034,1.041,1.021,1.068,52490000,54630000,0
2020-02-24,1.039,1.041,1.022,1.049,38230000,39560000,0
2020-02-25,1.021,1.044,1.000,1.047,70620000,72610000,0
2020-02-26,1.030,1.025,1.020,1.055,35330000,36720000,0
2020-02-27,1.028,1.030,1.023,1.049,32830000,34080000,0
2020-02-28,1.005,0.962,0.959,1.005,47560000,47040000,0
2020-03-02,0.971,1.013,0.969,1.020,38640000,38280000,0
2020-03-03,1.029,1.019,1.008,1.045,39140000,40190000,0
2020-03-04,1.019,1.048,1.013,1.048,41050000,42260000,0
2020-03-05,1.060,1.081,1.042,1.096,50610000,54000000,0
2020-03-06,1.060,1.043,1.041,1.067,45490000,47930000,0
2020-03-09,1.030,1.013,0.998,1.032,98310000,100440000,0
2020-03-10,1.002,1.040,1.000,1.047,41280000,42270000,0
2020-03-11,1.041,1.013,1.012,1.041,38570000,39820000,0
2020-03-12,1.000,1.000,0.990,1.013,64040000,64210000,0
2020-03-13,0.966,0.993,0.950,1.006,87960000,85090000,0
2020-03-16,0.996,0.935,0.933,1.002,49610000,48250000,0
2020-03-17,0.941,0.939,0.917,0.958,56840000,53120000,0
2020-03-18,0.941,0.910,0.908,0.951,51620000,48600000,0
2020-03-19,0.911,0.922,0.892,0.929,85420000,77460000,0
2020-03-20,0.925,0.929,0.912,0.930,39420000,36350000,0
2020-03-23,0.900,0.895,0.889,0.913,39070000,35240000,0
2020-03-24,0.915,0.912,0.889,0.915,39880000,36160000,0
2020-03-25,0.932,0.928,0.920,0.942,34780000,32290000,0
2020-03-26,0.923,0.913,0.912,0.925,46880000,43070000,0
2020-03-27,0.920,0.917,0.916,0.935,47130000,43500000,0
2020-03-30,0.905,0.907,0.898,0.913,23780000,21470000,0
2020-03-31,0.915,0.904,0.903,0.918,18400000,16790000,0
2020-04-01,0.903,0.901,0.900,0.918,29660000,27000000,0
2020-04-02,0.895,0.915,0.895,0.916,28310000,25630000,0
2020-04-03,0.915,0.904,0.901,0.915,35660000,32400000,0
2020-04-07,0.916,0.924,0.914,0.928,33110000,30440000,0
2020-04-08,0.922,0.920,0.916,0.924,28260000,25960000,0
2020-04-09,0.926,0.930,0.926,0.943,31480000,29430000,0
2020-04-10,0.931,0.916,0.914,0.932,29540000,27250000,0
2020-04-13,0.911,0.907,0.901,0.912,19790000,17940000,0
2020-04-14,0.910,0.932,0.910,0.941,28380000,26100000,0
2020-04-15,0.926,0.921,0.920,0.938,26790000,24860000,0
2020-04-16,0.918,0.930,0.915,0.940,32680000,30330000,0
2020-04-17,0.937,0.929,0.926,0.939,48890000,45650000,0
2020-04-20,0.932,0.930,0.926,0.932,17470000,16220000,0
2020-04-21,0.925,0.915,0.909,0.927,23530000,21570000,0
2020-04-22,0.912,0.916,0.905,0.918,98780000,90050000,0
2020-04-23,0.916,0.910,0.908,0.919,47970000,43860000,0
2020-04-24,0.905,0.894,0.890,0.912,68170000,61660000,0
2020-04-27,0.893,0.892,0.891,0.901,82810000,74100000,0
2020-04-28,0.899,0.902,0.886,0.909,34970000,31420000,0
2020-04-29,0.898,0.904,0.896,0.909,37590000,33910000,0
2020-04-30,0.909,0.925,0.909,0.927,30170000,27730000,0
2020-05-06,0.913,0.926,0.909,0.928,43140000,39430000,0
2020-05-07,0.925,0.922,0.921,0.932,85570000,79170000,0
2020-05-08,0.931,0.937,0.925,0.948,129150000,121310000,0
2020-05-11,0.944,0.931,0.926,0.944,29210000,27350000,0
2020-05-12,0.932,0.929,0.921,0.939,75910000,70500000,0
2020-05-13,0.922,0.931,0.921,0.933,92510000,85570000,0
2020-05-14,0.928,0.917,0.916,0.928,40180000,37080000,0
2020-05-15,0.920,0.919,0.918,0.926,88230000,81270000,0
2020-05-18,0.919,0.913,0.912,0.923,192680000,177220000,0
2020-05-19,0.921,0.919,0.917,0.924,50110000,46080000,0
2020-05-20,0.919,0.912,0.911,0.921,139330000,127410000,0
2020-05-21,0.915,0.906,0.904,0.916,75490000,68870000,0
2020-05-22,0.906,0.884,0.882,0.907,112040000,100810000,0
2020-05-25,0.878,0.877,0.876,0.886,231320000,203610000,0
2020-05-26,0.885,0.890,0.882,0.891,57490000,51000000,0
2020-05-27,0.890,0.879,0.878,0.890,38900000,34360000,0
2020-05-28,0.882,0.891,0.880,0.904,66800000,59530000,0
2020-05-29,0.882,0.887,0.882,0.889,38250000,33930000,0
2020-06-01,0.905,0.923,0.903,0.929,61200000,56130000,0
2020-06-02,0.924,0.919,0.917,0.928,111020000,102240000,0
2020-06-03,0.925,0.912,0.910,0.929,49680000,45740000,0
2020-06-04,0.917,0.908,0.906,0.918,28380000,25820000,0
2020-06-05,0.912,0.924,0.904,0.926,74640000,67890000,0
2020-06-08,0.924,0.912,0.911,0.925,32240000,29540000,0
2020-06-09,0.912,0.921,0.912,0.930,48860000,45070000,0
2020-06-10,0.918,0.914,0.912,0.919,36400000,33280000,0
2020-06-11,0.914,0.911,0.910,0.927,83640000,76600000,0
2020-06-12,0.897,0.909,0.892,0.911,45810000,41400000,0
2020-06-15,0.911,0.907,0.905,0.925,50870000,46580000,0
2020-06-16,0.913,0.916,0.911,0.919,34810000,31810000,0
2020-06-17,0.916,0.913,0.906,0.916,66560000,60520000,0
2020-06-18,0.910,0.921,0.909,0.929,54990000,50550000,0
2020-06-19,0.921,0.951,0.921,0.963,174100000,162720000,0
2020-06-22,0.950,0.980,0.946,1.011,357200000,352420000,0
2020-06-23,0.978,0.987,0.968,0.990,118730000,116480000,0
2020-06-24,0.988,0.987,0.981,1.006,67920000,67560000,0
2020-06-29,0.976,0.957,0.952,0.978,50030000,48220000,0
2020-06-30,0.963,0.989,0.960,1.003,57900000,56500000,0
2020-07-01,0.990,1.006,0.983,1.008,109800000,109470000,0
2020-07-02,1.007,1.090,1.004,1.098,146630000,152790000,0
2020-07-03,1.117,1.190,1.090,1.198,149770000,168990000,0
2020-07-06,1.210,1.309,1.210,1.309,104650000,131610000,0
2020-07-07,1.338,1.246,1.178,1.349,140290000,178070000,0
2020-07-08,1.239,1.348,1.239,1.371,125180000,162470000,0
2020-07-09,1.340,1.348,1.287,1.367,129920000,173040000,0
2020-07-10,1.300,1.299,1.294,1.340,97530000,128440000,0
2020-07-13,1.286,1.325,1.281,1.358,147380000,193340000,0
2020-07-14,1.316,1.325,1.293,1.340,128120000,168740000,0
2020-07-15,1.339,1.288,1.287,1.355,125470000,165500000,0
2020-07-16,1.293,1.218,1.217,1.322,114430000,146570000,0
2020-07-17,1.225,1.191,1.168,1.246,99120000,119740000,0
2020-07-20,1.231,1.253,1.203,1.269,74580000,92020000,0
2020-07-21,1.248,1.232,1.224,1.259,63250000,78430000,0
2020-07-22,1.232,1.244,1.230,1.293,80920000,102180000,0
2020-07-23,1.220,1.250,1.210,1.256,96840000,119440000,0
2020-07-24,1.243,1.169,1.160,1.247,104780000,126160000,0
2020-07-27,1.168,1.174,1.143,1.183,144970000,168780000,0
2020-07-28,1.186,1.166,1.155,1.188,59440000,69410000,0
2020-07-29,1.165,1.216,1.157,1.220,68530000,81970000,0
2020-07-30,1.217,1.202,1.200,1.225,46960000,56860000,0
2020-07-31,1.197,1.226,1.195,1.246,47700000,58490000,0
2020-08-03,1.244,1.255,1.224,1.263,53580000,66440000,0
2020-08-04,1.256,1.245,1.238,1.267,60500000,75530000,0
2020-08-05,1.236,1.237,1.221,1.246,48130000,59380000,0
2020-08-06,1.238,1.280,1.214,1.299,124930000,155100000,0
2020-08-07,1.270,1.237,1.210,1.279,98010000,121830000,0
2020-08-10,1.218,1.255,1.216,1.278,122560000,153290000,0
2020-08-11,1.249,1.208,1.206,1.268,67900000,84120000,0
2020-08-12,1.201,1.202,1.179,1.214,76470000,91400000,0
2020-08-13,1.205,1.211,1.199,1.227,41150000,49770000,0
2020-08-14,1.210,1.228,1.194,1.230,35680000,43320000,0
2020-08-17,1.250,1.289,1.248,1.319,60360000,77230000,0
2020-08-18,1.286,1.279,1.272,1.300,42080000,54020000,0
2020-08-19,1.273,1.256,1.256,1.290,54340000,69160000,0
2020-08-20,1.250,1.235,1.229,1.256,43940000,54440000,0
2020-08-21,1.246,1.265,1.237,1.266,32520000,40600000,0
2020-08-24,1.261,1.253,1.245,1.280,33220000,41580000,0
2020-08-25,1.251,1.242,1.241,1.267,36870000,46160000,0
2020-08-26,1.236,1.212,1.208,1.246,41420000,50640000,0
2020-08-27,1.211,1.217,1.203,1.223,28880000,35010000,0
2020-08-28,1.210,1.250,1.206,1.253,43550000,53490000,0
2020-08-31,1.253,1.244,1.242,1.284,46580000,59150000,0
2020-09-01,1.245,1.251,1.235,1.252,47380000,58890000,0
2020-09-02,1.255,1.252,1.234,1.264,51200000,63840000,0
2020-09-03,1.246,1.243,1.237,1.270,75210000,93970000,0
2020-09-04,1.231,1.231,1.216,1.234,36080000,44280000,0
2020-09-07,1.230,1.191,1.188,1.231,78620000,95890000,0
2020-09-08,1.191,1.214,1.186,1.222,55230000,66480000,0
2020-09-09,1.200,1.188,1.181,1.206,66170000,79250000,0
2020-09-10,1.197,1.168,1.163,1.202,45560000,53920000,0
2020-09-11,1.162,1.167,1.150,1.168,32280000,37500000,0
2020-09-14,1.170,1.164,1.156,1.171,57820000,67310000,0
2020-09-15,1.169,1.169,1.160,1.172,25810000,30100000,0
2020-09-16,1.169,1.165,1.160,1.181,32380000,37860000,0
2020-09-17,1.161,1.157,1.144,1.166,28220000,32550000,0
2020-09-18,1.152,1.216,1.152,1.221,40420000,48110000,0
2020-09-21,1.251,1.218,1.216,1.260,30770000,37900000,0
2020-09-22,1.204,1.212,1.198,1.248,23890000,29230000,0
2020-09-23,1.212,1.203,1.200,1.218,14730000,17770000,0
2020-09-24,1.192,1.188,1.187,1.209,30910000,36940000,0
2020-09-25,1.199,1.208,1.187,1.217,25300000,30410000,0
2020-09-28,1.203,1.209,1.200,1.213,36500000,44050000,0
2020-09-29,1.214,1.209,1.207,1.221,49820000,60330000,0
2020-09-30,1.211,1.195,1.185,1.213,43440000,52080000,0
2020-10-09,1.208,1.210,1.204,1.213,35140000,42510000,0
2020-10-12,1.218,1.259,1.217,1.261,35800000,44640000,0
2020-10-13,1.246,1.242,1.231,1.247,39030000,48310000,0
2020-10-14,1.238,1.230,1.224,1.242,42800000,52620000,0
2020-10-15,1.230,1.227,1.225,1.245,44050000,54170000,0
2020-10-16,1.230,1.228,1.224,1.237,24880000,30610000,0
2020-10-19,1.237,1.215,1.215,1.249,33900000,41650000,0
2020-10-20,1.213,1.218,1.203,1.218,18730000,22670000,0
2020-10-21,1.213,1.214,1.205,1.220,40790000,49420000,0
2020-10-22,1.210,1.222,1.206,1.231,25620000,31080000,0
2020-10-23,1.220,1.202,1.200,1.227,28120000,34210000,0
2020-10-26,1.191,1.160,1.155,1.196,38220000,44620000,0
2020-10-27,1.159,1.159,1.151,1.164,43030000,49780000,0
2020-10-28,1.159,1.166,1.152,1.172,104960000,122010000,0
2020-10-29,1.153,1.174,1.152,1.185,29680000,34550000,0
2020-10-30,1.175,1.135,1.133,1.180,39550000,45760000,0
2020-11-02,1.135,1.130,1.120,1.159,116630000,132470000,0
2020-11-03,1.133,1.160,1.133,1.171,46020000,53380000,0
2020-11-04,1.161,1.156,1.144,1.164,44210000,51020000,0
2020-11-05,1.168,1.172,1.163,1.182,38310000,44980000,0
2020-11-06,1.173,1.175,1.166,1.188,45070000,52910000,0
2020-11-09,1.183,1.222,1.180,1.237,45130000,54590000,0
2020-11-10,1.228,1.199,1.196,1.228,45560000,55130000,0
2020-11-11,1.195,1.176,1.175,1.204,47920000,56750000,0
2020-11-12,1.176,1.170,1.168,1.184,45620000,53470000,0
2020-11-13,1.165,1.159,1.152,1.169,88150000,102010000,0
2020-11-16,1.169,1.164,1.154,1.178,86350000,100220000,0
2020-11-17,1.164,1.167,1.150,1.169,53530000,62000000,0
2020-11-18,1.168,1.173,1.160,1.188,43400000,51030000,0
2020-11-19,1.168,1.173,1.151,1.179,46290000,53710000,0
2020-11-20,1.172,1.177,1.169,1.179,16710000,19620000,0
2020-11-23,1.177,1.198,1.164,1.217,30520000,36420000,0
2020-11-24,1.196,1.187,1.185,1.204,34930000,41660000,0
2020-11-25,1.191,1.170,1.168,1.204,66420000,78960000,0
2020-11-26,1.170,1.175,1.160,1.180,28940000,33850000,0
2020-11-27,1.177,1.202,1.173,1.203,21540000,25550000,0
2020-11-30,1.206,1.210,1.206,1.253,53100000,65400000,0
2020-12-01,1.208,1.250,1.198,1.261,43360000,53410000,0
2020-12-02,1.255,1.251,1.241,1.275,45430000,57010000,0
2020-12-03,1.245,1.255,1.240,1.265,24310000,30470000,0
2020-12-04,1.251,1.237,1.225,1.251,37460000,46080000,0
2020-12-07,1.237,1.213,1.209,1.237,67000000,82010000,0
2020-12-08,1.210,1.213,1.208,1.224,63220000,76730000,0
2020-12-09,1.213,1.176,1.173,1.221,75920000,91300000,0
2020-12-10,1.175,1.168,1.160,1.178,185240000,216750000,0
2020-12-11,1.165,1.154,1.142,1.170,211030000,243910000,0
2020-12-14,1.154,1.150,1.142,1.156,313000000,359900000,0
2020-12-15,1.148,1.155,1.143,1.159,207440000,238240000,0
2020-12-16,1.156,1.143,1.142,1.158,109580000,125860000,0
2020-12-17,1.145,1.173,1.135,1.175,79340000,90910000,0
2020-12-18,1.167,1.163,1.156,1.175,74690000,86870000,0
2020-12-21,1.160,1.171,1.150,1.176,104920000,121840000,0
2020-12-22,1.168,1.125,1.120,1.168,103300000,118220000,0
2020-12-23,1.129,1.134,1.119,1.138,118980000,134210000,0
2020-12-24,1.132,1.120,1.118,1.140,266820000,299570000,0
2020-12-25,1.118,1.133,1.112,1.141,45980000,51690000,0
2020-12-28,1.131,1.130,1.124,1.147,67050000,75810000,0
2020-12-29,1.133,1.134,1.130,1.154,35130000,40050000,0
2020-12-30,1.131,1.155,1.127,1.157,33290000,38140000,0
2020-12-31,1.162,1.209,1.162,1.218,69350000,83270000,0
2021-01-04,1.217,1.217,1.195,1.230,45020000,54620000,0
2021-01-05,1.209,1.218,1.195,1.228,37720000,45690000,0
2021-01-06,1.218,1.217,1.205,1.239,36980000,44990000,0
2021-01-07,1.217,1.228,1.192,1.229,36550000,44400000,0
2021-01-08,1.226,1.220,1.214,1.238,27610000,33770000,0
2021-01-11,1.220,1.196,1.191,1.231,56040000,67720000,0
2021-01-12,1.193,1.268,1.181,1.279,70230000,86290000,0
2021-01-13,1.268,1.244,1.233,1.276,46110000,57890000,0
2021-01-14,1.243,1.210,1.209,1.243,36240000,44240000,0
2021-01-15,1.214,1.207,1.199,1.230,23540000,28570000,0
2021-01-18,1.208,1.219,1.200,1.238,41510000,50630000,0
2021-01-19,1.220,1.217,1.212,1.242,38040000,46510000,0
2021-01-20,1.217,1.221,1.216,1.237,25610000,31360000,0
2021-01-21,1.223,1.239,1.218,1.262,49270000,61090000,0
2021-01-22,1.237,1.214,1.208,1.237,37920000,46170000,0
2021-01-25,1.214,1.206,1.200,1.225,93930000,113560000,0
2021-01-26,1.202,1.161,1.160,1.204,151780000,179150000,0
2021-01-27,1.161,1.160,1.158,1.172,173700000,201850000,0
2021-01-28,1.150,1.157,1.147,1.169,94510000,109290000,0
2021-01-29,1.160,1.145,1.128,1.165,141300000,162090000,0
2021-02-01,1.150,1.140,1.138,1.158,136650000,156040000,0
2021-02-02,1.145,1.142,1.127,1.145,201430000,228490000,0
2021-02-03,1.140,1.128,1.126,1.143,241610000,274210000,0
2021-02-04,1.123,1.099,1.087,1.123,196290000,216790000,0
2021-02-05,1.099,1.090,1.089,1.112,208220000,228730000,0
2021-02-08,1.095,1.093,1.078,1.102,57860000,62960000,0
2021-02-09,1.093,1.123,1.081,1.126,61700000,67770000,0
2021-02-10,1.125,1.123,1.111,1.128,131500000,147260000,0
2021-02-18,1.136,1.128,1.127,1.148,65520000,74260000,0
2021-02-19,1.123,1.149,1.120,1.150,37980000,43110000,0
2021-02-22,1.151,1.119,1.116,1.159,73510000,83990000,0
2021-02-23,1.110,1.113,1.107,1.128,57750000,64460000,0
2021-02-24,1.114,1.105,1.096,1.122,70610000,78280000,0
2021-02-25,1.109,1.105,1.100,1.120,25970000,28800000,0
2021-02-26,1.093,1.087,1.084,1.099,102860000,112260000,0
2021-03-01,1.092,1.080,1.071,1.092,81000000,87360000,0
2021-03-02,1.086,1.070,1.064,1.087,147750000,159070000,0
2021-03-03,1.068,1.084,1.066,1.085,21430000,23110000,0
2021-03-04,1.079,1.062,1.060,1.080,53320000,57140000,0
2021-03-05,1.055,1.083,1.055,1.091,37710000,40710000,0
2021-03-08,1.092,1.068,1.064,1.097,35940000,38860000,0
2021-03-09,1.066,1.036,1.029,1.073,36970000,38760000,0
2021-03-10,1.046,1.031,1.029,1.050,23240000,24040000,0
2021-03-11,1.032,1.045,1.031,1.047,17470000,18170000,0
2021-03-12,1.047,1.046,1.030,1.057,26870000,27960000,0
2021-03-15,1.039,1.025,1.020,1.039,26560000,27310000,0
2021-03-16,1.025,1.026,1.018,1.029,14770000,15140000,0
2021-03-17,1.026,1.029,1.023,1.036,19000000,19560000,0
2021-03-18,1.028,1.033,1.028,1.042,18430000,19080000,0
2021-03-19,1.023,1.021,1.017,1.028,16610000,16980000,0
2021-03-22,1.024,1.039,1.022,1.045,23540000,24370000,0
2021-03-23,1.036,1.048,1.029,1.055,17720000,18480000,0
2021-03-24,1.043,1.053,1.040,1.075,30380000,32140000,0
2021-03-25,1.048,1.043,1.041,1.054,14640000,15330000,0
2021-03-26,1.043,1.048,1.040,1.054,18660000,19500000,0
2021-03-29,1.048,1.046,1.042,1.057,28060000,29390000,0
2021-03-30,1.043,1.044,1.040,1.048,15490000,16170000,0
2021-03-31,1.044,1.030,1.028,1.044,27260000,28200000,0
2021-04-01,1.032,1.035,1.026,1.036,13210000,13620000,0
2021-04-02,1.036,1.038,1.035,1.044,12740000,13230000,0
2021-04-06,1.044,1.039,1.037,1.048,11350000,11800000,0
2021-04-07,1.039,1.036,1.029,1.039,96900000,99930000,0
2021-04-08,1.037,1.040,1.029,1.050,20690000,21550000,0
2021-04-09,1.041,1.028,1.027,1.041,55680000,57470000,0
2021-04-12,1.031,1.008,1.006,1.031,61350000,62760000,0
2021-04-13,1.007,1.005,0.999,1.013,57850000,58090000,0
2021-04-14,1.005,1.016,1.005,1.019,11740000,11900000,0
2021-04-15,1.015,1.008,1.004,1.015,61880000,62350000,0
2021-04-16,1.010,1.013,1.006,1.018,12760000,12900000,0
2021-04-19,1.013,1.041,1.009,1.042,32410000,33370000,0
2021-04-20,1.038,1.031,1.028,1.046,19930000,20630000,0
2021-04-21,1.026,1.028,1.022,1.034,11300000,11620000,0
2021-04-22,1.029,1.031,1.029,1.040,11430000,11820000,0
2021-04-23,1.031,1.030,1.026,1.035,14240000,14660000,0
2021-04-26,1.029,1.012,1.009,1.041,22820000,23430000,0
2021-04-27,1.011,1.005,0.997,1.015,21310000,21380000,0
2021-04-28,1.004,1.009,1.000,1.012,16300000,16430000,0
2021-04-29,1.007,1.032,1.007,1.041,28750000,29610000,0
2021-04-30,1.032,1.022,1.019,1.035,139630000,143390000,0
2021-05-06,1.028,1.014,1.014,1.036,64120000,65380000,0
2021-05-07,1.011,1.000,0.997,1.016,63890000,64250000,0
2021-05-10,1.000,0.989,0.983,1.000,109790000,108740000,0
2021-05-11,0.987,1.003,0.982,1.010,45220000,44770000,0
2021-05-12,0.999,1.003,0.995,1.006,20610000,20610000,0
2021-05-13,0.996,1.000,0.995,1.006,25100000,25090000,0
2021-05-14,1.000,1.070,1.000,1.077,94650000,98790000,0
2021-05-17,1.062,1.061,1.046,1.067,34260000,36180000,0
2021-05-18,1.056,1.058,1.049,1.075,30150000,32000000,0
2021-05-19,1.055,1.057,1.051,1.071,35480000,37610000,0
2021-05-20,1.056,1.072,1.053,1.083,70320000,74910000,0
2021-05-21,1.073,1.051,1.050,1.077,78250000,82800000,0
2021-05-24,1.054,1.075,1.054,1.083,70380000,75460000,0
2021-05-25,1.074,1.122,1.070,1.124,120220000,133100000,0
2021-05-26,1.125,1.118,1.115,1.140,132160000,148800000,0
2021-05-27,1.118,1.117,1.108,1.127,118640000,132230000,0
2021-05-28,1.117,1.141,1.113,1.151,218030000,245990000,0
2021-05-31,1.139,1.136,1.121,1.139,460390000,519480000,0
2021-06-01,1.128,1.119,1.106,1.128,170050000,189750000,0
2021-06-02,1.115,1.097,1.094,1.124,223070000,247780000,0
2021-06-03,1.096,1.097,1.094,1.115,140150000,154760000,0
2021-06-04,1.095,1.102,1.089,1.125,206530000,228200000,0
2021-06-07,1.102,1.110,1.098,1.122,180290000,199960000,0
2021-06-08,1.108,1.113,1.105,1.127,115080000,128450000,0
2021-06-09,1.112,1.102,1.096,1.116,85140000,94000000,0
2021-06-10,1.101,1.111,1.098,1.119,99580000,110340000,0
2021-06-11,1.109,1.087,1.085,1.110,165350000,181830000,0
2021-06-15,1.087,1.069,1.067,1.087,153070000,164810000,0
2021-06-16,1.067,1.063,1.055,1.074,162670000,173090000,0
2021-06-17,1.063,1.067,1.059,1.071,104510000,111320000,0
2021-06-18,1.063,1.076,1.062,1.081,101430000,108710000,0
2021-06-21,1.077,1.075,1.071,1.087,260530000,279970000,0
2021-06-22,1.076,1.073,1.066,1.081,140770000,151040000,0
2021-06-23,1.071,1.077,1.064,1.082,125580000,134580000,0
2021-06-24,1.075,1.081,1.075,1.092,104970000,113520000,0
2021-06-25,1.082,1.116,1.079,1.125,189890000,209630000,0
2021-06-28,1.116,1.105,1.099,1.117,113740000,125570000,0
2021-06-29,1.103,1.087,1.085,1.105,270010000,296660000,0
2021-06-30,1.087,1.101,1.085,1.103,246440000,269290000,0
2021-07-01,1.114,1.071,1.068,1.121,287120000,313840000,0
2021-07-02,1.064,1.038,1.037,1.070,273930000,287450000,0
2021-07-05,1.039,1.039,1.031,1.045,174350000,181140000,0
2021-07-06,1.039,1.045,1.035,1.047,150760000,156610000,0
2021-07-07,1.040,1.049,1.038,1.053,100500000,105360000,0
2021-07-08,1.053,1.046,1.046,1.062,115770000,121770000,0
2021-07-09,1.042,1.053,1.041,1.054,64200000,67300000,0
2021-07-12,1.063,1.072,1.056,1.082,96610000,103350000,0
2021-07-13,1.071,1.068,1.062,1.076,83020000,88640000,0
2021-07-14,1.067,1.057,1.055,1.070,64800000,68800000,0
2021-07-15,1.055,1.069,1.054,1.073,71070000,75670000,0
2021-07-16,1.075,1.072,1.067,1.085,81320000,87470000,0
2021-07-19,1.070,1.068,1.057,1.070,69160000,73410000,0
2021-07-20,1.062,1.064,1.058,1.070,87560000,93090000,0
2021-07-21,1.065,1.078,1.065,1.090,89180000,96270000,0
2021-07-22,1.075,1.098,1.075,1.100,97070000,105790000,0
2021-07-23,1.099,1.103,1.086,1.133,153160000,169690000,0
2021-07-26,1.103,1.072,1.071,1.111,99540000,108890000,0
2021-07-27,1.072,1.040,1.037,1.077,83500000,88490000,0
2021-07-28,1.042,1.028,1.026,1.046,142380000,147210000,0
2021-07-29,1.038,1.044,1.035,1.051,105640000,109870000,0
2021-07-30,1.038,1.023,1.019,1.038,259670000,266460000,0
2021-08-02,1.015,1.060,1.008,1.074,132430000,138060000,0
2021-08-03,1.054,1.062,1.050,1.088,100160000,106840000,0
2021-08-04,1.059,1.065,1.056,1.067,75150000,79740000,0
2021-08-05,1.060,1.047,1.044,1.068,93000000,97970000,0
2021-08-06,1.045,1.051,1.044,1.056,69530000,72970000,0
2021-08-09,1.046,1.071,1.045,1.080,98670000,105520000,0
2021-08-10,1.067,1.088,1.062,1.089,111690000,120150000,0
2021-08-11,1.085,1.078,1.076,1.095,70640000,76600000,0
2021-08-12,1.076,1.071,1.068,1.082,73160000,78580000,0
2021-08-13,1.068,1.073,1.065,1.080,95670000,102350000,0
2021-08-16,1.075,1.080,1.074,1.096,102080000,110890000,0
2021-08-17,1.077,1.074,1.071,1.115,146010000,159860000,0
2021-08-18,1.072,1.146,1.071,1.149,269820000,302950000,0
2021-08-19,1.148,1.126,1.125,1.166,142780000,163030000,0
2021-08-20,1.123,1.128,1.110,1.139,119230000,134100000,0
2021-08-23,1.131,1.132,1.121,1.145,111310000,125770000,0
2021-08-24,1.131,1.156,1.121,1.167,187420000,213130000,0
2021-08-25,1.147,1.137,1.131,1.149,95130000,108240000,0
2021-08-26,1.135,1.121,1.120,1.142,92130000,104030000,0
2021-08-27,1.120,1.116,1.113,1.134,91420000,102380000,0
2021-08-30,1.120,1.098,1.092,1.125,177730000,196030000,0
2021-08-31,1.100,1.124,1.088,1.131,134860000,149280000,0
2021-09-01,1.117,1.162,1.112,1.190,251710000,289910000,0
2021-09-02,1.162,1.181,1.156,1.188,140410000,165310000,0
2021-09-03,1.231,1.170,1.168,1.242,143550000,171620000,0
2021-09-06,1.172,1.203,1.169,1.218,119300000,143560000,0
2021-09-07,1.201,1.234,1.187,1.242,113620000,137530000,0
2021-09-08,1.232,1.236,1.227,1.268,116290000,144850000,0
2021-09-09,1.218,1.225,1.209,1.230,112710000,137440000,0
2021-09-10,1.229,1.240,1.228,1.280,138550000,173290000,0
2021-09-13,1.242,1.242,1.237,1.265,96380000,120220000,0
2021-09-14,1.245,1.209,1.203,1.247,113450000,139140000,0
2021-09-15,1.206,1.203,1.192,1.219,99370000,119970000,0
2021-09-16,1.203,1.177,1.175,1.209,106920000,127570000,0
2021-09-17,1.177,1.190,1.173,1.195,92000000,108980000,0
2021-09-22,1.175,1.184,1.173,1.191,217310000,256120000,0
2021-09-23,1.188,1.198,1.183,1.210,115460000,138300000,0
2021-09-24,1.196,1.181,1.180,1.205,186130000,222010000,0
2021-09-27,1.179,1.149,1.144,1.188,146980000,172440000,0
2021-09-28,1.150,1.168,1.150,1.176,79930000,93170000,0
2021-09-29,1.160,1.152,1.136,1.162,347070000,400310000,0
2021-09-30,1.154,1.150,1.141,1.155,238030000,273400000,0
2021-10-08,1.155,1.161,1.153,1.167,48740000,56560000,0
2021-10-11,1.161,1.151,1.150,1.170,161100000,186930000,0
2021-10-12,1.147,1.117,1.105,1.150,361370000,404810000,0
2021-10-13,1.116,1.122,1.108,1.130,346710000,387450000,0
2021-10-14,1.122,1.123,1.113,1.126,110100000,123230000,0
2021-10-15,1.116,1.121,1.113,1.128,76790000,86160000,0
2021-10-18,1.126,1.125,1.115,1.127,107400000,120260000,0
2021-10-19,1.125,1.130,1.121,1.138,69050000,78000000,0
2021-10-20,1.129,1.124,1.123,1.135,118620000,133810000,0
2021-10-21,1.124,1.128,1.118,1.139,76860000,86780000,0
2021-10-22,1.127,1.129,1.123,1.137,117380000,132370000,0
2021-10-25,1.130,1.142,1.119,1.149,166150000,187320000,0
2021-10-26,1.140,1.133,1.132,1.147,69430000,79000000,0
2021-10-27,1.130,1.102,1.101,1.130,184780000,205320000,0
2021-10-28,1.102,1.094,1.091,1.108,176700000,194320000,0
2021-10-29,1.094,1.101,1.078,1.110,181780000,197730000,0
2021-11-01,1.098,1.108,1.096,1.117,82680000,91650000,0
2021-11-02,1.109,1.087,1.078,1.111,91350000,100100000,0
2021-11-03,1.086,1.089,1.084,1.095,107440000,116790000,0
2021-11-04,1.090,1.089,1.087,1.102,99990000,109100000,0
2021-11-05,1.090,1.088,1.083,1.096,133980000,145810000,0
2021-11-08,1.088,1.097,1.083,1.104,60730000,66240000,0
2021-11-09,1.098,1.104,1.094,1.106,95580000,104970000,0
2021-11-10,1.103,1.102,1.093,1.107,103010000,113170000,0
2021-11-11,1.100,1.134,1.100,1.139,120600000,135560000,0
2021-11-12,1.134,1.130,1.121,1.136,115130000,129810000,0
2021-11-15,1.131,1.124,1.120,1.135,193760000,218340000,0
2021-11-16,1.124,1.109,1.105,1.126,138420000,154560000,0
2021-11-17,1.110,1.106,1.104,1.113,216520000,239660000,0
2021-11-18,1.105,1.095,1.094,1.105,137680000,151400000,0
2021-11-19,1.095,1.115,1.093,1.123,123520000,136340000,0
2021-11-22,1.115,1.125,1.111,1.130,87890000,98630000,0
2021-11-23,1.123,1.127,1.120,1.140,90990000,103090000,0
2021-11-24,1.123,1.125,1.120,1.130,72410000,81410000,0
2021-11-25,1.124,1.117,1.117,1.126,142450000,159490000,0
2021-11-26,1.117,1.110,1.110,1.119,143090000,159450000,0
2021-11-29,1.100,1.100,1.096,1.106,96890000,106750000,0
2021-11-30,1.104,1.100,1.097,1.112,135590000,149390000,0
2021-12-01,1.100,1.116,1.099,1.118,79560000,88260000,0
2021-12-02,1.114,1.125,1.109,1.131,161490000,181430000,0
2021-12-03,1.124,1.129,1.115,1.134,83930000,94480000,0
2021-12-06,1.134,1.147,1.134,1.179,153840000,178490000,0
2021-12-07,1.157,1.149,1.142,1.161,82290000,94800000,0
2021-12-08,1.152,1.164,1.142,1.165,85780000,99010000,0
2021-12-09,1.163,1.187,1.159,1.208,123370000,145680000,0
2021-12-10,1.175,1.170,1.168,1.180,75520000,88650000,0
2021-12-13,1.187,1.179,1.174,1.210,95620000,113930000,0
2021-12-14,1.172,1.171,1.166,1.183,64800000,75990000,0
2021-12-15,1.170,1.177,1.170,1.188,62720000,73970000,0
2021-12-16,1.179,1.185,1.172,1.187,68760000,81060000,0
2021-12-17,1.185,1.172,1.172,1.192,69710000,82490000,0
2021-12-20,1.169,1.153,1.152,1.177,76990000,89860000,0
2021-12-21,1.154,1.169,1.150,1.170,68480000,79370000,0
2021-12-22,1.169,1.160,1.157,1.170,58740000,68310000,0
2021-12-23,1.161,1.158,1.150,1.165,64750000,74860000,0
2021-12-24,1.155,1.151,1.149,1.166,66080000,76510000,0
2021-12-27,1.148,1.153,1.147,1.157,52210000,60140000,0
2021-12-28,1.153,1.162,1.150,1.162,86780000,100190000,0
2021-12-29,1.161,1.149,1.146,1.161,114780000,132570000,0
2021-12-30,1.149,1.165,1.143,1.171,72900000,84530000,0
2021-12-31,1.168,1.170,1.164,1.174,63780000,74540000,0
2022-01-04,1.169,1.165,1.154,1.170,57580000,66740000,0
2022-01-05,1.163,1.153,1.148,1.165,67340000,77900000,0
2022-01-06,1.152,1.129,1.127,1.153,107580000,122080000,0
2022-01-07,1.134,1.129,1.129,1.141,122520000,138910000,0
2022-01-10,1.131,1.128,1.128,1.139,114070000,129140000,0
2022-01-11,1.129,1.132,1.127,1.142,81590000,92500000,0
2022-01-12,1.132,1.135,1.127,1.137,56330000,63670000,0
2022-01-13,1.138,1.128,1.127,1.145,77720000,88410000,0
2022-01-14,1.124,1.099,1.098,1.124,92890000,103030000,0
2022-01-17,1.099,1.108,1.095,1.114,74410000,82170000,0
2022-01-18,1.109,1.112,1.103,1.118,71590000,79340000,0
2022-01-19,1.111,1.115,1.109,1.125,68020000,76020000,0
2022-01-20,1.115,1.132,1.111,1.141,95440000,107400000,0
2022-01-21,1.130,1.123,1.120,1.133,68060000,76580000,0
2022-01-24,1.122,1.116,1.113,1.125,71790000,80350000,0
2022-01-25,1.113,1.087,1.085,1.115,85030000,93740000,0
2022-01-26,1.089,1.103,1.085,1.108,77200000,84490000,0
2022-01-27,1.101,1.081,1.079,1.101,116950000,127710000,0
2022-01-28,1.085,1.072,1.070,1.099,124210000,134130000,0
2022-02-07,1.081,1.086,1.077,1.091,55080000,59690000,0
2022-02-08,1.085,1.099,1.077,1.100,83460000,90710000,0
2022-02-09,1.098,1.104,1.096,1.106,56660000,62340000,0
2022-02-10,1.102,1.102,1.096,1.106,80170000,88350000,0
2022-02-11,1.103,1.104,1.098,1.120,65500000,72650000,0
2022-02-14,1.100,1.052,1.049,1.100,106160000,113130000,0
2022-02-15,1.051,1.055,1.047,1.055,111740000,117560000,0
2022-02-16,1.062,1.058,1.052,1.065,111830000,118160000,0
2022-02-17,1.056,1.048,1.048,1.059,147100000,154970000,0
2022-02-18,1.044,1.051,1.041,1.053,96670000,101320000,0
2022-02-21,1.051,1.048,1.045,1.054,118280000,123990000,0
2022-02-22,1.046,1.031,1.026,1.046,119650000,123740000,0
2022-02-23,1.031,1.042,1.030,1.045,89400000,92960000,0
2022-02-24,1.035,1.015,1.005,1.042,157720000,162920000,0
2022-02-25,1.022,1.015,1.013,1.029,66560000,67840000,0
2022-02-28,1.014,1.016,1.004,1.017,206110000,208160000,0
2022-03-01,1.016,1.022,1.014,1.024,57940000,58980000,0
2022-03-02,1.018,1.019,1.015,1.021,139590000,142130000,0
2022-03-03,1.023,1.016,1.015,1.026,116300000,118570000,0
2022-03-04,1.010,1.005,1.001,1.020,115610000,116490000,0
2022-03-07,1.001,0.978,0.966,1.001,112250000,111190000,0
2022-03-08,0.978,0.962,0.958,0.985,102400000,100140000,0
2022-03-09,0.964,0.932,0.898,0.964,75940000,71470000,0
2022-03-10,0.947,0.932,0.929,0.952,223930000,210800000,0
2022-03-11,0.916,0.948,0.902,0.955,112810000,104190000,0
2022-03-14,0.933,0.934,0.931,0.953,77120000,72740000,0
2022-03-15,0.929,0.919,0.901,0.946,110790000,102460000,0
2022-03-16,0.914,0.958,0.899,0.964,95610000,88520000,0
2022-03-17,0.967,0.956,0.953,0.978,137910000,132720000,0
2022-03-18,0.956,0.964,0.948,0.968,131410000,126050000,0
2022-03-21,0.966,0.950,0.945,0.966,74860000,71300000,0
2022-03-22,0.943,0.950,0.943,0.961,124220000,117890000,0
2022-03-23,0.951,0.951,0.947,0.955,58010000,55150000,0
2022-03-24,0.947,0.940,0.938,0.949,51890000,48910000,0
2022-03-25,0.941,0.929,0.928,0.948,66140000,62060000,0
2022-03-28,0.924,0.930,0.918,0.938,80780000,74750000,0
2022-03-29,0.931,0.923,0.921,0.935,55620000,51580000,0
2022-03-30,0.928,0.958,0.928,0.960,68770000,65200000,0
2022-03-31,0.953,0.950,0.949,0.959,39370000,37520000,0
2022-04-01,0.946,0.965,0.944,0.968,151000000,144360000,0
2022-04-06,0.959,0.966,0.956,0.966,48560000,46760000,0
2022-04-07,0.963,0.947,0.946,0.970,39340000,37680000,0
2022-04-08,0.946,0.960,0.939,0.965,117410000,111800000,0
2022-04-11,0.956,0.931,0.928,0.956,52100000,48880000,0
2022-04-12,0.930,0.961,0.926,0.973,86020000,80930000,0
2022-04-13,0.958,0.949,0.948,0.966,108160000,103520000,0
2022-04-14,0.959,0.966,0.954,0.973,97280000,94200000,0
2022-04-15,0.960,0.960,0.955,0.973,123840000,119580000,0
2022-04-18,0.952,0.935,0.927,0.952,87190000,81460000,0
2022-04-19,0.932,0.927,0.925,0.938,175790000,163930000,0
2022-04-20,0.927,0.913,0.910,0.930,133140000,122850000,0
2022-04-21,0.912,0.910,0.904,0.927,158320000,144410000,0
2022-04-22,0.908,0.910,0.902,0.918,102840000,93760000,0
2022-04-25,0.900,0.882,0.880,0.912,103210000,92900000,0
2022-04-26,0.882,0.843,0.837,0.888,89930000,77840000,0
2022-04-27,0.828,0.855,0.827,0.859,140090000,117540000,0
2022-04-28,0.850,0.836,0.828,0.851,144990000,121940000,0
2022-04-29,0.862,0.878,0.844,0.882,104410000,89800000,0
2022-05-05,0.868,0.864,0.856,0.868,71070000,61310000,0
2022-05-06,0.850,0.840,0.837,0.851,69970000,59150000,0
2022-05-09,0.840,0.840,0.834,0.845,70260000,59080000,0
2022-05-10,0.836,0.852,0.830,0.856,71420000,60470000,0
2022-05-11,0.853,0.860,0.850,0.877,90650000,78560000,0
2022-05-12,0.856,0.859,0.852,0.867,80990000,69480000,0
2022-05-13,0.860,0.866,0.857,0.869,74760000,64350000,0
2022-05-16,0.870,0.857,0.854,0.873,63290000,54410000,0
2022-05-17,0.857,0.860,0.851,0.864,74530000,63900000,0
2022-05-18,0.861,0.863,0.860,0.869,83030000,71840000,0
2022-05-19,0.850,0.860,0.850,0.861,72630000,62230000,0
2022-05-20,0.864,0.877,0.864,0.879,94170000,82150000,0
2022-05-23,0.877,0.881,0.869,0.882,113790000,99530000,0
2022-05-24,0.880,0.856,0.855,0.884,119460000,103890000,0
2022-05-25,0.852,0.859,0.852,0.860,65420000,56010000,0
2022-05-26,0.858,0.872,0.853,0.881,109790000,94890000,0
2022-05-27,0.875,0.870,0.866,0.881,74840000,65590000,0
2022-05-30,0.877,0.867,0.864,0.877,75730000,65790000,0
2022-05-31,0.869,0.878,0.864,0.879,84490000,73690000,0
2022-06-01,0.876,0.874,0.870,0.881,77500000,67810000,0
2022-06-02,0.874,0.883,0.867,0.883,72230000,63360000,0
2022-06-06,0.880,0.902,0.876,0.902,125070000,111450000,0
2022-06-07,0.899,0.900,0.894,0.916,113050000,102490000,0
2022-06-08,0.901,0.915,0.899,0.918,168760000,153220000,0
2022-06-09,0.917,0.916,0.913,0.938,104470000,96510000,0
2022-06-10,0.912,0.940,0.905,0.943,129770000,119710000,0
2022-06-13,0.927,0.926,0.919,0.939,73920000,68550000,0
2022-06-14,0.917,0.974,0.905,0.980,148500000,139180000,0
2022-06-15,0.981,1.014,0.981,1.045,208820000,212610000,0
2022-06-16,1.016,0.965,0.961,1.016,121190000,119200000,0
2022-06-17,0.953,0.963,0.940,0.976,279360000,269310000,0
2022-06-20,0.962,0.956,0.953,0.971,82840000,79480000,0
2022-06-21,0.956,0.957,0.945,0.961,142100000,135580000,0
2022-06-22,0.956,0.938,0.937,0.962,135830000,129000000,0
2022-06-23,0.938,0.970,0.938,0.979,108270000,103900000,0
2022-06-24,0.975,0.971,0.963,0.979,101860000,98750000,0
2022-06-27,0.978,0.973,0.970,0.985,64900000,63370000,0
2022-06-28,0.971,0.981,0.961,0.990,64650000,62630000,0
2022-06-29,0.978,0.961,0.959,0.988,114980000,112420000,0
2022-06-30,0.961,0.970,0.961,0.979,60560000,58810000,0
2022-07-01,0.970,0.958,0.954,0.972,94550000,91200000,0
2022-07-04,0.954,0.962,0.945,0.963,123380000,117330000,0
2022-07-05,0.961,0.950,0.942,0.968,113890000,108930000,0
2022-07-06,0.948,0.939,0.936,0.952,155280000,146630000,0
2022-07-07,0.936,0.938,0.936,0.946,105850000,99430000,0
2022-07-08,0.939,0.929,0.929,0.945,84100000,78770000,0
2022-07-11,0.929,0.919,0.918,0.929,101310000,93640000,0
2022-07-12,0.922,0.923,0.918,0.935,62640000,57910000,0
2022-07-13,0.920,0.921,0.919,0.928,134460000,123990000,0
2022-07-14,0.920,0.914,0.913,0.924,92810000,85110000,0
2022-07-15,0.913,0.890,0.889,0.915,131990000,119900000,0
2022-07-18,0.889,0.910,0.889,0.915,84180000,76300000,0
2022-07-19,0.910,0.916,0.906,0.921,162410000,147740000,0
2022-07-20,0.919,0.917,0.914,0.922,51550000,47300000,0
2022-07-21,0.918,0.907,0.907,0.918,87800000,80180000,0
2022-07-22,0.909,0.910,0.903,0.920,106870000,97200000,0
2022-07-25,0.910,0.900,0.899,0.910,55930000,50510000,0
2022-07-26,0.899,0.905,0.898,0.908,47380000,42790000,0
2022-07-27,0.903,0.902,0.900,0.906,48620000,43890000,0
2022-07-28,0.906,0.910,0.906,0.919,61370000,56060000,0
2022-07-29,0.913,0.903,0.899,0.916,116020000,105320000,0
2022-08-01,0.899,0.892,0.888,0.899,72460000,64640000,0
2022-08-02,0.885,0.864,0.857,0.893,166790000,144840000,0
2022-08-03,0.864,0.859,0.857,0.875,238790000,206660000,0
2022-08-04,0.866,0.868,0.862,0.872,69700000,60380000,0
2022-08-05,0.872,0.893,0.867,0.893,87380000,76700000,0
2022-08-08,0.891,0.891,0.885,0.893,60010000,53390000,0
2022-08-09,0.891,0.886,0.886,0.894,132110000,117430000,0
2022-08-10,0.887,0.883,0.882,0.896,58170000,51630000,0
2022-08-11,0.889,0.932,0.889,0.933,105640000,96150000,0
2022-08-12,0.922,0.931,0.921,0.936,147070000,136910000,0
2022-08-15,0.923,0.922,0.919,0.931,102900000,95190000,0
2022-08-16,0.924,0.921,0.919,0.930,117890000,108870000,0
2022-08-17,0.921,0.937,0.916,0.942,78750000,73430000,0
2022-08-18,0.935,0.930,0.928,0.937,50090000,46670000,0
2022-08-19,0.930,0.925,0.924,0.936,78290000,73070000,0
2022-08-22,0.925,0.923,0.919,0.928,55220000,50950000,0
2022-08-23,0.922,0.926,0.917,0.939,70730000,65450000,0
2022-08-24,0.924,0.912,0.912,0.945,83800000,78110000,0
2022-08-25,0.914,0.929,0.913,0.933,105150000,97010000,0
2022-08-26,0.929,0.921,0.919,0.931,55320000,51170000,0
2022-08-29,0.914,0.916,0.908,0.918,59240000,54140000,0
2022-08-30,0.912,0.917,0.908,0.925,66360000,60710000,0
2022-08-31,0.922,0.922,0.913,0.932,71330000,65660000,0
2022-09-01,0.920,0.910,0.909,0.924,53130000,48730000,0
2022-09-02,0.912,0.908,0.903,0.918,43040000,39160000,0
2022-09-05,0.908,0.914,0.904,0.915,47230000,42930000,0
2022-09-06,0.916,0.925,0.916,0.926,53190000,48960000,0
2022-09-07,0.922,0.919,0.916,0.922,51540000,47340000,0
2022-09-08,0.919,0.917,0.916,0.925,42500000,39100000,0
2022-09-09,0.915,0.931,0.915,0.937,110470000,102750000,0
2022-09-13,0.932,0.932,0.929,0.942,115720000,108170000,0
2022-09-14,0.923,0.920,0.914,0.924,63600000,58460000,0
2022-09-15,0.920,0.918,0.911,0.928,52990000,48790000,0
2022-09-16,0.914,0.861,0.860,0.914,108540000,94700000,0
2022-09-19,0.860,0.853,0.850,0.863,289210000,248090000,0
2022-09-20,0.859,0.854,0.852,0.861,52410000,44870000,0
2022-09-21,0.853,0.854,0.841,0.857,79560000,67410000,0
2022-09-22,0.850,0.850,0.847,0.856,53340000,45400000,0
2022-09-23,0.848,0.851,0.845,0.859,58890000,50180000,0
2022-09-26,0.848,0.832,0.831,0.848,64220000,53930000,0
2022-09-27,0.836,0.839,0.831,0.840,62410000,52080000,0
2022-09-28,0.836,0.826,0.824,0.839,158830000,132500000,0
2022-09-29,0.831,0.815,0.810,0.833,63120000,51820000,0
2022-09-30,0.815,0.814,0.813,0.821,45900000,37470000,0
2022-10-10,0.814,0.803,0.802,0.818,97160000,78710000,0
2022-10-11,0.805,0.810,0.802,0.820,85060000,68840000,0
2022-10-12,0.810,0.829,0.807,0.829,95100000,77440000,0
2022-10-13,0.824,0.825,0.821,0.830,39440000,32540000,0
2022-10-14,0.831,0.839,0.830,0.843,46120000,38610000,0
2022-10-17,0.837,0.841,0.833,0.844,106220000,89340000,0
2022-10-18,0.846,0.839,0.837,0.848,47860000,40240000,0
2022-10-19,0.839,0.830,0.830,0.842,42030000,35060000,0
2022-10-20,0.829,0.835,0.827,0.847,83220000,69330000,0
2022-10-21,0.854,0.838,0.835,0.857,52220000,44030000,0
2022-10-24,0.843,0.820,0.818,0.856,64300000,53660000,0
2022-10-25,0.821,0.807,0.798,0.822,51010000,41250000,0
2022-10-26,0.808,0.813,0.806,0.823,37080000,30170000,0
2022-10-27,0.814,0.815,0.813,0.826,52010000,42570000,0
2022-10-28,0.812,0.799,0.795,0.818,152880000,124060000,0
2022-10-31,0.793,0.801,0.791,0.810,73470000,58640000,0
2022-11-01,0.801,0.825,0.801,0.825,52390000,42700000,0
2022-11-02,0.820,0.826,0.817,0.831,67320000,55420000,0
2022-11-03,0.820,0.820,0.816,0.823,31710000,26010000,0
2022-11-04,0.820,0.846,0.818,0.850,58070000,48620000,0
2022-11-07,0.839,0.844,0.837,0.849,74670000,63050000,0
2022-11-08,0.845,0.839,0.836,0.846,43720000,36700000,0
2022-11-09,0.840,0.836,0.836,0.844,51380000,43080000,0
2022-11-10,0.836,0.841,0.831,0.846,34860000,29270000,0
2022-11-11,0.863,0.863,0.852,0.876,85030000,73410000,0
2022-11-14,0.865,0.870,0.865,0.887,175970000,153380000,0
2022-11-15,0.867,0.902,0.866,0.912,204060000,181320000,0
2022-11-16,0.900,0.886,0.884,0.901,34690000,30930000,0
2022-11-17,0.881,0.892,0.880,0.893,236310000,209690000,0
2022-11-18,0.894,0.879,0.876,0.894,40940000,36140000,0
2022-11-21,0.877,0.863,0.858,0.877,50330000,43370000,0
2022-11-22,0.863,0.866,0.860,0.875,44670000,38680000,0
2022-11-23,0.866,0.864,0.861,0.873,40480000,35080000,0
2022-11-24,0.872,0.861,0.861,0.875,38500000,33350000,0
2022-11-25,0.862,0.872,0.860,0.876,38950000,33820000,0
2022-11-28,0.861,0.857,0.845,0.863,45810000,39000000,0
2022-11-29,0.858,0.890,0.857,0.895,61850000,54390000,0
2022-11-30,0.887,0.885,0.883,0.900,106990000,95630000,0
2022-12-01,0.900,0.892,0.892,0.922,125740000,114330000,0
2022-12-02,0.891,0.888,0.885,0.899,59300000,52900000,0
2022-12-05,0.897,0.918,0.897,0.920,221400000,201290000,0
2022-12-06,0.914,0.914,0.910,0.927,171990000,158210000,0
2022-12-07,0.915,0.907,0.901,0.919,89280000,81470000,0
2022-12-08,0.904,0.905,0.901,0.910,31560000,28550000,0
2022-12-09,0.905,0.913,0.898,0.915,43110000,39040000,0
2022-12-12,0.907,0.891,0.889,0.907,48380000,43330000,0
2022-12-13,0.891,0.890,0.888,0.896,37260000,33220000,0
2022-12-14,0.893,0.898,0.888,0.902,39070000,34930000,0
2022-12-15,0.897,0.890,0.888,0.898,64110000,57110000,0
2022-12-16,0.887,0.889,0.884,0.894,64270000,57060000,0
2022-12-19,0.889,0.864,0.859,0.894,65500000,57040000,0
2022-12-20,0.865,0.860,0.855,0.867,109050000,93890000,0
2022-12-21,0.860,0.858,0.855,0.865,38030000,32660000,0
2022-12-22,0.860,0.858,0.853,0.869,60350000,51810000,0
2022-12-23,0.855,0.857,0.853,0.863,30700000,26340000,0
2022-12-26,0.858,0.857,0.850,0.860,26390000,22580000,0
2022-12-27,0.861,0.867,0.857,0.870,34870000,30160000,0
2022-12-28,0.862,0.862,0.859,0.868,104190000,89830000,0
2022-12-29,0.862,0.858,0.852,0.862,30970000,26520000,0
2022-12-30,0.859,0.863,0.858,0.867,28560000,24640000,0
2023-01-03,0.858,0.859,0.837,0.860,40660000,34470000,0
2023-01-04,0.856,0.861,0.856,0.866,31120000,26790000,0
2023-01-05,0.863,0.878,0.863,0.881,45220000,39520000,0
2023-01-06,0.878,0.876,0.874,0.884,33730000,29590000,0
2023-01-09,0.878,0.893,0.878,0.902,45520000,40710000,0
2023-01-10,0.893,0.890,0.889,0.906,36070000,32330000,0
2023-01-11,0.891,0.885,0.884,0.897,74830000,66670000,0
2023-01-12,0.885,0.894,0.881,0.894,166990000,148230000,0
2023-01-13,0.894,0.911,0.891,0.912,65010000,58730000,0
2023-01-16,0.914,0.941,0.913,0.961,133660000,125140000,0
2023-01-17,0.937,0.954,0.936,0.954,271600000,256630000,0
2023-01-18,0.951,0.948,0.947,0.958,88910000,84730000,0
2023-01-19,0.947,0.968,0.944,0.969,188490000,179770000,0
2023-01-20,0.970,0.963,0.954,0.970,53040000,50920000,0
2023-01-30,0.974,0.955,0.954,0.978,100520000,96890000,0
2023-01-31,0.954,0.947,0.942,0.961,70920000,67530000,0
2023-02-01,0.948,0.973,0.947,0.973,179610000,170980000,0
2023-02-02,0.991,0.955,0.953,0.991,91350000,87880000,0
2023-02-03,0.952,0.948,0.938,0.954,46690000,44110000,0
2023-02-06,0.941,0.930,0.928,0.942,98350000,92060000,0
2023-02-07,0.932,0.933,0.928,0.937,35230000,32850000,0
2023-02-08,0.935,0.924,0.923,0.935,75600000,70170000,0
2023-02-09,0.922,0.939,0.921,0.939,60970000,56830000,0
2023-02-10,0.934,0.930,0.928,0.938,78280000,72880000,0
2023-02-13,0.929,0.935,0.925,0.937,33520000,31220000,0
2023-02-14,0.935,0.934,0.927,0.936,32470000,30250000,0
2023-02-15,0.934,0.925,0.924,0.934,80980000,75300000,0
2023-02-16,0.924,0.919,0.913,0.943,71620000,66910000,0
2023-02-17,0.917,0.904,0.903,0.921,41100000,37550000,0
2023-02-20,0.912,0.938,0.911,0.941,59090000,54610000,0
2023-02-21,0.936,0.942,0.933,0.944,45310000,42520000,0
2023-02-22,0.939,0.934,0.931,0.945,34650000,32480000,0
2023-02-23,0.935,0.939,0.935,0.950,55910000,52750000,0
2023-02-24,0.940,0.925,0.922,0.940,45970000,42680000,0
2023-02-27,0.920,0.914,0.911,0.922,47580000,43590000,0
2023-02-28,0.915,0.922,0.912,0.923,43600000,39980000,0
2023-03-01,0.919,0.932,0.918,0.938,59160000,55030000,0
2023-03-02,0.931,0.931,0.929,0.936,35280000,32880000,0
2023-03-03,0.932,0.940,0.928,0.941,47540000,44370000,0
2023-03-06,0.945,0.924,0.924,0.946,52370000,48660000,0
2023-03-07,0.922,0.909,0.907,0.933,53230000,49040000,0
2023-03-08,0.910,0.909,0.902,0.910,47470000,42970000,0
2023-03-09,0.908,0.903,0.901,0.909,44420000,40190000,0
2023-03-10,0.898,0.891,0.890,0.902,83390000,74660000,0
2023-03-13,0.889,0.896,0.887,0.897,36930000,32960000,0
2023-03-14,0.893,0.886,0.878,0.895,51160000,45290000,0
2023-03-15,0.892,0.893,0.890,0.897,38760000,34650000,0
2023-03-16,0.888,0.884,0.883,0.892,41980000,37280000,0
2023-03-17,0.892,0.899,0.892,0.907,79450000,71520000,0
2023-03-20,0.899,0.889,0.889,0.905,55550000,49670000,0
2023-03-21,0.889,0.896,0.889,0.899,49620000,44380000,0
2023-03-22,0.897,0.890,0.887,0.900,55140000,49220000,0
2023-03-23,0.888,0.902,0.886,0.902,59680000,53450000,0
2023-03-24,0.902,0.906,0.900,0.910,95470000,86160000,0
2023-03-27,0.908,0.909,0.900,0.913,43610000,39560000,0
2023-03-28,0.912,0.902,0.899,0.912,39060000,35250000,0
2023-03-29,0.903,0.896,0.891,0.903,42730000,38310000,0
2023-03-30,0.897,0.900,0.885,0.904,47490000,42390000,0
2023-03-31,0.899,0.900,0.896,0.903,49090000,44130000,0
2023-04-03,0.901,0.936,0.895,0.937,86060000,79330000,0
2023-04-04,0.937,0.939,0.934,0.945,51700000,48580000,0
2023-04-06,0.932,0.932,0.928,0.939,38240000,35660000,0
2023-04-07,0.939,0.942,0.930,0.946,122840000,115370000,0
2023-04-10,0.951,0.933,0.933,0.954,53560000,50540000,0
2023-04-11,0.937,0.942,0.937,0.958,89700000,85080000,0
2023-04-12,0.944,0.945,0.938,0.953,88500000,83720000,0
2023-04-13,0.942,0.933,0.930,0.942,54130000,50640000,0
2023-04-14,0.938,0.934,0.927,0.939,44490000,41520000,0
2023-04-17,0.935,0.960,0.933,0.961,73060000,69620000,0
2023-04-18,0.959,0.955,0.952,0.968,60790000,58250000,0
2023-04-19,0.952,0.942,0.940,0.959,48990000,46450000,0
2023-04-20,0.941,0.945,0.934,0.946,40030000,37590000,0
2023-04-21,0.943,0.912,0.906,0.945,90160000,83280000,0
2023-04-24,0.904,0.895,0.890,0.909,52180000,47020000,0
2023-04-25,0.894,0.899,0.888,0.903,129140000,115410000,0
2023-04-26,0.899,0.897,0.891,0.899,65810000,58930000,0
2023-04-27,0.895,0.903,0.891,0.905,45790000,41030000,0
2023-04-28,0.903,0.922,0.902,0.930,58290000,53330000,0
2023-05-04,0.917,0.930,0.912,0.934,45830000,42370000,0
2023-05-05,0.931,0.947,0.931,0.965,76030000,72470000,0
2023-05-08,0.948,0.966,0.938,0.977,75080000,71940000,0
2023-05-09,0.969,0.976,0.966,1.020,126810000,126550000,0
2023-05-10,0.971,0.949,0.945,0.974,56060000,53760000,0
2023-05-11,0.950,0.949,0.947,0.960,33630000,32060000,0
2023-05-12,0.949,0.936,0.935,0.952,37580000,35420000,0
2023-05-15,0.936,0.950,0.917,0.953,59700000,55700000,0
2023-05-16,0.947,0.941,0.939,0.959,49710000,47120000,0
2023-05-17,0.938,0.938,0.934,0.946,31180000,29250000,0
2023-05-18,0.942,0.936,0.931,0.946,38260000,35890000,0
2023-05-19,0.930,0.921,0.920,0.931,39820000,36820000,0
2023-05-22,0.920,0.920,0.916,0.926,42050000,38690000,0
2023-05-23,0.920,0.906,0.905,0.921,36320000,33200000,0
2023-05-24,0.907,0.894,0.892,0.908,68190000,61330000,0
2023-05-25,0.893,0.894,0.884,0.896,44410000,39550000,0
2023-05-26,0.893,0.897,0.887,0.900,146620000,130640000,0
2023-05-29,0.899,0.889,0.888,0.899,108310000,96830000,0
2023-05-30,0.888,0.892,0.880,0.893,64120000,56990000,0
2023-05-31,0.890,0.886,0.883,0.890,107170000,95130000,0
2023-06-01,0.886,0.889,0.883,0.896,43170000,38390000,0
2023-06-02,0.892,0.894,0.889,0.894,54140000,48290000,0
2023-06-05,0.893,0.887,0.886,0.895,77330000,68760000,0
2023-06-06,0.887,0.876,0.875,0.893,54170000,47860000,0
2023-06-07,0.878,0.878,0.875,0.886,43510000,38280000,0
2023-06-08,0.878,0.888,0.872,0.891,61560000,54190000,0
2023-06-09,0.888,0.885,0.882,0.888,81760000,72460000,0
2023-06-12,0.881,0.877,0.874,0.882,41360000,36300000,0
2023-06-13,0.875,0.882,0.874,0.883,36980000,32520000,0
2023-06-14,0.882,0.882,0.881,0.893,44690000,39630000,0
2023-06-15,0.884,0.894,0.882,0.896,52410000,46670000,0
2023-06-16,0.897,0.899,0.892,0.901,106000000,94800000,0
2023-06-19,0.899,0.893,0.891,0.899,75290000,67380000,0
2023-06-20,0.892,0.890,0.888,0.896,38060000,33960000,0
2023-06-21,0.890,0.874,0.873,0.890,46130000,40680000,0
2023-06-26,0.869,0.852,0.852,0.870,104240000,89600000,0
2023-06-27,0.854,0.859,0.853,0.862,43390000,37240000,0
2023-06-28,0.859,0.860,0.853,0.863,91880000,78710000,0
2023-06-29,0.861,0.860,0.857,0.863,53080000,45570000,0
2023-06-30,0.858,0.872,0.858,0.876,44720000,38790000,0
2023-07-03,0.874,0.885,0.872,0.889,44710000,39370000,0
2023-07-04,0.885,0.886,0.880,0.889,139840000,123980000,0
2023-07-05,0.886,0.881,0.879,0.886,29720000,26230000,0
2023-07-06,0.878,0.878,0.876,0.884,32920000,28950000,0
2023-07-07,0.878,0.884,0.874,0.889,34870000,30720000,0
2023-07-10,0.888,0.885,0.881,0.891,26610000,23590000,0
2023-07-11,0.885,0.890,0.885,0.891,27460000,24390000,0
2023-07-12,0.887,0.881,0.880,0.893,28820000,25610000,0
2023-07-13,0.885,0.897,0.884,0.899,75780000,67860000,0
2023-07-14,0.899,0.895,0.894,0.899,62130000,55590000,0
2023-07-17,0.893,0.890,0.887,0.893,21170000,18840000,0
2023-07-18,0.889,0.893,0.888,0.896,49580000,44200000,0
2023-07-19,0.892,0.898,0.891,0.898,30870000,27610000,0
2023-07-20,0.899,0.891,0.890,0.902,34320000,30810000,0
2023-07-21,0.891,0.893,0.890,0.898,64580000,57780000,0
2023-07-24,0.893,0.891,0.888,0.897,58420000,52200000,0
2023-07-25,0.919,0.939,0.916,0.945,151680000,141310000,0
2023-07-26,0.939,0.938,0.929,0.942,70790000,66400000,0
2023-07-27,0.938,0.928,0.927,0.944,131950000,123010000,0
2023-07-28,0.927,1.007,0.927,1.010,337210000,327210000,0
2023-07-31,1.017,1.007,1.005,1.038,119010000,121860000,0
2023-08-01,1.000,1.002,0.996,1.025,66930000,67580000,0
2023-08-02,0.999,1.012,0.999,1.033,82060000,83360000,0
2023-08-03,1.020,1.045,1.003,1.052,99610000,102560000,0
2023-08-04,1.077,1.061,1.055,1.105,130780000,140670000,0
2023-08-07,1.044,1.060,1.033,1.060,72930000,76390000,0
2023-08-08,1.053,1.052,1.021,1.072,81580000,85510000,0
2023-08-09,1.045,1.046,1.040,1.060,59100000,62050000,0
2023-08-10,1.046,1.071,1.045,1.072,99880000,105350000,0
2023-08-11,1.065,1.021,1.020,1.065,117300000,121820000,0
2023-08-14,1.010,1.010,1.001,1.026,83100000,84100000,0
2023-08-15,1.005,1.029,1.005,1.030,69000000,70380000,0
2023-08-16,1.020,1.031,1.007,1.058,71920000,74330000,0
2023-08-17,1.027,1.031,1.013,1.039,64280000,66050000,0
2023-08-18,1.031,1.014,1.014,1.046,47650000,49130000,0
2023-08-21,1.004,0.980,0.979,1.013,117670000,116710000,0
2023-08-22,0.979,0.995,0.977,1.004,57970000,57280000,0
2023-08-23,0.990,0.971,0.970,0.990,55230000,54190000,0
2023-08-24,0.975,0.984,0.975,1.002,231570000,229140000,0
2023-08-25,0.982,0.995,0.980,0.999,54760000,54360000,0
2023-08-28,1.095,1.020,1.012,1.095,132830000,140740000,0
2023-08-29,1.000,1.009,0.980,1.017,120420000,120630000,0
2023-08-30,1.003,0.983,0.980,1.004,160640000,159230000,0
2023-08-31,0.980,0.963,0.962,0.985,67260000,65320000,0
2023-09-01,0.966,0.963,0.960,0.973,55780000,53860000,0
2023-09-04,0.965,0.970,0.958,0.975,59530000,57600000,0
2023-09-05,0.967,0.962,0.958,0.967,57080000,54850000,0
2023-09-06,0.962,0.958,0.951,0.963,48560000,46370000,0
2023-09-07,0.957,0.953,0.950,0.964,49710000,47560000,0
2023-09-08,0.949,0.957,0.946,0.961,97160000,92320000,0
2023-09-11,0.959,0.971,0.952,0.978,67510000,65140000,0
2023-09-12,0.969,0.962,0.961,0.970,47020000,45390000,0
2023-09-13,0.961,0.953,0.948,0.963,46550000,44470000,0
2023-09-14,0.950,0.955,0.950,0.958,54990000,52400000,0
2023-09-15,0.958,0.951,0.946,0.960,75340000,71830000,0
2023-09-18,0.949,0.950,0.940,0.952,47060000,44570000,0
2023-09-19,0.948,0.949,0.947,0.955,48550000,46160000,0
2023-09-20,0.950,0.947,0.945,0.952,42820000,40650000,0
2023-09-21,0.949,0.939,0.938,0.953,233220000,219770000,0
2023-09-22,0.939,0.968,0.937,0.968,71950000,68650000,0
2023-09-25,0.965,0.944,0.943,0.965,65580000,62210000,0
2023-09-26,0.943,0.945,0.942,0.950,43800000,41420000,0
2023-09-27,0.943,0.947,0.942,0.950,49700000,47040000,0
2023-09-28,0.949,0.941,0.938,0.949,59350000,55890000,0
2023-10-09,0.937,0.930,0.919,0.938,56640000,52560000,0
2023-10-10,0.930,0.928,0.926,0.937,36820000,34300000,0
2023-10-11,0.930,0.924,0.922,0.934,40740000,37820000,0
2023-10-12,0.934,0.935,0.931,0.940,42310000,39520000,0
2023-10-13,0.929,0.926,0.923,0.930,50860000,47100000,0
2023-10-16,0.926,0.923,0.919,0.929,38400000,35470000,0
2023-10-17,0.923,0.936,0.921,0.943,82780000,77370000,0
2023-10-18,0.934,0.933,0.930,0.940,41600000,38920000,0
2023-10-19,0.931,0.929,0.928,0.944,51840000,48500000,0
2023-10-20,0.924,0.931,0.924,0.937,51160000,47620000,0
2023-10-23,0.929,0.912,0.905,0.930,88420000,80900000,0
2023-10-24,0.913,0.939,0.912,0.941,64490000,59630000,0
2023-10-25,0.946,0.939,0.937,0.950,57000000,53680000,0
2023-10-26,0.937,0.937,0.928,0.938,122950000,114910000,0
2023-10-27,0.934,0.942,0.927,0.944,64270000,60050000,0
2023-10-30,0.940,0.938,0.928,0.940,114600000,106730000,0
2023-10-31,0.938,0.937,0.933,0.942,65390000,61260000,0
2023-11-01,0.941,0.937,0.936,0.945,48510000,45540000,0
2023-11-02,0.938,0.931,0.930,0.943,88260000,82580000,0
2023-11-03,0.931,0.940,0.928,0.943,50630000,47450000,0
2023-11-06,0.964,0.976,0.957,0.981,85780000,83020000,0
2023-11-07,0.978,0.982,0.969,0.985,54840000,53790000,0
2023-11-08,0.980,0.972,0.965,0.983,53390000,51980000,0
2023-11-09,0.972,0.968,0.963,0.972,46140000,44630000,0
2023-11-10,0.963,0.969,0.963,0.973,57100000,55330000,0
2023-11-13,0.969,0.965,0.959,0.970,68270000,65710000,0
2023-11-14,0.966,0.976,0.964,0.990,57770000,56420000,0
2023-11-15,0.982,0.978,0.975,0.992,60350000,59390000,0
2023-11-16,0.973,0.970,0.970,0.982,47780000,46590000,0
2023-11-17,0.966,0.972,0.965,0.974,41830000,40570000,0
2023-11-20,0.970,0.968,0.958,0.971,45670000,43990000,0
2023-11-21,0.968,0.968,0.966,0.984,62480000,60930000,0
2023-11-22,0.963,0.958,0.958,0.969,46760000,45120000,0
2023-11-23,0.960,0.959,0.951,0.960,107220000,102450000,0
2023-11-24,0.959,0.948,0.946,0.959,98240000,93450000,0
2023-11-27,0.946,0.940,0.935,0.946,56310000,52830000,0
2023-11-28,0.939,0.938,0.934,0.943,85320000,79970000,0
2023-11-29,0.937,0.929,0.928,0.939,66640000,62170000,0
2023-11-30,0.930,0.933,0.928,0.936,28080000,26180000,0
2023-12-01,0.934,0.937,0.929,0.938,59670000,55680000,0
2023-12-04,0.939,0.937,0.935,0.943,37490000,35180000,0
2023-12-05,0.937,0.924,0.924,0.937,86840000,80870000,0
2023-12-06,0.925,0.920,0.918,0.927,39190000,36180000,0
2023-12-07,0.918,0.925,0.917,0.927,46420000,42830000,0
2023-12-08,0.925,0.921,0.919,0.932,76000000,70100000,0
2023-12-11,0.919,0.933,0.905,0.936,55750000,51370000,0
2023-12-12,0.929,0.931,0.928,0.935,41120000,38290000,0
2023-12-13,0.931,0.920,0.920,0.931,74830000,69140000,0
2023-12-14,0.924,0.917,0.916,0.927,56340000,51870000,0
2023-12-15,0.919,0.918,0.915,0.927,43030000,39570000,0
2023-12-18,0.915,0.914,0.909,0.923,45050000,41310000,0
2023-12-19,0.914,0.913,0.905,0.917,74450000,67800000,0
2023-12-20,0.911,0.888,0.887,0.912,52330000,47020000,0
2023-12-21,0.885,0.888,0.880,0.891,83610000,74100000,0
2023-12-22,0.888,0.885,0.880,0.891,77710000,68730000,0
2023-12-25,0.884,0.878,0.877,0.885,64970000,57160000,0
2023-12-26,0.878,0.868,0.867,0.879,52250000,45520000,0
2023-12-27,0.867,0.876,0.861,0.881,52040000,45260000,0
2023-12-28,0.874,0.896,0.871,0.900,51300000,45410000,0
2023-12-29,0.893,0.896,0.892,0.899,38730000,34720000,0
2024-01-02,0.895,0.885,0.884,0.895,34690000,30820000,0
2024-01-03,0.884,0.887,0.881,0.890,42220000,37380000,0
2024-01-04,0.885,0.879,0.873,0.885,44630000,39190000,0
2024-01-05,0.875,0.873,0.868,0.885,35070000,30830000,0
2024-01-08,0.870,0.856,0.855,0.873,47950000,41280000,0
2024-01-09,0.857,0.853,0.848,0.860,61550000,52610000,0
2024-01-10,0.852,0.848,0.844,0.858,37540000,31890000,0
2024-01-11,0.846,0.857,0.845,0.859,34870000,29700000,0
2024-01-12,0.853,0.848,0.848,0.860,36640000,31300000,0
2024-01-15,0.845,0.846,0.842,0.855,36830000,31240000,0
2024-01-16,0.846,0.855,0.841,0.857,59400000,50420000,0
2024-01-17,0.855,0.840,0.840,0.855,43250000,36740000,0
2024-01-18,0.837,0.849,0.821,0.851,72100000,59990000,0
2024-01-19,0.844,0.842,0.838,0.847,47830000,40290000,0
2024-01-22,0.841,0.827,0.816,0.846,52250000,43890000,0
2024-01-23,0.822,0.839,0.815,0.847,52680000,43900000,0
2024-01-24,0.844,0.876,0.832,0.883,95780000,81900000,0
2024-01-25,0.870,0.885,0.865,0.892,130310000,114560000,0
2024-01-26,0.880,0.885,0.876,0.895,102400000,90770000,0
2024-01-29,0.886,0.869,0.868,0.888,48090000,42160000,0
2024-01-30,0.866,0.858,0.857,0.875,69440000,60340000,0
2024-01-31,0.853,0.849,0.845,0.863,74990000,64220000,0
2024-02-01,0.846,0.845,0.839,0.861,42260000,35850000,0
2024-02-02,0.847,0.826,0.804,0.849,77530000,64230000,0
2024-02-05,0.820,0.810,0.796,0.832,109200000,88650000,0
2024-02-06,0.812,0.857,0.803,0.862,55980000,46770000,0
2024-02-07,0.857,0.870,0.854,0.872,81180000,70230000,0
2024-02-08,0.872,0.875,0.871,0.890,95620000,84310000,0
2024-02-19,0.876,0.864,0.853,0.876,137380000,118400000,0
2024-02-20,0.864,0.876,0.859,0.882,52650000,45840000,0
2024-02-21,0.871,0.885,0.866,0.904,116890000,103430000,0
2024-02-22,0.883,0.894,0.878,0.898,87140000,77390000,0
2024-02-23,0.894,0.896,0.888,0.899,49620000,44410000,0
2024-02-26,0.897,0.889,0.888,0.897,38930000,34780000,0
2024-02-27,0.888,0.907,0.888,0.907,90210000,80680000,0
2024-02-28,0.907,0.892,0.891,0.925,77070000,70390000,0
2024-02-29,0.890,0.907,0.887,0.907,123250000,110400000,0
2024-03-01,0.907,0.913,0.901,0.917,52300000,47510000,0
2024-03-04,0.912,0.904,0.898,0.912,46950000,42390000,0
2024-03-05,0.903,0.898,0.893,0.903,41220000,36960000,0
2024-03-06,0.895,0.896,0.890,0.908,42430000,38140000,0
2024-03-07,0.896,0.886,0.883,0.900,40940000,36520000,0
2024-03-08,0.886,0.887,0.881,0.889,28370000,25110000,0
2024-03-11,0.886,0.898,0.886,0.899,63880000,57120000,0
2024-03-12,0.902,0.904,0.897,0.908,68320000,61550000,0
2024-03-13,0.905,0.894,0.891,0.905,95300000,85300000,0
2024-03-14,0.893,0.886,0.881,0.897,70390000,62550000,0
2024-03-15,0.886,0.890,0.879,0.891,63330000,55910000,0
2024-03-18,0.892,0.911,0.892,0.916,65660000,59540000,0
2024-03-19,0.911,0.894,0.894,0.911,37260000,33530000,0
2024-03-20,0.893,0.896,0.890,0.900,92090000,82260000,0
2024-03-21,0.895,0.899,0.895,0.909,48300000,43550000,0
2024-03-22,0.899,0.886,0.883,0.902,42170000,37520000,0
2024-03-25,0.880,0.860,0.858,0.880,75580000,65390000,0
2024-03-26,0.861,0.861,0.855,0.864,68090000,58400000,0
2024-03-27,0.860,0.848,0.845,0.861,67360000,57470000,0
2024-03-28,0.845,0.848,0.844,0.857,47070000,39970000,0
2024-03-29,0.846,0.851,0.841,0.852,33260000,28130000,0
2024-04-01,0.861,0.862,0.859,0.865,45630000,39330000,0
2024-04-02,0.864,0.858,0.856,0.867,100620000,86560000,0
2024-04-03,0.856,0.853,0.851,0.860,25590000,21860000,0
2024-04-08,0.848,0.836,0.836,0.848,35620000,29940000,0
2024-04-09,0.836,0.839,0.836,0.841,27110000,22740000,0
2024-04-10,0.839,0.823,0.819,0.839,77090000,63980000,0
2024-04-11,0.821,0.820,0.819,0.828,82160000,67550000,0
2024-04-12,0.820,0.806,0.804,0.822,43350000,35200000,0
2024-04-15,0.800,0.820,0.795,0.827,53600000,43590000,0
2024-04-16,0.818,0.805,0.803,0.820,131540000,107280000,0
2024-04-17,0.806,0.821,0.801,0.821,42430000,34440000,0
2024-04-18,0.818,0.826,0.816,0.838,76560000,63090000,0
2024-04-19,0.823,0.822,0.820,0.829,33930000,27980000,0
2024-04-22,0.822,0.823,0.819,0.832,36190000,29840000,0
2024-04-23,0.825,0.822,0.820,0.827,27250000,22440000,0
2024-04-24,0.822,0.823,0.817,0.825,31220000,25630000,0
2024-04-25,0.820,0.821,0.816,0.826,34460000,28300000,0
2024-04-26,0.842,0.872,0.832,0.872,86250000,73400000,0
2024-04-29,0.870,0.882,0.870,0.891,59070000,52040000,0
2024-04-30,0.878,0.868,0.866,0.881,37760000,32930000,0
2024-05-06,0.875,0.873,0.870,0.885,44560000,39070000,0
2024-05-07,0.873,0.869,0.865,0.874,79180000,68820000,0
2024-05-08,0.867,0.856,0.856,0.868,34880000,30050000,0
2024-05-09,0.857,0.863,0.854,0.868,42850000,37000000,0
2024-05-10,0.863,0.870,0.861,0.873,115780000,100110000,0
2024-05-13,0.866,0.874,0.859,0.880,46440000,40300000,0
2024-05-14,0.870,0.877,0.865,0.878,36990000,32170000,0
2024-05-15,0.882,0.855,0.853,0.883,56510000,48780000,0
2024-05-16,0.855,0.854,0.851,0.864,72970000,62600000,0
2024-05-17,0.854,0.866,0.850,0.866,49520000,42490000,0
2024-05-20,0.866,0.867,0.863,0.876,49830000,43360000,0
2024-05-21,0.865,0.861,0.859,0.868,32510000,28070000,0
2024-05-22,0.860,0.864,0.857,0.867,34050000,29380000,0
2024-05-23,0.862,0.847,0.845,0.862,61500000,52470000,0
2024-05-24,0.844,0.834,0.834,0.848,31680000,26670000,0
2024-05-27,0.835,0.843,0.833,0.844,38650000,32380000,0
2024-05-28,0.844,0.835,0.833,0.844,63920000,53580000,0
2024-05-29,0.837,0.838,0.831,0.844,30270000,25380000,0
2024-05-30,0.833,0.835,0.830,0.837,31330000,26110000,0
2024-05-31,0.837,0.833,0.833,0.841,26430000,22120000,0
2024-06-03,0.832,0.825,0.819,0.832,69470000,57330000,0
2024-06-04,0.824,0.829,0.823,0.831,32630000,26980000,0
2024-06-05,0.829,0.826,0.825,0.832,110100000,91110000,0
2024-06-06,0.828,0.815,0.814,0.828,45120000,36990000,0
2024-06-07,0.815,0.811,0.799,0.820,134000000,108890000,0
2024-06-11,0.808,0.810,0.806,0.817,59370000,48130000,0
2024-06-12,0.809,0.811,0.807,0.814,31860000,25830000,0
2024-06-13,0.812,0.810,0.807,0.814,151190000,122320000,0
2024-06-14,0.808,0.828,0.806,0.834,123500000,100540000,0
2024-06-17,0.820,0.828,0.816,0.828,39270000,32350000,0
2024-06-18,0.827,0.834,0.826,0.838,35050000,29210000,0
2024-06-19,0.834,0.823,0.822,0.835,70110000,58120000,0
2024-06-20,0.823,0.814,0.813,0.824,35080000,28690000,0
2024-06-21,0.813,0.816,0.812,0.821,29820000,24340000,0
2024-06-24,0.815,0.808,0.807,0.816,89760000,72720000,0
2024-06-25,0.808,0.796,0.791,0.809,87180000,69710000,0
2024-06-26,0.795,0.805,0.792,0.806,30880000,24650000,0
2024-06-27,0.801,0.796,0.796,0.804,105710000,84440000,0
2024-06-28,0.796,0.781,0.777,0.804,89920000,71070000,0
2024-07-01,0.776,0.779,0.769,0.782,31360000,24310000,0
2024-07-02,0.781,0.776,0.774,0.786,116840000,91070000,0
2024-07-03,0.782,0.779,0.772,0.782,32570000,25310000,0
2024-07-04,0.779,0.763,0.762,0.780,39130000,30080000,0
2024-07-05,0.761,0.764,0.758,0.770,30520000,23270000,0
2024-07-08,0.764,0.743,0.742,0.764,37070000,27890000,0
2024-07-09,0.747,0.759,0.739,0.760,42290000,31670000,0
2024-07-10,0.757,0.760,0.754,0.770,37810000,28790000,0
2024-07-11,0.767,0.772,0.764,0.776,35870000,27660000,0
2024-07-12,0.771,0.769,0.765,0.773,25370000,19520000,0
2024-07-15,0.767,0.769,0.764,0.771,19530000,15020000,0
2024-07-16,0.767,0.776,0.767,0.778,31310000,24260000,0
2024-07-17,0.779,0.781,0.774,0.783,34600000,26970000,0
2024-07-18,0.778,0.785,0.771,0.785,30420000,23680000,0
2024-07-19,0.785,0.794,0.783,0.796,42710000,33740000,0
2024-07-22,0.799,0.800,0.791,0.808,38400000,30700000,0
2024-07-23,0.800,0.781,0.781,0.801,36390000,28870000,0
2024-07-24,0.781,0.772,0.771,0.781,28920000,22470000,0
2024-07-25,0.772,0.782,0.771,0.786,141880000,110710000,0
2024-07-26,0.782,0.796,0.781,0.802,50390000,40050000,0
2024-07-29,0.793,0.789,0.788,0.798,22170000,17580000,0
2024-07-30,0.788,0.792,0.785,0.794,62590000,49450000,0
2024-07-31,0.793,0.833,0.793,0.846,101250000,83200000,0
2024-08-01,0.833,0.828,0.826,0.836,76590000,63650000,0
2024-08-02,0.826,0.812,0.810,0.832,137320000,112140000,0
2024-08-05,0.808,0.808,0.805,0.823,103710000,84670000,0
2024-08-06,0.813,0.809,0.800,0.818,43030000,34750000,0
2024-08-07,0.806,0.806,0.803,0.815,32910000,26520000,0
2024-08-08,0.805,0.809,0.803,0.820,28190000,22820000,0
2024-08-09,0.815,0.802,0.801,0.816,35660000,28790000,0
2024-08-12,0.798,0.798,0.796,0.802,30360000,24240000,0
2024-08-13,0.798,0.809,0.795,0.809,25270000,20280000,0
2024-08-14,0.802,0.802,0.802,0.811,24140000,19460000,0
2024-08-15,0.801,0.813,0.801,0.819,41700000,33850000,0
2024-08-16,0.811,0.809,0.805,0.813,32500000,26300000,0
2024-08-19,0.807,0.808,0.804,0.813,28540000,23060000,0
2024-08-20,0.808,0.799,0.797,0.808,33400000,26760000,0
2024-08-21,0.797,0.796,0.794,0.802,24340000,19420000,0
2024-08-22,0.799,0.782,0.782,0.801,33350000,26400000,0
2024-08-23,0.780,0.790,0.780,0.796,31120000,24530000,0
2024-08-26,0.794,0.791,0.787,0.795,29820000,23590000,0
2024-08-27,0.787,0.783,0.781,0.789,20500000,16060000,0
2024-08-28,0.784,0.784,0.780,0.788,26170000,20510000,0
2024-08-29,0.782,0.787,0.782,0.795,28570000,22570000,0
2024-08-30,0.788,0.807,0.787,0.815,41320000,33320000,0
2024-09-02,0.805,0.788,0.787,0.805,34300000,27250000,0
2024-09-03,0.788,0.793,0.785,0.798,61490000,48690000,0
2024-09-04,0.792,0.793,0.791,0.800,27300000,21690000,0
2024-09-05,0.792,0.799,0.792,0.801,31760000,25320000,0
2024-09-06,0.813,0.804,0.803,0.821,37850000,30700000,0
2024-09-09,0.799,0.804,0.795,0.811,89970000,72610000,0
2024-09-10,0.804,0.799,0.790,0.804,36300000,28920000,0
2024-09-11,0.799,0.800,0.796,0.804,29620000,23670000,0
2024-09-12,0.800,0.798,0.796,0.803,31710000,25360000,0
2024-09-13,0.800,0.800,0.798,0.807,24780000,19880000,0
2024-09-18,0.799,0.800,0.792,0.803,14950000,11910000,0
2024-09-19,0.804,0.811,0.799,0.820,24160000,19580000,0
2024-09-20,0.811,0.810,0.804,0.812,21610000,17460000,0
2024-09-23,0.812,0.810,0.806,0.815,17190000,13940000,0
2024-09-24,0.818,0.860,0.813,0.860,78710000,65800000,0
2024-09-25,0.873,0.877,0.873,0.898,63110000,55860000,0
2024-09-26,0.872,0.930,0.862,0.930,296030000,263200000,0
2024-09-27,0.957,0.999,0.942,0.999,63460000,61050000,0
2024-09-30,1.098,1.099,1.069,1.099,146810000,160580000,0
2024-10-08,1.209,1.209,1.209,1.209,34820000,42100000,0
2024-10-09,1.214,1.180,1.138,1.292,203800000,250270000,0
2024-10-10,1.209,1.110,1.100,1.225,241560000,273950000,0
2024-10-11,1.098,1.106,1.086,1.137,73800000,81450000,0
2024-10-14,1.108,1.113,1.054,1.121,102480000,111430000,0
2024-10-15,1.093,1.072,1.070,1.111,47790000,52250000,0
2024-10-16,1.061,1.079,1.054,1.107,46360000,50060000,0
2024-10-17,1.081,1.074,1.073,1.108,37670000,41100000,0
2024-10-18,1.074,1.148,1.063,1.181,202940000,234090000,0
2024-10-21,1.139,1.124,1.112,1.139,49640000,55830000,0
2024-10-22,1.121,1.131,1.118,1.141,41120000,46330000,0
2024-10-23,1.132,1.127,1.121,1.157,47930000,54610000,0
2024-10-24,1.121,1.125,1.111,1.131,38390000,43110000,0
2024-10-25,1.124,1.133,1.120,1.150,54000000,61460000,0
2024-10-28,1.137,1.135,1.128,1.141,25630000,29020000,0
2024-10-29,1.141,1.123,1.121,1.154,33390000,37920000,0
2024-10-30,1.122,1.120,1.107,1.132,36430000,40700000,0
2024-10-31,1.112,1.150,1.111,1.179,71620000,82580000,0
2024-11-01,1.148,1.139,1.137,1.173,55880000,64480000,0
2024-11-04,1.142,1.182,1.142,1.182,53720000,62650000,0
2024-11-05,1.184,1.247,1.167,1.259,71910000,88020000,0
2024-11-06,1.258,1.243,1.232,1.308,83870000,106230000,0
2024-11-07,1.228,1.347,1.221,1.355,122560000,157690000,0
2024-11-08,1.380,1.306,1.301,1.384,85270000,113610000,0
2024-11-11,1.269,1.306,1.269,1.315,45170000,58490000,0
2024-11-12,1.310,1.275,1.259,1.320,57940000,74630000,0
2024-11-13,1.262,1.282,1.249,1.288,54900000,69520000,0
2024-11-14,1.271,1.252,1.251,1.285,35260000,44750000,0
2024-11-15,1.251,1.201,1.200,1.262,55960000,68470000,0
2024-11-18,1.201,1.186,1.176,1.216,46850000,55760000,0
2024-11-19,1.190,1.210,1.177,1.213,44930000,53620000,0
2024-11-20,1.207,1.209,1.195,1.220,73350000,88440000,0
2024-11-21,1.211,1.223,1.204,1.233,79360000,96540000,0
2024-11-22,1.223,1.163,1.162,1.223,61530000,73420000,0
2024-11-25,1.163,1.153,1.134,1.173,45000000,51790000,0
2024-11-26,1.151,1.152,1.150,1.176,33910000,39460000,0
2024-11-27,1.152,1.181,1.147,1.182,46020000,53510000,0
2024-11-28,1.179,1.169,1.168,1.187,40830000,48040000,0
2024-11-29,1.171,1.202,1.165,1.237,81960000,98450000,0
2024-12-02,1.199,1.214,1.191,1.222,59210000,71860000,0
2024-12-03,1.212,1.215,1.199,1.226,45130000,54680000,0
2024-12-04,1.210,1.199,1.195,1.222,51980000,62840000,0
2024-12-05,1.195,1.216,1.195,1.223,26360000,31970000,0
2024-12-06,1.217,1.230,1.205,1.245,63600000,78070000,0
2024-12-09,1.230,1.218,1.206,1.234,48550000,59110000,0
2024-12-10,1.286,1.230,1.227,1.294,71460000,89890000,0
2024-12-11,1.225,1.227,1.219,1.238,47680000,58480000,0
2024-12-12,1.227,1.243,1.222,1.256,50410000,62490000,0
2024-12-13,1.228,1.208,1.205,1.232,56480000,68800000,0
2024-12-16,1.207,1.188,1.183,1.207,49260000,58650000,0
2024-12-17,1.186,1.188,1.182,1.200,65740000,78160000,0
2024-12-18,1.187,1.186,1.183,1.195,42750000,50820000,0
2024-12-19,1.172,1.184,1.171,1.187,51010000,60180000,0
2024-12-20,1.181,1.189,1.181,1.198,50050000,59600000,0
2024-12-23,1.189,1.175,1.173,1.198,51220000,60660000,0
2024-12-24,1.176,1.196,1.175,1.196,58190000,69050000,0
2024-12-25,1.196,1.190,1.177,1.196,48540000,57580000,0
2024-12-26,1.188,1.190,1.185,1.194,36520000,43440000,0
2024-12-27,1.190,1.198,1.190,1.219,60100000,72130000,0
2024-12-30,1.198,1.209,1.192,1.210,44440000,53490000,0
2024-12-31,1.210,1.158,1.155,1.210,74470000,87990000,0
2025-01-02,1.158,1.095,1.082,1.158,96320000,107720000,0
2025-01-03,1.095,1.064,1.061,1.105,79340000,85370000,0
2025-01-06,1.058,1.063,1.053,1.069,64120000,68000000,0
2025-01-07,1.067,1.074,1.058,1.077,50010000,53400000,0
2025-01-08,1.070,1.065,1.041,1.075,69710000,73370000,0
2025-01-09,1.060,1.059,1.057,1.072,38200000,40600000,0
2025-01-10,1.060,1.041,1.040,1.067,45710000,48320000,0
2025-01-13,1.030,1.045,1.029,1.048,37740000,39250000,0
2025-01-14,1.050,1.089,1.049,1.090,55280000,59380000,0
2025-01-15,1.084,1.079,1.075,1.086,29070000,31390000,0
2025-01-16,1.084,1.077,1.068,1.097,36480000,39380000,0
2025-01-17,1.075,1.081,1.073,1.087,49750000,53740000,0
2025-01-20,1.090,1.086,1.082,1.100,43190000,47120000,0
2025-01-21,1.091,1.088,1.078,1.096,45590000,49550000,0
2025-01-22,1.086,1.083,1.077,1.090,55760000,60310000,0
2025-01-23,1.100,1.088,1.087,1.126,65370000,72290000,0
2025-01-24,1.088,1.101,1.085,1.108,57380000,62990000,0
2025-01-27,1.101,1.074,1.073,1.104,69200000,74990000,0
2025-02-05,1.085,1.072,1.070,1.085,44870000,48230000,0
2025-02-06,1.069,1.091,1.068,1.094,63050000,68370000,0
2025-02-07,1.089,1.113,1.086,1.131,71500000,79390000,0
2025-02-10,1.116,1.117,1.108,1.123,41840000,46640000,0
2025-02-11,1.116,1.106,1.099,1.116,38380000,42410000,0
2025-02-12,1.102,1.125,1.102,1.126,43480000,48380000,0
2025-02-13,1.121,1.121,1.114,1.136,57420000,64590000,0
2025-02-14,1.115,1.121,1.112,1.125,46440000,51960000,0
2025-02-17,1.135,1.125,1.119,1.138,46640000,52610000,0
2025-02-18,1.124,1.097,1.093,1.124,53240000,59020000,0
2025-02-19,1.093,1.107,1.093,1.113,52120000,57600000,0
2025-02-20,1.111,1.106,1.100,1.113,51190000,56600000,0
2025-02-21,1.107,1.128,1.098,1.132,96260000,107930000,0
2025-02-24,1.128,1.123,1.115,1.133,57030000,64200000,0
2025-02-25,1.113,1.106,1.102,1.116,49380000,54820000,0
2025-02-26,1.104,1.133,1.103,1.134,74730000,83240000,0
2025-02-27,1.133,1.132,1.110,1.139,101750000,114380000,0
2025-02-28,1.129,1.097,1.094,1.140,67460000,75250000,0
2025-03-03,1.098,1.092,1.087,1.106,61980000,67970000,0
2025-03-04,1.092,1.100,1.088,1.104,43090000,47350000,0
2025-03-05,1.102,1.099,1.089,1.105,51300000,56320000,0
2025-03-06,1.101,1.125,1.101,1.130,77410000,86820000,0
2025-03-07,1.121,1.109,1.105,1.121,54090000,60180000,0
2025-03-10,1.107,1.099,1.095,1.107,48390000,53150000,0
2025-03-11,1.094,1.102,1.088,1.102,52050000,57060000,0
2025-03-12,1.102,1.109,1.100,1.126,81510000,90660000,0
2025-03-13,1.109,1.101,1.095,1.117,69190000,76480000,0
2025-03-14,1.101,1.138,1.101,1.152,103720000,117200000,0
2025-03-17,1.141,1.126,1.124,1.141,61110000,68910000,0
2025-03-18,1.127,1.128,1.124,1.133,54580000,61500000,0
2025-03-19,1.130,1.128,1.124,1.133,57550000,64850000,0
2025-03-20,1.127,1.118,1.116,1.127,62340000,69950000,0
2025-03-21,1.115,1.100,1.097,1.121,55780000,61890000,0
2025-03-24,1.098,1.098,1.088,1.100,47660000,52200000,0
2025-03-25,1.097,1.094,1.091,1.100,34760000,38050000,0
2025-03-26,1.092,1.094,1.092,1.099,36540000,40010000,0
2025-03-27,1.096,1.095,1.086,1.103,35520000,38880000,0
2025-03-28,1.094,1.095,1.090,1.099,44700000,48930000,0
2025-03-31,1.095,1.074,1.068,1.095,58260000,62870000,0
2025-04-01,1.077,1.073,1.069,1.081,41410000,44510000,0
2025-04-02,1.072,1.077,1.070,1.081,32240000,34710000,0
2025-04-03,1.071,1.075,1.066,1.082,35340000,38030000,0
2025-04-07,1.030,0.968,0.968,1.035,66200000,65560000,0
2025-04-08,0.968,0.981,0.968,0.988,45560000,44520000,0
2025-04-09,0.975,1.001,0.961,1.010,47710000,47250000,0
2025-04-10,1.012,1.015,1.006,1.028,49450000,50490000,0
2025-04-11,1.011,1.018,1.010,1.027,47230000,48080000,0
2025-04-14,1.025,1.019,1.017,1.025,39320000,40100000,0
2025-04-15,1.020,1.015,1.010,1.020,29810000,30200000,0
2025-04-16,1.011,1.013,0.999,1.015,46060000,46290000,0
2025-04-17,1.007,1.013,1.007,1.018,27920000,28300000,0
2025-04-18,1.013,1.020,1.010,1.022,39300000,39970000,0
2025-04-21,1.019,1.025,1.013,1.027,25680000,26290000,0
2025-04-22,1.024,1.024,1.022,1.030,29980000,30760000,0
2025-04-23,1.026,1.025,1.021,1.031,100330000,102860000,0
2025-04-24,1.022,1.019,1.017,1.028,47110000,48140000,0
2025-04-25,1.021,1.028,1.021,1.033,48580000,49980000,0
2025-04-28,1.029,1.022,1.015,1.029,28820000,29430000,0
2025-04-29,1.022,1.018,1.017,1.026,28260000,28830000,0
2025-04-30,1.019,1.022,1.018,1.029,43550000,44540000,0
2025-05-06,1.024,1.036,1.024,1.036,33860000,34980000,0
2025-05-07,1.062,1.042,1.038,1.077,73930000,77380000,0
2025-05-08,1.037,1.045,1.036,1.050,46640000,48770000,0
2025-05-09,1.046,1.033,1.032,1.046,25900000,26840000,0
2025-05-12,1.038,1.058,1.036,1.061,60100000,63090000,0
2025-05-13,1.063,1.050,1.049,1.065,30750000,32410000,0
2025-05-14,1.050,1.087,1.047,1.106,108490000,116650000,0
2025-05-15,1.080,1.067,1.066,1.083,39500000,42400000,0
2025-05-16,1.069,1.055,1.052,1.069,31670000,33470000,0
2025-05-19,1.055,1.054,1.049,1.058,28020000,29510000,0
2025-05-20,1.055,1.056,1.052,1.061,23280000,24590000,0
2025-05-21,1.056,1.053,1.051,1.059,26830000,28280000,0
2025-05-22,1.053,1.045,1.044,1.053,28250000,29590000,0
2025-05-23,1.045,1.032,1.031,1.050,45000000,46890000,0
2025-05-26,1.030,1.030,1.027,1.035,32410000,33370000,0
2025-05-27,1.030,1.030,1.026,1.032,23450000,24130000,0
2025-05-28,1.031,1.024,1.023,1.031,37680000,38660000,0
2025-05-29,1.026,1.036,1.025,1.038,33440000,34590000,0
2025-05-30,1.034,1.032,1.025,1.034,35550000,36600000,0
2025-06-03,1.029,1.039,1.026,1.046,34390000,35720000,0
2025-06-04,1.040,1.053,1.039,1.057,49120000,51670000,0
2025-06-05,1.053,1.062,1.052,1.068,51270000,54330000,0
2025-06-06,1.062,1.055,1.054,1.067,24640000,26050000,0
2025-06-09,1.062,1.072,1.061,1.077,41780000,44760000,0
2025-06-10,1.072,1.057,1.051,1.072,35920000,38040000,0
2025-06-11,1.058,1.077,1.058,1.090,57450000,61940000,0
2025-06-12,1.073,1.075,1.070,1.087,35770000,38590000,0
2025-06-13,1.070,1.064,1.061,1.075,31330000,33390000,0
2025-06-16,1.063,1.078,1.062,1.080,41820000,44800000,0
2025-06-17,1.078,1.083,1.075,1.083,28680000,30950000,0
2025-06-18,1.082,1.070,1.064,1.082,39700000,42430000,0
2025-06-19,1.066,1.051,1.048,1.068,41820000,44100000,0
2025-06-20,1.053,1.048,1.047,1.055,34440000,36180000,0
2025-06-23,1.043,1.060,1.042,1.063,44490000,46800000,0
2025-06-24,1.059,1.086,1.059,1.095,64830000,70270000,0
2025-06-25,1.089,1.147,1.089,1.154,124350000,139070000,0
2025-06-26,1.148,1.126,1.124,1.150,60520000,68650000,0
2025-06-27,1.128,1.124,1.124,1.162,63990000,73070000,0
2025-06-30,1.130,1.123,1.112,1.130,43570000,48800000,0
2025-07-01,1.123,1.118,1.110,1.123,73920000,82420000,0
2025-07-02,1.117,1.112,1.108,1.119,37000000,41170000,0
2025-07-03,1.113,1.120,1.112,1.122,42090000,47030000,0
2025-07-04,1.121,1.119,1.108,1.145,70400000,79120000,0
2025-07-07,1.118,1.120,1.113,1.124,31230000,34970000,0
2025-07-08,1.120,1.132,1.119,1.135,49470000,55820000,0
2025-07-09,1.132,1.127,1.125,1.142,41860000,47460000,0
2025-07-10,1.127,1.141,1.121,1.148,49530000,56410000,0
2025-07-11,1.147,1.168,1.142,1.191,74860000,87600000,0
2025-07-14,1.174,1.158,1.155,1.177,43290000,50270000,0
2025-07-15,1.158,1.151,1.145,1.166,61100000,70610000,0
2025-07-16,1.148,1.146,1.140,1.156,39680000,45490000,0
2025-07-17,1.147,1.153,1.143,1.155,39750000,45660000,0
2025-07-18,1.155,1.157,1.150,1.161,34550000,39960000,0
2025-07-21,1.153,1.172,1.152,1.176,43140000,50350000,0
2025-07-22,1.172,1.174,1.160,1.179,41460000,48490000,0
2025-07-23,1.180,1.187,1.177,1.209,59780000,71220000,0
2025-07-24,1.182,1.216,1.181,1.220,52580000,63540000,0
2025-07-25,1.219,1.214,1.210,1.226,51060000,62160000,0
2025-07-28,1.214,1.226,1.208,1.239,41180000,50440000,0
2025-07-29,1.220,1.228,1.200,1.228,52160000,63350000,0
2025-07-30,1.225,1.211,1.202,1.229,50470000,61500000,0
2025-07-31,1.205,1.186,1.178,1.217,62850000,75190000,0
2025-08-01,1.186,1.176,1.172,1.193,57840000,68250000,0
2025-08-04,1.174,1.179,1.171,1.180,35980000,42280000,0
2025-08-05,1.181,1.192,1.181,1.195,45240000,53740000,0
2025-08-06,1.192,1.196,1.187,1.198,47010000,56030000,0
2025-08-07,1.198,1.196,1.190,1.208,63040000,75720000,0
2025-08-08,1.195,1.187,1.184,1.195,36780000,43750000,0
2025-08-11,1.188,1.202,1.187,1.208,70750000,85010000,0
2025-08-12,1.202,1.207,1.198,1.209,53280000,64160000,0
2025-08-13,1.209,1.228,1.204,1.240,124430000,151390000,0
2025-08-14,1.229,1.228,1.225,1.254,76030000,94170000,0
2025-08-15,1.223,1.285,1.223,1.298,118190000,150050000,0
2025-08-18,1.297,1.308,1.272,1.325,184060000,239820000,0
2025-08-19,1.299,1.277,1.275,1.305,132320000,170150000,0
2025-08-20,1.268,1.290,1.259,1.291,86560000,110060000,0
2025-08-21,1.297,1.280,1.273,1.302,173470000,223510000,0
2025-08-22,1.274,1.323,1.274,1.324,114070000,147980000,0
2025-08-25,1.337,1.336,1.317,1.354,98490000,131060000,0
2025-08-26,1.332,1.322,1.318,1.337,46400000,61630000,0
2025-08-27,1.324,1.288,1.286,1.336,78370000,103200000,0
2025-08-28,1.286,1.311,1.274,1.312,63520000,81920000,0
2025-08-29,1.315,1.314,1.305,1.330,84980000,111980000,0
2025-09-01,1.315,1.300,1.294,1.326,49190000,64120000,0
2025-09-02,1.296,1.287,1.275,1.302,95670000,123460000,0
2025-09-03,1.287,1.239,1.230,1.292,93800000,118520000,0
2025-09-04,1.238,1.233,1.220,1.247,99920000,123560000,0
2025-09-05,1.235,1.244,1.223,1.246,46080000,56900000,0
2025-09-08,1.242,1.236,1.229,1.243,158520000,196380000,0
2025-09-09,1.235,1.234,1.230,1.247,66020000,81570000,0
2025-09-10,1.234,1.232,1.227,1.241,52480000,64800000,0
2025-09-11,1.228,1.269,1.224,1.273,97190000,121840000,0
2025-09-12,1.274,1.251,1.248,1.274,65430000,82430000,0
2025-09-15,1.253,1.248,1.243,1.261,76730000,96070000,0
2025-09-16,1.248,1.248,1.238,1.260,103260000,128890000,0
2025-09-17,1.248,1.256,1.246,1.267,59470000,74700000,0
2025-09-18,1.258,1.219,1.208,1.258,193810000,240320000,0
2025-09-19,1.219,1.209,1.206,1.220,159120000,192980000,0
2025-09-22,1.211,1.221,1.206,1.222,49850000,60420000,0
2025-09-23,1.216,1.200,1.187,1.216,111650000,133370000,0
2025-09-24,1.196,1.209,1.193,1.218,47640000,57380000,0
2025-09-25,1.209,1.210,1.206,1.219,37740000,45790000,0
2025-09-26,1.209,1.205,1.204,1.218,56770000,68800000,0
2025-09-29,1.206,1.264,1.204,1.294,123170000,154150000,0
2025-09-30,1.263,1.249,1.245,1.267,57320000,71860000,0
2025-10-09,1.247,1.254,1.230,1.262,53310000,66410000,0
2025-10-10,1.246,1.258,1.245,1.279,57780000,73010000,0
2025-10-13,1.242,1.241,1.227,1.245,29850000,36870000,0
2025-10-14,1.247,1.233,1.230,1.263,51420000,64150000,0
2025-10-15,1.234,1.250,1.225,1.250,119330000,147470000,0
2025-10-16,1.246,1.245,1.239,1.255,44010000,54810000,0
2025-10-17,1.245,1.221,1.219,1.256,95650000,118640000,0
2025-10-20,1.230,1.222,1.217,1.235,53720000,65710000,0
2025-10-21,1.223,1.231,1.223,1.249,45800000,56570000,0
2025-10-22,1.225,1.221,1.217,1.231,28660000,34980000,0
2025-10-23,1.221,1.232,1.208,1.232,32820000,40000000,0
2025-10-24,1.233,1.244,1.228,1.244,77640000,95820000,0
2025-10-27,1.253,1.256,1.249,1.265,48590000,61100000,0
2025-10-28,1.256,1.250,1.247,1.262,34850000,43660000,0
2025-10-29,1.250,1.278,1.245,1.282,68470000,86920000,0
2025-10-30,1.277,1.254,1.253,1.277,63130000,79850000,0
2025-10-31,1.259,1.242,1.240,1.260,44330000,55270000,0
2025-11-03,1.241,1.236,1.222,1.241,41010000,50420000,0
2025-11-04,1.234,1.231,1.225,1.236,78320000,96400000,0
2025-11-05,1.226,1.226,1.222,1.232,59400000,72970000,0
2025-11-06,1.230,1.240,1.229,1.248,47270000,58580000,0
2025-11-07,1.238,1.231,1.229,1.238,24920000,30720000,0
2025-11-10,1.230,1.245,1.226,1.251,40900000,50680000,0
2025-11-11,1.245,1.232,1.230,1.250,30280000,37430000,0
2025-11-12,1.229,1.224,1.217,1.233,34670000,42490000,0
2025-11-13,1.224,1.235,1.220,1.236,79610000,97680000,0
2025-11-14,1.227,1.220,1.218,1.231,34200000,41940000,0
2025-11-17,1.217,1.206,1.203,1.217,36270000,43840000,0
2025-11-18,1.206,1.208,1.204,1.216,52810000,63800000,0
2025-11-19,1.210,1.208,1.202,1.217,27310000,32990000,0
2025-11-20,1.228,1.203,1.202,1.232,47930000,58320000,0
2025-11-21,1.195,1.162,1.160,1.201,69740000,82050000,0
2025-11-24,1.164,1.163,1.157,1.170,36550000,42470000,0
2025-11-25,1.167,1.169,1.164,1.174,48220000,56330000,0
2025-11-26,1.170,1.163,1.162,1.170,38400000,44770000,0
2025-11-27,1.164,1.162,1.160,1.171,32480000,37870000,0
2025-11-28,1.160,1.168,1.157,1.168,38000000,44250000,0
2025-12-01,1.165,1.172,1.163,1.174,31910000,37310000,0
2025-12-02,1.172,1.160,1.159,1.172,56450000,65770000,0
2025-12-03,1.162,1.149,1.147,1.166,44340000,51200000,0
2025-12-04,1.149,1.152,1.145,1.158,44830000,51610000,0
2025-12-05,1.152,1.180,1.149,1.190,79790000,93200000,0
2025-12-08,1.198,1.204,1.198,1.223,68040000,82460000,0
2025-12-09,1.197,1.188,1.186,1.202,44870000,53520000,0
2025-12-10,1.188,1.194,1.178,1.195,42260000,50140000,0
2025-12-11,1.192,1.178,1.175,1.193,27640000,32720000,0
2025-12-12,1.183,1.183,1.173,1.191,31670000,37420000,0
2025-12-15,1.180,1.190,1.176,1.203,48070000,57120000,0
2025-12-16,1.186,1.182,1.179,1.192,35540000,42070000,0
2025-12-17,1.182,1.204,1.176,1.214,44920000,53590000,0
2025-12-18,1.200,1.192,1.192,1.208,41330000,49450000,0
2025-12-19,1.192,1.196,1.189,1.206,25150000,30140000,0
2025-12-22,1.198,1.197,1.194,1.202,16690000,19980000,0
2025-12-23,1.198,1.194,1.192,1.205,26610000,31900000,0
2025-12-24,1.196,1.202,1.191,1.206,19840000,23800000,0
2025-12-25,1.203,1.208,1.200,1.211,35800000,43250000,0
2025-12-26,1.212,1.216,1.205,1.230,33550000,40890000,0
2025-12-29,1.210,1.207,1.205,1.218,57830000,69950000,0
2025-12-30,1.205,1.205,1.201,1.214,33580000,40510000,0
2025-12-31,1.206,1.198,1.198,1.213,25720000,31020000,0
2026-01-05,1.200,1.220,1.200,1.220,32160000,39010000,0
2026-01-06,1.218,1.270,1.218,1.273,83710000,105080000,0
2026-01-07,1.271,1.251,1.245,1.271,36790000,46180000,0
2026-01-08,1.246,1.220,1.215,1.246,51070000,62500000,0
2026-01-09,1.220,1.222,1.214,1.230,47320000,57790000,0
2026-01-12,1.222,1.240,1.215,1.240,76650000,94100000,0
2026-01-13,1.243,1.231,1.228,1.257,43920000,54610000,0
2026-01-14,1.230,1.227,1.215,1.259,65820000,81760000,0
2026-01-15,1.222,1.205,1.200,1.225,68560000,83060000,0
2026-01-16,1.206,1.194,1.191,1.216,81240000,97350000,0
2026-01-19,1.193,1.189,1.183,1.194,67280000,80050000,0
2026-01-20,1.189,1.196,1.187,1.197,71250000,84980000,0
2026-01-21,1.194,1.186,1.185,1.195,42020000,50030000,0
2026-01-22,1.191,1.190,1.186,1.198,32960000,39230000,0
2026-01-23,1.188,1.187,1.184,1.195,34340000,40830000,0
2026-01-26,1.189,1.197,1.186,1.211,33130000,39690000,0
2026-01-27,1.192,1.184,1.176,1.195,18190000,21540000,0
2026-01-28,1.185,1.184,1.181,1.193,26730000,31740000,0
2026-01-29,1.183,1.199,1.170,1.201,44160000,52130000,0
2026-01-30,1.196,1.182,1.177,1.197,32570000,38580000,0
2026-02-02,1.177,1.165,1.162,1.194,42450000,50020000,0
2026-02-03,1.169,1.162,1.150,1.172,52450000,60840000,0
2026-02-04,1.159,1.178,1.158,1.180,65830000,77210000,0
2026-02-05,1.175,1.180,1.169,1.186,31170000,36750000,0
2026-02-06,1.180,1.172,1.170,1.182,27110000,31870000,0
2026-02-09,1.180,1.184,1.176,1.185,19230000,22730000,0
2026-02-10,1.181,1.182,1.180,1.187,16140000,19100000,0
2026-02-11,1.182,1.181,1.178,1.185,23290000,27480000,0
2026-02-12,1.181,1.172,1.172,1.181,21590000,25340000,0
2026-02-13,1.171,1.162,1.161,1.179,22610000,26460000,0
2026-02-24,1.165,1.159,1.158,1.168,18580000,21580000,0
2026-02-25,1.160,1.166,1.160,1.176,53420000,62480000,0
2026-02-26,1.166,1.153,1.150,1.166,45010000,51960000,0
2026-02-27,1.153,1.156,1.149,1.159,26700000,30810000,0
2026-03-02,1.146,1.142,1.132,1.147,33470000,38120000,0
2026-03-03,1.142,1.131,1.130,1.154,34890000,39730000,0
2026-03-04,1.130,1.106,1.102,1.130,29410000,32750000,0
2026-03-05,1.116,1.107,1.102,1.118,27820000,30840000,0
2026-03-06,1.107,1.119,1.102,1.123,88850000,99030000,0
2026-03-09,1.111,1.099,1.092,1.111,89940000,98870000,0
2026-03-10,1.105,1.107,1.103,1.114,22140000,24510000,0
2026-03-11,1.109,1.113,1.103,1.114,88460000,98250000,0
2026-03-12,1.111,1.109,1.103,1.114,54730000,60660000,0
2026-03-13,1.107,1.101,1.097,1.113,34400000,37950000,0
2026-03-16,1.099,1.095,1.088,1.099,22320000,24380000,0
2026-03-17,1.095,1.106,1.095,1.127,45630000,50830000,0
2026-03-18,1.105,1.102,1.095,1.106,25190000,27660000,0
2026-03-19,1.095,1.088,1.085,1.097,35470000,38640000,0
2026-03-20,1.088,1.070,1.069,1.090,32650000,35230000,0
2026-03-23,1.051,1.025,1.021,1.055,56150000,58450000,0
2026-03-24,1.033,1.036,1.021,1.042,164730000,169520000,0
2026-03-25,1.037,1.048,1.035,1.054,38320000,40010000,0
2026-03-26,1.045,1.024,1.021,1.046,30050000,31000000,0
2026-03-27,1.019,1.029,1.017,1.033,54460000,55960000,0
2026-03-30,1.020,1.025,1.013,1.027,29600000,30210000,0
2026-03-31,1.026,1.018,1.016,1.036,26030000,26740000,0
2026-04-01,1.032,1.031,1.023,1.034,23090000,23770000,0
2026-04-02,1.032,1.014,1.010,1.032,27090000,27580000,0
2026-04-03,1.017,1.006,1.005,1.019,24020000,24310000,0
2026-04-07,1.006,1.004,0.999,1.009,38100000,38290000,0
2026-04-08,1.025,1.043,1.017,1.043,45160000,46560000,0
2026-04-09,1.037,1.019,1.018,1.037,31120000,31930000,0
2026-04-10,1.029,1.056,1.029,1.079,61620000,65520000,0
2026-04-13,1.048,1.064,1.046,1.070,42560000,45190000,0
2026-04-14,1.070,1.068,1.055,1.073,31000000,32980000,0
2026-04-15,1.072,1.061,1.059,1.073,34380000,36660000,0
2026-04-16,1.065,1.068,1.063,1.075,25740000,27500000,0
2026-04-17,1.062,1.064,1.058,1.068,45090000,47930000,0
2026-04-20,1.065,1.063,1.061,1.068,20490000,21800000,0
2026-04-21,1.061,1.055,1.052,1.061,23290000,24570000,0
2026-04-22,1.055,1.063,1.050,1.072,42690000,45380000,0
2026-04-23,1.064,1.054,1.050,1.065,37890000,40010000,0
2026-04-24,1.053,1.044,1.038,1.057,24170000,25200000,0
2026-04-27,1.046,1.046,1.042,1.057,30460000,31980000,0
2026-04-28,1.048,1.058,1.048,1.069,39570000,41920000,0
2026-04-29,1.055,1.063,1.052,1.064,28890000,30550000,0
2026-04-30,1.065,1.066,1.060,1.081,40300000,43140000,0
2026-05-06,1.070,1.082,1.068,1.087,36480000,39320000,0
2026-05-07,1.090,1.076,1.069,1.090,28640000,30770000,0
2026-05-08,1.073,1.069,1.065,1.076,22800000,24400000,0
2026-05-11,1.072,1.085,1.061,1.091,55820000,60160000,0
2026-05-12,1.084,1.089,1.078,1.097,46760000,50910000,0
2026-05-13,1.085,1.083,1.072,1.089,36450000,39320000,0
2026-05-14,1.083,1.060,1.059,1.086,59620000,63880000,0
2026-05-15,1.058,1.037,1.033,1.060,39610000,41440000,0
2026-05-18,1.032,1.035,1.029,1.044,28040000,29040000,0
2026-05-19,1.035,1.045,1.027,1.046,24910000,25820000,0
2026-05-20,1.036,1.040,1.034,1.045,26580000,27630000,0
2026-05-21,1.042,1.043,1.040,1.080,117400000,125450000,0
2026-05-22,1.045,1.026,1.022,1.048,48660000,50080000,0
2026-05-25,1.030,1.034,1.022,1.041,113840000,117000000,0
2026-05-26,1.031,1.046,1.028,1.054,55630000,58020000,0
2026-05-27,1.041,1.032,1.026,1.054,67900000,70420000,0
2026-05-28,1.031,1.011,1.004,1.031,39430000,39960000,0
2026-05-29,1.016,1.021,1.010,1.035,43150000,44280000,0
2026-06-01,1.021,1.023,1.013,1.030,32070000,32770000,0
2026-06-02,1.023,1.025,1.013,1.030,36820000,37560000,0
2026-06-03,1.022,1.024,1.014,1.032,36170000,37040000,0
2026-06-04,1.022,1.011,1.003,1.028,37710000,38250000,0
2026-06-05,1.010,1.004,1.003,1.021,55260000,55930000,0
2026-06-08,1.000,0.991,0.985,1.006,68420000,68050000,0
2026-06-09,0.991,0.992,0.982,0.995,29360000,29030000,0
2026-06-10,0.992,1.007,0.988,1.008,37860000,37810000,0
2026-06-11,1.007,0.998,0.989,1.016,42860000,42920000,0
2026-06-12,0.997,1.033,0.993,1.035,83540000,85200000,0
2026-06-15,1.038,1.058,1.034,1.086,98680000,104700000,0
2026-06-16,1.057,1.069,1.048,1.075,60880000,64760000,0
2026-06-17,1.064,1.069,1.063,1.078,36450000,38990000,0
2026-06-18,1.068,1.039,1.036,1.068,51100000,53600000,0
2026-06-22,1.031,1.116,1.031,1.119,108190000,116670000,0
2026-06-23,1.118,1.119,1.107,1.147,99910000,112990000,0
2026-06-24,1.110,1.098,1.093,1.136,68230000,75510000,0
2026-06-25,1.093,1.137,1.088,1.145,174060000,196140000,0
2026-06-26,1.129,1.094,1.093,1.145,271300000,300440000,0
2026-06-29,1.102,1.108,1.093,1.123,81390000,90120000,0
2026-06-30,1.105,1.114,1.097,1.119,199420000,220850000,0
2026-07-01,1.108,1.164,1.106,1.176,120780000,138180000,0
2026-07-02,1.157,1.135,1.131,1.163,73030000,83390000,0
2026-07-03,1.140,1.142,1.127,1.146,59970000,68120000,0
2026-07-06,1.160,1.145,1.135,1.165,93170000,106800000,0
2026-07-07,1.143,1.114,1.108,1.143,56940000,63830000,0
2026-07-08,1.108,1.099,1.098,1.120,38260000,42370000,0
2026-07-09,1.103,1.121,1.094,1.123,57450000,63610000,0
2026-07-10,1.123,1.098,1.097,1.123,59930000,66160000,0
2026-07-13,1.098,1.086,1.083,1.102,56370000,61470000,0
2026-07-14,1.086,1.092,1.074,1.092,93080000,100880000,0
2026-07-15,1.091,1.117,1.088,1.127,55280000,61240000,0
2026-07-16,1.108,1.100,1.097,1.115,49860000,54870000,0
2026-07-17,1.095,1.085,1.083,1.110,64250000,70570000,0
2026-07-20,1.088,1.102,1.088,1.113,51820000,57120000,0
2026-07-21,1.106,1.109,1.094,1.118,55410000,61300000,0
2026-07-22,1.106,1.101,1.090,1.107,42000000,46190000,0
2026-07-23,1.103,1.114,1.098,1.118,44120000,48890000,0
2026-07-24,1.109,1.087,1.086,1.111,46080000,50580000,0
2026-07-27,1.090,1.093,1.076,1.093,33650000,36560000,0
2026-07-28,1.085,1.075,1.071,1.093,52820000,56870000,0
2026-07-29,1.075,1.094,1.073,1.099,55200000,60010000,0
2026-07-30,1.088,1.095,1.084,1.104,45090000,49380000,0
2026-07-31,1.095,1.094,1.092,1.105,90780000,99540000,0
2026-08-03,1.088,1.092,1.081,1.094,43720000,47610000,0
2026-08-04,1.095,1.091,1.088,1.099,88180000,96360000,0
2026-08-05,1.090,1.099,1.087,1.101,58290000,63930000,0
2026-08-06,1.098,1.085,1.081,1.098,57550000,62610000,0
2026-08-07,1.085,1.084,1.078,1.085,40730000,44020000,0
2026-08-10,1.082,1.088,1.082,1.092,46050000,50100000,0
2026-08-11,1.088,1.083,1.081,1.093,43630000,47420000,0
2026-08-12,1.082,1.085,1.076,1.087,33710000,36460000,0
2026-08-13,1.087,1.089,1.085,1.101,53980000,59060000,0
2026-08-14,1.091,1.076,1.074,1.092,50860000,54890000,0
2026-08-17,1.074,1.082,1.070,1.082,47410000,50990000,0
2026-08-18,1.080,1.069,1.062,1.080,59230000,63230000,0
2026-08-19,1.066,1.050,1.048,1.070,137930000,145210000,0
2026-08-20,1.051,1.051,1.045,1.057,44590000,46810000,0
2026-08-21,1.054,1.052,1.045,1.056,47670000,50050000,0
2026-08-24,1.052,1.055,1.049,1.062,52910000,55850000,0
2026-08-25,1.053,1.056,1.051,1.060,42520000,44820000,0
2026-08-26,1.058,1.085,1.054,1.087,80410000,86480000,0
2026-08-27,1.078,1.096,1.078,1.097,67070000,72990000,0
2026-08-28,1.091,1.094,1.087,1.101,45250000,49480000,0
2026-08-31,1.091,1.093,1.080,1.097,53210000,57810000,0
2026-09-01,1.093,1.101,1.087,1.105,58040000,63810000,0
2026-09-02,1.096,1.079,1.078,1.096,67120000,72700000,0
2026-09-03,1.079,1.089,1.079,1.100,55090000,60130000,0
2026-09-04,1.093,1.095,1.091,1.106,253080000,278660000,0
2026-09-07,1.095,1.081,1.079,1.099,81940000,88880000,0
2026-09-08,1.080,1.075,1.072,1.086,64370000,69470000,0
2026-09-09,1.073,1.073,1.068,1.075,41090000,44000000,0
2026-09-10,1.074,1.080,1.067,1.082,43080000,46370000,0
2026-09-11,1.076,1.048,1.043,1.076,239930000,251390000,0
2026-09-14,1.040,1.041,1.037,1.048,88100000,91660000,0
2026-09-15,1.039,1.036,1.036,1.045,39580000,41150000,0
2026-09-16,1.035,1.044,1.027,1.047,51130000,53040000,0
2026-09-17,1.034,1.032,1.030,1.043,43620000,45160000,0
2026-09-18,1.037,1.046,1.036,1.048,51660000,53890000,0
2026-09-21,1.048,1.060,1.045,1.060,59000000,61990000,0
2026-09-22,1.061,1.059,1.053,1.067,60360000,64100000,0
2026-09-23,1.061,1.054,1.052,1.062,45910000,48490000,0
2026-09-24,1.054,1.036,1.033,1.054,51920000,53990000,0
2026-09-28,1.032,1.016,1.012,1.035,60440000,61640000,0
2026-09-29,1.015,1.015,1.014,1.021,43890000,44670000,0
2026-09-30,1.016,1.019,1.015,1.022,41540000,42280000,0
