date,open,high,low,close,volume,amount,turnover
2017-01-18,0.989,0.977,0.969,0.989,34560000,33820000,0
2017-01-19,0.978,0.989,0.978,0.990,25770000,25430000,0
2017-01-20,0.989,0.988,0.986,0.990,5100000,5040000,0
2017-01-23,0.988,0.988,0.986,0.989,1370000,1360000,0
2017-01-24,0.989,0.989,0.987,0.992,1790000,1770000,0
2017-01-25,0.990,1.001,0.990,1.004,8410000,8400000,0
2017-01-26,1.010,1.010,1.005,1.010,5310000,5350000,0
2017-02-03,1.003,1.007,1.000,1.008,3920000,3930000,0
2017-02-06,1.009,1.009,1.006,1.010,2610000,2630000,0
2017-02-07,1.010,1.018,1.010,1.023,2560000,2610000,0
2017-02-08,1.020,1.019,1.017,1.023,990000,1000000,0
2017-02-09,1.025,1.030,1.025,1.033,8120000,8370000,0
2017-02-10,1.034,1.035,1.032,1.037,9190000,9510000,0
2017-02-13,1.041,1.042,1.036,1.043,1680000,1750000,0
2017-02-14,1.044,1.049,1.043,1.049,4350000,4550000,0
2017-02-15,1.052,1.058,1.049,1.066,3660000,3860000,0
2017-02-16,1.061,1.060,1.058,1.066,5180000,5500000,0
2017-02-17,1.061,1.065,1.061,1.069,6330000,6750000,0
2017-02-20,1.068,1.092,1.068,1.095,6270000,6780000,0
2017-02-21,1.102,1.077,1.074,1.102,4510000,4900000,0
2017-02-22,1.080,1.087,1.079,1.092,7510000,8150000,0
2017-02-23,1.092,1.088,1.087,1.094,3780000,4120000,0
2017-02-24,1.087,1.075,1.071,1.087,3340000,3590000,0
2017-02-27,1.071,1.060,1.057,1.071,3180000,3380000,0
2017-02-28,1.067,1.061,1.061,1.067,1470000,1560000,0
2017-03-01,1.062,1.064,1.061,1.066,1590000,1690000,0
2017-03-02,1.077,1.077,1.071,1.081,1370000,1470000,0
2017-03-03,1.073,1.064,1.062,1.073,2190000,2330000,0
2017-03-06,1.064,1.065,1.063,1.075,750000,800000,0
2017-03-07,1.065,1.061,1.056,1.065,1110000,1170000,0
2017-03-08,1.062,1.062,1.061,1.065,1830000,1940000,0
2017-03-09,1.071,1.071,1.069,1.072,1970000,2100000,0
2017-03-10,1.070,1.071,1.065,1.071,560000,600000,0
2017-03-13,1.071,1.071,1.069,1.072,1750000,1870000,0
2017-03-14,1.083,1.083,1.080,1.086,2170000,2350000,0
2017-03-15,1.083,1.080,1.078,1.083,550000,590000,0
2017-03-16,1.079,1.087,1.079,1.088,1280000,1390000,0
2017-03-17,1.095,1.096,1.090,1.100,1610000,1760000,0
2017-03-20,1.096,1.111,1.096,1.114,1540000,1700000,0
2017-03-21,1.113,1.120,1.113,1.121,1890000,2110000,0
2017-03-22,1.091,1.093,1.090,1.100,2810000,3080000,0
2017-03-23,1.094,1.085,1.084,1.098,1430000,1550000,0
2017-03-24,1.087,1.092,1.087,1.093,1000000,1090000,0
2017-03-27,1.092,1.085,1.084,1.092,1210000,1310000,0
2017-03-28,1.088,1.098,1.087,1.099,770000,840000,0
2017-03-29,1.098,1.102,1.089,1.114,870000,960000,0
2017-03-30,1.104,1.099,1.098,1.108,920000,1020000,0
2017-03-31,1.099,1.107,1.087,1.111,1250000,1380000,0
2017-04-05,1.109,1.111,1.109,1.115,790000,880000,0
2017-04-06,1.112,1.102,1.098,1.115,1300000,1430000,0
2017-04-07,1.102,1.103,1.097,1.107,1400000,1540000,0
2017-04-10,1.103,1.109,1.103,1.113,680000,750000,0
2017-04-11,1.111,1.113,1.111,1.118,890000,1000000,0
2017-04-12,1.113,1.110,1.108,1.113,790000,880000,0
2017-04-13,1.110,1.111,1.109,1.114,380000,430000,0
2017-04-14,1.111,1.107,1.103,1.111,340000,370000,0
2017-04-17,1.100,1.106,1.100,1.115,380000,420000,0
2017-04-18,1.112,1.109,1.106,1.112,210000,240000,0
2017-04-19,1.109,1.105,1.104,1.109,400000,440000,0
2017-04-20,1.105,1.111,1.105,1.112,430000,480000,0
2017-04-21,1.118,1.125,1.117,1.125,1210000,1360000,0
2017-04-24,1.127,1.141,1.127,1.144,1670000,1900000,0
2017-04-25,1.160,1.158,1.146,1.160,1060000,1220000,0
2017-04-26,1.166,1.186,1.165,1.193,2380000,2810000,0
2017-04-27,1.172,1.175,1.161,1.185,3030000,3530000,0
2017-04-28,1.180,1.181,1.175,1.190,1060000,1260000,0
2017-05-02,1.181,1.187,1.180,1.197,2480000,2950000,0
2017-05-03,1.190,1.187,1.184,1.192,1270000,1510000,0
2017-05-04,1.187,1.181,1.171,1.189,2420000,2860000,0
2017-05-05,1.181,1.167,1.164,1.181,3380000,3950000,0
2017-05-08,1.179,1.190,1.176,1.194,3400000,4050000,0
2017-05-09,1.196,1.227,1.193,1.232,7480000,9070000,0
2017-05-10,1.224,1.231,1.220,1.255,9830000,12130000,0
2017-05-11,1.239,1.233,1.228,1.240,6170000,7610000,0
2017-05-12,1.233,1.234,1.227,1.235,5520000,6800000,0
2017-05-15,1.241,1.269,1.239,1.283,8340000,10420000,0
2017-05-16,1.253,1.248,1.246,1.256,11140000,13930000,0
2017-05-17,1.264,1.273,1.261,1.279,14540000,18440000,0
2017-05-18,1.242,1.256,1.240,1.265,19640000,24570000,0
2017-05-19,1.260,1.249,1.247,1.260,17150000,21460000,0
2017-05-22,1.263,1.300,1.263,1.307,18710000,24060000,0
2017-05-23,1.319,1.338,1.319,1.410,23990000,32470000,0
2017-05-24,1.318,1.293,1.292,1.320,22380000,29180000,0
2017-05-25,1.279,1.288,1.268,1.289,24340000,31130000,0
2017-05-26,1.289,1.271,1.269,1.290,22380000,28620000,0
2017-05-31,1.262,1.246,1.236,1.262,20770000,25920000,0
2017-06-01,1.234,1.254,1.215,1.255,15540000,19120000,0
2017-06-02,1.272,1.252,1.247,1.276,15070000,19000000,0
2017-06-05,1.251,1.248,1.246,1.257,7100000,8870000,0
2017-06-06,1.253,1.266,1.253,1.269,9920000,12510000,0
2017-06-07,1.257,1.253,1.247,1.263,14190000,17780000,0
2017-06-08,1.266,1.275,1.261,1.276,13490000,17130000,0
2017-06-09,1.305,1.319,1.305,1.333,20530000,27090000,0
2017-06-12,1.279,1.281,1.271,1.284,22130000,28300000,0
2017-06-13,1.276,1.274,1.270,1.279,14810000,18880000,0
2017-06-14,1.268,1.261,1.260,1.268,11180000,14120000,0
2017-06-15,1.253,1.240,1.233,1.253,15040000,18690000,0
2017-06-16,1.225,1.238,1.225,1.239,8660000,10680000,0
2017-06-19,1.238,1.247,1.236,1.248,7530000,9370000,0
2017-06-20,1.278,1.274,1.271,1.284,13620000,17400000,0
2017-06-21,1.263,1.260,1.260,1.270,7310000,9250000,0
2017-06-22,1.286,1.281,1.272,1.292,13050000,16750000,0
2017-06-23,1.282,1.288,1.282,1.288,6790000,8730000,0
2017-06-26,1.295,1.303,1.294,1.305,9350000,12140000,0
2017-06-27,1.302,1.309,1.296,1.313,10500000,13720000,0
2017-06-28,1.288,1.296,1.281,1.309,28920000,37400000,0
2017-06-29,1.305,1.302,1.296,1.305,19500000,25360000,0
2017-06-30,1.276,1.284,1.276,1.284,18020000,23070000,0
2017-07-03,1.269,1.270,1.261,1.272,18030000,22790000,0
2017-07-04,1.263,1.248,1.242,1.270,20040000,25100000,0
2017-07-05,1.244,1.261,1.239,1.267,10400000,13050000,0
2017-07-06,1.275,1.271,1.266,1.275,13090000,16620000,0
2017-07-07,1.262,1.266,1.256,1.269,9870000,12500000,0
2017-07-10,1.265,1.261,1.258,1.266,10370000,13080000,0
2017-07-11,1.268,1.287,1.268,1.287,9700000,12430000,0
2017-07-12,1.295,1.294,1.290,1.301,11050000,14330000,0
2017-07-13,1.310,1.322,1.310,1.322,15140000,19960000,0
2017-07-14,1.321,1.316,1.314,1.321,12170000,16030000,0
2017-07-17,1.331,1.330,1.327,1.340,12380000,16530000,0
2017-07-18,1.328,1.322,1.321,1.328,11720000,15510000,0
2017-07-19,1.341,1.363,1.340,1.368,12720000,17220000,0
2017-07-20,1.363,1.347,1.346,1.363,15530000,20980000,0
2017-07-21,1.346,1.356,1.342,1.357,10510000,14190000,0
2017-07-24,1.350,1.360,1.346,1.361,7340000,9960000,0
2017-07-25,1.372,1.372,1.368,1.376,9200000,12640000,0
2017-07-26,1.372,1.371,1.369,1.373,8900000,12200000,0
2017-07-27,1.395,1.410,1.395,1.410,13310000,18630000,0
2017-07-28,1.393,1.405,1.385,1.410,16420000,22920000,0
2017-07-31,1.426,1.455,1.421,1.457,33690000,48670000,0
2017-08-01,1.434,1.460,1.432,1.465,39080000,56590000,0
2017-08-02,1.446,1.448,1.438,1.453,30800000,44540000,0
2017-08-03,1.410,1.407,1.406,1.419,39610000,55910000,0
2017-08-04,1.415,1.412,1.408,1.425,25490000,36100000,0
2017-08-07,1.425,1.431,1.420,1.435,19840000,28340000,0
2017-08-08,1.458,1.459,1.456,1.465,21350000,31190000,0
2017-08-09,1.461,1.449,1.448,1.464,24690000,35920000,0
2017-08-10,1.450,1.441,1.439,1.452,14220000,20530000,0
2017-08-11,1.393,1.390,1.381,1.400,31340000,43650000,0
2017-08-14,1.398,1.431,1.393,1.432,19330000,27400000,0
2017-08-15,1.419,1.400,1.399,1.419,29260000,41200000,0
2017-08-16,1.405,1.402,1.400,1.414,18250000,25660000,0
2017-08-17,1.433,1.415,1.410,1.433,18390000,26100000,0
2017-08-18,1.393,1.393,1.392,1.400,16180000,22550000,0
2017-08-21,1.399,1.399,1.395,1.406,11120000,15560000,0
2017-08-22,1.411,1.424,1.411,1.425,14800000,20980000,0
2017-08-23,1.436,1.431,1.428,1.446,11650000,16720000,0
2017-08-24,1.441,1.430,1.430,1.443,10170000,14580000,0
2017-08-25,1.429,1.431,1.420,1.433,9080000,12960000,0
2017-08-28,1.413,1.405,1.403,1.413,20680000,29090000,0
2017-08-29,1.383,1.385,1.372,1.386,20080000,27690000,0
2017-08-30,1.394,1.398,1.386,1.399,8840000,12320000,0
2017-08-31,1.412,1.409,1.405,1.414,8050000,11350000,0
2017-09-01,1.412,1.407,1.404,1.415,8070000,11360000,0
2017-09-04,1.409,1.393,1.388,1.411,9240000,12880000,0
2017-09-05,1.391,1.394,1.390,1.395,6060000,8450000,0
2017-09-06,1.387,1.394,1.385,1.394,7920000,10990000,0
2017-09-07,1.393,1.382,1.381,1.393,7750000,10740000,0
2017-09-08,1.394,1.395,1.392,1.397,8690000,12120000,0
2017-09-11,1.389,1.408,1.388,1.409,9860000,13800000,0
2017-09-12,1.425,1.423,1.418,1.429,10280000,14620000,0
2017-09-13,1.432,1.427,1.426,1.433,9060000,12930000,0
2017-09-14,1.440,1.447,1.436,1.448,13530000,19550000,0
2017-09-15,1.444,1.450,1.441,1.450,9740000,14070000,0
2017-09-18,1.447,1.471,1.442,1.479,12030000,17580000,0
2017-09-19,1.484,1.500,1.483,1.507,15760000,23630000,0
2017-09-20,1.487,1.499,1.482,1.506,13180000,19680000,0
2017-09-21,1.485,1.480,1.478,1.487,16410000,24330000,0
2017-09-22,1.465,1.476,1.463,1.476,10210000,14970000,0
2017-09-25,1.478,1.467,1.465,1.484,7350000,10830000,0
2017-09-26,1.425,1.441,1.423,1.445,13660000,19600000,0
2017-09-27,1.434,1.439,1.430,1.441,9090000,13060000,0
2017-09-28,1.445,1.447,1.445,1.453,8190000,11870000,0
2017-09-29,1.447,1.454,1.445,1.455,5500000,7970000,0
2017-10-09,1.488,1.478,1.476,1.495,13410000,19900000,0
2017-10-10,1.486,1.489,1.481,1.490,10770000,16000000,0
2017-10-11,1.504,1.520,1.497,1.524,14520000,21870000,0
2017-10-12,1.521,1.534,1.521,1.543,16890000,25910000,0
2017-10-13,1.496,1.505,1.494,1.508,27300000,41010000,0
2017-10-16,1.505,1.516,1.504,1.517,25930000,39090000,0
2017-10-17,1.533,1.534,1.528,1.535,21340000,32680000,0
2017-10-18,1.522,1.526,1.517,1.531,18110000,27640000,0
2017-10-19,1.539,1.530,1.529,1.539,22320000,34220000,0
2017-10-20,1.506,1.519,1.504,1.522,34870000,52830000,0
2017-10-23,1.504,1.499,1.494,1.513,29780000,44750000,0
2017-10-24,1.488,1.485,1.482,1.491,25410000,37770000,0
2017-10-25,1.485,1.495,1.480,1.496,18330000,27290000,0
2017-10-26,1.470,1.467,1.465,1.473,34070000,50070000,0
2017-10-27,1.442,1.446,1.439,1.448,37270000,53830000,0
2017-10-30,1.455,1.458,1.447,1.460,19120000,27810000,0
2017-10-31,1.460,1.456,1.448,1.460,19370000,28160000,0
2017-11-01,1.473,1.479,1.468,1.480,21380000,31510000,0
2017-11-02,1.482,1.489,1.480,1.490,14120000,20960000,0
2017-11-03,1.482,1.486,1.476,1.492,27560000,40940000,0
2017-11-06,1.485,1.486,1.465,1.489,27130000,40100000,0
2017-11-07,1.505,1.512,1.505,1.514,22630000,34200000,0
2017-11-08,1.515,1.510,1.508,1.520,26170000,39600000,0
2017-11-09,1.510,1.509,1.506,1.515,16820000,25410000,0
2017-11-10,1.508,1.506,1.504,1.510,18820000,28370000,0
2017-11-13,1.507,1.503,1.500,1.507,19150000,28790000,0
2017-11-14,1.508,1.511,1.502,1.514,18930000,28510000,0
2017-11-15,1.494,1.482,1.477,1.495,21340000,31640000,0
2017-11-16,1.484,1.488,1.480,1.490,15020000,22320000,0
2017-11-17,1.520,1.521,1.516,1.523,27260000,41420000,0
2017-11-20,1.537,1.539,1.532,1.540,24820000,38130000,0
2017-11-21,1.551,1.568,1.551,1.574,29740000,46600000,0
2017-11-22,1.590,1.576,1.570,1.596,20610000,32600000,0
2017-11-23,1.576,1.570,1.566,1.598,22770000,36090000,0
2017-11-24,1.573,1.576,1.565,1.579,16230000,25510000,0
2017-11-27,1.578,1.586,1.578,1.595,21530000,34170000,0
2017-11-28,1.563,1.549,1.545,1.563,20900000,32430000,0
2017-11-29,1.555,1.547,1.541,1.558,11620000,17980000,0
2017-11-30,1.495,1.516,1.495,1.525,27580000,41770000,0
2017-12-01,1.498,1.492,1.490,1.502,35010000,52400000,0
2017-12-04,1.473,1.496,1.468,1.502,34100000,50550000,0
2017-12-05,1.457,1.453,1.450,1.467,41140000,60040000,0
2017-12-06,1.447,1.426,1.421,1.453,37520000,53860000,0
2017-12-07,1.443,1.454,1.437,1.457,26670000,38620000,0
2017-12-08,1.468,1.481,1.466,1.482,26070000,38370000,0
2017-12-11,1.482,1.488,1.472,1.490,29610000,43820000,0
2017-12-12,1.500,1.481,1.480,1.505,28670000,42870000,0
2017-12-13,1.477,1.484,1.467,1.485,22190000,32750000,0
2017-12-14,1.505,1.494,1.492,1.506,14690000,21990000,0
2017-12-15,1.484,1.470,1.469,1.484,15760000,23270000,0
2017-12-18,1.484,1.486,1.480,1.488,20430000,30330000,0
2017-12-19,1.508,1.521,1.507,1.525,29350000,44420000,0
2017-12-20,1.511,1.512,1.495,1.515,10740000,16220000,0
2017-12-21,1.512,1.513,1.508,1.515,10910000,16510000,0
2017-12-22,1.528,1.526,1.525,1.531,12500000,19100000,0
2017-12-25,1.529,1.523,1.519,1.530,6620000,10070000,0
2017-12-26,1.523,1.519,1.517,1.524,7020000,10660000,0
2017-12-27,1.508,1.499,1.495,1.511,16390000,24640000,0
2017-12-28,1.505,1.507,1.502,1.511,12050000,18140000,0
2017-12-29,1.497,1.495,1.490,1.497,13230000,19730000,0
2018-01-02,1.495,1.507,1.492,1.509,10340000,15540000,0
2018-01-03,1.554,1.539,1.536,1.556,23200000,35860000,0
2018-01-04,1.547,1.560,1.540,1.561,24450000,37960000,0
2018-01-05,1.564,1.552,1.551,1.565,15370000,23910000,0
2018-01-08,1.578,1.589,1.577,1.590,20050000,31730000,0
2018-01-09,1.599,1.608,1.599,1.609,18210000,29180000,0
2018-01-10,1.611,1.616,1.604,1.619,23850000,38430000,0
2018-01-11,1.599,1.591,1.586,1.599,20190000,32130000,0
2018-01-12,1.594,1.608,1.592,1.611,43160000,69050000,0
2018-01-15,1.611,1.600,1.597,1.616,44610000,71630000,0
2018-01-16,1.604,1.611,1.596,1.613,21200000,34100000,0
2018-01-17,1.601,1.590,1.588,1.601,32870000,52370000,0
2018-01-18,1.600,1.601,1.597,1.607,15140000,24260000,0
2018-01-19,1.596,1.589,1.586,1.601,27350000,43600000,0
2018-01-22,1.592,1.595,1.589,1.596,20630000,32860000,0
2018-01-23,1.593,1.608,1.593,1.609,19760000,31650000,0
2018-01-24,1.626,1.625,1.613,1.631,21270000,34500000,0
2018-01-25,1.626,1.630,1.620,1.632,23530000,38280000,0
2018-01-26,1.631,1.641,1.628,1.645,18440000,30230000,0
2018-01-29,1.675,1.653,1.647,1.678,26380000,43800000,0
2018-01-30,1.640,1.630,1.627,1.640,20320000,33170000,0
2018-01-31,1.601,1.611,1.598,1.622,18610000,29930000,0
2018-02-01,1.619,1.624,1.614,1.625,18350000,29710000,0
2018-02-02,1.584,1.606,1.573,1.608,30830000,48910000,0
2018-02-05,1.537,1.547,1.531,1.551,41390000,64020000,0
2018-02-06,1.488,1.445,1.440,1.490,61240000,89660000,0
2018-02-07,1.484,1.458,1.452,1.498,53000000,78140000,0
2018-02-08,1.455,1.443,1.432,1.455,49540000,71410000,0
2018-02-09,1.374,1.378,1.349,1.385,48740000,66730000,0
2018-02-12,1.396,1.426,1.393,1.429,16620000,23380000,0
2018-02-13,1.457,1.440,1.435,1.459,20970000,30370000,0
2018-02-14,1.462,1.484,1.460,1.485,17490000,25720000,0
2018-02-22,1.538,1.547,1.538,1.553,29120000,44950000,0
2018-02-23,1.552,1.557,1.552,1.564,16780000,26140000,0
2018-02-26,1.584,1.582,1.571,1.586,21640000,34170000,0
2018-02-27,1.589,1.571,1.567,1.590,18100000,28550000,0
2018-02-28,1.534,1.532,1.526,1.536,27230000,41710000,0
2018-03-01,1.524,1.550,1.521,1.551,11980000,18490000,0
2018-03-02,1.524,1.525,1.519,1.535,16460000,25120000,0
2018-03-05,1.528,1.520,1.517,1.537,14700000,22420000,0
2018-03-06,1.542,1.549,1.535,1.550,18240000,28100000,0
2018-03-07,1.550,1.522,1.521,1.550,51020000,78020000,0
2018-03-08,1.542,1.559,1.542,1.560,17810000,27690000,0
2018-03-09,1.562,1.572,1.562,1.576,13460000,21140000,0
2018-03-12,1.592,1.597,1.592,1.600,15770000,25170000,0
2018-03-13,1.600,1.599,1.597,1.606,15250000,24400000,0
2018-03-14,1.572,1.568,1.567,1.572,16770000,26310000,0
2018-03-15,1.575,1.589,1.575,1.589,14870000,23540000,0
2018-03-16,1.610,1.609,1.606,1.611,16150000,25990000,0
2018-03-19,1.608,1.611,1.606,1.616,10330000,16660000,0
2018-03-20,1.580,1.601,1.576,1.602,12180000,19370000,0
2018-03-21,1.610,1.592,1.589,1.617,14720000,23610000,0
2018-03-22,1.589,1.564,1.558,1.592,47610000,74690000,0
2018-03-23,1.464,1.485,1.458,1.513,53940000,80160000,0
2018-03-26,1.465,1.500,1.464,1.501,29920000,44250000,0
2018-03-27,1.534,1.515,1.509,1.538,78470000,119090000,0
2018-03-28,1.484,1.467,1.464,1.484,54240000,79860000,0
2018-03-29,1.435,1.452,1.431,1.455,69640000,100110000,0
2018-03-30,1.450,1.451,1.444,1.453,28280000,40940000,0
2018-04-02,1.454,1.451,1.448,1.470,18290000,26710000,0
2018-04-03,1.419,1.424,1.419,1.431,27710000,39500000,0
2018-04-04,1.411,1.405,1.402,1.416,43750000,61700000,0
2018-04-09,1.404,1.414,1.391,1.419,19000000,26690000,0
2018-04-10,1.420,1.446,1.412,1.448,36340000,51730000,0
2018-04-11,1.456,1.437,1.430,1.456,36450000,52600000,0
2018-04-12,1.437,1.426,1.422,1.444,18160000,25960000,0
2018-04-13,1.433,1.428,1.416,1.436,18020000,25670000,0
2018-04-16,1.414,1.403,1.399,1.414,14450000,20290000,0
2018-04-17,1.405,1.390,1.388,1.412,31950000,44630000,0
2018-04-18,1.420,1.415,1.406,1.421,30060000,42440000,0
2018-04-19,1.424,1.424,1.421,1.431,18290000,26070000,0
2018-04-20,1.416,1.407,1.402,1.419,12360000,17470000,0
2018-04-23,1.400,1.404,1.397,1.404,9360000,13100000,0
2018-04-24,1.395,1.409,1.393,1.411,11380000,15980000,0
2018-04-25,1.384,1.383,1.376,1.384,20990000,28980000,0
2018-04-26,1.375,1.357,1.353,1.375,21500000,29360000,0
2018-04-27,1.383,1.398,1.381,1.398,19920000,27610000,0
2018-05-02,1.419,1.422,1.408,1.426,44820000,63720000,0
2018-05-03,1.415,1.420,1.412,1.421,9180000,13000000,0
2018-05-04,1.422,1.417,1.414,1.426,9180000,13020000,0
2018-05-07,1.435,1.429,1.427,1.435,16460000,23540000,0
2018-05-08,1.449,1.457,1.448,1.462,20010000,29120000,0
2018-05-09,1.469,1.468,1.466,1.473,16110000,23670000,0
2018-05-10,1.469,1.477,1.468,1.478,10560000,15580000,0
2018-05-11,1.498,1.492,1.490,1.498,12300000,18360000,0
2018-05-14,1.495,1.489,1.485,1.497,16370000,24430000,0
2018-05-15,1.500,1.491,1.488,1.502,11640000,17370000,0
2018-05-16,1.482,1.475,1.472,1.482,14800000,21840000,0
2018-05-17,1.510,1.502,1.502,1.516,21420000,32290000,0
2018-05-18,1.493,1.498,1.492,1.499,7720000,11540000,0
2018-05-21,1.485,1.493,1.482,1.496,13740000,20510000,0
2018-05-22,1.460,1.457,1.454,1.466,19390000,28300000,0
2018-05-23,1.457,1.452,1.450,1.461,5860000,8520000,0
2018-05-24,1.454,1.456,1.452,1.458,8540000,12430000,0
2018-05-25,1.453,1.450,1.449,1.455,19880000,28860000,0
2018-05-28,1.458,1.469,1.456,1.470,10210000,14910000,0
2018-05-29,1.469,1.458,1.455,1.469,6100000,8900000,0
2018-05-30,1.450,1.443,1.442,1.458,15060000,21830000,0
2018-05-31,1.445,1.457,1.445,1.457,7820000,11340000,0
2018-06-01,1.459,1.454,1.448,1.459,5420000,7870000,0
2018-06-04,1.486,1.493,1.485,1.494,16080000,23940000,0
2018-06-05,1.522,1.526,1.522,1.530,22140000,33770000,0
2018-06-06,1.532,1.535,1.532,1.539,14450000,22200000,0
2018-06-07,1.548,1.549,1.543,1.550,16750000,25920000,0
2018-06-08,1.537,1.525,1.523,1.537,17680000,27040000,0
2018-06-11,1.532,1.546,1.532,1.547,16190000,24960000,0
2018-06-12,1.558,1.554,1.551,1.560,14660000,22780000,0
2018-06-13,1.570,1.565,1.564,1.572,16980000,26630000,0
2018-06-14,1.555,1.545,1.543,1.563,28150000,43640000,0
2018-06-15,1.579,1.579,1.576,1.582,23560000,37180000,0
2018-06-19,1.563,1.533,1.526,1.566,37790000,58400000,0
2018-06-20,1.535,1.550,1.535,1.555,23930000,36980000,0
2018-06-21,1.558,1.556,1.553,1.563,18380000,28640000,0
2018-06-22,1.538,1.561,1.531,1.561,18670000,28820000,0
2018-06-25,1.550,1.535,1.532,1.550,13620000,20980000,0
2018-06-26,1.484,1.497,1.477,1.503,21020000,31250000,0
2018-06-27,1.500,1.480,1.478,1.502,11080000,16500000,0
2018-06-28,1.459,1.454,1.452,1.472,13580000,19860000,0
2018-06-29,1.472,1.494,1.472,1.498,17720000,26350000,0
2018-07-02,1.491,1.467,1.466,1.491,13340000,19660000,0
2018-07-03,1.486,1.494,1.480,1.496,26070000,38720000,0
2018-07-04,1.480,1.471,1.468,1.483,14330000,21110000,0
2018-07-05,1.471,1.469,1.466,1.476,8080000,11890000,0
2018-07-06,1.478,1.485,1.475,1.493,18850000,27980000,0
2018-07-09,1.505,1.522,1.505,1.524,19410000,29440000,0
2018-07-10,1.539,1.530,1.517,1.540,15040000,22960000,0
2018-07-11,1.510,1.495,1.494,1.510,22450000,33610000,0
2018-07-12,1.495,1.514,1.495,1.514,22820000,34390000,0
2018-07-13,1.530,1.526,1.523,1.533,17350000,26520000,0
2018-07-16,1.524,1.522,1.517,1.525,12480000,18980000,0
2018-07-17,1.523,1.518,1.516,1.523,5270000,8000000,0
2018-07-18,1.538,1.530,1.527,1.538,12830000,19650000,0
2018-07-19,1.524,1.532,1.523,1.538,9780000,14980000,0
2018-07-20,1.518,1.525,1.514,1.527,14030000,21320000,0
2018-07-23,1.518,1.513,1.511,1.522,8760000,13260000,0
2018-07-24,1.514,1.520,1.513,1.522,15670000,23810000,0
2018-07-25,1.520,1.515,1.513,1.521,7170000,10860000,0
2018-07-26,1.539,1.528,1.527,1.541,22510000,34530000,0
2018-07-27,1.534,1.536,1.527,1.537,11830000,18120000,0
2018-07-30,1.499,1.503,1.499,1.512,11480000,17260000,0
2018-07-31,1.487,1.481,1.476,1.487,13290000,19670000,0
2018-08-01,1.488,1.485,1.482,1.489,6000000,8910000,0
2018-08-02,1.470,1.451,1.444,1.470,19360000,28150000,0
2018-08-03,1.437,1.444,1.433,1.448,17660000,25440000,0
2018-08-06,1.438,1.440,1.435,1.449,11380000,16390000,0
2018-08-07,1.437,1.456,1.432,1.458,17510000,25260000,0
2018-08-08,1.453,1.441,1.441,1.453,11220000,16210000,0
2018-08-09,1.429,1.441,1.424,1.443,16710000,23990000,0
2018-08-10,1.420,1.416,1.411,1.429,17580000,24910000,0
2018-08-13,1.400,1.409,1.400,1.410,12930000,18170000,0
2018-08-14,1.399,1.380,1.375,1.399,25990000,35970000,0
2018-08-15,1.351,1.340,1.335,1.356,28170000,37870000,0
2018-08-16,1.310,1.315,1.299,1.321,193970000,254470000,0
2018-08-17,1.328,1.304,1.302,1.329,121990000,159860000,0
2018-08-20,1.319,1.333,1.316,1.336,76060000,100860000,0
2018-08-21,1.348,1.352,1.345,1.353,112950000,152260000,0
2018-08-22,1.355,1.361,1.348,1.362,27840000,37730000,0
2018-08-23,1.362,1.363,1.354,1.366,33780000,46020000,0
2018-08-24,1.347,1.346,1.340,1.347,16800000,22570000,0
2018-08-27,1.351,1.360,1.348,1.360,43990000,59670000,0
2018-08-28,1.385,1.383,1.379,1.386,36990000,51150000,0
2018-08-29,1.376,1.370,1.369,1.379,73390000,100970000,0
2018-08-30,1.374,1.366,1.365,1.377,14550000,19900000,0
2018-08-31,1.333,1.328,1.326,1.334,11640000,15480000,0
2018-09-03,1.330,1.325,1.322,1.331,13100000,17360000,0
2018-09-04,1.326,1.342,1.324,1.345,82570000,110290000,0
2018-09-05,1.323,1.318,1.316,1.323,44850000,59230000,0
2018-09-06,1.289,1.284,1.280,1.305,32390000,41770000,0
2018-09-07,1.272,1.268,1.255,1.274,39990000,50580000,0
2018-09-10,1.266,1.248,1.247,1.266,26950000,33820000,0
2018-09-11,1.238,1.226,1.220,1.238,30080000,36880000,0
2018-09-12,1.240,1.231,1.230,1.240,21720000,26780000,0
2018-09-13,1.252,1.255,1.246,1.258,16290000,20390000,0
2018-09-14,1.286,1.289,1.281,1.290,22380000,28770000,0
2018-09-17,1.280,1.270,1.270,1.280,19720000,25090000,0
2018-09-18,1.257,1.278,1.251,1.284,12380000,15590000,0
2018-09-19,1.260,1.269,1.258,1.273,16690000,21130000,0
2018-09-20,1.292,1.283,1.281,1.294,12880000,16550000,0
2018-09-21,1.299,1.322,1.298,1.324,26380000,34570000,0
2018-09-25,1.295,1.293,1.286,1.295,8200000,10590000,0
2018-09-26,1.297,1.301,1.297,1.309,41120000,53530000,0
2018-09-27,1.304,1.299,1.298,1.307,30880000,40180000,0
2018-09-28,1.308,1.305,1.304,1.313,29670000,38800000,0
2018-10-08,1.228,1.224,1.222,1.240,34770000,42750000,0
2018-10-09,1.220,1.214,1.212,1.222,17000000,20690000,0
2018-10-10,1.208,1.198,1.194,1.209,38540000,46320000,0
2018-10-11,1.150,1.138,1.123,1.150,50740000,57490000,0
2018-10-12,1.150,1.170,1.144,1.174,34300000,39640000,0
2018-10-15,1.190,1.158,1.158,1.190,66020000,77500000,0
2018-10-16,1.161,1.147,1.140,1.164,49040000,56380000,0
2018-10-17,1.179,1.174,1.171,1.180,38210000,44980000,0
2018-10-18,1.161,1.145,1.145,1.161,18870000,21710000,0
2018-10-19,1.126,1.156,1.121,1.160,22230000,25290000,0
2018-10-22,1.146,1.184,1.139,1.189,53470000,62480000,0
2018-10-23,1.178,1.132,1.128,1.178,53300000,61120000,0
2018-10-24,1.135,1.123,1.122,1.140,34850000,39450000,0
2018-10-25,1.077,1.095,1.070,1.096,30690000,33360000,0
2018-10-26,1.106,1.087,1.087,1.108,24990000,27370000,0
2018-10-29,1.095,1.088,1.077,1.100,42730000,46630000,0
2018-10-30,1.060,1.075,1.059,1.088,84440000,91100000,0
2018-10-31,1.079,1.094,1.075,1.109,71310000,77600000,0
2018-11-01,1.116,1.120,1.115,1.137,57680000,64930000,0
2018-11-02,1.179,1.204,1.179,1.205,67480000,80200000,0
2018-11-05,1.182,1.167,1.161,1.184,124220000,145930000,0
2018-11-06,1.170,1.167,1.158,1.173,103050000,119840000,0
2018-11-07,1.173,1.169,1.164,1.192,113910000,133830000,0
2018-11-08,1.192,1.185,1.185,1.203,167540000,200040000,0
2018-11-09,1.150,1.148,1.145,1.156,44170000,50770000,0
2018-11-12,1.138,1.141,1.126,1.143,39940000,45370000,0
2018-11-13,1.100,1.128,1.091,1.138,82250000,91660000,0
2018-11-14,1.122,1.122,1.112,1.134,82880000,93090000,0
2018-11-15,1.142,1.151,1.137,1.155,64270000,73650000,0
2018-11-16,1.173,1.157,1.155,1.174,64420000,75070000,0
2018-11-19,1.151,1.154,1.149,1.161,37970000,43820000,0
2018-11-20,1.135,1.123,1.122,1.143,50330000,56920000,0
2018-11-21,1.110,1.126,1.102,1.128,58400000,65170000,0
2018-11-22,1.136,1.131,1.124,1.140,74790000,84440000,0
2018-11-23,1.130,1.107,1.103,1.131,67410000,75140000,0
2018-11-26,1.108,1.118,1.107,1.123,153470000,171780000,0
2018-11-27,1.133,1.131,1.125,1.134,41060000,46400000,0
2018-11-28,1.133,1.156,1.133,1.158,51170000,58600000,0
2018-11-29,1.170,1.148,1.147,1.170,95050000,110500000,0
2018-11-30,1.145,1.150,1.142,1.154,58280000,66990000,0
2018-12-03,1.197,1.182,1.178,1.199,90400000,107420000,0
2018-12-04,1.182,1.178,1.171,1.183,130410000,153560000,0
2018-12-05,1.152,1.158,1.152,1.165,34920000,40500000,0
2018-12-06,1.144,1.128,1.125,1.144,57180000,64910000,0
2018-12-07,1.139,1.139,1.137,1.145,35700000,40730000,0
2018-12-10,1.130,1.121,1.118,1.131,57350000,64520000,0
2018-12-11,1.126,1.125,1.121,1.129,111870000,125930000,0
2018-12-12,1.135,1.138,1.133,1.139,64050000,72830000,0
2018-12-13,1.145,1.149,1.140,1.150,62930000,72120000,0
2018-12-14,1.143,1.130,1.128,1.143,185660000,211380000,0
2018-12-17,1.130,1.127,1.122,1.132,24040000,27080000,0
2018-12-18,1.110,1.107,1.103,1.113,46090000,51030000,0
2018-12-19,1.106,1.086,1.083,1.106,44110000,48220000,0
2018-12-20,1.066,1.069,1.060,1.074,55720000,59450000,0
2018-12-21,1.059,1.068,1.054,1.068,96580000,102450000,0
2018-12-24,1.059,1.060,1.055,1.063,37080000,39300000,0
2018-12-25,1.050,1.046,1.041,1.050,50730000,52970000,0
2018-12-26,1.050,1.044,1.043,1.052,28170000,29520000,0
2018-12-27,1.075,1.053,1.050,1.079,44030000,46910000,0
2018-12-28,1.058,1.054,1.035,1.062,27710000,29180000,0
2019-01-02,1.056,1.030,1.029,1.056,34280000,35520000,0
2019-01-03,1.031,1.031,1.029,1.040,49430000,51100000,0
2019-01-04,1.007,1.038,1.007,1.039,42080000,43120000,0
2019-01-07,1.065,1.068,1.060,1.068,33680000,35830000,0
2019-01-08,1.076,1.076,1.074,1.080,22030000,23710000,0
2019-01-09,1.085,1.097,1.085,1.107,91600000,100660000,0
2019-01-10,1.116,1.111,1.102,1.117,43530000,48270000,0
2019-01-11,1.115,1.119,1.115,1.123,14150000,15830000,0
2019-01-14,1.109,1.094,1.091,1.112,13090000,14380000,0
2019-01-15,1.091,1.107,1.090,1.107,26900000,29540000,0
2019-01-16,1.108,1.102,1.099,1.108,23240000,25630000,0
2019-01-17,1.114,1.109,1.108,1.122,31540000,35120000,0
2019-01-18,1.118,1.129,1.118,1.130,37450000,42140000,0
2019-01-21,1.135,1.143,1.135,1.149,58620000,67070000,0
2019-01-22,1.142,1.130,1.127,1.145,18510000,21020000,0
2019-01-23,1.121,1.114,1.113,1.130,46330000,52000000,0
2019-01-24,1.120,1.117,1.110,1.121,44080000,49140000,0
2019-01-25,1.124,1.147,1.124,1.148,30560000,34750000,0
2019-01-28,1.163,1.149,1.146,1.164,27260000,31530000,0
2019-01-29,1.147,1.148,1.140,1.149,18360000,21010000,0
2019-01-30,1.142,1.145,1.140,1.150,33020000,37840000,0
2019-01-31,1.165,1.174,1.165,1.177,66870000,78360000,0
2019-02-01,1.182,1.194,1.182,1.195,26090000,30960000,0
2019-02-11,1.193,1.205,1.184,1.205,32480000,38780000,0
2019-02-12,1.202,1.209,1.202,1.211,68080000,82130000,0
2019-02-13,1.218,1.220,1.213,1.221,29230000,35610000,0
2019-02-14,1.217,1.211,1.206,1.218,77950000,94280000,0
2019-02-15,1.210,1.190,1.188,1.210,32180000,38500000,0
2019-02-18,1.195,1.208,1.195,1.209,36240000,43620000,0
2019-02-19,1.208,1.190,1.189,1.208,54610000,65470000,0
2019-02-20,1.203,1.198,1.193,1.209,86780000,104480000,0
2019-02-21,1.200,1.203,1.198,1.213,54630000,65810000,0
2019-02-22,1.198,1.211,1.194,1.213,35120000,42180000,0
2019-02-25,1.226,1.240,1.217,1.241,130460000,160030000,0
2019-02-26,1.241,1.227,1.226,1.244,118190000,146310000,0
2019-02-27,1.228,1.225,1.223,1.237,28570000,35180000,0
2019-02-28,1.226,1.231,1.226,1.240,99440000,122710000,0
2019-03-01,1.236,1.236,1.230,1.246,100000000,123880000,0
2019-03-04,1.242,1.251,1.234,1.260,69000000,85980000,0
2019-03-05,1.248,1.263,1.245,1.264,35320000,44260000,0
2019-03-06,1.281,1.289,1.281,1.294,42450000,54600000,0
2019-03-07,1.280,1.271,1.266,1.281,123040000,156400000,0
2019-03-08,1.239,1.238,1.226,1.253,107380000,133080000,0
2019-03-11,1.239,1.248,1.235,1.251,71770000,89250000,0
2019-03-12,1.268,1.260,1.259,1.270,62220000,78650000,0
2019-03-13,1.262,1.242,1.241,1.262,43410000,54160000,0
2019-03-14,1.245,1.241,1.238,1.250,40570000,50510000,0
2019-03-15,1.242,1.250,1.241,1.252,70540000,88000000,0
2019-03-18,1.253,1.270,1.249,1.272,30880000,38920000,0
2019-03-19,1.270,1.264,1.261,1.274,21820000,27640000,0
2019-03-20,1.269,1.263,1.256,1.269,34350000,43280000,0
2019-03-21,1.255,1.249,1.248,1.261,72980000,91720000,0
2019-03-22,1.253,1.249,1.248,1.260,38660000,48470000,0
2019-03-25,1.225,1.215,1.213,1.226,24260000,29600000,0
2019-03-26,1.224,1.219,1.216,1.228,32760000,40100000,0
2019-03-27,1.225,1.238,1.225,1.238,27080000,33380000,0
2019-03-28,1.231,1.230,1.229,1.235,87670000,108140000,0
2019-03-29,1.237,1.256,1.234,1.260,42670000,53250000,0
2019-04-01,1.271,1.280,1.271,1.285,37850000,48460000,0
2019-04-02,1.289,1.282,1.280,1.290,85250000,109420000,0
2019-04-03,1.283,1.300,1.282,1.302,29030000,37450000,0
2019-04-04,1.297,1.287,1.280,1.300,95300000,122720000,0
2019-04-08,1.307,1.312,1.299,1.328,72380000,94810000,0
2019-04-09,1.316,1.325,1.315,1.325,44940000,59260000,0
2019-04-10,1.319,1.328,1.310,1.329,87350000,115490000,0
2019-04-11,1.324,1.317,1.315,1.331,19730000,26080000,0
2019-04-12,1.311,1.302,1.301,1.311,29460000,38430000,0
2019-04-15,1.326,1.315,1.315,1.326,36890000,48820000,0
2019-04-16,1.298,1.324,1.298,1.325,74920000,98280000,0
2019-04-17,1.325,1.313,1.313,1.325,14330000,18870000,0
2019-04-18,1.317,1.306,1.304,1.317,44390000,58290000,0
2019-04-19,1.306,1.316,1.306,1.316,8210000,10780000,0
2019-04-22,1.320,1.297,1.296,1.322,37450000,48950000,0
2019-04-23,1.300,1.305,1.300,1.309,14040000,18330000,0
2019-04-24,1.317,1.318,1.309,1.322,29830000,39280000,0
2019-04-25,1.313,1.298,1.296,1.315,34170000,44820000,0
2019-04-26,1.299,1.301,1.298,1.305,11440000,14890000,0
2019-04-29,1.303,1.306,1.300,1.309,22780000,29700000,0
2019-04-30,1.309,1.310,1.302,1.315,30590000,40050000,0
2019-05-06,1.286,1.283,1.261,1.289,31680000,40650000,0
2019-05-07,1.284,1.300,1.284,1.301,17460000,22590000,0
2019-05-08,1.272,1.285,1.270,1.296,89130000,114900000,0
2019-05-09,1.276,1.258,1.258,1.282,47610000,60410000,0
2019-05-10,1.268,1.275,1.263,1.283,86510000,110480000,0
2019-05-13,1.269,1.259,1.256,1.269,7110000,8970000,0
2019-05-14,1.235,1.238,1.233,1.250,27520000,34260000,0
2019-05-15,1.247,1.263,1.247,1.271,80660000,101310000,0
2019-05-16,1.261,1.272,1.261,1.277,8740000,11100000,0
2019-05-17,1.266,1.245,1.243,1.269,36160000,45310000,0
2019-05-20,1.230,1.212,1.208,1.230,34700000,42100000,0
2019-05-21,1.180,1.196,1.175,1.202,32380000,38460000,0
2019-05-22,1.195,1.175,1.170,1.199,22540000,26720000,0
2019-05-23,1.163,1.152,1.146,1.164,22480000,25980000,0
2019-05-24,1.149,1.152,1.145,1.161,28110000,32490000,0
2019-05-27,1.129,1.137,1.126,1.143,41450000,46980000,0
2019-05-28,1.138,1.150,1.138,1.154,12320000,14130000,0
2019-05-29,1.142,1.126,1.125,1.142,41150000,46400000,0
2019-05-30,1.124,1.133,1.117,1.134,57860000,65010000,0
2019-05-31,1.129,1.120,1.119,1.130,27760000,31210000,0
2019-06-03,1.116,1.120,1.114,1.120,21580000,24110000,0
2019-06-04,1.112,1.098,1.096,1.112,33110000,36500000,0
2019-06-05,1.119,1.117,1.115,1.131,23010000,25850000,0
2019-06-06,1.110,1.103,1.100,1.113,15250000,16880000,0
2019-06-10,1.126,1.129,1.121,1.130,15750000,17760000,0
2019-06-11,1.145,1.156,1.145,1.157,16730000,19260000,0
2019-06-12,1.165,1.155,1.154,1.167,14170000,16420000,0
2019-06-13,1.150,1.149,1.141,1.154,22320000,25640000,0
2019-06-14,1.150,1.153,1.150,1.159,8270000,9540000,0
2019-06-17,1.148,1.148,1.146,1.157,25420000,29300000,0
2019-06-18,1.149,1.149,1.143,1.150,24070000,27610000,0
2019-06-19,1.181,1.176,1.170,1.183,22810000,26820000,0
2019-06-20,1.180,1.197,1.177,1.198,75550000,89850000,0
2019-06-21,1.199,1.189,1.183,1.204,31190000,37210000,0
2019-06-24,1.191,1.194,1.183,1.200,17190000,20540000,0
2019-06-25,1.191,1.175,1.173,1.195,16500000,19490000,0
2019-06-26,1.165,1.177,1.161,1.180,8330000,9800000,0
2019-06-27,1.192,1.200,1.192,1.200,13920000,16670000,0
2019-06-28,1.208,1.206,1.201,1.210,16110000,19410000,0
2019-07-01,1.226,1.242,1.221,1.251,45890000,57030000,0
2019-07-02,1.244,1.240,1.239,1.246,22310000,27710000,0
2019-07-03,1.242,1.231,1.231,1.242,10760000,13290000,0
2019-07-04,1.239,1.234,1.233,1.241,14710000,18220000,0
2019-07-05,1.238,1.235,1.228,1.238,12230000,15090000,0
2019-07-08,1.224,1.213,1.212,1.251,11890000,14530000,0
2019-07-09,1.212,1.199,1.197,1.212,10370000,12460000,0
2019-07-10,1.213,1.210,1.206,1.220,10900000,13200000,0
2019-07-11,1.218,1.208,1.206,1.218,9800000,11890000,0
2019-07-12,1.207,1.204,1.203,1.210,11900000,14350000,0
2019-07-15,1.208,1.203,1.191,1.208,19960000,24000000,0
2019-07-16,1.211,1.215,1.211,1.215,14160000,17180000,0
2019-07-17,1.214,1.215,1.206,1.217,15450000,18760000,0
2019-07-18,1.213,1.206,1.205,1.215,31820000,38510000,0
2019-07-19,1.204,1.215,1.204,1.216,9820000,11900000,0
2019-07-22,1.209,1.209,1.207,1.214,5840000,7070000,0
2019-07-23,1.212,1.215,1.211,1.215,4500000,5460000,0
2019-07-24,1.235,1.242,1.235,1.257,26220000,32660000,0
2019-07-25,1.249,1.252,1.240,1.253,18570000,23180000,0
2019-07-26,1.242,1.243,1.234,1.247,16240000,20190000,0
2019-07-29,1.239,1.235,1.233,1.239,38180000,47180000,0
2019-07-30,1.236,1.245,1.233,1.249,45070000,56100000,0
2019-07-31,1.238,1.219,1.215,1.238,32210000,39420000,0
2019-08-01,1.212,1.217,1.212,1.227,59590000,72810000,0
2019-08-02,1.186,1.189,1.182,1.192,17200000,20420000,0
2019-08-05,1.175,1.150,1.150,1.175,117110000,136840000,0
2019-08-06,1.119,1.136,1.116,1.150,45620000,51590000,0
2019-08-07,1.138,1.127,1.121,1.139,38970000,43910000,0
2019-08-08,1.135,1.145,1.135,1.148,22730000,25980000,0
2019-08-09,1.159,1.149,1.146,1.163,16810000,19400000,0
2019-08-12,1.155,1.156,1.150,1.157,9470000,10920000,0
2019-08-13,1.146,1.137,1.132,1.148,13410000,15290000,0
2019-08-14,1.172,1.163,1.159,1.172,25590000,29800000,0
2019-08-15,1.135,1.156,1.135,1.160,19530000,22500000,0
2019-08-16,1.160,1.168,1.157,1.170,27710000,32300000,0
2019-08-19,1.185,1.219,1.185,1.222,94320000,113480000,0
2019-08-20,1.223,1.237,1.223,1.250,50610000,62660000,0
2019-08-21,1.225,1.220,1.219,1.227,34540000,42250000,0
2019-08-22,1.224,1.215,1.215,1.225,20360000,24780000,0
2019-08-23,1.206,1.219,1.201,1.222,44180000,53340000,0
2019-08-26,1.171,1.181,1.171,1.200,73810000,87190000,0
2019-08-27,1.186,1.198,1.186,1.205,48130000,57620000,0
2019-08-28,1.194,1.192,1.187,1.196,31560000,37600000,0
2019-08-29,1.195,1.192,1.190,1.198,31910000,38100000,0
2019-08-30,1.215,1.204,1.202,1.219,34010000,41250000,0
2019-09-02,1.210,1.222,1.210,1.232,24560000,30010000,0
2019-09-03,1.222,1.231,1.220,1.234,33190000,40850000,0
2019-09-04,1.218,1.255,1.216,1.257,36350000,45170000,0
2019-09-05,1.255,1.250,1.245,1.268,53530000,67350000,0
2019-09-06,1.263,1.252,1.249,1.265,33670000,42310000,0
2019-09-09,1.261,1.257,1.255,1.262,45590000,57400000,0
2019-09-10,1.258,1.248,1.246,1.260,92910000,116430000,0
2019-09-11,1.251,1.262,1.247,1.268,32600000,41010000,0
2019-09-12,1.275,1.276,1.267,1.279,47280000,60110000,0
2019-09-16,1.276,1.261,1.260,1.276,30920000,39070000,0
2019-09-17,1.259,1.243,1.235,1.261,43630000,54480000,0
2019-09-18,1.257,1.253,1.250,1.257,15410000,19300000,0
2019-09-19,1.257,1.256,1.252,1.259,11440000,14350000,0
2019-09-20,1.258,1.265,1.258,1.266,13370000,16890000,0
2019-09-23,1.264,1.252,1.251,1.264,22080000,27750000,0
2019-09-24,1.246,1.246,1.241,1.247,58340000,72580000,0
2019-09-25,1.225,1.218,1.216,1.232,35660000,43600000,0
2019-09-26,1.231,1.219,1.217,1.236,29460000,36050000,0
2019-09-27,1.218,1.227,1.218,1.228,4810000,5880000,0
2019-09-30,1.206,1.209,1.201,1.216,27660000,33390000,0
2019-10-08,1.207,1.211,1.203,1.220,15210000,18450000,0
2019-10-09,1.192,1.183,1.182,1.192,36190000,42990000,0
2019-10-10,1.192,1.189,1.184,1.193,29210000,34700000,0
2019-10-11,1.198,1.207,1.193,1.210,23150000,27780000,0
2019-10-14,1.227,1.219,1.217,1.230,25810000,31580000,0
2019-10-15,1.220,1.222,1.215,1.224,14250000,17380000,0
2019-10-16,1.236,1.231,1.230,1.240,19240000,23770000,0
2019-10-17,1.241,1.241,1.238,1.249,16280000,20230000,0
2019-10-18,1.244,1.237,1.234,1.246,12640000,15660000,0
2019-10-21,1.225,1.225,1.218,1.226,13840000,16900000,0
2019-10-22,1.231,1.230,1.229,1.235,8140000,10020000,0
2019-10-23,1.227,1.213,1.213,1.227,15210000,18530000,0
2019-10-24,1.213,1.215,1.211,1.221,11390000,13860000,0
2019-10-25,1.223,1.227,1.220,1.228,28900000,35380000,0
2019-10-28,1.249,1.247,1.237,1.249,26480000,32920000,0
2019-10-29,1.255,1.241,1.240,1.259,21990000,27390000,0
2019-10-30,1.237,1.238,1.234,1.243,10870000,13470000,0
2019-10-31,1.242,1.245,1.242,1.249,21940000,27350000,0
2019-11-01,1.240,1.249,1.239,1.249,9540000,11870000,0
2019-11-04,1.255,1.257,1.253,1.257,15280000,19180000,0
2019-11-05,1.272,1.277,1.270,1.280,35580000,45340000,0
2019-11-06,1.288,1.277,1.272,1.289,24960000,31870000,0
2019-11-07,1.281,1.275,1.273,1.281,9920000,12650000,0
2019-11-08,1.293,1.288,1.286,1.295,19390000,25040000,0
2019-11-11,1.285,1.280,1.280,1.288,16070000,20620000,0
2019-11-12,1.277,1.298,1.277,1.301,24660000,31830000,0
2019-11-13,1.292,1.294,1.284,1.300,12860000,16660000,0
2019-11-14,1.284,1.269,1.264,1.286,50870000,64640000,0
2019-11-15,1.271,1.272,1.266,1.273,23130000,29370000,0
2019-11-18,1.271,1.289,1.271,1.293,32760000,42210000,0
2019-11-19,1.287,1.292,1.282,1.295,32050000,41370000,0
2019-11-20,1.290,1.283,1.283,1.290,15910000,20470000,0
2019-11-21,1.268,1.265,1.262,1.271,20440000,25890000,0
2019-11-22,1.277,1.266,1.265,1.282,40930000,52110000,0
2019-11-25,1.285,1.290,1.285,1.298,38240000,49410000,0
2019-11-26,1.309,1.300,1.299,1.310,33160000,43260000,0
2019-11-27,1.313,1.314,1.310,1.318,46570000,61160000,0
2019-11-28,1.325,1.334,1.322,1.338,34310000,45680000,0
2019-11-29,1.335,1.319,1.314,1.335,48560000,64180000,0
2019-12-02,1.322,1.322,1.319,1.330,28530000,37780000,0
2019-12-03,1.311,1.316,1.303,1.318,37720000,49530000,0
2019-12-04,1.308,1.310,1.306,1.315,25790000,33820000,0
2019-12-05,1.315,1.314,1.312,1.320,14700000,19330000,0
2019-12-06,1.324,1.334,1.324,1.335,39600000,52620000,0
2019-12-09,1.336,1.332,1.330,1.339,34840000,46450000,0
2019-12-10,1.327,1.328,1.321,1.329,47680000,63260000,0
2019-12-11,1.329,1.333,1.327,1.335,17250000,22970000,0
2019-12-12,1.348,1.353,1.348,1.355,57030000,77090000,0
2019-12-13,1.365,1.372,1.365,1.380,40930000,56170000,0
2019-12-16,1.372,1.375,1.368,1.381,29460000,40510000,0
2019-12-17,1.387,1.389,1.386,1.399,51140000,71290000,0
2019-12-18,1.395,1.391,1.389,1.399,38470000,53630000,0
2019-12-19,1.396,1.396,1.394,1.399,28500000,39790000,0
2019-12-20,1.401,1.406,1.401,1.412,31110000,43760000,0
2019-12-23,1.413,1.420,1.413,1.423,55480000,78740000,0
2019-12-24,1.427,1.440,1.427,1.446,82080000,117680000,0
2019-12-25,1.438,1.427,1.424,1.438,36160000,51740000,0
2019-12-26,1.427,1.447,1.426,1.449,62400000,89810000,0
2019-12-27,1.453,1.474,1.453,1.476,49050000,72050000,0
2019-12-30,1.452,1.445,1.437,1.452,73770000,106520000,0
2019-12-31,1.429,1.424,1.415,1.429,79010000,112530000,0
2020-01-02,1.430,1.466,1.426,1.468,53670000,77600000,0
2020-01-03,1.484,1.479,1.469,1.493,70150000,104080000,0
2020-01-06,1.459,1.450,1.446,1.462,87090000,126910000,0
2020-01-07,1.459,1.474,1.459,1.477,54850000,80680000,0
2020-01-08,1.459,1.453,1.450,1.470,54390000,79500000,0
2020-01-09,1.475,1.490,1.475,1.496,72860000,108230000,0
2020-01-10,1.500,1.528,1.498,1.543,57050000,86490000,0
2020-01-13,1.528,1.542,1.514,1.543,59820000,91170000,0
2020-01-14,1.557,1.524,1.522,1.561,65200000,100650000,0
2020-01-15,1.515,1.529,1.507,1.538,34250000,52220000,0
2020-01-16,1.521,1.511,1.503,1.521,71220000,107600000,0
2020-01-17,1.515,1.505,1.504,1.517,39010000,58840000,0
2020-01-20,1.516,1.514,1.510,1.520,41970000,63610000,0
2020-01-21,1.500,1.483,1.482,1.501,40300000,59970000,0
2020-01-22,1.472,1.498,1.462,1.507,93910000,139800000,0
2020-01-23,1.482,1.454,1.435,1.482,73820000,107560000,0
2020-02-03,1.382,1.416,1.377,1.429,75140000,105960000,0
2020-02-04,1.443,1.481,1.443,1.503,83700000,123650000,0
2020-02-05,1.504,1.514,1.496,1.518,98750000,148980000,0
2020-02-06,1.502,1.529,1.479,1.535,115470000,174250000,0
2020-02-07,1.518,1.517,1.505,1.521,100020000,151520000,0
2020-02-10,1.497,1.515,1.493,1.517,65310000,98360000,0
2020-02-11,1.515,1.507,1.500,1.515,125080000,188560000,0
2020-02-12,1.507,1.520,1.501,1.523,130550000,196930000,0
2020-02-13,1.534,1.529,1.521,1.536,101050000,154520000,0
2020-02-14,1.524,1.524,1.519,1.535,75030000,114670000,0
2020-02-17,1.520,1.546,1.520,1.555,100110000,154250000,0
2020-02-18,1.544,1.530,1.525,1.547,55640000,85390000,0
2020-02-19,1.530,1.512,1.510,1.530,94840000,144330000,0
2020-02-20,1.530,1.526,1.520,1.535,69090000,105450000,0
2020-02-21,1.508,1.517,1.506,1.519,103780000,156990000,0
2020-02-24,1.488,1.480,1.478,1.489,107470000,159240000,0
2020-02-25,1.455,1.486,1.455,1.493,114670000,168690000,0
2020-02-26,1.453,1.459,1.453,1.470,127970000,187020000,0
2020-02-27,1.462,1.456,1.455,1.463,72590000,105890000,0
2020-02-28,1.429,1.431,1.428,1.453,92020000,132120000,0
2020-03-02,1.431,1.445,1.421,1.448,142160000,204160000,0
2020-03-03,1.469,1.446,1.443,1.469,124050000,180600000,0
2020-03-04,1.437,1.435,1.425,1.437,67280000,96290000,0
2020-03-05,1.455,1.470,1.443,1.472,111160000,161900000,0
2020-03-06,1.453,1.448,1.445,1.459,64130000,93140000,0
2020-03-09,1.408,1.391,1.387,1.408,145860000,203570000,0
2020-03-10,1.390,1.429,1.379,1.430,83700000,117680000,0
2020-03-11,1.430,1.404,1.403,1.431,71640000,101520000,0
2020-03-12,1.376,1.369,1.362,1.379,72950000,99960000,0
2020-03-13,1.280,1.365,1.277,1.380,107850000,144140000,0
2020-03-16,1.356,1.312,1.306,1.357,68090000,90720000,0
2020-03-17,1.324,1.306,1.290,1.344,93800000,122620000,0
2020-03-18,1.304,1.281,1.278,1.332,62050000,81250000,0
2020-03-19,1.292,1.299,1.260,1.307,89620000,115300000,0
2020-03-20,1.318,1.352,1.318,1.355,82640000,110130000,0
2020-03-23,1.308,1.321,1.294,1.356,76960000,102560000,0
2020-03-24,1.365,1.366,1.337,1.376,97620000,132420000,0
2020-03-25,1.410,1.408,1.405,1.429,91000000,128530000,0
2020-03-26,1.403,1.414,1.399,1.419,48850000,69140000,0
2020-03-27,1.437,1.414,1.410,1.440,67000000,95820000,0
2020-03-30,1.407,1.414,1.387,1.417,48280000,67790000,0
2020-03-31,1.431,1.430,1.424,1.433,32380000,46220000,0
2020-04-01,1.425,1.386,1.381,1.439,64630000,90990000,0
2020-04-02,1.380,1.413,1.380,1.416,42590000,59760000,0
2020-04-03,1.410,1.400,1.400,1.415,24070000,33810000,0
2020-04-07,1.427,1.434,1.426,1.437,57940000,82990000,0
2020-04-08,1.426,1.414,1.412,1.426,32070000,45480000,0
2020-04-09,1.416,1.410,1.408,1.422,28420000,40170000,0
2020-04-10,1.410,1.402,1.401,1.414,55140000,77590000,0
2020-04-13,1.403,1.388,1.386,1.404,35920000,50140000,0
2020-04-14,1.402,1.417,1.401,1.420,35530000,50200000,0
2020-04-15,1.421,1.421,1.420,1.429,36550000,52070000,0
2020-04-16,1.428,1.448,1.425,1.448,44250000,63750000,0
2020-04-17,1.481,1.480,1.476,1.498,102040000,152070000,0
2020-04-20,1.476,1.480,1.470,1.490,47730000,70620000,0
2020-04-21,1.479,1.466,1.454,1.481,42000000,61530000,0
2020-04-22,1.450,1.481,1.449,1.482,56240000,82690000,0
2020-04-23,1.485,1.470,1.469,1.486,51800000,76510000,0
2020-04-24,1.451,1.452,1.444,1.464,70280000,102360000,0
2020-04-27,1.461,1.470,1.460,1.475,33520000,49180000,0
2020-04-28,1.470,1.489,1.463,1.496,58240000,86110000,0
2020-04-29,1.480,1.487,1.476,1.493,32900000,48980000,0
2020-04-30,1.500,1.509,1.500,1.515,46140000,69630000,0
2020-05-06,1.474,1.502,1.471,1.507,44030000,65700000,0
2020-05-07,1.495,1.493,1.491,1.509,33960000,50760000,0
2020-05-08,1.502,1.499,1.495,1.504,38340000,57510000,0
2020-05-11,1.510,1.517,1.510,1.535,44850000,68230000,0
2020-05-12,1.521,1.523,1.517,1.529,29320000,44640000,0
2020-05-13,1.518,1.530,1.513,1.536,61940000,94300000,0
2020-05-14,1.538,1.529,1.527,1.542,37130000,56870000,0
2020-05-15,1.536,1.518,1.516,1.540,51510000,78630000,0
2020-05-18,1.527,1.533,1.524,1.540,36020000,55290000,0
2020-05-19,1.581,1.582,1.568,1.588,127610000,201100000,0
2020-05-20,1.588,1.599,1.588,1.600,34010000,54180000,0
2020-05-21,1.596,1.580,1.579,1.597,70500000,111820000,0
2020-05-22,1.565,1.556,1.526,1.565,95510000,147950000,0
2020-05-25,1.545,1.541,1.510,1.545,57410000,87810000,0
2020-05-26,1.551,1.583,1.551,1.585,49690000,78210000,0
2020-05-27,1.578,1.563,1.556,1.586,38150000,59860000,0
2020-05-28,1.560,1.546,1.536,1.569,53630000,83260000,0
2020-05-29,1.546,1.549,1.541,1.564,41200000,64050000,0
2020-06-01,1.585,1.602,1.571,1.604,52260000,83190000,0
2020-06-02,1.607,1.596,1.593,1.610,60210000,96280000,0
2020-06-03,1.625,1.624,1.614,1.635,59790000,97080000,0
2020-06-04,1.645,1.653,1.642,1.655,56710000,93530000,0
2020-06-05,1.652,1.653,1.638,1.655,44950000,74000000,0
2020-06-08,1.667,1.652,1.646,1.671,65810000,108940000,0
2020-06-09,1.658,1.656,1.650,1.661,55080000,91230000,0
2020-06-10,1.657,1.685,1.653,1.686,50390000,84090000,0
2020-06-11,1.692,1.694,1.688,1.726,72870000,124620000,0
2020-06-12,1.637,1.672,1.637,1.683,72790000,121220000,0
2020-06-15,1.670,1.637,1.635,1.679,48280000,80120000,0
2020-06-16,1.679,1.705,1.679,1.706,63500000,107480000,0
2020-06-17,1.715,1.732,1.708,1.741,78580000,135460000,0
2020-06-18,1.733,1.767,1.733,1.771,70620000,124270000,0
2020-06-19,1.769,1.766,1.760,1.798,95030000,168110000,0
2020-06-22,1.765,1.762,1.756,1.773,76790000,135670000,0
2020-06-23,1.772,1.818,1.769,1.828,133570000,241490000,0
2020-06-24,1.835,1.869,1.832,1.882,134170000,250020000,0
2020-06-29,1.829,1.831,1.812,1.859,115570000,211630000,0
2020-06-30,1.846,1.845,1.834,1.855,86890000,160310000,0
2020-07-01,1.846,1.831,1.830,1.848,84940000,156020000,0
2020-07-02,1.836,1.849,1.836,1.854,73020000,134750000,0
2020-07-03,1.863,1.875,1.841,1.880,113810000,211670000,0
2020-07-06,1.880,1.901,1.880,1.914,109100000,207450000,0
2020-07-07,1.923,1.927,1.923,1.974,85700000,166000000,0
2020-07-08,1.916,1.953,1.900,1.957,130710000,251470000,0
2020-07-09,2.006,2.014,1.993,2.036,147730000,297850000,0
2020-07-10,2.014,2.023,1.992,2.058,126810000,257270000,0
2020-07-13,2.021,2.037,2.001,2.040,122450000,247890000,0
2020-07-14,2.000,1.976,1.955,2.007,146040000,289410000,0
2020-07-15,1.987,1.936,1.916,1.995,169430000,329110000,0
2020-07-16,1.930,1.851,1.849,1.940,175840000,330840000,0
2020-07-17,1.865,1.899,1.859,1.904,108680000,204980000,0
2020-07-20,1.911,1.893,1.874,1.930,128400000,243140000,0
2020-07-21,1.950,2.009,1.948,2.014,174560000,346690000,0
2020-07-22,1.988,2.006,1.976,2.017,106550000,213350000,0
2020-07-23,1.978,1.978,1.963,1.999,111050000,219340000,0
2020-07-24,1.959,1.880,1.878,1.961,124390000,238650000,0
2020-07-27,1.901,1.877,1.860,1.905,105500000,198890000,0
2020-07-28,1.918,1.927,1.907,1.938,89890000,172940000,0
2020-07-29,1.917,1.947,1.916,1.950,78100000,150880000,0
2020-07-30,1.962,1.938,1.937,1.982,78400000,153800000,0
2020-07-31,1.953,1.955,1.945,1.974,72020000,141210000,0
2020-08-03,1.958,1.963,1.939,1.964,169230000,329770000,0
2020-08-04,1.993,2.007,1.976,2.016,204440000,406670000,0
2020-08-05,2.016,2.023,2.004,2.027,92740000,187120000,0
2020-08-06,2.032,2.019,2.003,2.054,85600000,173130000,0
2020-08-07,2.025,1.959,1.912,2.027,172940000,339180000,0
2020-08-10,1.915,1.922,1.890,1.931,165180000,316080000,0
2020-08-11,1.933,1.915,1.909,1.958,84160000,163270000,0
2020-08-12,1.912,1.917,1.868,1.922,100590000,190330000,0
2020-08-13,1.954,1.931,1.927,1.959,74230000,144130000,0
2020-08-14,1.910,1.937,1.906,1.938,59220000,114280000,0
2020-08-17,1.931,1.932,1.906,1.944,92910000,178860000,0
2020-08-18,1.950,1.951,1.938,1.953,67090000,130620000,0
2020-08-19,1.959,1.955,1.954,1.976,52730000,103550000,0
2020-08-20,1.955,1.950,1.940,1.958,42690000,83220000,0
2020-08-21,1.972,1.993,1.970,2.001,53010000,105210000,0
2020-08-24,2.021,2.062,2.021,2.063,73380000,149420000,0
2020-08-25,2.080,2.086,2.061,2.115,102960000,214940000,0
2020-08-26,2.121,2.145,2.114,2.146,119400000,254560000,0
2020-08-27,2.161,2.161,2.131,2.162,91090000,195600000,0
2020-08-28,2.128,2.141,2.116,2.143,107380000,228740000,0
2020-08-31,2.151,2.130,2.129,2.165,108130000,232150000,0
2020-09-01,2.090,2.105,2.080,2.117,87650000,184370000,0
2020-09-02,2.158,2.158,2.122,2.161,142610000,305230000,0
2020-09-03,2.149,2.111,2.105,2.149,110030000,234000000,0
2020-09-04,2.025,2.043,2.016,2.047,158850000,323140000,0
2020-09-07,2.037,1.977,1.974,2.047,142470000,286180000,0
2020-09-08,1.999,1.982,1.941,2.007,137280000,271220000,0
2020-09-09,1.925,1.928,1.916,1.958,122510000,237360000,0
2020-09-10,1.961,1.962,1.955,1.978,118740000,233310000,0
2020-09-11,1.945,1.967,1.936,1.970,95510000,186600000,0
2020-09-14,1.981,2.004,1.971,2.005,85930000,170820000,0
2020-09-15,2.005,2.014,1.993,2.015,99330000,198880000,0
2020-09-16,2.028,2.016,2.000,2.029,79830000,160820000,0
2020-09-17,2.003,1.970,1.968,2.009,88070000,174720000,0
2020-09-18,1.966,1.982,1.952,1.993,103850000,204610000,0
2020-09-21,1.972,1.952,1.951,1.975,63350000,124400000,0
2020-09-22,1.952,1.948,1.945,1.973,85790000,168290000,0
2020-09-23,1.956,1.950,1.941,1.963,82990000,162140000,0
2020-09-24,1.940,1.921,1.916,1.945,61830000,119170000,0
2020-09-25,1.932,1.903,1.897,1.940,59670000,114370000,0
2020-09-28,1.920,1.929,1.912,1.935,61250000,117990000,0
2020-09-29,1.953,1.958,1.950,1.967,59060000,115700000,0
2020-09-30,1.961,1.967,1.956,1.983,50510000,99390000,0
2020-10-09,2.058,2.043,2.041,2.069,97740000,200900000,0
2020-10-12,2.068,2.094,2.060,2.095,60100000,125320000,0
2020-10-13,2.105,2.112,2.100,2.118,58440000,123290000,0
2020-10-14,2.131,2.126,2.117,2.136,89960000,191260000,0
2020-10-15,2.110,2.070,2.066,2.115,83140000,173210000,0
2020-10-16,2.082,2.078,2.074,2.096,47860000,99870000,0
2020-10-19,2.097,2.097,2.090,2.108,36090000,75810000,0
2020-10-20,2.089,2.092,2.076,2.095,36160000,75540000,0
2020-10-21,2.106,2.112,2.106,2.133,39490000,83620000,0
2020-10-22,2.098,2.100,2.079,2.104,41250000,86370000,0
2020-10-23,2.093,2.078,2.073,2.095,38350000,80090000,0
2020-10-26,2.089,2.080,2.044,2.089,48080000,99410000,0
2020-10-27,2.075,2.125,2.072,2.127,66440000,140230000,0
2020-10-28,2.146,2.199,2.146,2.205,100690000,220180000,0
2020-10-29,2.152,2.206,2.148,2.234,126290000,275550000,0
2020-10-30,2.199,2.144,2.132,2.206,121840000,264740000,0
2020-11-02,2.158,2.152,2.123,2.164,127620000,274330000,0
2020-11-03,2.164,2.174,2.156,2.180,120490000,261750000,0
2020-11-04,2.120,2.157,2.085,2.172,163310000,349640000,0
2020-11-05,2.239,2.233,2.200,2.253,170840000,380420000,0
2020-11-06,2.245,2.201,2.195,2.245,83320000,184400000,0
2020-11-09,2.244,2.270,2.235,2.299,112080000,254340000,0
2020-11-10,2.220,2.190,2.177,2.220,148400000,325820000,0
2020-11-11,2.110,2.076,2.056,2.138,273190000,571550000,0
2020-11-12,2.108,2.093,2.091,2.109,121050000,254160000,0
2020-11-13,2.114,2.130,2.088,2.135,167880000,355110000,0
2020-11-16,2.149,2.123,2.111,2.149,118660000,252090000,0
2020-11-17,2.112,2.089,2.080,2.119,104330000,219180000,0
2020-11-18,2.084,2.080,2.079,2.098,66430000,138520000,0
2020-11-19,2.070,2.076,2.050,2.079,78110000,161410000,0
2020-11-20,2.081,2.095,2.071,2.102,138700000,289190000,0
2020-11-23,2.111,2.141,2.110,2.145,133170000,283260000,0
2020-11-24,2.145,2.132,2.123,2.149,115030000,245430000,0
2020-11-25,2.160,2.124,2.112,2.167,162040000,345830000,0
2020-11-26,2.120,2.137,2.112,2.141,114220000,242750000,0
2020-11-27,2.135,2.158,2.131,2.161,78960000,169520000,0
2020-11-30,2.142,2.116,2.110,2.150,100950000,214430000,0
2020-12-01,2.092,2.108,2.080,2.111,70640000,148390000,0
2020-12-02,2.108,2.072,2.062,2.109,133820000,277850000,0
2020-12-03,2.074,2.082,2.066,2.084,78110000,162340000,0
2020-12-04,2.088,2.106,2.085,2.113,87850000,184710000,0
2020-12-07,2.100,2.085,2.069,2.103,107750000,224150000,0
2020-12-08,2.086,2.091,2.075,2.098,66910000,139690000,0
2020-12-09,2.104,2.094,2.093,2.119,85710000,180670000,0
2020-12-10,2.076,2.076,2.072,2.084,66900000,138980000,0
2020-12-11,2.100,2.095,2.088,2.104,73000000,153050000,0
2020-12-14,2.080,2.056,2.054,2.086,85550000,176610000,0
2020-12-15,2.049,2.035,2.023,2.054,113940000,231770000,0
2020-12-16,2.041,2.063,2.029,2.066,124310000,254870000,0
2020-12-17,2.080,2.090,2.075,2.096,76230000,159070000,0
2020-12-18,2.099,2.083,2.081,2.100,66130000,137980000,0
2020-12-21,2.075,2.070,2.068,2.089,154750000,321680000,0
2020-12-22,2.079,2.060,2.056,2.084,79350000,164450000,0
2020-12-23,2.056,2.094,2.044,2.094,134110000,277330000,0
2020-12-24,2.063,2.014,2.002,2.063,226120000,458010000,0
2020-12-25,1.984,1.996,1.966,2.000,147180000,292110000,0
2020-12-28,1.996,1.969,1.960,2.005,133170000,263620000,0
2020-12-29,1.970,1.974,1.950,1.984,152430000,300510000,0
2020-12-30,2.005,2.053,2.002,2.053,152440000,310830000,0
2020-12-31,2.084,2.095,2.075,2.097,120250000,250980000,0
2021-01-04,2.074,2.086,2.058,2.120,154810000,325230000,0
2021-01-05,2.070,2.066,2.041,2.070,152560000,313380000,0
2021-01-06,2.112,2.126,2.108,2.129,135860000,287880000,0
2021-01-07,2.081,2.085,2.072,2.103,147110000,306160000,0
2021-01-08,2.083,2.078,2.066,2.086,130060000,270070000,0
2021-01-11,2.112,2.099,2.094,2.123,144280000,304360000,0
2021-01-12,2.080,2.095,2.077,2.097,102650000,214290000,0
2021-01-13,2.090,2.096,2.086,2.109,105350000,221110000,0
2021-01-14,2.123,2.158,2.111,2.162,155950000,333480000,0
2021-01-15,2.171,2.185,2.155,2.215,150510000,328840000,0
2021-01-18,2.173,2.242,2.164,2.243,167160000,370720000,0
2021-01-19,2.281,2.250,2.212,2.351,346320000,799300000,0
2021-01-20,2.297,2.354,2.252,2.363,360570000,831950000,0
2021-01-21,2.370,2.336,2.317,2.408,342560000,809040000,0
2021-01-22,2.338,2.358,2.330,2.367,257690000,605810000,0
2021-01-25,2.380,2.482,2.375,2.494,299790000,737000000,0
2021-01-26,2.477,2.430,2.418,2.496,276640000,677430000,0
2021-01-27,2.441,2.417,2.350,2.459,301490000,724920000,0
2021-01-28,2.344,2.317,2.315,2.382,336890000,789810000,0
2021-01-29,2.352,2.329,2.294,2.380,376750000,880830000,0
2021-02-01,2.336,2.373,2.319,2.384,275810000,650010000,0
2021-02-02,2.411,2.430,2.411,2.456,254580000,620380000,0
2021-02-03,2.430,2.427,2.399,2.455,185960000,452240000,0
2021-02-04,2.437,2.458,2.406,2.479,342240000,836400000,0
2021-02-05,2.491,2.465,2.462,2.514,247730000,615630000,0
2021-02-08,2.499,2.474,2.463,2.505,191170000,474000000,0
2021-02-09,2.470,2.459,2.446,2.473,182960000,449750000,0
2021-02-10,2.499,2.570,2.491,2.580,273830000,694190000,0
2021-02-18,2.618,2.565,2.552,2.650,235190000,611510000,0
2021-02-19,2.545,2.535,2.496,2.547,180080000,453980000,0
2021-02-22,2.570,2.493,2.482,2.577,238500000,601590000,0
2021-02-23,2.435,2.456,2.427,2.480,235630000,579160000,0
2021-02-24,2.454,2.354,2.327,2.474,382720000,910430000,0
2021-02-25,2.385,2.401,2.352,2.425,317010000,757100000,0
2021-02-26,2.280,2.272,2.271,2.310,384920000,879530000,0
2021-03-01,2.310,2.310,2.291,2.316,180840000,416590000,0
2021-03-02,2.357,2.338,2.313,2.390,253250000,595590000,0
2021-03-03,2.319,2.357,2.306,2.361,139170000,325150000,0
2021-03-04,2.309,2.257,2.253,2.314,247190000,563360000,0
2021-03-05,2.185,2.221,2.158,2.240,358670000,787790000,0
2021-03-08,2.238,2.124,2.119,2.238,328620000,711260000,0
2021-03-09,2.090,2.075,2.018,2.154,531990000,1110660000,0
2021-03-10,2.171,2.155,2.153,2.199,353160000,767300000,0
2021-03-11,2.151,2.205,2.150,2.222,375410000,825050000,0
2021-03-12,2.252,2.217,2.215,2.259,257000000,574460000,0
2021-03-15,2.193,2.123,2.111,2.198,289730000,623560000,0
2021-03-16,2.148,2.152,2.144,2.174,193820000,417810000,0
2021-03-17,2.141,2.155,2.136,2.178,186750000,402970000,0
2021-03-18,2.184,2.229,2.183,2.234,233480000,516660000,0
2021-03-19,2.180,2.146,2.143,2.196,306500000,663250000,0
2021-03-22,2.154,2.165,2.153,2.189,178330000,387030000,0
2021-03-23,2.178,2.129,2.125,2.180,207770000,445700000,0
2021-03-24,2.131,2.087,2.084,2.152,206410000,434830000,0
2021-03-25,2.014,2.023,1.987,2.033,437320000,880930000,0
2021-03-26,2.015,2.044,2.007,2.061,358420000,728260000,0
2021-03-29,2.038,1.990,1.980,2.038,378930000,758730000,0
2021-03-30,2.017,2.018,1.996,2.044,325080000,658860000,0
2021-03-31,2.045,2.037,2.029,2.060,195080000,398450000,0
2021-04-01,2.062,2.106,2.061,2.110,273690000,570640000,0
2021-04-02,2.134,2.119,2.111,2.136,132140000,280210000,0
2021-04-06,2.120,2.103,2.093,2.121,136180000,286430000,0
2021-04-07,2.131,2.087,2.085,2.139,187650000,395010000,0
2021-04-08,2.055,2.079,2.045,2.084,194390000,402960000,0
2021-04-09,2.091,2.045,2.041,2.103,173720000,358050000,0
2021-04-12,2.060,2.053,2.037,2.085,254350000,523040000,0
2021-04-13,2.060,2.031,2.028,2.076,262200000,537740000,0
2021-04-14,2.054,2.063,2.047,2.070,197340000,406690000,0
2021-04-15,2.051,2.034,2.017,2.054,209850000,426040000,0
2021-04-16,2.036,2.057,2.028,2.063,251950000,515030000,0
2021-04-19,2.048,2.063,2.038,2.082,289520000,598350000,0
2021-04-20,2.042,2.035,2.032,2.048,291650000,594700000,0
2021-04-21,2.009,2.003,1.997,2.013,296620000,594170000,0
2021-04-22,2.015,2.012,1.999,2.018,271800000,545580000,0
2021-04-23,2.020,2.042,2.018,2.054,258180000,527090000,0
2021-04-26,2.061,2.064,2.060,2.090,237940000,493740000,0
2021-04-27,2.059,2.072,2.046,2.078,190090000,392890000,0
2021-04-28,2.078,2.079,2.070,2.093,219780000,457370000,0
2021-04-29,2.093,2.087,2.079,2.101,235220000,491690000,0
2021-04-30,2.060,2.034,2.028,2.062,345020000,703050000,0
2021-05-06,2.004,2.000,1.992,2.004,303370000,606130000,0
2021-05-07,2.005,1.954,1.948,2.006,465460000,916930000,0
2021-05-10,1.945,1.905,1.899,1.951,391930000,752120000,0
2021-05-11,1.863,1.882,1.822,1.886,467890000,866260000,0
2021-05-12,1.885,1.903,1.873,1.913,435560000,825260000,0
2021-05-13,1.870,1.876,1.865,1.888,283370000,532200000,0
2021-05-14,1.837,1.838,1.813,1.848,775180000,1420170000,0
2021-05-17,1.853,1.861,1.841,1.867,690430000,1282070000,0
2021-05-18,1.866,1.886,1.865,1.888,405640000,762860000,0
2021-05-19,1.890,1.898,1.890,1.902,371220000,703280000,0
2021-05-20,1.900,1.899,1.890,1.909,405340000,770120000,0
2021-05-21,1.925,1.907,1.898,1.929,383030000,731600000,0
2021-05-24,1.891,1.898,1.881,1.903,315700000,597150000,0
2021-05-25,1.900,1.942,1.897,1.943,344810000,663550000,0
2021-05-26,1.950,1.972,1.949,1.982,359900000,709320000,0
2021-05-27,1.967,1.962,1.951,1.971,292330000,573450000,0
2021-05-28,1.960,1.938,1.935,1.969,254070000,496670000,0
2021-05-31,1.948,1.971,1.935,1.982,351280000,688240000,0
2021-06-01,1.980,2.040,1.980,2.051,573190000,1157920000,0
2021-06-02,2.046,2.030,2.015,2.066,513970000,1049550000,0
2021-06-03,2.018,1.966,1.964,2.018,664510000,1316060000,0
2021-06-04,1.921,1.919,1.913,1.935,803480000,1544110000,0
2021-06-07,1.931,1.905,1.902,1.931,438130000,836920000,0
2021-06-08,1.901,1.884,1.880,1.905,448250000,847020000,0
2021-06-09,1.883,1.877,1.876,1.892,432090000,813650000,0
2021-06-10,1.880,1.874,1.873,1.899,598580000,1129250000,0
2021-06-11,1.887,1.876,1.875,1.889,363160000,683180000,0
2021-06-15,1.894,1.875,1.864,1.895,309100000,579310000,0
2021-06-16,1.862,1.852,1.849,1.866,347260000,644840000,0
2021-06-17,1.847,1.847,1.839,1.855,364260000,672580000,0
2021-06-18,1.862,1.884,1.861,1.884,321950000,604400000,0
2021-06-21,1.871,1.860,1.852,1.872,300010000,558210000,0
2021-06-22,1.863,1.837,1.835,1.865,435280000,802580000,0
2021-06-23,1.847,1.867,1.840,1.868,297650000,551730000,0
2021-06-24,1.876,1.888,1.874,1.896,318790000,600760000,0
2021-06-25,1.908,1.937,1.902,1.938,502450000,965910000,0
2021-06-28,1.959,1.942,1.935,1.964,421890000,823460000,0
2021-06-29,1.945,1.919,1.918,1.953,379270000,733160000,0
2021-06-30,1.949,1.932,1.927,1.954,328770000,636930000,0
2021-07-01,1.922,1.921,1.915,1.929,195160000,375250000,0
2021-07-02,1.909,1.865,1.863,1.910,530670000,996230000,0
2021-07-05,1.847,1.815,1.810,1.848,684060000,1248280000,0
2021-07-06,1.815,1.819,1.796,1.822,873300000,1576740000,0
2021-07-07,1.790,1.780,1.779,1.799,1199000000,2144900000,0
2021-07-08,1.770,1.724,1.716,1.770,1357500000,2352500000,0
2021-07-09,1.703,1.734,1.666,1.744,1633670000,2800000000,0
2021-07-12,1.756,1.741,1.731,1.764,787930000,1372380000,0
2021-07-13,1.747,1.796,1.736,1.808,1090960000,1945610000,0
2021-07-14,1.803,1.797,1.793,1.810,584500000,1052530000,0
2021-07-15,1.803,1.818,1.797,1.828,628580000,1143780000,0
2021-07-16,1.816,1.806,1.799,1.824,556460000,1007370000,0
2021-07-19,1.785,1.766,1.752,1.786,707530000,1247980000,0
2021-07-20,1.756,1.752,1.747,1.778,668280000,1175620000,0
2021-07-21,1.761,1.757,1.746,1.776,554770000,976010000,0
2021-07-22,1.770,1.787,1.770,1.798,553140000,986940000,0
2021-07-23,1.789,1.760,1.758,1.789,442760000,783650000,0
2021-07-26,1.679,1.645,1.642,1.698,1303540000,2182820000,0
2021-07-27,1.600,1.547,1.546,1.620,1426950000,2257610000,0
2021-07-28,1.545,1.552,1.506,1.578,1314100000,2024110000,0
2021-07-29,1.615,1.641,1.606,1.651,1193420000,1943820000,0
2021-07-30,1.610,1.592,1.583,1.630,976960000,1562350000,0
2021-08-02,1.590,1.613,1.570,1.615,879670000,1401180000,0
2021-08-03,1.613,1.604,1.571,1.614,1060080000,1685960000,0
2021-08-04,1.583,1.606,1.573,1.634,931640000,1500730000,0
2021-08-05,1.608,1.578,1.577,1.628,720490000,1156790000,0
2021-08-06,1.588,1.586,1.580,1.597,495230000,787150000,0
2021-08-09,1.556,1.586,1.551,1.604,678980000,1074310000,0
2021-08-10,1.607,1.629,1.606,1.639,615330000,995950000,0
2021-08-11,1.628,1.616,1.615,1.635,527010000,856180000,0
2021-08-12,1.607,1.601,1.597,1.617,554970000,891480000,0
2021-08-13,1.587,1.566,1.565,1.589,654360000,1031630000,0
2021-08-16,1.553,1.543,1.540,1.564,494900000,768680000,0
2021-08-17,1.533,1.507,1.500,1.535,629190000,956410000,0
2021-08-18,1.507,1.515,1.503,1.524,617290000,935010000,0
2021-08-19,1.520,1.480,1.479,1.529,729180000,1095200000,0
2021-08-20,1.460,1.462,1.435,1.469,991580000,1438760000,0
2021-08-23,1.468,1.474,1.468,1.503,632620000,939790000,0
2021-08-24,1.499,1.528,1.499,1.531,758450000,1151440000,0
2021-08-25,1.580,1.555,1.551,1.597,829190000,1308600000,0
2021-08-26,1.550,1.526,1.525,1.564,508340000,785810000,0
2021-08-27,1.516,1.512,1.511,1.560,473940000,728720000,0
2021-08-30,1.516,1.496,1.493,1.525,551770000,831260000,0
2021-08-31,1.498,1.524,1.467,1.527,701460000,1046270000,0
2021-09-01,1.531,1.516,1.493,1.537,972610000,1475510000,0
2021-09-02,1.550,1.553,1.541,1.577,858900000,1340250000,0
2021-09-03,1.548,1.532,1.521,1.548,642990000,983330000,0
2021-09-06,1.529,1.553,1.524,1.557,549940000,851190000,0
2021-09-07,1.560,1.579,1.553,1.595,728640000,1152950000,0
2021-09-08,1.589,1.584,1.579,1.603,882030000,1404200000,0
2021-09-09,1.549,1.515,1.512,1.549,1205550000,1844280000,0
2021-09-10,1.526,1.521,1.518,1.536,710670000,1085050000,0
2021-09-13,1.500,1.480,1.478,1.500,899800000,1338550000,0
2021-09-14,1.482,1.468,1.466,1.494,968850000,1436540000,0
2021-09-15,1.450,1.447,1.442,1.465,823300000,1194050000,0
2021-09-16,1.447,1.415,1.411,1.447,1220450000,1743290000,0
2021-09-17,1.412,1.438,1.411,1.445,1150790000,1649270000,0
2021-09-22,1.405,1.416,1.401,1.419,431070000,608450000,0
2021-09-23,1.435,1.417,1.414,1.440,868810000,1239270000,0
2021-09-24,1.417,1.406,1.405,1.432,1020870000,1447820000,0
2021-09-27,1.409,1.393,1.390,1.423,1446910000,2036820000,0
2021-09-28,1.412,1.427,1.407,1.441,1288040000,1835840000,0
2021-09-29,1.402,1.400,1.383,1.404,1620490000,2254030000,0
2021-09-30,1.385,1.382,1.372,1.386,1641870000,2264420000,0
2021-10-08,1.452,1.444,1.433,1.455,1296170000,1870850000,0
2021-10-11,1.468,1.506,1.468,1.520,1467420000,2205670000,0
2021-10-12,1.483,1.492,1.477,1.520,1369690000,2058960000,0
2021-10-13,1.491,1.512,1.485,1.518,705550000,1060460000,0
2021-10-14,1.529,1.528,1.518,1.540,556400000,852150000,0
2021-10-15,1.523,1.509,1.500,1.524,1109160000,1672380000,0
2021-10-18,1.515,1.501,1.484,1.534,1044690000,1561920000,0
2021-10-19,1.509,1.522,1.508,1.533,769930000,1171570000,0
2021-10-20,1.560,1.569,1.560,1.592,1163530000,1830970000,0
2021-10-21,1.565,1.556,1.550,1.581,1076520000,1686190000,0
2021-10-22,1.563,1.573,1.556,1.578,895280000,1403940000,0
2021-10-25,1.565,1.571,1.558,1.577,985210000,1545610000,0
2021-10-26,1.568,1.539,1.535,1.568,1051200000,1630060000,0
2021-10-27,1.500,1.496,1.491,1.509,1284380000,1923920000,0
2021-10-28,1.495,1.495,1.491,1.523,873990000,1316060000,0
2021-10-29,1.495,1.483,1.482,1.498,962650000,1432980000,0
2021-11-01,1.462,1.458,1.454,1.469,1100990000,1607150000,0
2021-11-02,1.496,1.466,1.465,1.503,1025820000,1523570000,0
2021-11-03,1.451,1.468,1.450,1.469,1054400000,1537140000,0
2021-11-04,1.484,1.484,1.480,1.495,845380000,1257840000,0
2021-11-05,1.470,1.463,1.460,1.475,901070000,1321920000,0
2021-11-08,1.454,1.443,1.439,1.454,789940000,1142030000,0
2021-11-09,1.456,1.444,1.441,1.460,719940000,1042760000,0
2021-11-10,1.442,1.458,1.440,1.463,830580000,1203690000,0
2021-11-11,1.459,1.490,1.458,1.491,1245520000,1830800000,0
2021-11-12,1.515,1.500,1.497,1.521,1128210000,1702030000,0
2021-11-15,1.516,1.503,1.502,1.519,787660000,1188390000,0
2021-11-16,1.505,1.528,1.504,1.536,1199610000,1822650000,0
2021-11-17,1.531,1.523,1.518,1.533,788430000,1201260000,0
2021-11-18,1.489,1.479,1.475,1.495,1383170000,2051850000,0
2021-11-19,1.439,1.452,1.433,1.455,1802220000,2604480000,0
2021-11-22,1.451,1.447,1.446,1.460,1008990000,1464860000,0
2021-11-23,1.432,1.434,1.430,1.438,842170000,1208750000,0
2021-11-24,1.432,1.440,1.428,1.444,1099070000,1576860000,0
2021-11-25,1.440,1.441,1.435,1.448,782490000,1128790000,0
2021-11-26,1.434,1.417,1.416,1.435,1058480000,1507130000,0
2021-11-29,1.400,1.399,1.397,1.416,1137480000,1596670000,0
2021-11-30,1.399,1.387,1.381,1.403,936750000,1302400000,0
2021-12-01,1.380,1.391,1.380,1.393,737640000,1024520000,0
2021-12-02,1.380,1.385,1.375,1.386,777730000,1072420000,0
2021-12-03,1.377,1.372,1.371,1.377,919580000,1263030000,0
2021-12-06,1.320,1.321,1.311,1.340,1578560000,2094060000,0
2021-12-07,1.351,1.342,1.331,1.355,1203400000,1610110000,0
2021-12-08,1.352,1.341,1.340,1.354,819230000,1103290000,0
2021-12-09,1.345,1.348,1.340,1.352,950850000,1280100000,0
2021-12-10,1.341,1.341,1.339,1.349,587870000,789630000,0
2021-12-13,1.348,1.356,1.348,1.368,1040070000,1413890000,0
2021-12-14,1.345,1.333,1.333,1.348,975220000,1305870000,0
2021-12-15,1.337,1.324,1.322,1.340,659290000,878540000,0
2021-12-16,1.319,1.311,1.308,1.319,959580000,1258120000,0
2021-12-17,1.305,1.282,1.278,1.305,1161390000,1496420000,0
2021-12-20,1.281,1.249,1.245,1.281,1319040000,1658870000,0
2021-12-21,1.235,1.250,1.232,1.251,1373230000,1704260000,0
2021-12-22,1.275,1.243,1.241,1.277,1465000000,1843140000,0
2021-12-23,1.243,1.249,1.235,1.265,1284820000,1608520000,0
2021-12-24,1.256,1.244,1.240,1.260,776130000,970040000,0
2021-12-27,1.250,1.255,1.248,1.259,657210000,824120000,0
2021-12-28,1.250,1.237,1.232,1.254,1456170000,1804890000,0
2021-12-29,1.230,1.214,1.210,1.230,1535910000,1870290000,0
2021-12-30,1.207,1.204,1.197,1.218,1425190000,1720550000,0
2021-12-31,1.248,1.264,1.243,1.265,1834570000,2297820000,0
2022-01-04,1.252,1.240,1.237,1.258,1337660000,1662250000,0
2022-01-05,1.221,1.204,1.202,1.223,1505060000,1820440000,0
2022-01-06,1.201,1.209,1.195,1.215,1565170000,1883720000,0
2022-01-07,1.234,1.239,1.226,1.241,2016120000,2486280000,0
2022-01-10,1.242,1.257,1.235,1.271,1871890000,2355760000,0
2022-01-11,1.258,1.249,1.247,1.264,1858760000,2335010000,0
2022-01-12,1.285,1.323,1.283,1.326,2792200000,3640260000,0
2022-01-13,1.335,1.308,1.301,1.337,2080900000,2737360000,0
2022-01-14,1.277,1.291,1.271,1.305,2068810000,2663800000,0
2022-01-17,1.298,1.290,1.284,1.304,1268880000,1637460000,0
2022-01-18,1.293,1.277,1.271,1.306,1596920000,2059690000,0
2022-01-19,1.275,1.255,1.251,1.284,1911550000,2419330000,0
2022-01-20,1.262,1.317,1.259,1.320,3075910000,3996790000,0
2022-01-21,1.301,1.315,1.298,1.331,2460450000,3232540000,0
2022-01-24,1.293,1.287,1.285,1.296,2025310000,2610520000,0
2022-01-25,1.270,1.251,1.250,1.279,2115330000,2672360000,0
2022-01-26,1.258,1.257,1.237,1.271,2276450000,2861060000,0
2022-01-27,1.225,1.208,1.202,1.235,2709660000,3298720000,0
2022-01-28,1.209,1.213,1.196,1.215,1967890000,2373490000,0
2022-02-07,1.269,1.249,1.246,1.269,2270390000,2844970000,0
2022-02-08,1.240,1.235,1.222,1.243,1682380000,2073000000,0
2022-02-09,1.266,1.279,1.260,1.284,2506240000,3194850000,0
2022-02-10,1.297,1.286,1.275,1.301,2105950000,2708010000,0
2022-02-11,1.278,1.275,1.270,1.292,1884810000,2415480000,0
2022-02-14,1.263,1.254,1.251,1.263,1521140000,1909510000,0
2022-02-15,1.253,1.247,1.241,1.262,1961250000,2454360000,0
2022-02-16,1.267,1.260,1.258,1.273,1938840000,2453810000,0
2022-02-17,1.260,1.261,1.252,1.273,1470160000,1858450000,0
2022-02-18,1.256,1.256,1.250,1.280,1753020000,2226370000,0
2022-02-21,1.220,1.215,1.212,1.233,2924130000,3572150000,0
2022-02-22,1.199,1.182,1.181,1.206,2668820000,3183620000,0
2022-02-23,1.186,1.202,1.185,1.203,1747680000,2090260000,0
2022-02-24,1.182,1.160,1.146,1.184,2579340000,3010450000,0
2022-02-25,1.174,1.147,1.141,1.180,2460510000,2854740000,0
2022-02-28,1.149,1.145,1.128,1.152,1881510000,2142910000,0
2022-03-01,1.147,1.170,1.146,1.171,1650730000,1906070000,0
2022-03-02,1.163,1.159,1.158,1.174,1306780000,1524080000,0
2022-03-03,1.159,1.149,1.144,1.165,1413640000,1623600000,0
2022-03-04,1.116,1.106,1.105,1.118,2362880000,2630520000,0
2022-03-07,1.081,1.086,1.060,1.090,2120720000,2285440000,0
2022-03-08,1.075,1.050,1.041,1.086,2530320000,2694840000,0
2022-03-09,1.058,1.052,1.016,1.064,2599550000,2707620000,0
2022-03-10,1.084,1.055,1.054,1.086,2105230000,2251310000,0
2022-03-11,0.991,1.020,0.970,1.029,3774530000,3755160000,0
2022-03-14,0.977,0.945,0.943,0.983,3283590000,3175640000,0
2022-03-15,0.897,0.865,0.863,0.935,4890680000,4387480000,0
2022-03-16,0.897,0.952,0.867,0.952,5923150000,5387820000,0
2022-03-17,1.047,1.022,1.010,1.047,6681110000,6889690000,0
2022-03-18,0.996,1.022,0.991,1.043,4287110000,4339210000,0
2022-03-21,1.047,1.007,1.004,1.049,3098160000,3163690000,0
2022-03-22,1.005,1.034,1.004,1.039,2954890000,3017610000,0
2022-03-23,1.065,1.082,1.063,1.109,4703620000,5121260000,0
2022-03-24,1.070,1.052,1.050,1.092,3228870000,3478010000,0
2022-03-25,1.046,0.999,0.998,1.053,4374920000,4467970000,0
2022-03-28,1.010,1.023,0.997,1.046,3816440000,3916170000,0
2022-03-29,1.038,1.052,1.036,1.059,2538010000,2663970000,0
2022-03-30,1.073,1.064,1.055,1.079,2294200000,2448640000,0
2022-03-31,1.055,1.041,1.038,1.060,1563650000,1635090000,0
2022-04-01,1.010,1.031,1.001,1.032,2001090000,2035530000,0
2022-04-06,1.050,1.060,1.048,1.064,1514900000,1602990000,0
2022-04-07,1.047,1.037,1.035,1.073,1749860000,1841150000,0
2022-04-08,1.029,1.019,1.012,1.031,1581140000,1612470000,0
2022-04-11,1.015,0.981,0.980,1.016,1454390000,1450330000,0
2022-04-12,0.998,1.014,0.982,1.015,2149150000,2150810000,0
2022-04-13,0.998,1.008,0.994,1.020,1704210000,1717720000,0
2022-04-14,1.026,1.009,1.008,1.029,1417630000,1440280000,0
2022-04-15,0.998,0.994,0.992,0.998,505170000,502110000,0
2022-04-18,0.981,0.983,0.981,0.989,689280000,678010000,0
2022-04-19,0.981,0.977,0.973,0.991,1350490000,1324960000,0
2022-04-20,0.984,0.975,0.974,0.989,1378570000,1352860000,0
2022-04-21,0.955,0.938,0.932,0.961,1783410000,1687290000,0
2022-04-22,0.912,0.933,0.908,0.947,2015850000,1872570000,0
2022-04-25,0.919,0.906,0.905,0.947,2335850000,2162690000,0
2022-04-26,0.925,0.937,0.923,0.959,2450150000,2306950000,0
2022-04-27,0.929,0.954,0.926,0.962,3170250000,3011160000,0
2022-04-28,0.971,0.967,0.959,0.974,1815790000,1752110000,0
2022-04-29,0.976,1.064,0.974,1.064,3893030000,4015750000,0
2022-05-05,1.052,1.041,1.040,1.062,2121820000,2226980000,0
2022-05-06,1.000,0.994,0.988,1.011,1958470000,1959180000,0
2022-05-09,0.972,0.972,0.970,0.979,789630000,768990000,0
2022-05-10,0.945,0.972,0.939,0.999,2677590000,2590470000,0
2022-05-11,0.970,0.990,0.967,1.018,3179890000,3178790000,0
2022-05-12,0.972,0.970,0.968,0.994,2339070000,2291750000,0
2022-05-13,0.994,1.004,0.990,1.009,2167570000,2169770000,0
2022-05-16,1.030,1.004,0.999,1.034,2101750000,2127760000,0
2022-05-17,1.026,1.048,1.019,1.052,2767890000,2876540000,0
2022-05-18,1.052,1.043,1.036,1.058,2200110000,2301810000,0
2022-05-19,1.007,1.013,1.002,1.018,2096210000,2119400000,0
2022-05-20,1.038,1.035,1.030,1.041,1709250000,1769230000,0
2022-05-23,1.030,1.021,1.016,1.031,1386500000,1416240000,0
2022-05-24,1.016,0.991,0.990,1.025,1695610000,1711440000,0
2022-05-25,0.990,0.998,0.987,1.002,1506910000,1496860000,0
2022-05-26,1.003,0.994,0.986,1.004,1288860000,1282020000,0
2022-05-27,1.048,1.024,1.018,1.052,1906820000,1972900000,0
2022-05-30,1.039,1.047,1.034,1.048,1723640000,1797510000,0
2022-05-31,1.046,1.071,1.043,1.083,2105680000,2241530000,0
2022-06-01,1.072,1.067,1.063,1.088,1498970000,1608830000,0
2022-06-02,1.054,1.059,1.052,1.063,1093250000,1157160000,0
2022-06-06,1.070,1.084,1.062,1.086,1498970000,1612430000,0
2022-06-07,1.097,1.108,1.096,1.125,2036020000,2266310000,0
2022-06-08,1.133,1.169,1.133,1.170,2704430000,3128110000,0
2022-06-09,1.218,1.161,1.157,1.221,2967680000,3518520000,0
2022-06-10,1.139,1.183,1.132,1.190,2637180000,3083230000,0
2022-06-13,1.158,1.138,1.130,1.174,2468020000,2844240000,0
2022-06-14,1.110,1.126,1.092,1.132,3314390000,3679330000,0
2022-06-15,1.144,1.146,1.142,1.165,2570890000,2963700000,0
2022-06-16,1.165,1.120,1.118,1.174,2573070000,2948350000,0
2022-06-17,1.110,1.140,1.109,1.147,2495350000,2829230000,0
2022-06-20,1.138,1.142,1.124,1.151,2086270000,2366320000,0
2022-06-21,1.149,1.160,1.138,1.164,1977440000,2279010000,0
2022-06-22,1.164,1.134,1.133,1.168,1738750000,2005210000,0
2022-06-23,1.142,1.164,1.132,1.166,2225530000,2562580000,0
2022-06-24,1.174,1.196,1.171,1.201,2259680000,2679840000,0
2022-06-27,1.209,1.207,1.205,1.256,3968000000,4873300000,0
2022-06-28,1.200,1.206,1.174,1.212,3040810000,3623090000,0
2022-06-29,1.187,1.179,1.176,1.205,1810900000,2157270000,0
2022-06-30,1.183,1.167,1.164,1.197,2405140000,2840330000,0
2022-07-01,1.174,1.157,1.149,1.176,1023480000,1186240000,0
2022-07-04,1.160,1.181,1.153,1.186,1898500000,2230990000,0
2022-07-05,1.195,1.184,1.176,1.208,1845430000,2196650000,0
2022-07-06,1.188,1.163,1.153,1.193,1642890000,1928340000,0
2022-07-07,1.159,1.163,1.142,1.171,1793820000,2075640000,0
2022-07-08,1.183,1.172,1.169,1.187,1496580000,1758910000,0
2022-07-11,1.161,1.123,1.121,1.163,1977100000,2245280000,0
2022-07-12,1.111,1.106,1.100,1.120,1630210000,1807390000,0
2022-07-13,1.115,1.114,1.106,1.123,1563750000,1744300000,0
2022-07-14,1.116,1.114,1.111,1.128,1351280000,1510810000,0
2022-07-15,1.102,1.081,1.079,1.109,1725830000,1887750000,0
2022-07-18,1.085,1.109,1.075,1.110,1881370000,2060220000,0
2022-07-19,1.106,1.098,1.091,1.109,1259510000,1385470000,0
2022-07-20,1.119,1.122,1.117,1.130,1673720000,1882200000,0
2022-07-21,1.114,1.111,1.103,1.121,1491530000,1658040000,0
2022-07-22,1.122,1.111,1.108,1.128,961780000,1074120000,0
2022-07-25,1.105,1.092,1.086,1.105,1215790000,1328590000,0
2022-07-26,1.099,1.116,1.095,1.122,1324590000,1469480000,0
2022-07-27,1.106,1.096,1.094,1.108,918210000,1009630000,0
2022-07-28,1.104,1.099,1.092,1.106,1299160000,1427580000,0
2022-07-29,1.097,1.040,1.036,1.098,2551500000,2704750000,0
2022-08-01,1.023,1.037,1.021,1.045,1438970000,1488460000,0
2022-08-02,1.021,1.009,1.001,1.022,1650610000,1665260000,0
2022-08-03,1.026,1.013,1.009,1.034,1870930000,1915590000,0
2022-08-04,1.040,1.047,1.035,1.048,1439240000,1500050000,0
2022-08-05,1.056,1.048,1.039,1.058,1242020000,1298920000,0
2022-08-08,1.034,1.029,1.028,1.042,1065550000,1101760000,0
2022-08-09,1.027,1.027,1.018,1.033,1211510000,1242110000,0
2022-08-10,1.023,1.006,1.002,1.025,1220380000,1232140000,0
2022-08-11,1.019,1.035,1.015,1.036,1404850000,1436690000,0
2022-08-12,1.039,1.037,1.032,1.043,1051580000,1090820000,0
2022-08-15,1.028,1.034,1.027,1.044,1000840000,1037860000,0
2022-08-16,1.041,1.018,1.010,1.043,1266960000,1303020000,0
2022-08-17,1.025,1.027,1.013,1.032,1469640000,1505290000,0
2022-08-18,1.032,1.019,1.018,1.034,817460000,836610000,0
2022-08-19,1.017,1.022,1.015,1.035,1086780000,1115870000,0
2022-08-22,1.017,1.024,1.015,1.031,870090000,891710000,0
2022-08-23,1.027,1.027,1.024,1.032,888030000,913010000,0
2022-08-24,1.033,1.015,1.015,1.034,850370000,868780000,0
2022-08-25,1.029,1.078,1.026,1.082,1839770000,1934540000,0
2022-08-26,1.104,1.082,1.079,1.108,1956710000,2131320000,0
2022-08-29,1.066,1.090,1.056,1.098,1619600000,1764530000,0
2022-08-30,1.094,1.077,1.069,1.095,1564670000,1683940000,0
2022-08-31,1.062,1.087,1.058,1.107,2254710000,2439640000,0
2022-09-01,1.082,1.065,1.064,1.101,1888790000,2047890000,0
2022-09-02,1.071,1.063,1.053,1.077,1360700000,1448560000,0
2022-09-05,1.054,1.048,1.039,1.057,1293060000,1351730000,0
2022-09-06,1.053,1.046,1.040,1.055,1148610000,1200900000,0
2022-09-07,1.031,1.040,1.027,1.041,1134320000,1169940000,0
2022-09-08,1.044,1.028,1.027,1.046,921280000,956120000,0
2022-09-09,1.027,1.047,1.025,1.050,1454770000,1514740000,0
2022-09-13,1.054,1.047,1.046,1.057,827930000,870340000,0
2022-09-14,1.025,1.026,1.023,1.034,1077420000,1106880000,0
2022-09-15,1.029,1.026,1.024,1.033,871050000,894930000,0
2022-09-16,1.020,1.017,1.017,1.028,1001600000,1023710000,0
2022-09-19,1.012,0.995,0.995,1.015,1364190000,1366800000,0
2022-09-20,1.005,1.016,1.003,1.022,1145610000,1163390000,0
2022-09-21,1.008,0.999,0.997,1.010,996270000,998920000,0
2022-09-22,0.980,0.980,0.976,0.991,1216090000,1194590000,0
2022-09-23,0.980,0.969,0.968,0.984,1099760000,1073030000,0
2022-09-26,0.960,0.977,0.959,0.996,1857190000,1825050000,0
2022-09-27,0.983,0.990,0.971,0.992,1620710000,1589250000,0
2022-09-28,0.981,0.970,0.970,0.985,1202770000,1177640000,0
2022-09-29,0.987,0.963,0.959,0.991,1462560000,1429520000,0
2022-09-30,0.961,0.948,0.943,0.975,1630770000,1555630000,0
2022-10-10,0.951,0.940,0.940,0.960,1457500000,1385900000,0
2022-10-11,0.942,0.924,0.920,0.944,1543140000,1430590000,0
2022-10-12,0.918,0.944,0.905,0.952,2128990000,1964960000,0
2022-10-13,0.930,0.922,0.921,0.941,1497160000,1393440000,0
2022-10-14,0.936,0.942,0.931,0.958,2057130000,1944090000,0
2022-10-17,0.930,0.938,0.925,0.941,1293500000,1205320000,0
2022-10-18,0.958,0.953,0.946,0.966,1758360000,1678530000,0
2022-10-19,0.950,0.927,0.926,0.954,1287210000,1209560000,0
2022-10-20,0.906,0.917,0.904,0.934,2014450000,1846090000,0
2022-10-21,0.923,0.912,0.911,0.929,1366040000,1255240000,0
2022-10-24,0.900,0.863,0.860,0.913,2559190000,2266870000,0
2022-10-25,0.860,0.855,0.833,0.896,3947140000,3401470000,0
2022-10-26,0.855,0.854,0.853,0.882,2440830000,2121820000,0
2022-10-27,0.880,0.857,0.855,0.885,1741050000,1516330000,0
2022-10-28,0.850,0.816,0.815,0.859,2126520000,1777730000,0
2022-10-31,0.816,0.824,0.812,0.848,2565940000,2137430000,0
2022-11-01,0.835,0.871,0.832,0.887,3144810000,2691990000,0
2022-11-02,0.858,0.879,0.856,0.884,2406720000,2093680000,0
2022-11-03,0.864,0.864,0.860,0.881,1334410000,1160460000,0
2022-11-04,0.872,0.921,0.871,0.944,4005540000,3671250000,0
2022-11-07,0.914,0.927,0.910,0.949,2735230000,2549430000,0
2022-11-08,0.928,0.912,0.909,0.931,1432570000,1314130000,0
2022-11-09,0.915,0.896,0.895,0.922,1120310000,1017380000,0
2022-11-10,0.883,0.883,0.882,0.893,1232060000,1091650000,0
2022-11-11,0.942,0.924,0.919,0.947,2702620000,2510260000,0
2022-11-14,0.948,0.923,0.912,0.949,2137730000,1996800000,0
2022-11-15,0.924,0.976,0.921,0.982,3279270000,3146260000,0
2022-11-16,0.983,0.973,0.969,0.999,2073650000,2040410000,0
2022-11-17,0.973,0.979,0.951,0.980,1524880000,1470250000,0
2022-11-18,1.000,0.981,0.978,1.017,2112310000,2112160000,0
2022-11-21,0.965,0.963,0.952,0.970,1274100000,1224230000,0
2022-11-22,0.963,0.936,0.933,0.966,1438710000,1365210000,0
2022-11-23,0.940,0.956,0.936,0.959,1572290000,1488910000,0
2022-11-24,0.963,0.947,0.947,0.971,998390000,955630000,0
2022-11-25,0.951,0.940,0.935,0.951,874070000,820820000,0
2022-11-28,0.915,0.925,0.911,0.933,1288230000,1187870000,0
2022-11-29,0.943,0.974,0.941,0.978,1846000000,1776790000,0
2022-11-30,0.978,0.985,0.976,0.992,1340240000,1317160000,0
2022-12-01,1.030,1.014,1.012,1.042,1957330000,2001600000,0
2022-12-02,1.014,1.012,1.009,1.029,1121470000,1140880000,0
2022-12-05,1.049,1.068,1.036,1.074,1939570000,2041260000,0
2022-12-06,1.047,1.047,1.045,1.074,1414710000,1496560000,0
2022-12-07,1.053,1.036,1.033,1.074,1909610000,2018410000,0
2022-12-08,1.033,1.056,1.028,1.059,1629070000,1702500000,0
2022-12-09,1.068,1.080,1.055,1.086,1932710000,2070910000,0
2022-12-12,1.067,1.048,1.048,1.077,1422520000,1508140000,0
2022-12-13,1.044,1.053,1.042,1.067,1347000000,1422190000,0
2022-12-14,1.060,1.060,1.049,1.068,1132060000,1199150000,0
2022-12-15,1.056,1.033,1.033,1.058,1087850000,1129660000,0
2022-12-16,1.029,1.041,1.021,1.053,1424180000,1479230000,0
2022-12-19,1.048,1.043,1.038,1.075,1506230000,1585890000,0
2022-12-20,1.036,1.012,1.007,1.036,1136090000,1160460000,0
2022-12-21,1.019,1.010,1.010,1.024,692170000,703950000,0
2022-12-22,1.036,1.058,1.031,1.060,1308200000,1372780000,0
2022-12-23,1.041,1.050,1.041,1.061,795990000,836570000,0
2022-12-26,1.042,1.031,1.031,1.044,403270000,417250000,0
2022-12-27,1.044,1.050,1.037,1.050,355080000,370480000,0
2022-12-28,1.052,1.052,1.051,1.069,1002690000,1062120000,0
2022-12-29,1.036,1.040,1.032,1.047,802130000,833870000,0
2022-12-30,1.058,1.041,1.040,1.065,930660000,978930000,0
2023-01-03,1.031,1.052,1.017,1.057,1388020000,1438060000,0
2023-01-04,1.068,1.103,1.062,1.104,1899200000,2065650000,0
2023-01-05,1.146,1.128,1.125,1.163,2105140000,2401230000,0
2023-01-06,1.140,1.125,1.119,1.148,1504740000,1707820000,0
2023-01-09,1.146,1.157,1.135,1.160,1560590000,1796780000,0
2023-01-10,1.151,1.147,1.131,1.151,1156960000,1321760000,0
2023-01-11,1.159,1.158,1.153,1.180,1503660000,1757680000,0
2023-01-12,1.161,1.126,1.123,1.166,1676220000,1915730000,0
2023-01-13,1.138,1.146,1.124,1.146,1368820000,1551880000,0
2023-01-16,1.158,1.136,1.131,1.163,1499830000,1720230000,0
2023-01-17,1.143,1.142,1.137,1.159,1143080000,1310390000,0
2023-01-18,1.138,1.148,1.133,1.154,989860000,1135120000,0
2023-01-19,1.130,1.140,1.126,1.147,1101070000,1252040000,0
2023-01-20,1.156,1.176,1.154,1.183,1356690000,1586050000,0
2023-01-30,1.202,1.161,1.154,1.206,2248180000,2650720000,0
2023-01-31,1.159,1.127,1.125,1.171,1776550000,2033790000,0
2023-02-01,1.143,1.163,1.132,1.168,1903770000,2184300000,0
2023-02-02,1.178,1.170,1.165,1.182,1311740000,1540410000,0
2023-02-03,1.156,1.147,1.132,1.157,1778970000,2030780000,0
2023-02-06,1.125,1.110,1.106,1.126,2094110000,2331470000,0
2023-02-07,1.119,1.128,1.116,1.141,1583130000,1788950000,0
2023-02-08,1.130,1.114,1.106,1.132,1507810000,1683750000,0
2023-02-09,1.107,1.144,1.106,1.145,1568460000,1768280000,0
2023-02-10,1.136,1.110,1.108,1.142,1628240000,1823180000,0
2023-02-13,1.097,1.111,1.087,1.120,1763550000,1950130000,0
2023-02-14,1.119,1.107,1.106,1.120,875170000,971800000,0
2023-02-15,1.109,1.096,1.086,1.111,1587730000,1739130000,0
2023-02-16,1.106,1.115,1.103,1.137,2508380000,2817190000,0
2023-02-17,1.116,1.096,1.095,1.126,1419780000,1574540000,0
2023-02-20,1.092,1.104,1.081,1.106,1750570000,1913280000,0
2023-02-21,1.096,1.069,1.062,1.098,2310720000,2490670000,0
2023-02-22,1.057,1.053,1.046,1.067,1943390000,2051440000,0
2023-02-23,1.053,1.059,1.049,1.071,2059870000,2184880000,0
2023-02-24,1.055,1.041,1.040,1.055,1358670000,1423250000,0
2023-02-27,1.031,1.034,1.028,1.054,2091120000,2180900000,0
2023-02-28,1.045,1.034,1.026,1.052,1858820000,1933150000,0
2023-03-01,1.036,1.079,1.033,1.080,2801240000,2968560000,0
2023-03-02,1.065,1.061,1.058,1.072,1568910000,1668040000,0
2023-03-03,1.079,1.079,1.067,1.085,1593960000,1716380000,0
2023-03-06,1.073,1.076,1.066,1.083,1306880000,1404100000,0
2023-03-07,1.075,1.061,1.057,1.096,2091310000,2254610000,0
2023-03-08,1.050,1.044,1.040,1.054,1286370000,1345370000,0
2023-03-09,1.047,1.040,1.038,1.050,1097680000,1146040000,0
2023-03-10,1.018,0.997,0.995,1.020,2175340000,2192110000,0
2023-03-13,1.000,1.014,1.000,1.027,2051880000,2083230000,0
2023-03-14,1.009,1.002,0.995,1.018,1514590000,1524330000,0
2023-03-15,1.020,1.009,1.009,1.030,1399620000,1428000000,0
2023-03-16,1.000,1.000,0.998,1.018,1485110000,1494280000,0
2023-03-17,1.019,1.019,1.014,1.028,1373950000,1402230000,0
2023-03-20,1.017,1.004,1.002,1.021,996230000,1005550000,0
2023-03-21,1.009,1.014,1.003,1.014,1021290000,1030400000,0
2023-03-22,1.024,1.026,1.024,1.036,1077040000,1109440000,0
2023-03-23,1.021,1.055,1.021,1.056,1737100000,1808330000,0
2023-03-24,1.059,1.059,1.056,1.081,1515130000,1616130000,0
2023-03-27,1.060,1.052,1.040,1.062,1525290000,1602370000,0
2023-03-28,1.050,1.054,1.044,1.062,1296070000,1363470000,0
2023-03-29,1.100,1.087,1.085,1.105,2032930000,2221570000,0
2023-03-30,1.096,1.093,1.082,1.100,1031100000,1125800000,0
2023-03-31,1.110,1.112,1.106,1.120,1259850000,1403690000,0
2023-04-03,1.112,1.104,1.101,1.113,1094100000,1209640000,0
2023-04-04,1.095,1.087,1.077,1.096,1180460000,1279640000,0
2023-04-06,1.073,1.084,1.070,1.088,1293860000,1397880000,0
2023-04-07,1.095,1.105,1.092,1.105,557430000,611920000,0
2023-04-10,1.104,1.099,1.098,1.108,354750000,390520000,0
2023-04-11,1.100,1.085,1.083,1.109,994400000,1088260000,0
2023-04-12,1.085,1.066,1.065,1.085,1096310000,1174050000,0
2023-04-13,1.049,1.051,1.037,1.057,1467760000,1537510000,0
2023-04-14,1.062,1.056,1.051,1.068,881250000,933110000,0
2023-04-17,1.050,1.073,1.048,1.076,1402290000,1493170000,0
2023-04-18,1.073,1.065,1.064,1.074,711350000,759760000,0
2023-04-19,1.066,1.057,1.056,1.067,653260000,693370000,0
2023-04-20,1.055,1.056,1.053,1.065,675270000,715170000,0
2023-04-21,1.048,1.030,1.029,1.051,910450000,947800000,0
2023-04-24,1.032,1.015,1.013,1.039,1000320000,1026510000,0
2023-04-25,1.015,1.002,0.991,1.016,1316390000,1318690000,0
2023-04-26,0.999,1.014,0.996,1.025,1428380000,1445860000,0
2023-04-27,1.008,1.006,1.002,1.012,922370000,927800000,0
2023-04-28,1.014,1.015,1.008,1.026,840960000,855810000,0
2023-05-04,1.004,1.004,1.000,1.011,947530000,951660000,0
2023-05-05,1.010,1.015,1.008,1.021,966720000,981130000,0
2023-05-08,1.015,1.012,1.007,1.022,775940000,786570000,0
2023-05-09,1.010,0.997,0.997,1.011,757940000,760540000,0
2023-05-10,0.996,0.999,0.990,1.000,872630000,867960000,0
2023-05-11,1.003,0.994,0.993,1.009,680400000,680900000,0
2023-05-12,1.010,1.009,1.006,1.017,883660000,894680000,0
2023-05-15,1.004,1.028,1.002,1.033,1365250000,1391750000,0
2023-05-16,1.039,1.028,1.026,1.041,595240000,615400000,0
2023-05-17,1.031,1.030,1.026,1.041,640370000,661740000,0
2023-05-18,1.028,1.027,1.023,1.035,731770000,752940000,0
2023-05-19,1.011,1.009,1.005,1.014,806290000,813560000,0
2023-05-22,1.010,1.026,1.006,1.030,1319780000,1342490000,0
2023-05-23,1.025,1.012,1.011,1.032,520180000,531900000,0
2023-05-24,1.008,1.003,1.002,1.011,736150000,740540000,0
2023-05-25,1.003,0.991,0.983,1.003,923270000,916360000,0
2023-05-26,0.986,0.991,0.983,0.992,372220000,367780000,0
2023-05-29,1.005,0.987,0.984,1.007,823980000,819240000,0
2023-05-30,0.985,0.995,0.981,0.996,852620000,843150000,0
2023-05-31,0.984,0.970,0.967,0.986,990960000,967010000,0
2023-06-01,0.975,0.980,0.974,0.996,1495900000,1477040000,0
2023-06-02,0.999,1.012,0.999,1.015,1204180000,1211730000,0
2023-06-05,1.012,1.017,1.007,1.021,1006400000,1022020000,0
2023-06-06,1.019,1.007,1.006,1.027,928420000,945710000,0
2023-06-07,1.029,1.019,1.015,1.031,956840000,979810000,0
2023-06-08,1.015,1.016,1.006,1.020,702680000,711610000,0
2023-06-09,1.024,1.026,1.015,1.027,752220000,769370000,0
2023-06-12,1.028,1.027,1.019,1.029,546940000,560390000,0
2023-06-13,1.023,1.045,1.023,1.048,872960000,906860000,0
2023-06-14,1.048,1.036,1.035,1.058,870210000,911990000,0
2023-06-15,1.055,1.059,1.051,1.061,1017560000,1075320000,0
2023-06-16,1.068,1.076,1.067,1.086,1085930000,1167380000,0
2023-06-19,1.070,1.054,1.050,1.071,808460000,854520000,0
2023-06-20,1.058,1.046,1.043,1.067,756880000,795900000,0
2023-06-21,1.028,1.019,1.019,1.030,1019600000,1044860000,0
2023-06-26,1.008,1.006,1.005,1.018,809690000,817140000,0
2023-06-27,1.008,1.020,1.008,1.023,731270000,744320000,0
2023-06-28,1.020,1.016,1.008,1.022,744830000,754830000,0
2023-06-29,1.013,1.003,1.002,1.014,646330000,650170000,0
2023-06-30,1.000,0.999,0.997,1.003,931650000,931460000,0
2023-07-03,1.003,1.020,1.003,1.020,929050000,941690000,0
2023-07-04,1.018,1.023,1.013,1.030,775420000,793080000,0
2023-07-05,1.023,1.012,1.011,1.027,468380000,476280000,0
2023-07-06,1.009,1.001,0.997,1.019,945520000,951570000,0
2023-07-07,0.997,1.005,0.991,1.015,1190850000,1193330000,0
2023-07-10,1.027,1.013,1.010,1.028,871080000,887640000,0
2023-07-11,1.025,1.022,1.018,1.026,737180000,753490000,0
2023-07-12,1.028,1.028,1.024,1.038,907950000,937280000,0
2023-07-13,1.051,1.057,1.048,1.059,1315160000,1387680000,0
2023-07-14,1.066,1.055,1.051,1.070,959060000,1017290000,0
2023-07-17,1.050,1.038,1.035,1.050,422540000,439550000,0
2023-07-18,1.042,1.029,1.028,1.049,663400000,686700000,0
2023-07-19,1.014,1.031,1.010,1.032,1005760000,1024500000,0
2023-07-20,1.032,1.023,1.022,1.046,968810000,1001610000,0
2023-07-21,1.021,1.029,1.020,1.039,1129030000,1162330000,0
2023-07-24,1.014,1.015,1.012,1.029,726560000,740950000,0
2023-07-25,1.050,1.059,1.045,1.060,1315190000,1383000000,0
2023-07-26,1.054,1.059,1.051,1.061,596700000,630340000,0
2023-07-27,1.071,1.069,1.063,1.075,874250000,935930000,0
2023-07-28,1.061,1.093,1.061,1.098,1414870000,1532160000,0
2023-07-31,1.120,1.118,1.109,1.134,1893220000,2125590000,0
2023-08-01,1.125,1.108,1.105,1.139,1529560000,1717720000,0
2023-08-02,1.109,1.089,1.088,1.116,1411120000,1551590000,0
2023-08-03,1.077,1.095,1.076,1.098,1357080000,1477240000,0
2023-08-04,1.114,1.100,1.094,1.118,1161500000,1284490000,0
2023-08-07,1.094,1.100,1.088,1.107,632540000,695280000,0
2023-08-08,1.085,1.082,1.080,1.091,791600000,858420000,0
2023-08-09,1.075,1.082,1.074,1.089,676300000,731520000,0
2023-08-10,1.079,1.088,1.077,1.089,663480000,718410000,0
2023-08-11,1.100,1.079,1.078,1.100,783070000,853300000,0
2023-08-14,1.061,1.065,1.055,1.068,904970000,960660000,0
2023-08-15,1.063,1.066,1.060,1.072,814190000,867680000,0
2023-08-16,1.055,1.049,1.049,1.061,762650000,804760000,0
2023-08-17,1.033,1.064,1.033,1.066,1514330000,1589690000,0
2023-08-18,1.052,1.035,1.034,1.057,969750000,1014250000,0
2023-08-21,1.033,1.013,1.012,1.033,961430000,983790000,0
2023-08-22,1.022,1.028,1.008,1.034,1173120000,1196680000,0
2023-08-23,1.026,1.024,1.020,1.038,921510000,947140000,0
2023-08-24,1.034,1.052,1.033,1.057,1026750000,1073090000,0
2023-08-25,1.040,1.036,1.034,1.043,796510000,826410000,0
2023-08-28,1.080,1.049,1.047,1.086,1350810000,1433850000,0
2023-08-29,1.055,1.064,1.050,1.070,965860000,1024740000,0
2023-08-30,1.077,1.064,1.063,1.080,833260000,892870000,0
2023-08-31,1.070,1.057,1.056,1.074,722430000,770390000,0
2023-09-01,1.064,1.067,1.060,1.069,344740000,367070000,0
2023-09-04,1.081,1.087,1.075,1.089,787990000,854050000,0
2023-09-05,1.083,1.073,1.071,1.086,575760000,620480000,0
2023-09-06,1.069,1.066,1.058,1.070,622620000,662550000,0
2023-09-07,1.068,1.050,1.049,1.068,649990000,687940000,0
2023-09-08,1.039,1.035,1.032,1.042,425920000,441300000,0
2023-09-11,1.033,1.040,1.032,1.047,731960000,760260000,0
2023-09-12,1.037,1.039,1.031,1.044,555710000,576650000,0
2023-09-13,1.041,1.033,1.031,1.044,504480000,522800000,0
2023-09-14,1.034,1.035,1.027,1.039,552800000,570570000,0
2023-09-15,1.037,1.034,1.029,1.043,779640000,808160000,0
2023-09-18,1.027,1.024,1.022,1.033,532020000,546340000,0
2023-09-19,1.025,1.019,1.015,1.026,575370000,585830000,0
2023-09-20,1.017,1.011,1.010,1.019,495190000,501790000,0
2023-09-21,1.006,0.995,0.995,1.006,743000000,742520000,0
2023-09-22,0.992,1.019,0.992,1.020,1070120000,1080280000,0
2023-09-25,1.017,1.007,1.006,1.019,438040000,442990000,0
2023-09-26,1.008,1.003,1.002,1.010,579070000,582370000,0
2023-09-27,1.002,1.006,1.002,1.013,551820000,555660000,0
2023-09-28,1.007,0.999,0.998,1.009,574140000,574850000,0
2023-10-09,1.008,1.012,1.002,1.016,576190000,581330000,0
2023-10-10,1.020,1.020,1.017,1.033,837910000,858560000,0
2023-10-11,1.032,1.032,1.030,1.039,612010000,632820000,0
2023-10-12,1.042,1.041,1.040,1.045,514880000,536550000,0
2023-10-13,1.021,1.012,1.008,1.025,667650000,678530000,0
2023-10-16,1.010,1.002,0.999,1.011,540920000,542240000,0
2023-10-17,1.009,1.005,1.003,1.010,464270000,466890000,0
2023-10-18,1.001,1.000,0.995,1.003,494350000,493970000,0
2023-10-19,0.992,0.986,0.985,0.995,552670000,547040000,0
2023-10-20,0.980,0.977,0.976,0.984,516880000,506590000,0
2023-10-23,0.971,0.969,0.962,0.974,314940000,305280000,0
2023-10-24,0.974,0.969,0.962,0.980,867150000,841840000,0
2023-10-25,0.990,0.978,0.976,0.998,904900000,894150000,0
2023-10-26,0.974,0.977,0.967,0.983,649820000,633240000,0
2023-10-27,0.979,0.994,0.978,0.999,885160000,876150000,0
2023-10-30,0.986,0.995,0.985,0.999,794670000,788930000,0
2023-10-31,0.990,0.981,0.977,0.991,749310000,736590000,0
2023-11-01,0.985,0.976,0.970,0.985,632870000,617390000,0
2023-11-02,0.986,0.980,0.978,0.995,701320000,692160000,0
2023-11-03,0.988,1.003,0.985,1.004,830110000,825380000,0
2023-11-06,1.018,1.020,1.016,1.025,837540000,854340000,0
2023-11-07,1.014,1.010,1.008,1.020,503340000,509390000,0
2023-11-08,1.010,1.007,1.005,1.018,560320000,566720000,0
2023-11-09,1.007,1.005,1.002,1.012,480570000,483740000,0
2023-11-10,0.999,0.992,0.990,0.999,450760000,447470000,0
2023-11-13,0.997,0.998,0.988,1.003,528870000,526130000,0
2023-11-14,1.003,0.998,0.995,1.006,524780000,524430000,0
2023-11-15,1.018,1.019,1.010,1.021,968640000,982840000,0
2023-11-16,1.029,1.016,1.011,1.029,822190000,837040000,0
2023-11-17,0.995,0.993,0.988,1.000,921340000,914810000,0
2023-11-20,0.997,1.003,0.994,1.006,628810000,628920000,0
2023-11-21,1.012,1.002,1.000,1.018,641310000,648500000,0
2023-11-22,1.000,0.998,0.996,1.008,486810000,487750000,0
2023-11-23,1.002,1.005,0.997,1.006,510930000,512210000,0
2023-11-24,1.004,0.996,0.996,1.004,331230000,330810000,0
2023-11-27,0.999,0.998,0.989,0.999,416260000,413760000,0
2023-11-28,0.995,0.989,0.985,0.996,423950000,419800000,0
2023-11-29,0.993,0.977,0.974,0.994,561630000,552280000,0
2023-11-30,0.979,0.988,0.977,0.988,525480000,516760000,0
2023-12-01,0.989,0.983,0.979,0.990,562570000,553740000,0
2023-12-04,0.985,0.967,0.966,0.986,658990000,641380000,0
2023-12-05,0.967,0.947,0.946,0.968,646650000,616870000,0
2023-12-06,0.948,0.960,0.947,0.970,645380000,619300000,0
2023-12-07,0.957,0.950,0.943,0.957,470360000,446270000,0
2023-12-08,0.951,0.953,0.945,0.960,674360000,641980000,0
2023-12-11,0.945,0.947,0.934,0.950,710370000,668420000,0
2023-12-12,0.949,0.961,0.948,0.962,623500000,596980000,0
2023-12-13,0.957,0.949,0.948,0.962,357080000,341370000,0
2023-12-14,0.960,0.948,0.947,0.965,438120000,418340000,0
2023-12-15,0.957,0.962,0.955,0.975,1028670000,992920000,0
2023-12-18,0.958,0.960,0.956,0.967,456200000,438430000,0
2023-12-19,0.957,0.958,0.950,0.962,473620000,453010000,0
2023-12-20,0.968,0.963,0.961,0.972,502250000,485820000,0
2023-12-21,0.952,0.966,0.952,0.968,432720000,416000000,0
2023-12-22,0.972,0.908,0.901,0.975,2155180000,1989180000,0
2023-12-25,0.917,0.923,0.913,0.924,508740000,468290000,0
2023-12-26,0.922,0.921,0.918,0.924,192730000,177310000,0
2023-12-27,0.934,0.929,0.925,0.936,774380000,719920000,0
2023-12-28,0.926,0.949,0.926,0.954,981450000,922710000,0
2023-12-29,0.945,0.939,0.937,0.950,609050000,574110000,0
2024-01-02,0.948,0.935,0.934,0.957,552200000,520710000,0
2024-01-03,0.929,0.931,0.926,0.933,450810000,419080000,0
2024-01-04,0.938,0.938,0.932,0.941,452540000,423400000,0
2024-01-05,0.933,0.924,0.920,0.939,521720000,485580000,0
2024-01-08,0.921,0.904,0.902,0.922,575160000,522150000,0
2024-01-09,0.909,0.901,0.900,0.915,585930000,531790000,0
2024-01-10,0.899,0.893,0.892,0.909,628570000,565290000,0
2024-01-11,0.894,0.915,0.894,0.919,789590000,717920000,0
2024-01-12,0.910,0.911,0.907,0.922,513330000,469780000,0
2024-01-15,0.907,0.902,0.898,0.912,593750000,536870000,0
2024-01-16,0.896,0.889,0.882,0.904,662330000,590980000,0
2024-01-17,0.882,0.852,0.851,0.884,1094310000,944880000,0
2024-01-18,0.855,0.866,0.853,0.869,1083870000,932370000,0
2024-01-19,0.861,0.844,0.843,0.871,894540000,767810000,0
2024-01-22,0.850,0.827,0.821,0.855,944480000,789880000,0
2024-01-23,0.834,0.854,0.832,0.867,1485710000,1267050000,0
2024-01-24,0.874,0.875,0.858,0.880,1330540000,1158180000,0
2024-01-25,0.880,0.899,0.877,0.902,1071580000,954940000,0
2024-01-26,0.895,0.881,0.875,0.898,920460000,817070000,0
2024-01-29,0.886,0.881,0.880,0.897,748210000,664150000,0
2024-01-30,0.867,0.851,0.850,0.870,932610000,799400000,0
2024-01-31,0.847,0.831,0.830,0.854,1083230000,908250000,0
2024-02-01,0.837,0.846,0.833,0.862,1322330000,1123270000,0
2024-02-02,0.860,0.849,0.839,0.873,1277560000,1092250000,0
2024-02-05,0.839,0.849,0.835,0.861,1301810000,1103710000,0
2024-02-06,0.851,0.890,0.850,0.893,1783030000,1557160000,0
2024-02-07,0.897,0.880,0.876,0.904,1487940000,1326070000,0
2024-02-08,0.876,0.869,0.867,0.882,1347140000,1177280000,0
2024-02-19,0.890,0.889,0.883,0.895,792740000,704400000,0
2024-02-20,0.895,0.886,0.878,0.896,601620000,531820000,0
2024-02-21,0.880,0.912,0.877,0.925,1650890000,1500190000,0
2024-02-22,0.911,0.913,0.899,0.916,935010000,848560000,0
2024-02-23,0.912,0.920,0.911,0.929,904230000,830400000,0
2024-02-26,0.913,0.906,0.905,0.918,732720000,666690000,0
2024-02-27,0.906,0.906,0.891,0.909,1079200000,971500000,0
2024-02-28,0.918,0.894,0.894,0.919,1174400000,1067330000,0
2024-02-29,0.889,0.899,0.888,0.903,1085790000,971910000,0
2024-03-01,0.892,0.900,0.887,0.903,1238940000,1108380000,0
2024-03-04,0.903,0.897,0.894,0.907,1019910000,918350000,0
2024-03-05,0.881,0.872,0.869,0.885,1317730000,1155020000,0
2024-03-06,0.870,0.885,0.869,0.895,1291800000,1141600000,0
2024-03-07,0.887,0.869,0.869,0.890,940580000,827170000,0
2024-03-08,0.875,0.882,0.874,0.887,1009160000,889440000,0
2024-03-11,0.882,0.892,0.880,0.893,882580000,784280000,0
2024-03-12,0.899,0.927,0.895,0.928,2035410000,1855400000,0
2024-03-13,0.929,0.930,0.927,0.939,1050710000,981060000,0
2024-03-14,0.935,0.924,0.922,0.946,1123430000,1047100000,0
2024-03-15,0.913,0.913,0.903,0.920,877310000,798460000,0
2024-03-18,0.913,0.928,0.911,0.928,1064190000,980300000,0
2024-03-19,0.923,0.917,0.916,0.927,729260000,671500000,0
2024-03-20,0.917,0.923,0.910,0.925,1026270000,943830000,0
2024-03-21,0.940,0.939,0.933,0.946,1275130000,1197600000,0
2024-03-22,0.925,0.913,0.905,0.927,1215660000,1110640000,0
2024-03-25,0.915,0.911,0.910,0.922,717010000,656540000,0
2024-03-26,0.915,0.929,0.909,0.930,975800000,895580000,0
2024-03-27,0.918,0.916,0.910,0.925,726640000,666510000,0
2024-03-28,0.918,0.930,0.915,0.941,1147160000,1065130000,0
2024-03-29,0.930,0.932,0.928,0.937,348690000,325000000,0
2024-04-01,0.936,0.945,0.935,0.945,421860000,397180000,0
2024-04-02,0.949,0.943,0.940,0.951,741050000,700480000,0
2024-04-03,0.945,0.934,0.932,0.947,564140000,529360000,0
2024-04-08,0.929,0.933,0.924,0.942,642400000,599930000,0
2024-04-09,0.935,0.936,0.932,0.945,557180000,522610000,0
2024-04-10,0.945,0.963,0.942,0.968,1459590000,1398780000,0
2024-04-11,0.950,0.964,0.948,0.966,975800000,934010000,0
2024-04-12,0.958,0.946,0.945,0.965,857010000,816720000,0
2024-04-15,0.933,0.932,0.924,0.935,892160000,830090000,0
2024-04-16,0.924,0.910,0.907,0.927,898630000,824370000,0
2024-04-17,0.912,0.909,0.903,0.918,1019100000,925910000,0
2024-04-18,0.906,0.915,0.903,0.921,849310000,775640000,0
2024-04-19,0.908,0.903,0.894,0.909,1079080000,970920000,0
2024-04-22,0.915,0.932,0.912,0.935,1146540000,1062010000,0
2024-04-23,0.950,0.965,0.946,0.966,1303120000,1246140000,0
2024-04-24,0.977,0.999,0.975,1.000,1382160000,1366480000,0
2024-04-25,0.993,0.992,0.984,1.008,1166830000,1161900000,0
2024-04-26,0.997,1.027,0.997,1.032,1430120000,1457480000,0
2024-04-29,1.027,1.019,1.018,1.042,1366980000,1405760000,0
2024-04-30,1.022,1.010,1.009,1.025,961480000,976830000,0
2024-05-06,1.055,1.084,1.052,1.086,1607610000,1725240000,0
2024-05-07,1.076,1.063,1.059,1.080,985680000,1053180000,0
2024-05-08,1.063,1.052,1.049,1.077,1189460000,1266360000,0
2024-05-09,1.056,1.069,1.054,1.073,1131960000,1206670000,0
2024-05-10,1.078,1.076,1.062,1.083,1437300000,1542890000,0
2024-05-13,1.067,1.099,1.066,1.102,1481620000,1613510000,0
2024-05-14,1.115,1.114,1.110,1.124,1308910000,1461460000,0
2024-05-15,1.110,1.116,1.108,1.120,941520000,1050270000,0
2024-05-16,1.128,1.123,1.114,1.130,1459400000,1639690000,0
2024-05-17,1.141,1.148,1.141,1.159,1565440000,1800710000,0
2024-05-20,1.154,1.149,1.148,1.160,963190000,1111150000,0
2024-05-21,1.145,1.118,1.116,1.146,1201380000,1356130000,0
2024-05-22,1.118,1.119,1.109,1.129,1008750000,1130500000,0
2024-05-23,1.111,1.096,1.091,1.112,1509770000,1657860000,0
2024-05-24,1.092,1.078,1.075,1.104,1383120000,1504570000,0
2024-05-27,1.085,1.095,1.067,1.099,1249130000,1352840000,0
2024-05-28,1.098,1.097,1.090,1.113,1024950000,1129330000,0
2024-05-29,1.085,1.062,1.058,1.088,1370450000,1468840000,0
2024-05-30,1.059,1.052,1.049,1.073,1236330000,1308840000,0
2024-05-31,1.066,1.048,1.046,1.076,1012230000,1077140000,0
2024-06-03,1.053,1.067,1.053,1.071,1245340000,1326120000,0
2024-06-04,1.061,1.072,1.057,1.072,944750000,1007180000,0
2024-06-05,1.068,1.069,1.066,1.086,1109170000,1195300000,0
2024-06-06,1.081,1.068,1.064,1.087,1087500000,1168890000,0
2024-06-07,1.079,1.060,1.055,1.080,1069090000,1139730000,0
2024-06-11,1.053,1.066,1.050,1.071,1188190000,1259410000,0
2024-06-12,1.062,1.056,1.054,1.068,1010020000,1069080000,0
2024-06-13,1.067,1.062,1.057,1.069,970710000,1030950000,0
2024-06-14,1.064,1.065,1.060,1.069,951550000,1012900000,0
2024-06-17,1.057,1.063,1.046,1.071,1040010000,1105210000,0
2024-06-18,1.061,1.052,1.050,1.068,1025840000,1087760000,0
2024-06-19,1.059,1.081,1.054,1.084,1213900000,1296650000,0
2024-06-20,1.085,1.075,1.071,1.089,751040000,810570000,0
2024-06-21,1.066,1.054,1.045,1.067,1035050000,1091880000,0
2024-06-24,1.046,1.036,1.034,1.047,710040000,739030000,0
2024-06-25,1.048,1.044,1.041,1.059,1085820000,1141790000,0
2024-06-26,1.041,1.056,1.039,1.059,838010000,880350000,0
2024-06-27,1.048,1.028,1.025,1.049,990770000,1025030000,0
2024-06-28,1.018,1.019,1.016,1.033,932440000,954510000,0
2024-07-01,1.015,1.018,1.007,1.018,374390000,378930000,0
2024-07-02,1.015,1.011,1.008,1.029,893130000,908990000,0
2024-07-03,1.018,1.035,1.017,1.036,1073290000,1101090000,0
2024-07-04,1.050,1.048,1.043,1.059,834300000,876150000,0
2024-07-05,1.051,1.044,1.037,1.054,743800000,777400000,0
2024-07-08,1.043,1.027,1.026,1.045,678150000,701400000,0
2024-07-09,1.026,1.037,1.022,1.042,937240000,966170000,0
2024-07-10,1.049,1.045,1.041,1.059,1067180000,1122640000,0
2024-07-11,1.052,1.065,1.049,1.066,1226080000,1296990000,0
2024-07-12,1.078,1.093,1.075,1.093,1103760000,1196820000,0
2024-07-15,1.083,1.072,1.071,1.089,816140000,880570000,0
2024-07-16,1.060,1.056,1.050,1.062,902210000,951740000,0
2024-07-17,1.059,1.056,1.044,1.062,1018600000,1072690000,0
2024-07-18,1.040,1.049,1.038,1.052,919520000,960580000,0
2024-07-19,1.041,1.032,1.031,1.043,904500000,938490000,0
2024-07-22,1.036,1.055,1.036,1.058,1220800000,1278220000,0
2024-07-23,1.058,1.036,1.035,1.059,815710000,852800000,0
2024-07-24,1.036,1.022,1.020,1.044,988980000,1020670000,0
2024-07-25,1.019,0.997,0.995,1.019,1256830000,1261530000,0
2024-07-26,1.003,1.001,0.993,1.009,1204660000,1206290000,0
2024-07-29,1.012,1.022,1.009,1.024,1339550000,1362290000,0
2024-07-30,1.015,1.002,0.998,1.015,1041700000,1045050000,0
2024-07-31,1.000,1.023,0.993,1.026,1592440000,1612420000,0
2024-08-01,1.017,1.019,1.013,1.025,1037130000,1057040000,0
2024-08-02,1.004,0.993,0.990,1.012,1233550000,1232800000,0
2024-08-05,0.980,0.973,0.965,1.002,2125910000,2090250000,0
2024-08-06,0.992,0.987,0.978,0.999,1335680000,1319490000,0
2024-08-07,0.993,1.010,0.993,1.013,1479330000,1488930000,0
2024-08-08,1.001,1.010,0.995,1.023,1480110000,1494680000,0
2024-08-09,1.026,1.019,1.018,1.034,1380490000,1415510000,0
2024-08-12,1.022,1.023,1.011,1.025,928340000,946020000,0
2024-08-13,1.029,1.033,1.026,1.039,1189240000,1226620000,0
2024-08-14,1.036,1.016,1.015,1.037,893720000,914770000,0
2024-08-15,1.011,1.008,1.006,1.026,1649710000,1674130000,0
2024-08-16,1.024,1.037,1.022,1.041,1438870000,1484040000,0
2024-08-19,1.049,1.045,1.043,1.059,1158850000,1219050000,0
2024-08-20,1.051,1.037,1.036,1.052,702980000,732760000,0
2024-08-21,1.016,1.024,1.011,1.028,976030000,994900000,0
2024-08-22,1.037,1.041,1.029,1.042,876770000,907180000,0
2024-08-23,1.033,1.042,1.032,1.044,905170000,940510000,0
2024-08-26,1.047,1.045,1.036,1.052,1128470000,1177640000,0
2024-08-27,1.014,1.013,1.003,1.015,1569070000,1582970000,0
2024-08-28,1.008,1.005,1.001,1.011,753470000,757890000,0
2024-08-29,0.994,1.011,0.992,1.011,993550000,996010000,0
2024-08-30,1.015,1.036,1.013,1.041,1250270000,1285440000,0
2024-09-02,1.030,1.013,1.012,1.034,631600000,646970000,0
2024-09-03,1.016,1.021,1.016,1.027,622130000,635740000,0
2024-09-04,1.014,1.014,1.011,1.022,580790000,589880000,0
2024-09-05,1.017,1.013,1.011,1.023,726020000,737050000,0
2024-09-06,1.016,1.001,1.001,1.017,751200000,756900000,0
2024-09-09,0.999,0.994,0.994,1.004,618430000,617520000,0
2024-09-10,0.998,0.998,0.991,1.002,928590000,925140000,0
2024-09-11,0.989,0.982,0.981,0.996,1166480000,1151970000,0
2024-09-12,0.992,0.999,0.991,1.003,1584500000,1582250000,0
2024-09-13,1.001,0.995,0.994,1.009,959380000,961430000,0
2024-09-18,1.005,1.001,0.996,1.007,466830000,467600000,0
2024-09-19,1.005,1.038,1.004,1.039,1912790000,1956840000,0
2024-09-20,1.038,1.037,1.031,1.054,2006860000,2093860000,0
2024-09-23,1.038,1.035,1.034,1.052,1235140000,1287440000,0
2024-09-24,1.060,1.084,1.050,1.085,2285770000,2438900000,0
2024-09-25,1.124,1.087,1.082,1.127,2601650000,2871160000,0
2024-09-26,1.106,1.161,1.100,1.162,3656500000,4136990000,0
2024-09-27,1.203,1.218,1.199,1.235,2133920000,2592160000,0
2024-09-30,1.281,1.306,1.248,1.317,7251550000,9323230000,0
2024-10-08,1.432,1.305,1.256,1.432,11198650000,14882420000,0
2024-10-09,1.298,1.253,1.228,1.312,8356990000,10671080000,0
2024-10-10,1.280,1.288,1.278,1.310,5203060000,6720830000,0
2024-10-11,1.289,1.246,1.237,1.290,2350690000,2966540000,0
2024-10-14,1.275,1.278,1.246,1.291,4381850000,5568460000,0
2024-10-15,1.268,1.212,1.210,1.273,3832890000,4771850000,0
2024-10-16,1.200,1.215,1.197,1.229,3441810000,4181560000,0
2024-10-17,1.226,1.207,1.207,1.246,3048120000,3741000000,0
2024-10-18,1.200,1.244,1.190,1.266,5991710000,7347170000,0
2024-10-21,1.243,1.215,1.210,1.246,3764470000,4622030000,0
2024-10-22,1.222,1.219,1.211,1.228,2413820000,2947110000,0
2024-10-23,1.226,1.244,1.220,1.257,3051740000,3792040000,0
2024-10-24,1.228,1.214,1.210,1.229,1924100000,2345500000,0
2024-10-25,1.219,1.218,1.214,1.229,2261830000,2763210000,0
2024-10-28,1.222,1.228,1.214,1.231,1984940000,2431670000,0
2024-10-29,1.243,1.238,1.235,1.256,2355770000,2932920000,0
2024-10-30,1.228,1.218,1.213,1.236,1858050000,2273750000,0
2024-10-31,1.218,1.212,1.210,1.228,1911980000,2331250000,0
2024-11-01,1.216,1.218,1.208,1.233,2154370000,2625380000,0
2024-11-04,1.226,1.224,1.216,1.231,1531800000,1875160000,0
2024-11-05,1.216,1.247,1.215,1.251,2591060000,3203500000,0
2024-11-06,1.243,1.225,1.219,1.248,3252880000,4011020000,0
2024-11-07,1.224,1.259,1.220,1.260,3569620000,4442040000,0
2024-11-08,1.285,1.247,1.245,1.291,2874450000,3626590000,0
2024-11-11,1.218,1.230,1.206,1.239,3469100000,4226080000,0
2024-11-12,1.225,1.194,1.190,1.239,3855240000,4661610000,0
2024-11-13,1.181,1.186,1.175,1.188,2259950000,2671380000,0
2024-11-14,1.178,1.166,1.165,1.202,2660350000,3150080000,0
2024-11-15,1.174,1.166,1.161,1.183,2701180000,3169280000,0
2024-11-18,1.179,1.173,1.164,1.188,2329100000,2739950000,0
2024-11-19,1.182,1.181,1.171,1.186,1866800000,2201640000,0
2024-11-20,1.178,1.185,1.176,1.191,2296020000,2713620000,0
2024-11-21,1.185,1.182,1.181,1.191,1711780000,2028360000,0
2024-11-22,1.171,1.141,1.140,1.176,2462200000,2855010000,0
2024-11-25,1.145,1.132,1.128,1.148,1836150000,2086390000,0
2024-11-26,1.130,1.140,1.130,1.150,1737390000,1984390000,0
2024-11-27,1.140,1.163,1.133,1.164,1981370000,2273660000,0
2024-11-28,1.160,1.149,1.147,1.164,1571520000,1813770000,0
2024-11-29,1.152,1.146,1.143,1.168,2527580000,2913110000,0
2024-12-02,1.146,1.156,1.145,1.165,2056620000,2376470000,0
2024-12-03,1.162,1.166,1.152,1.173,2176230000,2531700000,0
2024-12-04,1.167,1.167,1.163,1.176,1435980000,1677720000,0
2024-12-05,1.159,1.154,1.152,1.162,1019500000,1178990000,0
2024-12-06,1.161,1.177,1.155,1.181,1885390000,2204420000,0
2024-12-09,1.170,1.175,1.168,1.184,1193360000,1402580000,0
2024-12-10,1.245,1.214,1.212,1.260,4226290000,5213630000,0
2024-12-11,1.218,1.197,1.194,1.223,1980360000,2392640000,0
2024-12-12,1.202,1.228,1.197,1.231,2591150000,3148040000,0
2024-12-13,1.210,1.199,1.198,1.214,1542770000,1859340000,0
2024-12-16,1.197,1.178,1.175,1.200,1196970000,1420060000,0
2024-12-17,1.173,1.171,1.164,1.188,1738700000,2040000000,0
2024-12-18,1.186,1.183,1.180,1.190,1214760000,1438710000,0
2024-12-19,1.171,1.190,1.166,1.191,1429170000,1679790000,0
2024-12-20,1.179,1.186,1.176,1.192,1332510000,1578260000,0
2024-12-23,1.189,1.177,1.172,1.193,1287210000,1517460000,0
2024-12-24,1.183,1.190,1.179,1.193,1146090000,1360120000,0
2024-12-25,1.188,1.185,1.184,1.192,372520000,442360000,0
2024-12-26,1.187,1.186,1.183,1.187,248540000,294530000,0
2024-12-27,1.184,1.180,1.174,1.188,1220970000,1443000000,0
2024-12-30,1.180,1.178,1.171,1.185,992420000,1168120000,0
2024-12-31,1.171,1.166,1.165,1.182,1232970000,1447590000,0
2025-01-02,1.169,1.162,1.155,1.178,1536980000,1792890000,0
2025-01-03,1.170,1.166,1.158,1.183,1499720000,1755580000,0
2025-01-06,1.174,1.165,1.163,1.175,997790000,1166410000,0
2025-01-07,1.145,1.124,1.119,1.153,2530890000,2871830000,0
2025-01-08,1.125,1.118,1.108,1.136,1668550000,1870920000,0
2025-01-09,1.116,1.122,1.114,1.132,1136180000,1277580000,0
2025-01-10,1.125,1.106,1.105,1.130,1064350000,1190840000,0
2025-01-13,1.095,1.091,1.082,1.097,1021040000,1112740000,0
2025-01-14,1.096,1.124,1.095,1.130,1768490000,1968990000,0
2025-01-15,1.118,1.126,1.115,1.133,925310000,1040070000,0
2025-01-16,1.137,1.138,1.126,1.153,1396850000,1592230000,0
2025-01-17,1.135,1.139,1.129,1.141,1057900000,1201570000,0
2025-01-20,1.160,1.180,1.160,1.189,1767970000,2078810000,0
2025-01-21,1.187,1.182,1.171,1.190,1375770000,1624090000,0
2025-01-22,1.170,1.148,1.147,1.171,1125700000,1302180000,0
2025-01-23,1.160,1.143,1.141,1.166,1278100000,1475000000,0
2025-01-24,1.150,1.174,1.150,1.178,1653180000,1928860000,0
2025-01-27,1.190,1.195,1.187,1.203,1383260000,1654670000,0
2025-02-05,1.250,1.245,1.232,1.260,2381020000,2967180000,0
2025-02-06,1.243,1.258,1.238,1.259,1370760000,1713380000,0
2025-02-07,1.261,1.286,1.256,1.294,1996910000,2552680000,0
2025-02-10,1.292,1.327,1.291,1.335,2181170000,2879470000,0
2025-02-11,1.341,1.313,1.309,1.346,1816570000,2405730000,0
2025-02-12,1.327,1.348,1.317,1.352,2314680000,3092380000,0
2025-02-13,1.361,1.382,1.358,1.424,3837040000,5334060000,0
2025-02-14,1.376,1.424,1.373,1.425,3307520000,4634730000,0
2025-02-17,1.464,1.445,1.410,1.492,4982990000,7239420000,0
2025-02-18,1.445,1.468,1.442,1.500,3893140000,5731490000,0
2025-02-19,1.458,1.468,1.447,1.475,2784060000,4075420000,0
2025-02-20,1.445,1.427,1.409,1.446,3557990000,5073700000,0
2025-02-21,1.475,1.506,1.462,1.509,3325690000,4939930000,0
2025-02-24,1.518,1.513,1.490,1.538,3312550000,5014750000,0
2025-02-25,1.438,1.445,1.428,1.469,3514880000,5101110000,0
2025-02-26,1.460,1.526,1.460,1.527,3582850000,5377040000,0
2025-02-27,1.526,1.502,1.473,1.537,3892200000,5851690000,0
2025-02-28,1.491,1.424,1.423,1.491,2952030000,4293120000,0
2025-03-03,1.443,1.434,1.426,1.473,3558000000,5165240000,0
2025-03-04,1.412,1.448,1.402,1.453,3359810000,4806770000,0
2025-03-05,1.461,1.483,1.451,1.485,3056060000,4488170000,0
2025-03-06,1.536,1.574,1.536,1.576,3163660000,4931730000,0
2025-03-07,1.565,1.566,1.552,1.611,4343830000,6855400000,0
2025-03-10,1.553,1.525,1.510,1.570,3564090000,5464050000,0
2025-03-11,1.480,1.505,1.475,1.524,3919590000,5886630000,0
2025-03-12,1.536,1.493,1.490,1.538,2901370000,4394530000,0
2025-03-13,1.503,1.476,1.462,1.505,2905570000,4303340000,0
2025-03-14,1.500,1.537,1.489,1.543,3515510000,5344930000,0
2025-03-17,1.548,1.541,1.530,1.556,2468760000,3812190000,0
2025-03-18,1.595,1.595,1.579,1.597,2505950000,3983520000,0
2025-03-19,1.588,1.590,1.576,1.600,2510060000,3984020000,0
2025-03-20,1.578,1.531,1.530,1.579,3117530000,4833050000,0
2025-03-21,1.527,1.504,1.493,1.545,3541460000,5365960000,0
2025-03-24,1.505,1.509,1.490,1.509,2304360000,3457960000,0
2025-03-25,1.498,1.472,1.470,1.510,2767360000,4108120000,0
2025-03-26,1.479,1.483,1.476,1.495,1992830000,2955930000,0
2025-03-27,1.488,1.492,1.470,1.511,2522540000,3768190000,0
2025-03-28,1.501,1.481,1.470,1.509,2431560000,3621360000,0
2025-03-31,1.462,1.449,1.437,1.470,2467290000,3581140000,0
2025-04-01,1.459,1.464,1.452,1.476,2766630000,4047280000,0
2025-04-02,1.458,1.456,1.445,1.475,2041310000,2978210000,0
2025-04-03,1.419,1.421,1.412,1.440,2870260000,4093480000,0
2025-04-07,1.298,1.279,1.279,1.350,2447350000,3156770000,0
2025-04-08,1.270,1.239,1.212,1.282,5466400000,6822490000,0
2025-04-09,1.195,1.244,1.182,1.261,5699900000,7025970000,0
2025-04-10,1.295,1.281,1.276,1.328,5266790000,6837330000,0
2025-04-11,1.260,1.272,1.245,1.294,5384880000,6814320000,0
2025-04-14,1.296,1.288,1.281,1.310,3213540000,4160580000,0
2025-04-15,1.310,1.298,1.292,1.315,2590490000,3370980000,0
2025-04-16,1.284,1.264,1.253,1.287,2491110000,3154060000,0
2025-04-17,1.262,1.282,1.261,1.292,2740500000,3506490000,0
2025-04-18,1.272,1.273,1.268,1.276,492190000,625790000,0
2025-04-21,1.270,1.281,1.268,1.282,678960000,865860000,0
2025-04-22,1.281,1.292,1.271,1.299,2558810000,3288290000,0
2025-04-23,1.334,1.342,1.326,1.348,2365660000,3163500000,0
2025-04-24,1.343,1.316,1.313,1.345,1917260000,2544080000,0
2025-04-25,1.336,1.343,1.336,1.361,2328940000,3137370000,0
2025-04-28,1.350,1.345,1.331,1.350,1296680000,1737490000,0
2025-04-29,1.344,1.334,1.332,1.354,1683510000,2259370000,0
2025-04-30,1.342,1.348,1.331,1.350,1772350000,2378920000,0
2025-05-06,1.382,1.406,1.379,1.406,2122260000,2953450000,0
2025-05-07,1.439,1.395,1.391,1.444,2391280000,3381250000,0
2025-05-08,1.385,1.395,1.382,1.412,1971200000,2759540000,0
2025-05-09,1.403,1.390,1.385,1.406,1632540000,2278080000,0
2025-05-12,1.420,1.419,1.404,1.425,1971780000,2790180000,0
2025-05-13,1.439,1.411,1.409,1.440,1730230000,2461620000,0
2025-05-14,1.426,1.450,1.425,1.451,2427910000,3488250000,0
2025-05-15,1.452,1.434,1.431,1.457,1582050000,2284760000,0
2025-05-16,1.410,1.414,1.407,1.422,1503290000,2126340000,0
2025-05-19,1.402,1.414,1.385,1.421,1692190000,2373710000,0
2025-05-20,1.419,1.429,1.411,1.433,1556350000,2219190000,0
2025-05-21,1.431,1.427,1.426,1.438,1445810000,2070560000,0
2025-05-22,1.420,1.402,1.402,1.422,1598090000,2260630000,0
2025-05-23,1.408,1.400,1.400,1.421,1425720000,2010370000,0
2025-05-26,1.402,1.382,1.379,1.403,1172930000,1628890000,0
2025-05-27,1.379,1.390,1.369,1.393,1355360000,1874110000,0
2025-05-28,1.386,1.366,1.366,1.389,1276300000,1755630000,0
2025-05-29,1.371,1.389,1.369,1.397,2290130000,3161870000,0
2025-05-30,1.374,1.354,1.350,1.374,1399880000,1900240000,0
2025-06-03,1.358,1.363,1.358,1.369,1238520000,1689570000,0
2025-06-04,1.366,1.378,1.364,1.384,1175510000,1618350000,0
2025-06-05,1.396,1.396,1.387,1.400,1296340000,1807670000,0
2025-06-06,1.400,1.388,1.384,1.401,928120000,1289820000,0
2025-06-09,1.399,1.413,1.399,1.424,1530760000,2164170000,0
2025-06-10,1.420,1.403,1.396,1.422,1192450000,1682250000,0
2025-06-11,1.413,1.421,1.412,1.425,1054510000,1496690000,0
2025-06-12,1.407,1.399,1.397,1.411,960540000,1349050000,0
2025-06-13,1.390,1.370,1.369,1.393,1117900000,1542800000,0
2025-06-16,1.367,1.384,1.365,1.385,840560000,1157680000,0
2025-06-17,1.395,1.392,1.387,1.401,846890000,1180140000,0
2025-06-18,1.388,1.374,1.369,1.390,740610000,1018010000,0
2025-06-19,1.370,1.347,1.345,1.373,886440000,1202850000,0
2025-06-20,1.355,1.349,1.346,1.357,645280000,871820000,0
2025-06-23,1.344,1.361,1.338,1.362,957500000,1293760000,0
2025-06-24,1.371,1.384,1.370,1.387,1120290000,1545840000,0
2025-06-25,1.394,1.403,1.389,1.404,1125830000,1571170000,0
2025-06-26,1.390,1.385,1.381,1.393,1090520000,1512740000,0
2025-06-27,1.394,1.389,1.386,1.400,1099470000,1530850000,0
2025-06-30,1.389,1.383,1.377,1.390,952700000,1316780000,0
2025-07-01,1.380,1.384,1.379,1.385,258230000,356990000,0
2025-07-02,1.390,1.375,1.370,1.392,960450000,1322140000,0
2025-07-03,1.373,1.353,1.346,1.374,1392280000,1885080000,0
2025-07-04,1.345,1.347,1.336,1.359,1316470000,1772540000,0
2025-07-07,1.340,1.346,1.331,1.351,1190790000,1598440000,0
2025-07-08,1.354,1.368,1.353,1.370,1322710000,1802120000,0
2025-07-09,1.368,1.350,1.346,1.369,1094180000,1485180000,0
2025-07-10,1.346,1.348,1.341,1.350,1000440000,1345790000,0
2025-07-11,1.348,1.361,1.348,1.370,1525120000,2080140000,0
2025-07-14,1.350,1.354,1.345,1.360,965830000,1305240000,0
2025-07-15,1.357,1.387,1.356,1.392,2140850000,2941360000,0
2025-07-16,1.409,1.408,1.404,1.432,2340590000,3319460000,0
2025-07-17,1.401,1.400,1.389,1.411,1577440000,2206820000,0
2025-07-18,1.418,1.415,1.409,1.424,1350330000,1914120000,0
2025-07-21,1.435,1.431,1.423,1.438,1214240000,1735150000,0
2025-07-22,1.433,1.433,1.422,1.439,1136150000,1625270000,0
2025-07-23,1.448,1.480,1.442,1.485,2100090000,3081740000,0
2025-07-24,1.480,1.485,1.474,1.491,1400190000,2078300000,0
2025-07-25,1.475,1.456,1.454,1.475,1162960000,1702020000,0
2025-07-28,1.466,1.471,1.462,1.478,1200160000,1762720000,0
2025-07-29,1.460,1.456,1.444,1.462,1119210000,1624360000,0
2025-07-30,1.445,1.441,1.435,1.463,1514580000,2195700000,0
2025-07-31,1.433,1.432,1.424,1.450,1928520000,2768010000,0
2025-08-01,1.440,1.435,1.431,1.447,1421210000,2045870000,0
2025-08-04,1.413,1.435,1.407,1.435,1505240000,2140810000,0
2025-08-05,1.439,1.439,1.427,1.441,1313080000,1882830000,0
2025-08-06,1.437,1.450,1.436,1.460,1228330000,1778210000,0
2025-08-07,1.457,1.450,1.440,1.459,1237750000,1794710000,0
2025-08-08,1.444,1.431,1.431,1.450,947760000,1364370000,0
2025-08-11,1.440,1.436,1.429,1.441,1031940000,1480930000,0
2025-08-12,1.429,1.428,1.423,1.436,976150000,1394670000,0
2025-08-13,1.451,1.486,1.450,1.489,2091000000,3072100000,0
2025-08-14,1.502,1.485,1.482,1.512,1966000000,2942110000,0
2025-08-15,1.470,1.480,1.466,1.482,1425750000,2104210000,0
2025-08-18,1.487,1.493,1.486,1.506,1799360000,2691350000,0
2025-08-19,1.487,1.488,1.479,1.497,1419620000,2112020000,0
2025-08-20,1.474,1.484,1.470,1.485,1454530000,2148280000,0
2025-08-21,1.479,1.468,1.465,1.481,1179490000,1738640000,0
2025-08-22,1.483,1.489,1.478,1.496,1481250000,2205060000,0
2025-08-25,1.520,1.552,1.520,1.557,2331740000,3593490000,0
2025-08-26,1.532,1.531,1.530,1.545,1237900000,1904120000,0
2025-08-27,1.530,1.504,1.501,1.536,1777820000,2708550000,0
2025-08-28,1.490,1.481,1.469,1.491,1741430000,2577250000,0
2025-08-29,1.485,1.484,1.473,1.490,1835720000,2720850000,0
2025-09-01,1.536,1.542,1.529,1.547,2353700000,3622760000,0
2025-09-02,1.545,1.538,1.529,1.553,1637830000,2522100000,0
2025-09-03,1.550,1.523,1.519,1.557,1368860000,2102460000,0
2025-09-04,1.536,1.506,1.504,1.539,1431390000,2171940000,0
2025-09-05,1.511,1.537,1.508,1.537,1130310000,1719230000,0
2025-09-08,1.540,1.572,1.539,1.575,2063740000,3215350000,0
2025-09-09,1.576,1.586,1.573,1.600,1937900000,3073730000,0
2025-09-10,1.608,1.612,1.605,1.635,2501680000,4054950000,0
2025-09-11,1.595,1.615,1.584,1.616,2020350000,3233540000,0
2025-09-12,1.660,1.642,1.641,1.667,2270450000,3752550000,0
2025-09-15,1.639,1.650,1.636,1.668,1858510000,3076780000,0
2025-09-16,1.661,1.670,1.650,1.674,1753540000,2916100000,0
2025-09-17,1.684,1.723,1.680,1.726,2360330000,4026520000,0
2025-09-18,1.725,1.686,1.669,1.753,4118560000,7061960000,0
2025-09-19,1.694,1.686,1.675,1.708,2267180000,3836820000,0
2025-09-22,1.679,1.675,1.670,1.691,1831450000,3074060000,0
2025-09-23,1.680,1.656,1.642,1.682,1852540000,3074930000,0
2025-09-24,1.648,1.720,1.646,1.724,3128980000,5297460000,0
2025-09-25,1.738,1.733,1.718,1.752,2648410000,4601500000,0
2025-09-26,1.711,1.701,1.701,1.725,1786260000,3058540000,0
2025-09-29,1.702,1.732,1.702,1.733,2337120000,4024590000,0
2025-09-30,1.741,1.755,1.727,1.756,2288070000,3982860000,0
2025-10-09,1.762,1.742,1.730,1.768,2946450000,5163180000,0
2025-10-10,1.719,1.687,1.680,1.722,2322370000,3955530000,0
2025-10-13,1.619,1.636,1.608,1.661,3414050000,5577440000,0
2025-10-14,1.655,1.599,1.594,1.665,3124720000,5097400000,0
2025-10-15,1.620,1.639,1.605,1.642,2230380000,3624600000,0
2025-10-16,1.633,1.617,1.607,1.642,1688250000,2740830000,0
2025-10-17,1.614,1.573,1.571,1.615,1642970000,2612520000,0
2025-10-20,1.614,1.621,1.611,1.632,1988150000,3223580000,0
2025-10-21,1.658,1.650,1.646,1.668,1668350000,2763960000,0
2025-10-22,1.628,1.620,1.609,1.631,1417440000,2297420000,0
2025-10-23,1.611,1.646,1.602,1.652,2021840000,3282820000,0
2025-10-24,1.664,1.656,1.649,1.669,1535020000,2544820000,0
2025-10-27,1.685,1.694,1.675,1.694,1617080000,2725830000,0
2025-10-28,1.696,1.668,1.667,1.697,1560090000,2620690000,0
2025-10-29,1.681,1.689,1.675,1.691,966560000,1625940000,0
2025-10-30,1.684,1.661,1.657,1.698,2189790000,3670170000,0
2025-10-31,1.661,1.636,1.635,1.668,1401090000,2313900000,0
2025-11-03,1.638,1.638,1.619,1.643,1440310000,2351760000,0
2025-11-04,1.635,1.614,1.608,1.646,1472380000,2397900000,0
2025-11-05,1.590,1.605,1.576,1.611,1958950000,3118050000,0
2025-11-06,1.616,1.639,1.614,1.641,1328730000,2164500000,0
2025-11-07,1.625,1.610,1.606,1.630,1233660000,1994760000,0
2025-11-10,1.625,1.639,1.620,1.641,1298340000,2115260000,0
2025-11-11,1.650,1.628,1.620,1.650,1017010000,1659450000,0
2025-11-12,1.628,1.634,1.625,1.643,1037560000,1694500000,0
2025-11-13,1.621,1.652,1.611,1.662,1604410000,2613000000,0
2025-11-14,1.620,1.604,1.603,1.626,1712860000,2764060000,0
2025-11-17,1.587,1.580,1.576,1.600,1468250000,2330820000,0
2025-11-18,1.571,1.559,1.558,1.593,1652280000,2599870000,0
2025-11-19,1.566,1.550,1.544,1.571,1266880000,1973400000,0
2025-11-20,1.563,1.537,1.534,1.566,1356640000,2096600000,0
2025-11-21,1.510,1.503,1.492,1.515,2339100000,3520670000,0
2025-11-24,1.516,1.540,1.506,1.546,2171310000,3324680000,0
2025-11-25,1.563,1.543,1.539,1.574,2026630000,3160440000,0
2025-11-26,1.548,1.547,1.543,1.562,1241750000,1926290000,0
2025-11-27,1.541,1.530,1.528,1.551,1405820000,2162210000,0
2025-11-28,1.533,1.535,1.526,1.541,1090860000,1672420000,0
2025-12-01,1.535,1.545,1.532,1.554,1568140000,2421300000,0
2025-12-02,1.565,1.544,1.542,1.569,1182170000,1836200000,0
2025-12-03,1.540,1.526,1.523,1.541,1127020000,1724530000,0
2025-12-04,1.524,1.533,1.519,1.536,1371350000,2093610000,0
2025-12-05,1.525,1.546,1.521,1.547,1242790000,1905710000,0
2025-12-08,1.548,1.538,1.536,1.552,1273040000,1962190000,0
2025-12-09,1.543,1.518,1.511,1.545,1151850000,1756340000,0
2025-12-10,1.512,1.523,1.503,1.524,1215630000,1840230000,0
2025-12-11,1.533,1.512,1.510,1.536,999180000,1521110000,0
2025-12-12,1.522,1.531,1.514,1.533,1176720000,1794260000,0
2025-12-15,1.514,1.507,1.506,1.517,952970000,1439910000,0
2025-12-16,1.500,1.472,1.465,1.502,1336970000,1974660000,0
2025-12-17,1.473,1.486,1.469,1.491,1255090000,1856980000,0
2025-12-18,1.468,1.471,1.464,1.481,950850000,1399230000,0
2025-12-19,1.485,1.491,1.479,1.496,1270640000,1890670000,0
2025-12-22,1.499,1.492,1.489,1.506,930400000,1392730000,0
2025-12-23,1.498,1.486,1.482,1.499,810660000,1208420000,0
2025-12-24,1.483,1.483,1.481,1.491,604580000,897690000,0
2025-12-25,1.481,1.485,1.480,1.487,297460000,441050000,0
2025-12-26,1.484,1.491,1.484,1.493,494240000,735470000,0
2025-12-29,1.492,1.471,1.470,1.502,1206800000,1796010000,0
2025-12-30,1.468,1.483,1.467,1.485,987860000,1458430000,0
2025-12-31,1.474,1.467,1.465,1.474,681690000,1000990000,0
2026-01-05,1.508,1.528,1.505,1.531,2017810000,3071290000,0
2026-01-06,1.534,1.543,1.533,1.551,1238520000,1912410000,0
2026-01-07,1.532,1.519,1.511,1.532,1265720000,1923930000,0
2026-01-08,1.511,1.492,1.489,1.512,1295150000,1942410000,0
2026-01-09,1.503,1.502,1.496,1.512,1156030000,1737850000,0
2026-01-12,1.505,1.539,1.500,1.544,1895610000,2892430000,0
2026-01-13,1.580,1.547,1.542,1.584,1942950000,3036340000,0
2026-01-14,1.561,1.571,1.556,1.579,2149180000,3367950000,0
2026-01-15,1.560,1.539,1.534,1.565,1679360000,2596510000,0
2026-01-16,1.550,1.525,1.523,1.553,1419610000,2179260000,0
2026-01-19,1.513,1.513,1.509,1.520,821520000,1243440000,0
2026-01-20,1.507,1.496,1.491,1.513,1433850000,2151750000,0
2026-01-21,1.487,1.502,1.486,1.507,1159490000,1737660000,0
2026-01-22,1.514,1.505,1.499,1.518,893960000,1346620000,0
2026-01-23,1.523,1.520,1.517,1.530,1366840000,2080650000,0
2026-01-26,1.520,1.508,1.502,1.524,1009930000,1523470000,0
2026-01-27,1.515,1.530,1.504,1.530,1334960000,2028460000,0
2026-01-28,1.535,1.553,1.527,1.556,1470280000,2268770000,0
2026-01-29,1.534,1.545,1.532,1.557,1272780000,1967880000,0
2026-01-30,1.533,1.522,1.520,1.538,1064850000,1625400000,0
2026-02-02,1.496,1.471,1.470,1.506,2023860000,3010510000,0
2026-02-03,1.488,1.463,1.422,1.494,2345170000,3408800000,0
2026-02-04,1.441,1.436,1.421,1.445,2014820000,2888730000,0
2026-02-05,1.418,1.422,1.397,1.424,2696940000,3794550000,0
2026-02-06,1.394,1.404,1.392,1.417,1866640000,2627660000,0
2026-02-09,1.431,1.431,1.419,1.434,1598600000,2280070000,0
2026-02-10,1.432,1.424,1.422,1.446,1332380000,1910090000,0
2026-02-11,1.423,1.425,1.422,1.434,1097520000,1566740000,0
2026-02-12,1.416,1.395,1.389,1.417,2097460000,2930760000,0
2026-02-13,1.371,1.378,1.366,1.380,1910660000,2622130000,0
2026-02-24,1.366,1.337,1.336,1.366,1705840000,2292600000,0
2026-02-25,1.342,1.337,1.334,1.347,1383560000,1855830000,0
2026-02-26,1.336,1.303,1.299,1.339,2085620000,2736520000,0
2026-02-27,1.297,1.312,1.296,1.322,1901800000,2488640000,0
2026-03-02,1.283,1.268,1.265,1.298,2397090000,3057780000,0
2026-03-03,1.277,1.259,1.254,1.285,2883580000,3660000000,0
2026-03-04,1.241,1.227,1.224,1.258,3855940000,4769300000,0
2026-03-05,1.245,1.222,1.215,1.248,2946780000,3636330000,0
2026-03-06,1.221,1.263,1.221,1.264,2696990000,3369410000,0
2026-03-09,1.231,1.248,1.221,1.255,2615720000,3238000000,0
2026-03-10,1.271,1.293,1.267,1.297,2914270000,3735270000,0
2026-03-11,1.311,1.290,1.286,1.315,2129710000,2770440000,0
2026-03-12,1.283,1.276,1.267,1.296,1557090000,1991710000,0
2026-03-13,1.271,1.284,1.271,1.297,1760730000,2265840000,0
2026-03-16,1.292,1.314,1.279,1.315,2364810000,3077010000,0
2026-03-17,1.320,1.305,1.303,1.329,1912420000,2522030000,0
2026-03-18,1.304,1.311,1.287,1.316,2198870000,2860480000,0
2026-03-19,1.276,1.261,1.259,1.280,2322850000,2952690000,0
2026-03-20,1.240,1.218,1.218,1.246,2684550000,3310710000,0
2026-03-23,1.196,1.175,1.172,1.203,2610380000,3104960000,0
2026-03-24,1.195,1.207,1.183,1.209,2588190000,3091370000,0
2026-03-25,1.222,1.227,1.204,1.245,4150920000,5079700000,0
2026-03-26,1.229,1.209,1.207,1.235,1743280000,2127210000,0
2026-03-27,1.198,1.211,1.195,1.219,2342530000,2829550000,0
2026-03-30,1.180,1.187,1.173,1.192,2289400000,2708020000,0
2026-03-31,1.189,1.175,1.168,1.194,2333930000,2754660000,0
2026-04-01,1.205,1.203,1.191,1.208,2097100000,2513860000,0
2026-04-02,1.187,1.171,1.170,1.188,1723030000,2026730000,0
2026-04-03,1.175,1.164,1.164,1.179,554880000,649530000,0
2026-04-07,1.168,1.171,1.167,1.177,537180000,630230000,0
2026-04-08,1.202,1.222,1.196,1.224,3062590000,3700660000,0
2026-04-09,1.207,1.210,1.203,1.215,1425300000,1722360000,0
2026-04-10,1.218,1.208,1.207,1.227,2043280000,2486750000,0
2026-04-13,1.196,1.185,1.184,1.198,1280090000,1522710000,0
2026-04-14,1.200,1.195,1.184,1.204,1382780000,1651850000,0
2026-04-15,1.217,1.216,1.212,1.231,2034780000,2484040000,0
2026-04-16,1.234,1.257,1.233,1.260,2050740000,2554050000,0
2026-04-17,1.249,1.251,1.246,1.262,1380960000,1730970000,0
2026-04-20,1.253,1.267,1.247,1.273,1810420000,2287280000,0
2026-04-21,1.270,1.260,1.253,1.273,1237820000,1560860000,0
2026-04-22,1.244,1.232,1.225,1.244,1691580000,2083180000,0
2026-04-23,1.232,1.217,1.212,1.233,1518690000,1849390000,0
2026-04-24,1.203,1.213,1.195,1.218,1760250000,2123110000,0
2026-04-27,1.212,1.201,1.198,1.216,1376480000,1660350000,0
2026-04-28,1.193,1.181,1.177,1.203,1374140000,1633100000,0
2026-04-29,1.192,1.194,1.186,1.199,1414760000,1688800000,0
2026-04-30,1.184,1.181,1.173,1.188,1503390000,1773280000,0
2026-05-06,1.197,1.201,1.189,1.214,1954590000,2347910000,0
2026-05-07,1.230,1.236,1.230,1.241,2053140000,2535530000,0
2026-05-08,1.226,1.237,1.222,1.238,1197400000,1469080000,0
2026-05-11,1.221,1.214,1.207,1.222,1991150000,2413480000,0
2026-05-12,1.211,1.203,1.202,1.224,1731470000,2099350000,0
2026-05-13,1.199,1.207,1.191,1.216,1992260000,2398150000,0
2026-05-14,1.254,1.219,1.219,1.259,3257120000,4031550000,0
2026-05-15,1.215,1.190,1.182,1.217,2174130000,2602770000,0
2026-05-18,1.183,1.179,1.172,1.193,1875490000,2213890000,0
2026-05-19,1.175,1.198,1.175,1.204,1938270000,2314060000,0
2026-05-20,1.191,1.187,1.181,1.201,1407000000,1670170000,0
2026-05-21,1.194,1.151,1.150,1.194,2614670000,3056960000,0
2026-05-22,1.161,1.154,1.147,1.162,1489810000,1721310000,0
2026-05-25,1.138,1.141,1.137,1.145,943980000,1077440000,0
2026-05-26,1.141,1.146,1.124,1.149,1900370000,2165160000,0
2026-05-27,1.144,1.126,1.125,1.152,1329290000,1509560000,0
2026-05-28,1.117,1.097,1.084,1.117,2087970000,2287970000,0
2026-05-29,1.102,1.101,1.088,1.119,2199980000,2420070000,0
2026-06-01,1.102,1.118,1.102,1.122,1784510000,1989880000,0
2026-06-02,1.123,1.183,1.123,1.189,3811780000,4431830000,0
2026-06-03,1.180,1.154,1.151,1.180,2559840000,2970580000,0
2026-06-04,1.142,1.134,1.129,1.152,1348600000,1532900000,0
2026-06-05,1.136,1.129,1.120,1.148,1474120000,1671200000,0
2026-06-08,1.101,1.097,1.095,1.116,1625670000,1793560000,0
2026-06-09,1.097,1.108,1.092,1.117,2101210000,2327460000,0
2026-06-10,1.100,1.102,1.088,1.106,1667660000,1829560000,0
2026-06-11,1.101,1.074,1.070,1.111,2083010000,2255090000,0
2026-06-12,1.086,1.082,1.081,1.096,1797280000,1955060000,0
2026-06-15,1.100,1.086,1.082,1.105,1417300000,1544500000,0
2026-06-16,1.087,1.060,1.058,1.089,1518170000,1621540000,0
2026-06-17,1.059,1.056,1.051,1.067,1352820000,1433330000,0
2026-06-18,1.048,1.031,1.028,1.051,1682540000,1744540000,0
2026-06-22,1.028,1.029,1.013,1.029,2092840000,2135350000,0
2026-06-23,1.024,0.990,0.988,1.025,2227690000,2236310000,0
2026-06-24,0.993,1.002,0.984,1.019,2971520000,2966820000,0
2026-06-25,0.993,0.972,0.969,0.994,2298260000,2244150000,0
2026-06-26,0.960,0.941,0.938,0.962,2148820000,2038170000,0
2026-06-29,0.957,0.976,0.956,0.988,2673200000,2602050000,0
2026-06-30,0.978,0.979,0.964,0.986,1867750000,1819870000,0
2026-07-01,0.980,0.984,0.977,0.986,760010000,745800000,0
2026-07-02,1.005,0.999,0.997,1.024,2870280000,2901880000,0
2026-07-03,1.002,1.009,1.002,1.023,1744130000,1764290000,0
2026-07-06,1.009,1.026,0.991,1.036,2568580000,2622110000,0
2026-07-07,1.031,1.038,1.030,1.072,3511450000,3690820000,0
2026-07-08,1.043,1.092,1.041,1.107,4645560000,5001910000,0
2026-07-09,1.106,1.088,1.081,1.125,4283230000,4716410000,0
2026-07-10,1.096,1.092,1.080,1.111,2755680000,3022030000,0
2026-07-13,1.088,1.085,1.084,1.115,3284840000,3609530000,0
2026-07-14,1.084,1.085,1.061,1.092,2628520000,2830360000,0
2026-07-15,1.090,1.120,1.075,1.127,4535090000,5017390000,0
2026-07-16,1.136,1.145,1.134,1.162,3647060000,4186470000,0
2026-07-17,1.146,1.097,1.089,1.155,4139620000,4602460000,0
2026-07-20,1.116,1.137,1.115,1.140,3174910000,3593270000,0
2026-07-21,1.144,1.132,1.124,1.152,3201520000,3631000000,0
2026-07-22,1.114,1.082,1.081,1.116,3171700000,3474000000,0
2026-07-23,1.080,1.095,1.072,1.100,2108890000,2300850000,0
2026-07-24,1.075,1.063,1.061,1.080,1945990000,2077580000,0
2026-07-27,1.070,1.090,1.070,1.093,1897640000,2054910000,0
2026-07-28,1.101,1.098,1.090,1.114,2314280000,2546770000,0
2026-07-29,1.114,1.133,1.112,1.142,2773940000,3127950000,0
2026-07-30,1.134,1.139,1.120,1.149,2656760000,3006980000,0
2026-07-31,1.131,1.145,1.121,1.159,3252700000,3712990000,0
2026-08-03,1.162,1.180,1.162,1.185,3091920000,3636710000,0
2026-08-04,1.189,1.178,1.171,1.201,3519360000,4155240000,0
2026-08-05,1.189,1.189,1.173,1.199,2877190000,3419220000,0
2026-08-06,1.175,1.161,1.160,1.180,1841110000,2148750000,0
2026-08-07,1.162,1.160,1.151,1.167,1776040000,2057630000,0
2026-08-10,1.167,1.175,1.164,1.180,1897080000,2224580000,0
2026-08-11,1.185,1.160,1.160,1.193,2020990000,2376030000,0
2026-08-12,1.147,1.135,1.130,1.148,1976310000,2245010000,0
2026-08-13,1.120,1.115,1.114,1.132,1882980000,2115900000,0
2026-08-14,1.104,1.094,1.093,1.106,1864490000,2048080000,0
2026-08-17,1.108,1.114,1.104,1.115,1528220000,1696120000,0
2026-08-18,1.107,1.116,1.094,1.118,1977850000,2186090000,0
2026-08-19,1.103,1.114,1.101,1.120,1647450000,1831150000,0
2026-08-20,1.130,1.131,1.119,1.137,2114430000,2385170000,0
2026-08-21,1.127,1.119,1.110,1.130,2085230000,2326470000,0
2026-08-24,1.093,1.071,1.067,1.093,2150520000,2312290000,0
2026-08-25,1.077,1.072,1.065,1.079,1204140000,1288870000,0
2026-08-26,1.079,1.085,1.078,1.092,1381590000,1500900000,0
2026-08-27,1.090,1.080,1.079,1.091,969430000,1049190000,0
2026-08-28,1.070,1.081,1.064,1.085,1409180000,1520460000,0
2026-08-31,1.080,1.078,1.068,1.084,1350100000,1448790000,0
2026-09-01,1.067,1.059,1.055,1.068,1568650000,1662870000,0
2026-09-02,1.053,1.050,1.041,1.054,1275720000,1334370000,0
2026-09-03,1.057,1.035,1.035,1.059,1205980000,1259530000,0
2026-09-04,1.048,1.056,1.047,1.064,1655720000,1750870000,0
2026-09-07,1.057,1.049,1.043,1.057,892120000,934610000,0
2026-09-08,1.042,1.042,1.039,1.051,1096710000,1144940000,0
2026-09-09,1.042,1.029,1.028,1.042,1007790000,1040630000,0
2026-09-10,1.018,1.010,1.007,1.018,1219850000,1232700000,0
2026-09-11,1.000,1.015,0.998,1.017,1388090000,1400310000,0
2026-09-14,1.007,1.012,1.004,1.019,910770000,920660000,0
2026-09-15,1.018,1.023,1.015,1.035,1466840000,1504790000,0
2026-09-16,1.022,1.015,1.009,1.023,1017450000,1031430000,0
2026-09-17,1.003,1.003,0.999,1.009,1178440000,1181140000,0
2026-09-18,1.009,1.014,1.008,1.016,1149040000,1163790000,0
2026-09-21,1.015,1.030,1.013,1.030,1420950000,1454650000,0
2026-09-22,1.045,1.050,1.044,1.070,2871000000,3036760000,0
2026-09-23,1.050,1.030,1.027,1.053,1387110000,1435860000,0
2026-09-24,1.021,1.025,1.020,1.030,1185710000,1215350000,0
2026-09-28,1.019,1.018,1.011,1.028,1388230000,1412850000,0
2026-09-29,1.016,1.007,1.002,1.017,1537420000,1546130000,0
2026-09-30,1.003,1.006,0.997,1.007,1461230000,1464000000,0
