date,open,high,low,close,volume,amount,turnover
2017-01-03,1.806,1.801,1.784,1.806,4850000,8710000,0
2017-01-04,1.813,1.812,1.808,1.814,2710000,4900000,0
2017-01-05,1.820,1.811,1.811,1.831,1890000,3440000,0
2017-01-06,1.811,1.812,1.809,1.814,1320000,2400000,0
2017-01-09,1.822,1.823,1.817,1.825,2610000,4760000,0
2017-01-10,1.828,1.832,1.822,1.832,1980000,3630000,0
2017-01-11,1.838,1.842,1.838,1.844,1660000,3060000,0
2017-01-12,1.849,1.840,1.840,1.850,1250000,2310000,0
2017-01-13,1.835,1.837,1.832,1.839,1530000,2800000,0
2017-01-16,1.839,1.845,1.839,1.847,2230000,4110000,0
2017-01-17,1.845,1.836,1.834,1.845,1720000,3170000,0
2017-01-18,1.827,1.832,1.823,1.833,2290000,4180000,0
2017-01-19,1.827,1.833,1.826,1.841,1310000,2390000,0
2017-01-20,1.830,1.833,1.828,1.835,770000,1410000,0
2017-01-23,1.830,1.830,1.827,1.836,1390000,2540000,0
2017-01-24,1.829,1.836,1.827,1.836,580000,1060000,0
2017-01-25,1.839,1.851,1.839,1.852,1690000,3130000,0
2017-01-26,1.865,1.881,1.865,1.881,3330000,6240000,0
2017-02-03,1.864,1.868,1.856,1.870,1890000,3520000,0
2017-02-06,1.871,1.874,1.864,1.880,2000000,3740000,0
2017-02-07,1.872,1.874,1.869,1.876,1250000,2350000,0
2017-02-08,1.883,1.889,1.879,1.889,1840000,3470000,0
2017-02-09,1.889,1.894,1.883,1.897,1950000,3690000,0
2017-02-10,1.897,1.913,1.897,1.913,3080000,5860000,0
2017-02-13,1.918,1.916,1.910,1.918,2870000,5490000,0
2017-02-14,1.932,1.915,1.913,1.933,1880000,3610000,0
2017-02-15,1.925,1.929,1.917,1.930,3240000,6240000,0
2017-02-16,1.937,1.938,1.937,1.943,2730000,5290000,0
2017-02-17,1.937,1.931,1.924,1.938,2020000,3900000,0
2017-02-20,1.935,1.937,1.932,1.940,3580000,6940000,0
2017-02-21,1.940,1.939,1.937,1.943,2130000,4120000,0
2017-02-22,1.947,1.965,1.947,1.965,3150000,6160000,0
2017-02-23,1.966,1.963,1.955,1.969,2200000,4320000,0
2017-02-24,1.952,1.957,1.951,1.966,2740000,5370000,0
2017-02-27,1.958,1.947,1.945,1.958,2160000,4210000,0
2017-02-28,1.952,1.955,1.949,1.957,2580000,5050000,0
2017-03-01,1.947,1.947,1.941,1.948,2380000,4630000,0
2017-03-02,1.977,1.989,1.965,2.054,11850000,23450000,0
2017-03-03,1.975,1.978,1.966,1.981,7960000,15710000,0
2017-03-06,1.977,2.020,1.972,2.022,8260000,16500000,0
2017-03-07,2.000,1.993,1.971,2.016,6840000,13670000,0
2017-03-08,1.984,1.978,1.971,1.986,3680000,7270000,0
2017-03-09,1.980,1.979,1.965,1.988,4770000,9420000,0
2017-03-10,1.979,1.995,1.975,1.996,3940000,7820000,0
2017-03-13,2.004,2.010,2.000,2.015,3760000,7550000,0
2017-03-14,2.014,2.025,2.013,2.027,2480000,5020000,0
2017-03-15,2.015,2.019,2.002,2.019,1680000,3380000,0
2017-03-16,2.030,2.040,2.030,2.049,3450000,7050000,0
2017-03-17,2.040,2.034,2.026,2.040,3380000,6860000,0
2017-03-20,2.034,2.028,2.024,2.035,2520000,5110000,0
2017-03-21,2.030,2.040,2.026,2.040,1470000,2980000,0
2017-03-22,1.999,1.977,1.975,1.999,7150000,14220000,0
2017-03-23,1.987,1.982,1.978,1.995,2330000,4630000,0
2017-03-24,1.982,1.955,1.945,1.982,5260000,10290000,0
2017-03-27,1.953,1.936,1.934,1.953,4550000,8840000,0
2017-03-28,1.940,1.959,1.940,1.960,2560000,5000000,0
2017-03-29,1.977,1.990,1.977,1.990,2340000,4650000,0
2017-03-30,2.006,1.992,1.982,2.007,4120000,8190000,0
2017-03-31,2.000,2.007,1.991,2.008,3000000,6010000,0
2017-04-05,2.000,1.990,1.987,2.000,3870000,7710000,0
2017-04-06,1.972,1.969,1.963,1.986,3180000,6260000,0
2017-04-07,1.974,1.963,1.963,1.974,3040000,5980000,0
2017-04-10,1.964,1.972,1.963,1.975,1660000,3270000,0
2017-04-11,1.975,1.969,1.966,1.976,1580000,3110000,0
2017-04-12,1.970,1.968,1.960,1.970,970000,1900000,0
2017-04-13,1.963,1.954,1.952,1.963,1350000,2650000,0
2017-04-14,1.949,1.935,1.933,1.949,3000000,5810000,0
2017-04-17,1.932,1.936,1.907,1.937,1840000,3540000,0
2017-04-18,1.951,1.964,1.951,1.968,3360000,6580000,0
2017-04-19,1.960,1.952,1.950,1.963,1530000,2980000,0
2017-04-20,1.955,1.949,1.945,1.956,2370000,4620000,0
2017-04-21,1.970,1.968,1.966,1.973,4220000,8310000,0
2017-04-24,1.970,1.984,1.969,1.987,3980000,7880000,0
2017-04-25,1.998,2.000,1.993,2.001,4670000,9320000,0
2017-04-26,2.012,2.020,2.011,2.024,8810000,17780000,0
2017-04-27,2.020,2.006,2.001,2.020,4350000,8730000,0
2017-04-28,2.018,2.019,2.014,2.024,2400000,4840000,0
2017-05-02,2.035,2.042,2.035,2.043,3960000,8080000,0
2017-05-03,2.043,2.039,2.037,2.049,3760000,7660000,0
2017-05-04,2.033,2.033,2.027,2.035,2870000,5830000,0
2017-05-05,2.033,2.027,2.024,2.038,2110000,4280000,0
2017-05-08,2.040,2.063,2.036,2.067,5660000,11650000,0
2017-05-09,2.063,2.072,2.063,2.076,6180000,12800000,0
2017-05-10,2.079,2.071,2.066,2.080,4310000,8920000,0
2017-05-11,2.069,2.070,2.067,2.078,2560000,5300000,0
2017-05-12,2.061,2.051,2.050,2.062,5540000,11380000,0
2017-05-15,2.054,2.060,2.054,2.062,2680000,5520000,0
2017-05-16,2.072,2.073,2.070,2.076,3750000,7780000,0
2017-05-17,2.073,2.064,2.060,2.073,3240000,6680000,0
2017-05-18,2.001,2.020,1.999,2.025,11990000,24160000,0
2017-05-19,2.039,2.033,2.029,2.040,3260000,6630000,0
2017-05-22,2.042,2.050,2.039,2.050,5190000,10610000,0
2017-05-23,2.062,2.070,2.062,2.071,3460000,7140000,0
2017-05-24,2.071,2.069,2.062,2.072,3200000,6610000,0
2017-05-25,2.074,2.082,2.073,2.082,2370000,4920000,0
2017-05-26,2.089,2.108,2.089,2.109,4940000,10400000,0
2017-05-31,2.108,2.107,2.099,2.109,2500000,5260000,0
2017-06-01,2.100,2.087,2.078,2.100,4970000,10360000,0
2017-06-02,2.105,2.117,2.104,2.128,4400000,9320000,0
2017-06-05,2.140,2.135,2.134,2.148,3370000,7210000,0
2017-06-06,2.121,2.123,2.114,2.125,3420000,7250000,0
2017-06-07,2.117,2.112,2.105,2.117,5910000,12460000,0
2017-06-08,2.122,2.119,2.114,2.122,2310000,4900000,0
2017-06-09,2.128,2.123,2.116,2.128,4100000,8690000,0
2017-06-12,2.076,2.097,2.067,2.100,7310000,15240000,0
2017-06-13,2.080,2.079,2.067,2.087,6350000,13170000,0
2017-06-14,2.093,2.078,2.074,2.094,4060000,8450000,0
2017-06-15,2.068,2.044,2.040,2.068,7350000,15060000,0
2017-06-16,2.032,2.052,2.030,2.055,2920000,5970000,0
2017-06-19,2.049,2.051,2.036,2.051,2630000,5370000,0
2017-06-20,2.079,2.079,2.069,2.080,4530000,9390000,0
2017-06-21,2.054,2.054,2.048,2.058,4070000,8340000,0
2017-06-22,2.058,2.072,2.058,2.076,4750000,9820000,0
2017-06-23,2.072,2.072,2.068,2.073,2190000,4530000,0
2017-06-26,2.078,2.084,2.078,2.085,3460000,7210000,0
2017-06-27,2.078,2.073,2.069,2.079,3850000,7970000,0
2017-06-28,2.035,2.034,2.030,2.039,10740000,21820000,0
2017-06-29,2.059,2.049,2.034,2.062,7650000,15690000,0
2017-06-30,2.016,2.013,2.007,2.018,8720000,17530000,0
2017-07-03,2.012,2.017,2.006,2.017,8350000,16790000,0
2017-07-04,2.001,1.993,1.991,2.001,5620000,11200000,0
2017-07-05,1.993,2.000,1.992,2.000,2750000,5480000,0
2017-07-06,2.010,2.013,2.007,2.016,3070000,6170000,0
2017-07-07,1.992,1.998,1.992,2.004,3350000,6690000,0
2017-07-10,2.013,2.021,2.011,2.024,3610000,7300000,0
2017-07-11,2.026,2.026,2.023,2.035,3310000,6710000,0
2017-07-12,2.030,2.032,2.027,2.034,3420000,6950000,0
2017-07-13,2.059,2.060,2.056,2.061,4200000,8650000,0
2017-07-14,2.062,2.056,2.056,2.065,3210000,6600000,0
2017-07-17,2.069,2.070,2.067,2.077,4890000,10140000,0
2017-07-18,2.063,2.073,2.062,2.074,4620000,9570000,0
2017-07-19,2.082,2.089,2.082,2.092,4120000,8620000,0
2017-07-20,2.100,2.098,2.094,2.103,3180000,6680000,0
2017-07-21,2.095,2.095,2.092,2.098,2880000,6020000,0
2017-07-24,2.094,2.094,2.086,2.094,2320000,4860000,0
2017-07-25,2.096,2.098,2.096,2.100,1940000,4060000,0
2017-07-26,2.096,2.098,2.095,2.100,2640000,5530000,0
2017-07-27,2.105,2.116,2.102,2.116,2560000,5390000,0
2017-07-28,2.091,2.079,2.077,2.091,4230000,8820000,0
2017-07-31,2.081,2.077,2.074,2.082,4020000,8350000,0
2017-08-01,2.072,2.081,2.060,2.081,4800000,9950000,0
2017-08-02,2.088,2.098,2.085,2.098,2980000,6230000,0
2017-08-03,2.094,2.083,2.081,2.094,2070000,4320000,0
2017-08-04,2.079,2.075,2.072,2.079,2300000,4770000,0
2017-08-07,2.077,2.087,2.077,2.088,2170000,4520000,0
2017-08-08,2.096,2.092,2.087,2.100,2950000,6170000,0
2017-08-09,2.077,2.075,2.074,2.084,1620000,3350000,0
2017-08-10,2.072,2.066,2.064,2.073,2510000,5180000,0
2017-08-11,2.030,2.031,2.020,2.034,3650000,7390000,0
2017-08-14,2.040,2.044,2.040,2.053,2570000,5270000,0
2017-08-15,2.069,2.075,2.068,2.076,2800000,5800000,0
2017-08-16,2.070,2.063,2.062,2.074,3200000,6610000,0
2017-08-17,2.069,2.062,2.060,2.069,2580000,5320000,0
2017-08-18,2.022,2.044,2.022,2.044,2090000,4260000,0
2017-08-21,2.041,2.040,2.033,2.046,850000,1730000,0
2017-08-22,2.038,2.053,2.033,2.054,1600000,3260000,0
2017-08-23,2.069,2.062,2.061,2.072,1350000,2790000,0
2017-08-24,2.060,2.045,2.044,2.060,1120000,2290000,0
2017-08-25,2.046,2.050,2.038,2.055,1650000,3360000,0
2017-08-28,2.049,2.039,2.035,2.049,2620000,5340000,0
2017-08-29,2.037,2.030,2.022,2.040,1720000,3480000,0
2017-08-30,2.039,2.038,2.035,2.042,1600000,3270000,0
2017-08-31,2.057,2.056,2.052,2.059,2560000,5270000,0
2017-09-01,2.068,2.069,2.065,2.070,2460000,5080000,0
2017-09-04,2.059,2.056,2.055,2.067,1860000,3820000,0
2017-09-05,2.056,2.055,2.054,2.058,640000,1320000,0
2017-09-06,2.042,2.041,2.036,2.042,1330000,2710000,0
2017-09-07,2.041,2.036,2.035,2.044,1260000,2570000,0
2017-09-08,2.038,2.039,2.038,2.048,1090000,2230000,0
2017-09-11,2.035,2.036,2.025,2.037,1520000,3090000,0
2017-09-12,2.048,2.048,2.043,2.060,2790000,5710000,0
2017-09-13,2.052,2.048,2.045,2.052,1830000,3760000,0
2017-09-14,2.050,2.059,2.047,2.059,2710000,5560000,0
2017-09-15,2.050,2.050,2.044,2.052,1590000,3250000,0
2017-09-18,2.051,2.058,2.051,2.058,1820000,3740000,0
2017-09-19,2.053,2.058,2.052,2.058,1040000,2130000,0
2017-09-20,2.059,2.060,2.058,2.061,1080000,2230000,0
2017-09-21,2.059,2.058,2.055,2.060,920000,1900000,0
2017-09-22,2.058,2.051,2.049,2.058,1250000,2560000,0
2017-09-25,2.055,2.048,2.048,2.055,890000,1820000,0
2017-09-26,2.038,2.033,2.028,2.038,3190000,6480000,0
2017-09-27,2.038,2.044,2.036,2.044,1870000,3810000,0
2017-09-28,2.057,2.062,2.056,2.063,1950000,4030000,0
2017-09-29,2.064,2.070,2.062,2.071,2630000,5430000,0
2017-10-09,2.104,2.093,2.080,2.109,4270000,8990000,0
2017-10-10,2.096,2.092,2.092,2.101,1540000,3230000,0
2017-10-11,2.094,2.101,2.094,2.104,1060000,2220000,0
2017-10-12,2.103,2.104,2.099,2.105,1850000,3890000,0
2017-10-13,2.103,2.102,2.098,2.103,1740000,3650000,0
2017-10-16,2.106,2.112,2.102,2.112,1330000,2810000,0
2017-10-17,2.120,2.122,2.113,2.122,890000,1880000,0
2017-10-18,2.123,2.119,2.118,2.128,1830000,3890000,0
2017-10-19,2.126,2.123,2.120,2.126,1180000,2500000,0
2017-10-20,2.115,2.123,2.106,2.124,3770000,7980000,0
2017-10-23,2.125,2.128,2.123,2.129,1040000,2220000,0
2017-10-24,2.123,2.119,2.112,2.123,1080000,2280000,0
2017-10-25,2.118,2.123,2.115,2.124,1200000,2550000,0
2017-10-26,2.123,2.113,2.111,2.123,1410000,2980000,0
2017-10-27,2.113,2.125,2.113,2.128,4060000,8600000,0
2017-10-30,2.162,2.168,2.162,2.170,2260000,4900000,0
2017-10-31,2.168,2.172,2.168,2.176,1280000,2770000,0
2017-11-01,2.178,2.183,2.177,2.198,1890000,4110000,0
2017-11-02,2.185,2.176,2.172,2.185,930000,2020000,0
2017-11-03,2.176,2.179,2.170,2.182,1670000,3630000,0
2017-11-06,2.186,2.186,2.179,2.193,1600000,3500000,0
2017-11-07,2.193,2.191,2.190,2.196,1800000,3940000,0
2017-11-08,2.189,2.195,2.182,2.196,2680000,5880000,0
2017-11-09,2.207,2.202,2.192,2.207,1160000,2550000,0
2017-11-10,2.193,2.196,2.193,2.197,1370000,3010000,0
2017-11-13,2.194,2.197,2.186,2.197,5580000,12230000,0
2017-11-14,2.196,2.200,2.196,2.200,1170000,2560000,0
2017-11-15,2.197,2.185,2.184,2.197,1820000,3970000,0
2017-11-16,2.180,2.177,2.171,2.180,1950000,4240000,0
2017-11-17,2.197,2.203,2.197,2.206,2060000,4530000,0
2017-11-20,2.200,2.194,2.191,2.200,1080000,2360000,0
2017-11-21,2.197,2.198,2.194,2.200,1450000,3180000,0
2017-11-22,2.211,2.215,2.211,2.222,2210000,4890000,0
2017-11-23,2.218,2.208,2.207,2.218,1840000,4060000,0
2017-11-24,2.211,2.208,2.203,2.214,1740000,3840000,0
2017-11-27,2.210,2.219,2.210,2.219,2230000,4950000,0
2017-11-28,2.218,2.224,2.217,2.224,1420000,3150000,0
2017-11-29,2.229,2.246,2.229,2.247,4350000,9740000,0
2017-11-30,2.218,2.214,2.206,2.218,2720000,6010000,0
2017-12-01,2.232,2.241,2.228,2.243,1850000,4130000,0
2017-12-04,2.241,2.262,2.235,2.289,4850000,10950000,0
2017-12-05,2.229,2.200,2.195,2.229,4800000,10610000,0
2017-12-06,2.194,2.175,2.169,2.208,4790000,10430000,0
2017-12-07,2.189,2.190,2.179,2.194,1760000,3860000,0
2017-12-08,2.200,2.210,2.200,2.210,3070000,6780000,0
2017-12-11,2.211,2.220,2.210,2.220,2140000,4730000,0
2017-12-12,2.229,2.235,2.227,2.235,2340000,5230000,0
2017-12-13,2.231,2.237,2.228,2.238,1420000,3180000,0
2017-12-14,2.240,2.243,2.235,2.245,1880000,4210000,0
2017-12-15,2.231,2.232,2.227,2.242,1000000,2230000,0
2017-12-18,2.257,2.266,2.253,2.266,2010000,4550000,0
2017-12-19,2.289,2.280,2.270,2.295,2360000,5390000,0
2017-12-20,2.270,2.276,2.265,2.277,1840000,4170000,0
2017-12-21,2.273,2.262,2.260,2.275,2500000,5670000,0
2017-12-22,2.262,2.269,2.260,2.270,910000,2060000,0
2017-12-25,2.265,2.262,2.252,2.268,1720000,3880000,0
2017-12-26,2.261,2.261,2.253,2.264,1850000,4170000,0
2017-12-27,2.256,2.234,2.229,2.256,2890000,6470000,0
2017-12-28,2.234,2.227,2.221,2.239,2890000,6430000,0
2017-12-29,2.228,2.229,2.222,2.231,1850000,4120000,0
2018-01-02,2.219,2.218,2.206,2.219,3200000,7090000,0
2018-01-03,2.243,2.248,2.240,2.251,3500000,7860000,0
2018-01-04,2.260,2.256,2.248,2.264,3150000,7110000,0
2018-01-05,2.256,2.250,2.248,2.257,3180000,7160000,0
2018-01-08,2.263,2.268,2.259,2.269,4250000,9610000,0
2018-01-09,2.270,2.274,2.266,2.275,3510000,7980000,0
2018-01-10,2.273,2.285,2.271,2.287,4120000,9380000,0
2018-01-11,2.279,2.283,2.275,2.289,4370000,9970000,0
2018-01-12,2.295,2.312,2.291,2.317,4160000,9560000,0
2018-01-15,2.311,2.309,2.305,2.319,2700000,6240000,0
2018-01-16,2.311,2.306,2.300,2.311,2420000,5570000,0
2018-01-17,2.296,2.293,2.284,2.296,3100000,7110000,0
2018-01-18,2.309,2.313,2.308,2.316,2970000,6860000,0
2018-01-19,2.309,2.310,2.305,2.314,2600000,6000000,0
2018-01-22,2.318,2.300,2.300,2.318,2820000,6500000,0
2018-01-23,2.317,2.326,2.316,2.328,3870000,8990000,0
2018-01-24,2.330,2.344,2.330,2.344,4720000,11020000,0
2018-01-25,2.328,2.324,2.320,2.328,2020000,4680000,0
2018-01-26,2.324,2.320,2.314,2.324,3230000,7480000,0
2018-01-29,2.341,2.344,2.340,2.345,2890000,6770000,0
2018-01-30,2.333,2.320,2.318,2.333,3080000,7160000,0
2018-01-31,2.303,2.309,2.293,2.309,2700000,6210000,0
2018-02-01,2.311,2.305,2.304,2.320,2600000,6020000,0
2018-02-02,2.293,2.294,2.290,2.300,4180000,9600000,0
2018-02-05,2.245,2.227,2.201,2.245,7130000,15850000,0
2018-02-06,2.090,2.095,2.090,2.126,12070000,25380000,0
2018-02-07,2.160,2.164,2.158,2.190,8860000,19270000,0
2018-02-08,2.160,2.169,2.142,2.174,2310000,5000000,0
2018-02-09,2.079,2.092,2.058,2.095,11110000,23150000,0
2018-02-12,2.114,2.131,2.103,2.132,4640000,9810000,0
2018-02-13,2.161,2.164,2.155,2.172,2420000,5230000,0
2018-02-14,2.177,2.193,2.174,2.193,1690000,3690000,0
2018-02-22,2.231,2.232,2.223,2.236,3420000,7630000,0
2018-02-23,2.243,2.249,2.236,2.257,4500000,10120000,0
2018-02-26,2.282,2.292,2.282,2.298,2680000,6140000,0
2018-02-27,2.323,2.320,2.317,2.325,2340000,5420000,0
2018-02-28,2.283,2.286,2.279,2.289,3860000,8820000,0
2018-03-01,2.281,2.288,2.266,2.288,2790000,6360000,0
2018-03-02,2.263,2.253,2.248,2.263,3160000,7110000,0
2018-03-05,2.271,2.268,2.263,2.273,1630000,3710000,0
2018-03-06,2.298,2.298,2.292,2.299,1230000,2830000,0
2018-03-07,2.295,2.284,2.281,2.295,1710000,3910000,0
2018-03-08,2.297,2.302,2.297,2.304,1320000,3040000,0
2018-03-09,2.311,2.319,2.311,2.321,1530000,3560000,0
2018-03-12,2.370,2.368,2.361,2.380,3350000,7930000,0
2018-03-13,2.369,2.368,2.363,2.373,2550000,6030000,0
2018-03-14,2.340,2.338,2.333,2.342,1020000,2390000,0
2018-03-15,2.332,2.337,2.322,2.346,1960000,4580000,0
2018-03-16,2.338,2.338,2.334,2.341,1320000,3080000,0
2018-03-19,2.338,2.333,2.333,2.340,990000,2310000,0
2018-03-20,2.296,2.293,2.282,2.296,2490000,5690000,0
2018-03-21,2.293,2.294,2.293,2.307,840000,1930000,0
2018-03-22,2.294,2.288,2.287,2.294,870000,2000000,0
2018-03-23,2.218,2.204,2.198,2.218,4790000,10560000,0
2018-03-26,2.162,2.187,2.162,2.200,3590000,7800000,0
2018-03-27,2.238,2.270,2.231,2.277,3070000,6920000,0
2018-03-28,2.191,2.185,2.175,2.200,3950000,8650000,0
2018-03-29,2.176,2.186,2.160,2.187,2880000,6240000,0
2018-03-30,2.195,2.194,2.186,2.207,1860000,4090000,0
2018-04-02,2.189,2.177,2.172,2.189,1660000,3620000,0
2018-04-03,2.133,2.126,2.119,2.133,3890000,8260000,0
2018-04-04,2.133,2.130,2.130,2.137,1910000,4070000,0
2018-04-09,2.132,2.143,2.131,2.145,3360000,7190000,0
2018-04-10,2.156,2.186,2.153,2.187,4200000,9110000,0
2018-04-11,2.199,2.185,2.183,2.210,2440000,5350000,0
2018-04-12,2.182,2.181,2.175,2.183,2130000,4640000,0
2018-04-13,2.195,2.203,2.194,2.203,1920000,4220000,0
2018-04-16,2.195,2.189,2.185,2.195,2050000,4490000,0
2018-04-17,2.197,2.208,2.197,2.209,1960000,4320000,0
2018-04-18,2.262,2.247,2.242,2.262,3450000,7760000,0
2018-04-19,2.249,2.249,2.249,2.253,2060000,4640000,0
2018-04-20,2.237,2.236,2.230,2.245,1340000,2990000,0
2018-04-23,2.209,2.202,2.198,2.228,2810000,6190000,0
2018-04-24,2.194,2.215,2.185,2.215,3500000,7710000,0
2018-04-25,2.167,2.171,2.166,2.173,3150000,6820000,0
2018-04-26,2.174,2.171,2.167,2.178,2440000,5310000,0
2018-04-27,2.201,2.233,2.201,2.235,5130000,11380000,0
2018-05-02,2.235,2.231,2.217,2.235,1550000,3460000,0
2018-05-03,2.219,2.221,2.211,2.225,2110000,4690000,0
2018-05-04,2.219,2.228,2.216,2.228,1360000,3010000,0
2018-05-07,2.270,2.270,2.262,2.273,3830000,8690000,0
2018-05-08,2.277,2.274,2.273,2.285,3270000,7450000,0
2018-05-09,2.274,2.272,2.271,2.279,1460000,3320000,0
2018-05-10,2.305,2.304,2.298,2.306,1820000,4180000,0
2018-05-11,2.325,2.317,2.316,2.330,2220000,5140000,0
2018-05-14,2.317,2.315,2.309,2.320,2260000,5230000,0
2018-05-15,2.315,2.311,2.302,2.315,5460000,12600000,0
2018-05-16,2.292,2.289,2.285,2.308,1670000,3810000,0
2018-05-17,2.303,2.309,2.303,2.312,2150000,4950000,0
2018-05-18,2.304,2.308,2.304,2.310,980000,2260000,0
2018-05-21,2.310,2.324,2.308,2.327,3080000,7160000,0
2018-05-22,2.323,2.316,2.308,2.323,1760000,4080000,0
2018-05-23,2.312,2.298,2.297,2.312,1540000,3550000,0
2018-05-24,2.336,2.323,2.312,2.336,1900000,4400000,0
2018-05-25,2.323,2.327,2.322,2.328,1710000,3970000,0
2018-05-28,2.327,2.337,2.325,2.340,1110000,2590000,0
2018-05-29,2.337,2.335,2.327,2.342,1570000,3670000,0
2018-05-30,2.320,2.319,2.312,2.324,2120000,4920000,0
2018-05-31,2.335,2.350,2.335,2.350,1640000,3840000,0
2018-06-01,2.345,2.341,2.333,2.348,1940000,4530000,0
2018-06-04,2.375,2.384,2.375,2.384,3170000,7550000,0
2018-06-05,2.394,2.414,2.391,2.415,5390000,12990000,0
2018-06-06,2.415,2.420,2.415,2.429,2750000,6650000,0
2018-06-07,2.433,2.439,2.433,2.441,4010000,9770000,0
2018-06-08,2.422,2.405,2.404,2.423,3190000,7690000,0
2018-06-11,2.405,2.431,2.405,2.440,2760000,6700000,0
2018-06-12,2.437,2.438,2.421,2.438,2470000,5990000,0
2018-06-13,2.449,2.451,2.449,2.466,2250000,5530000,0
2018-06-14,2.443,2.436,2.430,2.443,3140000,7650000,0
2018-06-15,2.452,2.472,2.452,2.476,3310000,8160000,0
2018-06-19,2.472,2.442,2.435,2.472,4850000,11900000,0
2018-06-20,2.440,2.458,2.440,2.470,4380000,10710000,0
2018-06-21,2.475,2.505,2.475,2.513,6900000,17260000,0
2018-06-22,2.464,2.488,2.464,2.493,7780000,19240000,0
2018-06-25,2.470,2.471,2.462,2.486,5910000,14620000,0
2018-06-26,2.420,2.431,2.410,2.442,8890000,21540000,0
2018-06-27,2.449,2.413,2.412,2.449,8300000,20160000,0
2018-06-28,2.388,2.396,2.385,2.397,5400000,12920000,0
2018-06-29,2.427,2.449,2.422,2.449,5790000,14120000,0
2018-07-02,2.448,2.437,2.434,2.448,3790000,9260000,0
2018-07-03,2.465,2.503,2.465,2.506,8030000,20010000,0
2018-07-04,2.471,2.459,2.451,2.480,6080000,14980000,0
2018-07-05,2.451,2.460,2.445,2.463,2810000,6920000,0
2018-07-06,2.492,2.497,2.480,2.500,4970000,12390000,0
2018-07-09,2.539,2.574,2.527,2.574,8320000,21260000,0
2018-07-10,2.592,2.604,2.570,2.620,6330000,16430000,0
2018-07-11,2.570,2.554,2.539,2.585,14630000,37440000,0
2018-07-12,2.559,2.578,2.550,2.578,11450000,29400000,0
2018-07-13,2.600,2.603,2.591,2.616,11750000,30590000,0
2018-07-16,2.600,2.584,2.580,2.600,5420000,14030000,0
2018-07-17,2.577,2.559,2.555,2.578,12090000,30960000,0
2018-07-18,2.594,2.595,2.584,2.597,8570000,22220000,0
2018-07-19,2.596,2.607,2.590,2.608,5950000,15470000,0
2018-07-20,2.598,2.610,2.596,2.614,7120000,18550000,0
2018-07-23,2.596,2.602,2.594,2.604,5700000,14810000,0
2018-07-24,2.622,2.641,2.622,2.642,8310000,21890000,0
2018-07-25,2.633,2.650,2.626,2.651,9740000,25720000,0
2018-07-26,2.666,2.656,2.651,2.666,11920000,31700000,0
2018-07-27,2.651,2.658,2.646,2.691,14810000,39520000,0
2018-07-30,2.613,2.646,2.609,2.648,8780000,23090000,0
2018-07-31,2.610,2.584,2.572,2.615,18830000,48750000,0
2018-08-01,2.603,2.617,2.593,2.618,11610000,30230000,0
2018-08-02,2.618,2.623,2.615,2.636,11550000,30340000,0
2018-08-03,2.657,2.702,2.653,2.708,16940000,45340000,0
2018-08-06,2.691,2.768,2.683,2.773,29440000,80220000,0
2018-08-07,2.764,2.754,2.741,2.819,36190000,100690000,0
2018-08-08,2.758,2.710,2.692,2.758,30070000,81580000,0
2018-08-09,2.700,2.673,2.659,2.700,43560000,116560000,0
2018-08-10,2.663,2.667,2.653,2.680,24700000,65820000,0
2018-08-13,2.649,2.660,2.635,2.673,25910000,68950000,0
2018-08-14,2.668,2.679,2.663,2.682,14670000,39210000,0
2018-08-15,2.698,2.710,2.694,2.720,26320000,71270000,0
2018-08-16,2.666,2.662,2.661,2.685,21290000,56900000,0
2018-08-17,2.673,2.668,2.667,2.675,16370000,43690000,0
2018-08-20,2.672,2.655,2.643,2.672,20140000,53450000,0
2018-08-21,2.649,2.638,2.632,2.649,24260000,63990000,0
2018-08-22,2.640,2.636,2.632,2.643,16330000,43060000,0
2018-08-23,2.646,2.665,2.646,2.668,18570000,49430000,0
2018-08-24,2.663,2.666,2.661,2.670,12470000,33240000,0
2018-08-27,2.678,2.678,2.672,2.686,21070000,56380000,0
2018-08-28,2.700,2.705,2.695,2.713,21670000,58640000,0
2018-08-29,2.707,2.708,2.701,2.711,12550000,33980000,0
2018-08-30,2.731,2.748,2.731,2.755,25440000,69820000,0
2018-08-31,2.740,2.740,2.733,2.746,20280000,55540000,0
2018-09-03,2.743,2.742,2.739,2.752,13360000,36670000,0
2018-09-04,2.747,2.754,2.743,2.754,12250000,33660000,0
2018-09-05,2.743,2.728,2.724,2.743,16840000,46000000,0
2018-09-06,2.690,2.684,2.683,2.693,19080000,51290000,0
2018-09-07,2.662,2.662,2.658,2.665,18620000,49550000,0
2018-09-10,2.660,2.680,2.660,2.681,13620000,36410000,0
2018-09-11,2.686,2.693,2.684,2.696,19140000,51550000,0
2018-09-12,2.728,2.722,2.706,2.728,15770000,42850000,0
2018-09-13,2.710,2.695,2.690,2.710,14240000,38380000,0
2018-09-14,2.712,2.722,2.710,2.723,14280000,38780000,0
2018-09-17,2.714,2.709,2.709,2.715,9690000,26280000,0
2018-09-18,2.663,2.673,2.658,2.673,21770000,57970000,0
2018-09-19,2.695,2.696,2.686,2.699,21800000,58760000,0
2018-09-20,2.691,2.691,2.689,2.697,14760000,39740000,0
2018-09-21,2.722,2.720,2.713,2.723,21540000,58500000,0
2018-09-25,2.702,2.709,2.701,2.710,12550000,33950000,0
2018-09-26,2.713,2.726,2.707,2.742,28130000,76590000,0
2018-09-27,2.714,2.721,2.714,2.723,13430000,36510000,0
2018-09-28,2.745,2.754,2.745,2.759,23150000,63730000,0
2018-10-08,2.662,2.677,2.662,2.688,12880000,34520000,0
2018-10-09,2.676,2.675,2.667,2.682,10020000,26790000,0
2018-10-10,2.679,2.685,2.676,2.685,9940000,26630000,0
2018-10-11,2.550,2.510,2.503,2.550,52800000,132900000,0
2018-10-12,2.510,2.564,2.506,2.566,27160000,68850000,0
2018-10-15,2.575,2.555,2.554,2.587,20250000,51990000,0
2018-10-16,2.559,2.559,2.558,2.567,8060000,20640000,0
2018-10-17,2.636,2.647,2.630,2.648,13000000,34270000,0
2018-10-18,2.630,2.619,2.617,2.634,11860000,31080000,0
2018-10-19,2.579,2.599,2.550,2.599,19500000,50510000,0
2018-10-22,2.576,2.587,2.564,2.589,23190000,59770000,0
2018-10-23,2.576,2.544,2.542,2.580,27910000,71360000,0
2018-10-24,2.562,2.560,2.556,2.578,24450000,62700000,0
2018-10-25,2.459,2.477,2.453,2.480,24710000,61010000,0
2018-10-26,2.496,2.490,2.476,2.497,27030000,67270000,0
2018-10-29,2.490,2.483,2.483,2.502,13390000,33330000,0
2018-10-30,2.448,2.449,2.438,2.461,28280000,69220000,0
2018-10-31,2.468,2.486,2.468,2.486,17080000,42270000,0
2018-11-01,2.528,2.514,2.513,2.535,15050000,38030000,0
2018-11-02,2.532,2.547,2.527,2.559,22630000,57450000,0
2018-11-05,2.509,2.505,2.496,2.509,10820000,27070000,0
2018-11-06,2.504,2.499,2.494,2.509,21840000,54610000,0
2018-11-07,2.525,2.528,2.525,2.542,17280000,43740000,0
2018-11-08,2.594,2.588,2.585,2.604,12620000,32720000,0
2018-11-09,2.580,2.575,2.573,2.583,10390000,26780000,0
2018-11-12,2.548,2.568,2.544,2.568,9140000,23380000,0
2018-11-13,2.481,2.491,2.475,2.493,20340000,50520000,0
2018-11-14,2.485,2.483,2.479,2.489,10240000,25440000,0
2018-11-15,2.458,2.464,2.455,2.469,25930000,63750000,0
2018-11-16,2.489,2.474,2.472,2.489,56640000,140490000,0
2018-11-19,2.472,2.484,2.472,2.485,20510000,50880000,0
2018-11-20,2.404,2.396,2.393,2.410,27700000,66430000,0
2018-11-21,2.360,2.379,2.360,2.380,21340000,50540000,0
2018-11-22,2.380,2.377,2.368,2.385,8660000,20570000,0
2018-11-23,2.370,2.361,2.360,2.370,12470000,29500000,0
2018-11-26,2.363,2.382,2.360,2.382,27980000,66460000,0
2018-11-27,2.405,2.410,2.399,2.411,8940000,21500000,0
2018-11-28,2.422,2.435,2.422,2.440,24670000,60010000,0
2018-11-29,2.499,2.483,2.483,2.499,27740000,69070000,0
2018-11-30,2.481,2.493,2.477,2.496,20530000,51170000,0
2018-12-03,2.556,2.558,2.541,2.560,24260000,61950000,0
2018-12-04,2.544,2.513,2.504,2.544,17660000,44540000,0
2018-12-05,2.421,2.444,2.421,2.445,11170000,27250000,0
2018-12-06,2.418,2.404,2.399,2.420,33540000,80660000,0
2018-12-07,2.450,2.440,2.440,2.451,9210000,22510000,0
2018-12-10,2.368,2.368,2.363,2.379,19830000,46960000,0
2018-12-11,2.389,2.399,2.389,2.429,93150000,223990000,0
2018-12-12,2.420,2.429,2.412,2.442,95870000,232720000,0
2018-12-13,2.440,2.443,2.434,2.456,67860000,165810000,0
2018-12-14,2.427,2.411,2.408,2.427,22320000,53930000,0
2018-12-17,2.385,2.387,2.370,2.388,26360000,62870000,0
2018-12-18,2.339,2.337,2.329,2.343,14780000,34520000,0
2018-12-19,2.345,2.336,2.334,2.346,15350000,35910000,0
2018-12-20,2.300,2.272,2.266,2.300,22760000,51880000,0
2018-12-21,2.261,2.267,2.250,2.268,26540000,59930000,0
2018-12-24,2.202,2.194,2.186,2.208,46740000,102480000,0
2018-12-25,2.132,2.123,2.118,2.133,23590000,50080000,0
2018-12-26,2.124,2.120,2.116,2.127,33380000,70770000,0
2018-12-27,2.234,2.236,2.229,2.257,71600000,160520000,0
2018-12-28,2.253,2.243,2.243,2.259,13140000,29560000,0
2019-01-02,2.268,2.233,2.232,2.274,16250000,36570000,0
2019-01-03,2.229,2.225,2.222,2.238,28800000,64310000,0
2019-01-04,2.183,2.224,2.182,2.226,39960000,88170000,0
2019-01-07,2.305,2.296,2.289,2.308,65270000,150080000,0
2019-01-08,2.313,2.328,2.312,2.336,66780000,155390000,0
2019-01-09,2.345,2.341,2.338,2.358,29000000,68150000,0
2019-01-10,2.341,2.322,2.322,2.342,50790000,118270000,0
2019-01-11,2.339,2.328,2.326,2.342,6280000,14630000,0
2019-01-14,2.319,2.302,2.300,2.319,54310000,125150000,0
2019-01-15,2.307,2.322,2.301,2.322,38470000,89050000,0
2019-01-16,2.348,2.351,2.347,2.360,31280000,73650000,0
2019-01-17,2.344,2.334,2.334,2.346,48170000,112830000,0
2019-01-18,2.370,2.378,2.370,2.381,8630000,20500000,0
2019-01-21,2.384,2.392,2.384,2.397,48350000,115680000,0
2019-01-22,2.392,2.379,2.377,2.392,33320000,79470000,0
2019-01-23,2.364,2.353,2.350,2.366,41110000,96960000,0
2019-01-24,2.357,2.355,2.352,2.360,15530000,36600000,0
2019-01-25,2.361,2.371,2.359,2.375,53100000,125670000,0
2019-01-28,2.394,2.370,2.366,2.394,18480000,43890000,0
2019-01-29,2.349,2.345,2.340,2.351,7740000,18150000,0
2019-01-30,2.339,2.339,2.334,2.342,11990000,28030000,0
2019-01-31,2.387,2.395,2.386,2.395,15560000,37200000,0
2019-02-01,2.406,2.427,2.401,2.427,42400000,102140000,0
2019-02-11,2.422,2.439,2.422,2.439,8770000,21330000,0
2019-02-12,2.446,2.459,2.445,2.460,26070000,63990000,0
2019-02-13,2.478,2.488,2.478,2.489,11160000,27720000,0
2019-02-14,2.481,2.480,2.471,2.481,18210000,45070000,0
2019-02-15,2.470,2.458,2.458,2.474,10120000,24950000,0
2019-02-18,2.480,2.491,2.480,2.491,27510000,68410000,0
2019-02-19,2.492,2.493,2.491,2.498,26320000,65670000,0
2019-02-20,2.488,2.475,2.471,2.488,51260000,127000000,0
2019-02-21,2.465,2.476,2.465,2.479,9970000,24650000,0
2019-02-22,2.343,2.463,2.343,2.469,77510000,190780000,0
2019-02-25,2.475,2.476,2.469,2.483,74950000,185350000,0
2019-02-26,2.470,2.462,2.460,2.471,78990000,194710000,0
2019-02-27,2.468,2.465,2.464,2.474,113110000,279580000,0
2019-02-28,2.465,2.461,2.459,2.470,60730000,149800000,0
2019-03-01,2.468,2.487,2.468,2.488,50160000,124370000,0
2019-03-04,2.504,2.501,2.495,2.507,42510000,106330000,0
2019-03-05,2.488,2.486,2.485,2.491,25160000,62570000,0
2019-03-06,2.485,2.491,2.485,2.499,73470000,182920000,0
2019-03-07,2.477,2.471,2.470,2.479,65770000,162680000,0
2019-03-08,2.456,2.442,2.440,2.456,83470000,204540000,0
2019-03-11,2.447,2.458,2.447,2.459,38230000,93810000,0
2019-03-12,2.503,2.508,2.501,2.517,83510000,209670000,0
2019-03-13,2.510,2.509,2.503,2.516,68480000,171830000,0
2019-03-14,2.524,2.535,2.523,2.540,28110000,71190000,0
2019-03-15,2.535,2.541,2.533,2.545,21370000,54240000,0
2019-03-18,2.547,2.558,2.547,2.569,25460000,65180000,0
2019-03-19,2.565,2.565,2.563,2.571,20760000,53300000,0
2019-03-20,2.566,2.563,2.562,2.568,25130000,64460000,0
2019-03-21,2.572,2.564,2.563,2.573,69400000,178340000,0
2019-03-22,2.608,2.615,2.607,2.615,104530000,273130000,0
2019-03-25,2.544,2.538,2.538,2.552,25110000,63920000,0
2019-03-26,2.558,2.558,2.552,2.566,20210000,51790000,0
2019-03-27,2.567,2.576,2.562,2.577,29200000,75080000,0
2019-03-28,2.548,2.548,2.543,2.555,46680000,119050000,0
2019-03-29,2.558,2.569,2.558,2.570,48850000,125370000,0
2019-04-01,2.587,2.604,2.587,2.604,69440000,180430000,0
2019-04-02,2.633,2.613,2.611,2.633,150320000,394130000,0
2019-04-03,2.620,2.633,2.620,2.638,39610000,104150000,0
2019-04-04,2.640,2.636,2.633,2.648,78220000,206340000,0
2019-04-08,2.648,2.645,2.644,2.652,44810000,118670000,0
2019-04-09,2.656,2.648,2.645,2.657,64390000,170670000,0
2019-04-10,2.638,2.645,2.634,2.646,77390000,204310000,0
2019-04-11,2.659,2.659,2.654,2.667,34730000,92390000,0
2019-04-12,2.658,2.654,2.653,2.659,48670000,129290000,0
2019-04-15,2.660,2.662,2.660,2.669,34700000,92480000,0
2019-04-16,2.667,2.677,2.663,2.679,75020000,200190000,0
2019-04-17,2.678,2.679,2.677,2.687,32130000,86190000,0
2019-04-18,2.680,2.670,2.669,2.687,58860000,157720000,0
2019-04-19,2.676,2.676,2.672,2.690,87310000,234100000,0
2019-04-22,2.681,2.679,2.675,2.690,125560000,336460000,0
2019-04-23,2.690,2.699,2.687,2.703,39540000,106610000,0
2019-04-24,2.736,2.741,2.727,2.743,45020000,123140000,0
2019-04-25,2.745,2.760,2.742,2.764,32790000,90310000,0
2019-04-26,2.762,2.778,2.747,2.808,57930000,161490000,0
2019-04-29,2.788,2.814,2.776,2.819,24740000,69420000,0
2019-04-30,2.814,2.807,2.772,2.832,20400000,57220000,0
2019-05-06,2.781,2.727,2.722,2.785,23860000,65830000,0
2019-05-07,2.753,2.757,2.743,2.766,38740000,106560000,0
2019-05-08,2.703,2.704,2.698,2.713,69060000,187120000,0
2019-05-09,2.701,2.686,2.685,2.702,62670000,168900000,0
2019-05-10,2.688,2.689,2.677,2.708,115000000,309360000,0
2019-05-13,2.677,2.679,2.671,2.684,73040000,195630000,0
2019-05-14,2.610,2.624,2.610,2.648,53550000,140550000,0
2019-05-15,2.647,2.658,2.647,2.660,119090000,316110000,0
2019-05-16,2.688,2.678,2.675,2.688,40650000,108930000,0
2019-05-17,2.707,2.709,2.706,2.722,22520000,61130000,0
2019-05-20,2.696,2.696,2.693,2.703,36820000,99390000,0
2019-05-21,2.670,2.670,2.658,2.671,41940000,111680000,0
2019-05-22,2.683,2.664,2.664,2.686,24040000,64240000,0
2019-05-23,2.653,2.639,2.639,2.655,26120000,69110000,0
2019-05-24,2.624,2.632,2.624,2.632,23160000,60830000,0
2019-05-27,2.615,2.618,2.612,2.618,11240000,29400000,0
2019-05-28,2.618,2.624,2.618,2.632,18850000,49480000,0
2019-05-29,2.603,2.598,2.595,2.604,29750000,77390000,0
2019-05-30,2.589,2.596,2.585,2.598,9480000,24540000,0
2019-05-31,2.580,2.573,2.571,2.586,27380000,70620000,0
2019-06-03,2.544,2.538,2.532,2.544,13340000,33840000,0
2019-06-04,2.507,2.503,2.501,2.508,25690000,64360000,0
2019-06-05,2.563,2.573,2.563,2.581,32590000,83900000,0
2019-06-06,2.585,2.585,2.580,2.590,61430000,158940000,0
2019-06-10,2.663,2.670,2.659,2.671,26940000,71840000,0
2019-06-11,2.688,2.695,2.688,2.697,10040000,27040000,0
2019-06-12,2.688,2.674,2.674,2.689,27030000,72490000,0
2019-06-13,2.677,2.667,2.656,2.681,57350000,152660000,0
2019-06-14,2.682,2.679,2.676,2.687,15650000,41980000,0
2019-06-17,2.681,2.684,2.681,2.689,17930000,48160000,0
2019-06-18,2.698,2.698,2.693,2.699,25100000,67670000,0
2019-06-19,2.740,2.730,2.725,2.742,106820000,291500000,0
2019-06-20,2.745,2.757,2.745,2.760,66400000,182800000,0
2019-06-21,2.759,2.748,2.740,2.759,24890000,68360000,0
2019-06-24,2.742,2.757,2.742,2.757,51200000,140940000,0
2019-06-25,2.751,2.734,2.732,2.751,58450000,160350000,0
2019-06-26,2.695,2.702,2.695,2.706,26750000,72270000,0
2019-06-27,2.713,2.727,2.713,2.728,29380000,79870000,0
2019-06-28,2.725,2.718,2.717,2.731,36890000,100540000,0
2019-07-01,2.753,2.774,2.750,2.775,30530000,84370000,0
2019-07-02,2.769,2.762,2.758,2.770,23970000,66260000,0
2019-07-03,2.780,2.777,2.774,2.784,45930000,127570000,0
2019-07-04,2.798,2.792,2.790,2.798,24130000,67420000,0
2019-07-05,2.796,2.804,2.796,2.804,56150000,157310000,0
2019-07-08,2.791,2.777,2.775,2.791,108120000,300660000,0
2019-07-09,2.777,2.756,2.751,2.777,39140000,108060000,0
2019-07-10,2.784,2.787,2.782,2.791,44210000,123250000,0
2019-07-11,2.817,2.822,2.813,2.822,46050000,129750000,0
2019-07-12,2.819,2.817,2.813,2.819,32340000,91030000,0
2019-07-15,2.831,2.840,2.824,2.840,14840000,42030000,0
2019-07-16,2.843,2.849,2.841,2.853,29140000,83000000,0
2019-07-17,2.832,2.834,2.825,2.858,67710000,192220000,0
2019-07-18,2.815,2.802,2.801,2.822,58510000,164690000,0
2019-07-19,2.824,2.835,2.824,2.838,30570000,86630000,0
2019-07-22,2.802,2.804,2.797,2.813,22500000,63060000,0
2019-07-23,2.827,2.835,2.823,2.835,58160000,164570000,0
2019-07-24,2.847,2.847,2.844,2.850,22690000,64620000,0
2019-07-25,2.870,2.870,2.865,2.873,15350000,44020000,0
2019-07-26,2.843,2.854,2.843,2.859,19200000,54740000,0
2019-07-29,2.875,2.866,2.862,2.877,19040000,54570000,0
2019-07-30,2.859,2.861,2.857,2.868,25540000,73160000,0
2019-07-31,2.856,2.854,2.851,2.857,24330000,69450000,0
2019-08-01,2.815,2.813,2.813,2.824,19680000,55470000,0
2019-08-02,2.797,2.818,2.797,2.819,27910000,78390000,0
2019-08-05,2.797,2.789,2.784,2.803,17290000,48290000,0
2019-08-06,2.702,2.734,2.688,2.735,28960000,78400000,0
2019-08-07,2.741,2.754,2.736,2.754,12500000,34280000,0
2019-08-08,2.773,2.784,2.765,2.786,11380000,31590000,0
2019-08-09,2.816,2.822,2.816,2.832,19720000,55750000,0
2019-08-12,2.816,2.823,2.810,2.824,9340000,26330000,0
2019-08-13,2.790,2.775,2.772,2.790,18780000,52290000,0
2019-08-14,2.827,2.827,2.821,2.829,39610000,111890000,0
2019-08-15,2.756,2.764,2.740,2.769,29730000,81880000,0
2019-08-16,2.756,2.762,2.750,2.763,27430000,75620000,0
2019-08-19,2.790,2.808,2.785,2.809,20990000,58670000,0
2019-08-20,2.820,2.823,2.813,2.835,45280000,128000000,0
2019-08-21,2.815,2.809,2.808,2.815,7170000,20140000,0
2019-08-22,2.835,2.828,2.825,2.835,11060000,31270000,0
2019-08-23,2.827,2.840,2.825,2.840,12190000,34550000,0
2019-08-26,2.765,2.777,2.740,2.900,25350000,70010000,0
2019-08-27,2.795,2.807,2.795,2.811,15380000,43170000,0
2019-08-28,2.801,2.804,2.801,2.807,39210000,109980000,0
2019-08-29,2.805,2.798,2.797,2.806,43880000,122930000,0
2019-08-30,2.836,2.841,2.835,2.846,59220000,168250000,0
2019-09-02,2.836,2.835,2.827,2.836,24460000,69230000,0
2019-09-03,2.837,2.829,2.827,2.838,19460000,55150000,0
2019-09-04,2.820,2.847,2.813,2.848,32970000,93390000,0
2019-09-05,2.853,2.866,2.853,2.872,33020000,94670000,0
2019-09-06,2.903,2.894,2.889,2.903,34110000,98830000,0
2019-09-09,2.894,2.903,2.890,2.904,22760000,65890000,0
2019-09-10,2.891,2.876,2.875,2.894,27460000,79230000,0
2019-09-11,2.876,2.875,2.865,2.877,8980000,25800000,0
2019-09-12,2.905,2.903,2.899,2.912,17630000,51210000,0
2019-09-16,2.874,2.871,2.857,2.874,10960000,31390000,0
2019-09-17,2.875,2.874,2.872,2.881,13440000,38670000,0
2019-09-18,2.892,2.890,2.886,2.896,39390000,113880000,0
2019-09-19,2.893,2.888,2.887,2.895,37600000,108690000,0
2019-09-20,2.901,2.896,2.892,2.902,20710000,60020000,0
2019-09-23,2.891,2.883,2.875,2.891,18350000,52900000,0
2019-09-24,2.886,2.880,2.878,2.888,9250000,26680000,0
2019-09-25,2.843,2.838,2.836,2.844,13530000,38400000,0
2019-09-26,2.861,2.859,2.851,2.866,12590000,36030000,0
2019-09-27,2.844,2.855,2.844,2.856,5750000,16400000,0
2019-09-30,2.845,2.834,2.833,2.845,8890000,25200000,0
2019-10-08,2.840,2.847,2.840,2.849,27350000,77840000,0
2019-10-09,2.807,2.806,2.803,2.819,30310000,85160000,0
2019-10-10,2.815,2.819,2.809,2.821,42400000,119420000,0
2019-10-11,2.837,2.848,2.834,2.849,15480000,43960000,0
2019-10-14,2.876,2.868,2.864,2.876,11250000,32250000,0
2019-10-15,2.869,2.879,2.868,2.881,18030000,51770000,0
2019-10-16,2.904,2.904,2.900,2.906,9220000,26750000,0
2019-10-17,2.900,2.903,2.899,2.905,13990000,40600000,0
2019-10-18,2.905,2.899,2.897,2.905,6920000,20070000,0
2019-10-21,2.880,2.882,2.879,2.895,4100000,11820000,0
2019-10-22,2.904,2.907,2.904,2.909,14010000,40720000,0
2019-10-23,2.880,2.872,2.870,2.880,19710000,56640000,0
2019-10-24,2.883,2.888,2.883,2.889,9910000,28590000,0
2019-10-25,2.902,2.896,2.893,2.903,14360000,41570000,0
2019-10-28,2.923,2.932,2.923,2.932,11950000,35010000,0
2019-10-29,2.956,2.953,2.952,2.959,5730000,16930000,0
2019-10-30,2.938,2.934,2.933,2.938,36180000,106190000,0
2019-10-31,2.955,2.950,2.940,2.955,7150000,21100000,0
2019-11-01,2.947,2.956,2.947,2.956,8240000,24320000,0
2019-11-04,2.975,2.977,2.975,2.986,5600000,16680000,0
2019-11-05,2.987,2.992,2.987,2.993,8620000,25780000,0
2019-11-06,2.986,2.974,2.971,2.989,11580000,34460000,0
2019-11-07,2.978,2.970,2.968,2.978,7310000,21710000,0
2019-11-08,2.971,2.961,2.959,2.971,10490000,31050000,0
2019-11-11,2.975,2.978,2.972,2.981,21740000,64740000,0
2019-11-12,2.975,2.993,2.973,2.993,21540000,64280000,0
2019-11-13,2.993,2.994,2.988,2.999,7850000,23510000,0
2019-11-14,2.996,3.001,2.994,3.004,7190000,21580000,0
2019-11-15,3.001,3.014,3.001,3.015,14390000,43280000,0
2019-11-18,3.028,3.028,3.022,3.031,26750000,80900000,0
2019-11-19,3.030,3.044,3.030,3.046,8080000,24560000,0
2019-11-20,3.042,3.030,3.028,3.046,13000000,39500000,0
2019-11-21,3.018,3.017,3.010,3.018,4520000,13620000,0
2019-11-22,3.015,3.023,3.015,3.026,8630000,26090000,0
2019-11-25,3.031,3.042,3.031,3.043,6180000,18750000,0
2019-11-26,3.070,3.090,3.070,3.095,9890000,30430000,0
2019-11-27,3.088,3.081,3.080,3.109,8320000,25720000,0
2019-11-28,3.099,3.099,3.090,3.102,18510000,57330000,0
2019-11-29,3.094,3.095,3.094,3.102,6890000,21350000,0
2019-12-02,3.095,3.120,3.090,3.124,9320000,28970000,0
2019-12-03,3.068,3.084,3.062,3.098,7430000,22880000,0
2019-12-04,3.063,3.047,3.034,3.063,13390000,40860000,0
2019-12-05,3.060,3.061,3.049,3.078,21610000,66080000,0
2019-12-06,3.063,3.058,3.053,3.067,12000000,36680000,0
2019-12-09,3.076,3.086,3.072,3.086,14980000,46120000,0
2019-12-10,3.070,3.069,3.064,3.070,6870000,21080000,0
2019-12-11,3.064,3.064,3.058,3.064,8590000,26310000,0
2019-12-12,3.071,3.086,3.070,3.087,13370000,41160000,0
2019-12-13,3.108,3.109,3.100,3.112,9920000,30800000,0
2019-12-16,3.102,3.129,3.102,3.130,15570000,48440000,0
2019-12-17,3.139,3.161,3.130,3.171,17470000,55000000,0
2019-12-18,3.161,3.132,3.132,3.161,9150000,28760000,0
2019-12-19,3.135,3.121,3.119,3.140,9500000,29680000,0
2019-12-20,3.141,3.155,3.140,3.157,14650000,46070000,0
2019-12-23,3.168,3.170,3.160,3.174,19880000,62990000,0
2019-12-24,3.171,3.185,3.171,3.192,15500000,49390000,0
2019-12-25,3.188,3.168,3.155,3.189,15320000,48530000,0
2019-12-26,3.173,3.189,3.168,3.195,38860000,123580000,0
2019-12-27,3.209,3.217,3.192,3.235,20220000,65050000,0
2019-12-30,3.210,3.210,3.197,3.222,13450000,43160000,0
2019-12-31,3.187,3.193,3.175,3.195,16160000,51430000,0
2020-01-02,3.201,3.240,3.201,3.243,16070000,51680000,0
2020-01-03,3.270,3.254,3.233,3.270,23280000,75800000,0
2020-01-06,3.228,3.212,3.196,3.232,18850000,60600000,0
2020-01-07,3.231,3.257,3.231,3.280,18750000,60880000,0
2020-01-08,3.226,3.219,3.194,3.243,20440000,65800000,0
2020-01-09,3.253,3.290,3.253,3.290,22200000,72670000,0
2020-01-10,3.330,3.366,3.311,3.369,16880000,56500000,0
2020-01-13,3.349,3.359,3.327,3.370,35860000,120070000,0
2020-01-14,3.401,3.401,3.369,3.415,28780000,97680000,0
2020-01-15,3.397,3.410,3.380,3.411,9870000,33500000,0
2020-01-16,3.416,3.441,3.416,3.448,19190000,65880000,0
2020-01-17,3.493,3.483,3.475,3.503,17470000,60920000,0
2020-01-20,3.482,3.424,3.419,3.482,29250000,100630000,0
2020-01-21,3.424,3.397,3.354,3.436,25330000,85930000,0
2020-01-22,3.391,3.436,3.388,3.440,20610000,70630000,0
2020-01-23,3.412,3.478,3.400,3.480,17620000,60490000,0
2020-02-03,3.300,3.303,3.299,3.370,31360000,104500000,0
2020-02-04,3.357,3.422,3.324,3.430,31890000,108110000,0
2020-02-05,3.500,3.570,3.497,3.575,32920000,116550000,0
2020-02-06,3.576,3.682,3.575,3.705,28980000,106090000,0
2020-02-07,3.720,3.709,3.673,3.795,41430000,154850000,0
2020-02-10,3.668,3.732,3.634,3.738,27270000,101010000,0
2020-02-11,3.824,3.871,3.807,3.880,26710000,102530000,0
2020-02-12,3.880,3.971,3.831,3.989,47820000,188630000,0
2020-02-13,4.060,4.197,4.045,4.239,53770000,221060000,0
2020-02-14,4.135,4.010,3.999,4.162,67420000,274210000,0
2020-02-17,4.010,3.976,3.818,4.010,84960000,334640000,0
2020-02-18,3.967,3.837,3.824,3.967,70230000,272340000,0
2020-02-19,3.791,3.799,3.787,3.907,65100000,250750000,0
2020-02-20,3.862,3.820,3.804,3.890,42260000,162000000,0
2020-02-21,3.746,3.719,3.718,3.796,60930000,228070000,0
2020-02-24,3.626,3.558,3.547,3.626,53000000,189780000,0
2020-02-25,3.485,3.686,3.440,3.690,85150000,305360000,0
2020-02-26,3.537,3.619,3.536,3.650,53440000,192830000,0
2020-02-27,3.640,3.570,3.550,3.656,53580000,192550000,0
2020-02-28,3.430,3.392,3.383,3.468,58660000,200900000,0
2020-03-02,3.424,3.541,3.421,3.549,62530000,218250000,0
2020-03-03,3.669,3.565,3.542,3.721,81150000,294360000,0
2020-03-04,3.502,3.567,3.450,3.575,39870000,139660000,0
2020-03-05,3.650,3.571,3.553,3.666,57700000,207550000,0
2020-03-06,3.508,3.493,3.468,3.540,31260000,109250000,0
2020-03-09,3.402,3.258,3.255,3.402,46830000,156560000,0
2020-03-10,3.282,3.413,3.234,3.430,77370000,258710000,0
2020-03-11,3.392,3.294,3.286,3.400,59650000,199860000,0
2020-03-12,3.238,3.176,3.166,3.238,47280000,150690000,0
2020-03-13,3.000,3.217,2.940,3.322,117820000,372430000,0
2020-03-16,3.140,3.015,3.003,3.217,60490000,189200000,0
2020-03-17,3.100,3.081,3.001,3.180,99090000,304250000,0
2020-03-18,3.101,2.998,2.990,3.150,81120000,251460000,0
2020-03-19,3.048,3.061,2.982,3.065,48730000,147270000,0
2020-03-20,3.093,3.161,3.073,3.169,73340000,229120000,0
2020-03-23,3.010,3.019,3.002,3.133,53830000,164120000,0
2020-03-24,3.106,3.181,3.095,3.185,93560000,293530000,0
2020-03-25,3.320,3.302,3.254,3.329,78160000,257810000,0
2020-03-26,3.265,3.220,3.213,3.266,49140000,159690000,0
2020-03-27,3.275,3.159,3.151,3.290,63540000,205720000,0
2020-03-30,3.066,3.094,3.057,3.135,49710000,153510000,0
2020-03-31,3.152,3.099,3.096,3.160,38980000,121770000,0
2020-04-01,3.068,3.066,3.058,3.107,29170000,90020000,0
2020-04-02,3.050,3.123,3.049,3.127,31900000,98530000,0
2020-04-03,3.116,3.077,3.066,3.116,31810000,98290000,0
2020-04-07,3.190,3.175,3.153,3.203,41670000,132230000,0
2020-04-08,3.160,3.156,3.152,3.183,24390000,77210000,0
2020-04-09,3.190,3.168,3.167,3.196,27090000,86120000,0
2020-04-10,3.169,3.126,3.120,3.175,27100000,85300000,0
2020-04-13,3.116,3.095,3.080,3.116,13890000,43080000,0
2020-04-14,3.110,3.165,3.110,3.169,24790000,78140000,0
2020-04-15,3.201,3.237,3.200,3.253,36360000,117570000,0
2020-04-16,3.220,3.262,3.200,3.274,22150000,71530000,0
2020-04-17,3.340,3.375,3.333,3.395,44490000,149560000,0
2020-04-20,3.378,3.375,3.351,3.395,26570000,89720000,0
2020-04-21,3.363,3.348,3.299,3.375,34830000,116130000,0
2020-04-22,3.289,3.423,3.281,3.436,46850000,157670000,0
2020-04-23,3.435,3.465,3.434,3.503,42540000,147540000,0
2020-04-24,3.460,3.446,3.430,3.490,28980000,100510000,0
2020-04-27,3.490,3.567,3.489,3.575,39810000,141060000,0
2020-04-28,3.580,3.656,3.580,3.670,43020000,156560000,0
2020-04-29,3.652,3.722,3.652,3.775,54490000,203410000,0
2020-04-30,3.835,3.737,3.650,3.882,72380000,274150000,0
2020-05-06,3.727,3.748,3.710,3.788,42530000,159150000,0
2020-05-07,3.768,3.764,3.728,3.776,38470000,144470000,0
2020-05-08,3.826,3.789,3.787,3.835,38020000,144940000,0
2020-05-11,3.818,3.726,3.717,3.825,33100000,124990000,0
2020-05-12,3.722,3.656,3.630,3.758,45660000,167670000,0
2020-05-13,3.620,3.644,3.582,3.657,37020000,133780000,0
2020-05-14,3.610,3.586,3.584,3.613,25140000,90550000,0
2020-05-15,3.620,3.610,3.605,3.646,28550000,103480000,0
2020-05-18,3.640,3.651,3.630,3.657,20020000,73000000,0
2020-05-19,3.702,3.748,3.702,3.749,29950000,111560000,0
2020-05-20,3.735,3.721,3.714,3.737,13670000,50900000,0
2020-05-21,3.772,3.720,3.700,3.783,18470000,69160000,0
2020-05-22,3.713,3.596,3.595,3.713,29460000,107330000,0
2020-05-25,3.625,3.713,3.615,3.718,22590000,82830000,0
2020-05-26,3.777,3.797,3.744,3.820,31910000,120540000,0
2020-05-27,3.755,3.772,3.751,3.840,33320000,126320000,0
2020-05-28,3.790,3.757,3.753,3.838,39150000,148640000,0
2020-05-29,3.744,3.730,3.724,3.773,26150000,97970000,0
2020-06-01,3.770,3.744,3.736,3.781,29100000,109200000,0
2020-06-02,3.755,3.738,3.731,3.756,19140000,71630000,0
2020-06-03,3.751,3.771,3.746,3.776,25910000,97500000,0
2020-06-04,3.797,3.793,3.778,3.810,21730000,82380000,0
2020-06-05,3.794,3.792,3.778,3.795,13750000,52100000,0
2020-06-08,3.821,3.796,3.790,3.850,18330000,70060000,0
2020-06-09,3.820,3.802,3.788,3.830,20080000,76420000,0
2020-06-10,3.827,3.788,3.772,3.829,16800000,63780000,0
2020-06-11,3.800,3.786,3.776,3.841,29540000,112380000,0
2020-06-12,3.652,3.724,3.647,3.757,34500000,128160000,0
2020-06-15,3.710,3.665,3.663,3.737,21000000,77790000,0
2020-06-16,3.742,3.806,3.738,3.807,27310000,103280000,0
2020-06-17,3.811,3.820,3.806,3.840,21930000,83770000,0
2020-06-18,3.811,3.794,3.785,3.812,13520000,51350000,0
2020-06-19,3.795,3.802,3.795,3.818,16010000,60970000,0
2020-06-22,3.794,3.786,3.779,3.794,10810000,40900000,0
2020-06-23,3.785,3.819,3.785,3.836,21680000,82710000,0
2020-06-24,3.830,3.829,3.824,3.853,12100000,46390000,0
2020-06-29,3.757,3.760,3.738,3.773,18090000,68000000,0
2020-06-30,3.793,3.770,3.763,3.800,14570000,55060000,0
2020-07-01,3.810,3.786,3.776,3.815,13700000,51900000,0
2020-07-02,3.800,3.803,3.784,3.805,18220000,69180000,0
2020-07-03,3.791,3.802,3.791,3.821,22390000,85210000,0
2020-07-06,3.802,3.828,3.801,3.850,23010000,87790000,0
2020-07-07,3.863,3.839,3.823,3.867,25050000,96210000,0
2020-07-08,3.825,3.821,3.808,3.825,26340000,100550000,0
2020-07-09,3.837,3.839,3.833,3.851,28000000,107510000,0
2020-07-10,3.845,3.847,3.840,3.865,24800000,95470000,0
2020-07-13,3.903,3.925,3.888,3.950,22820000,89270000,0
2020-07-14,3.825,3.872,3.825,3.875,25460000,98100000,0
2020-07-15,3.886,3.882,3.880,3.899,11260000,43750000,0
2020-07-16,3.888,3.820,3.819,3.888,20410000,78490000,0
2020-07-17,3.825,3.868,3.817,3.874,19960000,76810000,0
2020-07-20,3.870,3.849,3.840,3.870,19960000,76780000,0
2020-07-21,3.942,3.983,3.934,4.007,30270000,120160000,0
2020-07-22,3.955,3.944,3.894,3.965,20950000,82520000,0
2020-07-23,3.950,3.956,3.945,3.966,11420000,45150000,0
2020-07-24,3.867,3.837,3.835,3.887,18260000,70620000,0
2020-07-27,3.830,3.849,3.830,3.864,10570000,40710000,0
2020-07-28,3.885,3.877,3.863,3.903,16940000,65820000,0
2020-07-29,3.848,3.864,3.836,3.868,11630000,44700000,0
2020-07-30,3.875,3.859,3.859,3.883,9220000,35660000,0
2020-07-31,3.910,3.920,3.906,3.945,29320000,114930000,0
2020-08-03,3.940,3.918,3.901,3.947,31330000,122930000,0
2020-08-04,3.960,3.973,3.948,3.974,23160000,91780000,0
2020-08-05,3.975,3.967,3.958,3.977,10750000,42640000,0
2020-08-06,3.976,3.958,3.951,3.980,14250000,56480000,0
2020-08-07,3.999,4.004,3.985,4.016,17480000,69960000,0
2020-08-10,3.979,3.994,3.961,4.003,16140000,64420000,0
2020-08-11,4.002,3.992,3.986,4.003,6790000,27110000,0
2020-08-12,3.955,3.981,3.924,3.984,13530000,53380000,0
2020-08-13,4.099,4.065,3.997,4.099,21970000,89090000,0
2020-08-14,4.062,4.058,4.046,4.070,13160000,53390000,0
2020-08-17,4.058,4.063,4.045,4.064,8180000,33180000,0
2020-08-18,4.076,4.059,4.056,4.089,8350000,34020000,0
2020-08-19,4.076,4.111,4.066,4.114,14300000,58410000,0
2020-08-20,4.100,4.106,4.068,4.128,15170000,62080000,0
2020-08-21,4.146,4.211,4.142,4.229,16320000,68250000,0
2020-08-24,4.261,4.392,4.243,4.430,23620000,103110000,0
2020-08-25,4.428,4.592,4.428,4.600,30300000,137410000,0
2020-08-26,4.699,4.504,4.401,4.700,37670000,170600000,0
2020-08-27,4.591,4.698,4.591,4.701,27760000,129560000,0
2020-08-28,4.690,4.797,4.609,4.888,46560000,223260000,0
2020-08-31,4.854,5.058,4.854,5.077,33460000,166590000,0
2020-09-01,5.058,4.990,4.930,5.314,82030000,422750000,0
2020-09-02,5.148,5.193,5.018,5.198,62340000,318120000,0
2020-09-03,5.283,5.305,5.240,5.400,70110000,372840000,0
2020-09-04,5.000,4.846,4.781,5.030,75680000,372070000,0
2020-09-07,4.780,4.484,4.419,4.800,80690000,370700000,0
2020-09-08,4.496,4.724,4.496,4.735,86690000,399390000,0
2020-09-09,4.397,4.482,4.350,4.607,90390000,405240000,0
2020-09-10,4.610,4.609,4.558,4.680,56600000,262800000,0
2020-09-11,4.499,4.529,4.412,4.545,63040000,282670000,0
2020-09-14,4.533,4.654,4.471,4.660,58830000,267920000,0
2020-09-15,4.704,4.811,4.680,4.848,71120000,340000000,0
2020-09-16,4.890,4.802,4.720,4.992,81760000,401580000,0
2020-09-17,4.698,4.604,4.600,4.790,75470000,352880000,0
2020-09-18,4.549,4.761,4.532,4.765,81250000,378110000,0
2020-09-21,4.740,4.667,4.640,4.796,77860000,366290000,0
2020-09-22,4.667,4.593,4.579,4.708,47580000,221380000,0
2020-09-23,4.710,4.655,4.620,4.718,61500000,287020000,0
2020-09-24,4.500,4.481,4.448,4.550,60160000,270380000,0
2020-09-25,4.540,4.445,4.433,4.560,43000000,193480000,0
2020-09-28,4.534,4.520,4.459,4.540,58000000,261560000,0
2020-09-29,4.579,4.546,4.538,4.612,48430000,222010000,0
2020-09-30,4.555,4.555,4.501,4.564,28270000,128170000,0
2020-10-09,4.688,4.644,4.612,4.689,33140000,154010000,0
2020-10-12,4.683,4.673,4.661,4.692,25270000,118170000,0
2020-10-13,4.722,4.722,4.713,4.760,40280000,190460000,0
2020-10-14,4.730,4.707,4.692,4.730,15940000,75020000,0
2020-10-15,4.660,4.586,4.581,4.668,18970000,87720000,0
2020-10-16,4.600,4.582,4.571,4.615,12960000,59520000,0
2020-10-19,4.607,4.636,4.591,4.642,11280000,51980000,0
2020-10-20,4.572,4.605,4.537,4.613,12640000,57840000,0
2020-10-21,4.612,4.604,4.590,4.621,12360000,56950000,0
2020-10-22,4.545,4.556,4.540,4.568,12500000,56940000,0
2020-10-23,4.560,4.509,4.443,4.568,13020000,58860000,0
2020-10-26,4.510,4.429,4.423,4.510,15990000,71160000,0
2020-10-27,4.370,4.402,4.339,4.422,24050000,105200000,0
2020-10-28,4.389,4.364,4.358,4.399,11890000,51970000,0
2020-10-29,4.250,4.312,4.231,4.323,21370000,91310000,0
2020-10-30,4.310,4.251,4.232,4.310,14040000,59950000,0
2020-11-02,4.251,4.253,4.233,4.272,12370000,52580000,0
2020-11-03,4.257,4.420,4.257,4.438,27150000,118310000,0
2020-11-04,4.445,4.635,4.445,4.820,75830000,350190000,0
2020-11-05,4.821,4.650,4.638,4.858,73160000,344620000,0
2020-11-06,4.700,4.483,4.465,4.719,65350000,297540000,0
2020-11-09,4.580,4.602,4.526,4.650,38820000,177540000,0
2020-11-10,4.500,4.469,4.458,4.500,19790000,88600000,0
2020-11-11,4.448,4.407,4.401,4.448,13250000,58510000,0
2020-11-12,4.470,4.419,4.413,4.473,11130000,49380000,0
2020-11-13,4.390,4.385,4.356,4.390,10360000,45320000,0
2020-11-16,4.413,4.400,4.395,4.430,12780000,56390000,0
2020-11-17,4.399,4.324,4.320,4.402,20890000,90570000,0
2020-11-18,4.323,4.284,4.282,4.323,9860000,42290000,0
2020-11-19,4.270,4.276,4.246,4.287,11720000,50020000,0
2020-11-20,4.283,4.305,4.282,4.312,10950000,47060000,0
2020-11-23,4.302,4.271,4.246,4.302,11010000,46930000,0
2020-11-24,4.287,4.281,4.270,4.287,8960000,38330000,0
2020-11-25,4.337,4.312,4.305,4.337,13160000,56880000,0
2020-11-26,4.318,4.325,4.313,4.365,15810000,68560000,0
2020-11-27,4.320,4.312,4.290,4.320,10500000,45170000,0
2020-11-30,4.315,4.317,4.302,4.359,12590000,54670000,0
2020-12-01,4.341,4.364,4.330,4.369,12450000,54250000,0
2020-12-02,4.440,4.394,4.350,4.440,12600000,55410000,0
2020-12-03,4.393,4.371,4.361,4.393,17400000,76030000,0
2020-12-04,4.371,4.349,4.338,4.371,11730000,51010000,0
2020-12-07,4.349,4.299,4.294,4.359,12950000,55930000,0
2020-12-08,4.304,4.293,4.285,4.309,10990000,47180000,0
2020-12-09,4.297,4.290,4.288,4.307,13110000,56340000,0
2020-12-10,4.233,4.220,4.182,4.233,17640000,74190000,0
2020-12-11,4.248,4.207,4.185,4.248,12360000,52060000,0
2020-12-14,4.207,4.204,4.196,4.230,7740000,32600000,0
2020-12-15,4.204,4.212,4.202,4.214,12570000,52900000,0
2020-12-16,4.239,4.281,4.239,4.282,16830000,71780000,0
2020-12-17,4.300,4.283,4.267,4.306,14570000,62380000,0
2020-12-18,4.290,4.303,4.286,4.304,10510000,45130000,0
2020-12-21,4.301,4.341,4.293,4.344,15490000,66970000,0
2020-12-22,4.324,4.299,4.290,4.342,10480000,45240000,0
2020-12-23,4.282,4.315,4.282,4.323,10490000,45230000,0
2020-12-24,4.309,4.298,4.295,4.309,13770000,59210000,0
2020-12-25,4.294,4.321,4.294,4.330,6920000,29830000,0
2020-12-28,4.323,4.346,4.322,4.348,8830000,38290000,0
2020-12-29,4.365,4.383,4.363,4.385,10350000,45270000,0
2020-12-30,4.358,4.382,4.351,4.385,11970000,52310000,0
2020-12-31,4.382,4.375,4.360,4.382,14090000,61580000,0
2021-01-04,4.369,4.333,4.320,4.369,17140000,74370000,0
2021-01-05,4.280,4.275,4.254,4.290,15360000,65530000,0
2021-01-06,4.285,4.256,4.254,4.295,18120000,77370000,0
2021-01-07,4.242,4.243,4.239,4.260,12160000,51690000,0
2021-01-08,4.302,4.318,4.300,4.323,16520000,71250000,0
2021-01-11,4.342,4.331,4.330,4.352,14500000,62980000,0
2021-01-12,4.320,4.299,4.288,4.320,15050000,64640000,0
2021-01-13,4.293,4.281,4.277,4.293,12510000,53580000,0
2021-01-14,4.298,4.297,4.294,4.310,8310000,35750000,0
2021-01-15,4.284,4.268,4.257,4.284,11530000,49230000,0
2021-01-18,4.255,4.244,4.235,4.255,18080000,76670000,0
2021-01-19,4.266,4.291,4.261,4.302,26990000,115700000,0
2021-01-20,4.328,4.324,4.306,4.328,13850000,59780000,0
2021-01-21,4.410,4.435,4.400,4.440,26270000,116080000,0
2021-01-22,4.443,4.432,4.415,4.448,18390000,81550000,0
2021-01-25,4.444,4.471,4.444,4.476,16940000,75680000,0
2021-01-26,4.459,4.443,4.440,4.459,10960000,48780000,0
2021-01-27,4.480,4.513,4.480,4.517,23010000,103400000,0
2021-01-28,4.369,4.333,4.323,4.387,31590000,137720000,0
2021-01-29,4.366,4.327,4.307,4.389,31910000,138650000,0
2021-02-01,4.265,4.310,4.255,4.314,11930000,51070000,0
2021-02-02,4.408,4.441,4.391,4.443,18460000,81600000,0
2021-02-03,4.521,4.493,4.470,4.521,12980000,58210000,0
2021-02-04,4.455,4.449,4.431,4.477,14060000,62650000,0
2021-02-05,4.492,4.508,4.492,4.513,12090000,54470000,0
2021-02-08,4.526,4.537,4.525,4.546,13080000,59410000,0
2021-02-09,4.549,4.536,4.535,4.550,9740000,44210000,0
2021-02-10,4.538,4.553,4.530,4.555,12730000,57820000,0
2021-02-18,4.520,4.532,4.520,4.540,25350000,114770000,0
2021-02-19,4.525,4.527,4.505,4.528,12000000,54140000,0
2021-02-22,4.524,4.487,4.479,4.524,16800000,75520000,0
2021-02-23,4.386,4.416,4.383,4.434,19020000,83940000,0
2021-02-24,4.397,4.339,4.323,4.399,22980000,100190000,0
2021-02-25,4.400,4.422,4.392,4.423,14700000,64820000,0
2021-02-26,4.251,4.246,4.237,4.294,34890000,148580000,0
2021-03-01,4.309,4.342,4.309,4.355,18610000,80730000,0
2021-03-02,4.428,4.396,4.387,4.450,14510000,63940000,0
2021-03-03,4.350,4.376,4.321,4.383,15000000,65330000,0
2021-03-04,4.265,4.234,4.215,4.266,22240000,94120000,0
2021-03-05,4.157,4.182,4.124,4.186,18600000,77250000,0
2021-03-08,4.230,4.189,4.185,4.249,15700000,66170000,0
2021-03-09,4.137,4.153,4.117,4.177,19880000,82380000,0
2021-03-10,4.271,4.261,4.254,4.278,14810000,63110000,0
2021-03-11,4.258,4.297,4.252,4.298,20660000,88190000,0
2021-03-12,4.346,4.324,4.322,4.358,15290000,66420000,0
2021-03-15,4.334,4.306,4.296,4.348,9870000,42600000,0
2021-03-16,4.360,4.387,4.353,4.388,15950000,69740000,0
2021-03-17,4.385,4.380,4.366,4.385,13120000,57380000,0
2021-03-18,4.407,4.413,4.395,4.418,10220000,45040000,0
2021-03-19,4.278,4.267,4.258,4.284,18000000,76890000,0
2021-03-22,4.274,4.308,4.274,4.313,10310000,44350000,0
2021-03-23,4.351,4.349,4.332,4.356,12330000,53580000,0
2021-03-24,4.346,4.351,4.346,4.360,12710000,55340000,0
2021-03-25,4.288,4.285,4.272,4.296,11400000,48830000,0
2021-03-26,4.285,4.322,4.283,4.326,12060000,51930000,0
2021-03-29,4.310,4.322,4.300,4.331,13350000,57660000,0
2021-03-30,4.338,4.331,4.329,4.345,10270000,44570000,0
2021-03-31,4.339,4.329,4.321,4.348,7290000,31560000,0
2021-04-01,4.399,4.430,4.392,4.432,15410000,67930000,0
2021-04-02,4.487,4.479,4.476,4.489,10900000,48880000,0
2021-04-06,4.559,4.549,4.538,4.559,15700000,71440000,0
2021-04-07,4.547,4.545,4.529,4.548,12650000,57370000,0
2021-04-08,4.554,4.592,4.554,4.598,12500000,57260000,0
2021-04-09,4.624,4.605,4.596,4.635,16350000,75470000,0
2021-04-12,4.631,4.635,4.626,4.644,14650000,67840000,0
2021-04-13,4.625,4.625,4.622,4.642,10980000,50860000,0
2021-04-14,4.668,4.685,4.668,4.688,11950000,55970000,0
2021-04-15,4.637,4.638,4.618,4.639,15550000,71960000,0
2021-04-16,4.673,4.681,4.673,4.683,13240000,61930000,0
2021-04-19,4.690,4.690,4.682,4.701,9510000,44610000,0
2021-04-20,4.639,4.620,4.618,4.650,14670000,68020000,0
2021-04-21,4.577,4.585,4.559,4.588,13550000,61930000,0
2021-04-22,4.617,4.627,4.615,4.630,7850000,36290000,0
2021-04-23,4.578,4.572,4.570,4.584,9610000,44010000,0
2021-04-26,4.628,4.619,4.615,4.632,10870000,50280000,0
2021-04-27,4.648,4.656,4.647,4.659,13140000,61160000,0
2021-04-28,4.635,4.640,4.634,4.648,6840000,31730000,0
2021-04-29,4.645,4.653,4.645,4.659,11990000,55750000,0
2021-04-30,4.620,4.619,4.600,4.621,15710000,72400000,0
2021-05-06,4.500,4.512,4.490,4.515,18230000,82030000,0
2021-05-07,4.525,4.502,4.499,4.536,21090000,95260000,0
2021-05-10,4.530,4.537,4.519,4.540,24290000,110080000,0
2021-05-11,4.408,4.405,4.377,4.412,18380000,80750000,0
2021-05-12,4.393,4.406,4.385,4.408,10950000,48150000,0
2021-05-13,4.322,4.346,4.322,4.349,12650000,54820000,0
2021-05-14,4.371,4.394,4.365,4.397,17350000,75890000,0
2021-05-17,4.426,4.439,4.421,4.446,15370000,68070000,0
2021-05-18,4.439,4.453,4.420,4.457,8970000,39760000,0
2021-05-19,4.381,4.371,4.363,4.382,11340000,49610000,0
2021-05-20,4.378,4.382,4.373,4.389,8280000,36310000,0
2021-05-21,4.460,4.470,4.458,4.471,12820000,57230000,0
2021-05-24,4.449,4.448,4.437,4.455,7550000,33560000,0
2021-05-25,4.497,4.516,4.493,4.516,11530000,51940000,0
2021-05-26,4.512,4.510,4.501,4.515,8290000,37370000,0
2021-05-27,4.509,4.485,4.481,4.509,10860000,48820000,0
2021-05-28,4.492,4.483,4.478,4.497,10620000,47700000,0
2021-05-31,4.483,4.475,4.471,4.490,13050000,58390000,0
2021-06-01,4.475,4.483,4.458,4.484,9660000,43160000,0
2021-06-02,4.458,4.462,4.457,4.480,8550000,38170000,0
2021-06-03,4.472,4.473,4.465,4.479,5830000,26090000,0
2021-06-04,4.430,4.439,4.423,4.441,8010000,35510000,0
2021-06-07,4.498,4.501,4.490,4.514,10970000,49340000,0
2021-06-08,4.530,4.517,4.516,4.531,9170000,41490000,0
2021-06-09,4.524,4.523,4.500,4.525,7800000,35260000,0
2021-06-10,4.518,4.509,4.505,4.521,6960000,31440000,0
2021-06-11,4.558,4.563,4.555,4.567,9920000,45260000,0
2021-06-15,4.606,4.633,4.606,4.633,14280000,66080000,0
2021-06-16,4.595,4.603,4.595,4.628,8070000,37100000,0
2021-06-17,4.580,4.588,4.563,4.589,11640000,53290000,0
2021-06-18,4.672,4.684,4.661,4.686,19470000,91080000,0
2021-06-21,4.639,4.641,4.620,4.653,26730000,123930000,0
2021-06-22,4.665,4.671,4.665,4.679,16700000,78010000,0
2021-06-23,4.726,4.743,4.726,4.748,17010000,80610000,0
2021-06-24,4.743,4.742,4.732,4.746,10050000,47670000,0
2021-06-25,4.762,4.756,4.753,4.763,11130000,52960000,0
2021-06-28,4.750,4.767,4.736,4.771,10240000,48750000,0
2021-06-29,4.801,4.803,4.801,4.810,10370000,49850000,0
2021-06-30,4.820,4.837,4.820,4.839,6200000,29940000,0
2021-07-01,4.837,4.827,4.822,4.837,7030000,33960000,0
2021-07-02,4.830,4.828,4.819,4.833,8070000,38960000,0
2021-07-05,4.872,4.883,4.868,4.887,7740000,37750000,0
2021-07-06,4.884,4.887,4.879,4.888,7290000,35600000,0
2021-07-07,4.898,4.919,4.898,4.922,7370000,36240000,0
2021-07-08,4.923,4.910,4.905,4.925,9840000,48380000,0
2021-07-09,4.879,4.903,4.862,4.905,16320000,79700000,0
2021-07-12,4.919,4.934,4.919,4.941,15410000,76020000,0
2021-07-13,4.948,4.940,4.938,4.954,12600000,62340000,0
2021-07-14,4.932,4.938,4.930,4.940,9150000,45190000,0
2021-07-15,4.933,4.948,4.933,4.950,7780000,38440000,0
2021-07-16,4.902,4.903,4.893,4.921,11350000,55660000,0
2021-07-19,4.863,4.874,4.852,4.876,11210000,54460000,0
2021-07-20,4.851,4.863,4.851,4.865,11160000,54250000,0
2021-07-21,4.892,4.893,4.878,4.900,14270000,69790000,0
2021-07-22,4.919,4.938,4.919,4.939,9990000,49260000,0
2021-07-23,4.962,4.975,4.960,4.976,9840000,48870000,0
2021-07-26,5.011,5.041,5.010,5.049,20370000,102400000,0
2021-07-27,5.030,5.030,5.028,5.045,14210000,71570000,0
2021-07-28,5.000,4.980,4.963,5.000,24000000,119430000,0
2021-07-29,4.990,4.996,4.979,4.999,17750000,88560000,0
2021-07-30,4.940,4.912,4.908,4.942,16750000,82540000,0
2021-08-02,4.962,4.980,4.962,4.983,16840000,83740000,0
2021-08-03,4.960,4.968,4.954,4.970,7760000,38520000,0
2021-08-04,4.992,5.001,4.990,5.005,15380000,76860000,0
2021-08-05,5.003,4.996,4.992,5.003,6500000,32500000,0
2021-08-06,5.036,5.033,5.029,5.045,13670000,68850000,0
2021-08-09,4.998,5.008,4.993,5.017,10370000,51880000,0
2021-08-10,5.019,5.031,5.019,5.031,7360000,36970000,0
2021-08-11,5.019,5.006,5.002,5.019,11320000,56690000,0
2021-08-12,4.993,4.992,4.987,4.996,8690000,43350000,0
2021-08-13,5.010,5.010,5.005,5.012,7770000,38920000,0
2021-08-16,5.016,5.022,5.012,5.035,12170000,61160000,0
2021-08-17,5.016,5.039,5.016,5.041,13010000,65490000,0
2021-08-18,5.012,5.009,4.995,5.013,16220000,81200000,0
2021-08-19,4.976,4.922,4.920,4.976,21680000,107280000,0
2021-08-20,4.965,4.968,4.960,4.972,18110000,89940000,0
2021-08-23,5.030,5.050,5.021,5.052,14450000,72790000,0
2021-08-24,5.106,5.123,5.106,5.126,27730000,141870000,0
2021-08-25,5.122,5.118,5.107,5.123,8800000,44990000,0
2021-08-26,5.116,5.111,5.105,5.118,10630000,54360000,0
2021-08-27,5.086,5.115,5.086,5.119,17510000,89500000,0
2021-08-30,5.146,5.154,5.146,5.160,22200000,114440000,0
2021-08-31,5.195,5.224,5.188,5.224,17390000,90610000,0
2021-09-01,5.198,5.200,5.180,5.203,25320000,131430000,0
2021-09-02,5.200,5.193,5.186,5.201,25490000,132320000,0
2021-09-03,5.191,5.182,5.176,5.191,15070000,78100000,0
2021-09-06,5.185,5.195,5.185,5.199,14680000,76240000,0
2021-09-07,5.193,5.200,5.192,5.200,9880000,51350000,0
2021-09-08,5.196,5.193,5.190,5.199,9120000,47360000,0
2021-09-09,5.174,5.165,5.151,5.174,15460000,79800000,0
2021-09-10,5.151,5.148,5.146,5.158,13930000,71720000,0
2021-09-13,5.099,5.122,5.094,5.125,22810000,116380000,0
2021-09-14,5.112,5.092,5.090,5.114,11810000,60310000,0
2021-09-15,5.080,5.081,5.068,5.086,8610000,43690000,0
2021-09-16,5.117,5.106,5.103,5.118,11690000,59760000,0
2021-09-17,5.113,5.135,5.111,5.136,14440000,73970000,0
2021-09-22,4.998,5.009,4.980,5.015,24560000,122740000,0
2021-09-23,5.051,5.055,5.043,5.057,13490000,68110000,0
2021-09-24,5.083,5.065,5.064,5.091,14450000,73370000,0
2021-09-27,5.082,5.096,5.082,5.100,15050000,76600000,0
2021-09-28,5.034,5.005,5.004,5.040,19530000,98110000,0
2021-09-29,4.900,4.934,4.894,4.936,26400000,129720000,0
2021-09-30,4.922,4.944,4.910,4.945,11310000,55760000,0
2021-10-08,4.958,4.937,4.934,4.966,16610000,82160000,0
2021-10-11,4.901,4.881,4.876,4.906,24470000,119480000,0
2021-10-12,4.854,4.840,4.838,4.854,15320000,74230000,0
2021-10-13,4.835,4.852,4.833,4.853,8520000,41230000,0
2021-10-14,4.880,4.917,4.880,4.918,11850000,58060000,0
2021-10-15,4.973,4.986,4.966,4.998,16260000,81050000,0
2021-10-18,4.990,4.982,4.978,4.991,8000000,39880000,0
2021-10-19,5.039,5.039,5.027,5.040,13030000,65590000,0
2021-10-20,5.050,5.048,5.042,5.055,10350000,52260000,0
2021-10-21,5.042,5.047,5.027,5.050,38730000,195290000,0
2021-10-22,5.057,5.065,5.051,5.068,31880000,161460000,0
2021-10-25,5.025,5.040,5.023,5.042,8670000,43660000,0
2021-10-26,5.091,5.103,5.089,5.106,10070000,51280000,0
2021-10-27,5.100,5.095,5.080,5.100,7870000,40020000,0
2021-10-28,5.109,5.116,5.107,5.122,8490000,43440000,0
2021-10-29,5.140,5.122,5.117,5.140,12740000,65330000,0
2021-11-01,5.193,5.208,5.189,5.214,13480000,70170000,0
2021-11-02,5.216,5.218,5.204,5.218,9570000,49870000,0
2021-11-03,5.238,5.243,5.238,5.249,7820000,40970000,0
2021-11-04,5.301,5.315,5.300,5.318,17020000,90380000,0
2021-11-05,5.375,5.380,5.354,5.381,15140000,81360000,0
2021-11-08,5.377,5.362,5.357,5.380,17020000,91310000,0
2021-11-09,5.359,5.368,5.344,5.371,17440000,93470000,0
2021-11-10,5.327,5.316,5.301,5.327,16610000,88160000,0
2021-11-11,5.248,5.272,5.247,5.282,18580000,97820000,0
2021-11-12,5.280,5.270,5.264,5.291,11770000,62150000,0
2021-11-15,5.325,5.336,5.312,5.336,13370000,71190000,0
2021-11-16,5.325,5.304,5.295,5.325,12000000,63670000,0
2021-11-17,5.339,5.347,5.339,5.357,11660000,62380000,0
2021-11-18,5.345,5.359,5.344,5.362,10880000,58230000,0
2021-11-19,5.400,5.433,5.400,5.439,16650000,90360000,0
2021-11-22,5.452,5.448,5.444,5.464,13340000,72780000,0
2021-11-23,5.377,5.359,5.352,5.377,22990000,123350000,0
2021-11-24,5.348,5.368,5.343,5.369,15840000,84820000,0
2021-11-25,5.373,5.395,5.369,5.396,12420000,66800000,0
2021-11-26,5.372,5.340,5.332,5.372,18310000,97950000,0
2021-11-29,5.288,5.322,5.288,5.326,23030000,122340000,0
2021-11-30,5.377,5.346,5.318,5.387,23490000,125790000,0
2021-12-01,5.308,5.350,5.298,5.353,14110000,75180000,0
2021-12-02,5.227,5.230,5.216,5.235,30960000,161740000,0
2021-12-03,5.227,5.226,5.196,5.233,19660000,102580000,0
2021-12-06,5.140,5.153,5.135,5.158,18880000,97180000,0
2021-12-07,5.191,5.220,5.186,5.223,18430000,95840000,0
2021-12-08,5.346,5.350,5.330,5.358,18400000,98400000,0
2021-12-09,5.341,5.329,5.318,5.346,14420000,76900000,0
2021-12-10,5.270,5.280,5.270,5.300,10740000,56730000,0
2021-12-13,5.347,5.346,5.337,5.353,9890000,52820000,0
2021-12-14,5.276,5.261,5.256,5.276,12920000,68010000,0
2021-12-15,5.228,5.217,5.207,5.228,24500000,127820000,0
2021-12-16,5.322,5.347,5.311,5.348,20950000,111550000,0
2021-12-17,5.222,5.191,5.182,5.224,34940000,181670000,0
2021-12-20,5.120,5.113,5.105,5.170,27330000,140030000,0
2021-12-21,5.130,5.180,5.130,5.183,20170000,104010000,0
2021-12-22,5.213,5.206,5.197,5.218,18560000,96700000,0
2021-12-23,5.270,5.276,5.261,5.279,19500000,102840000,0
2021-12-24,5.310,5.307,5.301,5.316,12230000,64890000,0
2021-12-27,5.326,5.331,5.321,5.335,12690000,67600000,0
2021-12-28,5.393,5.405,5.390,5.408,15870000,85710000,0
2021-12-29,5.390,5.402,5.382,5.403,14350000,77400000,0
2021-12-30,5.382,5.372,5.368,5.400,18330000,98560000,0
2021-12-31,5.355,5.364,5.339,5.368,21000000,112440000,0
2022-01-04,5.398,5.406,5.382,5.407,17620000,95060000,0
2022-01-05,5.327,5.297,5.289,5.328,22280000,118140000,0
2022-01-06,5.150,5.151,5.122,5.179,36060000,185910000,0
2022-01-07,5.181,5.188,5.165,5.191,17270000,89420000,0
2022-01-10,5.110,5.142,5.097,5.144,22750000,116410000,0
2022-01-11,5.127,5.101,5.094,5.127,26750000,136710000,0
2022-01-12,5.160,5.192,5.160,5.197,21890000,113410000,0
2022-01-14,5.050,5.075,5.035,5.080,125640000,126980000,0
2022-01-17,5.075,5.070,5.060,5.085,84500000,85680000,0
2022-01-18,5.075,5.040,5.025,5.075,122710000,123870000,0
2022-01-19,4.950,4.930,4.910,4.975,163220000,161230000,0
2022-01-20,4.905,4.945,4.895,4.950,126660000,124670000,0
2022-01-21,4.820,4.800,4.775,4.845,216020000,207730000,0
2022-01-24,4.740,4.755,4.720,4.765,144030000,136340000,0
2022-01-25,4.690,4.650,4.625,4.715,284410000,265070000,0
2022-01-26,4.610,4.625,4.605,4.630,217000000,200520000,0
2022-01-27,4.560,4.525,4.515,4.585,257180000,233660000,0
2022-01-28,4.585,4.595,4.575,4.620,247550000,227570000,0
2022-02-07,4.740,4.780,4.725,4.785,214370000,203750000,0
2022-02-08,4.750,4.750,4.730,4.755,119100000,112930000,0
2022-02-09,4.800,4.830,4.800,4.835,123410000,118810000,0
2022-02-10,4.900,4.900,4.875,4.905,132870000,129960000,0
2022-02-11,4.790,4.760,4.745,4.795,177890000,169670000,0
2022-02-14,4.655,4.665,4.650,4.675,156620000,145940000,0
2022-02-15,4.660,4.665,4.650,4.680,148540000,138580000,0
2022-02-16,4.740,4.745,4.735,4.760,159280000,151230000,0
2022-02-17,4.740,4.710,4.695,4.745,150300000,141970000,0
2022-02-18,4.605,4.665,4.600,4.670,202280000,187810000,0
2022-02-21,4.600,4.655,4.590,4.670,161950000,149460000,0
2022-02-22,4.510,4.465,4.450,4.555,363470000,325840000,0
2022-02-23,4.525,4.540,4.510,4.550,172070000,156000000,0
2022-02-24,4.375,4.285,4.270,4.380,535980000,464420000,0
2022-02-25,4.475,4.470,4.445,4.490,469020000,419070000,0
2022-02-28,4.500,4.480,4.450,4.500,243030000,217530000,0
2022-03-01,4.570,4.595,4.565,4.600,225110000,206220000,0
2022-03-02,4.530,4.525,4.510,4.550,137180000,124260000,0
2022-03-03,4.590,4.600,4.575,4.600,132420000,121490000,0
2022-03-04,4.480,4.510,4.475,4.525,212070000,190920000,0
2022-03-07,4.400,4.405,4.370,4.415,297440000,261210000,0
2022-03-08,4.330,4.260,4.235,4.330,408810000,350420000,0
2022-03-09,4.280,4.310,4.260,4.310,299040000,256470000,0
2022-03-10,4.425,4.420,4.410,4.440,199140000,176270000,0
2022-03-11,4.360,4.395,4.350,4.395,167670000,146530000,0
2022-03-14,4.340,4.340,4.315,4.355,461180000,399600000,0
2022-03-15,4.265,4.255,4.250,4.295,221670000,189290000,0
2022-03-16,4.370,4.415,4.345,4.425,308690000,270710000,0
2022-03-17,4.520,4.550,4.515,4.555,234730000,212590000,0
2022-03-18,4.545,4.550,4.530,4.560,152600000,138720000,0
2022-03-21,4.655,4.650,4.635,4.665,341560000,317700000,0
2022-03-22,4.635,4.660,4.635,4.660,161690000,150250000,0
2022-03-23,4.765,4.775,4.755,4.780,176050000,167910000,0
2022-03-24,4.710,4.730,4.705,4.750,174980000,165390000,0
2022-03-25,4.800,4.815,4.795,4.815,266640000,256380000,0
2022-03-28,4.795,4.790,4.780,4.805,170040000,162990000,0
2022-03-29,4.875,4.890,4.870,4.895,164450000,160430000,0
2022-03-30,4.960,4.950,4.940,4.970,180700000,179140000,0
2022-03-31,4.920,4.915,4.900,4.925,267240000,262610000,0
2022-04-01,4.835,4.865,4.830,4.880,469600000,456110000,0
2022-04-06,4.820,4.835,4.815,4.840,232080000,223940000,0
2022-04-07,4.720,4.735,4.715,4.740,244950000,231470000,0
2022-04-08,4.730,4.765,4.725,4.770,163520000,155100000,0
2022-04-11,4.670,4.645,4.630,4.675,279100000,259600000,0
2022-04-12,4.550,4.555,4.525,4.560,491490000,446490000,0
2022-04-13,4.560,4.585,4.550,4.595,316490000,289520000,0
2022-04-14,4.635,4.655,4.635,4.660,276750000,257270000,0
2022-04-15,4.530,4.525,4.515,4.540,337690000,305430000,0
2022-04-18,4.490,4.500,4.480,4.505,228520000,205330000,0
2022-04-19,4.545,4.565,4.540,4.570,209460000,190760000,0
2022-04-20,4.615,4.620,4.610,4.625,329870000,304590000,0
2022-04-21,4.615,4.640,4.610,4.660,366030000,339420000,0
2022-04-22,4.505,4.555,4.500,4.555,290500000,262950000,0
2022-04-25,4.425,4.415,4.410,4.465,491400000,436380000,0
2022-04-26,4.525,4.520,4.515,4.540,391990000,355020000,0
2022-04-27,4.375,4.405,4.360,4.410,643970000,564080000,0
2022-04-28,4.410,4.465,4.405,4.470,386890000,342890000,0
2022-04-29,4.510,4.525,4.505,4.540,603320000,545700000,0
2022-05-05,4.575,4.565,4.560,4.595,573680000,525760000,0
2022-05-06,4.365,4.390,4.350,4.410,554290000,485700000,0
2022-05-09,4.340,4.330,4.315,4.350,335590000,290470000,0
2022-05-10,4.200,4.275,4.190,4.280,572170000,484170000,0
2022-05-11,4.280,4.295,4.270,4.305,583230000,500480000,0
2022-05-12,4.185,4.150,4.135,4.200,818630000,682100000,0
2022-05-13,4.190,4.220,4.185,4.225,571960000,480630000,0
2022-05-16,4.320,4.275,4.255,4.325,645710000,554130000,0
2022-05-17,4.270,4.295,4.260,4.295,396300000,339110000,0
2022-05-18,4.335,4.320,4.310,4.340,404410000,349850000,0
2022-05-19,4.125,4.140,4.120,4.155,639650000,528950000,0
2022-05-20,4.155,4.165,4.150,4.170,577520000,479880000,0
2022-05-23,4.160,4.185,4.140,4.190,377370000,313860000,0
2022-05-24,4.150,4.065,4.050,4.155,449300000,369290000,0
2022-05-25,4.065,4.090,4.065,4.095,303980000,248260000,0
2022-05-26,4.115,4.110,4.095,4.120,346550000,284710000,0
2022-05-27,4.205,4.240,4.205,4.245,526740000,445520000,0
2022-05-30,4.390,4.375,4.355,4.395,419160000,366190000,0
2022-05-31,4.355,4.340,4.335,4.360,304670000,264990000,0
2022-06-01,4.350,4.340,4.330,4.355,234080000,203330000,0
2022-06-02,4.315,4.300,4.295,4.320,266380000,229400000,0
2022-06-06,4.290,4.305,4.275,4.310,506240000,434970000,0
2022-06-07,4.280,4.270,4.260,4.285,317610000,271340000,0
2022-06-08,4.325,4.330,4.315,4.330,272510000,235720000,0
2022-06-09,4.310,4.305,4.295,4.315,237320000,204400000,0
2022-06-10,4.210,4.235,4.200,4.240,377650000,318720000,0
2022-06-13,4.090,4.020,4.010,4.090,742320000,600740000,0
2022-06-14,3.940,3.995,3.940,4.005,588480000,467770000,0
2022-06-15,3.990,4.015,3.970,4.025,774620000,618350000,0
2022-06-16,4.085,3.990,3.990,4.090,721410000,583970000,0
2022-06-17,3.890,3.955,3.880,3.960,595810000,467920000,0
2022-06-20,3.965,3.980,3.925,3.980,513590000,405680000,0
2022-06-21,3.985,4.025,3.975,4.040,395100000,317020000,0
2022-06-22,4.040,4.010,4.010,4.050,481870000,387640000,0
2022-06-23,4.030,4.075,4.025,4.080,465140000,376110000,0
2022-06-24,4.085,4.120,4.085,4.135,410000000,337400000,0
2022-06-27,4.200,4.185,4.180,4.210,465800000,390850000,0
2022-06-28,4.165,4.140,4.125,4.170,657100000,544680000,0
2022-06-29,4.025,4.030,4.025,4.055,467610000,377670000,0
2022-06-30,4.030,4.005,4.000,4.040,414440000,333490000,0
2022-07-01,4.005,3.995,3.970,4.010,409400000,326830000,0
2022-07-04,4.000,4.010,3.980,4.015,453380000,362410000,0
2022-07-05,4.030,4.070,4.025,4.075,343310000,278130000,0
2022-07-06,4.110,4.095,4.075,4.125,455040000,372970000,0
2022-07-07,4.105,4.145,4.100,4.145,376820000,310770000,0
2022-07-08,4.195,4.175,4.170,4.205,332800000,278770000,0
2022-07-11,4.160,4.140,4.135,4.175,341340000,283410000,0
2022-07-12,4.075,4.080,4.070,4.095,242760000,198110000,0
2022-07-13,4.075,4.105,4.070,4.105,293280000,239530000,0
2022-07-14,4.070,4.060,4.055,4.080,348160000,283150000,0
2022-07-15,4.090,4.105,4.090,4.115,260030000,213510000,0
2022-07-18,4.170,4.205,4.160,4.210,306670000,256690000,0
2022-07-19,4.145,4.145,4.135,4.160,251700000,208850000,0
2022-07-20,4.260,4.280,4.250,4.285,446570000,381020000,0
2022-07-21,4.305,4.305,4.300,4.325,367140000,316490000,0
2022-07-22,4.340,4.335,4.330,4.350,341370000,296320000,0
2022-07-25,4.290,4.270,4.255,4.290,388800000,332330000,0
2022-07-26,4.235,4.245,4.230,4.255,261580000,221880000,0
2022-07-27,4.230,4.245,4.225,4.260,299660000,254460000,0
2022-07-28,4.335,4.320,4.315,4.340,342740000,296360000,0
2022-07-29,4.420,4.440,4.420,4.440,383910000,340120000,0
2022-08-01,4.440,4.430,4.425,4.440,244540000,216870000,0
2022-08-02,4.440,4.430,4.415,4.445,449560000,398250000,0
2022-08-03,4.430,4.430,4.420,4.440,193920000,171830000,0
2022-08-04,4.545,4.555,4.540,4.555,251060000,228400000,0
2022-08-05,4.580,4.575,4.575,4.590,174300000,159760000,0
2022-08-08,4.535,4.560,4.525,4.565,189820000,172420000,0
2022-08-09,4.530,4.525,4.515,4.540,208960000,189170000,0
2022-08-10,4.475,4.460,4.450,4.475,221810000,198020000,0
2022-08-11,4.600,4.615,4.590,4.620,348450000,320890000,0
2022-08-12,4.570,4.570,4.560,4.575,189860000,173380000,0
2022-08-15,4.645,4.655,4.640,4.660,175580000,163430000,0
2022-08-16,4.705,4.710,4.705,4.720,168050000,158390000,0
2022-08-17,4.705,4.695,4.695,4.710,141760000,133270000,0
2022-08-18,4.640,4.630,4.625,4.655,215270000,199940000,0
2022-08-19,4.665,4.640,4.635,4.675,252330000,235230000,0
2022-08-22,4.575,4.560,4.555,4.580,312340000,285450000,0
2022-08-23,4.490,4.475,4.460,4.500,376330000,337400000,0
2022-08-24,4.480,4.490,4.460,4.495,362760000,324770000,0
2022-08-25,4.505,4.550,4.500,4.550,219170000,198270000,0
2022-08-26,4.580,4.575,4.560,4.580,224440000,205230000,0
2022-08-29,4.360,4.395,4.350,4.395,422740000,369830000,0
2022-08-30,4.390,4.415,4.385,4.420,214040000,188370000,0
2022-08-31,4.365,4.375,4.360,4.385,337000000,294520000,0
2022-09-01,4.295,4.270,4.260,4.300,455150000,389780000,0
2022-09-02,4.315,4.315,4.295,4.320,384300000,330990000,0
2022-09-05,4.265,4.280,4.260,4.280,267300000,228190000,0
2022-09-06,4.305,4.310,4.290,4.310,218540000,187930000,0
2022-09-07,4.240,4.265,4.240,4.270,363110000,308920000,0
2022-09-08,4.340,4.350,4.335,4.355,449590000,390460000,0
2022-09-09,4.370,4.365,4.355,4.375,291390000,254400000,0
2022-09-13,4.470,4.490,4.470,4.495,331190000,296710000,0
2022-09-14,4.270,4.280,4.255,4.280,484300000,413640000,0
2022-09-15,4.295,4.290,4.290,4.310,223570000,192200000,0
2022-09-16,4.225,4.205,4.200,4.225,195010000,164480000,0
2022-09-19,4.210,4.200,4.190,4.225,306450000,257920000,0
2022-09-20,4.255,4.275,4.250,4.280,276280000,235840000,0
2022-09-21,4.250,4.250,4.235,4.260,298340000,253560000,0
2022-09-22,4.150,4.170,4.140,4.180,632430000,526430000,0
2022-09-23,4.145,4.145,4.140,4.160,209360000,173690000,0
2022-09-26,4.090,4.080,4.080,4.110,421060000,344770000,0
2022-09-27,4.115,4.155,4.110,4.155,427600000,353160000,0
2022-09-28,4.130,4.100,4.085,4.135,592320000,485940000,0
2022-09-29,4.170,4.165,4.145,4.185,439600000,366710000,0
2022-09-30,4.060,4.060,4.035,4.065,538350000,435940000,0
2022-10-10,3.995,3.960,3.960,4.000,382270000,304460000,0
2022-10-11,3.980,3.960,3.960,3.985,314310000,249820000,0
2022-10-12,3.955,3.985,3.935,3.995,424650000,336270000,0
2022-10-13,3.945,3.950,3.935,3.955,312630000,246660000,0
2022-10-14,4.020,4.055,4.015,4.065,602550000,487380000,0
2022-10-17,3.955,3.965,3.930,3.975,607100000,479430000,0
2022-10-18,4.080,4.120,4.070,4.150,739140000,606440000,0
2022-10-19,4.145,4.105,4.100,4.150,490450000,404460000,0
2022-10-20,4.045,4.060,4.030,4.075,473930000,383890000,0
2022-10-21,4.050,4.050,4.040,4.060,241070000,195240000,0
2022-10-24,4.180,4.165,4.155,4.190,799800000,667370000,0
2022-10-25,4.220,4.240,4.210,4.250,399310000,337790000,0
2022-10-26,4.235,4.210,4.205,4.240,408050000,344890000,0
2022-10-27,4.180,4.185,4.165,4.200,325530000,272310000,0
2022-10-28,4.115,4.055,4.050,4.125,426860000,348240000,0
2022-10-31,4.225,4.245,4.220,4.250,419760000,355490000,0
2022-11-01,4.240,4.255,4.230,4.260,407220000,345520000,0
2022-11-02,4.205,4.190,4.185,4.205,487710000,408800000,0
2022-11-03,4.060,4.065,4.055,4.075,556570000,452420000,0
2022-11-04,4.005,4.070,3.985,4.075,888790000,713930000,0
2022-11-07,4.015,4.075,4.015,4.080,380290000,308150000,0
2022-11-08,4.100,4.080,4.065,4.100,300940000,245520000,0
2022-11-09,4.080,4.090,4.080,4.110,353530000,289930000,0
2022-11-10,4.025,4.040,4.020,4.045,224600000,181170000,0
2022-11-11,4.280,4.270,4.235,4.290,764370000,650800000,0
2022-11-14,4.280,4.240,4.240,4.285,334920000,285190000,0
2022-11-15,4.240,4.275,4.230,4.280,361180000,307610000,0
2022-11-16,4.270,4.305,4.260,4.315,490990000,421200000,0
2022-11-17,4.260,4.280,4.255,4.280,255370000,217950000,0
2022-11-18,4.270,4.265,4.255,4.285,293460000,250650000,0
2022-11-21,4.250,4.250,4.245,4.265,240630000,204780000,0
2022-11-22,4.230,4.215,4.205,4.240,210070000,177370000,0
2022-11-23,4.250,4.265,4.250,4.270,239190000,203730000,0
2022-11-24,4.315,4.315,4.310,4.325,300550000,259390000,0
2022-11-25,4.340,4.325,4.325,4.340,154110000,133470000,0
2022-11-28,4.290,4.270,4.265,4.295,302340000,258770000,0
2022-11-29,4.255,4.260,4.240,4.265,442680000,376400000,0
2022-11-30,4.210,4.210,4.195,4.215,302800000,254640000,0
2022-12-01,4.335,4.340,4.320,4.345,497470000,431080000,0
2022-12-02,4.310,4.315,4.305,4.325,200870000,173350000,0
2022-12-05,4.285,4.270,4.265,4.290,311060000,265990000,0
2022-12-06,4.210,4.220,4.205,4.225,408140000,343880000,0
2022-12-07,4.150,4.175,4.145,4.175,428280000,356330000,0
2022-12-08,4.150,4.160,4.145,4.160,292880000,243290000,0
2022-12-09,4.185,4.165,4.160,4.190,314740000,262380000,0
2022-12-12,4.125,4.125,4.120,4.130,309280000,255150000,0
2022-12-13,4.165,4.190,4.160,4.190,358300000,299150000,0
2022-12-14,4.220,4.240,4.220,4.240,292860000,247540000,0
2022-12-15,4.200,4.175,4.175,4.205,273230000,228720000,0
2022-12-16,4.060,4.080,4.050,4.085,440420000,358490000,0
2022-12-19,4.070,4.065,4.060,4.075,181110000,147280000,0
2022-12-20,4.030,4.010,4.000,4.040,459360000,369400000,0
2022-12-21,4.030,4.045,4.025,4.050,319970000,258430000,0
2022-12-22,4.080,4.055,4.050,4.080,233620000,189960000,0
2022-12-23,3.990,4.005,3.980,4.010,288030000,230170000,0
2022-12-26,4.010,4.010,3.990,4.015,147860000,118330000,0
2022-12-27,4.025,4.040,4.020,4.050,239560000,193490000,0
2022-12-28,3.985,3.995,3.980,4.005,377580000,301220000,0
2022-12-29,3.965,3.975,3.950,3.980,243480000,192990000,0
2022-12-30,4.010,3.995,3.990,4.020,299850000,240250000,0
2023-01-03,3.985,4.030,3.975,4.045,312330000,250420000,0
2023-01-04,4.005,4.020,4.000,4.025,180870000,145220000,0
2023-01-05,4.020,4.025,4.010,4.030,362290000,291210000,0
2023-01-06,3.995,3.995,3.980,4.000,426590000,340510000,0
2023-01-09,4.025,4.045,4.025,4.045,306390000,247150000,0
2023-01-10,4.040,4.025,4.020,4.040,238440000,192200000,0
2023-01-11,4.050,4.050,4.045,4.055,231790000,187750000,0
2023-01-12,4.085,4.090,4.085,4.095,226850000,185560000,0
2023-01-13,4.095,4.075,4.070,4.095,194650000,158790000,0
2023-01-16,4.085,4.075,4.070,4.095,188590000,154100000,0
2023-01-17,4.080,4.100,4.075,4.105,240850000,196900000,0
2023-01-18,4.095,4.105,4.095,4.115,201280000,165300000,0
2023-01-19,4.055,4.050,4.030,4.060,333700000,270070000,0
2023-01-20,4.035,4.075,4.030,4.080,262290000,212520000,0
2023-01-30,4.215,4.220,4.210,4.250,601970000,509440000,0
2023-01-31,4.175,4.160,4.160,4.185,193550000,161530000,0
2023-02-01,4.205,4.235,4.200,4.235,262320000,221270000,0
2023-02-02,4.320,4.310,4.300,4.325,294590000,253840000,0
2023-02-03,4.365,4.350,4.350,4.370,549980000,479430000,0
2023-02-06,4.350,4.325,4.315,4.365,757580000,657010000,0
2023-02-07,4.335,4.330,4.325,4.340,206470000,178990000,0
2023-02-08,4.390,4.410,4.390,4.415,349210000,307400000,0
2023-02-09,4.355,4.365,4.345,4.370,379250000,330740000,0
2023-02-10,4.315,4.300,4.295,4.320,223660000,192580000,0
2023-02-13,4.280,4.295,4.275,4.300,209100000,179230000,0
2023-02-14,4.345,4.355,4.340,4.360,287510000,250170000,0
2023-02-15,4.375,4.365,4.355,4.380,330510000,288750000,0
2023-02-16,4.440,4.450,4.440,4.455,317200000,282210000,0
2023-02-17,4.350,4.325,4.325,4.360,363000000,315160000,0
2023-02-20,4.315,4.340,4.315,4.340,389330000,336700000,0
2023-02-21,4.325,4.330,4.320,4.335,221860000,191880000,0
2023-02-22,4.255,4.250,4.250,4.270,349030000,297220000,0
2023-02-23,4.275,4.285,4.270,4.285,166930000,142880000,0
2023-02-24,4.300,4.300,4.285,4.305,178300000,153150000,0
2023-02-27,4.265,4.260,4.260,4.270,152310000,129910000,0
2023-02-28,4.285,4.275,4.270,4.290,160630000,137490000,0
2023-03-01,4.250,4.260,4.245,4.265,324080000,275760000,0
2023-03-02,4.225,4.200,4.175,4.230,509680000,427520000,0
2023-03-03,4.235,4.245,4.225,4.245,276510000,234280000,0
2023-03-06,4.325,4.355,4.320,4.370,521510000,452860000,0
2023-03-07,4.370,4.360,4.355,4.375,290660000,253810000,0
2023-03-08,4.330,4.320,4.315,4.335,176450000,152520000,0
2023-03-09,4.330,4.340,4.325,4.350,158940000,137900000,0
2023-03-10,4.255,4.240,4.235,4.265,355450000,302190000,0
2023-03-13,4.220,4.270,4.215,4.275,467440000,396520000,0
2023-03-14,4.230,4.205,4.195,4.235,628990000,529580000,0
2023-03-15,4.285,4.295,4.280,4.300,471610000,404670000,0
2023-03-16,4.320,4.315,4.310,4.335,262920000,227470000,0
2023-03-17,4.420,4.420,4.410,4.430,426890000,377230000,0
2023-03-20,4.405,4.365,4.360,4.415,393800000,345990000,0
2023-03-21,4.400,4.410,4.395,4.410,146440000,129060000,0
2023-03-22,4.465,4.475,4.465,4.480,245120000,219190000,0
2023-03-23,4.410,4.420,4.405,4.420,362640000,319980000,0
2023-03-24,4.440,4.455,4.430,4.455,320630000,284910000,0
2023-03-27,4.485,4.495,4.480,4.505,297450000,267170000,0
2023-03-28,4.455,4.465,4.440,4.470,214770000,191360000,0
2023-03-29,4.450,4.465,4.445,4.475,191290000,170650000,0
2023-03-30,4.510,4.515,4.510,4.525,361710000,326680000,0
2023-03-31,4.560,4.540,4.535,4.565,252620000,229770000,0
2023-04-03,4.595,4.600,4.590,4.605,313960000,288770000,0
2023-04-04,4.605,4.610,4.595,4.610,235250000,216480000,0
2023-04-06,4.535,4.530,4.525,4.540,237890000,215580000,0
2023-04-07,4.575,4.570,4.570,4.580,144870000,132540000,0
2023-04-10,4.570,4.550,4.545,4.570,152300000,138870000,0
2023-04-11,4.575,4.575,4.565,4.580,155920000,142620000,0
2023-04-12,4.550,4.540,4.535,4.555,203900000,185250000,0
2023-04-13,4.495,4.510,4.490,4.515,277290000,249650000,0
2023-04-14,4.575,4.550,4.550,4.575,197780000,180430000,0
2023-04-17,4.575,4.570,4.570,4.580,169500000,155050000,0
2023-04-18,4.570,4.570,4.565,4.575,156870000,143330000,0
2023-04-19,4.570,4.560,4.560,4.575,126510000,115520000,0
2023-04-20,4.565,4.560,4.555,4.575,291400000,266040000,0
2023-04-21,4.550,4.540,4.540,4.555,155950000,141780000,0
2023-04-24,4.540,4.530,4.525,4.555,249950000,226870000,0
2023-04-25,4.540,4.530,4.525,4.540,195190000,176960000,0
2023-04-26,4.535,4.520,4.520,4.540,269690000,244310000,0
2023-04-27,4.525,4.525,4.520,4.535,183350000,165960000,0
2023-04-28,4.605,4.615,4.600,4.615,294890000,271870000,0
2023-05-04,4.580,4.590,4.570,4.595,200070000,183360000,0
2023-05-05,4.575,4.580,4.575,4.580,87820000,80390000,0
2023-05-08,4.650,4.650,4.640,4.655,254850000,236840000,0
2023-05-09,4.655,4.650,4.650,4.660,171800000,160010000,0
2023-05-10,4.635,4.650,4.630,4.650,128510000,119270000,0
2023-05-11,4.700,4.710,4.700,4.710,208650000,196340000,0
2023-05-12,4.735,4.730,4.730,4.740,180740000,171170000,0
2023-05-15,4.715,4.720,4.705,4.720,145350000,137010000,0
2023-05-16,4.735,4.735,4.730,4.740,213230000,201930000,0
2023-05-17,4.770,4.765,4.765,4.780,234350000,223690000,0
2023-05-18,4.825,4.840,4.820,4.845,253750000,245330000,0
2023-05-19,4.960,4.950,4.945,4.980,545020000,541220000,0
2023-05-22,4.925,4.920,4.905,4.930,331930000,326410000,0
2023-05-23,4.965,4.960,4.955,4.980,311560000,309550000,0
2023-05-24,4.910,4.885,4.880,4.910,411210000,402690000,0
2023-05-25,4.935,4.965,4.930,4.965,349650000,345630000,0
2023-05-26,5.000,4.980,4.975,5.005,312380000,311550000,0
2023-05-29,5.145,5.160,5.140,5.165,353790000,364440000,0
2023-05-30,5.160,5.175,5.145,5.185,424780000,439220000,0
2023-05-31,5.170,5.155,5.145,5.180,320800000,331390000,0
2023-06-01,5.140,5.150,5.120,5.150,292420000,300530000,0
2023-06-02,5.205,5.215,5.195,5.220,435040000,453130000,0
2023-06-05,5.240,5.240,5.220,5.240,276340000,289140000,0
2023-06-06,5.250,5.245,5.240,5.260,344420000,361700000,0
2023-06-07,5.250,5.260,5.245,5.265,262280000,275670000,0
2023-06-08,5.180,5.150,5.150,5.190,473670000,489480000,0
2023-06-09,5.225,5.235,5.220,5.240,351280000,367570000,0
2023-06-12,5.275,5.295,5.270,5.300,251000000,265390000,0
2023-06-13,5.395,5.425,5.380,5.430,656000000,708870000,0
2023-06-14,5.445,5.430,5.420,5.455,303400000,329640000,0
2023-06-15,5.465,5.455,5.455,5.480,566480000,619290000,0
2023-06-16,5.490,5.500,5.480,5.505,551910000,606590000,0
2023-06-19,5.485,5.480,5.465,5.485,501880000,549570000,0
2023-06-20,5.480,5.475,5.470,5.485,287870000,315360000,0
2023-06-21,5.500,5.500,5.490,5.510,376470000,414150000,0
2023-06-26,5.455,5.455,5.450,5.465,396420000,432680000,0
2023-06-27,5.385,5.380,5.365,5.385,584610000,628360000,0
2023-06-28,5.440,5.450,5.435,5.455,347310000,378330000,0
2023-06-29,5.490,5.495,5.490,5.505,277380000,305010000,0
2023-06-30,5.495,5.500,5.490,5.500,188390000,207080000,0
2023-07-03,5.580,5.590,5.565,5.600,501470000,559290000,0
2023-07-04,5.570,5.560,5.555,5.580,391000000,435620000,0
2023-07-05,5.560,5.550,5.550,5.570,322570000,358890000,0
2023-07-06,5.575,5.555,5.545,5.580,325740000,362390000,0
2023-07-07,5.530,5.530,5.520,5.535,341350000,377420000,0
2023-07-10,5.505,5.475,5.475,5.505,401940000,441090000,0
2023-07-11,5.500,5.505,5.480,5.510,343860000,378190000,0
2023-07-12,5.520,5.510,5.500,5.520,293070000,323010000,0
2023-07-13,5.565,5.590,5.560,5.600,511890000,571650000,0
2023-07-14,5.645,5.630,5.625,5.650,396770000,447140000,0
2023-07-17,5.630,5.660,5.625,5.660,312570000,352690000,0
2023-07-18,5.700,5.710,5.695,5.720,430090000,490890000,0
2023-07-19,5.765,5.815,5.765,5.820,543540000,629860000,0
2023-07-20,5.760,5.735,5.735,5.765,721830000,830630000,0
2023-07-21,5.620,5.640,5.610,5.640,580810000,653940000,0
2023-07-24,5.620,5.660,5.615,5.670,408730000,461760000,0
2023-07-25,5.655,5.640,5.620,5.655,480360000,541070000,0
2023-07-26,5.650,5.655,5.645,5.660,336560000,380450000,0
2023-07-27,5.655,5.705,5.650,5.715,578480000,657040000,0
2023-07-28,5.665,5.670,5.655,5.685,631040000,715490000,0
2023-07-31,5.730,5.745,5.710,5.755,598810000,686550000,0
2023-08-01,5.755,5.765,5.755,5.775,337610000,389460000,0
2023-08-02,5.745,5.685,5.685,5.745,548590000,627600000,0
2023-08-03,5.605,5.590,5.590,5.620,578880000,649170000,0
2023-08-04,5.605,5.640,5.595,5.650,614580000,690670000,0
2023-08-07,5.605,5.590,5.580,5.610,527360000,589760000,0
2023-08-08,5.615,5.600,5.600,5.620,364620000,409180000,0
2023-08-09,5.595,5.595,5.580,5.600,416830000,465950000,0
2023-08-10,5.535,5.545,5.520,5.550,410590000,454390000,0
2023-08-11,5.555,5.550,5.535,5.560,326560000,362190000,0
2023-08-14,5.520,5.515,5.490,5.525,504290000,555460000,0
2023-08-15,5.595,5.620,5.595,5.640,521790000,586840000,0
2023-08-16,5.565,5.560,5.550,5.570,310690000,345410000,0
2023-08-17,5.490,5.520,5.485,5.520,495160000,544740000,0
2023-08-18,5.430,5.415,5.400,5.435,625140000,677230000,0
2023-08-21,5.420,5.430,5.420,5.435,405740000,440520000,0
2023-08-22,5.490,5.520,5.480,5.520,402320000,442420000,0
2023-08-23,5.520,5.520,5.510,5.530,310900000,343280000,0
2023-08-24,5.635,5.670,5.635,5.685,808190000,915290000,0
2023-08-25,5.485,5.455,5.445,5.490,512570000,560790000,0
2023-08-28,5.510,5.525,5.505,5.530,384370000,424030000,0
2023-08-29,5.565,5.555,5.555,5.575,341030000,379510000,0
2023-08-30,5.675,5.675,5.665,5.685,526350000,597670000,0
2023-08-31,5.705,5.700,5.695,5.715,412910000,471300000,0
2023-09-01,5.690,5.695,5.685,5.705,323290000,368330000,0
2023-09-04,5.700,5.710,5.690,5.715,264600000,301740000,0
2023-09-05,5.705,5.705,5.700,5.715,151790000,173290000,0
2023-09-06,5.730,5.715,5.715,5.735,186620000,213750000,0
2023-09-07,5.685,5.670,5.665,5.690,322520000,366210000,0
2023-09-08,5.655,5.705,5.650,5.705,295160000,335140000,0
2023-09-11,5.680,5.670,5.660,5.685,403240000,457600000,0
2023-09-12,5.705,5.705,5.695,5.710,233380000,266140000,0
2023-09-13,5.640,5.640,5.630,5.650,335470000,378460000,0
2023-09-14,5.665,5.680,5.660,5.695,365660000,415520000,0
2023-09-15,5.725,5.710,5.700,5.725,333180000,380660000,0
2023-09-18,5.620,5.620,5.610,5.630,264020000,296800000,0
2023-09-19,5.630,5.615,5.610,5.635,216410000,243390000,0
2023-09-20,5.610,5.620,5.600,5.620,330710000,370890000,0
2023-09-21,5.525,5.515,5.500,5.530,523040000,576470000,0
2023-09-22,5.425,5.460,5.420,5.465,514060000,559300000,0
2023-09-25,5.445,5.470,5.445,5.475,291620000,318700000,0
2023-09-26,5.460,5.425,5.425,5.470,370310000,403520000,0
2023-09-27,5.390,5.405,5.380,5.410,493770000,532610000,0
2023-09-28,5.425,5.400,5.395,5.425,394660000,426780000,0
2023-10-09,5.495,5.480,5.460,5.500,679980000,745200000,0
2023-10-10,5.545,5.555,5.540,5.560,496690000,551160000,0
2023-10-11,5.580,5.590,5.575,5.600,376370000,420540000,0
2023-10-12,5.645,5.640,5.635,5.650,284770000,321380000,0
2023-10-13,5.610,5.610,5.595,5.620,310460000,348120000,0
2023-10-16,5.560,5.555,5.540,5.560,379950000,421910000,0
2023-10-17,5.600,5.595,5.590,5.605,271070000,303480000,0
2023-10-18,5.575,5.570,5.570,5.580,232190000,258870000,0
2023-10-19,5.520,5.500,5.485,5.525,503150000,553580000,0
2023-10-20,5.430,5.430,5.425,5.445,634010000,688770000,0
2023-10-23,5.380,5.395,5.375,5.395,370550000,399160000,0
2023-10-24,5.405,5.430,5.390,5.435,414960000,449010000,0
2023-10-25,5.440,5.410,5.410,5.445,430080000,466950000,0
2023-10-26,5.265,5.245,5.240,5.270,636910000,668890000,0
2023-10-27,5.235,5.265,5.235,5.280,540890000,569140000,0
2023-10-30,5.265,5.275,5.260,5.275,234360000,246900000,0
2023-10-31,5.285,5.270,5.260,5.290,248580000,262350000,0
2023-11-01,5.305,5.345,5.300,5.350,519130000,553330000,0
2023-11-02,5.450,5.455,5.445,5.470,507820000,554280000,0
2023-11-03,5.510,5.495,5.490,5.510,242340000,266650000,0
2023-11-06,5.550,5.555,5.550,5.560,293880000,326470000,0
2023-11-07,5.560,5.550,5.545,5.565,359850000,399810000,0
2023-11-08,5.610,5.600,5.600,5.615,255570000,286580000,0
2023-11-09,5.615,5.635,5.610,5.635,307800000,346180000,0
2023-11-10,5.585,5.580,5.575,5.585,255040000,284600000,0
2023-11-13,5.700,5.700,5.685,5.705,300120000,341770000,0
2023-11-14,5.700,5.720,5.695,5.725,317180000,362430000,0
2023-11-15,5.830,5.820,5.815,5.830,433520000,504900000,0
2023-11-16,5.795,5.795,5.790,5.805,221720000,257060000,0
2023-11-17,5.800,5.805,5.800,5.815,273470000,317580000,0
2023-11-20,5.770,5.725,5.715,5.770,446700000,512810000,0
2023-11-21,5.795,5.790,5.785,5.800,235580000,272850000,0
2023-11-22,5.740,5.750,5.735,5.755,247950000,284950000,0
2023-11-23,5.790,5.780,5.775,5.795,175500000,203020000,0
2023-11-24,5.785,5.785,5.780,5.790,126370000,146230000,0
2023-11-27,5.755,5.755,5.745,5.760,145850000,167750000,0
2023-11-28,5.765,5.770,5.760,5.775,137780000,158990000,0
2023-11-29,5.775,5.770,5.765,5.780,166750000,192510000,0
2023-11-30,5.780,5.765,5.765,5.780,291830000,336870000,0
2023-12-01,5.740,5.740,5.730,5.750,244950000,281210000,0
2023-12-04,5.740,5.750,5.740,5.750,229270000,263440000,0
2023-12-05,5.705,5.685,5.680,5.710,308770000,351770000,0
2023-12-06,5.760,5.765,5.755,5.770,268360000,309250000,0
2023-12-07,5.715,5.700,5.700,5.720,349820000,399430000,0
2023-12-08,5.780,5.785,5.770,5.785,331230000,382880000,0
2023-12-11,5.820,5.820,5.815,5.835,325900000,379610000,0
2023-12-12,5.885,5.890,5.880,5.900,368440000,434040000,0
2023-12-13,5.940,5.955,5.940,5.955,421200000,501100000,0
2023-12-14,6.010,6.020,6.000,6.025,567310000,682510000,0
2023-12-15,5.965,5.965,5.955,5.970,272180000,324540000,0
2023-12-18,5.990,6.010,5.990,6.015,476600000,572450000,0
2023-12-19,6.040,6.045,6.035,6.045,360080000,435070000,0
2023-12-20,6.065,6.080,6.065,6.080,366540000,445000000,0
2023-12-21,6.000,6.000,5.985,6.005,558570000,669790000,0
2023-12-22,6.030,6.030,6.020,6.040,410300000,494880000,0
2023-12-25,6.050,6.035,6.030,6.050,304470000,367560000,0
2023-12-26,6.050,6.075,6.045,6.075,406400000,492780000,0
2023-12-27,6.090,6.095,6.085,6.100,291440000,355230000,0
2023-12-28,6.105,6.080,6.075,6.105,370830000,451680000,0
2023-12-29,6.060,6.065,6.045,6.065,283910000,343910000,0
2024-01-02,6.050,6.050,6.045,6.060,330080000,399610000,0
2024-01-03,5.965,5.955,5.945,5.965,682670000,813110000,0
2024-01-04,5.910,5.925,5.905,5.925,430000000,508450000,0
2024-01-05,5.895,5.880,5.875,5.905,429340000,506330000,0
2024-01-08,5.900,5.895,5.885,5.905,227670000,268520000,0
2024-01-09,6.015,6.045,6.010,6.045,817910000,986010000,0
2024-01-10,6.065,6.045,6.040,6.070,462750000,559960000,0
2024-01-11,6.105,6.115,6.100,6.120,466660000,570440000,0
2024-01-12,6.090,6.095,6.080,6.100,390820000,475950000,0
2024-01-15,6.105,6.135,6.100,6.140,482760000,590700000,0
2024-01-16,6.105,6.075,6.070,6.105,527650000,642500000,0
2024-01-17,6.120,6.070,6.065,6.120,566550000,690420000,0
2024-01-18,6.075,6.085,6.070,6.090,434180000,527910000,0
2024-01-19,6.185,6.210,6.185,6.210,683260000,847410000,0
2024-01-22,6.345,6.400,6.345,6.415,1381730000,1761450000,0
2024-01-23,6.385,6.355,6.340,6.385,628690000,799990000,0
2024-01-24,6.390,6.390,6.380,6.435,802240000,1027960000,0
2024-01-25,6.380,6.355,6.345,6.385,587140000,747490000,0
2024-01-26,6.310,6.305,6.275,6.325,637030000,803120000,0
2024-01-29,6.305,6.360,6.305,6.370,428320000,542550000,0
2024-01-30,6.430,6.460,6.415,6.480,711600000,917410000,0
2024-01-31,6.340,6.320,6.315,6.365,857560000,1087680000,0
2024-02-01,6.255,6.260,6.255,6.275,325840000,408040000,0
2024-02-02,6.390,6.415,6.390,6.425,583780000,748760000,0
2024-02-05,6.475,6.445,6.430,6.480,440470000,568340000,0
2024-02-06,6.445,6.455,6.430,6.455,541260000,697620000,0
2024-02-07,6.430,6.395,6.390,6.440,364090000,467260000,0
2024-02-08,6.490,6.540,6.480,6.550,610750000,795640000,0
2024-02-19,6.480,6.505,6.460,6.515,586700000,761280000,0
2024-02-20,6.490,6.495,6.460,6.505,352710000,457050000,0
2024-02-21,6.425,6.410,6.405,6.430,536270000,688280000,0
2024-02-22,6.505,6.520,6.480,6.520,497060000,646180000,0
2024-02-23,6.610,6.605,6.595,6.625,490800000,648580000,0
2024-02-26,6.555,6.540,6.540,6.565,339390000,444590000,0
2024-02-27,6.540,6.530,6.515,6.555,458520000,598980000,0
2024-02-28,6.545,6.545,6.530,6.550,349450000,457200000,0
2024-02-29,6.505,6.500,6.490,6.510,439180000,570870000,0
2024-03-01,6.570,6.605,6.560,6.610,686030000,903860000,0
2024-03-04,6.685,6.695,6.680,6.700,522360000,698790000,0
2024-03-05,6.630,6.645,6.630,6.655,479220000,636340000,0
2024-03-06,6.565,6.620,6.550,6.625,731240000,962630000,0
2024-03-07,6.605,6.575,6.570,6.615,536870000,707760000,0
2024-03-08,6.685,6.685,6.680,6.700,482550000,645300000,0
2024-03-11,6.585,6.585,6.570,6.590,585340000,770540000,0
2024-03-12,6.590,6.610,6.585,6.610,431530000,569180000,0
2024-03-13,6.675,6.650,6.635,6.675,656230000,873240000,0
2024-03-14,6.615,6.620,6.610,6.625,340340000,450500000,0
2024-03-15,6.580,6.580,6.570,6.590,347130000,456800000,0
2024-03-18,6.535,6.580,6.530,6.585,587470000,770030000,0
2024-03-19,6.555,6.545,6.540,6.560,568240000,744250000,0
2024-03-20,6.575,6.570,6.570,6.580,301790000,396780000,0
2024-03-21,6.685,6.685,6.660,6.690,652660000,871280000,0
2024-03-22,6.675,6.690,6.670,6.700,636300000,850770000,0
2024-03-25,6.700,6.670,6.670,6.705,536500000,717310000,0
2024-03-26,6.670,6.705,6.670,6.710,353080000,472250000,0
2024-03-27,6.675,6.710,6.675,6.710,276430000,370070000,0
2024-03-28,6.715,6.695,6.690,6.715,449140000,601760000,0
2024-03-29,6.690,6.685,6.675,6.690,143800000,192180000,0
2024-04-01,6.730,6.720,6.710,6.740,381490000,512680000,0
2024-04-02,6.685,6.700,6.680,6.705,291550000,390390000,0
2024-04-03,6.635,6.635,6.630,6.655,358790000,476770000,0
2024-04-08,6.635,6.630,6.630,6.655,266720000,354150000,0
2024-04-09,6.635,6.640,6.625,6.645,240440000,319060000,0
2024-04-10,6.655,6.665,6.650,6.665,216970000,288970000,0
2024-04-11,6.605,6.605,6.600,6.615,276190000,364930000,0
2024-04-12,6.710,6.705,6.695,6.715,483650000,648530000,0
2024-04-15,6.615,6.645,6.610,6.650,428300000,567730000,0
2024-04-16,6.495,6.465,6.455,6.505,795760000,1030680000,0
2024-04-17,6.485,6.460,6.450,6.505,505240000,654780000,0
2024-04-18,6.405,6.445,6.400,6.445,423520000,543950000,0
2024-04-19,6.320,6.320,6.255,6.330,985530000,1239950000,0
2024-04-22,6.250,6.280,6.245,6.285,449000000,562420000,0
2024-04-23,6.300,6.295,6.280,6.305,592200000,745050000,0
2024-04-24,6.435,6.445,6.425,6.460,482180000,621450000,0
2024-04-25,6.370,6.340,6.330,6.370,428490000,544010000,0
2024-04-26,6.440,6.450,6.440,6.460,500910000,645980000,0
2024-04-29,6.505,6.490,6.485,6.510,426800000,554420000,0
2024-04-30,6.485,6.495,6.485,6.505,393010000,510410000,0
2024-05-06,6.505,6.510,6.500,6.515,338160000,440120000,0
2024-05-07,6.570,6.575,6.570,6.585,232960000,306520000,0
2024-05-08,6.595,6.585,6.575,6.595,241400000,317940000,0
2024-05-09,6.575,6.570,6.565,6.585,311230000,409270000,0
2024-05-10,6.595,6.605,6.590,6.610,258400000,340930000,0
2024-05-13,6.615,6.630,6.610,6.640,227000000,300920000,0
2024-05-14,6.625,6.630,6.625,6.640,177440000,235260000,0
2024-05-15,6.680,6.675,6.670,6.690,310930000,415410000,0
2024-05-16,6.780,6.790,6.780,6.795,452440000,614040000,0
2024-05-17,6.775,6.775,6.770,6.780,343520000,465510000,0
2024-05-20,6.785,6.785,6.780,6.790,264670000,359140000,0
2024-05-21,6.825,6.820,6.815,6.830,298990000,407850000,0
2024-05-22,6.845,6.845,6.840,6.850,293290000,401620000,0
2024-05-23,6.875,6.905,6.870,6.910,411590000,567610000,0
2024-05-24,6.820,6.790,6.785,6.825,682180000,928600000,0
2024-05-27,6.855,6.870,6.850,6.875,380290000,522030000,0
2024-05-28,6.885,6.900,6.880,6.905,259090000,357280000,0
2024-05-29,6.900,6.870,6.865,6.905,386640000,532220000,0
2024-05-30,6.820,6.795,6.795,6.825,341570000,465070000,0
2024-05-31,6.740,6.765,6.735,6.765,412580000,557150000,0
2024-06-03,6.795,6.795,6.780,6.805,553950000,752800000,0
2024-06-04,6.795,6.775,6.775,6.800,238750000,324230000,0
2024-06-05,6.820,6.830,6.810,6.840,320440000,437680000,0
2024-06-06,6.965,6.965,6.955,6.970,470790000,655880000,0
2024-06-07,6.960,6.970,6.960,6.975,228550000,318460000,0
2024-06-11,6.980,6.975,6.975,6.985,301310000,420630000,0
2024-06-12,7.040,7.040,7.035,7.045,318520000,448440000,0
2024-06-13,7.170,7.180,7.155,7.180,475840000,682100000,0
2024-06-14,7.170,7.175,7.170,7.185,385070000,552650000,0
2024-06-17,7.195,7.205,7.195,7.210,389770000,561660000,0
2024-06-18,7.285,7.300,7.285,7.305,599020000,873510000,0
2024-06-19,7.305,7.310,7.300,7.320,445510000,651230000,0
2024-06-20,7.325,7.360,7.320,7.365,618250000,908070000,0
2024-06-21,7.265,7.250,7.240,7.265,637570000,924380000,0
2024-06-24,7.215,7.220,7.205,7.230,391530000,565100000,0
2024-06-25,7.130,7.145,7.130,7.155,580370000,829150000,0
2024-06-26,7.235,7.280,7.235,7.285,667920000,968950000,0
2024-06-27,7.250,7.275,7.245,7.280,438170000,637020000,0
2024-06-28,7.330,7.375,7.330,7.395,699150000,1029960000,0
2024-07-01,7.335,7.365,7.315,7.375,747110000,1097780000,0
2024-07-02,7.410,7.370,7.355,7.425,825250000,1219580000,0
2024-07-03,7.480,7.505,7.455,7.520,846030000,1268120000,0
2024-07-04,7.600,7.550,7.500,7.700,1156840000,1763050000,0
2024-07-05,7.560,7.645,7.560,7.670,754100000,1147230000,0
2024-07-08,7.735,7.760,7.685,7.785,550460000,850400000,0
2024-07-09,7.795,7.840,7.790,7.860,765550000,1198430000,0
2024-07-10,7.850,7.740,7.710,7.855,957810000,1486250000,0
2024-07-11,7.840,7.775,7.755,7.850,790340000,1230530000,0
2024-07-12,7.525,7.460,7.455,7.545,1042570000,1561380000,0
2024-07-15,7.525,7.695,7.525,7.705,908220000,1384360000,0
2024-07-16,7.720,7.680,7.670,7.790,688730000,1064050000,0
2024-07-17,7.670,7.610,7.565,7.670,504210000,768290000,0
2024-07-18,7.330,7.475,7.320,7.485,853660000,1262600000,0
2024-07-19,7.385,7.355,7.350,7.415,499080000,736920000,0
2024-07-22,7.300,7.315,7.245,7.330,735690000,1071020000,0
2024-07-23,7.415,7.385,7.345,7.440,556760000,823640000,0
2024-07-24,7.325,7.240,7.235,7.355,662060000,964920000,0
2024-07-25,7.050,7.035,6.990,7.070,1032730000,1453390000,0
2024-07-26,6.980,7.045,6.980,7.055,792490000,1111920000,0
2024-07-29,7.140,7.185,7.110,7.190,725160000,1035830000,0
2024-07-30,7.110,7.100,7.055,7.130,747870000,1060690000,0
2024-07-31,7.060,7.145,7.045,7.160,607630000,862710000,0
2024-08-01,7.315,7.315,7.310,7.360,675860000,990910000,0
2024-08-02,7.055,6.980,6.940,7.145,1058400000,1491470000,0
2024-08-05,6.650,6.435,6.310,6.695,2187290000,2853560000,0
2024-08-06,6.675,6.660,6.620,6.710,1346570000,1797750000,0
2024-08-07,6.660,6.670,6.650,6.750,993710000,1332650000,0
2024-08-08,6.560,6.570,6.525,6.595,925510000,1214310000,0
2024-08-09,6.775,6.750,6.705,6.775,576240000,778140000,0
2024-08-12,6.775,6.825,6.765,6.830,446490000,607200000,0
2024-08-13,6.840,6.895,6.835,6.905,387260000,531400000,0
2024-08-14,7.060,7.065,7.020,7.095,716530000,1011930000,0
2024-08-15,7.085,7.110,7.070,7.125,572350000,813300000,0
2024-08-16,7.310,7.345,7.285,7.360,819190000,1199840000,0
2024-08-19,7.350,7.210,7.200,7.350,730990000,1062350000,0
2024-08-20,7.340,7.340,7.320,7.355,547350000,803030000,0
2024-08-21,7.310,7.345,7.275,7.350,342790000,501190000,0
2024-08-22,7.385,7.355,7.330,7.415,568430000,837090000,0
2024-08-23,7.245,7.285,7.235,7.295,557660000,809860000,0
2024-08-26,7.350,7.300,7.300,7.350,375090000,549030000,0
2024-08-27,7.235,7.210,7.200,7.245,424310000,612540000,0
2024-08-28,7.205,7.210,7.190,7.230,527280000,760050000,0
2024-08-29,7.050,7.035,7.025,7.070,723000000,1018530000,0
2024-08-30,7.065,7.085,7.050,7.090,488300000,690200000,0
2024-09-02,7.145,7.145,7.135,7.150,362020000,517280000,0
2024-09-03,7.155,7.155,7.145,7.180,287520000,411920000,0
2024-09-04,6.870,6.780,6.770,6.885,1146020000,1567020000,0
2024-09-05,6.830,6.800,6.790,6.845,418080000,570250000,0
2024-09-06,6.755,6.860,6.755,6.920,833460000,1141810000,0
2024-09-09,6.745,6.820,6.715,6.830,548170000,741660000,0
2024-09-10,6.875,6.840,6.835,6.885,446040000,612240000,0
2024-09-11,6.905,6.885,6.845,6.910,446170000,613640000,0
2024-09-12,7.070,7.105,7.060,7.115,653560000,925910000,0
2024-09-13,7.160,7.175,7.145,7.185,452130000,647790000,0
2024-09-18,7.165,7.120,7.115,7.165,461350000,658430000,0
2024-09-19,7.145,7.200,7.135,7.205,501180000,718030000,0
2024-09-20,7.280,7.215,7.210,7.285,445920000,646890000,0
2024-09-23,7.250,7.245,7.240,7.285,318040000,461560000,0
2024-09-24,7.250,7.205,7.145,7.250,529010000,760950000,0
2024-09-25,7.155,7.150,7.130,7.185,479610000,686140000,0
2024-09-26,7.225,7.225,7.190,7.240,556370000,802490000,0
2024-09-27,7.130,7.070,7.050,7.155,495060000,704250000,0
2024-09-30,7.005,7.045,6.945,7.070,1594940000,2242040000,0
2024-10-08,6.950,7.015,6.910,7.050,1021480000,1428520000,0
2024-10-09,7.150,7.135,7.100,7.160,775540000,1106940000,0
2024-10-10,7.195,7.215,7.180,7.230,733960000,1058460000,0
2024-10-11,7.225,7.225,7.210,7.235,549250000,793340000,0
2024-10-14,7.235,7.230,7.215,7.235,385950000,557550000,0
2024-10-15,7.300,7.380,7.295,7.385,591900000,870390000,0
2024-10-16,7.275,7.295,7.265,7.325,563420000,821850000,0
2024-10-17,7.285,7.340,7.265,7.350,524660000,765810000,0
2024-10-18,7.305,7.295,7.265,7.320,679280000,991090000,0
2024-10-21,7.320,7.305,7.295,7.325,545310000,797430000,0
2024-10-22,7.320,7.295,7.290,7.320,350490000,512050000,0
2024-10-23,7.325,7.325,7.315,7.330,385010000,563890000,0
2024-10-24,7.260,7.245,7.235,7.265,468260000,678550000,0
2024-10-25,7.280,7.275,7.265,7.285,284500000,414030000,0
2024-10-28,7.365,7.365,7.355,7.375,482420000,710770000,0
2024-10-29,7.330,7.350,7.320,7.360,363820000,533890000,0
2024-10-30,7.425,7.420,7.405,7.440,599140000,889570000,0
2024-10-31,7.315,7.295,7.285,7.335,543960000,795600000,0
2024-11-01,7.165,7.210,7.165,7.220,485440000,698790000,0
2024-11-04,7.205,7.215,7.205,7.245,423680000,611780000,0
2024-11-05,7.175,7.190,7.165,7.195,387240000,556210000,0
2024-11-06,7.315,7.445,7.285,7.450,1408650000,2077440000,0
2024-11-07,7.575,7.560,7.550,7.610,1150510000,1742510000,0
2024-11-08,7.625,7.625,7.600,7.630,621570000,946730000,0
2024-11-11,7.650,7.670,7.645,7.675,455230000,697590000,0
2024-11-12,7.675,7.680,7.670,7.690,671380000,1031300000,0
2024-11-13,7.650,7.635,7.625,7.650,534650000,816630000,0
2024-11-14,7.640,7.645,7.635,7.655,450360000,688880000,0
2024-11-15,7.570,7.550,7.535,7.575,508230000,768560000,0
2024-11-18,7.455,7.495,7.450,7.495,585650000,875860000,0
2024-11-19,7.480,7.520,7.470,7.525,540150000,810720000,0
2024-11-20,7.585,7.605,7.580,7.605,489370000,742920000,0
2024-11-21,7.550,7.550,7.540,7.560,469240000,708470000,0
2024-11-22,7.595,7.605,7.585,7.610,420790000,639540000,0
2024-11-25,7.665,7.680,7.660,7.685,532520000,817360000,0
2024-11-26,7.645,7.680,7.630,7.685,331770000,508030000,0
2024-11-27,7.710,7.700,7.695,7.740,602770000,930680000,0
2024-11-28,7.650,7.655,7.645,7.670,306670000,469470000,0
2024-11-29,7.650,7.660,7.645,7.670,301630000,461980000,0
2024-12-02,7.700,7.700,7.685,7.710,252950000,389470000,0
2024-12-03,7.795,7.840,7.795,7.840,484420000,757840000,0
2024-12-04,7.880,7.875,7.860,7.890,445720000,702270000,0
2024-12-05,7.950,7.945,7.935,7.965,431130000,685440000,0
2024-12-06,7.905,7.920,7.900,7.925,313300000,495740000,0
2024-12-09,7.995,8.050,7.985,8.055,557710000,895430000,0
2024-12-10,7.930,7.985,7.920,7.990,660360000,1051000000,0
2024-12-11,7.965,7.965,7.955,7.985,422610000,673750000,0
2024-12-12,8.105,8.085,8.070,8.110,585440000,946680000,0
2024-12-13,8.080,8.145,8.070,8.150,536950000,869640000,0
2024-12-16,8.155,8.245,8.150,8.250,611450000,1003760000,0
2024-12-17,8.380,8.315,8.305,8.410,991500000,1657750000,0
2024-12-18,8.290,8.370,8.285,8.375,634810000,1057010000,0
2024-12-19,8.085,8.150,8.085,8.200,958160000,1558780000,0
2024-12-20,8.100,7.985,7.955,8.115,866210000,1389110000,0
2024-12-23,8.130,8.260,8.110,8.265,732490000,1200020000,0
2024-12-24,8.365,8.240,8.150,8.375,912510000,1510350000,0
2024-12-25,8.335,8.335,8.280,8.355,748300000,1244870000,0
2024-12-26,8.345,8.370,8.315,8.380,555490000,928060000,0
2024-12-27,8.320,8.310,8.300,8.335,390260000,648940000,0
2024-12-30,8.170,8.195,8.160,8.255,585980000,961430000,0
2024-12-31,8.125,8.145,8.100,8.185,624470000,1017720000,0
2025-01-02,8.125,8.215,8.110,8.225,656520000,1073800000,0
2025-01-03,8.195,8.165,8.155,8.230,646880000,1058690000,0
2025-01-06,8.300,8.345,8.250,8.345,919280000,1526050000,0
2025-01-07,8.435,8.295,8.255,8.445,1130130000,1895120000,0
2025-01-08,8.160,8.210,8.155,8.245,724270000,1188140000,0
2025-01-09,8.200,8.180,8.175,8.200,313640000,513350000,0
2025-01-10,8.140,8.150,8.140,8.240,537600000,880150000,0
2025-01-13,8.065,7.960,7.940,8.070,606070000,970170000,0
2025-01-14,8.045,8.055,7.995,8.065,812980000,1304730000,0
2025-01-15,8.015,8.005,7.995,8.035,293980000,471020000,0
2025-01-16,8.200,8.185,8.140,8.215,568660000,929010000,0
2025-01-17,8.110,8.150,8.095,8.155,437270000,710780000,0
2025-01-20,8.220,8.230,8.195,8.240,511180000,840070000,0
2025-01-21,8.205,8.235,8.190,8.250,502370000,826500000,0
2025-01-22,8.280,8.285,8.265,8.300,519470000,860790000,0
2025-01-23,8.315,8.215,8.210,8.330,599060000,992590000,0
2025-01-24,8.250,8.220,8.195,8.275,464170000,764630000,0
2025-01-27,8.060,8.075,8.050,8.105,511500000,825590000,0
2025-02-05,8.085,8.060,8.055,8.110,374350000,605620000,0
2025-02-06,8.125,8.135,8.090,8.135,490850000,796150000,0
2025-02-07,8.140,8.115,8.075,8.150,638470000,1035950000,0
2025-02-10,8.055,8.030,8.010,8.060,655200000,1051700000,0
2025-02-11,8.060,8.035,8.035,8.070,394780000,635610000,0
2025-02-12,8.045,8.045,8.015,8.050,276860000,444840000,0
2025-02-13,8.065,8.090,8.055,8.095,307940000,496810000,0
2025-02-14,8.145,8.145,8.125,8.155,432660000,704740000,0
2025-02-17,8.145,8.150,8.120,8.160,378670000,616380000,0
2025-02-18,8.145,8.215,8.140,8.215,414750000,677740000,0
2025-02-19,8.195,8.180,8.165,8.195,425790000,696400000,0
2025-02-20,8.150,8.110,8.105,8.150,314230000,510770000,0
2025-02-21,8.080,8.055,8.035,8.090,533300000,859550000,0
2025-02-24,7.905,7.950,7.895,7.960,513560000,813960000,0
2025-02-25,7.840,7.825,7.815,7.855,397550000,622800000,0
2025-02-26,7.775,7.805,7.740,7.815,484120000,753110000,0
2025-02-27,7.765,7.855,7.755,7.865,482650000,753190000,0
2025-02-28,7.650,7.555,7.550,7.655,986280000,1497270000,0
2025-03-03,7.640,7.710,7.635,7.720,650790000,998520000,0
2025-03-04,7.525,7.575,7.495,7.580,697070000,1050010000,0
2025-03-05,7.575,7.665,7.545,7.755,1115510000,1703970000,0
2025-03-06,7.680,7.670,7.670,7.710,454650000,699100000,0
2025-03-07,7.525,7.500,7.490,7.545,531220000,798680000,0
2025-03-10,7.490,7.480,7.470,7.515,354860000,531600000,0
2025-03-11,7.145,7.140,6.845,7.155,2061260000,2917440000,0
2025-03-12,7.125,7.160,7.110,7.185,908140000,1298970000,0
2025-03-13,7.220,7.120,7.095,7.225,984270000,1408130000,0
2025-03-14,7.095,7.190,7.085,7.250,1210200000,1733720000,0
2025-03-17,7.260,7.215,7.210,7.270,349740000,506480000,0
2025-03-18,7.255,7.275,7.240,7.285,425960000,618440000,0
2025-03-19,7.210,7.215,7.205,7.240,398740000,575800000,0
2025-03-20,7.305,7.375,7.290,7.400,870510000,1280870000,0
2025-03-21,7.350,7.340,7.315,7.365,323870000,475570000,0
2025-03-24,7.425,7.490,7.415,7.495,656040000,980400000,0
2025-03-25,7.620,7.565,7.520,7.640,567530000,860840000,0
2025-03-26,7.610,7.540,7.535,7.610,393320000,594970000,0
2025-03-27,7.390,7.410,7.390,7.460,520260000,772340000,0
2025-03-28,7.385,7.375,7.360,7.395,275750000,406880000,0
2025-03-31,7.140,7.055,7.000,7.155,926170000,1311110000,0
2025-04-01,7.100,7.180,7.100,7.185,498150000,711850000,0
2025-04-02,7.210,7.210,7.195,7.245,341850000,493500000,0
2025-04-03,7.045,7.065,7.035,7.135,590750000,835940000,0
2025-04-07,6.360,6.360,6.360,6.360,372860000,474280000,0
2025-04-08,6.530,6.595,6.515,6.675,1178460000,1553300000,0
2025-04-09,6.355,6.500,6.300,6.565,1823610000,2341510000,0
2025-04-10,7.150,7.145,7.005,7.150,1314840000,1871470000,0
2025-04-11,6.860,7.065,6.855,7.120,1129050000,1574460000,0
2025-04-14,7.175,7.160,7.145,7.185,643190000,921140000,0
2025-04-15,7.125,7.080,7.075,7.125,358570000,508690000,0
2025-04-16,7.000,6.945,6.920,7.030,419440000,584710000,0
2025-04-17,6.895,6.950,6.885,6.990,523550000,726440000,0
2025-04-18,6.905,6.905,6.880,6.935,359090000,495920000,0
2025-04-21,6.870,6.845,6.835,6.880,323610000,443820000,0
2025-04-22,6.805,6.855,6.755,6.870,459990000,625170000,0
2025-04-23,7.005,7.075,6.955,7.085,717420000,1006400000,0
2025-04-24,7.100,6.990,6.990,7.100,441870000,621760000,0
2025-04-25,7.180,7.220,7.180,7.230,749670000,1080810000,0
2025-04-28,7.200,7.240,7.185,7.250,457970000,661340000,0
2025-04-29,7.255,7.230,7.225,7.280,368010000,534300000,0
2025-04-30,7.240,7.230,7.220,7.260,362820000,525420000,0
2025-05-06,7.345,7.285,7.270,7.350,644130000,939840000,0
2025-05-07,7.315,7.310,7.295,7.380,342380000,501360000,0
2025-05-08,7.385,7.425,7.350,7.430,459160000,678510000,0
2025-05-09,7.425,7.430,7.395,7.445,509520000,756110000,0
2025-05-12,7.565,7.580,7.530,7.590,558460000,844560000,0
2025-05-13,7.690,7.610,7.595,7.695,629450000,964110000,0
2025-05-14,7.730,7.830,7.730,7.835,921040000,1435310000,0
2025-05-15,7.820,7.795,7.790,7.860,587210000,919130000,0
2025-05-16,7.805,7.805,7.795,7.840,317610000,496410000,0
2025-05-19,7.750,7.735,7.730,7.775,522460000,810150000,0
2025-05-20,7.825,7.820,7.810,7.845,465460000,728750000,0
2025-05-21,7.815,7.745,7.735,7.815,427640000,664520000,0
2025-05-22,7.700,7.695,7.670,7.735,558510000,859410000,0
2025-05-23,7.700,7.670,7.660,7.720,243660000,375110000,0
2025-05-26,7.700,7.715,7.680,7.715,237340000,365070000,0
2025-05-27,7.700,7.750,7.690,7.770,363290000,561740000,0
2025-05-28,7.840,7.840,7.815,7.860,319090000,500060000,0
2025-05-29,7.950,7.945,7.925,7.970,468260000,744440000,0
2025-05-30,7.770,7.780,7.765,7.810,452320000,704780000,0
2025-06-03,7.835,7.810,7.805,7.840,337650000,528130000,0
2025-06-04,7.885,7.875,7.850,7.890,425230000,669320000,0
2025-06-05,7.875,7.855,7.855,7.885,233240000,367110000,0
2025-06-06,7.800,7.835,7.795,7.845,387740000,606360000,0
2025-06-09,7.865,7.855,7.850,7.870,220470000,346450000,0
2025-06-10,7.905,7.855,7.845,7.930,708630000,1118530000,0
2025-06-11,7.885,7.885,7.880,7.900,363840000,574220000,0
2025-06-12,7.850,7.855,7.840,7.870,331160000,520210000,0
2025-06-13,7.760,7.770,7.740,7.795,641580000,996850000,0
2025-06-16,7.805,7.835,7.800,7.840,462020000,722550000,0
2025-06-17,7.865,7.865,7.850,7.885,607440000,955650000,0
2025-06-18,7.840,7.840,7.830,7.860,322980000,506650000,0
2025-06-19,7.800,7.795,7.780,7.815,383220000,597710000,0
2025-06-20,7.795,7.810,7.785,7.830,321430000,501910000,0
2025-06-23,7.755,7.795,7.745,7.795,303360000,471830000,0
2025-06-24,7.925,7.975,7.915,7.975,623210000,989390000,0
2025-06-25,7.980,7.975,7.970,7.990,436610000,696690000,0
2025-06-26,7.995,8.015,7.980,8.015,428730000,685840000,0
2025-06-27,8.060,8.095,8.055,8.110,514230000,831250000,0
2025-06-30,8.125,8.145,8.120,8.155,474710000,772890000,0
2025-07-01,8.155,8.110,8.105,8.155,504400000,819920000,0
2025-07-02,8.070,8.115,8.065,8.120,461540000,747020000,0
2025-07-03,8.150,8.130,8.125,8.150,498540000,811060000,0
2025-07-04,8.195,8.180,8.175,8.200,318760000,521870000,0
2025-07-07,8.165,8.175,8.160,8.190,424590000,694130000,0
2025-07-08,8.165,8.180,8.155,8.185,406050000,663600000,0
2025-07-09,8.165,8.150,8.135,8.170,446030000,726920000,0
2025-07-10,8.185,8.195,8.180,8.200,338650000,554830000,0
2025-07-11,8.170,8.165,8.160,8.180,378040000,617610000,0
2025-07-14,8.130,8.115,8.110,8.135,391130000,635440000,0
2025-07-15,8.175,8.240,8.170,8.245,766770000,1259570000,0
2025-07-16,8.200,8.190,8.185,8.215,349120000,572660000,0
2025-07-17,8.220,8.250,8.210,8.260,406350000,668890000,0
2025-07-18,8.290,8.310,8.290,8.330,387770000,644600000,0
2025-07-21,8.315,8.310,8.305,8.325,231390000,384750000,0
2025-07-22,8.330,8.315,8.305,8.345,320440000,533360000,0
2025-07-23,8.285,8.300,8.275,8.300,395570000,655630000,0
2025-07-24,8.335,8.315,8.305,8.340,301680000,502340000,0
2025-07-25,8.335,8.330,8.325,8.345,289970000,483390000,0
2025-07-28,8.385,8.420,8.385,8.420,272410000,457810000,0
2025-07-29,8.415,8.415,8.400,8.425,326410000,549120000,0
2025-07-30,8.395,8.400,8.385,8.410,226950000,381180000,0
2025-07-31,8.515,8.520,8.505,8.530,385240000,656360000,0
2025-08-01,8.370,8.355,8.350,8.390,585050000,979730000,0
2025-08-04,8.215,8.240,8.215,8.245,512890000,843930000,0
2025-08-05,8.360,8.395,8.350,8.400,387060000,647950000,0
2025-08-06,8.290,8.350,8.280,8.355,530910000,883730000,0
2025-08-07,8.445,8.420,8.415,8.460,380850000,642680000,0
2025-08-08,8.455,8.455,8.440,8.465,288690000,488080000,0
2025-08-11,8.530,8.540,8.520,8.540,383150000,653830000,0
2025-08-12,8.510,8.515,8.495,8.530,440600000,750220000,0
2025-08-13,8.605,8.605,8.575,8.610,535600000,920720000,0
2025-08-14,8.590,8.585,8.570,8.595,328200000,563160000,0
2025-08-15,8.585,8.610,8.585,8.610,340330000,584970000,0
2025-08-18,8.575,8.550,8.540,8.590,445490000,763760000,0
2025-08-19,8.545,8.515,8.505,8.550,342650000,584110000,0
2025-08-20,8.390,8.420,8.375,8.430,525730000,882670000,0
2025-08-21,8.380,8.450,8.380,8.450,443890000,747420000,0
2025-08-22,8.405,8.380,8.360,8.435,489110000,821280000,0
2025-08-25,8.500,8.490,8.475,8.505,443560000,753340000,0
2025-08-26,8.455,8.450,8.440,8.460,270060000,456200000,0
2025-08-27,8.495,8.520,8.480,8.525,278480000,473150000,0
2025-08-28,8.470,8.465,8.450,8.490,383840000,649940000,0
2025-08-29,8.500,8.460,8.455,8.500,410500000,695360000,0
2025-09-01,8.395,8.365,8.335,8.400,628220000,1051090000,0
2025-09-02,8.380,8.380,8.360,8.385,282880000,473500000,0
2025-09-03,8.335,8.380,8.330,8.390,409440000,684090000,0
2025-09-04,8.425,8.410,8.405,8.430,427600000,719800000,0
2025-09-05,8.490,8.505,8.480,8.505,338490000,574950000,0
2025-09-08,8.490,8.480,8.470,8.495,248990000,422340000,0
2025-09-09,8.490,8.505,8.480,8.505,319650000,543000000,0
2025-09-10,8.520,8.555,8.520,8.555,265760000,453940000,0
2025-09-11,8.535,8.540,8.515,8.545,289110000,493320000,0
2025-09-12,8.565,8.570,8.560,8.575,219130000,375510000,0
2025-09-15,8.595,8.635,8.590,8.635,321440000,553770000,0
2025-09-16,8.680,8.680,8.675,8.705,348570000,605610000,0
2025-09-17,8.660,8.645,8.630,8.665,441610000,763310000,0
2025-09-18,8.670,8.720,8.665,8.725,521470000,907460000,0
2025-09-19,8.755,8.755,8.750,8.775,421940000,739520000,0
2025-09-22,8.810,8.855,8.800,8.870,603310000,1066010000,0
2025-09-23,8.940,9.000,8.930,9.000,548430000,983840000,0
2025-09-24,8.920,8.925,8.870,8.930,549080000,978020000,0
2025-09-25,8.895,8.895,8.880,8.920,241680000,430270000,0
2025-09-26,8.855,8.900,8.845,8.910,310220000,550290000,0
2025-09-29,8.965,9.000,8.960,9.025,437450000,787240000,0
2025-09-30,9.010,9.065,9.010,9.080,481870000,871510000,0
2025-10-09,9.210,9.255,9.210,9.275,459660000,849180000,0
2025-10-10,9.260,9.300,9.215,9.325,506280000,938820000,0
2025-10-13,9.035,9.145,9.030,9.170,932050000,1697770000,0
2025-10-14,9.275,9.050,9.010,9.275,643520000,1176970000,0
2025-10-15,9.115,9.125,9.065,9.180,613840000,1119520000,0
2025-10-16,9.115,9.190,9.090,9.200,464790000,848580000,0
2025-10-17,9.125,9.035,9.030,9.150,438240000,796290000,0
2025-10-20,9.175,9.295,9.170,9.300,638090000,1178250000,0
2025-10-21,9.440,9.365,9.290,9.450,451920000,848230000,0
2025-10-22,9.355,9.415,9.310,9.440,495800000,932400000,0
2025-10-23,9.340,9.415,9.330,9.430,341180000,639490000,0
2025-10-24,9.550,9.510,9.475,9.555,320420000,609120000,0
2025-10-27,9.615,9.780,9.615,9.820,713600000,1383610000,0
2025-10-28,9.880,9.805,9.660,9.955,736500000,1445740000,0
2025-10-29,9.920,10.000,9.845,10.000,467760000,930030000,0
2025-10-30,9.985,9.925,9.900,10.005,584650000,1164800000,0
2025-10-31,9.905,9.910,9.845,9.990,469790000,931640000,0
2025-11-03,9.920,9.880,9.875,9.945,314670000,623920000,0
2025-11-04,9.885,9.700,9.590,9.895,553040000,1076660000,0
2025-11-05,9.450,9.560,9.310,9.635,691140000,1312600000,0
2025-11-06,9.615,9.745,9.595,9.750,359500000,697290000,0
2025-11-07,9.590,9.620,9.560,9.690,487530000,936990000,0
2025-11-10,9.730,9.755,9.680,9.765,395860000,769500000,0
2025-11-11,9.875,9.795,9.750,9.900,363750000,714880000,0
2025-11-12,9.835,9.870,9.800,9.875,345090000,678540000,0
2025-11-13,9.850,9.875,9.825,9.880,320640000,631790000,0
2025-11-14,9.675,9.615,9.600,9.730,475930000,920480000,0
2025-11-17,9.705,9.545,9.430,9.710,512940000,987800000,0
2025-11-18,9.405,9.220,9.190,9.460,878540000,1636560000,0
2025-11-19,9.175,9.180,9.155,9.315,714410000,1317560000,0
2025-11-20,9.395,9.535,9.395,9.545,635830000,1203360000,0
2025-11-21,9.170,9.240,9.155,9.290,633150000,1169160000,0
2025-11-24,9.340,9.280,9.255,9.380,539150000,1002630000,0
2025-11-25,9.480,9.485,9.450,9.495,602160000,1141230000,0
2025-11-26,9.555,9.635,9.555,9.650,299730000,575440000,0
2025-11-27,9.705,9.625,9.610,9.710,284640000,549530000,0
2025-11-28,9.675,9.715,9.640,9.720,238850000,462290000,0
2025-12-01,9.650,9.680,9.630,9.715,312460000,604420000,0
2025-12-02,9.725,9.700,9.665,9.730,197200000,382400000,0
2025-12-03,9.750,9.825,9.750,9.830,326150000,638850000,0
2025-12-04,9.825,9.825,9.820,9.860,239420000,471020000,0
2025-12-05,9.840,9.815,9.780,9.860,323660000,635990000,0
2025-12-08,9.815,9.760,9.755,9.845,269250000,527610000,0
2025-12-09,9.740,9.640,9.610,9.740,321090000,619650000,0
2025-12-10,9.640,9.720,9.620,9.740,291170000,564130000,0
2025-12-11,9.710,9.590,9.585,9.760,373810000,722360000,0
2025-12-12,9.660,9.605,9.590,9.660,285700000,549500000,0
2025-12-15,9.450,9.510,9.440,9.525,247050000,469280000,0
2025-12-16,9.450,9.365,9.330,9.475,329680000,618840000,0
2025-12-17,9.430,9.495,9.415,9.525,337880000,640770000,0
2025-12-18,9.365,9.390,9.350,9.400,259650000,487150000,0
2025-12-19,9.495,9.580,9.480,9.585,288440000,549410000,0
2025-12-22,9.700,9.725,9.700,9.735,254840000,495180000,0
2025-12-23,9.730,9.675,9.660,9.735,207280000,401580000,0
2025-12-24,9.715,9.665,9.650,9.720,178380000,345370000,0
2025-12-25,9.665,9.650,9.630,9.675,138510000,267160000,0
2025-12-26,9.675,9.645,9.640,9.685,106450000,205520000,0
2025-12-29,9.625,9.580,9.545,9.625,197290000,377420000,0
2025-12-30,9.515,9.570,9.490,9.580,210590000,400990000,0
2025-12-31,9.525,9.520,9.505,9.545,133580000,254310000,0
2026-01-05,9.545,9.650,9.535,9.650,274270000,526500000,0
2026-01-06,9.660,9.625,9.600,9.665,268610000,517080000,0
2026-01-07,9.650,9.595,9.585,9.655,213980000,411130000,0
2026-01-08,9.580,9.495,9.490,9.590,251840000,480510000,0
2026-01-09,9.480,9.515,9.450,9.530,183130000,347680000,0
2026-01-12,9.520,9.465,9.460,9.535,293810000,557940000,0
2026-01-13,9.475,9.575,9.465,9.585,260730000,496000000,0
2026-01-14,9.570,9.545,9.505,9.570,217080000,413820000,0
2026-01-15,9.490,9.505,9.455,9.530,223460000,424220000,0
2026-01-16,9.520,9.520,9.495,9.530,152790000,290520000,0
2026-01-19,9.430,9.435,9.415,9.480,190260000,359430000,0
2026-01-20,9.435,9.380,9.355,9.450,170040000,319540000,0
2026-01-21,9.310,9.375,9.280,9.395,233110000,435450000,0
2026-01-22,9.480,9.505,9.470,9.530,230740000,438510000,0
2026-01-23,9.540,9.455,9.450,9.550,236710000,449490000,0
2026-01-26,9.440,9.410,9.350,9.440,237200000,445490000,0
2026-01-27,9.470,9.470,9.440,9.495,210920000,399850000,0
2026-01-28,9.510,9.525,9.470,9.560,368400000,701550000,0
2026-01-29,9.475,9.455,9.430,9.490,190460000,360390000,0
2026-01-30,9.370,9.405,9.370,9.435,191220000,359280000,0
2026-02-02,9.290,9.165,9.155,9.375,339910000,628620000,0
2026-02-03,9.350,9.360,9.275,9.365,251620000,469740000,0
2026-02-04,9.245,9.265,9.205,9.275,250180000,462540000,0
2026-02-05,9.175,9.200,9.155,9.215,188490000,345970000,0
2026-02-06,9.045,9.065,9.025,9.090,279630000,506740000,0
2026-02-09,9.230,9.235,9.205,9.250,203550000,375820000,0
2026-02-10,9.255,9.220,9.210,9.270,153610000,284060000,0
2026-02-11,9.200,9.205,9.195,9.215,109410000,201430000,0
2026-02-12,9.200,9.180,9.165,9.235,157500000,289700000,0
2026-02-13,9.050,9.150,9.035,9.165,224110000,407600000,0
2026-02-24,9.105,9.115,9.050,9.120,158520000,288060000,0
2026-02-25,9.160,9.125,9.120,9.185,136760000,250210000,0
2026-02-26,9.195,9.160,9.155,9.205,156080000,286430000,0
2026-02-27,9.080,9.095,9.080,9.115,123430000,224530000,0
2026-03-02,9.020,9.010,9.000,9.090,192350000,347670000,0
2026-03-03,9.050,8.930,8.915,9.060,195770000,351630000,0
2026-03-04,8.895,8.810,8.800,8.915,231170000,409330000,0
2026-03-05,8.950,9.000,8.950,9.010,271280000,487050000,0
2026-03-06,8.970,9.005,8.950,9.020,127610000,229280000,0
2026-03-09,8.740,8.780,8.720,8.860,330990000,580950000,0
2026-03-10,8.960,8.940,8.930,8.970,229080000,409840000,0
2026-03-11,8.960,8.960,8.950,8.985,137090000,245850000,0
2026-03-12,8.930,8.920,8.890,8.965,133520000,238230000,0
2026-03-13,8.870,8.835,8.830,8.870,139940000,247760000,0
2026-03-16,8.815,8.870,8.795,8.875,183400000,323970000,0
2026-03-17,8.880,8.840,8.825,8.920,149940000,266550000,0
2026-03-18,8.925,8.945,8.905,9.000,297740000,533140000,0
2026-03-19,8.815,8.820,8.800,8.865,152400000,269180000,0
2026-03-20,8.855,8.745,8.740,8.855,97080000,170900000,0
2026-03-23,8.625,8.400,8.320,8.625,612770000,1035880000,0
2026-03-24,8.495,8.585,8.435,8.645,371640000,631690000,0
2026-03-25,8.650,8.670,8.595,8.680,263440000,455720000,0
2026-03-26,8.650,8.580,8.550,8.685,205270000,353540000,0
2026-03-27,8.460,8.540,8.445,8.555,213960000,363900000,0
2026-03-30,8.360,8.415,8.330,8.425,284760000,477200000,0
2026-03-31,8.400,8.370,8.360,8.465,165560000,278280000,0
2026-04-01,8.620,8.760,8.590,8.780,396130000,686450000,0
2026-04-02,8.725,8.605,8.565,8.725,246180000,425050000,0
2026-04-03,8.685,8.655,8.640,8.700,110810000,192020000,0
2026-04-07,8.655,8.660,8.645,8.710,148160000,257260000,0
2026-04-08,8.945,9.165,8.940,9.205,522750000,946950000,0
2026-04-09,9.165,9.025,8.900,9.165,279220000,502930000,0
2026-04-10,9.120,9.045,9.005,9.200,256660000,468250000,0
2026-04-13,9.000,8.990,8.940,9.015,215060000,386330000,0
2026-04-14,9.165,9.125,9.120,9.165,172950000,316180000,0
2026-04-15,9.280,9.320,9.280,9.370,304020000,566450000,0
2026-04-16,9.500,9.535,9.480,9.560,321940000,612690000,0
2026-04-17,9.510,9.460,9.425,9.515,252220000,477110000,0
2026-04-20,9.500,9.450,9.440,9.510,228600000,433030000,0
2026-04-21,9.465,9.460,9.375,9.485,234370000,442160000,0
2026-04-22,9.450,9.480,9.420,9.490,204700000,386920000,0
2026-04-23,9.535,9.525,9.485,9.585,304650000,580440000,0
2026-04-24,9.525,9.535,9.505,9.545,194550000,370710000,0
2026-04-27,9.650,9.725,9.645,9.735,402760000,780180000,0
2026-04-28,9.725,9.815,9.715,9.835,349480000,683530000,0
2026-04-29,9.755,9.810,9.740,9.815,265880000,520040000,0
2026-04-30,9.875,9.795,9.775,9.895,310460000,610820000,0
2026-05-06,10.100,10.050,10.015,10.145,571650000,1149100000,0
2026-05-07,10.150,10.270,10.150,10.290,615710000,1260070000,0
2026-05-08,10.245,10.325,10.200,10.330,517140000,1059450000,0
2026-05-11,10.520,10.540,10.500,10.550,476490000,1002950000,0
2026-05-12,10.490,10.405,10.400,10.510,490250000,1024080000,0
2026-05-13,10.380,10.465,10.350,10.490,534700000,1113670000,0
2026-05-14,10.580,10.525,10.465,10.585,431420000,907650000,0
2026-05-15,10.535,10.500,10.420,10.630,691010000,1454990000,0
2026-05-18,10.325,10.330,10.300,10.450,535180000,1110450000,0
2026-05-19,10.290,10.235,10.170,10.340,515330000,1055790000,0
2026-05-20,10.180,10.290,10.130,10.300,529850000,1080590000,0
2026-05-21,10.425,10.515,10.405,10.570,630030000,1320520000,0
2026-05-22,10.600,10.730,10.600,10.750,674650000,1442570000,0
2026-05-25,11.055,11.155,10.940,11.350,804740000,1791830000,0
2026-05-26,11.155,10.925,10.750,11.155,470560000,1033840000,0
2026-05-27,11.075,11.115,11.045,11.210,483700000,1075340000,0
2026-05-28,11.130,11.070,10.865,11.130,370830000,818980000,0
2026-05-29,11.175,11.365,11.175,11.370,501060000,1131100000,0
2026-06-01,11.365,11.825,10.230,11.930,748940000,1758560000,0
2026-06-02,11.775,11.715,11.250,11.875,589400000,1377070000,0
2026-06-03,12.885,11.495,11.385,12.885,504710000,1165820000,0
2026-06-04,11.550,11.200,11.145,11.550,519650000,1166280000,0
2026-06-05,11.010,11.025,11.000,11.245,491650000,1091970000,0
2026-06-08,10.580,10.570,10.530,10.785,712910000,1517790000,0
2026-06-09,10.750,11.000,10.720,11.015,694590000,1506540000,0
2026-06-10,10.780,10.715,10.655,10.825,416210000,893110000,0
2026-06-11,10.615,10.650,10.460,10.655,486000000,1026380000,0
2026-06-12,11.050,10.810,10.790,11.075,479600000,1051540000,0
2026-06-15,11.155,11.290,11.100,11.300,507290000,1136120000,0
2026-06-16,11.320,11.400,11.320,11.915,326110000,744440000,0
2026-06-17,11.255,11.395,11.245,11.445,324120000,734620000,0
2026-06-18,11.595,11.330,11.200,11.595,367780000,830490000,0
2026-06-22,11.555,11.250,11.210,11.555,455290000,1024400000,0
2026-06-23,11.100,10.870,10.845,11.135,578300000,1270070000,0
2026-06-24,10.770,10.935,10.770,10.960,530990000,1154700000,0
2026-06-25,11.020,11.040,10.930,11.060,338240000,745480000,0
2026-06-26,11.030,10.790,10.665,11.030,302000000,650100000,0
2026-06-29,10.805,10.890,10.735,10.900,312860000,677410000,0
2026-06-30,11.055,11.020,11.000,11.070,289730000,639510000,0
2026-07-01,11.135,11.045,11.020,11.160,307890000,682630000,0
2026-07-02,10.965,10.790,10.775,10.980,341990000,745160000,0
2026-07-03,10.750,10.835,10.720,10.875,335610000,726280000,0
2026-07-06,10.840,10.855,10.735,10.875,204500000,441770000,0
2026-07-07,10.835,10.845,10.775,10.880,211810000,458930000,0
2026-07-08,10.805,10.705,10.700,10.820,191010000,410930000,0
2026-07-09,10.785,10.830,10.735,10.845,223530000,482350000,0
2026-07-10,10.905,10.870,10.855,10.945,184230000,401730000,0
2026-07-13,10.895,10.840,10.810,10.895,196790000,427110000,0
2026-07-14,10.785,10.850,10.680,10.855,286150000,617120000,0
2026-07-15,10.930,10.940,10.880,10.960,302440000,660670000,0
2026-07-16,10.840,10.835,10.820,10.895,190230000,413190000,0
2026-07-17,10.670,10.535,10.515,10.675,316660000,670700000,0
2026-07-20,10.535,10.480,10.470,10.590,171990000,362570000,0
2026-07-21,10.525,10.650,10.500,10.665,277030000,587260000,0
2026-07-22,10.695,10.650,10.630,10.765,181890000,389540000,0
2026-07-23,10.715,10.655,10.610,10.740,142380000,303770000,0
2026-07-24,10.500,10.520,10.475,10.550,143090000,301020000,0
2026-07-27,10.525,10.590,10.520,10.610,145360000,307050000,0
2026-07-28,10.450,10.340,10.300,10.480,123760000,256110000,0
2026-07-29,10.380,10.370,10.295,10.405,138260000,285840000,0
2026-07-30,10.250,10.205,10.175,10.275,109490000,223410000,0
2026-07-31,10.555,10.560,10.535,10.595,168780000,356440000,0
2026-08-03,10.575,10.635,10.575,10.660,102230000,217350000,0
2026-08-04,10.850,10.960,10.825,10.965,178780000,389310000,0
2026-08-05,11.295,11.335,11.250,11.340,225440000,509290000,0
2026-08-06,11.215,11.220,11.170,11.230,190750000,427160000,0
2026-08-07,11.220,11.330,11.190,11.370,199150000,448590000,0
2026-08-10,11.400,11.305,11.300,11.460,192800000,438310000,0
2026-08-11,11.175,11.075,11.060,11.225,191640000,426990000,0
2026-08-12,11.055,11.130,11.015,11.155,136580000,303280000,0
2026-08-13,11.175,11.130,11.120,11.220,130090000,290740000,0
2026-08-14,11.285,11.320,11.235,11.325,163090000,368070000,0
2026-08-17,11.320,11.370,11.310,11.370,153540000,348270000,0
2026-08-18,11.215,11.195,11.170,11.235,111550000,249760000,0
2026-08-19,10.985,11.000,10.925,11.000,161880000,354980000,0
2026-08-20,11.085,11.060,11.050,11.115,86160000,190990000,0
2026-08-21,10.975,10.975,10.935,11.000,136710000,299750000,0
2026-08-24,10.950,10.830,10.820,10.955,144500000,314260000,0
2026-08-25,10.795,10.975,10.770,11.045,253650000,553820000,0
2026-08-26,10.980,11.015,10.980,11.045,120220000,264990000,0
2026-08-27,11.140,11.145,11.100,11.155,127410000,283760000,0
2026-08-28,11.220,11.175,11.145,11.235,108670000,243080000,0
2026-08-31,11.035,11.115,10.990,11.145,133240000,294970000,0
2026-09-01,11.090,11.165,11.065,11.225,143900000,321200000,0
2026-09-02,11.020,10.975,10.955,11.070,121680000,268180000,0
2026-09-03,11.005,10.980,10.965,11.040,116550000,256480000,0
2026-09-04,11.125,11.110,11.105,11.155,128080000,285000000,0
2026-09-07,11.145,11.180,11.140,11.190,113820000,254130000,0
2026-09-08,11.195,11.165,11.150,11.220,88520000,197980000,0
2026-09-09,11.165,11.170,11.125,11.175,87580000,195290000,0
2026-09-10,11.090,11.095,11.080,11.120,96510000,214300000,0
2026-09-11,10.990,11.005,10.930,11.035,151480000,332370000,0
2026-09-14,10.975,10.955,10.935,10.975,108310000,237190000,0
2026-09-15,10.975,10.980,10.925,11.010,140300000,307700000,0
2026-09-16,10.980,11.090,10.960,11.100,122920000,270930000,0
2026-09-17,11.090,11.100,10.975,11.105,129720000,286640000,0
2026-09-18,11.200,11.345,11.185,11.345,210750000,474610000,0
2026-09-21,11.375,11.415,11.350,11.435,212380000,484360000,0
2026-09-22,11.625,11.580,11.510,11.670,299130000,694170000,0
2026-09-23,11.625,11.670,11.585,11.695,232660000,541360000,0
2026-09-24,11.540,11.560,11.480,11.605,167710000,387710000,0
2026-09-28,11.560,11.520,11.500,11.585,137890000,318270000,0
2026-09-29,11.455,11.620,11.435,11.645,135530000,311740000,0
2026-09-30,11.630,11.760,11.625,11.770,254830000,597040000,0
