date,open,high,low,close,volume,amount,turnover
2017-01-03,1.435,1.451,1.435,1.488,23890000,34900000,0
2017-01-04,1.457,1.462,1.453,1.464,17720000,25820000,0
2017-01-05,1.466,1.462,1.457,1.478,15530000,22700000,0
2017-01-06,1.457,1.455,1.452,1.460,9350000,13630000,0
2017-01-09,1.457,1.459,1.457,1.462,4340000,6340000,0
2017-01-10,1.459,1.452,1.445,1.459,5290000,7670000,0
2017-01-11,1.452,1.451,1.447,1.453,2860000,4150000,0
2017-01-12,1.455,1.453,1.452,1.458,3820000,5560000,0
2017-01-13,1.450,1.454,1.448,1.455,4210000,6110000,0
2017-01-16,1.452,1.454,1.450,1.455,3240000,4700000,0
2017-01-17,1.454,1.442,1.439,1.454,3500000,5060000,0
2017-01-18,1.441,1.447,1.434,1.462,5680000,8210000,0
2017-01-19,1.449,1.443,1.442,1.450,2670000,3860000,0
2017-01-20,1.442,1.439,1.437,1.442,2840000,4090000,0
2017-01-23,1.439,1.433,1.431,1.443,4250000,6100000,0
2017-01-24,1.434,1.431,1.430,1.438,3070000,4400000,0
2017-01-25,1.438,1.446,1.437,1.451,4830000,6970000,0
2017-01-26,1.460,1.458,1.442,1.465,10970000,15960000,0
2017-02-03,1.447,1.446,1.440,1.448,3720000,5370000,0
2017-02-06,1.454,1.459,1.453,1.459,3520000,5120000,0
2017-02-07,1.457,1.456,1.454,1.457,2070000,3010000,0
2017-02-08,1.457,1.461,1.455,1.462,2980000,4350000,0
2017-02-09,1.459,1.455,1.455,1.460,2830000,4120000,0
2017-02-10,1.464,1.472,1.463,1.473,8380000,12300000,0
2017-02-13,1.476,1.481,1.474,1.486,3460000,5120000,0
2017-02-14,1.486,1.480,1.478,1.487,4270000,6330000,0
2017-02-15,1.485,1.488,1.485,1.490,5270000,7840000,0
2017-02-16,1.498,1.488,1.486,1.498,7880000,11760000,0
2017-02-17,1.488,1.485,1.482,1.488,2950000,4380000,0
2017-02-20,1.486,1.490,1.483,1.490,5740000,8540000,0
2017-02-21,1.492,1.489,1.487,1.493,2350000,3500000,0
2017-02-22,1.497,1.503,1.494,1.503,6420000,9620000,0
2017-02-23,1.503,1.507,1.501,1.509,3530000,5320000,0
2017-02-24,1.510,1.509,1.506,1.510,4310000,6500000,0
2017-02-27,1.510,1.508,1.502,1.510,1880000,2830000,0
2017-02-28,1.508,1.519,1.508,1.521,5530000,8390000,0
2017-03-01,1.514,1.541,1.511,1.543,3970000,6080000,0
2017-03-02,1.568,1.623,1.568,1.688,19420000,31650000,0
2017-03-03,1.600,1.630,1.600,1.640,6910000,11220000,0
2017-03-06,1.630,1.678,1.630,1.684,8250000,13750000,0
2017-03-07,1.667,1.628,1.580,1.694,14580000,23930000,0
2017-03-08,1.625,1.595,1.583,1.628,9170000,14630000,0
2017-03-09,1.595,1.556,1.546,1.596,9380000,14670000,0
2017-03-10,1.548,1.590,1.548,1.614,8760000,13920000,0
2017-03-13,1.601,1.603,1.596,1.633,6710000,10800000,0
2017-03-14,1.607,1.617,1.607,1.619,2810000,4540000,0
2017-03-15,1.613,1.594,1.580,1.613,4250000,6760000,0
2017-03-16,1.630,1.613,1.611,1.659,7020000,11420000,0
2017-03-17,1.609,1.611,1.601,1.620,2360000,3810000,0
2017-03-20,1.610,1.612,1.608,1.616,1440000,2330000,0
2017-03-21,1.609,1.615,1.602,1.616,2190000,3530000,0
2017-03-22,1.579,1.555,1.549,1.587,8520000,13360000,0
2017-03-23,1.570,1.555,1.553,1.572,2730000,4260000,0
2017-03-24,1.551,1.542,1.535,1.554,3080000,4740000,0
2017-03-27,1.541,1.521,1.518,1.542,3650000,5560000,0
2017-03-28,1.521,1.538,1.521,1.541,1810000,2780000,0
2017-03-29,1.553,1.553,1.540,1.557,1970000,3060000,0
2017-03-30,1.555,1.547,1.541,1.559,1820000,2820000,0
2017-03-31,1.554,1.574,1.549,1.593,4810000,7560000,0
2017-04-05,1.574,1.564,1.559,1.577,2130000,3340000,0
2017-04-06,1.564,1.549,1.532,1.564,2460000,3800000,0
2017-04-07,1.553,1.543,1.541,1.553,2210000,3410000,0
2017-04-10,1.542,1.546,1.540,1.546,1090000,1690000,0
2017-04-11,1.549,1.540,1.534,1.551,1650000,2550000,0
2017-04-12,1.540,1.534,1.530,1.540,1240000,1900000,0
2017-04-13,1.530,1.529,1.525,1.530,850000,1300000,0
2017-04-14,1.527,1.515,1.512,1.527,1790000,2720000,0
2017-04-17,1.515,1.507,1.498,1.515,1590000,2390000,0
2017-04-18,1.516,1.535,1.516,1.542,1720000,2640000,0
2017-04-19,1.532,1.522,1.513,1.532,1600000,2440000,0
2017-04-20,1.522,1.517,1.509,1.522,1680000,2550000,0
2017-04-21,1.535,1.528,1.527,1.535,2400000,3680000,0
2017-04-24,1.530,1.536,1.529,1.549,2660000,4080000,0
2017-04-25,1.549,1.559,1.543,1.559,5780000,8980000,0
2017-04-26,1.569,1.568,1.565,1.585,2670000,4190000,0
2017-04-27,1.565,1.541,1.536,1.565,3180000,4920000,0
2017-04-28,1.550,1.553,1.540,1.553,1510000,2330000,0
2017-05-02,1.557,1.552,1.549,1.557,2030000,3150000,0
2017-05-03,1.555,1.550,1.548,1.555,1390000,2160000,0
2017-05-04,1.550,1.547,1.542,1.550,730000,1130000,0
2017-05-05,1.549,1.544,1.539,1.549,1040000,1600000,0
2017-05-08,1.557,1.559,1.550,1.560,3500000,5460000,0
2017-05-09,1.558,1.553,1.546,1.560,1880000,2910000,0
2017-05-10,1.554,1.548,1.546,1.554,1400000,2170000,0
2017-05-11,1.549,1.554,1.549,1.557,840000,1310000,0
2017-05-12,1.552,1.543,1.540,1.552,1460000,2260000,0
2017-05-15,1.543,1.544,1.536,1.544,1020000,1580000,0
2017-05-16,1.552,1.552,1.550,1.555,3070000,4770000,0
2017-05-17,1.550,1.533,1.531,1.550,3260000,5000000,0
2017-05-18,1.498,1.507,1.491,1.517,6490000,9750000,0
2017-05-19,1.509,1.506,1.505,1.519,1790000,2700000,0
2017-05-22,1.512,1.520,1.509,1.522,3370000,5100000,0
2017-05-23,1.531,1.523,1.519,1.538,1940000,2960000,0
2017-05-24,1.524,1.524,1.516,1.528,3470000,5280000,0
2017-05-25,1.525,1.533,1.525,1.535,1550000,2380000,0
2017-05-26,1.536,1.546,1.536,1.547,1730000,2670000,0
2017-05-31,1.546,1.530,1.526,1.546,2630000,4020000,0
2017-06-01,1.530,1.523,1.522,1.531,2100000,3220000,0
2017-06-02,1.549,1.542,1.532,1.549,4890000,7540000,0
2017-06-05,1.548,1.536,1.533,1.548,2610000,4000000,0
2017-06-06,1.532,1.533,1.526,1.534,1080000,1650000,0
2017-06-07,1.527,1.529,1.527,1.532,1240000,1890000,0
2017-06-08,1.529,1.528,1.525,1.530,1000000,1530000,0
2017-06-09,1.529,1.528,1.525,1.529,1140000,1740000,0
2017-06-12,1.527,1.524,1.519,1.529,1000000,1520000,0
2017-06-13,1.520,1.529,1.520,1.529,2210000,3380000,0
2017-06-14,1.529,1.529,1.527,1.535,920000,1400000,0
2017-06-15,1.530,1.531,1.525,1.531,1570000,2400000,0
2017-06-16,1.529,1.533,1.525,1.533,1080000,1650000,0
2017-06-19,1.532,1.534,1.528,1.534,760000,1160000,0
2017-06-20,1.548,1.547,1.541,1.548,2580000,3990000,0
2017-06-21,1.538,1.535,1.532,1.538,810000,1240000,0
2017-06-22,1.535,1.535,1.528,1.537,1400000,2150000,0
2017-06-23,1.531,1.538,1.531,1.538,310000,480000,0
2017-06-26,1.539,1.537,1.535,1.540,1410000,2160000,0
2017-06-27,1.535,1.538,1.535,1.539,530000,820000,0
2017-06-28,1.529,1.525,1.519,1.529,1430000,2180000,0
2017-06-29,1.534,1.530,1.529,1.539,3240000,4960000,0
2017-06-30,1.518,1.521,1.513,1.521,960000,1460000,0
2017-07-03,1.519,1.520,1.517,1.522,970000,1470000,0
2017-07-04,1.521,1.521,1.518,1.522,880000,1340000,0
2017-07-05,1.521,1.523,1.520,1.524,390000,590000,0
2017-07-06,1.525,1.523,1.521,1.525,400000,610000,0
2017-07-07,1.518,1.515,1.508,1.518,1060000,1600000,0
2017-07-10,1.521,1.521,1.516,1.522,860000,1300000,0
2017-07-11,1.522,1.522,1.520,1.525,410000,630000,0
2017-07-12,1.522,1.520,1.517,1.522,360000,540000,0
2017-07-13,1.529,1.530,1.527,1.532,690000,1050000,0
2017-07-14,1.530,1.528,1.526,1.532,540000,830000,0
2017-07-17,1.532,1.533,1.530,1.535,1780000,2720000,0
2017-07-18,1.533,1.534,1.530,1.534,340000,520000,0
2017-07-19,1.535,1.538,1.531,1.543,2190000,3370000,0
2017-07-20,1.542,1.545,1.542,1.548,1100000,1700000,0
2017-07-21,1.541,1.541,1.538,1.545,670000,1040000,0
2017-07-24,1.539,1.538,1.529,1.541,850000,1310000,0
2017-07-25,1.537,1.537,1.533,1.539,460000,710000,0
2017-07-26,1.539,1.540,1.537,1.542,400000,620000,0
2017-07-27,1.541,1.536,1.532,1.541,1250000,1920000,0
2017-07-28,1.534,1.535,1.529,1.544,1180000,1820000,0
2017-07-31,1.535,1.536,1.529,1.541,1010000,1550000,0
2017-08-01,1.535,1.532,1.532,1.539,1630000,2490000,0
2017-08-02,1.533,1.535,1.531,1.537,1230000,1890000,0
2017-08-03,1.535,1.530,1.529,1.535,520000,800000,0
2017-08-04,1.530,1.527,1.526,1.530,550000,840000,0
2017-08-07,1.528,1.539,1.528,1.543,1510000,2320000,0
2017-08-08,1.539,1.539,1.535,1.541,400000,620000,0
2017-08-09,1.539,1.531,1.531,1.539,790000,1210000,0
2017-08-10,1.526,1.527,1.526,1.530,470000,720000,0
2017-08-11,1.515,1.513,1.505,1.516,990000,1490000,0
2017-08-14,1.518,1.518,1.511,1.519,400000,600000,0
2017-08-15,1.529,1.523,1.523,1.529,330000,500000,0
2017-08-16,1.523,1.519,1.518,1.528,1400000,2130000,0
2017-08-17,1.524,1.518,1.518,1.524,170000,260000,0
2017-08-18,1.501,1.505,1.499,1.510,1540000,2310000,0
2017-08-21,1.507,1.503,1.497,1.507,1120000,1680000,0
2017-08-22,1.502,1.504,1.498,1.505,460000,700000,0
2017-08-23,1.504,1.510,1.504,1.513,720000,1080000,0
2017-08-24,1.509,1.502,1.501,1.509,340000,520000,0
2017-08-25,1.500,1.502,1.497,1.503,590000,890000,0
2017-08-28,1.500,1.502,1.496,1.503,1240000,1860000,0
2017-08-29,1.502,1.494,1.493,1.502,1160000,1730000,0
2017-08-30,1.496,1.494,1.492,1.496,590000,890000,0
2017-08-31,1.497,1.497,1.495,1.499,1350000,2030000,0
2017-09-01,1.501,1.504,1.499,1.504,970000,1460000,0
2017-09-04,1.503,1.503,1.500,1.505,1580000,2380000,0
2017-09-05,1.503,1.500,1.498,1.503,780000,1160000,0
2017-09-06,1.497,1.497,1.490,1.497,790000,1180000,0
2017-09-07,1.497,1.495,1.492,1.497,430000,650000,0
2017-09-08,1.497,1.493,1.493,1.498,960000,1430000,0
2017-09-11,1.495,1.495,1.495,1.500,740000,1100000,0
2017-09-12,1.503,1.503,1.502,1.515,2490000,3760000,0
2017-09-13,1.505,1.503,1.501,1.505,360000,540000,0
2017-09-14,1.504,1.505,1.500,1.507,2680000,4030000,0
2017-09-15,1.501,1.507,1.501,1.510,1340000,2010000,0
2017-09-18,1.509,1.512,1.509,1.515,950000,1440000,0
2017-09-19,1.511,1.515,1.511,1.515,510000,770000,0
2017-09-20,1.515,1.518,1.515,1.518,720000,1090000,0
2017-09-21,1.519,1.522,1.518,1.522,680000,1040000,0
2017-09-22,1.525,1.521,1.518,1.525,1340000,2030000,0
2017-09-25,1.521,1.516,1.516,1.524,510000,780000,0
2017-09-26,1.516,1.518,1.512,1.518,1750000,2650000,0
2017-09-27,1.515,1.520,1.515,1.522,650000,980000,0
2017-09-28,1.527,1.529,1.527,1.531,1120000,1720000,0
2017-09-29,1.532,1.539,1.532,1.539,510000,780000,0
2017-10-09,1.561,1.560,1.552,1.567,3090000,4810000,0
2017-10-10,1.560,1.559,1.550,1.563,930000,1440000,0
2017-10-11,1.559,1.567,1.559,1.571,1250000,1960000,0
2017-10-12,1.567,1.569,1.567,1.572,510000,800000,0
2017-10-13,1.568,1.558,1.555,1.568,750000,1170000,0
2017-10-16,1.559,1.559,1.558,1.562,380000,590000,0
2017-10-17,1.559,1.563,1.559,1.564,490000,760000,0
2017-10-18,1.567,1.561,1.558,1.567,540000,840000,0
2017-10-19,1.565,1.560,1.559,1.565,750000,1180000,0
2017-10-20,1.560,1.568,1.560,1.570,1330000,2080000,0
2017-10-23,1.572,1.574,1.569,1.578,390000,620000,0
2017-10-24,1.574,1.570,1.566,1.574,440000,690000,0
2017-10-25,1.570,1.577,1.570,1.577,640000,1010000,0
2017-10-26,1.569,1.569,1.567,1.574,490000,770000,0
2017-10-27,1.570,1.576,1.570,1.576,1400000,2210000,0
2017-10-30,1.585,1.587,1.581,1.590,690000,1090000,0
2017-10-31,1.590,1.585,1.584,1.592,430000,680000,0
2017-11-01,1.590,1.591,1.588,1.591,890000,1420000,0
2017-11-02,1.592,1.591,1.586,1.593,1000000,1580000,0
2017-11-03,1.596,1.600,1.591,1.615,730000,1170000,0
2017-11-06,1.620,1.606,1.590,1.621,2810000,4510000,0
2017-11-07,1.605,1.595,1.591,1.606,1460000,2320000,0
2017-11-08,1.590,1.591,1.589,1.595,750000,1190000,0
2017-11-09,1.590,1.593,1.587,1.599,1190000,1900000,0
2017-11-10,1.577,1.583,1.577,1.586,2270000,3590000,0
2017-11-13,1.582,1.583,1.579,1.586,1630000,2580000,0
2017-11-14,1.585,1.585,1.584,1.588,990000,1560000,0
2017-11-15,1.584,1.574,1.574,1.585,920000,1450000,0
2017-11-16,1.571,1.572,1.563,1.573,1170000,1840000,0
2017-11-17,1.582,1.584,1.581,1.586,780000,1230000,0
2017-11-20,1.584,1.579,1.577,1.585,700000,1110000,0
2017-11-21,1.580,1.584,1.580,1.585,930000,1470000,0
2017-11-22,1.590,1.589,1.588,1.600,890000,1410000,0
2017-11-23,1.592,1.586,1.583,1.592,1340000,2140000,0
2017-11-24,1.584,1.587,1.577,1.589,540000,860000,0
2017-11-27,1.587,1.587,1.586,1.591,1250000,1990000,0
2017-11-28,1.587,1.589,1.583,1.591,1160000,1840000,0
2017-11-29,1.598,1.603,1.598,1.605,4610000,7380000,0
2017-11-30,1.601,1.602,1.600,1.603,1080000,1740000,0
2017-12-01,1.619,1.615,1.611,1.619,1950000,3150000,0
2017-12-04,1.630,1.659,1.625,1.680,7010000,11560000,0
2017-12-05,1.650,1.630,1.619,1.650,3170000,5180000,0
2017-12-06,1.627,1.614,1.605,1.627,3060000,4920000,0
2017-12-07,1.612,1.613,1.612,1.620,1070000,1730000,0
2017-12-08,1.618,1.628,1.617,1.629,2820000,4570000,0
2017-12-11,1.634,1.636,1.629,1.643,1580000,2580000,0
2017-12-12,1.642,1.641,1.638,1.645,830000,1370000,0
2017-12-13,1.644,1.643,1.639,1.648,1140000,1880000,0
2017-12-14,1.643,1.644,1.641,1.646,490000,810000,0
2017-12-15,1.639,1.630,1.630,1.639,900000,1470000,0
2017-12-18,1.647,1.645,1.638,1.647,1810000,2960000,0
2017-12-19,1.650,1.659,1.650,1.659,850000,1410000,0
2017-12-20,1.655,1.651,1.648,1.655,750000,1240000,0
2017-12-21,1.650,1.644,1.642,1.650,1080000,1770000,0
2017-12-22,1.647,1.647,1.644,1.649,700000,1150000,0
2017-12-25,1.647,1.645,1.640,1.652,1080000,1780000,0
2017-12-26,1.647,1.645,1.637,1.648,1010000,1660000,0
2017-12-27,1.647,1.644,1.639,1.647,1440000,2370000,0
2017-12-28,1.645,1.634,1.633,1.645,1630000,2670000,0
2017-12-29,1.634,1.634,1.631,1.636,1190000,1940000,0
2018-01-02,1.631,1.627,1.620,1.631,1340000,2180000,0
2018-01-03,1.637,1.635,1.632,1.639,2420000,3950000,0
2018-01-04,1.642,1.638,1.636,1.643,1890000,3090000,0
2018-01-05,1.641,1.639,1.639,1.645,1680000,2750000,0
2018-01-08,1.647,1.652,1.645,1.652,1520000,2500000,0
2018-01-09,1.648,1.652,1.647,1.652,3580000,5910000,0
2018-01-10,1.653,1.657,1.653,1.659,1320000,2180000,0
2018-01-11,1.657,1.657,1.654,1.658,1300000,2160000,0
2018-01-12,1.666,1.675,1.666,1.675,1340000,2240000,0
2018-01-15,1.677,1.682,1.677,1.689,2050000,3440000,0
2018-01-16,1.682,1.681,1.679,1.683,1090000,1830000,0
2018-01-17,1.661,1.669,1.661,1.680,2190000,3660000,0
2018-01-18,1.678,1.681,1.678,1.689,1870000,3140000,0
2018-01-19,1.677,1.668,1.667,1.678,2090000,3500000,0
2018-01-22,1.670,1.674,1.670,1.677,1050000,1760000,0
2018-01-23,1.680,1.692,1.680,1.697,1370000,2310000,0
2018-01-24,1.693,1.692,1.689,1.697,1170000,1970000,0
2018-01-25,1.684,1.684,1.680,1.689,1650000,2780000,0
2018-01-26,1.685,1.684,1.682,1.685,1450000,2450000,0
2018-01-29,1.692,1.696,1.692,1.700,2800000,4750000,0
2018-01-30,1.680,1.682,1.680,1.688,1390000,2340000,0
2018-01-31,1.670,1.666,1.657,1.670,1250000,2070000,0
2018-02-01,1.665,1.670,1.665,1.676,1650000,2760000,0
2018-02-02,1.667,1.656,1.656,1.667,980000,1630000,0
2018-02-05,1.613,1.611,1.606,1.617,4150000,6680000,0
2018-02-06,1.557,1.518,1.509,1.557,11760000,17830000,0
2018-02-07,1.551,1.543,1.540,1.560,3830000,5940000,0
2018-02-08,1.543,1.562,1.525,1.570,3210000,4970000,0
2018-02-09,1.512,1.513,1.503,1.550,8980000,13600000,0
2018-02-12,1.530,1.533,1.517,1.535,2630000,4020000,0
2018-02-13,1.548,1.555,1.548,1.565,1380000,2140000,0
2018-02-14,1.560,1.564,1.556,1.570,930000,1450000,0
2018-02-22,1.585,1.577,1.571,1.585,910000,1430000,0
2018-02-23,1.577,1.588,1.577,1.589,1070000,1690000,0
2018-02-26,1.610,1.622,1.609,1.624,870000,1400000,0
2018-02-27,1.640,1.635,1.630,1.642,1230000,2010000,0
2018-02-28,1.613,1.623,1.607,1.623,990000,1600000,0
2018-03-01,1.613,1.602,1.585,1.613,2060000,3300000,0
2018-03-02,1.582,1.576,1.575,1.583,950000,1510000,0
2018-03-05,1.580,1.579,1.576,1.582,670000,1060000,0
2018-03-06,1.599,1.596,1.594,1.600,820000,1310000,0
2018-03-07,1.596,1.589,1.583,1.596,900000,1420000,0
2018-03-08,1.596,1.599,1.594,1.600,970000,1550000,0
2018-03-09,1.605,1.610,1.602,1.610,1430000,2290000,0
2018-03-12,1.637,1.640,1.632,1.642,1280000,2100000,0
2018-03-13,1.638,1.630,1.628,1.638,660000,1070000,0
2018-03-14,1.613,1.621,1.613,1.621,420000,680000,0
2018-03-15,1.614,1.620,1.611,1.622,420000,680000,0
2018-03-16,1.620,1.611,1.604,1.622,690000,1110000,0
2018-03-19,1.611,1.610,1.609,1.613,520000,830000,0
2018-03-20,1.588,1.594,1.588,1.595,700000,1110000,0
2018-03-21,1.594,1.598,1.594,1.600,610000,970000,0
2018-03-22,1.596,1.600,1.594,1.603,300000,480000,0
2018-03-23,1.579,1.558,1.543,1.579,3700000,5750000,0
2018-03-26,1.527,1.541,1.520,1.544,2510000,3840000,0
2018-03-27,1.559,1.561,1.556,1.565,1330000,2070000,0
2018-03-28,1.540,1.535,1.526,1.542,2510000,3860000,0
2018-03-29,1.534,1.534,1.524,1.535,1490000,2280000,0
2018-03-30,1.542,1.538,1.532,1.545,1710000,2630000,0
2018-04-02,1.539,1.538,1.534,1.539,540000,830000,0
2018-04-03,1.503,1.514,1.503,1.525,1210000,1820000,0
2018-04-04,1.520,1.520,1.517,1.526,910000,1380000,0
2018-04-09,1.520,1.526,1.520,1.527,2310000,3510000,0
2018-04-10,1.526,1.541,1.524,1.542,1680000,2570000,0
2018-04-11,1.553,1.540,1.539,1.555,1200000,1850000,0
2018-04-12,1.547,1.538,1.537,1.548,520000,800000,0
2018-04-13,1.546,1.551,1.543,1.552,1240000,1910000,0
2018-04-16,1.548,1.543,1.541,1.550,1390000,2140000,0
2018-04-17,1.555,1.558,1.550,1.559,2690000,4180000,0
2018-04-18,1.569,1.573,1.568,1.575,3230000,5070000,0
2018-04-19,1.577,1.570,1.569,1.577,2080000,3270000,0
2018-04-20,1.567,1.567,1.561,1.570,690000,1070000,0
2018-04-23,1.568,1.556,1.554,1.568,1090000,1700000,0
2018-04-24,1.556,1.564,1.556,1.565,260000,410000,0
2018-04-25,1.555,1.544,1.540,1.555,920000,1420000,0
2018-04-26,1.546,1.543,1.542,1.557,820000,1260000,0
2018-04-27,1.559,1.571,1.552,1.573,930000,1440000,0
2018-05-02,1.560,1.565,1.557,1.567,610000,960000,0
2018-05-03,1.565,1.560,1.556,1.565,710000,1110000,0
2018-05-04,1.562,1.561,1.556,1.566,1530000,2390000,0
2018-05-07,1.569,1.575,1.569,1.575,1330000,2100000,0
2018-05-08,1.575,1.574,1.573,1.579,1800000,2840000,0
2018-05-09,1.584,1.573,1.572,1.584,700000,1100000,0
2018-05-10,1.589,1.587,1.584,1.589,810000,1280000,0
2018-05-11,1.599,1.596,1.594,1.601,1010000,1620000,0
2018-05-14,1.596,1.607,1.596,1.608,1560000,2510000,0
2018-05-15,1.606,1.598,1.597,1.606,890000,1420000,0
2018-05-16,1.590,1.595,1.590,1.598,820000,1310000,0
2018-05-17,1.597,1.599,1.597,1.602,400000,640000,0
2018-05-18,1.600,1.600,1.600,1.604,560000,890000,0
2018-05-21,1.605,1.628,1.605,1.629,910000,1470000,0
2018-05-22,1.625,1.623,1.620,1.627,520000,840000,0
2018-05-23,1.622,1.612,1.611,1.622,1570000,2540000,0
2018-05-24,1.614,1.620,1.614,1.621,2000000,3230000,0
2018-05-25,1.623,1.621,1.615,1.623,1510000,2450000,0
2018-05-28,1.624,1.628,1.621,1.630,680000,1110000,0
2018-05-29,1.628,1.618,1.615,1.628,230000,370000,0
2018-05-30,1.614,1.597,1.558,1.614,2350000,3730000,0
2018-05-31,1.612,1.614,1.610,1.616,410000,670000,0
2018-06-01,1.614,1.607,1.601,1.614,550000,880000,0
2018-06-04,1.617,1.629,1.617,1.631,1090000,1770000,0
2018-06-05,1.633,1.639,1.632,1.645,600000,990000,0
2018-06-06,1.639,1.636,1.636,1.642,660000,1080000,0
2018-06-07,1.646,1.648,1.645,1.650,1320000,2180000,0
2018-06-08,1.648,1.643,1.632,1.648,1380000,2260000,0
2018-06-11,1.645,1.657,1.645,1.657,1450000,2400000,0
2018-06-12,1.657,1.668,1.654,1.670,1170000,1950000,0
2018-06-13,1.667,1.671,1.664,1.675,1050000,1750000,0
2018-06-14,1.668,1.660,1.659,1.668,1260000,2100000,0
2018-06-15,1.662,1.673,1.662,1.675,1000000,1670000,0
2018-06-19,1.668,1.638,1.635,1.668,1560000,2580000,0
2018-06-20,1.635,1.654,1.635,1.658,2010000,3300000,0
2018-06-21,1.658,1.673,1.658,1.676,1310000,2180000,0
2018-06-22,1.660,1.664,1.647,1.667,1260000,2100000,0
2018-06-25,1.664,1.678,1.659,1.690,1310000,2200000,0
2018-06-26,1.662,1.661,1.644,1.662,1320000,2170000,0
2018-06-27,1.657,1.647,1.641,1.667,2200000,3620000,0
2018-06-28,1.637,1.640,1.637,1.655,1330000,2180000,0
2018-06-29,1.655,1.670,1.654,1.683,1160000,1940000,0
2018-07-02,1.675,1.660,1.660,1.685,1260000,2110000,0
2018-07-03,1.677,1.689,1.677,1.690,2390000,4030000,0
2018-07-04,1.678,1.671,1.665,1.678,670000,1130000,0
2018-07-05,1.667,1.687,1.663,1.698,1560000,2630000,0
2018-07-06,1.699,1.702,1.697,1.708,990000,1690000,0
2018-07-09,1.712,1.718,1.711,1.720,2080000,3560000,0
2018-07-10,1.723,1.726,1.722,1.728,2310000,3980000,0
2018-07-11,1.704,1.729,1.704,1.731,3160000,5460000,0
2018-07-12,1.729,1.741,1.709,1.742,2010000,3490000,0
2018-07-13,1.745,1.740,1.725,1.754,2310000,4030000,0
2018-07-16,1.745,1.740,1.739,1.745,900000,1570000,0
2018-07-17,1.739,1.730,1.728,1.741,1360000,2360000,0
2018-07-18,1.740,1.748,1.740,1.748,1580000,2760000,0
2018-07-19,1.750,1.760,1.748,1.761,2920000,5130000,0
2018-07-20,1.760,1.762,1.745,1.763,2130000,3750000,0
2018-07-23,1.759,1.755,1.749,1.760,3590000,6300000,0
2018-07-24,1.761,1.777,1.761,1.778,3150000,5590000,0
2018-07-25,1.779,1.777,1.776,1.785,2960000,5270000,0
2018-07-26,1.790,1.789,1.781,1.791,1790000,3190000,0
2018-07-27,1.791,1.811,1.790,1.812,6620000,11940000,0
2018-07-30,1.806,1.790,1.785,1.806,4200000,7520000,0
2018-07-31,1.777,1.761,1.759,1.779,6360000,11240000,0
2018-08-01,1.775,1.779,1.773,1.779,3350000,5940000,0
2018-08-02,1.778,1.773,1.770,1.782,2740000,4870000,0
2018-08-03,1.790,1.804,1.785,1.807,4720000,8500000,0
2018-08-06,1.815,1.824,1.807,1.825,13850000,25170000,0
2018-08-07,1.833,1.856,1.833,1.880,9700000,18020000,0
2018-08-08,1.859,1.830,1.827,1.859,9240000,16960000,0
2018-08-09,1.818,1.812,1.809,1.818,9020000,16350000,0
2018-08-10,1.808,1.813,1.804,1.815,6270000,11360000,0
2018-08-13,1.789,1.800,1.789,1.800,3890000,6990000,0
2018-08-14,1.796,1.804,1.796,1.807,2810000,5060000,0
2018-08-15,1.811,1.825,1.811,1.825,8860000,16130000,0
2018-08-16,1.802,1.800,1.799,1.816,10780000,19500000,0
2018-08-17,1.817,1.822,1.813,1.822,7920000,14390000,0
2018-08-20,1.825,1.821,1.812,1.830,15290000,27830000,0
2018-08-21,1.822,1.816,1.810,1.822,19360000,35130000,0
2018-08-22,1.818,1.814,1.812,1.818,7450000,13510000,0
2018-08-23,1.814,1.817,1.813,1.820,7470000,13580000,0
2018-08-24,1.816,1.814,1.813,1.820,15650000,28430000,0
2018-08-27,1.822,1.821,1.816,1.823,9620000,17490000,0
2018-08-28,1.839,1.837,1.828,1.841,16440000,30220000,0
2018-08-29,1.838,1.842,1.837,1.842,24220000,44560000,0
2018-08-30,1.844,1.850,1.844,1.851,8820000,16290000,0
2018-08-31,1.847,1.844,1.841,1.847,3710000,6830000,0
2018-09-03,1.847,1.836,1.834,1.847,8050000,14790000,0
2018-09-04,1.840,1.841,1.836,1.842,4350000,8000000,0
2018-09-05,1.839,1.833,1.833,1.839,3240000,5960000,0
2018-09-06,1.830,1.826,1.824,1.830,3240000,5920000,0
2018-09-07,1.820,1.821,1.814,1.822,8510000,15460000,0
2018-09-10,1.822,1.829,1.816,1.829,5620000,10260000,0
2018-09-11,1.833,1.835,1.829,1.836,6820000,12500000,0
2018-09-12,1.842,1.844,1.842,1.847,7580000,13980000,0
2018-09-13,1.843,1.839,1.837,1.843,3370000,6200000,0
2018-09-14,1.848,1.850,1.841,1.850,4910000,9080000,0
2018-09-17,1.848,1.850,1.848,1.853,4540000,8400000,0
2018-09-18,1.831,1.836,1.831,1.837,6720000,12310000,0
2018-09-19,1.846,1.845,1.845,1.849,5680000,10480000,0
2018-09-20,1.848,1.851,1.848,1.851,9580000,17730000,0
2018-09-21,1.862,1.865,1.862,1.866,8910000,16610000,0
2018-09-25,1.854,1.859,1.854,1.860,7030000,13040000,0
2018-09-26,1.858,1.869,1.857,1.870,13260000,24720000,0
2018-09-27,1.865,1.854,1.854,1.865,5400000,10040000,0
2018-09-28,1.857,1.858,1.854,1.859,13690000,25410000,0
2018-10-08,1.839,1.841,1.825,1.845,13140000,24180000,0
2018-10-09,1.841,1.848,1.841,1.849,9290000,17170000,0
2018-10-10,1.848,1.853,1.847,1.853,6580000,12170000,0
2018-10-11,1.780,1.763,1.748,1.793,38840000,68490000,0
2018-10-12,1.738,1.775,1.738,1.778,16640000,29300000,0
2018-10-15,1.775,1.759,1.757,1.775,9670000,17070000,0
2018-10-16,1.759,1.766,1.755,1.770,17840000,31470000,0
2018-10-17,1.800,1.802,1.797,1.804,8710000,15690000,0
2018-10-18,1.800,1.793,1.790,1.800,10710000,19210000,0
2018-10-19,1.771,1.782,1.771,1.782,10250000,18230000,0
2018-10-22,1.777,1.781,1.769,1.782,9620000,17100000,0
2018-10-23,1.770,1.755,1.754,1.770,8270000,14570000,0
2018-10-24,1.753,1.755,1.749,1.763,13060000,22930000,0
2018-10-25,1.701,1.713,1.695,1.720,18530000,31660000,0
2018-10-26,1.720,1.718,1.710,1.722,20930000,35910000,0
2018-10-29,1.712,1.708,1.705,1.713,12160000,20780000,0
2018-10-30,1.707,1.709,1.704,1.723,30770000,52670000,0
2018-10-31,1.726,1.735,1.720,1.736,11800000,20450000,0
2018-11-01,1.754,1.745,1.744,1.758,8330000,14610000,0
2018-11-02,1.751,1.763,1.747,1.764,19450000,34110000,0
2018-11-05,1.755,1.744,1.741,1.755,6590000,11500000,0
2018-11-06,1.747,1.763,1.747,1.779,30290000,53380000,0
2018-11-07,1.768,1.772,1.768,1.778,18890000,33520000,0
2018-11-08,1.804,1.807,1.802,1.821,10310000,18640000,0
2018-11-09,1.806,1.799,1.788,1.806,17110000,30790000,0
2018-11-12,1.785,1.797,1.785,1.798,5570000,9980000,0
2018-11-13,1.765,1.759,1.752,1.765,15860000,27870000,0
2018-11-14,1.759,1.760,1.758,1.762,7000000,12330000,0
2018-11-15,1.752,1.745,1.741,1.752,15590000,27200000,0
2018-11-16,1.755,1.749,1.746,1.762,69140000,121340000,0
2018-11-19,1.755,1.754,1.754,1.759,23290000,40910000,0
2018-11-20,1.723,1.729,1.723,1.735,24590000,42500000,0
2018-11-21,1.700,1.704,1.686,1.710,31070000,52770000,0
2018-11-22,1.704,1.703,1.701,1.704,2200000,3750000,0
2018-11-23,1.702,1.699,1.698,1.705,9470000,16120000,0
2018-11-26,1.698,1.703,1.693,1.704,35620000,60560000,0
2018-11-27,1.716,1.715,1.709,1.716,13780000,23600000,0
2018-11-28,1.734,1.729,1.718,1.737,36670000,63380000,0
2018-11-29,1.763,1.753,1.751,1.769,23680000,41700000,0
2018-11-30,1.753,1.762,1.753,1.762,11650000,20490000,0
2018-12-03,1.795,1.800,1.782,1.803,29070000,52290000,0
2018-12-04,1.796,1.769,1.769,1.796,18650000,33180000,0
2018-12-05,1.730,1.734,1.729,1.740,10220000,17740000,0
2018-12-06,1.720,1.709,1.708,1.720,33140000,56780000,0
2018-12-07,1.720,1.721,1.720,1.728,11220000,19340000,0
2018-12-10,1.699,1.673,1.671,1.699,34700000,58300000,0
2018-12-11,1.679,1.688,1.679,1.691,141920000,239150000,0
2018-12-12,1.690,1.696,1.686,1.714,144340000,244870000,0
2018-12-13,1.706,1.700,1.695,1.711,120060000,204130000,0
2018-12-14,1.695,1.683,1.682,1.700,34640000,58630000,0
2018-12-17,1.666,1.669,1.666,1.671,8570000,14300000,0
2018-12-18,1.636,1.633,1.627,1.638,40520000,66120000,0
2018-12-19,1.634,1.629,1.625,1.634,50770000,82720000,0
2018-12-20,1.614,1.593,1.586,1.614,75390000,120350000,0
2018-12-21,1.583,1.588,1.576,1.590,24310000,38460000,0
2018-12-24,1.559,1.555,1.549,1.560,74400000,115570000,0
2018-12-25,1.508,1.499,1.496,1.508,18410000,27610000,0
2018-12-26,1.503,1.496,1.487,1.507,69520000,103780000,0
2018-12-27,1.560,1.567,1.560,1.580,152420000,239620000,0
2018-12-28,1.578,1.576,1.575,1.588,29060000,45940000,0
2019-01-02,1.593,1.573,1.572,1.598,33920000,53660000,0
2019-01-03,1.574,1.572,1.570,1.580,22510000,35460000,0
2019-01-04,1.556,1.570,1.508,1.570,66360000,103500000,0
2019-01-07,1.607,1.607,1.602,1.617,65430000,105070000,0
2019-01-08,1.618,1.625,1.616,1.629,36210000,58810000,0
2019-01-09,1.633,1.639,1.633,1.644,94140000,154400000,0
2019-01-10,1.636,1.621,1.620,1.637,174390000,283800000,0
2019-01-11,1.640,1.635,1.633,1.640,23010000,37630000,0
2019-01-14,1.633,1.621,1.619,1.633,47800000,77520000,0
2019-01-15,1.627,1.631,1.623,1.636,63590000,103640000,0
2019-01-16,1.635,1.640,1.635,1.640,35270000,57780000,0
2019-01-17,1.640,1.632,1.632,1.640,123940000,202830000,0
2019-01-18,1.655,1.663,1.655,1.664,13020000,21610000,0
2019-01-21,1.674,1.678,1.674,1.682,51580000,86570000,0
2019-01-22,1.679,1.672,1.671,1.679,74870000,125350000,0
2019-01-23,1.660,1.659,1.656,1.664,64520000,107060000,0
2019-01-24,1.660,1.660,1.658,1.663,97990000,162700000,0
2019-01-25,1.663,1.665,1.659,1.668,83880000,139470000,0
2019-01-28,1.667,1.659,1.656,1.669,29030000,48190000,0
2019-01-29,1.651,1.650,1.646,1.654,20980000,34600000,0
2019-01-30,1.650,1.649,1.649,1.654,35560000,58750000,0
2019-01-31,1.667,1.669,1.667,1.677,28690000,47940000,0
2019-02-01,1.677,1.691,1.676,1.692,39620000,66850000,0
2019-02-11,1.690,1.698,1.688,1.701,24960000,42320000,0
2019-02-12,1.704,1.709,1.704,1.714,154160000,263600000,0
2019-02-13,1.722,1.727,1.721,1.729,43810000,75640000,0
2019-02-14,1.728,1.731,1.728,1.735,36310000,62880000,0
2019-02-15,1.722,1.720,1.718,1.725,13620000,23430000,0
2019-02-18,1.736,1.748,1.736,1.749,24220000,42290000,0
2019-02-19,1.751,1.748,1.744,1.751,45060000,78790000,0
2019-02-20,1.749,1.737,1.735,1.749,37150000,64630000,0
2019-02-21,1.739,1.744,1.738,1.745,42680000,74370000,0
2019-02-22,1.741,1.739,1.734,1.741,39410000,68440000,0
2019-02-25,1.747,1.740,1.738,1.747,35000000,60940000,0
2019-02-26,1.735,1.733,1.729,1.736,75300000,130420000,0
2019-02-27,1.733,1.732,1.729,1.738,157660000,273300000,0
2019-02-28,1.732,1.728,1.727,1.735,46910000,81190000,0
2019-03-01,1.732,1.743,1.731,1.744,71090000,123480000,0
2019-03-04,1.750,1.750,1.748,1.755,107440000,188080000,0
2019-03-05,1.739,1.737,1.734,1.741,103950000,180390000,0
2019-03-06,1.734,1.735,1.730,1.737,121380000,210520000,0
2019-03-07,1.728,1.721,1.721,1.728,184960000,318850000,0
2019-03-08,1.715,1.709,1.708,1.721,72630000,124510000,0
2019-03-11,1.709,1.716,1.708,1.716,87930000,150710000,0
2019-03-12,1.735,1.739,1.735,1.744,162070000,282160000,0
2019-03-13,1.741,1.737,1.734,1.743,153880000,267290000,0
2019-03-14,1.749,1.753,1.745,1.758,86600000,151800000,0
2019-03-15,1.753,1.755,1.753,1.759,61620000,108180000,0
2019-03-18,1.758,1.761,1.756,1.763,59340000,104360000,0
2019-03-19,1.766,1.769,1.766,1.769,42880000,75810000,0
2019-03-20,1.766,1.765,1.761,1.766,72250000,127390000,0
2019-03-21,1.760,1.749,1.747,1.760,117010000,205240000,0
2019-03-22,1.776,1.780,1.775,1.782,190010000,338110000,0
2019-03-25,1.742,1.740,1.739,1.749,108860000,189760000,0
2019-03-26,1.746,1.750,1.746,1.756,185260000,324550000,0
2019-03-27,1.756,1.763,1.756,1.765,49420000,87070000,0
2019-03-28,1.747,1.750,1.746,1.757,130820000,229080000,0
2019-03-29,1.758,1.762,1.758,1.763,113770000,200460000,0
2019-04-01,1.770,1.777,1.770,1.782,103770000,184430000,0
2019-04-02,1.790,1.788,1.787,1.798,475180000,852240000,0
2019-04-03,1.792,1.798,1.790,1.800,137880000,247790000,0
2019-04-04,1.798,1.797,1.795,1.808,282920000,510390000,0
2019-04-08,1.811,1.819,1.810,1.827,155810000,283390000,0
2019-04-09,1.827,1.811,1.808,1.827,319410000,581080000,0
2019-04-10,1.805,1.798,1.798,1.805,64100000,115390000,0
2019-04-11,1.804,1.806,1.804,1.811,180720000,326530000,0
2019-04-12,1.807,1.809,1.806,1.817,170640000,308730000,0
2019-04-15,1.818,1.815,1.813,1.821,70730000,128550000,0
2019-04-16,1.817,1.825,1.817,1.826,101780000,185430000,0
2019-04-17,1.822,1.820,1.818,1.828,221830000,404410000,0
2019-04-18,1.811,1.806,1.806,1.826,111760000,202980000,0
2019-04-19,1.818,1.816,1.815,1.831,226110000,412110000,0
2019-04-22,1.821,1.816,1.812,1.821,205290000,372740000,0
2019-04-23,1.818,1.821,1.817,1.823,110350000,200910000,0
2019-04-24,1.839,1.838,1.835,1.841,116070000,213410000,0
2019-04-25,1.837,1.837,1.836,1.841,91570000,168330000,0
2019-04-26,1.837,1.839,1.835,1.839,188650000,346760000,0
2019-04-29,1.847,1.853,1.847,1.853,63200000,116990000,0
2019-04-30,1.854,1.858,1.851,1.858,26870000,49800000,0
2019-05-06,1.837,1.829,1.828,1.843,103950000,190860000,0
2019-05-07,1.841,1.849,1.841,1.851,60950000,112400000,0
2019-05-08,1.815,1.816,1.815,1.824,92320000,168060000,0
2019-05-09,1.816,1.816,1.815,1.826,139280000,253420000,0
2019-05-10,1.819,1.817,1.815,1.827,176120000,320890000,0
2019-05-13,1.818,1.826,1.818,1.826,116580000,212630000,0
2019-05-14,1.796,1.804,1.790,1.806,78880000,142240000,0
2019-05-15,1.817,1.819,1.814,1.820,201380000,366120000,0
2019-05-16,1.826,1.819,1.817,1.826,100320000,182560000,0
2019-05-17,1.840,1.842,1.839,1.847,25180000,46420000,0
2019-05-20,1.844,1.841,1.840,1.845,61250000,112840000,0
2019-05-21,1.838,1.833,1.830,1.838,71700000,131300000,0
2019-05-22,1.842,1.837,1.835,1.842,62520000,114990000,0
2019-05-23,1.832,1.824,1.823,1.832,43120000,78800000,0
2019-05-24,1.821,1.814,1.813,1.821,41710000,75740000,0
2019-05-27,1.813,1.815,1.809,1.816,57510000,104260000,0
2019-05-28,1.816,1.821,1.816,1.824,97060000,176760000,0
2019-05-29,1.803,1.792,1.792,1.803,135020000,242770000,0
2019-05-30,1.783,1.789,1.783,1.801,220270000,394050000,0
2019-05-31,1.781,1.774,1.774,1.784,234630000,417500000,0
2019-06-03,1.758,1.757,1.755,1.764,160000000,281250000,0
2019-06-04,1.759,1.763,1.759,1.767,66550000,117340000,0
2019-06-05,1.800,1.803,1.799,1.807,69830000,125980000,0
2019-06-06,1.812,1.814,1.811,1.819,80850000,146710000,0
2019-06-10,1.852,1.857,1.850,1.858,132080000,245090000,0
2019-06-11,1.858,1.858,1.857,1.860,66020000,122700000,0
2019-06-12,1.855,1.847,1.847,1.855,82620000,152900000,0
2019-06-13,1.851,1.847,1.842,1.853,133430000,246180000,0
2019-06-14,1.855,1.856,1.854,1.862,88870000,165250000,0
2019-06-17,1.859,1.859,1.858,1.863,27470000,51100000,0
2019-06-18,1.860,1.856,1.856,1.861,104400000,194040000,0
2019-06-19,1.880,1.872,1.868,1.880,161450000,302180000,0
2019-06-20,1.880,1.882,1.872,1.882,63150000,118790000,0
2019-06-21,1.885,1.881,1.875,1.886,41100000,77240000,0
2019-06-24,1.883,1.886,1.883,1.892,72490000,136700000,0
2019-06-25,1.883,1.878,1.876,1.883,115520000,216980000,0
2019-06-26,1.854,1.863,1.854,1.867,51540000,96050000,0
2019-06-27,1.864,1.870,1.863,1.871,44840000,83670000,0
2019-06-28,1.871,1.866,1.865,1.877,162380000,304290000,0
2019-07-01,1.891,1.911,1.890,1.914,84140000,160410000,0
2019-07-02,1.904,1.903,1.898,1.905,26260000,49960000,0
2019-07-03,1.917,1.909,1.906,1.917,87950000,168030000,0
2019-07-04,1.936,1.925,1.919,1.936,31390000,60440000,0
2019-07-05,1.924,1.922,1.919,1.929,47530000,91340000,0
2019-07-08,1.920,1.911,1.909,1.920,114260000,218580000,0
2019-07-09,1.909,1.902,1.900,1.909,90960000,173240000,0
2019-07-10,1.911,1.908,1.907,1.916,50730000,96990000,0
2019-07-11,1.919,1.925,1.919,1.926,44810000,86200000,0
2019-07-12,1.930,1.933,1.928,1.933,96890000,187140000,0
2019-07-15,1.938,1.942,1.932,1.943,45090000,87420000,0
2019-07-16,1.942,1.937,1.936,1.943,24260000,47040000,0
2019-07-17,1.930,1.925,1.922,1.936,117640000,227040000,0
2019-07-18,1.909,1.907,1.903,1.914,114570000,218880000,0
2019-07-19,1.920,1.927,1.920,1.930,69080000,133130000,0
2019-07-22,1.913,1.918,1.908,1.919,66260000,126860000,0
2019-07-23,1.920,1.926,1.920,1.929,94320000,181620000,0
2019-07-24,1.936,1.935,1.930,1.940,40160000,77760000,0
2019-07-25,1.945,1.945,1.943,1.946,20600000,40050000,0
2019-07-26,1.933,1.939,1.932,1.940,6800000,13180000,0
2019-07-29,1.949,1.949,1.943,1.953,12410000,24200000,0
2019-07-30,1.949,1.949,1.947,1.959,43250000,84500000,0
2019-07-31,1.950,1.947,1.945,1.950,66700000,129940000,0
2019-08-01,1.921,1.926,1.921,1.933,36690000,70790000,0
2019-08-02,1.910,1.921,1.908,1.921,17290000,33130000,0
2019-08-05,1.919,1.920,1.905,1.946,31940000,61290000,0
2019-08-06,1.878,1.880,1.847,1.883,68810000,128610000,0
2019-08-07,1.888,1.892,1.886,1.893,21270000,40170000,0
2019-08-08,1.895,1.905,1.895,1.907,32620000,61990000,0
2019-08-09,1.925,1.929,1.925,1.936,88630000,171390000,0
2019-08-12,1.933,1.933,1.929,1.933,43700000,84370000,0
2019-08-13,1.906,1.903,1.900,1.910,31650000,60300000,0
2019-08-14,1.933,1.919,1.916,1.933,59760000,114660000,0
2019-08-15,1.877,1.880,1.870,1.883,28190000,52880000,0
2019-08-16,1.881,1.884,1.879,1.885,26800000,50420000,0
2019-08-19,1.901,1.916,1.901,1.918,11320000,21600000,0
2019-08-20,1.920,1.925,1.920,1.929,38600000,74350000,0
2019-08-21,1.921,1.912,1.911,1.921,41140000,78710000,0
2019-08-22,1.928,1.929,1.926,1.931,12630000,24360000,0
2019-08-23,1.929,1.938,1.929,1.939,17120000,33130000,0
2019-08-26,1.898,1.899,1.887,1.900,33670000,63700000,0
2019-08-27,1.910,1.923,1.910,1.932,56540000,108840000,0
2019-08-28,1.922,1.918,1.916,1.922,87450000,167820000,0
2019-08-29,1.924,1.926,1.920,1.927,58520000,112570000,0
2019-08-30,1.947,1.945,1.941,1.952,104130000,202830000,0
2019-09-02,1.945,1.943,1.939,1.947,55570000,107980000,0
2019-09-03,1.945,1.940,1.938,1.945,37550000,72940000,0
2019-09-04,1.938,1.951,1.935,1.952,77870000,151400000,0
2019-09-05,1.952,1.960,1.952,1.968,79970000,157080000,0
2019-09-06,1.979,1.972,1.971,1.980,59760000,118130000,0
2019-09-09,1.973,1.975,1.971,1.978,74780000,147670000,0
2019-09-10,1.976,1.964,1.964,1.976,56170000,110610000,0
2019-09-11,1.966,1.968,1.964,1.971,27860000,54800000,0
2019-09-12,1.982,1.983,1.981,1.991,83590000,166040000,0
2019-09-16,1.973,1.968,1.963,1.973,10680000,21000000,0
2019-09-17,1.974,1.975,1.970,1.976,110560000,218180000,0
2019-09-18,1.979,1.979,1.977,1.986,96540000,191280000,0
2019-09-19,1.980,1.981,1.980,1.985,24500000,48580000,0
2019-09-20,1.984,1.982,1.981,1.991,36210000,71890000,0
2019-09-23,1.981,1.982,1.980,1.986,27420000,54360000,0
2019-09-24,1.984,1.981,1.981,1.989,8970000,17810000,0
2019-09-25,1.971,1.966,1.963,1.971,15530000,30540000,0
2019-09-26,1.974,1.974,1.970,1.979,16210000,31980000,0
2019-09-27,1.972,1.974,1.968,1.975,14460000,28490000,0
2019-09-30,1.969,1.970,1.959,1.972,13000000,25570000,0
2019-10-08,1.964,1.951,1.950,1.964,46510000,90850000,0
2019-10-09,1.922,1.927,1.922,1.929,32510000,62650000,0
2019-10-10,1.928,1.930,1.927,1.933,61980000,119650000,0
2019-10-11,1.942,1.950,1.941,1.950,21510000,41830000,0
2019-10-14,1.967,1.959,1.956,1.969,71540000,140240000,0
2019-10-15,1.962,1.963,1.956,1.963,28880000,56590000,0
2019-10-16,1.974,1.974,1.970,1.977,8750000,17280000,0
2019-10-17,1.975,1.967,1.967,1.976,39810000,78470000,0
2019-10-18,1.974,1.968,1.966,1.974,17950000,35330000,0
2019-10-21,1.968,1.967,1.964,1.968,15020000,29550000,0
2019-10-22,1.982,1.980,1.978,1.983,37210000,73700000,0
2019-10-23,1.980,1.968,1.967,1.980,47670000,93880000,0
2019-10-24,1.978,1.977,1.970,1.978,11580000,22890000,0
2019-10-25,1.978,1.979,1.975,1.980,22150000,43800000,0
2019-10-28,1.984,1.989,1.984,1.992,8750000,17400000,0
2019-10-29,1.998,1.998,1.996,2.003,10620000,21240000,0
2019-10-30,1.998,1.997,1.995,2.000,32460000,64880000,0
2019-10-31,2.001,1.999,1.998,2.002,5500000,10990000,0
2019-11-01,1.994,2.000,1.993,2.000,6430000,12830000,0
2019-11-04,2.014,2.011,2.010,2.015,8830000,17770000,0
2019-11-05,2.017,2.015,2.012,2.017,10500000,21160000,0
2019-11-06,2.013,2.002,2.000,2.013,14370000,28780000,0
2019-11-07,2.009,2.006,2.003,2.010,8070000,16200000,0
2019-11-08,2.006,2.004,1.997,2.006,35350000,70770000,0
2019-11-11,2.004,2.009,2.004,2.011,8120000,16320000,0
2019-11-12,2.009,2.017,2.007,2.017,22420000,45120000,0
2019-11-13,2.015,2.016,2.015,2.022,8690000,17540000,0
2019-11-14,2.022,2.023,2.021,2.025,9810000,19840000,0
2019-11-15,2.026,2.030,2.026,2.039,18180000,36890000,0
2019-11-18,2.041,2.058,2.040,2.059,16430000,33640000,0
2019-11-19,2.058,2.082,2.058,2.095,18190000,37860000,0
2019-11-20,2.080,2.053,2.050,2.083,11730000,24170000,0
2019-11-21,2.047,2.035,2.034,2.047,20260000,41250000,0
2019-11-22,2.034,2.037,2.034,2.043,61790000,125960000,0
2019-11-25,2.045,2.050,2.041,2.052,11070000,22670000,0
2019-11-26,2.065,2.065,2.062,2.072,25380000,52420000,0
2019-11-27,2.067,2.072,2.067,2.072,6400000,13250000,0
2019-11-28,2.078,2.082,2.076,2.084,38390000,79850000,0
2019-11-29,2.081,2.084,2.080,2.089,7710000,16060000,0
2019-12-02,2.084,2.107,2.078,2.109,15970000,33480000,0
2019-12-03,2.059,2.073,2.059,2.082,15520000,32170000,0
2019-12-04,2.053,2.049,2.043,2.055,27180000,55670000,0
2019-12-05,2.053,2.051,2.050,2.056,33620000,69010000,0
2019-12-06,2.055,2.058,2.053,2.058,27150000,55800000,0
2019-12-09,2.070,2.077,2.068,2.079,23900000,49510000,0
2019-12-10,2.071,2.070,2.065,2.071,46100000,95360000,0
2019-12-11,2.067,2.068,2.061,2.068,17380000,35880000,0
2019-12-12,2.071,2.080,2.071,2.081,28140000,58430000,0
2019-12-13,2.089,2.086,2.085,2.097,26660000,55700000,0
2019-12-16,2.085,2.090,2.081,2.092,34390000,71770000,0
2019-12-17,2.098,2.102,2.095,2.104,49760000,104500000,0
2019-12-18,2.099,2.091,2.090,2.101,55260000,115870000,0
2019-12-19,2.091,2.084,2.083,2.094,34450000,72030000,0
2019-12-20,2.094,2.097,2.093,2.098,10840000,22710000,0
2019-12-23,2.108,2.114,2.105,2.116,47040000,99280000,0
2019-12-24,2.114,2.115,2.112,2.118,37100000,78500000,0
2019-12-25,2.114,2.107,2.107,2.115,18540000,39160000,0
2019-12-26,2.109,2.118,2.109,2.119,35330000,74620000,0
2019-12-27,2.130,2.130,2.126,2.144,22940000,48990000,0
2019-12-30,2.126,2.125,2.113,2.129,28650000,60790000,0
2019-12-31,2.115,2.111,2.106,2.115,25610000,53970000,0
2020-01-02,2.113,2.129,2.113,2.129,32690000,69270000,0
2020-01-03,2.134,2.151,2.129,2.158,37640000,80600000,0
2020-01-06,2.130,2.109,2.109,2.130,72130000,152550000,0
2020-01-07,2.119,2.118,2.116,2.124,71340000,151150000,0
2020-01-08,2.092,2.092,2.071,2.102,66560000,139370000,0
2020-01-09,2.115,2.117,2.113,2.120,92700000,196260000,0
2020-01-10,2.129,2.139,2.125,2.143,24270000,51780000,0
2020-01-13,2.125,2.133,2.124,2.137,62570000,133330000,0
2020-01-14,2.144,2.148,2.140,2.154,52410000,112490000,0
2020-01-15,2.143,2.141,2.130,2.143,50150000,107020000,0
2020-01-16,2.139,2.129,2.128,2.139,51120000,108980000,0
2020-01-17,2.143,2.136,2.135,2.148,54170000,115870000,0
2020-01-20,2.143,2.138,2.136,2.144,40460000,86620000,0
2020-01-21,2.138,2.138,2.135,2.140,77350000,165400000,0
2020-01-22,2.138,2.155,2.138,2.155,46800000,100640000,0
2020-01-23,2.144,2.148,2.139,2.154,85220000,183100000,0
2020-02-03,2.055,2.115,2.055,2.123,26010000,54960000,0
2020-02-04,2.130,2.129,2.116,2.133,26670000,56750000,0
2020-02-05,2.143,2.142,2.140,2.150,45840000,98260000,0
2020-02-06,2.169,2.180,2.168,2.181,50430000,109710000,0
2020-02-07,2.179,2.185,2.175,2.185,53610000,116820000,0
2020-02-10,2.175,2.189,2.172,2.189,29930000,65250000,0
2020-02-11,2.194,2.219,2.194,2.223,45740000,101230000,0
2020-02-12,2.226,2.258,2.222,2.260,33660000,75230000,0
2020-02-13,2.300,2.349,2.278,2.368,63950000,148560000,0
2020-02-14,2.330,2.248,2.240,2.330,62720000,143370000,0
2020-02-17,2.252,2.262,2.232,2.282,55630000,125730000,0
2020-02-18,2.253,2.230,2.227,2.256,38260000,85620000,0
2020-02-19,2.223,2.223,2.215,2.235,40750000,90800000,0
2020-02-20,2.239,2.238,2.226,2.246,65320000,145950000,0
2020-02-21,2.219,2.216,2.216,2.248,87360000,193990000,0
2020-02-24,2.180,2.168,2.166,2.183,67320000,146230000,0
2020-02-25,2.127,2.167,2.127,2.168,108360000,232300000,0
2020-02-26,2.088,2.110,2.087,2.128,46020000,97050000,0
2020-02-27,2.111,2.098,2.095,2.111,39660000,83300000,0
2020-02-28,2.023,2.030,2.016,2.044,43570000,88400000,0
2020-03-02,2.030,2.069,1.993,2.088,151250000,305420000,0
2020-03-03,2.120,2.059,2.050,2.136,138940000,289270000,0
2020-03-04,2.020,2.034,2.007,2.038,55360000,111790000,0
2020-03-05,2.070,2.062,2.052,2.076,56260000,116090000,0
2020-03-06,2.033,2.017,2.015,2.033,28270000,57100000,0
2020-03-09,1.964,1.907,1.900,1.964,48660000,94060000,0
2020-03-10,1.888,1.965,1.879,1.970,63910000,123120000,0
2020-03-11,1.958,1.929,1.919,1.958,51470000,99520000,0
2020-03-12,1.885,1.860,1.831,1.885,66190000,122520000,0
2020-03-13,1.688,1.823,1.674,1.888,96230000,171590000,0
2020-03-16,1.784,1.779,1.748,1.810,75460000,134830000,0
2020-03-17,1.764,1.764,1.750,1.890,82420000,146520000,0
2020-03-18,1.769,1.705,1.704,1.785,50130000,87990000,0
2020-03-19,1.720,1.700,1.634,1.728,72220000,121460000,0
2020-03-20,1.710,1.758,1.704,1.765,59400000,102630000,0
2020-03-23,1.676,1.652,1.647,1.703,55870000,93800000,0
2020-03-24,1.700,1.717,1.670,1.719,112560000,191090000,0
2020-03-25,1.770,1.785,1.758,1.788,118420000,209860000,0
2020-03-26,1.783,1.764,1.744,1.783,50560000,89480000,0
2020-03-27,1.804,1.768,1.766,1.808,72270000,129460000,0
2020-03-30,1.733,1.740,1.712,1.757,58300000,101150000,0
2020-03-31,1.771,1.764,1.759,1.777,40390000,71420000,0
2020-04-01,1.740,1.725,1.723,1.761,36400000,63510000,0
2020-04-02,1.722,1.743,1.701,1.745,55730000,95970000,0
2020-04-03,1.733,1.725,1.720,1.741,28000000,48500000,0
2020-04-07,1.790,1.810,1.781,1.812,54020000,96890000,0
2020-04-08,1.798,1.796,1.788,1.811,44600000,80160000,0
2020-04-09,1.827,1.849,1.827,1.853,88200000,162380000,0
2020-04-10,1.858,1.847,1.841,1.868,60720000,112720000,0
2020-04-13,1.838,1.831,1.824,1.838,47120000,86280000,0
2020-04-14,1.841,1.867,1.836,1.868,45720000,84840000,0
2020-04-15,1.885,1.882,1.878,1.896,76510000,144480000,0
2020-04-16,1.851,1.871,1.845,1.882,65470000,121530000,0
2020-04-17,1.915,1.912,1.905,1.922,98470000,188640000,0
2020-04-20,1.915,1.912,1.903,1.917,34680000,66270000,0
2020-04-21,1.902,1.873,1.862,1.902,65320000,122570000,0
2020-04-22,1.831,1.852,1.831,1.859,83600000,153950000,0
2020-04-23,1.867,1.871,1.858,1.875,54850000,102380000,0
2020-04-24,1.853,1.859,1.847,1.860,38580000,71530000,0
2020-04-27,1.884,1.898,1.880,1.912,46280000,87820000,0
2020-04-28,1.913,1.916,1.903,1.919,47660000,91170000,0
2020-04-29,1.928,1.931,1.923,1.941,48930000,94550000,0
2020-04-30,1.969,1.971,1.960,1.979,53150000,104610000,0
2020-05-06,1.934,1.947,1.924,1.948,71860000,138800000,0
2020-05-07,1.934,1.923,1.917,1.934,68900000,132440000,0
2020-05-08,1.940,1.941,1.934,1.948,82640000,160640000,0
2020-05-11,1.960,1.962,1.956,1.968,87110000,170850000,0
2020-05-12,1.951,1.934,1.933,1.953,72050000,139760000,0
2020-05-13,1.901,1.912,1.895,1.915,67070000,127760000,0
2020-05-14,1.886,1.883,1.876,1.889,96000000,180690000,0
2020-05-15,1.905,1.908,1.900,1.911,76870000,146500000,0
2020-05-18,1.925,1.936,1.921,1.937,37430000,72210000,0
2020-05-19,1.971,1.986,1.965,1.988,49480000,97590000,0
2020-05-20,1.969,1.963,1.958,1.970,140020000,275000000,0
2020-05-21,1.981,1.968,1.968,1.982,93200000,183870000,0
2020-05-22,1.967,1.954,1.949,1.970,45060000,88250000,0
2020-05-25,1.970,1.987,1.969,1.989,72940000,144250000,0
2020-05-26,2.004,2.019,2.000,2.020,47390000,95130000,0
2020-05-27,2.009,2.019,2.005,2.023,45960000,92480000,0
2020-05-28,2.040,2.043,2.039,2.052,46360000,94870000,0
2020-05-29,2.021,2.029,2.019,2.032,59210000,120060000,0
2020-06-01,2.032,2.033,2.029,2.040,50040000,101810000,0
2020-06-02,2.034,2.036,2.030,2.040,55570000,113070000,0
2020-06-03,2.056,2.062,2.052,2.065,48980000,100900000,0
2020-06-04,2.079,2.070,2.069,2.082,31990000,66390000,0
2020-06-05,2.070,2.087,2.067,2.088,35240000,73260000,0
2020-06-08,2.114,2.117,2.114,2.120,36880000,78030000,0
2020-06-09,2.143,2.147,2.131,2.150,41870000,89760000,0
2020-06-10,2.145,2.142,2.135,2.147,51530000,110410000,0
2020-06-11,2.123,2.084,2.079,2.123,78100000,163610000,0
2020-06-12,2.002,2.020,2.000,2.034,80440000,162380000,0
2020-06-15,2.000,1.961,1.958,2.002,86070000,170550000,0
2020-06-16,2.035,2.058,2.031,2.073,78620000,161220000,0
2020-06-17,2.074,2.079,2.066,2.084,37690000,78280000,0
2020-06-18,2.050,2.060,2.046,2.064,49840000,102260000,0
2020-06-19,2.064,2.072,2.063,2.072,114130000,235890000,0
2020-06-22,2.059,2.049,2.042,2.059,52750000,108070000,0
2020-06-23,2.050,2.066,2.045,2.071,47480000,97800000,0
2020-06-24,2.073,2.071,2.066,2.075,38010000,78680000,0
2020-06-29,2.015,2.006,1.998,2.015,54390000,109050000,0
2020-06-30,2.021,2.013,2.008,2.027,44980000,90760000,0
2020-07-01,2.040,2.043,2.034,2.043,43140000,87940000,0
2020-07-02,2.049,2.059,2.048,2.060,30310000,62230000,0
2020-07-03,2.064,2.071,2.061,2.072,44420000,91780000,0
2020-07-06,2.074,2.086,2.072,2.087,67720000,140750000,0
2020-07-07,2.091,2.068,2.063,2.091,50570000,104850000,0
2020-07-08,2.066,2.059,2.059,2.068,78970000,162990000,0
2020-07-09,2.068,2.062,2.058,2.078,172340000,357000000,0
2020-07-10,2.058,2.037,2.024,2.058,64690000,132300000,0
2020-07-13,2.076,2.088,2.070,2.091,78200000,162610000,0
2020-07-14,2.065,2.072,2.052,2.073,63540000,131200000,0
2020-07-15,2.095,2.103,2.095,2.107,29430000,61820000,0
2020-07-16,2.118,2.095,2.091,2.118,27930000,58620000,0
2020-07-17,2.097,2.106,2.084,2.109,30680000,64490000,0
2020-07-20,2.106,2.097,2.092,2.107,32800000,68760000,0
2020-07-21,2.121,2.132,2.117,2.136,55240000,117620000,0
2020-07-22,2.128,2.126,2.119,2.139,59370000,126230000,0
2020-07-23,2.137,2.148,2.137,2.148,22280000,47720000,0
2020-07-24,2.118,2.107,2.102,2.125,29810000,62970000,0
2020-07-27,2.107,2.109,2.106,2.122,39850000,84130000,0
2020-07-28,2.124,2.121,2.119,2.133,41380000,87940000,0
2020-07-29,2.113,2.116,2.106,2.117,25540000,53930000,0
2020-07-30,2.128,2.124,2.124,2.133,17300000,36810000,0
2020-07-31,2.134,2.134,2.128,2.147,55450000,118440000,0
2020-08-03,2.142,2.136,2.135,2.154,44300000,94830000,0
2020-08-04,2.148,2.154,2.147,2.157,36550000,78650000,0
2020-08-05,2.154,2.161,2.154,2.169,17710000,38260000,0
2020-08-06,2.173,2.176,2.168,2.177,25760000,55970000,0
2020-08-07,2.183,2.199,2.183,2.200,25600000,56170000,0
2020-08-10,2.199,2.213,2.195,2.218,14360000,31720000,0
2020-08-11,2.212,2.205,2.202,2.220,14710000,32510000,0
2020-08-12,2.184,2.187,2.170,2.190,36030000,78460000,0
2020-08-13,2.202,2.212,2.202,2.216,63180000,139570000,0
2020-08-14,2.210,2.212,2.205,2.214,10040000,22210000,0
2020-08-17,2.211,2.212,2.203,2.214,21490000,47500000,0
2020-08-18,2.214,2.209,2.209,2.225,32190000,71300000,0
2020-08-19,2.213,2.222,2.213,2.222,13930000,30880000,0
2020-08-20,2.209,2.196,2.192,2.209,29820000,65480000,0
2020-08-21,2.203,2.207,2.203,2.211,39610000,87420000,0
2020-08-24,2.218,2.228,2.215,2.230,45080000,100180000,0
2020-08-25,2.250,2.285,2.249,2.295,35180000,79790000,0
2020-08-26,2.298,2.260,2.255,2.303,45570000,103500000,0
2020-08-27,2.291,2.290,2.272,2.293,31420000,71870000,0
2020-08-28,2.288,2.306,2.278,2.326,24630000,56690000,0
2020-08-31,2.318,2.326,2.316,2.329,15550000,36140000,0
2020-09-01,2.327,2.295,2.280,2.335,31470000,72500000,0
2020-09-02,2.324,2.334,2.309,2.334,26130000,60550000,0
2020-09-03,2.380,2.465,2.354,2.476,54890000,132700000,0
2020-09-04,2.300,2.317,2.280,2.378,87210000,203540000,0
2020-09-07,2.308,2.210,2.210,2.308,60700000,136270000,0
2020-09-08,2.238,2.251,2.215,2.256,67050000,149730000,0
2020-09-09,2.155,2.168,2.152,2.189,35090000,76060000,0
2020-09-10,2.215,2.195,2.194,2.216,58380000,128640000,0
2020-09-11,2.165,2.173,2.152,2.175,34890000,75480000,0
2020-09-14,2.170,2.176,2.162,2.177,41870000,90830000,0
2020-09-15,2.180,2.178,2.170,2.186,55410000,120580000,0
2020-09-16,2.183,2.189,2.183,2.202,38910000,85240000,0
2020-09-17,2.175,2.146,2.144,2.175,35850000,77540000,0
2020-09-18,2.140,2.154,2.133,2.155,32110000,68900000,0
2020-09-21,2.139,2.126,2.119,2.141,20460000,43610000,0
2020-09-22,2.112,2.099,2.095,2.113,24170000,50870000,0
2020-09-23,2.118,2.120,2.109,2.123,19930000,42190000,0
2020-09-24,2.078,2.072,2.071,2.096,22120000,45930000,0
2020-09-25,2.085,2.089,2.085,2.094,14440000,30190000,0
2020-09-28,2.120,2.124,2.112,2.131,64610000,137050000,0
2020-09-29,2.147,2.147,2.145,2.156,66280000,142540000,0
2020-09-30,2.147,2.124,2.115,2.150,31030000,66160000,0
2020-10-09,2.195,2.192,2.180,2.195,35400000,77570000,0
2020-10-12,2.204,2.207,2.202,2.210,41890000,92420000,0
2020-10-13,2.236,2.243,2.231,2.256,65610000,147320000,0
2020-10-14,2.232,2.234,2.224,2.236,63880000,142470000,0
2020-10-15,2.212,2.199,2.197,2.212,86730000,190910000,0
2020-10-16,2.205,2.210,2.204,2.216,26610000,58860000,0
2020-10-19,2.217,2.212,2.207,2.223,46830000,103650000,0
2020-10-20,2.181,2.176,2.171,2.181,18090000,39320000,0
2020-10-21,2.176,2.182,2.172,2.183,20070000,43660000,0
2020-10-22,2.168,2.155,2.150,2.168,54780000,118070000,0
2020-10-23,2.166,2.173,2.164,2.180,25710000,55890000,0
2020-10-26,2.171,2.161,2.156,2.171,23730000,51300000,0
2020-10-27,2.140,2.155,2.138,2.156,47440000,101870000,0
2020-10-28,2.136,2.126,2.125,2.138,29610000,63050000,0
2020-10-29,2.081,2.088,2.080,2.092,35020000,73040000,0
2020-10-30,2.076,2.048,2.043,2.076,50510000,104140000,0
2020-11-02,2.058,2.068,2.058,2.073,28400000,58670000,0
2020-11-03,2.091,2.106,2.091,2.109,29120000,61190000,0
2020-11-04,2.124,2.140,2.124,2.177,102820000,221140000,0
2020-11-05,2.174,2.167,2.156,2.186,54830000,118940000,0
2020-11-06,2.186,2.176,2.170,2.186,34110000,74290000,0
2020-11-09,2.207,2.210,2.206,2.223,51700000,114520000,0
2020-11-10,2.210,2.200,2.191,2.217,39110000,86240000,0
2020-11-11,2.199,2.210,2.190,2.211,21800000,48060000,0
2020-11-12,2.215,2.214,2.210,2.225,20030000,44380000,0
2020-11-13,2.206,2.212,2.185,2.214,23080000,50780000,0
2020-11-16,2.234,2.242,2.234,2.247,18360000,41150000,0
2020-11-17,2.255,2.234,2.228,2.256,26220000,58620000,0
2020-11-18,2.229,2.212,2.211,2.229,17900000,39740000,0
2020-11-19,2.203,2.211,2.197,2.211,21430000,47200000,0
2020-11-20,2.202,2.202,2.198,2.220,18000000,39650000,0
2020-11-23,2.200,2.199,2.194,2.201,15070000,33100000,0
2020-11-24,2.216,2.232,2.215,2.232,16670000,37090000,0
2020-11-25,2.258,2.249,2.246,2.261,50510000,113700000,0
2020-11-26,2.245,2.249,2.235,2.252,81880000,183770000,0
2020-11-27,2.246,2.243,2.236,2.249,80600000,180680000,0
2020-11-30,2.242,2.232,2.229,2.246,15910000,35630000,0
2020-12-01,2.254,2.256,2.248,2.259,20000000,45110000,0
2020-12-02,2.254,2.250,2.245,2.254,14930000,33550000,0
2020-12-03,2.257,2.259,2.254,2.270,33610000,75960000,0
2020-12-04,2.258,2.253,2.252,2.261,20670000,46630000,0
2020-12-07,2.264,2.262,2.260,2.267,18680000,42290000,0
2020-12-08,2.260,2.257,2.253,2.260,17790000,40160000,0
2020-12-09,2.269,2.277,2.268,2.278,19450000,44220000,0
2020-12-10,2.255,2.264,2.254,2.265,65450000,148120000,0
2020-12-11,2.264,2.265,2.259,2.271,56660000,128260000,0
2020-12-14,2.265,2.272,2.265,2.297,46490000,105920000,0
2020-12-15,2.261,2.252,2.243,2.264,21520000,48470000,0
2020-12-16,2.267,2.270,2.267,2.274,10200000,23150000,0
2020-12-17,2.278,2.278,2.270,2.278,5040000,11450000,0
2020-12-18,2.285,2.285,2.270,2.286,15490000,35310000,0
2020-12-21,2.284,2.279,2.276,2.299,13170000,30050000,0
2020-12-22,2.269,2.258,2.253,2.284,23760000,53840000,0
2020-12-23,2.257,2.260,2.250,2.263,10530000,23790000,0
2020-12-24,2.263,2.266,2.261,2.276,23850000,54030000,0
2020-12-25,2.269,2.272,2.268,2.279,10580000,24030000,0
2020-12-28,2.273,2.283,2.273,2.285,10580000,24120000,0
2020-12-29,2.293,2.304,2.293,2.305,13370000,30720000,0
2020-12-30,2.295,2.289,2.288,2.295,15170000,34760000,0
2020-12-31,2.290,2.292,2.283,2.298,15410000,35270000,0
2021-01-04,2.293,2.280,2.278,2.297,43700000,99990000,0
2021-01-05,2.260,2.245,2.241,2.260,28950000,65090000,0
2021-01-06,2.249,2.249,2.246,2.257,18870000,42440000,0
2021-01-07,2.275,2.283,2.271,2.285,16760000,38240000,0
2021-01-08,2.308,2.318,2.308,2.322,22720000,52640000,0
2021-01-11,2.318,2.308,2.306,2.323,24010000,55600000,0
2021-01-12,2.312,2.312,2.297,2.317,14630000,33820000,0
2021-01-13,2.308,2.306,2.302,2.309,17670000,40750000,0
2021-01-14,2.310,2.321,2.310,2.323,13170000,30550000,0
2021-01-15,2.302,2.301,2.297,2.309,9900000,22800000,0
2021-01-18,2.300,2.294,2.285,2.300,16060000,36780000,0
2021-01-19,2.304,2.311,2.304,2.317,38950000,90090000,0
2021-01-20,2.316,2.307,2.305,2.325,20950000,48420000,0
2021-01-21,2.335,2.347,2.333,2.348,30360000,71020000,0
2021-01-22,2.344,2.335,2.331,2.345,32380000,75710000,0
2021-01-25,2.338,2.348,2.337,2.353,22110000,51860000,0
2021-01-26,2.345,2.327,2.325,2.345,8350000,19480000,0
2021-01-27,2.336,2.338,2.330,2.343,10060000,23480000,0
2021-01-28,2.303,2.277,2.277,2.303,12640000,28870000,0
2021-01-29,2.292,2.281,2.265,2.307,61060000,138930000,0
2021-02-01,2.255,2.267,2.239,2.268,16710000,37660000,0
2021-02-02,2.292,2.305,2.292,2.307,17580000,40450000,0
2021-02-03,2.330,2.331,2.323,2.339,7480000,17420000,0
2021-02-04,2.329,2.330,2.315,2.336,14540000,33820000,0
2021-02-05,2.349,2.369,2.349,2.369,16180000,38190000,0
2021-02-08,2.377,2.370,2.366,2.410,30870000,73390000,0
2021-02-09,2.398,2.384,2.372,2.398,7550000,17970000,0
2021-02-10,2.384,2.382,2.373,2.385,12020000,28610000,0
2021-02-18,2.386,2.385,2.377,2.386,16170000,38520000,0
2021-02-19,2.382,2.378,2.366,2.382,8080000,19160000,0
2021-02-22,2.376,2.370,2.368,2.380,15210000,36080000,0
2021-02-23,2.363,2.370,2.342,2.372,9690000,22880000,0
2021-02-24,2.370,2.351,2.349,2.371,18860000,44440000,0
2021-02-25,2.382,2.390,2.381,2.398,41950000,100190000,0
2021-02-26,2.333,2.326,2.324,2.350,26980000,63040000,0
2021-03-01,2.362,2.343,2.333,2.362,11520000,27010000,0
2021-03-02,2.379,2.377,2.364,2.379,13960000,33100000,0
2021-03-03,2.367,2.376,2.357,2.378,13740000,32590000,0
2021-03-04,2.359,2.327,2.322,2.359,12150000,28310000,0
2021-03-05,2.276,2.304,2.276,2.310,14460000,33130000,0
2021-03-08,2.351,2.353,2.341,2.358,20040000,47060000,0
2021-03-09,2.356,2.375,2.352,2.385,59440000,140820000,0
2021-03-10,2.380,2.373,2.371,2.391,10840000,25790000,0
2021-03-11,2.391,2.411,2.391,2.413,29870000,71850000,0
2021-03-12,2.435,2.413,2.411,2.435,15570000,37680000,0
2021-03-15,2.417,2.428,2.417,2.431,16930000,41070000,0
2021-03-16,2.442,2.443,2.431,2.448,25030000,61030000,0
2021-03-17,2.439,2.433,2.425,2.439,13740000,33410000,0
2021-03-18,2.446,2.435,2.432,2.450,15720000,38310000,0
2021-03-19,2.403,2.405,2.401,2.418,15380000,37020000,0
2021-03-22,2.399,2.405,2.386,2.407,10150000,24360000,0
2021-03-23,2.425,2.416,2.405,2.427,15600000,37650000,0
2021-03-24,2.415,2.400,2.396,2.415,20260000,48630000,0
2021-03-25,2.382,2.399,2.382,2.400,23560000,56430000,0
2021-03-26,2.408,2.426,2.408,2.426,8630000,20890000,0
2021-03-29,2.431,2.444,2.431,2.446,17340000,42290000,0
2021-03-30,2.450,2.460,2.446,2.464,9160000,22520000,0
2021-03-31,2.479,2.448,2.446,2.479,8690000,21310000,0
2021-04-01,2.460,2.473,2.460,2.474,7500000,18500000,0
2021-04-02,2.497,2.497,2.488,2.503,14400000,35910000,0
2021-04-06,2.527,2.530,2.520,2.535,23700000,59850000,0
2021-04-07,2.527,2.526,2.511,2.530,16530000,41650000,0
2021-04-08,2.531,2.536,2.531,2.540,20840000,52830000,0
2021-04-09,2.592,2.541,2.536,2.592,23610000,60000000,0
2021-04-12,2.550,2.558,2.550,2.559,18920000,48340000,0
2021-04-13,2.557,2.557,2.550,2.561,11820000,30220000,0
2021-04-14,2.564,2.569,2.561,2.569,18760000,48100000,0
2021-04-15,2.560,2.564,2.550,2.564,24690000,63100000,0
2021-04-16,2.578,2.583,2.576,2.590,23930000,61820000,0
2021-04-19,2.585,2.580,2.578,2.590,17020000,44010000,0
2021-04-20,2.568,2.560,2.560,2.570,20100000,51570000,0
2021-04-21,2.533,2.543,2.527,2.546,23790000,60330000,0
2021-04-22,2.561,2.558,2.553,2.563,10030000,25650000,0
2021-04-23,2.539,2.535,2.532,2.542,13180000,33450000,0
2021-04-26,2.557,2.560,2.554,2.562,10040000,25680000,0
2021-04-27,2.564,2.573,2.564,2.574,11020000,28320000,0
2021-04-28,2.572,2.569,2.565,2.572,7370000,18910000,0
2021-04-29,2.572,2.580,2.572,2.580,10220000,26310000,0
2021-04-30,2.580,2.580,2.567,2.582,18270000,47020000,0
2021-05-06,2.568,2.566,2.548,2.568,14310000,36590000,0
2021-05-07,2.585,2.579,2.569,2.586,15490000,39900000,0
2021-05-10,2.592,2.585,2.583,2.595,21320000,55200000,0
2021-05-11,2.546,2.546,2.524,2.547,21470000,54430000,0
2021-05-12,2.525,2.527,2.513,2.529,27370000,68980000,0
2021-05-13,2.479,2.480,2.479,2.485,22450000,55710000,0
2021-05-14,2.502,2.518,2.502,2.519,19790000,49670000,0
2021-05-17,2.537,2.538,2.531,2.544,25750000,65330000,0
2021-05-18,2.537,2.545,2.535,2.548,13460000,34190000,0
2021-05-19,2.509,2.504,2.500,2.509,17070000,42730000,0
2021-05-20,2.500,2.501,2.495,2.508,16330000,40910000,0
2021-05-21,2.525,2.533,2.523,2.537,14990000,37920000,0
2021-05-24,2.531,2.537,2.531,2.537,16910000,42850000,0
2021-05-25,2.554,2.551,2.545,2.556,32930000,83960000,0
2021-05-26,2.549,2.540,2.536,2.549,20900000,53130000,0
2021-05-27,2.535,2.522,2.521,2.535,14550000,36790000,0
2021-05-28,2.530,2.537,2.530,2.547,21200000,53800000,0
2021-05-31,2.535,2.532,2.531,2.540,17320000,43920000,0
2021-06-01,2.534,2.534,2.525,2.534,9940000,25130000,0
2021-06-02,2.535,2.533,2.531,2.535,7850000,19890000,0
2021-06-03,2.536,2.537,2.533,2.539,8020000,20330000,0
2021-06-04,2.536,2.533,2.526,2.536,17780000,44970000,0
2021-06-07,2.545,2.557,2.544,2.557,10440000,26620000,0
2021-06-08,2.557,2.557,2.553,2.561,12230000,31290000,0
2021-06-09,2.559,2.558,2.554,2.560,7500000,19170000,0
2021-06-10,2.558,2.549,2.546,2.558,6610000,16850000,0
2021-06-11,2.559,2.557,2.554,2.562,6580000,16830000,0
2021-06-15,2.572,2.573,2.301,2.577,22730000,58320000,0
2021-06-16,2.567,2.564,2.561,2.567,9440000,24210000,0
2021-06-17,2.548,2.551,2.545,2.559,8240000,21020000,0
2021-06-18,2.560,2.563,2.560,2.568,23620000,60570000,0
2021-06-21,2.535,2.529,2.520,2.535,27970000,70640000,0
2021-06-22,2.553,2.577,2.553,2.577,25880000,66560000,0
2021-06-23,2.590,2.600,2.587,2.602,14940000,38760000,0
2021-06-24,2.597,2.596,2.593,2.597,5660000,14690000,0
2021-06-25,2.608,2.603,2.603,2.612,8090000,21070000,0
2021-06-28,2.611,2.608,2.600,2.626,10300000,26880000,0
2021-06-29,2.615,2.609,2.607,2.617,7160000,18680000,0
2021-06-30,2.613,2.616,2.612,2.618,4110000,10740000,0
2021-07-01,2.622,2.623,2.621,2.626,4490000,11790000,0
2021-07-02,2.633,2.645,2.633,2.646,10000000,26410000,0
2021-07-05,2.659,2.659,2.653,2.666,35510000,94390000,0
2021-07-06,2.660,2.664,2.655,2.668,27610000,73470000,0
2021-07-07,2.660,2.660,2.653,2.663,12430000,33050000,0
2021-07-08,2.662,2.652,2.651,2.669,11310000,30090000,0
2021-07-09,2.632,2.654,2.630,2.656,20490000,54140000,0
2021-07-12,2.667,2.677,2.667,2.678,15310000,40930000,0
2021-07-13,2.682,2.675,2.674,2.687,16260000,43610000,0
2021-07-14,2.674,2.671,2.667,2.678,15750000,42120000,0
2021-07-15,2.665,2.674,2.665,2.678,9490000,25360000,0
2021-07-16,2.668,2.668,2.663,2.669,16160000,43080000,0
2021-07-19,2.638,2.646,2.633,2.650,6250000,16500000,0
2021-07-20,2.635,2.636,2.614,2.641,21550000,56690000,0
2021-07-21,2.655,2.655,2.645,2.659,13780000,36560000,0
2021-07-22,2.672,2.671,2.665,2.673,4140000,11060000,0
2021-07-23,2.675,2.677,2.675,2.680,18630000,49880000,0
2021-07-26,2.688,2.693,2.688,2.699,15970000,43020000,0
2021-07-27,2.702,2.706,2.700,2.712,12440000,33680000,0
2021-07-28,2.705,2.703,2.698,2.715,15140000,40940000,0
2021-07-29,2.702,2.697,2.687,2.702,11280000,30380000,0
2021-07-30,2.700,2.680,2.676,2.700,20780000,55710000,0
2021-08-02,2.695,2.704,2.692,2.707,12420000,33560000,0
2021-08-03,2.689,2.691,2.681,2.693,18230000,49030000,0
2021-08-04,2.706,2.700,2.698,2.713,14130000,38200000,0
2021-08-05,2.694,2.694,2.689,2.699,14420000,38850000,0
2021-08-06,2.705,2.708,2.700,2.710,12270000,33160000,0
2021-08-09,2.709,2.715,2.705,2.720,10320000,28000000,0
2021-08-10,2.715,2.712,2.706,2.721,19630000,53210000,0
2021-08-11,2.713,2.716,2.713,2.721,8620000,23420000,0
2021-08-12,2.720,2.718,2.717,2.725,15950000,43400000,0
2021-08-13,2.729,2.736,2.724,2.737,27110000,73990000,0
2021-08-16,2.735,2.725,2.724,2.737,20070000,54780000,0
2021-08-17,2.732,2.731,2.728,2.740,20010000,54710000,0
2021-08-18,2.722,2.729,2.716,2.730,12160000,33110000,0
2021-08-19,2.702,2.685,2.682,2.706,18280000,49240000,0
2021-08-20,2.701,2.700,2.695,2.706,16180000,43700000,0
2021-08-23,2.723,2.738,2.723,2.738,11330000,30960000,0
2021-08-24,2.753,2.753,2.748,2.755,14400000,39640000,0
2021-08-25,2.752,2.744,2.742,2.752,20360000,55890000,0
2021-08-26,2.745,2.746,2.743,2.747,13150000,36110000,0
2021-08-27,2.736,2.748,2.733,2.752,16260000,44590000,0
2021-08-30,2.758,2.758,2.755,2.765,12760000,35200000,0
2021-08-31,2.769,2.780,2.766,2.782,17210000,47770000,0
2021-09-01,2.775,2.779,2.767,2.780,13410000,37150000,0
2021-09-02,2.776,2.762,2.758,2.776,19100000,52760000,0
2021-09-03,2.768,2.773,2.767,2.778,13460000,37320000,0
2021-09-06,2.769,2.770,2.761,2.773,14680000,40610000,0
2021-09-07,2.769,2.770,2.766,2.771,13920000,38540000,0
2021-09-08,2.763,2.757,2.755,2.765,14350000,39610000,0
2021-09-09,2.750,2.748,2.744,2.750,15050000,41340000,0
2021-09-10,2.743,2.749,2.740,2.750,11640000,31940000,0
2021-09-13,2.728,2.729,2.719,2.730,15380000,41910000,0
2021-09-14,2.730,2.728,2.726,2.736,38190000,104270000,0
2021-09-15,2.711,2.711,2.707,2.718,11460000,31060000,0
2021-09-16,2.729,2.721,2.717,2.735,31770000,86560000,0
2021-09-17,2.722,2.736,2.719,2.737,13690000,37350000,0
2021-09-22,2.673,2.680,2.664,2.684,36400000,97290000,0
2021-09-23,2.704,2.701,2.695,2.705,17510000,47250000,0
2021-09-24,2.721,2.718,2.716,2.725,23930000,65070000,0
2021-09-27,2.729,2.735,2.723,2.736,16700000,45600000,0
2021-09-28,2.720,2.709,2.702,2.720,16860000,45680000,0
2021-09-29,2.660,2.668,2.660,2.677,35990000,96090000,0
2021-09-30,2.668,2.683,2.668,2.685,15320000,41020000,0
2021-10-08,2.697,2.681,2.681,2.699,10820000,29080000,0
2021-10-11,2.680,2.665,2.664,2.681,19020000,50800000,0
2021-10-12,2.649,2.638,2.636,2.660,36130000,95660000,0
2021-10-13,2.643,2.652,2.641,2.653,13650000,36110000,0
2021-10-14,2.661,2.676,2.661,2.677,11340000,30260000,0
2021-10-15,2.709,2.710,2.693,2.717,15850000,42930000,0
2021-10-18,2.714,2.710,2.708,2.738,14570000,39590000,0
2021-10-19,2.720,2.728,2.717,2.730,16530000,45020000,0
2021-10-20,2.734,2.735,2.731,2.740,14540000,39760000,0
2021-10-21,2.740,2.735,2.733,2.740,19670000,53840000,0
2021-10-22,2.743,2.747,2.743,2.749,8120000,22300000,0
2021-10-25,2.735,2.747,2.735,2.749,24820000,68070000,0
2021-10-26,2.762,2.766,2.762,2.767,4880000,13480000,0
2021-10-27,2.767,2.764,2.757,2.768,8460000,23360000,0
2021-10-28,2.749,2.753,2.749,2.756,9570000,26360000,0
2021-10-29,2.772,2.758,2.758,2.779,9950000,27510000,0
2021-11-01,2.785,2.792,2.785,2.796,9580000,26740000,0
2021-11-02,2.792,2.786,2.781,2.792,7220000,20100000,0
2021-11-03,2.797,2.805,2.796,2.806,8140000,22810000,0
2021-11-04,2.815,2.820,2.815,2.821,6000000,16920000,0
2021-11-05,2.825,2.832,2.825,2.833,8970000,25400000,0
2021-11-08,2.832,2.835,2.830,2.848,43900000,124520000,0
2021-11-09,2.834,2.834,2.831,2.851,66820000,189820000,0
2021-11-10,2.831,2.822,2.819,2.832,22510000,63590000,0
2021-11-11,2.811,2.815,2.810,2.819,10990000,30930000,0
2021-11-12,2.816,2.813,2.813,2.821,7890000,22220000,0
2021-11-15,2.826,2.832,2.826,2.836,13500000,38240000,0
2021-11-16,2.832,2.824,2.822,2.835,10740000,30400000,0
2021-11-17,2.840,2.843,2.836,2.843,7200000,20460000,0
2021-11-18,2.841,2.833,2.830,2.841,26520000,75080000,0
2021-11-19,2.840,2.851,2.840,2.852,45200000,128740000,0
2021-11-22,2.845,2.847,2.842,2.850,18340000,52200000,0
2021-11-23,2.830,2.822,2.821,2.835,44800000,126660000,0
2021-11-24,2.833,2.832,2.828,2.835,13140000,37220000,0
2021-11-25,2.846,2.851,2.844,2.852,10850000,30890000,0
2021-11-26,2.834,2.808,2.805,2.834,29580000,83340000,0
2021-11-29,2.790,2.806,2.783,2.807,21910000,61300000,0
2021-11-30,2.820,2.789,2.771,2.824,47100000,131670000,0
2021-12-01,2.775,2.778,2.765,2.780,63670000,176600000,0
2021-12-02,2.733,2.740,2.728,2.744,62640000,171300000,0
2021-12-03,2.749,2.758,2.740,2.763,21580000,59400000,0
2021-12-06,2.753,2.750,2.742,2.753,11360000,31200000,0
2021-12-07,2.772,2.783,2.767,2.786,20170000,55990000,0
2021-12-08,2.823,2.826,2.823,2.830,12080000,34140000,0
2021-12-09,2.825,2.826,2.813,2.827,22050000,62230000,0
2021-12-10,2.814,2.813,2.809,2.819,8920000,25080000,0
2021-12-13,2.842,2.845,2.841,2.848,11610000,33030000,0
2021-12-14,2.820,2.812,2.811,2.820,90890000,255790000,0
2021-12-15,2.786,2.797,2.786,2.804,33520000,93750000,0
2021-12-16,2.840,2.856,2.824,2.857,62700000,178380000,0
2021-12-17,2.832,2.807,2.806,2.832,17270000,48580000,0
2021-12-20,2.780,2.762,2.760,2.780,29240000,81010000,0
2021-12-21,2.761,2.777,2.761,2.821,64500000,179630000,0
2021-12-22,2.804,2.800,2.791,2.804,30250000,84660000,0
2021-12-23,2.823,2.830,2.823,2.835,13390000,37890000,0
2021-12-24,2.848,2.846,2.841,2.848,9570000,27210000,0
2021-12-27,2.847,2.851,2.847,2.855,12490000,35590000,0
2021-12-28,2.880,2.882,2.878,2.887,12860000,37100000,0
2021-12-29,2.883,2.888,2.880,2.891,28560000,82470000,0
2021-12-30,2.885,2.887,2.882,2.892,99600000,287670000,0
2021-12-31,2.881,2.879,2.862,2.881,23970000,68960000,0
2022-01-04,2.894,2.897,2.889,2.898,14370000,41590000,0
2022-01-05,2.892,2.886,2.879,2.892,18460000,53200000,0
2022-01-06,2.832,2.817,2.815,2.850,34100000,96320000,0
2022-01-07,2.832,2.835,2.831,2.840,18550000,52600000,0
2022-01-10,2.810,2.816,2.798,2.818,45900000,128990000,0
2022-01-11,2.815,2.804,2.801,2.815,28510000,80020000,0
2022-01-12,2.832,2.836,2.828,2.836,39200000,111030000,0
2022-01-13,2.837,2.829,2.826,2.837,18230000,51570000,0
2022-01-14,2.788,2.802,2.788,2.802,20930000,58500000,0
2022-01-17,2.794,2.794,2.788,2.800,18010000,50280000,0
2022-01-18,2.796,2.783,2.781,2.798,12790000,35660000,0
2022-01-19,2.754,2.739,2.734,2.759,39400000,108090000,0
2022-01-20,2.723,2.724,2.714,2.726,105370000,286350000,0
2022-01-21,2.669,2.670,2.658,2.672,81440000,217050000,0
2022-01-24,2.653,2.638,2.636,2.653,89050000,235200000,0
2022-01-25,2.610,2.605,2.593,2.615,72900000,189970000,0
2022-01-26,2.599,2.601,2.594,2.606,37850000,98480000,0
2022-01-27,2.588,2.552,2.546,2.588,141460000,362640000,0
2022-01-28,2.595,2.597,2.574,2.603,90260000,234210000,0
2022-02-07,2.675,2.693,2.668,2.694,60690000,162820000,0
2022-02-08,2.684,2.687,2.680,2.692,51240000,137520000,0
2022-02-09,2.708,2.722,2.708,2.724,47810000,129920000,0
2022-02-10,2.751,2.754,2.739,2.760,92610000,254480000,0
2022-02-11,2.696,2.679,2.673,2.702,118060000,316670000,0
2022-02-14,2.654,2.655,2.646,2.657,80670000,213900000,0
2022-02-15,2.647,2.638,2.631,2.648,65230000,172170000,0
2022-02-16,2.670,2.671,2.665,2.672,34110000,91050000,0
2022-02-17,2.666,2.664,2.656,2.675,57580000,153460000,0
2022-02-18,2.622,2.628,2.616,2.639,75770000,199430000,0
2022-02-21,2.612,2.617,2.601,2.618,123120000,321150000,0
2022-02-22,2.561,2.561,2.553,2.568,94670000,242480000,0
2022-02-23,2.582,2.574,2.570,2.602,146300000,376860000,0
2022-02-24,2.500,2.465,2.460,2.508,187430000,465700000,0
2022-02-25,2.542,2.534,2.531,2.545,172640000,437800000,0
2022-02-28,2.563,2.553,2.538,2.566,65120000,166030000,0
2022-03-01,2.594,2.605,2.594,2.607,124810000,324570000,0
2022-03-02,2.575,2.566,2.563,2.575,83570000,214770000,0
2022-03-03,2.608,2.612,2.599,2.612,79790000,207900000,0
2022-03-04,2.573,2.588,2.568,2.591,104230000,269060000,0
2022-03-07,2.544,2.554,2.538,2.563,74920000,190840000,0
2022-03-08,2.530,2.473,2.467,2.530,144480000,359120000,0
2022-03-09,2.489,2.500,2.482,2.502,116250000,289910000,0
2022-03-10,2.546,2.545,2.541,2.551,38910000,99090000,0
2022-03-11,2.530,2.544,2.524,2.545,64240000,162830000,0
2022-03-14,2.530,2.537,2.525,2.542,58360000,147810000,0
2022-03-15,2.514,2.503,2.502,2.517,142910000,358350000,0
2022-03-16,2.550,2.570,2.548,2.572,96380000,246210000,0
2022-03-17,2.614,2.620,2.599,2.621,92460000,241260000,0
2022-03-18,2.628,2.638,2.625,2.641,58510000,154180000,0
2022-03-21,2.673,2.675,2.666,2.677,49550000,132420000,0
2022-03-22,2.667,2.678,2.667,2.687,81710000,218950000,0
2022-03-23,2.710,2.722,2.710,2.724,168160000,457590000,0
2022-03-24,2.683,2.688,2.682,2.695,82620000,222050000,0
2022-03-25,2.712,2.729,2.712,2.730,84860000,230970000,0
2022-03-28,2.729,2.735,2.727,2.742,179540000,490900000,0
2022-03-30,2.790,2.780,2.770,2.792,93700000,130320000,0
2022-03-31,2.772,2.774,2.768,2.784,139230000,193180000,0
2022-04-01,2.730,2.742,2.730,2.742,97350000,133190000,0
2022-04-06,2.720,2.742,2.720,2.744,52980000,72390000,0
2022-04-07,2.702,2.704,2.690,2.706,72510000,97850000,0
2022-04-08,2.712,2.730,2.712,2.730,104960000,142790000,0
2022-04-11,2.710,2.706,2.698,2.712,85710000,115890000,0
2022-04-12,2.660,2.654,2.648,2.666,138880000,184300000,0
2022-04-13,2.658,2.676,2.656,2.678,118580000,158250000,0
2022-04-14,2.690,2.694,2.680,2.696,80570000,108370000,0
2022-04-15,2.654,2.668,2.654,2.670,80950000,107820000,0
2022-04-18,2.656,2.648,2.640,2.656,52030000,68880000,0
2022-04-19,2.668,2.668,2.662,2.672,47690000,63620000,0
2022-04-20,2.710,2.710,2.700,2.710,99530000,134630000,0
2022-04-21,2.722,2.744,2.718,2.750,98390000,134720000,0
2022-04-22,2.672,2.708,2.672,2.714,105500000,142490000,0
2022-04-25,2.634,2.620,2.618,2.638,211910000,278860000,0
2022-04-26,2.654,2.668,2.654,2.674,121880000,162620000,0
2022-04-27,2.598,2.604,2.596,2.610,239660000,311890000,0
2022-04-28,2.612,2.638,2.610,2.642,109310000,143530000,0
2022-04-29,2.672,2.680,2.666,2.694,174000000,233430000,0
2022-05-05,2.708,2.682,2.680,2.708,199740000,268850000,0
2022-05-06,2.600,2.618,2.590,2.630,236100000,309360000,0
2022-05-09,2.590,2.604,2.582,2.606,154210000,199810000,0
2022-05-10,2.544,2.556,2.538,2.556,343720000,437420000,0
2022-05-11,2.548,2.554,2.540,2.560,182950000,233310000,0
2022-05-12,2.512,2.510,2.506,2.522,155630000,195710000,0
2022-05-13,2.536,2.550,2.534,2.550,155660000,197810000,0
2022-05-16,2.594,2.562,2.554,2.598,210490000,269850000,0
2022-05-17,2.572,2.574,2.566,2.576,173470000,223040000,0
2022-05-18,2.604,2.598,2.594,2.608,73390000,95340000,0
2022-05-19,2.500,2.502,2.494,2.516,310950000,388950000,0
2022-05-20,2.498,2.486,2.484,2.502,255090000,317890000,0
2022-05-23,2.492,2.494,2.482,2.496,180130000,224100000,0
2022-05-24,2.490,2.474,2.470,2.492,195010000,241800000,0
2022-05-25,2.482,2.496,2.482,2.498,295740000,368370000,0
2022-05-26,2.512,2.518,2.506,2.520,372930000,468430000,0
2022-05-27,2.570,2.574,2.564,2.590,203140000,260970000,0
2022-05-30,2.636,2.618,2.608,2.636,172890000,226550000,0
2022-05-31,2.606,2.608,2.602,2.618,142560000,186130000,0
2022-06-01,2.610,2.614,2.606,2.618,120930000,157940000,0
2022-06-02,2.590,2.584,2.580,2.594,120690000,156100000,0
2022-06-06,2.578,2.592,2.572,2.592,144530000,186650000,0
2022-06-07,2.584,2.578,2.570,2.584,101380000,130600000,0
2022-06-08,2.610,2.610,2.604,2.614,72700000,94830000,0
2022-06-09,2.592,2.588,2.584,2.596,85680000,110960000,0
2022-06-10,2.536,2.542,2.532,2.546,137040000,173940000,0
2022-06-13,2.460,2.436,2.430,2.460,195900000,239420000,0
2022-06-14,2.400,2.410,2.392,2.412,305560000,367070000,0
2022-06-15,2.392,2.384,2.374,2.392,291760000,347430000,0
2022-06-16,2.420,2.376,2.374,2.420,216460000,259930000,0
2022-06-17,2.332,2.338,2.320,2.346,224680000,262350000,0
2022-06-20,2.334,2.334,2.324,2.336,176050000,204970000,0
2022-06-21,2.346,2.362,2.342,2.368,247810000,292230000,0
2022-06-22,2.372,2.364,2.358,2.380,195470000,231380000,0
2022-06-23,2.376,2.380,2.368,2.382,235600000,279910000,0
2022-06-24,2.396,2.418,2.396,2.422,184280000,222110000,0
2022-06-27,2.460,2.470,2.458,2.480,195430000,241360000,0
2022-06-28,2.470,2.474,2.456,2.476,131290000,161840000,0
2022-06-29,2.416,2.416,2.414,2.428,122310000,148030000,0
2022-06-30,2.414,2.390,2.386,2.416,162030000,194600000,0
2022-07-01,2.392,2.382,2.376,2.396,138640000,165230000,0
2022-07-04,2.394,2.412,2.390,2.414,202450000,243540000,0
2022-07-05,2.426,2.432,2.420,2.432,180930000,219500000,0
2022-07-06,2.432,2.420,2.410,2.436,178000000,215550000,0
2022-07-07,2.428,2.442,2.426,2.446,198110000,241360000,0
2022-07-08,2.472,2.460,2.456,2.476,217600000,267990000,0
2022-07-11,2.460,2.446,2.444,2.460,165920000,203380000,0
2022-07-12,2.438,2.434,2.430,2.442,160760000,195750000,0
2022-07-13,2.430,2.434,2.424,2.434,205310000,249220000,0
2022-07-14,2.420,2.408,2.402,2.420,161770000,194890000,0
2022-07-15,2.420,2.418,2.416,2.430,164610000,199350000,0
2022-07-18,2.458,2.474,2.456,2.476,191680000,236360000,0
2022-07-19,2.444,2.444,2.440,2.448,181950000,222400000,0
2022-07-20,2.510,2.518,2.510,2.520,228950000,287930000,0
2022-07-21,2.522,2.524,2.516,2.530,195460000,246500000,0
2022-07-22,2.540,2.542,2.536,2.544,150080000,190580000,0
2022-07-25,2.516,2.520,2.514,2.524,161240000,203040000,0
2022-07-26,2.518,2.518,2.514,2.524,150420000,189500000,0
2022-07-27,2.518,2.526,2.516,2.526,204480000,257880000,0
2022-07-28,2.558,2.554,2.550,2.562,158880000,202900000,0
2022-07-29,2.600,2.608,2.598,2.612,194040000,252930000,0
2022-08-01,2.618,2.620,2.614,2.626,303450000,397650000,0
2022-08-02,2.620,2.612,2.612,2.622,223000000,291660000,0
2022-08-03,2.612,2.612,2.606,2.614,195440000,255130000,0
2022-08-04,2.642,2.638,2.638,2.648,189180000,249960000,0
2022-08-05,2.644,2.648,2.640,2.650,157490000,208380000,0
2022-08-08,2.640,2.656,2.634,2.656,339100000,448480000,0
2022-08-09,2.640,2.642,2.638,2.646,144010000,190290000,0
2022-08-10,2.632,2.626,2.624,2.634,163740000,215160000,0
2022-08-11,2.682,2.684,2.678,2.688,104660000,140410000,0
2022-08-12,2.676,2.684,2.676,2.686,89820000,120400000,0
2022-08-15,2.712,2.722,2.712,2.726,190540000,259180000,0
2022-08-16,2.744,2.746,2.742,2.750,154780000,212640000,0
2022-08-17,2.752,2.748,2.748,2.756,128010000,176140000,0
2022-08-18,2.730,2.730,2.730,2.738,161560000,220870000,0
2022-08-19,2.746,2.734,2.734,2.752,155720000,213800000,0
2022-08-22,2.706,2.706,2.704,2.714,189380000,256710000,0
2022-08-23,2.678,2.670,2.664,2.682,194650000,260270000,0
2022-08-24,2.668,2.670,2.654,2.672,176820000,235600000,0
2022-08-25,2.680,2.702,2.680,2.704,143980000,193780000,0
2022-08-26,2.710,2.716,2.710,2.718,86760000,117710000,0
2022-08-29,2.622,2.628,2.600,2.632,335460000,439610000,0
2022-08-30,2.628,2.636,2.624,2.638,179010000,235540000,0
2022-08-31,2.604,2.610,2.604,2.614,168460000,219690000,0
2022-09-01,2.568,2.564,2.554,2.570,186830000,239310000,0
2022-09-02,2.580,2.590,2.578,2.590,129450000,167200000,0
2022-09-05,2.562,2.582,2.562,2.582,117530000,151180000,0
2022-09-06,2.588,2.582,2.574,2.588,183510000,236630000,0
2022-09-07,2.556,2.562,2.548,2.564,437980000,559300000,0
2022-09-08,2.606,2.608,2.604,2.616,235640000,307360000,0
2022-09-09,2.624,2.624,2.620,2.630,183660000,241080000,0
2022-09-13,2.676,2.690,2.676,2.690,175380000,235090000,0
2022-09-14,2.582,2.580,2.568,2.586,420840000,542600000,0
2022-09-15,2.580,2.582,2.580,2.588,196600000,253920000,0
2022-09-16,2.546,2.540,2.536,2.548,329390000,419030000,0
2022-09-19,2.542,2.534,2.532,2.548,260400000,330500000,0
2022-09-20,2.562,2.568,2.558,2.570,189530000,243240000,0
2022-09-21,2.538,2.534,2.530,2.544,322200000,409050000,0
2022-09-22,2.480,2.490,2.476,2.496,432520000,538340000,0
2022-09-23,2.488,2.476,2.472,2.488,135820000,168310000,0
2022-09-26,2.436,2.432,2.428,2.450,256320000,312390000,0
2022-09-27,2.440,2.462,2.440,2.464,187310000,229490000,0
2022-09-28,2.446,2.432,2.424,2.446,160980000,195840000,0
2022-09-29,2.478,2.476,2.466,2.484,167830000,208000000,0
2022-09-30,2.430,2.430,2.420,2.438,251390000,305240000,0
2022-10-10,2.420,2.414,2.406,2.424,92360000,111700000,0
2022-10-11,2.418,2.410,2.410,2.428,363080000,438530000,0
2022-10-12,2.412,2.424,2.406,2.426,181800000,219330000,0
2022-10-13,2.404,2.404,2.400,2.408,86430000,103870000,0
2022-10-14,2.456,2.480,2.456,2.484,143970000,178070000,0
2022-10-17,2.424,2.432,2.420,2.434,211580000,256680000,0
2022-10-18,2.486,2.512,2.480,2.516,183020000,228980000,0
2022-10-19,2.520,2.506,2.502,2.528,199550000,251160000,0
2022-10-20,2.474,2.484,2.468,2.488,178790000,221540000,0
2022-10-21,2.464,2.464,2.458,2.470,132190000,162760000,0
2022-10-24,2.528,2.528,2.524,2.542,235300000,297750000,0
2022-10-25,2.566,2.576,2.564,2.578,212580000,273360000,0
2022-10-26,2.584,2.572,2.566,2.592,263810000,340070000,0
2022-10-27,2.582,2.596,2.580,2.598,299600000,387790000,0
2022-10-28,2.572,2.550,2.550,2.574,91920000,117740000,0
2022-10-31,2.630,2.640,2.630,2.642,174360000,229800000,0
2022-11-01,2.642,2.650,2.634,2.652,216520000,285750000,0
2022-11-02,2.630,2.626,2.622,2.634,154580000,203100000,0
2022-11-03,2.570,2.576,2.566,2.582,268760000,346020000,0
2022-11-04,2.550,2.550,2.536,2.556,558700000,710700000,0
2022-11-07,2.554,2.568,2.550,2.568,306340000,391920000,0
2022-11-08,2.594,2.594,2.588,2.596,227970000,295580000,0
2022-11-09,2.602,2.604,2.600,2.624,265340000,346430000,0
2022-11-10,2.564,2.566,2.558,2.568,178640000,229120000,0
2022-11-11,2.698,2.678,2.656,2.698,365380000,489150000,0
2022-11-14,2.676,2.648,2.644,2.680,238580000,317060000,0
2022-11-15,2.642,2.652,2.642,2.654,237580000,314640000,0
2022-11-16,2.642,2.672,2.640,2.678,328240000,436600000,0
2022-11-17,2.654,2.670,2.652,2.672,198080000,264010000,0
2022-11-18,2.660,2.652,2.650,2.666,131460000,174710000,0
2022-11-21,2.656,2.672,2.654,2.680,325530000,434320000,0
2022-11-22,2.670,2.666,2.664,2.682,166900000,223130000,0
2022-11-23,2.692,2.702,2.692,2.702,73350000,99000000,0
2022-11-24,2.724,2.722,2.720,2.728,94620000,128790000,0
2022-11-25,2.732,2.734,2.726,2.734,92260000,125920000,0
2022-11-28,2.730,2.722,2.716,2.734,158100000,215240000,0
2022-11-29,2.698,2.692,2.684,2.702,207240000,278880000,0
2022-11-30,2.672,2.674,2.670,2.678,174150000,232780000,0
2022-12-01,2.726,2.726,2.716,2.742,254000000,346040000,0
2022-12-02,2.708,2.716,2.708,2.716,95830000,130010000,0
2022-12-05,2.690,2.674,2.668,2.696,199830000,267660000,0
2022-12-06,2.640,2.632,2.630,2.642,250910000,330670000,0
2022-12-07,2.598,2.596,2.594,2.604,288700000,375110000,0
2022-12-08,2.580,2.590,2.578,2.590,175180000,226410000,0
2022-12-09,2.600,2.610,2.598,2.610,138090000,179780000,0
2022-12-12,2.584,2.588,2.584,2.590,108780000,140710000,0
2022-12-13,2.624,2.628,2.622,2.630,136680000,179430000,0
2022-12-14,2.644,2.650,2.642,2.650,106470000,140920000,0
2022-12-15,2.628,2.626,2.620,2.630,98100000,128730000,0
2022-12-16,2.564,2.568,2.562,2.570,192870000,247410000,0
2022-12-19,2.542,2.540,2.540,2.546,140500000,178590000,0
2022-12-20,2.520,2.502,2.492,2.526,325040000,407570000,0
2022-12-21,2.524,2.532,2.524,2.534,178350000,225450000,0
2022-12-22,2.564,2.562,2.562,2.568,112590000,144390000,0
2022-12-23,2.522,2.532,2.522,2.532,195070000,246510000,0
2022-12-26,2.540,2.540,2.538,2.544,70500000,89540000,0
2022-12-27,2.552,2.548,2.544,2.554,80160000,102180000,0
2022-12-28,2.520,2.520,2.516,2.524,193550000,243880000,0
2022-12-29,2.490,2.488,2.484,2.496,205830000,256180000,0
2022-12-30,2.522,2.510,2.510,2.526,161440000,203270000,0
2023-01-03,2.500,2.500,2.492,2.504,318300000,397490000,0
2023-01-04,2.494,2.490,2.486,2.498,255370000,318030000,0
2023-01-05,2.500,2.492,2.490,2.502,355020000,443050000,0
2023-01-06,2.474,2.476,2.470,2.482,283520000,350940000,0
2023-01-09,2.508,2.508,2.502,2.510,197560000,247440000,0
2023-01-10,2.496,2.496,2.484,2.498,287130000,357550000,0
2023-01-11,2.510,2.512,2.508,2.516,225410000,283030000,0
2023-01-12,2.528,2.528,2.524,2.532,204900000,259040000,0
2023-01-13,2.526,2.522,2.518,2.526,110850000,139740000,0
2023-01-16,2.526,2.524,2.520,2.528,185920000,234610000,0
2023-01-17,2.528,2.534,2.526,2.536,119360000,151150000,0
2023-01-18,2.532,2.546,2.530,2.550,136650000,173670000,0
2023-01-19,2.500,2.496,2.496,2.504,206030000,257540000,0
2023-01-20,2.486,2.500,2.484,2.502,169190000,210960000,0
2023-01-30,2.568,2.568,2.566,2.574,296450000,380900000,0
2023-01-31,2.552,2.546,2.544,2.556,127950000,163120000,0
2023-02-01,2.574,2.580,2.572,2.580,155800000,200670000,0
2023-02-02,2.602,2.606,2.600,2.608,132810000,172870000,0
2023-02-03,2.630,2.628,2.626,2.632,138250000,181780000,0
2023-02-06,2.630,2.618,2.618,2.636,124420000,163400000,0
2023-02-07,2.624,2.622,2.620,2.626,70800000,92870000,0
2023-02-08,2.642,2.650,2.642,2.652,150140000,198740000,0
2023-02-09,2.630,2.640,2.630,2.642,258990000,341500000,0
2023-02-10,2.604,2.604,2.604,2.610,109050000,142110000,0
2023-02-13,2.608,2.618,2.608,2.618,79720000,104260000,0
2023-02-14,2.644,2.652,2.644,2.652,116740000,154580000,0
2023-02-15,2.650,2.646,2.644,2.652,73660000,97500000,0
2023-02-16,2.672,2.676,2.670,2.678,94030000,125700000,0
2023-02-17,2.646,2.632,2.630,2.648,73100000,96340000,0
2023-02-20,2.634,2.634,2.630,2.638,91440000,120420000,0
2023-02-21,2.624,2.626,2.622,2.628,65930000,86530000,0
2023-02-22,2.586,2.596,2.586,2.600,94820000,123050000,0
2023-02-23,2.602,2.600,2.596,2.602,67750000,88020000,0
2023-02-24,2.606,2.614,2.604,2.616,67350000,87900000,0
2023-02-27,2.604,2.602,2.600,2.608,73690000,95940000,0
2023-02-28,2.614,2.602,2.598,2.614,61300000,79770000,0
2023-03-01,2.586,2.582,2.580,2.588,182220000,235350000,0
2023-03-02,2.564,2.556,2.548,2.564,168540000,215280000,0
2023-03-03,2.576,2.584,2.574,2.584,109350000,141080000,0
2023-03-06,2.624,2.632,2.622,2.636,131800000,173280000,0
2023-03-07,2.642,2.640,2.640,2.648,110530000,146090000,0
2023-03-08,2.612,2.608,2.606,2.616,88100000,115010000,0
2023-03-09,2.610,2.614,2.606,2.616,74470000,97230000,0
2023-03-10,2.558,2.550,2.546,2.560,175490000,224110000,0
2023-03-13,2.540,2.554,2.536,2.556,248960000,316620000,0
2023-03-14,2.502,2.502,2.492,2.522,223140000,279320000,0
2023-03-15,2.540,2.544,2.536,2.544,153530000,195000000,0
2023-03-16,2.530,2.528,2.528,2.542,117470000,148920000,0
2023-03-17,2.566,2.562,2.556,2.566,116340000,149010000,0
2023-03-20,2.550,2.518,2.512,2.552,178060000,226100000,0
2023-03-21,2.556,2.562,2.556,2.564,102580000,131320000,0
2023-03-22,2.586,2.590,2.586,2.594,116690000,151170000,0
2023-03-23,2.548,2.548,2.544,2.554,187110000,238410000,0
2023-03-24,2.546,2.552,2.538,2.554,125120000,159370000,0
2023-03-27,2.574,2.584,2.574,2.586,128220000,165360000,0
2023-03-28,2.574,2.582,2.572,2.584,82140000,105840000,0
2023-03-29,2.580,2.592,2.576,2.594,78750000,101780000,0
2023-03-30,2.612,2.610,2.608,2.616,95970000,125300000,0
2023-03-31,2.622,2.616,2.614,2.622,101420000,132740000,0
2023-04-03,2.650,2.652,2.648,2.654,91530000,121350000,0
2023-04-04,2.662,2.668,2.662,2.668,82770000,110300000,0
2023-04-06,2.644,2.642,2.638,2.644,83880000,110760000,0
2023-04-07,2.652,2.652,2.648,2.654,94850000,125720000,0
2023-04-10,2.652,2.650,2.648,2.658,43880000,58230000,0
2023-04-11,2.662,2.664,2.660,2.664,53850000,71680000,0
2023-04-12,2.664,2.660,2.658,2.664,90740000,120730000,0
2023-04-13,2.646,2.650,2.642,2.652,86860000,114910000,0
2023-04-14,2.676,2.664,2.662,2.678,75990000,101370000,0
2023-04-17,2.678,2.678,2.674,2.682,53120000,71140000,0
2023-04-18,2.680,2.682,2.680,2.686,63220000,84780000,0
2023-04-19,2.684,2.682,2.680,2.684,54070000,72520000,0
2023-04-20,2.682,2.680,2.678,2.688,86590000,116220000,0
2023-04-21,2.672,2.672,2.668,2.674,59410000,79370000,0
2023-04-24,2.672,2.668,2.666,2.678,82990000,110910000,0
2023-04-25,2.678,2.678,2.676,2.680,58310000,78070000,0
2023-04-26,2.666,2.660,2.660,2.670,116190000,154650000,0
2023-04-27,2.648,2.646,2.646,2.650,79110000,104740000,0
2023-04-28,2.686,2.686,2.682,2.690,123680000,166130000,0
2023-05-04,2.654,2.662,2.650,2.662,119670000,158910000,0
2023-05-05,2.652,2.652,2.646,2.654,66770000,88470000,0
2023-05-08,2.684,2.688,2.684,2.690,84740000,113810000,0
2023-05-09,2.688,2.690,2.688,2.692,72150000,97070000,0
2023-05-10,2.686,2.690,2.682,2.690,69580000,93470000,0
2023-05-11,2.702,2.704,2.702,2.708,109320000,147860000,0
2023-05-12,2.708,2.706,2.704,2.710,65500000,88610000,0
2023-05-15,2.698,2.706,2.696,2.708,75370000,101810000,0
2023-05-16,2.704,2.704,2.702,2.708,58140000,78630000,0
2023-05-17,2.706,2.710,2.706,2.714,75130000,101790000,0
2023-05-18,2.738,2.746,2.736,2.746,91900000,125990000,0
2023-05-19,2.786,2.788,2.786,2.798,349970000,488620000,0
2023-05-22,2.770,2.776,2.770,2.780,126000000,174880000,0
2023-05-23,2.790,2.788,2.786,2.798,110820000,154620000,0
2023-05-24,2.762,2.762,2.754,2.768,145120000,200280000,0
2023-05-25,2.754,2.760,2.750,2.760,172310000,237400000,0
2023-05-26,2.760,2.758,2.754,2.762,88880000,122570000,0
2023-05-29,2.806,2.814,2.804,2.814,122500000,171990000,0
2023-05-30,2.808,2.826,2.806,2.828,104750000,147540000,0
2023-05-31,2.812,2.804,2.800,2.820,127080000,178660000,0
2023-06-01,2.800,2.808,2.794,2.810,86950000,121790000,0
2023-06-02,2.828,2.824,2.816,2.830,117240000,165470000,0
2023-06-05,2.864,2.876,2.862,2.878,143600000,205930000,0
2023-06-06,2.868,2.866,2.864,2.872,95790000,137360000,0
2023-06-07,2.872,2.880,2.870,2.884,108660000,156320000,0
2023-06-08,2.872,2.866,2.864,2.878,128020000,183740000,0
2023-06-09,2.880,2.882,2.876,2.890,176640000,254630000,0
2023-06-12,2.896,2.906,2.896,2.906,97740000,141870000,0
2023-06-13,2.930,2.942,2.928,2.944,198400000,291480000,0
2023-06-14,2.956,2.952,2.948,2.956,124210000,183330000,0
2023-06-15,2.956,2.944,2.938,2.958,217280000,320320000,0
2023-06-16,2.964,2.968,2.962,2.974,165630000,245780000,0
2023-06-19,2.966,2.968,2.964,2.968,76110000,112870000,0
2023-06-20,2.968,2.974,2.968,2.980,78750000,117150000,0
2023-06-21,2.974,2.974,2.972,2.980,120540000,179390000,0
2023-06-26,2.956,2.964,2.956,2.966,113960000,168750000,0
2023-06-27,2.956,2.948,2.944,2.956,112620000,166020000,0
2023-06-28,2.970,2.978,2.970,2.980,110020000,163700000,0
2023-06-29,2.988,2.992,2.988,2.996,108950000,163060000,0
2023-06-30,3.012,3.006,3.004,3.014,132870000,199930000,0
2023-07-03,3.042,3.044,3.036,3.046,162760000,247450000,0
2023-07-04,3.040,3.032,3.032,3.042,103950000,157950000,0
2023-07-05,3.034,3.030,3.028,3.034,78240000,118620000,0
2023-07-06,3.034,3.024,3.022,3.036,101280000,153300000,0
2023-07-07,3.006,3.004,3.002,3.014,168990000,254040000,0
2023-07-10,2.988,2.984,2.984,2.992,82610000,123390000,0
2023-07-11,3.000,2.998,2.990,3.004,83950000,125830000,0
2023-07-12,3.010,3.012,3.004,3.012,77720000,116910000,0
2023-07-13,3.026,3.032,3.024,3.034,119860000,181580000,0
2023-07-14,3.038,3.026,3.024,3.038,113660000,172290000,0
2023-07-17,3.030,3.042,3.028,3.042,101560000,154180000,0
2023-07-18,3.050,3.056,3.048,3.058,86840000,132570000,0
2023-07-19,3.086,3.104,3.086,3.106,169540000,262670000,0
2023-07-20,3.098,3.082,3.080,3.098,160500000,247850000,0
2023-07-21,3.062,3.072,3.060,3.074,128420000,196980000,0
2023-07-24,3.070,3.082,3.068,3.084,133010000,204720000,0
2023-07-25,3.080,3.076,3.070,3.080,153260000,235640000,0
2023-07-26,3.082,3.082,3.078,3.084,80550000,124060000,0
2023-07-27,3.084,3.090,3.074,3.092,152190000,234560000,0
2023-07-28,3.070,3.068,3.062,3.074,183180000,280990000,0
2023-07-31,3.084,3.078,3.074,3.086,146610000,225670000,0
2023-08-01,3.092,3.098,3.090,3.100,115780000,179340000,0
2023-08-02,3.084,3.074,3.072,3.086,172520000,265530000,0
2023-08-03,3.050,3.046,3.046,3.058,169560000,258870000,0
2023-08-04,3.040,3.052,3.038,3.058,134370000,204830000,0
2023-08-07,3.034,3.036,3.034,3.042,132730000,201560000,0
2023-08-08,3.056,3.058,3.052,3.060,80700000,123330000,0
2023-08-09,3.056,3.058,3.050,3.058,77980000,119050000,0
2023-08-10,3.040,3.042,3.034,3.042,67940000,103230000,0
2023-08-11,3.042,3.044,3.038,3.046,56630000,86130000,0
2023-08-14,3.046,3.050,3.040,3.050,107910000,164310000,0
2023-08-15,3.076,3.082,3.076,3.086,136260000,210010000,0
2023-08-16,3.056,3.048,3.044,3.056,104270000,158920000,0
2023-08-17,3.026,3.030,3.024,3.034,133520000,202200000,0
2023-08-18,2.990,2.994,2.988,2.998,172040000,257390000,0
2023-08-21,2.994,3.006,2.992,3.006,229130000,343840000,0
2023-08-22,3.006,3.018,3.002,3.020,210100000,316380000,0
2023-08-23,3.014,3.020,3.012,3.020,99940000,150750000,0
2023-08-24,3.056,3.064,3.054,3.072,389110000,596420000,0
2023-08-25,3.006,3.002,2.998,3.008,115220000,173090000,0
2023-08-28,3.016,3.030,3.014,3.032,82750000,125200000,0
2023-08-29,3.046,3.048,3.042,3.052,103000000,156900000,0
2023-08-30,3.088,3.090,3.088,3.094,108320000,167450000,0
2023-08-31,3.098,3.106,3.098,3.112,147290000,228790000,0
2023-09-01,3.084,3.088,3.082,3.094,77200000,119260000,0
2023-09-04,3.092,3.094,3.090,3.098,80250000,124160000,0
2023-09-05,3.092,3.096,3.092,3.100,61570000,95310000,0
2023-09-06,3.096,3.096,3.092,3.100,68120000,105490000,0
2023-09-07,3.076,3.070,3.070,3.078,71420000,109790000,0
2023-09-08,3.076,3.088,3.074,3.090,81610000,125780000,0
2023-09-11,3.086,3.072,3.062,3.088,124870000,191840000,0
2023-09-12,3.078,3.082,3.076,3.084,59680000,91890000,0
2023-09-13,3.064,3.060,3.056,3.066,112690000,172360000,0
2023-09-14,3.066,3.074,3.064,3.076,89150000,136900000,0
2023-09-15,3.098,3.096,3.084,3.100,114610000,177250000,0
2023-09-18,3.056,3.062,3.056,3.066,75470000,115540000,0
2023-09-19,3.062,3.060,3.058,3.066,64150000,98200000,0
2023-09-20,3.056,3.056,3.052,3.060,68710000,104990000,0
2023-09-21,3.024,3.024,3.014,3.024,129260000,195070000,0
2023-09-22,2.978,2.986,2.976,2.986,138700000,206750000,0
2023-09-25,2.976,2.980,2.970,2.982,115870000,172560000,0
2023-09-26,2.978,2.966,2.966,2.980,105070000,156160000,0
2023-09-27,2.946,2.950,2.940,2.952,218280000,321440000,0
2023-09-28,2.954,2.942,2.940,2.954,131650000,193890000,0
2023-10-09,2.944,2.940,2.932,2.946,140410000,206160000,0
2023-10-10,2.978,2.980,2.974,2.980,86780000,129140000,0
2023-10-11,2.992,2.998,2.990,3.000,72280000,108210000,0
2023-10-12,3.014,3.020,3.014,3.020,80810000,121910000,0
2023-10-13,3.000,2.994,2.992,3.000,85710000,128370000,0
2023-10-16,2.984,2.992,2.984,2.992,97910000,146300000,0
2023-10-17,3.012,3.014,3.008,3.014,75190000,113200000,0
2023-10-18,3.008,3.010,3.004,3.016,112960000,170000000,0
2023-10-19,2.986,2.970,2.964,2.988,116210000,172580000,0
2023-10-20,2.942,2.934,2.930,2.944,213750000,313750000,0
2023-10-23,2.910,2.914,2.906,2.914,179550000,261300000,0
2023-10-24,2.906,2.910,2.896,2.912,146260000,212430000,0
2023-10-25,2.916,2.912,2.910,2.920,60530000,88250000,0
2023-10-26,2.866,2.866,2.860,2.870,144740000,207360000,0
2023-10-27,2.860,2.866,2.858,2.866,103200000,147790000,0
2023-10-30,2.852,2.854,2.844,2.854,99500000,141700000,0
2023-10-31,2.864,2.862,2.856,2.866,96720000,138340000,0
2023-11-01,2.880,2.892,2.878,2.894,108110000,155900000,0
2023-11-02,2.924,2.926,2.922,2.932,104610000,153150000,0
2023-11-03,2.970,2.972,2.968,2.974,81030000,120360000,0
2023-11-06,2.988,2.988,2.986,2.992,78360000,117060000,0
2023-11-07,2.984,2.984,2.980,2.988,83850000,125070000,0
2023-11-08,2.994,2.994,2.990,2.998,63520000,95080000,0
2023-11-09,2.996,3.010,2.994,3.010,74100000,111260000,0
2023-11-10,2.990,2.986,2.980,2.990,56700000,84600000,0
2023-11-13,3.024,3.026,3.020,3.028,95920000,144970000,0
2023-11-14,3.024,3.036,3.022,3.036,97660000,148110000,0
2023-11-15,3.086,3.078,3.074,3.088,92690000,142650000,0
2023-11-16,3.076,3.082,3.070,3.084,106390000,163650000,0
2023-11-17,3.084,3.080,3.076,3.088,242190000,373300000,0
2023-11-20,3.064,3.048,3.046,3.068,183040000,279590000,0
2023-11-21,3.060,3.060,3.058,3.066,52410000,80240000,0
2023-11-22,3.056,3.056,3.050,3.056,134810000,205790000,0
2023-11-23,3.068,3.066,3.062,3.074,89210000,136820000,0
2023-11-24,3.068,3.070,3.066,3.072,43960000,67480000,0
2023-11-27,3.068,3.068,3.060,3.068,64500000,98800000,0
2023-11-28,3.066,3.070,3.066,3.070,47150000,72330000,0
2023-11-29,3.064,3.064,3.060,3.066,52550000,80490000,0
2023-11-30,3.064,3.062,3.058,3.070,69970000,107210000,0
2023-12-01,3.070,3.078,3.070,3.080,80260000,123450000,0
2023-12-04,3.088,3.094,3.086,3.096,94010000,145270000,0
2023-12-05,3.078,3.068,3.068,3.078,47320000,72760000,0
2023-12-06,3.090,3.092,3.088,3.092,60990000,94250000,0
2023-12-07,3.072,3.066,3.066,3.078,67470000,103580000,0
2023-12-08,3.088,3.090,3.086,3.094,84670000,130840000,0
2023-12-11,3.114,3.118,3.112,3.124,86880000,135460000,0
2023-12-12,3.132,3.134,3.130,3.140,128650000,201630000,0
2023-12-13,3.150,3.152,3.148,3.158,103390000,163080000,0
2023-12-14,3.188,3.186,3.182,3.192,177380000,282560000,0
2023-12-15,3.174,3.172,3.168,3.178,135440000,214910000,0
2023-12-18,3.180,3.186,3.178,3.186,72860000,115950000,0
2023-12-19,3.196,3.202,3.194,3.202,67980000,108700000,0
2023-12-20,3.210,3.218,3.210,3.220,111970000,180050000,0
2023-12-21,3.174,3.176,3.166,3.178,296490000,470160000,0
2023-12-22,3.196,3.194,3.188,3.198,98520000,157220000,0
2023-12-25,3.200,3.200,3.196,3.204,38800000,62040000,0
2023-12-26,3.202,3.210,3.200,3.212,117140000,187860000,0
2023-12-27,3.216,3.216,3.210,3.218,108800000,174890000,0
2023-12-28,3.220,3.210,3.206,3.220,113180000,181860000,0
2023-12-29,3.204,3.206,3.196,3.210,138740000,222280000,0
2024-01-02,3.200,3.214,3.200,3.214,63550000,101960000,0
2024-01-03,3.194,3.190,3.190,3.200,108470000,173260000,0
2024-01-04,3.176,3.178,3.172,3.180,68380000,108630000,0
2024-01-05,3.172,3.164,3.164,3.176,86620000,137330000,0
2024-01-08,3.172,3.168,3.166,3.174,93160000,147620000,0
2024-01-09,3.210,3.222,3.210,3.222,197000000,317030000,0
2024-01-10,3.222,3.220,3.218,3.226,127750000,205830000,0
2024-01-11,3.240,3.246,3.238,3.246,136860000,221890000,0
2024-01-12,3.230,3.232,3.224,3.232,92340000,149070000,0
2024-01-15,3.238,3.248,3.236,3.250,124020000,201070000,0
2024-01-16,3.238,3.232,3.232,3.240,85400000,138180000,0
2024-01-17,3.238,3.218,3.216,3.240,217380000,350980000,0
2024-01-18,3.218,3.220,3.210,3.222,131900000,212190000,0
2024-01-19,3.246,3.252,3.244,3.256,210880000,342870000,0
2024-01-22,3.302,3.304,3.296,3.310,326070000,538240000,0
2024-01-23,3.302,3.312,3.290,3.330,312410000,516500000,0
2024-01-24,3.320,3.348,3.316,3.376,248680000,416180000,0
2024-01-25,3.344,3.332,3.310,3.344,158690000,263800000,0
2024-01-26,3.330,3.308,3.306,3.342,217740000,361310000,0
2024-01-29,3.308,3.322,3.308,3.324,96810000,160490000,0
2024-01-30,3.348,3.362,3.346,3.362,139390000,233780000,0
2024-01-31,3.340,3.348,3.332,3.352,160290000,267860000,0
2024-02-01,3.310,3.320,3.298,3.324,166070000,274480000,0
2024-02-02,3.354,3.376,3.354,3.378,127090000,213790000,0
2024-02-05,3.404,3.390,3.366,3.406,175680000,297280000,0
2024-02-06,3.384,3.390,3.372,3.398,130170000,220150000,0
2024-02-07,3.388,3.402,3.382,3.410,124920000,212010000,0
2024-02-08,3.430,3.490,3.430,3.500,172530000,298900000,0
2024-02-19,3.478,3.474,3.438,3.482,97010000,168320000,0
2024-02-20,3.476,3.462,3.454,3.478,73380000,127020000,0
2024-02-21,3.440,3.434,3.424,3.446,189060000,324560000,0
2024-02-22,3.458,3.482,3.456,3.484,93640000,162570000,0
2024-02-23,3.524,3.532,3.524,3.550,118790000,210110000,0
2024-02-26,3.528,3.510,3.504,3.528,100380000,176390000,0
2024-02-27,3.502,3.522,3.494,3.528,147560000,259530000,0
2024-02-28,3.524,3.566,3.518,3.572,167910000,297610000,0
2024-02-29,3.554,3.544,3.530,3.556,224760000,397960000,0
2024-03-01,3.564,3.562,3.560,3.578,158600000,282870000,0
2024-03-04,3.578,3.588,3.578,3.592,125680000,225420000,0
2024-03-05,3.568,3.578,3.562,3.584,120070000,214810000,0
2024-03-06,3.552,3.562,3.544,3.568,170050000,302390000,0
2024-03-07,3.568,3.552,3.544,3.576,154510000,275170000,0
2024-03-08,3.582,3.600,3.582,3.602,153370000,275510000,0
2024-03-11,3.580,3.588,3.560,3.588,148870000,266140000,0
2024-03-12,3.588,3.576,3.570,3.598,139970000,250540000,0
2024-03-13,3.600,3.566,3.560,3.600,141670000,253650000,0
2024-03-14,3.568,3.568,3.556,3.568,75180000,133880000,0
2024-03-15,3.556,3.550,3.548,3.564,107240000,190750000,0
2024-03-18,3.546,3.562,3.528,3.564,153580000,272050000,0
2024-03-19,3.550,3.548,3.544,3.560,117760000,209150000,0
2024-03-20,3.566,3.580,3.558,3.584,126110000,225250000,0
2024-03-21,3.602,3.652,3.600,3.680,242360000,440850000,0
2024-03-22,3.654,3.674,3.638,3.704,235990000,434300000,0
2024-03-25,3.676,3.650,3.632,3.692,222660000,407910000,0
2024-03-26,3.652,3.664,3.642,3.666,104560000,191050000,0
2024-03-27,3.654,3.688,3.650,3.696,128360000,235430000,0
2024-03-28,3.702,3.736,3.696,3.754,302840000,564050000,0
2024-03-29,3.736,3.712,3.704,3.798,363340000,683050000,0
2024-04-01,3.726,3.698,3.690,3.772,199700000,371700000,0
2024-04-02,3.688,3.684,3.662,3.696,272570000,501470000,0
2024-04-03,3.660,3.604,3.594,3.662,338060000,612740000,0
2024-04-08,3.614,3.614,3.582,3.622,221080000,398360000,0
2024-04-09,3.612,3.626,3.590,3.638,260380000,470570000,0
2024-04-10,3.630,3.620,3.600,3.636,104240000,188860000,0
2024-04-11,3.580,3.576,3.566,3.586,167220000,299130000,0
2024-04-12,3.602,3.604,3.598,3.614,127900000,230450000,0
2024-04-15,3.552,3.566,3.542,3.570,119870000,213410000,0
2024-04-16,3.520,3.482,3.480,3.520,216020000,377590000,0
2024-04-17,3.484,3.468,3.466,3.494,125480000,218430000,0
2024-04-18,3.450,3.460,3.446,3.464,144330000,249250000,0
2024-04-19,3.420,3.418,3.386,3.420,202930000,345130000,0
2024-04-22,3.404,3.432,3.402,3.432,169460000,289500000,0
2024-04-23,3.444,3.456,3.438,3.462,177980000,306960000,0
2024-04-24,3.500,3.532,3.500,3.536,186980000,329560000,0
2024-04-25,3.498,3.478,3.474,3.506,127900000,222960000,0
2024-04-26,3.508,3.492,3.490,3.516,129060000,226000000,0
2024-04-29,3.516,3.508,3.500,3.520,100710000,176660000,0
2024-04-30,3.510,3.516,3.506,3.520,82370000,144690000,0
2024-05-06,3.516,3.518,3.506,3.520,92100000,161670000,0
2024-05-07,3.544,3.554,3.542,3.562,114700000,203710000,0
2024-05-08,3.558,3.568,3.550,3.570,109170000,194400000,0
2024-05-09,3.572,3.558,3.558,3.578,146630000,261540000,0
2024-05-10,3.578,3.598,3.576,3.600,87880000,157800000,0
2024-05-13,3.602,3.614,3.598,3.620,78810000,142360000,0
2024-05-14,3.602,3.614,3.594,3.618,99190000,178680000,0
2024-05-15,3.634,3.652,3.632,3.654,109210000,199130000,0
2024-05-16,3.698,3.700,3.690,3.716,123340000,228480000,0
2024-05-17,3.688,3.688,3.680,3.692,94210000,173660000,0
2024-05-20,3.688,3.668,3.658,3.700,186400000,342510000,0
2024-05-21,3.672,3.670,3.664,3.680,111320000,204340000,0
2024-05-22,3.680,3.688,3.674,3.690,89800000,165360000,0
2024-05-23,3.686,3.698,3.682,3.706,133160000,246090000,0
2024-05-24,3.658,3.636,3.636,3.658,158800000,289720000,0
2024-05-27,3.658,3.668,3.656,3.672,65440000,119940000,0
2024-05-28,3.672,3.676,3.668,3.682,57200000,105030000,0
2024-05-29,3.670,3.658,3.654,3.670,50900000,93170000,0
2024-05-30,3.614,3.612,3.610,3.634,93040000,168490000,0
2024-05-31,3.586,3.614,3.586,3.616,82300000,148210000,0
2024-06-03,3.652,3.670,3.650,3.672,87580000,160340000,0
2024-06-04,3.670,3.676,3.654,3.676,77500000,142120000,0
2024-06-05,3.682,3.694,3.680,3.696,59040000,108920000,0
2024-06-06,3.748,3.746,3.742,3.760,98480000,184510000,0
2024-06-07,3.740,3.764,3.740,3.766,67820000,127230000,0
2024-06-11,3.768,3.778,3.768,3.794,98940000,187060000,0
2024-06-12,3.792,3.784,3.780,3.796,114160000,216210000,0
2024-06-13,3.816,3.818,3.812,3.826,81870000,156260000,0
2024-06-14,3.814,3.806,3.800,3.818,104820000,199480000,0
2024-06-17,3.806,3.786,3.766,3.814,163230000,308480000,0
2024-06-18,3.812,3.804,3.798,3.818,114930000,218730000,0
2024-06-19,3.808,3.808,3.804,3.814,63430000,120800000,0
2024-06-20,3.810,3.842,3.810,3.844,75990000,145250000,0
2024-06-21,3.814,3.828,3.800,3.832,113330000,216570000,0
2024-06-24,3.824,3.820,3.808,3.826,62140000,118580000,0
2024-06-25,3.802,3.814,3.796,3.820,99200000,189010000,0
2024-06-26,3.840,3.866,3.828,3.870,94190000,181030000,0
2024-06-27,3.866,3.896,3.854,3.900,146890000,285260000,0
2024-06-28,3.910,3.942,3.910,3.970,208750000,411420000,0
2024-07-01,3.930,3.934,3.916,3.956,124550000,245420000,0
2024-07-02,3.950,3.942,3.938,3.974,140510000,277970000,0
2024-07-03,3.980,3.998,3.978,4.000,112120000,223770000,0
2024-07-04,4.036,3.954,3.936,4.070,255650000,512770000,0
2024-07-05,3.948,3.986,3.946,3.992,133910000,265390000,0
2024-07-08,4.008,3.998,3.978,4.016,112730000,225060000,0
2024-07-09,4.002,3.992,3.986,4.004,120710000,240930000,0
2024-07-10,3.990,3.970,3.940,3.992,131500000,260870000,0
2024-07-11,3.998,4.008,3.992,4.008,98860000,197750000,0
2024-07-12,3.968,3.948,3.890,3.968,170780000,335670000,0
2024-07-15,3.966,4.048,3.966,4.050,197890000,397680000,0
2024-07-16,4.058,4.056,4.030,4.090,125320000,254180000,0
2024-07-17,4.078,4.106,4.076,4.134,179920000,369340000,0
2024-07-18,4.004,4.054,3.968,4.064,174810000,351130000,0
2024-07-19,4.020,3.958,3.954,4.028,158340000,315390000,0
2024-07-22,3.910,3.912,3.900,3.930,137710000,269300000,0
2024-07-23,3.958,3.966,3.956,3.984,108170000,214520000,0
2024-07-24,3.950,3.936,3.932,3.960,77650000,153080000,0
2024-07-25,3.824,3.822,3.800,3.836,131100000,250570000,0
2024-07-26,3.802,3.854,3.802,3.858,92900000,177840000,0
2024-07-29,3.896,3.944,3.896,3.946,106820000,209240000,0
2024-07-30,3.926,3.924,3.894,3.940,94420000,184840000,0
2024-07-31,3.918,3.896,3.880,3.924,226800000,442120000,0
2024-08-01,3.958,3.944,3.934,3.960,134350000,265160000,0
2024-08-02,3.856,3.824,3.816,3.886,148630000,285780000,0
2024-08-05,3.680,3.570,3.546,3.680,333680000,603680000,0
2024-08-06,3.626,3.608,3.598,3.652,272360000,493590000,0
2024-08-07,3.614,3.622,3.606,3.652,179090000,325370000,0
2024-08-08,3.586,3.598,3.564,3.604,106880000,191470000,0
2024-08-09,3.672,3.670,3.660,3.694,128510000,236120000,0
2024-08-12,3.684,3.720,3.682,3.722,135180000,250630000,0
2024-08-13,3.724,3.774,3.722,3.782,117200000,219810000,0
2024-08-14,3.828,3.844,3.820,3.850,127130000,243990000,0
2024-08-15,3.872,3.896,3.860,3.914,119850000,233040000,0
2024-08-16,3.988,3.950,3.924,3.992,195750000,386700000,0
2024-08-19,3.956,3.884,3.882,3.956,139770000,273730000,0
2024-08-20,3.936,3.932,3.924,3.948,84260000,165660000,0
2024-08-21,3.914,3.934,3.896,3.938,68980000,135280000,0
2024-08-22,3.956,3.942,3.926,3.986,148460000,293440000,0
2024-08-23,3.900,3.928,3.896,3.930,89440000,174890000,0
2024-08-26,3.976,3.956,3.940,3.986,85180000,168540000,0
2024-08-27,3.942,3.956,3.924,3.960,66120000,130480000,0
2024-08-28,3.964,3.994,3.950,4.016,222780000,443930000,0
2024-08-29,3.942,3.948,3.922,3.962,138120000,272220000,0
2024-08-30,3.954,3.956,3.944,3.966,76510000,151210000,0
2024-09-02,3.980,3.998,3.980,4.008,108750000,217330000,0
2024-09-03,4.002,3.996,3.984,4.022,105940000,212180000,0
2024-09-04,3.850,3.838,3.834,3.886,179900000,347090000,0
2024-09-05,3.866,3.858,3.846,3.880,82540000,159290000,0
2024-09-06,3.840,3.838,3.824,3.850,88560000,170000000,0
2024-09-09,3.788,3.810,3.768,3.812,145970000,276660000,0
2024-09-10,3.840,3.790,3.788,3.854,167880000,320440000,0
2024-09-11,3.816,3.798,3.786,3.820,79030000,150090000,0
2024-09-12,3.854,3.862,3.846,3.874,131880000,254490000,0
2024-09-13,3.888,3.882,3.878,3.900,131100000,254940000,0
2024-09-18,3.900,3.878,3.870,3.908,91850000,178480000,0
2024-09-19,3.888,3.930,3.884,3.934,101270000,197650000,0
2024-09-20,3.972,3.940,3.934,3.978,125650000,248680000,0
2024-09-23,3.948,3.948,3.938,3.958,67190000,132630000,0
2024-09-24,3.954,3.920,3.900,3.956,120830000,236780000,0
2024-09-25,3.902,3.890,3.876,3.908,123930000,241030000,0
2024-09-26,3.898,3.896,3.876,3.910,165030000,321330000,0
2024-09-27,3.840,3.838,3.832,3.868,98510000,189630000,0
2024-09-30,3.786,3.816,3.762,3.834,429520000,816930000,0
2024-10-08,3.772,3.786,3.758,3.828,352810000,668950000,0
2024-10-09,3.828,3.850,3.820,3.858,296070000,568200000,0
2024-10-10,3.886,3.912,3.886,3.922,253020000,493890000,0
2024-10-11,3.910,3.934,3.902,3.940,173070000,339870000,0
2024-10-14,3.968,3.976,3.942,3.984,208670000,413860000,0
2024-10-15,4.010,4.094,4.010,4.096,314490000,638540000,0
2024-10-16,4.050,4.048,4.010,4.068,232890000,471280000,0
2024-10-17,4.060,4.090,4.060,4.096,203360000,414750000,0
2024-10-18,4.072,4.054,4.030,4.082,307780000,624930000,0
2024-10-21,4.054,4.036,4.030,4.072,204840000,414010000,0
2024-10-22,4.030,4.012,4.010,4.030,153100000,307480000,0
2024-10-23,4.012,3.998,3.996,4.022,116230000,232830000,0
2024-10-24,3.972,3.982,3.964,3.984,164680000,327050000,0
2024-10-25,3.984,3.982,3.980,3.996,101990000,203280000,0
2024-10-28,4.000,4.024,3.996,4.032,228150000,457700000,0
2024-10-29,4.010,4.010,4.000,4.018,134610000,269770000,0
2024-10-30,4.032,4.040,4.024,4.046,139530000,281490000,0
2024-10-31,4.016,3.992,3.990,4.016,104810000,209560000,0
2024-11-01,3.930,3.942,3.914,3.954,167620000,329690000,0
2024-11-04,3.932,3.926,3.922,3.944,153390000,301510000,0
2024-11-05,3.920,3.922,3.906,3.924,112490000,220170000,0
2024-11-06,3.992,4.058,3.976,4.060,333100000,668350000,0
2024-11-07,4.130,4.090,4.076,4.158,381510000,785650000,0
2024-11-08,4.094,4.126,4.094,4.126,230910000,474480000,0
2024-11-11,4.130,4.178,4.130,4.182,193510000,402810000,0
2024-11-12,4.184,4.226,4.184,4.252,280720000,592150000,0
2024-11-13,4.218,4.190,4.180,4.218,198780000,416710000,0
2024-11-14,4.194,4.244,4.194,4.262,326090000,690850000,0
2024-11-15,4.208,4.176,4.166,4.210,232880000,488040000,0
2024-11-18,4.134,4.204,4.134,4.214,278980000,582560000,0
2024-11-19,4.204,4.212,4.196,4.242,255880000,540070000,0
2024-11-20,4.244,4.224,4.216,4.246,173780000,367150000,0
2024-11-21,4.210,4.214,4.192,4.218,115630000,243070000,0
2024-11-22,4.242,4.256,4.230,4.268,224410000,476760000,0
2024-11-25,4.282,4.354,4.282,4.356,343480000,743480000,0
2024-11-26,4.362,4.362,4.286,4.374,399600000,865450000,0
2024-11-27,4.394,4.360,4.348,4.472,509990000,1127500000,0
2024-11-28,4.346,4.356,4.320,4.380,260100000,565730000,0
2024-11-29,4.364,4.364,4.340,4.376,214740000,468220000,0
2024-12-02,4.398,4.398,4.368,4.404,238810000,523980000,0
2024-12-03,4.420,4.434,4.414,4.444,192130000,425340000,0
2024-12-04,4.440,4.434,4.416,4.442,157100000,347910000,0
2024-12-05,4.460,4.466,4.450,4.470,156550000,348940000,0
2024-12-06,4.456,4.456,4.420,4.462,145900000,324660000,0
2024-12-09,4.466,4.454,4.450,4.466,136600000,304320000,0
2024-12-10,4.364,4.414,4.364,4.420,224620000,494110000,0
2024-12-11,4.400,4.454,4.398,4.458,211690000,469440000,0
2024-12-12,4.496,4.464,4.452,4.500,211550000,473530000,0
2024-12-13,4.452,4.488,4.446,4.492,150700000,336940000,0
2024-12-16,4.488,4.548,4.482,4.570,326770000,741900000,0
2024-12-17,5.002,4.508,4.094,5.002,465570000,1049730000,0
2024-12-18,4.496,4.458,4.440,4.496,246930000,550310000,0
2024-12-19,4.298,4.314,4.298,4.390,302460000,655840000,0
2024-12-20,4.310,4.288,4.240,4.348,284050000,609190000,0
2024-12-23,4.352,4.388,4.352,4.400,272590000,596920000,0
2024-12-24,4.426,4.372,4.362,4.434,199620000,439050000,0
2024-12-25,4.396,4.394,4.382,4.410,103530000,227340000,0
2024-12-26,4.398,4.400,4.370,4.400,93050000,204240000,0
2024-12-27,4.394,4.382,4.380,4.398,82460000,180880000,0
2024-12-30,4.340,4.330,4.322,4.344,116510000,252310000,0
2024-12-31,4.302,4.324,4.286,4.356,160340000,346080000,0
2025-01-02,4.326,4.366,4.320,4.370,157960000,343890000,0
2025-01-03,4.362,4.340,4.334,4.372,114120000,248380000,0
2025-01-06,4.376,4.422,4.376,4.426,184900000,406250000,0
2025-01-07,4.440,4.386,4.360,4.476,300040000,664860000,0
2025-01-08,4.344,4.380,4.340,4.394,141190000,308440000,0
2025-01-09,4.386,4.372,4.368,4.400,95550000,209260000,0
2025-01-10,4.362,4.346,4.344,4.396,135280000,295580000,0
2025-01-13,4.304,4.278,4.270,4.320,112880000,242220000,0
2025-01-14,4.304,4.324,4.292,4.328,114990000,247710000,0
2025-01-15,4.322,4.316,4.304,4.334,74920000,161690000,0
2025-01-16,4.396,4.386,4.374,4.400,118210000,259120000,0
2025-01-17,4.378,4.382,4.354,4.384,65620000,143490000,0
2025-01-20,4.404,4.402,4.394,4.414,96020000,211360000,0
2025-01-21,4.404,4.400,4.386,4.406,66200000,145590000,0
2025-01-22,4.424,4.436,4.418,4.440,92740000,205160000,0
2025-01-23,4.450,4.410,4.408,4.456,125910000,279260000,0
2025-01-24,4.428,4.428,4.424,4.440,99560000,220650000,0
2025-01-27,4.400,4.392,4.330,4.400,248410000,542360000,0
2025-02-05,4.382,4.384,4.356,4.390,89490000,196030000,0
2025-02-06,4.400,4.396,4.390,4.406,71270000,156720000,0
2025-02-07,4.396,4.384,4.374,4.402,93470000,204950000,0
2025-02-10,4.360,4.374,4.340,4.376,101310000,220610000,0
2025-02-11,4.374,4.366,4.360,4.384,66320000,144940000,0
2025-02-12,4.366,4.350,4.340,4.370,58400000,127050000,0
2025-02-13,4.358,4.344,4.330,4.358,75660000,164140000,0
2025-02-14,4.360,4.346,4.342,4.368,91200000,198620000,0
2025-02-17,4.344,4.340,4.320,4.344,75700000,163890000,0
2025-02-18,4.340,4.370,4.334,4.378,69310000,150850000,0
2025-02-19,4.370,4.352,4.350,4.370,59790000,130320000,0
2025-02-20,4.360,4.348,4.346,4.362,46470000,101090000,0
2025-02-21,4.336,4.308,4.300,4.336,121790000,262620000,0
2025-02-24,4.236,4.250,4.224,4.276,148130000,313780000,0
2025-02-25,4.220,4.188,4.184,4.232,142260000,298780000,0
2025-02-26,4.184,4.182,4.154,4.184,166650000,347200000,0
2025-02-27,4.178,4.168,4.158,4.178,136730000,284840000,0
2025-02-28,4.100,4.064,4.056,4.102,303830000,619550000,0
2025-03-03,4.104,4.140,4.104,4.142,227910000,470010000,0
2025-03-04,4.068,4.062,4.056,4.068,163770000,332660000,0
2025-03-05,4.030,4.048,4.022,4.054,215120000,434700000,0
2025-03-06,4.062,4.050,4.044,4.068,122920000,248990000,0
2025-03-07,4.000,4.002,3.996,4.012,143690000,287560000,0
2025-03-10,3.996,3.998,3.990,4.008,86860000,173700000,0
2025-03-11,3.874,3.898,3.862,3.898,229850000,446390000,0
2025-03-12,3.876,3.876,3.860,3.882,165050000,319450000,0
2025-03-13,3.888,3.864,3.854,3.894,130090000,251960000,0
2025-03-14,3.840,3.860,3.834,3.862,195440000,375690000,0
2025-03-17,3.880,3.858,3.856,3.886,164780000,318910000,0
2025-03-18,3.876,3.896,3.876,3.898,209330000,406510000,0
2025-03-19,3.870,3.866,3.856,3.870,81450000,157340000,0
2025-03-20,3.910,3.962,3.902,3.966,317830000,625050000,0
2025-03-21,3.958,3.946,3.924,3.958,225610000,444400000,0
2025-03-24,3.968,3.998,3.966,3.998,250730000,498840000,0
2025-03-25,4.050,4.034,4.020,4.052,245140000,494670000,0
2025-03-26,4.056,4.022,4.016,4.056,174620000,351530000,0
2025-03-27,3.960,3.966,3.960,3.972,162200000,321570000,0
2025-03-28,3.948,3.926,3.924,3.952,156470000,307930000,0
2025-03-31,3.820,3.814,3.812,3.840,200170000,382810000,0
2025-04-01,3.834,3.874,3.834,3.878,224880000,433960000,0
2025-04-02,3.880,3.874,3.872,3.884,196690000,381330000,0
2025-04-03,3.806,3.794,3.790,3.824,341610000,649810000,0
2025-04-07,3.414,3.414,3.414,3.450,565540000,967460000,0
2025-04-08,3.474,3.552,3.474,3.586,508260000,902060000,0
2025-04-09,3.414,3.444,3.390,3.458,742000000,1270310000,0
2025-04-10,3.762,3.772,3.662,3.776,670170000,1258240000,0
2025-04-11,3.614,3.682,3.604,3.698,620960000,1132300000,0
2025-04-14,3.728,3.744,3.714,3.750,296370000,552970000,0
2025-04-15,3.736,3.730,3.726,3.738,151510000,282640000,0
2025-04-16,3.708,3.684,3.670,3.708,215410000,397630000,0
2025-04-17,3.662,3.670,3.652,3.680,263280000,482970000,0
2025-04-18,3.652,3.658,3.646,3.664,92880000,169740000,0
2025-04-21,3.622,3.612,3.608,3.630,184170000,333080000,0
2025-04-22,3.584,3.606,3.574,3.608,220240000,394710000,0
2025-04-23,3.692,3.710,3.684,3.716,528280000,976670000,0
2025-04-24,3.710,3.692,3.692,3.718,313740000,580640000,0
2025-04-25,3.782,3.790,3.778,3.796,377620000,714620000,0
2025-04-28,3.784,3.802,3.778,3.804,232920000,440890000,0
2025-04-29,3.806,3.794,3.790,3.814,213980000,406460000,0
2025-04-30,3.806,3.800,3.794,3.806,169830000,322620000,0
2025-05-06,3.844,3.836,3.830,3.854,198890000,381840000,0
2025-05-07,3.840,3.844,3.838,3.850,131080000,251880000,0
2025-05-08,3.862,3.880,3.860,3.884,239840000,464530000,0
2025-05-09,3.880,3.884,3.874,3.888,153470000,297820000,0
2025-05-12,3.928,3.926,3.914,3.932,237220000,465200000,0
2025-05-13,3.974,3.954,3.954,3.974,274360000,543740000,0
2025-05-14,3.996,4.026,3.996,4.026,262800000,527520000,0
2025-05-15,4.014,3.998,3.996,4.014,174880000,350130000,0
2025-05-16,4.014,4.024,4.014,4.028,126200000,253890000,0
2025-05-19,4.018,4.012,4.012,4.030,208690000,419550000,0
2025-05-20,4.052,4.050,4.048,4.064,162700000,329920000,0
2025-05-21,4.038,4.020,4.018,4.042,149750000,301800000,0
2025-05-22,3.978,3.978,3.970,3.988,254520000,506320000,0
2025-05-23,3.974,3.972,3.966,3.986,156110000,310360000,0
2025-05-26,3.970,3.982,3.966,3.984,119360000,237210000,0
2025-05-27,3.980,3.994,3.974,3.994,101150000,201500000,0
2025-05-28,4.030,4.024,4.022,4.034,157450000,317070000,0
2025-05-29,4.064,4.064,4.062,4.072,258970000,526610000,0
2025-05-30,4.002,4.008,3.998,4.018,260570000,522440000,0
2025-06-03,4.026,4.020,4.018,4.032,137140000,275980000,0
2025-06-04,4.052,4.058,4.046,4.060,121060000,245330000,0
2025-06-05,4.050,4.050,4.046,4.054,152480000,308750000,0
2025-06-06,4.036,4.048,4.032,4.050,85030000,171820000,0
2025-06-09,4.064,4.070,4.062,4.072,96380000,195960000,0
2025-06-10,4.084,4.072,4.066,4.094,149390000,304990000,0
2025-06-11,4.088,4.092,4.084,4.092,104170000,212940000,0
2025-06-12,4.080,4.080,4.072,4.084,110090000,224480000,0
2025-06-13,4.040,4.046,4.022,4.050,222110000,448580000,0
2025-06-16,4.058,4.076,4.056,4.076,114480000,232760000,0
2025-06-17,4.078,4.076,4.072,4.086,120070000,244910000,0
2025-06-18,4.066,4.070,4.064,4.078,108910000,221670000,0
2025-06-19,4.056,4.050,4.044,4.060,158390000,320770000,0
2025-06-20,4.046,4.054,4.038,4.060,95640000,193700000,0
2025-06-23,4.030,4.050,4.028,4.054,90700000,183390000,0
2025-06-24,4.102,4.122,4.096,4.124,204590000,420010000,0
2025-06-25,4.124,4.130,4.118,4.132,171930000,354760000,0
2025-06-26,4.126,4.142,4.122,4.144,154260000,318740000,0
2025-06-27,4.160,4.182,4.160,4.186,272410000,568790000,0
2025-06-30,4.204,4.204,4.192,4.208,162240000,340760000,0
2025-07-01,4.204,4.192,4.190,4.208,127510000,267680000,0
2025-07-02,4.196,4.220,4.196,4.222,139160000,292830000,0
2025-07-03,4.228,4.228,4.218,4.230,125440000,264910000,0
2025-07-04,4.250,4.250,4.244,4.264,232560000,494660000,0
2025-07-07,4.242,4.242,4.236,4.254,157900000,335140000,0
2025-07-08,4.228,4.242,4.224,4.242,154280000,326430000,0
2025-07-09,4.236,4.226,4.224,4.236,127710000,269940000,0
2025-07-10,4.238,4.242,4.238,4.256,189300000,402100000,0
2025-07-11,4.248,4.248,4.244,4.252,139020000,295300000,0
2025-07-14,4.230,4.214,4.214,4.232,268770000,567340000,0
2025-07-15,4.236,4.262,4.234,4.262,178170000,378800000,0
2025-07-16,4.234,4.230,4.228,4.238,153930000,325770000,0
2025-07-17,4.246,4.262,4.246,4.270,225130000,478820000,0
2025-07-18,4.282,4.286,4.282,4.292,103120000,221120000,0
2025-07-21,4.284,4.280,4.274,4.284,149110000,318910000,0
2025-07-22,4.276,4.272,4.270,4.282,133690000,285820000,0
2025-07-23,4.274,4.288,4.274,4.288,125730000,269210000,0
2025-07-24,4.310,4.306,4.304,4.312,130820000,281800000,0
2025-07-25,4.314,4.328,4.312,4.334,135600000,293260000,0
2025-07-28,4.352,4.370,4.352,4.374,182500000,398530000,0
2025-07-29,4.366,4.368,4.346,4.370,160960000,350780000,0
2025-07-30,4.350,4.360,4.348,4.362,97420000,212250000,0
2025-07-31,4.392,4.404,4.376,4.406,144410000,317260000,0
2025-08-01,4.340,4.344,4.338,4.366,179140000,389960000,0
2025-08-04,4.296,4.296,4.274,4.316,294000000,631890000,0
2025-08-05,4.342,4.374,4.342,4.374,174320000,379750000,0
2025-08-06,4.334,4.348,4.332,4.350,189790000,411730000,0
2025-08-07,4.370,4.348,4.346,4.380,135470000,295470000,0
2025-08-08,4.352,4.348,4.338,4.362,98860000,215020000,0
2025-08-11,4.370,4.384,4.370,4.388,147090000,322210000,0
2025-08-12,4.376,4.374,4.366,4.382,101130000,221220000,0
2025-08-13,4.404,4.408,4.404,4.414,83020000,183020000,0
2025-08-14,4.414,4.406,4.402,4.418,91320000,201370000,0
2025-08-15,4.416,4.434,4.410,4.436,92300000,204050000,0
2025-08-18,4.418,4.406,4.402,4.422,145710000,321470000,0
2025-08-19,4.404,4.394,4.384,4.406,103500000,227390000,0
2025-08-20,4.364,4.370,4.356,4.388,220080000,480670000,0
2025-08-21,4.354,4.366,4.354,4.388,190730000,416740000,0
2025-08-22,4.358,4.340,4.338,4.360,185010000,402170000,0
2025-08-25,4.394,4.400,4.388,4.406,309120000,679460000,0
2025-08-26,4.380,4.382,4.376,4.386,83680000,183280000,0
2025-08-27,4.400,4.412,4.396,4.414,108140000,238000000,0
2025-08-28,4.402,4.388,4.384,4.406,153800000,337940000,0
2025-08-29,4.392,4.390,4.388,4.402,91280000,200540000,0
2025-09-01,4.386,4.370,4.360,4.386,119160000,260370000,0
2025-09-02,4.370,4.374,4.364,4.376,79970000,174780000,0
2025-09-03,4.354,4.354,4.346,4.360,106030000,230690000,0
2025-09-04,4.374,4.378,4.370,4.384,86930000,190250000,0
2025-09-05,4.420,4.408,4.406,4.438,129680000,285990000,0
2025-09-08,4.390,4.390,4.382,4.394,95180000,208840000,0
2025-09-09,4.394,4.396,4.388,4.400,135160000,296830000,0
2025-09-10,4.404,4.414,4.404,4.416,101650000,224240000,0
2025-09-11,4.420,4.420,4.412,4.422,106330000,234840000,0
2025-09-12,4.442,4.444,4.440,4.448,113350000,251910000,0
2025-09-15,4.446,4.458,4.444,4.460,99990000,222660000,0
2025-09-16,4.468,4.476,4.466,4.478,123420000,276030000,0
2025-09-17,4.470,4.460,4.454,4.470,92270000,205750000,0
2025-09-18,4.462,4.482,4.462,4.486,140500000,314530000,0
2025-09-19,4.498,4.504,4.488,4.508,184720000,415540000,0
2025-09-22,4.516,4.538,4.516,4.542,181890000,412370000,0
2025-09-23,4.566,4.576,4.564,4.582,136480000,311950000,0
2025-09-24,4.550,4.560,4.534,4.560,138520000,315000000,0
2025-09-25,4.554,4.540,4.534,4.556,104330000,237140000,0
2025-09-26,4.528,4.530,4.512,4.532,95680000,216390000,0
2025-09-29,4.550,4.562,4.550,4.564,111730000,254630000,0
2025-09-30,4.572,4.568,4.560,4.574,135140000,308670000,0
2025-10-09,4.608,4.644,4.608,4.660,218800000,506850000,0
2025-10-10,4.642,4.658,4.636,4.666,156750000,364530000,0
2025-10-13,4.568,4.588,4.550,4.636,548260000,1254100000,0
2025-10-14,4.612,4.526,4.508,4.640,340470000,779170000,0
2025-10-15,4.556,4.578,4.546,4.580,138190000,315210000,0
2025-10-16,4.578,4.570,4.550,4.578,272640000,621940000,0
2025-10-17,4.538,4.526,4.522,4.560,226690000,515010000,0
2025-10-20,4.586,4.642,4.570,4.646,251000000,579050000,0
2025-10-21,4.684,4.652,4.626,4.698,273760000,638270000,0
2025-10-22,4.650,4.696,4.640,4.702,177570000,414710000,0
2025-10-23,4.696,4.704,4.666,4.718,197400000,463590000,0
2025-10-24,4.734,4.720,4.704,4.742,205090000,483870000,0
2025-10-27,4.766,4.830,4.762,4.836,254610000,611190000,0
2025-10-28,4.866,4.842,4.824,4.914,214690000,521970000,0
2025-10-29,4.870,4.936,4.860,4.938,207560000,508270000,0
2025-10-30,4.938,4.946,4.898,5.008,350300000,868000000,0
2025-10-31,4.940,4.908,4.878,4.958,209030000,513390000,0
2025-11-03,4.908,4.958,4.908,4.980,228100000,565680000,0
2025-11-04,4.958,4.830,4.814,4.958,234050000,571020000,0
2025-11-05,4.752,4.776,4.672,4.778,266450000,630790000,0
2025-11-06,4.800,4.778,4.770,4.824,245540000,589220000,0
2025-11-07,4.730,4.768,4.720,4.798,194990000,464110000,0
2025-11-10,4.810,4.848,4.806,4.872,203280000,491740000,0
2025-11-11,4.902,4.860,4.826,4.914,189540000,461650000,0
2025-11-12,4.868,4.926,4.868,4.928,204070000,499870000,0
2025-11-13,4.936,4.976,4.932,4.980,179180000,444670000,0
2025-11-14,4.894,4.896,4.882,4.932,201330000,493740000,0
2025-11-17,4.920,4.908,4.898,4.976,210260000,518390000,0
2025-11-18,4.880,4.798,4.780,4.880,195380000,471410000,0
2025-11-19,4.776,4.718,4.634,4.810,408080000,963670000,0
2025-11-20,4.798,4.826,4.792,4.834,193340000,464940000,0
2025-11-21,4.732,4.710,4.668,4.740,284320000,667180000,0
2025-11-24,4.764,4.780,4.718,4.792,257590000,611840000,0
2025-11-25,4.870,4.808,4.790,4.870,215080000,520330000,0
2025-11-26,4.848,4.894,4.840,4.898,224100000,545230000,0
2025-11-27,4.920,4.866,4.860,4.940,133030000,326660000,0
2025-11-28,4.882,4.926,4.876,4.934,175960000,431110000,0
2025-12-01,4.924,4.920,4.886,4.950,234090000,576540000,0
2025-12-02,4.918,4.920,4.908,4.936,122590000,301510000,0
2025-12-03,4.936,4.938,4.932,4.960,187740000,463890000,0
2025-12-04,4.948,4.922,4.912,4.952,176770000,435410000,0
2025-12-05,4.928,4.902,4.890,4.932,260520000,638900000,0
2025-12-08,4.902,4.888,4.878,4.904,143230000,350060000,0
2025-12-09,4.880,4.840,4.832,4.880,117250000,283730000,0
2025-12-10,4.840,4.886,4.840,4.894,161350000,393020000,0
2025-12-11,4.898,4.864,4.858,4.920,153820000,375690000,0
2025-12-12,4.900,4.906,4.882,4.922,147130000,360820000,0
2025-12-15,4.874,4.894,4.858,4.896,135380000,330200000,0
2025-12-16,4.858,4.840,4.822,4.876,123340000,298960000,0
2025-12-17,4.842,4.870,4.840,4.884,134130000,325950000,0
2025-12-18,4.824,4.852,4.820,4.856,116230000,281530000,0
2025-12-19,4.878,4.902,4.878,4.912,151540000,370940000,0
2025-12-22,4.940,4.912,4.910,4.942,191490000,471560000,0
2025-12-23,4.926,4.894,4.888,4.930,132930000,326300000,0
2025-12-24,4.912,4.910,4.896,4.918,111800000,274330000,0
2025-12-25,4.912,4.916,4.910,4.928,111410000,274120000,0
2025-12-26,4.922,4.922,4.906,4.928,81790000,201180000,0
2025-12-29,4.922,4.894,4.880,4.930,113940000,278960000,0
2025-12-30,4.888,4.878,4.852,4.902,106500000,259660000,0
2025-12-31,4.872,4.864,4.852,4.874,65590000,159370000,0
2026-01-05,4.874,4.936,4.870,4.938,133280000,327520000,0
2026-01-06,4.940,4.934,4.910,4.944,109700000,270270000,0
2026-01-07,4.940,4.930,4.924,4.954,100300000,247800000,0
2026-01-08,4.930,4.916,4.910,4.930,60870000,149610000,0
2026-01-09,4.916,4.920,4.902,4.920,72480000,178080000,0
2026-01-12,4.920,4.916,4.892,4.936,121320000,298220000,0
2026-01-13,4.916,4.920,4.908,4.922,104560000,256910000,0
2026-01-14,4.920,4.904,4.900,4.920,82280000,201790000,0
2026-01-15,4.880,4.890,4.868,4.894,90970000,221940000,0
2026-01-16,4.890,4.910,4.878,4.912,84030000,205390000,0
2026-01-19,4.892,4.882,4.870,4.904,89230000,217940000,0
2026-01-20,4.880,4.864,4.860,4.880,71870000,174900000,0
2026-01-21,4.820,4.854,4.816,4.874,146330000,355000000,0
2026-01-22,4.878,4.918,4.878,4.920,98660000,241790000,0
2026-01-23,4.926,4.868,4.862,4.936,235480000,575370000,0
2026-01-26,4.866,4.824,4.820,4.866,114790000,277480000,0
2026-01-27,4.844,4.848,4.840,4.858,73680000,178700000,0
2026-01-28,4.864,4.866,4.852,4.876,88990000,216430000,0
2026-01-29,4.864,4.850,4.822,4.874,86970000,210620000,0
2026-01-30,4.846,4.878,4.830,4.878,160930000,390530000,0
2026-02-02,4.870,4.728,4.716,4.870,245000000,585380000,0
2026-02-03,4.798,4.750,4.736,4.810,245210000,583500000,0
2026-02-04,4.710,4.750,4.688,4.760,108230000,256080000,0
2026-02-05,4.738,4.736,4.704,4.744,84310000,199130000,0
2026-02-06,4.680,4.652,4.648,4.696,165430000,386590000,0
2026-02-09,4.742,4.766,4.706,4.768,189500000,448830000,0
2026-02-10,4.768,4.788,4.756,4.798,83910000,200550000,0
2026-02-11,4.790,4.790,4.768,4.794,57500000,137610000,0
2026-02-12,4.786,4.778,4.770,4.800,87270000,208980000,0
2026-02-13,4.726,4.764,4.720,4.766,79640000,189130000,0
2026-02-24,4.762,4.770,4.724,4.782,94410000,224570000,0
2026-02-25,4.786,4.764,4.756,4.814,99450000,237870000,0
2026-02-26,4.782,4.768,4.758,4.788,72340000,172430000,0
2026-02-27,4.762,4.774,4.734,4.782,67470000,160350000,0
2026-03-02,4.750,4.716,4.712,4.758,120300000,284650000,0
2026-03-03,4.720,4.734,4.718,4.738,93460000,220840000,0
2026-03-04,4.710,4.676,4.676,4.710,85480000,200480000,0
2026-03-05,4.700,4.722,4.700,4.728,128750000,303550000,0
2026-03-06,4.716,4.700,4.670,4.716,103910000,243510000,0
2026-03-09,4.612,4.588,4.560,4.620,144450000,331330000,0
2026-03-10,4.640,4.622,4.604,4.650,123410000,285000000,0
2026-03-11,4.624,4.626,4.618,4.634,70600000,163220000,0
2026-03-12,4.608,4.636,4.600,4.654,105690000,244560000,0
2026-03-13,4.614,4.572,4.560,4.614,129940000,297830000,0
2026-03-16,4.568,4.558,4.540,4.570,134640000,306550000,0
2026-03-17,4.572,4.566,4.558,4.588,99020000,226390000,0
2026-03-18,4.584,4.568,4.562,4.592,128940000,294980000,0
2026-03-19,4.518,4.518,4.510,4.542,109260000,247380000,0
2026-03-20,4.516,4.488,4.484,4.540,103650000,234070000,0
2026-03-23,4.450,4.298,4.260,4.450,302530000,655500000,0
2026-03-24,4.342,4.380,4.322,4.390,231920000,503670000,0
2026-03-25,4.398,4.426,4.398,4.472,227390000,504330000,0
2026-03-26,4.444,4.438,4.430,4.460,92180000,204840000,0
2026-03-27,4.380,4.418,4.364,4.436,102600000,225900000,0
2026-03-30,4.318,4.342,4.312,4.360,186220000,403400000,0
2026-03-31,4.336,4.328,4.320,4.384,122850000,266860000,0
2026-04-01,4.434,4.476,4.406,4.488,190600000,423330000,0
2026-04-02,4.482,4.412,4.372,4.482,156580000,346060000,0
2026-04-03,4.446,4.412,4.410,4.454,85930000,190240000,0
2026-04-07,4.418,4.414,4.412,4.444,115840000,256240000,0
2026-04-08,4.522,4.580,4.514,4.584,197310000,448560000,0
2026-04-09,4.528,4.550,4.520,4.578,117300000,267150000,0
2026-04-10,4.600,4.588,4.580,4.624,100800000,231880000,0
2026-04-13,4.560,4.562,4.544,4.580,100510000,229070000,0
2026-04-14,4.628,4.626,4.610,4.638,121850000,281560000,0
2026-04-15,4.668,4.674,4.660,4.704,136340000,318990000,0
2026-04-16,4.724,4.730,4.714,4.732,144500000,341140000,0
2026-04-17,4.730,4.722,4.708,4.732,134810000,318010000,0
2026-04-20,4.744,4.720,4.716,4.752,130450000,308730000,0
2026-04-21,4.740,4.740,4.710,4.740,88870000,209950000,0
2026-04-22,4.738,4.746,4.716,4.754,95070000,224900000,0
2026-04-23,4.756,4.738,4.730,4.768,117980000,279920000,0
2026-04-24,4.740,4.732,4.724,4.744,65110000,154090000,0
2026-04-27,4.766,4.768,4.746,4.770,121300000,288830000,0
2026-04-28,4.770,4.814,4.768,4.820,141860000,340430000,0
2026-04-29,4.800,4.822,4.790,4.864,134830000,325480000,0
2026-04-30,4.840,4.838,4.822,4.862,104130000,251960000,0
2026-05-06,4.910,4.908,4.896,4.926,165100000,404800000,0
2026-05-07,4.938,4.964,4.938,4.966,150220000,372240000,0
2026-05-08,4.958,4.966,4.900,4.968,123840000,306270000,0
2026-05-11,4.986,4.984,4.966,4.994,160550000,399510000,0
2026-05-12,4.982,4.954,4.952,4.982,117760000,292340000,0
2026-05-13,4.950,4.976,4.938,4.978,104230000,258670000,0
2026-05-14,4.998,4.978,4.972,5.014,114680000,285770000,0
2026-05-15,4.982,4.960,4.946,5.010,181100000,450880000,0
2026-05-18,4.880,4.880,4.866,4.912,196760000,480780000,0
2026-05-19,4.882,4.880,4.864,4.904,116510000,284380000,0
2026-05-20,4.854,4.864,4.834,4.878,129520000,314090000,0
2026-05-21,4.908,4.904,4.896,4.938,149190000,366940000,0
2026-05-22,4.930,4.970,4.930,4.980,170170000,422070000,0
2026-05-25,5.062,5.092,5.030,5.096,296330000,749640000,0
2026-05-26,5.092,5.058,5.050,5.120,145800000,370060000,0
2026-05-27,5.090,5.082,5.070,5.104,119060000,302950000,0
2026-05-28,5.094,5.048,5.006,5.096,185020000,466740000,0
2026-05-29,5.074,5.114,5.072,5.116,164660000,419620000,0
2026-06-01,5.124,5.250,5.124,5.260,275570000,717270000,0
2026-06-02,5.272,5.222,5.182,5.342,366450000,962950000,0
2026-06-03,5.246,5.204,5.186,5.268,164110000,428880000,0
2026-06-04,5.128,5.132,5.110,5.150,142840000,366200000,0
2026-06-05,5.138,5.136,5.122,5.176,177180000,456560000,0
2026-06-08,4.998,5.030,4.980,5.050,225260000,565640000,0
2026-06-09,5.044,5.104,5.044,5.108,162090000,411310000,0
2026-06-10,5.044,5.030,5.002,5.080,140670000,353350000,0
2026-06-11,4.964,4.996,4.902,5.006,182910000,453590000,0
2026-06-12,5.100,5.030,5.024,5.116,156440000,396810000,0
2026-06-15,5.110,5.148,5.108,5.150,204360000,524740000,0
2026-06-16,5.162,5.172,5.152,5.192,181550000,469280000,0
2026-06-17,5.162,5.156,5.142,5.168,129390000,333460000,0
2026-06-18,5.140,5.128,5.114,5.140,142690000,365580000,0
2026-06-22,5.138,5.130,5.098,5.160,140700000,361070000,0
2026-06-23,5.080,5.010,4.992,5.104,173990000,438940000,0
2026-06-24,5.002,5.046,4.972,5.068,168620000,422400000,0
2026-06-25,5.056,5.036,5.012,5.070,137550000,346330000,0
2026-06-26,5.000,4.964,4.922,5.016,158690000,393780000,0
2026-06-29,4.984,4.956,4.938,4.996,232520000,576620000,0
2026-06-30,4.992,4.966,4.946,5.000,247900000,615750000,0
2026-07-01,4.996,4.982,4.972,5.000,135110000,336500000,0
2026-07-02,4.980,4.966,4.960,5.004,142590000,355300000,0
2026-07-03,4.980,5.006,4.976,5.018,151350000,378190000,0
2026-07-06,5.014,5.022,4.992,5.024,110840000,277460000,0
2026-07-07,5.040,5.056,5.022,5.058,153030000,385420000,0
2026-07-08,5.056,5.006,5.004,5.056,114290000,287050000,0
2026-07-09,4.994,5.030,4.994,5.030,85710000,214850000,0
2026-07-10,5.050,5.054,5.042,5.060,122930000,310550000,0
2026-07-13,5.062,5.044,5.028,5.066,100380000,253260000,0
2026-07-14,5.020,5.080,5.008,5.088,189200000,477850000,0
2026-07-15,5.086,5.128,5.084,5.132,167860000,428730000,0
2026-07-16,5.128,5.154,5.114,5.158,131840000,339080000,0
2026-07-17,5.096,5.006,5.000,5.108,193020000,487860000,0
2026-07-20,5.006,4.996,4.982,5.044,135180000,339170000,0
2026-07-21,5.014,5.052,5.006,5.086,210910000,532900000,0
2026-07-22,5.076,5.046,5.028,5.102,150390000,380800000,0
2026-07-23,5.064,5.048,5.030,5.066,127550000,321840000,0
2026-07-24,5.000,5.012,4.992,5.038,103380000,259100000,0
2026-07-27,5.016,5.040,5.008,5.042,114220000,287060000,0
2026-07-28,4.998,4.968,4.964,5.006,144910000,360890000,0
2026-07-29,4.990,5.022,4.972,5.022,104200000,260550000,0
2026-07-30,4.980,4.958,4.946,4.986,121100000,300210000,0
2026-07-31,5.044,5.018,5.012,5.046,154190000,387380000,0
2026-08-03,5.044,5.066,5.026,5.070,159550000,402750000,0
2026-08-04,5.126,5.164,5.124,5.166,193430000,497430000,0
2026-08-05,5.264,5.338,5.262,5.342,323430000,858000000,0
2026-08-06,5.316,5.380,5.236,5.392,302890000,809920000,0
2026-08-07,5.364,5.390,5.350,5.398,174320000,468170000,0
2026-08-10,5.390,5.392,5.390,5.438,186610000,505310000,0
2026-08-11,5.386,5.432,5.358,5.444,251720000,681580000,0
2026-08-12,5.410,5.396,5.362,5.432,193230000,520990000,0
2026-08-13,5.402,5.422,5.400,5.476,147220000,400240000,0
2026-08-14,5.476,5.556,5.468,5.556,254610000,701620000,0
2026-08-17,5.556,5.496,5.464,5.556,248670000,682770000,0
2026-08-18,5.440,5.376,5.344,5.442,209230000,562190000,0
2026-08-19,5.308,5.284,5.260,5.308,178050000,469990000,0
2026-08-20,5.330,5.350,5.324,5.372,121160000,324010000,0
2026-08-21,5.280,5.344,5.274,5.360,85860000,228750000,0
2026-08-24,5.366,5.344,5.344,5.390,105620000,283010000,0
2026-08-25,5.336,5.390,5.316,5.398,100580000,270320000,0
2026-08-26,5.390,5.416,5.382,5.440,102550000,278160000,0
2026-08-27,5.460,5.416,5.416,5.466,82410000,224480000,0
2026-08-28,5.428,5.444,5.428,5.464,68920000,187380000,0
2026-08-31,5.406,5.424,5.372,5.442,133080000,359920000,0
2026-09-01,5.420,5.432,5.404,5.448,109560000,297500000,0
2026-09-02,5.358,5.288,5.284,5.362,226670000,602190000,0
2026-09-03,5.308,5.320,5.300,5.330,121750000,323520000,0
2026-09-04,5.368,5.396,5.368,5.412,88930000,239320000,0
2026-09-07,5.386,5.384,5.374,5.402,73570000,197910000,0
2026-09-08,5.380,5.362,5.354,5.400,70330000,189060000,0
2026-09-09,5.356,5.364,5.336,5.372,53790000,144080000,0
2026-09-10,5.340,5.352,5.338,5.354,46140000,123330000,0
2026-09-11,5.320,5.322,5.302,5.334,69930000,185910000,0
2026-09-14,5.328,5.312,5.302,5.328,51720000,137570000,0
2026-09-15,5.316,5.280,5.278,5.326,84290000,223570000,0
2026-09-16,5.282,5.320,5.276,5.328,73980000,196050000,0
2026-09-17,5.320,5.316,5.286,5.320,73110000,193890000,0
2026-09-18,5.358,5.370,5.356,5.416,118570000,319030000,0
2026-09-21,5.388,5.376,5.376,5.446,118410000,320350000,0
2026-09-22,5.470,5.454,5.444,5.484,194000000,530080000,0
2026-09-23,5.450,5.446,5.428,5.452,63950000,173880000,0
2026-09-24,5.400,5.368,5.362,5.418,105900000,285440000,0
2026-09-28,5.396,5.368,5.360,5.408,88120000,237190000,0
2026-09-29,5.358,5.380,5.316,5.382,78120000,208880000,0
2026-09-30,5.374,5.376,5.372,5.422,99500000,268250000,0
