date,open,high,low,close,volume,amount,turnover
2017-01-03,3345.260,3345.260,3345.260,3345.260,0,0,0
2017-01-04,3369.570,3369.570,3369.570,3369.570,0,0,0
2017-01-05,3373.410,3373.410,3373.410,3373.410,0,0,0
2017-01-06,3368.870,3368.870,3368.870,3368.870,0,0,0
2017-01-09,3366.220,3366.220,3366.220,3366.220,0,0,0
2017-01-10,3370.510,3370.510,3370.510,3370.510,0,0,0
2017-01-11,3366.630,3366.630,3366.630,3366.630,0,0,0
2017-01-12,3343.130,3343.130,3343.130,3343.130,0,0,0
2017-01-13,3338.170,3338.170,3338.170,3338.170,0,0,0
2017-01-16,3322.780,3322.780,3322.780,3322.780,0,0,0
2017-01-17,3327.380,3327.380,3327.380,3327.380,0,0,0
2017-01-18,3350.960,3350.960,3350.960,3350.960,0,0,0
2017-01-19,3346.500,3346.500,3346.500,3346.500,0,0,0
2017-01-20,3358.410,3358.410,3358.410,3358.410,0,0,0
2017-01-23,3378.740,3378.740,3378.740,3378.740,0,0,0
2017-01-24,3371.320,3371.320,3371.320,3371.320,0,0,0
2017-01-25,3376.440,3376.440,3376.440,3376.440,0,0,0
2017-01-26,3395.880,3395.880,3395.880,3395.880,0,0,0
2017-02-03,3392.480,3392.480,3392.480,3392.480,0,0,0
2017-02-06,3381.330,3381.330,3381.330,3381.330,0,0,0
2017-02-07,3376.710,3376.710,3376.710,3376.710,0,0,0
2017-02-08,3383.690,3383.690,3383.690,3383.690,0,0,0
2017-02-09,3406.590,3406.590,3406.590,3406.590,0,0,0
2017-02-10,3422.330,3422.330,3422.330,3422.330,0,0,0
2017-02-13,3439.540,3439.540,3439.540,3439.540,0,0,0
2017-02-14,3440.670,3440.670,3440.670,3440.670,0,0,0
2017-02-15,3448.030,3448.030,3448.030,3448.030,0,0,0
2017-02-16,3440.930,3440.930,3440.930,3440.930,0,0,0
2017-02-17,3457.560,3457.560,3457.560,3457.560,0,0,0
2017-02-20,3472.600,3472.600,3472.600,3472.600,0,0,0
2017-02-21,3490.090,3490.090,3490.090,3490.090,0,0,0
2017-02-22,3489.950,3489.950,3489.950,3489.950,0,0,0
2017-02-23,3492.960,3492.960,3492.960,3492.960,0,0,0
2017-02-24,3473.850,3473.850,3473.850,3473.850,0,0,0
2017-02-27,3472.840,3472.840,3472.840,3472.840,0,0,0
2017-02-28,3460.910,3460.910,3460.910,3460.910,0,0,0
2017-03-01,3472.700,3472.700,3472.700,3472.700,0,0,0
2017-03-02,3468.470,3468.470,3468.470,3468.470,0,0,0
2017-03-03,3428.880,3428.880,3428.880,3428.880,0,0,0
2017-03-06,3449.030,3449.030,3449.030,3449.030,0,0,0
2017-03-07,3454.040,3454.040,3454.040,3454.040,0,0,0
2017-03-08,3457.040,3457.040,3457.040,3457.040,0,0,0
2017-03-09,3443.050,3443.050,3443.050,3443.050,0,0,0
2017-03-10,3436.240,3436.240,3436.240,3436.240,0,0,0
2017-03-13,3458.100,3458.100,3458.100,3458.100,0,0,0
2017-03-14,3465.390,3465.390,3465.390,3465.390,0,0,0
2017-03-15,3463.920,3463.920,3463.920,3463.920,0,0,0
2017-03-16,3492.130,3492.130,3492.130,3492.130,0,0,0
2017-03-17,3488.500,3488.500,3488.500,3488.500,0,0,0
2017-03-20,3454.060,3454.060,3454.060,3454.060,0,0,0
2017-03-21,3466.700,3466.700,3466.700,3466.700,0,0,0
2017-03-22,3464.330,3464.330,3464.330,3464.330,0,0,0
2017-03-23,3470.820,3470.820,3470.820,3470.820,0,0,0
2017-03-24,3499.320,3499.320,3499.320,3499.320,0,0,0
2017-03-27,3505.980,3505.980,3505.980,3505.980,0,0,0
2017-03-28,3482.290,3482.290,3482.290,3482.290,0,0,0
2017-03-29,3483.060,3483.060,3483.060,3483.060,0,0,0
2017-03-30,3467.300,3467.300,3467.300,3467.300,0,0,0
2017-03-31,3456.310,3456.310,3456.310,3456.310,0,0,0
2017-04-05,3504.540,3504.540,3504.540,3504.540,0,0,0
2017-04-06,3517.780,3517.780,3517.780,3517.780,0,0,0
2017-04-07,3526.810,3526.810,3526.810,3526.810,0,0,0
2017-04-10,3522.800,3522.800,3522.800,3522.800,0,0,0
2017-04-11,3520.130,3520.130,3520.130,3520.130,0,0,0
2017-04-12,3523.100,3523.100,3523.100,3523.100,0,0,0
2017-04-13,3518.440,3518.440,3518.440,3518.440,0,0,0
2017-04-14,3517.470,3517.470,3517.470,3517.470,0,0,0
2017-04-17,3480.570,3480.570,3480.570,3480.570,0,0,0
2017-04-18,3489.080,3489.080,3489.080,3489.080,0,0,0
2017-04-19,3459.350,3459.350,3459.350,3459.350,0,0,0
2017-04-20,3465.610,3465.610,3465.610,3465.610,0,0,0
2017-04-21,3475.560,3475.560,3475.560,3475.560,0,0,0
2017-04-24,3458.230,3458.230,3458.230,3458.230,0,0,0
2017-04-25,3449.670,3449.670,3449.670,3449.670,0,0,0
2017-04-26,3466.570,3466.570,3466.570,3466.570,0,0,0
2017-04-27,3449.270,3449.270,3449.270,3449.270,0,0,0
2017-04-28,3439.900,3439.900,3439.900,3439.900,0,0,0
2017-05-02,3436.310,3436.310,3436.310,3436.310,0,0,0
2017-05-03,3432.220,3432.220,3432.220,3432.220,0,0,0
2017-05-04,3421.400,3421.400,3421.400,3421.400,0,0,0
2017-05-05,3395.450,3395.450,3395.450,3395.450,0,0,0
2017-05-08,3374.160,3374.160,3374.160,3374.160,0,0,0
2017-05-09,3358.050,3358.050,3358.050,3358.050,0,0,0
2017-05-10,3369.430,3369.430,3369.430,3369.430,0,0,0
2017-05-11,3359.600,3359.600,3359.600,3359.600,0,0,0
2017-05-12,3387.270,3387.270,3387.270,3387.270,0,0,0
2017-05-15,3406.580,3406.580,3406.580,3406.580,0,0,0
2017-05-16,3428.850,3428.850,3428.850,3428.850,0,0,0
2017-05-17,3433.970,3433.970,3433.970,3433.970,0,0,0
2017-05-18,3409.930,3409.930,3409.930,3409.930,0,0,0
2017-05-19,3405.940,3405.940,3405.940,3405.940,0,0,0
2017-05-22,3424.180,3424.180,3424.180,3424.180,0,0,0
2017-05-23,3434.770,3434.770,3434.770,3434.770,0,0,0
2017-05-24,3424.170,3424.170,3424.170,3424.170,0,0,0
2017-05-25,3490.420,3490.420,3490.420,3490.420,0,0,0
2017-05-26,3498.310,3498.310,3498.310,3498.310,0,0,0
2017-05-31,3515.080,3515.080,3515.080,3515.080,0,0,0
2017-06-01,3499.810,3499.810,3499.810,3499.810,0,0,0
2017-06-02,3498.120,3498.120,3498.120,3498.120,0,0,0
2017-06-05,3484.120,3484.120,3484.120,3484.120,0,0,0
2017-06-06,3492.880,3492.880,3492.880,3492.880,0,0,0
2017-06-07,3537.090,3537.090,3537.090,3537.090,0,0,0
2017-06-08,3562.270,3562.270,3562.270,3562.270,0,0,0
2017-06-09,3590.890,3590.890,3590.890,3590.890,0,0,0
2017-06-12,3603.690,3603.690,3603.690,3603.690,0,0,0
2017-06-13,3584.410,3584.410,3584.410,3584.410,0,0,0
2017-06-14,3571.250,3571.250,3571.250,3571.250,0,0,0
2017-06-15,3542.280,3542.280,3542.280,3542.280,0,0,0
2017-06-16,3536.140,3536.140,3536.140,3536.140,0,0,0
2017-06-19,3554.910,3554.910,3554.910,3554.910,0,0,0
2017-06-20,3563.700,3563.700,3563.700,3563.700,0,0,0
2017-06-21,3587.990,3587.990,3587.990,3587.990,0,0,0
2017-06-22,3635.530,3635.530,3635.530,3635.530,0,0,0
2017-06-23,3623.240,3623.240,3623.240,3623.240,0,0,0
2017-06-26,3671.940,3671.940,3671.940,3671.940,0,0,0
2017-06-27,3676.530,3676.530,3676.530,3676.530,0,0,0
2017-06-28,3672.190,3672.190,3672.190,3672.190,0,0,0
2017-06-29,3669.130,3669.130,3669.130,3669.130,0,0,0
2017-06-30,3669.760,3669.760,3669.760,3669.760,0,0,0
2017-07-03,3667.590,3667.590,3667.590,3667.590,0,0,0
2017-07-04,3646.840,3646.840,3646.840,3646.840,0,0,0
2017-07-05,3660.730,3660.730,3660.730,3660.730,0,0,0
2017-07-06,3666.770,3666.770,3666.770,3666.770,0,0,0
2017-07-07,3657.110,3657.110,3657.110,3657.110,0,0,0
2017-07-10,3667.840,3667.840,3667.840,3667.840,0,0,0
2017-07-11,3701.210,3701.210,3701.210,3701.210,0,0,0
2017-07-12,3691.580,3691.580,3691.580,3691.580,0,0,0
2017-07-13,3690.480,3690.480,3690.480,3690.480,0,0,0
2017-07-14,3703.090,3703.090,3703.090,3703.090,0,0,0
2017-07-17,3716.470,3716.470,3716.470,3716.470,0,0,0
2017-07-18,3667.540,3667.540,3667.540,3667.540,0,0,0
2017-07-19,3731.050,3731.050,3731.050,3731.050,0,0,0
2017-07-20,3750.190,3750.190,3750.190,3750.190,0,0,0
2017-07-21,3751.690,3751.690,3751.690,3751.690,0,0,0
2017-07-24,3755.190,3755.190,3755.190,3755.190,0,0,0
2017-07-25,3752.160,3752.160,3752.160,3752.160,0,0,0
2017-07-26,3738.530,3738.530,3738.530,3738.530,0,0,0
2017-07-27,3716.690,3716.690,3716.690,3716.690,0,0,0
2017-07-28,3725.540,3725.540,3725.540,3725.540,0,0,0
2017-07-31,3746.520,3746.520,3746.520,3746.520,0,0,0
2017-08-01,3770.400,3770.400,3770.400,3770.400,0,0,0
2017-08-02,3784.350,3784.350,3784.350,3784.350,0,0,0
2017-08-03,3766.340,3766.340,3766.340,3766.340,0,0,0
2017-08-04,3738.730,3738.730,3738.730,3738.730,0,0,0
2017-08-07,3730.780,3730.780,3730.780,3730.780,0,0,0
2017-08-08,3737.330,3737.330,3737.330,3737.330,0,0,0
2017-08-09,3739.000,3739.000,3739.000,3739.000,0,0,0
2017-08-10,3746.860,3746.860,3746.860,3746.860,0,0,0
2017-08-11,3700.490,3700.490,3700.490,3700.490,0,0,0
2017-08-14,3698.370,3698.370,3698.370,3698.370,0,0,0
2017-08-15,3719.290,3719.290,3719.290,3719.290,0,0,0
2017-08-16,3707.140,3707.140,3707.140,3707.140,0,0,0
2017-08-17,3722.620,3722.620,3722.620,3722.620,0,0,0
2017-08-18,3733.490,3733.490,3733.490,3733.490,0,0,0
2017-08-21,3744.260,3744.260,3744.260,3744.260,0,0,0
2017-08-22,3758.290,3758.290,3758.290,3758.290,0,0,0
2017-08-23,3772.460,3772.460,3772.460,3772.460,0,0,0
2017-08-24,3765.710,3765.710,3765.710,3765.710,0,0,0
2017-08-25,3795.970,3795.970,3795.970,3795.970,0,0,0
2017-08-28,3866.940,3866.940,3866.940,3866.940,0,0,0
2017-08-29,3847.930,3847.930,3847.930,3847.930,0,0,0
2017-08-30,3854.710,3854.710,3854.710,3854.710,0,0,0
2017-08-31,3840.200,3840.200,3840.200,3840.200,0,0,0
2017-09-01,3843.620,3843.620,3843.620,3843.620,0,0,0
2017-09-04,3847.090,3847.090,3847.090,3847.090,0,0,0
2017-09-05,3865.290,3865.290,3865.290,3865.290,0,0,0
2017-09-06,3858.250,3858.250,3858.250,3858.250,0,0,0
2017-09-07,3858.160,3858.160,3858.160,3858.160,0,0,0
2017-09-08,3843.020,3843.020,3843.020,3843.020,0,0,0
2017-09-11,3850.740,3850.740,3850.740,3850.740,0,0,0
2017-09-12,3849.390,3849.390,3849.390,3849.390,0,0,0
2017-09-13,3847.780,3847.780,3847.780,3847.780,0,0,0
2017-09-14,3854.490,3854.490,3854.490,3854.490,0,0,0
2017-09-15,3843.300,3843.300,3843.300,3843.300,0,0,0
2017-09-18,3862.360,3862.360,3862.360,3862.360,0,0,0
2017-09-19,3857.300,3857.300,3857.300,3857.300,0,0,0
2017-09-20,3850.940,3850.940,3850.940,3850.940,0,0,0
2017-09-21,3860.800,3860.800,3860.800,3860.800,0,0,0
2017-09-22,3842.250,3842.250,3842.250,3842.250,0,0,0
2017-09-25,3835.390,3835.390,3835.390,3835.390,0,0,0
2017-09-26,3821.690,3821.690,3821.690,3821.690,0,0,0
2017-09-27,3832.570,3832.570,3832.570,3832.570,0,0,0
2017-09-28,3827.330,3827.330,3827.330,3827.330,0,0,0
2017-09-29,3852.220,3852.220,3852.220,3852.220,0,0,0
2017-10-09,3918.840,3918.840,3918.840,3918.840,0,0,0
2017-10-10,3900.740,3900.740,3900.740,3900.740,0,0,0
2017-10-11,3913.070,3913.070,3913.070,3913.070,0,0,0
2017-10-12,3917.440,3917.440,3917.440,3917.440,0,0,0
2017-10-13,3927.170,3927.170,3927.170,3927.170,0,0,0
2017-10-16,3947.420,3947.420,3947.420,3947.420,0,0,0
2017-10-17,3924.610,3924.610,3924.610,3924.610,0,0,0
2017-10-18,3944.410,3944.410,3944.410,3944.410,0,0,0
2017-10-19,3944.030,3944.030,3944.030,3944.030,0,0,0
2017-10-20,3928.960,3928.960,3928.960,3928.960,0,0,0
2017-10-23,3936.270,3936.270,3936.270,3936.270,0,0,0
2017-10-24,3959.500,3959.500,3959.500,3959.500,0,0,0
2017-10-25,3978.090,3978.090,3978.090,3978.090,0,0,0
2017-10-26,4013.600,4013.600,4013.600,4013.600,0,0,0
2017-10-27,4024.460,4024.460,4024.460,4024.460,0,0,0
2017-10-30,4033.340,4033.340,4033.340,4033.340,0,0,0
2017-10-31,4009.280,4009.280,4009.280,4009.280,0,0,0
2017-11-01,4032.460,4032.460,4032.460,4032.460,0,0,0
2017-11-02,3999.230,3999.230,3999.230,3999.230,0,0,0
2017-11-03,3999.340,3999.340,3999.340,3999.340,0,0,0
2017-11-06,4021.640,4021.640,4021.640,4021.640,0,0,0
2017-11-07,4064.220,4064.220,4064.220,4064.220,0,0,0
2017-11-08,4089.150,4089.150,4089.150,4089.150,0,0,0
2017-11-09,4076.610,4076.610,4076.610,4076.610,0,0,0
2017-11-10,4116.710,4116.710,4116.710,4116.710,0,0,0
2017-11-13,4137.650,4137.650,4137.650,4137.650,0,0,0
2017-11-14,4133.550,4133.550,4133.550,4133.550,0,0,0
2017-11-15,4102.810,4102.810,4102.810,4102.810,0,0,0
2017-11-16,4107.620,4107.620,4107.620,4107.620,0,0,0
2017-11-17,4122.380,4122.380,4122.380,4122.380,0,0,0
2017-11-20,4144.510,4144.510,4144.510,4144.510,0,0,0
2017-11-21,4220.260,4220.260,4220.260,4220.260,0,0,0
2017-11-22,4260.640,4260.640,4260.640,4260.640,0,0,0
2017-11-23,4214.190,4214.190,4214.190,4214.190,0,0,0
2017-11-24,4116.590,4116.590,4116.590,4116.590,0,0,0
2017-11-27,4088.930,4088.930,4088.930,4088.930,0,0,0
2017-11-28,4056.480,4056.480,4056.480,4056.480,0,0,0
2017-11-29,4069.240,4069.240,4069.240,4069.240,0,0,0
2017-11-30,4052.800,4052.800,4052.800,4052.800,0,0,0
2017-12-01,4027.110,4027.110,4027.110,4027.110,0,0,0
2017-12-04,4032.990,4032.990,4032.990,4032.990,0,0,0
2017-12-05,4045.930,4045.930,4045.930,4045.930,0,0,0
2017-12-06,4031.750,4031.750,4031.750,4031.750,0,0,0
2017-12-07,4017.950,4017.950,4017.950,4017.950,0,0,0
2017-12-08,4014.140,4014.140,4014.140,4014.140,0,0,0
2017-12-11,4069.500,4069.500,4069.500,4069.500,0,0,0
2017-12-12,4070.150,4070.150,4070.150,4070.150,0,0,0
2017-12-13,4052.690,4052.690,4052.690,4052.690,0,0,0
2017-12-14,4057.620,4057.620,4057.620,4057.620,0,0,0
2017-12-15,4020.270,4020.270,4020.270,4020.270,0,0,0
2017-12-18,4008.070,4008.070,4008.070,4008.070,0,0,0
2017-12-19,4035.630,4035.630,4035.630,4035.630,0,0,0
2017-12-20,4044.850,4044.850,4044.850,4044.850,0,0,0
2017-12-21,4080.780,4080.780,4080.780,4080.780,0,0,0
2017-12-22,4076.800,4076.800,4076.800,4076.800,0,0,0
2017-12-25,4086.930,4086.930,4086.930,4086.930,0,0,0
2017-12-26,4056.860,4056.860,4056.860,4056.860,0,0,0
2017-12-27,4047.740,4047.740,4047.740,4047.740,0,0,0
2017-12-28,4036.700,4036.700,4036.700,4036.700,0,0,0
2017-12-29,4043.140,4043.140,4043.140,4043.140,0,0,0
2018-01-02,4087.780,4087.780,4087.780,4087.780,0,0,0
2018-01-03,4140.050,4140.050,4140.050,4140.050,0,0,0
2018-01-04,4137.640,4137.640,4137.640,4137.640,0,0,0
2018-01-05,4151.280,4151.280,4151.280,4151.280,0,0,0
2018-01-08,4166.320,4166.320,4166.320,4166.320,0,0,0
2018-01-09,4191.280,4191.280,4191.280,4191.280,0,0,0
2018-01-10,4211.050,4211.050,4211.050,4211.050,0,0,0
2018-01-11,4211.800,4211.800,4211.800,4211.800,0,0,0
2018-01-12,4227.390,4227.390,4227.390,4227.390,0,0,0
2018-01-15,4262.930,4262.930,4262.930,4262.930,0,0,0
2018-01-16,4260.210,4260.210,4260.210,4260.210,0,0,0
2018-01-17,4283.340,4283.340,4283.340,4283.340,0,0,0
2018-01-18,4292.640,4292.640,4292.640,4292.640,0,0,0
2018-01-19,4316.570,4316.570,4316.570,4316.570,0,0,0
2018-01-22,4338.480,4338.480,4338.480,4338.480,0,0,0
2018-01-23,4383.570,4383.570,4383.570,4383.570,0,0,0
2018-01-24,4397.820,4397.820,4397.820,4397.820,0,0,0
2018-01-25,4392.200,4392.200,4392.200,4392.200,0,0,0
2018-01-26,4403.340,4403.340,4403.340,4403.340,0,0,0
2018-01-29,4395.910,4395.910,4395.910,4395.910,0,0,0
2018-01-30,4308.510,4308.510,4308.510,4308.510,0,0,0
2018-01-31,4287.860,4287.860,4287.860,4287.860,0,0,0
2018-02-01,4287.390,4287.390,4287.390,4287.390,0,0,0
2018-02-02,4271.760,4271.760,4271.760,4271.760,0,0,0
2018-02-05,4274.150,4274.150,4274.150,4274.150,0,0,0
2018-02-06,4211.520,4211.520,4211.520,4211.520,0,0,0
2018-02-07,4212.570,4212.570,4212.570,4212.570,0,0,0
2018-02-08,4071.670,4071.670,4071.670,4071.670,0,0,0
2018-02-09,3911.290,3911.290,3911.290,3911.290,0,0,0
2018-02-12,3907.840,3907.840,3907.840,3907.840,0,0,0
2018-02-13,3986.980,3986.980,3986.980,3986.980,0,0,0
2018-02-14,3971.400,3971.400,3971.400,3971.400,0,0,0
2018-02-22,4058.790,4058.790,4058.790,4058.790,0,0,0
2018-02-23,4085.200,4085.200,4085.200,4085.200,0,0,0
2018-02-26,4128.740,4128.740,4128.740,4128.740,0,0,0
2018-02-27,4120.870,4120.870,4120.870,4120.870,0,0,0
2018-02-28,4051.710,4051.710,4051.710,4051.710,0,0,0
2018-03-01,4061.030,4061.030,4061.030,4061.030,0,0,0
2018-03-02,4044.420,4044.420,4044.420,4044.420,0,0,0
2018-03-05,4042.830,4042.830,4042.830,4042.830,0,0,0
2018-03-06,4067.550,4067.550,4067.550,4067.550,0,0,0
2018-03-07,4089.700,4089.700,4089.700,4089.700,0,0,0
2018-03-08,4078.230,4078.230,4078.230,4078.230,0,0,0
2018-03-09,4110.670,4110.670,4110.670,4110.670,0,0,0
2018-03-12,4139.530,4139.530,4139.530,4139.530,0,0,0
2018-03-13,4130.280,4130.280,4130.280,4130.280,0,0,0
2018-03-14,4089.090,4089.090,4089.090,4089.090,0,0,0
2018-03-15,4098.990,4098.990,4098.990,4098.990,0,0,0
2018-03-16,4110.050,4110.050,4110.050,4110.050,0,0,0
2018-03-19,4074.520,4074.520,4074.520,4074.520,0,0,0
2018-03-20,4080.190,4080.190,4080.190,4080.190,0,0,0
2018-03-21,4110.120,4110.120,4110.120,4110.120,0,0,0
2018-03-22,4072.380,4072.380,4072.380,4072.380,0,0,0
2018-03-23,3928.510,3928.510,3928.510,3928.510,0,0,0
2018-03-26,3883.900,3883.900,3883.900,3883.900,0,0,0
2018-03-27,3936.780,3936.780,3936.780,3936.780,0,0,0
2018-03-28,3907.280,3907.280,3907.280,3907.280,0,0,0
2018-03-29,3913.960,3913.960,3913.960,3913.960,0,0,0
2018-03-30,3915.350,3915.350,3915.350,3915.350,0,0,0
2018-04-02,3937.020,3937.020,3937.020,3937.020,0,0,0
2018-04-03,3878.150,3878.150,3878.150,3878.150,0,0,0
2018-04-04,3898.610,3898.610,3898.610,3898.610,0,0,0
2018-04-09,3870.670,3870.670,3870.670,3870.670,0,0,0
2018-04-10,3927.420,3927.420,3927.420,3927.420,0,0,0
2018-04-11,3958.710,3958.710,3958.710,3958.710,0,0,0
2018-04-12,3937.780,3937.780,3937.780,3937.780,0,0,0
2018-04-13,3929.950,3929.950,3929.950,3929.950,0,0,0
2018-04-16,3869.160,3869.160,3869.160,3869.160,0,0,0
2018-04-17,3822.630,3822.630,3822.630,3822.630,0,0,0
2018-04-18,3789.660,3789.660,3789.660,3789.660,0,0,0
2018-04-19,3824.030,3824.030,3824.030,3824.030,0,0,0
2018-04-20,3815.440,3815.440,3815.440,3815.440,0,0,0
2018-04-23,3787.400,3787.400,3787.400,3787.400,0,0,0
2018-04-24,3854.430,3854.430,3854.430,3854.430,0,0,0
2018-04-25,3838.690,3838.690,3838.690,3838.690,0,0,0
2018-04-26,3828.710,3828.710,3828.710,3828.710,0,0,0
2018-04-27,3776.980,3776.980,3776.980,3776.980,0,0,0
2018-05-02,3787.300,3787.300,3787.300,3787.300,0,0,0
2018-05-03,3797.530,3797.530,3797.530,3797.530,0,0,0
2018-05-04,3801.520,3801.520,3801.520,3801.520,0,0,0
2018-05-07,3834.590,3834.590,3834.590,3834.590,0,0,0
2018-05-08,3892.070,3892.070,3892.070,3892.070,0,0,0
2018-05-09,3878.940,3878.940,3878.940,3878.940,0,0,0
2018-05-10,3894.490,3894.490,3894.490,3894.490,0,0,0
2018-05-11,3903.340,3903.340,3903.340,3903.340,0,0,0
2018-05-14,3919.300,3919.300,3919.300,3919.300,0,0,0
2018-05-15,3924.340,3924.340,3924.340,3924.340,0,0,0
2018-05-16,3923.340,3923.340,3923.340,3923.340,0,0,0
2018-05-17,3899.510,3899.510,3899.510,3899.510,0,0,0
2018-05-18,3903.060,3903.060,3903.060,3903.060,0,0,0
2018-05-21,3937.460,3937.460,3937.460,3937.460,0,0,0
2018-05-22,3918.820,3918.820,3918.820,3918.820,0,0,0
2018-05-23,3898.270,3898.270,3898.270,3898.270,0,0,0
2018-05-24,3859.100,3859.100,3859.100,3859.100,0,0,0
2018-05-25,3841.120,3841.120,3841.120,3841.120,0,0,0
2018-05-28,3846.550,3846.550,3846.550,3846.550,0,0,0
2018-05-29,3841.780,3841.780,3841.780,3841.780,0,0,0
2018-05-30,3767.890,3767.890,3767.890,3767.890,0,0,0
2018-05-31,3804.790,3804.790,3804.790,3804.790,0,0,0
2018-06-01,3802.540,3802.540,3802.540,3802.540,0,0,0
2018-06-04,3813.410,3813.410,3813.410,3813.410,0,0,0
2018-06-05,3845.560,3845.560,3845.560,3845.560,0,0,0
2018-06-06,3848.330,3848.330,3848.330,3848.330,0,0,0
2018-06-07,3859.850,3859.850,3859.850,3859.850,0,0,0
2018-06-08,3819.460,3819.460,3819.460,3819.460,0,0,0
2018-06-11,3792.550,3792.550,3792.550,3792.550,0,0,0
2018-06-12,3830.470,3830.470,3830.470,3830.470,0,0,0
2018-06-13,3817.450,3817.450,3817.450,3817.450,0,0,0
2018-06-14,3808.160,3808.160,3808.160,3808.160,0,0,0
2018-06-15,3780.340,3780.340,3780.340,3780.340,0,0,0
2018-06-19,3712.820,3712.820,3712.820,3712.820,0,0,0
2018-06-20,3649.340,3649.340,3649.340,3649.340,0,0,0
2018-06-21,3673.560,3673.560,3673.560,3673.560,0,0,0
2018-06-22,3609.080,3609.080,3609.080,3609.080,0,0,0
2018-06-25,3631.030,3631.030,3631.030,3631.030,0,0,0
2018-06-26,3541.780,3541.780,3541.780,3541.780,0,0,0
2018-06-27,3537.660,3537.660,3537.660,3537.660,0,0,0
2018-06-28,3477.060,3477.060,3477.060,3477.060,0,0,0
2018-06-29,3512.380,3512.380,3512.380,3512.380,0,0,0
2018-07-02,3506.900,3506.900,3506.900,3506.900,0,0,0
2018-07-03,3422.040,3422.040,3422.040,3422.040,0,0,0
2018-07-04,3418.330,3418.330,3418.330,3418.330,0,0,0
2018-07-05,3398.490,3398.490,3398.490,3398.490,0,0,0
2018-07-06,3396.250,3396.250,3396.250,3396.250,0,0,0
2018-07-09,3459.320,3459.320,3459.320,3459.320,0,0,0
2018-07-10,3474.140,3474.140,3474.140,3474.140,0,0,0
2018-07-11,3427.570,3427.570,3427.570,3427.570,0,0,0
2018-07-12,3499.100,3499.100,3499.100,3499.100,0,0,0
2018-07-13,3499.760,3499.760,3499.760,3499.760,0,0,0
2018-07-16,3506.240,3506.240,3506.240,3506.240,0,0,0
2018-07-17,3467.190,3467.190,3467.190,3467.190,0,0,0
2018-07-18,3479.260,3479.260,3479.260,3479.260,0,0,0
2018-07-19,3466.510,3466.510,3466.510,3466.510,0,0,0
2018-07-20,3505.930,3505.930,3505.930,3505.930,0,0,0
2018-07-23,3527.530,3527.530,3527.530,3527.530,0,0,0
2018-07-24,3596.510,3596.510,3596.510,3596.510,0,0,0
2018-07-25,3589.980,3589.980,3589.980,3589.980,0,0,0
2018-07-26,3593.920,3593.920,3593.920,3593.920,0,0,0
2018-07-27,3545.410,3545.410,3545.410,3545.410,0,0,0
2018-07-30,3550.900,3550.900,3550.900,3550.900,0,0,0
2018-07-31,3528.150,3528.150,3528.150,3528.150,0,0,0
2018-08-01,3543.610,3543.610,3543.610,3543.610,0,0,0
2018-08-02,3434.350,3434.350,3434.350,3434.350,0,0,0
2018-08-03,3381.340,3381.340,3381.340,3381.340,0,0,0
2018-08-06,3344.250,3344.250,3344.250,3344.250,0,0,0
2018-08-07,3368.960,3368.960,3368.960,3368.960,0,0,0
2018-08-08,3368.160,3368.160,3368.160,3368.160,0,0,0
2018-08-09,3408.390,3408.390,3408.390,3408.390,0,0,0
2018-08-10,3424.040,3424.040,3424.040,3424.040,0,0,0
2018-08-13,3396.190,3396.190,3396.190,3396.190,0,0,0
2018-08-14,3391.730,3391.730,3391.730,3391.730,0,0,0
2018-08-15,3372.140,3372.140,3372.140,3372.140,0,0,0
2018-08-16,3315.200,3315.200,3315.200,3315.200,0,0,0
2018-08-17,3311.570,3311.570,3311.570,3311.570,0,0,0
2018-08-20,3267.250,3267.250,3267.250,3267.250,0,0,0
2018-08-21,3331.710,3331.710,3331.710,3331.710,0,0,0
2018-08-22,3328.970,3328.970,3328.970,3328.970,0,0,0
2018-08-23,3336.110,3336.110,3336.110,3336.110,0,0,0
2018-08-24,3353.040,3353.040,3353.040,3353.040,0,0,0
2018-08-27,3406.570,3406.570,3406.570,3406.570,0,0,0
2018-08-28,3416.590,3416.590,3416.590,3416.590,0,0,0
2018-08-29,3398.710,3398.710,3398.710,3398.710,0,0,0
2018-08-30,3402.560,3402.560,3402.560,3402.560,0,0,0
2018-08-31,3356.580,3356.580,3356.580,3356.580,0,0,0
2018-09-03,3325.610,3325.610,3325.610,3325.610,0,0,0
2018-09-04,3370.960,3370.960,3370.960,3370.960,0,0,0
2018-09-05,3354.200,3354.200,3354.200,3354.200,0,0,0
2018-09-06,3311.500,3311.500,3311.500,3311.500,0,0,0
2018-09-07,3316.610,3316.610,3316.610,3316.610,0,0,0
2018-09-10,3277.880,3277.880,3277.880,3277.880,0,0,0
2018-09-11,3245.620,3245.620,3245.620,3245.620,0,0,0
2018-09-12,3225.600,3225.600,3225.600,3225.600,0,0,0
2018-09-13,3249.590,3249.590,3249.590,3249.590,0,0,0
2018-09-14,3254.100,3254.100,3254.100,3254.100,0,0,0
2018-09-17,3230.790,3230.790,3230.790,3230.790,0,0,0
2018-09-18,3270.110,3270.110,3270.110,3270.110,0,0,0
2018-09-19,3335.990,3335.990,3335.990,3335.990,0,0,0
2018-09-20,3332.310,3332.310,3332.310,3332.310,0,0,0
2018-09-21,3410.490,3410.490,3410.490,3410.490,0,0,0
2018-09-25,3394.380,3394.380,3394.380,3394.380,0,0,0
2018-09-26,3448.260,3448.260,3448.260,3448.260,0,0,0
2018-09-27,3423.710,3423.710,3423.710,3423.710,0,0,0
2018-09-28,3444.990,3444.990,3444.990,3444.990,0,0,0
2018-10-08,3364.460,3364.460,3364.460,3364.460,0,0,0
2018-10-09,3309.800,3309.800,3309.800,3309.800,0,0,0
2018-10-10,3315.730,3315.730,3315.730,3315.730,0,0,0
2018-10-11,3209.520,3209.520,3209.520,3209.520,0,0,0
2018-10-12,3184.120,3184.120,3184.120,3184.120,0,0,0
2018-10-15,3183.130,3183.130,3183.130,3183.130,0,0,0
2018-10-16,3166.090,3166.090,3166.090,3166.090,0,0,0
2018-10-17,3149.130,3149.130,3149.130,3149.130,0,0,0
2018-10-18,3097.790,3097.790,3097.790,3097.790,0,0,0
2018-10-19,3137.750,3137.750,3137.750,3137.750,0,0,0
2018-10-22,3297.380,3297.380,3297.380,3297.380,0,0,0
2018-10-23,3276.020,3276.020,3276.020,3276.020,0,0,0
2018-10-24,3245.400,3245.400,3245.400,3245.400,0,0,0
2018-10-25,3197.320,3197.320,3197.320,3197.320,0,0,0
2018-10-26,3218.100,3218.100,3218.100,3218.100,0,0,0
2018-10-29,3158.810,3158.810,3158.810,3158.810,0,0,0
2018-10-30,3146.630,3146.630,3146.630,3146.630,0,0,0
2018-10-31,3168.920,3168.920,3168.920,3168.920,0,0,0
2018-11-01,3217.800,3217.800,3217.800,3217.800,0,0,0
2018-11-02,3290.250,3290.250,3290.250,3290.250,0,0,0
2018-11-05,3279.880,3279.880,3279.880,3279.880,0,0,0
2018-11-06,3254.980,3254.980,3254.980,3254.980,0,0,0
2018-11-07,3270.500,3270.500,3270.500,3270.500,0,0,0
2018-11-08,3253.570,3253.570,3253.570,3253.570,0,0,0
2018-11-09,3193.300,3193.300,3193.300,3193.300,0,0,0
2018-11-12,3206.510,3206.510,3206.510,3206.510,0,0,0
2018-11-13,3254.770,3254.770,3254.770,3254.770,0,0,0
2018-11-14,3239.240,3239.240,3239.240,3239.240,0,0,0
2018-11-15,3242.380,3242.380,3242.380,3242.380,0,0,0
2018-11-16,3282.390,3282.390,3282.390,3282.390,0,0,0
2018-11-19,3294.600,3294.600,3294.600,3294.600,0,0,0
2018-11-20,3278.780,3278.780,3278.780,3278.780,0,0,0
2018-11-21,3230.260,3230.260,3230.260,3230.260,0,0,0
2018-11-22,3235.450,3235.450,3235.450,3235.450,0,0,0
2018-11-23,3212.200,3212.200,3212.200,3212.200,0,0,0
2018-11-26,3169.440,3169.440,3169.440,3169.440,0,0,0
2018-11-27,3162.010,3162.010,3162.010,3162.010,0,0,0
2018-11-28,3179.410,3179.410,3179.410,3179.410,0,0,0
2018-11-29,3204.860,3204.860,3204.860,3204.860,0,0,0
2018-11-30,3175.150,3175.150,3175.150,3175.150,0,0,0
2018-12-03,3273.640,3273.640,3273.640,3273.640,0,0,0
2018-12-04,3267.940,3267.940,3267.940,3267.940,0,0,0
2018-12-05,3266.900,3266.900,3266.900,3266.900,0,0,0
2018-12-06,3223.520,3223.520,3223.520,3223.520,0,0,0
2018-12-07,3193.820,3193.820,3193.820,3193.820,0,0,0
2018-12-10,3170.150,3170.150,3170.150,3170.150,0,0,0
2018-12-11,3161.960,3161.960,3161.960,3161.960,0,0,0
2018-12-12,3182.210,3182.210,3182.210,3182.210,0,0,0
2018-12-13,3234.080,3234.080,3234.080,3234.080,0,0,0
2018-12-14,3210.720,3210.720,3210.720,3210.720,0,0,0
2018-12-17,3167.510,3167.510,3167.510,3167.510,0,0,0
2018-12-18,3165.000,3165.000,3165.000,3165.000,0,0,0
2018-12-19,3137.010,3137.010,3137.010,3137.010,0,0,0
2018-12-20,3097.720,3097.720,3097.720,3097.720,0,0,0
2018-12-21,3057.400,3057.400,3057.400,3057.400,0,0,0
2018-12-24,3040.350,3040.350,3040.350,3040.350,0,0,0
2018-12-25,3030.140,3030.140,3030.140,3030.140,0,0,0
2018-12-26,3029.060,3029.060,3029.060,3029.060,0,0,0
2018-12-27,3047.230,3047.230,3047.230,3047.230,0,0,0
2018-12-28,3024.350,3024.350,3024.350,3024.350,0,0,0
2019-01-02,3018.780,3018.780,3018.780,3018.780,0,0,0
2019-01-03,3000.440,3000.440,3000.440,3000.440,0,0,0
2019-01-04,3036.810,3036.810,3036.810,3036.810,0,0,0
2019-01-07,3061.750,3061.750,3061.750,3061.750,0,0,0
2019-01-08,3055.510,3055.510,3055.510,3055.510,0,0,0
2019-01-09,3117.960,3117.960,3117.960,3117.960,0,0,0
2019-01-10,3092.540,3092.540,3092.540,3092.540,0,0,0
2019-01-11,3102.830,3102.830,3102.830,3102.830,0,0,0
2019-01-14,3097.410,3097.410,3097.410,3097.410,0,0,0
2019-01-15,3129.370,3129.370,3129.370,3129.370,0,0,0
2019-01-16,3135.010,3135.010,3135.010,3135.010,0,0,0
2019-01-17,3141.710,3141.710,3141.710,3141.710,0,0,0
2019-01-18,3171.690,3171.690,3171.690,3171.690,0,0,0
2019-01-21,3199.210,3199.210,3199.210,3199.210,0,0,0
2019-01-22,3181.950,3181.950,3181.950,3181.950,0,0,0
2019-01-23,3157.630,3157.630,3157.630,3157.630,0,0,0
2019-01-24,3165.630,3165.630,3165.630,3165.630,0,0,0
2019-01-25,3203.170,3203.170,3203.170,3203.170,0,0,0
2019-01-28,3228.870,3228.870,3228.870,3228.870,0,0,0
2019-01-29,3200.990,3200.990,3200.990,3200.990,0,0,0
2019-01-30,3202.900,3202.900,3202.900,3202.900,0,0,0
2019-01-31,3216.070,3216.070,3216.070,3216.070,0,0,0
2019-02-01,3247.500,3247.500,3247.500,3247.500,0,0,0
2019-02-11,3307.060,3307.060,3307.060,3307.060,0,0,0
2019-02-12,3335.360,3335.360,3335.360,3335.360,0,0,0
2019-02-13,3405.580,3405.580,3405.580,3405.580,0,0,0
2019-02-14,3415.400,3415.400,3415.400,3415.400,0,0,0
2019-02-15,3395.030,3395.030,3395.030,3395.030,0,0,0
2019-02-18,3445.740,3445.740,3445.740,3445.740,0,0,0
2019-02-19,3480.790,3480.790,3480.790,3480.790,0,0,0
2019-02-20,3463.770,3463.770,3463.770,3463.770,0,0,0
2019-02-21,3500.250,3500.250,3500.250,3500.250,0,0,0
2019-02-22,3520.120,3520.120,3520.120,3520.120,0,0,0
2019-02-25,3729.480,3729.480,3729.480,3729.480,0,0,0
2019-02-26,3762.110,3762.110,3762.110,3762.110,0,0,0
2019-02-27,3737.630,3737.630,3737.630,3737.630,0,0,0
2019-02-28,3695.460,3695.460,3695.460,3695.460,0,0,0
2019-03-01,3749.710,3749.710,3749.710,3749.710,0,0,0
2019-03-04,3886.580,3886.580,3886.580,3886.580,0,0,0
2019-03-05,3816.160,3816.160,3816.160,3816.160,0,0,0
2019-03-06,3855.160,3855.160,3855.160,3855.160,0,0,0
2019-03-07,3845.180,3845.180,3845.180,3845.180,0,0,0
2019-03-08,3774.540,3774.540,3774.540,3774.540,0,0,0
2019-03-11,3731.910,3731.910,3731.910,3731.910,0,0,0
2019-03-12,3804.720,3804.720,3804.720,3804.720,0,0,0
2019-03-13,3763.090,3763.090,3763.090,3763.090,0,0,0
2019-03-14,3747.820,3747.820,3747.820,3747.820,0,0,0
2019-03-15,3782.240,3782.240,3782.240,3782.240,0,0,0
2019-03-18,3851.750,3851.750,3851.750,3851.750,0,0,0
2019-03-19,3868.340,3868.340,3868.340,3868.340,0,0,0
2019-03-20,3855.150,3855.150,3855.150,3855.150,0,0,0
2019-03-21,3864.070,3864.070,3864.070,3864.070,0,0,0
2019-03-22,3845.580,3845.580,3845.580,3845.580,0,0,0
2019-03-25,3807.180,3807.180,3807.180,3807.180,0,0,0
2019-03-26,3770.840,3770.840,3770.840,3770.840,0,0,0
2019-03-27,3750.260,3750.260,3750.260,3750.260,0,0,0
2019-03-28,3755.720,3755.720,3755.720,3755.720,0,0,0
2019-03-29,3876.380,3876.380,3876.380,3876.380,0,0,0
2019-04-01,3982.910,3982.910,3982.910,3982.910,0,0,0
2019-04-02,3988.100,3988.100,3988.100,3988.100,0,0,0
2019-04-03,4026.500,4026.500,4026.500,4026.500,0,0,0
2019-04-04,4072.110,4072.110,4072.110,4072.110,0,0,0
2019-04-08,4122.600,4122.600,4122.600,4122.600,0,0,0
2019-04-09,4084.240,4084.240,4084.240,4084.240,0,0,0
2019-04-10,4115.380,4115.380,4115.380,4115.380,0,0,0
2019-04-11,4097.120,4097.120,4097.120,4097.120,0,0,0
2019-04-12,4006.930,4006.930,4006.930,4006.930,0,0,0
2019-04-15,4085.390,4085.390,4085.390,4085.390,0,0,0
2019-04-16,4085.790,4085.790,4085.790,4085.790,0,0,0
2019-04-17,4106.620,4106.620,4106.620,4106.620,0,0,0
2019-04-18,4094.050,4094.050,4094.050,4094.050,0,0,0
2019-04-19,4120.640,4120.640,4120.640,4120.640,0,0,0
2019-04-22,4126.090,4126.090,4126.090,4126.090,0,0,0
2019-04-23,4061.090,4061.090,4061.090,4061.090,0,0,0
2019-04-24,4044.340,4044.340,4044.340,4044.340,0,0,0
2019-04-25,4022.560,4022.560,4022.560,4022.560,0,0,0
2019-04-26,3943.830,3943.830,3943.830,3943.830,0,0,0
2019-04-29,3953.230,3953.230,3953.230,3953.230,0,0,0
2019-04-30,3923.110,3923.110,3923.110,3923.110,0,0,0
2019-05-06,3791.610,3791.610,3791.610,3791.610,0,0,0
2019-05-07,3738.180,3738.180,3738.180,3738.180,0,0,0
2019-05-08,3722.930,3722.930,3722.930,3722.930,0,0,0
2019-05-09,3656.900,3656.900,3656.900,3656.900,0,0,0
2019-05-10,3732.920,3732.920,3732.920,3732.920,0,0,0
2019-05-13,3702.900,3702.900,3702.900,3702.900,0,0,0
2019-05-14,3683.260,3683.260,3683.260,3683.260,0,0,0
2019-05-15,3741.040,3741.040,3741.040,3741.040,0,0,0
2019-05-16,3745.140,3745.140,3745.140,3745.140,0,0,0
2019-05-17,3745.360,3745.360,3745.360,3745.360,0,0,0
2019-05-20,3644.500,3644.500,3644.500,3644.500,0,0,0
2019-05-21,3690.090,3690.090,3690.090,3690.090,0,0,0
2019-05-22,3679.270,3679.270,3679.270,3679.270,0,0,0
2019-05-23,3631.470,3631.470,3631.470,3631.470,0,0,0
2019-05-24,3623.390,3623.390,3623.390,3623.390,0,0,0
2019-05-27,3648.030,3648.030,3648.030,3648.030,0,0,0
2019-05-28,3683.230,3683.230,3683.230,3683.230,0,0,0
2019-05-29,3693.230,3693.230,3693.230,3693.230,0,0,0
2019-05-30,3650.970,3650.970,3650.970,3650.970,0,0,0
2019-05-31,3668.180,3668.180,3668.180,3668.180,0,0,0
2019-06-03,3672.810,3672.810,3672.810,3672.810,0,0,0
2019-06-04,3636.130,3636.130,3636.130,3636.130,0,0,0
2019-06-05,3634.450,3634.450,3634.450,3634.450,0,0,0
2019-06-06,3601.040,3601.040,3601.040,3601.040,0,0,0
2019-06-10,3623.730,3623.730,3623.730,3623.730,0,0,0
2019-06-11,3723.140,3723.140,3723.140,3723.140,0,0,0
2019-06-12,3711.880,3711.880,3711.880,3711.880,0,0,0
2019-06-13,3697.590,3697.590,3697.590,3697.590,0,0,0
2019-06-14,3709.650,3709.650,3709.650,3709.650,0,0,0
2019-06-17,3683.770,3683.770,3683.770,3683.770,0,0,0
2019-06-18,3675.650,3675.650,3675.650,3675.650,0,0,0
2019-06-19,3771.350,3771.350,3771.350,3771.350,0,0,0
2019-06-20,3845.790,3845.790,3845.790,3845.790,0,0,0
2019-06-21,3856.090,3856.090,3856.090,3856.090,0,0,0
2019-06-24,3853.550,3853.550,3853.550,3853.550,0,0,0
2019-06-25,3838.060,3838.060,3838.060,3838.060,0,0,0
2019-06-26,3809.760,3809.760,3809.760,3809.760,0,0,0
2019-06-27,3854.080,3854.080,3854.080,3854.080,0,0,0
2019-06-28,3835.230,3835.230,3835.230,3835.230,0,0,0
2019-07-01,3936.670,3936.670,3936.670,3936.670,0,0,0
2019-07-02,3942.430,3942.430,3942.430,3942.430,0,0,0
2019-07-03,3927.440,3927.440,3927.440,3927.440,0,0,0
2019-07-04,3906.890,3906.890,3906.890,3906.890,0,0,0
2019-07-05,3900.310,3900.310,3900.310,3900.310,0,0,0
2019-07-08,3875.750,3875.750,3875.750,3875.750,0,0,0
2019-07-09,3811.100,3811.100,3811.100,3811.100,0,0,0
2019-07-10,3810.400,3810.400,3810.400,3810.400,0,0,0
2019-07-11,3830.740,3830.740,3830.740,3830.740,0,0,0
2019-07-12,3820.240,3820.240,3820.240,3820.240,0,0,0
2019-07-15,3844.870,3844.870,3844.870,3844.870,0,0,0
2019-07-16,3828.330,3828.330,3828.330,3828.330,0,0,0
2019-07-17,3820.270,3820.270,3820.270,3820.270,0,0,0
2019-07-18,3793.390,3793.390,3793.390,3793.390,0,0,0
2019-07-19,3828.150,3828.150,3828.150,3828.150,0,0,0
2019-07-22,3816.540,3816.540,3816.540,3816.540,0,0,0
2019-07-23,3792.960,3792.960,3792.960,3792.960,0,0,0
2019-07-24,3840.060,3840.060,3840.060,3840.060,0,0,0
2019-07-25,3851.070,3851.070,3851.070,3851.070,0,0,0
2019-07-26,3863.590,3863.590,3863.590,3863.590,0,0,0
2019-07-29,3862.750,3862.750,3862.750,3862.750,0,0,0
2019-07-30,3890.730,3890.730,3890.730,3890.730,0,0,0
2019-07-31,3856.750,3856.750,3856.750,3856.750,0,0,0
2019-08-01,3831.260,3831.260,3831.260,3831.260,0,0,0
2019-08-02,3754.530,3754.530,3754.530,3754.530,0,0,0
2019-08-05,3739.500,3739.500,3739.500,3739.500,0,0,0
2019-08-06,3649.900,3649.900,3649.900,3649.900,0,0,0
2019-08-07,3659.080,3659.080,3659.080,3659.080,0,0,0
2019-08-08,3675.460,3675.460,3675.460,3675.460,0,0,0
2019-08-09,3689.180,3689.180,3689.180,3689.180,0,0,0
2019-08-12,3699.100,3699.100,3699.100,3699.100,0,0,0
2019-08-13,3686.430,3686.430,3686.430,3686.430,0,0,0
2019-08-14,3717.560,3717.560,3717.560,3717.560,0,0,0
2019-08-15,3694.300,3694.300,3694.300,3694.300,0,0,0
2019-08-16,3738.100,3738.100,3738.100,3738.100,0,0,0
2019-08-19,3791.090,3791.090,3791.090,3791.090,0,0,0
2019-08-20,3799.900,3799.900,3799.900,3799.900,0,0,0
2019-08-21,3792.600,3792.600,3792.600,3792.600,0,0,0
2019-08-22,3797.330,3797.330,3797.330,3797.330,0,0,0
2019-08-23,3829.360,3829.360,3829.360,3829.360,0,0,0
2019-08-26,3778.870,3778.870,3778.870,3778.870,0,0,0
2019-08-27,3848.240,3848.240,3848.240,3848.240,0,0,0
2019-08-28,3822.590,3822.590,3822.590,3822.590,0,0,0
2019-08-29,3808.600,3808.600,3808.600,3808.600,0,0,0
2019-08-30,3828.970,3828.970,3828.970,3828.970,0,0,0
2019-09-02,3855.780,3855.780,3855.780,3855.780,0,0,0
2019-09-03,3856.680,3856.680,3856.680,3856.680,0,0,0
2019-09-04,3886.000,3886.000,3886.000,3886.000,0,0,0
2019-09-05,3970.000,3970.000,3970.000,3970.000,0,0,0
2019-09-06,3948.540,3948.540,3948.540,3948.540,0,0,0
2019-09-09,3985.240,3985.240,3985.240,3985.240,0,0,0
2019-09-10,3976.920,3976.920,3976.920,3976.920,0,0,0
2019-09-11,3971.220,3971.220,3971.220,3971.220,0,0,0
2019-09-12,3975.930,3975.930,3975.930,3975.930,0,0,0
2019-09-16,3982.200,3982.200,3982.200,3982.200,0,0,0
2019-09-17,3947.160,3947.160,3947.160,3947.160,0,0,0
2019-09-18,3923.150,3923.150,3923.150,3923.150,0,0,0
2019-09-19,3924.380,3924.380,3924.380,3924.380,0,0,0
2019-09-20,3942.220,3942.220,3942.220,3942.220,0,0,0
2019-09-23,3925.190,3925.190,3925.190,3925.190,0,0,0
2019-09-24,3927.010,3927.010,3927.010,3927.010,0,0,0
2019-09-25,3889.840,3889.840,3889.840,3889.840,0,0,0
2019-09-26,3890.750,3890.750,3890.750,3890.750,0,0,0
2019-09-27,3859.500,3859.500,3859.500,3859.500,0,0,0
2019-09-30,3857.230,3857.230,3857.230,3857.230,0,0,0
2019-10-08,3861.640,3861.640,3861.640,3861.640,0,0,0
2019-10-09,3845.340,3845.340,3845.340,3845.340,0,0,0
2019-10-10,3877.140,3877.140,3877.140,3877.140,0,0,0
2019-10-11,3922.370,3922.370,3922.370,3922.370,0,0,0
2019-10-14,3983.810,3983.810,3983.810,3983.810,0,0,0
2019-10-15,3953.160,3953.160,3953.160,3953.160,0,0,0
2019-10-16,3964.050,3964.050,3964.050,3964.050,0,0,0
2019-10-17,3935.810,3935.810,3935.810,3935.810,0,0,0
2019-10-18,3940.540,3940.540,3940.540,3940.540,0,0,0
2019-10-21,3884.740,3884.740,3884.740,3884.740,0,0,0
2019-10-22,3897.440,3897.440,3897.440,3897.440,0,0,0
2019-10-23,3901.420,3901.420,3901.420,3901.420,0,0,0
2019-10-24,3890.200,3890.200,3890.200,3890.200,0,0,0
2019-10-25,3899.720,3899.720,3899.720,3899.720,0,0,0
2019-10-28,3927.800,3927.800,3927.800,3927.800,0,0,0
2019-10-29,3932.370,3932.370,3932.370,3932.370,0,0,0
2019-10-30,3908.100,3908.100,3908.100,3908.100,0,0,0
2019-10-31,3907.150,3907.150,3907.150,3907.150,0,0,0
2019-11-01,3956.080,3956.080,3956.080,3956.080,0,0,0
2019-11-04,3985.360,3985.360,3985.360,3985.360,0,0,0
2019-11-05,4030.640,4030.640,4030.640,4030.640,0,0,0
2019-11-06,4007.500,4007.500,4007.500,4007.500,0,0,0
2019-11-07,4005.380,4005.380,4005.380,4005.380,0,0,0
2019-11-08,4022.040,4022.040,4022.040,4022.040,0,0,0
2019-11-11,3948.620,3948.620,3948.620,3948.620,0,0,0
2019-11-12,3914.880,3914.880,3914.880,3914.880,0,0,0
2019-11-13,3908.420,3908.420,3908.420,3908.420,0,0,0
2019-11-14,3916.950,3916.950,3916.950,3916.950,0,0,0
2019-11-15,3915.100,3915.100,3915.100,3915.100,0,0,0
2019-11-18,3913.100,3913.100,3913.100,3913.100,0,0,0
2019-11-19,3947.040,3947.040,3947.040,3947.040,0,0,0
2019-11-20,3943.230,3943.230,3943.230,3943.230,0,0,0
2019-11-21,3901.830,3901.830,3901.830,3901.830,0,0,0
2019-11-22,3918.840,3918.840,3918.840,3918.840,0,0,0
2019-11-25,3878.250,3878.250,3878.250,3878.250,0,0,0
2019-11-26,3899.110,3899.110,3899.110,3899.110,0,0,0
2019-11-27,3889.980,3889.980,3889.980,3889.980,0,0,0
2019-11-28,3887.690,3887.690,3887.690,3887.690,0,0,0
2019-11-29,3861.660,3861.660,3861.660,3861.660,0,0,0
2019-12-02,3854.750,3854.750,3854.750,3854.750,0,0,0
2019-12-03,3851.120,3851.120,3851.120,3851.120,0,0,0
2019-12-04,3852.990,3852.990,3852.990,3852.990,0,0,0
2019-12-05,3883.400,3883.400,3883.400,3883.400,0,0,0
2019-12-06,3902.390,3902.390,3902.390,3902.390,0,0,0
2019-12-09,3911.970,3911.970,3911.970,3911.970,0,0,0
2019-12-10,3900.960,3900.960,3900.960,3900.960,0,0,0
2019-12-11,3909.390,3909.390,3909.390,3909.390,0,0,0
2019-12-12,3908.450,3908.450,3908.450,3908.450,0,0,0
2019-12-13,3969.460,3969.460,3969.460,3969.460,0,0,0
2019-12-16,3987.590,3987.590,3987.590,3987.590,0,0,0
2019-12-17,4067.140,4067.140,4067.140,4067.140,0,0,0
2019-12-18,4057.640,4057.640,4057.640,4057.640,0,0,0
2019-12-19,4038.540,4038.540,4038.540,4038.540,0,0,0
2019-12-20,4046.730,4046.730,4046.730,4046.730,0,0,0
2019-12-23,4032.170,4032.170,4032.170,4032.170,0,0,0
2019-12-24,3994.510,3994.510,3994.510,3994.510,0,0,0
2019-12-25,4000.560,4000.560,4000.560,4000.560,0,0,0
2019-12-26,4025.990,4025.990,4025.990,4025.990,0,0,0
2019-12-27,4066.800,4066.800,4066.800,4066.800,0,0,0
2019-12-30,4083.690,4083.690,4083.690,4083.690,0,0,0
2019-12-31,4098.140,4098.140,4098.140,4098.140,0,0,0
2020-01-02,4172.660,4172.660,4172.660,4172.660,0,0,0
2020-01-03,4164.300,4164.300,4164.300,4164.300,0,0,0
2020-01-06,4170.640,4170.640,4170.640,4170.640,0,0,0
2020-01-07,4161.250,4161.250,4161.250,4161.250,0,0,0
2020-01-08,4149.810,4149.810,4149.810,4149.810,0,0,0
2020-01-09,4165.660,4165.660,4165.660,4165.660,0,0,0
2020-01-10,4180.980,4180.980,4180.980,4180.980,0,0,0
2020-01-13,4203.990,4203.990,4203.990,4203.990,0,0,0
2020-01-14,4223.510,4223.510,4223.510,4223.510,0,0,0
2020-01-15,4193.870,4193.870,4193.870,4193.870,0,0,0
2020-01-16,4175.290,4175.290,4175.290,4175.290,0,0,0
2020-01-17,4177.030,4177.030,4177.030,4177.030,0,0,0
2020-01-20,4185.960,4185.960,4185.960,4185.960,0,0,0
2020-01-21,4165.020,4165.020,4165.020,4165.020,0,0,0
2020-01-22,4141.180,4141.180,4141.180,4141.180,0,0,0
2020-01-23,4103.520,4103.520,4103.520,4103.520,0,0,0
2020-02-03,3732.160,3732.160,3732.160,3732.160,0,0,0
2020-02-04,3786.860,3786.860,3786.860,3786.860,0,0,0
2020-02-05,3866.010,3866.010,3866.010,3866.010,0,0,0
2020-02-06,3914.920,3914.920,3914.920,3914.920,0,0,0
2020-02-07,3899.880,3899.880,3899.880,3899.880,0,0,0
2020-02-10,3920.170,3920.170,3920.170,3920.170,0,0,0
2020-02-11,3970.520,3970.520,3970.520,3970.520,0,0,0
2020-02-12,3984.430,3984.430,3984.430,3984.430,0,0,0
2020-02-13,3999.550,3999.550,3999.550,3999.550,0,0,0
2020-02-14,4001.560,4001.560,4001.560,4001.560,0,0,0
2020-02-17,4077.450,4077.450,4077.450,4077.450,0,0,0
2020-02-18,4076.390,4076.390,4076.390,4076.390,0,0,0
2020-02-19,4085.170,4085.170,4085.170,4085.170,0,0,0
2020-02-20,4148.530,4148.530,4148.530,4148.530,0,0,0
2020-02-21,4184.440,4184.440,4184.440,4184.440,0,0,0
2020-02-24,4149.010,4149.010,4149.010,4149.010,0,0,0
2020-02-25,4126.710,4126.710,4126.710,4126.710,0,0,0
2020-02-26,4132.780,4132.780,4132.780,4132.780,0,0,0
2020-02-27,4110.530,4110.530,4110.530,4110.530,0,0,0
2020-02-28,4031.150,4031.150,4031.150,4031.150,0,0,0
2020-03-02,4092.540,4092.540,4092.540,4092.540,0,0,0
2020-03-03,4147.650,4147.650,4147.650,4147.650,0,0,0
2020-03-04,4115.260,4115.260,4115.260,4115.260,0,0,0
2020-03-05,4215.850,4215.850,4215.850,4215.850,0,0,0
2020-03-06,4181.310,4181.310,4181.310,4181.310,0,0,0
2020-03-09,4063.080,4063.080,4063.080,4063.080,0,0,0
2020-03-10,4093.000,4093.000,4093.000,4093.000,0,0,0
2020-03-11,4091.270,4091.270,4091.270,4091.270,0,0,0
2020-03-12,3987.430,3987.430,3987.430,3987.430,0,0,0
2020-03-13,3937.180,3937.180,3937.180,3937.180,0,0,0
2020-03-16,3899.860,3899.860,3899.860,3899.860,0,0,0
2020-03-17,3786.890,3786.890,3786.890,3786.890,0,0,0
2020-03-18,3775.850,3775.850,3775.850,3775.850,0,0,0
2020-03-19,3647.990,3647.990,3647.990,3647.990,0,0,0
2020-03-20,3663.950,3663.950,3663.950,3663.950,0,0,0
2020-03-23,3585.800,3585.800,3585.800,3585.800,0,0,0
2020-03-24,3627.760,3627.760,3627.760,3627.760,0,0,0
2020-03-25,3732.650,3732.650,3732.650,3732.650,0,0,0
2020-03-26,3736.250,3736.250,3736.250,3736.250,0,0,0
2020-03-27,3758.780,3758.780,3758.780,3758.780,0,0,0
2020-03-30,3690.640,3690.640,3690.640,3690.640,0,0,0
2020-03-31,3716.070,3716.070,3716.070,3716.070,0,0,0
2020-04-01,3731.780,3731.780,3731.780,3731.780,0,0,0
2020-04-02,3734.530,3734.530,3734.530,3734.530,0,0,0
2020-04-03,3738.830,3738.830,3738.830,3738.830,0,0,0
2020-04-07,3803.630,3803.630,3803.630,3803.630,0,0,0
2020-04-08,3793.000,3793.000,3793.000,3793.000,0,0,0
2020-04-09,3801.720,3801.720,3801.720,3801.720,0,0,0
2020-04-10,3824.740,3824.740,3824.740,3824.740,0,0,0
2020-04-13,3769.880,3769.880,3769.880,3769.880,0,0,0
2020-04-14,3825.760,3825.760,3825.760,3825.760,0,0,0
2020-04-15,3829.800,3829.800,3829.800,3829.800,0,0,0
2020-04-16,3807.360,3807.360,3807.360,3807.360,0,0,0
2020-04-17,3863.450,3863.450,3863.450,3863.450,0,0,0
2020-04-20,3853.800,3853.800,3853.800,3853.800,0,0,0
2020-04-21,3838.230,3838.230,3838.230,3838.230,0,0,0
2020-04-22,3839.380,3839.380,3839.380,3839.380,0,0,0
2020-04-23,3857.470,3857.470,3857.470,3857.470,0,0,0
2020-04-24,3827.210,3827.210,3827.210,3827.210,0,0,0
2020-04-27,3842.870,3842.870,3842.870,3842.870,0,0,0
2020-04-28,3859.680,3859.680,3859.680,3859.680,0,0,0
2020-04-29,3880.740,3880.740,3880.740,3880.740,0,0,0
2020-04-30,3921.700,3921.700,3921.700,3921.700,0,0,0
2020-05-06,3937.690,3937.690,3937.690,3937.690,0,0,0
2020-05-07,3941.480,3941.480,3941.480,3941.480,0,0,0
2020-05-08,3979.660,3979.660,3979.660,3979.660,0,0,0
2020-05-11,3998.100,3998.100,3998.100,3998.100,0,0,0
2020-05-12,3970.110,3970.110,3970.110,3970.110,0,0,0
2020-05-13,3972.530,3972.530,3972.530,3972.530,0,0,0
2020-05-14,3952.200,3952.200,3952.200,3952.200,0,0,0
2020-05-15,3945.200,3945.200,3945.200,3945.200,0,0,0
2020-05-18,3946.430,3946.430,3946.430,3946.430,0,0,0
2020-05-19,3966.850,3966.850,3966.850,3966.850,0,0,0
2020-05-20,3955.710,3955.710,3955.710,3955.710,0,0,0
2020-05-21,3951.740,3951.740,3951.740,3951.740,0,0,0
2020-05-22,3907.580,3907.580,3907.580,3907.580,0,0,0
2020-05-25,3835.630,3835.630,3835.630,3835.630,0,0,0
2020-05-26,3874.750,3874.750,3874.750,3874.750,0,0,0
2020-05-27,3873.700,3873.700,3873.700,3873.700,0,0,0
2020-05-28,3885.420,3885.420,3885.420,3885.420,0,0,0
2020-05-29,3872.300,3872.300,3872.300,3872.300,0,0,0
2020-06-01,3976.320,3976.320,3976.320,3976.320,0,0,0
2020-06-02,3991.780,3991.780,3991.780,3991.780,0,0,0
2020-06-03,4018.680,4018.680,4018.680,4018.680,0,0,0
2020-06-04,3999.810,3999.810,3999.810,3999.810,0,0,0
2020-06-05,4001.250,4001.250,4001.250,4001.250,0,0,0
2020-06-08,4050.220,4050.220,4050.220,4050.220,0,0,0
2020-06-09,4052.160,4052.160,4052.160,4052.160,0,0,0
2020-06-10,4046.230,4046.230,4046.230,4046.230,0,0,0
2020-06-11,4043.010,4043.010,4043.010,4043.010,0,0,0
2020-06-12,4011.060,4011.060,4011.060,4011.060,0,0,0
2020-06-15,4007.140,4007.140,4007.140,4007.140,0,0,0
2020-06-16,4014.570,4014.570,4014.570,4014.570,0,0,0
2020-06-17,4018.610,4018.610,4018.610,4018.610,0,0,0
2020-06-18,4047.560,4047.560,4047.560,4047.560,0,0,0
2020-06-19,4109.360,4109.360,4109.360,4109.360,0,0,0
2020-06-22,4126.940,4126.940,4126.940,4126.940,0,0,0
2020-06-23,4124.730,4124.730,4124.730,4124.730,0,0,0
2020-06-24,4144.680,4144.680,4144.680,4144.680,0,0,0
2020-06-29,4137.370,4137.370,4137.370,4137.370,0,0,0
2020-06-30,4174.420,4174.420,4174.420,4174.420,0,0,0
2020-07-01,4247.780,4247.780,4247.780,4247.780,0,0,0
2020-07-02,4340.100,4340.100,4340.100,4340.100,0,0,0
2020-07-03,4419.600,4419.600,4419.600,4419.600,0,0,0
2020-07-06,4678.110,4678.110,4678.110,4678.110,0,0,0
2020-07-07,4796.320,4796.320,4796.320,4796.320,0,0,0
2020-07-08,4803.360,4803.360,4803.360,4803.360,0,0,0
2020-07-09,4854.120,4854.120,4854.120,4854.120,0,0,0
2020-07-10,4821.370,4821.370,4821.370,4821.370,0,0,0
2020-07-13,4878.080,4878.080,4878.080,4878.080,0,0,0
2020-07-14,4860.440,4860.440,4860.440,4860.440,0,0,0
2020-07-15,4837.480,4837.480,4837.480,4837.480,0,0,0
2020-07-16,4772.560,4772.560,4772.560,4772.560,0,0,0
2020-07-17,4601.370,4601.370,4601.370,4601.370,0,0,0
2020-07-20,4681.940,4681.940,4681.940,4681.940,0,0,0
2020-07-21,4714.290,4714.290,4714.290,4714.290,0,0,0
2020-07-22,4790.450,4790.450,4790.450,4790.450,0,0,0
2020-07-23,4731.400,4731.400,4731.400,4731.400,0,0,0
2020-07-24,4691.700,4691.700,4691.700,4691.700,0,0,0
2020-07-27,4558.120,4558.120,4558.120,4558.120,0,0,0
2020-07-28,4590.250,4590.250,4590.250,4590.250,0,0,0
2020-07-29,4680.560,4680.560,4680.560,4680.560,0,0,0
2020-07-30,4704.630,4704.630,4704.630,4704.630,0,0,0
2020-07-31,4741.810,4741.810,4741.810,4741.810,0,0,0
2020-08-03,4771.370,4771.370,4771.370,4771.370,0,0,0
2020-08-04,4807.080,4807.080,4807.080,4807.080,0,0,0
2020-08-05,4786.700,4786.700,4786.700,4786.700,0,0,0
2020-08-06,4791.860,4791.860,4791.860,4791.860,0,0,0
2020-08-07,4749.020,4749.020,4749.020,4749.020,0,0,0
2020-08-10,4757.660,4757.660,4757.660,4757.660,0,0,0
2020-08-11,4791.530,4791.530,4791.530,4791.530,0,0,0
2020-08-12,4681.620,4681.620,4681.620,4681.620,0,0,0
2020-08-13,4671.770,4671.770,4671.770,4671.770,0,0,0
2020-08-14,4708.070,4708.070,4708.070,4708.070,0,0,0
2020-08-17,4838.090,4838.090,4838.090,4838.090,0,0,0
2020-08-18,4825.390,4825.390,4825.390,4825.390,0,0,0
2020-08-19,4809.050,4809.050,4809.050,4809.050,0,0,0
2020-08-20,4721.440,4721.440,4721.440,4721.440,0,0,0
2020-08-21,4739.480,4739.480,4739.480,4739.480,0,0,0
2020-08-24,4769.470,4769.470,4769.470,4769.470,0,0,0
2020-08-25,4802.410,4802.410,4802.410,4802.410,0,0,0
2020-08-26,4786.420,4786.420,4786.420,4786.420,0,0,0
2020-08-27,4731.940,4731.940,4731.940,4731.940,0,0,0
2020-08-28,4850.490,4850.490,4850.490,4850.490,0,0,0
2020-08-31,4901.210,4901.210,4901.210,4901.210,0,0,0
2020-09-01,4842.140,4842.140,4842.140,4842.140,0,0,0
2020-09-02,4863.550,4863.550,4863.550,4863.550,0,0,0
2020-09-03,4877.010,4877.010,4877.010,4877.010,0,0,0
2020-09-04,4778.200,4778.200,4778.200,4778.200,0,0,0
2020-09-07,4789.300,4789.300,4789.300,4789.300,0,0,0
2020-09-08,4707.900,4707.900,4707.900,4707.900,0,0,0
2020-09-09,4645.200,4645.200,4645.200,4645.200,0,0,0
2020-09-10,4647.750,4647.750,4647.750,4647.750,0,0,0
2020-09-11,4630.880,4630.880,4630.880,4630.880,0,0,0
2020-09-14,4666.990,4666.990,4666.990,4666.990,0,0,0
2020-09-15,4691.500,4691.500,4691.500,4691.500,0,0,0
2020-09-16,4690.680,4690.680,4690.680,4690.680,0,0,0
2020-09-17,4664.950,4664.950,4664.950,4664.950,0,0,0
2020-09-18,4737.800,4737.800,4737.800,4737.800,0,0,0
2020-09-21,4752.980,4752.980,4752.980,4752.980,0,0,0
2020-09-22,4706.210,4706.210,4706.210,4706.210,0,0,0
2020-09-23,4665.960,4665.960,4665.960,4665.960,0,0,0
2020-09-24,4631.950,4631.950,4631.950,4631.950,0,0,0
2020-09-25,4599.540,4599.540,4599.540,4599.540,0,0,0
2020-09-28,4613.630,4613.630,4613.630,4613.630,0,0,0
2020-09-29,4616.680,4616.680,4616.680,4616.680,0,0,0
2020-09-30,4634.720,4634.720,4634.720,4634.720,0,0,0
2020-10-09,4695.400,4695.400,4695.400,4695.400,0,0,0
2020-10-12,4823.270,4823.270,4823.270,4823.270,0,0,0
2020-10-13,4845.920,4845.920,4845.920,4845.920,0,0,0
2020-10-14,4830.460,4830.460,4830.460,4830.460,0,0,0
2020-10-15,4833.890,4833.890,4833.890,4833.890,0,0,0
2020-10-16,4825.550,4825.550,4825.550,4825.550,0,0,0
2020-10-19,4849.610,4849.610,4849.610,4849.610,0,0,0
2020-10-20,4793.470,4793.470,4793.470,4793.470,0,0,0
2020-10-21,4801.630,4801.630,4801.630,4801.630,0,0,0
2020-10-22,4791.810,4791.810,4791.810,4791.810,0,0,0
2020-10-23,4802.460,4802.460,4802.460,4802.460,0,0,0
2020-10-26,4713.390,4713.390,4713.390,4713.390,0,0,0
2020-10-27,4708.460,4708.460,4708.460,4708.460,0,0,0
2020-10-28,4753.310,4753.310,4753.310,4753.310,0,0,0
2020-10-29,4803.030,4803.030,4803.030,4803.030,0,0,0
2020-10-30,4778.510,4778.510,4778.510,4778.510,0,0,0
2020-11-02,4738.020,4738.020,4738.020,4738.020,0,0,0
2020-11-03,4793.400,4793.400,4793.400,4793.400,0,0,0
2020-11-04,4825.460,4825.460,4825.460,4825.460,0,0,0
2020-11-05,4885.110,4885.110,4885.110,4885.110,0,0,0
2020-11-06,4897.630,4897.630,4897.630,4897.630,0,0,0
2020-11-09,4997.800,4997.800,4997.800,4997.800,0,0,0
2020-11-10,4995.410,4995.410,4995.410,4995.410,0,0,0
2020-11-11,4957.580,4957.580,4957.580,4957.580,0,0,0
2020-11-12,4926.340,4926.340,4926.340,4926.340,0,0,0
2020-11-13,4886.980,4886.980,4886.980,4886.980,0,0,0
2020-11-16,4904.170,4904.170,4904.170,4904.170,0,0,0
2020-11-17,4909.290,4909.290,4909.290,4909.290,0,0,0
2020-11-18,4911.090,4911.090,4911.090,4911.090,0,0,0
2020-11-19,4939.790,4939.790,4939.790,4939.790,0,0,0
2020-11-20,4947.430,4947.430,4947.430,4947.430,0,0,0
2020-11-23,5029.650,5029.650,5029.650,5029.650,0,0,0
2020-11-24,5001.060,5001.060,5001.060,5001.060,0,0,0
2020-11-25,5004.770,5004.770,5004.770,5004.770,0,0,0
2020-11-26,4925.290,4925.290,4925.290,4925.290,0,0,0
2020-11-27,4980.770,4980.770,4980.770,4980.770,0,0,0
2020-11-30,5055.190,5055.190,5055.190,5055.190,0,0,0
2020-12-01,5072.550,5072.550,5072.550,5072.550,0,0,0
2020-12-02,5090.610,5090.610,5090.610,5090.610,0,0,0
2020-12-03,5072.300,5072.300,5072.300,5072.300,0,0,0
2020-12-04,5072.390,5072.390,5072.390,5072.390,0,0,0
2020-12-07,5067.870,5067.870,5067.870,5067.870,0,0,0
2020-12-08,5043.060,5043.060,5043.060,5043.060,0,0,0
2020-12-09,5033.640,5033.640,5033.640,5033.640,0,0,0
2020-12-10,4962.740,4962.740,4962.740,4962.740,0,0,0
2020-12-11,4957.820,4957.820,4957.820,4957.820,0,0,0
2020-12-14,4937.260,4937.260,4937.260,4937.260,0,0,0
2020-12-15,4954.190,4954.190,4954.190,4954.190,0,0,0
2020-12-16,4968.860,4968.860,4968.860,4968.860,0,0,0
2020-12-17,5021.620,5021.620,5021.620,5021.620,0,0,0
2020-12-18,5027.440,5027.440,5027.440,5027.440,0,0,0
2020-12-21,5048.510,5048.510,5048.510,5048.510,0,0,0
2020-12-22,5055.130,5055.130,5055.130,5055.130,0,0,0
2020-12-23,5028.450,5028.450,5028.450,5028.450,0,0,0
2020-12-24,5033.040,5033.040,5033.040,5033.040,0,0,0
2020-12-25,5042.100,5042.100,5042.100,5042.100,0,0,0
2020-12-28,5089.340,5089.340,5089.340,5089.340,0,0,0
2020-12-29,5077.420,5077.420,5077.420,5077.420,0,0,0
2020-12-30,5113.710,5113.710,5113.710,5113.710,0,0,0
2020-12-31,5215.620,5215.620,5215.620,5215.620,0,0,0
2021-01-04,5284.430,5284.430,5284.430,5284.430,0,0,0
2021-01-05,5368.500,5368.500,5368.500,5368.500,0,0,0
2021-01-06,5433.470,5433.470,5433.470,5433.470,0,0,0
2021-01-07,5513.660,5513.660,5513.660,5513.660,0,0,0
2021-01-08,5547.470,5547.470,5547.470,5547.470,0,0,0
2021-01-11,5555.690,5555.690,5555.690,5555.690,0,0,0
2021-01-12,5596.350,5596.350,5596.350,5596.350,0,0,0
2021-01-13,5644.720,5644.720,5644.720,5644.720,0,0,0
2021-01-14,5568.020,5568.020,5568.020,5568.020,0,0,0
2021-01-15,5500.630,5500.630,5500.630,5500.630,0,0,0
2021-01-18,5541.460,5541.460,5541.460,5541.460,0,0,0
2021-01-19,5532.480,5532.480,5532.480,5532.480,0,0,0
2021-01-20,5496.050,5496.050,5496.050,5496.050,0,0,0
2021-01-21,5593.110,5593.110,5593.110,5593.110,0,0,0
2021-01-22,5573.660,5573.660,5573.660,5573.660,0,0,0
2021-01-25,5655.480,5655.480,5655.480,5655.480,0,0,0
2021-01-26,5600.900,5600.900,5600.900,5600.900,0,0,0
2021-01-27,5534.990,5534.990,5534.990,5534.990,0,0,0
2021-01-28,5462.240,5462.240,5462.240,5462.240,0,0,0
2021-01-29,5430.200,5430.200,5430.200,5430.200,0,0,0
2021-02-01,5422.300,5422.300,5422.300,5422.300,0,0,0
2021-02-02,5503.210,5503.210,5503.210,5503.210,0,0,0
2021-02-03,5532.890,5532.890,5532.890,5532.890,0,0,0
2021-02-04,5510.050,5510.050,5510.050,5510.050,0,0,0
2021-02-05,5550.770,5550.770,5550.770,5550.770,0,0,0
2021-02-08,5576.490,5576.490,5576.490,5576.490,0,0,0
2021-02-09,5686.250,5686.250,5686.250,5686.250,0,0,0
2021-02-10,5823.420,5823.420,5823.420,5823.420,0,0,0
2021-02-18,5930.910,5930.910,5930.910,5930.910,0,0,0
2021-02-19,5787.890,5787.890,5787.890,5787.890,0,0,0
2021-02-22,5785.510,5785.510,5785.510,5785.510,0,0,0
2021-02-23,5644.760,5644.760,5644.760,5644.760,0,0,0
2021-02-24,5598.830,5598.830,5598.830,5598.830,0,0,0
2021-02-25,5527.630,5527.630,5527.630,5527.630,0,0,0
2021-02-26,5416.320,5416.320,5416.320,5416.320,0,0,0
2021-03-01,5421.560,5421.560,5421.560,5421.560,0,0,0
2021-03-02,5454.970,5454.970,5454.970,5454.970,0,0,0
2021-03-03,5452.400,5452.400,5452.400,5452.400,0,0,0
2021-03-04,5392.370,5392.370,5392.370,5392.370,0,0,0
2021-03-05,5307.820,5307.820,5307.820,5307.820,0,0,0
2021-03-08,5326.260,5326.260,5326.260,5326.260,0,0,0
2021-03-09,5094.310,5094.310,5094.310,5094.310,0,0,0
2021-03-10,5055.280,5055.280,5055.280,5055.280,0,0,0
2021-03-11,5138.410,5138.410,5138.410,5138.410,0,0,0
2021-03-12,5153.670,5153.670,5153.670,5153.670,0,0,0
2021-03-15,5120.880,5120.880,5120.880,5120.880,0,0,0
2021-03-16,5084.310,5084.310,5084.310,5084.310,0,0,0
2021-03-17,5123.550,5123.550,5123.550,5123.550,0,0,0
2021-03-18,5160.460,5160.460,5160.460,5160.460,0,0,0
2021-03-19,5089.920,5089.920,5089.920,5089.920,0,0,0
2021-03-22,5071.340,5071.340,5071.340,5071.340,0,0,0
2021-03-23,5064.020,5064.020,5064.020,5064.020,0,0,0
2021-03-24,5024.330,5024.330,5024.330,5024.330,0,0,0
2021-03-25,4950.760,4950.760,4950.760,4950.760,0,0,0
2021-03-26,5050.830,5050.830,5050.830,5050.830,0,0,0
2021-03-29,5086.650,5086.650,5086.650,5086.650,0,0,0
2021-03-30,5106.040,5106.040,5106.040,5106.040,0,0,0
2021-03-31,5085.950,5085.950,5085.950,5085.950,0,0,0
2021-04-01,5115.430,5115.430,5115.430,5115.430,0,0,0
2021-04-02,5169.830,5169.830,5169.830,5169.830,0,0,0
2021-04-06,5181.150,5181.150,5181.150,5181.150,0,0,0
2021-04-07,5141.660,5141.660,5141.660,5141.660,0,0,0
2021-04-08,5129.130,5129.130,5129.130,5129.130,0,0,0
2021-04-09,5100.040,5100.040,5100.040,5100.040,0,0,0
2021-04-12,5045.600,5045.600,5045.600,5045.600,0,0,0
2021-04-13,4994.540,4994.540,4994.540,4994.540,0,0,0
2021-04-14,4987.120,4987.120,4987.120,4987.120,0,0,0
2021-04-15,4969.910,4969.910,4969.910,4969.910,0,0,0
2021-04-16,4979.170,4979.170,4979.170,4979.170,0,0,0
2021-04-19,5088.210,5088.210,5088.210,5088.210,0,0,0
2021-04-20,5119.860,5119.860,5119.860,5119.860,0,0,0
2021-04-21,5110.560,5110.560,5110.560,5110.560,0,0,0
2021-04-22,5119.220,5119.220,5119.220,5119.220,0,0,0
2021-04-23,5149.980,5149.980,5149.980,5149.980,0,0,0
2021-04-26,5181.110,5181.110,5181.110,5181.110,0,0,0
2021-04-27,5095.980,5095.980,5095.980,5095.980,0,0,0
2021-04-28,5119.450,5119.450,5119.450,5119.450,0,0,0
2021-04-29,5170.590,5170.590,5170.590,5170.590,0,0,0
2021-04-30,5163.250,5163.250,5163.250,5163.250,0,0,0
2021-05-06,5132.900,5132.900,5132.900,5132.900,0,0,0
2021-05-07,5093.750,5093.750,5093.750,5093.750,0,0,0
2021-05-10,5019.390,5019.390,5019.390,5019.390,0,0,0
2021-05-11,5033.490,5033.490,5033.490,5033.490,0,0,0
2021-05-12,5051.170,5051.170,5051.170,5051.170,0,0,0
2021-05-13,5022.080,5022.080,5022.080,5022.080,0,0,0
2021-05-14,5112.980,5112.980,5112.980,5112.980,0,0,0
2021-05-17,5206.690,5206.690,5206.690,5206.690,0,0,0
2021-05-18,5201.670,5201.670,5201.670,5201.670,0,0,0
2021-05-19,5193.560,5193.560,5193.560,5193.560,0,0,0
2021-05-20,5201.590,5201.590,5201.590,5201.590,0,0,0
2021-05-21,5216.160,5216.160,5216.160,5216.160,0,0,0
2021-05-24,5155.590,5155.590,5155.590,5155.590,0,0,0
2021-05-25,5324.360,5324.360,5324.360,5324.360,0,0,0
2021-05-26,5344.280,5344.280,5344.280,5344.280,0,0,0
2021-05-27,5378.480,5378.480,5378.480,5378.480,0,0,0
2021-05-28,5360.280,5360.280,5360.280,5360.280,0,0,0
2021-05-31,5331.630,5331.630,5331.630,5331.630,0,0,0
2021-06-01,5343.750,5343.750,5343.750,5343.750,0,0,0
2021-06-02,5352.640,5352.640,5352.640,5352.640,0,0,0
2021-06-03,5314.370,5314.370,5314.370,5314.370,0,0,0
2021-06-04,5334.490,5334.490,5334.490,5334.490,0,0,0
2021-06-07,5286.840,5286.840,5286.840,5286.840,0,0,0
2021-06-08,5319.040,5319.040,5319.040,5319.040,0,0,0
2021-06-09,5253.360,5253.360,5253.360,5253.360,0,0,0
2021-06-10,5299.530,5299.530,5299.530,5299.530,0,0,0
2021-06-11,5276.100,5276.100,5276.100,5276.100,0,0,0
2021-06-15,5225.500,5225.500,5225.500,5225.500,0,0,0
2021-06-16,5164.520,5164.520,5164.520,5164.520,0,0,0
2021-06-17,5123.370,5123.370,5123.370,5123.370,0,0,0
2021-06-18,5128.030,5128.030,5128.030,5128.030,0,0,0
2021-06-21,5123.780,5123.780,5123.780,5123.780,0,0,0
2021-06-22,5125.820,5125.820,5125.820,5125.820,0,0,0
2021-06-23,5171.030,5171.030,5171.030,5171.030,0,0,0
2021-06-24,5160.430,5160.430,5160.430,5160.430,0,0,0
2021-06-25,5251.610,5251.610,5251.610,5251.610,0,0,0
2021-06-28,5260.640,5260.640,5260.640,5260.640,0,0,0
2021-06-29,5248.520,5248.520,5248.520,5248.520,0,0,0
2021-06-30,5231.430,5231.430,5231.430,5231.430,0,0,0
2021-07-01,5252.260,5252.260,5252.260,5252.260,0,0,0
2021-07-02,5186.660,5186.660,5186.660,5186.660,0,0,0
2021-07-05,5098.230,5098.230,5098.230,5098.230,0,0,0
2021-07-06,5092.210,5092.210,5092.210,5092.210,0,0,0
2021-07-07,5152.770,5152.770,5152.770,5152.770,0,0,0
2021-07-08,5151.220,5151.220,5151.220,5151.220,0,0,0
2021-07-09,5081.410,5081.410,5081.410,5081.410,0,0,0
2021-07-12,5159.410,5159.410,5159.410,5159.410,0,0,0
2021-07-13,5154.050,5154.050,5154.050,5154.050,0,0,0
2021-07-14,5130.750,5130.750,5130.750,5130.750,0,0,0
2021-07-15,5153.810,5153.810,5153.810,5153.810,0,0,0
2021-07-16,5140.900,5140.900,5140.900,5140.900,0,0,0
2021-07-19,5120.820,5120.820,5120.820,5120.820,0,0,0
2021-07-20,5114.000,5114.000,5114.000,5114.000,0,0,0
2021-07-21,5160.540,5160.540,5160.540,5160.540,0,0,0
2021-07-22,5171.210,5171.210,5171.210,5171.210,0,0,0
2021-07-23,5145.430,5145.430,5145.430,5145.430,0,0,0
2021-07-26,5067.310,5067.310,5067.310,5067.310,0,0,0
2021-07-27,4940.860,4940.860,4940.860,4940.860,0,0,0
2021-07-28,4785.660,4785.660,4785.660,4785.660,0,0,0
2021-07-29,4857.970,4857.970,4857.970,4857.970,0,0,0
2021-07-30,4825.700,4825.700,4825.700,4825.700,0,0,0
2021-08-02,4938.820,4938.820,4938.820,4938.820,0,0,0
2021-08-03,4957.030,4957.030,4957.030,4957.030,0,0,0
2021-08-04,4979.290,4979.290,4979.290,4979.290,0,0,0
2021-08-05,4997.140,4997.140,4997.140,4997.140,0,0,0
2021-08-06,4944.350,4944.350,4944.350,4944.350,0,0,0
2021-08-09,5002.890,5002.890,5002.890,5002.890,0,0,0
2021-08-10,5043.760,5043.760,5043.760,5043.760,0,0,0
2021-08-11,5059.790,5059.790,5059.790,5059.790,0,0,0
2021-08-12,5016.260,5016.260,5016.260,5016.260,0,0,0
2021-08-13,4993.740,4993.740,4993.740,4993.740,0,0,0
2021-08-16,4973.380,4973.380,4973.380,4973.380,0,0,0
2021-08-17,4967.560,4967.560,4967.560,4967.560,0,0,0
2021-08-18,4909.540,4909.540,4909.540,4909.540,0,0,0
2021-08-19,4893.470,4893.470,4893.470,4893.470,0,0,0
2021-08-20,4835.150,4835.150,4835.150,4835.150,0,0,0
2021-08-23,4843.820,4843.820,4843.820,4843.820,0,0,0
2021-08-24,4906.200,4906.200,4906.200,4906.200,0,0,0
2021-08-25,4899.770,4899.770,4899.770,4899.770,0,0,0
2021-08-26,4892.200,4892.200,4892.200,4892.200,0,0,0
2021-08-27,4863.470,4863.470,4863.470,4863.470,0,0,0
2021-08-30,4849.160,4849.160,4849.160,4849.160,0,0,0
2021-08-31,4821.760,4821.760,4821.760,4821.760,0,0,0
2021-09-01,4906.400,4906.400,4906.400,4906.400,0,0,0
2021-09-02,4892.700,4892.700,4892.700,4892.700,0,0,0
2021-09-03,4886.550,4886.550,4886.550,4886.550,0,0,0
2021-09-06,4944.450,4944.450,4944.450,4944.450,0,0,0
2021-09-07,5005.960,5005.960,5005.960,5005.960,0,0,0
2021-09-08,5013.980,5013.980,5013.980,5013.980,0,0,0
2021-09-09,4970.150,4970.150,4970.150,4970.150,0,0,0
2021-09-10,5042.800,5042.800,5042.800,5042.800,0,0,0
2021-09-13,5029.720,5029.720,5029.720,5029.720,0,0,0
2021-09-14,5000.980,5000.980,5000.980,5000.980,0,0,0
2021-09-15,4903.850,4903.850,4903.850,4903.850,0,0,0
2021-09-16,4879.530,4879.530,4879.530,4879.530,0,0,0
2021-09-17,4857.960,4857.960,4857.960,4857.960,0,0,0
2021-09-22,4830.850,4830.850,4830.850,4830.850,0,0,0
2021-09-23,4877.340,4877.340,4877.340,4877.340,0,0,0
2021-09-24,4897.060,4897.060,4897.060,4897.060,0,0,0
2021-09-27,4922.560,4922.560,4922.560,4922.560,0,0,0
2021-09-28,4901.310,4901.310,4901.310,4901.310,0,0,0
2021-09-29,4868.070,4868.070,4868.070,4868.070,0,0,0
2021-09-30,4876.070,4876.070,4876.070,4876.070,0,0,0
2021-10-08,4937.090,4937.090,4937.090,4937.090,0,0,0
2021-10-11,4983.730,4983.730,4983.730,4983.730,0,0,0
2021-10-12,4925.490,4925.490,4925.490,4925.490,0,0,0
2021-10-13,4953.370,4953.370,4953.370,4953.370,0,0,0
2021-10-14,4953.920,4953.920,4953.920,4953.920,0,0,0
2021-10-15,4939.820,4939.820,4939.820,4939.820,0,0,0
2021-10-18,4922.510,4922.510,4922.510,4922.510,0,0,0
2021-10-19,4928.140,4928.140,4928.140,4928.140,0,0,0
2021-10-20,4944.020,4944.020,4944.020,4944.020,0,0,0
2021-10-21,4946.180,4946.180,4946.180,4946.180,0,0,0
2021-10-22,4989.890,4989.890,4989.890,4989.890,0,0,0
2021-10-25,4981.650,4981.650,4981.650,4981.650,0,0,0
2021-10-26,5002.570,5002.570,5002.570,5002.570,0,0,0
2021-10-27,4949.230,4949.230,4949.230,4949.230,0,0,0
2021-10-28,4898.660,4898.660,4898.660,4898.660,0,0,0
2021-10-29,4908.770,4908.770,4908.770,4908.770,0,0,0
2021-11-01,4908.210,4908.210,4908.210,4908.210,0,0,0
2021-11-02,4911.230,4911.230,4911.230,4911.230,0,0,0
2021-11-03,4858.710,4858.710,4858.710,4858.710,0,0,0
2021-11-04,4873.940,4873.940,4873.940,4873.940,0,0,0
2021-11-05,4889.680,4889.680,4889.680,4889.680,0,0,0
2021-11-08,4866.080,4866.080,4866.080,4866.080,0,0,0
2021-11-09,4870.790,4870.790,4870.790,4870.790,0,0,0
2021-11-10,4832.800,4832.800,4832.800,4832.800,0,0,0
2021-11-11,4898.650,4898.650,4898.650,4898.650,0,0,0
2021-11-12,4909.080,4909.080,4909.080,4909.080,0,0,0
2021-11-15,4906.330,4906.330,4906.330,4906.330,0,0,0
2021-11-16,4915.370,4915.370,4915.370,4915.370,0,0,0
2021-11-17,4891.520,4891.520,4891.520,4891.520,0,0,0
2021-11-18,4871.420,4871.420,4871.420,4871.420,0,0,0
2021-11-19,4892.810,4892.810,4892.810,4892.810,0,0,0
2021-11-22,4919.000,4919.000,4919.000,4919.000,0,0,0
2021-11-23,4927.520,4927.520,4927.520,4927.520,0,0,0
2021-11-24,4935.490,4935.490,4935.490,4935.490,0,0,0
2021-11-25,4921.330,4921.330,4921.330,4921.330,0,0,0
2021-11-26,4886.950,4886.950,4886.950,4886.950,0,0,0
2021-11-29,4858.530,4858.530,4858.530,4858.530,0,0,0
2021-11-30,4871.250,4871.250,4871.250,4871.250,0,0,0
2021-12-01,4844.520,4844.520,4844.520,4844.520,0,0,0
2021-12-02,4866.850,4866.850,4866.850,4866.850,0,0,0
2021-12-03,4901.020,4901.020,4901.020,4901.020,0,0,0
2021-12-06,4943.900,4943.900,4943.900,4943.900,0,0,0
2021-12-07,4934.100,4934.100,4934.100,4934.100,0,0,0
2021-12-08,4995.930,4995.930,4995.930,4995.930,0,0,0
2021-12-09,5114.500,5114.500,5114.500,5114.500,0,0,0
2021-12-10,5060.060,5060.060,5060.060,5060.060,0,0,0
2021-12-13,5143.840,5143.840,5143.840,5143.840,0,0,0
2021-12-14,5075.210,5075.210,5075.210,5075.210,0,0,0
2021-12-15,5060.370,5060.370,5060.370,5060.370,0,0,0
2021-12-16,5034.730,5034.730,5034.730,5034.730,0,0,0
2021-12-17,5022.110,5022.110,5022.110,5022.110,0,0,0
2021-12-20,4971.670,4971.670,4971.670,4971.670,0,0,0
2021-12-21,4917.800,4917.800,4917.800,4917.800,0,0,0
2021-12-22,4936.670,4936.670,4936.670,4936.670,0,0,0
2021-12-23,4948.740,4948.740,4948.740,4948.740,0,0,0
2021-12-24,4964.910,4964.910,4964.910,4964.910,0,0,0
2021-12-27,4939.690,4939.690,4939.690,4939.690,0,0,0
2021-12-28,4959.140,4959.140,4959.140,4959.140,0,0,0
2021-12-29,4958.650,4958.650,4958.650,4958.650,0,0,0
2021-12-30,4940.180,4940.180,4940.180,4940.180,0,0,0
2021-12-31,4950.360,4950.360,4950.360,4950.360,0,0,0
2022-01-04,4961.450,4961.450,4961.450,4961.450,0,0,0
2022-01-05,4916.280,4916.280,4916.280,4916.280,0,0,0
2022-01-06,4857.560,4857.560,4857.560,4857.560,0,0,0
2022-01-07,4856.650,4856.650,4856.650,4856.650,0,0,0
2022-01-10,4844.390,4844.390,4844.390,4844.390,0,0,0
2022-01-11,4850.880,4850.880,4850.880,4850.880,0,0,0
2022-01-12,4852.730,4852.730,4852.730,4852.730,0,0,0
2022-01-13,4853.060,4853.060,4853.060,4853.060,0,0,0
2022-01-14,4764.050,4764.050,4764.050,4764.050,0,0,0
2022-01-17,4775.240,4775.240,4775.240,4775.240,0,0,0
2022-01-18,4826.300,4826.300,4826.300,4826.300,0,0,0
2022-01-19,4828.750,4828.750,4828.750,4828.750,0,0,0
2022-01-20,4845.000,4845.000,4845.000,4845.000,0,0,0
2022-01-21,4818.310,4818.310,4818.310,4818.310,0,0,0
2022-01-24,4801.100,4801.100,4801.100,4801.100,0,0,0
2022-01-25,4781.390,4781.390,4781.390,4781.390,0,0,0
2022-01-26,4718.990,4718.990,4718.990,4718.990,0,0,0
2022-01-27,4708.440,4708.440,4708.440,4708.440,0,0,0
2022-01-28,4660.520,4660.520,4660.520,4660.520,0,0,0
2022-02-07,4672.650,4672.650,4672.650,4672.650,0,0,0
2022-02-08,4626.440,4626.440,4626.440,4626.440,0,0,0
2022-02-09,4659.460,4659.460,4659.460,4659.460,0,0,0
2022-02-10,4657.210,4657.210,4657.210,4657.210,0,0,0
2022-02-11,4662.600,4662.600,4662.600,4662.600,0,0,0
2022-02-14,4593.630,4593.630,4593.630,4593.630,0,0,0
2022-02-15,4601.450,4601.450,4601.450,4601.450,0,0,0
2022-02-16,4643.100,4643.100,4643.100,4643.100,0,0,0
2022-02-17,4650.160,4650.160,4650.160,4650.160,0,0,0
2022-02-18,4651.340,4651.340,4651.340,4651.340,0,0,0
2022-02-21,4646.670,4646.670,4646.670,4646.670,0,0,0
2022-02-22,4602.070,4602.070,4602.070,4602.070,0,0,0
2022-02-23,4625.300,4625.300,4625.300,4625.300,0,0,0
2022-02-24,4610.880,4610.880,4610.880,4610.880,0,0,0
2022-02-25,4611.860,4611.860,4611.860,4611.860,0,0,0
2022-02-28,4581.650,4581.650,4581.650,4581.650,0,0,0
2022-03-01,4623.430,4623.430,4623.430,4623.430,0,0,0
2022-03-02,4594.020,4594.020,4594.020,4594.020,0,0,0
2022-03-03,4599.400,4599.400,4599.400,4599.400,0,0,0
2022-03-04,4539.390,4539.390,4539.390,4539.390,0,0,0
2022-03-07,4462.520,4462.520,4462.520,4462.520,0,0,0
2022-03-08,4383.650,4383.650,4383.650,4383.650,0,0,0
2022-03-09,4304.480,4304.480,4304.480,4304.480,0,0,0
2022-03-10,4335.670,4335.670,4335.670,4335.670,0,0,0
2022-03-11,4316.040,4316.040,4316.040,4316.040,0,0,0
2022-03-14,4280.360,4280.360,4280.360,4280.360,0,0,0
2022-03-15,4163.420,4163.420,4163.420,4163.420,0,0,0
2022-03-16,4168.590,4168.590,4168.590,4168.590,0,0,0
2022-03-17,4302.740,4302.740,4302.740,4302.740,0,0,0
2022-03-18,4283.370,4283.370,4283.370,4283.370,0,0,0
2022-03-21,4287.820,4287.820,4287.820,4287.820,0,0,0
2022-03-22,4283.330,4283.330,4283.330,4283.330,0,0,0
2022-03-23,4287.580,4287.580,4287.580,4287.580,0,0,0
2022-03-24,4273.960,4273.960,4273.960,4273.960,0,0,0
2022-03-25,4254.840,4254.840,4254.840,4254.840,0,0,0
2022-03-28,4174.120,4174.120,4174.120,4174.120,0,0,0
2022-03-29,4177.210,4177.210,4177.210,4177.210,0,0,0
2022-03-30,4254.100,4254.100,4254.100,4254.100,0,0,0
2022-03-31,4247.360,4247.360,4247.360,4247.360,0,0,0
2022-04-01,4290.670,4290.670,4290.670,4290.670,0,0,0
2022-04-06,4277.520,4277.520,4277.520,4277.520,0,0,0
2022-04-07,4278.110,4278.110,4278.110,4278.110,0,0,0
2022-04-08,4237.810,4237.810,4237.810,4237.810,0,0,0
2022-04-11,4203.790,4203.790,4203.790,4203.790,0,0,0
2022-04-12,4179.970,4179.970,4179.970,4179.970,0,0,0
2022-04-13,4194.040,4194.040,4194.040,4194.040,0,0,0
2022-04-14,4217.060,4217.060,4217.060,4217.060,0,0,0
2022-04-15,4211.320,4211.320,4211.320,4211.320,0,0,0
2022-04-18,4171.740,4171.740,4171.740,4171.740,0,0,0
2022-04-19,4186.940,4186.940,4186.940,4186.940,0,0,0
2022-04-20,4136.170,4136.170,4136.170,4136.170,0,0,0
2022-04-21,4086.440,4086.440,4086.440,4086.440,0,0,0
2022-04-22,4037.080,4037.080,4037.080,4037.080,0,0,0
2022-04-25,3958.210,3958.210,3958.210,3958.210,0,0,0
2022-04-26,3871.850,3871.850,3871.850,3871.850,0,0,0
2022-04-27,3895.730,3895.730,3895.730,3895.730,0,0,0
2022-04-28,3943.430,3943.430,3943.430,3943.430,0,0,0
2022-04-29,4017.430,4017.430,4017.430,4017.430,0,0,0
2022-05-05,4039.700,4039.700,4039.700,4039.700,0,0,0
2022-05-06,3947.240,3947.240,3947.240,3947.240,0,0,0
2022-05-09,3914.110,3914.110,3914.110,3914.110,0,0,0
2022-05-10,3932.680,3932.680,3932.680,3932.680,0,0,0
2022-05-11,4033.300,4033.300,4033.300,4033.300,0,0,0
2022-05-12,3985.930,3985.930,3985.930,3985.930,0,0,0
2022-05-13,4003.850,4003.850,4003.850,4003.850,0,0,0
2022-05-16,4018.030,4018.030,4018.030,4018.030,0,0,0
2022-05-17,4005.890,4005.890,4005.890,4005.890,0,0,0
2022-05-18,4017.340,4017.340,4017.340,4017.340,0,0,0
2022-05-19,3999.600,3999.600,3999.600,3999.600,0,0,0
2022-05-20,4077.600,4077.600,4077.600,4077.600,0,0,0
2022-05-23,4080.970,4080.970,4080.970,4080.970,0,0,0
2022-05-24,4055.780,4055.780,4055.780,4055.780,0,0,0
2022-05-25,3983.620,3983.620,3983.620,3983.620,0,0,0
2022-05-26,4015.750,4015.750,4015.750,4015.750,0,0,0
2022-05-27,4051.140,4051.140,4051.140,4051.140,0,0,0
2022-05-30,4040.820,4040.820,4040.820,4040.820,0,0,0
2022-05-31,4096.200,4096.200,4096.200,4096.200,0,0,0
2022-06-01,4094.900,4094.900,4094.900,4094.900,0,0,0
2022-06-02,4091.150,4091.150,4091.150,4091.150,0,0,0
2022-06-06,4166.620,4166.620,4166.620,4166.620,0,0,0
2022-06-07,4198.090,4198.090,4198.090,4198.090,0,0,0
2022-06-08,4224.810,4224.810,4224.810,4224.810,0,0,0
2022-06-09,4227.450,4227.450,4227.450,4227.450,0,0,0
2022-06-10,4241.350,4241.350,4241.350,4241.350,0,0,0
2022-06-13,4218.230,4218.230,4218.230,4218.230,0,0,0
2022-06-14,4224.090,4224.090,4224.090,4224.090,0,0,0
2022-06-15,4348.420,4348.420,4348.420,4348.420,0,0,0
2022-06-16,4302.920,4302.920,4302.920,4302.920,0,0,0
2022-06-17,4318.770,4318.770,4318.770,4318.770,0,0,0
2022-06-20,4368.360,4368.360,4368.360,4368.360,0,0,0
2022-06-21,4357.340,4357.340,4357.340,4357.340,0,0,0
2022-06-22,4333.180,4333.180,4333.180,4333.180,0,0,0
2022-06-23,4343.880,4343.880,4343.880,4343.880,0,0,0
2022-06-24,4400.690,4400.690,4400.690,4400.690,0,0,0
2022-06-27,4472.690,4472.690,4472.690,4472.690,0,0,0
2022-06-28,4497.890,4497.890,4497.890,4497.890,0,0,0
2022-06-29,4503.130,4503.130,4503.130,4503.130,0,0,0
2022-06-30,4515.000,4515.000,4515.000,4515.000,0,0,0
2022-07-01,4500.990,4500.990,4500.990,4500.990,0,0,0
2022-07-04,4496.030,4496.030,4496.030,4496.030,0,0,0
2022-07-05,4530.320,4530.320,4530.320,4530.320,0,0,0
2022-07-06,4484.360,4484.360,4484.360,4484.360,0,0,0
2022-07-07,4457.340,4457.340,4457.340,4457.340,0,0,0
2022-07-08,4479.490,4479.490,4479.490,4479.490,0,0,0
2022-07-11,4406.150,4406.150,4406.150,4406.150,0,0,0
2022-07-12,4370.340,4370.340,4370.340,4370.340,0,0,0
2022-07-13,4341.470,4341.470,4341.470,4341.470,0,0,0
2022-07-14,4352.100,4352.100,4352.100,4352.100,0,0,0
2022-07-15,4344.860,4344.860,4344.860,4344.860,0,0,0
2022-07-18,4300.780,4300.780,4300.780,4300.780,0,0,0
2022-07-19,4288.440,4288.440,4288.440,4288.440,0,0,0
2022-07-20,4303.370,4303.370,4303.370,4303.370,0,0,0
2022-07-21,4283.150,4283.150,4283.150,4283.150,0,0,0
2022-07-22,4275.470,4275.470,4275.470,4275.470,0,0,0
2022-07-25,4234.840,4234.840,4234.840,4234.840,0,0,0
2022-07-26,4259.990,4259.990,4259.990,4259.990,0,0,0
2022-07-27,4242.100,4242.100,4242.100,4242.100,0,0,0
2022-07-28,4267.920,4267.920,4267.920,4267.920,0,0,0
2022-07-29,4243.510,4243.510,4243.510,4243.510,0,0,0
2022-08-01,4196.570,4196.570,4196.570,4196.570,0,0,0
2022-08-02,4144.380,4144.380,4144.380,4144.380,0,0,0
2022-08-03,4150.980,4150.980,4150.980,4150.980,0,0,0
2022-08-04,4108.160,4108.160,4108.160,4108.160,0,0,0
2022-08-05,4159.490,4159.490,4159.490,4159.490,0,0,0
2022-08-08,4155.730,4155.730,4155.730,4155.730,0,0,0
2022-08-09,4161.810,4161.810,4161.810,4161.810,0,0,0
2022-08-10,4160.790,4160.790,4160.790,4160.790,0,0,0
2022-08-11,4193.810,4193.810,4193.810,4193.810,0,0,0
2022-08-12,4202.470,4202.470,4202.470,4202.470,0,0,0
2022-08-15,4219.920,4219.920,4219.920,4219.920,0,0,0
2022-08-16,4208.800,4208.800,4208.800,4208.800,0,0,0
2022-08-17,4222.790,4222.790,4222.790,4222.790,0,0,0
2022-08-18,4211.910,4211.910,4211.910,4211.910,0,0,0
2022-08-19,4185.660,4185.660,4185.660,4185.660,0,0,0
2022-08-22,4183.650,4183.650,4183.650,4183.650,0,0,0
2022-08-23,4187.390,4187.390,4187.390,4187.390,0,0,0
2022-08-24,4174.160,4174.160,4174.160,4174.160,0,0,0
2022-08-25,4119.620,4119.620,4119.620,4119.620,0,0,0
2022-08-26,4139.790,4139.790,4139.790,4139.790,0,0,0
2022-08-29,4092.950,4092.950,4092.950,4092.950,0,0,0
2022-08-30,4093.140,4093.140,4093.140,4093.140,0,0,0
2022-08-31,4112.850,4112.850,4112.850,4112.850,0,0,0
2022-09-01,4090.890,4090.890,4090.890,4090.890,0,0,0
2022-09-02,4056.180,4056.180,4056.180,4056.180,0,0,0
2022-09-05,4017.000,4017.000,4017.000,4017.000,0,0,0
2022-09-06,4054.000,4054.000,4054.000,4054.000,0,0,0
2022-09-07,4067.540,4067.540,4067.540,4067.540,0,0,0
2022-09-08,4067.760,4067.760,4067.760,4067.760,0,0,0
2022-09-09,4099.010,4099.010,4099.010,4099.010,0,0,0
2022-09-13,4128.110,4128.110,4128.110,4128.110,0,0,0
2022-09-14,4089.060,4089.060,4089.060,4089.060,0,0,0
2022-09-15,4088.810,4088.810,4088.810,4088.810,0,0,0
2022-09-16,4019.410,4019.410,4019.410,4019.410,0,0,0
2022-09-19,3953.650,3953.650,3953.650,3953.650,0,0,0
2022-09-20,3957.550,3957.550,3957.550,3957.550,0,0,0
2022-09-21,3924.390,3924.390,3924.390,3924.390,0,0,0
2022-09-22,3900.270,3900.270,3900.270,3900.270,0,0,0
2022-09-23,3888.400,3888.400,3888.400,3888.400,0,0,0
2022-09-26,3893.320,3893.320,3893.320,3893.320,0,0,0
2022-09-27,3893.030,3893.030,3893.030,3893.030,0,0,0
2022-09-28,3879.440,3879.440,3879.440,3879.440,0,0,0
2022-09-29,3873.180,3873.180,3873.180,3873.180,0,0,0
2022-09-30,3848.600,3848.600,3848.600,3848.600,0,0,0
2022-10-10,3807.460,3807.460,3807.460,3807.460,0,0,0
2022-10-11,3739.810,3739.810,3739.810,3739.810,0,0,0
2022-10-12,3784.310,3784.310,3784.310,3784.310,0,0,0
2022-10-13,3783.600,3783.600,3783.600,3783.600,0,0,0
2022-10-14,3863.230,3863.230,3863.230,3863.230,0,0,0
2022-10-17,3849.620,3849.620,3849.620,3849.620,0,0,0
2022-10-18,3870.220,3870.220,3870.220,3870.220,0,0,0
2022-10-19,3840.490,3840.490,3840.490,3840.490,0,0,0
2022-10-20,3804.250,3804.250,3804.250,3804.250,0,0,0
2022-10-21,3768.690,3768.690,3768.690,3768.690,0,0,0
2022-10-24,3762.160,3762.160,3762.160,3762.160,0,0,0
2022-10-25,3670.730,3670.730,3670.730,3670.730,0,0,0
2022-10-26,3700.880,3700.880,3700.880,3700.880,0,0,0
2022-10-27,3685.080,3685.080,3685.080,3685.080,0,0,0
2022-10-28,3618.860,3618.860,3618.860,3618.860,0,0,0
2022-10-31,3553.390,3553.390,3553.390,3553.390,0,0,0
2022-11-01,3634.170,3634.170,3634.170,3634.170,0,0,0
2022-11-02,3703.470,3703.470,3703.470,3703.470,0,0,0
2022-11-03,3670.160,3670.160,3670.160,3670.160,0,0,0
2022-11-04,3782.880,3782.880,3782.880,3782.880,0,0,0
2022-11-07,3792.790,3792.790,3792.790,3792.790,0,0,0
2022-11-08,3779.120,3779.120,3779.120,3779.120,0,0,0
2022-11-09,3760.410,3760.410,3760.410,3760.410,0,0,0
2022-11-10,3701.530,3701.530,3701.530,3701.530,0,0,0
2022-11-11,3828.900,3828.900,3828.900,3828.900,0,0,0
2022-11-14,3848.410,3848.410,3848.410,3848.410,0,0,0
2022-11-15,3871.640,3871.640,3871.640,3871.640,0,0,0
2022-11-16,3877.680,3877.680,3877.680,3877.680,0,0,0
2022-11-17,3821.740,3821.740,3821.740,3821.740,0,0,0
2022-11-18,3840.300,3840.300,3840.300,3840.300,0,0,0
2022-11-21,3769.870,3769.870,3769.870,3769.870,0,0,0
2022-11-22,3809.860,3809.860,3809.860,3809.860,0,0,0
2022-11-23,3791.180,3791.180,3791.180,3791.180,0,0,0
2022-11-24,3804.900,3804.900,3804.900,3804.900,0,0,0
2022-11-25,3790.570,3790.570,3790.570,3790.570,0,0,0
2022-11-28,3736.080,3736.080,3736.080,3736.080,0,0,0
2022-11-29,3854.770,3854.770,3854.770,3854.770,0,0,0
2022-11-30,3867.660,3867.660,3867.660,3867.660,0,0,0
2022-12-01,3944.560,3944.560,3944.560,3944.560,0,0,0
2022-12-02,3898.110,3898.110,3898.110,3898.110,0,0,0
2022-12-05,3947.480,3947.480,3947.480,3947.480,0,0,0
2022-12-06,3988.900,3988.900,3988.900,3988.900,0,0,0
2022-12-07,3999.590,3999.590,3999.590,3999.590,0,0,0
2022-12-08,3971.490,3971.490,3971.490,3971.490,0,0,0
2022-12-09,4003.320,4003.320,4003.320,4003.320,0,0,0
2022-12-12,3983.430,3983.430,3983.430,3983.430,0,0,0
2022-12-13,3964.400,3964.400,3964.400,3964.400,0,0,0
2022-12-14,3972.740,3972.740,3972.740,3972.740,0,0,0
2022-12-15,3963.500,3963.500,3963.500,3963.500,0,0,0
2022-12-16,3960.470,3960.470,3960.470,3960.470,0,0,0
2022-12-19,3966.570,3966.570,3966.570,3966.570,0,0,0
2022-12-20,3881.270,3881.270,3881.270,3881.270,0,0,0
2022-12-21,3853.730,3853.730,3853.730,3853.730,0,0,0
2022-12-22,3882.130,3882.130,3882.130,3882.130,0,0,0
2022-12-23,3848.340,3848.340,3848.340,3848.340,0,0,0
2022-12-26,3856.810,3856.810,3856.810,3856.810,0,0,0
2022-12-27,3891.850,3891.850,3891.850,3891.850,0,0,0
2022-12-28,3884.720,3884.720,3884.720,3884.720,0,0,0
2022-12-29,3868.290,3868.290,3868.290,3868.290,0,0,0
2022-12-30,3887.550,3887.550,3887.550,3887.550,0,0,0
2023-01-03,3893.990,3893.990,3893.990,3893.990,0,0,0
2023-01-04,3905.900,3905.900,3905.900,3905.900,0,0,0
2023-01-05,3974.880,3974.880,3974.880,3974.880,0,0,0
2023-01-06,4000.410,4000.410,4000.410,4000.410,0,0,0
2023-01-09,4023.090,4023.090,4023.090,4023.090,0,0,0
2023-01-10,4030.460,4030.460,4030.460,4030.460,0,0,0
2023-01-11,4043.400,4043.400,4043.400,4043.400,0,0,0
2023-01-12,4030.290,4030.290,4030.290,4030.290,0,0,0
2023-01-13,4074.380,4074.380,4074.380,4074.380,0,0,0
2023-01-16,4177.100,4177.100,4177.100,4177.100,0,0,0
2023-01-17,4148.580,4148.580,4148.580,4148.580,0,0,0
2023-01-18,4151.460,4151.460,4151.460,4151.460,0,0,0
2023-01-19,4156.010,4156.010,4156.010,4156.010,0,0,0
2023-01-20,4189.830,4189.830,4189.830,4189.830,0,0,0
2023-01-30,4268.150,4268.150,4268.150,4268.150,0,0,0
2023-01-31,4212.730,4212.730,4212.730,4212.730,0,0,0
2023-02-01,4195.930,4195.930,4195.930,4195.930,0,0,0
2023-02-02,4207.410,4207.410,4207.410,4207.410,0,0,0
2023-02-03,4162.030,4162.030,4162.030,4162.030,0,0,0
2023-02-06,4105.940,4105.940,4105.940,4105.940,0,0,0
2023-02-07,4107.340,4107.340,4107.340,4107.340,0,0,0
2023-02-08,4111.470,4111.470,4111.470,4111.470,0,0,0
2023-02-09,4130.860,4130.860,4130.860,4130.860,0,0,0
2023-02-10,4125.290,4125.290,4125.290,4125.290,0,0,0
2023-02-13,4146.450,4146.450,4146.450,4146.450,0,0,0
2023-02-14,4152.050,4152.050,4152.050,4152.050,0,0,0
2023-02-15,4153.720,4153.720,4153.720,4153.720,0,0,0
2023-02-16,4167.900,4167.900,4167.900,4167.900,0,0,0
2023-02-17,4104.640,4104.640,4104.640,4104.640,0,0,0
2023-02-20,4134.860,4134.860,4134.860,4134.860,0,0,0
2023-02-21,4151.800,4151.800,4151.800,4151.800,0,0,0
2023-02-22,4134.880,4134.880,4134.880,4134.880,0,0,0
2023-02-23,4132.390,4132.390,4132.390,4132.390,0,0,0
2023-02-24,4102.610,4102.610,4102.610,4102.610,0,0,0
2023-02-27,4067.030,4067.030,4067.030,4067.030,0,0,0
2023-02-28,4074.260,4074.260,4074.260,4074.260,0,0,0
2023-03-01,4135.480,4135.480,4135.480,4135.480,0,0,0
2023-03-02,4137.250,4137.250,4137.250,4137.250,0,0,0
2023-03-03,4135.210,4135.210,4135.210,4135.210,0,0,0
2023-03-06,4132.840,4132.840,4132.840,4132.840,0,0,0
2023-03-07,4124.960,4124.960,4124.960,4124.960,0,0,0
2023-03-08,4037.290,4037.290,4037.290,4037.290,0,0,0
2023-03-09,4043.850,4043.850,4043.850,4043.850,0,0,0
2023-03-10,4004.360,4004.360,4004.360,4004.360,0,0,0
2023-03-13,4008.690,4008.690,4008.690,4008.690,0,0,0
2023-03-14,4001.940,4001.940,4001.940,4001.940,0,0,0
2023-03-15,4018.750,4018.750,4018.750,4018.750,0,0,0
2023-03-16,3981.320,3981.320,3981.320,3981.320,0,0,0
2023-03-17,4004.220,4004.220,4004.220,4004.220,0,0,0
2023-03-20,3979.550,3979.550,3979.550,3979.550,0,0,0
2023-03-21,3982.700,3982.700,3982.700,3982.700,0,0,0
2023-03-22,4016.450,4016.450,4016.450,4016.450,0,0,0
2023-03-23,4039.090,4039.090,4039.090,4039.090,0,0,0
2023-03-24,4037.840,4037.840,4037.840,4037.840,0,0,0
2023-03-27,4023.300,4023.300,4023.300,4023.300,0,0,0
2023-03-28,4023.780,4023.780,4023.780,4023.780,0,0,0
2023-03-29,4017.760,4017.760,4017.760,4017.760,0,0,0
2023-03-30,4040.500,4040.500,4040.500,4040.500,0,0,0
2023-03-31,4063.570,4063.570,4063.570,4063.570,0,0,0
2023-04-03,4094.940,4094.940,4094.940,4094.940,0,0,0
2023-04-04,4103.160,4103.160,4103.160,4103.160,0,0,0
2023-04-06,4098.830,4098.830,4098.830,4098.830,0,0,0
2023-04-07,4131.310,4131.310,4131.310,4131.310,0,0,0
2023-04-10,4132.300,4132.300,4132.300,4132.300,0,0,0
2023-04-11,4116.120,4116.120,4116.120,4116.120,0,0,0
2023-04-12,4108.250,4108.250,4108.250,4108.250,0,0,0
2023-04-13,4088.880,4088.880,4088.880,4088.880,0,0,0
2023-04-14,4098.220,4098.220,4098.220,4098.220,0,0,0
2023-04-17,4149.380,4149.380,4149.380,4149.380,0,0,0
2023-04-18,4169.670,4169.670,4169.670,4169.670,0,0,0
2023-04-19,4159.390,4159.390,4159.390,4159.390,0,0,0
2023-04-20,4125.820,4125.820,4125.820,4125.820,0,0,0
2023-04-21,4114.260,4114.260,4114.260,4114.260,0,0,0
2023-04-24,4033.640,4033.640,4033.640,4033.640,0,0,0
2023-04-25,3991.690,3991.690,3991.690,3991.690,0,0,0
2023-04-26,3975.660,3975.660,3975.660,3975.660,0,0,0
2023-04-27,3999.130,3999.130,3999.130,3999.130,0,0,0
2023-04-28,4030.450,4030.450,4030.450,4030.450,0,0,0
2023-05-04,4035.780,4035.780,4035.780,4035.780,0,0,0
2023-05-05,4047.600,4047.600,4047.600,4047.600,0,0,0
2023-05-08,4070.770,4070.770,4070.770,4070.770,0,0,0
2023-05-09,4092.850,4092.850,4092.850,4092.850,0,0,0
2023-05-10,4019.060,4019.060,4019.060,4019.060,0,0,0
2023-05-11,4018.060,4018.060,4018.060,4018.060,0,0,0
2023-05-12,3999.380,3999.380,3999.380,3999.380,0,0,0
2023-05-15,3998.890,3998.890,3998.890,3998.890,0,0,0
2023-05-16,4005.020,4005.020,4005.020,4005.020,0,0,0
2023-05-17,3982.600,3982.600,3982.600,3982.600,0,0,0
2023-05-18,3982.720,3982.720,3982.720,3982.720,0,0,0
2023-05-19,3967.280,3967.280,3967.280,3967.280,0,0,0
2023-05-22,3985.400,3985.400,3985.400,3985.400,0,0,0
2023-05-23,3971.940,3971.940,3971.940,3971.940,0,0,0
2023-05-24,3903.780,3903.780,3903.780,3903.780,0,0,0
2023-05-25,3861.380,3861.380,3861.380,3861.380,0,0,0
2023-05-26,3859.630,3859.630,3859.630,3859.630,0,0,0
2023-05-29,3866.720,3866.720,3866.720,3866.720,0,0,0
2023-05-30,3844.010,3844.010,3844.010,3844.010,0,0,0
2023-05-31,3827.160,3827.160,3827.160,3827.160,0,0,0
2023-06-01,3832.210,3832.210,3832.210,3832.210,0,0,0
2023-06-02,3865.280,3865.280,3865.280,3865.280,0,0,0
2023-06-05,3860.560,3860.560,3860.560,3860.560,0,0,0
2023-06-06,3867.850,3867.850,3867.850,3867.850,0,0,0
2023-06-07,3823.110,3823.110,3823.110,3823.110,0,0,0
2023-06-08,3834.390,3834.390,3834.390,3834.390,0,0,0
2023-06-09,3836.700,3836.700,3836.700,3836.700,0,0,0
2023-06-12,3859.720,3859.720,3859.720,3859.720,0,0,0
2023-06-13,3867.300,3867.300,3867.300,3867.300,0,0,0
2023-06-14,3891.670,3891.670,3891.670,3891.670,0,0,0
2023-06-15,3925.500,3925.500,3925.500,3925.500,0,0,0
2023-06-16,3968.010,3968.010,3968.010,3968.010,0,0,0
2023-06-19,3957.030,3957.030,3957.030,3957.030,0,0,0
2023-06-20,3937.490,3937.490,3937.490,3937.490,0,0,0
2023-06-21,3920.130,3920.130,3920.130,3920.130,0,0,0
2023-06-26,3841.290,3841.290,3841.290,3841.290,0,0,0
2023-06-27,3851.900,3851.900,3851.900,3851.900,0,0,0
2023-06-28,3846.850,3846.850,3846.850,3846.850,0,0,0
2023-06-29,3840.710,3840.710,3840.710,3840.710,0,0,0
2023-06-30,3860.030,3860.030,3860.030,3860.030,0,0,0
2023-07-03,3897.330,3897.330,3897.330,3897.330,0,0,0
2023-07-04,3899.980,3899.980,3899.980,3899.980,0,0,0
2023-07-05,3899.520,3899.520,3899.520,3899.520,0,0,0
2023-07-06,3876.890,3876.890,3876.890,3876.890,0,0,0
2023-07-07,3844.840,3844.840,3844.840,3844.840,0,0,0
2023-07-10,3865.460,3865.460,3865.460,3865.460,0,0,0
2023-07-11,3870.650,3870.650,3870.650,3870.650,0,0,0
2023-07-12,3874.040,3874.040,3874.040,3874.040,0,0,0
2023-07-13,3901.100,3901.100,3901.100,3901.100,0,0,0
2023-07-14,3908.490,3908.490,3908.490,3908.490,0,0,0
2023-07-17,3881.620,3881.620,3881.620,3881.620,0,0,0
2023-07-18,3871.040,3871.040,3871.040,3871.040,0,0,0
2023-07-19,3860.010,3860.010,3860.010,3860.010,0,0,0
2023-07-20,3875.620,3875.620,3875.620,3875.620,0,0,0
2023-07-21,3849.510,3849.510,3849.510,3849.510,0,0,0
2023-07-24,3828.790,3828.790,3828.790,3828.790,0,0,0
2023-07-25,3915.810,3915.810,3915.810,3915.810,0,0,0
2023-07-26,3912.980,3912.980,3912.980,3912.980,0,0,0
2023-07-27,3935.360,3935.360,3935.360,3935.360,0,0,0
2023-07-28,4000.920,4000.920,4000.920,4000.920,0,0,0
2023-07-31,4064.360,4064.360,4064.360,4064.360,0,0,0
2023-08-01,4031.700,4031.700,4031.700,4031.700,0,0,0
2023-08-02,4008.330,4008.330,4008.330,4008.330,0,0,0
2023-08-03,4005.000,4005.000,4005.000,4005.000,0,0,0
2023-08-04,4058.240,4058.240,4058.240,4058.240,0,0,0
2023-08-07,4002.970,4002.970,4002.970,4002.970,0,0,0
2023-08-08,4002.290,4002.290,4002.290,4002.290,0,0,0
2023-08-09,3982.110,3982.110,3982.110,3982.110,0,0,0
2023-08-10,3976.460,3976.460,3976.460,3976.460,0,0,0
2023-08-11,3977.980,3977.980,3977.980,3977.980,0,0,0
2023-08-14,3859.470,3859.470,3859.470,3859.470,0,0,0
2023-08-15,3865.280,3865.280,3865.280,3865.280,0,0,0
2023-08-16,3852.420,3852.420,3852.420,3852.420,0,0,0
2023-08-17,3836.150,3836.150,3836.150,3836.150,0,0,0
2023-08-18,3844.200,3844.200,3844.200,3844.200,0,0,0
2023-08-21,3782.110,3782.110,3782.110,3782.110,0,0,0
2023-08-22,3770.060,3770.060,3770.060,3770.060,0,0,0
2023-08-23,3756.170,3756.170,3756.170,3756.170,0,0,0
2023-08-24,3748.860,3748.860,3748.860,3748.860,0,0,0
2023-08-25,3734.220,3734.220,3734.220,3734.220,0,0,0
2023-08-28,3911.550,3911.550,3911.550,3911.550,0,0,0
2023-08-29,3810.380,3810.380,3810.380,3810.380,0,0,0
2023-08-30,3813.700,3813.700,3813.700,3813.700,0,0,0
2023-08-31,3794.000,3794.000,3794.000,3794.000,0,0,0
2023-09-01,3808.530,3808.530,3808.530,3808.530,0,0,0
2023-09-04,3854.260,3854.260,3854.260,3854.260,0,0,0
2023-09-05,3839.580,3839.580,3839.580,3839.580,0,0,0
2023-09-06,3817.520,3817.520,3817.520,3817.520,0,0,0
2023-09-07,3802.230,3802.230,3802.230,3802.230,0,0,0
2023-09-08,3753.260,3753.260,3753.260,3753.260,0,0,0
2023-09-11,3788.320,3788.320,3788.320,3788.320,0,0,0
2023-09-12,3775.090,3775.090,3775.090,3775.090,0,0,0
2023-09-13,3768.820,3768.820,3768.820,3768.820,0,0,0
2023-09-14,3748.820,3748.820,3748.820,3748.820,0,0,0
2023-09-15,3749.020,3749.020,3749.020,3749.020,0,0,0
2023-09-18,3737.530,3737.530,3737.530,3737.530,0,0,0
2023-09-19,3724.070,3724.070,3724.070,3724.070,0,0,0
2023-09-20,3718.520,3718.520,3718.520,3718.520,0,0,0
2023-09-21,3708.460,3708.460,3708.460,3708.460,0,0,0
2023-09-22,3740.420,3740.420,3740.420,3740.420,0,0,0
2023-09-25,3738.060,3738.060,3738.060,3738.060,0,0,0
2023-09-26,3723.850,3723.850,3723.850,3723.850,0,0,0
2023-09-27,3731.140,3731.140,3731.140,3731.140,0,0,0
2023-09-28,3716.060,3716.060,3716.060,3716.060,0,0,0
2023-10-09,3694.170,3694.170,3694.170,3694.170,0,0,0
2023-10-10,3701.260,3701.260,3701.260,3701.260,0,0,0
2023-10-11,3689.530,3689.530,3689.530,3689.530,0,0,0
2023-10-12,3711.500,3711.500,3711.500,3711.500,0,0,0
2023-10-13,3678.190,3678.190,3678.190,3678.190,0,0,0
2023-10-16,3664.040,3664.040,3664.040,3664.040,0,0,0
2023-10-17,3645.570,3645.570,3645.570,3645.570,0,0,0
2023-10-18,3632.060,3632.060,3632.060,3632.060,0,0,0
2023-10-19,3588.520,3588.520,3588.520,3588.520,0,0,0
2023-10-20,3535.660,3535.660,3535.660,3535.660,0,0,0
2023-10-23,3505.350,3505.350,3505.350,3505.350,0,0,0
2023-10-24,3495.000,3495.000,3495.000,3495.000,0,0,0
2023-10-25,3531.830,3531.830,3531.830,3531.830,0,0,0
2023-10-26,3515.570,3515.570,3515.570,3515.570,0,0,0
2023-10-27,3576.590,3576.590,3576.590,3576.590,0,0,0
2023-10-30,3592.720,3592.720,3592.720,3592.720,0,0,0
2023-10-31,3581.680,3581.680,3581.680,3581.680,0,0,0
2023-11-01,3606.410,3606.410,3606.410,3606.410,0,0,0
2023-11-02,3597.170,3597.170,3597.170,3597.170,0,0,0
2023-11-03,3596.100,3596.100,3596.100,3596.100,0,0,0
2023-11-06,3635.790,3635.790,3635.790,3635.790,0,0,0
2023-11-07,3628.460,3628.460,3628.460,3628.460,0,0,0
2023-11-08,3627.050,3627.050,3627.050,3627.050,0,0,0
2023-11-09,3624.410,3624.410,3624.410,3624.410,0,0,0
2023-11-10,3599.450,3599.450,3599.450,3599.450,0,0,0
2023-11-13,3599.390,3599.390,3599.390,3599.390,0,0,0
2023-11-14,3600.150,3600.150,3600.150,3600.150,0,0,0
2023-11-15,3620.600,3620.600,3620.600,3620.600,0,0,0
2023-11-16,3605.290,3605.290,3605.290,3605.290,0,0,0
2023-11-17,3573.680,3573.680,3573.680,3573.680,0,0,0
2023-11-20,3586.970,3586.970,3586.970,3586.970,0,0,0
2023-11-21,3615.060,3615.060,3615.060,3615.060,0,0,0
2023-11-22,3574.380,3574.380,3574.380,3574.380,0,0,0
2023-11-23,3562.070,3562.070,3562.070,3562.070,0,0,0
2023-11-24,3560.650,3560.650,3560.650,3560.650,0,0,0
2023-11-27,3534.440,3534.440,3534.440,3534.440,0,0,0
2023-11-28,3521.050,3521.050,3521.050,3521.050,0,0,0
2023-11-29,3519.200,3519.200,3519.200,3519.200,0,0,0
2023-11-30,3505.130,3505.130,3505.130,3505.130,0,0,0
2023-12-01,3494.220,3494.220,3494.220,3494.220,0,0,0
2023-12-04,3488.130,3488.130,3488.130,3488.130,0,0,0
2023-12-05,3450.090,3450.090,3450.090,3450.090,0,0,0
2023-12-06,3420.280,3420.280,3420.280,3420.280,0,0,0
2023-12-07,3404.410,3404.410,3404.410,3404.410,0,0,0
2023-12-08,3409.380,3409.380,3409.380,3409.380,0,0,0
2023-12-11,3426.610,3426.610,3426.610,3426.610,0,0,0
2023-12-12,3427.550,3427.550,3427.550,3427.550,0,0,0
2023-12-13,3418.640,3418.640,3418.640,3418.640,0,0,0
2023-12-14,3399.140,3399.140,3399.140,3399.140,0,0,0
2023-12-15,3388.500,3388.500,3388.500,3388.500,0,0,0
2023-12-18,3352.350,3352.350,3352.350,3352.350,0,0,0
2023-12-19,3345.780,3345.780,3345.780,3345.780,0,0,0
2023-12-20,3338.540,3338.540,3338.540,3338.540,0,0,0
2023-12-21,3339.360,3339.360,3339.360,3339.360,0,0,0
2023-12-22,3359.060,3359.060,3359.060,3359.060,0,0,0
2023-12-25,3348.880,3348.880,3348.880,3348.880,0,0,0
2023-12-26,3345.420,3345.420,3345.420,3345.420,0,0,0
2023-12-27,3341.270,3341.270,3341.270,3341.270,0,0,0
2023-12-28,3423.400,3423.400,3423.400,3423.400,0,0,0
2023-12-29,3432.540,3432.540,3432.540,3432.540,0,0,0
2024-01-02,3426.270,3426.270,3426.270,3426.270,0,0,0
2024-01-03,3392.850,3392.850,3392.850,3392.850,0,0,0
2024-01-04,3375.020,3375.020,3375.020,3375.020,0,0,0
2024-01-05,3372.540,3372.540,3372.540,3372.540,0,0,0
2024-01-08,3333.520,3333.520,3333.520,3333.520,0,0,0
2024-01-09,3304.600,3304.600,3304.600,3304.600,0,0,0
2024-01-10,3312.920,3312.920,3312.920,3312.920,0,0,0
2024-01-11,3311.110,3311.110,3311.110,3311.110,0,0,0
2024-01-12,3310.470,3310.470,3310.470,3310.470,0,0,0
2024-01-15,3306.920,3306.920,3306.920,3306.920,0,0,0
2024-01-16,3300.880,3300.880,3300.880,3300.880,0,0,0
2024-01-17,3291.140,3291.140,3291.140,3291.140,0,0,0
2024-01-18,3279.250,3279.250,3279.250,3279.250,0,0,0
2024-01-19,3286.940,3286.940,3286.940,3286.940,0,0,0
2024-01-22,3281.420,3281.420,3281.420,3281.420,0,0,0
2024-01-23,3249.530,3249.530,3249.530,3249.530,0,0,0
2024-01-24,3281.490,3281.490,3281.490,3281.490,0,0,0
2024-01-25,3344.240,3344.240,3344.240,3344.240,0,0,0
2024-01-26,3351.970,3351.970,3351.970,3351.970,0,0,0
2024-01-29,3351.370,3351.370,3351.370,3351.370,0,0,0
2024-01-30,3300.200,3300.200,3300.200,3300.200,0,0,0
2024-01-31,3252.150,3252.150,3252.150,3252.150,0,0,0
2024-02-01,3251.760,3251.760,3251.760,3251.760,0,0,0
2024-02-02,3235.410,3235.410,3235.410,3235.410,0,0,0
2024-02-05,3233.850,3233.850,3233.850,3233.850,0,0,0
2024-02-06,3314.510,3314.510,3314.510,3314.510,0,0,0
2024-02-07,3343.630,3343.630,3343.630,3343.630,0,0,0
2024-02-08,3367.210,3367.210,3367.210,3367.210,0,0,0
2024-02-19,3403.810,3403.810,3403.810,3403.810,0,0,0
2024-02-20,3415.890,3415.890,3415.890,3415.890,0,0,0
2024-02-21,3500.130,3500.130,3500.130,3500.130,0,0,0
2024-02-22,3486.680,3486.680,3486.680,3486.680,0,0,0
2024-02-23,3507.560,3507.560,3507.560,3507.560,0,0,0
2024-02-26,3492.610,3492.610,3492.610,3492.610,0,0,0
2024-02-27,3494.790,3494.790,3494.790,3494.790,0,0,0
2024-02-28,3521.660,3521.660,3521.660,3521.660,0,0,0
2024-02-29,3516.080,3516.080,3516.080,3516.080,0,0,0
2024-03-01,3544.360,3544.360,3544.360,3544.360,0,0,0
2024-03-04,3548.690,3548.690,3548.690,3548.690,0,0,0
2024-03-05,3570.690,3570.690,3570.690,3570.690,0,0,0
2024-03-06,3577.390,3577.390,3577.390,3577.390,0,0,0
2024-03-07,3569.920,3569.920,3569.920,3569.920,0,0,0
2024-03-08,3548.510,3548.510,3548.510,3548.510,0,0,0
2024-03-11,3589.260,3589.260,3589.260,3589.260,0,0,0
2024-03-12,3605.700,3605.700,3605.700,3605.700,0,0,0
2024-03-13,3594.420,3594.420,3594.420,3594.420,0,0,0
2024-03-14,3597.460,3597.460,3597.460,3597.460,0,0,0
2024-03-15,3572.810,3572.810,3572.810,3572.810,0,0,0
2024-03-18,3604.050,3604.050,3604.050,3604.050,0,0,0
2024-03-19,3610.740,3610.740,3610.740,3610.740,0,0,0
2024-03-20,3589.550,3589.550,3589.550,3589.550,0,0,0
2024-03-21,3601.110,3601.110,3601.110,3601.110,0,0,0
2024-03-22,3575.720,3575.720,3575.720,3575.720,0,0,0
2024-03-25,3564.960,3564.960,3564.960,3564.960,0,0,0
2024-03-26,3547.650,3547.650,3547.650,3547.650,0,0,0
2024-03-27,3542.960,3542.960,3542.960,3542.960,0,0,0
2024-03-28,3551.210,3551.210,3551.210,3551.210,0,0,0
2024-03-29,3538.240,3538.240,3538.240,3538.240,0,0,0
2024-04-01,3600.920,3600.920,3600.920,3600.920,0,0,0
2024-04-02,3596.190,3596.190,3596.190,3596.190,0,0,0
2024-04-03,3582.430,3582.430,3582.430,3582.430,0,0,0
2024-04-08,3567.820,3567.820,3567.820,3567.820,0,0,0
2024-04-09,3543.710,3543.710,3543.710,3543.710,0,0,0
2024-04-10,3531.230,3531.230,3531.230,3531.230,0,0,0
2024-04-11,3520.590,3520.590,3520.590,3520.590,0,0,0
2024-04-12,3516.700,3516.700,3516.700,3516.700,0,0,0
2024-04-15,3552.410,3552.410,3552.410,3552.410,0,0,0
2024-04-16,3545.500,3545.500,3545.500,3545.500,0,0,0
2024-04-17,3565.940,3565.940,3565.940,3565.940,0,0,0
2024-04-18,3602.790,3602.790,3602.790,3602.790,0,0,0
2024-04-19,3560.950,3560.950,3560.950,3560.950,0,0,0
2024-04-22,3558.160,3558.160,3558.160,3558.160,0,0,0
2024-04-23,3533.760,3533.760,3533.760,3533.760,0,0,0
2024-04-24,3524.540,3524.540,3524.540,3524.540,0,0,0
2024-04-25,3543.970,3543.970,3543.970,3543.970,0,0,0
2024-04-26,3588.400,3588.400,3588.400,3588.400,0,0,0
2024-04-29,3645.820,3645.820,3645.820,3645.820,0,0,0
2024-04-30,3630.710,3630.710,3630.710,3630.710,0,0,0
2024-05-06,3668.260,3668.260,3668.260,3668.260,0,0,0
2024-05-07,3665.680,3665.680,3665.680,3665.680,0,0,0
2024-05-08,3650.940,3650.940,3650.940,3650.940,0,0,0
2024-05-09,3669.760,3669.760,3669.760,3669.760,0,0,0
2024-05-10,3674.610,3674.610,3674.610,3674.610,0,0,0
2024-05-13,3673.620,3673.620,3673.620,3673.620,0,0,0
2024-05-14,3675.780,3675.780,3675.780,3675.780,0,0,0
2024-05-15,3656.530,3656.530,3656.530,3656.530,0,0,0
2024-05-16,3657.480,3657.480,3657.480,3657.480,0,0,0
2024-05-17,3677.970,3677.970,3677.970,3677.970,0,0,0
2024-05-20,3703.030,3703.030,3703.030,3703.030,0,0,0
2024-05-21,3684.610,3684.610,3684.610,3684.610,0,0,0
2024-05-22,3691.880,3691.880,3691.880,3691.880,0,0,0
2024-05-23,3674.370,3674.370,3674.370,3674.370,0,0,0
2024-05-24,3650.870,3650.870,3650.870,3650.870,0,0,0
2024-05-27,3638.150,3638.150,3638.150,3638.150,0,0,0
2024-05-28,3638.970,3638.970,3638.970,3638.970,0,0,0
2024-05-29,3633.200,3633.200,3633.200,3633.200,0,0,0
2024-05-30,3624.040,3624.040,3624.040,3624.040,0,0,0
2024-05-31,3614.640,3614.640,3614.640,3614.640,0,0,0
2024-06-03,3600.600,3600.600,3600.600,3600.600,0,0,0
2024-06-04,3622.500,3622.500,3622.500,3622.500,0,0,0
2024-06-05,3623.320,3623.320,3623.320,3623.320,0,0,0
2024-06-06,3625.010,3625.010,3625.010,3625.010,0,0,0
2024-06-07,3603.070,3603.070,3603.070,3603.070,0,0,0
2024-06-11,3565.310,3565.310,3565.310,3565.310,0,0,0
2024-06-12,3551.170,3551.170,3551.170,3551.170,0,0,0
2024-06-13,3551.080,3551.080,3551.080,3551.080,0,0,0
2024-06-14,3547.150,3547.150,3547.150,3547.150,0,0,0
2024-06-17,3540.790,3540.790,3540.790,3540.790,0,0,0
2024-06-18,3551.710,3551.710,3551.710,3551.710,0,0,0
2024-06-19,3543.360,3543.360,3543.360,3543.360,0,0,0
2024-06-20,3533.990,3533.990,3533.990,3533.990,0,0,0
2024-06-21,3505.510,3505.510,3505.510,3505.510,0,0,0
2024-06-24,3505.780,3505.780,3505.780,3505.780,0,0,0
2024-06-25,3483.220,3483.220,3483.220,3483.220,0,0,0
2024-06-26,3487.400,3487.400,3487.400,3487.400,0,0,0
2024-06-27,3471.140,3471.140,3471.140,3471.140,0,0,0
2024-06-28,3484.680,3484.680,3484.680,3484.680,0,0,0
2024-07-01,3479.950,3479.950,3479.950,3479.950,0,0,0
2024-07-02,3488.320,3488.320,3488.320,3488.320,0,0,0
2024-07-03,3478.700,3478.700,3478.700,3478.700,0,0,0
2024-07-04,3483.310,3483.310,3483.310,3483.310,0,0,0
2024-07-05,3451.040,3451.040,3451.040,3451.040,0,0,0
2024-07-08,3428.040,3428.040,3428.040,3428.040,0,0,0
2024-07-09,3448.930,3448.930,3448.930,3448.930,0,0,0
2024-07-10,3447.510,3447.510,3447.510,3447.510,0,0,0
2024-07-11,3473.980,3473.980,3473.980,3473.980,0,0,0
2024-07-12,3479.100,3479.100,3479.100,3479.100,0,0,0
2024-07-15,3481.460,3481.460,3481.460,3481.460,0,0,0
2024-07-16,3500.290,3500.290,3500.290,3500.290,0,0,0
2024-07-17,3514.480,3514.480,3514.480,3514.480,0,0,0
2024-07-18,3522.800,3522.800,3522.800,3522.800,0,0,0
2024-07-19,3545.340,3545.340,3545.340,3545.340,0,0,0
2024-07-22,3540.190,3540.190,3540.190,3540.190,0,0,0
2024-07-23,3509.790,3509.790,3509.790,3509.790,0,0,0
2024-07-24,3451.420,3451.420,3451.420,3451.420,0,0,0
2024-07-25,3415.860,3415.860,3415.860,3415.860,0,0,0
2024-07-26,3420.820,3420.820,3420.820,3420.820,0,0,0
2024-07-29,3408.500,3408.500,3408.500,3408.500,0,0,0
2024-07-30,3380.690,3380.690,3380.690,3380.690,0,0,0
2024-07-31,3445.000,3445.000,3445.000,3445.000,0,0,0
2024-08-01,3448.340,3448.340,3448.340,3448.340,0,0,0
2024-08-02,3419.100,3419.100,3419.100,3419.100,0,0,0
2024-08-05,3409.030,3409.030,3409.030,3409.030,0,0,0
2024-08-06,3376.800,3376.800,3376.800,3376.800,0,0,0
2024-08-07,3362.380,3362.380,3362.380,3362.380,0,0,0
2024-08-08,3364.790,3364.790,3364.790,3364.790,0,0,0
2024-08-09,3366.670,3366.670,3366.670,3366.670,0,0,0
2024-08-12,3338.080,3338.080,3338.080,3338.080,0,0,0
2024-08-13,3335.010,3335.010,3335.010,3335.010,0,0,0
2024-08-14,3332.790,3332.790,3332.790,3332.790,0,0,0
2024-08-15,3356.760,3356.760,3356.760,3356.760,0,0,0
2024-08-16,3356.910,3356.910,3356.910,3356.910,0,0,0
2024-08-19,3375.960,3375.960,3375.960,3375.960,0,0,0
2024-08-20,3362.330,3362.330,3362.330,3362.330,0,0,0
2024-08-21,3339.440,3339.440,3339.440,3339.440,0,0,0
2024-08-22,3327.700,3327.700,3327.700,3327.700,0,0,0
2024-08-23,3336.240,3336.240,3336.240,3336.240,0,0,0
2024-08-26,3336.530,3336.530,3336.530,3336.530,0,0,0
2024-08-27,3320.570,3320.570,3320.570,3320.570,0,0,0
2024-08-28,3305.350,3305.350,3305.350,3305.350,0,0,0
2024-08-29,3290.790,3290.790,3290.790,3290.790,0,0,0
2024-08-30,3351.630,3351.630,3351.630,3351.630,0,0,0
2024-09-02,3307.760,3307.760,3307.760,3307.760,0,0,0
2024-09-03,3281.590,3281.590,3281.590,3281.590,0,0,0
2024-09-04,3272.990,3272.990,3272.990,3272.990,0,0,0
2024-09-05,3266.880,3266.880,3266.880,3266.880,0,0,0
2024-09-06,3274.810,3274.810,3274.810,3274.810,0,0,0
2024-09-09,3222.930,3222.930,3222.930,3222.930,0,0,0
2024-09-10,3205.100,3205.100,3205.100,3205.100,0,0,0
2024-09-11,3197.340,3197.340,3197.340,3197.340,0,0,0
2024-09-12,3201.550,3201.550,3201.550,3201.550,0,0,0
2024-09-13,3188.910,3188.910,3188.910,3188.910,0,0,0
2024-09-18,3179.900,3179.900,3179.900,3179.900,0,0,0
2024-09-19,3213.840,3213.840,3213.840,3213.840,0,0,0
2024-09-20,3207.990,3207.990,3207.990,3207.990,0,0,0
2024-09-23,3230.160,3230.160,3230.160,3230.160,0,0,0
2024-09-24,3351.970,3351.970,3351.970,3351.970,0,0,0
2024-09-25,3465.490,3465.490,3465.490,3465.490,0,0,0
2024-09-26,3545.320,3545.320,3545.320,3545.320,0,0,0
2024-09-27,3708.500,3708.500,3708.500,3708.500,0,0,0
2024-09-30,4038.700,4038.700,4038.700,4038.700,0,0,0
2024-10-08,4450.370,4450.370,4450.370,4450.370,0,0,0
2024-10-09,4197.600,4197.600,4197.600,4197.600,0,0,0
2024-10-10,4098.500,4098.500,4098.500,4098.500,0,0,0
2024-10-11,3978.240,3978.240,3978.240,3978.240,0,0,0
2024-10-14,3979.540,3979.540,3979.540,3979.540,0,0,0
2024-10-15,3967.870,3967.870,3967.870,3967.870,0,0,0
2024-10-16,3877.750,3877.750,3877.750,3877.750,0,0,0
2024-10-17,3882.070,3882.070,3882.070,3882.070,0,0,0
2024-10-18,3998.210,3998.210,3998.210,3998.210,0,0,0
2024-10-21,3979.260,3979.260,3979.260,3979.260,0,0,0
2024-10-22,3965.910,3965.910,3965.910,3965.910,0,0,0
2024-10-23,4012.180,4012.180,4012.180,4012.180,0,0,0
2024-10-24,3957.980,3957.980,3957.980,3957.980,0,0,0
2024-10-25,3992.890,3992.890,3992.890,3992.890,0,0,0
2024-10-28,3964.160,3964.160,3964.160,3964.160,0,0,0
2024-10-29,3991.310,3991.310,3991.310,3991.310,0,0,0
2024-10-30,3926.060,3926.060,3926.060,3926.060,0,0,0
2024-10-31,3923.900,3923.900,3923.900,3923.900,0,0,0
2024-11-01,3933.220,3933.220,3933.220,3933.220,0,0,0
2024-11-04,3944.760,3944.760,3944.760,3944.760,0,0,0
2024-11-05,4046.700,4046.700,4046.700,4046.700,0,0,0
2024-11-06,4091.700,4091.700,4091.700,4091.700,0,0,0
2024-11-07,4146.150,4146.150,4146.150,4146.150,0,0,0
2024-11-08,4200.910,4200.910,4200.910,4200.910,0,0,0
2024-11-11,4132.510,4132.510,4132.510,4132.510,0,0,0
2024-11-12,4181.710,4181.710,4181.710,4181.710,0,0,0
2024-11-13,4121.070,4121.070,4121.070,4121.070,0,0,0
2024-11-14,4118.170,4118.170,4118.170,4118.170,0,0,0
2024-11-15,4049.070,4049.070,4049.070,4049.070,0,0,0
2024-11-18,4034.060,4034.060,4034.060,4034.060,0,0,0
2024-11-19,3979.150,3979.150,3979.150,3979.150,0,0,0
2024-11-20,4001.080,4001.080,4001.080,4001.080,0,0,0
2024-11-21,3999.570,3999.570,3999.570,3999.570,0,0,0
2024-11-22,3990.260,3990.260,3990.260,3990.260,0,0,0
2024-11-25,3889.710,3889.710,3889.710,3889.710,0,0,0
2024-11-26,3875.230,3875.230,3875.230,3875.230,0,0,0
2024-11-27,3907.160,3907.160,3907.160,3907.160,0,0,0
2024-11-28,3908.390,3908.390,3908.390,3908.390,0,0,0
2024-11-29,3962.700,3962.700,3962.700,3962.700,0,0,0
2024-12-02,3955.130,3955.130,3955.130,3955.130,0,0,0
2024-12-03,3963.950,3963.950,3963.950,3963.950,0,0,0
2024-12-04,3957.370,3957.370,3957.370,3957.370,0,0,0
2024-12-05,3936.340,3936.340,3936.340,3936.340,0,0,0
2024-12-06,3995.120,3995.120,3995.120,3995.120,0,0,0
2024-12-09,3995.510,3995.510,3995.510,3995.510,0,0,0
2024-12-10,4098.380,4098.380,4098.380,4098.380,0,0,0
2024-12-11,4005.330,4005.330,4005.330,4005.330,0,0,0
2024-12-12,4031.740,4031.740,4031.740,4031.740,0,0,0
2024-12-13,4000.990,4000.990,4000.990,4000.990,0,0,0
2024-12-16,3938.760,3938.760,3938.760,3938.760,0,0,0
2024-12-17,3955.950,3955.950,3955.950,3955.950,0,0,0
2024-12-18,3956.140,3956.140,3956.140,3956.140,0,0,0
2024-12-19,3954.350,3954.350,3954.350,3954.350,0,0,0
2024-12-20,3958.630,3958.630,3958.630,3958.630,0,0,0
2024-12-23,3965.850,3965.850,3965.850,3965.850,0,0,0
2024-12-24,3985.860,3985.860,3985.860,3985.860,0,0,0
2024-12-25,4007.760,4007.760,4007.760,4007.760,0,0,0
2024-12-26,3991.530,3991.530,3991.530,3991.530,0,0,0
2024-12-27,4007.130,4007.130,4007.130,4007.130,0,0,0
2024-12-30,4005.780,4005.780,4005.780,4005.780,0,0,0
2024-12-31,4004.350,4004.350,4004.350,4004.350,0,0,0
2025-01-02,3934.200,3934.200,3934.200,3934.200,0,0,0
2025-01-03,3835.940,3835.940,3835.940,3835.940,0,0,0
2025-01-06,3788.850,3788.850,3788.850,3788.850,0,0,0
2025-01-07,3797.600,3797.600,3797.600,3797.600,0,0,0
2025-01-08,3810.740,3810.740,3810.740,3810.740,0,0,0
2025-01-09,3795.260,3795.260,3795.260,3795.260,0,0,0
2025-01-10,3786.810,3786.810,3786.810,3786.810,0,0,0
2025-01-13,3737.890,3737.890,3737.890,3737.890,0,0,0
2025-01-14,3826.640,3826.640,3826.640,3826.640,0,0,0
2025-01-15,3816.830,3816.830,3816.830,3816.830,0,0,0
2025-01-16,3842.950,3842.950,3842.950,3842.950,0,0,0
2025-01-17,3831.640,3831.640,3831.640,3831.640,0,0,0
2025-01-20,3858.670,3858.670,3858.670,3858.670,0,0,0
2025-01-21,3850.910,3850.910,3850.910,3850.910,0,0,0
2025-01-22,3823.940,3823.940,3823.940,3823.940,0,0,0
2025-01-23,3864.260,3864.260,3864.260,3864.260,0,0,0
2025-01-24,3847.600,3847.600,3847.600,3847.600,0,0,0
2025-01-27,3852.000,3852.000,3852.000,3852.000,0,0,0
2025-02-05,3844.700,3844.700,3844.700,3844.700,0,0,0
2025-02-06,3843.490,3843.490,3843.490,3843.490,0,0,0
2025-02-07,3919.350,3919.350,3919.350,3919.350,0,0,0
2025-02-10,3906.370,3906.370,3906.370,3906.370,0,0,0
2025-02-11,3905.160,3905.160,3905.160,3905.160,0,0,0
2025-02-12,3920.720,3920.720,3920.720,3920.720,0,0,0
2025-02-13,3939.200,3939.200,3939.200,3939.200,0,0,0
2025-02-14,3942.040,3942.040,3942.040,3942.040,0,0,0
2025-02-17,3955.900,3955.900,3955.900,3955.900,0,0,0
2025-02-18,3965.420,3965.420,3965.420,3965.420,0,0,0
2025-02-19,3943.670,3943.670,3943.670,3943.670,0,0,0
2025-02-20,3940.680,3940.680,3940.680,3940.680,0,0,0
2025-02-21,3981.050,3981.050,3981.050,3981.050,0,0,0
2025-02-24,3995.950,3995.950,3995.950,3995.950,0,0,0
2025-02-25,3955.430,3955.430,3955.430,3955.430,0,0,0
2025-02-26,3960.330,3960.330,3960.330,3960.330,0,0,0
2025-02-27,3973.930,3973.930,3973.930,3973.930,0,0,0
2025-02-28,3972.480,3972.480,3972.480,3972.480,0,0,0
2025-03-03,3930.000,3930.000,3930.000,3930.000,0,0,0
2025-03-04,3890.420,3890.420,3890.420,3890.420,0,0,0
2025-03-05,3906.420,3906.420,3906.420,3906.420,0,0,0
2025-03-06,3964.490,3964.490,3964.490,3964.490,0,0,0
2025-03-07,3967.070,3967.070,3967.070,3967.070,0,0,0
2025-03-10,3949.140,3949.140,3949.140,3949.140,0,0,0
2025-03-11,3941.420,3941.420,3941.420,3941.420,0,0,0
2025-03-12,3953.610,3953.610,3953.610,3953.610,0,0,0
2025-03-13,3939.290,3939.290,3939.290,3939.290,0,0,0
2025-03-14,4014.160,4014.160,4014.160,4014.160,0,0,0
2025-03-17,4021.730,4021.730,4021.730,4021.730,0,0,0
2025-03-18,4016.870,4016.870,4016.870,4016.870,0,0,0
2025-03-19,4025.300,4025.300,4025.300,4025.300,0,0,0
2025-03-20,4012.040,4012.040,4012.040,4012.040,0,0,0
2025-03-21,3983.150,3983.150,3983.150,3983.150,0,0,0
2025-03-24,3938.180,3938.180,3938.180,3938.180,0,0,0
2025-03-25,3946.360,3946.360,3946.360,3946.360,0,0,0
2025-03-26,3942.030,3942.030,3942.030,3942.030,0,0,0
2025-03-27,3952.990,3952.990,3952.990,3952.990,0,0,0
2025-03-28,3934.230,3934.230,3934.230,3934.230,0,0,0
2025-03-31,3928.450,3928.450,3928.450,3928.450,0,0,0
2025-04-01,3905.260,3905.260,3905.260,3905.260,0,0,0
2025-04-02,3900.490,3900.490,3900.490,3900.490,0,0,0
2025-04-03,3883.700,3883.700,3883.700,3883.700,0,0,0
2025-04-07,3707.780,3707.780,3707.780,3707.780,0,0,0
2025-04-08,3650.760,3650.760,3650.760,3650.760,0,0,0
2025-04-09,3686.790,3686.790,3686.790,3686.790,0,0,0
2025-04-10,3756.140,3756.140,3756.140,3756.140,0,0,0
2025-04-11,3762.370,3762.370,3762.370,3762.370,0,0,0
2025-04-14,3776.630,3776.630,3776.630,3776.630,0,0,0
2025-04-15,3764.490,3764.490,3764.490,3764.490,0,0,0
2025-04-16,3775.170,3775.170,3775.170,3775.170,0,0,0
2025-04-17,3779.130,3779.130,3779.130,3779.130,0,0,0
2025-04-18,3782.040,3782.040,3782.040,3782.040,0,0,0
2025-04-21,3790.180,3790.180,3790.180,3790.180,0,0,0
2025-04-22,3799.230,3799.230,3799.230,3799.230,0,0,0
2025-04-23,3807.950,3807.950,3807.950,3807.950,0,0,0
2025-04-24,3807.260,3807.260,3807.260,3807.260,0,0,0
2025-04-25,3801.580,3801.580,3801.580,3801.580,0,0,0
2025-04-28,3792.010,3792.010,3792.010,3792.010,0,0,0
2025-04-29,3785.320,3785.320,3785.320,3785.320,0,0,0
2025-04-30,3787.560,3787.560,3787.560,3787.560,0,0,0
2025-05-06,3809.090,3809.090,3809.090,3809.090,0,0,0
2025-05-07,3863.680,3863.680,3863.680,3863.680,0,0,0
2025-05-08,3867.330,3867.330,3867.330,3867.330,0,0,0
2025-05-09,3853.660,3853.660,3853.660,3853.660,0,0,0
2025-05-12,3890.730,3890.730,3890.730,3890.730,0,0,0
2025-05-13,3915.590,3915.590,3915.590,3915.590,0,0,0
2025-05-14,3960.520,3960.520,3960.520,3960.520,0,0,0
2025-05-15,3936.470,3936.470,3936.470,3936.470,0,0,0
2025-05-16,3903.850,3903.850,3903.850,3903.850,0,0,0
2025-05-19,3885.590,3885.590,3885.590,3885.590,0,0,0
2025-05-20,3911.470,3911.470,3911.470,3911.470,0,0,0
2025-05-21,3928.630,3928.630,3928.630,3928.630,0,0,0
2025-05-22,3923.020,3923.020,3923.020,3923.020,0,0,0
2025-05-23,3931.550,3931.550,3931.550,3931.550,0,0,0
2025-05-26,3884.540,3884.540,3884.540,3884.540,0,0,0
2025-05-27,3865.430,3865.430,3865.430,3865.430,0,0,0
2025-05-28,3849.740,3849.740,3849.740,3849.740,0,0,0
2025-05-29,3869.790,3869.790,3869.790,3869.790,0,0,0
2025-05-30,3858.610,3858.610,3858.610,3858.610,0,0,0
2025-06-03,3863.300,3863.300,3863.300,3863.300,0,0,0
2025-06-04,3875.860,3875.860,3875.860,3875.860,0,0,0
2025-06-05,3883.130,3883.130,3883.130,3883.130,0,0,0
2025-06-06,3889.460,3889.460,3889.460,3889.460,0,0,0
2025-06-09,3894.650,3894.650,3894.650,3894.650,0,0,0
2025-06-10,3897.460,3897.460,3897.460,3897.460,0,0,0
2025-06-11,3911.610,3911.610,3911.610,3911.610,0,0,0
2025-06-12,3900.040,3900.040,3900.040,3900.040,0,0,0
2025-06-13,3889.160,3889.160,3889.160,3889.160,0,0,0
2025-06-16,3876.170,3876.170,3876.170,3876.170,0,0,0
2025-06-17,3880.420,3880.420,3880.420,3880.420,0,0,0
2025-06-18,3881.350,3881.350,3881.350,3881.350,0,0,0
2025-06-19,3872.940,3872.940,3872.940,3872.940,0,0,0
2025-06-20,3856.480,3856.480,3856.480,3856.480,0,0,0
2025-06-23,3867.590,3867.590,3867.590,3867.590,0,0,0
2025-06-24,3914.160,3914.160,3914.160,3914.160,0,0,0
2025-06-25,3963.040,3963.040,3963.040,3963.040,0,0,0
2025-06-26,3964.480,3964.480,3964.480,3964.480,0,0,0
2025-06-27,3969.260,3969.260,3969.260,3969.260,0,0,0
2025-06-30,3940.360,3940.360,3940.360,3940.360,0,0,0
2025-07-01,3946.250,3946.250,3946.250,3946.250,0,0,0
2025-07-02,3952.140,3952.140,3952.140,3952.140,0,0,0
2025-07-03,3971.620,3971.620,3971.620,3971.620,0,0,0
2025-07-04,4013.850,4013.850,4013.850,4013.850,0,0,0
2025-07-07,3979.750,3979.750,3979.750,3979.750,0,0,0
2025-07-08,4002.270,4002.270,4002.270,4002.270,0,0,0
2025-07-09,4016.740,4016.740,4016.740,4016.740,0,0,0
2025-07-10,4032.980,4032.980,4032.980,4032.980,0,0,0
2025-07-11,4065.940,4065.940,4065.940,4065.940,0,0,0
2025-07-14,4034.920,4034.920,4034.920,4034.920,0,0,0
2025-07-15,4042.660,4042.660,4042.660,4042.660,0,0,0
2025-07-16,4027.860,4027.860,4027.860,4027.860,0,0,0
2025-07-17,4034.590,4034.590,4034.590,4034.590,0,0,0
2025-07-18,4064.640,4064.640,4064.640,4064.640,0,0,0
2025-07-21,4086.120,4086.120,4086.120,4086.120,0,0,0
2025-07-22,4119.200,4119.200,4119.200,4119.200,0,0,0
2025-07-23,4155.680,4155.680,4155.680,4155.680,0,0,0
2025-07-24,4152.430,4152.430,4152.430,4152.430,0,0,0
2025-07-25,4150.500,4150.500,4150.500,4150.500,0,0,0
2025-07-28,4146.120,4146.120,4146.120,4146.120,0,0,0
2025-07-29,4153.330,4153.330,4153.330,4153.330,0,0,0
2025-07-30,4185.210,4185.210,4185.210,4185.210,0,0,0
2025-07-31,4141.820,4141.820,4141.820,4141.820,0,0,0
2025-08-01,4085.350,4085.350,4085.350,4085.350,0,0,0
2025-08-04,4070.700,4070.700,4070.700,4070.700,0,0,0
2025-08-05,4106.300,4106.300,4106.300,4106.300,0,0,0
2025-08-06,4116.710,4116.710,4116.710,4116.710,0,0,0
2025-08-07,4129.740,4129.740,4129.740,4129.740,0,0,0
2025-08-08,4122.210,4122.210,4122.210,4122.210,0,0,0
2025-08-11,4134.250,4134.250,4134.250,4134.250,0,0,0
2025-08-12,4153.290,4153.290,4153.290,4153.290,0,0,0
2025-08-13,4186.750,4186.750,4186.750,4186.750,0,0,0
2025-08-14,4220.310,4220.310,4220.310,4220.310,0,0,0
2025-08-15,4214.730,4214.730,4214.730,4214.730,0,0,0
2025-08-18,4272.960,4272.960,4272.960,4272.960,0,0,0
2025-08-19,4264.230,4264.230,4264.230,4264.230,0,0,0
2025-08-20,4272.150,4272.150,4272.150,4272.150,0,0,0
2025-08-21,4308.450,4308.450,4308.450,4308.450,0,0,0
2025-08-22,4378.390,4378.390,4378.390,4378.390,0,0,0
2025-08-25,4472.650,4472.650,4472.650,4472.650,0,0,0
2025-08-26,4476.800,4476.800,4476.800,4476.800,0,0,0
2025-08-27,4494.910,4494.910,4494.910,4494.910,0,0,0
2025-08-28,4464.800,4464.800,4464.800,4464.800,0,0,0
2025-08-29,4516.840,4516.840,4516.840,4516.840,0,0,0
2025-09-01,4528.130,4528.130,4528.130,4528.130,0,0,0
2025-09-02,4548.890,4548.890,4548.890,4548.890,0,0,0
2025-09-03,4510.730,4510.730,4510.730,4510.730,0,0,0
2025-09-04,4465.500,4465.500,4465.500,4465.500,0,0,0
2025-09-05,4466.560,4466.560,4466.560,4466.560,0,0,0
2025-09-08,4482.760,4482.760,4482.760,4482.760,0,0,0
2025-09-09,4472.090,4472.090,4472.090,4472.090,0,0,0
2025-09-10,4466.630,4466.630,4466.630,4466.630,0,0,0
2025-09-11,4548.030,4548.030,4548.030,4548.030,0,0,0
2025-09-12,4564.670,4564.670,4564.670,4564.670,0,0,0
2025-09-15,4566.910,4566.910,4566.910,4566.910,0,0,0
2025-09-16,4552.420,4552.420,4552.420,4552.420,0,0,0
2025-09-17,4556.030,4556.030,4556.030,4556.030,0,0,0
2025-09-18,4573.830,4573.830,4573.830,4573.830,0,0,0
2025-09-19,4533.090,4533.090,4533.090,4533.090,0,0,0
2025-09-22,4523.870,4523.870,4523.870,4523.870,0,0,0
2025-09-23,4560.730,4560.730,4560.730,4560.730,0,0,0
2025-09-24,4567.490,4567.490,4567.490,4567.490,0,0,0
2025-09-25,4613.950,4613.950,4613.950,4613.950,0,0,0
2025-09-26,4597.850,4597.850,4597.850,4597.850,0,0,0
2025-09-29,4647.570,4647.570,4647.570,4647.570,0,0,0
2025-09-30,4647.500,4647.500,4647.500,4647.500,0,0,0
2025-10-09,4726.340,4726.340,4726.340,4726.340,0,0,0
2025-10-10,4692.590,4692.590,4692.590,4692.590,0,0,0
2025-10-13,4601.810,4601.810,4601.810,4601.810,0,0,0
2025-10-14,4641.450,4641.450,4641.450,4641.450,0,0,0
2025-10-15,4608.820,4608.820,4608.820,4608.820,0,0,0
2025-10-16,4645.100,4645.100,4645.100,4645.100,0,0,0
2025-10-17,4618.560,4618.560,4618.560,4618.560,0,0,0
2025-10-20,4570.440,4570.440,4570.440,4570.440,0,0,0
2025-10-21,4615.460,4615.460,4615.460,4615.460,0,0,0
2025-10-22,4603.490,4603.490,4603.490,4603.490,0,0,0
2025-10-23,4611.340,4611.340,4611.340,4611.340,0,0,0
2025-10-24,4660.680,4660.680,4660.680,4660.680,0,0,0
2025-10-27,4720.430,4720.430,4720.430,4720.430,0,0,0
2025-10-28,4734.320,4734.320,4734.320,4734.320,0,0,0
2025-10-29,4747.840,4747.840,4747.840,4747.840,0,0,0
2025-10-30,4761.830,4761.830,4761.830,4761.830,0,0,0
2025-10-31,4706.140,4706.140,4706.140,4706.140,0,0,0
2025-11-03,4653.400,4653.400,4653.400,4653.400,0,0,0
2025-11-04,4665.320,4665.320,4665.320,4665.320,0,0,0
2025-11-05,4642.610,4642.610,4642.610,4642.610,0,0,0
2025-11-06,4698.090,4698.090,4698.090,4698.090,0,0,0
2025-11-07,4701.370,4701.370,4701.370,4701.370,0,0,0
2025-11-10,4695.180,4695.180,4695.180,4695.180,0,0,0
2025-11-11,4707.130,4707.130,4707.130,4707.130,0,0,0
2025-11-12,4669.610,4669.610,4669.610,4669.610,0,0,0
2025-11-13,4703.490,4703.490,4703.490,4703.490,0,0,0
2025-11-14,4684.260,4684.260,4684.260,4684.260,0,0,0
2025-11-17,4624.900,4624.900,4624.900,4624.900,0,0,0
2025-11-18,4606.620,4606.620,4606.620,4606.620,0,0,0
2025-11-19,4607.860,4607.860,4607.860,4607.860,0,0,0
2025-11-20,4620.650,4620.650,4620.650,4620.650,0,0,0
2025-11-21,4527.040,4527.040,4527.040,4527.040,0,0,0
2025-11-24,4478.810,4478.810,4478.810,4478.810,0,0,0
2025-11-25,4510.770,4510.770,4510.770,4510.770,0,0,0
2025-11-26,4538.140,4538.140,4538.140,4538.140,0,0,0
2025-11-27,4559.220,4559.220,4559.220,4559.220,0,0,0
2025-11-28,4531.720,4531.720,4531.720,4531.720,0,0,0
2025-12-01,4576.970,4576.970,4576.970,4576.970,0,0,0
2025-12-02,4575.490,4575.490,4575.490,4575.490,0,0,0
2025-12-03,4569.820,4569.820,4569.820,4569.820,0,0,0
2025-12-04,4557.420,4557.420,4557.420,4557.420,0,0,0
2025-12-05,4593.830,4593.830,4593.830,4593.830,0,0,0
2025-12-08,4640.630,4640.630,4640.630,4640.630,0,0,0
2025-12-09,4628.700,4628.700,4628.700,4628.700,0,0,0
2025-12-10,4598.540,4598.540,4598.540,4598.540,0,0,0
2025-12-11,4610.280,4610.280,4610.280,4610.280,0,0,0
2025-12-12,4583.680,4583.680,4583.680,4583.680,0,0,0
2025-12-15,4595.050,4595.050,4595.050,4595.050,0,0,0
2025-12-16,4553.080,4553.080,4553.080,4553.080,0,0,0
2025-12-17,4594.660,4594.660,4594.660,4594.660,0,0,0
2025-12-18,4571.970,4571.970,4571.970,4571.970,0,0,0
2025-12-19,4591.090,4591.090,4591.090,4591.090,0,0,0
2025-12-22,4615.870,4615.870,4615.870,4615.870,0,0,0
2025-12-23,4644.530,4644.530,4644.530,4644.530,0,0,0
2025-12-24,4639.430,4639.430,4639.430,4639.430,0,0,0
2025-12-25,4651.150,4651.150,4651.150,4651.150,0,0,0
2025-12-26,4676.130,4676.130,4676.130,4676.130,0,0,0
2025-12-29,4672.040,4672.040,4672.040,4672.040,0,0,0
2025-12-30,4664.330,4664.330,4664.330,4664.330,0,0,0
2025-12-31,4667.050,4667.050,4667.050,4667.050,0,0,0
2026-01-05,4721.640,4721.640,4721.640,4721.640,0,0,0
2026-01-06,4790.690,4790.690,4790.690,4790.690,0,0,0
2026-01-07,4802.600,4802.600,4802.600,4802.600,0,0,0
2026-01-08,4765.490,4765.490,4765.490,4765.490,0,0,0
2026-01-09,4771.430,4771.430,4771.430,4771.430,0,0,0
2026-01-12,4795.930,4795.930,4795.930,4795.930,0,0,0
2026-01-13,4836.950,4836.950,4836.950,4836.950,0,0,0
2026-01-14,4818.100,4818.100,4818.100,4818.100,0,0,0
2026-01-15,4769.550,4769.550,4769.550,4769.550,0,0,0
2026-01-16,4792.550,4792.550,4792.550,4792.550,0,0,0
2026-01-19,4761.630,4761.630,4761.630,4761.630,0,0,0
2026-01-20,4748.230,4748.230,4748.230,4748.230,0,0,0
2026-01-21,4758.280,4758.280,4758.280,4758.280,0,0,0
2026-01-22,4757.760,4757.760,4757.760,4757.760,0,0,0
2026-01-23,4734.790,4734.790,4734.790,4734.790,0,0,0
2026-01-26,4754.180,4754.180,4754.180,4754.180,0,0,0
2026-01-27,4736.990,4736.990,4736.990,4736.990,0,0,0
2026-01-28,4739.630,4739.630,4739.630,4739.630,0,0,0
2026-01-29,4770.960,4770.960,4770.960,4770.960,0,0,0
2026-01-30,4738.870,4738.870,4738.870,4738.870,0,0,0
2026-02-02,4716.610,4716.610,4716.610,4716.610,0,0,0
2026-02-03,4662.130,4662.130,4662.130,4662.130,0,0,0
2026-02-04,4701.480,4701.480,4701.480,4701.480,0,0,0
2026-02-05,4687.020,4687.020,4687.020,4687.020,0,0,0
2026-02-06,4678.260,4678.260,4678.260,4678.260,0,0,0
2026-02-09,4719.960,4719.960,4719.960,4719.960,0,0,0
2026-02-10,4732.090,4732.090,4732.090,4732.090,0,0,0
2026-02-11,4723.700,4723.700,4723.700,4723.700,0,0,0
2026-02-12,4726.040,4726.040,4726.040,4726.040,0,0,0
2026-02-13,4703.630,4703.630,4703.630,4703.630,0,0,0
2026-02-24,4727.370,4727.370,4727.370,4727.370,0,0,0
2026-02-25,4766.560,4766.560,4766.560,4766.560,0,0,0
2026-02-26,4742.150,4742.150,4742.150,4742.150,0,0,0
2026-02-27,4721.010,4721.010,4721.010,4721.010,0,0,0
2026-03-02,4735.410,4735.410,4735.410,4735.410,0,0,0
2026-03-03,4744.600,4744.600,4744.600,4744.600,0,0,0
2026-03-04,4639.420,4639.420,4639.420,4639.420,0,0,0
2026-03-05,4671.530,4671.530,4671.530,4671.530,0,0,0
2026-03-06,4671.710,4671.710,4671.710,4671.710,0,0,0
2026-03-09,4625.980,4625.980,4625.980,4625.980,0,0,0
2026-03-10,4677.600,4677.600,4677.600,4677.600,0,0,0
2026-03-11,4711.870,4711.870,4711.870,4711.870,0,0,0
2026-03-12,4704.380,4704.380,4704.380,4704.380,0,0,0
2026-03-13,4707.420,4707.420,4707.420,4707.420,0,0,0
2026-03-16,4673.690,4673.690,4673.690,4673.690,0,0,0
2026-03-17,4720.860,4720.860,4720.860,4720.860,0,0,0
2026-03-18,4662.290,4662.290,4662.290,4662.290,0,0,0
2026-03-19,4634.550,4634.550,4634.550,4634.550,0,0,0
2026-03-20,4628.710,4628.710,4628.710,4628.710,0,0,0
2026-03-23,4514.720,4514.720,4514.720,4514.720,0,0,0
2026-03-24,4474.830,4474.830,4474.830,4474.830,0,0,0
2026-03-25,4542.180,4542.180,4542.180,4542.180,0,0,0
2026-03-26,4541.050,4541.050,4541.050,4541.050,0,0,0
2026-03-27,4519.890,4519.890,4519.890,4519.890,0,0,0
2026-03-30,4496.410,4496.410,4496.410,4496.410,0,0,0
2026-03-31,4523.170,4523.170,4523.170,4523.170,0,0,0
2026-04-01,4532.110,4532.110,4532.110,4532.110,0,0,0
2026-04-02,4519.690,4519.690,4519.690,4519.690,0,0,0
2026-04-03,4494.460,4494.460,4494.460,4494.460,0,0,0
2026-04-07,4458.930,4458.930,4458.930,4458.930,0,0,0
2026-04-08,4595.560,4595.560,4595.560,4595.560,0,0,0
2026-04-09,4579.200,4579.200,4579.200,4579.200,0,0,0
2026-04-10,4655.100,4655.100,4655.100,4655.100,0,0,0
2026-04-13,4653.400,4653.400,4653.400,4653.400,0,0,0
2026-04-14,4701.280,4701.280,4701.280,4701.280,0,0,0
2026-04-15,4731.270,4731.270,4731.270,4731.270,0,0,0
2026-04-16,4739.220,4739.220,4739.220,4739.220,0,0,0
2026-04-17,4738.320,4738.320,4738.320,4738.320,0,0,0
2026-04-20,4763.040,4763.040,4763.040,4763.040,0,0,0
2026-04-21,4776.830,4776.830,4776.830,4776.830,0,0,0
2026-04-22,4801.450,4801.450,4801.450,4801.450,0,0,0
2026-04-23,4823.470,4823.470,4823.470,4823.470,0,0,0
2026-04-24,4786.440,4786.440,4786.440,4786.440,0,0,0
2026-04-27,4795.170,4795.170,4795.170,4795.170,0,0,0
2026-04-28,4778.190,4778.190,4778.190,4778.190,0,0,0
2026-04-29,4813.610,4813.610,4813.610,4813.610,0,0,0
2026-04-30,4829.270,4829.270,4829.270,4829.270,0,0,0
2026-05-06,4892.800,4892.800,4892.800,4892.800,0,0,0
2026-05-07,4901.860,4901.860,4901.860,4901.860,0,0,0
2026-05-08,4887.210,4887.210,4887.210,4887.210,0,0,0
2026-05-11,4960.400,4960.400,4960.400,4960.400,0,0,0
2026-05-12,4971.300,4971.300,4971.300,4971.300,0,0,0
2026-05-13,5001.120,5001.120,5001.120,5001.120,0,0,0
2026-05-14,5030.520,5030.520,5030.520,5030.520,0,0,0
2026-05-15,4935.620,4935.620,4935.620,4935.620,0,0,0
2026-05-18,4868.600,4868.600,4868.600,4868.600,0,0,0
2026-05-19,4854.520,4854.520,4854.520,4854.520,0,0,0
2026-05-20,4866.210,4866.210,4866.210,4866.210,0,0,0
2026-05-21,4937.930,4937.930,4937.930,4937.930,0,0,0
2026-05-22,4851.350,4851.350,4851.350,4851.350,0,0,0
2026-05-25,4922.440,4922.440,4922.440,4922.440,0,0,0
2026-05-26,4952.740,4952.740,4952.740,4952.740,0,0,0
2026-05-27,4974.210,4974.210,4974.210,4974.210,0,0,0
2026-05-28,4922.330,4922.330,4922.330,4922.330,0,0,0
2026-05-29,4954.070,4954.070,4954.070,4954.070,0,0,0
2026-06-01,4918.790,4918.790,4918.790,4918.790,0,0,0
2026-06-02,4930.280,4930.280,4930.280,4930.280,0,0,0
2026-06-03,4991.850,4991.850,4991.850,4991.850,0,0,0
2026-06-04,4938.780,4938.780,4938.780,4938.780,0,0,0
2026-06-05,4924.340,4924.340,4924.340,4924.340,0,0,0
2026-06-08,4779.860,4779.860,4779.860,4779.860,0,0,0
2026-06-09,4802.500,4802.500,4802.500,4802.500,0,0,0
2026-06-10,4786.520,4786.520,4786.520,4786.520,0,0,0
2026-06-11,4766.170,4766.170,4766.170,4766.170,0,0,0
2026-06-12,4809.860,4809.860,4809.860,4809.860,0,0,0
2026-06-15,4892.550,4892.550,4892.550,4892.550,0,0,0
2026-06-16,4908.280,4908.280,4908.280,4908.280,0,0,0
2026-06-17,4933.930,4933.930,4933.930,4933.930,0,0,0
2026-06-18,4976.890,4976.890,4976.890,4976.890,0,0,0
2026-06-22,5061.510,5061.510,5061.510,5061.510,0,0,0
2026-06-23,5064.270,5064.270,5064.270,5064.270,0,0,0
2026-06-24,4953.230,4953.230,4953.230,4953.230,0,0,0
2026-06-25,5032.000,5032.000,5032.000,5032.000,0,0,0
2026-06-26,4981.980,4981.980,4981.980,4981.980,0,0,0
2026-06-29,4928.600,4928.600,4928.600,4928.600,0,0,0
2026-06-30,4987.560,4987.560,4987.560,4987.560,0,0,0
2026-07-01,5017.380,5017.380,5017.380,5017.380,0,0,0
2026-07-02,4896.990,4896.990,4896.990,4896.990,0,0,0
2026-07-03,4890.970,4890.970,4890.970,4890.970,0,0,0
2026-07-06,4878.320,4878.320,4878.320,4878.320,0,0,0
2026-07-07,4839.510,4839.510,4839.510,4839.510,0,0,0
2026-07-08,4830.050,4830.050,4830.050,4830.050,0,0,0
2026-07-09,4882.850,4882.850,4882.850,4882.850,0,0,0
2026-07-10,4906.490,4906.490,4906.490,4906.490,0,0,0
2026-07-13,4775.240,4775.240,4775.240,4775.240,0,0,0
2026-07-14,4796.500,4796.500,4796.500,4796.500,0,0,0
2026-07-15,4826.860,4826.860,4826.860,4826.860,0,0,0
2026-07-16,4771.060,4771.060,4771.060,4771.060,0,0,0
2026-07-17,4663.530,4663.530,4663.530,4663.530,0,0,0
2026-07-20,4628.800,4628.800,4628.800,4628.800,0,0,0
2026-07-21,4739.230,4739.230,4739.230,4739.230,0,0,0
2026-07-22,4772.080,4772.080,4772.080,4772.080,0,0,0
2026-07-23,4737.510,4737.510,4737.510,4737.510,0,0,0
2026-07-24,4704.080,4704.080,4704.080,4704.080,0,0,0
2026-07-27,4702.520,4702.520,4702.520,4702.520,0,0,0
2026-07-28,4646.490,4646.490,4646.490,4646.490,0,0,0
2026-07-29,4626.710,4626.710,4626.710,4626.710,0,0,0
2026-07-30,4596.210,4596.210,4596.210,4596.210,0,0,0
2026-07-31,4635.590,4635.590,4635.590,4635.590,0,0,0
2026-08-03,4572.590,4572.590,4572.590,4572.590,0,0,0
2026-08-04,4613.690,4613.690,4613.690,4613.690,0,0,0
2026-08-05,4679.860,4679.860,4679.860,4679.860,0,0,0
2026-08-06,4675.650,4675.650,4675.650,4675.650,0,0,0
2026-08-07,4706.730,4706.730,4706.730,4706.730,0,0,0
2026-08-10,4714.460,4714.460,4714.460,4714.460,0,0,0
2026-08-11,4715.880,4715.880,4715.880,4715.880,0,0,0
2026-08-12,4700.430,4700.430,4700.430,4700.430,0,0,0
2026-08-13,4727.230,4727.230,4727.230,4727.230,0,0,0
2026-08-14,4676.710,4676.710,4676.710,4676.710,0,0,0
2026-08-17,4742.400,4742.400,4742.400,4742.400,0,0,0
2026-08-18,4744.010,4744.010,4744.010,4744.010,0,0,0
2026-08-19,4674.380,4674.380,4674.380,4674.380,0,0,0
2026-08-20,4631.130,4631.130,4631.130,4631.130,0,0,0
2026-08-21,4629.000,4629.000,4629.000,4629.000,0,0,0
2026-08-24,4621.390,4621.390,4621.390,4621.390,0,0,0
2026-08-25,4573.380,4573.380,4573.380,4573.380,0,0,0
2026-08-26,4612.040,4612.040,4612.040,4612.040,0,0,0
2026-08-27,4631.350,4631.350,4631.350,4631.350,0,0,0
2026-08-28,4643.340,4643.340,4643.340,4643.340,0,0,0
2026-08-31,4625.090,4625.090,4625.090,4625.090,0,0,0
2026-09-01,4640.080,4640.080,4640.080,4640.080,0,0,0
2026-09-02,4583.270,4583.270,4583.270,4583.270,0,0,0
2026-09-03,4585.990,4585.990,4585.990,4585.990,0,0,0
2026-09-04,4602.200,4602.200,4602.200,4602.200,0,0,0
2026-09-07,4580.700,4580.700,4580.700,4580.700,0,0,0
2026-09-08,4587.730,4587.730,4587.730,4587.730,0,0,0
2026-09-09,4581.900,4581.900,4581.900,4581.900,0,0,0
2026-09-10,4569.830,4569.830,4569.830,4569.830,0,0,0
2026-09-11,4520.170,4520.170,4520.170,4520.170,0,0,0
2026-09-14,4504.490,4504.490,4504.490,4504.490,0,0,0
2026-09-15,4496.960,4496.960,4496.960,4496.960,0,0,0
2026-09-16,4483.360,4483.360,4483.360,4483.360,0,0,0
2026-09-17,4495.830,4495.830,4495.830,4495.830,0,0,0
2026-09-18,4523.090,4523.090,4523.090,4523.090,0,0,0
2026-09-21,4540.550,4540.550,4540.550,4540.550,0,0,0
2026-09-22,4583.380,4583.380,4583.380,4583.380,0,0,0
2026-09-23,4547.690,4547.690,4547.690,4547.690,0,0,0
2026-09-24,4500.200,4500.200,4500.200,4500.200,0,0,0
2026-09-28,4423.820,4423.820,4423.820,4423.820,0,0,0
2026-09-29,4359.300,4359.300,4359.300,4359.300,0,0,0
2026-09-30,4368.610,4368.610,4368.610,4368.610,0,0,0
